ResponseName,ReleaseDate,Metacritic,RecommendationCount,IsFree,GenreIsNonGame,GenreIsIndie,GenreIsAction,GenreIsAdventure,GenreIsCasual,GenreIsStrategy,GenreIsRPG,GenreIsSimulation,GenreIsEarlyAccess,GenreIsFreeToPlay,GenreIsSports,GenreIsRacing,GenreIsMassivelyMultiplayer,PriceInitial
Counter-Strike,Nov 1 2000,88,68991,False,False,False,True,False,False,False,False,False,False,False,False,False,False,9.99
Day of Defeat,May 1 2003,79,2319,False,False,False,True,False,False,False,False,False,False,False,False,False,False,4.99
Half-Life,Nov 8 1998,96,12486,False,False,False,True,False,False,False,False,False,False,False,False,False,False,9.99
Counter-Strike: Condition Zero,Mar 1 2004,65,7067,False,False,False,True,False,False,False,False,False,False,False,False,False,False,9.99
Counter-Strike: Condition Zero,Mar 1 2004,65,7067,False,False,False,True,False,False,False,False,False,False,False,False,False,False,9.99
Half-Life: Blue Shift,Jun 1 2001,71,2219,False,False,False,True,False,False,False,False,False,False,False,False,False,False,4.99
Half-Life 2,Nov 16 2004,96,35792,False,False,False,True,False,False,False,False,False,False,False,False,False,False,9.99
Counter-Strike: Source,Nov 1 2004,88,53931,False,False,False,True,False,False,False,False,False,False,False,False,False,False,19.99
Day of Defeat: Source,Jul 12 2010,80,7185,False,False,False,True,False,False,False,False,False,False,False,False,False,False,9.99
Half-Life 2: Episode One,Jun 1 2006,87,4437,False,False,False,True,False,False,False,False,False,False,False,False,False,False,7.99
Portal,Oct 10 2007,90,27535,False,False,False,True,False,False,False,False,False,False,False,False,False,False,9.99
Half-Life 2: Episode Two,Oct 10 2007,90,6104,False,False,False,True,False,False,False,False,False,False,False,False,False,False,7.99
Team Fortress 2,Oct 10 2007,92,383949,True,False,False,True,False,False,False,False,False,False,True,False,False,False,0.0
Left 4 Dead,Nov 17 2008,89,9980,False,False,False,True,False,False,False,False,False,False,False,False,False,False,19.99
Left 4 Dead 2,Nov 16 2009,89,140726,False,False,False,True,False,False,False,False,False,False,False,False,False,False,19.99
Dota 2,Jul 9 2013,90,590480,True,False,False,True,False,False,True,False,False,False,True,False,False,False,0.0
Portal 2,Apr 18 2011,95,73128,False,False,False,True,True,False,False,False,False,False,False,False,False,False,19.99
Alien Swarm,Jul 19 2010,77,14625,True,False,False,True,False,False,False,False,False,False,False,False,False,False,0.0
Portal 2,Apr 18 2011,95,73128,False,False,False,True,True,False,False,False,False,False,False,False,False,False,19.99
Counter-Strike: Global Offensive,Aug 21 2012,83,1427633,False,False,False,True,False,False,False,False,False,False,False,False,False,False,14.99
Rag Doll Kung Fu,Oct 12 2005,69,0,False,False,True,False,False,False,False,False,False,False,False,False,False,False,9.99
Red Orchestra: Ostfront 41-45,Mar 14 2006,81,1220,False,False,False,True,False,False,False,False,False,False,False,False,False,False,9.99
Killing Floor,May 14 2009,72,44364,False,False,False,True,False,False,False,False,False,False,False,False,False,False,19.99
SiN Episodes: Emergence,May 10 2006,75,385,False,False,False,True,False,False,False,False,False,False,False,False,False,False,9.99
SiN Episodes: Emergence,May 10 2006,75,385,False,False,False,True,False,False,False,False,False,False,False,False,False,False,9.99
SiN Episodes: Emergence,May 10 2006,75,385,False,False,False,True,False,False,False,False,False,False,False,False,False,False,9.99
Darwinia,Jul 14 2005,84,444,False,False,True,False,False,False,True,False,False,False,False,False,False,False,9.99
Uplink,Aug 23 2006,75,1240,False,False,True,False,False,False,True,False,False,False,False,False,False,False,9.99
DEFCON,Sep 29 2006,84,1655,False,False,True,False,False,False,True,False,False,False,False,False,False,False,9.99
Multiwinia,Sep 19 2008,76,340,False,False,True,False,False,False,False,False,False,False,False,False,False,False,9.99
Dangerous Waters,Feb 7 2006,82,112,False,False,False,False,False,False,True,False,False,False,False,False,False,False,14.99
Space Empires IV Deluxe,Feb 7 2006,79,0,False,False,False,False,False,False,True,False,False,False,False,False,False,False,9.99
Disciples II: Rise of the Elves,Jul 6 2006,80,299,False,False,False,False,False,False,True,False,False,False,False,False,False,False,6.49
Disciples II: Galleans Return,Jul 6 2006,84,400,False,False,False,False,False,False,True,False,False,False,False,False,False,False,6.49
Iron Warriors: T - 72 Tank Command,Jul 26 2006,56,210,False,False,False,False,False,False,True,False,False,False,False,False,False,False,4.99
Space Empires V,Oct 16 2006,68,204,False,False,False,False,False,False,True,False,False,False,False,False,False,False,14.99
Arx Fatalis,Apr 3 2007,77,389,False,False,False,False,False,False,False,True,False,False,False,False,False,False,4.99
Earth 2160,Apr 1 2006,73,412,False,False,False,False,False,False,True,False,False,False,False,False,False,False,4.99
Two Worlds Epic Edition,Apr 30 2009,65,2399,False,False,False,False,False,False,False,True,False,False,False,False,False,False,9.99
Dark Messiah of Might & Magic,Oct 25 2006,72,2776,False,False,False,True,False,False,False,True,False,False,False,False,False,False,9.99
Dark Messiah of Might & Magic,Oct 25 2006,72,2776,False,False,False,True,False,False,False,True,False,False,False,False,False,False,9.99
Quake IV,Aug 4 2011,81,509,False,False,False,True,False,False,False,False,False,False,False,False,False,False,14.99
DOOM II,Aug 3 2007,83,1279,False,False,False,True,False,False,False,False,False,False,False,False,False,False,4.99
QUAKE,Aug 3 2007,94,1266,False,False,False,True,False,False,False,False,False,False,False,False,False,False,4.99
QUAKE III: Team Arena,Aug 3 2007,69,0,False,False,False,True,False,False,False,False,False,False,False,False,False,False,14.99
The Ship: Murder Party,Jul 11 2006,76,5026,True,False,True,True,False,False,False,True,False,False,False,False,False,False,9.99
Bloody Good Time,Oct 29 2010,73,716,False,False,False,True,False,False,False,False,False,False,False,False,False,False,4.99
Shadowgrounds,May 8 2006,74,973,False,False,False,True,False,False,False,False,False,False,False,False,False,False,6.99
Gumboy - Crazy Adventures(tm),Dec 19 2006,69,0,True,False,True,False,False,True,False,False,False,False,False,False,False,False,4.99
Gumboy - Crazy Adventures(tm),Dec 19 2006,69,0,True,False,True,False,False,True,False,False,False,False,False,False,False,False,4.99
Vigil: Blood Bitterness(tm),Jun 29 2007,61,129,True,False,True,False,False,False,False,True,False,False,False,False,False,False,0.0
Alpha Prime,Nov 7 2007,59,984,False,False,False,True,False,False,False,False,False,False,False,False,False,False,4.99
Vampire: The Masquerade - Bloodlines,Mar 22 2007,80,3983,False,False,False,True,False,False,False,False,False,False,False,False,False,False,19.99
GUN(tm),Oct 13 2006,76,351,False,False,False,True,False,False,False,False,False,False,False,False,False,False,19.99
Call of Duty(r),Oct 13 2006,91,851,False,False,False,True,False,False,False,False,False,False,False,False,False,False,19.99
Call of Duty(r) 2,Oct 13 2006,86,1307,False,False,False,True,False,False,False,False,False,False,False,False,False,False,19.99
Call of Duty: United Offensive,Oct 13 2006,87,318,False,False,False,True,False,False,False,False,False,False,False,False,False,False,19.99
RollerCoaster Tycoon(r) 3: Platinum,Mar 12 2008,81,2579,False,False,False,False,False,False,True,False,True,False,False,False,False,False,19.99
Act of War: Direct Action,Mar 12 2008,82,109,False,False,False,True,False,False,False,False,False,False,False,False,False,False,2.99
ARMA: Combat Operations,Mar 12 2008,74,181,False,False,False,True,False,False,False,False,False,False,False,False,False,False,7.99
X2: The Threat,Jul 21 2006,72,183,False,False,False,False,False,False,True,False,False,False,False,False,False,False,4.99
X3: Reunion,Jul 21 2006,71,280,False,False,False,False,False,False,True,False,False,False,False,False,False,False,9.99
X3: Terran Conflict,Oct 16 2008,73,1262,False,False,False,True,False,False,True,False,True,False,False,False,False,False,15.99
X: Beyond the Frontier,Oct 8 2010,67,136,False,False,False,False,False,False,True,False,True,False,False,False,False,False,4.99
X Rebirth,Nov 15 2013,33,5637,False,False,False,True,False,False,False,False,True,False,False,False,False,False,29.99
Sub Command,Oct 26 2006,84,0,False,False,False,False,False,False,True,False,False,False,False,False,False,False,9.99
FlatOut 2(tm),Dec 21 2006,76,2870,False,False,False,False,False,False,False,False,False,False,False,False,True,False,9.99
Xpand Rally,Aug 24 2006,82,116,False,False,False,False,False,False,False,False,False,False,False,False,True,False,4.99
Call of Juarez(tm),Nov 8 2007,72,501,False,False,False,True,False,False,False,False,False,False,False,False,False,False,9.99
Men of War: Red Tide,Nov 1 2009,77,228,False,False,False,False,False,False,True,False,False,False,False,False,False,False,4.99
Kings Bounty: Armored Princess,Nov 19 2009,82,308,False,False,False,False,False,False,True,True,False,False,False,False,False,False,9.99
Painkiller: Black Edition,Jan 24 2007,81,0,False,False,False,True,False,False,False,False,False,False,False,False,False,False,9.99
Genesis Rising,Aug 6 2007,57,103,False,False,False,False,False,False,True,False,False,False,False,False,False,False,4.99
Safecracker: The Ultimate Puzzle Adventure,Aug 29 2007,69,321,False,False,False,False,True,True,False,False,False,False,False,False,False,False,4.99
Painkiller Overdose,Oct 30 2007,65,374,False,False,False,True,False,False,False,False,False,False,False,False,False,False,4.99
Peggle(tm) Nights,Oct 15 2008,76,248,False,False,False,False,False,True,False,False,False,False,False,False,False,False,4.99
Bejeweled Twist,Nov 18 2008,78,0,False,False,False,False,False,True,True,False,False,False,False,False,False,False,4.99
Plants vs. Zombies GOTY Edition,May 5 2009,87,6207,False,False,False,False,False,False,True,False,False,False,False,False,False,False,4.99
Zumas Revenge!,Sep 15 2009,78,225,False,False,False,True,False,True,False,False,False,False,False,False,False,False,4.99
Sniper Elite,Jul 16 2009,76,866,False,False,False,True,False,False,False,False,False,False,False,False,False,False,9.99
Judge Dredd: Dredd vs. Death,Mar 26 2009,55,425,False,False,False,True,False,False,False,False,False,False,False,False,False,False,7.99
Evil Genius,Jun 22 2009,75,1195,False,False,False,False,False,False,True,False,False,False,False,False,False,False,9.99
Advent Rising,Sep 14 2006,70,226,False,False,False,True,False,False,False,False,False,False,False,False,False,False,9.99
BloodRayne,Sep 14 2006,65,307,False,False,False,True,False,False,False,False,False,False,False,False,False,False,9.99
BloodRayne 2,Sep 14 2006,67,224,False,False,False,True,False,False,False,False,False,False,False,False,False,False,9.99
Psychonauts,Oct 11 2006,87,5130,False,False,False,True,False,False,False,False,False,False,False,False,False,False,9.99
Sid Meiers Civilization(r) IV,Oct 25 2006,94,887,False,False,False,False,False,False,True,False,False,False,False,False,False,False,19.99
Sid Meiers Civilization(r) III Complete,Oct 25 2006,90,1328,False,False,False,False,False,False,True,False,False,False,False,False,False,False,4.99
Sid Meiers Pirates!,Jul 11 2005,88,1641,False,False,False,False,False,False,False,True,False,False,False,False,False,False,9.99
Shattered Union,Oct 25 2006,67,0,False,False,False,False,False,False,True,False,False,False,False,False,False,False,4.99
CivCity: Rome,Apr 6 2007,67,143,False,False,False,False,False,False,True,False,False,False,False,False,False,False,9.99
Civilization IV(r): Warlords,Apr 6 2007,84,0,False,False,False,False,False,False,True,False,False,False,False,False,False,False,4.99
RoboBlitz,Nov 7 2006,80,0,False,False,True,True,False,False,False,False,False,False,False,False,False,False,9.99
Silverfall,Mar 20 2007,62,0,False,False,False,False,False,False,False,True,False,False,False,False,False,False,9.99
S.T.A.L.K.E.R.: Shadow of Chernobyl,Mar 20 2007,82,4657,False,False,False,True,False,False,False,True,False,False,False,False,False,False,19.99
Full Spectrum Warrior,Jul 17 2007,80,104,False,False,False,True,False,False,True,False,False,False,False,False,False,False,9.99
Full Spectrum Warrior: Ten Hammers,Jul 17 2007,70,0,False,False,False,True,False,False,True,False,False,False,False,False,False,False,9.99
Titan Quest,Jun 26 2007,77,2218,False,False,False,True,False,False,False,True,False,False,False,False,False,False,0.0
Titan Quest - Immortal Throne,Mar 5 2007,80,2216,False,False,False,True,False,False,False,True,False,False,False,False,False,False,0.0
Company of Heroes,Jul 17 2007,93,3856,False,False,False,True,False,False,True,False,False,False,False,False,False,False,19.99
Warhammer(r) 40000: Dawn of War(r) - Game of the Year Edition,Aug 7 2007,86,2212,False,False,False,False,False,False,True,False,False,False,False,False,False,False,12.99
Warhammer(r) 40000: Dawn of War(r) - Dark Crusade,Aug 7 2007,87,1715,False,False,False,False,False,False,True,False,False,False,False,False,False,False,12.99
Medieval II: Total War(tm),Nov 27 2007,88,5418,False,False,False,False,False,False,True,False,False,False,False,False,False,False,19.99
Condemned: Criminal Origins,Oct 29 2012,78,891,False,False,False,True,False,False,False,False,False,False,False,False,False,False,14.95
Rome: Total War(tm) - Collection,Aug 28 2007,92,5160,False,False,False,False,False,False,True,False,False,False,False,False,False,False,9.99
Rome: Total War(tm) - Alexander,Aug 28 2007,79,266,False,False,False,False,False,False,True,False,False,False,False,False,False,False,4.99
Medieval II: Total War(tm) Kingdoms,Nov 27 2007,85,549,False,False,False,False,False,False,True,False,False,False,False,False,False,False,11.99
Heroes of Annihilated Empires,Nov 22 2006,65,153,False,False,False,False,False,False,True,False,False,False,False,False,False,False,14.99
Cossacks: Back to War,Sep 2 2010,60,726,False,False,False,False,False,False,True,False,False,False,False,False,False,False,4.99
Cossacks: Art of War,Aug 26 2011,74,0,False,False,False,False,False,False,True,False,False,False,False,False,False,False,4.99
Cossacks: European Wars,Aug 26 2011,74,135,False,False,False,False,False,False,True,False,False,False,False,False,False,False,4.99
Cossacks II: Battle for Europe,Aug 26 2011,69,223,False,False,False,False,False,False,True,False,False,False,False,False,False,False,4.99
Natural Selection 2,Oct 30 2012,80,7873,False,False,True,True,False,False,True,False,False,False,False,False,False,False,9.99
Natural Selection 2,Oct 30 2012,80,7873,False,False,True,True,False,False,True,False,False,False,False,False,False,False,9.99
STAR WARS(tm) Republic Commando(tm),Jul 8 2009,78,3763,False,False,False,True,False,False,False,False,False,False,False,False,False,False,9.99
STAR WARS(tm) Jedi Knight - Jedi Academy(tm),Sep 16 2009,81,3535,False,False,False,True,False,False,False,False,False,False,False,False,False,False,9.99
STAR WARS(tm) Jedi Knight II - Jedi Outcast(tm),Sep 16 2009,89,1433,False,False,False,True,False,False,False,False,False,False,False,False,False,False,9.99
STAR WARS(tm) Battlefront(tm) II,Jul 8 2009,78,16580,False,False,False,True,False,False,False,False,False,False,False,False,False,False,9.99
Thrillville(r): Off the Rails(tm),Jul 8 2009,70,151,False,False,False,False,False,False,True,False,False,False,False,False,False,False,9.99
Armed and Dangerous(r),Jul 8 2009,78,0,False,False,False,True,False,False,False,False,False,False,False,False,False,False,5.99
Shank,Oct 25 2010,67,1232,False,False,True,True,False,False,False,False,False,False,False,False,False,False,9.99
Shank,Oct 25 2010,67,1232,False,False,True,True,False,False,False,False,False,False,False,False,False,False,9.99
Ghost Master(r),Dec 21 2006,81,846,False,False,False,False,False,False,True,False,False,False,False,False,False,False,4.99
FlatOut,Feb 2 2007,72,1241,False,False,False,False,False,False,False,False,False,False,False,False,True,False,7.49
Making History: The Calm & the Storm,Mar 13 2007,70,453,False,False,False,True,False,False,True,False,False,False,False,False,False,False,4.99
Ducati World Championship,Sep 21 2007,35,161,False,False,False,False,False,False,False,False,False,False,False,False,True,False,4.99
Dreamfall: The Longest Journey,Jan 12 2007,75,397,False,False,False,False,True,False,False,True,False,False,False,False,False,False,19.99
The Longest Journey,May 1 2007,91,737,False,False,False,True,True,False,False,True,False,False,False,False,False,False,9.99
Bloodline Champions,Oct 28 2011,79,1381,True,False,False,True,False,False,False,False,False,False,True,False,False,True,0.0
Joint Task Force,Mar 27 2007,68,0,False,False,False,True,False,False,True,False,False,False,False,False,False,False,9.99
Nexus - The Jupiter Incident,Jul 3 2007,77,333,False,False,True,False,False,False,True,False,True,False,False,False,False,False,9.99
Lost Planet(tm): Extreme Condition,Jun 26 2007,66,499,False,False,False,True,True,False,False,False,False,False,False,False,False,False,14.99
Devil May Cry(r) 3 Special Edition,Jun 12 2007,66,1401,False,False,False,True,False,False,False,False,False,False,False,False,False,False,19.99
Commandos 2: Men of Courage,Mar 15 2007,87,877,False,False,False,True,False,False,False,False,False,False,False,False,False,False,3.99
Commandos 3: Destination Berlin,Mar 15 2007,72,415,False,False,False,True,False,False,False,False,False,False,False,False,False,False,3.99
Hitman 2: Silent Assassin,Mar 15 2007,87,1144,False,False,False,True,False,False,False,False,False,False,False,False,False,False,6.99
Hitman: Blood Money,Mar 15 2007,82,3895,False,False,False,True,False,False,False,False,False,False,False,False,False,False,8.99
Battlestations: Midway,Mar 15 2007,76,214,False,False,False,True,False,False,False,False,False,False,False,False,False,False,6.99
Just Cause,Mar 15 2007,75,1565,False,False,False,True,False,False,False,False,False,False,False,False,False,False,6.99
Hitman: Codename 47,Mar 15 2007,73,1049,False,False,False,True,False,False,False,False,False,False,False,False,False,False,6.99
Deus Ex: Game of the Year Edition,Mar 29 2007,90,3706,False,False,False,True,False,False,False,False,False,False,False,False,False,False,6.99
Deus Ex: Invisible War,Mar 29 2007,80,679,False,False,False,True,False,False,False,False,False,False,False,False,False,False,6.99
Thief: Deadly Shadows,Mar 29 2007,85,860,False,False,False,True,False,False,False,False,False,False,False,False,False,False,8.99
Tomb Raider: Legend,Mar 29 2007,82,921,False,False,False,True,True,False,False,False,False,False,False,False,False,False,6.99
Project: Snowblind,Mar 29 2007,76,110,False,False,False,True,False,False,False,False,False,False,False,False,False,False,5.99
Rogue Trooper,Mar 29 2007,69,157,False,False,False,True,False,False,False,False,False,False,False,False,False,False,9.99
Jade Empire(tm): Special Edition,Feb 27 2007,81,721,False,False,False,False,False,False,False,True,False,False,False,False,False,False,14.99
Trackmania United Forever Star Edition,Apr 16 2008,80,633,False,False,False,False,False,False,False,False,False,False,False,False,True,False,29.99
Runaway A Road Adventure,Mar 14 2007,74,212,False,False,False,False,True,False,False,False,False,False,False,False,False,False,9.99
Loki,Nov 5 2007,61,0,False,False,False,False,False,False,False,True,False,False,False,False,False,False,9.99
X-Blades,Apr 30 2009,54,1846,False,False,False,True,True,False,False,True,False,False,False,False,False,False,9.99
Two Worlds II,Feb 3 2011,76,3331,False,False,False,False,False,False,False,True,False,False,False,False,False,False,19.99
Sid Meiers Railroads!,May 4 2007,77,1097,False,False,False,False,False,False,True,False,False,False,False,False,False,False,9.99
Railroad Tycoon 3,May 4 2007,80,273,False,False,False,False,False,False,True,False,False,False,False,False,False,False,9.99
Railroad Tycoon II Platinum,May 4 2007,89,296,False,False,False,False,False,False,True,False,False,False,False,False,False,False,4.99
BioShock(tm),Aug 21 2007,96,16260,False,False,False,True,False,False,False,True,False,False,False,False,False,False,19.99
X-COM: Enforcer,Sep 4 2008,65,201,False,False,False,False,False,False,True,False,False,False,False,False,False,False,4.99
Men of War(tm),May 6 2009,80,1203,False,False,False,False,False,False,True,False,False,False,False,False,False,False,4.99
Death Track(r): Resurrection,May 6 2009,53,0,False,False,False,False,False,False,False,False,False,False,False,False,True,False,2.99
NecroVision,May 20 2009,63,506,False,False,False,True,False,False,False,False,False,False,False,False,False,False,4.99
Call of Duty(r) 4: Modern Warfare(r),Nov 12 2007,92,5983,False,False,False,True,False,False,False,False,False,False,False,False,False,False,19.99
Tomb Raider: Anniversary,Jun 5 2007,83,1111,False,False,False,True,True,False,False,False,False,False,False,False,False,False,8.99
Kane and Lynch: Dead Men(tm),Dec 13 2007,67,1136,False,False,False,True,False,False,False,False,False,False,False,False,False,False,6.99
Conflict: Denied Ops,Feb 8 2008,58,0,False,False,False,True,False,False,False,False,False,False,False,False,False,False,5.99
Tomb Raider: Underworld,Nov 21 2008,80,1079,False,False,False,True,True,False,False,False,False,False,False,False,False,False,8.99
Battlestations Pacific,May 13 2009,74,897,False,False,False,True,False,False,True,False,False,False,False,False,False,False,8.99
Just Cause 2,Mar 23 2010,84,27899,False,False,False,True,True,False,False,False,False,False,False,False,False,False,14.99
Sam & Max 201: Ice Station Santa,May 16 2008,82,0,False,False,False,False,True,False,False,False,False,False,False,False,False,False,0.0
Sam & Max 202: Moai Better Blues,May 16 2008,80,0,False,False,False,False,True,False,False,False,False,False,False,False,False,False,0.0
Sam & Max 203: Night of the Raving Dead,May 16 2008,79,0,False,False,False,False,True,False,False,False,False,False,False,False,False,False,0.0
Sam & Max 204: Chariots of the Dogs,May 16 2008,85,0,False,False,False,False,True,False,False,False,False,False,False,False,False,False,0.0
Bone: Out From Boneville,Jun 17 2008,68,0,True,False,False,False,True,False,False,False,False,False,False,False,False,False,9.99
Bone: The Great Cow Race,Jun 17 2008,76,0,True,False,False,False,True,False,False,False,False,False,False,False,False,False,9.99
Strong Bads Cool Game for Attractive People: Season 1,Dec 18 2008,82,175,False,False,False,False,True,False,False,False,False,False,False,False,False,False,19.99
Geometry Wars: Retro Evolved,Jun 18 2007,76,507,False,False,False,False,False,True,False,False,False,False,False,False,False,False,3.99
EVE Online,Dec 15 2010,88,4269,False,False,False,False,False,False,False,True,False,False,False,False,False,True,19.99
RACE 07,Oct 15 2007,83,1637,False,False,False,False,False,False,False,False,False,False,False,False,True,False,3.99
Civilization IV: Beyond the Sword,Jul 24 2007,86,780,False,False,False,False,False,False,True,False,False,False,False,False,False,False,9.99
BioShock(r) 2,Feb 9 2010,88,7624,False,False,False,True,False,False,False,False,False,False,False,False,False,False,19.99
BioShock Infinite,Mar 25 2013,94,55512,False,False,False,True,False,False,False,False,False,False,False,False,False,False,29.99
Freedom Force,May 29 2009,90,242,False,False,False,False,False,False,True,True,False,False,False,False,False,False,4.99
Sid Meiers Civilization(r) V,Sep 21 2010,90,85750,False,False,False,False,False,False,True,False,False,False,False,False,False,False,29.99
Borderlands,Oct 26 2009,81,15545,False,False,False,True,False,False,False,True,False,False,False,False,False,False,19.99
Return to Castle Wolfenstein,Aug 3 2007,88,1533,False,False,False,True,False,False,False,False,False,False,False,False,False,False,4.99
DOOM 3,Aug 3 2007,87,1645,True,False,False,True,False,False,False,False,False,False,False,False,False,False,4.99
RAGE,Oct 3 2011,79,8176,False,False,False,True,False,False,False,False,False,False,False,False,False,False,9.99
RAGE,Oct 3 2011,79,8176,False,False,False,True,False,False,False,False,False,False,False,False,False,False,9.99
Company of Heroes: Opposing Fronts,Sep 24 2007,87,457,False,False,False,True,False,False,True,False,False,False,False,False,False,False,19.99
Supreme Commander,Sep 28 2011,86,782,False,False,False,False,False,False,True,False,False,False,False,False,False,False,14.99
Supreme Commander: Forged Alliance,Sep 28 2011,81,2834,False,False,False,False,False,False,True,False,False,False,False,False,False,False,14.99
Frontlines(tm): Fuel of War(tm),Feb 29 2008,73,438,False,False,False,True,False,False,False,False,False,False,False,False,False,False,19.99
Saints Row 2,Jan 7 2009,72,6867,False,False,False,True,False,False,False,False,False,False,False,False,False,False,9.99
Gish,Jul 20 2007,80,219,False,False,True,False,False,False,False,False,False,False,False,False,False,False,9.99
Desperados 2: Coopers Revenge,Mar 12 2008,66,0,False,False,False,True,False,False,False,False,False,False,False,False,False,False,9.99
Tycoon City: New York,Mar 12 2008,67,0,False,False,False,False,False,False,False,False,True,False,False,False,False,False,9.99
Act of War: High Treason,Mar 12 2008,74,0,False,False,False,True,False,False,False,False,False,False,False,False,False,False,2.99
Death to Spies,Mar 12 2008,69,450,False,False,False,True,True,False,False,False,False,False,False,False,False,False,4.99
Ghostbusters: The Videogame,Jun 16 2009,74,1518,False,False,False,True,False,False,False,False,False,False,False,False,False,False,9.99
Champions Online,Jun 14 2011,72,2160,True,False,False,False,False,False,False,True,False,False,True,False,False,True,0.0
Star Trek Online,Jan 31 2012,76,7304,True,False,False,False,False,False,False,True,False,False,True,False,False,True,0.0
Test Drive Unlimited 2,February 2011,72,5972,False,False,False,False,False,False,False,False,False,False,False,False,True,False,19.99
Blade Kitten,May 22 2014,52,670,False,False,False,True,True,False,False,False,False,False,False,False,False,False,2.99
The UnderGarden,Nov 10 2010,67,0,False,False,False,False,False,True,False,False,False,False,False,False,False,False,6.99
Ghostbusters: Sanctum of Slime,Mar 23 2011,43,105,False,False,False,True,True,False,False,False,False,False,False,False,False,False,9.99
Call of Duty: World at War,Nov 18 2008,83,13072,False,False,False,True,False,False,False,False,False,False,False,False,False,False,19.99
TimeShift(tm),Jul 23 2009,71,571,False,False,False,True,False,False,False,False,False,False,False,False,False,False,19.99
Prototype(tm),Jun 10 2009,79,2122,False,False,False,True,True,False,False,False,False,False,False,False,False,False,19.99
Call of Duty(r): Modern Warfare(r) 2,Nov 11 2009,86,22223,False,False,False,True,False,False,False,False,False,False,False,False,False,False,19.99
Call of Duty(r): Modern Warfare(r) 2,Nov 11 2009,86,22223,False,False,False,True,False,False,False,False,False,False,False,False,False,False,19.99
Postal III,Feb 17 2012,24,1045,False,False,False,True,False,False,False,False,False,False,False,False,False,False,14.99
The Club(tm),Feb 20 2008,67,0,False,False,False,True,False,False,False,False,False,False,False,False,False,False,14.99
Empire: Total War(tm),Mar 3 2009,90,11234,False,False,False,False,False,False,True,False,False,False,False,False,False,False,19.99
Space Siege,Aug 14 2008,60,0,False,False,False,True,False,False,False,True,False,False,False,False,False,False,14.99
Aliens vs. Predator(tm),Feb 16 2010,68,7194,False,False,False,True,False,False,False,False,False,False,False,False,False,False,14.99
Sherlock Holmes - Nemesis,Aug 7 2008,71,0,False,False,False,False,True,False,False,True,False,False,False,False,False,False,9.99
Dracula Origin,Aug 7 2008,70,109,False,False,False,False,True,False,False,False,False,False,False,False,False,False,9.99
Sherlock Holmes: The Mystery of the Mummy,Aug 6 2009,61,125,True,False,False,False,True,False,False,False,False,False,False,False,False,False,0.0
Sherlock Holmes: The Awakened - Remastered Edition,Aug 6 2009,72,131,False,False,False,False,True,False,False,False,False,False,False,False,False,False,9.99
Sherlock Holmes: The Silver Earring,Aug 6 2009,68,0,False,False,False,False,True,False,False,False,False,False,False,False,False,False,9.99
Sherlock Holmes versus Jack the Ripper,Dec 23 2009,73,257,False,False,False,False,True,False,False,True,False,False,False,False,False,False,9.99
Shadowgrounds Survivor,Nov 14 2007,79,465,False,False,False,True,False,False,False,False,False,False,False,False,False,False,9.99
Pacific Storm,Jun 24 2008,67,0,False,False,False,False,False,False,True,False,True,False,False,False,False,False,7.99
Pacific Storm Allies,Aug 18 2008,60,0,False,False,False,False,False,False,True,False,True,False,False,False,False,False,7.99
Larva Mortus,Mar 19 2009,64,619,False,False,True,True,False,False,False,False,False,False,False,False,False,False,4.99
Nikopol: Secrets of the Immortals,Jul 30 2009,68,236,False,False,False,False,True,False,False,False,False,False,False,False,False,False,4.99
Overlord(tm),Nov 12 2009,81,2050,False,False,False,False,False,False,False,True,False,False,False,False,False,False,4.99
Soldiers: Heroes of World War II,Jul 3 2014,77,166,False,False,False,False,False,False,True,False,False,False,False,False,False,False,4.99
Maelstrom: The Battle for Earth Begins,Feb 13 2009,58,0,False,False,False,False,False,False,True,False,False,False,False,False,False,False,4.99
Hospital Tycoon,Feb 13 2009,51,349,False,False,False,False,False,False,False,False,True,False,False,False,False,False,4.99
LUMINES(tm),Apr 18 2008,74,0,False,False,False,False,False,True,False,False,False,False,False,False,False,False,9.99
Grand Theft Auto III,Jan 6 2011,93,2768,False,False,False,True,False,False,False,False,False,False,False,False,False,False,9.99
Grand Theft Auto: Vice City,Jan 10 2011,94,4866,False,False,False,True,False,False,False,False,False,False,False,False,False,False,9.99
Grand Theft Auto: San Andreas,Jan 6 2011,93,14209,False,False,False,True,False,False,False,False,False,False,False,False,False,False,14.99
Manhunt,Jan 4 2008,75,555,False,False,False,True,False,False,False,False,False,False,False,False,False,False,9.99
Max Payne,Jan 4 2008,89,2214,False,False,False,True,False,False,False,False,False,False,False,False,False,False,9.99
Max Payne 2: The Fall of Max Payne,Jan 4 2008,86,1404,False,False,False,True,False,False,False,False,False,False,False,False,False,False,9.99
Midnight Club 2,Jan 4 2008,81,384,False,False,False,False,False,False,False,False,False,False,False,False,True,False,9.99
Bully: Scholarship Edition,Oct 21 2008,72,5797,False,False,False,True,True,False,False,False,False,False,False,False,False,False,14.99
Grand Theft Auto IV,Dec 2 2008,90,36012,False,False,False,True,True,False,False,False,False,False,False,False,False,False,19.99
Culpa Innata,Jan 18 2008,66,0,False,False,False,False,True,True,False,True,False,False,False,False,False,False,9.99
Sacred Gold,Jul 9 2008,74,951,False,False,False,True,False,False,False,True,False,False,False,False,False,False,9.99
Darkstar One,Feb 13 2008,71,219,False,False,False,True,False,False,False,False,False,False,False,False,False,False,7.99
Jack Keane,Jun 27 2008,69,0,False,False,False,False,True,False,False,False,False,False,False,False,False,False,9.99
FlatOut: Ultimate Carnage,Aug 26 2008,79,1450,False,False,False,False,False,False,False,False,False,False,False,False,True,False,19.99
Perimeter 2: New Earth,Feb 10 2009,43,0,False,False,False,False,False,False,True,False,False,False,False,False,False,False,14.99
Port Royale 2,Jun 16 2009,75,179,False,False,False,False,False,False,True,False,False,False,False,False,False,False,4.99
PuzzleQuest: Challenge of the Warlords,Jan 29 2008,84,437,False,False,False,False,False,True,False,False,False,False,False,False,False,False,9.99
Legend - Hand of God,May 5 2009,57,0,False,False,False,True,False,False,False,True,False,False,False,False,False,False,9.99
Drakensang,Mar 9 2009,75,148,False,False,False,False,False,False,False,True,False,False,False,False,False,False,9.99
GRID(tm),Jun 4 2008,87,2893,False,False,False,False,False,False,False,False,False,False,False,False,True,False,14.99
Rise of the Argonauts,Jan 7 2009,59,375,False,False,False,False,False,False,False,True,False,False,False,False,False,False,9.99
Damnation,May 22 2009,41,239,False,False,False,True,True,False,False,False,False,False,False,False,False,False,9.99
Overlord II,Jun 24 2009,79,1349,False,False,False,False,False,False,False,True,False,False,False,False,False,False,9.99
Operation Flashpoint: Dragon Rising,Oct 6 2009,76,1084,False,False,False,True,False,False,False,False,False,False,False,False,False,False,9.99
AudioSurf,Feb 15 2008,85,8181,False,False,True,False,False,False,False,False,False,False,False,False,False,False,9.99
Ninja Reflex: Steamworks Edition,Mar 21 2008,57,0,False,False,True,False,False,True,False,False,False,False,False,False,False,False,4.99
Americas Army 3,Jun 17 2009,70,2053,True,False,False,True,False,False,False,False,False,False,False,False,False,False,0.0
Unreal 2: The Awakening,Mar 17 2008,75,188,False,False,False,True,False,False,False,False,False,False,False,False,False,False,14.99
Unreal Tournament 3 Black,Mar 5 2009,83,1888,False,False,False,True,False,False,False,False,False,False,False,False,False,False,19.99
Unreal Tournament 2004: Editors Choice Edition,Mar 17 2004,93,1318,False,False,False,True,False,False,False,False,False,False,False,False,False,False,14.99
Unreal Tournament: Game of the Year Edition,Mar 17 2008,92,1140,False,False,False,True,False,False,False,False,False,False,False,False,False,False,9.99
Prince of Persia: Warrior Within(tm),Nov 21 2008,83,396,False,False,False,True,True,False,False,False,False,False,False,False,False,False,9.99
Far Cry(r),Apr 1 2008,89,2318,False,False,False,True,False,False,False,False,False,False,False,False,False,False,9.99
Prince of Persia: The Two Thrones(tm),Nov 21 2008,85,237,False,False,False,True,True,False,False,False,False,False,False,False,False,False,9.99
Tom Clancys Rainbow Six(r) Vegas,Apr 9 2008,85,260,False,False,False,True,False,False,False,False,False,False,False,False,False,False,9.99
Tom Clancys Splinter Cell(r),Apr 1 2008,91,586,False,False,False,True,False,False,False,False,False,False,False,False,False,False,9.99
Tom Clancys Splinter Cell Chaos Theory(r),Aug 27 2009,92,1230,False,False,False,True,False,False,False,False,False,False,False,False,False,False,9.99
Tom Clancys Splinter Cell Double Agent(r),Feb 13 2009,80,492,False,False,False,True,False,False,False,False,False,False,False,False,False,False,9.99
Prince of Persia(r): The Sands of Time,Nov 21 2008,89,558,False,False,False,True,True,False,False,False,False,False,False,False,False,False,9.99
Tom Clancys Ghost Recon(r) Desert Siege(tm),Jul 15 2008,82,0,False,False,False,True,False,False,False,False,False,False,False,False,False,False,4.99
Tom Clancys Ghost Recon(r) Island Thunder(tm),Jul 15 2008,82,0,False,False,False,True,False,False,False,False,False,False,False,False,False,False,4.99
Tom Clancys Rainbow Six Lockdown(tm),May 13 2008,59,110,False,False,False,True,False,False,False,False,False,False,False,False,False,False,9.99
Rayman Raving Rabbids(tm),Jun 13 2008,58,133,False,False,False,True,True,False,False,False,False,False,False,False,False,False,9.99
Assassins Creed(tm): Directors Cut Edition,Apr 9 2008,79,4031,False,False,False,True,True,False,False,False,False,False,False,False,False,False,19.99
Tom Clancys Rainbow Six(r) Vegas 2,Apr 16 2008,78,2133,False,False,False,True,False,False,False,False,False,False,False,False,False,False,9.99
Heroes of Might & Magic V,May 13 2008,77,772,False,False,False,False,False,False,True,False,False,False,False,False,False,False,9.99
Brothers in Arms: Road to Hill 30(tm),May 13 2008,87,349,False,False,False,True,False,False,False,False,False,False,False,False,False,False,9.99
Silent Hunter(r): Wolves of the Pacific,Jun 13 2008,79,199,False,False,False,False,False,False,False,False,True,False,False,False,False,False,9.99
Silent Hunter(r) III,Jun 13 2008,90,382,False,False,False,False,False,False,False,False,True,False,False,False,False,False,9.99
Blazing Angels(r) 2: Secret Missions of WWII,May 13 2008,72,0,False,False,False,True,False,False,False,False,True,False,False,False,False,False,9.99
Cold Fear(tm),May 13 2008,66,150,False,False,False,True,False,False,False,False,False,False,False,False,False,False,9.99
IL-2 Sturmovik: 1946,Jun 13 2008,86,878,False,False,False,False,False,False,False,False,True,False,False,False,False,False,9.99
Tom Clancys Ghost Recon(r),Jul 15 2008,80,327,False,False,False,True,False,False,False,False,False,False,False,False,False,False,9.99
The Settlers(r): Heritage of Kings,Jul 22 2008,58,0,False,False,False,False,False,False,True,False,False,False,False,False,False,False,9.99
IL-2 Sturmovik: 1946,Jun 13 2008,86,878,False,False,False,False,False,False,False,False,True,False,False,False,False,False,9.99
Heroes of Might & Magic V: Tribes of the East,Oct 10 2008,70,404,False,False,False,False,False,False,True,False,False,False,False,False,False,False,9.99
Heroes of Might & Magic V: Hammers of Fate,Oct 10 2008,66,0,False,False,False,False,False,False,True,False,False,False,False,False,False,False,9.99
Brothers in Arms: Hells Highway(tm),Oct 8 2008,79,485,False,False,False,True,False,False,False,False,False,False,False,False,False,False,9.99
AaAaAA!!! - A Reckless Disregard for Gravity,Sep 3 2009,81,579,False,False,True,True,False,False,False,False,False,False,False,True,False,False,9.99
Warhammer(r) 40000(tm): Dawn of War(r) II,Feb 18 2009,85,4541,False,False,False,False,False,False,True,False,False,False,False,False,False,False,19.99
Everyday Shooter,May 8 2008,77,0,False,False,True,False,False,True,False,False,False,False,False,False,False,False,9.99
F.E.A.R. 2: Project Origin,Feb 12 2009,79,2524,False,False,False,True,False,False,False,False,False,False,False,False,False,False,14.99
Insecticide Part 1,Jul 1 2008,65,376,False,False,False,True,True,False,False,False,False,False,False,False,False,False,1.99
Velvet Assassin,May 1 2009,61,1710,False,False,False,True,False,False,False,False,False,False,False,False,False,False,4.99
Legendary,Dec 1 2008,50,1794,False,False,False,True,False,False,False,False,False,False,False,False,False,False,2.99
Sid Meiers Civilization IV: Colonization,Sep 23 2008,83,255,False,False,False,False,False,False,True,False,False,False,False,False,False,False,19.99
Tribes: Ascend,Jun 27 2012,86,7269,True,False,False,True,False,False,False,False,False,False,True,False,False,False,0.0
Children of the Nile: Enhanced Edition,Jul 8 2008,75,129,False,False,False,False,False,False,True,False,True,False,False,False,False,False,7.99
Hinterland,Sep 30 2008,65,115,False,False,False,False,False,False,True,True,False,False,False,False,False,False,9.99
Crysis,Sep 17 2008,91,3881,False,False,False,True,False,False,False,False,False,False,False,False,False,False,19.99
Crysis Warhead(r),Sep 17 2008,84,1131,False,False,False,True,False,False,False,False,False,False,False,False,False,False,19.99
Crysis Warhead(r),Sep 17 2008,84,1131,False,False,False,True,False,False,False,False,False,False,False,False,False,False,19.99
SPORE(tm),Dec 19 2008,84,8853,False,False,False,False,False,False,False,False,True,False,False,False,False,False,19.99
Mirrors Edge(tm),Jan 14 2009,81,14960,False,False,False,True,True,False,False,False,False,False,False,False,False,False,19.99
Need for Speed Undercover,Dec 19 2008,65,1726,False,False,False,True,False,False,False,False,False,False,False,False,True,False,9.99
Dragon Age: Origins,Nov 5 2009,91,4146,False,False,False,False,False,False,False,True,False,False,False,False,False,False,19.99
Mass Effect,Dec 19 2008,89,6793,False,False,False,True,False,False,False,True,False,False,False,False,False,False,19.99
Dead Space,Jan 9 2009,86,5984,False,False,False,True,False,False,False,False,False,False,False,False,False,False,19.99
Command & Conquer: Red Alert 3,Jan 8 2009,82,2511,False,False,False,False,False,False,True,False,False,False,False,False,False,False,19.99
Nuclear Dawn,Sep 26 2011,71,1706,False,False,False,True,False,False,True,False,False,False,False,False,False,False,9.99
DeathSpank,Oct 25 2010,77,419,False,False,True,True,False,False,False,True,False,False,False,False,False,False,14.99
DeathSpank,Oct 25 2010,77,419,False,False,True,True,False,False,False,True,False,False,False,False,False,False,14.99
DeathSpank: Thongs of Virtue,Nov 30 2010,78,115,False,False,True,True,False,False,False,True,False,False,False,False,False,False,14.99
The Baconing,Aug 31 2011,63,154,False,False,False,True,True,False,False,True,False,False,False,False,False,False,14.99
Unstoppable Gorg,Jan 19 2012,73,187,False,False,True,True,False,True,True,False,False,False,False,False,False,False,9.99
Crazy Machines 2,Jun 20 2008,72,168,False,False,False,False,False,True,True,False,False,False,False,False,False,False,24.99
Crazy Machines,Dec 12 2008,78,0,False,False,False,False,False,True,True,False,False,False,False,False,False,False,9.99
Crazy Machines 1.5,Dec 12 2008,78,0,False,False,False,False,False,True,True,False,False,False,False,False,False,False,9.99
Crazy Machines 1.5,Dec 12 2008,78,0,False,False,False,False,False,True,True,False,False,False,False,False,False,False,9.99
Crazy Machines 1.5,Dec 12 2008,78,0,False,False,False,False,False,True,True,False,False,False,False,False,False,False,9.99
Helldorado,Apr 30 2009,65,0,False,False,False,False,False,False,True,False,False,False,False,False,False,False,9.99
Mata Hari,Jul 29 2009,63,0,False,False,False,False,True,False,False,False,False,False,False,False,False,False,9.99
Defense Grid: The Awakening,Dec 8 2008,81,2729,False,False,True,False,False,False,True,False,False,False,False,False,False,False,9.99
And Yet It Moves,Apr 2 2009,75,938,False,False,True,False,False,True,False,False,False,False,False,False,False,False,9.99
Silent Hill Homecoming,Nov 6 2008,64,409,False,False,False,False,True,False,False,False,False,False,False,False,False,False,39.99
Rocket Knight,May 11 2010,63,0,False,False,False,True,True,False,False,False,False,False,False,False,False,False,14.99
Alice: Madness Returns,,75,7107,False,False,False,True,True,False,False,False,False,False,False,False,False,False,0.0
Brothers in Arms: Earned in Blood(tm),Oct 10 2008,84,154,False,False,False,True,False,False,False,False,False,False,False,False,False,False,9.99
The Sum of All Fears,Oct 10 2008,72,0,False,False,False,True,False,False,False,False,False,False,False,False,False,False,9.99
Tom Clancys Rainbow Six(r) 3 Gold,Sep 25 2008,85,556,False,False,False,True,False,False,False,False,False,False,False,False,False,False,9.99
Far Cry(r) 2: Fortunes Edition,Oct 22 2008,85,4267,False,False,False,True,False,False,False,False,False,False,False,False,False,False,9.99
The Settlers(r): Rise Of An Empire Gold Edition,Oct 10 2008,66,132,False,False,False,False,False,False,True,False,False,False,False,False,False,False,19.99
Prince of Persia(r),Dec 10 2008,82,783,False,False,False,True,True,False,False,False,False,False,False,False,False,False,9.99
Red Faction Guerrilla Steam Edition,Sep 15 2009,82,5452,False,False,False,True,False,False,False,False,False,False,False,False,False,False,19.99
S.T.A.L.K.E.R.: Clear Sky,Sep 15 2008,75,2701,False,False,False,True,False,False,False,True,False,False,False,False,False,False,9.99
Red Faction,Aug 5 2009,78,945,False,False,False,True,False,False,False,False,False,False,False,False,False,False,9.99
Company of Heroes: Tales of Valor,Apr 8 2009,70,1088,False,False,False,False,False,False,True,False,False,False,False,False,False,False,19.99
Red Faction II,Aug 6 2009,64,446,False,False,False,True,False,False,True,False,False,False,False,False,False,False,9.99
Warhammer(r) 40000: Dawn of War(r) II Chaos Rising,Mar 10 2010,85,1333,False,False,False,False,False,False,True,False,False,False,False,False,False,False,19.99
Mr. Robot,Nov 3 2008,83,0,False,False,True,True,False,False,True,False,False,False,False,False,False,False,9.99
Shatter,Mar 15 2010,84,904,False,False,True,True,False,False,False,False,False,False,False,False,False,False,9.99
The Witcher: Enhanced Edition Directors Cut,Sep 19 2008,86,15728,False,False,False,True,False,False,False,True,False,False,False,False,False,False,9.99
The Witcher 2: Assassins of Kings Enhanced Edition,Apr 16 2012,88,25180,False,False,False,False,False,False,False,True,False,False,False,False,False,False,19.99
LEGO Batman,Sep 29 2008,80,550,False,False,False,True,True,False,False,False,False,False,False,False,False,False,19.99
Watchmen: The End is Nigh,Mar 4 2009,61,294,False,False,False,True,False,False,False,False,False,False,False,False,False,False,4.99
Watchmen: The End is Nigh Part 2,Jul 29 2009,44,110,False,False,False,True,False,False,False,False,False,False,False,False,False,False,4.99
F.E.A.R.,May 21 2010,88,3981,False,False,False,True,False,False,False,False,False,False,False,False,False,False,9.99
F.E.A.R. 3,Jun 21 2011,74,5010,False,False,False,True,False,False,False,False,False,False,False,False,False,False,19.99
F.E.A.R.,May 21 2010,88,3981,False,False,False,True,False,False,False,False,False,False,False,False,False,False,9.99
F.E.A.R.,May 21 2010,88,3981,False,False,False,True,False,False,False,False,False,False,False,False,False,False,9.99
LEGO Harry Potter: Years 1-4,Jun 29 2010,79,970,False,False,False,True,True,False,False,False,False,False,False,False,False,False,19.99
Flock!,Apr 7 2009,65,110,False,False,False,False,False,True,True,False,False,False,False,False,False,False,4.99
Street Fighter(r) IV,Jul 7 2009,91,343,False,False,False,True,False,False,False,False,False,False,False,False,False,False,19.99
Bionic Commando,Jul 28 2009,69,589,False,False,False,True,True,False,False,False,False,False,False,False,False,False,9.99
Bionic Commando: Rearmed,Jul 28 2009,86,570,False,False,False,True,False,False,False,False,False,False,False,False,False,False,9.99
Resident Evil(tm) 5/ Biohazard 5(r),Sep 15 2009,86,5145,False,False,False,True,True,False,False,False,False,False,False,False,False,False,19.99
Driver(r) Parallel Lines,Feb 13 2009,61,197,False,False,False,False,False,False,False,False,False,False,False,False,True,False,9.99
Tom Clancys EndWar(tm),Feb 25 2009,68,243,False,False,False,False,False,False,True,False,False,False,False,False,False,False,9.99
Call of Juarez(r): Bound in Blood,Jul 2 2009,78,828,False,False,False,True,False,False,False,False,False,False,False,False,False,False,9.99
World of Goo,Oct 13 2008,90,2685,False,False,True,False,False,False,False,False,False,False,False,False,False,False,9.99
Mount & Blade,Nov 3 2008,72,2086,False,False,True,False,False,False,False,True,False,False,False,False,False,False,9.99
Penumbra: Black Plague Gold Edition,Jan 23 2009,78,930,True,False,True,True,True,False,False,False,False,False,False,False,False,False,9.99
Hearts of Iron 2 Complete,Jan 23 2009,83,149,False,False,False,False,False,False,True,False,False,False,False,False,False,False,14.99
Penumbra: Requiem,,67,186,False,False,True,False,True,False,False,False,False,False,False,False,False,False,0.0
Penumbra Overture,Mar 6 2009,73,1096,True,False,True,True,True,False,False,False,False,False,False,False,False,False,9.99
Zeno Clash,Apr 21 2009,77,1800,False,False,True,True,False,False,False,False,False,False,False,False,False,False,9.99
Rock of Ages,Sep 7 2011,74,2278,False,False,True,True,False,False,True,False,False,False,False,False,True,False,9.99
Fallout 3,Oct 28 2008,91,8031,False,False,False,False,False,False,False,True,False,False,False,False,False,False,9.99
Rogue Warrior,Dec 1 2009,29,364,False,False,False,True,False,False,False,False,False,False,False,False,False,False,4.99
The Elder Scrolls III: Morrowind(r) Game of the Year Edition,Jun 16 2009,89,5428,False,False,False,False,False,False,False,True,False,False,False,False,False,False,14.99
The Elder Scrolls IV: Oblivion(r) Game of the Year Edition,Jun 16 2009,94,7792,False,False,False,False,False,False,False,True,False,False,False,False,False,False,14.99
Call of Cthulhu(r): Dark Corners of the Earth,Jun 16 2009,76,970,False,False,False,False,False,False,False,False,False,False,False,False,False,False,4.99
BRINK,May 9 2011,70,2880,False,False,False,True,False,False,False,False,False,False,False,False,False,False,7.99
BRINK,May 9 2011,70,2880,False,False,False,True,False,False,False,False,False,False,False,False,False,False,7.99
BRINK,May 9 2011,70,2880,False,False,False,True,False,False,False,False,False,False,False,False,False,False,7.99
Fallout 3: Game of the Year Edition,Dec 17 2009,91,15420,False,False,False,False,False,False,False,True,False,False,False,False,False,False,19.99
Fallout: New Vegas,Oct 19 2010,84,41001,False,False,False,True,False,False,False,True,False,False,False,False,False,False,9.99
Hunted: The Demons Forge(tm),May 30 2011,61,342,False,False,False,True,True,False,False,False,False,False,False,False,False,False,4.99
Fallout: New Vegas,Oct 19 2010,84,41001,False,False,False,True,False,False,False,True,False,False,False,False,False,False,9.99
Worms Reloaded,Aug 26 2010,79,2172,False,False,False,False,False,False,True,False,False,False,False,False,False,False,19.99
Alien Breed: Impact,Jun 3 2010,64,722,False,False,False,True,False,False,False,False,False,False,False,False,False,False,9.99
Alien Breed 2: Assault,Sep 22 2010,63,536,False,False,False,True,False,False,False,False,False,False,False,False,False,False,9.99
Alien Breed 3: Descent,Nov 17 2010,64,213,False,False,False,True,False,False,False,False,False,False,False,False,False,False,9.99
The Last Remnant(tm),Apr 9 2009,66,2466,False,False,False,False,False,False,False,True,False,False,False,False,False,False,9.99
Gyromancer,Nov 18 2009,71,171,False,False,False,False,False,False,False,True,False,False,False,False,False,False,5.99
Imperium Romanum Gold Edition,Nov 25 2008,63,162,False,False,False,False,False,False,True,False,True,False,False,False,False,False,9.99
Europa Universalis: Rome - Gold Edition,Dec 18 2008,79,0,False,False,False,False,False,False,True,False,False,False,False,False,False,False,9.99
Grand Ages: Rome,Mar 20 2009,72,339,False,False,False,False,False,False,True,False,True,False,False,False,False,False,9.99
Ceville,Feb 27 2009,73,0,False,False,False,True,True,False,True,False,False,False,False,False,False,False,9.99
Tropico 3 - Steam Special Edition,Oct 20 2009,79,1266,False,False,False,False,False,False,True,False,True,False,False,False,False,False,9.99
Puzzle Quest: Galactrix,Feb 24 2009,72,234,False,False,False,False,False,True,False,True,False,False,False,False,False,False,9.99
Earth Defense Force: Insect Armageddon,Dec 14 2011,69,617,False,False,False,True,False,False,False,False,False,False,False,False,False,False,9.99
Depths of Peril,Nov 23 2010,79,0,False,False,True,False,False,False,True,True,False,False,False,False,False,False,9.99
DC Universe(tm) Online,Nov 2 2011,72,9610,True,False,False,True,True,False,False,True,False,False,True,False,False,True,0.0
PAYDAY(tm) The Heist,Oct 20 2011,76,34196,False,False,False,True,False,False,False,False,False,False,False,False,False,False,14.99
Aquaria,Dec 15 2008,82,808,False,False,True,False,False,False,False,False,False,False,False,False,False,False,9.99
King Arthur: Fallen Champions,Sep 16 2011,54,0,False,False,False,False,False,False,True,True,False,False,False,False,False,False,4.99
King Arthur II: The Role-Playing Wargame,Jan 27 2012,66,271,False,False,False,False,False,False,True,True,False,False,False,False,False,False,9.99
SPORE(tm) Galactic Adventures,Jun 23 2009,70,1363,False,False,False,True,False,False,False,False,True,False,False,False,False,False,19.99
Burnout Paradise: The Ultimate Box,Mar 12 2009,87,7919,False,False,False,False,False,False,False,False,False,False,False,False,True,False,19.99
Command & Conquer 3: Tiberium Wars,Nov 13 2009,85,1378,False,False,False,False,False,False,True,False,False,False,False,False,False,False,14.99
Command & Conquer 3: Kanes Wrath,Nov 13 2009,77,518,False,False,False,False,False,False,True,False,False,False,False,False,False,False,19.99
Medal of Honor: Airborne,Oct 6 2009,78,1145,False,False,False,True,False,False,False,False,False,False,False,False,False,False,9.99
Need for Speed: Shift,Oct 6 2009,83,749,False,False,False,False,False,False,False,False,False,False,False,False,True,False,19.99
Battlefield: Bad Company(tm) 2,Mar 2 2010,87,14553,False,False,False,True,False,False,False,False,False,False,False,False,False,False,19.99
Mass Effect 2,Jan 26 2010,94,7263,False,False,False,False,False,False,False,True,False,False,False,False,False,False,19.99
Eschalon: Book I,Feb 10 2009,75,106,False,False,True,False,False,False,False,True,False,False,False,False,False,False,5.99
Madballs in Babo:Invasion,Sep 17 2009,79,203,False,False,True,False,False,False,False,False,False,False,False,False,False,False,4.99
Europa Universalis III Complete,Feb 4 2009,83,1043,False,False,False,False,False,False,True,False,False,False,False,False,False,False,14.99
Europa Universalis III: Divine Wind,Jan 21 2011,71,0,False,False,False,False,False,False,True,False,False,False,False,False,False,False,9.99
Knights of Honor,Feb 4 2009,77,537,False,False,False,False,False,False,True,False,False,False,False,False,False,False,9.99
Elven Legacy,Apr 7 2009,71,0,False,False,False,False,False,False,True,True,False,False,False,False,False,False,4.99
Sword of the Stars: Complete Collection,Jun 4 2010,75,293,False,False,False,False,False,False,True,False,False,False,False,False,False,False,9.99
Hearts of Iron III,Aug 7 2009,77,3002,False,False,False,False,False,False,True,False,False,False,False,False,False,False,9.99
Kings Bounty: The Legend,May 1 2009,79,781,False,False,False,False,False,False,True,True,False,False,False,False,False,False,6.99
Supreme Ruler 2020 Gold,Jul 9 2009,65,135,False,False,False,False,False,False,True,False,False,False,False,False,False,False,9.99
Majesty 2,Sep 17 2009,72,309,False,False,False,False,False,False,True,False,True,False,False,False,False,False,9.99
The Maw,Mar 9 2009,75,162,False,False,True,True,False,False,False,False,False,False,False,False,False,False,9.99
Drug Wars,Mar 17 2009,35,0,False,False,True,True,False,False,False,False,False,False,False,False,False,False,4.99
Cogs,Apr 14 2009,73,614,False,False,True,False,False,True,False,False,False,False,False,False,False,False,9.99
Braid,Apr 10 2009,90,5069,False,False,True,False,False,True,True,False,False,False,False,False,False,False,14.99
Crayon Physics Deluxe,May 6 2009,79,623,False,False,True,False,False,True,False,False,False,False,False,False,False,False,19.99
The Path,Mar 18 2009,79,546,False,False,True,False,True,False,False,False,False,False,False,False,False,False,9.99
Blacklight: Tango Down,Jul 14 2010,65,314,False,False,False,True,False,False,False,False,False,False,False,False,False,False,0.99
Dangerous High School Girls in Trouble!(tm),Feb 23 2009,81,121,False,False,True,False,False,True,False,True,False,False,False,False,False,False,19.99
Kane & Lynch 2: Dog Days,Aug 17 2010,66,2723,False,False,False,True,False,False,False,False,False,False,False,False,False,False,9.99
Blueberry Garden,June 2009,68,104,False,False,True,False,True,False,False,False,False,False,False,False,False,False,4.99
Osmos,Aug 18 2009,80,761,False,False,True,False,False,True,False,False,False,False,False,False,False,False,9.99
Guild Wars(r) Game of the Year Edition,Apr 22 2009,89,0,False,False,False,False,False,False,False,True,False,False,False,False,False,True,19.99
Guild Wars Factions(r),Apr 22 2009,84,0,False,False,False,False,False,False,False,True,False,False,False,False,False,True,19.99
Guild Wars Nightfall(r),Apr 22 2009,84,0,False,False,False,False,False,False,False,True,False,False,False,False,False,True,19.99
Guild Wars: Eye of the North(r),Oct 8 2010,79,0,False,False,False,True,False,False,False,True,False,False,False,False,False,True,19.99
Dark Sector,Mar 24 2009,66,288,False,False,False,True,False,False,False,False,False,False,False,False,False,False,9.99
Tales of Monkey Island Complete Pack,Jul 7 2009,79,310,False,False,False,False,True,False,False,False,False,False,False,False,False,False,19.99
Puzzle Agent,July 2010,70,1148,False,False,False,False,True,True,False,False,False,False,False,False,False,False,4.99
Poker Night at the Inventory,Nov 22 2010,71,5551,False,False,False,False,False,True,False,False,False,False,False,True,False,False,4.99
Back to the Future: The Game,Dec 23 2010,74,1619,False,False,False,False,True,False,False,False,False,False,False,False,False,False,19.99
Tunnel Rats,May 15 2009,30,0,False,False,False,True,False,False,False,False,False,False,False,False,False,False,19.99
Iron Grip: Warlord,Dec 5 2008,59,305,False,False,True,True,False,False,False,False,False,False,False,False,False,False,0.0
Nancy Drew(r): Danger by Design,Oct 10 2009,70,0,False,False,False,False,True,False,False,False,False,False,False,False,False,False,6.99
Nancy Drew(r): Last Train to Blue Moon Canyon,Oct 10 2009,77,0,False,False,False,False,True,False,False,False,False,False,False,False,False,False,6.99
Nancy Drew(r): The Haunted Carousel,Oct 10 2009,85,0,False,False,False,False,True,False,False,False,False,False,False,False,False,False,6.99
Nancy Drew(r): Curse of Blackmoor Manor,Oct 10 2009,81,0,False,False,False,False,False,False,False,False,False,False,False,False,False,False,6.99
Nancy Drew (r): Danger on Deception Island,Oct 10 2009,81,0,False,False,False,False,True,False,False,False,False,False,False,False,False,False,6.99
Nancy Drew(r): Legend of the Crystal Skull,Jul 17 2009,79,0,False,False,False,False,True,False,False,False,False,False,False,False,False,False,6.99
Nancy Drew(r): Secret of the Old Clock,Oct 10 2009,80,0,False,False,False,False,False,False,False,False,False,False,False,False,False,False,6.99
Nancy Drew(r): The Creature of Kapu Cave,Jul 17 2009,68,0,False,False,False,False,True,False,False,False,False,False,False,False,False,False,6.99
Nancy Drew(r): The Haunting of Castle Malloy,Jul 17 2009,81,0,False,False,False,False,True,False,False,False,False,False,False,False,False,False,6.99
Nancy Drew(r): The Phantom of Venice,Jul 17 2009,69,0,False,False,False,False,True,False,False,False,False,False,False,False,False,False,6.99
Nancy Drew(r): The White Wolf of Icicle Creek,Jul 17 2009,73,0,False,False,False,False,True,False,False,False,False,False,False,False,False,False,6.99
Nancy Drew(r): Ransom of the Seven Ships,Jul 21 2009,78,0,False,False,False,False,True,False,False,False,False,False,False,False,False,False,6.99
LEGO(r) Indiana Jones(tm): The Original Adventures,Jul 8 2009,78,132,False,False,False,True,True,False,False,False,False,False,False,False,False,False,19.99
STAR WARS(tm) Starfighter(tm),Jul 8 2009,71,320,False,False,False,True,False,False,False,False,True,False,False,False,False,False,5.99
The Secret of Monkey Island: Special Edition,Jul 15 2009,86,1201,False,False,False,False,True,False,False,False,False,False,False,False,False,False,9.99
STAR WARS(tm) Jedi Knight: Dark Forces II,Sep 16 2009,91,735,False,False,False,True,False,False,False,False,False,False,False,False,False,False,5.99
Lucidity(tm),Oct 7 2009,59,0,False,False,False,False,False,True,False,False,False,False,False,False,False,False,5.99
STAR WARS(tm) The Clone Wars(tm) - Republic Heroes(tm),Oct 6 2009,46,280,False,False,False,True,False,False,False,False,False,False,False,False,False,False,19.99
STAR WARS(tm) - The Force Unleashed(tm) Ultimate Sith Edition,Dec 15 2009,65,2351,False,False,False,True,False,False,False,False,False,False,False,False,False,False,19.99
LEGO(r) Star Wars(tm) - The Complete Saga,Nov 12 2009,77,1426,False,False,False,False,True,False,False,False,False,False,False,False,False,False,19.99
LEGO(r) Indiana Jones(tm) 2: The Adventure Continues,Feb 18 2010,66,0,False,False,False,False,True,False,False,False,False,False,False,False,False,False,19.99
Monkey Island(tm) 2 Special Edition: LeChucks Revenge(tm),Jul 7 2010,87,695,False,False,False,False,True,False,False,False,False,False,False,False,False,False,9.99
STAR WARS(tm): The Force Unleashed(tm) II,Oct 26 2010,59,2061,False,False,False,True,False,False,False,False,False,False,False,False,False,False,19.99
LEGO(r) Star Wars(tm) III - The Clone Wars(tm),Mar 22 2011,76,459,False,False,False,True,True,False,False,False,False,False,False,False,False,False,19.99
Delta Force Land Warrior,Jun 18 2009,74,0,False,False,False,True,False,False,False,False,False,False,False,False,False,False,9.99
Delta Force: Task Force Dagger,Jun 18 2009,51,0,False,False,False,True,False,False,False,False,False,False,False,False,False,False,9.99
Delta Force: Xtreme,Jun 18 2009,65,0,False,False,False,True,False,False,False,False,False,False,False,False,False,False,19.99
Delta Force: Black Hawk Down,Jun 18 2009,77,0,True,False,False,True,False,False,False,False,False,False,False,False,False,False,14.99
Comanche 4,Jun 18 2009,74,0,False,False,False,True,False,False,False,False,True,False,False,False,False,False,9.99
Lord of the Rings: War in the North,Nov 1 2011,66,5499,False,False,False,True,False,False,False,True,False,False,False,False,False,False,19.99
Restaurant Empire II,May 27 2009,64,120,False,False,True,False,False,True,True,False,True,False,False,False,False,False,19.99
Dawn of Discovery(tm),Jun 23 2009,82,142,False,False,False,False,False,False,True,False,True,False,False,False,False,False,9.99
Tom Clancys Splinter Cell Conviction(tm) Deluxe Edition,Apr 29 2010,83,1329,False,False,False,True,False,False,False,False,False,False,False,False,False,False,19.99
Assassins Creed 2 Deluxe Edition,Mar 9 2010,86,8656,False,False,False,True,True,False,False,False,False,False,False,False,False,False,19.99
Prince of Persia: The Forgotten Sands(tm),Jun 8 2010,75,540,False,False,False,True,True,False,False,False,False,False,False,False,False,False,9.99
Zeit2,Jan 12 2011,72,0,False,False,True,True,False,False,False,False,False,False,False,False,False,False,9.99
Call of Juarez(r): The Cartel,Sep 13 2011,51,742,False,False,False,True,True,False,False,False,False,False,False,False,False,False,9.99
Driver San Francisco,Sep 27 2011,80,2186,False,False,False,True,False,False,False,False,False,False,False,False,True,False,19.99
From Dust,Aug 17 2011,76,1667,False,False,False,False,True,False,False,False,True,False,False,False,False,False,14.99
Patrician III,Nov 18 2010,75,230,False,False,False,False,False,False,True,True,True,False,False,False,False,False,4.99
Broken Sword 3 - the Sleeping Dragon,Dec 2 2009,82,207,False,False,False,False,True,False,False,False,False,False,False,False,False,False,5.99
Disciples III - Renaissance Steam Special Edition,Jul 16 2010,56,225,False,False,False,False,False,False,True,True,False,False,False,False,False,False,14.99
Arma 2,Jun 29 2009,77,1928,False,False,False,True,False,False,True,False,True,False,False,False,False,False,12.99
Arma 2,Jun 29 2009,77,1928,False,False,False,True,False,False,True,False,True,False,False,False,False,False,12.99
Arma 2: Operation Arrowhead,Jun 29 2010,73,15312,False,False,False,True,False,False,True,False,True,False,False,False,False,False,19.99
Alternativa,Nov 5 2010,63,141,False,False,False,False,True,False,False,False,False,False,False,False,False,False,12.99
Alpha Protocol(tm),Jun 1 2010,72,2593,False,False,False,True,False,False,False,True,False,False,False,False,False,False,14.99
Alpha Protocol(tm),Jun 1 2010,72,2593,False,False,False,True,False,False,False,True,False,False,False,False,False,False,14.99
Napoleon: Total War(tm),Feb 23 2010,81,5919,False,False,False,False,False,False,True,False,False,False,False,False,False,False,19.99
Vancouver 2010(tm) - The Official Video Game of the Olympic Winter Games,Feb 18 2010,57,0,False,False,False,False,False,False,False,False,False,False,False,True,False,False,0.0
Sonic & SEGA All-Stars Racing,Mar 3 2010,65,451,False,False,False,False,False,False,False,False,False,False,False,False,True,False,9.99
Death to Spies: Moment of Truth,Aug 7 2009,73,233,False,False,False,True,False,False,False,False,False,False,False,False,False,False,9.99
Sid Meiers Civilization(r) IV,Oct 25 2006,94,887,False,False,False,False,False,False,True,False,False,False,False,False,False,False,19.99
Civilization IV(r): Warlords,Apr 6 2007,84,0,False,False,False,False,False,False,True,False,False,False,False,False,False,False,4.99
Civilization IV: Beyond the Sword,Jul 24 2007,86,780,False,False,False,False,False,False,True,False,False,False,False,False,False,False,9.99
Sid Meiers Civilization IV: Colonization,Sep 23 2008,83,255,False,False,False,False,False,False,True,False,False,False,False,False,False,False,19.99
Light of Altair,Jun 4 2009,66,0,False,False,True,False,False,False,True,False,True,False,False,False,False,False,14.99
Order of War(tm),Sep 17 2009,69,225,False,False,False,False,False,False,True,False,False,False,False,False,False,False,7.99
Massive Assault,Nov 4 2009,77,0,False,False,False,False,False,False,True,False,False,False,False,False,False,False,9.99
Massive Assault Network 2,Nov 4 2009,72,0,False,False,False,False,False,False,True,False,False,False,False,False,False,False,14.99
Chronicles of Mystery: The Scorpio Ritual,Jun 18 2009,62,0,False,False,False,False,True,False,False,False,False,False,False,False,False,False,4.99
Sniper: Ghost Warrior,Jun 24 2010,55,2105,False,False,False,True,False,False,False,False,False,False,False,False,False,False,7.99
Sniper: Ghost Warrior 2,Mar 11 2013,52,3682,False,False,False,True,False,False,False,False,False,False,False,False,False,False,19.99
Razor2: Hidden Skies,Jul 19 2010,61,195,False,False,True,True,False,True,False,False,False,False,False,False,False,False,9.99
Mini Ninjas,Sep 8 2009,74,711,False,False,False,True,True,False,False,False,False,False,False,False,False,False,9.99
Batman: Arkham Asylum Game of the Year Edition,Mar 26 2010,91,13356,False,False,False,True,True,False,False,False,False,False,False,False,False,False,19.99
Lara Croft and the Guardian of Light,Sep 28 2010,82,1991,False,False,False,True,True,False,False,False,False,False,False,False,False,False,9.99
Batman: Arkham Asylum Game of the Year Edition,Mar 26 2010,91,13356,False,False,False,True,True,False,False,False,False,False,False,False,False,False,19.99
Clutch,Jul 20 2009,51,102,False,False,False,True,False,False,False,False,False,False,False,False,True,False,9.99
Red Orchestra 2: Heroes of Stalingrad with Rising Storm,Sep 13 2011,76,20235,False,False,False,True,False,False,False,False,False,False,False,False,False,False,19.99
The Ball,Oct 26 2010,68,674,False,False,True,True,True,False,False,False,False,False,False,False,False,False,9.99
Trine Enchanted Edition,Jul 2 2009,80,6891,False,False,True,True,True,False,False,False,False,False,False,False,False,False,14.99
Trine 2: Complete Story,Jun 6 2013,84,12617,False,False,True,True,True,False,False,False,False,False,False,False,False,False,19.99
Trine 2: Complete Story,Jun 6 2013,84,12617,False,False,True,True,True,False,False,False,False,False,False,False,False,False,19.99
Forsaken World,Jun 14 2011,69,821,True,False,False,True,False,False,False,True,False,False,True,False,False,True,0.0
Ninja Blade,Nov 19 2009,61,114,False,False,False,True,False,False,False,False,False,False,False,False,False,False,9.99
UFO: Extraterrestrials Gold,Feb 17 2010,68,124,False,False,False,False,False,False,True,False,False,False,False,False,False,False,9.99
Emerald City Confidential(tm),Aug 12 2009,71,0,False,False,False,False,True,False,False,False,False,False,False,False,False,False,9.99
Time Gentlemen Please! and Ben There Dan That! Special Edition  Double Pack,Aug 25 2009,84,527,False,False,True,False,True,False,False,False,False,False,False,False,False,False,4.99
Time Gentlemen Please! and Ben There Dan That! Special Edition  Double Pack,Aug 25 2009,84,527,False,False,True,False,True,False,False,False,False,False,False,False,False,False,4.99
Darkest of Days,September 2009,51,149,False,False,False,True,False,False,False,False,False,False,False,False,False,False,19.99
Quantz,Sep 3 2009,67,0,False,False,True,False,False,True,False,False,False,False,False,False,False,False,9.99
Roogoo,Dec 17 2009,72,330,False,False,False,False,False,True,False,False,False,False,False,False,False,False,1.99
Counter-Strike: Condition Zero,Mar 1 2004,65,7073,False,False,False,True,False,False,False,False,False,False,False,False,False,False,9.99
Portal 2,Apr 18 2011,95,73144,False,False,False,True,True,False,False,False,False,False,False,False,False,False,19.99
SiN Episodes: Emergence,May 10 2006,75,386,False,False,False,True,False,False,False,False,False,False,False,False,False,False,9.99
SiN Episodes: Emergence,May 10 2006,75,386,False,False,False,True,False,False,False,False,False,False,False,False,False,False,9.99
Dark Messiah of Might & Magic,Oct 25 2006,72,2777,False,False,False,True,False,False,False,True,False,False,False,False,False,False,9.99
Gumboy - Crazy Adventures(tm),Dec 19 2006,69,0,True,False,True,False,False,True,False,False,False,False,False,False,False,False,4.99
Natural Selection 2,Oct 30 2012,80,7874,False,False,True,True,False,False,True,False,False,False,False,False,False,False,9.99
Shank,Oct 25 2010,67,1233,False,False,True,True,False,False,False,False,False,False,False,False,False,False,9.99
RAGE,Oct 3 2011,79,8174,False,False,False,True,False,False,False,False,False,False,False,False,False,False,9.99
Call of Duty(r): Modern Warfare(r) 2,Nov 11 2009,86,22245,False,False,False,True,False,False,False,False,False,False,False,False,False,False,19.99
IL-2 Sturmovik: 1946,Jun 13 2008,86,879,False,False,False,False,False,False,False,False,True,False,False,False,False,False,9.99
Crysis Warhead(r),Sep 17 2008,84,1131,False,False,False,True,False,False,False,False,False,False,False,False,False,False,19.99
DeathSpank,Oct 25 2010,77,419,False,False,True,True,False,False,False,True,False,False,False,False,False,False,14.99
Crazy Machines 1.5,Dec 12 2008,78,0,False,False,False,False,False,True,True,False,False,False,False,False,False,False,9.99
Crazy Machines 1.5,Dec 12 2008,78,0,False,False,False,False,False,True,True,False,False,False,False,False,False,False,9.99
F.E.A.R.,May 21 2010,88,3985,False,False,False,True,False,False,False,False,False,False,False,False,False,False,9.99
F.E.A.R.,May 21 2010,88,3985,False,False,False,True,False,False,False,False,False,False,False,False,False,False,9.99
BRINK,May 9 2011,70,2881,False,False,False,True,False,False,False,False,False,False,False,False,False,False,7.99
BRINK,May 9 2011,70,2881,False,False,False,True,False,False,False,False,False,False,False,False,False,False,7.99
Fallout: New Vegas,Oct 19 2010,84,41021,False,False,False,True,False,False,False,True,False,False,False,False,False,False,9.99
Sword of the Stars: Complete Collection,Jun 4 2010,75,294,False,False,False,False,False,False,True,False,False,False,False,False,False,False,9.99
Tom Clancys Splinter Cell Conviction(tm) Deluxe Edition,Apr 29 2010,83,1328,False,False,False,True,False,False,False,False,False,False,False,False,False,False,19.99
Arma 2,Jun 29 2009,77,1929,False,False,False,True,False,False,True,False,True,False,False,False,False,False,12.99
Alpha Protocol(tm),Jun 1 2010,72,2593,False,False,False,True,False,False,False,True,False,False,False,False,False,False,14.99
Sid Meiers Civilization(r) IV,Oct 25 2006,94,888,False,False,False,False,False,False,True,False,False,False,False,False,False,False,19.99
Civilization IV(r): Warlords,Apr 6 2007,84,0,False,False,False,False,False,False,True,False,False,False,False,False,False,False,4.99
Civilization IV: Beyond the Sword,Jul 24 2007,86,780,False,False,False,False,False,False,True,False,False,False,False,False,False,False,9.99
Sid Meiers Civilization IV: Colonization,Sep 23 2008,83,255,False,False,False,False,False,False,True,False,False,False,False,False,False,False,19.99
Batman: Arkham Asylum Game of the Year Edition,Mar 26 2010,91,13358,False,False,False,True,True,False,False,False,False,False,False,False,False,False,19.99
Trine 2: Complete Story,Jun 6 2013,84,12620,False,False,True,True,True,False,False,False,False,False,False,False,False,False,19.99
Time Gentlemen Please! and Ben There Dan That! Special Edition  Double Pack,Aug 25 2009,84,529,False,False,True,False,True,False,False,False,False,False,False,False,False,False,4.99
Hotel Giant 2,Jan 27 2010,58,0,False,False,False,False,False,False,False,False,True,False,False,False,False,False,7.99
Fallout: A Post Nuclear Role Playing Game,Aug 19 2009,89,2648,False,False,False,False,False,False,False,True,False,False,False,False,False,False,9.99
Fallout 2: A Post Nuclear Role Playing Game,Aug 19 2009,86,2294,False,False,False,False,False,False,False,True,False,False,False,False,False,False,9.99
Fallout Tactics: Brotherhood of Steel,Aug 19 2009,82,596,False,False,False,False,False,False,True,False,False,False,False,False,False,False,9.99
Sacrifice,Aug 19 2009,89,234,False,False,False,False,False,False,False,False,False,False,False,False,False,False,9.99
MDK 2,Sep 17 2009,83,0,False,False,False,True,False,False,False,False,False,False,False,False,False,False,9.99
Toki Tori,Jan 28 2010,80,1606,False,False,True,False,False,True,False,False,False,False,False,False,False,False,4.99
RUSH,Dec 3 2010,73,1081,False,False,True,False,False,True,True,False,False,False,False,False,False,False,4.99
EDGE,Aug 11 2011,74,1555,False,False,True,True,False,False,False,False,False,False,False,False,False,False,7.99
CrimeCraft: GangWars,Aug 22 2011,68,1844,True,False,False,True,False,False,False,True,False,False,True,False,False,True,0.0
RIFT,Mar 1 2011,84,8009,True,False,False,False,False,False,False,True,False,False,True,False,False,True,0.0
Dungeon Siege III,Jun 20 2011,72,1262,False,False,False,True,False,False,False,True,False,False,False,False,False,False,14.99
Dungeon Siege,Apr 5 2011,86,796,False,False,False,False,False,False,False,True,False,False,False,False,False,False,6.99
Dungeon Siege II,Aug 16 2005,80,536,False,False,False,False,False,False,False,True,False,False,False,False,False,False,6.99
FINAL FANTASY(r) XIV: A Realm Reborn(tm),Feb 18 2014,83,5022,False,False,False,False,False,False,False,True,False,False,False,False,False,True,19.99
Gothic(r) 3,Dec 2 2009,63,1707,False,False,False,True,False,False,False,True,False,False,False,False,False,False,9.99
Gothic II: Gold Edition,,79,1541,False,False,False,True,False,False,False,True,False,False,False,False,False,False,9.99
The Guild Gold Edition,Sep 9 2014,82,105,False,False,False,False,False,False,True,False,True,False,False,False,False,False,9.99
Painkiller: Black Edition,Jan 24 2007,81,0,False,False,False,True,False,False,False,False,False,False,False,False,False,False,9.99
SpellForce - Platinum Edition,Nov 3 2009,74,405,False,False,False,True,False,False,False,True,False,False,False,False,False,False,9.99
SpellForce 2: Gold Edition,Oct 29 2009,80,247,False,False,False,True,False,False,False,True,False,False,False,False,False,False,14.99
Painkiller: Resurrection,Oct 27 2009,38,169,False,False,False,True,False,False,False,False,False,False,False,False,False,False,9.99
AquaNox,Apr 20 2010,67,156,False,False,False,True,False,False,False,False,False,False,False,False,False,False,4.99
AquaNox 2: Revelation,Apr 20 2010,59,0,False,False,False,True,False,False,False,False,False,False,False,False,False,False,4.99
The Guild II,Jun 24 2010,61,403,False,False,False,False,False,False,True,False,True,False,False,False,False,False,9.99
The Guild II - Pirates of the European Seas,Jun 24 2010,63,0,False,False,False,False,False,False,True,False,True,False,False,False,False,False,9.99
Chaser,Jul 16 2010,66,590,False,False,False,True,False,False,False,False,False,False,False,False,False,False,4.99
The Guild II Renaissance,Jul 28 2010,56,1188,False,False,False,False,False,False,True,False,True,False,False,False,False,False,9.99
ArcaniA,Oct 15 2010,63,958,False,False,False,False,False,False,False,True,False,False,False,False,False,False,19.99
Supreme Commander 2,Mar 1 2010,77,4468,False,False,False,False,False,False,True,False,False,False,False,False,False,False,12.99
Risen,Oct 2 2009,77,2622,False,False,False,False,False,False,False,True,False,False,False,False,False,False,9.99
Rush for Berlin Gold,Oct 29 2009,76,0,False,False,False,False,False,False,True,False,False,False,False,False,False,False,4.99
Secret Files 2: Puritas Cordis,Oct 29 2009,64,0,False,False,False,False,True,False,False,False,False,False,False,False,False,False,9.99
Lost Horizon,Sep 24 2010,77,145,False,False,False,False,True,False,False,False,False,False,False,False,False,False,9.99
naild,Nov 30 2010,69,852,False,False,False,False,False,False,False,False,False,False,False,False,True,False,4.99
Risen 2: Dark Waters,Apr 26 2012,69,2682,False,False,False,False,False,False,False,True,False,False,False,False,False,False,9.99
AI War: Fleet Command,Oct 21 2009,80,848,False,False,True,False,False,False,True,False,False,False,False,False,False,False,9.99
Tidalis,Jul 16 2010,75,164,False,False,True,False,False,True,False,False,False,False,False,False,False,False,4.99
Machinarium,Oct 16 2009,85,2748,False,False,True,False,True,False,False,False,False,False,False,False,False,False,9.99
Super Meat Boy,Nov 30 2010,87,18033,False,False,True,False,False,False,False,False,False,False,False,False,False,False,14.99
The Misadventures of P.B. Winterbottom,Apr 20 2010,79,315,False,False,True,False,True,False,False,False,False,False,False,False,False,False,4.99
Stronghold HD,Oct 21 2013,81,1702,False,False,False,False,False,False,True,False,True,False,False,False,False,False,5.99
Stronghold HD,Oct 21 2013,81,1702,False,False,False,False,False,False,True,False,True,False,False,False,False,False,5.99
Stronghold Crusader HD,Oct 21 2013,78,1732,False,False,False,False,False,False,True,False,True,False,False,False,False,False,9.99
Stronghold HD,Oct 21 2013,81,1702,False,False,False,False,False,False,True,False,True,False,False,False,False,False,5.99
Serious Sam HD: The First Encounter,Nov 24 2009,68,2450,False,False,True,True,False,False,False,False,False,False,False,False,False,False,14.99
Serious Sam HD: The Second Encounter,Apr 28 2010,76,0,False,False,True,True,False,False,False,False,False,False,False,False,False,False,19.99
Serious Sam Classic: The First Encounter,Mar 22 2010,87,766,False,False,True,True,False,False,False,False,False,False,False,False,False,False,99.99
Serious Sam Classic: The Second Encounter,Sep 22 2010,85,445,False,False,True,True,False,False,False,False,False,False,False,False,False,False,99.99
Serious Sam 3: BFE,Nov 22 2011,72,11601,False,False,True,True,False,False,False,False,False,False,False,False,False,False,39.99
Altitude,Dec 4 2009,79,1406,True,False,True,True,False,False,False,False,False,False,True,False,False,False,0.0
Torchlight,Oct 27 2009,83,3175,False,False,False,False,False,False,False,True,False,False,False,False,False,False,14.99
S.T.A.L.K.E.R.: Call of Pripyat,Feb 11 2010,80,4515,False,False,False,True,False,False,False,True,False,False,False,False,False,False,19.99
Gratuitous Space Battles,Nov 16 2009,72,574,False,False,True,False,False,False,True,False,True,False,False,False,False,False,14.99
The Bards Tale,Dec 11 2009,70,467,False,False,False,True,True,False,False,False,False,False,False,False,False,False,9.99
Lead and Gold: Gangs of the Wild West,Apr 8 2010,70,1216,False,False,False,True,False,False,False,False,False,False,False,False,False,False,9.99
Hamiltons Great Adventure,May 31 2011,77,229,False,False,True,False,True,True,False,False,False,False,False,False,False,False,9.99
War of the Roses,Feb 6 2013,73,4417,False,False,False,True,False,False,False,False,False,False,False,False,False,False,0.0
Krater,Jun 12 2012,52,656,False,False,True,True,True,False,True,True,False,False,False,False,False,False,14.99
Nancy Drew(r) Dossier(tm): Resorting to Danger!,Nov 19 2009,77,0,False,False,False,False,False,False,False,False,False,False,False,False,False,False,6.99
Transformers(tm): War for Cybertron(tm),Jun 22 2010,75,1266,False,False,False,True,False,False,False,False,False,False,False,False,False,False,19.99
Singularity(tm),Jun 30 2010,76,1677,False,False,False,True,False,False,False,False,False,False,False,False,False,False,29.99
Call of Duty(r): Black Ops,Nov 9 2010,81,11095,False,False,False,True,False,False,False,False,False,False,False,False,False,False,39.99
Call of Duty(r): Black Ops,Nov 9 2010,81,11095,False,False,False,True,False,False,False,False,False,False,False,False,False,False,39.99
Hearts of Iron III: Semper Fi,Jun 7 2010,65,0,False,False,False,False,False,False,True,False,False,False,False,False,False,False,4.99
Magicka,Jan 25 2011,74,17631,False,False,False,True,False,False,False,True,False,False,False,False,False,False,9.99
The Kings Crusade,Oct 8 2010,71,0,False,False,False,False,False,False,True,False,False,False,False,False,False,False,9.99
Elven Legacy: Ranger,Oct 20 2009,68,0,False,False,False,False,False,False,True,False,False,False,False,False,False,False,1.99
Victoria II,Aug 30 2010,75,2640,False,False,False,False,False,False,True,False,False,False,False,False,False,False,19.99
Sword of the Stars II: Enhanced Edition,Nov 30 2012,65,643,False,False,False,False,False,False,True,False,False,False,False,False,False,False,19.99
Front Mission Evolved,Sep 28 2010,63,569,False,False,False,True,False,False,False,False,False,False,False,False,False,False,9.99
Metro 2033,Mar 15 2010,81,15639,False,False,False,True,False,False,False,False,False,False,False,False,False,False,14.99
The Haunted: Hells Reach,Oct 24 2011,51,398,False,False,True,True,False,False,False,False,False,False,False,False,False,False,8.99
M.U.D. TV,Apr 19 2010,53,131,False,False,False,False,False,False,True,False,True,False,False,False,False,False,9.99
Nancy Drew(r): Warnings at Waverly Academy,Jan 13 2010,76,0,False,False,False,False,True,False,False,False,False,False,False,False,False,False,6.99
Galcon Fusion,Feb 11 2010,68,146,False,False,True,False,False,False,True,False,False,False,False,False,False,False,9.99
F1 2010(tm),Sep 21 2010,84,250,False,False,False,False,False,False,False,False,True,False,False,True,True,False,9.99
Operation Flashpoint: Red River,Jun 6 2011,67,991,False,False,False,True,False,False,True,False,False,False,False,False,False,False,9.99
GRID 2,May 27 2013,80,9495,False,False,False,False,False,False,False,False,False,False,False,True,True,False,29.99
F1 2011,Sep 19 2011,83,171,False,False,False,False,False,False,False,False,True,False,False,True,True,False,14.99
RACE Injection,Nov 18 2011,72,0,False,False,False,False,False,False,False,False,False,False,False,False,True,False,12.99
GT Legends,Nov 28 2012,84,171,False,False,False,False,False,False,False,False,True,False,False,True,True,False,7.99
Sol Survivor,Mar 15 2010,75,250,False,False,True,False,False,False,True,False,False,False,False,False,False,False,9.99
Wings of Prey,Jan 8 2010,78,338,False,False,False,False,False,False,False,False,True,False,False,False,False,False,9.99
Ignite,Oct 28 2011,59,228,False,False,False,False,False,False,False,False,False,False,False,False,True,False,9.99
Fortix 2,May 6 2011,74,442,False,False,True,False,False,True,False,False,False,False,False,False,False,False,1.99
Devil May Cry 4,Dec 22 2009,78,1545,False,False,False,True,True,False,False,False,False,False,False,False,False,False,19.99
Dark Void(tm),Jan 19 2010,57,352,False,False,False,True,True,False,False,False,False,False,False,False,False,False,9.99
Lost Planet: Extreme Condition Colonies Edition,Feb 11 2010,70,147,False,False,False,True,True,False,False,False,False,False,False,False,False,False,19.99
Dead Rising(r) 2,Sep 27 2010,78,2262,False,False,False,True,True,False,False,False,False,False,False,False,False,False,19.99
Lost Planet(r) 2,Oct 15 2010,63,921,False,False,False,True,True,False,False,False,False,False,False,False,False,False,19.99
Dead Rising 2: Off the Record,Oct 11 2011,66,901,False,False,False,True,True,False,False,False,False,False,False,False,False,False,19.99
Bob Came in Pieces,Jan 22 2010,73,0,False,False,True,False,True,False,False,False,False,False,False,False,False,False,6.99
Theatre of War,Jul 9 2010,66,137,False,False,False,False,False,False,True,False,False,False,False,False,False,False,3.99
Theatre of War 2: Africa 1943,Jul 9 2010,63,0,False,False,False,False,False,False,True,False,True,False,False,False,False,False,8.99
Rig n Roll,Jul 9 2010,61,268,False,False,False,False,False,False,False,False,True,False,False,False,False,False,9.99
Reign: Conflict of Nations,Jul 12 2010,60,0,False,False,False,False,False,False,True,False,False,False,False,False,False,False,3.99
Avencast: Rise of the Mage,Mar 17 2010,68,377,False,False,False,True,False,False,False,True,False,False,False,False,False,False,9.99
Grotesque Tactics: Evil Heroes,Oct 15 2010,65,275,False,False,True,False,False,False,True,True,False,False,False,False,False,False,9.99
Still Life,Jun 1 2011,75,353,False,False,False,False,True,False,False,False,False,False,False,False,False,False,7.99
Still Life 2,Jun 1 2011,67,176,False,False,False,False,True,False,False,False,False,False,False,False,False,False,7.99
Syberia,May 19 2011,82,1302,False,False,False,False,True,True,False,False,False,False,False,False,False,False,12.99
Syberia II,May 19 2011,80,515,False,False,False,False,True,False,False,False,False,False,False,False,False,False,12.99
Trapped Dead,Jul 15 2011,50,581,False,False,False,True,False,False,True,False,False,False,False,False,False,False,4.99
Post Mortem,Aug 26 2011,71,132,False,False,False,False,True,False,False,False,False,False,False,False,False,False,7.99
Robin Hood: The Legend of Sherwood,Aug 26 2011,80,443,False,False,False,False,False,False,True,False,False,False,False,False,False,False,7.99
Grotesque Tactics 2 - Dungeons and Donuts,Nov 21 2011,48,138,False,False,True,False,True,False,True,True,False,False,False,False,False,False,9.99
Dark Fall: Lost Souls,Apr 21 2010,75,142,False,False,True,False,True,False,False,False,False,False,False,False,False,False,12.99
Making History II: The War of the World,Aug 27 2010,38,194,False,False,True,False,False,False,True,False,True,False,False,False,False,False,14.99
Armada 2526,Apr 8 2011,66,0,False,False,False,False,False,False,True,False,False,False,False,False,False,False,14.99
Stronghold Kingdoms,Feb 27 2012,75,6647,True,False,False,False,False,False,True,False,False,False,True,False,False,True,0.0
Puzzle Quest 2,Aug 12 2010,83,259,False,False,False,False,False,True,False,True,False,False,False,False,False,False,9.99
Command & Conquer 4: Tiberian Twilight,Mar 16 2010,64,1110,False,False,False,False,False,False,True,False,False,False,False,False,False,False,19.99
Dragon Age(tm): Origins Awakening,Mar 16 2010,82,0,False,False,False,False,False,False,False,True,False,False,False,False,False,False,9.99
Dead Space(tm) 2,Jan 25 2011,87,5375,False,False,False,True,False,False,False,False,False,False,False,False,False,False,19.99
Medal of Honor(tm),Oct 12 2010,72,3099,False,False,False,True,False,False,False,False,False,False,False,False,False,False,19.99
RISK(tm): Factions,Mar 8 2011,77,317,False,False,False,False,False,False,True,False,False,False,False,False,False,False,9.99
Dragon Age: Origins - Ultimate Edition,Oct 26 2010,91,6848,False,False,False,False,False,False,False,True,False,False,False,False,False,False,29.99
Medal of Honor(tm),Oct 12 2010,72,3099,False,False,False,True,False,False,False,False,False,False,False,False,False,False,19.99
Need For Speed: Hot Pursuit,Dec 14 2010,86,6554,False,False,False,False,False,False,False,False,False,False,False,False,True,False,19.99
Battlefield: Bad Company 2 Vietnam,Dec 18 2010,86,181,False,False,False,True,False,False,False,False,False,False,False,False,False,False,14.99
Battlefield: Bad Company 2 Vietnam,Dec 18 2010,86,181,False,False,False,True,False,False,False,False,False,False,False,False,False,False,14.99
The Sims(tm) 3,Jan 27 2011,86,6191,False,False,False,False,False,False,False,False,True,False,False,False,False,False,19.99
Shift 2 Unleashed,Mar 29 2011,84,1172,False,False,False,False,False,False,False,False,False,False,False,False,True,False,19.99
The Sims(tm) 3,Jan 27 2011,86,6192,False,False,False,False,False,False,False,False,True,False,False,False,False,False,19.99
LIMBO,Aug 2 2011,88,17808,False,False,True,False,True,False,False,False,False,False,False,False,False,False,9.99
Silent Hunter 5(r): Battle of the Atlantic,March 2010,62,686,False,False,False,False,False,False,False,False,True,False,False,False,False,False,9.99
Assassins Creed 2 Deluxe Edition,Mar 9 2010,86,8664,False,False,False,True,True,False,False,False,False,False,False,False,False,False,19.99
Assassins Creed(r) Brotherhood,Mar 22 2011,88,4337,False,False,False,True,True,False,False,False,False,False,False,False,False,False,19.99
The Settlers 7: Paths to a Kingdom: Deluxe Gold Edition,Mar 10 2011,79,0,False,False,False,False,False,False,True,False,False,False,False,False,False,False,19.99
Might & Magic: Heroes VI,Oct 13 2011,77,4277,False,False,False,False,False,False,True,True,False,False,False,False,False,False,19.99
Anno 2070(tm),Nov 17 2011,83,7284,False,False,False,False,False,False,True,False,False,False,False,False,False,False,19.99
Mount & Blade: Warband,Mar 31 2010,78,43319,False,False,False,True,False,False,False,True,False,False,False,False,False,False,19.99
Mount & Blade: With Fire & Sword,May 3 2011,68,4221,False,False,False,True,False,False,False,True,False,False,False,False,False,False,9.99
Ship Simulator Extremes,Aug 27 2010,49,1009,False,False,False,False,False,False,False,False,True,False,False,False,False,False,19.99
Greed Corp,Dec 10 2010,76,401,False,False,False,False,False,False,True,False,False,False,False,False,False,False,9.99
Commander: Conquest of the Americas,Jul 30 2010,68,108,False,False,False,False,False,False,True,False,False,False,False,False,False,False,9.99
Pirates of Black Cove,Aug 2 2011,56,104,False,False,False,False,False,False,True,False,False,False,False,False,False,False,9.99
Duels of the Planeswalkers Gold Deck Bundle,May 18 2011,69,0,False,False,False,False,False,False,True,False,False,False,False,False,False,False,9.99
Magic: The Gathering - Duels of the Planeswalkers 2012,Jun 15 2011,77,682,True,False,False,False,False,False,True,False,False,False,False,False,False,False,19.99
Borderlands 2,Sep 17 2012,89,86362,False,False,False,True,False,False,False,True,False,False,False,False,False,False,19.99
Aliens: Colonial Marines Collection,,45,6035,False,False,False,True,False,False,False,False,False,False,False,False,False,False,29.99
Beat Hazard,Apr 15 2010,70,5250,False,False,True,True,False,True,False,False,False,False,False,False,False,False,9.99
CreaVures,Feb 23 2011,55,101,False,False,True,False,False,False,False,False,False,False,False,False,False,False,4.99
Plain Sight,Apr 5 2010,76,227,False,False,True,True,False,False,False,False,False,False,False,False,False,False,4.99
Nimbus,Oct 25 2010,80,166,False,False,True,False,False,False,False,False,False,False,False,False,True,False,9.99
Sid Meiers Civilization(r) V,Sep 21 2010,90,85790,False,False,False,False,False,False,True,False,False,False,False,False,False,False,29.99
Mafia II,Mar 22 2011,77,19403,False,False,False,True,False,False,False,False,False,False,False,False,False,False,29.99
Spec Ops: The Line,Jun 25 2012,76,19624,False,False,False,True,True,False,False,False,False,False,False,False,False,False,29.99
Burn Zombie Burn!,Aug 12 2010,72,138,False,False,False,True,False,False,False,False,False,False,False,False,False,False,9.99
Darksiders(tm),Sep 22 2010,83,7445,False,False,False,True,True,False,False,False,False,False,False,False,False,False,19.99
Darksiders(tm),Sep 22 2010,83,7445,False,False,False,True,True,False,False,False,False,False,False,False,False,False,19.99
Tactical Intervention,Oct 8 2013,47,13219,True,False,False,True,False,False,False,False,False,False,True,False,False,False,0.0
Portal,Oct 10 2007,90,27546,False,False,False,True,False,False,False,False,False,False,False,False,False,False,9.99
Flotilla,April 2010,72,158,False,False,True,False,True,False,True,False,False,False,False,False,False,False,9.99
Atom Zombie Smasher,Mar 14 2011,75,1337,False,False,True,False,False,False,True,False,False,False,False,False,False,False,9.99
Homefront,Mar 14 2011,70,2489,False,False,False,True,False,False,False,False,False,False,False,False,False,False,19.99
Red Faction(r): Armageddon(tm),Jun 6 2011,75,2775,False,False,False,True,False,False,False,False,False,False,False,False,False,False,19.99
Warhammer 40000: Space Marine,Sep 5 2011,74,6203,False,False,False,True,False,False,False,False,False,False,False,False,False,False,29.99
Saints Row: The Third,Nov 14 2011,84,30053,False,False,False,True,False,False,False,False,False,False,False,False,False,False,14.99
Puzzle Dimension,Jun 21 2010,79,393,False,False,True,False,False,True,False,False,False,False,False,False,False,False,2.99
Amnesia: The Dark Descent,Sep 8 2010,85,14322,False,False,True,True,True,False,False,False,False,False,False,False,False,False,19.99
Patrician IV - Steam Special Edition,Sep 17 2010,66,191,False,False,False,False,False,False,True,False,False,False,False,False,False,False,14.99
DUNGEONS - Steam Special Edition,Feb 10 2011,65,339,False,False,False,False,False,False,True,True,False,False,False,False,False,False,9.99
The First Templar - Steam Special Edition,May 12 2011,57,454,False,False,False,True,True,False,False,False,False,False,False,False,False,False,9.99
Tropico 4: Steam Special Edition,Sep 1 2011,78,6855,False,False,False,False,False,False,True,False,True,False,False,False,False,False,14.99
Whos That Flying?!,Jan 31 2011,76,132,False,False,True,True,False,True,False,False,False,False,False,False,False,False,5.99
Jagged Alliance - Back in Action,Feb 8 2012,62,846,False,False,False,False,False,False,True,True,True,False,False,False,False,False,19.99
Doc Clock: The Toasted Sandwich of Time,Oct 15 2010,62,152,False,False,True,False,True,True,False,False,False,False,False,False,False,False,4.99
Duke Nukem Forever,Jun 13 2011,54,4451,False,False,False,True,False,False,False,False,False,False,False,False,False,False,19.99
Jolly Rover,Jun 7 2010,71,241,False,False,True,False,True,True,False,False,False,False,False,False,False,False,9.99
MacGuffins Curse,Apr 19 2012,73,0,False,False,True,False,True,True,False,False,False,False,False,False,False,False,9.99
Turba,July 2010,76,107,False,False,True,False,False,True,False,False,False,False,False,False,False,False,4.99
Blood Bowl(r) Legendary Edition,Oct 28 2010,73,742,False,False,False,False,False,False,True,False,False,False,False,True,False,False,19.99
Runaway: A Twist of Fate,Apr 21 2011,79,137,False,False,False,False,True,False,False,False,False,False,False,False,False,False,9.99
The Next BIG Thing,Apr 21 2011,75,252,False,False,False,False,True,False,False,False,False,False,False,False,False,False,9.99
Wargame: European Escalation,Feb 22 2012,81,1948,False,False,False,False,False,False,True,False,False,False,False,False,False,False,9.99
Battle: Los Angeles,Mar 11 2011,38,105,False,False,False,True,False,False,False,False,False,False,False,False,False,False,9.99
Age of Wonders II: The Wizards Throne,October 2010,86,0,False,False,False,False,False,False,True,True,False,False,False,False,False,False,9.99
Age of Wonders Shadow Magic,October 2010,82,162,False,False,False,False,False,False,True,True,False,False,False,False,False,False,9.99
Might & Magic: Clash of Heroes,Sep 22 2011,76,979,False,False,False,False,False,False,True,True,False,False,False,False,False,False,9.99
HOARD,Apr 4 2011,65,691,False,False,True,True,False,True,True,False,False,False,False,False,False,False,9.99
Alter Ego,Aug 3 2010,59,106,False,False,False,False,True,False,False,False,False,False,False,False,False,False,9.99
Monday Night Combat,Jan 24 2011,82,744,False,False,True,True,False,False,True,False,False,False,False,True,False,False,4.99
Monday Night Combat,Jan 24 2011,82,744,False,False,True,True,False,False,True,False,False,False,False,True,False,False,4.99
Sniper Elite V2,Apr 30 2012,66,20555,False,False,False,True,False,False,False,False,False,False,False,False,False,False,29.99
realMYST,Aug 4 2010,66,185,False,False,False,False,True,True,False,False,False,False,False,False,False,False,5.99
Riven: The Sequel to MYST,Aug 4 2010,83,222,False,False,False,False,True,True,False,False,False,False,False,False,False,False,5.99
Fantasy Wars,Aug 6 2010,67,0,False,False,False,False,False,False,True,False,False,False,False,False,False,False,4.99
Kings Bounty: Crossworlds,Sep 17 2010,78,273,False,False,False,False,False,False,True,True,False,False,False,False,False,False,19.99
Men of War: Vietnam,Sep 8 2011,68,408,False,False,False,False,False,False,True,False,False,False,False,False,False,False,7.99
IL-2 Sturmovik: Cliffs of Dover,Jul 19 2011,60,555,False,False,False,False,False,False,False,False,True,False,False,False,False,False,9.99
Theatre of War 3: Korea,Mar 24 2011,49,0,False,False,False,False,False,False,True,False,False,False,False,False,False,False,9.99
Men of War: Assault Squad,Feb 24 2011,77,2473,False,False,False,False,False,False,True,False,False,False,False,False,False,False,9.99
Kaptain Brawe: A Brawe New World,Jan 20 2011,69,0,False,False,False,False,True,False,False,False,False,False,False,False,False,False,6.99
Dustforce DX,Jan 17 2012,79,1535,False,False,True,True,False,False,False,False,False,False,False,False,False,False,9.99
Aura: Fate of the Ages,Oct 4 2010,63,115,False,False,False,False,True,False,False,False,False,False,False,False,False,False,4.99
SpellForce 2: Faith in Destiny,Jun 19 2012,55,159,False,False,False,False,False,False,True,True,False,False,False,False,False,False,14.99
Gothic 1,Mar 15 2001,81,1469,True,False,False,True,False,False,False,True,False,False,False,False,False,False,19.99
Painkiller Redemption,Feb 25 2011,43,280,False,False,False,True,False,False,False,False,False,False,False,False,False,False,4.99
Take On Helicopters,Oct 27 2011,70,511,False,False,False,False,False,False,False,False,True,False,False,False,False,False,19.99
Dungeon Defenders,Oct 18 2011,81,10059,False,False,True,True,False,False,True,True,False,False,False,False,False,False,14.99
The Bureau: XCOM Declassified,Aug 19 2013,66,5556,False,False,False,True,False,False,False,False,False,False,False,False,False,False,19.99
Sid Meiers Civilization(r): Beyond Earth(tm),Oct 23 2014,81,15657,False,False,False,False,False,False,True,False,False,False,False,False,False,False,39.99
The Darkness II,Feb 6 2012,77,6337,False,False,False,True,False,False,False,False,False,False,False,False,False,False,29.99
Dino D-Day,Apr 8 2011,53,12517,False,False,True,True,False,False,False,False,False,False,False,False,False,False,9.99
VVVVVV,Sep 7 2010,81,5603,False,False,True,True,False,False,False,False,False,False,False,False,False,False,4.99
Recettear: An Item Shops Tale,Sep 10 2010,82,3970,False,False,True,False,False,False,False,True,False,False,False,False,False,False,19.99
Chantelise - A Tale of Two Sisters,Jul 29 2011,62,470,False,False,True,True,False,False,False,True,False,False,False,False,False,False,9.99
Worms Ultimate Mayhem,Sep 28 2011,66,1401,False,False,False,False,False,False,True,False,False,False,False,False,False,False,14.99
Worms Blast,Oct 19 2011,73,150,False,False,False,False,False,True,True,False,False,False,False,False,False,False,7.99
Evochron Mercenary,Jan 16 2012,70,372,False,False,True,True,False,False,False,False,True,False,False,False,False,False,19.99
Sonic Generations Collection,Nov 3 2011,77,4707,False,False,False,True,False,False,False,False,False,False,False,False,False,False,19.99
Closure,Sep 7 2012,78,659,False,False,True,False,False,False,False,False,False,False,False,False,False,False,9.99
Universe Sandbox,Apr 29 2011,83,2648,False,False,True,False,False,True,False,False,True,False,False,False,False,False,9.99
The Elder Scrolls V: Skyrim,Nov 10 2011,94,182587,False,False,False,False,False,False,False,True,False,False,False,False,False,False,19.99
Cities in Motion,Feb 22 2011,70,601,False,False,False,False,False,False,False,False,True,False,False,False,False,False,19.99
Defenders of Ardania,Mar 14 2012,58,0,False,False,False,False,False,False,True,False,False,False,False,False,False,False,9.99
Darkest Hour: A Hearts of Iron Game,Apr 8 2011,81,703,False,False,False,False,False,False,True,False,False,False,False,False,False,False,9.99
Pride of Nations,Jun 7 2011,70,0,False,False,False,False,False,False,True,False,True,False,False,False,False,False,19.99
Sengoku,Sep 15 2011,70,232,False,False,False,False,False,False,True,True,True,False,False,False,False,False,9.99
Supreme Ruler: Cold War,Jul 29 2011,63,151,False,False,False,False,False,False,True,False,False,False,False,False,False,False,9.99
Bejeweled(r) 3,Dec 7 2010,82,1687,False,False,False,False,False,True,True,False,False,False,False,False,False,False,4.99
APOX,Jan 20 2011,48,136,False,False,True,True,False,False,True,False,False,False,False,False,False,False,14.99
Fate of the World,Feb 28 2011,70,263,False,False,True,False,False,True,True,False,True,False,False,False,False,False,9.99
Gemini Rue,Oct 26 2011,82,1001,False,False,True,False,True,False,False,False,False,False,False,False,False,False,9.99
The Blackwell Legacy,Jan 13 2012,80,669,False,False,True,False,True,False,False,False,False,False,False,False,False,False,4.99
Blackwell Deception,Jan 13 2012,73,232,False,False,True,False,True,False,False,False,False,False,False,False,False,False,9.99
Guardians of Graxia,Nov 10 2010,55,135,False,False,False,False,False,False,True,False,False,False,False,False,False,False,4.99
SkyDrift,Nov 21 2011,73,670,False,False,True,False,False,False,False,False,False,False,False,False,True,False,9.99
Anomaly: Warzone Earth,Apr 8 2011,80,3434,False,False,True,True,False,False,True,False,False,False,False,False,False,False,9.99
Iron Front: Digital War Edition,May 25 2012,55,511,False,False,False,True,False,False,True,False,True,False,False,False,False,False,14.99
Sanctum,Apr 15 2011,70,2422,False,False,True,True,False,True,True,False,False,False,False,False,False,False,9.99
Post Apocalyptic Mayhem,Mar 17 2011,44,1401,False,False,False,True,False,False,False,False,False,False,False,False,True,False,9.99
Hydrophobia: Prophecy,May 9 2011,64,1872,False,False,True,True,True,False,True,False,False,False,False,False,False,False,4.99
A.R.E.S.: Extinction Agenda,Jan 19 2011,68,725,False,False,True,True,False,False,False,False,False,False,False,False,False,False,4.99
Xotic,Sep 16 2011,67,132,False,False,True,True,False,False,False,False,False,False,False,False,False,False,9.99
Shadow Harvest: Phantom Ops,Apr 5 2011,34,0,False,False,False,True,False,False,False,False,False,False,False,False,False,False,9.99
SpaceChem,Mar 2 2011,84,3233,False,False,True,False,False,True,False,False,False,False,False,False,False,False,9.99
Revenge of the Titans,Mar 16 2011,79,848,False,False,True,True,False,False,True,False,False,False,False,False,False,False,9.99
Jamestown,Jun 8 2011,81,1788,False,False,True,True,False,False,False,False,False,False,False,False,False,False,9.99
The Dream Machine: Chapter 1 & 2,May 11 2012,77,524,False,False,True,False,True,True,False,False,False,False,False,False,False,False,3.99
Nidhogg,Jan 13 2014,81,5040,False,False,True,True,False,False,False,False,False,False,False,True,False,False,14.99
Puzzle Agent 2,Jun 30 2011,63,422,False,False,False,False,True,True,False,False,False,False,False,False,False,False,9.99
Hector: Badge of Carnage - Full Series,Apr 27 2011,75,122,False,False,False,False,True,True,False,False,False,False,False,False,False,False,19.99
Super Splatters,Jun 26 2013,73,134,False,False,True,True,False,True,False,False,False,False,False,False,False,False,9.99
Capsized,Apr 29 2011,80,760,False,False,True,True,False,False,False,False,False,False,False,False,False,False,9.99
ibb & obb,May 26 2014,83,1358,False,False,True,True,True,False,False,False,False,False,False,False,False,False,11.99
Air Conflicts: Secret Wars,Sep 30 2011,65,201,False,False,False,True,False,False,False,False,True,False,False,False,False,False,7.99
The Tiny Bang Story,Apr 22 2011,63,1816,False,False,True,False,True,True,False,False,False,False,False,False,False,False,4.99
Steel Storm: Burning Retribution,May 11 2011,55,252,False,False,True,True,False,False,False,False,False,False,False,False,False,False,14.99
Nexuiz,May 10 2012,54,204,False,False,False,True,False,False,False,False,False,False,False,False,False,False,9.99
Solar 2,Jun 17 2011,72,1492,False,False,True,False,False,True,False,False,False,False,False,False,False,False,9.99
Section 8(r): Prejudice(tm),May 4 2011,77,764,False,False,False,True,False,False,False,False,False,False,False,False,False,False,9.99
Kohan: Immortal Sovereigns,Aug 24 2011,87,0,False,False,False,False,False,False,True,False,False,False,False,False,False,False,9.99
Kohan: Ahrimans Gift,Aug 24 2011,79,0,False,False,False,False,False,False,True,False,False,False,False,False,False,False,9.99
Kohan II: Kings of War,Aug 24 2011,81,0,False,False,False,False,False,False,True,False,False,False,False,False,False,False,9.99
Magic: The Gathering - Duels of the Planeswalkers 2013,Jun 20 2012,77,897,False,False,False,False,False,False,True,False,False,False,False,False,False,False,9.99
Trauma,Aug 8 2011,62,529,False,False,True,False,True,True,False,False,False,False,False,False,False,False,6.99
Frozen Synapse,May 26 2011,85,2192,False,False,True,False,False,False,True,False,False,False,False,False,False,False,24.99
Toy Soldiers,Apr 27 2012,71,911,False,False,False,True,False,True,True,False,True,False,False,False,False,False,9.99
Hard Reset Extended Edition,Jul 12 2012,73,2684,False,False,True,True,False,False,False,False,False,False,False,False,False,False,14.99
Naval Warfare,May 25 2011,57,217,False,False,True,True,False,False,False,False,False,False,False,False,False,False,2.99
Dungeons of Dredmor,Jul 13 2011,79,3386,False,False,True,False,False,True,False,True,False,False,False,False,False,False,4.99
Yars Revenge,Apr 28 2011,56,0,False,False,False,True,False,False,False,False,False,False,False,False,False,False,9.99
YOU DONT KNOW JACK(r),Feb 8 2011,71,107,False,False,False,False,False,True,False,False,False,False,False,False,False,False,0.0
Renegade Ops,Oct 26 2011,76,1441,False,False,False,True,False,False,False,False,False,False,False,False,False,False,15.0
Garshasp: The Monster Slayer,May 9 2011,49,267,False,False,True,True,False,False,False,False,False,False,False,False,False,False,4.99
NightSky,Mar 1 2011,78,692,False,False,True,False,False,True,True,False,False,False,False,False,False,False,9.99
Bulletstorm(tm),Feb 21 2011,82,3545,False,False,False,True,False,False,False,False,False,False,False,False,False,False,19.99
Spiral Knights,Jun 14 2011,64,15519,True,False,False,True,True,False,False,True,False,False,True,False,False,True,0.0
Runespell: Overture,Jul 20 2011,69,299,False,False,True,False,True,False,False,True,False,False,False,False,False,False,9.99
Vertex Dispenser,Jun 10 2011,70,0,False,False,True,True,False,False,True,False,False,False,False,False,False,False,9.99
Kingdoms of Amalur: Reckoning(tm),Feb 7 2012,81,6628,False,False,False,True,False,False,False,True,False,False,False,False,False,False,19.99
Orcs Must Die!,Oct 11 2011,83,4412,False,False,True,True,False,False,True,False,False,False,False,False,False,False,9.99
Shank 2,Feb 7 2012,72,1277,False,False,True,True,True,False,False,False,False,False,False,False,False,False,9.99
Super MNC,Apr 19 2012,76,4379,True,False,True,True,False,False,True,False,False,False,True,True,False,False,0.0
A New Beginning - Final Cut,Dec 11 2012,72,961,False,False,True,False,True,False,False,False,False,False,False,False,False,False,9.99
Lume,May 9 2011,69,408,False,False,True,False,True,True,False,False,False,False,False,False,False,False,5.99
Critical Mass,Jun 20 2011,81,354,False,False,True,False,False,True,False,False,False,False,False,False,False,False,1.99
Age of Empires(r) III: Complete Collection,Jan 5 2012,81,7658,False,False,False,False,False,False,True,False,True,False,False,False,False,False,39.99
Terraria,May 16 2011,83,139819,False,False,True,True,True,False,False,True,False,False,False,False,False,False,9.99
Tobes Vertical Adventure,Jul 18 2011,75,115,False,False,True,True,True,False,False,False,False,False,False,False,False,False,4.99
PixelJunk(tm) Eden,Feb 2 2012,81,625,False,False,True,True,False,True,False,False,False,False,False,False,False,False,9.99
Bastion,Aug 16 2011,86,19633,False,False,True,True,False,False,False,True,False,False,False,False,False,False,14.99
Space Pirates and Zombies,Aug 15 2011,74,2187,False,False,True,True,False,False,True,True,False,False,False,False,False,False,9.99
Cthulhu Saves the World,Jul 13 2011,78,2731,True,False,True,False,False,False,False,True,False,False,False,False,False,False,2.99
Arma 3,Sep 12 2013,74,63534,False,False,False,True,False,False,True,False,True,False,False,False,False,False,39.99
Waves,Nov 16 2011,82,924,False,False,True,True,False,True,False,False,False,False,False,False,False,False,4.99
Rochard,Nov 15 2011,81,1198,False,False,True,True,False,True,False,False,False,False,False,False,False,False,9.99
Starpoint Gemini,Feb 16 2012,46,0,False,False,False,False,False,False,False,True,True,False,False,False,False,False,13.99
Vessel,Mar 1 2012,81,493,False,False,True,True,False,False,True,False,False,False,False,False,False,False,19.99
Alan Wake,Feb 16 2012,83,14262,False,False,False,True,True,False,False,False,False,False,False,False,False,False,29.99
Neverwinter,Dec 5 2013,74,18128,True,False,False,True,True,False,False,True,False,False,True,False,False,True,0.0
Achron,Aug 29 2011,54,0,False,False,True,False,False,False,True,False,False,False,False,False,False,False,19.99
inMomentum,Oct 31 2011,59,138,False,False,True,False,False,False,False,False,False,False,False,False,True,False,9.99
L.A. Noire,Nov 8 2011,83,10103,False,False,False,False,True,False,True,False,False,False,False,False,False,False,19.99
Blocks That Matter,Aug 19 2011,72,642,False,False,True,False,False,True,False,False,False,False,False,False,False,False,4.99
Guardians of Middle-earth,Aug 29 2013,56,1175,False,False,False,True,False,False,True,False,False,False,False,False,False,False,19.99
Avadon: The Black Fortress,Aug 17 2011,75,320,False,False,True,False,False,False,False,True,False,False,False,False,False,False,9.99
Monaco: Whats Yours Is Mine,Apr 24 2013,83,6222,False,False,True,True,True,True,True,False,False,False,False,False,False,False,14.99
The Binding of Isaac,Sep 28 2011,84,39367,False,False,True,True,True,False,False,True,False,False,False,False,False,False,4.99
Fallen Earth Free2Play,Feb 22 2012,71,6303,True,False,False,False,False,False,False,True,False,False,True,False,False,True,0.0
Stacking,Mar 6 2012,80,1101,False,False,True,False,True,False,False,False,False,False,False,False,False,False,9.99
Iron Brigade,Aug 13 2012,75,470,False,False,False,True,False,False,True,False,False,False,False,False,False,False,14.99
Cossacks II: Napoleonic Wars,Aug 26 2011,73,205,False,False,False,False,False,False,True,False,False,False,False,False,False,False,4.99
American Conquest,Aug 26 2011,76,173,False,False,False,False,False,False,True,False,False,False,False,False,False,False,4.99
American Conquest: Fight Back,Aug 26 2011,66,128,False,False,False,False,False,False,True,False,False,False,False,False,False,False,4.99
Prototype 2,Jul 24 2012,76,4130,False,False,False,True,True,False,False,False,False,False,False,False,False,False,39.99
Quantum Conundrum,Jun 21 2012,77,1063,False,False,False,False,False,True,True,False,False,False,False,False,False,False,8.99
Global Ops: Commando Libya,Oct 26 2011,37,241,False,False,False,True,False,False,False,False,False,False,False,False,False,False,4.99
Naval War: Arctic Circle,Apr 10 2012,64,148,False,False,False,False,False,False,True,False,False,False,False,False,False,False,19.99
Worms Revolution,Oct 10 2012,73,3320,False,False,False,False,False,False,True,False,False,False,False,False,False,False,14.99
Sideway(tm) New York,Nov 15 2011,71,0,False,False,True,False,True,False,False,False,False,False,False,False,False,False,9.99
Realm of the Mad God,Feb 20 2012,82,22224,True,False,True,True,False,False,False,True,False,False,True,False,False,True,0.0
Off-Road Drive,Sep 29 2011,60,333,False,False,False,False,False,False,False,False,True,False,False,False,True,False,6.99
Batman: Arkham City - Game of the Year Edition,Sep 7 2012,91,16418,False,False,False,True,True,False,False,False,False,False,False,False,False,False,19.99
A Game of Dwarves,Oct 23 2012,60,395,False,False,False,False,False,True,True,False,False,False,False,False,False,False,9.99
Oil Rush,Jan 25 2012,67,293,False,False,True,False,False,False,True,False,False,False,False,False,False,False,7.99
SOL: Exodus,Jan 25 2012,57,0,False,False,True,True,False,False,False,False,True,False,False,False,False,False,7.99
Memento Mori,Nov 9 2012,66,0,False,False,False,False,True,False,False,False,False,False,False,False,False,False,12.99
XCOM: Enemy Unknown,Oct 8 2012,89,31794,False,False,False,False,False,False,True,False,False,False,False,False,False,False,29.99
Dungeons - The Dark Lord,Sep 27 2011,72,126,False,False,False,False,False,False,True,True,True,False,False,False,False,False,19.99
Gettysburg: Armored Warfare,Mar 27 2012,22,188,False,False,False,True,False,False,True,False,False,False,False,False,False,False,9.99
Disciples III - Resurrection,Oct 11 2011,63,0,False,False,False,False,False,False,True,False,False,False,False,False,False,False,14.99
Torchlight II,Sep 20 2012,88,23667,False,False,True,True,True,False,False,True,False,False,False,False,False,False,19.99
Cave Story+,Nov 22 2011,83,4006,False,False,True,True,True,False,False,False,False,False,False,False,False,False,14.99
Before the Echo,Oct 20 2011,70,1107,False,False,True,False,False,False,False,True,False,False,False,False,False,False,4.99
EverQuest(r) II Free-To-Play. Your Way.(tm),Dec 7 2011,83,819,True,False,False,False,False,False,False,True,False,False,True,False,False,True,0.0
Total War: Shogun 2 - Fall of the Samurai,Mar 22 2012,86,158,False,False,False,False,False,False,True,False,False,False,False,False,False,False,29.99
Sins of a Solar Empire(r): Trinity,Nov 16 2011,87,415,False,False,False,False,False,False,True,False,False,False,False,False,False,False,19.99
Serious Sam: The Random Encounter,Oct 24 2011,64,500,False,False,True,True,False,False,False,True,False,False,False,False,False,False,4.99
Airline Tycoon 2,Oct 24 2011,57,351,False,False,False,False,False,False,True,False,True,False,False,False,False,False,9.99
DiRT Showdown,May 23 2012,72,2680,False,False,False,True,False,False,False,False,False,False,False,True,True,False,14.99
Orcs Must Die! 2,Nov 22 2012,83,11166,False,False,True,True,False,False,True,False,False,False,False,False,False,False,24.99
Wolfenstein: The New Order,May 19 2014,81,17822,False,False,False,True,False,False,False,False,False,False,False,False,False,False,19.99
Jurassic Park: The Game,Nov 15 2011,54,1087,False,False,False,False,True,False,False,False,False,False,False,False,False,False,19.99
Assassins Creed(r) Revelations,Nov 29 2011,80,4225,False,False,False,True,True,False,False,False,False,False,False,False,False,False,19.99
Choplifter HD,Jan 11 2012,65,157,False,False,False,True,False,False,False,False,False,False,False,False,False,False,9.99
Impire,Feb 14 2013,45,313,False,False,False,False,False,False,True,False,False,False,False,False,False,False,19.99
Sleeping Dogs,,81,14510,False,False,False,True,True,False,False,False,False,False,False,False,False,False,0.0
Galactic Civilizations(r) II: Ultimate Edition,Dec 2 2011,92,827,False,False,False,False,False,False,True,False,False,False,False,False,False,False,19.99
Ridge Racer(tm) Unbounded,Mar 29 2012,72,692,False,False,False,False,False,False,False,False,False,False,False,False,True,False,9.99
Demigod,Dec 14 2011,76,566,False,False,False,True,False,False,True,True,False,False,False,False,False,False,9.99
Alan Wakes American Nightmare,May 22 2012,73,3236,False,False,False,True,True,False,False,False,False,False,False,False,False,False,9.99
Call of Duty(r): Black Ops II,Nov 12 2012,74,23400,False,False,False,True,False,False,False,False,False,False,False,False,False,False,59.99
Call of Duty(r): Black Ops II,Nov 12 2012,74,23400,False,False,False,True,False,False,False,False,False,False,False,False,False,False,59.99
Hitman: Absolution(tm),Nov 19 2012,79,18213,False,False,False,True,False,False,False,False,False,False,False,False,False,False,19.99
Tomb Raider,Mar 4 2013,86,55844,False,False,False,True,True,False,False,False,False,False,False,False,False,False,19.99
Kings Bounty: Warriors of the North,Oct 25 2012,74,574,False,False,False,False,False,False,True,True,False,False,False,False,False,False,12.99
Warlock - Master of the Arcane,May 8 2012,71,1809,False,False,False,False,False,False,True,False,False,False,False,False,False,False,24.99
Sonic the Hedgehog 4 - Episode II,May 15 2012,54,551,False,False,False,False,True,False,False,False,False,False,False,False,False,False,9.99
F1 RACE STARS(tm),Nov 13 2012,62,451,False,False,False,False,False,False,False,False,False,False,False,False,True,False,14.99
Binary Domain,Apr 27 2012,68,3404,False,False,False,True,False,False,False,False,False,False,False,False,False,False,14.99
Crusader Kings II,Feb 14 2012,82,16341,False,False,False,False,False,False,True,True,True,False,False,False,False,False,39.99
Dear Esther,Feb 14 2012,75,5542,False,False,True,False,True,True,False,False,False,False,False,False,False,False,9.99
The Dark Eye: Chains of Satinav,Jun 22 2012,75,873,False,False,True,False,True,False,False,False,False,False,False,False,False,False,159.99
Fable - The Lost Chapters,Dec 19 2011,83,3473,False,False,False,True,True,False,False,True,False,False,False,False,False,False,9.99
The Showdown Effect,Mar 5 2013,67,1357,False,False,False,True,False,False,False,False,False,False,False,False,False,False,9.99
Max Payne 3,May 31 2012,87,18737,False,False,False,True,False,False,False,False,False,False,False,False,False,False,19.99
LEGO Harry Potter: Years 5-7,Jan 5 2012,80,329,False,False,False,False,True,False,False,False,False,False,False,False,False,False,19.99
Waveform,Mar 20 2012,81,1727,False,False,True,True,True,True,True,False,True,False,False,False,False,False,1.99
Snapshot,Aug 30 2012,74,202,False,False,True,False,True,True,False,False,False,False,False,False,False,False,9.99
The Bridge,Feb 22 2013,74,2208,False,False,True,False,False,True,True,False,False,False,False,False,False,False,9.99
Awesomenauts,Aug 1 2012,78,17240,False,False,True,True,False,False,True,False,False,False,False,False,False,False,9.99
Serious Sam 2,Jan 31 2012,74,3532,False,False,True,True,False,False,False,False,False,False,False,False,False,False,9.99
Pineapple Smash Crew,Feb 2 2012,62,102,False,False,True,True,False,False,False,False,False,False,False,False,False,False,9.99
Call of Juarez(r) Gunslinger,May 22 2013,79,9891,False,False,False,True,False,False,False,False,False,False,False,False,False,False,14.99
Infested Planet,Mar 6 2014,75,1284,False,False,True,True,False,False,True,False,False,False,False,False,False,False,14.99
Confrontation,Apr 4 2012,51,260,False,False,False,True,False,False,True,True,False,False,False,False,False,False,19.99
Deep Black: Reloaded,Apr 18 2012,39,178,False,False,False,True,False,False,False,False,False,False,False,False,False,False,29.99
Men of War: Condemned Heroes,Apr 12 2012,57,185,False,False,False,True,False,False,True,False,False,False,False,False,False,False,7.99
Sins of a Solar Empire(r): Rebellion,Jun 12 2012,82,5723,False,False,True,False,False,False,True,False,False,False,False,False,False,False,39.99
Crusader Kings Complete,Feb 14 2012,73,0,False,False,False,False,False,False,True,False,False,False,False,False,False,False,9.99
Lumino City,Dec 2 2014,70,548,False,False,True,False,True,False,False,False,False,False,False,False,False,False,19.99
BIT.TRIP FATE,Jul 11 2013,74,0,False,False,True,True,False,False,False,False,False,False,False,False,False,False,9.99
Dishonored,Oct 8 2012,91,25429,False,False,False,True,True,False,False,False,False,False,False,False,False,False,9.99
Rocksmith(tm),Oct 16 2012,78,781,False,False,False,False,False,True,False,False,True,False,False,False,False,False,29.99
Hell Yeah! Wrath of the Dead Rabbit,Oct 3 2012,64,2312,False,False,False,True,False,False,False,False,False,False,False,False,False,False,14.99
Gratuitous Tank Battles,May 17 2012,69,0,False,False,True,False,False,False,True,False,True,False,False,False,False,False,9.99
The Testament of Sherlock Holmes,Sep 25 2012,73,1468,False,False,False,False,True,False,False,False,False,False,False,False,False,False,19.99
Insanely Twisted Shadow Planet,Apr 17 2012,76,522,False,False,True,True,True,False,False,False,False,False,False,False,False,False,14.99
Jagged Alliance: Crossfire,Aug 24 2012,63,145,False,False,False,False,False,False,True,True,True,False,False,False,False,False,14.99
Chronicle: RuneScape Legends,May 26 2016,76,1405,True,False,False,False,True,False,True,False,False,False,True,False,False,False,0.0
Tiny and Big: Grandpas Leftovers,Jun 19 2012,75,3154,False,False,True,False,False,False,False,False,False,False,False,False,False,False,9.99
Warlock 2: The Exiled,Apr 10 2014,73,646,False,False,False,False,False,False,True,False,False,False,False,False,False,False,19.99
Gunpoint,Jun 3 2013,83,8584,False,False,True,True,False,False,True,False,False,False,False,False,False,False,9.99
Clan of Champions,Oct 30 2012,42,0,False,False,False,True,False,False,False,False,False,False,False,False,False,False,39.99
Tales From Space: Mutant Blobs Attack,Aug 15 2012,83,485,False,False,True,True,False,False,False,False,False,False,False,False,False,False,7.99
Saints Row IV,Aug 19 2013,86,39363,False,False,False,True,True,False,False,False,False,False,False,False,False,False,14.99
To the Moon,Sep 7 2012,81,23170,False,False,True,False,True,False,False,True,False,False,False,False,False,False,9.99
Painkiller: Recurring Evil,Feb 29 2012,38,136,False,False,False,True,False,False,False,False,False,False,False,False,False,False,9.99
Sine Mora,Nov 9 2012,77,744,False,False,True,True,False,False,False,False,False,False,False,False,False,False,9.99
SpeedRunners,Apr 19 2016,84,15156,False,False,True,True,False,True,False,False,False,False,False,True,True,False,14.99
Stellar Impact,Apr 12 2012,74,484,False,False,True,True,False,False,True,False,False,False,False,False,False,False,9.99
Legend of Grimrock,Apr 11 2012,82,3898,False,False,True,False,True,False,False,True,False,False,False,False,False,False,14.99
Fireburst,Apr 25 2012,59,111,False,False,False,True,True,False,False,False,False,False,False,False,True,False,9.99
Cubemen,Mar 16 2012,74,443,False,False,True,False,False,False,True,False,False,False,False,False,False,False,3.99
Ys: The Oath in Felghana,Mar 19 2012,73,694,False,False,False,True,True,False,False,True,False,False,False,False,False,False,14.99
Ys Origin,May 31 2012,76,1342,False,False,False,True,True,False,False,True,False,False,False,False,False,False,19.99
Wizorb,Mar 14 2012,81,638,False,False,True,True,True,False,False,False,False,False,False,False,False,False,2.99
Rayman(r) Origins,Mar 29 2012,86,1142,False,False,False,True,True,False,False,False,False,False,False,False,False,False,19.99
Noitu Love 2: Devolution,Apr 23 2012,80,381,False,False,True,True,False,False,False,False,False,False,False,False,False,False,4.99
The Walking Dead,Apr 24 2012,82,28241,False,False,False,False,True,False,False,False,False,False,False,False,False,False,24.99
A Virus Named TOM,Aug 1 2012,65,612,False,False,True,True,False,False,True,False,False,False,False,False,False,False,9.99
Botanicula,May 7 2012,82,2268,False,False,True,False,True,True,False,False,False,False,False,False,False,False,9.99
Symphony,Aug 6 2012,75,1186,False,False,True,True,False,True,False,False,False,False,False,False,False,False,8.99
Sacred Citadel,Apr 16 2013,61,689,False,False,False,True,False,False,False,False,False,False,False,False,False,False,9.99
Loadout,Jan 31 2014,72,40106,True,False,True,True,False,False,False,False,False,False,True,False,False,False,0.0
Myst V,Mar 16 2012,80,0,False,False,False,False,True,True,False,False,False,False,False,False,False,False,9.99
Endless Space(r) - Emperor Edition,Jul 4 2012,77,5037,False,False,True,False,False,False,True,False,False,False,False,False,False,False,29.99
Avernum: Escape From the Pit,Apr 11 2012,76,481,False,False,True,False,False,False,True,True,False,False,False,False,False,False,9.99
Tryst,Sep 14 2012,50,0,False,False,True,True,False,False,True,False,False,False,False,False,False,False,14.99
Assassins Creed(r) III,Nov 20 2012,80,8592,False,False,False,False,True,False,False,False,False,False,False,False,False,False,19.99
F1 2012(tm),Sep 17 2012,80,1042,False,False,False,False,False,False,False,False,True,False,False,True,True,False,19.99
STAR WARS(tm) Knights of the Old Republic(tm) II - The Sith Lords(tm),Aug 23 2012,85,5213,False,False,False,False,False,False,False,True,False,False,False,False,False,False,9.99
Blades of Time,Apr 20 2012,63,1240,False,False,False,True,True,False,False,False,False,False,False,False,False,False,9.99
Game of Thrones,Jun 7 2012,58,1601,False,False,False,True,False,False,False,True,False,False,False,False,False,False,19.99
Apotheon,Feb 3 2015,78,1612,False,False,True,True,True,False,False,True,False,False,False,False,False,False,14.99
Batman(tm): Arkham Origins,Oct 24 2013,74,17773,True,False,False,True,True,False,False,False,False,False,False,False,False,False,19.99
Drunken Robot Pornography,Feb 19 2014,66,548,False,False,True,True,False,False,False,False,False,False,False,False,False,False,14.99
Guns of Icarus Online,Oct 29 2012,64,11169,False,False,True,True,True,False,False,False,True,False,False,False,False,False,9.99
Resident Evil: Operation Raccoon City,May 18 2012,48,1173,False,False,False,True,False,False,False,False,False,False,False,False,False,False,29.99
Street Fighter X Tekken,May 11 2012,79,904,False,False,False,True,False,False,False,False,False,False,False,False,False,False,29.99
Call of Duty(r): Ghosts,Mar 25 2014,68,23993,False,False,False,True,False,False,False,False,False,False,False,False,False,False,59.99
Call of Duty(r): Ghosts,Mar 25 2014,68,23993,False,False,False,True,False,False,False,False,False,False,False,False,False,False,59.99
Stealth Bastard Deluxe,Nov 28 2012,80,751,False,False,True,True,False,False,False,False,False,False,False,False,False,False,9.99
Hero Academy,Aug 10 2012,75,643,False,False,True,False,False,False,True,False,False,False,False,False,False,False,4.99
A Valley Without Wind,Apr 24 2012,54,424,True,False,True,True,True,False,False,False,False,False,False,False,False,False,14.99
Analogue: A Hate Story,Apr 27 2012,62,1701,False,False,True,False,False,False,False,False,False,False,False,False,False,False,9.99
Strike Suit Zero,Jan 23 2013,66,1365,False,False,True,True,False,False,False,False,True,False,False,False,False,False,19.99
Call of Duty(r): Advanced Warfare - Gold Edition,Nov 3 2014,78,20533,False,False,False,True,False,False,False,False,False,False,False,False,False,False,59.99
Call of Duty(r): Advanced Warfare - Gold Edition,Nov 3 2014,78,20533,False,False,False,True,False,False,False,False,False,False,False,False,False,False,59.99
Cortex Command,Sep 28 2012,44,1412,False,False,True,True,False,False,True,False,False,False,False,False,False,False,19.99
Cannon Fodder 3,Aug 6 2012,49,0,False,False,False,True,False,False,False,False,False,False,False,False,False,False,14.99
Splice,Jun 13 2012,70,458,False,False,True,False,False,True,False,False,False,False,False,False,False,False,9.99
Lone Survivor: The Directors Cut,Apr 23 2012,81,1031,False,False,True,True,True,False,False,True,True,False,False,False,False,False,14.99
Blacklight: Retribution,Jul 2 2012,75,14567,True,False,False,True,False,False,False,False,False,False,True,False,False,False,0.0
Fray: Reloaded Edition,Jun 19 2012,27,0,False,False,True,True,False,False,True,False,False,False,False,False,False,False,0.0
Sanctum 2,May 15 2013,77,9939,False,False,True,True,False,False,True,False,False,False,False,False,False,False,14.99
Cloudberry Kingdom(tm),Aug 2 2013,67,150,False,False,True,False,False,False,False,False,False,False,False,False,False,False,9.99
The Witness,Jan 26 2016,87,2111,False,False,True,False,True,False,False,False,False,False,False,False,False,False,39.99
Check vs Mate,Aug 16 2012,69,0,False,False,False,True,False,True,True,False,False,False,False,False,False,False,19.99
Unmechanical,Aug 8 2012,74,317,False,False,True,False,True,True,False,False,False,False,False,False,False,False,9.99
They Bleed Pixels,Aug 29 2012,74,1738,False,False,True,True,False,False,False,False,False,False,False,False,False,False,9.99
Offspring Fling!,May 11 2012,79,481,False,False,True,False,True,False,False,False,False,False,False,False,False,False,7.99
Deadlight,Oct 25 2012,78,9380,False,False,True,True,True,False,False,False,False,False,False,False,False,False,14.99
DARK SOULS(tm): Prepare To Die(tm) Edition,Aug 23 2012,85,47180,False,False,False,True,False,False,False,True,False,False,False,False,False,False,19.99
Thief(tm) Gold,May 22 2012,92,1116,False,False,False,True,False,False,False,False,True,False,False,False,False,False,6.99
Thief(tm) II: The Metal Age,May 22 2012,87,500,False,False,False,True,False,False,False,False,True,False,False,False,False,False,6.99
Conflict Desert Storm(tm),May 28 2012,56,190,False,False,False,True,False,False,False,False,False,False,False,False,False,False,6.99
Starbound,Jul 22 2016,82,57493,False,False,True,True,True,True,False,True,False,False,False,False,False,False,14.99
Resonance,Jul 25 2012,76,303,False,False,True,False,True,False,False,False,False,False,False,False,False,False,9.99
Star Conflict,Feb 27 2013,75,8394,True,False,False,True,False,False,False,False,True,False,True,False,False,True,0.0
Vindictus,Jun 22 2012,76,3784,True,False,False,True,True,False,False,True,False,False,True,False,False,True,0.0
Sonic & All-Stars Racing Transformed,Jan 31 2013,79,8242,False,False,False,False,False,False,False,False,False,False,False,True,True,False,19.99
The Lord of the Rings Online,Jun 6 2012,86,5405,True,False,False,False,False,False,False,True,False,False,True,False,False,True,0.0
Tom Clancys Ghost Recon: Future Soldier(tm),Jun 26 2012,71,2265,False,False,False,True,False,False,False,False,False,False,False,False,False,False,19.99
FTL: Faster Than Light,Sep 14 2012,84,31184,False,False,True,False,False,False,True,False,True,False,False,False,False,False,9.99
The Lord of the Rings Online,Jun 6 2012,86,5405,True,False,False,False,False,False,False,True,False,False,True,False,False,True,0.0
MDK2 HD,Jul 30 2012,73,0,False,False,False,True,False,False,False,False,False,False,False,False,False,False,14.99
Rigonauts,Aug 7 2012,60,0,False,False,True,False,False,True,True,False,True,False,False,False,False,False,9.99
Galactic Civilizations(r) I: Ultimate Edition,Aug 14 2012,83,0,False,False,False,False,False,False,True,False,False,False,False,False,False,False,9.99
Divine Divinity,Jul 5 2012,81,816,False,False,False,False,False,False,False,True,False,False,False,False,False,False,5.99
Minimum,Sep 10 2014,69,4050,False,False,False,True,False,False,False,False,False,False,False,False,False,False,9.99
I Am Alive,Sep 6 2012,66,1499,False,False,False,True,True,False,False,False,False,False,False,False,False,False,14.99
Deponia,Aug 6 2012,74,4759,False,False,True,False,True,False,False,False,False,False,False,False,False,False,159.99
Tower Wars,Aug 14 2012,59,1509,False,False,True,False,False,False,True,False,False,False,False,False,False,False,7.99
Alien: Isolation,Oct 6 2014,81,16116,False,False,False,True,False,False,False,False,False,False,False,False,False,False,39.99
LEGO The Lord of the Rings,Nov 27 2012,80,2653,False,False,False,True,True,False,False,False,False,False,False,False,False,False,19.99
Mark of the Ninja,Oct 16 2012,91,11059,False,False,True,True,True,False,False,False,False,False,False,False,False,False,14.99
Thirty Flights of Loving,Aug 20 2012,88,1151,False,False,True,False,True,True,False,False,False,False,False,False,False,False,4.99
Space Rangers HD: A War Apart,Oct 17 2013,68,1663,False,False,False,True,True,False,True,True,True,False,False,False,False,False,14.99
Guacamelee! Gold Edition,Aug 8 2013,88,4568,False,False,True,True,True,False,False,False,False,False,False,False,False,False,14.99
Half Minute Hero: Super Mega Neo Climax Ultimate Boy,Sep 27 2012,75,1147,False,False,False,True,False,True,False,True,False,False,False,False,False,False,9.99
Painkiller Hell & Damnation,Oct 31 2012,64,2214,False,False,False,True,False,False,False,False,False,False,False,False,False,False,19.99
Total War(tm): ROME II - Emperor Edition,Sep 2 2013,76,29200,False,False,False,False,False,False,True,False,False,False,False,False,False,False,44.99
Intrusion 2,Sep 11 2012,80,929,False,False,True,True,False,False,False,False,False,False,False,False,False,False,9.99
WAKFU,Sep 18 2014,76,3373,True,False,False,False,True,False,True,True,False,False,True,False,False,True,0.0
Ragnarok Online,Oct 31 2013,79,980,True,False,False,False,False,False,False,True,False,False,True,False,False,True,0.0
The Book of Unwritten Tales,Jul 31 2012,82,1159,False,False,False,False,True,False,False,False,False,False,False,False,False,False,19.99
The Secret World,Aug 8 2012,74,3131,False,False,False,False,True,False,False,True,False,False,False,False,False,True,29.99
Transcripted,,78,0,False,False,True,True,False,True,False,False,False,False,False,False,False,False,7.99
Primal Carnage,Oct 29 2012,67,5121,False,False,True,True,False,False,True,False,False,False,False,False,False,False,7.99
Rocketbirds: Hardboiled Chicken,Oct 15 2012,74,1591,False,False,True,False,True,False,False,False,False,False,False,False,False,False,9.99
The Incredible Adventures of Van Helsing,May 22 2013,72,5036,False,False,True,True,True,False,False,True,False,False,False,False,False,False,14.99
Home,Aug 31 2012,69,1372,False,False,True,False,True,False,False,False,False,False,False,False,False,False,2.99
Fieldrunners 2,Jan 10 2013,73,272,False,False,False,True,False,True,True,False,False,False,False,False,False,False,9.99
ShadO,Sep 4 2012,68,0,False,False,True,True,False,False,True,False,False,False,False,False,False,False,9.99
Dream Pinball 3D,Sep 19 2012,61,429,False,False,False,False,False,True,False,False,True,False,False,False,False,False,6.99
Tiny Troopers,Aug 24 2012,57,577,False,False,True,True,False,False,True,False,False,False,False,False,False,False,4.99
Gemini Wars,Nov 2 2012,53,109,False,False,True,False,False,False,True,False,False,False,False,False,False,False,14.99
Secret Files 3,Sep 13 2012,67,0,False,False,False,False,True,False,False,False,False,False,False,False,False,False,9.99
Gateways,Sep 13 2012,72,140,False,False,True,False,False,False,False,False,False,False,False,False,False,False,4.99
Fallen Enchantress,Oct 23 2012,78,244,False,False,True,False,False,False,True,True,False,False,False,False,False,False,39.99
Of Orcs And Men,Oct 11 2012,69,804,False,False,False,True,False,False,False,True,False,False,False,False,False,False,29.99
Dementium II HD,Dec 17 2013,37,779,False,False,True,True,True,False,False,False,False,False,False,False,False,False,4.99
Rise of the Triad,Jul 31 2013,67,1944,False,False,False,True,False,False,False,False,False,False,False,False,False,False,14.99
Karateka,Dec 3 2012,48,144,False,False,True,True,False,False,False,False,False,False,False,False,False,False,9.99
Dins Curse,Aug 22 2012,76,111,False,False,True,True,False,False,False,True,False,False,False,False,False,False,9.99
Anna - Extended Edition,Apr 12 2013,75,1171,False,False,True,False,True,False,False,False,False,False,False,False,False,False,9.99
Special Forces: Team X,Feb 6 2013,48,258,False,False,False,True,False,False,False,False,False,False,False,False,False,False,9.99
Alien Rage - Unlimited,Sep 24 2013,52,1268,False,False,False,True,False,False,False,False,False,False,False,False,False,False,19.99
BIT.TRIP Presents... Runner2: Future Legend of Rhythm Alien,Feb 26 2013,85,2564,False,False,True,True,False,False,False,False,False,False,False,False,False,False,14.99
Unity of Command: Stalingrad Campaign,Oct 17 2012,84,439,False,False,True,False,False,False,True,False,False,False,False,False,False,False,19.99
Dungeonland,Nov 12 2013,67,1866,True,False,False,True,False,True,False,False,False,False,True,False,False,False,0.0
PlanetSide 2,Nov 20 2012,84,32759,True,False,False,True,False,False,False,False,False,False,True,False,False,True,0.0
PAYDAY 2,Aug 13 2013,79,219763,False,False,False,True,False,False,False,True,False,False,False,False,False,False,19.99
Lucius,Oct 26 2012,59,4551,False,False,True,True,True,False,False,False,False,False,False,False,False,False,9.99
Scribblenauts Unlimited,Nov 19 2012,75,5684,False,False,False,False,True,True,True,False,False,False,False,False,False,False,19.99
Pid,Oct 31 2012,63,2171,False,False,True,False,True,False,False,False,False,False,False,False,False,False,9.99
Mercenary Kings,Mar 25 2014,76,1714,False,False,True,True,True,False,False,True,False,False,False,False,False,False,19.99
Hotline Miami,Oct 23 2012,85,30833,False,False,True,True,False,False,False,False,False,False,False,False,False,False,9.99
The Banner Saga: Factions,Feb 25 2013,67,704,True,False,True,False,False,False,True,True,False,False,True,False,False,False,0.0
NBA 2K13,Oct 30 2012,90,451,False,False,False,False,False,False,False,False,False,False,False,True,False,False,29.99
Chivalry: Medieval Warfare,Oct 16 2012,79,42478,False,False,True,True,False,False,False,False,False,False,False,False,False,False,24.99
Proteus,Jan 30 2013,80,2230,False,False,True,False,True,True,False,False,False,False,False,False,False,False,9.99
Dont Starve,,79,43420,False,False,True,False,True,False,False,False,True,False,False,False,False,False,14.99
Beyond Divinity,Oct 29 2012,73,125,False,False,False,False,False,False,False,True,False,False,False,False,False,False,5.99
King Arthurs Gold,Nov 5 2013,81,3042,False,False,True,True,False,False,False,False,False,False,False,False,False,False,9.99
Antichamber,Jan 31 2013,82,9307,False,False,True,False,True,False,False,False,False,False,False,False,False,False,19.99
Edna & Harvey: Harveys New Eyes,Oct 16 2012,75,1091,False,False,True,False,True,False,False,False,False,False,False,False,False,False,159.99
Grim Dawn,Feb 25 2016,83,10412,False,False,True,True,True,False,False,True,False,False,False,False,False,False,24.99
The Journey Down: Chapter One,Jan 9 2013,72,683,False,False,True,False,True,False,False,False,False,False,False,False,False,False,8.99
Trials Evolution: Gold Edition,Mar 21 2013,85,1651,False,False,False,True,False,False,False,False,False,False,False,False,True,False,19.99
Kerbal Space Program,Apr 27 2015,88,31719,False,False,True,False,False,False,False,False,True,False,False,False,False,False,39.99
Far Cry 3,Dec 4 2012,88,36011,False,False,False,True,True,False,False,False,False,False,False,False,False,False,19.99
DmC: Devil May Cry,Jan 24 2013,85,8547,False,False,False,True,True,False,False,False,False,False,False,False,False,False,29.99
StarDrive,Apr 26 2013,61,1163,False,False,True,False,False,False,True,False,False,False,False,False,False,False,29.99
Chaos on Deponia,Nov 6 2012,78,876,False,False,True,False,True,False,False,False,False,False,False,False,False,False,159.99
Thomas Was Alone,Nov 12 2012,77,6777,False,False,True,False,False,False,False,False,False,False,False,False,False,False,9.99
McPixel,Sep 25 2012,76,3167,False,False,True,True,True,False,False,False,False,False,False,False,False,False,4.99
Resident Evil 6 / Biohazard 6,Mar 22 2013,69,10113,False,False,False,True,True,False,False,False,False,False,False,False,False,False,29.99
Little Inferno,Nov 19 2012,68,5572,False,False,True,False,True,True,False,False,False,False,False,False,False,False,9.99
Age of Empires II HD,Apr 9 2013,68,26738,False,False,False,False,False,False,True,False,False,False,False,False,False,False,19.99
DG2: Defense Grid 2,Sep 23 2014,81,1615,False,False,True,False,False,False,True,False,False,False,False,False,False,False,14.99
Super Hexagon,Nov 27 2012,88,17556,False,False,True,True,False,False,False,False,False,False,False,False,False,False,2.99
The Cave,Jan 23 2013,68,1379,False,False,False,False,True,False,False,False,False,False,False,False,False,False,14.99
The Book of Unwritten Tales: The Critter Chronicles,Dec 5 2012,73,225,False,False,True,False,True,False,False,False,False,False,False,False,False,False,19.99
The Stanley Parable,Oct 17 2013,88,24879,False,False,True,False,True,False,False,False,False,False,False,False,False,False,14.99
Mushroom Men: Truffle Trouble,Mar 10 2015,55,0,False,False,True,True,False,False,False,False,False,False,False,False,False,False,2.99
Resident Evil Revelations / Biohazard Revelations,May 20 2013,77,3977,False,False,False,True,True,False,False,False,False,False,False,False,False,False,29.99
Aarklash: Legacy,Sep 12 2013,72,450,False,False,False,False,True,False,True,False,False,False,False,False,False,False,19.99
Reus,May 16 2013,75,3207,False,False,True,False,False,False,True,False,True,False,False,False,False,False,9.99
Wargame: Airland Battle,May 29 2013,80,3282,False,False,False,False,False,False,True,False,False,False,False,False,False,False,19.99
Insurgency,Jan 22 2014,74,48918,False,False,True,True,False,False,True,False,False,False,False,False,False,False,9.99
Homefront(r): The Revolution,May 17 2016,54,3541,False,False,False,True,True,False,False,False,False,False,False,False,False,False,39.99
Giana Sisters: Twisted Dreams,Oct 22 2012,77,1353,False,False,True,True,False,False,False,False,False,False,False,False,False,False,14.99
Miner Wars 2081,Nov 28 2012,52,244,False,False,True,True,True,False,False,True,True,False,False,False,False,False,9.99
Dyad,Apr 24 2013,80,208,False,False,True,True,False,False,False,False,False,False,False,False,True,False,14.99
POSTAL 2,Nov 2 2012,59,19784,False,False,True,True,True,False,False,False,False,False,False,False,False,False,9.99
Miasmata,Nov 28 2012,76,744,False,False,True,True,True,False,False,False,False,False,False,False,False,False,14.99
The Sims(tm) 3,Jan 27 2011,86,6191,False,False,False,False,False,False,False,False,True,False,False,False,False,False,19.99
AirBuccaneers,,74,560,True,False,True,True,False,False,True,True,False,False,True,False,False,False,0.0
F1 2013,Oct 3 2013,77,3188,False,False,False,False,False,False,False,False,True,False,False,True,True,False,24.99
FlyN,Nov 9 2012,80,355,False,False,True,True,True,False,False,False,False,False,False,False,False,False,9.99
Xenonauts,Jun 16 2014,77,1917,False,False,True,False,False,False,True,False,True,False,False,False,False,False,24.99
Deadpool,Jun 25 2013,63,2759,False,False,False,True,False,False,False,False,False,False,False,False,False,False,39.99
Pressure,Mar 26 2013,64,1121,False,False,True,True,False,True,False,False,False,False,False,False,True,False,7.99
Legacy of Kain: Defiance,Dec 6 2012,70,278,False,False,False,True,True,False,False,False,False,False,False,False,False,False,6.99
Contrast,Nov 15 2013,62,3140,False,False,True,False,True,False,False,False,False,False,False,False,False,False,9.99
Octodad: Dadliest Catch,Jan 30 2014,69,5754,False,False,True,True,True,False,False,False,False,False,False,False,False,False,14.99
Defiance,Jun 4 2014,64,9269,True,False,False,True,False,False,False,True,False,False,True,False,False,True,0.0
FEZ,May 1 2013,91,8516,False,False,True,False,False,False,False,False,False,False,False,False,False,False,9.99
Super House of Dead Ninjas,Feb 18 2013,79,997,False,False,True,True,False,False,False,False,False,False,False,False,False,False,6.99
Arma Tactics,Oct 1 2013,47,572,False,False,True,False,False,False,True,False,False,False,False,False,False,False,8.99
Legacy of Kain: Soul Reaver 2,Dec 6 2012,77,215,False,False,False,True,True,False,False,False,False,False,False,False,False,False,6.99
Brothers - A Tale of Two Sons,Sep 3 2013,90,22471,False,False,True,True,True,False,False,False,False,False,False,False,False,False,14.99
Brutal Legend,Feb 26 2013,80,6720,False,False,False,True,True,False,True,False,False,False,False,False,False,False,14.99
DARK,Jul 3 2013,41,686,False,False,False,True,False,False,False,True,False,False,False,False,False,False,14.99
Cities in Motion 2,Apr 2 2013,72,1535,False,False,False,False,False,False,True,False,True,False,False,False,False,False,19.99
Just Cause(tm) 3,Nov 30 2015,74,18741,False,False,False,True,True,False,False,False,False,False,False,False,False,False,59.99
Blade Symphony,May 7 2014,72,3592,False,False,True,True,False,False,False,False,False,False,False,False,False,False,9.99
PixelJunk(tm) Nom Nom Galaxy,Aug 3 2015,68,428,False,False,True,True,False,True,True,False,False,False,False,False,False,False,9.99
Weird Worlds: Return to Infinite Space,Mar 19 2013,79,434,False,False,True,False,True,True,True,False,False,False,False,False,False,False,4.99
Marvel Heroes 2016,Jun 3 2013,81,11337,True,False,False,True,False,False,False,True,False,False,True,False,False,True,0.0
Escape Dead Island,Nov 18 2014,52,574,False,False,False,False,True,False,False,False,False,False,False,False,False,False,14.99
F1 2014,Oct 16 2014,61,1096,False,False,False,False,False,False,False,False,False,False,False,True,True,False,29.99
Desktop Dungeons,Nov 7 2013,82,846,False,False,True,False,True,True,True,True,False,False,False,False,False,False,14.99
Age of Wonders III,Mar 31 2014,80,3499,False,False,False,False,False,False,True,True,False,False,False,False,False,False,29.99
Galactic Civilizations III,May 14 2015,81,5401,False,False,True,False,False,False,True,False,True,False,False,False,False,False,39.99
Ironclad Tactics,Sep 18 2013,69,515,False,False,True,False,False,True,True,False,False,False,False,False,False,False,14.99
Pinball FX2,May 10 2013,84,2631,True,False,False,False,False,True,False,False,True,False,False,False,False,False,0.0
Primordia,Dec 5 2012,72,975,False,False,True,False,True,False,False,False,False,False,False,False,False,False,9.99
Rise of Venice,Sep 27 2013,66,259,False,False,False,False,False,False,True,False,True,False,False,False,False,False,24.99
Papo & Yo,Apr 18 2013,70,2035,False,False,True,False,True,False,False,False,False,False,False,False,False,False,14.99
Sniper Elite: Nazi Zombie Army,Feb 28 2013,62,3101,False,False,False,True,False,False,False,False,False,False,False,False,False,False,14.99
Waking Mars,Dec 13 2012,79,835,False,False,True,True,True,False,False,False,False,False,False,False,False,False,9.99
Sang-Froid - Tales of Werewolves,Apr 5 2013,79,1397,False,False,True,True,True,False,True,True,False,False,False,False,False,False,14.99
Euro Truck Simulator 2,Jan 16 2013,79,68021,False,False,True,False,False,False,False,False,True,False,False,False,False,False,22.99
God Mode,Apr 19 2013,58,2097,False,False,False,True,False,False,False,False,False,False,False,False,False,False,9.99
10000000,Jan 15 2013,67,1394,False,False,True,True,False,True,False,True,False,False,False,False,False,False,4.99
Firefall,Jul 29 2014,60,8313,True,False,False,True,False,False,False,True,False,False,True,False,False,True,0.0
March of the Eagles,Feb 18 2013,71,143,False,False,False,False,False,False,True,False,True,False,False,False,False,False,19.99
Retrovirus,Jan 31 2013,70,146,False,False,True,True,False,False,False,False,False,False,False,False,False,False,9.99
Fallen Enchantress: Legendary Heroes,May 22 2013,80,1458,False,False,False,False,False,False,True,False,False,False,False,False,False,False,24.99
Baldurs Gate: Enhanced Edition,Jan 16 2013,78,2914,False,False,False,False,False,False,True,True,False,False,False,False,False,False,19.99
Remember Me,Jun 3 2013,65,7310,False,False,False,True,True,False,False,False,False,False,False,False,False,False,29.99
A Valley Without Wind 2,Feb 18 2013,68,184,True,False,True,True,True,False,True,False,False,False,False,False,False,False,14.99
Ace Combat Assault Horizon - Enhanced Edition,Jan 24 2013,77,3393,False,False,False,True,False,False,False,False,True,False,False,False,False,False,19.99
Cubemen 2,Apr 8 2013,68,186,False,False,True,False,False,False,True,False,False,False,False,False,False,False,7.99
TrackMania2 Canyon,Feb 27 2013,81,916,False,False,False,False,False,False,False,False,False,False,False,True,True,False,19.99
Ashes of the Singularity,Mar 31 2016,69,1381,False,False,True,False,False,False,True,False,True,False,False,False,False,False,39.99
Skulls of the Shogun,Jul 29 2013,72,422,False,False,True,False,False,False,True,False,False,False,False,False,False,False,9.99
Dungeon Hearts,Mar 28 2013,73,478,False,False,True,False,False,True,True,False,False,False,False,False,False,False,2.99
Dream,Jul 31 2015,59,805,False,False,True,False,True,False,False,False,False,False,False,False,False,False,16.99
Bientot lete,Feb 6 2013,62,224,False,False,True,False,False,True,False,False,True,False,False,False,False,False,9.99
A Fistful of Gun,Sep 23 2015,60,350,False,False,True,True,False,False,False,False,False,False,False,False,False,False,12.99
ShootMania Storm,Apr 10 2013,76,659,False,False,False,True,False,False,False,False,False,False,False,False,False,False,19.99
Armada 2526 Gold Edition,Feb 28 2013,66,0,False,False,True,False,False,False,True,False,False,False,False,False,False,False,19.99
The Age of Decadence,Oct 14 2015,81,973,False,False,True,False,False,False,False,True,False,False,False,False,False,False,29.99
Incredipede,Mar 18 2013,74,301,False,False,True,False,True,False,False,False,True,False,False,False,False,False,9.99
War for the Overworld,Apr 2 2015,65,2508,False,False,True,False,False,False,True,False,False,False,False,False,False,False,29.99
Divinity: Original Sin (Classic),Jun 30 2014,87,11048,False,False,True,False,True,False,True,True,False,False,False,False,False,False,0.0
Akaneiro: Demon Hunters,Nov 25 2014,53,244,True,False,True,True,False,False,False,True,False,False,True,False,False,False,0.0
Warframe,Mar 25 2013,68,97562,True,False,False,True,False,False,False,False,False,False,True,False,False,False,0.0
Lords of Football,Apr 5 2013,52,215,False,False,True,False,False,False,True,False,True,False,False,True,False,False,14.99
La-Mulana,Apr 15 2013,80,1359,False,False,True,True,True,False,False,False,False,False,False,False,False,False,14.99
The Night of the Rabbit,May 28 2013,75,1010,False,False,True,False,True,False,False,False,False,False,False,False,False,False,159.99
Daylight,Apr 29 2014,51,1517,False,False,True,True,True,True,False,False,False,False,False,False,False,False,9.99
Starseed Pilgrim,Apr 16 2013,83,0,False,False,True,False,True,False,False,False,False,False,False,False,False,False,0.0
Storm,Jun 27 2013,63,0,False,False,True,False,False,False,False,False,True,False,False,False,False,False,9.99
Beatbuddy: Tale of the Guardians,Aug 6 2013,75,0,False,False,True,True,True,True,False,False,False,False,False,False,False,False,9.99
The Swapper,May 30 2013,87,0,False,False,True,True,True,False,False,False,False,False,False,False,False,False,14.99
Kentucky Route Zero,Feb 22 2013,81,0,False,False,True,False,True,False,False,False,False,False,False,False,False,False,24.99
MirrorMoon EP,Sep 4 2013,73,0,False,False,True,False,True,False,False,False,False,False,False,False,False,False,9.99
Deadfall Adventures,Nov 15 2013,53,0,False,False,False,True,True,False,False,False,False,False,False,False,False,False,0.0
Company of Heroes 2,Jun 25 2013,80,0,False,False,False,False,False,False,True,False,False,False,False,False,False,False,29.99
Spider-Man(tm): Shattered Dimensions,Oct 23 2015,68,0,False,False,False,True,False,False,False,False,False,False,False,False,False,False,0.0
Eador. Masters of the Broken World,Apr 19 2013,74,0,False,False,True,False,False,False,True,False,False,False,False,False,False,False,19.99
Gone Home,Aug 15 2013,86,0,False,False,True,False,True,False,False,False,False,False,False,False,False,False,19.99
Mars: War Logs,Apr 26 2013,59,0,False,False,False,True,False,False,False,True,False,False,False,False,False,False,49.99
POSTAL,Mar 21 2013,56,0,False,False,True,True,False,False,False,False,False,False,False,False,False,False,1.99
Broken Age,Jan 28 2014,73,0,False,False,True,False,True,True,False,False,False,False,False,False,False,False,24.99
Stronghold Crusader 2,Sep 22 2014,65,0,False,False,False,False,False,False,True,False,True,False,False,False,False,False,0.0
Thunder Wolves,May 15 2013,69,0,False,False,True,True,False,True,False,False,False,False,False,False,False,False,9.99
Defense Technica,Oct 24 2013,63,0,False,False,True,False,False,False,True,False,False,False,False,False,False,False,14.99
Shadow Warrior,Sep 26 2013,73,0,False,False,False,True,True,False,False,False,False,False,False,False,False,False,39.99
LUFTRAUSERS,Mar 18 2014,80,0,False,False,True,True,False,False,False,False,True,False,False,False,False,False,9.99
Final Exam,Nov 5 2013,66,0,False,False,True,True,False,False,False,False,False,False,False,False,False,False,9.99
Air Conflicts: Vietnam,Oct 2 2013,43,0,False,False,False,True,False,False,False,False,True,False,False,False,False,False,17.99
Kairo,Apr 24 2013,76,0,False,False,True,False,True,False,False,False,False,False,False,False,False,False,4.99
Planetary Annihilation,Sep 5 2014,62,0,False,False,False,False,False,False,True,False,False,False,False,False,False,False,29.99
Far Cry 3 - Blood Dragon,May 1 2013,81,0,False,False,False,True,True,False,False,False,False,False,False,False,False,False,14.99
Murdered: Soul Suspect,Jun 3 2014,59,0,False,False,False,True,True,False,False,True,False,False,False,False,False,False,29.99
Avadon 2: The Corruption,Oct 30 2013,82,0,False,False,True,False,False,False,True,True,False,False,False,False,False,False,9.99
The Raven - Legacy of a Master Thief,Jul 23 2013,74,0,False,False,False,False,True,False,False,False,False,False,False,False,False,False,24.99
Prison Architect,Oct 6 2015,83,0,False,False,True,False,False,False,True,False,True,False,False,False,False,False,29.99
Evoland,Apr 4 2013,61,0,False,False,True,False,True,False,False,True,False,False,False,False,False,False,9.99
Sword of the Stars: The Pit,,68,0,False,False,True,False,False,True,True,True,False,False,False,False,False,False,12.99
Surgeon Simulator 2013,Apr 19 2013,71,0,False,False,True,True,False,False,False,False,True,False,False,False,False,False,9.99
Worms Clan Wars,Aug 15 2013,73,0,False,False,False,False,False,False,True,False,False,False,False,False,False,False,24.99
UnEpic,Jul 25 2014,68,0,False,False,True,True,False,False,False,True,False,False,False,False,False,False,12.99
Mad Max,Sep 1 2015,73,0,False,False,False,True,True,False,False,False,False,False,False,False,False,False,39.99
Strike Suit Infinity,,66,0,False,False,True,True,False,False,False,False,False,False,False,False,False,False,39.99
Shattered Haven,Mar 18 2013,59,0,False,False,True,True,True,False,False,False,False,False,False,False,False,False,9.99
Teleglitch: Die More Edition,Jul 24 2013,78,0,False,False,True,True,False,False,False,False,False,False,False,False,False,False,12.99
Rising Storm Game of the Year Edition,May 30 2013,82,0,False,False,False,True,False,False,False,False,False,False,False,False,False,False,19.99
War of the Vikings,Apr 15 2014,62,0,False,False,False,True,False,False,False,False,False,False,False,False,False,False,24.99
Project CARS,Mar 15 2015,83,0,False,False,False,False,False,False,False,False,True,False,False,True,True,False,29.99
Shadowrun Returns,Jul 25 2013,76,0,False,False,True,False,True,False,True,True,False,False,False,False,False,False,14.99
NARUTO SHIPPUDEN: Ultimate Ninja STORM 3 Full Burst,Oct 24 2013,80,0,False,False,False,True,True,False,False,False,False,False,False,False,False,False,0.0
Poker Night 2,Apr 26 2013,75,0,False,False,False,False,False,True,False,False,False,False,False,True,False,False,4.99
Anodyne,Mar 22 2013,75,807,False,False,True,True,True,False,False,False,False,False,False,False,False,False,9.99
Dyscourse,Mar 25 2015,71,330,False,False,True,False,True,True,False,False,True,False,False,False,False,False,14.99
Bad Bots,,49,0,False,False,True,True,False,False,False,False,False,False,False,False,False,False,0.0
STRIDER(tm) / sutoraidaFei Long (r),Feb 19 2014,78,1735,False,False,False,True,True,False,False,False,False,False,False,False,False,False,14.99
Original War,Jan 27 2014,61,479,False,False,True,False,False,False,True,False,False,False,False,False,False,False,4.99
Prime World,Mar 31 2014,65,2745,True,False,False,True,False,False,False,True,False,False,True,False,False,True,0.0
Prime World: Defenders,Jun 5 2013,58,0,False,False,True,False,False,True,True,False,False,False,False,False,False,False,9.99
METAL GEAR RISING: REVENGEANCE,Jan 9 2014,83,11188,False,False,False,True,False,False,False,False,False,False,False,False,False,False,29.99
Warhammer: End Times - Vermintide,Oct 23 2015,79,9843,False,False,True,True,False,False,False,False,False,False,False,False,False,False,29.99
Cubetractor,,75,0,False,False,True,True,False,False,True,False,False,False,False,False,False,False,0.0
Audiosurf 2,May 26 2015,76,3064,False,False,True,False,False,False,False,False,False,False,False,False,False,False,14.99
Element4l,May 24 2013,77,0,False,False,True,True,False,False,False,False,False,False,False,False,False,False,8.99
Tetrobot and Co.,Oct 15 2013,72,0,False,False,True,False,False,True,False,False,False,False,False,False,False,False,0.0
Horizon,Feb 6 2014,58,0,False,False,True,False,False,False,True,False,False,False,False,False,False,False,29.99
Starpoint Gemini 2,Sep 26 2014,70,0,False,False,False,True,False,False,False,True,True,False,False,False,False,False,34.99
War Thunder,Aug 15 2013,82,0,True,False,False,False,False,False,False,False,True,False,True,False,False,True,0.0
DARK SOULS(tm) II,Apr 25 2014,91,0,False,False,False,True,False,False,False,True,False,False,False,False,False,False,39.99
Hexodius,Jun 21 2013,47,0,False,False,True,True,False,False,False,False,False,False,False,False,False,False,9.99
Takedown: Red Sabre,Feb 10 2014,34,0,False,False,False,True,False,False,True,False,True,False,False,False,False,False,4.99
Blood Bowl 2,Sep 22 2015,76,1925,False,False,False,False,False,False,True,False,False,False,False,True,False,False,44.99
Anomaly 2,May 15 2013,77,0,False,False,True,True,False,False,True,False,False,False,False,False,False,False,14.99
Europa Universalis IV,Aug 13 2013,87,18642,False,False,False,False,False,False,True,False,True,False,False,False,False,False,39.99
Frozen Cortex,Feb 19 2015,79,237,False,False,True,False,False,False,True,False,False,False,False,True,False,False,24.99
Expeditions: Conquistador,May 30 2013,77,809,False,False,True,False,False,False,True,True,False,False,False,False,False,False,19.99
Battle Worlds: Kronos,Nov 4 2013,71,187,False,False,False,False,False,False,True,False,False,False,False,False,False,False,19.99
DuckTales: Remastered,Aug 13 2013,66,2669,False,False,False,True,True,True,False,False,False,False,False,False,False,False,14.99
Angry Video Game Nerd Adventures,Sep 20 2013,77,2250,False,False,True,True,True,False,False,False,False,False,False,False,False,False,9.99
Dreamfall Chapters,Oct 21 2014,72,1917,False,False,True,False,True,False,False,False,False,False,False,False,False,False,29.99
Agarest: Generations of War,Feb 4 2014,45,1457,False,False,False,False,True,False,True,True,False,False,False,False,False,False,14.99
Transistor,May 20 2014,83,13687,False,False,True,True,False,False,False,True,False,False,False,False,False,False,19.99
UFO: Afterlight,Jan 6 2014,71,272,False,False,True,False,False,False,True,False,False,False,False,False,False,False,6.99
Memento Mori 2,May 13 2014,65,0,False,False,True,False,True,False,False,False,False,False,False,False,False,False,24.99
The Banner Saga,Jan 14 2014,80,8023,False,False,True,False,False,False,True,True,False,False,False,False,False,False,19.99
Deus Ex: Human Revolution - Directors Cut,Oct 25 2013,91,8724,False,False,False,True,False,False,False,True,False,False,False,False,False,False,19.99
System Shock 2,May 10 2013,92,3216,False,False,False,True,False,False,False,True,False,False,False,False,False,False,9.99
Legend of Dungeon,Sep 13 2013,62,1330,False,False,True,True,False,False,False,True,False,False,False,False,False,False,9.99
Outlast,Sep 4 2013,80,23548,False,False,True,True,True,False,False,False,False,False,False,False,False,False,19.99
Magicka 2,May 26 2015,69,2894,False,False,False,True,True,False,False,False,False,False,False,False,False,False,14.99
Contagion,Oct 25 2013,62,10971,False,False,True,True,True,False,False,False,False,False,False,False,False,False,9.99
BattleBlock Theater(r),May 15 2014,85,31040,False,False,True,True,True,True,False,False,False,False,False,False,False,False,14.99
Fist Puncher,Jun 21 2013,73,197,False,False,True,True,False,False,False,False,False,False,False,False,False,False,9.99
Might & Magic X - Legacy,Jan 23 2014,70,1983,False,False,False,False,False,False,False,True,False,False,False,False,False,False,24.99
Citadels,Jul 25 2013,20,358,False,False,False,True,False,False,True,False,False,False,False,False,False,False,14.99
Skyward Collapse,May 23 2013,64,261,False,False,True,False,False,False,True,False,True,False,False,False,False,False,4.99
Bionic Dues,Oct 8 2013,71,713,False,False,True,False,False,False,True,True,False,False,False,False,False,False,9.99
Path of Exile,Oct 23 2013,86,33124,True,False,True,True,True,False,False,True,False,False,True,False,False,True,0.0
Papers Please,Aug 8 2013,85,16216,False,False,True,False,True,False,False,False,False,False,False,False,False,False,9.99
Hammerwatch,Aug 12 2013,72,4760,False,False,True,True,True,False,False,True,False,False,False,False,False,False,9.99
Samurai Gunn,Dec 10 2013,78,309,False,False,False,True,False,False,False,False,False,False,False,False,False,False,14.99
FINAL FANTASY III,May 27 2014,68,827,False,False,False,False,False,False,False,True,False,False,False,False,False,False,15.99
Dying Light: The Following - Enhanced Edition,Jan 26 2015,87,32099,False,False,False,True,False,False,False,True,False,False,False,False,False,False,59.99
Thief,Feb 27 2014,70,10768,False,False,False,True,True,False,False,False,False,False,False,False,False,False,29.99
Amnesia: A Machine for Pigs,Sep 10 2013,72,4069,False,False,True,True,True,False,False,False,False,False,False,False,False,False,19.99
The Mighty Quest For Epic Loot,Feb 25 2014,64,11512,True,False,False,True,True,False,True,True,False,False,True,False,False,False,0.0
Castlevania: Lords of Shadow 2,Feb 25 2014,58,1923,False,False,False,True,True,False,False,False,False,False,False,False,False,False,39.99
Spelunky,Aug 8 2013,90,6079,False,False,True,False,False,False,False,False,False,False,False,False,False,False,14.99
Game Dev Tycoon,Aug 29 2013,68,21796,False,False,True,False,False,True,True,False,True,False,False,False,False,False,9.99
Dead State: Reanimated,Dec 4 2014,70,1454,False,False,True,False,False,False,True,True,False,False,False,False,False,False,19.99
Quadrilateral Cowboy,Jul 25 2016,82,238,False,False,True,True,True,False,False,False,False,False,False,False,False,False,19.99
WWE 2K15,Apr 28 2015,70,2879,False,False,False,True,False,False,False,False,True,False,False,True,False,False,49.99
Rain Blood Chronicles: Mirage,Nov 11 2013,68,137,False,False,True,True,True,False,False,False,False,False,False,False,False,False,9.99
Wasteland 2: Directors Cut,Sep 18 2014,87,6613,False,False,True,False,True,False,True,True,False,False,False,False,False,False,39.99
Half Minute Hero: The Second Coming,Apr 4 2014,79,358,False,False,True,True,False,False,False,True,False,False,False,False,False,False,9.99
Sherlock Holmes: Crimes and Punishments,Sep 29 2014,77,1406,False,False,False,False,True,False,False,False,False,False,False,False,False,False,29.99
Ittle Dew,Jul 23 2013,67,763,False,False,True,False,True,False,False,False,False,False,False,False,False,False,9.99
CastleStorm,Jul 29 2013,73,1017,False,False,True,True,False,False,True,False,False,False,False,False,False,False,9.99
State of Decay,Nov 5 2013,79,17042,False,False,False,True,False,False,False,True,True,False,False,False,False,False,0.0
The Crew(tm),Dec 1 2014,71,10427,False,False,False,True,False,False,False,False,False,False,False,False,True,True,29.99
Rogue Legacy,Jun 27 2013,85,12332,False,False,True,True,False,False,False,True,False,False,False,False,False,False,14.99
Inquisitor,August 2013,64,359,False,False,True,False,False,False,False,True,False,False,False,False,False,False,9.99
Guncraft,Aug 9 2013,73,1202,False,False,True,True,False,False,False,False,False,False,False,False,False,False,14.99
Kill to Collect,Apr 6 2016,57,118,False,False,True,True,True,False,False,False,False,False,False,False,False,False,19.99
Goodbye Deponia,Oct 17 2013,80,900,False,False,True,False,True,False,False,False,False,False,False,False,False,False,159.99
Sorcerer King,Jul 16 2015,75,468,False,False,True,False,False,False,True,True,False,False,False,False,False,False,24.99
Joe Danger 2: The Movie,Jun 24 2013,82,325,False,False,True,True,False,True,False,False,False,False,False,False,True,False,14.99
Vector Thrust,Jul 2 2015,57,418,False,False,True,True,False,False,False,False,True,False,False,False,False,False,24.99
The Chaos Engine,Aug 29 2013,40,276,False,False,False,True,False,False,False,False,False,False,False,False,False,False,9.99
Rayman(r) Legends,Sep 3 2013,89,2290,False,False,False,True,True,False,False,False,False,False,False,False,False,False,29.99
Space Hulk,Aug 15 2013,58,1644,False,False,True,False,False,False,True,False,False,False,False,False,False,False,24.99
Nuclear Throne,Dec 5 2015,88,6652,False,False,True,True,False,False,False,True,False,False,False,False,False,False,11.99
140,Oct 16 2013,80,2622,False,False,True,True,False,False,False,False,False,False,False,False,False,False,4.99
Verdun,Apr 28 2015,70,15969,False,False,True,True,False,False,True,False,True,False,False,False,False,False,24.99
Sir You Are Being Hunted,May 2 2014,63,2853,False,False,True,True,False,False,False,False,False,False,False,False,False,False,19.99
Anachronox,Oct 17 2013,77,165,False,False,False,False,False,False,False,True,False,False,False,False,False,False,6.99
Startopia,Oct 10 2013,86,349,False,False,False,False,False,False,False,False,True,False,False,False,False,False,6.99
Glare,Oct 10 2013,69,0,False,False,True,True,False,False,False,False,False,False,False,False,False,False,9.99
Mushroom 11,Oct 15 2015,78,296,False,False,True,True,True,False,False,False,False,False,False,False,False,False,14.99
Memoria,Aug 29 2013,79,792,False,False,True,False,True,False,False,False,False,False,False,False,False,False,159.99
FRACT OSC,Apr 22 2014,75,443,False,False,True,False,False,False,False,False,False,False,False,False,False,False,14.99
Urban Trial Freestyle,Sep 18 2013,58,1346,False,False,False,True,False,False,False,False,True,False,False,True,True,False,6.99
Watch_Dogs(tm),May 26 2014,77,17516,False,False,False,True,True,False,False,False,False,False,False,False,False,False,29.99
PixelJunk(tm) Monsters Ultimate,Aug 26 2013,72,635,False,False,False,False,False,False,True,False,False,False,False,False,False,False,9.99
Gas Guzzlers Extreme,Oct 8 2013,73,1799,False,False,False,True,False,False,False,False,False,False,False,True,True,False,24.99
Tom Clancys Ghost Recon Phantoms - NA,Apr 10 2014,70,19042,True,False,False,False,False,False,False,False,False,False,True,False,False,False,0.0
Bound By Flame,May 8 2014,56,2093,False,False,False,True,False,False,False,True,False,False,False,False,False,False,29.99
Invisible Inc.,May 12 2015,82,2209,False,False,True,True,False,False,True,False,False,False,False,False,False,False,19.99
Rise of Flight United,Sep 5 2013,77,910,True,False,False,False,False,False,False,False,True,False,True,False,False,False,0.0
Homeworld Remastered Collection,Feb 25 2015,86,4370,False,False,False,False,False,False,True,False,True,False,False,False,False,False,34.99
Assetto Corsa,Dec 19 2014,85,8286,False,False,True,False,False,False,False,False,True,False,False,True,True,False,29.99
Men of War: Assault Squad 2,May 15 2014,68,6725,False,False,False,True,False,False,True,False,True,False,False,False,False,False,29.99
Face Noir,Oct 17 2013,59,167,False,False,True,False,True,False,False,False,False,False,False,False,False,False,9.99
Shelter,Aug 28 2013,69,2115,False,False,True,False,True,False,False,False,False,False,False,False,False,False,9.99
Divekick,Aug 20 2013,73,1514,False,False,True,True,False,False,False,False,False,False,False,False,False,False,4.99
Foul Play,Sep 18 2013,69,500,False,False,True,True,True,True,False,False,False,False,False,False,False,False,14.99
Homesick,May 28 2015,72,530,False,False,True,False,True,False,False,False,False,False,False,False,False,False,14.99
Where is my Heart?,May 29 2014,74,128,False,False,True,False,True,True,False,False,False,False,False,False,False,False,7.99
The Novelist,Dec 10 2013,66,744,False,False,True,False,True,True,False,False,False,False,False,False,False,False,14.99
Skullgirls,Aug 22 2013,83,10264,False,False,True,True,False,False,False,False,False,False,False,False,False,False,9.99
ENSLAVED(tm): Odyssey to the West(tm) Premium Edition,Oct 24 2013,70,2664,False,False,False,True,True,False,False,False,False,False,False,False,False,False,19.99
Etherium,Mar 25 2015,62,756,False,False,False,False,False,False,True,False,False,False,False,False,False,False,19.99
Wizardry 8,Sep 10 2013,85,293,False,False,False,False,True,False,False,True,False,False,False,False,False,False,9.99
Democracy 3,Oct 14 2013,70,4376,False,False,True,False,False,False,True,False,True,False,False,False,False,False,24.99
Trials Fusion(tm),Apr 24 2014,80,1364,False,False,False,False,False,False,False,False,False,False,False,False,True,False,19.99
Tropico 5,May 23 2014,75,6001,False,False,False,False,False,False,True,True,True,False,False,False,False,False,24.99
Hack n Slash,Sep 9 2014,73,606,False,False,True,False,True,True,False,False,False,False,False,False,False,False,13.37
Spacebase DF-9,Oct 27 2014,49,3256,False,False,True,False,False,False,True,False,True,False,False,False,False,False,9.99
MASSIVE CHALICE,Jun 1 2015,73,1022,False,False,True,False,False,False,True,False,False,False,False,False,False,False,19.99
Strike Vector,Jan 28 2014,73,2305,False,False,True,True,False,False,False,False,False,False,False,False,False,False,11.99
Wayward Manor,Jul 15 2014,41,0,False,False,True,False,True,True,False,False,False,False,False,False,False,False,6.99
Legends of Eisenwald,Jul 2 2015,71,816,False,False,True,False,True,False,True,True,False,False,False,False,False,False,19.99
BeatBlasters III,Feb 21 2014,56,0,False,False,True,True,False,False,False,False,False,False,False,False,False,False,9.99
FATE,Dec 12 2013,80,703,False,False,False,True,True,False,False,True,False,False,False,False,False,False,7.99
Giana Sisters: Twisted Dreams - Rise of the Owlverlord,Sep 26 2013,84,261,False,False,True,True,False,False,False,False,False,False,False,False,False,False,4.99
Talisman: Digital Edition,Feb 25 2014,51,2581,False,False,True,False,False,False,True,True,False,False,False,False,False,False,14.99
Crypt of the NecroDancer,Apr 23 2015,87,6604,False,False,True,True,False,False,False,True,False,False,False,False,False,False,14.99
Soundodger+,Oct 11 2013,78,435,False,False,True,False,False,True,False,False,False,False,False,False,False,False,7.99
Volgarr the Viking,Sep 13 2013,76,1556,False,False,True,True,True,False,False,False,False,False,False,False,False,False,9.99
Deadly Premonition: The Directors Cut,Oct 29 2013,59,1991,False,False,False,True,True,False,False,False,False,False,False,False,False,False,24.99
Nether: Resurrected,Jun 5 2014,57,16685,False,False,True,True,False,False,False,True,True,False,False,False,False,True,4.99
Redshirt,Nov 13 2013,62,351,False,False,True,False,False,False,True,True,True,False,False,False,False,False,9.99
Sniper Elite: Nazi Zombie Army 2,Oct 31 2013,53,3251,False,False,False,True,True,False,False,False,False,False,False,False,False,False,14.99
Sacred 3,Aug 5 2014,57,3061,False,False,False,True,False,False,False,True,False,False,False,False,False,False,14.99
Freedom Planet,Jul 21 2014,81,2710,False,False,True,True,False,False,False,False,False,False,False,False,False,False,14.99
Dominions 3: The Awakening,Sep 10 2013,82,0,False,False,True,False,False,False,True,False,False,False,False,False,False,False,19.99
Megabyte Punch,Oct 15 2013,69,668,False,False,True,True,True,False,False,False,False,False,False,False,False,False,14.99
Door Kickers,Oct 20 2014,83,2989,False,False,True,True,False,False,True,False,True,False,False,False,False,False,19.99
A Walk in the Dark,Nov 7 2013,67,325,False,False,True,True,False,False,False,False,False,False,False,False,False,False,6.99
Risk of Rain,Nov 8 2013,77,18506,False,False,True,True,False,False,False,True,False,False,False,False,False,False,9.99
NEO Scavenger,Dec 15 2014,77,2320,False,False,True,False,False,False,True,True,False,False,False,False,False,False,14.99
Dungeon of the Endless(tm),Oct 27 2014,79,5463,False,False,True,False,True,False,True,True,False,False,False,False,False,False,11.99
LEGO(r) Marvel(tm) Super Heroes,Oct 22 2013,78,7185,False,False,False,True,True,False,False,False,False,False,False,False,False,False,19.99
Risen 3 - Titan Lords,Aug 12 2014,65,2429,False,False,False,False,False,False,False,True,False,False,False,False,False,False,14.99
Carmageddon: Reincarnation,May 21 2015,54,2844,False,False,True,True,False,False,False,False,False,False,False,False,True,False,29.99
The Castle Doctrine,Jan 29 2014,58,355,False,False,True,False,False,False,True,False,False,False,False,False,False,True,15.99
Teslagrad,Dec 13 2013,77,981,False,False,True,False,False,False,False,False,False,False,False,False,False,False,9.99
Blackguards,Jan 22 2014,68,1911,False,False,True,False,False,False,True,True,False,False,False,False,False,False,39.99
Scribblenauts Unmasked: A DC Comics Adventure,Sep 24 2013,68,1202,False,False,False,True,True,True,True,False,False,False,False,False,False,False,19.99
FORCED: Slightly Better Edition,Oct 24 2013,72,2102,False,False,True,True,True,False,False,True,False,False,False,False,False,False,14.99
Lilly Looking Through,Nov 1 2013,71,529,False,False,True,False,True,False,False,False,False,False,False,False,False,False,9.99
Life Goes On: Done to Death,Apr 17 2014,73,264,False,False,True,True,True,True,False,False,False,False,False,False,False,False,12.99
Assault Android Cactus,Sep 23 2015,79,745,False,False,True,True,False,False,False,False,False,False,False,False,False,False,14.99
Jazzpunk,Feb 7 2014,75,3395,False,False,True,False,True,False,False,False,False,False,False,False,False,False,14.99
The Wolf Among Us,Oct 11 2013,85,16289,False,False,False,False,True,False,False,False,False,False,False,False,False,False,24.99
Knock-knock,Oct 4 2013,57,734,False,False,True,False,False,False,False,False,False,False,False,False,False,False,9.99
How to Survive,Aug 29 2014,60,13108,False,False,False,True,True,False,False,True,False,False,False,False,False,False,14.99
UnderRail,Dec 18 2015,72,906,False,False,True,False,False,False,False,True,False,False,False,False,False,False,14.99
Fight The Dragon,Dec 4 2014,76,1092,False,False,True,False,False,False,False,True,False,False,False,False,False,False,14.99
Among the Sleep,May 29 2014,66,3227,False,False,True,True,True,False,False,False,False,False,False,False,False,False,14.99
Croixleur Sigma,Apr 30 2014,56,298,False,False,True,True,False,False,False,False,False,False,False,False,False,False,7.99
Super Time Force Ultra,Aug 25 2014,80,603,False,False,True,True,False,False,False,False,False,False,False,False,False,False,14.99
Shovel Knight,Jun 26 2014,85,6216,False,False,True,True,True,False,False,False,False,False,False,False,False,False,14.99
Wargame: Red Dragon,Apr 17 2014,78,5709,False,False,False,False,False,False,True,False,False,False,False,False,False,False,39.99
Chroma Squad,Apr 30 2015,75,1395,False,False,True,False,False,False,True,True,False,False,False,False,False,False,14.99
The Legend of Heroes: Trails in the Sky,Jul 29 2014,85,2281,False,False,False,False,False,False,False,True,False,False,False,False,False,False,19.99
Livelock,Aug 30 2016,76,160,False,False,True,True,True,False,False,False,False,False,False,False,False,False,19.99
Corpse Party,Apr 25 2016,71,188,False,False,True,False,True,False,False,True,False,False,False,False,False,False,14.99
The Legend of Heroes: Trails in the Sky SC,Oct 29 2015,80,503,False,False,False,False,False,False,False,True,False,False,False,False,False,False,29.99
The Inner World,Sep 27 2013,72,429,False,False,True,False,True,False,False,False,False,False,False,False,False,False,14.99
TowerFall Ascension,Mar 11 2014,87,1371,False,False,True,True,False,False,False,False,False,False,False,False,False,False,14.99
Gravity Ghost,Jan 26 2015,75,221,False,False,True,False,False,False,False,False,False,False,False,False,False,False,14.99
Constant C,Mar 11 2014,60,0,False,False,True,True,False,True,False,False,False,False,False,False,False,False,9.99
The Impossible Game,May 8 2014,64,986,False,False,True,False,False,False,False,False,False,False,False,False,False,False,4.99
Speedball 2 HD,Dec 5 2013,53,478,False,False,True,True,False,False,False,False,False,False,False,True,False,False,9.99
Stick it to The Man!,Dec 13 2013,83,476,False,False,True,True,True,False,False,False,False,False,False,False,False,False,14.99
Master Reboot,Oct 29 2013,59,562,False,False,True,True,True,False,False,False,False,False,False,False,False,False,14.99
Long Live The Queen,Nov 8 2013,67,5157,False,False,True,False,False,False,True,True,True,False,False,False,False,False,9.99
Valdis Story: Abyssal City,Oct 30 2013,83,1758,False,False,True,True,False,False,False,True,False,False,False,False,False,False,14.99
Lovers in a Dangerous Spacetime,Sep 9 2015,80,593,False,False,True,True,False,False,False,False,True,False,False,False,False,False,14.99
Divide By Sheep,Jul 2 2015,83,306,False,False,True,False,True,True,False,False,False,False,False,False,False,False,4.99
YAIBA: NINJA GAIDEN Z,Mar 21 2014,49,155,False,False,False,True,True,False,False,False,False,False,False,False,False,False,29.99
Syder Arcade,Oct 24 2013,76,549,False,False,True,True,False,False,False,False,False,False,False,False,False,False,9.99
Slender: The Arrival,Oct 28 2013,65,3832,False,False,True,True,True,False,False,False,False,False,False,False,False,False,9.99
SteamWorld Dig,Dec 5 2013,76,2971,False,False,True,True,True,False,False,False,False,False,False,False,False,False,9.99
StarDrive 2,Apr 9 2015,70,1447,False,False,True,False,False,False,True,False,False,False,False,False,False,False,29.99
Qbeh-1: The Atlas Cube,May 15 2014,72,434,False,False,True,False,True,True,False,False,False,False,False,False,False,False,9.99
Eldritch,Oct 21 2013,77,1291,False,False,True,True,True,False,False,True,False,False,False,False,False,False,14.99
Nihilumbra,Oct 25 2013,75,1841,False,False,True,False,True,True,False,False,False,False,False,False,False,False,7.99
The Last Express Gold Edition,Nov 21 2013,82,141,False,False,False,False,True,False,False,False,False,False,False,False,False,False,6.99
MouseCraft,Jul 8 2014,72,146,False,False,True,True,True,True,True,False,False,False,False,False,False,False,9.99
Rocket League(r),Jul 7 2015,86,86627,False,False,True,True,False,False,False,False,False,False,False,True,True,False,19.99
Race The Sun,Dec 9 2013,79,4755,False,False,True,True,False,False,False,False,False,False,False,False,True,False,9.99
The Cat Lady,Dec 4 2013,81,2460,False,False,True,False,True,False,False,False,False,False,False,False,False,False,9.99
FOTONICA,Nov 6 2014,71,514,False,False,True,True,False,False,False,False,False,False,False,False,False,False,9.99
Fester Mudd: Curse of the Gold - Episode 1,Nov 4 2013,76,0,False,False,False,False,True,False,False,False,False,False,False,False,False,False,9.99
Neverending Nightmares,Sep 26 2014,68,1469,False,False,True,True,True,False,False,False,False,False,False,False,False,False,14.99
Hot Tin Roof: The Cat That Wore A Fedora,Feb 20 2015,66,0,False,False,True,True,True,False,False,True,False,False,False,False,False,False,14.99
Ikaruga,Feb 18 2014,84,995,False,False,True,True,False,False,False,False,False,False,False,False,False,False,9.99
rymdkapsel,Jan 30 2014,77,174,False,False,True,False,False,False,True,False,False,False,False,False,False,False,7.99
Earth 2150 Trilogy,Nov 1 2013,78,212,False,False,False,False,False,False,True,False,False,False,False,False,False,False,6.99
Septerra Core,Sep 27 2013,72,342,False,False,False,False,False,False,False,True,False,False,False,False,False,False,4.99
Enclave,Oct 4 2013,71,4203,False,False,False,False,False,False,False,True,False,False,False,False,False,False,4.99
World War III: Black Gold,Sep 27 2013,71,168,False,False,False,False,False,False,True,False,False,False,False,False,False,False,4.99
World War II: Panzer Claws,Sep 27 2013,61,105,False,False,False,False,False,False,True,False,False,False,False,False,False,False,4.99
Duskers,May 18 2016,83,542,False,False,True,False,False,False,True,False,False,False,False,False,False,False,19.99
Obscure,Mar 10 2014,63,351,False,False,False,True,True,False,False,False,False,False,False,False,False,False,6.99
Obscure II (Obscure: The Aftermath),Mar 10 2014,59,149,False,False,False,True,True,False,False,False,False,False,False,False,False,False,9.99
Shadow Warrior,Sep 26 2013,73,10697,False,False,False,True,True,False,False,False,False,False,False,False,False,False,39.99
resident evil 4 / biohazard 4,Feb 27 2014,79,6006,False,False,False,True,True,False,False,False,False,False,False,False,False,False,19.99
Ground Control Anthology,Jul 8 2015,86,0,False,False,False,False,False,False,True,False,False,False,False,False,False,False,4.99
Ground Control II: Operation Exodus,Jul 8 2015,80,0,False,False,False,False,False,False,True,False,False,False,False,False,False,False,4.99
Lords of the Realm III,Dec 3 2015,65,0,False,False,False,False,False,False,True,False,True,False,False,False,False,False,4.99
MoonBase Commander,Feb 6 2014,77,0,False,False,False,False,False,False,True,False,False,False,False,False,False,False,5.99
Silent Storm Gold Edition,Oct 2 2013,83,388,False,False,False,True,False,False,True,True,False,False,False,False,False,False,9.99
Abyss Odyssey,Jul 15 2014,69,1752,False,False,True,True,True,False,False,False,False,False,False,False,False,False,14.99
GRID Autosport,Jun 26 2014,78,5027,False,False,False,False,False,False,False,False,False,False,False,True,True,False,39.99
Journey of a Roach,Nov 4 2013,65,734,False,False,True,False,True,False,False,False,False,False,False,False,False,False,14.99
Escape Goat 2,Mar 24 2014,76,242,False,False,True,True,False,True,False,False,False,False,False,False,False,False,9.99
Magic 2015 - Duels of the Planeswalkers,Jul 16 2014,60,3934,False,False,False,False,False,False,True,False,False,False,False,False,False,False,9.99
Cities: Skylines,Mar 10 2015,85,28743,False,False,False,False,False,False,True,False,True,False,False,False,False,False,29.99
PixelJunk(tm) Shooter,Nov 11 2013,73,408,False,False,False,True,False,False,False,False,False,False,False,False,False,False,8.99
Bad Mojo Redux,Jul 3 2014,74,0,False,False,False,False,True,False,False,False,True,False,False,False,False,False,5.99
Shadows: Heretic Kingdoms,Nov 20 2014,74,306,False,False,True,False,False,False,False,True,False,False,False,False,False,False,19.99
Adventure Park,Nov 8 2013,49,154,False,False,False,False,False,False,True,False,True,False,False,False,False,False,19.99
Enemy Front,Jun 10 2014,52,1781,False,False,False,True,False,False,False,False,False,False,False,False,False,False,29.99
Child of Light,Apr 29 2014,77,7775,False,False,False,False,False,False,False,True,False,False,False,False,False,False,14.99
MotoGP(tm)14,Jun 20 2014,76,326,False,False,False,False,False,False,False,False,True,False,False,True,True,False,29.99
Might & Magic: Duel of Champions,Nov 7 2013,84,3751,True,False,False,False,False,False,True,False,False,False,True,False,False,False,0.0
Darkout,Dec 4 2013,55,683,False,False,True,True,True,False,False,False,False,False,False,False,False,False,14.99
Rebuild 3: Gangs of Deadsville,May 29 2015,75,629,False,False,True,False,False,False,True,False,True,False,False,False,False,False,14.99
Baldurs Gate II: Enhanced Edition,Nov 15 2013,78,1495,False,False,False,False,False,False,True,True,False,False,False,False,False,False,19.99
The Talos Principle,Dec 11 2014,85,9446,False,False,True,True,True,False,False,False,False,False,False,False,False,False,39.99
J.U.L.I.A.: Among the Stars,Sep 12 2014,71,516,False,False,True,False,True,False,False,False,False,False,False,False,False,False,19.99
Signal Ops,Nov 18 2013,61,0,False,False,True,True,False,False,True,False,False,False,False,False,False,False,9.99
Violett Remastered,Dec 13 2013,61,514,False,False,True,False,True,False,False,False,False,False,False,False,False,False,9.99
Hyper Light Drifter,Mar 31 2016,84,3942,False,False,True,True,True,False,False,True,False,False,False,False,False,False,19.99
Eschalon: Book III,Feb 14 2014,67,0,False,False,True,False,True,False,False,True,False,False,False,False,False,False,14.99
Frozen Hearth,Dec 19 2013,46,473,False,False,False,False,False,False,True,True,False,False,False,False,False,False,17.99
Oozi: Earth Adventure,Dec 5 2013,66,462,False,False,True,False,False,True,False,False,False,False,False,False,False,False,4.99
Ring Runner: Flight of the Sages,Nov 19 2013,75,548,False,False,True,True,False,False,False,True,False,False,False,False,False,False,4.99
Deus Ex: The Fall,Mar 17 2014,45,2396,False,False,False,True,True,False,False,True,False,False,False,False,False,False,9.99
The Vanishing of Ethan Carter,Sep 25 2014,82,6107,False,False,True,False,True,False,False,False,False,False,False,False,False,False,19.99
Citizens of Earth,Jan 20 2015,66,195,False,False,False,False,False,False,False,True,False,False,False,False,False,False,14.99
Montagues Mount,Nov 19 2013,39,378,False,False,True,False,True,False,False,False,False,False,False,False,False,False,9.99
Dragons Prophet,Sep 18 2013,63,704,True,False,False,True,False,False,False,True,False,False,True,False,False,True,0.0
Alone in the Dark,Oct 29 2013,55,336,False,False,False,True,True,False,False,False,False,False,False,False,False,False,9.99
Alone in the Dark: The New Nightmare,Oct 29 2013,66,150,False,False,False,True,True,False,False,False,False,False,False,False,False,False,6.99
Sneaky Sneaky,Nov 12 2014,63,225,False,False,True,False,True,True,True,True,False,False,False,False,False,False,4.99
Particulars,Nov 19 2014,74,0,False,False,True,False,False,False,False,False,False,False,False,False,False,False,14.99
Two Brothers,Dec 3 2013,57,139,False,False,True,True,True,False,False,True,False,False,False,False,False,False,0.0
The Last Tinker(tm): City of Colors,May 12 2014,72,339,False,False,True,True,True,False,False,False,False,False,False,False,False,False,19.99
Marc Eckos Getting Up: Contents Under Pressure,Dec 13 2013,69,531,False,False,False,True,True,False,False,False,False,False,False,False,False,False,14.99
Blood of the Werewolf,Oct 28 2013,65,543,False,False,True,True,False,False,False,False,False,False,False,False,False,False,1.99
Company of Heroes 2 - The Western Front Armies,Jun 23 2014,80,0,False,False,False,False,False,False,True,False,False,False,False,False,False,False,0.0
Flockers(tm),Sep 19 2014,66,109,False,False,True,True,False,False,True,False,False,False,False,False,False,False,19.99
So Many Me,Jul 17 2014,78,0,False,False,True,True,False,False,True,False,False,False,False,False,False,False,14.99
Haunted,Aug 18 2014,76,0,False,False,False,False,True,True,False,False,False,False,False,False,False,False,14.99
Gray Matter,Apr 1 2014,72,300,False,False,False,False,True,True,False,False,False,False,False,False,False,False,9.99
Cold War,Jan 8 2014,64,154,False,False,False,True,False,False,False,False,False,False,False,False,False,False,4.99
Dark Fall: The Journal,Dec 3 2013,68,0,False,False,False,False,True,False,False,False,False,False,False,False,False,False,4.99
Dark Fall 2: Lights Out,Dec 3 2013,66,0,False,False,False,False,True,False,False,False,False,False,False,False,False,False,4.99
Desperados: Wanted Dead or Alive,Nov 20 2013,78,415,False,False,False,True,False,False,True,False,False,False,False,False,False,False,4.99
Neighbours from Hell Compilation,Nov 7 2013,69,634,False,False,False,False,True,True,False,False,False,False,False,False,False,False,9.99
1001 Spikes,Jun 3 2014,80,398,False,False,True,True,True,False,False,False,False,False,False,False,False,False,14.99
Lethal League,Aug 27 2014,82,3407,False,False,True,True,False,False,False,False,False,False,False,True,False,False,13.99
Distant Worlds: Universe,May 23 2014,81,743,False,False,False,False,False,False,True,False,True,False,False,False,False,False,59.99
Bedlam,Oct 13 2015,54,289,False,False,True,True,False,False,False,False,False,False,False,False,False,False,12.99
Tesla Effect: A Tex Murphy Adventure,May 8 2014,68,756,False,False,True,False,True,False,False,False,False,False,False,False,False,False,19.99
Lifeless Planet Premier Edition,Jun 6 2014,59,2165,False,False,True,True,True,False,False,False,False,False,False,False,False,False,19.99
Ori and the Blind Forest,Mar 10 2015,88,18387,False,False,False,True,False,False,False,False,False,False,False,False,False,False,0.0
Borderlands: The Pre-Sequel,Oct 13 2014,75,12876,False,False,False,True,False,False,False,True,False,False,False,False,False,False,39.99
Journal,Feb 17 2014,59,301,False,False,True,False,True,False,False,False,False,False,False,False,False,False,9.99
Humans Must Answer,Jan 16 2014,55,0,False,False,True,True,False,False,False,False,False,False,False,False,False,False,5.99
Lichdom: Battlemage,Aug 26 2014,69,1797,False,False,True,True,False,False,False,True,False,False,False,False,False,False,39.99
The Real Texas,Jul 12 2016,74,0,False,False,True,True,True,False,False,True,False,False,False,False,False,False,14.99
Gabriel Knight: Sins of the Fathers 20th Anniversary Edition,Oct 15 2014,74,373,False,False,False,False,True,False,False,False,False,False,False,False,False,False,19.99
Darkest Dungeon,Jan 19 2016,84,16036,False,False,True,False,False,False,True,True,False,False,False,False,False,False,24.99
Zombeer,Jan 30 2015,32,106,False,False,False,True,False,False,False,False,False,False,False,False,False,False,9.99
Dungeons 2,Apr 24 2015,70,1360,False,False,False,False,False,False,True,True,True,False,False,False,False,False,29.99
Cloudbuilt,Mar 20 2014,72,647,False,False,True,True,False,False,False,False,False,False,False,False,False,False,19.99
Rollers of the Realm,Nov 18 2014,68,268,False,False,True,True,True,True,False,True,False,False,False,False,False,False,9.99
GoD Factory: Wingmen,Aug 29 2014,76,291,False,False,True,True,False,False,True,False,True,False,False,False,False,False,19.99
Our Darker Purpose,Jan 29 2014,74,570,False,False,True,True,False,False,False,True,False,False,False,False,False,False,14.99
Crimsonland,Jun 11 2014,68,964,False,False,True,True,False,False,False,True,False,False,False,False,False,False,13.99
The Journey Down: Chapter Two,Aug 25 2014,78,190,False,False,True,False,True,False,False,False,False,False,False,False,False,False,10.99
Castle In The Darkness,Feb 5 2015,76,727,False,False,True,True,True,False,False,True,False,False,False,False,False,False,9.99
SPINTIRES(tm),Jun 12 2014,67,12204,False,False,False,False,True,False,False,False,True,False,False,False,True,False,29.99
Continue?9876543210,Jan 3 2014,62,166,False,False,True,True,True,False,False,False,False,False,False,False,False,False,9.99
Driftmoon,Jan 3 2014,73,183,False,False,True,False,True,False,False,True,False,False,False,False,False,False,14.99
Dragons and Titans,Mar 12 2014,43,2644,True,False,True,True,True,False,False,True,False,False,True,False,False,False,0.0
Paper Sorcerer,Jan 22 2014,73,457,False,False,True,False,True,False,False,True,False,False,False,False,False,False,4.99
SPACECOM,Sep 17 2014,68,212,False,False,True,False,False,False,True,False,False,False,False,False,False,False,9.99
Son of Nor,Apr 27 2015,54,193,False,False,True,True,True,False,False,False,False,False,False,False,False,False,19.99
Full Bore,May 6 2014,72,127,False,False,True,False,True,True,False,False,False,False,False,False,False,False,14.99
99 Levels To Hell,Feb 19 2014,66,455,False,False,True,True,False,False,False,False,False,False,False,False,False,False,4.99
Moebius: Empire Rising,Apr 15 2014,54,129,False,False,True,False,True,False,False,False,False,False,False,False,False,False,14.99
Platformines,Mar 28 2014,67,233,False,False,True,True,False,False,False,False,False,False,False,False,False,False,9.99
Quest for Infamy,Jul 10 2014,63,0,False,False,True,False,True,False,False,True,False,False,False,False,False,False,9.99
Meridian: New World,Sep 26 2014,43,398,False,False,True,False,False,False,True,False,False,False,False,False,False,False,6.99
Lords Of The Fallen(tm),Oct 28 2014,73,6584,False,False,False,True,False,False,False,True,False,False,False,False,False,False,19.99
Gomo,Dec 6 2013,50,681,False,False,True,False,True,False,False,False,False,False,False,False,False,False,4.99
The Red Solstice,Jul 9 2015,74,941,False,False,True,True,False,False,True,True,False,False,False,False,False,False,19.99
NaissanceE,Feb 13 2014,66,746,False,False,True,False,True,False,False,False,False,False,False,False,False,False,14.99
Monochroma,May 28 2014,55,345,False,False,True,True,True,False,False,False,False,False,False,False,False,False,19.99
Goat Simulator,Apr 1 2014,62,38929,False,False,True,False,False,True,False,False,True,False,False,False,False,False,9.99
Ether One,Mar 25 2014,82,319,False,False,True,False,True,False,False,False,False,False,False,False,False,False,19.99
Worlds of Magic,Mar 19 2015,52,421,False,False,False,False,False,False,True,True,False,False,False,False,False,False,39.99
Tower of Guns,Mar 4 2014,76,723,False,False,True,True,False,False,False,False,False,False,False,False,False,False,14.99
Windforge,Mar 11 2014,53,420,False,False,True,True,False,False,False,True,False,False,False,False,False,False,9.99
iRacing,Jan 12 2015,79,357,False,False,False,False,False,False,False,False,True,False,False,True,True,True,9.99
Hand of Fate,Feb 17 2015,78,3709,False,False,True,True,False,False,False,True,False,False,False,False,False,False,24.99
Age of Mythology: Extended Edition,May 8 2014,66,6052,False,False,False,False,False,False,True,False,True,False,False,False,False,False,29.99
Line Of Defense Tactics - Tactical Advantage,Mar 17 2014,47,0,False,False,True,True,False,False,True,True,False,False,False,False,False,False,9.99
The Amazing Spider-Man 2(tm),Apr 29 2014,57,1433,False,False,False,True,False,False,False,False,False,False,False,False,False,False,39.99
Hostile Waters: Antaeus Rising,Jan 30 2014,80,209,False,False,False,False,False,False,True,False,False,False,False,False,False,False,9.99
The Evil Within,Oct 13 2014,68,6788,False,False,False,True,False,False,False,False,False,False,False,False,False,False,19.99
Panzer Corps,Mar 12 2014,80,544,False,False,False,False,False,False,True,False,False,False,False,False,False,False,19.99
XCOM(r) 2,Feb 4 2016,88,14821,False,False,False,False,False,False,True,False,False,False,False,False,False,False,59.99
Satellite Reign,Aug 27 2015,75,1389,False,False,True,True,False,False,True,False,False,False,False,False,False,False,29.99
The Yawhg,Feb 27 2014,66,856,False,False,True,False,False,False,False,True,False,False,False,False,False,False,9.99
Year Walk,Mar 6 2014,87,1217,False,False,True,False,True,False,False,False,False,False,False,False,False,False,5.99
Dex,May 7 2015,62,624,False,False,True,True,True,False,False,True,False,False,False,False,False,False,19.99
BADLAND: Game of the Year Edition,May 26 2015,79,460,False,False,True,True,True,False,False,False,False,False,False,False,False,False,9.99
Tumblestone,Jul 12 2016,91,0,False,False,True,True,False,True,True,False,False,False,False,False,False,False,9.99
The Golf Club,Aug 19 2014,70,877,False,False,False,False,False,False,False,False,True,False,False,True,False,False,29.99
DreadOut,May 15 2014,55,1639,False,False,True,False,True,False,False,False,False,False,False,False,False,False,14.99
Spate,Mar 27 2014,61,323,False,False,True,True,True,False,False,False,False,False,False,False,False,False,1.99
RUNNING WITH RIFLES,Apr 2 2015,78,3161,False,False,True,True,False,False,False,False,False,False,False,False,False,False,14.99
Dominique Pamplemousse,Mar 11 2014,62,313,False,False,True,False,True,False,False,False,False,False,False,False,False,False,4.99
I Want To Be Human,Apr 15 2016,53,0,False,False,True,True,False,False,False,False,False,False,False,False,False,False,14.99
Etherlords,Feb 13 2014,77,0,False,False,False,False,False,False,True,False,False,False,False,False,False,False,4.99
Etherlords II,Feb 13 2014,78,134,False,False,True,False,True,False,True,True,False,False,False,False,False,False,4.99
American Truck Simulator,Feb 2 2016,76,10397,False,False,True,False,False,False,False,False,True,False,False,False,False,False,19.99
Offworld Trading Company,Apr 28 2016,79,1639,False,False,True,False,False,False,True,False,True,False,False,False,False,False,39.99
HAWKEN,Feb 14 2014,73,17673,True,False,False,True,False,False,False,False,False,True,True,False,False,False,0.0
Grand Theft Auto V,Apr 13 2015,96,136846,False,False,False,True,True,False,False,False,False,False,False,False,False,False,59.99
10 Second Ninja,Mar 5 2014,72,565,False,False,True,True,False,False,False,False,False,False,False,False,False,False,9.99
Light,Jul 14 2014,49,273,False,False,True,True,True,False,True,False,False,False,False,False,False,False,12.99
Shadow Blade: Reload,Aug 10 2015,70,126,False,False,True,True,False,False,False,False,False,False,False,False,False,False,14.99
The Incredible Adventures of Van Helsing II,Jun 13 2014,77,1527,False,False,True,True,True,False,False,True,False,False,False,False,False,False,14.99
NARUTO SHIPPUDEN: Ultimate Ninja STORM Revolution,Sep 15 2014,61,3889,False,False,False,True,True,False,False,False,False,False,False,False,False,False,29.99
Vertiginous Golf,May 6 2015,63,849,False,False,True,False,False,False,False,False,False,False,False,True,False,False,9.99
The Last Federation,Apr 18 2014,72,324,False,False,True,False,False,False,True,False,True,False,False,False,False,False,19.99
Evolve Stage 2,Feb 10 2015,77,35278,True,False,False,True,False,False,False,False,False,False,True,False,False,False,0.0
Freespace 2,Jun 6 2014,91,163,False,False,False,True,False,False,False,False,False,False,False,False,False,False,9.99
Broforce,Oct 15 2015,83,16455,False,False,True,True,True,True,False,False,False,False,False,False,False,False,14.99
RONIN,Jun 30 2015,70,1027,False,False,True,True,False,False,False,False,False,False,False,False,False,False,12.99
OlliOlli,Jul 22 2014,78,696,False,False,True,False,False,False,False,False,False,False,False,True,False,False,12.99
NOT A HERO,May 14 2015,75,1116,False,False,True,True,True,False,False,False,False,False,False,False,False,False,12.99
Gods Will Be Watching,Jul 24 2014,64,1677,False,False,True,False,True,False,False,False,False,False,False,False,False,False,9.99
Always Sometimes Monsters,May 21 2014,73,1836,False,False,True,False,False,False,False,True,False,False,False,False,False,False,9.99
Dropsy,Sep 10 2015,80,552,False,False,True,False,True,False,False,False,False,False,False,False,False,False,9.99
Drox Operative,Feb 18 2014,74,185,False,False,True,True,False,False,False,True,False,False,False,False,False,False,19.99
Brigador,Jun 2 2016,70,355,False,False,True,True,False,False,False,False,False,False,False,False,False,False,19.99
Jet Car Stunts,May 1 2014,57,112,False,False,True,False,False,False,False,False,False,False,False,True,True,False,2.99
Depth,Nov 3 2014,65,12632,False,False,True,True,False,False,False,False,False,False,False,False,False,False,24.99
Shelter 2,Mar 9 2015,58,1395,False,False,True,False,True,True,False,False,False,False,False,False,False,False,14.99
Costume Quest 2,Oct 7 2014,68,332,False,False,False,False,True,True,False,True,False,False,False,False,False,False,14.99
Guacamelee! Super Turbo Championship Edition,Aug 21 2014,80,790,False,False,True,True,True,False,False,False,False,False,False,False,False,False,14.99
Summoner,Mar 12 2014,78,182,False,False,False,True,False,False,False,True,False,False,False,False,False,False,4.99
Space Run,Jun 13 2014,73,1483,False,False,True,False,False,False,True,False,False,False,False,False,False,False,14.99
No Mans Sky,Aug 12 2016,59,68725,False,False,False,True,True,False,False,False,False,False,False,False,False,False,59.99
Toy Soldiers: War Chest,Aug 12 2015,60,199,False,False,False,True,False,True,True,False,False,False,False,False,False,False,14.99
Mordheim: City of the Damned,Nov 19 2015,74,3092,False,False,False,False,False,False,True,True,False,False,False,False,False,False,39.99
VIDEOBALL,Jul 12 2016,79,0,False,False,True,True,False,False,False,False,False,False,False,True,False,False,9.99
Halo: Spartan Assault,Apr 4 2014,70,3067,False,False,False,True,False,False,False,False,False,False,False,False,False,False,2.99
Imperial Glory,Apr 11 2014,69,610,False,False,False,False,False,False,True,False,False,False,False,False,False,False,4.99
Praetorians,Apr 11 2014,78,288,False,False,False,False,False,False,True,False,False,False,False,False,False,False,4.99
Albedo: Eyes from Outer Space,Apr 10 2015,66,210,False,False,True,True,True,False,False,False,False,False,False,False,False,False,14.99
Panzer Tactics HD,May 22 2014,69,0,False,False,False,False,False,False,True,False,True,False,False,False,False,False,9.99
On Rusty Trails,Jun 13 2016,79,0,False,False,True,False,False,False,False,False,False,False,False,False,False,False,12.99
DYNASTY WARRIORS 8: Xtreme Legends Complete Edition,May 13 2014,71,2872,False,False,False,True,False,False,False,False,False,False,False,False,False,False,49.99
A Story About My Uncle,May 28 2014,73,6675,False,False,True,False,True,True,False,False,False,False,False,False,False,False,12.99
0RBITALIS,May 28 2015,73,227,False,False,True,False,False,False,False,False,True,False,False,False,False,False,9.99
Terrian Saga: KR-17,Jul 9 2014,83,196,False,False,True,True,True,False,False,False,False,False,False,False,False,False,4.99
LA Cops,Mar 13 2015,45,115,False,False,True,True,True,False,True,False,False,False,False,False,False,False,14.99
Richard & Alice,Jun 5 2014,70,297,False,False,True,False,True,False,False,False,False,False,False,False,False,False,5.99
Joe Devers Lone Wolf HD Remastered,Nov 27 2014,78,288,False,False,True,False,True,False,False,True,False,False,False,False,False,False,14.99
Soul Axiom,Feb 29 2016,57,124,False,False,True,False,True,False,False,False,False,False,False,False,False,False,19.99
Infinity Runner,Jul 14 2014,56,105,False,False,True,True,False,False,False,False,False,False,False,False,False,False,6.99
The Book of Unwritten Tales 2,Feb 19 2015,80,375,False,False,False,False,True,False,False,False,False,False,False,False,False,False,29.99
Ubersoldier II,Mar 25 2014,62,255,False,False,False,True,False,False,False,False,False,False,False,False,False,False,9.99
Wings Over Europe,May 30 2014,62,0,False,False,False,False,False,False,False,False,True,False,False,False,False,False,9.99
Homeworld: Deserts of Kharak,Jan 20 2016,79,2011,False,False,False,False,False,False,True,False,False,False,False,False,False,False,49.99
The Banner Saga 2,Apr 19 2016,82,711,False,False,True,False,False,False,True,True,False,False,False,False,False,False,19.99
Munin,Jun 10 2014,68,189,False,False,True,False,True,True,False,False,False,False,False,False,False,False,9.99
4:00 PM,Jul 9 2014,41,220,False,False,True,False,False,False,False,False,False,False,False,False,False,False,2.99
Woolfe - The Red Hood Diaries,Mar 17 2015,55,947,False,False,True,True,True,False,False,False,False,False,False,False,False,False,9.99
Stellaris,May 9 2016,78,9324,False,False,False,False,False,False,True,False,True,False,False,False,False,False,39.99
This War of Mine,Nov 14 2014,83,19903,False,False,True,False,True,False,False,False,True,False,False,False,False,False,19.99
SOMA,Sep 21 2015,84,6144,False,False,True,True,True,False,False,False,False,False,False,False,False,False,29.99
Sid Meiers Starships,Mar 12 2015,64,1737,False,False,False,False,False,False,True,False,False,False,False,False,False,False,14.99
LOST ORBIT,May 12 2015,72,0,False,False,True,True,False,False,False,False,False,False,False,False,False,False,11.99
Hyperdimension Neptunia Re;Birth1 / Chao Ci Ci Yuan geimu neputeyunuRe;Birth1,Jan 29 2015,72,6149,False,False,False,False,False,False,True,True,False,False,False,False,False,False,29.99
The Samaritan Paradox,Apr 18 2014,75,101,False,False,True,False,True,False,False,False,False,False,False,False,False,False,9.99
Nosferatu: The Wrath of Malachi,Mar 6 2014,70,1650,False,False,False,True,True,False,False,False,False,False,False,False,False,False,9.99
Soulbringer,Mar 13 2014,70,0,False,False,False,False,False,False,False,True,False,False,False,False,False,False,9.99
Eurofighter Typhoon,May 2 2014,69,135,False,False,False,True,False,False,False,False,False,False,False,False,False,False,9.99
Marine Sharpshooter II: Jungle Warfare,Apr 3 2014,52,506,False,False,False,True,False,False,False,False,False,False,False,False,False,False,9.99
Incoming Forces,Mar 6 2014,67,174,False,False,False,True,False,False,False,False,False,False,False,False,False,False,9.99
Salt and Sanctuary,May 17 2016,84,2021,False,False,True,True,False,False,False,True,False,False,False,False,False,False,17.99
Astebreed,May 30 2014,86,927,False,False,True,True,False,False,False,False,False,False,False,False,False,False,14.99
Majestic Nights,Oct 30 2014,32,0,False,False,True,True,True,False,False,True,False,False,False,False,False,False,4.99
The Last Door - Collectors Edition,May 20 2014,79,581,False,False,True,False,True,False,False,False,False,False,False,False,False,False,9.99
Cornerstone: The Song of Tyrim,Apr 26 2016,58,0,False,False,True,True,True,False,False,False,False,False,False,False,False,False,19.99
DeadCore,Oct 17 2014,78,1212,False,False,True,True,False,False,False,False,False,False,False,False,False,False,9.99
Between Me and The Night,Jan 22 2016,62,0,False,False,True,True,True,False,False,False,False,False,False,False,False,False,14.99
Battleplan: American Civil War,Jul 4 2014,66,0,False,False,False,False,False,True,True,False,True,False,False,False,False,False,9.99
RollerCoaster Tycoon(r) 2: Triple Thrill Pack,May 21 2014,74,1272,False,False,False,False,False,False,True,False,True,False,False,False,False,False,9.99
Crimzon Clover WORLD IGNITION,Jun 6 2014,85,753,False,False,True,True,False,False,False,False,False,False,False,False,False,False,9.99
Action Henk,May 11 2015,74,295,False,False,True,True,False,False,False,False,False,False,False,False,True,False,14.99
Kromaia,Oct 23 2014,68,0,False,False,True,True,False,False,False,False,False,False,False,False,False,False,19.99
Dead Effect,Dec 17 2014,59,2080,False,False,True,True,False,False,False,False,False,False,False,False,False,False,4.99
Eidolon,Aug 1 2014,64,259,False,False,True,False,True,False,False,False,False,False,False,False,False,False,15.0
Pier Solar and the Great Architects,Sep 29 2014,73,0,False,False,False,False,False,False,False,True,False,False,False,False,False,False,14.99
Steel Armor: Blaze of War,Mar 5 2015,70,111,False,False,False,False,False,False,True,False,True,False,False,False,False,False,29.99
Oknytt,Apr 4 2014,61,242,False,False,True,False,True,False,False,False,False,False,False,False,False,False,4.99
Black Mirror II,Apr 2 2014,71,132,False,False,False,False,True,False,False,False,False,False,False,False,False,False,9.99
Black Mirror III,Apr 3 2014,75,0,False,False,False,False,True,False,False,False,False,False,False,False,False,False,9.99
F1 2015,Jul 9 2015,61,2170,False,False,False,False,False,False,False,False,False,False,False,True,True,False,54.99
Zoo Empire,Sep 3 2015,59,0,False,False,False,False,False,True,True,False,True,False,False,False,False,False,6.99
Shadow Ops: Red Mercury,Jul 2 2014,61,0,False,False,False,True,False,False,False,False,False,False,False,False,False,False,6.99
Harvester,Apr 4 2014,53,374,False,False,False,False,True,False,False,False,False,False,False,False,False,False,5.99
Ionball 2: Ionstorm,Jun 6 2014,70,461,False,False,False,True,False,True,False,False,False,False,False,False,False,False,4.99
Toybox Turbos,Nov 11 2014,69,531,False,False,False,False,False,False,False,False,False,False,False,False,True,False,14.99
Metro: Last Light Redux,Aug 25 2014,76,6677,False,False,False,True,False,False,False,False,False,False,False,False,False,False,19.99
Rise of Nations: Extended Edition,Jun 12 2014,89,3142,False,False,False,False,False,False,True,False,True,False,False,False,False,False,19.99
Sunset,May 21 2015,66,175,False,False,True,False,True,True,False,False,True,False,False,False,False,False,19.99
METAL GEAR SOLID V: THE PHANTOM PAIN,Sep 1 2015,91,26956,False,False,False,True,True,False,False,False,False,False,False,False,False,False,39.99
Nostradamus: The Last Prophecy,Apr 24 2014,70,0,False,False,False,False,True,True,False,False,False,False,False,False,False,False,4.99
Mini Metro,Nov 6 2015,77,3483,False,False,True,False,False,False,True,False,True,False,False,False,False,False,9.99
Actual Sunlight,Apr 3 2014,77,323,False,False,True,False,True,False,False,False,False,False,False,False,False,False,4.99
Whispering Willows,Jul 9 2014,64,389,False,False,True,False,True,False,False,False,False,False,False,False,False,False,9.99
The Room,Jul 28 2014,73,4054,False,False,True,False,True,False,False,False,False,False,False,False,False,False,4.99
Conflicks - Revolutionary Space Battles,Nov 5 2015,63,147,False,False,True,True,False,True,True,False,False,False,False,False,False,False,14.99
Pineview Drive,Jul 31 2014,58,324,False,False,True,True,True,False,False,False,False,False,False,False,False,False,19.99
The Charnel House Trilogy,Apr 16 2015,68,284,False,False,True,False,True,False,False,False,False,False,False,False,False,False,5.99
Endless Legend(tm),Sep 18 2014,82,7008,False,False,True,False,False,False,True,True,False,False,False,False,False,False,29.99
Perimeter: Emperors Testament,May 22 2014,72,0,False,False,False,False,False,False,True,False,False,False,False,False,False,False,3.99
El Matador,Apr 3 2014,54,137,False,False,False,True,False,False,False,False,False,False,False,False,False,False,4.99
Faces of War,Apr 16 2014,67,314,False,False,False,True,False,False,True,False,True,False,False,False,False,False,4.99
Perimeter,Apr 3 2014,77,0,False,False,False,False,False,False,True,False,False,False,False,False,False,False,3.99
RC Cars,Apr 23 2014,65,117,False,False,False,False,False,True,False,False,False,False,False,False,True,False,2.99
Kings Bounty: Dark Side,Aug 19 2014,73,566,False,False,False,False,False,False,True,True,False,False,False,False,False,False,15.99
LARA CROFT AND THE TEMPLE OF OSIRIS(tm),Dec 8 2014,73,872,False,False,False,True,True,False,False,False,False,False,False,False,False,False,19.99
Dracula: The Resurrection,Apr 17 2014,67,157,False,False,False,False,True,True,False,False,False,False,False,False,False,False,4.99
Dracula 2: The Last Sanctuary,Apr 17 2014,68,0,False,False,False,False,True,True,False,False,False,False,False,False,False,False,4.99
Life is Feudal: Your Own,Nov 17 2015,63,6745,False,False,True,True,False,False,False,True,True,False,False,False,False,False,39.99
Sokobond,Jul 21 2014,82,186,False,False,True,False,False,False,False,False,False,False,False,False,False,False,9.99
Armello,Sep 1 2015,75,2645,False,False,True,False,True,False,True,True,False,False,False,False,False,False,19.99
The Flock,Aug 21 2015,36,265,False,False,True,True,False,False,False,False,False,False,False,False,False,False,16.99
Clandestine,Nov 5 2015,69,167,False,False,True,True,False,False,False,False,False,False,False,False,False,False,19.99
Cloud Chamber,Aug 7 2014,74,141,False,False,True,False,True,False,False,False,False,False,False,False,False,True,19.99
The Fall,May 30 2014,76,2491,False,False,True,True,True,False,False,False,False,False,False,False,False,False,9.99
Grey Goo,Jan 23 2015,77,2413,False,False,False,False,False,False,True,False,False,False,False,False,False,False,29.99
You Must Build A Boat,Jun 4 2015,71,492,False,False,True,True,False,True,True,True,False,False,False,False,False,False,4.99
Duelyst,Aug 23 2016,82,1411,True,False,True,False,False,False,True,False,False,False,True,False,False,False,0.0
Warface 2016: Anubis,Jul 1 2014,62,24336,True,False,False,True,False,False,False,False,False,False,True,False,False,False,0.0
Pillars of Eternity,Mar 26 2015,89,7812,False,False,False,False,False,False,False,True,False,False,False,False,False,False,44.99
The Lost Crown,Jun 6 2014,71,137,False,False,True,False,True,False,False,False,False,False,False,False,False,False,9.99
The Witcher(r) 3: Wild Hunt,May 18 2015,93,50325,False,False,False,False,False,False,False,True,False,False,False,False,False,False,39.99
Unrest,Jul 23 2014,65,115,False,False,True,False,True,False,False,True,False,False,False,False,False,False,14.99
Kero Blaster,Nov 11 2015,82,184,False,False,True,True,True,False,False,False,False,False,False,False,False,False,9.99
Card Hunter,Jul 13 2015,80,2699,True,False,False,False,False,False,True,True,False,False,True,False,False,False,0.0
TRI: Of Friendship and Madness,Oct 9 2014,74,232,False,False,True,False,True,False,False,False,False,False,False,False,False,False,14.99
Road Not Taken,Aug 5 2014,75,233,False,False,True,False,False,False,False,False,False,False,False,False,False,False,14.99
Crowntakers,Nov 7 2014,70,234,False,False,True,False,False,False,True,True,False,False,False,False,False,False,9.99
Shadowgate (2014),Aug 21 2014,68,414,False,False,True,False,True,False,False,False,False,False,False,False,False,False,14.99
Fenix Rage,Sep 24 2014,75,121,False,False,True,True,True,False,False,False,False,False,False,False,False,False,14.99
Wars and Warriors: Joan of Arc,Sep 3 2015,60,0,False,False,False,True,False,False,True,False,False,False,False,False,False,False,6.99
Marine Park Empire,Sep 3 2015,58,0,False,False,False,False,False,True,True,False,True,False,False,False,False,False,6.99
Anomaly Defenders,May 29 2014,70,143,False,False,True,True,False,False,True,False,False,False,False,False,False,False,9.99
Schrodingers Cat And The Raiders Of The Lost Quark,Sep 23 2014,59,0,False,False,False,True,True,False,False,False,False,False,False,False,False,False,9.99
The Floor is Jelly,May 30 2014,83,242,False,False,True,False,False,False,False,False,False,False,False,False,False,False,9.99
MIND: Path to Thalamus Enhanced Edition,Aug 5 2014,75,953,False,False,True,False,True,False,True,False,False,False,False,False,False,False,8.99
Iron Storm,May 8 2014,69,0,False,False,True,True,True,False,False,False,False,False,False,False,False,False,2.99
Brigade E5: New Jagged Union,Apr 30 2014,41,0,True,False,False,False,False,False,True,False,True,False,False,False,False,False,3.99
Niko: Through The Dream,Jul 17 2015,74,0,False,False,True,False,True,False,False,False,False,False,False,False,False,False,9.99
Lords of Xulima,Nov 14 2014,71,675,False,False,True,False,True,False,True,True,False,False,False,False,False,False,19.99
Kraven Manor,Sep 26 2014,58,275,False,False,True,True,True,False,False,False,False,False,False,False,False,False,5.99
Lucius II,Feb 13 2015,48,683,False,False,True,True,True,False,False,False,True,False,False,False,False,False,19.99
Al Emmo and the Lost Dutchmans Mine,May 9 2014,77,0,False,False,True,False,True,False,False,False,False,False,False,False,False,False,9.99
Heroes(r) of Might & Magic(r) III - HD Edition,Jan 28 2015,65,2954,False,False,False,False,False,False,True,True,False,False,False,False,False,False,14.99
Freaking Meatbags,Feb 4 2015,69,113,False,False,True,True,False,False,True,False,False,False,False,False,False,False,9.99
Heavy Bullets,Sep 18 2014,72,824,False,False,True,True,False,False,False,False,False,False,False,False,False,False,9.99
Titan Souls,Apr 14 2015,74,2038,False,False,True,True,True,False,False,False,False,False,False,False,False,False,14.99
The Old City: Leviathan,Dec 3 2014,62,471,False,False,True,False,True,False,False,False,False,False,False,False,False,False,5.99
Warrior Kings,Apr 24 2014,73,0,False,False,False,False,False,False,True,False,False,False,False,False,False,False,9.99
Rockos Quest,Apr 24 2014,41,0,False,False,False,True,False,False,False,False,False,False,False,False,False,False,4.99
Corpse of Discovery,Aug 25 2015,49,138,False,False,True,False,True,False,False,False,False,False,False,False,False,False,7.99
Qvadriga,Jun 13 2014,72,159,False,False,False,False,False,False,True,False,True,False,False,True,True,False,19.99
Split/Second,Oct 6 2014,79,399,False,False,False,True,False,False,False,False,False,False,False,False,True,False,19.99
Space Colony: Steam Edition,Apr 30 2015,74,140,False,False,False,False,False,False,True,False,True,False,False,False,False,False,14.99
Total Annihilation,Dec 18 2015,86,636,False,False,False,False,False,False,True,False,False,False,False,False,False,False,4.99
Master of Orion,Aug 25 2016,74,2104,False,False,False,False,False,False,True,False,False,False,False,False,False,False,29.99
Far Cry(r) 4,November 2014,80,11878,False,False,False,True,True,False,False,False,False,False,False,False,False,False,39.99
Rhiannon: Curse of the Four Branches,May 15 2014,67,0,False,False,True,False,True,False,False,False,False,False,False,False,False,False,5.99
Only If,Jul 25 2014,39,5511,True,False,True,False,True,False,False,False,False,False,True,False,False,False,0.0
Orbital Gear,Aug 7 2014,59,1374,False,False,True,True,False,False,False,False,True,False,False,False,False,False,9.99
Lovely Planet,Jul 31 2014,61,1843,False,False,True,True,False,False,False,False,False,False,False,False,False,False,5.99
The Escapists,Feb 13 2015,71,9920,False,False,True,True,True,False,True,False,True,False,False,False,False,False,17.99
Blood: One Unit Whole Blood,Jul 14 2014,82,563,False,False,False,True,True,False,False,False,False,False,False,False,False,False,4.99
Blood II: The Chosen + Expansion,Jul 14 2014,72,139,False,False,False,True,True,False,False,False,False,False,False,False,False,False,4.99
Warrior Kings: Battles,May 6 2014,64,0,False,False,False,False,False,False,True,False,False,False,False,False,False,False,9.99
Block N Load,Apr 30 2015,72,9150,True,False,False,True,False,False,True,False,False,False,True,False,False,True,0.0
Rogue Stormers,Apr 21 2016,68,377,False,False,True,True,False,False,False,False,False,False,False,False,False,False,19.99
Tengami,Jan 15 2015,57,905,False,False,True,False,True,True,False,False,False,False,False,False,False,False,9.99
ADR1FT,Mar 28 2016,63,606,False,False,True,False,True,False,False,False,False,False,False,False,False,False,19.99
Lemma,May 12 2015,73,196,False,False,True,True,True,False,False,False,False,False,False,False,False,False,14.99
Shadowrun: Dragonfall - Directors Cut,Sep 18 2014,87,2557,False,False,True,False,True,False,True,True,False,False,False,False,False,False,14.99
GALAK-Z,Oct 29 2015,78,302,False,False,True,True,False,False,False,False,False,False,False,False,False,False,9.99
Pure Pool,Jul 31 2014,68,184,False,False,False,False,False,True,False,False,True,False,False,True,False,False,12.99
Disney*Pixar Toy Story 3: The Video Game,Oct 6 2014,73,0,False,False,False,True,True,False,False,False,False,False,False,False,False,False,19.99
JUJU,Dec 10 2014,65,0,False,False,True,True,True,True,False,False,False,False,False,False,False,False,19.99
White Night,Mar 3 2015,68,173,False,False,False,False,True,False,False,False,False,False,False,False,False,False,14.99
Zombie Army Trilogy,Mar 6 2015,72,3962,False,False,False,True,False,False,False,False,False,False,False,False,False,False,44.99
Battlezone 98 Redux,Apr 18 2016,75,316,False,False,False,True,False,False,True,False,False,False,False,False,False,False,19.99
Salammbo: Battle for Carthage,May 30 2014,77,0,False,False,False,False,True,False,False,False,False,False,False,False,False,False,4.99
Saints Row: Gat out of Hell,Jan 20 2015,66,4481,False,False,False,True,False,False,False,False,False,False,False,False,False,False,14.99
Screencheat,Oct 21 2014,71,739,False,False,True,True,False,False,False,False,False,False,False,False,False,False,14.99
The Blue Flamingo,Nov 18 2014,55,421,False,False,True,True,False,False,False,False,False,False,False,False,False,False,4.99
Bus Driver,Jun 3 2014,61,712,False,False,True,False,False,False,False,False,True,False,False,False,False,False,9.99
The Cameron Files: The Secret at Loch Ness,Jul 18 2014,66,0,False,False,False,False,True,True,False,False,False,False,False,False,False,False,2.99
Curse: The Eye of Isis,Aug 22 2014,63,0,False,False,False,False,True,False,False,False,False,False,False,False,False,False,2.99
Ryse: Son of Rome,Oct 10 2014,61,9524,False,False,False,True,False,False,False,False,False,False,False,False,False,False,19.99
BlazeRush,Oct 28 2014,66,724,False,False,True,True,False,False,False,False,False,False,False,False,True,False,9.99
TRISTOY,Jan 15 2015,49,0,False,False,True,True,True,False,False,False,False,False,False,False,False,False,6.99
Concursion,Jun 6 2014,66,0,False,False,True,True,False,False,False,False,False,False,False,False,False,False,4.99
Roundabout,Sep 18 2014,75,323,False,False,True,True,True,True,False,False,False,False,False,False,False,False,9.99
Adventures of Pip,Jun 4 2015,72,127,False,False,True,True,True,False,False,False,False,False,False,False,False,False,14.99
The Witcher Adventure Game,Nov 27 2014,68,439,False,False,False,False,True,False,True,False,False,False,False,False,False,False,9.99
ArcheAge,Mar 26 2015,80,3906,True,False,False,False,False,False,False,True,False,False,True,False,False,True,0.0
Resident Evil / biohazard HD REMASTER,Jan 19 2015,82,4024,False,False,False,True,True,False,False,False,False,False,False,False,False,False,19.99
INSIDE,Jul 7 2016,88,5625,False,False,True,True,True,False,False,False,False,False,False,False,False,False,19.99
Qora,Oct 2 2014,63,252,False,False,True,False,True,False,False,False,False,False,False,False,False,False,9.99
SUNLESS SEA,Feb 6 2015,81,3120,False,False,True,False,True,False,False,True,False,False,False,False,False,False,18.99
Train Fever,Sep 4 2014,67,2326,False,False,True,False,False,True,False,False,True,False,False,False,False,False,29.99
Outland,Sep 29 2014,83,815,False,False,True,True,True,False,False,False,False,False,False,False,False,False,9.99
Blue Estate The Game,Apr 8 2015,59,624,False,False,False,True,False,False,False,False,False,False,False,False,False,False,12.99
Oblitus,Feb 27 2015,69,0,False,False,True,True,True,False,False,False,False,False,False,False,False,False,14.99
Railroad Pioneer,Jul 1 2014,50,0,False,False,False,False,False,False,True,False,True,False,False,False,False,False,4.99
Runers,Sep 2 2014,68,200,False,False,True,False,False,False,False,True,False,False,False,False,False,False,9.99
Battle Academy 2: Eastern Front,Sep 12 2014,78,0,False,False,False,False,False,False,True,False,False,False,False,False,False,False,39.99
Ultimate General: Gettysburg,Oct 16 2014,84,1922,False,False,True,False,False,False,True,False,True,False,False,False,False,False,14.99
Obduction (r),Aug 24 2016,78,774,False,False,True,False,True,False,False,False,False,False,False,False,False,False,29.99
I Zombie,Dec 8 2014,65,1446,False,False,True,False,False,True,True,False,False,False,False,False,False,False,1.99
A Golden Wake,Oct 9 2014,68,124,False,False,True,False,True,False,False,False,False,False,False,False,False,False,9.99
Technobabylon,May 2015,82,318,False,False,True,False,True,False,False,False,False,False,False,False,False,False,14.99
Penarium,Sep 22 2015,80,181,False,False,True,True,False,False,False,False,False,False,False,False,False,False,9.99
Hard West,Nov 18 2015,73,905,False,False,True,False,True,False,True,True,False,False,False,False,False,False,19.99
Mortal Kombat X,Apr 13 2015,76,15561,False,False,False,True,False,False,False,False,False,False,False,False,False,False,29.99
IL-2 Sturmovik: Battle of Stalingrad,Oct 22 2014,74,752,False,False,False,False,False,False,False,False,True,False,False,False,False,False,49.99
Back to Bed,Aug 6 2014,57,356,False,False,True,True,False,True,False,False,False,False,False,False,False,False,5.99
Buzz Aldrins Space Program Manager,Oct 31 2014,62,239,False,False,False,False,False,False,True,False,True,False,False,False,False,False,29.99
Ziggurat,Oct 23 2014,76,1990,False,False,True,True,False,False,False,True,False,False,False,False,False,False,14.99
Hatoful Boyfriend,Sep 4 2014,68,4183,False,False,True,False,False,True,False,False,True,False,False,False,False,False,9.99
Grand Ages: Medieval,Sep 25 2015,63,1268,False,False,False,False,False,False,True,False,True,False,False,False,False,False,29.99
Crookz - The Big Heist,Aug 25 2015,74,103,False,False,False,False,False,False,True,False,True,False,False,False,False,False,19.99
Deathtrap,Feb 4 2015,77,761,False,False,True,True,True,False,True,True,False,False,False,False,False,False,19.99
DiRT Rally,Dec 7 2015,86,9349,False,False,False,False,False,False,False,False,True,False,False,True,True,False,59.99
NEON STRUCT,May 20 2015,62,128,False,False,True,True,False,False,False,False,False,False,False,False,False,False,17.99
Shiftlings,Mar 3 2015,70,0,False,False,False,True,True,False,False,False,False,False,False,False,False,False,14.99
Basketball Pro Management 2015,Nov 19 2014,69,0,False,False,False,False,False,False,True,False,True,False,False,True,False,False,19.99
Street Fighter V,Feb 15 2016,74,6575,False,False,False,True,False,False,False,False,False,False,False,False,False,False,59.99
The Way,May 20 2016,66,215,False,False,True,True,True,False,False,False,False,False,False,False,False,False,14.99
Rulers of Nations,Jul 16 2014,63,109,False,False,False,False,False,False,True,False,False,False,False,False,False,False,19.99
Echelon,Jul 3 2014,70,0,False,False,False,True,False,False,False,False,True,False,False,False,False,False,3.99
Echelon: Wind Warriors,Aug 8 2014,63,0,False,False,False,True,False,False,False,False,True,False,False,False,False,False,3.99
Zero Escape: Zero Time Dilemma,Jun 29 2016,78,785,False,False,False,False,True,False,False,False,False,False,False,False,False,False,39.99
METAL GEAR SOLID V: GROUND ZEROES,Dec 18 2014,80,7709,False,False,False,True,True,False,False,False,False,False,False,False,False,False,19.99
Vertical Drop Heroes HD,Jul 25 2014,70,602,False,False,True,True,False,False,False,False,False,False,False,False,False,False,6.99
Assassins Creed(r) Rogue,Mar 9 2015,74,1966,False,False,False,True,True,False,False,False,False,False,False,False,False,False,29.99
Enter the Gungeon,Apr 5 2016,84,5968,False,False,True,True,True,False,False,False,False,False,False,False,False,False,14.99
To End All Wars,Aug 29 2014,71,0,False,False,False,False,False,False,True,False,True,False,False,False,False,False,39.99
Warhammer 40000: Armageddon,Nov 26 2014,68,379,False,False,False,False,False,False,True,False,False,False,False,False,False,False,39.99
Legions of Steel,Jul 16 2015,64,0,False,False,False,False,False,False,True,False,False,False,False,False,False,False,19.99
Order of Battle: World War II,Apr 30 2015,81,371,True,False,False,False,False,False,True,False,True,False,False,False,False,False,0.0
Mega Coin Squad,Aug 15 2014,56,0,False,False,True,True,False,False,False,False,False,False,False,False,False,False,14.99
Duck Game,Jun 4 2015,82,5996,False,False,True,True,False,False,False,False,False,False,False,False,False,False,12.99
Way of the Samurai 4,Jul 23 2015,72,836,False,False,False,True,True,False,False,False,False,False,False,False,False,False,24.99
Cities XXL,Feb 5 2015,47,1501,False,False,False,False,False,False,False,False,True,False,False,False,False,False,29.99
The Masterplan,Jun 4 2015,68,391,False,False,True,True,False,False,True,False,False,False,False,False,False,False,19.99
Metrocide,Dec 15 2014,68,130,False,False,True,False,False,False,False,False,False,False,False,False,False,False,12.99
Farming Simulator 15,Oct 30 2014,64,8388,False,False,False,False,False,False,False,False,True,False,False,False,False,False,24.99
Blitzkrieg 2 Anthology,Sep 16 2014,75,268,False,False,False,False,False,False,True,False,False,False,False,False,False,False,4.99
The Solus Project,Jun 7 2016,68,994,False,False,True,False,True,False,False,False,True,False,False,False,False,False,19.99
Legend of Kay Anniversary,Jul 27 2015,64,0,False,False,False,True,True,False,False,True,False,False,False,False,False,False,19.99
A Vampyre Story,Jul 15 2014,75,0,False,False,False,False,True,False,False,False,False,False,False,False,False,False,19.99
Deathsmiles,Mar 10 2016,78,158,False,False,True,True,False,False,False,False,False,False,False,False,False,False,19.99
Chess 2: The Sequel,Aug 19 2014,62,0,False,False,True,False,False,False,True,False,False,False,False,True,False,False,9.99
Rampage Knights,Sep 4 2015,80,1251,False,False,True,True,True,False,False,True,False,False,False,False,False,False,11.99
Kyn,Jul 28 2015,58,0,False,False,True,True,True,False,False,True,False,False,False,False,False,False,19.99
The Sun at Night,Aug 1 2014,59,0,False,False,True,True,True,False,False,False,False,False,False,False,False,False,4.99
Oddworld: New n Tasty,Feb 25 2015,87,1379,False,False,True,True,True,False,False,False,False,False,False,False,False,False,19.99
Mighty No. 9,Jun 21 2016,51,1579,False,False,False,True,False,False,False,False,False,False,False,False,False,False,19.99
Randals Monday,Nov 12 2014,57,424,False,False,True,False,True,False,False,False,False,False,False,False,False,False,19.99
Blackguards 2,Jan 20 2015,74,433,False,False,True,False,True,False,True,True,False,False,False,False,False,False,34.99
Space Hack,Aug 5 2014,63,656,False,False,True,True,False,False,False,False,False,False,False,False,False,False,4.99
Disney TRON: Evolution,Oct 6 2014,57,154,False,False,False,True,True,False,False,False,False,False,False,False,False,False,19.99
Bravada,Aug 22 2014,70,0,False,False,True,False,False,False,True,True,False,False,False,False,False,False,9.99
Disney Alice in Wonderland,Oct 6 2014,63,0,False,False,False,True,True,False,False,False,False,False,False,False,False,False,19.99
Shadow Puppeteer,Sep 29 2014,57,0,False,False,True,False,True,False,False,False,False,False,False,False,False,False,14.99
Grim Fandango Remastered,Jan 26 2015,84,2330,False,False,False,False,True,False,False,False,False,False,False,False,False,False,14.99
Calvino Noir,Aug 27 2015,55,126,False,False,True,False,True,False,False,False,False,False,False,False,False,False,14.99
Nelly Cootalot: The Fowl Fleet,Mar 22 2016,81,0,False,False,True,False,True,False,False,False,False,False,False,False,False,False,19.99
Defenders of Time,Nov 4 2014,55,0,False,False,False,False,False,False,True,False,False,False,False,False,False,False,0.0
Space Hulk Ascension,Nov 12 2014,72,493,False,False,False,False,False,False,True,True,False,False,False,False,False,False,29.99
Guild of Dungeoneering,Jul 14 2015,72,794,False,False,True,False,False,False,False,True,False,False,False,False,False,False,14.99
Company of Heroes 2 - Ardennes Assault,Nov 17 2014,81,0,False,False,False,False,False,False,True,False,False,False,False,False,False,False,29.99
Karmaflow: The Rock Opera Videogame - Act I & Act II,May 6 2015,47,152,False,False,True,False,True,False,False,False,False,False,False,False,False,False,4.99
Act of Aggression - Reboot Edition,Sep 2 2015,71,1615,False,False,False,False,False,False,True,False,False,False,False,False,False,False,44.99
Convoy,Apr 21 2015,72,560,False,False,True,True,True,False,True,True,False,False,False,False,False,False,14.99
The Flame in the Flood,Feb 24 2016,73,710,False,False,True,True,True,False,False,False,False,False,False,False,False,False,19.99
Chaos Reborn,Oct 26 2015,85,737,False,False,True,False,False,False,True,True,False,False,False,False,False,False,19.99
Disney G-Force,Oct 6 2014,61,0,False,False,False,True,False,False,False,False,False,False,False,False,False,False,19.99
Chariot,Nov 12 2014,76,140,False,False,True,False,True,False,False,False,False,False,False,False,False,False,14.99
Odallus: The Dark Call,Jul 15 2015,80,275,False,False,True,True,False,False,False,False,False,False,False,False,False,False,14.99
Five Nights at Freddys,Aug 19 2014,78,16575,False,False,True,False,False,False,False,False,True,False,False,False,False,False,4.99
There Came an Echo,Feb 24 2015,58,283,False,False,True,False,False,False,True,False,False,False,False,False,False,False,14.99
The Detail,Oct 28 2014,77,362,False,False,True,False,True,False,False,False,False,False,False,False,False,False,5.99
Moon Hunters,Mar 10 2016,62,376,False,False,True,False,True,False,False,True,False,False,False,False,False,False,14.99
Absolute Drift,Jul 29 2015,66,1144,False,False,True,True,False,False,False,False,True,False,False,True,True,False,11.99
Car Mechanic Simulator 2015,Apr 23 2015,68,3420,False,False,False,False,False,False,False,False,True,False,False,False,True,False,19.99
Oscura: Lost Light,Feb 24 2015,66,0,False,False,True,False,True,False,False,False,False,False,False,False,False,False,6.99
Toren,May 11 2015,57,637,False,False,True,False,True,False,False,False,False,False,False,False,False,False,9.99
Wings! Remastered Edition,Oct 17 2014,61,251,False,False,False,True,False,False,False,False,True,False,False,False,False,False,14.99
DiRT 3 Complete Edition,Apr 1 2015,86,4529,False,False,False,False,False,False,False,False,True,False,False,True,True,False,29.99
Fist of Jesus,Oct 17 2014,63,527,False,False,True,True,False,False,False,False,False,False,False,False,False,False,9.99
Battle Of Europe,Sep 18 2014,54,0,False,False,False,True,False,False,False,False,False,False,False,False,False,False,9.99
Icewind Dale: Enhanced Edition,Oct 30 2014,80,368,False,False,False,False,True,False,True,True,False,False,False,False,False,False,19.99
Silence of the Sleep,Oct 1 2014,66,275,False,False,True,False,True,False,False,False,False,False,False,False,False,False,16.99
Disorder,Jan 12 2015,61,0,False,False,True,True,False,False,False,False,False,False,False,False,False,False,9.99
SteamWorld Heist,Jun 7 2016,83,335,False,False,True,True,True,False,True,True,False,False,False,False,False,False,19.99
Guns Gore & Cannoli,Apr 30 2015,74,727,False,False,True,True,False,False,False,False,False,False,False,False,False,False,9.99
Dont Starve Together,Apr 21 2016,83,36471,False,False,True,False,True,False,False,False,True,False,False,False,False,False,14.99
Red Goddess: Inner World,Aug 31 2015,53,0,False,False,True,True,True,False,False,False,False,False,False,False,False,False,9.99
SUPERHOT,Feb 25 2016,82,6264,False,False,True,True,False,False,False,False,False,False,False,False,False,False,24.99
Pure,Oct 6 2014,80,112,False,False,False,False,False,False,False,False,False,False,False,False,True,False,19.99
BLACKHOLE,Feb 27 2015,82,355,False,False,True,True,True,False,False,False,False,False,False,False,False,False,8.99
War the Game,Jan 12 2015,65,307,False,False,True,False,False,False,True,False,False,False,False,False,False,False,6.99
Warhammer 40000: Regicide,Sep 8 2015,72,1290,False,False,True,True,False,False,True,False,False,False,False,False,False,False,14.99
theHunter: Primal,Mar 31 2015,49,3112,False,False,False,True,True,False,False,False,True,False,False,False,False,False,9.99
Subject 13,May 28 2015,59,103,False,False,True,False,True,False,False,False,False,False,False,False,False,False,9.99
Tharsis,Jan 11 2016,61,1419,False,False,True,False,False,False,True,True,False,False,False,False,False,False,14.99
Grow Home,Feb 4 2015,75,3217,False,False,True,False,True,True,False,False,False,False,False,False,False,False,7.99
TERA,May 5 2015,77,9834,True,False,False,True,True,False,False,True,False,False,True,False,False,True,0.0
The Magic Circle,Jul 9 2015,79,719,False,False,True,True,True,False,True,False,True,False,False,False,False,False,19.99
Jotun: Valhalla Edition,Sep 29 2015,79,788,False,False,True,True,True,False,False,False,False,False,False,False,False,False,14.99
Poltergeist: A Pixelated Horror,Oct 20 2014,70,0,False,False,True,False,False,True,False,False,False,False,False,False,False,False,7.99
Decay: The Mare,Feb 13 2015,60,474,False,False,True,False,True,False,False,False,False,False,False,False,False,False,9.99
Move or Die,Jan 21 2016,80,2307,False,False,True,True,False,False,False,False,False,False,False,False,False,False,14.99
Kalimba,Apr 22 2015,81,0,False,False,False,True,False,True,False,False,False,False,False,False,False,False,9.99
CLANNAD,Nov 23 2015,83,620,False,False,False,False,True,True,False,False,False,False,False,False,False,False,49.99
VoidExpanse,Apr 2 2015,59,480,False,False,True,True,False,False,True,True,True,False,False,False,False,False,14.99
Gemini: Heroes Reborn,Jan 18 2016,54,144,False,False,False,True,True,False,False,False,False,False,False,False,False,False,14.99
Impossible Creatures Steam Edition,Nov 11 2015,72,380,False,False,False,False,False,False,True,False,False,False,False,False,False,False,9.99
The Warlock of Firetop Mountain,Aug 30 2016,68,0,False,False,True,True,True,False,False,False,False,False,False,False,False,False,19.99
Parallax,Mar 10 2015,68,0,False,False,True,False,False,False,False,False,False,False,False,False,False,False,9.99
Nova-111,Aug 25 2015,68,102,False,False,True,True,True,False,True,False,False,False,False,False,False,False,8.99
Fire,Apr 9 2015,64,228,False,False,True,False,True,True,False,False,False,False,False,False,False,False,9.99
Sword Coast Legends,Oct 19 2015,61,2754,False,False,False,False,False,False,False,True,False,False,False,False,False,False,19.99
Total War: ATTILA,Feb 17 2015,80,10270,False,False,False,False,False,False,True,False,False,False,False,False,False,False,44.99
Windward,May 12 2015,61,1781,False,False,True,True,True,False,False,True,False,False,False,False,False,False,9.99
Chime Sharp,Jul 19 2016,86,0,False,False,False,False,False,True,False,False,False,False,False,False,False,False,14.99
Warhammer Quest,Jan 7 2015,55,490,False,False,False,False,False,False,True,True,False,False,False,False,False,False,14.99
Worms W.M.D,Aug 23 2016,79,681,False,False,False,True,False,False,True,False,False,False,False,False,False,False,29.99
Annas Quest,Jul 2 2015,74,299,False,False,True,False,True,False,False,False,False,False,False,False,False,False,19.99
The Marvellous Miss Take,Nov 20 2014,69,210,False,False,True,True,False,True,False,False,False,False,False,False,False,False,19.99
A Bird Story,Nov 7 2014,66,4324,False,False,True,False,True,False,False,True,False,False,False,False,False,False,3.99
Zenzizenzic,Jul 23 2015,85,0,False,False,True,True,False,False,False,False,False,False,False,False,False,False,9.99
WASTED,Jun 7 2016,68,541,False,False,True,True,False,False,False,True,False,False,False,False,False,False,12.99
Traverser,Jul 9 2015,61,0,False,False,True,True,True,False,False,False,False,False,False,False,False,False,14.99
Near Death,Aug 2 2016,70,0,False,False,True,True,True,False,False,False,False,False,False,False,False,False,14.99
Ironcast,Mar 26 2015,75,489,False,False,True,False,False,False,True,True,False,False,False,False,False,False,14.99
Tron 2.0,Oct 10 2014,84,219,False,False,False,True,False,False,False,False,False,False,False,False,False,False,9.99
Sublevel Zero,Oct 8 2015,70,314,False,False,True,True,False,False,False,False,False,False,False,False,False,False,14.99
I am Bread,Apr 9 2015,60,4066,False,False,True,True,True,False,False,False,True,False,False,False,False,False,12.99
Frozen Synapse Prime,Nov 14 2014,83,236,False,False,False,False,False,False,True,False,False,False,False,False,False,False,24.99
Letter Quest: Grimms Journey,Nov 20 2014,73,292,False,False,True,False,False,True,False,False,False,False,False,False,False,False,0.0
B-17 Flying Fortress: The Mighty 8th,Oct 30 2014,82,0,False,False,False,False,False,False,False,False,True,False,False,False,False,False,6.99
The Deer God,Feb 27 2015,59,347,False,False,True,False,False,False,False,False,False,False,False,False,False,False,14.99
The Weaponographist,Apr 29 2015,58,0,False,False,True,True,False,False,False,True,False,False,False,False,False,False,9.99
JumpJet Rex,Apr 21 2015,76,270,False,False,True,True,True,False,False,False,False,False,False,False,True,False,9.99
Phantom Breaker: Battle Grounds,Jan 23 2015,64,1639,False,False,False,True,False,False,False,False,False,False,False,False,False,False,11.99
Pix the Cat,Jan 29 2015,77,208,False,False,True,True,False,False,False,False,False,False,False,False,False,False,9.99
Warlocks vs Shadows,Aug 19 2015,68,262,False,False,True,True,False,False,False,True,False,False,False,False,False,False,13.99
Grandia(r) II Anniversary Edition,Aug 24 2015,80,744,False,False,False,False,False,False,False,True,False,False,False,False,False,False,19.99
Read Only Memories,Oct 6 2015,80,447,False,False,False,False,True,False,False,False,False,False,False,False,False,False,19.99
Disney*Pixar Cars,Feb 24 2015,73,0,False,False,False,False,True,False,False,False,False,False,False,False,True,False,19.99
Master Spy,Sep 8 2015,68,0,False,False,True,True,False,False,False,False,False,False,False,False,False,False,9.99
Supreme League of Patriots,Jan 29 2015,56,0,False,False,True,False,True,False,False,False,False,False,False,False,False,False,5.99
Axiom Verge,May 14 2015,80,1497,False,False,True,True,True,False,False,False,False,False,False,False,False,False,19.99
The Next Penelope,May 29 2015,82,161,False,False,True,True,False,False,False,False,False,False,False,False,True,False,12.99
PONCHO,Nov 3 2015,62,0,False,False,True,False,True,False,False,False,False,False,False,False,False,False,9.99
Five Nights at Freddys 2,Nov 10 2014,62,8828,False,False,True,False,False,False,False,False,False,False,False,False,False,False,7.99
Sinking Island,Dec 5 2014,68,0,False,False,False,False,True,False,False,False,False,False,False,False,False,False,7.99
Slow Down Bull,Apr 20 2015,65,0,False,False,True,True,False,True,False,False,False,False,False,False,False,False,1.99
Epanalepsis,May 21 2015,48,0,False,False,True,False,True,False,False,False,False,False,False,False,False,False,6.99
Franchise Hockey Manager 2,Sep 28 2015,79,102,False,False,True,False,False,False,True,False,True,False,False,True,False,False,19.99
Dirty Bomb(r),June 2015,63,29390,True,False,False,True,False,False,False,False,False,False,True,False,False,False,0.0
A Druids Duel,Feb 25 2015,70,0,False,False,True,False,False,False,True,False,False,False,False,False,False,False,7.99
Hektor,Mar 13 2015,55,352,False,False,True,True,True,False,False,False,False,False,False,False,False,False,9.99
Extreme Exorcism,Sep 23 2015,75,0,False,False,True,True,True,True,False,False,False,False,False,False,False,False,12.99
Armikrog,Sep 30 2015,57,775,False,False,True,False,True,False,False,False,False,False,False,False,False,False,24.99
Roche Fusion,Jan 23 2015,85,0,False,False,True,True,False,True,False,False,False,False,False,False,False,False,12.0
Tormentum - Dark Sorrow,Mar 4 2015,72,808,False,False,True,False,True,True,False,False,False,False,False,False,False,False,11.99
DARK SOULS(tm) II: Scholar of the First Sin,Apr 1 2015,80,12479,False,False,False,True,False,False,False,True,False,False,False,False,False,False,39.99
LISA,Dec 15 2014,78,3620,False,False,True,False,True,False,False,True,False,False,False,False,False,False,9.99
Vietnam 65,Mar 5 2015,81,144,False,False,False,False,False,False,True,False,False,False,False,False,False,False,9.99
Shardlight,Mar 8 2016,75,115,False,False,True,False,True,False,False,True,False,False,False,False,False,False,14.99
Bloodsports.TV,Mar 30 2015,69,282,False,False,True,True,False,False,True,False,False,False,False,False,False,False,9.99
Redux: Dark Matters,Dec 12 2014,61,0,False,False,True,True,False,False,False,False,False,False,False,False,False,False,12.99
Deus Ex: Mankind Divided,Aug 23 2016,82,9101,False,False,False,True,False,False,False,True,False,False,False,False,False,False,59.99
Zombie Vikings,Dec 7 2015,74,0,False,False,False,True,True,False,False,False,False,False,False,False,False,False,11.99
Star Hammer: The Vanguard Prophecy,Jun 4 2015,69,0,False,False,False,False,True,False,True,False,True,False,False,False,False,False,19.99
Avernum 2: Crystal Souls,Jan 14 2015,78,0,False,False,True,False,True,False,True,True,False,False,False,False,False,False,19.99
Venetica - Gold Edition,Jan 23 2015,61,156,False,False,True,True,True,False,False,True,False,False,False,False,False,False,9.99
Harold,Feb 12 2015,70,0,False,False,True,True,False,False,False,False,False,False,False,False,True,False,9.99
Dead Synchronicity: Tomorrow Comes Today,Apr 10 2015,70,256,False,False,True,False,True,False,False,False,False,False,False,False,False,False,19.99
Oceanhorn: Monster of Uncharted Seas,Mar 17 2015,73,986,False,False,True,True,True,False,False,True,False,False,False,False,False,False,14.99
ZOMBI,Aug 18 2015,65,953,False,False,False,True,True,False,False,False,False,False,False,False,False,False,19.99
A Pixel Story,Mar 30 2015,74,0,False,False,True,True,True,False,False,False,False,False,False,False,False,False,11.99
Paperbound,Mar 31 2015,68,0,False,False,True,True,False,False,False,False,False,False,False,False,False,False,9.99
The Moment of Silence,Mar 27 2015,70,0,False,False,True,False,True,False,False,False,False,False,False,False,False,False,14.99
Overclocked: A History of Violence,Apr 3 2015,70,0,False,False,True,False,True,False,False,False,False,False,False,False,False,False,14.99
Headlander,Jul 25 2016,76,142,False,False,False,True,False,False,False,False,False,False,False,False,False,False,19.99
FINAL FANTASY TYPE-0(tm) HD,Aug 18 2015,69,1876,False,False,False,True,False,False,False,True,False,False,False,False,False,False,29.99
Keep Talking and Nobody Explodes,Oct 8 2015,67,2613,False,False,True,False,False,False,False,False,False,False,False,False,False,False,14.99
Hatred,Jun 1 2015,43,4120,False,False,True,True,False,False,False,False,False,False,False,False,False,False,8.99
Sym,May 7 2015,61,0,False,False,True,False,False,False,False,False,False,False,False,False,False,False,7.99
15 Days,Apr 1 2015,63,0,False,False,True,False,True,True,False,False,False,False,False,False,False,False,9.99
Overture,Feb 2 2015,76,683,False,False,True,True,True,True,True,True,False,False,False,False,False,False,4.99
Kholat,Jun 9 2015,64,1123,False,False,True,False,True,False,False,False,False,False,False,False,False,False,19.99
Ghost Pirates of Vooju Island,Jan 27 2015,66,0,False,False,False,False,True,True,False,False,False,False,False,False,False,False,9.99
Magnetic: Cage Closed,May 26 2015,61,139,False,False,True,True,True,False,False,False,False,False,False,False,False,False,14.99
Three Fourths Home: Extended Edition,Mar 20 2015,77,134,False,False,True,False,True,False,False,False,False,False,False,False,False,False,4.99
Big Pharma,Aug 27 2015,72,639,False,False,True,False,False,False,True,False,True,False,False,False,False,False,24.99
Victor Vran ARPG,Jul 24 2015,75,1928,False,False,True,True,True,False,False,True,False,False,False,False,False,False,19.99
Lumo,May 24 2016,76,0,False,False,True,False,True,False,False,False,False,False,False,False,False,False,19.99
RIDE,Mar 27 2015,68,906,False,False,False,False,False,False,False,False,True,False,False,True,True,False,39.99
I Cant Escape: Darkness,Sep 17 2015,40,0,False,False,True,False,True,False,False,False,False,False,False,False,False,False,11.99
Shadowrun: Hong Kong - Extended Edition,Aug 20 2015,81,1422,False,False,True,False,True,False,True,True,False,False,False,False,False,False,19.99
Pneuma: Breath of Life,Feb 27 2015,63,128,False,False,True,False,True,False,False,False,False,False,False,False,False,False,19.99
Mayan Death Robots,Nov 20 2015,69,0,False,False,True,True,False,False,False,False,False,False,False,False,False,False,14.99
Perils of Man,Apr 28 2015,61,0,False,False,True,False,True,False,False,False,False,False,False,False,False,False,9.99
Fairy Fencer F,Aug 4 2015,66,1623,False,False,False,False,False,False,False,True,False,False,False,False,False,False,29.99
Beyond Sol,Oct 13 2015,83,0,False,False,True,True,False,False,True,False,False,False,False,False,False,False,10.99
FIM Speedway Grand Prix 15,Nov 30 2015,68,0,False,False,False,False,False,False,False,False,True,False,False,True,True,False,24.99
ARMED SEVEN,Mar 6 2015,67,0,False,False,True,True,False,False,False,False,False,False,False,False,False,False,4.99
La-Mulana,Apr 15 2013,80,1358,False,False,True,True,True,False,False,False,False,False,False,False,False,False,14.99
Wolfenstein: The Old Blood,May 4 2015,76,3480,False,False,False,True,False,False,False,False,False,False,False,False,False,False,19.99
No Pineapple Left Behind,Feb 18 2016,59,0,False,False,True,False,False,False,True,False,True,False,False,False,False,False,9.99
TransOcean 2: Rivals,May 10 2016,69,306,False,False,False,False,False,False,True,False,True,False,False,False,False,False,24.99
The Bug Butcher,Jan 19 2016,81,700,False,False,True,True,False,False,False,False,False,False,False,False,False,False,7.99
Planet of the Eyes,Aug 24 2015,66,208,False,False,True,True,True,False,False,False,False,False,False,False,False,False,9.99
The Corporate Machine,Mar 25 2015,80,0,False,False,False,False,False,False,True,False,True,False,False,False,False,False,9.99
Ceres,Oct 16 2015,74,0,False,False,True,True,False,False,True,True,True,False,False,False,False,False,19.99
Valhalla Hills,Dec 2 2015,69,343,False,False,True,False,False,False,True,False,True,False,False,False,False,False,29.99
The Descendant,Mar 24 2016,59,109,False,False,True,False,True,True,False,False,False,False,False,False,False,False,2.99
Tales of Zestiria,Oct 19 2015,77,2937,False,False,False,False,False,False,False,True,False,False,False,False,False,False,49.99
Fair Strike,Apr 23 2015,56,0,False,False,False,True,False,False,False,False,True,False,False,False,False,False,3.99
The Westport Independent,Jan 21 2016,63,0,False,False,True,False,False,False,False,False,True,False,False,False,False,False,9.99
LEGO(r) Jurassic World,Jun 11 2015,72,1659,False,False,False,True,True,False,False,False,False,False,False,False,False,False,29.99
Stephens Sausage Roll,Apr 17 2016,90,132,False,False,True,False,False,False,False,False,False,False,False,False,False,False,29.99
Train Valley,Sep 16 2015,69,423,False,False,True,False,False,True,True,False,True,False,False,False,False,False,9.99
The Deadly Tower of Monsters,Jan 19 2016,73,378,False,False,True,True,True,False,False,False,False,False,False,False,False,False,14.99
Five Nights at Freddys 3,Mar 2 2015,68,5803,False,False,True,True,False,False,False,False,True,False,False,False,False,False,7.99
WRC 5 FIA World Rally Championship,Oct 8 2015,65,364,False,False,False,False,False,False,False,False,False,False,False,False,True,False,39.99
Tadpole Treble,Sep 2 2016,90,114,False,False,True,True,True,False,False,False,False,False,False,False,False,False,9.99
MISSING: An Interactive Thriller - Episode One,May 25 2015,63,567,False,False,True,False,True,False,False,False,False,False,False,False,False,False,0.0
Echoes Of Aetheria,Jan 15 2016,77,0,False,False,True,False,False,False,False,True,False,False,False,False,False,False,14.99
Blood Alloy: Reborn,Mar 2 2016,49,0,False,False,True,True,False,False,False,False,False,False,False,False,False,False,12.99
Last Word,May 8 2015,67,178,False,False,True,False,True,True,False,True,False,False,False,False,False,False,9.99
Space Run Galaxy,Jun 17 2016,77,334,False,False,True,False,False,False,True,False,False,False,False,False,False,False,19.99
Sheltered,Mar 15 2016,62,1676,False,False,True,False,False,False,True,True,False,False,False,False,False,False,14.99
Beyond Eyes,Aug 11 2015,60,340,False,False,True,False,True,False,False,False,False,False,False,False,False,False,14.99
Time Machine VR,May 19 2016,58,0,False,False,True,False,True,False,False,False,True,False,False,False,False,False,29.99
Tony Tough and the Night of Roasted Moths,May 7 2015,68,0,False,False,False,False,True,True,False,False,False,False,False,False,False,False,9.99
Interloper,May 21 2015,77,201,False,False,True,False,False,False,True,False,False,False,False,False,False,False,11.99
Party Hard,Aug 25 2015,66,2456,False,False,True,True,False,False,True,False,False,False,False,False,False,False,12.89
Galacide,Jul 28 2015,76,0,False,False,True,True,False,False,False,False,False,False,False,False,False,False,9.99
The Collider 2,Apr 19 2016,70,0,False,False,False,True,False,True,False,False,False,False,False,False,True,False,9.99
Excubitor,May 26 2016,69,0,False,False,False,True,False,False,True,False,False,False,False,False,False,False,14.99
Cobalt,Feb 2 2016,69,487,False,False,True,True,True,False,False,False,False,False,False,False,False,False,19.99
Inside My Radio,May 11 2015,68,182,False,False,True,True,False,True,False,False,False,False,False,False,False,False,14.99
D4: Dark Dreams Dont Die -Season One-,Jun 5 2015,67,997,False,False,True,False,True,True,False,False,False,False,False,False,False,False,14.99
Shadow Warrior (Classic),May 5 2014,73,0,False,False,False,True,False,False,False,False,False,False,False,False,False,False,0.0
Gryphon Knight Epic,Aug 20 2015,55,0,False,False,True,True,False,False,False,False,False,False,False,False,False,False,9.99
Luckslinger,Jul 16 2015,76,0,False,False,True,True,True,False,False,False,False,False,False,False,False,False,9.99
Good Robot,Apr 5 2016,69,128,False,False,True,True,False,False,False,True,False,False,False,False,False,False,9.99
MX vs. ATV Unleashed,Apr 16 2015,71,157,False,False,False,False,False,False,False,False,True,False,False,False,True,False,9.99
Lethis - Path of Progress,Jun 25 2015,65,394,False,False,True,False,False,False,True,False,True,False,False,False,False,False,19.99
Elite Dangerous,Apr 2 2015,80,17106,False,False,False,True,True,False,True,True,True,False,False,False,False,True,29.99
Uncanny Valley,Apr 23 2015,67,235,False,False,True,True,True,False,False,False,False,False,False,False,False,False,9.99
Independence War(r) 2: Edge of Chaos,May 7 2015,83,0,False,False,False,True,False,False,False,False,True,False,False,False,False,False,5.99
The Incredible Adventures of Van Helsing III,May 22 2015,64,459,False,False,True,True,True,False,False,True,False,False,False,False,False,False,14.99
Into the Stars,Mar 4 2016,61,333,False,False,True,True,True,False,True,False,True,False,False,False,False,False,19.99
Downwell,Oct 15 2015,84,2302,False,False,True,True,True,False,False,False,False,False,False,False,False,False,2.99
Lumini,Sep 3 2015,69,0,False,False,True,False,True,False,False,False,False,False,False,False,False,False,12.99
COAST GUARD,Oct 21 2015,47,0,False,False,False,False,True,False,False,False,True,False,False,False,False,False,14.99
Mother Russia Bleeds,Sep 5 2016,72,682,False,False,True,True,False,False,False,False,False,False,False,False,False,False,14.99
Cradle,Jul 24 2015,65,844,False,False,True,False,True,False,False,False,False,False,False,False,False,False,12.99
Lakeview Cabin Collection,Apr 9 2015,70,501,False,False,True,False,False,False,False,False,False,False,False,False,False,False,9.99
Fran Bow,Aug 27 2015,70,1639,False,False,True,False,True,False,False,False,False,False,False,False,False,False,14.99
Black Mesa,May 5 2015,86,5739,False,False,True,True,True,False,False,False,False,True,False,False,False,False,19.99
Leap of Fate,Mar 30 2016,80,132,False,False,False,False,False,False,False,False,False,False,False,False,False,False,15.99
Mega Man Legacy Collection / rotsukuman kurashitsukusu korekushiyon,Aug 24 2015,85,876,False,False,False,True,False,False,False,False,False,False,False,False,False,False,14.99
Goliath,May 12 2016,57,177,False,False,True,True,True,False,False,True,False,False,False,False,False,False,19.99
Holy Potatoes! A Weapon Shop?!,Jul 13 2015,69,754,False,False,True,False,False,False,False,False,True,False,False,False,False,False,14.99
Battlefleet Gothic: Armada,Apr 21 2016,77,2429,False,False,False,False,False,False,True,False,False,False,False,False,False,False,39.99
Total War: WARHAMMER,May 24 2016,86,18583,False,False,False,True,False,False,True,False,False,False,False,False,False,False,59.99
Downfall,Feb 15 2016,75,227,False,False,True,False,True,False,False,False,False,False,False,False,False,False,13.99
LOUD on Planet X,Apr 19 2016,72,0,False,False,True,True,False,True,False,False,False,False,False,False,False,False,7.99
Hacknet,Aug 12 2015,82,3577,False,False,True,False,False,False,False,False,True,False,False,False,False,False,9.99
Ravenmark: Scourge of Estellion,Sep 10 2015,75,0,False,False,False,False,False,False,True,True,False,False,False,False,False,False,14.99
OlliOlli2: Welcome to Olliwood,Aug 11 2015,82,223,False,False,True,True,False,False,False,False,False,False,False,True,False,False,14.99
Volume,Aug 18 2015,80,265,False,False,True,True,False,False,False,False,False,False,False,False,False,False,19.99
Company of Heroes 2 - The British Forces,Sep 2 2015,80,0,False,False,False,False,False,False,True,False,False,False,False,False,False,False,12.99
Heroes of Normandie,Oct 1 2015,65,123,False,False,False,False,False,False,True,False,False,False,False,False,False,False,29.99
Seasons after Fall,Sep 2 2016,76,219,False,False,True,False,True,False,False,False,False,False,False,False,False,False,14.99
Magical Eyes - Red is for Anguish,Mar 30 2016,77,0,False,False,True,False,True,False,False,False,False,False,False,False,False,False,14.99
Mighty Switch Force! Hyper Drive Edition,Jun 25 2015,85,165,False,False,True,True,False,False,False,False,False,False,False,False,False,False,9.99
Poly Bridge,Jul 12 2016,73,1117,False,False,True,False,False,False,False,False,True,False,False,False,False,False,11.99
Dragons Dogma: Dark Arisen,Jan 15 2016,81,5853,False,False,False,True,True,False,False,True,False,False,False,False,False,False,29.99
Skyshines BEDLAM,Sep 16 2015,67,573,False,False,True,True,False,False,True,False,False,False,False,False,False,False,19.99
Aurion: Legacy of the Kori-Odan,Apr 14 2016,69,0,False,False,True,True,True,False,False,True,False,False,False,False,False,False,19.99
Her Story,Jun 24 2015,86,2975,False,False,True,False,True,False,False,False,True,False,False,False,False,False,5.99
Assassins Creed(r) Syndicate,Nov 18 2015,74,3808,False,False,False,True,True,False,False,False,False,False,False,False,False,False,39.99
Obliteracers,Feb 23 2016,78,153,False,False,True,True,False,False,False,False,False,False,False,False,True,False,14.99
AR-K: The Great Escape,Jul 14 2015,78,0,False,False,True,False,True,False,False,False,False,False,False,False,False,False,7.99
Slain: Back from Hell,Mar 24 2016,75,601,False,False,True,True,False,False,False,False,False,False,False,False,False,False,12.99
The Swindle,Jul 28 2015,70,290,False,False,True,True,False,False,False,True,False,False,False,False,False,False,14.99
Blacksea Odyssey,Jun 1 2016,71,101,False,False,True,True,False,False,False,False,False,False,False,False,False,False,9.99
Gremlins Inc.,Mar 10 2016,74,860,False,False,True,False,False,False,True,False,False,False,False,False,False,False,14.99
Animal Gods,Oct 12 2015,50,0,False,False,True,True,True,False,False,False,False,False,False,False,False,False,9.99
Pixel Galaxy,Oct 2 2015,68,0,False,False,True,True,False,False,False,False,False,False,False,False,False,False,9.99
Kathy Rain,May 5 2016,77,165,False,False,True,False,True,False,False,False,False,False,False,False,False,False,14.99
Goodbye Deponia,Oct 17 2013,80,899,False,False,True,False,True,False,False,False,False,False,False,False,False,False,159.99
Far Cry(r) Primal,Feb 29 2016,74,5235,False,False,False,True,True,False,False,False,False,False,False,False,False,False,59.99
Pulse,Oct 20 2015,57,0,False,False,True,False,True,False,False,False,False,False,False,False,False,False,14.99
Divinity: Original Sin - Enhanced Edition,Oct 27 2015,94,2900,False,False,True,False,True,False,True,True,False,False,False,False,False,False,39.99
The Assembly,Jul 19 2016,57,0,False,False,True,False,True,False,False,False,False,False,False,False,False,False,19.99
Ryzom,May 6 2016,64,221,True,False,True,False,False,False,False,True,False,False,True,False,False,True,0.0
Eisenhorn: XENOS,Aug 8 2016,48,117,False,False,False,True,True,False,False,False,False,False,False,False,False,False,19.99
Metrico+,Aug 23 2016,68,0,False,False,True,False,True,False,False,False,False,False,False,False,False,False,13.99
Stairs,Sep 28 2015,65,119,False,False,True,True,True,False,False,False,False,False,False,False,False,False,12.99
DARK SOULS(tm) III,Apr 11 2016,89,26844,False,False,False,True,False,False,False,False,False,False,False,False,False,False,59.99
Gunpowder,Jul 8 2015,76,0,False,False,True,True,False,True,False,False,False,False,False,False,False,False,3.99
ICY,Jul 27 2015,56,168,False,False,True,False,False,False,True,True,False,False,False,False,False,False,12.99
Human Resource Machine,Oct 15 2015,78,1128,False,False,True,False,False,True,False,False,False,False,False,False,False,False,9.99
Anno 2205(tm),Nov 2 2015,72,1750,False,False,False,False,False,False,True,False,True,False,False,False,False,False,39.99
Viridi,Aug 19 2015,46,3637,True,False,True,False,False,True,False,False,True,False,True,False,False,False,0.0
Pro Evolution Soccer 2016,Sep 16 2015,76,3086,False,False,False,False,False,False,False,False,False,False,False,True,False,False,19.99
SAGA,Aug 4 2015,61,108,True,False,True,False,False,False,True,False,False,False,True,False,False,True,0.0
GUILTY GEAR Xrd -SIGN-,Dec 9 2015,84,1588,False,False,False,True,False,False,False,False,False,False,False,False,False,False,29.99
Last Days of Old Earth,Jun 7 2016,66,0,False,False,False,False,False,False,True,False,False,False,False,False,False,False,24.99
Kelvin and the Infamous Machine,Jul 21 2016,79,0,False,False,True,False,True,False,False,False,False,False,False,False,False,False,14.99
WildStar,Jun 9 2016,82,2384,True,False,False,False,False,False,False,True,False,False,True,False,False,True,0.0
Hatoful Boyfriend: Holiday Star,Dec 15 2015,54,192,False,False,True,False,True,False,False,False,False,False,False,False,False,False,9.99
Fallout 4,Nov 9 2015,84,72929,False,False,False,False,False,False,False,True,False,False,False,False,False,False,59.99
ENKI,Jul 31 2015,43,0,False,False,True,False,True,False,False,False,False,False,False,False,False,False,9.99
N.E.R.O.: Nothing Ever Remains Obscure,Apr 29 2016,59,0,False,False,True,False,True,False,False,False,False,False,False,False,False,False,19.99
FINAL FANTASY IX,Apr 14 2016,84,1840,False,False,False,False,False,False,False,True,False,False,False,False,False,False,20.99
Mushihimesama,Nov 12 2015,86,535,False,False,False,True,False,False,False,False,False,False,False,False,False,False,19.99
Football Manager 2016,Nov 12 2015,81,4141,False,False,False,False,False,False,False,False,True,False,False,True,False,False,49.99
Blues and Bullets,Jul 22 2015,73,825,False,False,False,False,True,False,False,False,False,False,False,False,False,False,4.99
Thea: The Awakening,Nov 20 2015,73,1219,False,False,True,False,False,False,True,True,False,False,False,False,False,False,19.99
DOOM,May 12 2016,85,23915,False,False,False,True,False,False,False,False,False,False,False,False,False,False,59.99
STASIS,Aug 31 2015,79,676,False,False,False,False,True,False,False,False,False,False,False,False,False,False,19.99
Hover Junkers,Apr 5 2016,78,553,False,False,True,True,True,False,False,False,False,False,False,False,False,False,34.99
Dead by Daylight,Jun 14 2016,71,30933,False,False,False,True,False,False,False,False,False,False,False,False,False,False,19.99
80 Days,Sep 28 2015,84,403,False,False,True,False,True,False,True,False,False,False,False,False,False,False,9.99
Bards Gold,Aug 14 2015,58,0,False,False,True,False,False,False,False,False,False,False,False,False,False,False,4.99
Dragon Saga,Dec 22 2015,65,504,True,False,False,False,False,False,False,False,False,False,True,False,False,True,0.0
Journey To The Center Of The Earth,Sep 25 2015,65,254,False,False,True,False,True,False,False,False,False,False,False,False,False,False,3.99
SKYHILL,Oct 6 2015,63,490,False,False,True,True,True,False,False,True,False,False,False,False,False,False,14.99
E.T. Armies,Mar 3 2016,54,124,False,False,False,True,False,False,False,False,False,False,False,False,False,False,14.99
Hue,Aug 30 2016,79,0,False,False,True,False,True,False,False,False,False,False,False,False,False,False,14.99
Firewatch,Feb 9 2016,81,16098,False,False,True,False,True,False,False,False,False,False,False,False,False,False,19.99
Cross of the Dutchman,Sep 10 2015,59,207,False,False,True,True,True,False,False,False,False,False,False,False,False,False,8.99
Slybots: Frantic Zone,Jan 18 2016,65,0,False,False,True,True,False,False,False,False,False,False,False,False,False,False,6.99
Pathologic Classic HD,Oct 29 2015,76,292,False,False,True,True,True,False,False,True,False,False,False,False,False,False,12.99
ABZU,Aug 2 2016,84,2987,False,False,True,True,True,True,False,False,True,False,False,False,False,False,19.99
Aviary Attorney,Dec 21 2015,77,432,False,False,True,False,True,False,False,False,False,False,False,False,False,False,14.99
INK,Aug 5 2015,68,896,False,False,True,True,True,False,False,False,False,False,False,False,False,False,4.99
WWE 2K16,Mar 10 2016,74,1742,False,False,False,False,False,False,False,False,True,False,False,True,False,False,49.99
SMITE,Sep 8 2015,83,18333,True,False,False,True,False,False,False,False,False,False,True,False,False,False,0.0
FIVE: Guardians of David,Nov 24 2015,66,0,False,False,False,True,True,False,False,True,False,False,False,False,False,False,19.99
Ori and the Blind Forest: Definitive Edition,Apr 27 2016,88,1407,False,False,False,True,False,False,False,False,False,False,False,False,False,False,19.99
The Escapists: The Walking Dead,Sep 30 2015,66,321,False,False,True,False,False,False,True,False,False,False,False,False,False,False,17.99
Five Nights at Freddys 4,Jul 23 2015,51,6870,False,False,True,True,False,False,True,False,False,False,False,False,False,False,7.99
Day of the Tentacle Remastered,Mar 21 2016,86,661,False,False,False,False,True,False,False,False,False,False,False,False,False,False,14.99
1979 Revolution: Black Friday,Apr 4 2016,80,201,False,False,True,False,True,False,False,False,False,False,False,False,False,False,11.99
In Between,Aug 21 2015,68,189,False,False,True,False,False,False,False,False,False,False,False,False,False,False,11.99
Oxenfree,Jan 14 2016,80,1314,False,False,True,False,True,False,False,False,False,False,False,False,False,False,19.99
Bulb Boy,Oct 29 2015,84,203,False,False,True,False,True,False,False,False,False,False,False,False,False,False,8.99
Little Kings Story,Aug 5 2016,67,0,False,False,False,False,False,False,True,True,True,False,False,False,False,False,24.99
Circa Infinity,Sep 8 2015,80,105,False,False,True,True,False,False,False,False,False,False,False,False,False,False,9.99
Anarcute,Jul 12 2016,79,119,False,False,True,True,False,False,False,False,False,False,False,False,False,False,14.99
Sora,Jan 5 2016,74,124,False,False,True,True,False,False,False,False,False,False,False,False,False,False,8.99
Hard to Be a God,Aug 24 2015,55,0,False,False,False,False,False,False,False,True,False,False,False,False,False,False,9.99
F1 2016,Aug 18 2016,86,1275,False,False,False,False,False,False,False,False,True,False,False,True,True,False,59.99
Rise of the Tomb Raider(tm),Jan 28 2016,86,16385,False,False,False,True,True,False,False,False,False,False,False,False,False,False,59.99
Undertale,Sep 15 2015,92,60314,False,False,True,False,False,False,False,True,False,False,False,False,False,False,9.99
Layers of Fear,Feb 15 2016,72,4956,False,False,True,False,True,False,False,False,False,False,False,False,False,False,19.99
Crashlands,Jan 21 2016,78,856,False,False,True,True,True,False,False,True,False,False,False,False,False,False,14.99
NOBUNAGAS AMBITION: Sphere of Influence,Sep 1 2015,70,339,False,False,False,False,False,False,True,False,False,False,False,False,False,False,59.99
Battleborn,May 2 2016,69,5361,False,False,False,True,False,False,False,False,False,False,False,False,False,False,59.99
Punch Club,Jan 8 2016,73,3664,False,False,True,False,False,False,True,True,False,False,False,False,False,False,9.99
Hearts of Iron IV,Jun 6 2016,83,4693,False,False,False,False,False,False,True,False,True,False,False,False,False,False,39.99
Warhammer 40000: Deathwatch - Enhanced Edition,Oct 16 2015,74,277,False,False,False,True,True,False,True,True,False,False,False,False,False,False,14.99
HELLDIVERS(tm),Dec 7 2015,83,5774,False,False,False,True,False,False,False,False,False,False,False,False,False,False,19.99
Dead Effect 2,May 6 2016,53,317,False,False,True,True,False,False,False,True,False,False,False,False,False,False,11.99
DEADBOLT,Mar 14 2016,76,810,False,False,True,True,False,False,False,False,False,False,False,False,False,False,9.99
DISTRAINT,Oct 21 2015,76,220,False,False,True,False,True,True,False,False,False,False,False,False,False,False,4.99
Doors,Feb 12 2016,40,246,False,False,True,False,True,False,True,False,False,False,False,False,False,False,4.99
Lost Horizon 2,Oct 1 2015,58,0,False,False,False,False,True,False,False,False,False,False,False,False,False,False,14.99
We Are The Dwarves,Feb 25 2016,60,198,False,False,True,True,True,False,False,False,False,False,False,False,False,False,24.99
Rogue State,Oct 16 2015,66,150,False,False,True,False,False,False,True,False,True,False,False,False,False,False,12.99
Masochisia,Oct 9 2015,68,165,False,False,True,False,False,False,False,False,False,False,False,False,False,False,7.99
Sengoku Jidai: Shadow of the Shogun,May 19 2016,76,0,False,False,False,False,False,False,True,False,False,False,False,False,False,False,29.99
SimplePlanes,Dec 17 2015,67,2763,False,False,True,False,False,False,False,False,True,False,False,False,False,False,12.99
Lords of the Realm II,Dec 3 2015,77,180,False,False,False,False,False,False,True,True,False,False,False,False,False,False,2.99
Euclidean,Sep 25 2015,62,133,False,False,True,True,False,True,False,False,False,False,False,False,False,False,4.99
Bowl Bound College Football,Sep 3 2015,80,0,False,False,False,False,False,False,True,False,True,False,False,True,False,False,19.99
Epistory - Typing Chronicles,Mar 30 2016,75,496,False,False,True,True,True,False,False,False,False,False,False,False,False,False,14.99
Prospekt,Feb 18 2016,43,706,False,False,False,True,False,False,False,False,False,False,False,False,False,False,9.99
Else Heart.Break(),Sep 24 2015,79,185,False,False,True,False,True,False,False,True,False,False,False,False,False,False,24.99
Concrete Jungle,Sep 23 2015,76,213,False,False,True,False,False,False,True,False,False,False,False,False,False,False,12.99
The Incredible Adventures of Van Helsing: Final Cut,Nov 6 2015,79,604,False,False,True,True,True,False,False,True,False,False,False,False,False,False,44.99
Okhlos,Aug 18 2016,72,134,False,False,True,True,False,False,True,False,False,False,False,False,False,False,12.99
The Aquatic Adventure of the Last Human,Jan 19 2016,76,140,False,False,True,True,True,False,False,False,False,False,False,False,False,False,9.99
POSTAL Redux,May 20 2016,54,281,False,False,True,True,False,False,False,False,False,False,False,False,False,False,8.99
FATED: The Silent Oath,Apr 28 2016,67,0,False,False,False,False,True,False,False,False,False,False,False,False,False,False,19.99
ARSLAN: THE WARRIORS OF LEGEND,Feb 9 2016,57,114,False,False,False,True,False,False,False,False,False,False,False,False,False,False,59.99
The Park,Oct 27 2015,67,1651,False,False,False,False,True,False,False,False,False,False,False,False,False,False,12.99
The Guest,Mar 10 2016,69,230,False,False,True,False,True,False,False,False,False,False,False,False,False,False,9.99
Californium,Feb 17 2016,64,114,False,False,True,False,True,False,False,False,False,False,False,False,False,False,9.99
Out of the Park Baseball 17,Mar 22 2016,92,283,False,False,True,False,False,False,True,False,True,False,False,True,False,False,39.99
The Coma: Cutting Class,Oct 19 2015,69,216,False,False,True,False,True,False,False,False,False,False,False,False,False,False,9.99
Planetbase,Oct 15 2015,70,3094,False,False,True,False,False,False,True,False,True,False,False,False,False,False,19.99
Dungelot: Shattered Lands,Feb 18 2016,78,300,False,False,True,True,False,False,False,True,False,False,False,False,False,False,9.99
Heavens Hope - Special Edition,Feb 25 2016,74,0,False,False,False,False,True,False,False,False,False,False,False,False,False,False,19.99
Ares Omega,Mar 11 2016,49,0,False,False,True,True,False,False,False,True,False,False,False,False,False,False,4.99
Dangerous Golf,Jun 2 2016,54,0,False,False,False,True,False,False,False,False,False,False,False,True,False,False,19.99
Ninja Senki DX,Feb 23 2016,72,0,False,False,True,True,False,False,False,False,False,False,False,False,False,False,4.99
Pony Island,Jan 4 2016,86,3554,False,False,True,False,False,False,False,False,False,False,False,False,False,False,4.99
Disgaea PC,Feb 24 2016,74,1406,False,False,False,False,False,False,False,True,False,False,False,False,False,False,19.99
DarkMaus,Jan 26 2016,83,229,False,False,True,True,False,False,False,True,False,False,False,False,False,False,9.99
Alekhines Gun,Mar 11 2016,40,148,False,False,False,True,True,False,False,False,False,False,False,False,False,False,39.99
Crush Your Enemies,Jul 13 2016,63,0,False,False,True,True,False,False,True,False,False,False,False,False,False,False,9.99
Devilian,Dec 10 2015,63,1731,True,False,False,True,False,False,False,True,False,False,True,False,False,True,0.0
Hard Reset Redux,Jun 3 2016,73,401,False,False,False,True,True,False,False,False,False,False,False,False,False,False,19.99
Cibele,Nov 2 2015,71,1036,False,False,True,False,False,False,False,False,False,False,False,False,False,False,8.99
Swords and Sorcery - Underworld - Definitive Edition,Dec 15 2015,66,0,False,False,True,False,True,False,False,True,False,False,False,False,False,False,14.99
Pro Cycling Manager 2016,Jun 16 2016,64,183,False,False,False,False,False,False,False,False,True,False,False,True,False,False,39.99
The Fall of the Dungeon Guardians,Nov 6 2015,71,185,False,False,True,False,False,False,True,True,False,False,False,False,False,False,19.99
12 is Better Than 6,Nov 20 2015,74,950,False,False,True,True,False,False,False,False,False,False,False,False,False,False,9.99
HEX: Shards of Fate,Apr 19 2016,87,1026,True,False,False,False,True,False,True,True,False,False,True,False,False,False,0.0
System Shock: Enhanced Edition,Oct 22 2015,85,200,False,False,False,True,True,False,False,True,False,False,False,False,False,False,9.99
Master of Orion 3,Aug 25 2016,64,0,True,False,False,False,False,False,True,False,False,False,False,False,False,False,9.99
Sorcery! Parts 1 and 2,Feb 2 2016,69,121,False,False,True,False,True,False,False,True,False,False,False,False,False,False,9.99
Codename: Panzers Phase One,Feb 18 2016,81,0,False,False,False,False,False,False,True,False,True,False,False,False,False,False,14.99
Codename: Panzers Phase Two,Feb 18 2016,80,0,False,False,False,False,False,False,True,False,True,False,False,False,False,False,14.99
Men of Valor,Feb 9 2016,71,0,False,False,False,True,False,False,False,False,False,False,False,False,False,False,9.99
SENRAN KAGURA SHINOVI VERSUS,Jun 1 2016,70,1464,False,False,False,True,False,False,False,False,False,False,False,False,False,False,29.99
STEINS;GATE,Sep 8 2016,87,416,False,False,False,False,True,False,False,False,False,False,False,False,False,False,34.99
Stardew Valley,Feb 26 2016,88,28507,False,False,True,False,False,False,False,True,True,False,False,False,False,False,14.99
Danganronpa: Trigger Happy Havoc,Feb 18 2016,83,1726,False,False,False,False,True,False,False,False,False,False,False,False,False,False,29.99
Danganronpa 2: Goodbye Despair,Apr 18 2016,84,997,False,False,False,False,True,False,False,False,False,False,False,False,False,False,29.99
Shooting Stars!,Jan 19 2016,59,117,False,False,True,True,False,False,False,False,False,False,False,False,False,False,4.99
OmniBus,May 26 2016,55,111,False,False,True,True,True,True,False,False,True,False,False,False,True,False,9.99
Zombie Night Terror,Jul 20 2016,81,301,False,False,True,True,False,False,True,False,False,False,False,False,False,False,12.99
Everybodys Gone to the Rapture,Apr 14 2016,76,364,False,False,True,False,True,True,False,False,False,False,False,False,False,False,19.99
Polaris Sector,Mar 22 2016,76,239,False,False,False,False,False,False,True,False,True,False,False,False,False,False,39.99
That Dragon Cancer,Jan 11 2016,78,582,False,False,True,False,True,False,False,False,False,False,False,False,False,False,14.99
Red Game Without A Great Name,Dec 9 2015,55,0,False,False,True,True,False,False,False,False,False,False,False,False,False,False,4.99
Deponia Doomsday,Mar 1 2016,76,1095,False,False,True,False,True,False,False,False,False,False,False,False,False,False,29.99
Samorost 3,Mar 24 2016,80,548,False,False,True,False,True,True,False,False,False,False,False,False,False,False,19.99
Goetia,Apr 14 2016,79,0,False,False,True,False,True,False,False,False,False,False,False,False,False,False,14.99
Megamagic: Wizards of the Neon Age,Apr 20 2016,67,0,False,False,True,True,True,False,True,True,False,False,False,False,False,False,14.99
Devil Daggers,Feb 18 2016,83,1855,False,False,True,True,False,False,False,False,False,False,False,False,False,False,4.99
Furi,Jul 5 2016,75,534,False,False,False,True,False,False,False,False,False,False,False,False,False,False,24.99
ZHEROS,Feb 15 2016,58,0,False,False,True,True,False,False,False,False,False,False,False,False,False,False,9.99
Project Highrise,Sep 8 2016,74,315,False,False,False,False,False,False,True,False,True,False,False,False,False,False,19.99
Dinocide,Jan 21 2016,51,0,False,False,True,True,True,True,False,True,False,False,False,False,False,False,9.99
Anomaly 1729,Dec 30 2015,49,0,False,False,True,False,True,True,False,False,False,False,False,False,False,False,9.99
Road to Ballhalla,Aug 5 2016,76,0,False,False,True,True,True,False,False,False,False,False,False,False,True,False,14.99
The Order of the Thorne - The Kings Challenge,Jan 26 2016,71,0,False,False,True,False,True,False,False,False,False,False,False,False,False,False,9.99
Defragmented,Feb 12 2016,68,0,False,False,True,True,False,False,False,True,False,False,False,False,False,False,14.99
Grow Up,Aug 16 2016,71,432,False,False,True,False,True,True,False,False,False,False,False,False,False,False,9.99
NightCry,Mar 28 2016,46,136,False,False,True,False,True,False,False,False,False,False,False,False,False,False,24.99
CALENDULA,Feb 2 2016,70,191,False,False,True,False,False,False,False,False,False,False,False,False,False,False,6.99
Hitman GO: Definitive Edition,Feb 23 2016,72,258,False,False,False,False,False,False,True,False,False,False,False,False,False,False,7.99
TurnOn,Jun 1 2016,67,135,False,False,True,True,True,True,False,False,False,False,False,False,False,False,14.99
Fragments of Him,May 3 2016,69,0,False,False,True,False,False,True,False,False,False,False,False,False,False,False,9.99
Neon Chrome,Apr 28 2016,74,165,False,False,True,True,True,False,False,True,False,False,False,False,False,False,14.99
Falcon 4.0,Jan 8 2016,85,0,False,False,False,False,False,False,False,False,True,False,False,False,False,False,6.99
Spellweaver,Feb 1 2016,63,916,True,False,True,False,False,False,True,False,False,False,True,False,False,True,0.0
Mushroom Wars,Apr 7 2016,80,126,False,False,True,True,False,False,True,False,False,False,False,False,False,False,9.99
Monumental,Jan 22 2016,41,0,False,False,False,False,True,False,False,False,False,False,False,False,False,False,9.99
Breakneck,Feb 1 2016,76,0,False,False,False,True,False,False,False,False,False,True,False,False,True,False,4.99
Warlords Battlecry III,Jan 22 2016,73,135,False,False,False,False,False,False,True,False,False,False,False,False,False,False,9.99
Nemesis of the Roman Empire,Jan 28 2016,74,0,False,False,False,False,False,False,True,False,False,False,False,False,False,False,9.99
Drawn(tm): Dark Flight,Jan 19 2016,75,0,False,False,False,False,True,True,False,False,False,False,False,False,False,False,9.99
Back in 1995,Apr 28 2016,52,0,False,False,True,True,True,False,False,False,False,False,False,False,False,False,11.99
The Great Escape,Jan 11 2016,54,0,False,False,True,True,False,True,False,False,False,False,False,False,False,False,3.99
Rusty Lake Hotel,Jan 29 2016,65,339,False,False,True,False,True,False,False,False,False,False,False,False,False,False,1.99
Trials of the Blood Dragon,Jun 13 2016,54,0,False,False,False,False,False,False,False,False,False,False,False,False,True,False,14.99
The Final Station,Aug 30 2016,76,751,False,False,True,True,True,False,False,False,False,False,False,False,False,False,14.99
The Preposterous Awesomeness of Everything,Feb 9 2016,54,0,False,False,True,False,True,False,False,False,False,False,False,False,False,False,6.99
Valentino Rossi The Game,Jun 16 2016,72,127,False,False,False,False,False,False,False,False,True,False,False,True,True,False,49.99
Stories: The Path of Destinies,Apr 12 2016,74,501,False,False,True,True,True,False,False,True,False,False,False,False,False,False,14.99
The Count Lucanor,Mar 3 2016,78,203,False,False,True,False,True,False,False,True,False,False,False,False,False,False,9.99
Obscuritas,Mar 17 2016,63,0,False,False,False,False,True,False,False,False,False,False,False,False,False,False,14.99
The Minims,Apr 1 2016,73,0,False,False,True,False,True,False,False,False,False,False,False,False,False,False,9.99
DreamBreak,Jul 21 2016,41,0,False,False,True,True,True,False,False,False,False,False,False,False,False,False,6.99
Wailing Heights,Apr 27 2016,70,0,False,False,True,False,True,False,False,False,False,False,False,False,False,False,9.99
Highland Warriors,Mar 4 2016,58,0,False,False,False,False,False,False,True,False,False,False,False,False,False,False,7.99
Shattered Skies,Jul 21 2016,57,1212,False,False,True,True,True,False,False,True,False,False,False,False,False,True,24.99
Job Simulator,Apr 5 2016,68,460,False,False,False,False,False,False,False,False,True,False,False,False,False,False,29.99
IS Defense,Apr 19 2016,50,598,False,False,True,True,False,False,False,False,False,False,False,False,False,False,5.99
Overcooked,Aug 3 2016,81,599,False,False,True,True,False,True,False,False,True,False,False,False,False,False,16.99
Planar Conquest,May 30 2016,53,211,False,False,True,False,False,False,True,True,True,False,False,False,False,False,24.99
Demetrios - The BIG Cynical Adventure,May 31 2016,72,0,False,False,True,False,True,False,False,False,False,False,False,False,False,False,9.99
Koihime Enbu,May 19 2016,68,113,False,False,False,True,False,False,False,False,False,False,False,False,False,False,39.99
March of the Living,Apr 20 2016,63,389,False,False,True,False,True,False,True,False,False,False,False,False,False,False,14.99
Breached,Jun 22 2016,55,0,False,False,True,False,True,False,False,False,False,False,False,False,False,False,6.99
Song of the Deep,Jul 11 2016,76,178,False,False,False,False,True,False,False,False,False,False,False,False,False,False,14.99
Scrap Garden,May 6 2016,59,0,False,False,True,True,True,False,False,False,False,False,False,False,False,False,14.99
Phantaruk,Aug 16 2016,56,0,False,False,True,True,True,False,False,False,False,False,False,False,False,False,11.99
Event[0],Sep 14 2016,84,0,False,False,True,False,True,False,False,False,False,False,False,False,False,False,19.99
Journey to the Center of the Earth,Jul 22 2016,65,0,False,False,False,False,True,False,False,False,False,False,False,False,False,False,4.99
Reigns,Aug 11 2016,77,1154,False,False,True,False,True,False,False,True,True,False,False,False,False,False,2.99
Quantum Break,Sep 29 2016,62,0,False,False,False,True,False,False,False,False,False,False,False,False,False,False,0.0
Human: Fall Flat,Jul 22 2016,70,526,False,False,True,False,True,False,False,False,False,False,False,False,False,False,14.99
Hunters Legacy,Jul 19 2016,58,0,False,False,True,True,True,False,False,False,False,False,False,False,False,False,6.99
Super Duper Party Pooper,Jun 6 2016,40,101,False,False,True,False,False,True,True,False,True,False,False,False,False,False,0.99
Bohemian Killing,Jul 21 2016,45,0,False,False,True,False,True,False,False,False,False,False,False,False,False,False,16.99
Shiny,Aug 31 2016,50,0,False,False,True,True,False,False,False,False,False,False,False,False,False,False,12.99
Gabriel Knight(r) 3: Blood of the Sacred Blood of the Damned,Aug 29 2016,80,0,False,False,False,False,True,False,False,False,False,False,False,False,False,False,5.99
The Turing Test,Aug 30 2016,77,469,False,False,False,False,True,False,False,False,False,False,False,False,False,False,19.99
Arcanum: Of Steamworks and Magick Obscura,Aug 29 2016,81,0,False,False,False,False,False,False,False,True,False,False,False,False,False,False,5.99
Redout,Sep 2 2016,79,575,False,False,False,False,False,False,False,False,False,False,False,False,True,False,34.99
Caesar(tm) IV,Aug 29 2016,74,0,False,False,False,False,False,False,True,False,True,False,False,False,False,False,9.99
RIVE,Sep 13 2016,74,0,False,False,True,True,False,False,False,False,False,False,False,False,False,False,14.99
Champions of Anteria(tm),Aug 30 2016,68,0,False,False,False,False,False,False,True,True,False,False,False,False,False,False,29.99
Pro Evolution Soccer 2017,Sep 14 2016,69,1057,False,False,False,False,False,False,False,False,False,False,False,True,False,False,39.99
Sid Meiers Civilization(r) VI,Oct 20 2016,94,7201,False,False,False,False,False,False,True,False,False,False,False,False,False,False,59.99
Mafia III,Oct 6 2016,61,13524,False,False,False,True,True,False,False,False,False,False,False,False,False,False,59.99
Clustertruck,Sep 27 2016,77,1231,False,False,True,True,False,False,False,False,False,False,False,False,False,False,14.99
Eagle Flight,December 20th 2016,73,0,False,False,False,False,False,False,False,False,True,False,False,False,False,False,0.0
