lea"Name","test_score","pca_components","model","fold","multimodal_state","User","Hostname","dataset_name","Created"
"tabpfnv2p5_REG_TEXT_ZOMATO_RESTAURANTS_4","0.8678198744996033","15","TabPFN-v2p5 🇩🇪","4","all","","n309","REG_TEXT_ZOMATO_RESTAURANTS","2026-04-14T13:23:39.000Z"
"tabpfnv2_REG_TEXT_ZOMATO_RESTAURANTS_4","0.7193821260895187","15","TabPFN-v2 🤯","4","all","","n309","REG_TEXT_ZOMATO_RESTAURANTS","2026-04-14T13:07:45.000Z"
"tabm_REG_TEXT_ZOMATO_RESTAURANTS_4","0.8339165061265671","15","TabM Ⓜ️","4","all","","n306","REG_TEXT_ZOMATO_RESTAURANTS","2026-04-14T12:14:02.000Z"
"cat_REG_TEXT_ZOMATO_RESTAURANTS_4","0.8134803301493247","15","CatBoost 😸","4","all","","n309","REG_TEXT_ZOMATO_RESTAURANTS","2026-04-14T11:02:18.000Z"
"light_REG_TEXT_ZOMATO_RESTAURANTS_4","0.7645985813902454","15","LightGBM 💡","4","all","","n305","REG_TEXT_ZOMATO_RESTAURANTS","2026-04-14T10:37:23.000Z"
"tabpfnv2p5_REG_TEXT_ZOMATO_RESTAURANTS_3","0.8733382058980315","15","TabPFN-v2p5 🇩🇪","3","all","","n305","REG_TEXT_ZOMATO_RESTAURANTS","2026-04-14T10:01:52.000Z"
"tabpfnv2_REG_TEXT_ZOMATO_RESTAURANTS_3","0.7328418877659568","15","TabPFN-v2 🤯","3","all","","n309","REG_TEXT_ZOMATO_RESTAURANTS","2026-04-14T09:26:40.000Z"
"tabm_REG_TEXT_ZOMATO_RESTAURANTS_3","0.8422822463164024","15","TabM Ⓜ️","3","all","","n309","REG_TEXT_ZOMATO_RESTAURANTS","2026-04-14T08:26:03.000Z"
"cat_REG_TEXT_ZOMATO_RESTAURANTS_3","0.8287768546573373","15","CatBoost 😸","3","all","","n305","REG_TEXT_ZOMATO_RESTAURANTS","2026-04-14T07:48:55.000Z"
"light_REG_TEXT_ZOMATO_RESTAURANTS_3","0.7743060093489407","15","LightGBM 💡","3","all","","n305","REG_TEXT_ZOMATO_RESTAURANTS","2026-04-14T07:07:23.000Z"
"tabpfnv2p5_REG_TEXT_ZOMATO_RESTAURANTS_2","0.8596548945170455","15","TabPFN-v2p5 🇩🇪","2","all","","n306","REG_TEXT_ZOMATO_RESTAURANTS","2026-04-14T06:50:14.000Z"
"tabpfnv2_REG_TEXT_ZOMATO_RESTAURANTS_2","0.7458331852857663","15","TabPFN-v2 🤯","2","all","","n309","REG_TEXT_ZOMATO_RESTAURANTS","2026-04-14T06:08:02.000Z"
"tabm_REG_TEXT_ZOMATO_RESTAURANTS_2","0.8342112107586684","15","TabM Ⓜ️","2","all","","n309","REG_TEXT_ZOMATO_RESTAURANTS","2026-04-14T05:23:19.000Z"
"cat_REG_TEXT_ZOMATO_RESTAURANTS_2","0.8179261958406522","15","CatBoost 😸","2","all","","n309","REG_TEXT_ZOMATO_RESTAURANTS","2026-04-14T05:08:53.000Z"
"light_REG_TEXT_ZOMATO_RESTAURANTS_2","0.7621224059651204","15","LightGBM 💡","2","all","","n305","REG_TEXT_ZOMATO_RESTAURANTS","2026-04-14T04:45:51.000Z"
"tabpfnv2p5_REG_TEXT_ZOMATO_RESTAURANTS_1","0.8646013074938445","15","TabPFN-v2p5 🇩🇪","1","all","","n306","REG_TEXT_ZOMATO_RESTAURANTS","2026-04-14T03:18:47.000Z"
"tabpfnv2_REG_TEXT_ZOMATO_RESTAURANTS_1","0.7177066049276072","15","TabPFN-v2 🤯","1","all","","n305","REG_TEXT_ZOMATO_RESTAURANTS","2026-04-14T02:58:29.000Z"
"tabm_REG_TEXT_ZOMATO_RESTAURANTS_1","0.8358787624399082","15","TabM Ⓜ️","1","all","","n305","REG_TEXT_ZOMATO_RESTAURANTS","2026-04-14T02:44:32.000Z"
"cat_REG_TEXT_ZOMATO_RESTAURANTS_1","0.8145096834251367","15","CatBoost 😸","1","all","","n309","REG_TEXT_ZOMATO_RESTAURANTS","2026-04-14T02:38:20.000Z"
"light_REG_TEXT_ZOMATO_RESTAURANTS_1","0.7794697114077673","15","LightGBM 💡","1","all","","n305","REG_TEXT_ZOMATO_RESTAURANTS","2026-04-14T00:58:54.000Z"
"tabpfnv2p5_REG_TEXT_ZOMATO_RESTAURANTS_0","0.8640971530261449","15","TabPFN-v2p5 🇩🇪","0","all","","n306","REG_TEXT_ZOMATO_RESTAURANTS","2026-04-14T00:28:40.000Z"
"tabpfnv2_REG_TEXT_ZOMATO_RESTAURANTS_0","0.7512533998057328","15","TabPFN-v2 🤯","0","all","","n305","REG_TEXT_ZOMATO_RESTAURANTS","2026-04-14T00:13:18.000Z"
"tabm_REG_TEXT_ZOMATO_RESTAURANTS_0","0.84233343897805","15","TabM Ⓜ️","0","all","","n306","REG_TEXT_ZOMATO_RESTAURANTS","2026-04-14T00:00:15.000Z"
"cat_REG_TEXT_ZOMATO_RESTAURANTS_0","0.8235848270820971","15","CatBoost 😸","0","all","","n305","REG_TEXT_ZOMATO_RESTAURANTS","2026-04-13T23:56:46.000Z"
"light_REG_TEXT_ZOMATO_RESTAURANTS_0","0.7739152607288882","15","LightGBM 💡","0","all","","n309","REG_TEXT_ZOMATO_RESTAURANTS","2026-04-13T23:52:05.000Z"
"tabpfnv2p5_REG_TEXT_VIDEO_GAMES_SALES_4","0.3206011172258312","15","TabPFN-v2p5 🇩🇪","4","all","","n309","REG_TEXT_VIDEO_GAMES_SALES","2026-04-13T23:38:48.000Z"
"tabpfnv2_REG_TEXT_VIDEO_GAMES_SALES_4","0.22853843460691048","15","TabPFN-v2 🤯","4","all","","n305","REG_TEXT_VIDEO_GAMES_SALES","2026-04-13T23:34:57.000Z"
"tabm_REG_TEXT_VIDEO_GAMES_SALES_4","0.25470997941492346","15","TabM Ⓜ️","4","all","","n306","REG_TEXT_VIDEO_GAMES_SALES","2026-04-13T23:25:51.000Z"
"cat_REG_TEXT_VIDEO_GAMES_SALES_4","0.1803024837454541","15","CatBoost 😸","4","all","","n309","REG_TEXT_VIDEO_GAMES_SALES","2026-04-13T23:22:39.000Z"
"light_REG_TEXT_VIDEO_GAMES_SALES_4","0.17684458346248622","15","LightGBM 💡","4","all","","n309","REG_TEXT_VIDEO_GAMES_SALES","2026-04-13T23:19:25.000Z"
"tabpfnv2p5_REG_TEXT_VIDEO_GAMES_SALES_3","0.424537430260138","15","TabPFN-v2p5 🇩🇪","3","all","","n305","REG_TEXT_VIDEO_GAMES_SALES","2026-04-13T23:12:39.000Z"
"tabpfnv2_REG_TEXT_VIDEO_GAMES_SALES_3","0.31433473337244333","15","TabPFN-v2 🤯","3","all","","n309","REG_TEXT_VIDEO_GAMES_SALES","2026-04-13T23:01:09.000Z"
"tabm_REG_TEXT_VIDEO_GAMES_SALES_3","0.32778065033266524","15","TabM Ⓜ️","3","all","","n306","REG_TEXT_VIDEO_GAMES_SALES","2026-04-13T22:54:56.000Z"
"cat_REG_TEXT_VIDEO_GAMES_SALES_3","0.4391227677926745","15","CatBoost 😸","3","all","","n305","REG_TEXT_VIDEO_GAMES_SALES","2026-04-13T22:46:44.000Z"
"light_REG_TEXT_VIDEO_GAMES_SALES_3","0.4675755913842454","15","LightGBM 💡","3","all","","n305","REG_TEXT_VIDEO_GAMES_SALES","2026-04-13T22:42:51.000Z"
"tabpfnv2p5_REG_TEXT_VIDEO_GAMES_SALES_2","0.31943267416776044","15","TabPFN-v2p5 🇩🇪","2","all","","n309","REG_TEXT_VIDEO_GAMES_SALES","2026-04-13T22:32:47.000Z"
"tabpfnv2_REG_TEXT_VIDEO_GAMES_SALES_2","0.2089544983179047","15","TabPFN-v2 🤯","2","all","","n306","REG_TEXT_VIDEO_GAMES_SALES","2026-04-13T22:29:26.000Z"
"tabm_REG_TEXT_VIDEO_GAMES_SALES_2","0.3726826601979063","15","TabM Ⓜ️","2","all","","n306","REG_TEXT_VIDEO_GAMES_SALES","2026-04-13T22:25:54.000Z"
"cat_REG_TEXT_VIDEO_GAMES_SALES_2","0.3241506838610594","15","CatBoost 😸","2","all","","n309","REG_TEXT_VIDEO_GAMES_SALES","2026-04-13T22:12:20.000Z"
"light_REG_TEXT_VIDEO_GAMES_SALES_2","0.33122405638740104","15","LightGBM 💡","2","all","","n306","REG_TEXT_VIDEO_GAMES_SALES","2026-04-13T22:08:45.000Z"
"tabpfnv2p5_REG_TEXT_VIDEO_GAMES_SALES_1","0.4596971139809769","15","TabPFN-v2p5 🇩🇪","1","all","","n309","REG_TEXT_VIDEO_GAMES_SALES","2026-04-13T21:56:14.000Z"
"tabpfnv2_REG_TEXT_VIDEO_GAMES_SALES_1","0.33339661690856437","15","TabPFN-v2 🤯","1","all","","n306","REG_TEXT_VIDEO_GAMES_SALES","2026-04-13T21:52:21.000Z"
"tabm_REG_TEXT_VIDEO_GAMES_SALES_1","0.5555670513532631","15","TabM Ⓜ️","1","all","","n306","REG_TEXT_VIDEO_GAMES_SALES","2026-04-13T21:49:34.000Z"
"cat_REG_TEXT_VIDEO_GAMES_SALES_1","0.49497628401297966","15","CatBoost 😸","1","all","","n305","REG_TEXT_VIDEO_GAMES_SALES","2026-04-13T21:30:44.000Z"
"light_REG_TEXT_VIDEO_GAMES_SALES_1","0.4451958337139491","15","LightGBM 💡","1","all","","n309","REG_TEXT_VIDEO_GAMES_SALES","2026-04-13T21:26:04.000Z"
"tabpfnv2p5_REG_TEXT_VIDEO_GAMES_SALES_0","0.4407860146157817","15","TabPFN-v2p5 🇩🇪","0","all","","n305","REG_TEXT_VIDEO_GAMES_SALES","2026-04-13T21:25:14.000Z"
"cat_REG_TEXT_VIDEO_GAMES_SALES_0","0.3796854771525332","15","CatBoost 😸","0","all","","n309","REG_TEXT_VIDEO_GAMES_SALES","2026-04-13T20:37:06.000Z"
"tabpfnv2_REG_TEXT_VIDEO_GAMES_SALES_0","0.31603043803512565","15","TabPFN-v2 🤯","0","all","","n309","REG_TEXT_VIDEO_GAMES_SALES","2026-04-13T18:49:01.000Z"
"tabm_REG_TEXT_VIDEO_GAMES_SALES_0","0.482676044195487","15","TabM Ⓜ️","0","all","","n305","REG_TEXT_VIDEO_GAMES_SALES","2026-04-13T17:58:49.000Z"
"light_REG_TEXT_VIDEO_GAMES_SALES_0","0.37285748173380384","15","LightGBM 💡","0","all","","n309","REG_TEXT_VIDEO_GAMES_SALES","2026-04-13T17:33:07.000Z"
"tabpfnv2p5_REG_TEXT_VANCOUVER_SALARIES_4","0.8048564138138579","15","TabPFN-v2p5 🇩🇪","4","all","","n309","REG_TEXT_VANCOUVER_SALARIES","2026-04-13T17:29:26.000Z"
"tabpfnv2_REG_TEXT_VANCOUVER_SALARIES_4","0.7704310543470989","15","TabPFN-v2 🤯","4","all","","n309","REG_TEXT_VANCOUVER_SALARIES","2026-04-13T17:26:04.000Z"
"tabm_REG_TEXT_VANCOUVER_SALARIES_4","0.7655525454538522","15","TabM Ⓜ️","4","all","","n305","REG_TEXT_VANCOUVER_SALARIES","2026-04-13T17:22:07.000Z"
"cat_REG_TEXT_VANCOUVER_SALARIES_4","0.7694974189714687","15","CatBoost 😸","4","all","","n309","REG_TEXT_VANCOUVER_SALARIES","2026-04-13T17:03:53.000Z"
"light_REG_TEXT_VANCOUVER_SALARIES_4","0.7402379848610643","15","LightGBM 💡","4","all","","n309","REG_TEXT_VANCOUVER_SALARIES","2026-04-13T17:00:34.000Z"
"tabpfnv2p5_REG_TEXT_VANCOUVER_SALARIES_3","0.7969029424172366","15","TabPFN-v2p5 🇩🇪","3","all","","n309","REG_TEXT_VANCOUVER_SALARIES","2026-04-13T16:57:51.000Z"
"tabpfnv2_REG_TEXT_VANCOUVER_SALARIES_3","0.7482418514739351","15","TabPFN-v2 🤯","3","all","","n309","REG_TEXT_VANCOUVER_SALARIES","2026-04-13T16:53:44.000Z"
"tabpfnv2_REG_TEXT_VANCOUVER_SALARIES_1","0.7207441703174022","15","TabPFN-v2 🤯","1","all","","n309","REG_TEXT_VANCOUVER_SALARIES","2026-04-13T16:53:36.000Z"
"tabm_REG_TEXT_VANCOUVER_SALARIES_3","0.7613866833309819","15","TabM Ⓜ️","3","all","","n309","REG_TEXT_VANCOUVER_SALARIES","2026-04-13T16:40:09.000Z"
"cat_REG_TEXT_VANCOUVER_SALARIES_3","0.7586990163669194","15","CatBoost 😸","3","all","","n309","REG_TEXT_VANCOUVER_SALARIES","2026-04-13T16:35:25.000Z"
"light_REG_TEXT_VANCOUVER_SALARIES_3","0.7396942006645204","15","LightGBM 💡","3","all","","n309","REG_TEXT_VANCOUVER_SALARIES","2026-04-13T16:32:48.000Z"
"tabpfnv2p5_REG_TEXT_VANCOUVER_SALARIES_2","0.7561747965098391","15","TabPFN-v2p5 🇩🇪","2","all","","n309","REG_TEXT_VANCOUVER_SALARIES","2026-04-13T16:29:31.000Z"
"tabpfnv2_REG_TEXT_VANCOUVER_SALARIES_2","0.740207907991793","15","TabPFN-v2 🤯","2","all","","n309","REG_TEXT_VANCOUVER_SALARIES","2026-04-13T16:17:03.000Z"
"tabm_REG_TEXT_VANCOUVER_SALARIES_2","0.7336360257747667","15","TabM Ⓜ️","2","all","","n309","REG_TEXT_VANCOUVER_SALARIES","2026-04-13T16:11:49.000Z"
"cat_REG_TEXT_VANCOUVER_SALARIES_2","0.7216794809338647","15","CatBoost 😸","2","all","","n309","REG_TEXT_VANCOUVER_SALARIES","2026-04-13T16:05:53.000Z"
"light_REG_TEXT_VANCOUVER_SALARIES_2","0.7070056077195466","15","LightGBM 💡","2","all","","n309","REG_TEXT_VANCOUVER_SALARIES","2026-04-13T16:01:08.000Z"
"tabpfnv2p5_REG_TEXT_VANCOUVER_SALARIES_1","0.7818953506165741","15","TabPFN-v2p5 🇩🇪","1","all","","n309","REG_TEXT_VANCOUVER_SALARIES","2026-04-13T15:58:25.000Z"
"tabm_REG_TEXT_VANCOUVER_SALARIES_1","0.7386460970104075","15","TabM Ⓜ️","1","all","","n309","REG_TEXT_VANCOUVER_SALARIES","2026-04-13T15:46:26.000Z"
"cat_REG_TEXT_VANCOUVER_SALARIES_1","0.7295789896310918","15","CatBoost 😸","1","all","","n309","REG_TEXT_VANCOUVER_SALARIES","2026-04-13T15:36:22.000Z"
"light_REG_TEXT_VANCOUVER_SALARIES_1","0.6997573254355121","15","LightGBM 💡","1","all","","n305","REG_TEXT_VANCOUVER_SALARIES","2026-04-13T15:32:50.000Z"
"tabpfnv2p5_REG_TEXT_VANCOUVER_SALARIES_0","0.7895983558839728","15","TabPFN-v2p5 🇩🇪","0","all","","n309","REG_TEXT_VANCOUVER_SALARIES","2026-04-13T15:28:50.000Z"
"tabpfnv2_REG_TEXT_VANCOUVER_SALARIES_0","0.7674632131452661","15","TabPFN-v2 🤯","0","all","","n309","REG_TEXT_VANCOUVER_SALARIES","2026-04-13T15:21:51.000Z"
"tabm_REG_TEXT_VANCOUVER_SALARIES_0","0.764897568444159","15","TabM Ⓜ️","0","all","","n306","REG_TEXT_VANCOUVER_SALARIES","2026-04-13T15:16:10.000Z"
"cat_REG_TEXT_VANCOUVER_SALARIES_0","0.7669804592795636","15","CatBoost 😸","0","all","","n305","REG_TEXT_VANCOUVER_SALARIES","2026-04-13T14:58:28.000Z"
"light_REG_TEXT_VANCOUVER_SALARIES_0","0.7285344700682118","15","LightGBM 💡","0","all","","n309","REG_TEXT_VANCOUVER_SALARIES","2026-04-13T14:53:53.000Z"
"cat_REG_TEXT_ROTTEN_TOMATOES_4","0.4829335196656221","15","CatBoost 😸","4","all","","n309","REG_TEXT_ROTTEN_TOMATOES","2026-04-13T14:35:39.000Z"
"tabpfnv2p5_REG_TEXT_ROTTEN_TOMATOES_4","0.5156450122254762","15","TabPFN-v2p5 🇩🇪","4","all","","n305","REG_TEXT_ROTTEN_TOMATOES","2026-04-13T14:33:52.000Z"
"tabpfnv2_REG_TEXT_ROTTEN_TOMATOES_4","0.5003885665656493","15","TabPFN-v2 🤯","4","all","","n305","REG_TEXT_ROTTEN_TOMATOES","2026-04-13T14:21:33.000Z"
"tabm_REG_TEXT_ROTTEN_TOMATOES_4","0.4901526730467325","15","TabM Ⓜ️","4","all","","n305","REG_TEXT_ROTTEN_TOMATOES","2026-04-13T14:12:15.000Z"
"light_REG_TEXT_ROTTEN_TOMATOES_4","0.433423589030389","15","LightGBM 💡","4","all","","n309","REG_TEXT_ROTTEN_TOMATOES","2026-04-13T13:57:03.000Z"
"tabpfnv2p5_REG_TEXT_ROTTEN_TOMATOES_3","0.5402270908637937","15","TabPFN-v2p5 🇩🇪","3","all","","n305","REG_TEXT_ROTTEN_TOMATOES","2026-04-13T13:43:11.000Z"
"tabpfnv2_REG_TEXT_ROTTEN_TOMATOES_3","0.5271080959026286","15","TabPFN-v2 🤯","3","all","","n305","REG_TEXT_ROTTEN_TOMATOES","2026-04-13T13:17:02.000Z"
"tabm_REG_TEXT_ROTTEN_TOMATOES_3","0.5045148323078239","15","TabM Ⓜ️","3","all","","n305","REG_TEXT_ROTTEN_TOMATOES","2026-04-13T13:08:14.000Z"
"cat_REG_TEXT_ROTTEN_TOMATOES_3","0.49716421888313334","15","CatBoost 😸","3","all","","n309","REG_TEXT_ROTTEN_TOMATOES","2026-04-13T12:59:22.000Z"
"light_REG_TEXT_ROTTEN_TOMATOES_3","0.4938791996155423","15","LightGBM 💡","3","all","","n309","REG_TEXT_ROTTEN_TOMATOES","2026-04-13T12:53:20.000Z"
"tabpfnv2p5_REG_TEXT_ROTTEN_TOMATOES_2","0.5682090970926186","15","TabPFN-v2p5 🇩🇪","2","all","","n305","REG_TEXT_ROTTEN_TOMATOES","2026-04-13T12:32:57.000Z"
"tabpfnv2_REG_TEXT_ROTTEN_TOMATOES_2","0.5376004252491978","15","TabPFN-v2 🤯","2","all","","n305","REG_TEXT_ROTTEN_TOMATOES","2026-04-13T12:22:25.000Z"
"tabm_REG_TEXT_ROTTEN_TOMATOES_2","0.5459139293104398","15","TabM Ⓜ️","2","all","","n309","REG_TEXT_ROTTEN_TOMATOES","2026-04-13T12:14:26.000Z"
"cat_REG_TEXT_ROTTEN_TOMATOES_2","0.49618631287556303","15","CatBoost 😸","2","all","","n305","REG_TEXT_ROTTEN_TOMATOES","2026-04-13T12:08:51.000Z"
"light_REG_TEXT_ROTTEN_TOMATOES_2","0.47760539188194984","15","LightGBM 💡","2","all","","n305","REG_TEXT_ROTTEN_TOMATOES","2026-04-13T12:05:04.000Z"
"tabpfnv2p5_REG_TEXT_ROTTEN_TOMATOES_1","0.6028857210142309","15","TabPFN-v2p5 🇩🇪","1","all","","n305","REG_TEXT_ROTTEN_TOMATOES","2026-04-13T11:59:31.000Z"
"tabpfnv2_REG_TEXT_ROTTEN_TOMATOES_1","0.582291693973642","15","TabPFN-v2 🤯","1","all","","n309","REG_TEXT_ROTTEN_TOMATOES","2026-04-13T11:52:33.000Z"
"tabm_REG_TEXT_ROTTEN_TOMATOES_1","0.5679980912109835","15","TabM Ⓜ️","1","all","","n306","REG_TEXT_ROTTEN_TOMATOES","2026-04-13T11:42:48.000Z"
"cat_REG_TEXT_ROTTEN_TOMATOES_1","0.5485975526744031","15","CatBoost 😸","1","all","","n305","REG_TEXT_ROTTEN_TOMATOES","2026-04-13T11:22:25.000Z"
"light_REG_TEXT_ROTTEN_TOMATOES_1","0.5179879119377997","15","LightGBM 💡","1","all","","n309","REG_TEXT_ROTTEN_TOMATOES","2026-04-13T11:09:52.000Z"
"tabpfnv2p5_REG_TEXT_ROTTEN_TOMATOES_0","0.5595619065658479","15","TabPFN-v2p5 🇩🇪","0","all","","n305","REG_TEXT_ROTTEN_TOMATOES","2026-04-13T11:04:18.000Z"
"tabpfnv2_REG_TEXT_ROTTEN_TOMATOES_0","0.5425736246257384","15","TabPFN-v2 🤯","0","all","","n309","REG_TEXT_ROTTEN_TOMATOES","2026-04-13T10:56:59.000Z"
"tabm_REG_TEXT_ROTTEN_TOMATOES_0","0.5139191397330225","15","TabM Ⓜ️","0","all","","n305","REG_TEXT_ROTTEN_TOMATOES","2026-04-13T10:45:27.000Z"
"cat_REG_TEXT_ROTTEN_TOMATOES_0","0.5014280098061672","15","CatBoost 😸","0","all","","n309","REG_TEXT_ROTTEN_TOMATOES","2026-04-13T10:05:43.000Z"
"light_REG_TEXT_ROTTEN_TOMATOES_0","0.4962414361431524","15","LightGBM 💡","0","all","","n305","REG_TEXT_ROTTEN_TOMATOES","2026-04-13T09:55:20.000Z"
"tabpfnv2p5_REG_TEXT_SCIMAGOJR_IMPACT_4","0.8947839140892029","15","TabPFN-v2p5 🇩🇪","4","all","","n309","REG_TEXT_SCIMAGOJR_IMPACT","2026-04-13T09:43:32.000Z"
"tabpfnv2_REG_TEXT_SCIMAGOJR_IMPACT_4","0.8705531358718872","15","TabPFN-v2 🤯","4","all","","n305","REG_TEXT_SCIMAGOJR_IMPACT","2026-04-13T09:20:35.000Z"
"tabm_REG_TEXT_SCIMAGOJR_IMPACT_4","0.8856587409973145","15","TabM Ⓜ️","4","all","","n309","REG_TEXT_SCIMAGOJR_IMPACT","2026-04-13T09:07:00.000Z"
"cat_REG_TEXT_SCIMAGOJR_IMPACT_4","0.8688496929396795","15","CatBoost 😸","4","all","","n305","REG_TEXT_SCIMAGOJR_IMPACT","2026-04-13T08:58:14.000Z"
"light_REG_TEXT_SCIMAGOJR_IMPACT_4","0.8649661681867938","15","LightGBM 💡","4","all","","n306","REG_TEXT_SCIMAGOJR_IMPACT","2026-04-13T08:53:52.000Z"
"tabpfnv2p5_REG_TEXT_SCIMAGOJR_IMPACT_3","0.8158861398696899","15","TabPFN-v2p5 🇩🇪","3","all","","n309","REG_TEXT_SCIMAGOJR_IMPACT","2026-04-13T08:45:51.000Z"
"tabpfnv2_REG_TEXT_SCIMAGOJR_IMPACT_3","0.8672161102294922","15","TabPFN-v2 🤯","3","all","","n306","REG_TEXT_SCIMAGOJR_IMPACT","2026-04-13T08:41:51.000Z"
"tabm_REG_TEXT_SCIMAGOJR_IMPACT_3","0.8744163513183594","15","TabM Ⓜ️","3","all","","n305","REG_TEXT_SCIMAGOJR_IMPACT","2026-04-13T08:36:23.000Z"
"cat_REG_TEXT_SCIMAGOJR_IMPACT_3","0.852069495412727","15","CatBoost 😸","3","all","","n306","REG_TEXT_SCIMAGOJR_IMPACT","2026-04-13T08:21:10.000Z"
"light_REG_TEXT_SCIMAGOJR_IMPACT_3","0.8389794829027681","15","LightGBM 💡","3","all","","n309","REG_TEXT_SCIMAGOJR_IMPACT","2026-04-13T07:53:59.000Z"
"tabpfnv2p5_REG_TEXT_SCIMAGOJR_IMPACT_2","0.8867375254631042","15","TabPFN-v2p5 🇩🇪","2","all","","n309","REG_TEXT_SCIMAGOJR_IMPACT","2026-04-13T07:34:53.000Z"
"tabpfnv2_REG_TEXT_SCIMAGOJR_IMPACT_2","0.8820611238479614","15","TabPFN-v2 🤯","2","all","","n309","REG_TEXT_SCIMAGOJR_IMPACT","2026-04-13T07:32:04.000Z"
"tabm_REG_TEXT_SCIMAGOJR_IMPACT_2","0.8758163452148438","15","TabM Ⓜ️","2","all","","n305","REG_TEXT_SCIMAGOJR_IMPACT","2026-04-13T07:23:02.000Z"
"cat_REG_TEXT_SCIMAGOJR_IMPACT_2","0.8626600643129333","15","CatBoost 😸","2","all","","n305","REG_TEXT_SCIMAGOJR_IMPACT","2026-04-13T07:12:40.000Z"
"light_REG_TEXT_SCIMAGOJR_IMPACT_2","0.8490717667542069","15","LightGBM 💡","2","all","","n309","REG_TEXT_SCIMAGOJR_IMPACT","2026-04-13T07:01:25.000Z"
"tabpfnv2p5_REG_TEXT_SCIMAGOJR_IMPACT_1","0.9004162549972534","15","TabPFN-v2p5 🇩🇪","1","all","","n309","REG_TEXT_SCIMAGOJR_IMPACT","2026-04-13T06:49:55.000Z"
"tabpfnv2_REG_TEXT_SCIMAGOJR_IMPACT_1","0.8804249167442322","15","TabPFN-v2 🤯","1","all","","n305","REG_TEXT_SCIMAGOJR_IMPACT","2026-04-13T06:22:30.000Z"
"tabm_REG_TEXT_SCIMAGOJR_IMPACT_1","0.8929658532142639","15","TabM Ⓜ️","1","all","","n309","REG_TEXT_SCIMAGOJR_IMPACT","2026-04-13T06:07:35.000Z"
"cat_REG_TEXT_SCIMAGOJR_IMPACT_1","0.8815254392640826","15","CatBoost 😸","1","all","","n305","REG_TEXT_SCIMAGOJR_IMPACT","2026-04-13T06:00:10.000Z"
"light_REG_TEXT_SCIMAGOJR_IMPACT_1","0.8707430332045466","15","LightGBM 💡","1","all","","n305","REG_TEXT_SCIMAGOJR_IMPACT","2026-04-13T05:53:08.000Z"
"tabpfnv2p5_REG_TEXT_SCIMAGOJR_IMPACT_0","0.8975533843040466","15","TabPFN-v2p5 🇩🇪","0","all","","n309","REG_TEXT_SCIMAGOJR_IMPACT","2026-04-13T05:41:35.000Z"
"tabpfnv2_REG_TEXT_SCIMAGOJR_IMPACT_0","0.8958569765090942","15","TabPFN-v2 🤯","0","all","","n305","REG_TEXT_SCIMAGOJR_IMPACT","2026-04-13T05:36:03.000Z"
"tabm_REG_TEXT_SCIMAGOJR_IMPACT_0","0.8965146541595459","15","TabM Ⓜ️","0","all","","n309","REG_TEXT_SCIMAGOJR_IMPACT","2026-04-13T05:31:35.000Z"
"cat_REG_TEXT_SCIMAGOJR_IMPACT_0","0.885550962002035","15","CatBoost 😸","0","all","","n305","REG_TEXT_SCIMAGOJR_IMPACT","2026-04-13T05:20:15.000Z"
"light_REG_TEXT_SCIMAGOJR_IMPACT_0","0.8729471825275139","15","LightGBM 💡","0","all","","n305","REG_TEXT_SCIMAGOJR_IMPACT","2026-04-13T05:01:54.000Z"
"tabpfnv2p5_REG_TEXT_MONTGOMERY_SALARIES_4","0.9803419594588332","15","TabPFN-v2p5 🇩🇪","4","all","","n305","REG_TEXT_MONTGOMERY_SALARIES","2026-04-13T04:51:36.000Z"
"tabpfnv2_REG_TEXT_MONTGOMERY_SALARIES_4","0.9750490941629292","15","TabPFN-v2 🤯","4","all","","n309","REG_TEXT_MONTGOMERY_SALARIES","2026-04-13T04:40:33.000Z"
"tabm_REG_TEXT_MONTGOMERY_SALARIES_4","0.9701941883673006","15","TabM Ⓜ️","4","all","","n305","REG_TEXT_MONTGOMERY_SALARIES","2026-04-13T04:34:31.000Z"
"cat_REG_TEXT_MONTGOMERY_SALARIES_4","0.9691198990047092","15","CatBoost 😸","4","all","","n309","REG_TEXT_MONTGOMERY_SALARIES","2026-04-13T04:32:19.000Z"
"light_REG_TEXT_MONTGOMERY_SALARIES_4","0.9701487558991188","15","LightGBM 💡","4","all","","n309","REG_TEXT_MONTGOMERY_SALARIES","2026-04-13T04:29:16.000Z"
"tabpfnv2p5_REG_TEXT_MONTGOMERY_SALARIES_3","0.9844689323014836","15","TabPFN-v2p5 🇩🇪","3","all","","n305","REG_TEXT_MONTGOMERY_SALARIES","2026-04-13T04:15:09.000Z"
"tabpfnv2_REG_TEXT_MONTGOMERY_SALARIES_3","0.9860370237929176","15","TabPFN-v2 🤯","3","all","","n306","REG_TEXT_MONTGOMERY_SALARIES","2026-04-13T04:09:15.000Z"
"tabm_REG_TEXT_MONTGOMERY_SALARIES_3","0.9817741047267676","15","TabM Ⓜ️","3","all","","n306","REG_TEXT_MONTGOMERY_SALARIES","2026-04-13T04:05:09.000Z"
"cat_REG_TEXT_MONTGOMERY_SALARIES_3","0.97870004955503","15","CatBoost 😸","3","all","","n305","REG_TEXT_MONTGOMERY_SALARIES","2026-04-13T03:57:41.000Z"
"light_REG_TEXT_MONTGOMERY_SALARIES_3","0.9752923905779372","15","LightGBM 💡","3","all","","n305","REG_TEXT_MONTGOMERY_SALARIES","2026-04-13T03:50:08.000Z"
"tabpfnv2p5_REG_TEXT_MONTGOMERY_SALARIES_2","0.9879138284134388","15","TabPFN-v2p5 🇩🇪","2","all","","n305","REG_TEXT_MONTGOMERY_SALARIES","2026-04-13T03:45:57.000Z"
"tabpfnv2_REG_TEXT_MONTGOMERY_SALARIES_2","0.9696464106790934","15","TabPFN-v2 🤯","2","all","","n309","REG_TEXT_MONTGOMERY_SALARIES","2026-04-13T03:43:09.000Z"
"tabm_REG_TEXT_MONTGOMERY_SALARIES_2","0.9853811873059148","15","TabM Ⓜ️","2","all","","n309","REG_TEXT_MONTGOMERY_SALARIES","2026-04-13T03:41:35.000Z"
"cat_REG_TEXT_MONTGOMERY_SALARIES_2","0.9753110638357252","15","CatBoost 😸","2","all","","n309","REG_TEXT_MONTGOMERY_SALARIES","2026-04-13T03:39:43.000Z"
"light_REG_TEXT_MONTGOMERY_SALARIES_2","0.9702585439059276","15","LightGBM 💡","2","all","","n305","REG_TEXT_MONTGOMERY_SALARIES","2026-04-13T03:16:23.000Z"
"tabpfnv2p5_REG_TEXT_MONTGOMERY_SALARIES_1","0.9632001020634862","15","TabPFN-v2p5 🇩🇪","1","all","","n305","REG_TEXT_MONTGOMERY_SALARIES","2026-04-13T03:06:49.000Z"
"tabpfnv2_REG_TEXT_MONTGOMERY_SALARIES_1","0.9609546314778952","15","TabPFN-v2 🤯","1","all","","n306","REG_TEXT_MONTGOMERY_SALARIES","2026-04-13T03:01:54.000Z"
"tabm_REG_TEXT_MONTGOMERY_SALARIES_1","0.9565314657895188","15","TabM Ⓜ️","1","all","","n305","REG_TEXT_MONTGOMERY_SALARIES","2026-04-13T02:57:55.000Z"
"cat_REG_TEXT_MONTGOMERY_SALARIES_1","0.954203402546142","15","CatBoost 😸","1","all","","n309","REG_TEXT_MONTGOMERY_SALARIES","2026-04-13T02:56:08.000Z"
"light_REG_TEXT_MONTGOMERY_SALARIES_1","0.9531069283725988","15","LightGBM 💡","1","all","","n306","REG_TEXT_MONTGOMERY_SALARIES","2026-04-13T02:53:17.000Z"
"tabpfnv2p5_REG_TEXT_MONTGOMERY_SALARIES_0","0.986477259307508","15","TabPFN-v2p5 🇩🇪","0","all","","n306","REG_TEXT_MONTGOMERY_SALARIES","2026-04-13T02:49:16.000Z"
"tabpfnv2_REG_TEXT_MONTGOMERY_SALARIES_0","0.9839227912341728","15","TabPFN-v2 🤯","0","all","","n306","REG_TEXT_MONTGOMERY_SALARIES","2026-04-13T02:45:00.000Z"
"tabm_REG_TEXT_MONTGOMERY_SALARIES_0","0.9820867490417432","15","TabM Ⓜ️","0","all","","n309","REG_TEXT_MONTGOMERY_SALARIES","2026-04-13T02:39:47.000Z"
"cat_REG_TEXT_MONTGOMERY_SALARIES_0","0.9820867077064708","15","CatBoost 😸","0","all","","n305","REG_TEXT_MONTGOMERY_SALARIES","2026-04-13T02:27:32.000Z"
"light_REG_TEXT_MONTGOMERY_SALARIES_0","0.977783117989088","15","LightGBM 💡","0","all","","n309","REG_TEXT_MONTGOMERY_SALARIES","2026-04-13T02:22:24.000Z"
"tabpfnv2p5_REG_TEXT_MERCARI_MARKETPLACE_4","0.4795540124126889","15","TabPFN-v2p5 🇩🇪","4","all","","n309","REG_TEXT_MERCARI_MARKETPLACE","2026-04-13T02:15:16.000Z"
"tabpfnv2_REG_TEXT_MERCARI_MARKETPLACE_4","0.4476401165192697","15","TabPFN-v2 🤯","4","all","","n305","REG_TEXT_MERCARI_MARKETPLACE","2026-04-13T02:08:06.000Z"
"tabm_REG_TEXT_MERCARI_MARKETPLACE_4","0.45711027572653806","15","TabM Ⓜ️","4","all","","n309","REG_TEXT_MERCARI_MARKETPLACE","2026-04-13T01:59:07.000Z"
"cat_REG_TEXT_MERCARI_MARKETPLACE_4","0.44779642546608744","15","CatBoost 😸","4","all","","n305","REG_TEXT_MERCARI_MARKETPLACE","2026-04-13T01:50:34.000Z"
"light_REG_TEXT_MERCARI_MARKETPLACE_4","0.4257863975606237","15","LightGBM 💡","4","all","","n305","REG_TEXT_MERCARI_MARKETPLACE","2026-04-13T01:45:28.000Z"
"tabpfnv2p5_REG_TEXT_MERCARI_MARKETPLACE_3","0.43433311669899966","15","TabPFN-v2p5 🇩🇪","3","all","","n306","REG_TEXT_MERCARI_MARKETPLACE","2026-04-13T01:41:22.000Z"
"tabpfnv2_REG_TEXT_MERCARI_MARKETPLACE_3","0.39297278115060896","15","TabPFN-v2 🤯","3","all","","n305","REG_TEXT_MERCARI_MARKETPLACE","2026-04-13T01:36:40.000Z"
"tabm_REG_TEXT_MERCARI_MARKETPLACE_3","0.4044143216120111","15","TabM Ⓜ️","3","all","","n306","REG_TEXT_MERCARI_MARKETPLACE","2026-04-13T01:32:19.000Z"
"cat_REG_TEXT_MERCARI_MARKETPLACE_3","0.395686445109644","15","CatBoost 😸","3","all","","n309","REG_TEXT_MERCARI_MARKETPLACE","2026-04-13T01:28:54.000Z"
"light_REG_TEXT_MERCARI_MARKETPLACE_3","0.3809274588442618","15","LightGBM 💡","3","all","","n309","REG_TEXT_MERCARI_MARKETPLACE","2026-04-13T01:12:28.000Z"
"tabpfnv2p5_REG_TEXT_MERCARI_MARKETPLACE_2","0.4782157583382006","15","TabPFN-v2p5 🇩🇪","2","all","","n309","REG_TEXT_MERCARI_MARKETPLACE","2026-04-13T01:05:19.000Z"
"tabpfnv2_REG_TEXT_MERCARI_MARKETPLACE_2","0.4188672220031101","15","TabPFN-v2 🤯","2","all","","n305","REG_TEXT_MERCARI_MARKETPLACE","2026-04-13T01:00:58.000Z"
"tabm_REG_TEXT_MERCARI_MARKETPLACE_2","0.44208551714480226","15","TabM Ⓜ️","2","all","","n305","REG_TEXT_MERCARI_MARKETPLACE","2026-04-13T00:57:30.000Z"
"cat_REG_TEXT_MERCARI_MARKETPLACE_2","0.4440136935134854","15","CatBoost 😸","2","all","","n305","REG_TEXT_MERCARI_MARKETPLACE","2026-04-13T00:53:33.000Z"
"light_REG_TEXT_MERCARI_MARKETPLACE_2","0.4061474955576174","15","LightGBM 💡","2","all","","n305","REG_TEXT_MERCARI_MARKETPLACE","2026-04-13T00:50:53.000Z"
"tabpfnv2p5_REG_TEXT_MERCARI_MARKETPLACE_1","0.4350806456820522","15","TabPFN-v2p5 🇩🇪","1","all","","n305","REG_TEXT_MERCARI_MARKETPLACE","2026-04-13T00:45:07.000Z"
"tabpfnv2_REG_TEXT_MERCARI_MARKETPLACE_1","0.38731245970641426","15","TabPFN-v2 🤯","1","all","","n309","REG_TEXT_MERCARI_MARKETPLACE","2026-04-13T00:35:49.000Z"
"tabm_REG_TEXT_MERCARI_MARKETPLACE_1","0.4050085553199597","15","TabM Ⓜ️","1","all","","n305","REG_TEXT_MERCARI_MARKETPLACE","2026-04-13T00:22:43.000Z"
"cat_REG_TEXT_MERCARI_MARKETPLACE_1","0.4069100729132862","15","CatBoost 😸","1","all","","n309","REG_TEXT_MERCARI_MARKETPLACE","2026-04-13T00:12:16.000Z"
"light_REG_TEXT_MERCARI_MARKETPLACE_1","0.3772075117560053","15","LightGBM 💡","1","all","","n305","REG_TEXT_MERCARI_MARKETPLACE","2026-04-13T00:08:11.000Z"
"tabpfnv2p5_REG_TEXT_MERCARI_MARKETPLACE_0","0.4631428246883203","15","TabPFN-v2p5 🇩🇪","0","all","","n306","REG_TEXT_MERCARI_MARKETPLACE","2026-04-13T00:04:39.000Z"
"tabpfnv2_REG_TEXT_MERCARI_MARKETPLACE_0","0.41607813372231395","15","TabPFN-v2 🤯","0","all","","n305","REG_TEXT_MERCARI_MARKETPLACE","2026-04-13T00:02:44.000Z"
"tabm_REG_TEXT_MERCARI_MARKETPLACE_0","0.43554420911650416","15","TabM Ⓜ️","0","all","","n305","REG_TEXT_MERCARI_MARKETPLACE","2026-04-13T00:01:29.000Z"
"cat_REG_TEXT_MERCARI_MARKETPLACE_0","0.4259270219859722","15","CatBoost 😸","0","all","","n306","REG_TEXT_MERCARI_MARKETPLACE","2026-04-12T23:57:31.000Z"
"light_REG_TEXT_MERCARI_MARKETPLACE_0","0.40382001370194986","15","LightGBM 💡","0","all","","n309","REG_TEXT_MERCARI_MARKETPLACE","2026-04-12T23:38:38.000Z"
"tabpfnv2p5_REG_TEXT_BOOK_READABILITY_4","0.8362861042154985","15","TabPFN-v2p5 🇩🇪","4","all","","n309","REG_TEXT_BOOK_READABILITY","2026-04-12T23:34:03.000Z"
"tabpfnv2_REG_TEXT_BOOK_READABILITY_4","0.8311483577704714","15","TabPFN-v2 🤯","4","all","","n309","REG_TEXT_BOOK_READABILITY","2026-04-12T23:30:33.000Z"
"tabm_REG_TEXT_BOOK_READABILITY_4","0.8329135412664822","15","TabM Ⓜ️","4","all","","n309","REG_TEXT_BOOK_READABILITY","2026-04-12T23:28:41.000Z"
"cat_REG_TEXT_BOOK_READABILITY_4","0.8368230815570226","15","CatBoost 😸","4","all","","n309","REG_TEXT_BOOK_READABILITY","2026-04-12T23:26:19.000Z"
"light_REG_TEXT_BOOK_READABILITY_4","0.8184656662540559","15","LightGBM 💡","4","all","","n306","REG_TEXT_BOOK_READABILITY","2026-04-12T23:24:42.000Z"
"tabpfnv2p5_REG_TEXT_BOOK_READABILITY_3","0.8335429796657382","15","TabPFN-v2p5 🇩🇪","3","all","","n309","REG_TEXT_BOOK_READABILITY","2026-04-12T23:23:00.000Z"
"tabpfnv2_REG_TEXT_BOOK_READABILITY_3","0.8249709512933033","15","TabPFN-v2 🤯","3","all","","n309","REG_TEXT_BOOK_READABILITY","2026-04-12T23:19:31.000Z"
"tabm_REG_TEXT_BOOK_READABILITY_3","0.8332470174021771","15","TabM Ⓜ️","3","all","","n309","REG_TEXT_BOOK_READABILITY","2026-04-12T23:05:02.000Z"
"cat_REG_TEXT_BOOK_READABILITY_3","0.8137663408817599","15","CatBoost 😸","3","all","","n305","REG_TEXT_BOOK_READABILITY","2026-04-12T22:54:06.000Z"
"light_REG_TEXT_BOOK_READABILITY_3","0.8153015931177664","15","LightGBM 💡","3","all","","n309","REG_TEXT_BOOK_READABILITY","2026-04-12T22:47:25.000Z"
"tabpfnv2p5_REG_TEXT_BOOK_READABILITY_2","0.8421877030229832","15","TabPFN-v2p5 🇩🇪","2","all","","n309","REG_TEXT_BOOK_READABILITY","2026-04-12T22:44:07.000Z"
"tabpfnv2_REG_TEXT_BOOK_READABILITY_2","0.8354165755904288","15","TabPFN-v2 🤯","2","all","","n309","REG_TEXT_BOOK_READABILITY","2026-04-12T22:40:37.000Z"
"tabm_REG_TEXT_BOOK_READABILITY_2","0.8165235156990479","15","TabM Ⓜ️","2","all","","n305","REG_TEXT_BOOK_READABILITY","2026-04-12T22:38:53.000Z"
"cat_REG_TEXT_BOOK_READABILITY_2","0.8280595219216405","15","CatBoost 😸","2","all","","n305","REG_TEXT_BOOK_READABILITY","2026-04-12T22:34:15.000Z"
"light_REG_TEXT_BOOK_READABILITY_2","0.8139819586922485","15","LightGBM 💡","2","all","","n309","REG_TEXT_BOOK_READABILITY","2026-04-12T22:30:51.000Z"
"tabpfnv2p5_REG_TEXT_BOOK_READABILITY_1","0.8337327146311179","15","TabPFN-v2p5 🇩🇪","1","all","","n309","REG_TEXT_BOOK_READABILITY","2026-04-12T22:27:27.000Z"
"tabpfnv2_REG_TEXT_BOOK_READABILITY_1","0.8339322774716157","15","TabPFN-v2 🤯","1","all","","n305","REG_TEXT_BOOK_READABILITY","2026-04-12T22:16:41.000Z"
"tabm_REG_TEXT_BOOK_READABILITY_1","0.806055676965868","15","TabM Ⓜ️","1","all","","n305","REG_TEXT_BOOK_READABILITY","2026-04-12T22:10:20.000Z"
"cat_REG_TEXT_BOOK_READABILITY_1","0.8049950957964609","15","CatBoost 😸","1","all","","n305","REG_TEXT_BOOK_READABILITY","2026-04-12T22:06:56.000Z"
"light_REG_TEXT_BOOK_READABILITY_1","0.7905590018790617","15","LightGBM 💡","1","all","","n306","REG_TEXT_BOOK_READABILITY","2026-04-12T22:04:44.000Z"
"tabpfnv2p5_REG_TEXT_BOOK_READABILITY_0","0.8100004734938832","15","TabPFN-v2p5 🇩🇪","0","all","","n305","REG_TEXT_BOOK_READABILITY","2026-04-12T22:01:43.000Z"
"tabpfnv2_REG_TEXT_BOOK_READABILITY_0","0.8032360687306959","15","TabPFN-v2 🤯","0","all","","n309","REG_TEXT_BOOK_READABILITY","2026-04-12T21:59:52.000Z"
"tabm_REG_TEXT_BOOK_READABILITY_0","0.7949298257826656","15","TabM Ⓜ️","0","all","","n309","REG_TEXT_BOOK_READABILITY","2026-04-12T21:57:54.000Z"
"cat_REG_TEXT_BOOK_READABILITY_0","0.7795110112833572","15","CatBoost 😸","0","all","","n309","REG_TEXT_BOOK_READABILITY","2026-04-12T21:52:22.000Z"
"light_REG_TEXT_BOOK_READABILITY_0","0.7745991633362804","15","LightGBM 💡","0","all","","n305","REG_TEXT_BOOK_READABILITY","2026-04-12T21:42:50.000Z"
"tabpfnv2p5_REG_TEXT_BOOK_PRICE_4","0.49222306481183953","15","TabPFN-v2p5 🇩🇪","4","all","","n305","REG_TEXT_BOOK_PRICE","2026-04-12T21:39:26.000Z"
"tabpfnv2_REG_TEXT_BOOK_PRICE_4","0.42651449247426865","15","TabPFN-v2 🤯","4","all","","n306","REG_TEXT_BOOK_PRICE","2026-04-12T21:35:17.000Z"
"tabm_REG_TEXT_BOOK_PRICE_4","0.4314851817355969","15","TabM Ⓜ️","4","all","","n309","REG_TEXT_BOOK_PRICE","2026-04-12T21:31:58.000Z"
"cat_REG_TEXT_BOOK_PRICE_4","0.4703704040707742","15","CatBoost 😸","4","all","","n309","REG_TEXT_BOOK_PRICE","2026-04-12T21:28:23.000Z"
"light_REG_TEXT_BOOK_PRICE_4","0.4347261114441294","15","LightGBM 💡","4","all","","n309","REG_TEXT_BOOK_PRICE","2026-04-12T21:25:35.000Z"
"tabpfnv2p5_REG_TEXT_BOOK_PRICE_3","0.5055361425135594","15","TabPFN-v2p5 🇩🇪","3","all","","n305","REG_TEXT_BOOK_PRICE","2026-04-12T21:23:28.000Z"
"tabpfnv2_REG_TEXT_BOOK_PRICE_3","0.42741029053748814","15","TabPFN-v2 🤯","3","all","","n305","REG_TEXT_BOOK_PRICE","2026-04-12T21:21:32.000Z"
"tabm_REG_TEXT_BOOK_PRICE_3","0.4744691244551099","15","TabM Ⓜ️","3","all","","n309","REG_TEXT_BOOK_PRICE","2026-04-12T21:19:35.000Z"
"cat_REG_TEXT_BOOK_PRICE_3","0.47045373952769354","15","CatBoost 😸","3","all","","n305","REG_TEXT_BOOK_PRICE","2026-04-12T21:14:31.000Z"
"light_REG_TEXT_BOOK_PRICE_3","0.43690244245921783","15","LightGBM 💡","3","all","","n309","REG_TEXT_BOOK_PRICE","2026-04-12T21:11:02.000Z"
"tabpfnv2p5_REG_TEXT_BOOK_PRICE_2","0.5376774739661767","15","TabPFN-v2p5 🇩🇪","2","all","","n309","REG_TEXT_BOOK_PRICE","2026-04-12T21:07:23.000Z"
"tabpfnv2_REG_TEXT_BOOK_PRICE_2","0.4972727901406674","15","TabPFN-v2 🤯","2","all","","n305","REG_TEXT_BOOK_PRICE","2026-04-12T21:03:37.000Z"
"tabm_REG_TEXT_BOOK_PRICE_2","0.5152504797847368","15","TabM Ⓜ️","2","all","","n306","REG_TEXT_BOOK_PRICE","2026-04-12T21:00:14.000Z"
"cat_REG_TEXT_BOOK_PRICE_2","0.49784099362783096","15","CatBoost 😸","2","all","","n309","REG_TEXT_BOOK_PRICE","2026-04-12T20:56:34.000Z"
"light_REG_TEXT_BOOK_PRICE_2","0.46879023442365664","15","LightGBM 💡","2","all","","n305","REG_TEXT_BOOK_PRICE","2026-04-12T20:53:21.000Z"
"tabpfnv2p5_REG_TEXT_BOOK_PRICE_1","0.548890045347209","15","TabPFN-v2p5 🇩🇪","1","all","","n306","REG_TEXT_BOOK_PRICE","2026-04-12T20:51:31.000Z"
"tabpfnv2_REG_TEXT_BOOK_PRICE_1","0.4640490983456276","15","TabPFN-v2 🤯","1","all","","n305","REG_TEXT_BOOK_PRICE","2026-04-12T20:48:44.000Z"
"tabm_REG_TEXT_BOOK_PRICE_1","0.5287655013250947","15","TabM Ⓜ️","1","all","","n305","REG_TEXT_BOOK_PRICE","2026-04-12T20:43:16.000Z"
"cat_REG_TEXT_BOOK_PRICE_1","0.5345018430742993","15","CatBoost 😸","1","all","","n309","REG_TEXT_BOOK_PRICE","2026-04-12T20:37:53.000Z"
"light_REG_TEXT_BOOK_PRICE_1","0.4723473713957159","15","LightGBM 💡","1","all","","n305","REG_TEXT_BOOK_PRICE","2026-04-12T20:33:09.000Z"
"tabpfnv2p5_REG_TEXT_BOOK_PRICE_0","0.5536150724186645","15","TabPFN-v2p5 🇩🇪","0","all","","n309","REG_TEXT_BOOK_PRICE","2026-04-12T20:28:56.000Z"
"tabpfnv2_REG_TEXT_BOOK_PRICE_0","0.5000579930313462","15","TabPFN-v2 🤯","0","all","","n309","REG_TEXT_BOOK_PRICE","2026-04-12T20:26:51.000Z"
"tabm_REG_TEXT_BOOK_PRICE_0","0.5143275886816676","15","TabM Ⓜ️","0","all","","n309","REG_TEXT_BOOK_PRICE","2026-04-12T20:23:53.000Z"
"cat_REG_TEXT_BOOK_PRICE_0","0.4926641058009211","15","CatBoost 😸","0","all","","n305","REG_TEXT_BOOK_PRICE","2026-04-12T20:18:27.000Z"
"light_REG_TEXT_BOOK_PRICE_0","0.4653286606821636","15","LightGBM 💡","0","all","","n305","REG_TEXT_BOOK_PRICE","2026-04-12T20:14:58.000Z"
"tabpfnv2p5_REG_TEXT_BABIES_PRICES_4","0.8911831396267353","15","TabPFN-v2p5 🇩🇪","4","all","","n309","REG_TEXT_BABIES_PRICES","2026-04-12T20:08:41.000Z"
"tabpfnv2_REG_TEXT_BABIES_PRICES_4","0.8759156783174888","15","TabPFN-v2 🤯","4","all","","n305","REG_TEXT_BABIES_PRICES","2026-04-12T20:01:43.000Z"
"tabm_REG_TEXT_BABIES_PRICES_4","0.8379521626897227","15","TabM Ⓜ️","4","all","","n309","REG_TEXT_BABIES_PRICES","2026-04-12T19:56:17.000Z"
"cat_REG_TEXT_BABIES_PRICES_4","0.8280057076039026","15","CatBoost 😸","4","all","","n305","REG_TEXT_BABIES_PRICES","2026-04-12T19:50:41.000Z"
"light_REG_TEXT_BABIES_PRICES_4","0.7984503430331683","15","LightGBM 💡","4","all","","n309","REG_TEXT_BABIES_PRICES","2026-04-12T19:43:20.000Z"
"tabpfnv2p5_REG_TEXT_BABIES_PRICES_3","0.8957262923011508","15","TabPFN-v2p5 🇩🇪","3","all","","n305","REG_TEXT_BABIES_PRICES","2026-04-12T19:39:46.000Z"
"tabpfnv2_REG_TEXT_BABIES_PRICES_3","0.8712173364484435","15","TabPFN-v2 🤯","3","all","","n309","REG_TEXT_BABIES_PRICES","2026-04-12T19:34:53.000Z"
"tabm_REG_TEXT_BABIES_PRICES_3","0.909986318488662","15","TabM Ⓜ️","3","all","","n305","REG_TEXT_BABIES_PRICES","2026-04-12T19:31:40.000Z"
"cat_REG_TEXT_BABIES_PRICES_3","0.8697126275479092","15","CatBoost 😸","3","all","","n309","REG_TEXT_BABIES_PRICES","2026-04-12T19:27:09.000Z"
"light_REG_TEXT_BABIES_PRICES_3","0.8437984504417508","15","LightGBM 💡","3","all","","n309","REG_TEXT_BABIES_PRICES","2026-04-12T19:11:08.000Z"
"tabpfnv2p5_REG_TEXT_BABIES_PRICES_2","0.8952555818607213","15","TabPFN-v2p5 🇩🇪","2","all","","n305","REG_TEXT_BABIES_PRICES","2026-04-12T19:06:05.000Z"
"tabpfnv2_REG_TEXT_BABIES_PRICES_2","0.896096983662645","15","TabPFN-v2 🤯","2","all","","n305","REG_TEXT_BABIES_PRICES","2026-04-12T19:00:38.000Z"
"tabm_REG_TEXT_BABIES_PRICES_2","0.8853445233665185","15","TabM Ⓜ️","2","all","","n305","REG_TEXT_BABIES_PRICES","2026-04-12T18:57:30.000Z"
"cat_REG_TEXT_BABIES_PRICES_2","0.8419987861267222","15","CatBoost 😸","2","all","","n306","REG_TEXT_BABIES_PRICES","2026-04-12T18:51:47.000Z"
"light_REG_TEXT_BABIES_PRICES_2","0.8133232323206014","15","LightGBM 💡","2","all","","n305","REG_TEXT_BABIES_PRICES","2026-04-12T18:46:19.000Z"
"tabpfnv2p5_REG_TEXT_BABIES_PRICES_1","0.9494825848838024","15","TabPFN-v2p5 🇩🇪","1","all","","n309","REG_TEXT_BABIES_PRICES","2026-04-12T18:40:15.000Z"
"tabpfnv2_REG_TEXT_BABIES_PRICES_1","0.9372432047890544","15","TabPFN-v2 🤯","1","all","","n309","REG_TEXT_BABIES_PRICES","2026-04-12T18:29:28.000Z"
"tabm_REG_TEXT_BABIES_PRICES_1","0.9222651163080664","15","TabM Ⓜ️","1","all","","n309","REG_TEXT_BABIES_PRICES","2026-04-12T18:24:37.000Z"
"cat_REG_TEXT_BABIES_PRICES_1","0.9067982482498398","15","CatBoost 😸","1","all","","n305","REG_TEXT_BABIES_PRICES","2026-04-12T18:17:55.000Z"
"light_REG_TEXT_BABIES_PRICES_1","0.8864466095097117","15","LightGBM 💡","1","all","","n305","REG_TEXT_BABIES_PRICES","2026-04-12T18:10:36.000Z"
"tabpfnv2p5_REG_TEXT_BABIES_PRICES_0","0.9100417093366348","15","TabPFN-v2p5 🇩🇪","0","all","","n305","REG_TEXT_BABIES_PRICES","2026-04-12T18:07:04.000Z"
"tabpfnv2_REG_TEXT_BABIES_PRICES_0","0.8974382851033532","15","TabPFN-v2 🤯","0","all","","n305","REG_TEXT_BABIES_PRICES","2026-04-12T18:04:27.000Z"
"tabm_REG_TEXT_BABIES_PRICES_0","0.8632596966341936","15","TabM Ⓜ️","0","all","","n309","REG_TEXT_BABIES_PRICES","2026-04-12T18:01:32.000Z"
"cat_REG_TEXT_BABIES_PRICES_0","0.8648056097120148","15","CatBoost 😸","0","all","","n305","REG_TEXT_BABIES_PRICES","2026-04-12T17:58:00.000Z"
"light_REG_TEXT_BABIES_PRICES_0","0.8314746893080601","15","LightGBM 💡","0","all","","n305","REG_TEXT_BABIES_PRICES","2026-04-12T17:55:44.000Z"
"tabpfnv2p5_MUL_TEXT_WOMEN_CLOTHING_REVIEW_4","0.9048387200182024","15","TabPFN-v2p5 🇩🇪","4","all","","n305","MUL_TEXT_WOMEN_CLOTHING_REVIEW","2026-04-12T17:52:34.000Z"
"tabpfnv2_MUL_TEXT_WOMEN_CLOTHING_REVIEW_4","0.9040174520515458","15","TabPFN-v2 🤯","4","all","","n309","MUL_TEXT_WOMEN_CLOTHING_REVIEW","2026-04-12T17:49:33.000Z"
"tabm_MUL_TEXT_WOMEN_CLOTHING_REVIEW_4","0.9032246876739513","15","TabM Ⓜ️","4","all","","n305","MUL_TEXT_WOMEN_CLOTHING_REVIEW","2026-04-12T17:48:17.000Z"
"cat_MUL_TEXT_WOMEN_CLOTHING_REVIEW_4","0.8992349035773678","15","CatBoost 😸","4","all","","n305","MUL_TEXT_WOMEN_CLOTHING_REVIEW","2026-04-12T17:46:04.000Z"
"light_MUL_TEXT_WOMEN_CLOTHING_REVIEW_4","0.8942029964499978","15","LightGBM 💡","4","all","","n305","MUL_TEXT_WOMEN_CLOTHING_REVIEW","2026-04-12T17:40:45.000Z"
"tabpfnv2p5_MUL_TEXT_WOMEN_CLOTHING_REVIEW_3","0.9047930360780738","15","TabPFN-v2p5 🇩🇪","3","all","","n309","MUL_TEXT_WOMEN_CLOTHING_REVIEW","2026-04-12T17:37:34.000Z"
"tabpfnv2_MUL_TEXT_WOMEN_CLOTHING_REVIEW_3","0.9030574920828948","15","TabPFN-v2 🤯","3","all","","n309","MUL_TEXT_WOMEN_CLOTHING_REVIEW","2026-04-12T17:34:16.000Z"
"tabm_MUL_TEXT_WOMEN_CLOTHING_REVIEW_3","0.903248260837455","15","TabM Ⓜ️","3","all","","n309","MUL_TEXT_WOMEN_CLOTHING_REVIEW","2026-04-12T17:32:38.000Z"
"cat_MUL_TEXT_WOMEN_CLOTHING_REVIEW_3","0.897889825341411","15","CatBoost 😸","3","all","","n309","MUL_TEXT_WOMEN_CLOTHING_REVIEW","2026-04-12T17:30:32.000Z"
"light_MUL_TEXT_WOMEN_CLOTHING_REVIEW_3","0.8942955170042911","15","LightGBM 💡","3","all","","n306","MUL_TEXT_WOMEN_CLOTHING_REVIEW","2026-04-12T17:28:14.000Z"
"tabpfnv2p5_MUL_TEXT_WOMEN_CLOTHING_REVIEW_2","0.9131058686063838","15","TabPFN-v2p5 🇩🇪","2","all","","n306","MUL_TEXT_WOMEN_CLOTHING_REVIEW","2026-04-12T17:25:26.000Z"
"tabpfnv2_MUL_TEXT_WOMEN_CLOTHING_REVIEW_2","0.9121155487835728","15","TabPFN-v2 🤯","2","all","","n305","MUL_TEXT_WOMEN_CLOTHING_REVIEW","2026-04-12T17:22:05.000Z"
"tabm_MUL_TEXT_WOMEN_CLOTHING_REVIEW_2","0.9113519695549264","15","TabM Ⓜ️","2","all","","n305","MUL_TEXT_WOMEN_CLOTHING_REVIEW","2026-04-12T17:19:22.000Z"
"cat_MUL_TEXT_WOMEN_CLOTHING_REVIEW_2","0.9082976427560542","15","CatBoost 😸","2","all","","n305","MUL_TEXT_WOMEN_CLOTHING_REVIEW","2026-04-12T17:16:19.000Z"
"light_MUL_TEXT_WOMEN_CLOTHING_REVIEW_2","0.9005516077305472","15","LightGBM 💡","2","all","","n309","MUL_TEXT_WOMEN_CLOTHING_REVIEW","2026-04-12T17:14:26.000Z"
"tabpfnv2p5_MUL_TEXT_WOMEN_CLOTHING_REVIEW_1","0.906516915006686","15","TabPFN-v2p5 🇩🇪","1","all","","n309","MUL_TEXT_WOMEN_CLOTHING_REVIEW","2026-04-12T17:12:03.000Z"
"tabpfnv2_MUL_TEXT_WOMEN_CLOTHING_REVIEW_1","0.9074102443413116","15","TabPFN-v2 🤯","1","all","","n305","MUL_TEXT_WOMEN_CLOTHING_REVIEW","2026-04-12T17:10:34.000Z"
"tabm_MUL_TEXT_WOMEN_CLOTHING_REVIEW_1","0.9055775138500703","15","TabM Ⓜ️","1","all","","n305","MUL_TEXT_WOMEN_CLOTHING_REVIEW","2026-04-12T17:07:30.000Z"
"cat_MUL_TEXT_WOMEN_CLOTHING_REVIEW_1","0.9002397455917194","15","CatBoost 😸","1","all","","n305","MUL_TEXT_WOMEN_CLOTHING_REVIEW","2026-04-12T17:02:45.000Z"
"light_MUL_TEXT_WOMEN_CLOTHING_REVIEW_1","0.8954017406799883","15","LightGBM 💡","1","all","","n309","MUL_TEXT_WOMEN_CLOTHING_REVIEW","2026-04-12T16:58:35.000Z"
"tabpfnv2p5_MUL_TEXT_WOMEN_CLOTHING_REVIEW_0","0.9081401387183204","15","TabPFN-v2p5 🇩🇪","0","all","","n309","MUL_TEXT_WOMEN_CLOTHING_REVIEW","2026-04-12T16:55:21.000Z"
"tabpfnv2_MUL_TEXT_WOMEN_CLOTHING_REVIEW_0","0.907007633203017","15","TabPFN-v2 🤯","0","all","","n309","MUL_TEXT_WOMEN_CLOTHING_REVIEW","2026-04-12T16:52:22.000Z"
"tabm_MUL_TEXT_WOMEN_CLOTHING_REVIEW_0","0.9064053314518123","15","TabM Ⓜ️","0","all","","n305","MUL_TEXT_WOMEN_CLOTHING_REVIEW","2026-04-12T16:47:44.000Z"
"cat_MUL_TEXT_WOMEN_CLOTHING_REVIEW_0","0.904739163612156","15","CatBoost 😸","0","all","","n309","MUL_TEXT_WOMEN_CLOTHING_REVIEW","2026-04-12T16:31:27.000Z"
"light_MUL_TEXT_WOMEN_CLOTHING_REVIEW_0","0.9000116256580404","15","LightGBM 💡","0","all","","n305","MUL_TEXT_WOMEN_CLOTHING_REVIEW","2026-04-12T16:28:03.000Z"
"tabm_MUL_TEXT_WINE_REVIEW_4","0.9729152776348424","15","TabM Ⓜ️","4","all","","n305","MUL_TEXT_WINE_REVIEW","2026-04-12T16:18:32.000Z"
"cat_MUL_TEXT_WINE_REVIEW_4","0.9704607376056202","15","CatBoost 😸","4","all","","n305","MUL_TEXT_WINE_REVIEW","2026-04-12T16:10:31.000Z"
"light_MUL_TEXT_WINE_REVIEW_4","0.9619851712765556","15","LightGBM 💡","4","all","","n305","MUL_TEXT_WINE_REVIEW","2026-04-12T16:07:23.000Z"
"tabm_MUL_TEXT_WINE_REVIEW_3","0.9726895983192648","15","TabM Ⓜ️","3","all","","n309","MUL_TEXT_WINE_REVIEW","2026-04-12T15:41:08.000Z"
"cat_MUL_TEXT_WINE_REVIEW_3","0.9704625148474691","15","CatBoost 😸","3","all","","n305","MUL_TEXT_WINE_REVIEW","2026-04-12T15:33:57.000Z"
"light_MUL_TEXT_WINE_REVIEW_3","0.957959733330653","15","LightGBM 💡","3","all","","n309","MUL_TEXT_WINE_REVIEW","2026-04-12T15:29:36.000Z"
"tabm_MUL_TEXT_WINE_REVIEW_2","0.9740346660524772","15","TabM Ⓜ️","2","all","","n309","MUL_TEXT_WINE_REVIEW","2026-04-12T15:16:15.000Z"
"cat_MUL_TEXT_WINE_REVIEW_2","0.9713173893747662","15","CatBoost 😸","2","all","","n307","MUL_TEXT_WINE_REVIEW","2026-04-12T15:12:16.000Z"
"light_MUL_TEXT_WINE_REVIEW_2","0.9587484508940788","15","LightGBM 💡","2","all","","n309","MUL_TEXT_WINE_REVIEW","2026-04-12T14:51:18.000Z"
"tabm_MUL_TEXT_WINE_REVIEW_1","0.9707139407456876","15","TabM Ⓜ️","1","all","","n309","MUL_TEXT_WINE_REVIEW","2026-04-12T14:34:42.000Z"
"cat_MUL_TEXT_WINE_REVIEW_1","0.9675128255390107","15","CatBoost 😸","1","all","","n305","MUL_TEXT_WINE_REVIEW","2026-04-12T14:28:19.000Z"
"light_MUL_TEXT_WINE_REVIEW_1","0.9589061297242286","15","LightGBM 💡","1","all","","n305","MUL_TEXT_WINE_REVIEW","2026-04-12T14:25:35.000Z"
"tabm_MUL_TEXT_WINE_REVIEW_0","0.9685208202198692","15","TabM Ⓜ️","0","all","","n309","MUL_TEXT_WINE_REVIEW","2026-04-12T13:45:54.000Z"
"cat_MUL_TEXT_WINE_REVIEW_0","0.9693803575500144","15","CatBoost 😸","0","all","","n309","MUL_TEXT_WINE_REVIEW","2026-04-12T13:37:11.000Z"
"light_MUL_TEXT_WINE_REVIEW_0","0.9605969248173784","15","LightGBM 💡","0","all","","n309","MUL_TEXT_WINE_REVIEW","2026-04-12T13:33:10.000Z"
"tabpfnv2p5_MUL_TEXT_US_ACCIDENTS_4","0.9829478148089196","15","TabPFN-v2p5 🇩🇪","4","all","","n309","MUL_TEXT_US_ACCIDENTS","2026-04-12T13:22:47.000Z"
"tabpfnv2_MUL_TEXT_US_ACCIDENTS_4","0.9807349787300066","15","TabPFN-v2 🤯","4","all","","n305","MUL_TEXT_US_ACCIDENTS","2026-04-12T13:16:23.000Z"
"tabm_MUL_TEXT_US_ACCIDENTS_4","0.97498873955266","15","TabM Ⓜ️","4","all","","n305","MUL_TEXT_US_ACCIDENTS","2026-04-12T13:08:43.000Z"
"cat_MUL_TEXT_US_ACCIDENTS_4","0.9733577114535032","15","CatBoost 😸","4","all","","n309","MUL_TEXT_US_ACCIDENTS","2026-04-12T13:03:11.000Z"
"light_MUL_TEXT_US_ACCIDENTS_4","0.972993356341133","15","LightGBM 💡","4","all","","n305","MUL_TEXT_US_ACCIDENTS","2026-04-12T12:53:40.000Z"
"tabpfnv2p5_MUL_TEXT_US_ACCIDENTS_3","0.975154052776701","15","TabPFN-v2p5 🇩🇪","3","all","","n309","MUL_TEXT_US_ACCIDENTS","2026-04-12T12:47:14.000Z"
"tabpfnv2_MUL_TEXT_US_ACCIDENTS_3","0.9733665802931014","15","TabPFN-v2 🤯","3","all","","n309","MUL_TEXT_US_ACCIDENTS","2026-04-12T12:24:51.000Z"
"tabm_MUL_TEXT_US_ACCIDENTS_3","0.9618980798389304","15","TabM Ⓜ️","3","all","","n305","MUL_TEXT_US_ACCIDENTS","2026-04-12T12:04:05.000Z"
"cat_MUL_TEXT_US_ACCIDENTS_3","0.9648988055737192","15","CatBoost 😸","3","all","","n309","MUL_TEXT_US_ACCIDENTS","2026-04-12T11:44:32.000Z"
"light_MUL_TEXT_US_ACCIDENTS_3","0.9606132045263218","15","LightGBM 💡","3","all","","n305","MUL_TEXT_US_ACCIDENTS","2026-04-12T11:36:22.000Z"
"tabpfnv2p5_MUL_TEXT_US_ACCIDENTS_2","0.9739128968306112","15","TabPFN-v2p5 🇩🇪","2","all","","n305","MUL_TEXT_US_ACCIDENTS","2026-04-12T11:32:28.000Z"
"tabpfnv2_MUL_TEXT_US_ACCIDENTS_2","0.9763212081670276","15","TabPFN-v2 🤯","2","all","","n305","MUL_TEXT_US_ACCIDENTS","2026-04-12T11:24:45.000Z"
"tabm_MUL_TEXT_US_ACCIDENTS_2","0.970454694330866","15","TabM Ⓜ️","2","all","","n309","MUL_TEXT_US_ACCIDENTS","2026-04-12T11:18:12.000Z"
"cat_MUL_TEXT_US_ACCIDENTS_2","0.9732108310533178","15","CatBoost 😸","2","all","","n305","MUL_TEXT_US_ACCIDENTS","2026-04-12T10:48:22.000Z"
"light_MUL_TEXT_US_ACCIDENTS_2","0.967682994009477","15","LightGBM 💡","2","all","","n309","MUL_TEXT_US_ACCIDENTS","2026-04-12T10:38:30.000Z"
"tabpfnv2p5_MUL_TEXT_US_ACCIDENTS_1","0.9778423570983824","15","TabPFN-v2p5 🇩🇪","1","all","","n309","MUL_TEXT_US_ACCIDENTS","2026-04-12T10:27:40.000Z"
"tabpfnv2_MUL_TEXT_US_ACCIDENTS_1","0.969754182768074","15","TabPFN-v2 🤯","1","all","","n309","MUL_TEXT_US_ACCIDENTS","2026-04-12T10:15:35.000Z"
"tabm_MUL_TEXT_US_ACCIDENTS_1","0.96983464784954","15","TabM Ⓜ️","1","all","","n309","MUL_TEXT_US_ACCIDENTS","2026-04-12T10:04:56.000Z"
"cat_MUL_TEXT_US_ACCIDENTS_1","0.9662186362285768","15","CatBoost 😸","1","all","","n305","MUL_TEXT_US_ACCIDENTS","2026-04-12T10:00:28.000Z"
"light_MUL_TEXT_US_ACCIDENTS_1","0.9665226152444216","15","LightGBM 💡","1","all","","n309","MUL_TEXT_US_ACCIDENTS","2026-04-12T09:51:27.000Z"
"tabpfnv2p5_MUL_TEXT_US_ACCIDENTS_0","0.9803962631553632","15","TabPFN-v2p5 🇩🇪","0","all","","n305","MUL_TEXT_US_ACCIDENTS","2026-04-12T09:41:39.000Z"
"tabpfnv2_MUL_TEXT_US_ACCIDENTS_0","0.9761115055440428","15","TabPFN-v2 🤯","0","all","","n305","MUL_TEXT_US_ACCIDENTS","2026-04-12T09:31:06.000Z"
"tabm_MUL_TEXT_US_ACCIDENTS_0","0.9648874340768988","15","TabM Ⓜ️","0","all","","n305","MUL_TEXT_US_ACCIDENTS","2026-04-12T09:14:38.000Z"
"cat_MUL_TEXT_US_ACCIDENTS_0","0.9727914982758143","15","CatBoost 😸","0","all","","n309","MUL_TEXT_US_ACCIDENTS","2026-04-12T08:58:46.000Z"
"light_MUL_TEXT_US_ACCIDENTS_0","0.9695400846929032","15","LightGBM 💡","0","all","","n305","MUL_TEXT_US_ACCIDENTS","2026-04-12T08:45:50.000Z"
"tabm_MUL_TEXT_SPOTIFY_GENRES_4","0.9590972335775144","15","TabM Ⓜ️","4","all","","n305","MUL_TEXT_SPOTIFY_GENRES","2026-04-12T08:13:30.000Z"
"cat_MUL_TEXT_SPOTIFY_GENRES_4","0.9609462804574368","15","CatBoost 😸","4","all","","n305","MUL_TEXT_SPOTIFY_GENRES","2026-04-12T08:10:32.000Z"
"light_MUL_TEXT_SPOTIFY_GENRES_3","0.8997058028660053","15","LightGBM 💡","3","all","","n305","MUL_TEXT_SPOTIFY_GENRES","2026-04-12T07:36:15.000Z"
"light_MUL_TEXT_SPOTIFY_GENRES_4","0.9033126406158376","15","LightGBM 💡","4","all","","n305","MUL_TEXT_SPOTIFY_GENRES","2026-04-12T07:31:57.000Z"
"tabm_MUL_TEXT_SPOTIFY_GENRES_3","0.9573668768904396","15","TabM Ⓜ️","3","all","","n309","MUL_TEXT_SPOTIFY_GENRES","2026-04-12T07:07:46.000Z"
"cat_MUL_TEXT_SPOTIFY_GENRES_3","0.960352755972794","15","CatBoost 😸","3","all","","n309","MUL_TEXT_SPOTIFY_GENRES","2026-04-12T07:04:04.000Z"
"tabm_MUL_TEXT_SPOTIFY_GENRES_2","0.9559847293609858","15","TabM Ⓜ️","2","all","","n305","MUL_TEXT_SPOTIFY_GENRES","2026-04-12T06:09:30.000Z"
"cat_MUL_TEXT_SPOTIFY_GENRES_2","0.9585650953159464","15","CatBoost 😸","2","all","","n305","MUL_TEXT_SPOTIFY_GENRES","2026-04-12T05:57:39.000Z"
"light_MUL_TEXT_SPOTIFY_GENRES_2","0.9003536048288857","15","LightGBM 💡","2","all","","n305","MUL_TEXT_SPOTIFY_GENRES","2026-04-12T05:52:46.000Z"
"tabm_MUL_TEXT_SPOTIFY_GENRES_1","0.95540111974843","15","TabM Ⓜ️","1","all","","n309","MUL_TEXT_SPOTIFY_GENRES","2026-04-12T05:09:57.000Z"
"cat_MUL_TEXT_SPOTIFY_GENRES_1","0.9562354205940994","15","CatBoost 😸","1","all","","n309","MUL_TEXT_SPOTIFY_GENRES","2026-04-12T04:40:32.000Z"
"light_MUL_TEXT_SPOTIFY_GENRES_1","0.8957300913529838","15","LightGBM 💡","1","all","","n305","MUL_TEXT_SPOTIFY_GENRES","2026-04-12T04:38:44.000Z"
"tabm_MUL_TEXT_SPOTIFY_GENRES_0","0.9591533931124734","15","TabM Ⓜ️","0","all","","n305","MUL_TEXT_SPOTIFY_GENRES","2026-04-12T04:32:27.000Z"
"cat_MUL_TEXT_SPOTIFY_GENRES_0","0.9589925844144278","15","CatBoost 😸","0","all","","n309","MUL_TEXT_SPOTIFY_GENRES","2026-04-12T04:31:42.000Z"
"light_MUL_TEXT_SPOTIFY_GENRES_0","0.898468948767551","15","LightGBM 💡","0","all","","n307","MUL_TEXT_SPOTIFY_GENRES","2026-04-12T04:30:02.000Z"
"tabpfnv2p5_MUL_TEXT_PRODUCT_SENTIMENT_4","0.923060829327878","15","TabPFN-v2p5 🇩🇪","4","all","","n307","MUL_TEXT_PRODUCT_SENTIMENT","2026-04-12T04:29:04.000Z"
"tabpfnv2_MUL_TEXT_PRODUCT_SENTIMENT_4","0.9167163705603366","15","TabPFN-v2 🤯","4","all","","n309","MUL_TEXT_PRODUCT_SENTIMENT","2026-04-12T04:25:13.000Z"
"tabm_MUL_TEXT_PRODUCT_SENTIMENT_4","0.9090993355637738","15","TabM Ⓜ️","4","all","","n309","MUL_TEXT_PRODUCT_SENTIMENT","2026-04-12T04:24:14.000Z"
"cat_MUL_TEXT_PRODUCT_SENTIMENT_4","0.8952343160429757","15","CatBoost 😸","4","all","","n309","MUL_TEXT_PRODUCT_SENTIMENT","2026-04-12T04:23:15.000Z"
"light_MUL_TEXT_PRODUCT_SENTIMENT_4","0.8651815121082913","15","LightGBM 💡","4","all","","n309","MUL_TEXT_PRODUCT_SENTIMENT","2026-04-12T04:22:17.000Z"
"tabpfnv2p5_MUL_TEXT_PRODUCT_SENTIMENT_3","0.9270961465600018","15","TabPFN-v2p5 🇩🇪","3","all","","n305","MUL_TEXT_PRODUCT_SENTIMENT","2026-04-12T04:20:59.000Z"
"tabpfnv2_MUL_TEXT_PRODUCT_SENTIMENT_3","0.9254420929052188","15","TabPFN-v2 🤯","3","all","","n307","MUL_TEXT_PRODUCT_SENTIMENT","2026-04-12T04:16:25.000Z"
"tabm_MUL_TEXT_PRODUCT_SENTIMENT_3","0.9043698134369622","15","TabM Ⓜ️","3","all","","n305","MUL_TEXT_PRODUCT_SENTIMENT","2026-04-12T04:15:11.000Z"
"cat_MUL_TEXT_PRODUCT_SENTIMENT_3","0.9033836413262598","15","CatBoost 😸","3","all","","n305","MUL_TEXT_PRODUCT_SENTIMENT","2026-04-12T04:14:08.000Z"
"light_MUL_TEXT_PRODUCT_SENTIMENT_3","0.9013810729521916","15","LightGBM 💡","3","all","","n307","MUL_TEXT_PRODUCT_SENTIMENT","2026-04-12T04:13:14.000Z"
"tabpfnv2p5_MUL_TEXT_PRODUCT_SENTIMENT_2","0.9074199081926692","15","TabPFN-v2p5 🇩🇪","2","all","","n307","MUL_TEXT_PRODUCT_SENTIMENT","2026-04-12T04:12:17.000Z"
"tabpfnv2_MUL_TEXT_PRODUCT_SENTIMENT_2","0.8995075418362073","15","TabPFN-v2 🤯","2","all","","n307","MUL_TEXT_PRODUCT_SENTIMENT","2026-04-12T04:09:55.000Z"
"tabm_MUL_TEXT_PRODUCT_SENTIMENT_2","0.8986685387328383","15","TabM Ⓜ️","2","all","","n307","MUL_TEXT_PRODUCT_SENTIMENT","2026-04-12T04:07:12.000Z"
"cat_MUL_TEXT_PRODUCT_SENTIMENT_2","0.8910463760972023","15","CatBoost 😸","2","all","","n305","MUL_TEXT_PRODUCT_SENTIMENT","2026-04-12T04:05:44.000Z"
"light_MUL_TEXT_PRODUCT_SENTIMENT_2","0.8945236229637735","15","LightGBM 💡","2","all","","n309","MUL_TEXT_PRODUCT_SENTIMENT","2026-04-12T04:04:26.000Z"
"tabpfnv2p5_MUL_TEXT_PRODUCT_SENTIMENT_1","0.907187035696777","15","TabPFN-v2p5 🇩🇪","1","all","","n309","MUL_TEXT_PRODUCT_SENTIMENT","2026-04-12T04:03:11.000Z"
"tabpfnv2_MUL_TEXT_PRODUCT_SENTIMENT_1","0.9005531364878113","15","TabPFN-v2 🤯","1","all","","n309","MUL_TEXT_PRODUCT_SENTIMENT","2026-04-12T04:02:25.000Z"
"tabm_MUL_TEXT_PRODUCT_SENTIMENT_1","0.9010423384907268","15","TabM Ⓜ️","1","all","","n305","MUL_TEXT_PRODUCT_SENTIMENT","2026-04-12T03:59:24.000Z"
"cat_MUL_TEXT_PRODUCT_SENTIMENT_1","0.8821018306282166","15","CatBoost 😸","1","all","","n305","MUL_TEXT_PRODUCT_SENTIMENT","2026-04-12T03:58:08.000Z"
"light_MUL_TEXT_PRODUCT_SENTIMENT_1","0.8892431590665765","15","LightGBM 💡","1","all","","n305","MUL_TEXT_PRODUCT_SENTIMENT","2026-04-12T03:55:32.000Z"
"tabpfnv2p5_MUL_TEXT_PRODUCT_SENTIMENT_0","0.906120295260746","15","TabPFN-v2p5 🇩🇪","0","all","","n309","MUL_TEXT_PRODUCT_SENTIMENT","2026-04-12T03:53:14.000Z"
"tabpfnv2_MUL_TEXT_PRODUCT_SENTIMENT_0","0.8969173736229521","15","TabPFN-v2 🤯","0","all","","n309","MUL_TEXT_PRODUCT_SENTIMENT","2026-04-12T03:51:50.000Z"
"tabm_MUL_TEXT_PRODUCT_SENTIMENT_0","0.8895998191423248","15","TabM Ⓜ️","0","all","","n309","MUL_TEXT_PRODUCT_SENTIMENT","2026-04-12T03:49:17.000Z"
"cat_MUL_TEXT_PRODUCT_SENTIMENT_0","0.8781974919211976","15","CatBoost 😸","0","all","","n307","MUL_TEXT_PRODUCT_SENTIMENT","2026-04-12T03:45:38.000Z"
"light_MUL_TEXT_PRODUCT_SENTIMENT_0","0.8568896153251515","15","LightGBM 💡","0","all","","n309","MUL_TEXT_PRODUCT_SENTIMENT","2026-04-12T03:42:55.000Z"
"tabpfnv2p5_MUL_TEXT_MICHELIN_RESTAURANTS_4","0.9132889530244532","15","TabPFN-v2p5 🇩🇪","4","all","","n309","MUL_TEXT_MICHELIN_RESTAURANTS","2026-04-12T03:35:41.000Z"
"tabpfnv2_MUL_TEXT_MICHELIN_RESTAURANTS_4","0.9075042489278016","15","TabPFN-v2 🤯","4","all","","n309","MUL_TEXT_MICHELIN_RESTAURANTS","2026-04-12T03:19:34.000Z"
"tabm_MUL_TEXT_MICHELIN_RESTAURANTS_4","0.9101558445926126","15","TabM Ⓜ️","4","all","","n305","MUL_TEXT_MICHELIN_RESTAURANTS","2026-04-12T03:10:52.000Z"
"cat_MUL_TEXT_MICHELIN_RESTAURANTS_4","0.9042504699078944","15","CatBoost 😸","4","all","","n309","MUL_TEXT_MICHELIN_RESTAURANTS","2026-04-12T03:00:50.000Z"
"light_MUL_TEXT_MICHELIN_RESTAURANTS_4","0.8900076037725316","15","LightGBM 💡","4","all","","n305","MUL_TEXT_MICHELIN_RESTAURANTS","2026-04-12T02:53:36.000Z"
"tabpfnv2p5_MUL_TEXT_MICHELIN_RESTAURANTS_3","0.9099221633181024","15","TabPFN-v2p5 🇩🇪","3","all","","n305","MUL_TEXT_MICHELIN_RESTAURANTS","2026-04-12T02:46:22.000Z"
"tabpfnv2_MUL_TEXT_MICHELIN_RESTAURANTS_3","0.9046874749166988","15","TabPFN-v2 🤯","3","all","","n306","MUL_TEXT_MICHELIN_RESTAURANTS","2026-04-12T02:43:45.000Z"
"tabm_MUL_TEXT_MICHELIN_RESTAURANTS_3","0.9079188107329064","15","TabM Ⓜ️","3","all","","n305","MUL_TEXT_MICHELIN_RESTAURANTS","2026-04-12T02:39:17.000Z"
"cat_MUL_TEXT_MICHELIN_RESTAURANTS_3","0.9035985928110736","15","CatBoost 😸","3","all","","n309","MUL_TEXT_MICHELIN_RESTAURANTS","2026-04-12T02:31:21.000Z"
"light_MUL_TEXT_MICHELIN_RESTAURANTS_3","0.8917519506591033","15","LightGBM 💡","3","all","","n309","MUL_TEXT_MICHELIN_RESTAURANTS","2026-04-12T02:19:17.000Z"
"tabpfnv2p5_MUL_TEXT_MICHELIN_RESTAURANTS_2","0.921412496923408","15","TabPFN-v2p5 🇩🇪","2","all","","n309","MUL_TEXT_MICHELIN_RESTAURANTS","2026-04-12T02:11:07.000Z"
"tabpfnv2_MUL_TEXT_MICHELIN_RESTAURANTS_2","0.9167216021738144","15","TabPFN-v2 🤯","2","all","","n305","MUL_TEXT_MICHELIN_RESTAURANTS","2026-04-12T02:06:34.000Z"
"tabm_MUL_TEXT_MICHELIN_RESTAURANTS_2","0.918783680553404","15","TabM Ⓜ️","2","all","","n309","MUL_TEXT_MICHELIN_RESTAURANTS","2026-04-12T02:04:20.000Z"
"cat_MUL_TEXT_MICHELIN_RESTAURANTS_2","0.9117913409927814","15","CatBoost 😸","2","all","","n305","MUL_TEXT_MICHELIN_RESTAURANTS","2026-04-12T01:59:59.000Z"
"light_MUL_TEXT_MICHELIN_RESTAURANTS_2","0.900947736111102","15","LightGBM 💡","2","all","","n309","MUL_TEXT_MICHELIN_RESTAURANTS","2026-04-12T01:57:10.000Z"
"tabpfnv2p5_MUL_TEXT_MICHELIN_RESTAURANTS_1","0.911694589011904","15","TabPFN-v2p5 🇩🇪","1","all","","n306","MUL_TEXT_MICHELIN_RESTAURANTS","2026-04-12T01:52:56.000Z"
"tabpfnv2_MUL_TEXT_MICHELIN_RESTAURANTS_1","0.9033882805542812","15","TabPFN-v2 🤯","1","all","","n306","MUL_TEXT_MICHELIN_RESTAURANTS","2026-04-12T01:47:58.000Z"
"tabm_MUL_TEXT_MICHELIN_RESTAURANTS_1","0.9093721229765462","15","TabM Ⓜ️","1","all","","n309","MUL_TEXT_MICHELIN_RESTAURANTS","2026-04-12T01:16:05.000Z"
"cat_MUL_TEXT_MICHELIN_RESTAURANTS_1","0.9031494923653712","15","CatBoost 😸","1","all","","n309","MUL_TEXT_MICHELIN_RESTAURANTS","2026-04-12T01:09:41.000Z"
"light_MUL_TEXT_MICHELIN_RESTAURANTS_1","0.8948981945973967","15","LightGBM 💡","1","all","","n305","MUL_TEXT_MICHELIN_RESTAURANTS","2026-04-12T01:06:09.000Z"
"tabpfnv2p5_MUL_TEXT_MICHELIN_RESTAURANTS_0","0.9133108350271172","15","TabPFN-v2p5 🇩🇪","0","all","","n306","MUL_TEXT_MICHELIN_RESTAURANTS","2026-04-12T01:03:08.000Z"
"tabpfnv2_MUL_TEXT_MICHELIN_RESTAURANTS_0","0.9068657837456622","15","TabPFN-v2 🤯","0","all","","n305","MUL_TEXT_MICHELIN_RESTAURANTS","2026-04-12T00:58:50.000Z"
"tabm_MUL_TEXT_MICHELIN_RESTAURANTS_0","0.9110586241366118","15","TabM Ⓜ️","0","all","","n309","MUL_TEXT_MICHELIN_RESTAURANTS","2026-04-12T00:54:48.000Z"
"cat_MUL_TEXT_MICHELIN_RESTAURANTS_0","0.9072392156825876","15","CatBoost 😸","0","all","","n306","MUL_TEXT_MICHELIN_RESTAURANTS","2026-04-12T00:53:47.000Z"
"light_MUL_TEXT_MICHELIN_RESTAURANTS_0","0.8976929818023436","15","LightGBM 💡","0","all","","n305","MUL_TEXT_MICHELIN_RESTAURANTS","2026-04-12T00:50:19.000Z"
"tabpfnv2p5_MUL_TEXT_DATA_SCIENTIST_SALARY_4","0.8396272281386717","15","TabPFN-v2p5 🇩🇪","4","all","","n306","MUL_TEXT_DATA_SCIENTIST_SALARY","2026-04-11T23:07:45.000Z"
"tabpfnv2_MUL_TEXT_DATA_SCIENTIST_SALARY_4","0.8338760851613171","15","TabPFN-v2 🤯","4","all","","n305","MUL_TEXT_DATA_SCIENTIST_SALARY","2026-04-11T22:59:51.000Z"
"tabm_MUL_TEXT_DATA_SCIENTIST_SALARY_4","0.8342454217389942","15","TabM Ⓜ️","4","all","","n309","MUL_TEXT_DATA_SCIENTIST_SALARY","2026-04-11T22:49:59.000Z"
"cat_MUL_TEXT_DATA_SCIENTIST_SALARY_4","0.82564388704268","15","CatBoost 😸","4","all","","n309","MUL_TEXT_DATA_SCIENTIST_SALARY","2026-04-11T22:43:53.000Z"
"light_MUL_TEXT_DATA_SCIENTIST_SALARY_4","0.8025367919412587","15","LightGBM 💡","4","all","","n305","MUL_TEXT_DATA_SCIENTIST_SALARY","2026-04-11T22:38:25.000Z"
"tabpfnv2p5_MUL_TEXT_DATA_SCIENTIST_SALARY_3","0.8320384993737835","15","TabPFN-v2p5 🇩🇪","3","all","","n306","MUL_TEXT_DATA_SCIENTIST_SALARY","2026-04-11T22:31:20.000Z"
"tabpfnv2_MUL_TEXT_DATA_SCIENTIST_SALARY_3","0.8241886955786434","15","TabPFN-v2 🤯","3","all","","n306","MUL_TEXT_DATA_SCIENTIST_SALARY","2026-04-11T22:26:33.000Z"
"tabm_MUL_TEXT_DATA_SCIENTIST_SALARY_3","0.8311449286310334","15","TabM Ⓜ️","3","all","","n306","MUL_TEXT_DATA_SCIENTIST_SALARY","2026-04-11T22:24:27.000Z"
"cat_MUL_TEXT_DATA_SCIENTIST_SALARY_3","0.8184927029579895","15","CatBoost 😸","3","all","","n306","MUL_TEXT_DATA_SCIENTIST_SALARY","2026-04-11T22:18:26.000Z"
"light_MUL_TEXT_DATA_SCIENTIST_SALARY_3","0.8028746267841048","15","LightGBM 💡","3","all","","n309","MUL_TEXT_DATA_SCIENTIST_SALARY","2026-04-11T21:55:24.000Z"
"tabpfnv2p5_MUL_TEXT_DATA_SCIENTIST_SALARY_2","0.8380843149355067","15","TabPFN-v2p5 🇩🇪","2","all","","n305","MUL_TEXT_DATA_SCIENTIST_SALARY","2026-04-11T21:48:15.000Z"
"tabpfnv2_MUL_TEXT_DATA_SCIENTIST_SALARY_2","0.8298658235766975","15","TabPFN-v2 🤯","2","all","","n305","MUL_TEXT_DATA_SCIENTIST_SALARY","2026-04-11T21:42:20.000Z"
"tabm_MUL_TEXT_DATA_SCIENTIST_SALARY_2","0.8352746245909745","15","TabM Ⓜ️","2","all","","n306","MUL_TEXT_DATA_SCIENTIST_SALARY","2026-04-11T21:36:24.000Z"
"cat_MUL_TEXT_DATA_SCIENTIST_SALARY_2","0.8242862886273254","15","CatBoost 😸","2","all","","n309","MUL_TEXT_DATA_SCIENTIST_SALARY","2026-04-11T21:34:03.000Z"
"light_MUL_TEXT_DATA_SCIENTIST_SALARY_2","0.8015174190105654","15","LightGBM 💡","2","all","","n306","MUL_TEXT_DATA_SCIENTIST_SALARY","2026-04-11T21:29:32.000Z"
"tabpfnv2p5_MUL_TEXT_DATA_SCIENTIST_SALARY_1","0.8317835345128435","15","TabPFN-v2p5 🇩🇪","1","all","","n306","MUL_TEXT_DATA_SCIENTIST_SALARY","2026-04-11T21:23:37.000Z"
"tabpfnv2_MUL_TEXT_DATA_SCIENTIST_SALARY_1","0.8239015277846407","15","TabPFN-v2 🤯","1","all","","n306","MUL_TEXT_DATA_SCIENTIST_SALARY","2026-04-11T21:06:17.000Z"
"tabm_MUL_TEXT_DATA_SCIENTIST_SALARY_1","0.8285863175524947","15","TabM Ⓜ️","1","all","","n309","MUL_TEXT_DATA_SCIENTIST_SALARY","2026-04-11T20:59:25.000Z"
"cat_MUL_TEXT_DATA_SCIENTIST_SALARY_1","0.8172096574389888","15","CatBoost 😸","1","all","","n309","MUL_TEXT_DATA_SCIENTIST_SALARY","2026-04-11T20:52:53.000Z"
"light_MUL_TEXT_DATA_SCIENTIST_SALARY_1","0.7998026340858576","15","LightGBM 💡","1","all","","n305","MUL_TEXT_DATA_SCIENTIST_SALARY","2026-04-11T20:49:04.000Z"
"tabpfnv2p5_MUL_TEXT_DATA_SCIENTIST_SALARY_0","0.8304675793844655","15","TabPFN-v2p5 🇩🇪","0","all","","n306","MUL_TEXT_DATA_SCIENTIST_SALARY","2026-04-11T20:45:07.000Z"
"tabpfnv2_MUL_TEXT_DATA_SCIENTIST_SALARY_0","0.8266286303250441","15","TabPFN-v2 🤯","0","all","","n305","MUL_TEXT_DATA_SCIENTIST_SALARY","2026-04-11T20:43:52.000Z"
"tabm_MUL_TEXT_DATA_SCIENTIST_SALARY_0","0.8264933600779606","15","TabM Ⓜ️","0","all","","n307","MUL_TEXT_DATA_SCIENTIST_SALARY","2026-04-11T20:39:26.000Z"
"cat_MUL_TEXT_DATA_SCIENTIST_SALARY_0","0.8141339661646748","15","CatBoost 😸","0","all","","n307","MUL_TEXT_DATA_SCIENTIST_SALARY","2026-04-11T20:33:22.000Z"
"light_MUL_TEXT_DATA_SCIENTIST_SALARY_0","0.7954980475373037","15","LightGBM 💡","0","all","","n305","MUL_TEXT_DATA_SCIENTIST_SALARY","2026-04-11T20:31:04.000Z"
"tabpfnv2p5_BIN_TEXT_KICKSTARTER_FUNDING_4","0.7290900735294117","15","TabPFN-v2p5 🇩🇪","4","all","","n305","BIN_TEXT_KICKSTARTER_FUNDING","2026-04-11T20:26:36.000Z"
"tabpfnv2_BIN_TEXT_KICKSTARTER_FUNDING_4","0.7205491727941177","15","TabPFN-v2 🤯","4","all","","n309","BIN_TEXT_KICKSTARTER_FUNDING","2026-04-11T20:23:43.000Z"
"tabm_BIN_TEXT_KICKSTARTER_FUNDING_4","0.732643612132353","15","TabM Ⓜ️","4","all","","n305","BIN_TEXT_KICKSTARTER_FUNDING","2026-04-11T20:20:16.000Z"
"cat_BIN_TEXT_KICKSTARTER_FUNDING_1","0.7202883731617646","15","CatBoost 😸","1","all","","n307","BIN_TEXT_KICKSTARTER_FUNDING","2026-04-11T20:15:39.000Z"
"cat_BIN_TEXT_KICKSTARTER_FUNDING_4","0.7222748161764706","15","CatBoost 😸","4","all","","n306","BIN_TEXT_KICKSTARTER_FUNDING","2026-04-11T20:15:21.000Z"
"light_BIN_TEXT_KICKSTARTER_FUNDING_4","0.7119715073529411","15","LightGBM 💡","4","all","","n306","BIN_TEXT_KICKSTARTER_FUNDING","2026-04-11T20:10:40.000Z"
"tabpfnv2p5_BIN_TEXT_KICKSTARTER_FUNDING_3","0.7304980468750001","15","TabPFN-v2p5 🇩🇪","3","all","","n309","BIN_TEXT_KICKSTARTER_FUNDING","2026-04-11T20:06:12.000Z"
"tabpfnv2_BIN_TEXT_KICKSTARTER_FUNDING_3","0.7195881204044117","15","TabPFN-v2 🤯","3","all","","n307","BIN_TEXT_KICKSTARTER_FUNDING","2026-04-11T20:02:19.000Z"
"tabm_BIN_TEXT_KICKSTARTER_FUNDING_3","0.72802734375","15","TabM Ⓜ️","3","all","","n306","BIN_TEXT_KICKSTARTER_FUNDING","2026-04-11T19:57:48.000Z"
"cat_BIN_TEXT_KICKSTARTER_FUNDING_3","0.7149643841911764","15","CatBoost 😸","3","all","","n306","BIN_TEXT_KICKSTARTER_FUNDING","2026-04-11T19:56:44.000Z"
"light_BIN_TEXT_KICKSTARTER_FUNDING_3","0.7131169577205881","15","LightGBM 💡","3","all","","n306","BIN_TEXT_KICKSTARTER_FUNDING","2026-04-11T19:51:02.000Z"
"tabpfnv2p5_BIN_TEXT_KICKSTARTER_FUNDING_2","0.7621467141544117","15","TabPFN-v2p5 🇩🇪","2","all","","n306","BIN_TEXT_KICKSTARTER_FUNDING","2026-04-11T19:44:55.000Z"
"tabpfnv2_BIN_TEXT_KICKSTARTER_FUNDING_2","0.7493956801470589","15","TabPFN-v2 🤯","2","all","","n306","BIN_TEXT_KICKSTARTER_FUNDING","2026-04-11T19:41:30.000Z"
"tabm_BIN_TEXT_KICKSTARTER_FUNDING_2","0.7643899356617648","15","TabM Ⓜ️","2","all","","n309","BIN_TEXT_KICKSTARTER_FUNDING","2026-04-11T19:36:21.000Z"
"cat_BIN_TEXT_KICKSTARTER_FUNDING_2","0.7526275275735295","15","CatBoost 😸","2","all","","n306","BIN_TEXT_KICKSTARTER_FUNDING","2026-04-11T19:35:34.000Z"
"light_BIN_TEXT_KICKSTARTER_FUNDING_2","0.72896484375","15","LightGBM 💡","2","all","","n306","BIN_TEXT_KICKSTARTER_FUNDING","2026-04-11T19:33:23.000Z"
"tabpfnv2p5_BIN_TEXT_KICKSTARTER_FUNDING_1","0.7404428998161763","15","TabPFN-v2p5 🇩🇪","1","all","","n306","BIN_TEXT_KICKSTARTER_FUNDING","2026-04-11T19:29:45.000Z"
"tabpfnv2_BIN_TEXT_KICKSTARTER_FUNDING_1","0.7263855698529413","15","TabPFN-v2 🤯","1","all","","n309","BIN_TEXT_KICKSTARTER_FUNDING","2026-04-11T19:27:37.000Z"
"tabm_BIN_TEXT_KICKSTARTER_FUNDING_1","0.7291590073529413","15","TabM Ⓜ️","1","all","","n306","BIN_TEXT_KICKSTARTER_FUNDING","2026-04-11T19:22:24.000Z"
"light_BIN_TEXT_KICKSTARTER_FUNDING_1","0.7095381433823529","15","LightGBM 💡","1","all","","n305","BIN_TEXT_KICKSTARTER_FUNDING","2026-04-11T19:12:03.000Z"
"tabpfnv2p5_BIN_TEXT_KICKSTARTER_FUNDING_0","0.7365303308823529","15","TabPFN-v2p5 🇩🇪","0","all","","n306","BIN_TEXT_KICKSTARTER_FUNDING","2026-04-11T19:09:58.000Z"
"tabpfnv2_BIN_TEXT_KICKSTARTER_FUNDING_0","0.7197254136029411","15","TabPFN-v2 🤯","0","all","","n305","BIN_TEXT_KICKSTARTER_FUNDING","2026-04-11T19:06:39.000Z"
"tabm_BIN_TEXT_KICKSTARTER_FUNDING_0","0.7381617647058824","15","TabM Ⓜ️","0","all","","n305","BIN_TEXT_KICKSTARTER_FUNDING","2026-04-11T19:05:40.000Z"
"cat_BIN_TEXT_KICKSTARTER_FUNDING_0","0.7216337316176471","15","CatBoost 😸","0","all","","n309","BIN_TEXT_KICKSTARTER_FUNDING","2026-04-11T18:59:31.000Z"
"light_BIN_TEXT_KICKSTARTER_FUNDING_0","0.7176183363970589","15","LightGBM 💡","0","all","","n305","BIN_TEXT_KICKSTARTER_FUNDING","2026-04-11T18:57:01.000Z"
"tabpfnv2p5_BIN_TEXT_JIGSAW_TOXICITY_4","0.8353126800398051","15","TabPFN-v2p5 🇩🇪","4","all","","n305","BIN_TEXT_JIGSAW_TOXICITY","2026-04-11T18:54:09.000Z"
"tabpfnv2_BIN_TEXT_JIGSAW_TOXICITY_4","0.8322727352083661","15","TabPFN-v2 🤯","4","all","","n307","BIN_TEXT_JIGSAW_TOXICITY","2026-04-11T18:52:31.000Z"
"tabm_BIN_TEXT_JIGSAW_TOXICITY_4","0.8312601476981094","15","TabM Ⓜ️","4","all","","n307","BIN_TEXT_JIGSAW_TOXICITY","2026-04-11T18:49:48.000Z"
"cat_BIN_TEXT_JIGSAW_TOXICITY_4","0.8213525026624068","15","CatBoost 😸","4","all","","n306","BIN_TEXT_JIGSAW_TOXICITY","2026-04-11T18:48:27.000Z"
"light_BIN_TEXT_JIGSAW_TOXICITY_4","0.79999650831893","15","LightGBM 💡","4","all","","n306","BIN_TEXT_JIGSAW_TOXICITY","2026-04-11T18:45:39.000Z"
"tabpfnv2p5_BIN_TEXT_JIGSAW_TOXICITY_3","0.81424693168526","15","TabPFN-v2p5 🇩🇪","3","all","","n309","BIN_TEXT_JIGSAW_TOXICITY","2026-04-11T18:39:19.000Z"
"tabpfnv2_BIN_TEXT_JIGSAW_TOXICITY_3","0.8067747341957785","15","TabPFN-v2 🤯","3","all","","n309","BIN_TEXT_JIGSAW_TOXICITY","2026-04-11T18:36:21.000Z"
"tabm_BIN_TEXT_JIGSAW_TOXICITY_3","0.8162721067057733","15","TabM Ⓜ️","3","all","","n309","BIN_TEXT_JIGSAW_TOXICITY","2026-04-11T18:33:34.000Z"
"cat_BIN_TEXT_JIGSAW_TOXICITY_3","0.806294628048674","15","CatBoost 😸","3","all","","n305","BIN_TEXT_JIGSAW_TOXICITY","2026-04-11T18:32:28.000Z"
"light_BIN_TEXT_JIGSAW_TOXICITY_3","0.7788587440423191","15","LightGBM 💡","3","all","","n309","BIN_TEXT_JIGSAW_TOXICITY","2026-04-11T18:30:35.000Z"
"tabpfnv2p5_BIN_TEXT_JIGSAW_TOXICITY_2","0.822439288395398","15","TabPFN-v2p5 🇩🇪","2","all","","n305","BIN_TEXT_JIGSAW_TOXICITY","2026-04-11T18:26:46.000Z"
"tabpfnv2_BIN_TEXT_JIGSAW_TOXICITY_2","0.8120864540232896","15","TabPFN-v2 🤯","2","all","","n307","BIN_TEXT_JIGSAW_TOXICITY","2026-04-11T18:25:36.000Z"
"tabm_BIN_TEXT_JIGSAW_TOXICITY_2","0.8227055290769743","15","TabM Ⓜ️","2","all","","n306","BIN_TEXT_JIGSAW_TOXICITY","2026-04-11T18:23:22.000Z"
"cat_BIN_TEXT_JIGSAW_TOXICITY_2","0.8068620262225249","15","CatBoost 😸","2","all","","n306","BIN_TEXT_JIGSAW_TOXICITY","2026-04-11T18:20:40.000Z"
"light_BIN_TEXT_JIGSAW_TOXICITY_2","0.7893119642451858","15","LightGBM 💡","2","all","","n306","BIN_TEXT_JIGSAW_TOXICITY","2026-04-11T18:18:03.000Z"
"tabpfnv2p5_BIN_TEXT_JIGSAW_TOXICITY_1","0.8029447965222856","15","TabPFN-v2p5 🇩🇪","1","all","","n306","BIN_TEXT_JIGSAW_TOXICITY","2026-04-11T18:15:10.000Z"
"tabpfnv2_BIN_TEXT_JIGSAW_TOXICITY_1","0.7946302309747029","15","TabPFN-v2 🤯","1","all","","n306","BIN_TEXT_JIGSAW_TOXICITY","2026-04-11T18:12:28.000Z"
"tabm_BIN_TEXT_JIGSAW_TOXICITY_1","0.7918172454128038","15","TabM Ⓜ️","1","all","","n309","BIN_TEXT_JIGSAW_TOXICITY","2026-04-11T18:10:56.000Z"
"cat_BIN_TEXT_JIGSAW_TOXICITY_1","0.7803732607063671","15","CatBoost 😸","1","all","","n305","BIN_TEXT_JIGSAW_TOXICITY","2026-04-11T18:08:54.000Z"
"light_BIN_TEXT_JIGSAW_TOXICITY_1","0.7553553658408841","15","LightGBM 💡","1","all","","n305","BIN_TEXT_JIGSAW_TOXICITY","2026-04-11T18:06:17.000Z"
"tabpfnv2p5_BIN_TEXT_JIGSAW_TOXICITY_0","0.7785226697393459","15","TabPFN-v2p5 🇩🇪","0","all","","n309","BIN_TEXT_JIGSAW_TOXICITY","2026-04-11T18:04:54.000Z"
"tabpfnv2_BIN_TEXT_JIGSAW_TOXICITY_0","0.7729970844463068","15","TabPFN-v2 🤯","0","all","","n306","BIN_TEXT_JIGSAW_TOXICITY","2026-04-11T18:02:59.000Z"
"tabm_BIN_TEXT_JIGSAW_TOXICITY_0","0.7836728993173763","15","TabM Ⓜ️","0","all","","n306","BIN_TEXT_JIGSAW_TOXICITY","2026-04-11T17:59:45.000Z"
"cat_BIN_TEXT_JIGSAW_TOXICITY_0","0.7667207877232493","15","CatBoost 😸","0","all","","n306","BIN_TEXT_JIGSAW_TOXICITY","2026-04-11T17:55:06.000Z"
"light_BIN_TEXT_JIGSAW_TOXICITY_0","0.7530683147401316","15","LightGBM 💡","0","all","","n307","BIN_TEXT_JIGSAW_TOXICITY","2026-04-11T17:49:18.000Z"
"tabpfnv2p5_BIN_TEXT_FAKE_JOB_POSTING_4","0.9298416940789472","15","TabPFN-v2p5 🇩🇪","4","all","","n307","BIN_TEXT_FAKE_JOB_POSTING","2026-04-11T17:45:12.000Z"
"tabpfnv2_BIN_TEXT_FAKE_JOB_POSTING_4","0.9119037828947368","15","TabPFN-v2 🤯","4","all","","n306","BIN_TEXT_FAKE_JOB_POSTING","2026-04-11T17:41:50.000Z"
"tabm_BIN_TEXT_FAKE_JOB_POSTING_4","0.9168379934210524","15","TabM Ⓜ️","4","all","","n306","BIN_TEXT_FAKE_JOB_POSTING","2026-04-11T17:39:39.000Z"
"cat_BIN_TEXT_FAKE_JOB_POSTING_4","0.8846628289473683","15","CatBoost 😸","4","all","","n306","BIN_TEXT_FAKE_JOB_POSTING","2026-04-11T17:36:10.000Z"
"light_BIN_TEXT_FAKE_JOB_POSTING_4","0.9002290883458647","15","LightGBM 💡","4","all","","n305","BIN_TEXT_FAKE_JOB_POSTING","2026-04-11T17:32:39.000Z"
"tabpfnv2p5_BIN_TEXT_FAKE_JOB_POSTING_3","0.9583675986842104","15","TabPFN-v2p5 🇩🇪","3","all","","n309","BIN_TEXT_FAKE_JOB_POSTING","2026-04-11T17:31:10.000Z"
"tabpfnv2_BIN_TEXT_FAKE_JOB_POSTING_3","0.928931214755639","15","TabPFN-v2 🤯","3","all","","n309","BIN_TEXT_FAKE_JOB_POSTING","2026-04-11T17:26:58.000Z"
"tabm_BIN_TEXT_FAKE_JOB_POSTING_3","0.9588815789473684","15","TabM Ⓜ️","3","all","","n307","BIN_TEXT_FAKE_JOB_POSTING","2026-04-11T17:22:54.000Z"
"cat_BIN_TEXT_FAKE_JOB_POSTING_3","0.8991864426691729","15","CatBoost 😸","3","all","","n309","BIN_TEXT_FAKE_JOB_POSTING","2026-04-11T17:17:27.000Z"
"light_BIN_TEXT_FAKE_JOB_POSTING_3","0.9221687030075189","15","LightGBM 💡","3","all","","n309","BIN_TEXT_FAKE_JOB_POSTING","2026-04-11T17:15:06.000Z"
"light_REG_IMAGE_PAINTING_PRICE_3","0.18763258658771545","15","LightGBM 💡","3","all","","n309","REG_IMAGE_PAINTING_PRICE","2026-04-11T17:11:25.000Z"
"tabpfnv2p5_BIN_TEXT_FAKE_JOB_POSTING_2","0.9520089285714284","15","TabPFN-v2p5 🇩🇪","2","all","","n309","BIN_TEXT_FAKE_JOB_POSTING","2026-04-11T17:07:31.000Z"
"tabpfnv2_BIN_TEXT_FAKE_JOB_POSTING_2","0.9476033834586466","15","TabPFN-v2 🤯","2","all","","n309","BIN_TEXT_FAKE_JOB_POSTING","2026-04-11T17:03:20.000Z"
"tabm_BIN_TEXT_FAKE_JOB_POSTING_2","0.9241658834586466","15","TabM Ⓜ️","2","all","","n305","BIN_TEXT_FAKE_JOB_POSTING","2026-04-11T16:59:34.000Z"
"cat_BIN_TEXT_FAKE_JOB_POSTING_2","0.9261777490601504","15","CatBoost 😸","2","all","","n305","BIN_TEXT_FAKE_JOB_POSTING","2026-04-11T16:55:28.000Z"
"light_BIN_TEXT_FAKE_JOB_POSTING_2","0.9375","15","LightGBM 💡","2","all","","n305","BIN_TEXT_FAKE_JOB_POSTING","2026-04-11T16:48:39.000Z"
"tabpfnv2p5_BIN_TEXT_FAKE_JOB_POSTING_1","0.9376541940789472","15","TabPFN-v2p5 🇩🇪","1","all","","n306","BIN_TEXT_FAKE_JOB_POSTING","2026-04-11T16:43:50.000Z"
"tabpfnv2_BIN_TEXT_FAKE_JOB_POSTING_1","0.9060737781954886","15","TabPFN-v2 🤯","1","all","","n307","BIN_TEXT_FAKE_JOB_POSTING","2026-04-11T16:42:05.000Z"
"tabm_BIN_TEXT_FAKE_JOB_POSTING_1","0.936530780075188","15","TabM Ⓜ️","1","all","","n307","BIN_TEXT_FAKE_JOB_POSTING","2026-04-11T16:38:05.000Z"
"cat_BIN_TEXT_FAKE_JOB_POSTING_1","0.9026668233082706","15","CatBoost 😸","1","all","","n309","BIN_TEXT_FAKE_JOB_POSTING","2026-04-11T16:34:30.000Z"
"light_BIN_TEXT_FAKE_JOB_POSTING_1","0.9151345159774436","15","LightGBM 💡","1","all","","n309","BIN_TEXT_FAKE_JOB_POSTING","2026-04-11T16:30:40.000Z"
"tabpfnv2p5_BIN_TEXT_FAKE_JOB_POSTING_0","0.9517739661654134","15","TabPFN-v2p5 🇩🇪","0","all","","n309","BIN_TEXT_FAKE_JOB_POSTING","2026-04-11T16:26:34.000Z"
"tabpfnv2_BIN_TEXT_FAKE_JOB_POSTING_0","0.9368171405075189","15","TabPFN-v2 🤯","0","all","","n307","BIN_TEXT_FAKE_JOB_POSTING","2026-04-11T16:24:31.000Z"
"tabm_BIN_TEXT_FAKE_JOB_POSTING_0","0.9528459821428572","15","TabM Ⓜ️","0","all","","n307","BIN_TEXT_FAKE_JOB_POSTING","2026-04-11T16:20:30.000Z"
"cat_BIN_TEXT_FAKE_JOB_POSTING_0","0.9088492716165414","15","CatBoost 😸","0","all","","n305","BIN_TEXT_FAKE_JOB_POSTING","2026-04-11T16:15:15.000Z"
"light_BIN_TEXT_FAKE_JOB_POSTING_0","0.9182624530075189","15","LightGBM 💡","0","all","","n306","BIN_TEXT_FAKE_JOB_POSTING","2026-04-11T16:12:49.000Z"
"tabpfnv2p5_REG_IMAGE_PAINTING_PRICE_4","0.34285654548425437","15","TabPFN-v2p5 🇩🇪","4","all","","n305","REG_IMAGE_PAINTING_PRICE","2026-04-11T16:07:58.000Z"
"tabpfnv2_REG_IMAGE_PAINTING_PRICE_4","0.28389605084558156","15","TabPFN-v2 🤯","4","all","","n307","REG_IMAGE_PAINTING_PRICE","2026-04-11T16:02:43.000Z"
"tabm_REG_IMAGE_PAINTING_PRICE_4","0.38412385051081765","15","TabM Ⓜ️","4","all","","n309","REG_IMAGE_PAINTING_PRICE","2026-04-11T15:54:57.000Z"
"cat_REG_IMAGE_PAINTING_PRICE_4","0.3353204416878831","15","CatBoost 😸","4","all","","n305","REG_IMAGE_PAINTING_PRICE","2026-04-11T15:51:20.000Z"
"light_REG_IMAGE_PAINTING_PRICE_4","0.33448240381911376","15","LightGBM 💡","4","all","","n309","REG_IMAGE_PAINTING_PRICE","2026-04-11T15:45:56.000Z"
"tabpfnv2p5_REG_IMAGE_PAINTING_PRICE_3","0.2834325125987066","15","TabPFN-v2p5 🇩🇪","3","all","","n305","REG_IMAGE_PAINTING_PRICE","2026-04-11T15:36:11.000Z"
"tabpfnv2_REG_IMAGE_PAINTING_PRICE_3","0.17252410039846466","15","TabPFN-v2 🤯","3","all","","n305","REG_IMAGE_PAINTING_PRICE","2026-04-11T15:33:14.000Z"
"tabm_REG_IMAGE_PAINTING_PRICE_3","0.2249778052782394","15","TabM Ⓜ️","3","all","","n306","REG_IMAGE_PAINTING_PRICE","2026-04-11T15:25:11.000Z"
"cat_REG_IMAGE_PAINTING_PRICE_3","0.19983071954357343","15","CatBoost 😸","3","all","","n307","REG_IMAGE_PAINTING_PRICE","2026-04-11T15:21:36.000Z"
"tabpfnv2p5_REG_IMAGE_PAINTING_PRICE_2","0.2952227954617038","15","TabPFN-v2p5 🇩🇪","2","all","","n306","REG_IMAGE_PAINTING_PRICE","2026-04-11T15:11:19.000Z"
"tabpfnv2_REG_IMAGE_PAINTING_PRICE_2","0.27496792668404924","15","TabPFN-v2 🤯","2","all","","n305","REG_IMAGE_PAINTING_PRICE","2026-04-11T15:05:39.000Z"
"tabm_REG_IMAGE_PAINTING_PRICE_2","0.2483856311834569","15","TabM Ⓜ️","2","all","","n307","REG_IMAGE_PAINTING_PRICE","2026-04-11T14:58:30.000Z"
"cat_REG_IMAGE_PAINTING_PRICE_2","0.24824435031900371","15","CatBoost 😸","2","all","","n306","REG_IMAGE_PAINTING_PRICE","2026-04-11T14:56:14.000Z"
"light_REG_IMAGE_PAINTING_PRICE_2","0.23031825893735547","15","LightGBM 💡","2","all","","n305","REG_IMAGE_PAINTING_PRICE","2026-04-11T14:51:36.000Z"
"tabpfnv2p5_REG_IMAGE_PAINTING_PRICE_1","0.3254808011778124","15","TabPFN-v2p5 🇩🇪","1","all","","n307","REG_IMAGE_PAINTING_PRICE","2026-04-11T14:40:56.000Z"
"tabpfnv2_REG_IMAGE_PAINTING_PRICE_1","0.259939128512388","15","TabPFN-v2 🤯","1","all","","n305","REG_IMAGE_PAINTING_PRICE","2026-04-11T14:39:02.000Z"
"tabm_REG_IMAGE_PAINTING_PRICE_1","0.318756183109546","15","TabM Ⓜ️","1","all","","n305","REG_IMAGE_PAINTING_PRICE","2026-04-11T14:34:43.000Z"
"cat_REG_IMAGE_PAINTING_PRICE_1","0.2850193395454309","15","CatBoost 😸","1","all","","n309","REG_IMAGE_PAINTING_PRICE","2026-04-11T14:28:54.000Z"
"light_REG_IMAGE_PAINTING_PRICE_1","0.2619365318568093","15","LightGBM 💡","1","all","","n309","REG_IMAGE_PAINTING_PRICE","2026-04-11T14:22:13.000Z"
"tabpfnv2p5_REG_IMAGE_PAINTING_PRICE_0","0.40772844751336845","15","TabPFN-v2p5 🇩🇪","0","all","","n307","REG_IMAGE_PAINTING_PRICE","2026-04-11T14:19:25.000Z"
"tabpfnv2_REG_IMAGE_PAINTING_PRICE_0","0.3903083852160972","15","TabPFN-v2 🤯","0","all","","n306","REG_IMAGE_PAINTING_PRICE","2026-04-11T14:07:53.000Z"
"tabm_REG_IMAGE_PAINTING_PRICE_0","0.4298661483826556","15","TabM Ⓜ️","0","all","","n305","REG_IMAGE_PAINTING_PRICE","2026-04-11T14:07:08.000Z"
"cat_REG_IMAGE_PAINTING_PRICE_0","0.31277064188956416","15","CatBoost 😸","0","all","","n306","REG_IMAGE_PAINTING_PRICE","2026-04-11T14:04:31.000Z"
"light_REG_IMAGE_PAINTING_PRICE_0","0.33158362290914345","15","LightGBM 💡","0","all","","n306","REG_IMAGE_PAINTING_PRICE","2026-04-11T14:03:09.000Z"
"tabpfnv2p5_REG_IMAGE_MKPHOTO_BOTS_4","0.4229477414728683","15","TabPFN-v2p5 🇩🇪","4","all","","n305","REG_IMAGE_MKPHOTO_BOTS","2026-04-11T14:01:55.000Z"
"tabpfnv2_REG_IMAGE_MKPHOTO_BOTS_4","0.3635008240253865","15","TabPFN-v2 🤯","4","all","","n306","REG_IMAGE_MKPHOTO_BOTS","2026-04-11T13:59:13.000Z"
"tabm_REG_IMAGE_MKPHOTO_BOTS_4","0.39833160514133537","15","TabM Ⓜ️","4","all","","n309","REG_IMAGE_MKPHOTO_BOTS","2026-04-11T13:56:50.000Z"
"cat_REG_IMAGE_MKPHOTO_BOTS_4","0.3809464462525537","15","CatBoost 😸","4","all","","n309","REG_IMAGE_MKPHOTO_BOTS","2026-04-11T13:55:38.000Z"
"light_REG_IMAGE_MKPHOTO_BOTS_4","0.3746990698934398","15","LightGBM 💡","4","all","","n305","REG_IMAGE_MKPHOTO_BOTS","2026-04-11T13:53:24.000Z"
"tabpfnv2p5_REG_IMAGE_MKPHOTO_BOTS_3","0.35004778336877307","15","TabPFN-v2p5 🇩🇪","3","all","","n309","REG_IMAGE_MKPHOTO_BOTS","2026-04-11T13:50:50.000Z"
"tabpfnv2_REG_IMAGE_MKPHOTO_BOTS_3","0.30417072966876213","15","TabPFN-v2 🤯","3","all","","n305","REG_IMAGE_MKPHOTO_BOTS","2026-04-11T13:48:50.000Z"
"tabm_REG_IMAGE_MKPHOTO_BOTS_3","0.3123843615811177","15","TabM Ⓜ️","3","all","","n307","REG_IMAGE_MKPHOTO_BOTS","2026-04-11T13:48:14.000Z"
"cat_REG_IMAGE_MKPHOTO_BOTS_3","0.3567940942454788","15","CatBoost 😸","3","all","","n306","REG_IMAGE_MKPHOTO_BOTS","2026-04-11T13:46:36.000Z"
"light_REG_IMAGE_MKPHOTO_BOTS_3","0.3394560661163326","15","LightGBM 💡","3","all","","n309","REG_IMAGE_MKPHOTO_BOTS","2026-04-11T13:44:54.000Z"
"tabpfnv2p5_REG_IMAGE_MKPHOTO_BOTS_2","0.3661487896512957","15","TabPFN-v2p5 🇩🇪","2","all","","n307","REG_IMAGE_MKPHOTO_BOTS","2026-04-11T13:43:59.000Z"
"tabpfnv2_REG_IMAGE_MKPHOTO_BOTS_2","0.3120461556206854","15","TabPFN-v2 🤯","2","all","","n309","REG_IMAGE_MKPHOTO_BOTS","2026-04-11T13:41:27.000Z"
"tabm_REG_IMAGE_MKPHOTO_BOTS_2","0.34505949992468565","15","TabM Ⓜ️","2","all","","n309","REG_IMAGE_MKPHOTO_BOTS","2026-04-11T13:40:37.000Z"
"cat_REG_IMAGE_MKPHOTO_BOTS_2","0.3204975322996164","15","CatBoost 😸","2","all","","n306","REG_IMAGE_MKPHOTO_BOTS","2026-04-11T13:38:08.000Z"
"light_REG_IMAGE_MKPHOTO_BOTS_2","0.3149459363577969","15","LightGBM 💡","2","all","","n309","REG_IMAGE_MKPHOTO_BOTS","2026-04-11T13:37:21.000Z"
"tabpfnv2p5_REG_IMAGE_MKPHOTO_BOTS_1","0.38142868361917526","15","TabPFN-v2p5 🇩🇪","1","all","","n306","REG_IMAGE_MKPHOTO_BOTS","2026-04-11T13:36:20.000Z"
"tabpfnv2_REG_IMAGE_MKPHOTO_BOTS_1","0.33508148888812916","15","TabPFN-v2 🤯","1","all","","n309","REG_IMAGE_MKPHOTO_BOTS","2026-04-11T13:35:07.000Z"
"tabm_REG_IMAGE_MKPHOTO_BOTS_1","0.3597687564244004","15","TabM Ⓜ️","1","all","","n306","REG_IMAGE_MKPHOTO_BOTS","2026-04-11T13:32:28.000Z"
"cat_REG_IMAGE_MKPHOTO_BOTS_1","0.3603206592161779","15","CatBoost 😸","1","all","","n309","REG_IMAGE_MKPHOTO_BOTS","2026-04-11T13:31:45.000Z"
"light_REG_IMAGE_MKPHOTO_BOTS_1","0.3148539421771912","15","LightGBM 💡","1","all","","n309","REG_IMAGE_MKPHOTO_BOTS","2026-04-11T13:29:11.000Z"
"tabpfnv2p5_REG_IMAGE_MKPHOTO_BOTS_0","0.33284604409523144","15","TabPFN-v2p5 🇩🇪","0","all","","n309","REG_IMAGE_MKPHOTO_BOTS","2026-04-11T13:27:57.000Z"
"tabpfnv2_REG_IMAGE_MKPHOTO_BOTS_0","0.27578607694440493","15","TabPFN-v2 🤯","0","all","","n309","REG_IMAGE_MKPHOTO_BOTS","2026-04-11T13:26:39.000Z"
"tabm_REG_IMAGE_MKPHOTO_BOTS_0","0.25977193936803744","15","TabM Ⓜ️","0","all","","n307","REG_IMAGE_MKPHOTO_BOTS","2026-04-11T13:25:14.000Z"
"cat_REG_IMAGE_MKPHOTO_BOTS_0","0.28385630556797625","15","CatBoost 😸","0","all","","n305","REG_IMAGE_MKPHOTO_BOTS","2026-04-11T13:24:57.000Z"
"light_REG_IMAGE_MKPHOTO_BOTS_0","0.27630048166941334","15","LightGBM 💡","0","all","","n305","REG_IMAGE_MKPHOTO_BOTS","2026-04-11T13:24:08.000Z"
"tabpfnv2p5_REG_IMAGE_MANGO_MASS_4","0.47859177342197823","15","TabPFN-v2p5 🇩🇪","4","all","","n305","REG_IMAGE_MANGO_MASS","2026-04-11T13:23:51.000Z"
"tabpfnv2_REG_IMAGE_MANGO_MASS_4","0.4554261427178796","15","TabPFN-v2 🤯","4","all","","n305","REG_IMAGE_MANGO_MASS","2026-04-11T13:23:29.000Z"
"tabm_REG_IMAGE_MANGO_MASS_4","0.5183941508634802","15","TabM Ⓜ️","4","all","","n305","REG_IMAGE_MANGO_MASS","2026-04-11T13:23:11.000Z"
"cat_REG_IMAGE_MANGO_MASS_4","0.4384140640421011","15","CatBoost 😸","4","all","","n307","REG_IMAGE_MANGO_MASS","2026-04-11T13:22:28.000Z"
"light_REG_IMAGE_MANGO_MASS_4","0.3520172775914273","15","LightGBM 💡","4","all","","n309","REG_IMAGE_MANGO_MASS","2026-04-11T13:21:56.000Z"
"tabpfnv2p5_REG_IMAGE_MANGO_MASS_3","0.5497975329341591","15","TabPFN-v2p5 🇩🇪","3","all","","n306","REG_IMAGE_MANGO_MASS","2026-04-11T13:21:36.000Z"
"tabpfnv2_REG_IMAGE_MANGO_MASS_3","0.5486202961408474","15","TabPFN-v2 🤯","3","all","","n309","REG_IMAGE_MANGO_MASS","2026-04-11T13:21:18.000Z"
"tabm_REG_IMAGE_MANGO_MASS_3","0.4656140158295956","15","TabM Ⓜ️","3","all","","n305","REG_IMAGE_MANGO_MASS","2026-04-11T13:20:57.000Z"
"cat_REG_IMAGE_MANGO_MASS_3","0.4750848658246634","15","CatBoost 😸","3","all","","n305","REG_IMAGE_MANGO_MASS","2026-04-11T13:20:39.000Z"
"light_REG_IMAGE_MANGO_MASS_3","0.4010945158727943","15","LightGBM 💡","3","all","","n306","REG_IMAGE_MANGO_MASS","2026-04-11T13:20:22.000Z"
"tabpfnv2p5_REG_IMAGE_MANGO_MASS_2","0.6023256120089665","15","TabPFN-v2p5 🇩🇪","2","all","","n305","REG_IMAGE_MANGO_MASS","2026-04-11T13:19:59.000Z"
"tabpfnv2_REG_IMAGE_MANGO_MASS_2","0.5606531510680121","15","TabPFN-v2 🤯","2","all","","n309","REG_IMAGE_MANGO_MASS","2026-04-11T13:19:39.000Z"
"tabm_REG_IMAGE_MANGO_MASS_2","0.6123071404524701","15","TabM Ⓜ️","2","all","","n306","REG_IMAGE_MANGO_MASS","2026-04-11T13:19:19.000Z"
"cat_REG_IMAGE_MANGO_MASS_2","0.5213492228343597","15","CatBoost 😸","2","all","","n306","REG_IMAGE_MANGO_MASS","2026-04-11T13:18:50.000Z"
"light_REG_IMAGE_MANGO_MASS_2","0.5263444928830101","15","LightGBM 💡","2","all","","n306","REG_IMAGE_MANGO_MASS","2026-04-11T13:18:23.000Z"
"tabpfnv2p5_REG_IMAGE_MANGO_MASS_1","0.5233662215575596","15","TabPFN-v2p5 🇩🇪","1","all","","n306","REG_IMAGE_MANGO_MASS","2026-04-11T13:18:13.000Z"
"tabpfnv2_REG_IMAGE_MANGO_MASS_1","0.5369214106973134","15","TabPFN-v2 🤯","1","all","","n306","REG_IMAGE_MANGO_MASS","2026-04-11T13:17:36.000Z"
"tabm_REG_IMAGE_MANGO_MASS_1","0.4463490766358939","15","TabM Ⓜ️","1","all","","n305","REG_IMAGE_MANGO_MASS","2026-04-11T13:16:58.000Z"
"cat_REG_IMAGE_MANGO_MASS_1","0.5019198945752141","15","CatBoost 😸","1","all","","n306","REG_IMAGE_MANGO_MASS","2026-04-11T13:16:36.000Z"
"light_REG_IMAGE_MANGO_MASS_1","0.48580963074769545","15","LightGBM 💡","1","all","","n307","REG_IMAGE_MANGO_MASS","2026-04-11T13:15:43.000Z"
"tabpfnv2p5_REG_IMAGE_MANGO_MASS_0","0.5011252721343767","15","TabPFN-v2p5 🇩🇪","0","all","","n305","REG_IMAGE_MANGO_MASS","2026-04-11T13:15:02.000Z"
"tabpfnv2_REG_IMAGE_MANGO_MASS_0","0.4768429576786668","15","TabPFN-v2 🤯","0","all","","n305","REG_IMAGE_MANGO_MASS","2026-04-11T13:14:40.000Z"
"tabm_REG_IMAGE_MANGO_MASS_0","0.46771571933041656","15","TabM Ⓜ️","0","all","","n309","REG_IMAGE_MANGO_MASS","2026-04-11T13:13:31.000Z"
"cat_REG_IMAGE_MANGO_MASS_0","0.39437569612769774","15","CatBoost 😸","0","all","","n307","REG_IMAGE_MANGO_MASS","2026-04-11T13:12:25.000Z"
"light_REG_IMAGE_MANGO_MASS_0","0.34071607920364877","15","LightGBM 💡","0","all","","n306","REG_IMAGE_MANGO_MASS","2026-04-11T13:10:27.000Z"
"tabpfnv2p5_REG_IMAGE_LETTERBOXD_MOVIES_4","0.4894321844225336","15","TabPFN-v2p5 🇩🇪","4","all","","n309","REG_IMAGE_LETTERBOXD_MOVIES","2026-04-11T13:08:05.000Z"
"tabpfnv2_REG_IMAGE_LETTERBOXD_MOVIES_4","0.4730022697100905","15","TabPFN-v2 🤯","4","all","","n305","REG_IMAGE_LETTERBOXD_MOVIES","2026-04-11T13:06:56.000Z"
"tabm_REG_IMAGE_LETTERBOXD_MOVIES_4","0.4733549894125349","15","TabM Ⓜ️","4","all","","n307","REG_IMAGE_LETTERBOXD_MOVIES","2026-04-11T13:02:59.000Z"
"cat_REG_IMAGE_LETTERBOXD_MOVIES_4","0.45391231331942183","15","CatBoost 😸","4","all","","n309","REG_IMAGE_LETTERBOXD_MOVIES","2026-04-11T13:01:17.000Z"
"light_REG_IMAGE_LETTERBOXD_MOVIES_4","0.4486074591837005","15","LightGBM 💡","4","all","","n305","REG_IMAGE_LETTERBOXD_MOVIES","2026-04-11T12:59:58.000Z"
"tabpfnv2p5_REG_IMAGE_LETTERBOXD_MOVIES_3","0.5173761774609031","15","TabPFN-v2p5 🇩🇪","3","all","","n309","REG_IMAGE_LETTERBOXD_MOVIES","2026-04-11T12:57:51.000Z"
"tabpfnv2_REG_IMAGE_LETTERBOXD_MOVIES_3","0.5004073720753761","15","TabPFN-v2 🤯","3","all","","n309","REG_IMAGE_LETTERBOXD_MOVIES","2026-04-11T12:54:58.000Z"
"tabm_REG_IMAGE_LETTERBOXD_MOVIES_3","0.49651982440838394","15","TabM Ⓜ️","3","all","","n309","REG_IMAGE_LETTERBOXD_MOVIES","2026-04-11T12:53:44.000Z"
"cat_REG_IMAGE_LETTERBOXD_MOVIES_3","0.4747136481621787","15","CatBoost 😸","3","all","","n305","REG_IMAGE_LETTERBOXD_MOVIES","2026-04-11T12:52:01.000Z"
"light_REG_IMAGE_LETTERBOXD_MOVIES_3","0.4757346722525796","15","LightGBM 💡","3","all","","n306","REG_IMAGE_LETTERBOXD_MOVIES","2026-04-11T12:49:42.000Z"
"tabpfnv2p5_REG_IMAGE_LETTERBOXD_MOVIES_2","0.4579717980937984","15","TabPFN-v2p5 🇩🇪","2","all","","n305","REG_IMAGE_LETTERBOXD_MOVIES","2026-04-11T12:47:14.000Z"
"tabpfnv2_REG_IMAGE_LETTERBOXD_MOVIES_2","0.4440562921946456","15","TabPFN-v2 🤯","2","all","","n309","REG_IMAGE_LETTERBOXD_MOVIES","2026-04-11T12:45:32.000Z"
"tabm_REG_IMAGE_LETTERBOXD_MOVIES_2","0.4380364514768206","15","TabM Ⓜ️","2","all","","n305","REG_IMAGE_LETTERBOXD_MOVIES","2026-04-11T12:43:39.000Z"
"cat_REG_IMAGE_LETTERBOXD_MOVIES_2","0.42132409926761816","15","CatBoost 😸","2","all","","n309","REG_IMAGE_LETTERBOXD_MOVIES","2026-04-11T12:41:27.000Z"
"light_REG_IMAGE_LETTERBOXD_MOVIES_2","0.4104422258148688","15","LightGBM 💡","2","all","","n307","REG_IMAGE_LETTERBOXD_MOVIES","2026-04-11T12:40:08.000Z"
"tabpfnv2p5_REG_IMAGE_LETTERBOXD_MOVIES_1","0.4470659037233457","15","TabPFN-v2p5 🇩🇪","1","all","","n307","REG_IMAGE_LETTERBOXD_MOVIES","2026-04-11T12:38:00.000Z"
"tabpfnv2_REG_IMAGE_LETTERBOXD_MOVIES_1","0.428027144358507","15","TabPFN-v2 🤯","1","all","","n306","REG_IMAGE_LETTERBOXD_MOVIES","2026-04-11T12:35:57.000Z"
"tabm_REG_IMAGE_LETTERBOXD_MOVIES_1","0.4390541775763238","15","TabM Ⓜ️","1","all","","n305","REG_IMAGE_LETTERBOXD_MOVIES","2026-04-11T12:32:05.000Z"
"cat_REG_IMAGE_LETTERBOXD_MOVIES_1","0.4224560594268379","15","CatBoost 😸","1","all","","n306","REG_IMAGE_LETTERBOXD_MOVIES","2026-04-11T12:31:17.000Z"
"light_REG_IMAGE_LETTERBOXD_MOVIES_1","0.41494651363613666","15","LightGBM 💡","1","all","","n305","REG_IMAGE_LETTERBOXD_MOVIES","2026-04-11T12:29:43.000Z"
"tabpfnv2p5_REG_IMAGE_LETTERBOXD_MOVIES_0","0.5108710438754256","15","TabPFN-v2p5 🇩🇪","0","all","","n306","REG_IMAGE_LETTERBOXD_MOVIES","2026-04-11T12:25:38.000Z"
"tabpfnv2_REG_IMAGE_LETTERBOXD_MOVIES_0","0.4985521570725115","15","TabPFN-v2 🤯","0","all","","n305","REG_IMAGE_LETTERBOXD_MOVIES","2026-04-11T12:23:37.000Z"
"tabm_REG_IMAGE_LETTERBOXD_MOVIES_0","0.4965888554682679","15","TabM Ⓜ️","0","all","","n307","REG_IMAGE_LETTERBOXD_MOVIES","2026-04-11T12:22:38.000Z"
"cat_REG_IMAGE_LETTERBOXD_MOVIES_0","0.46539260989145825","15","CatBoost 😸","0","all","","n306","REG_IMAGE_LETTERBOXD_MOVIES","2026-04-11T12:21:40.000Z"
"light_REG_IMAGE_LETTERBOXD_MOVIES_0","0.4882984835739891","15","LightGBM 💡","0","all","","n309","REG_IMAGE_LETTERBOXD_MOVIES","2026-04-11T12:21:07.000Z"
"tabpfnv2p5_REG_IMAGE_KHAADI_CLOTHES_4","-0.363606333732605","15","TabPFN-v2p5 🇩🇪","4","all","","n305","REG_IMAGE_KHAADI_CLOTHES","2026-04-11T12:20:33.000Z"
"tabpfnv2_REG_IMAGE_KHAADI_CLOTHES_4","0.9716642498970032","15","TabPFN-v2 🤯","4","all","","n309","REG_IMAGE_KHAADI_CLOTHES","2026-04-11T12:19:54.000Z"
"tabm_REG_IMAGE_KHAADI_CLOTHES_4","0.8344008922576904","15","TabM Ⓜ️","4","all","","n309","REG_IMAGE_KHAADI_CLOTHES","2026-04-11T12:19:38.000Z"
"cat_REG_IMAGE_KHAADI_CLOTHES_4","0.5696597990505297","15","CatBoost 😸","4","all","","n309","REG_IMAGE_KHAADI_CLOTHES","2026-04-11T12:18:19.000Z"
"light_REG_IMAGE_KHAADI_CLOTHES_4","0.49933313337940066","15","LightGBM 💡","4","all","","n306","REG_IMAGE_KHAADI_CLOTHES","2026-04-11T12:17:47.000Z"
"tabpfnv2p5_REG_IMAGE_KHAADI_CLOTHES_3","0.5926885008811951","15","TabPFN-v2p5 🇩🇪","3","all","","n305","REG_IMAGE_KHAADI_CLOTHES","2026-04-11T12:17:10.000Z"
"tabpfnv2_REG_IMAGE_KHAADI_CLOTHES_3","0.5671660900115967","15","TabPFN-v2 🤯","3","all","","n309","REG_IMAGE_KHAADI_CLOTHES","2026-04-11T12:16:56.000Z"
"tabm_REG_IMAGE_KHAADI_CLOTHES_3","-0.3122227191925049","15","TabM Ⓜ️","3","all","","n305","REG_IMAGE_KHAADI_CLOTHES","2026-04-11T12:16:32.000Z"
"cat_REG_IMAGE_KHAADI_CLOTHES_3","-1.1706812304835763","15","CatBoost 😸","3","all","","n306","REG_IMAGE_KHAADI_CLOTHES","2026-04-11T12:16:11.000Z"
"light_REG_IMAGE_KHAADI_CLOTHES_3","-1.0339346564267935","15","LightGBM 💡","3","all","","n309","REG_IMAGE_KHAADI_CLOTHES","2026-04-11T12:15:48.000Z"
"tabpfnv2p5_REG_IMAGE_KHAADI_CLOTHES_2","-0.1108248233795166","15","TabPFN-v2p5 🇩🇪","2","all","","n306","REG_IMAGE_KHAADI_CLOTHES","2026-04-11T12:14:42.000Z"
"tabpfnv2_REG_IMAGE_KHAADI_CLOTHES_2","0.3916308879852295","15","TabPFN-v2 🤯","2","all","","n305","REG_IMAGE_KHAADI_CLOTHES","2026-04-11T12:14:03.000Z"
"tabm_REG_IMAGE_KHAADI_CLOTHES_2","0.6120932102203369","15","TabM Ⓜ️","2","all","","n306","REG_IMAGE_KHAADI_CLOTHES","2026-04-11T12:13:33.000Z"
"cat_REG_IMAGE_KHAADI_CLOTHES_2","0.35695666529149417","15","CatBoost 😸","2","all","","n305","REG_IMAGE_KHAADI_CLOTHES","2026-04-11T12:13:08.000Z"
"light_REG_IMAGE_KHAADI_CLOTHES_2","0.023194389157083717","15","LightGBM 💡","2","all","","n309","REG_IMAGE_KHAADI_CLOTHES","2026-04-11T12:12:09.000Z"
"tabpfnv2p5_REG_IMAGE_KHAADI_CLOTHES_1","0.9368379712104796","15","TabPFN-v2p5 🇩🇪","1","all","","n306","REG_IMAGE_KHAADI_CLOTHES","2026-04-11T12:11:54.000Z"
"tabpfnv2_REG_IMAGE_KHAADI_CLOTHES_1","0.8218252062797546","15","TabPFN-v2 🤯","1","all","","n309","REG_IMAGE_KHAADI_CLOTHES","2026-04-11T12:11:25.000Z"
"tabm_REG_IMAGE_KHAADI_CLOTHES_1","0.7164488434791565","15","TabM Ⓜ️","1","all","","n305","REG_IMAGE_KHAADI_CLOTHES","2026-04-11T12:10:47.000Z"
"cat_REG_IMAGE_KHAADI_CLOTHES_1","0.45590287873822755","15","CatBoost 😸","1","all","","n305","REG_IMAGE_KHAADI_CLOTHES","2026-04-11T12:09:38.000Z"
"light_REG_IMAGE_KHAADI_CLOTHES_1","0.3717109426271796","15","LightGBM 💡","1","all","","n305","REG_IMAGE_KHAADI_CLOTHES","2026-04-11T12:09:18.000Z"
"tabpfnv2p5_REG_IMAGE_KHAADI_CLOTHES_0","0.6042298078536987","15","TabPFN-v2p5 🇩🇪","0","all","","n305","REG_IMAGE_KHAADI_CLOTHES","2026-04-11T12:08:24.000Z"
"tabpfnv2_REG_IMAGE_KHAADI_CLOTHES_0","0.7530955076217651","15","TabPFN-v2 🤯","0","all","","n309","REG_IMAGE_KHAADI_CLOTHES","2026-04-11T12:08:05.000Z"
"tabm_REG_IMAGE_KHAADI_CLOTHES_0","0.8643401265144348","15","TabM Ⓜ️","0","all","","n305","REG_IMAGE_KHAADI_CLOTHES","2026-04-11T12:06:39.000Z"
"cat_REG_IMAGE_KHAADI_CLOTHES_0","0.8247607690652264","15","CatBoost 😸","0","all","","n306","REG_IMAGE_KHAADI_CLOTHES","2026-04-11T12:05:09.000Z"
"light_REG_IMAGE_KHAADI_CLOTHES_0","0.6213622441446305","15","LightGBM 💡","0","all","","n306","REG_IMAGE_KHAADI_CLOTHES","2026-04-11T12:04:01.000Z"
"tabpfnv2p5_REG_IMAGE_HNM_FASHION_4","0.3113043614128447","15","TabPFN-v2p5 🇩🇪","4","all","","n309","REG_IMAGE_HNM_FASHION","2026-04-11T12:02:33.000Z"
"tabpfnv2_REG_IMAGE_HNM_FASHION_4","0.2887093380195158","15","TabPFN-v2 🤯","4","all","","n306","REG_IMAGE_HNM_FASHION","2026-04-11T12:00:26.000Z"
"tabm_REG_IMAGE_HNM_FASHION_4","0.30265299549005753","15","TabM Ⓜ️","4","all","","n305","REG_IMAGE_HNM_FASHION","2026-04-11T11:58:59.000Z"
"cat_REG_IMAGE_HNM_FASHION_4","0.28489219499954177","15","CatBoost 😸","4","all","","n306","REG_IMAGE_HNM_FASHION","2026-04-11T11:55:49.000Z"
"light_REG_IMAGE_HNM_FASHION_4","0.2747155398791298","15","LightGBM 💡","4","all","","n306","REG_IMAGE_HNM_FASHION","2026-04-11T11:54:52.000Z"
"tabpfnv2p5_REG_IMAGE_HNM_FASHION_3","0.28525794141665983","15","TabPFN-v2p5 🇩🇪","3","all","","n305","REG_IMAGE_HNM_FASHION","2026-04-11T11:52:58.000Z"
"tabpfnv2_REG_IMAGE_HNM_FASHION_3","0.2580736661044083","15","TabPFN-v2 🤯","3","all","","n305","REG_IMAGE_HNM_FASHION","2026-04-11T11:51:08.000Z"
"tabm_REG_IMAGE_HNM_FASHION_3","0.26791321843492066","15","TabM Ⓜ️","3","all","","n309","REG_IMAGE_HNM_FASHION","2026-04-11T11:49:24.000Z"
"cat_REG_IMAGE_HNM_FASHION_3","0.2660177204220989","15","CatBoost 😸","3","all","","n305","REG_IMAGE_HNM_FASHION","2026-04-11T11:46:58.000Z"
"light_REG_IMAGE_HNM_FASHION_3","0.2505833643688752","15","LightGBM 💡","3","all","","n305","REG_IMAGE_HNM_FASHION","2026-04-11T11:45:28.000Z"
"tabpfnv2p5_REG_IMAGE_HNM_FASHION_2","0.28532384615108375","15","TabPFN-v2p5 🇩🇪","2","all","","n306","REG_IMAGE_HNM_FASHION","2026-04-11T11:43:06.000Z"
"tabpfnv2_REG_IMAGE_HNM_FASHION_2","0.2688598874955185","15","TabPFN-v2 🤯","2","all","","n306","REG_IMAGE_HNM_FASHION","2026-04-11T11:41:26.000Z"
"tabm_REG_IMAGE_HNM_FASHION_2","0.2635096675888138","15","TabM Ⓜ️","2","all","","n309","REG_IMAGE_HNM_FASHION","2026-04-11T11:39:53.000Z"
"cat_REG_IMAGE_HNM_FASHION_2","0.2562393610277015","15","CatBoost 😸","2","all","","n309","REG_IMAGE_HNM_FASHION","2026-04-11T11:38:51.000Z"
"light_REG_IMAGE_HNM_FASHION_2","0.2441394951113698","15","LightGBM 💡","2","all","","n305","REG_IMAGE_HNM_FASHION","2026-04-11T11:35:59.000Z"
"tabpfnv2p5_REG_IMAGE_HNM_FASHION_1","0.2882947833568734","15","TabPFN-v2p5 🇩🇪","1","all","","n305","REG_IMAGE_HNM_FASHION","2026-04-11T11:34:31.000Z"
"tabpfnv2_REG_IMAGE_HNM_FASHION_1","0.2756910114136125","15","TabPFN-v2 🤯","1","all","","n309","REG_IMAGE_HNM_FASHION","2026-04-11T11:33:42.000Z"
"tabm_REG_IMAGE_HNM_FASHION_1","0.2798678727908118","15","TabM Ⓜ️","1","all","","n306","REG_IMAGE_HNM_FASHION","2026-04-11T11:31:52.000Z"
"cat_REG_IMAGE_HNM_FASHION_1","0.27707711045880956","15","CatBoost 😸","1","all","","n305","REG_IMAGE_HNM_FASHION","2026-04-11T11:29:19.000Z"
"light_REG_IMAGE_HNM_FASHION_1","0.2707401179155734","15","LightGBM 💡","1","all","","n309","REG_IMAGE_HNM_FASHION","2026-04-11T11:27:21.000Z"
"tabpfnv2p5_REG_IMAGE_HNM_FASHION_0","0.2958362695957205","15","TabPFN-v2p5 🇩🇪","0","all","","n309","REG_IMAGE_HNM_FASHION","2026-04-11T11:26:13.000Z"
"tabpfnv2_REG_IMAGE_HNM_FASHION_0","0.2770921460532607","15","TabPFN-v2 🤯","0","all","","n305","REG_IMAGE_HNM_FASHION","2026-04-11T11:23:55.000Z"
"tabm_REG_IMAGE_HNM_FASHION_0","0.2740701034577214","15","TabM Ⓜ️","0","all","","n309","REG_IMAGE_HNM_FASHION","2026-04-11T11:21:42.000Z"
"cat_REG_IMAGE_HNM_FASHION_0","0.2647536627229582","15","CatBoost 😸","0","all","","n305","REG_IMAGE_HNM_FASHION","2026-04-11T11:18:56.000Z"
"light_REG_IMAGE_HNM_FASHION_0","0.2481996488242667","15","LightGBM 💡","0","all","","n306","REG_IMAGE_HNM_FASHION","2026-04-11T11:18:38.000Z"
"tabpfnv2p5_REG_IMAGE_AMAZON_PACKAGES_4","0.5191705243223415","15","TabPFN-v2p5 🇩🇪","4","all","","n309","REG_IMAGE_AMAZON_PACKAGES","2026-04-11T11:15:23.000Z"
"tabpfnv2_REG_IMAGE_AMAZON_PACKAGES_4","0.5113276303695367","15","TabPFN-v2 🤯","4","all","","n306","REG_IMAGE_AMAZON_PACKAGES","2026-04-11T11:11:49.000Z"
"tabm_REG_IMAGE_AMAZON_PACKAGES_4","0.5081884525604838","15","TabM Ⓜ️","4","all","","n309","REG_IMAGE_AMAZON_PACKAGES","2026-04-11T11:08:35.000Z"
"cat_REG_IMAGE_AMAZON_PACKAGES_4","0.4825631089535479","15","CatBoost 😸","4","all","","n305","REG_IMAGE_AMAZON_PACKAGES","2026-04-11T11:07:09.000Z"
"light_REG_IMAGE_AMAZON_PACKAGES_4","0.4753162370608108","15","LightGBM 💡","4","all","","n307","REG_IMAGE_AMAZON_PACKAGES","2026-04-11T11:05:06.000Z"
"tabpfnv2p5_REG_IMAGE_AMAZON_PACKAGES_3","0.5764973833213427","15","TabPFN-v2p5 🇩🇪","3","all","","n306","REG_IMAGE_AMAZON_PACKAGES","2026-04-11T11:02:18.000Z"
"tabpfnv2_REG_IMAGE_AMAZON_PACKAGES_3","0.5494715479676773","15","TabPFN-v2 🤯","3","all","","n309","REG_IMAGE_AMAZON_PACKAGES","2026-04-11T10:59:34.000Z"
"tabm_REG_IMAGE_AMAZON_PACKAGES_3","0.5520508579885546","15","TabM Ⓜ️","3","all","","n306","REG_IMAGE_AMAZON_PACKAGES","2026-04-11T10:57:22.000Z"
"cat_REG_IMAGE_AMAZON_PACKAGES_3","0.5419505060460805","15","CatBoost 😸","3","all","","n306","REG_IMAGE_AMAZON_PACKAGES","2026-04-11T10:55:40.000Z"
"light_REG_IMAGE_AMAZON_PACKAGES_3","0.532079997081897","15","LightGBM 💡","3","all","","n305","REG_IMAGE_AMAZON_PACKAGES","2026-04-11T10:53:35.000Z"
"tabpfnv2p5_REG_IMAGE_AMAZON_PACKAGES_2","0.5625867178352133","15","TabPFN-v2p5 🇩🇪","2","all","","n309","REG_IMAGE_AMAZON_PACKAGES","2026-04-11T10:49:51.000Z"
"tabpfnv2_REG_IMAGE_AMAZON_PACKAGES_2","0.5586924474033377","15","TabPFN-v2 🤯","2","all","","n306","REG_IMAGE_AMAZON_PACKAGES","2026-04-11T10:48:13.000Z"
"tabm_REG_IMAGE_AMAZON_PACKAGES_2","0.5432595589120217","15","TabM Ⓜ️","2","all","","n305","REG_IMAGE_AMAZON_PACKAGES","2026-04-11T10:47:06.000Z"
"cat_REG_IMAGE_AMAZON_PACKAGES_2","0.5278210774338806","15","CatBoost 😸","2","all","","n305","REG_IMAGE_AMAZON_PACKAGES","2026-04-11T10:42:15.000Z"
"light_REG_IMAGE_AMAZON_PACKAGES_2","0.5265980475232903","15","LightGBM 💡","2","all","","n309","REG_IMAGE_AMAZON_PACKAGES","2026-04-11T10:41:43.000Z"
"tabpfnv2p5_REG_IMAGE_AMAZON_PACKAGES_1","0.45008951980535017","15","TabPFN-v2p5 🇩🇪","1","all","","n307","REG_IMAGE_AMAZON_PACKAGES","2026-04-11T10:38:22.000Z"
"tabpfnv2_REG_IMAGE_AMAZON_PACKAGES_1","0.4507130913979125","15","TabPFN-v2 🤯","1","all","","n305","REG_IMAGE_AMAZON_PACKAGES","2026-04-11T10:36:19.000Z"
"tabm_REG_IMAGE_AMAZON_PACKAGES_1","0.4375621386499178","15","TabM Ⓜ️","1","all","","n309","REG_IMAGE_AMAZON_PACKAGES","2026-04-11T10:35:11.000Z"
"cat_REG_IMAGE_AMAZON_PACKAGES_1","0.4198503063992048","15","CatBoost 😸","1","all","","n307","REG_IMAGE_AMAZON_PACKAGES","2026-04-11T10:32:00.000Z"
"light_REG_IMAGE_AMAZON_PACKAGES_1","0.4018646622335464","15","LightGBM 💡","1","all","","n306","REG_IMAGE_AMAZON_PACKAGES","2026-04-11T10:29:18.000Z"
"tabpfnv2p5_REG_IMAGE_AMAZON_PACKAGES_0","0.5593337870621133","15","TabPFN-v2p5 🇩🇪","0","all","","n309","REG_IMAGE_AMAZON_PACKAGES","2026-04-11T10:28:18.000Z"
"tabpfnv2_REG_IMAGE_AMAZON_PACKAGES_0","0.5584527957922871","15","TabPFN-v2 🤯","0","all","","n305","REG_IMAGE_AMAZON_PACKAGES","2026-04-11T10:22:59.000Z"
"tabm_REG_IMAGE_AMAZON_PACKAGES_0","0.5457481992164492","15","TabM Ⓜ️","0","all","","n307","REG_IMAGE_AMAZON_PACKAGES","2026-04-11T10:22:16.000Z"
"cat_REG_IMAGE_AMAZON_PACKAGES_0","0.5208190905543961","15","CatBoost 😸","0","all","","n306","REG_IMAGE_AMAZON_PACKAGES","2026-04-11T10:21:05.000Z"
"light_REG_IMAGE_AMAZON_PACKAGES_0","0.4747855600545319","15","LightGBM 💡","0","all","","n305","REG_IMAGE_AMAZON_PACKAGES","2026-04-11T10:20:32.000Z"
"tabpfnv2p5_REG_IMAGE_AMAZON_BEST_SELLER_4","0.6002405631266805","15","TabPFN-v2p5 🇩🇪","4","all","","n309","REG_IMAGE_AMAZON_BEST_SELLER","2026-04-11T10:20:07.000Z"
"tabpfnv2_REG_IMAGE_AMAZON_BEST_SELLER_4","0.5919120339870616","15","TabPFN-v2 🤯","4","all","","n309","REG_IMAGE_AMAZON_BEST_SELLER","2026-04-11T10:19:26.000Z"
"tabm_REG_IMAGE_AMAZON_BEST_SELLER_4","0.4974545193646617","15","TabM Ⓜ️","4","all","","n309","REG_IMAGE_AMAZON_BEST_SELLER","2026-04-11T10:18:50.000Z"
"cat_REG_IMAGE_AMAZON_BEST_SELLER_4","0.545817501003516","15","CatBoost 😸","4","all","","n309","REG_IMAGE_AMAZON_BEST_SELLER","2026-04-11T10:18:18.000Z"
"light_REG_IMAGE_AMAZON_BEST_SELLER_4","0.5056889738592107","15","LightGBM 💡","4","all","","n305","REG_IMAGE_AMAZON_BEST_SELLER","2026-04-11T10:18:00.000Z"
"tabpfnv2p5_REG_IMAGE_AMAZON_BEST_SELLER_3","0.6332154269447487","15","TabPFN-v2p5 🇩🇪","3","all","","n305","REG_IMAGE_AMAZON_BEST_SELLER","2026-04-11T10:17:36.000Z"
"tabpfnv2_REG_IMAGE_AMAZON_BEST_SELLER_3","0.6046315316955587","15","TabPFN-v2 🤯","3","all","","n307","REG_IMAGE_AMAZON_BEST_SELLER","2026-04-11T10:16:56.000Z"
"tabm_REG_IMAGE_AMAZON_BEST_SELLER_3","0.5592952621466786","15","TabM Ⓜ️","3","all","","n305","REG_IMAGE_AMAZON_BEST_SELLER","2026-04-11T10:16:24.000Z"
"cat_REG_IMAGE_AMAZON_BEST_SELLER_3","0.5322697361001264","15","CatBoost 😸","3","all","","n307","REG_IMAGE_AMAZON_BEST_SELLER","2026-04-11T10:15:48.000Z"
"light_REG_IMAGE_AMAZON_BEST_SELLER_3","0.489958622695283","15","LightGBM 💡","3","all","","n305","REG_IMAGE_AMAZON_BEST_SELLER","2026-04-11T10:15:24.000Z"
"tabpfnv2p5_REG_IMAGE_AMAZON_BEST_SELLER_2","0.5303729752202062","15","TabPFN-v2p5 🇩🇪","2","all","","n305","REG_IMAGE_AMAZON_BEST_SELLER","2026-04-11T10:14:47.000Z"
"tabpfnv2_REG_IMAGE_AMAZON_BEST_SELLER_2","0.5147093004851426","15","TabPFN-v2 🤯","2","all","","n305","REG_IMAGE_AMAZON_BEST_SELLER","2026-04-11T10:14:10.000Z"
"tabm_REG_IMAGE_AMAZON_BEST_SELLER_2","0.4586044341491097","15","TabM Ⓜ️","2","all","","n305","REG_IMAGE_AMAZON_BEST_SELLER","2026-04-11T10:13:28.000Z"
"cat_REG_IMAGE_AMAZON_BEST_SELLER_2","0.4467735665358528","15","CatBoost 😸","2","all","","n309","REG_IMAGE_AMAZON_BEST_SELLER","2026-04-11T10:13:11.000Z"
"light_REG_IMAGE_AMAZON_BEST_SELLER_2","0.4205969372392583","15","LightGBM 💡","2","all","","n306","REG_IMAGE_AMAZON_BEST_SELLER","2026-04-11T10:12:29.000Z"
"tabpfnv2p5_REG_IMAGE_AMAZON_BEST_SELLER_1","0.5684279713547263","15","TabPFN-v2p5 🇩🇪","1","all","","n305","REG_IMAGE_AMAZON_BEST_SELLER","2026-04-11T10:11:48.000Z"
"tabpfnv2_REG_IMAGE_AMAZON_BEST_SELLER_1","0.5391119834361382","15","TabPFN-v2 🤯","1","all","","n305","REG_IMAGE_AMAZON_BEST_SELLER","2026-04-11T10:11:24.000Z"
"tabm_REG_IMAGE_AMAZON_BEST_SELLER_1","0.5075244179780047","15","TabM Ⓜ️","1","all","","n309","REG_IMAGE_AMAZON_BEST_SELLER","2026-04-11T10:10:31.000Z"
"cat_REG_IMAGE_AMAZON_BEST_SELLER_1","0.47887973339115664","15","CatBoost 😸","1","all","","n309","REG_IMAGE_AMAZON_BEST_SELLER","2026-04-11T10:09:40.000Z"
"light_REG_IMAGE_AMAZON_BEST_SELLER_1","0.4219465153095414","15","LightGBM 💡","1","all","","n309","REG_IMAGE_AMAZON_BEST_SELLER","2026-04-11T10:09:21.000Z"
"tabpfnv2p5_REG_IMAGE_AMAZON_BEST_SELLER_0","0.653301341624251","15","TabPFN-v2p5 🇩🇪","0","all","","n307","REG_IMAGE_AMAZON_BEST_SELLER","2026-04-11T10:08:17.000Z"
"tabpfnv2_REG_IMAGE_AMAZON_BEST_SELLER_0","0.6312739613272409","15","TabPFN-v2 🤯","0","all","","n305","REG_IMAGE_AMAZON_BEST_SELLER","2026-04-11T10:08:01.000Z"
"tabm_REG_IMAGE_AMAZON_BEST_SELLER_0","0.5873251754119877","15","TabM Ⓜ️","0","all","","n305","REG_IMAGE_AMAZON_BEST_SELLER","2026-04-11T10:06:52.000Z"
"cat_REG_IMAGE_AMAZON_BEST_SELLER_0","0.5958103301388655","15","CatBoost 😸","0","all","","n305","REG_IMAGE_AMAZON_BEST_SELLER","2026-04-11T10:06:03.000Z"
"light_REG_IMAGE_AMAZON_BEST_SELLER_0","0.562332858055627","15","LightGBM 💡","0","all","","n306","REG_IMAGE_AMAZON_BEST_SELLER","2026-04-11T10:05:09.000Z"
"tabpfnv2p5_MUL_IMAGE_ZOOSCAN_ZOOPLANKTON_4","0.9860042366085564","15","TabPFN-v2p5 🇩🇪","4","all","","n306","MUL_IMAGE_ZOOSCAN_ZOOPLANKTON","2026-04-11T10:03:17.000Z"
"tabpfnv2_MUL_IMAGE_ZOOSCAN_ZOOPLANKTON_4","0.981890903229435","15","TabPFN-v2 🤯","4","all","","n309","MUL_IMAGE_ZOOSCAN_ZOOPLANKTON","2026-04-11T10:02:42.000Z"
"tabm_MUL_IMAGE_ZOOSCAN_ZOOPLANKTON_4","0.9825843515148308","15","TabM Ⓜ️","4","all","","n305","MUL_IMAGE_ZOOSCAN_ZOOPLANKTON","2026-04-11T10:00:49.000Z"
"cat_MUL_IMAGE_ZOOSCAN_ZOOPLANKTON_4","0.9801430392256304","15","CatBoost 😸","4","all","","n309","MUL_IMAGE_ZOOSCAN_ZOOPLANKTON","2026-04-11T10:00:10.000Z"
"light_MUL_IMAGE_ZOOSCAN_ZOOPLANKTON_4","0.9756917529675848","15","LightGBM 💡","4","all","","n305","MUL_IMAGE_ZOOSCAN_ZOOPLANKTON","2026-04-11T09:59:38.000Z"
"tabpfnv2p5_MUL_IMAGE_ZOOSCAN_ZOOPLANKTON_3","0.9855976696228094","15","TabPFN-v2p5 🇩🇪","3","all","","n306","MUL_IMAGE_ZOOSCAN_ZOOPLANKTON","2026-04-11T09:58:21.000Z"
"tabpfnv2_MUL_IMAGE_ZOOSCAN_ZOOPLANKTON_3","0.9819896355137444","15","TabPFN-v2 🤯","3","all","","n306","MUL_IMAGE_ZOOSCAN_ZOOPLANKTON","2026-04-11T09:56:43.000Z"
"tabm_MUL_IMAGE_ZOOSCAN_ZOOPLANKTON_3","0.9817453159252824","15","TabM Ⓜ️","3","all","","n309","MUL_IMAGE_ZOOSCAN_ZOOPLANKTON","2026-04-11T09:56:04.000Z"
"cat_MUL_IMAGE_ZOOSCAN_ZOOPLANKTON_3","0.9800727264674328","15","CatBoost 😸","3","all","","n306","MUL_IMAGE_ZOOSCAN_ZOOPLANKTON","2026-04-11T09:55:02.000Z"
"light_MUL_IMAGE_ZOOSCAN_ZOOPLANKTON_3","0.9758498377785164","15","LightGBM 💡","3","all","","n309","MUL_IMAGE_ZOOSCAN_ZOOPLANKTON","2026-04-11T09:54:02.000Z"
"tabpfnv2p5_MUL_IMAGE_ZOOSCAN_ZOOPLANKTON_2","0.9887627632766588","15","TabPFN-v2p5 🇩🇪","2","all","","n305","MUL_IMAGE_ZOOSCAN_ZOOPLANKTON","2026-04-11T09:53:10.000Z"
"tabpfnv2_MUL_IMAGE_ZOOSCAN_ZOOPLANKTON_2","0.9855928681655068","15","TabPFN-v2 🤯","2","all","","n305","MUL_IMAGE_ZOOSCAN_ZOOPLANKTON","2026-04-11T09:52:03.000Z"
"tabm_MUL_IMAGE_ZOOSCAN_ZOOPLANKTON_2","0.985810934957016","15","TabM Ⓜ️","2","all","","n307","MUL_IMAGE_ZOOSCAN_ZOOPLANKTON","2026-04-11T09:50:54.000Z"
"cat_MUL_IMAGE_ZOOSCAN_ZOOPLANKTON_2","0.9837051742156492","15","CatBoost 😸","2","all","","n306","MUL_IMAGE_ZOOSCAN_ZOOPLANKTON","2026-04-11T09:49:56.000Z"
"light_MUL_IMAGE_ZOOSCAN_ZOOPLANKTON_2","0.979795225745914","15","LightGBM 💡","2","all","","n306","MUL_IMAGE_ZOOSCAN_ZOOPLANKTON","2026-04-11T09:49:18.000Z"
"tabpfnv2p5_MUL_IMAGE_ZOOSCAN_ZOOPLANKTON_1","0.9860525572371902","15","TabPFN-v2p5 🇩🇪","1","all","","n309","MUL_IMAGE_ZOOSCAN_ZOOPLANKTON","2026-04-11T09:48:14.000Z"
"tabpfnv2_MUL_IMAGE_ZOOSCAN_ZOOPLANKTON_1","0.9833102126445026","15","TabPFN-v2 🤯","1","all","","n305","MUL_IMAGE_ZOOSCAN_ZOOPLANKTON","2026-04-11T09:47:15.000Z"
"tabm_MUL_IMAGE_ZOOSCAN_ZOOPLANKTON_1","0.9824594755465682","15","TabM Ⓜ️","1","all","","n309","MUL_IMAGE_ZOOSCAN_ZOOPLANKTON","2026-04-11T09:46:18.000Z"
"cat_MUL_IMAGE_ZOOSCAN_ZOOPLANKTON_1","0.9800030063361506","15","CatBoost 😸","1","all","","n305","MUL_IMAGE_ZOOSCAN_ZOOPLANKTON","2026-04-11T09:45:19.000Z"
"light_MUL_IMAGE_ZOOSCAN_ZOOPLANKTON_1","0.977931098325622","15","LightGBM 💡","1","all","","n305","MUL_IMAGE_ZOOSCAN_ZOOPLANKTON","2026-04-11T09:44:26.000Z"
"tabpfnv2p5_MUL_IMAGE_ZOOSCAN_ZOOPLANKTON_0","0.9866269222598172","15","TabPFN-v2p5 🇩🇪","0","all","","n309","MUL_IMAGE_ZOOSCAN_ZOOPLANKTON","2026-04-11T09:43:27.000Z"
"tabpfnv2_MUL_IMAGE_ZOOSCAN_ZOOPLANKTON_0","0.9839758923257872","15","TabPFN-v2 🤯","0","all","","n305","MUL_IMAGE_ZOOSCAN_ZOOPLANKTON","2026-04-11T09:42:20.000Z"
"tabm_MUL_IMAGE_ZOOSCAN_ZOOPLANKTON_0","0.9836386051153454","15","TabM Ⓜ️","0","all","","n309","MUL_IMAGE_ZOOSCAN_ZOOPLANKTON","2026-04-11T09:40:27.000Z"
"cat_MUL_IMAGE_ZOOSCAN_ZOOPLANKTON_0","0.982266972695584","15","CatBoost 😸","0","all","","n305","MUL_IMAGE_ZOOSCAN_ZOOPLANKTON","2026-04-11T09:37:50.000Z"
"light_MUL_IMAGE_ZOOSCAN_ZOOPLANKTON_0","0.9786435347204896","15","LightGBM 💡","0","all","","n305","MUL_IMAGE_ZOOSCAN_ZOOPLANKTON","2026-04-11T09:35:44.000Z"
"tabpfnv2p5_MUL_IMAGE_PETFINDER_4","0.8449461207214326","15","TabPFN-v2p5 🇩🇪","4","all","","n309","MUL_IMAGE_PETFINDER","2026-04-11T09:33:35.000Z"
"tabpfnv2_MUL_IMAGE_PETFINDER_4","0.8396579456632063","15","TabPFN-v2 🤯","4","all","","n305","MUL_IMAGE_PETFINDER","2026-04-11T09:29:49.000Z"
"tabm_MUL_IMAGE_PETFINDER_4","0.8375610987309217","15","TabM Ⓜ️","4","all","","n306","MUL_IMAGE_PETFINDER","2026-04-11T09:27:24.000Z"
"cat_MUL_IMAGE_PETFINDER_4","0.8266399133698454","15","CatBoost 😸","4","all","","n305","MUL_IMAGE_PETFINDER","2026-04-11T09:25:02.000Z"
"light_MUL_IMAGE_PETFINDER_4","0.8057688711941493","15","LightGBM 💡","4","all","","n305","MUL_IMAGE_PETFINDER","2026-04-11T09:22:10.000Z"
"tabpfnv2p5_MUL_IMAGE_PETFINDER_3","0.8512756055444748","15","TabPFN-v2p5 🇩🇪","3","all","","n306","MUL_IMAGE_PETFINDER","2026-04-11T09:19:57.000Z"
"tabpfnv2_MUL_IMAGE_PETFINDER_3","0.8394589022972814","15","TabPFN-v2 🤯","3","all","","n307","MUL_IMAGE_PETFINDER","2026-04-11T09:16:38.000Z"
"tabm_MUL_IMAGE_PETFINDER_3","0.8428329214184596","15","TabM Ⓜ️","3","all","","n305","MUL_IMAGE_PETFINDER","2026-04-11T09:14:13.000Z"
"cat_MUL_IMAGE_PETFINDER_3","0.8314968063930681","15","CatBoost 😸","3","all","","n309","MUL_IMAGE_PETFINDER","2026-04-11T09:12:01.000Z"
"light_MUL_IMAGE_PETFINDER_3","0.8133053169422799","15","LightGBM 💡","3","all","","n307","MUL_IMAGE_PETFINDER","2026-04-11T09:08:42.000Z"
"tabpfnv2p5_MUL_IMAGE_PETFINDER_2","0.8439899509997542","15","TabPFN-v2p5 🇩🇪","2","all","","n307","MUL_IMAGE_PETFINDER","2026-04-11T09:07:09.000Z"
"tabpfnv2_MUL_IMAGE_PETFINDER_2","0.8329174294469709","15","TabPFN-v2 🤯","2","all","","n305","MUL_IMAGE_PETFINDER","2026-04-11T09:01:14.000Z"
"tabm_MUL_IMAGE_PETFINDER_2","0.833650306633387","15","TabM Ⓜ️","2","all","","n306","MUL_IMAGE_PETFINDER","2026-04-11T09:00:30.000Z"
"cat_MUL_IMAGE_PETFINDER_2","0.8218807082730846","15","CatBoost 😸","2","all","","n307","MUL_IMAGE_PETFINDER","2026-04-11T08:58:04.000Z"
"light_MUL_IMAGE_PETFINDER_2","0.8048349186400887","15","LightGBM 💡","2","all","","n305","MUL_IMAGE_PETFINDER","2026-04-11T08:53:40.000Z"
"tabpfnv2p5_MUL_IMAGE_PETFINDER_1","0.8454284219862022","15","TabPFN-v2p5 🇩🇪","1","all","","n306","MUL_IMAGE_PETFINDER","2026-04-11T08:51:14.000Z"
"tabpfnv2_MUL_IMAGE_PETFINDER_1","0.8369475921398531","15","TabPFN-v2 🤯","1","all","","n305","MUL_IMAGE_PETFINDER","2026-04-11T08:47:52.000Z"
"tabm_MUL_IMAGE_PETFINDER_1","0.8427414415763751","15","TabM Ⓜ️","1","all","","n306","MUL_IMAGE_PETFINDER","2026-04-11T08:43:29.000Z"
"cat_MUL_IMAGE_PETFINDER_1","0.8300482006864158","15","CatBoost 😸","1","all","","n305","MUL_IMAGE_PETFINDER","2026-04-11T08:43:08.000Z"
"light_MUL_IMAGE_PETFINDER_1","0.8151038313840206","15","LightGBM 💡","1","all","","n305","MUL_IMAGE_PETFINDER","2026-04-11T08:40:12.000Z"
"tabpfnv2p5_MUL_IMAGE_PETFINDER_0","0.8389456506665909","15","TabPFN-v2p5 🇩🇪","0","all","","n305","MUL_IMAGE_PETFINDER","2026-04-11T08:35:15.000Z"
"tabpfnv2_MUL_IMAGE_PETFINDER_0","0.8273302170899193","15","TabPFN-v2 🤯","0","all","","n309","MUL_IMAGE_PETFINDER","2026-04-11T08:32:01.000Z"
"tabm_MUL_IMAGE_PETFINDER_0","0.8344861877398126","15","TabM Ⓜ️","0","all","","n305","MUL_IMAGE_PETFINDER","2026-04-11T08:27:29.000Z"
"cat_MUL_IMAGE_PETFINDER_0","0.820118035508335","15","CatBoost 😸","0","all","","n306","MUL_IMAGE_PETFINDER","2026-04-11T08:23:30.000Z"
"light_MUL_IMAGE_PETFINDER_0","0.8053425719821665","15","LightGBM 💡","0","all","","n305","MUL_IMAGE_PETFINDER","2026-04-11T08:19:01.000Z"
"tabpfnv2p5_MUL_IMAGE_JUSTIN_INSTAGRAM_4","0.9714448315302832","15","TabPFN-v2p5 🇩🇪","4","all","","n306","MUL_IMAGE_JUSTIN_INSTAGRAM","2026-04-11T08:14:09.000Z"
"tabpfnv2_MUL_IMAGE_JUSTIN_INSTAGRAM_4","0.9650511711975038","15","TabPFN-v2 🤯","4","all","","n305","MUL_IMAGE_JUSTIN_INSTAGRAM","2026-04-11T08:05:59.000Z"
"tabm_MUL_IMAGE_JUSTIN_INSTAGRAM_4","0.9620877801874352","15","TabM Ⓜ️","4","all","","n309","MUL_IMAGE_JUSTIN_INSTAGRAM","2026-04-11T08:03:34.000Z"
"cat_MUL_IMAGE_JUSTIN_INSTAGRAM_4","0.9684913463967562","15","CatBoost 😸","4","all","","n306","MUL_IMAGE_JUSTIN_INSTAGRAM","2026-04-11T07:56:02.000Z"
"light_MUL_IMAGE_JUSTIN_INSTAGRAM_4","0.9612148746464716","15","LightGBM 💡","4","all","","n307","MUL_IMAGE_JUSTIN_INSTAGRAM","2026-04-11T07:50:38.000Z"
"tabpfnv2p5_MUL_IMAGE_JUSTIN_INSTAGRAM_3","0.9482603421363568","15","TabPFN-v2p5 🇩🇪","3","all","","n309","MUL_IMAGE_JUSTIN_INSTAGRAM","2026-04-11T07:48:29.000Z"
"tabpfnv2_MUL_IMAGE_JUSTIN_INSTAGRAM_3","0.9441964224639544","15","TabPFN-v2 🤯","3","all","","n306","MUL_IMAGE_JUSTIN_INSTAGRAM","2026-04-11T07:38:33.000Z"
"tabm_MUL_IMAGE_JUSTIN_INSTAGRAM_3","0.9292675747081198","15","TabM Ⓜ️","3","all","","n309","MUL_IMAGE_JUSTIN_INSTAGRAM","2026-04-11T07:32:07.000Z"
"cat_MUL_IMAGE_JUSTIN_INSTAGRAM_3","0.9387385657611632","15","CatBoost 😸","3","all","","n305","MUL_IMAGE_JUSTIN_INSTAGRAM","2026-04-11T07:27:56.000Z"
"light_MUL_IMAGE_JUSTIN_INSTAGRAM_3","0.9471226363429648","15","LightGBM 💡","3","all","","n306","MUL_IMAGE_JUSTIN_INSTAGRAM","2026-04-11T07:19:35.000Z"
"tabpfnv2p5_MUL_IMAGE_JUSTIN_INSTAGRAM_2","0.9648793260023812","15","TabPFN-v2p5 🇩🇪","2","all","","n305","MUL_IMAGE_JUSTIN_INSTAGRAM","2026-04-11T07:18:06.000Z"
"tabpfnv2_MUL_IMAGE_JUSTIN_INSTAGRAM_2","0.9547539174356044","15","TabPFN-v2 🤯","2","all","","n305","MUL_IMAGE_JUSTIN_INSTAGRAM","2026-04-11T07:12:58.000Z"
"tabm_MUL_IMAGE_JUSTIN_INSTAGRAM_2","0.963027498025449","15","TabM Ⓜ️","2","all","","n306","MUL_IMAGE_JUSTIN_INSTAGRAM","2026-04-11T07:00:50.000Z"
"cat_MUL_IMAGE_JUSTIN_INSTAGRAM_2","0.9629853401959154","15","CatBoost 😸","2","all","","n306","MUL_IMAGE_JUSTIN_INSTAGRAM","2026-04-11T07:00:48.000Z"
"light_MUL_IMAGE_JUSTIN_INSTAGRAM_2","0.9522882342250728","15","LightGBM 💡","2","all","","n306","MUL_IMAGE_JUSTIN_INSTAGRAM","2026-04-11T07:00:48.000Z"
"tabpfnv2p5_MUL_IMAGE_JUSTIN_INSTAGRAM_1","0.9490260469533958","15","TabPFN-v2p5 🇩🇪","1","all","","n305","MUL_IMAGE_JUSTIN_INSTAGRAM","2026-04-11T07:00:11.000Z"
"tabpfnv2p5_MUL_IMAGE_FLOWER_BOUQUETS_4","0.6464356555486688","15","TabPFN-v2p5 🇩🇪","4","all","","n305","MUL_IMAGE_FLOWER_BOUQUETS","2026-04-11T07:00:10.000Z"
"tabpfnv2_MUL_IMAGE_JUSTIN_INSTAGRAM_1","0.9372497598549308","15","TabPFN-v2 🤯","1","all","","n305","MUL_IMAGE_JUSTIN_INSTAGRAM","2026-04-09T21:47:59.000Z"
"tabm_MUL_IMAGE_JUSTIN_INSTAGRAM_1","0.9367611544843693","15","TabM Ⓜ️","1","all","","n306","MUL_IMAGE_JUSTIN_INSTAGRAM","2026-04-09T21:39:10.000Z"
"light_MUL_IMAGE_JUSTIN_INSTAGRAM_1","0.9250619901227156","15","LightGBM 💡","1","all","","n305","MUL_IMAGE_JUSTIN_INSTAGRAM","2026-04-09T21:15:28.000Z"
"cat_MUL_IMAGE_JUSTIN_INSTAGRAM_1","0.9460560108519732","15","CatBoost 😸","1","all","","nlp-srv2.iem.technion.ac.il","MUL_IMAGE_JUSTIN_INSTAGRAM","2026-04-09T10:31:11.000Z"
"light_MUL_IMAGE_GLAUCOMA_SMDG_1","0.8990145420010704","15","LightGBM 💡","1","all","","nlp-srv2.iem.technion.ac.il","MUL_IMAGE_GLAUCOMA_SMDG","2026-04-09T10:23:25.000Z"
"tabpfnv2p5_MUL_IMAGE_GLAUCOMA_SMDG_0","0.9239388911515606","15","TabPFN-v2p5 🇩🇪","0","all","","nlp-srv2.iem.technion.ac.il","MUL_IMAGE_GLAUCOMA_SMDG","2026-04-09T10:20:26.000Z"
"cat_MUL_IMAGE_GLAUCOMA_SMDG_0","0.9119346130249572","15","CatBoost 😸","0","all","","nlp-srv2.iem.technion.ac.il","MUL_IMAGE_GLAUCOMA_SMDG","2026-04-09T10:06:39.000Z"
"tabm_MUL_IMAGE_FLOWER_BOUQUETS_3","0.6429814610883424","15","TabM Ⓜ️","3","all","","nlp-srv2.iem.technion.ac.il","MUL_IMAGE_FLOWER_BOUQUETS","2026-04-09T10:02:46.000Z"
"tabpfnv2p5_MUL_IMAGE_JUSTIN_INSTAGRAM_0","0.9504111386106026","15","TabPFN-v2p5 🇩🇪","0","all","","nlp-srv2.iem.technion.ac.il","MUL_IMAGE_JUSTIN_INSTAGRAM","2026-04-09T09:12:53.000Z"
"tabpfnv2_MUL_IMAGE_JUSTIN_INSTAGRAM_0","0.9455381551360376","15","TabPFN-v2 🤯","0","all","","nlp-srv2.iem.technion.ac.il","MUL_IMAGE_JUSTIN_INSTAGRAM","2026-04-09T08:58:56.000Z"
"tabm_MUL_IMAGE_JUSTIN_INSTAGRAM_0","0.9376338337268046","15","TabM Ⓜ️","0","all","","nlp-srv2.iem.technion.ac.il","MUL_IMAGE_JUSTIN_INSTAGRAM","2026-04-09T08:46:03.000Z"
"cat_MUL_IMAGE_JUSTIN_INSTAGRAM_0","0.937985284567103","15","CatBoost 😸","0","all","","nlp-srv2.iem.technion.ac.il","MUL_IMAGE_JUSTIN_INSTAGRAM","2026-04-09T08:32:17.000Z"
"light_MUL_IMAGE_JUSTIN_INSTAGRAM_0","0.9289448960346964","15","LightGBM 💡","0","all","","nlp-srv2.iem.technion.ac.il","MUL_IMAGE_JUSTIN_INSTAGRAM","2026-04-09T08:19:40.000Z"
"tabpfnv2p5_MUL_IMAGE_HUBMAP_HPA_4","0.9496740878749772","15","TabPFN-v2p5 🇩🇪","4","all","","nlp-srv2.iem.technion.ac.il","MUL_IMAGE_HUBMAP_HPA","2026-04-09T08:10:07.000Z"
"tabpfnv2_MUL_IMAGE_HUBMAP_HPA_4","0.9404470492586412","15","TabPFN-v2 🤯","4","all","","nlp-srv2.iem.technion.ac.il","MUL_IMAGE_HUBMAP_HPA","2026-04-09T08:00:39.000Z"
"tabm_MUL_IMAGE_HUBMAP_HPA_4","0.9412295226712688","15","TabM Ⓜ️","4","all","","nlp-srv2.iem.technion.ac.il","MUL_IMAGE_HUBMAP_HPA","2026-04-09T07:51:21.000Z"
"cat_MUL_IMAGE_HUBMAP_HPA_4","0.9351792959025544","15","CatBoost 😸","4","all","","nlp-srv2.iem.technion.ac.il","MUL_IMAGE_HUBMAP_HPA","2026-04-09T07:41:11.000Z"
"light_MUL_IMAGE_HUBMAP_HPA_4","0.9251417278954726","15","LightGBM 💡","4","all","","nlp-srv2.iem.technion.ac.il","MUL_IMAGE_HUBMAP_HPA","2026-04-09T07:32:20.000Z"
"tabpfnv2p5_MUL_IMAGE_HUBMAP_HPA_3","0.9464150752792272","15","TabPFN-v2p5 🇩🇪","3","all","","nlp-srv2.iem.technion.ac.il","MUL_IMAGE_HUBMAP_HPA","2026-04-09T07:22:42.000Z"
"tabpfnv2_MUL_IMAGE_HUBMAP_HPA_3","0.9344322353044024","15","TabPFN-v2 🤯","3","all","","nlp-srv2.iem.technion.ac.il","MUL_IMAGE_HUBMAP_HPA","2026-04-09T07:13:02.000Z"
"tabm_MUL_IMAGE_HUBMAP_HPA_3","0.9420735510144268","15","TabM Ⓜ️","3","all","","nlp-srv2.iem.technion.ac.il","MUL_IMAGE_HUBMAP_HPA","2026-04-09T07:03:40.000Z"
"cat_MUL_IMAGE_HUBMAP_HPA_3","0.930227143571376","15","CatBoost 😸","3","all","","nlp-srv2.iem.technion.ac.il","MUL_IMAGE_HUBMAP_HPA","2026-04-09T06:53:26.000Z"
"light_MUL_IMAGE_HUBMAP_HPA_3","0.9157720259207428","15","LightGBM 💡","3","all","","nlp-srv2.iem.technion.ac.il","MUL_IMAGE_HUBMAP_HPA","2026-04-09T06:44:30.000Z"
"tabpfnv2p5_MUL_IMAGE_HUBMAP_HPA_2","0.9515624572316328","15","TabPFN-v2p5 🇩🇪","2","all","","nlp-srv2.iem.technion.ac.il","MUL_IMAGE_HUBMAP_HPA","2026-04-09T06:34:57.000Z"
"tabpfnv2_MUL_IMAGE_HUBMAP_HPA_2","0.9417939223960228","15","TabPFN-v2 🤯","2","all","","nlp-srv2.iem.technion.ac.il","MUL_IMAGE_HUBMAP_HPA","2026-04-09T06:25:30.000Z"
"tabm_MUL_IMAGE_HUBMAP_HPA_2","0.9455728951730232","15","TabM Ⓜ️","2","all","","nlp-srv2.iem.technion.ac.il","MUL_IMAGE_HUBMAP_HPA","2026-04-09T06:16:03.000Z"
"cat_MUL_IMAGE_HUBMAP_HPA_2","0.9360841777994026","15","CatBoost 😸","2","all","","nlp-srv2.iem.technion.ac.il","MUL_IMAGE_HUBMAP_HPA","2026-04-09T06:05:54.000Z"
"light_MUL_IMAGE_HUBMAP_HPA_2","0.9298523096377236","15","LightGBM 💡","2","all","","nlp-srv2.iem.technion.ac.il","MUL_IMAGE_HUBMAP_HPA","2026-04-09T05:56:21.000Z"
"tabpfnv2p5_MUL_IMAGE_HUBMAP_HPA_1","0.9499949066999656","15","TabPFN-v2p5 🇩🇪","1","all","","nlp-srv2.iem.technion.ac.il","MUL_IMAGE_HUBMAP_HPA","2026-04-09T05:46:55.000Z"
"tabpfnv2_MUL_IMAGE_HUBMAP_HPA_1","0.9424570668623954","15","TabPFN-v2 🤯","1","all","","nlp-srv2.iem.technion.ac.il","MUL_IMAGE_HUBMAP_HPA","2026-04-09T05:37:16.000Z"
"tabm_MUL_IMAGE_HUBMAP_HPA_1","0.9457985278614766","15","TabM Ⓜ️","1","all","","nlp-srv2.iem.technion.ac.il","MUL_IMAGE_HUBMAP_HPA","2026-04-09T05:28:03.000Z"
"cat_MUL_IMAGE_HUBMAP_HPA_1","0.935708833564165","15","CatBoost 😸","1","all","","nlp-srv2.iem.technion.ac.il","MUL_IMAGE_HUBMAP_HPA","2026-04-09T05:17:44.000Z"
"light_MUL_IMAGE_HUBMAP_HPA_1","0.9243231952220036","15","LightGBM 💡","1","all","","nlp-srv2.iem.technion.ac.il","MUL_IMAGE_HUBMAP_HPA","2026-04-09T05:08:50.000Z"
"tabpfnv2p5_MUL_IMAGE_HUBMAP_HPA_0","0.9541335536470082","15","TabPFN-v2p5 🇩🇪","0","all","","nlp-srv2.iem.technion.ac.il","MUL_IMAGE_HUBMAP_HPA","2026-04-09T04:59:17.000Z"
"tabpfnv2_MUL_IMAGE_HUBMAP_HPA_0","0.9449614626528844","15","TabPFN-v2 🤯","0","all","","nlp-srv2.iem.technion.ac.il","MUL_IMAGE_HUBMAP_HPA","2026-04-09T04:49:46.000Z"
"tabm_MUL_IMAGE_HUBMAP_HPA_0","0.9492536738480858","15","TabM Ⓜ️","0","all","","nlp-srv2.iem.technion.ac.il","MUL_IMAGE_HUBMAP_HPA","2026-04-09T04:40:30.000Z"
"cat_MUL_IMAGE_HUBMAP_HPA_0","0.93777711396175","15","CatBoost 😸","0","all","","nlp-srv2.iem.technion.ac.il","MUL_IMAGE_HUBMAP_HPA","2026-04-09T04:30:11.000Z"
"light_MUL_IMAGE_HUBMAP_HPA_0","0.9308089828416872","15","LightGBM 💡","0","all","","nlp-srv2.iem.technion.ac.il","MUL_IMAGE_HUBMAP_HPA","2026-04-09T04:21:07.000Z"
"tabpfnv2p5_MUL_IMAGE_GLAUCOMA_SMDG_4","0.9238991401333252","15","TabPFN-v2p5 🇩🇪","4","all","","nlp-srv2.iem.technion.ac.il","MUL_IMAGE_GLAUCOMA_SMDG","2026-04-09T04:14:21.000Z"
"tabpfnv2_MUL_IMAGE_GLAUCOMA_SMDG_4","0.9206520104290068","15","TabPFN-v2 🤯","4","all","","nlp-srv2.iem.technion.ac.il","MUL_IMAGE_GLAUCOMA_SMDG","2026-04-09T04:07:58.000Z"
"tabm_MUL_IMAGE_GLAUCOMA_SMDG_4","0.910847458885248","15","TabM Ⓜ️","4","all","","nlp-srv2.iem.technion.ac.il","MUL_IMAGE_GLAUCOMA_SMDG","2026-04-09T04:01:02.000Z"
"cat_MUL_IMAGE_GLAUCOMA_SMDG_4","0.9010171471135632","15","CatBoost 😸","4","all","","nlp-srv2.iem.technion.ac.il","MUL_IMAGE_GLAUCOMA_SMDG","2026-04-09T03:55:02.000Z"
"light_MUL_IMAGE_GLAUCOMA_SMDG_4","0.8961927237325652","15","LightGBM 💡","4","all","","nlp-srv2.iem.technion.ac.il","MUL_IMAGE_GLAUCOMA_SMDG","2026-04-09T03:47:51.000Z"
"tabpfnv2p5_MUL_IMAGE_GLAUCOMA_SMDG_3","0.9567504446346532","15","TabPFN-v2p5 🇩🇪","3","all","","nlp-srv2.iem.technion.ac.il","MUL_IMAGE_GLAUCOMA_SMDG","2026-04-09T03:40:26.000Z"
"tabpfnv2_MUL_IMAGE_GLAUCOMA_SMDG_3","0.9505143128994056","15","TabPFN-v2 🤯","3","all","","nlp-srv2.iem.technion.ac.il","MUL_IMAGE_GLAUCOMA_SMDG","2026-04-09T03:34:14.000Z"
"tabm_MUL_IMAGE_GLAUCOMA_SMDG_3","0.944106194211118","15","TabM Ⓜ️","3","all","","nlp-srv2.iem.technion.ac.il","MUL_IMAGE_GLAUCOMA_SMDG","2026-04-09T03:27:52.000Z"
"cat_MUL_IMAGE_GLAUCOMA_SMDG_3","0.9435895049910598","15","CatBoost 😸","3","all","","nlp-srv2.iem.technion.ac.il","MUL_IMAGE_GLAUCOMA_SMDG","2026-04-09T03:21:34.000Z"
"light_MUL_IMAGE_GLAUCOMA_SMDG_3","0.9200669517106542","15","LightGBM 💡","3","all","","nlp-srv2.iem.technion.ac.il","MUL_IMAGE_GLAUCOMA_SMDG","2026-04-09T03:15:12.000Z"
"tabpfnv2p5_MUL_IMAGE_GLAUCOMA_SMDG_2","0.9408908185354936","15","TabPFN-v2p5 🇩🇪","2","all","","nlp-srv2.iem.technion.ac.il","MUL_IMAGE_GLAUCOMA_SMDG","2026-04-09T03:09:10.000Z"
"tabpfnv2_MUL_IMAGE_GLAUCOMA_SMDG_2","0.936248513053832","15","TabPFN-v2 🤯","2","all","","nlp-srv2.iem.technion.ac.il","MUL_IMAGE_GLAUCOMA_SMDG","2026-04-09T03:02:12.000Z"
"tabm_MUL_IMAGE_GLAUCOMA_SMDG_2","0.9108958366791092","15","TabM Ⓜ️","2","all","","nlp-srv2.iem.technion.ac.il","MUL_IMAGE_GLAUCOMA_SMDG","2026-04-09T02:55:06.000Z"
"cat_MUL_IMAGE_GLAUCOMA_SMDG_2","0.9126769352198308","15","CatBoost 😸","2","all","","nlp-srv2.iem.technion.ac.il","MUL_IMAGE_GLAUCOMA_SMDG","2026-04-09T02:48:50.000Z"
"light_MUL_IMAGE_GLAUCOMA_SMDG_2","0.9046328483834012","15","LightGBM 💡","2","all","","nlp-srv2.iem.technion.ac.il","MUL_IMAGE_GLAUCOMA_SMDG","2026-04-09T02:42:17.000Z"
"tabpfnv2p5_MUL_IMAGE_GLAUCOMA_SMDG_1","0.9264422452788978","15","TabPFN-v2p5 🇩🇪","1","all","","nlp-srv2.iem.technion.ac.il","MUL_IMAGE_GLAUCOMA_SMDG","2026-04-09T02:35:39.000Z"
"tabpfnv2_MUL_IMAGE_GLAUCOMA_SMDG_1","0.909660028800412","15","TabPFN-v2 🤯","1","all","","nlp-srv2.iem.technion.ac.il","MUL_IMAGE_GLAUCOMA_SMDG","2026-04-09T02:28:44.000Z"
"tabm_MUL_IMAGE_GLAUCOMA_SMDG_1","0.911973719489076","15","TabM Ⓜ️","1","all","","nlp-srv2.iem.technion.ac.il","MUL_IMAGE_GLAUCOMA_SMDG","2026-04-09T02:22:12.000Z"
"cat_MUL_IMAGE_GLAUCOMA_SMDG_1","0.906744177061377","15","CatBoost 😸","1","all","","nlp-srv2.iem.technion.ac.il","MUL_IMAGE_GLAUCOMA_SMDG","2026-04-09T02:16:20.000Z"
"tabpfnv2_MUL_IMAGE_GLAUCOMA_SMDG_0","0.9028375413467868","15","TabPFN-v2 🤯","0","all","","nlp-srv2.iem.technion.ac.il","MUL_IMAGE_GLAUCOMA_SMDG","2026-04-09T02:07:41.000Z"
"tabm_MUL_IMAGE_GLAUCOMA_SMDG_0","0.9005312872112657","15","TabM Ⓜ️","0","all","","nlp-srv2.iem.technion.ac.il","MUL_IMAGE_GLAUCOMA_SMDG","2026-04-09T02:04:48.000Z"
"light_MUL_IMAGE_GLAUCOMA_SMDG_0","0.8888575273552813","15","LightGBM 💡","0","all","","nlp-srv2.iem.technion.ac.il","MUL_IMAGE_GLAUCOMA_SMDG","2026-04-09T01:59:07.000Z"
"tabpfnv2_MUL_IMAGE_FLOWER_BOUQUETS_4","0.6526810726177263","15","TabPFN-v2 🤯","4","all","","nlp-srv2.iem.technion.ac.il","MUL_IMAGE_FLOWER_BOUQUETS","2026-04-09T01:56:38.000Z"
"tabm_MUL_IMAGE_FLOWER_BOUQUETS_4","0.5982978279171398","15","TabM Ⓜ️","4","all","","nlp-srv2.iem.technion.ac.il","MUL_IMAGE_FLOWER_BOUQUETS","2026-04-09T01:55:52.000Z"
"cat_MUL_IMAGE_FLOWER_BOUQUETS_4","0.5436051783358664","15","CatBoost 😸","4","all","","nlp-srv2.iem.technion.ac.il","MUL_IMAGE_FLOWER_BOUQUETS","2026-04-09T01:54:40.000Z"
"light_MUL_IMAGE_FLOWER_BOUQUETS_4","0.5830771406656812","15","LightGBM 💡","4","all","","nlp-srv2.iem.technion.ac.il","MUL_IMAGE_FLOWER_BOUQUETS","2026-04-09T01:53:16.000Z"
"tabpfnv2p5_MUL_IMAGE_FLOWER_BOUQUETS_3","0.6328091870958408","15","TabPFN-v2p5 🇩🇪","3","all","","nlp-srv2.iem.technion.ac.il","MUL_IMAGE_FLOWER_BOUQUETS","2026-04-09T01:51:40.000Z"
"tabpfnv2_MUL_IMAGE_FLOWER_BOUQUETS_3","0.6268412883258888","15","TabPFN-v2 🤯","3","all","","nlp-srv2.iem.technion.ac.il","MUL_IMAGE_FLOWER_BOUQUETS","2026-04-09T01:50:11.000Z"
"cat_MUL_IMAGE_FLOWER_BOUQUETS_3","0.65920214729879","15","CatBoost 😸","3","all","","nlp-srv2.iem.technion.ac.il","MUL_IMAGE_FLOWER_BOUQUETS","2026-04-09T01:47:45.000Z"
"light_MUL_IMAGE_FLOWER_BOUQUETS_3","0.6676124643854111","15","LightGBM 💡","3","all","","nlp-srv2.iem.technion.ac.il","MUL_IMAGE_FLOWER_BOUQUETS","2026-04-09T01:46:14.000Z"
"tabpfnv2p5_MUL_IMAGE_FLOWER_BOUQUETS_2","0.6914309419574958","15","TabPFN-v2p5 🇩🇪","2","all","","nlp-srv2.iem.technion.ac.il","MUL_IMAGE_FLOWER_BOUQUETS","2026-04-09T01:45:27.000Z"
"tabpfnv2_MUL_IMAGE_FLOWER_BOUQUETS_2","0.6819501776658825","15","TabPFN-v2 🤯","2","all","","nlp-srv2.iem.technion.ac.il","MUL_IMAGE_FLOWER_BOUQUETS","2026-04-09T01:44:07.000Z"
"tabm_MUL_IMAGE_FLOWER_BOUQUETS_2","0.5732450267032675","15","TabM Ⓜ️","2","all","","nlp-srv2.iem.technion.ac.il","MUL_IMAGE_FLOWER_BOUQUETS","2026-04-09T01:42:42.000Z"
"cat_MUL_IMAGE_FLOWER_BOUQUETS_2","0.5960237659214629","15","CatBoost 😸","2","all","","nlp-srv2.iem.technion.ac.il","MUL_IMAGE_FLOWER_BOUQUETS","2026-04-09T01:41:52.000Z"
"light_MUL_IMAGE_FLOWER_BOUQUETS_2","0.6266273293822961","15","LightGBM 💡","2","all","","nlp-srv2.iem.technion.ac.il","MUL_IMAGE_FLOWER_BOUQUETS","2026-04-09T01:40:43.000Z"
"tabpfnv2p5_MUL_IMAGE_FLOWER_BOUQUETS_1","0.6072678872787918","15","TabPFN-v2p5 🇩🇪","1","all","","nlp-srv2.iem.technion.ac.il","MUL_IMAGE_FLOWER_BOUQUETS","2026-04-09T01:39:36.000Z"
"tabpfnv2_MUL_IMAGE_FLOWER_BOUQUETS_1","0.6418622330140366","15","TabPFN-v2 🤯","1","all","","nlp-srv2.iem.technion.ac.il","MUL_IMAGE_FLOWER_BOUQUETS","2026-04-09T01:37:59.000Z"
"tabm_MUL_IMAGE_FLOWER_BOUQUETS_1","0.52957568933615","15","TabM Ⓜ️","1","all","","nlp-srv2.iem.technion.ac.il","MUL_IMAGE_FLOWER_BOUQUETS","2026-04-09T01:36:34.000Z"
"cat_MUL_IMAGE_FLOWER_BOUQUETS_1","0.5626401258902647","15","CatBoost 😸","1","all","","nlp-srv2.iem.technion.ac.il","MUL_IMAGE_FLOWER_BOUQUETS","2026-04-09T01:34:54.000Z"
"light_MUL_IMAGE_FLOWER_BOUQUETS_1","0.5587438189436247","15","LightGBM 💡","1","all","","nlp-srv2.iem.technion.ac.il","MUL_IMAGE_FLOWER_BOUQUETS","2026-04-09T01:33:40.000Z"
"tabpfnv2p5_MUL_IMAGE_FLOWER_BOUQUETS_0","0.6112177416039791","15","TabPFN-v2p5 🇩🇪","0","all","","nlp-srv2.iem.technion.ac.il","MUL_IMAGE_FLOWER_BOUQUETS","2026-04-09T01:32:36.000Z"
"tabpfnv2_MUL_IMAGE_FLOWER_BOUQUETS_0","0.6051738414748403","15","TabPFN-v2 🤯","0","all","","nlp-srv2.iem.technion.ac.il","MUL_IMAGE_FLOWER_BOUQUETS","2026-04-09T01:31:07.000Z"
"tabm_MUL_IMAGE_FLOWER_BOUQUETS_0","0.5994969495574101","15","TabM Ⓜ️","0","all","","nlp-srv2.iem.technion.ac.il","MUL_IMAGE_FLOWER_BOUQUETS","2026-04-09T01:29:53.000Z"
"cat_MUL_IMAGE_FLOWER_BOUQUETS_0","0.6129093260040819","15","CatBoost 😸","0","all","","nlp-srv2.iem.technion.ac.il","MUL_IMAGE_FLOWER_BOUQUETS","2026-04-09T01:28:49.000Z"
"light_MUL_IMAGE_FLOWER_BOUQUETS_0","0.6186799979740323","15","LightGBM 💡","0","all","","nlp-srv2.iem.technion.ac.il","MUL_IMAGE_FLOWER_BOUQUETS","2026-04-09T01:27:39.000Z"
"tabpfnv2p5_MUL_IMAGE_CSGO_SKIN_PRICE_4","0.8963404772761818","15","TabPFN-v2p5 🇩🇪","4","all","","nlp-srv2.iem.technion.ac.il","MUL_IMAGE_CSGO_SKIN_PRICE","2026-04-09T01:26:48.000Z"
"tabpfnv2_MUL_IMAGE_CSGO_SKIN_PRICE_4","0.8825864113087096","15","TabPFN-v2 🤯","4","all","","nlp-srv2.iem.technion.ac.il","MUL_IMAGE_CSGO_SKIN_PRICE","2026-04-09T01:25:26.000Z"
"tabm_MUL_IMAGE_CSGO_SKIN_PRICE_4","0.8516288189694483","15","TabM Ⓜ️","4","all","","nlp-srv2.iem.technion.ac.il","MUL_IMAGE_CSGO_SKIN_PRICE","2026-04-09T01:24:11.000Z"
"cat_MUL_IMAGE_CSGO_SKIN_PRICE_4","0.8410721994224046","15","CatBoost 😸","4","all","","nlp-srv2.iem.technion.ac.il","MUL_IMAGE_CSGO_SKIN_PRICE","2026-04-09T01:23:16.000Z"
"light_MUL_IMAGE_CSGO_SKIN_PRICE_4","0.8234905000759994","15","LightGBM 💡","4","all","","nlp-srv2.iem.technion.ac.il","MUL_IMAGE_CSGO_SKIN_PRICE","2026-04-09T01:21:31.000Z"
"tabpfnv2p5_MUL_IMAGE_CSGO_SKIN_PRICE_3","0.896107615139079","15","TabPFN-v2p5 🇩🇪","3","all","","nlp-srv2.iem.technion.ac.il","MUL_IMAGE_CSGO_SKIN_PRICE","2026-04-09T01:19:45.000Z"
"tabpfnv2_MUL_IMAGE_CSGO_SKIN_PRICE_3","0.8883912448700411","15","TabPFN-v2 🤯","3","all","","nlp-srv2.iem.technion.ac.il","MUL_IMAGE_CSGO_SKIN_PRICE","2026-04-09T01:18:03.000Z"
"tabm_MUL_IMAGE_CSGO_SKIN_PRICE_3","0.8528749050007599","15","TabM Ⓜ️","3","all","","nlp-srv2.iem.technion.ac.il","MUL_IMAGE_CSGO_SKIN_PRICE","2026-04-09T01:16:35.000Z"
"cat_MUL_IMAGE_CSGO_SKIN_PRICE_3","0.8559461924304606","15","CatBoost 😸","3","all","","nlp-srv2.iem.technion.ac.il","MUL_IMAGE_CSGO_SKIN_PRICE","2026-04-09T01:14:13.000Z"
"light_MUL_IMAGE_CSGO_SKIN_PRICE_3","0.8409284085727314","15","LightGBM 💡","3","all","","nlp-srv2.iem.technion.ac.il","MUL_IMAGE_CSGO_SKIN_PRICE","2026-04-09T01:13:12.000Z"
"tabpfnv2p5_MUL_IMAGE_CSGO_SKIN_PRICE_2","0.9088636570907432","15","TabPFN-v2p5 🇩🇪","2","all","","nlp-srv2.iem.technion.ac.il","MUL_IMAGE_CSGO_SKIN_PRICE","2026-04-09T01:11:34.000Z"
"tabpfnv2_MUL_IMAGE_CSGO_SKIN_PRICE_2","0.9022292141662868","15","TabPFN-v2 🤯","2","all","","nlp-srv2.iem.technion.ac.il","MUL_IMAGE_CSGO_SKIN_PRICE","2026-04-09T01:10:34.000Z"
"tabm_MUL_IMAGE_CSGO_SKIN_PRICE_2","0.8607265541875666","15","TabM Ⓜ️","2","all","","nlp-srv2.iem.technion.ac.il","MUL_IMAGE_CSGO_SKIN_PRICE","2026-04-09T01:08:27.000Z"
"cat_MUL_IMAGE_CSGO_SKIN_PRICE_2","0.8635111719106247","15","CatBoost 😸","2","all","","nlp-srv2.iem.technion.ac.il","MUL_IMAGE_CSGO_SKIN_PRICE","2026-04-09T01:06:36.000Z"
"light_MUL_IMAGE_CSGO_SKIN_PRICE_2","0.8308423772609819","15","LightGBM 💡","2","all","","nlp-srv2.iem.technion.ac.il","MUL_IMAGE_CSGO_SKIN_PRICE","2026-04-09T01:05:22.000Z"
"tabpfnv2p5_MUL_IMAGE_CSGO_SKIN_PRICE_1","0.9009013527891778","15","TabPFN-v2p5 🇩🇪","1","all","","nlp-srv2.iem.technion.ac.il","MUL_IMAGE_CSGO_SKIN_PRICE","2026-04-09T01:04:02.000Z"
"tabpfnv2_MUL_IMAGE_CSGO_SKIN_PRICE_1","0.8949265845873233","15","TabPFN-v2 🤯","1","all","","nlp-srv2.iem.technion.ac.il","MUL_IMAGE_CSGO_SKIN_PRICE","2026-04-09T01:02:56.000Z"
"tabm_MUL_IMAGE_CSGO_SKIN_PRICE_1","0.8705718194254446","15","TabM Ⓜ️","1","all","","nlp-srv2.iem.technion.ac.il","MUL_IMAGE_CSGO_SKIN_PRICE","2026-04-09T01:01:54.000Z"
"cat_MUL_IMAGE_CSGO_SKIN_PRICE_1","0.8496780665754674","15","CatBoost 😸","1","all","","nlp-srv2.iem.technion.ac.il","MUL_IMAGE_CSGO_SKIN_PRICE","2026-04-09T01:00:12.000Z"
"light_MUL_IMAGE_CSGO_SKIN_PRICE_1","0.8300091199270406","15","LightGBM 💡","1","all","","nlp-srv2.iem.technion.ac.il","MUL_IMAGE_CSGO_SKIN_PRICE","2026-04-09T00:59:04.000Z"
"tabpfnv2p5_MUL_IMAGE_CSGO_SKIN_PRICE_0","0.9136920504635964","15","TabPFN-v2p5 🇩🇪","0","all","","nlp-srv2.iem.technion.ac.il","MUL_IMAGE_CSGO_SKIN_PRICE","2026-04-09T00:57:40.000Z"
"tabpfnv2_MUL_IMAGE_CSGO_SKIN_PRICE_0","0.9138024015807872","15","TabPFN-v2 🤯","0","all","","nlp-srv2.iem.technion.ac.il","MUL_IMAGE_CSGO_SKIN_PRICE","2026-04-09T00:56:25.000Z"
"tabm_MUL_IMAGE_CSGO_SKIN_PRICE_0","0.8957814257485939","15","TabM Ⓜ️","0","all","","nlp-srv2.iem.technion.ac.il","MUL_IMAGE_CSGO_SKIN_PRICE","2026-04-09T00:55:07.000Z"
"cat_MUL_IMAGE_CSGO_SKIN_PRICE_0","0.874780665754674","15","CatBoost 😸","0","all","","nlp-srv2.iem.technion.ac.il","MUL_IMAGE_CSGO_SKIN_PRICE","2026-04-09T00:53:30.000Z"
"light_MUL_IMAGE_CSGO_SKIN_PRICE_0","0.8532977656178751","15","LightGBM 💡","0","all","","nlp-srv2.iem.technion.ac.il","MUL_IMAGE_CSGO_SKIN_PRICE","2026-04-09T00:51:28.000Z"
"tabpfnv2p5_MUL_IMAGE_CHEXPERT_4","0.7917847036674067","15","TabPFN-v2p5 🇩🇪","4","all","","nlp-srv2.iem.technion.ac.il","MUL_IMAGE_CHEXPERT","2026-04-09T00:48:45.000Z"
"tabpfnv2_MUL_IMAGE_CHEXPERT_4","0.7789042670785641","15","TabPFN-v2 🤯","4","all","","nlp-srv2.iem.technion.ac.il","MUL_IMAGE_CHEXPERT","2026-04-09T00:46:03.000Z"
"tabm_MUL_IMAGE_CHEXPERT_4","0.7525399887926739","15","TabM Ⓜ️","4","all","","nlp-srv2.iem.technion.ac.il","MUL_IMAGE_CHEXPERT","2026-04-09T00:43:29.000Z"
"cat_MUL_IMAGE_CHEXPERT_4","0.76817769232279","15","CatBoost 😸","4","all","","nlp-srv2.iem.technion.ac.il","MUL_IMAGE_CHEXPERT","2026-04-09T00:40:57.000Z"
"light_MUL_IMAGE_CHEXPERT_4","0.7684243849779978","15","LightGBM 💡","4","all","","nlp-srv2.iem.technion.ac.il","MUL_IMAGE_CHEXPERT","2026-04-09T00:38:35.000Z"
"tabpfnv2p5_MUL_IMAGE_CHEXPERT_3","0.7877580797133282","15","TabPFN-v2p5 🇩🇪","3","all","","nlp-srv2.iem.technion.ac.il","MUL_IMAGE_CHEXPERT","2026-04-09T00:35:35.000Z"
"tabpfnv2_MUL_IMAGE_CHEXPERT_3","0.7874972113694175","15","TabPFN-v2 🤯","3","all","","nlp-srv2.iem.technion.ac.il","MUL_IMAGE_CHEXPERT","2026-04-09T00:32:58.000Z"
"tabm_MUL_IMAGE_CHEXPERT_3","0.7420494382501834","15","TabM Ⓜ️","3","all","","nlp-srv2.iem.technion.ac.il","MUL_IMAGE_CHEXPERT","2026-04-09T00:30:46.000Z"
"cat_MUL_IMAGE_CHEXPERT_3","0.7767285435783569","15","CatBoost 😸","3","all","","nlp-srv2.iem.technion.ac.il","MUL_IMAGE_CHEXPERT","2026-04-09T00:25:32.000Z"
"light_MUL_IMAGE_CHEXPERT_3","0.7661297342044122","15","LightGBM 💡","3","all","","nlp-srv2.iem.technion.ac.il","MUL_IMAGE_CHEXPERT","2026-04-09T00:20:40.000Z"
"tabpfnv2p5_MUL_IMAGE_CHEXPERT_2","0.7858327825960124","15","TabPFN-v2p5 🇩🇪","2","all","","nlp-srv2.iem.technion.ac.il","MUL_IMAGE_CHEXPERT","2026-04-09T00:15:57.000Z"
"tabpfnv2_MUL_IMAGE_CHEXPERT_2","0.7812001696245455","15","TabPFN-v2 🤯","2","all","","nlp-srv2.iem.technion.ac.il","MUL_IMAGE_CHEXPERT","2026-04-09T00:13:31.000Z"
"tabm_MUL_IMAGE_CHEXPERT_2","0.7496257305039968","15","TabM Ⓜ️","2","all","","nlp-srv2.iem.technion.ac.il","MUL_IMAGE_CHEXPERT","2026-04-09T00:10:47.000Z"
"cat_MUL_IMAGE_CHEXPERT_2","0.7722723111512048","15","CatBoost 😸","2","all","","nlp-srv2.iem.technion.ac.il","MUL_IMAGE_CHEXPERT","2026-04-09T00:08:19.000Z"
"light_MUL_IMAGE_CHEXPERT_2","0.7694957811683819","15","LightGBM 💡","2","all","","nlp-srv2.iem.technion.ac.il","MUL_IMAGE_CHEXPERT","2026-04-09T00:05:57.000Z"
"tabpfnv2p5_MUL_IMAGE_CHEXPERT_1","0.7715015881666925","15","TabPFN-v2p5 🇩🇪","1","all","","nlp-srv2.iem.technion.ac.il","MUL_IMAGE_CHEXPERT","2026-04-09T00:03:08.000Z"
"tabpfnv2_MUL_IMAGE_CHEXPERT_1","0.7687195564387697","15","TabPFN-v2 🤯","1","all","","nlp-srv2.iem.technion.ac.il","MUL_IMAGE_CHEXPERT","2026-04-08T23:58:35.000Z"
"tabm_MUL_IMAGE_CHEXPERT_1","0.7332563713048068","15","TabM Ⓜ️","1","all","","nlp-srv2.iem.technion.ac.il","MUL_IMAGE_CHEXPERT","2026-04-08T23:54:38.000Z"
"cat_MUL_IMAGE_CHEXPERT_1","0.7647847411644001","15","CatBoost 😸","1","all","","nlp-srv2.iem.technion.ac.il","MUL_IMAGE_CHEXPERT","2026-04-08T23:50:59.000Z"
"light_MUL_IMAGE_CHEXPERT_1","0.7573533841178559","15","LightGBM 💡","1","all","","nlp-srv2.iem.technion.ac.il","MUL_IMAGE_CHEXPERT","2026-04-08T23:47:53.000Z"
"tabpfnv2p5_MUL_IMAGE_CHEXPERT_0","0.7763212384162858","15","TabPFN-v2p5 🇩🇪","0","all","","nlp-srv2.iem.technion.ac.il","MUL_IMAGE_CHEXPERT","2026-04-08T23:43:49.000Z"
"tabpfnv2_MUL_IMAGE_CHEXPERT_0","0.7761180263305506","15","TabPFN-v2 🤯","0","all","","nlp-srv2.iem.technion.ac.il","MUL_IMAGE_CHEXPERT","2026-04-08T23:40:29.000Z"
"tabm_MUL_IMAGE_CHEXPERT_0","0.7297892139480461","15","TabM Ⓜ️","0","all","","nlp-srv2.iem.technion.ac.il","MUL_IMAGE_CHEXPERT","2026-04-08T23:37:14.000Z"
"cat_MUL_IMAGE_CHEXPERT_0","0.763998421523517","15","CatBoost 😸","0","all","","nlp-srv2.iem.technion.ac.il","MUL_IMAGE_CHEXPERT","2026-04-08T23:34:33.000Z"
"light_MUL_IMAGE_CHEXPERT_0","0.755499153860198","15","LightGBM 💡","0","all","","nlp-srv2.iem.technion.ac.il","MUL_IMAGE_CHEXPERT","2026-04-08T23:30:03.000Z"
"tabpfnv2p5_MUL_IMAGE_CBIS_DDSM_4","0.8734283257336267","15","TabPFN-v2p5 🇩🇪","4","all","","nlp-srv2.iem.technion.ac.il","MUL_IMAGE_CBIS_DDSM","2026-04-08T23:22:46.000Z"
"tabpfnv2_MUL_IMAGE_CBIS_DDSM_4","0.8711967712010104","15","TabPFN-v2 🤯","4","all","","nlp-srv2.iem.technion.ac.il","MUL_IMAGE_CBIS_DDSM","2026-04-08T23:14:39.000Z"
"tabm_MUL_IMAGE_CBIS_DDSM_4","0.8542204626836626","15","TabM Ⓜ️","4","all","","nlp-srv2.iem.technion.ac.il","MUL_IMAGE_CBIS_DDSM","2026-04-08T23:07:16.000Z"
"cat_MUL_IMAGE_CBIS_DDSM_4","0.8506942527986979","15","CatBoost 😸","4","all","","nlp-srv2.iem.technion.ac.il","MUL_IMAGE_CBIS_DDSM","2026-04-08T23:00:05.000Z"
"light_MUL_IMAGE_CBIS_DDSM_4","0.8138116154304738","15","LightGBM 💡","4","all","","nlp-srv2.iem.technion.ac.il","MUL_IMAGE_CBIS_DDSM","2026-04-08T22:52:18.000Z"
"tabpfnv2p5_MUL_IMAGE_CBIS_DDSM_3","0.8922797221604197","15","TabPFN-v2p5 🇩🇪","3","all","","nlp-srv2.iem.technion.ac.il","MUL_IMAGE_CBIS_DDSM","2026-04-08T22:44:39.000Z"
"tabpfnv2_MUL_IMAGE_CBIS_DDSM_3","0.8922962215605237","15","TabPFN-v2 🤯","3","all","","nlp-srv2.iem.technion.ac.il","MUL_IMAGE_CBIS_DDSM","2026-04-08T22:37:01.000Z"
"tabm_MUL_IMAGE_CBIS_DDSM_3","0.8886591234318231","15","TabM Ⓜ️","3","all","","nlp-srv2.iem.technion.ac.il","MUL_IMAGE_CBIS_DDSM","2026-04-08T22:29:34.000Z"
"cat_MUL_IMAGE_CBIS_DDSM_3","0.8799404587857895","15","CatBoost 😸","3","all","","nlp-srv2.iem.technion.ac.il","MUL_IMAGE_CBIS_DDSM","2026-04-08T22:22:22.000Z"
"light_MUL_IMAGE_CBIS_DDSM_3","0.8858113049716465","15","LightGBM 💡","3","all","","nlp-srv2.iem.technion.ac.il","MUL_IMAGE_CBIS_DDSM","2026-04-08T22:14:39.000Z"
"tabpfnv2p5_MUL_IMAGE_CBIS_DDSM_2","0.8820378156115367","15","TabPFN-v2p5 🇩🇪","2","all","","nlp-srv2.iem.technion.ac.il","MUL_IMAGE_CBIS_DDSM","2026-04-08T22:06:32.000Z"
"tabpfnv2_MUL_IMAGE_CBIS_DDSM_2","0.8776363425371257","15","TabPFN-v2 🤯","2","all","","nlp-srv2.iem.technion.ac.il","MUL_IMAGE_CBIS_DDSM","2026-04-08T21:59:13.000Z"
"tabm_MUL_IMAGE_CBIS_DDSM_2","0.8705455512834696","15","TabM Ⓜ️","2","all","","nlp-srv2.iem.technion.ac.il","MUL_IMAGE_CBIS_DDSM","2026-04-08T21:51:30.000Z"
"cat_MUL_IMAGE_CBIS_DDSM_2","0.8361038815878535","15","CatBoost 😸","2","all","","nlp-srv2.iem.technion.ac.il","MUL_IMAGE_CBIS_DDSM","2026-04-08T21:43:48.000Z"
"light_MUL_IMAGE_CBIS_DDSM_2","0.8112032652609583","15","LightGBM 💡","2","all","","nlp-srv2.iem.technion.ac.il","MUL_IMAGE_CBIS_DDSM","2026-04-08T21:36:34.000Z"
"tabpfnv2p5_MUL_IMAGE_CBIS_DDSM_1","0.8871282434203827","15","TabPFN-v2p5 🇩🇪","1","all","","nlp-srv2.iem.technion.ac.il","MUL_IMAGE_CBIS_DDSM","2026-04-08T21:28:18.000Z"
"tabpfnv2_MUL_IMAGE_CBIS_DDSM_1","0.8834239610654686","15","TabPFN-v2 🤯","1","all","","nlp-srv2.iem.technion.ac.il","MUL_IMAGE_CBIS_DDSM","2026-04-08T21:20:59.000Z"
"tabm_MUL_IMAGE_CBIS_DDSM_1","0.8866402802879851","15","TabM Ⓜ️","1","all","","nlp-srv2.iem.technion.ac.il","MUL_IMAGE_CBIS_DDSM","2026-04-08T21:14:01.000Z"
"cat_MUL_IMAGE_CBIS_DDSM_1","0.8682842622639344","15","CatBoost 😸","1","all","","nlp-srv2.iem.technion.ac.il","MUL_IMAGE_CBIS_DDSM","2026-04-08T21:06:06.000Z"
"light_MUL_IMAGE_CBIS_DDSM_1","0.861001702435652","15","LightGBM 💡","1","all","","nlp-srv2.iem.technion.ac.il","MUL_IMAGE_CBIS_DDSM","2026-04-08T20:58:38.000Z"
"tabpfnv2p5_MUL_IMAGE_CBIS_DDSM_0","0.877817093241212","15","TabPFN-v2p5 🇩🇪","0","all","","nlp-srv2.iem.technion.ac.il","MUL_IMAGE_CBIS_DDSM","2026-04-08T20:50:04.000Z"
"tabpfnv2_MUL_IMAGE_CBIS_DDSM_0","0.8697696573967315","15","TabPFN-v2 🤯","0","all","","nlp-srv2.iem.technion.ac.il","MUL_IMAGE_CBIS_DDSM","2026-04-08T20:43:20.000Z"
"tabm_MUL_IMAGE_CBIS_DDSM_0","0.8442378674673074","15","TabM Ⓜ️","0","all","","nlp-srv2.iem.technion.ac.il","MUL_IMAGE_CBIS_DDSM","2026-04-08T20:35:55.000Z"
"cat_MUL_IMAGE_CBIS_DDSM_0","0.8144487948393031","15","CatBoost 😸","0","all","","nlp-srv2.iem.technion.ac.il","MUL_IMAGE_CBIS_DDSM","2026-04-08T20:27:57.000Z"
"light_MUL_IMAGE_CBIS_DDSM_0","0.8125852891783086","15","LightGBM 💡","0","all","","nlp-srv2.iem.technion.ac.il","MUL_IMAGE_CBIS_DDSM","2026-04-08T20:20:47.000Z"
"tabpfnv2p5_BIN_IMAGE_MAMMOGRAPHY_CMMD_4","0.8002939895470383","15","TabPFN-v2p5 🇩🇪","4","all","","nlp-srv2.iem.technion.ac.il","BIN_IMAGE_MAMMOGRAPHY_CMMD","2026-04-08T20:14:45.000Z"
"tabpfnv2_BIN_IMAGE_MAMMOGRAPHY_CMMD_4","0.8067726480836237","15","TabPFN-v2 🤯","4","all","","nlp-srv2.iem.technion.ac.il","BIN_IMAGE_MAMMOGRAPHY_CMMD","2026-04-08T20:08:42.000Z"
"tabm_BIN_IMAGE_MAMMOGRAPHY_CMMD_4","0.7678353658536585","15","TabM Ⓜ️","4","all","","nlp-srv2.iem.technion.ac.il","BIN_IMAGE_MAMMOGRAPHY_CMMD","2026-04-08T20:02:45.000Z"
"cat_BIN_IMAGE_MAMMOGRAPHY_CMMD_4","0.773366724738676","15","CatBoost 😸","4","all","","nlp-srv2.iem.technion.ac.il","BIN_IMAGE_MAMMOGRAPHY_CMMD","2026-04-08T19:56:57.000Z"
"light_BIN_IMAGE_MAMMOGRAPHY_CMMD_4","0.7582970383275262","15","LightGBM 💡","4","all","","nlp-srv2.iem.technion.ac.il","BIN_IMAGE_MAMMOGRAPHY_CMMD","2026-04-08T19:51:16.000Z"
"tabpfnv2p5_BIN_IMAGE_MAMMOGRAPHY_CMMD_3","0.7785823170731707","15","TabPFN-v2p5 🇩🇪","3","all","","nlp-srv2.iem.technion.ac.il","BIN_IMAGE_MAMMOGRAPHY_CMMD","2026-04-08T19:45:14.000Z"
"tabpfnv2_BIN_IMAGE_MAMMOGRAPHY_CMMD_3","0.7940984320557491","15","TabPFN-v2 🤯","3","all","","nlp-srv2.iem.technion.ac.il","BIN_IMAGE_MAMMOGRAPHY_CMMD","2026-04-08T19:39:14.000Z"
"tabm_BIN_IMAGE_MAMMOGRAPHY_CMMD_3","0.7259799651567944","15","TabM Ⓜ️","3","all","","nlp-srv2.iem.technion.ac.il","BIN_IMAGE_MAMMOGRAPHY_CMMD","2026-04-08T19:32:55.000Z"
"cat_BIN_IMAGE_MAMMOGRAPHY_CMMD_3","0.7344729965156794","15","CatBoost 😸","3","all","","nlp-srv2.iem.technion.ac.il","BIN_IMAGE_MAMMOGRAPHY_CMMD","2026-04-08T19:26:48.000Z"
"light_BIN_IMAGE_MAMMOGRAPHY_CMMD_3","0.7221036585365853","15","LightGBM 💡","3","all","","nlp-srv2.iem.technion.ac.il","BIN_IMAGE_MAMMOGRAPHY_CMMD","2026-04-08T19:20:49.000Z"
"tabpfnv2p5_BIN_IMAGE_MAMMOGRAPHY_CMMD_2","0.7919098432055749","15","TabPFN-v2p5 🇩🇪","2","all","","nlp-srv2.iem.technion.ac.il","BIN_IMAGE_MAMMOGRAPHY_CMMD","2026-04-08T19:14:46.000Z"
"tabpfnv2_BIN_IMAGE_MAMMOGRAPHY_CMMD_2","0.8070230836236933","15","TabPFN-v2 🤯","2","all","","nlp-srv2.iem.technion.ac.il","BIN_IMAGE_MAMMOGRAPHY_CMMD","2026-04-08T19:08:44.000Z"
"tabm_BIN_IMAGE_MAMMOGRAPHY_CMMD_2","0.7287238675958189","15","TabM Ⓜ️","2","all","","nlp-srv2.iem.technion.ac.il","BIN_IMAGE_MAMMOGRAPHY_CMMD","2026-04-08T19:02:51.000Z"
"cat_BIN_IMAGE_MAMMOGRAPHY_CMMD_2","0.7356489547038328","15","CatBoost 😸","2","all","","nlp-srv2.iem.technion.ac.il","BIN_IMAGE_MAMMOGRAPHY_CMMD","2026-04-08T18:56:53.000Z"
"light_BIN_IMAGE_MAMMOGRAPHY_CMMD_2","0.7181184668989548","15","LightGBM 💡","2","all","","nlp-srv2.iem.technion.ac.il","BIN_IMAGE_MAMMOGRAPHY_CMMD","2026-04-08T18:50:20.000Z"
"tabpfnv2p5_BIN_IMAGE_MAMMOGRAPHY_CMMD_1","0.7830574912891987","15","TabPFN-v2p5 🇩🇪","1","all","","nlp-srv2.iem.technion.ac.il","BIN_IMAGE_MAMMOGRAPHY_CMMD","2026-04-08T18:44:01.000Z"
"tabpfnv2_BIN_IMAGE_MAMMOGRAPHY_CMMD_1","0.7960801393728223","15","TabPFN-v2 🤯","1","all","","nlp-srv2.iem.technion.ac.il","BIN_IMAGE_MAMMOGRAPHY_CMMD","2026-04-08T18:37:28.000Z"
"tabm_BIN_IMAGE_MAMMOGRAPHY_CMMD_1","0.7408972125435539","15","TabM Ⓜ️","1","all","","nlp-srv2.iem.technion.ac.il","BIN_IMAGE_MAMMOGRAPHY_CMMD","2026-04-08T18:31:10.000Z"
"cat_BIN_IMAGE_MAMMOGRAPHY_CMMD_1","0.7402221254355401","15","CatBoost 😸","1","all","","nlp-srv2.iem.technion.ac.il","BIN_IMAGE_MAMMOGRAPHY_CMMD","2026-04-08T18:24:54.000Z"
"light_BIN_IMAGE_MAMMOGRAPHY_CMMD_1","0.7557491289198606","15","LightGBM 💡","1","all","","nlp-srv2.iem.technion.ac.il","BIN_IMAGE_MAMMOGRAPHY_CMMD","2026-04-08T18:18:53.000Z"
"tabpfnv2p5_BIN_IMAGE_MAMMOGRAPHY_CMMD_0","0.8084059233449477","15","TabPFN-v2p5 🇩🇪","0","all","","nlp-srv2.iem.technion.ac.il","BIN_IMAGE_MAMMOGRAPHY_CMMD","2026-04-08T18:12:30.000Z"
"tabpfnv2_BIN_IMAGE_MAMMOGRAPHY_CMMD_0","0.8228005226480836","15","TabPFN-v2 🤯","0","all","","nlp-srv2.iem.technion.ac.il","BIN_IMAGE_MAMMOGRAPHY_CMMD","2026-04-08T18:06:17.000Z"
"tabm_BIN_IMAGE_MAMMOGRAPHY_CMMD_0","0.7715810104529617","15","TabM Ⓜ️","0","all","","nlp-srv2.iem.technion.ac.il","BIN_IMAGE_MAMMOGRAPHY_CMMD","2026-04-08T18:00:03.000Z"
"cat_BIN_IMAGE_MAMMOGRAPHY_CMMD_0","0.7758275261324042","15","CatBoost 😸","0","all","","nlp-srv2.iem.technion.ac.il","BIN_IMAGE_MAMMOGRAPHY_CMMD","2026-04-08T17:54:05.000Z"
"light_BIN_IMAGE_MAMMOGRAPHY_CMMD_0","0.7491506968641115","15","LightGBM 💡","0","all","","nlp-srv2.iem.technion.ac.il","BIN_IMAGE_MAMMOGRAPHY_CMMD","2026-04-08T17:48:12.000Z"
"tabpfnv2p5_BIN_IMAGE_HATEFUL_MEME_4","0.7546124094581509","15","TabPFN-v2p5 🇩🇪","4","all","","nlp-srv2.iem.technion.ac.il","BIN_IMAGE_HATEFUL_MEME","2026-04-08T17:37:46.000Z"
"tabpfnv2_BIN_IMAGE_HATEFUL_MEME_4","0.7452553161094385","15","TabPFN-v2 🤯","4","all","","nlp-srv2.iem.technion.ac.il","BIN_IMAGE_HATEFUL_MEME","2026-04-08T17:27:16.000Z"
"tabm_BIN_IMAGE_HATEFUL_MEME_4","0.7476415468701225","15","TabM Ⓜ️","4","all","","nlp-srv2.iem.technion.ac.il","BIN_IMAGE_HATEFUL_MEME","2026-04-08T17:16:57.000Z"
"cat_BIN_IMAGE_HATEFUL_MEME_4","0.7278903286226","15","CatBoost 😸","4","all","","nlp-srv2.iem.technion.ac.il","BIN_IMAGE_HATEFUL_MEME","2026-04-08T17:07:09.000Z"
"light_BIN_IMAGE_HATEFUL_MEME_4","0.7162290146612981","15","LightGBM 💡","4","all","","nlp-srv2.iem.technion.ac.il","BIN_IMAGE_HATEFUL_MEME","2026-04-08T16:56:59.000Z"
"tabpfnv2p5_BIN_IMAGE_HATEFUL_MEME_3","0.7746969592753478","15","TabPFN-v2p5 🇩🇪","3","all","","nlp-srv2.iem.technion.ac.il","BIN_IMAGE_HATEFUL_MEME","2026-04-08T16:46:44.000Z"
"tabpfnv2_BIN_IMAGE_HATEFUL_MEME_3","0.7581626552240465","15","TabPFN-v2 🤯","3","all","","nlp-srv2.iem.technion.ac.il","BIN_IMAGE_HATEFUL_MEME","2026-04-08T16:35:58.000Z"
"tabm_BIN_IMAGE_HATEFUL_MEME_3","0.7740752694430187","15","TabM Ⓜ️","3","all","","nlp-srv2.iem.technion.ac.il","BIN_IMAGE_HATEFUL_MEME","2026-04-08T16:26:38.000Z"
"cat_BIN_IMAGE_HATEFUL_MEME_3","0.7296786789487887","15","CatBoost 😸","3","all","","nlp-srv2.iem.technion.ac.il","BIN_IMAGE_HATEFUL_MEME","2026-04-08T16:16:47.000Z"
"light_BIN_IMAGE_HATEFUL_MEME_3","0.7286310654440982","15","LightGBM 💡","3","all","","nlp-srv2.iem.technion.ac.il","BIN_IMAGE_HATEFUL_MEME","2026-04-08T16:06:52.000Z"
"tabpfnv2p5_BIN_IMAGE_HATEFUL_MEME_2","0.7824932143216173","15","TabPFN-v2p5 🇩🇪","2","all","","nlp-srv2.iem.technion.ac.il","BIN_IMAGE_HATEFUL_MEME","2026-04-08T15:57:20.000Z"
"tabpfnv2_BIN_IMAGE_HATEFUL_MEME_2","0.7596573563102841","15","TabPFN-v2 🤯","2","all","","nlp-srv2.iem.technion.ac.il","BIN_IMAGE_HATEFUL_MEME","2026-04-08T15:46:57.000Z"
"tabm_BIN_IMAGE_HATEFUL_MEME_2","0.782794800027513","15","TabM Ⓜ️","2","all","","nlp-srv2.iem.technion.ac.il","BIN_IMAGE_HATEFUL_MEME","2026-04-08T15:36:51.000Z"
"cat_BIN_IMAGE_HATEFUL_MEME_2","0.7640065396479383","15","CatBoost 😸","2","all","","nlp-srv2.iem.technion.ac.il","BIN_IMAGE_HATEFUL_MEME","2026-04-08T15:27:01.000Z"
"light_BIN_IMAGE_HATEFUL_MEME_2","0.7447103454479076","15","LightGBM 💡","2","all","","nlp-srv2.iem.technion.ac.il","BIN_IMAGE_HATEFUL_MEME","2026-04-08T15:17:17.000Z"
"tabpfnv2p5_BIN_IMAGE_HATEFUL_MEME_1","0.7648107681969938","15","TabPFN-v2p5 🇩🇪","1","all","","nlp-srv2.iem.technion.ac.il","BIN_IMAGE_HATEFUL_MEME","2026-04-08T15:07:51.000Z"
"tabpfnv2_BIN_IMAGE_HATEFUL_MEME_1","0.7507790964068973","15","TabPFN-v2 🤯","1","all","","nlp-srv2.iem.technion.ac.il","BIN_IMAGE_HATEFUL_MEME","2026-04-08T14:57:07.000Z"
"tabm_BIN_IMAGE_HATEFUL_MEME_1","0.7661282215438014","15","TabM Ⓜ️","1","all","","nlp-srv2.iem.technion.ac.il","BIN_IMAGE_HATEFUL_MEME","2026-04-08T14:47:04.000Z"
"cat_BIN_IMAGE_HATEFUL_MEME_1","0.7352024592462475","15","CatBoost 😸","1","all","","nlp-srv2.iem.technion.ac.il","BIN_IMAGE_HATEFUL_MEME","2026-04-08T14:37:18.000Z"
"light_BIN_IMAGE_HATEFUL_MEME_1","0.7097158216094095","15","LightGBM 💡","1","all","","nlp-srv2.iem.technion.ac.il","BIN_IMAGE_HATEFUL_MEME","2026-04-08T14:27:37.000Z"
"tabpfnv2p5_BIN_IMAGE_HATEFUL_MEME_0","0.7772366283776277","15","TabPFN-v2p5 🇩🇪","0","all","","nlp-srv2.iem.technion.ac.il","BIN_IMAGE_HATEFUL_MEME","2026-04-08T14:17:04.000Z"
"tabpfnv2_BIN_IMAGE_HATEFUL_MEME_0","0.768207575621293","15","TabPFN-v2 🤯","0","all","","nlp-srv2.iem.technion.ac.il","BIN_IMAGE_HATEFUL_MEME","2026-04-08T14:06:28.000Z"
"tabm_BIN_IMAGE_HATEFUL_MEME_0","0.7719535875471557","15","TabM Ⓜ️","0","all","","nlp-srv2.iem.technion.ac.il","BIN_IMAGE_HATEFUL_MEME","2026-04-08T13:56:12.000Z"
"cat_BIN_IMAGE_HATEFUL_MEME_0","0.7417844350029894","15","CatBoost 😸","0","all","","nlp-srv2.iem.technion.ac.il","BIN_IMAGE_HATEFUL_MEME","2026-04-08T13:45:51.000Z"
"light_BIN_IMAGE_HATEFUL_MEME_0","0.7393982042423057","15","LightGBM 💡","0","all","","nlp-srv2.iem.technion.ac.il","BIN_IMAGE_HATEFUL_MEME","2026-04-08T13:39:21.000Z"
"tabpfnv2p5_BIN_IMAGE_CELEB_ATTRACTIVENESS_4","0.911577224351682","15","TabPFN-v2p5 🇩🇪","4","all","","nlp-srv2.iem.technion.ac.il","BIN_IMAGE_CELEB_ATTRACTIVENESS","2026-04-08T13:33:35.000Z"
"tabpfnv2_BIN_IMAGE_CELEB_ATTRACTIVENESS_4","0.9101439661580976","15","TabPFN-v2 🤯","4","all","","nlp-srv2.iem.technion.ac.il","BIN_IMAGE_CELEB_ATTRACTIVENESS","2026-04-08T13:28:51.000Z"
"tabm_BIN_IMAGE_CELEB_ATTRACTIVENESS_4","0.9100153981456188","15","TabM Ⓜ️","4","all","","nlp-srv2.iem.technion.ac.il","BIN_IMAGE_CELEB_ATTRACTIVENESS","2026-04-08T13:24:29.000Z"
"cat_BIN_IMAGE_CELEB_ATTRACTIVENESS_4","0.9081404062749194","15","CatBoost 😸","4","all","","nlp-srv2.iem.technion.ac.il","BIN_IMAGE_CELEB_ATTRACTIVENESS","2026-04-08T13:20:48.000Z"
"light_BIN_IMAGE_CELEB_ATTRACTIVENESS_4","0.9007915187133996","15","LightGBM 💡","4","all","","nlp-srv2.iem.technion.ac.il","BIN_IMAGE_CELEB_ATTRACTIVENESS","2026-04-08T13:14:46.000Z"
"tabpfnv2p5_BIN_IMAGE_CELEB_ATTRACTIVENESS_3","0.9000716378964471","15","TabPFN-v2p5 🇩🇪","3","all","","nlp-srv2.iem.technion.ac.il","BIN_IMAGE_CELEB_ATTRACTIVENESS","2026-04-08T13:07:19.000Z"
"tabpfnv2_BIN_IMAGE_CELEB_ATTRACTIVENESS_3","0.899272715266376","15","TabPFN-v2 🤯","3","all","","nlp-srv2.iem.technion.ac.il","BIN_IMAGE_CELEB_ATTRACTIVENESS","2026-04-08T13:02:08.000Z"
"tabm_BIN_IMAGE_CELEB_ATTRACTIVENESS_3","0.9008455472945188","15","TabM Ⓜ️","3","all","","nlp-srv2.iem.technion.ac.il","BIN_IMAGE_CELEB_ATTRACTIVENESS","2026-04-08T12:57:20.000Z"
"cat_BIN_IMAGE_CELEB_ATTRACTIVENESS_3","0.8960259977528113","15","CatBoost 😸","3","all","","nlp-srv2.iem.technion.ac.il","BIN_IMAGE_CELEB_ATTRACTIVENESS","2026-04-08T12:52:04.000Z"
"light_BIN_IMAGE_CELEB_ATTRACTIVENESS_3","0.8917877557227774","15","LightGBM 💡","3","all","","nlp-srv2.iem.technion.ac.il","BIN_IMAGE_CELEB_ATTRACTIVENESS","2026-04-08T12:46:54.000Z"
"tabpfnv2p5_BIN_IMAGE_CELEB_ATTRACTIVENESS_2","0.9114216420486438","15","TabPFN-v2p5 🇩🇪","2","all","","nlp-srv2.iem.technion.ac.il","BIN_IMAGE_CELEB_ATTRACTIVENESS","2026-04-08T12:42:07.000Z"
"tabpfnv2_BIN_IMAGE_CELEB_ATTRACTIVENESS_2","0.9112745642444852","15","TabPFN-v2 🤯","2","all","","nlp-srv2.iem.technion.ac.il","BIN_IMAGE_CELEB_ATTRACTIVENESS","2026-04-08T12:37:18.000Z"
"tabm_BIN_IMAGE_CELEB_ATTRACTIVENESS_2","0.9044804701687192","15","TabM Ⓜ️","2","all","","nlp-srv2.iem.technion.ac.il","BIN_IMAGE_CELEB_ATTRACTIVENESS","2026-04-08T12:25:13.000Z"
"cat_BIN_IMAGE_CELEB_ATTRACTIVENESS_2","0.9065295541341368","15","CatBoost 😸","2","all","","nlp-srv2.iem.technion.ac.il","BIN_IMAGE_CELEB_ATTRACTIVENESS","2026-04-08T12:22:39.000Z"
"light_BIN_IMAGE_CELEB_ATTRACTIVENESS_2","0.8990976226423778","15","LightGBM 💡","2","all","","nlp-srv2.iem.technion.ac.il","BIN_IMAGE_CELEB_ATTRACTIVENESS","2026-04-08T12:16:04.000Z"
"tabpfnv2p5_BIN_IMAGE_CELEB_ATTRACTIVENESS_1","0.8994177920119744","15","TabPFN-v2p5 🇩🇪","1","all","","nlp-srv2.iem.technion.ac.il","BIN_IMAGE_CELEB_ATTRACTIVENESS","2026-04-08T12:09:59.000Z"
"tabpfnv2_BIN_IMAGE_CELEB_ATTRACTIVENESS_1","0.9002852508977249","15","TabPFN-v2 🤯","1","all","","nlp-srv2.iem.technion.ac.il","BIN_IMAGE_CELEB_ATTRACTIVENESS","2026-04-08T12:05:08.000Z"
"tabm_BIN_IMAGE_CELEB_ATTRACTIVENESS_1","0.896591296796005","15","TabM Ⓜ️","1","all","","nlp-srv2.iem.technion.ac.il","BIN_IMAGE_CELEB_ATTRACTIVENESS","2026-04-08T11:59:43.000Z"
"cat_BIN_IMAGE_CELEB_ATTRACTIVENESS_1","0.8977178927652729","15","CatBoost 😸","1","all","","nlp-srv2.iem.technion.ac.il","BIN_IMAGE_CELEB_ATTRACTIVENESS","2026-04-08T11:56:24.000Z"
"light_BIN_IMAGE_CELEB_ATTRACTIVENESS_1","0.8932455268837214","15","LightGBM 💡","1","all","","nlp-srv2.iem.technion.ac.il","BIN_IMAGE_CELEB_ATTRACTIVENESS","2026-04-08T11:52:10.000Z"
"tabm_BIN_IMAGE_CELEB_ATTRACTIVENESS_0","0.907073842062451","15","TabM Ⓜ️","0","all","","nlp-srv2.iem.technion.ac.il","BIN_IMAGE_CELEB_ATTRACTIVENESS","2026-04-08T11:50:25.000Z"
"cat_BIN_IMAGE_CELEB_ATTRACTIVENESS_0","0.9011767224861952","15","CatBoost 😸","0","all","","nlp-srv2.iem.technion.ac.il","BIN_IMAGE_CELEB_ATTRACTIVENESS","2026-04-08T11:48:57.000Z"
"tabpfnv2p5_BIN_IMAGE_CELEB_ATTRACTIVENESS_0","0.9050767856195928","15","TabPFN-v2p5 🇩🇪","0","all","","nlp-srv2.iem.technion.ac.il","BIN_IMAGE_CELEB_ATTRACTIVENESS","2026-04-08T11:39:46.000Z"
"tabpfnv2_BIN_IMAGE_CELEB_ATTRACTIVENESS_0","0.903966198118805","15","TabPFN-v2 🤯","0","all","","nlp-srv2.iem.technion.ac.il","BIN_IMAGE_CELEB_ATTRACTIVENESS","2026-04-08T11:36:44.000Z"
"light_BIN_IMAGE_CELEB_ATTRACTIVENESS_0","0.8939569032017938","15","LightGBM 💡","0","all","","nlp-srv2.iem.technion.ac.il","BIN_IMAGE_CELEB_ATTRACTIVENESS","2026-04-08T11:24:19.000Z"