"Name","test_score","pca_components","model","fold","multimodal_state","User","Hostname","dataset_name","Created"
"tabpfnv2p5_REG_TEXT_ZOMATO_RESTAURANTS_4","0.8605532886658389","60","TabPFN-v2p5 🇩🇪","4","all","","n309","REG_TEXT_ZOMATO_RESTAURANTS","2026-04-14T13:29:07.000Z"
"tabpfnv2_REG_TEXT_ZOMATO_RESTAURANTS_4","0.6641679382279653","60","TabPFN-v2 🤯","4","all","","n305","REG_TEXT_ZOMATO_RESTAURANTS","2026-04-14T13:17:07.000Z"
"tabm_REG_TEXT_ZOMATO_RESTAURANTS_4","0.843828077522215","60","TabM Ⓜ️","4","all","","n306","REG_TEXT_ZOMATO_RESTAURANTS","2026-04-14T12:28:01.000Z"
"cat_REG_TEXT_ZOMATO_RESTAURANTS_4","0.8259379208556833","60","CatBoost 😸","4","all","","n305","REG_TEXT_ZOMATO_RESTAURANTS","2026-04-14T11:04:45.000Z"
"light_REG_TEXT_ZOMATO_RESTAURANTS_4","0.780667888663803","60","LightGBM 💡","4","all","","n305","REG_TEXT_ZOMATO_RESTAURANTS","2026-04-14T10:51:04.000Z"
"tabpfnv2p5_REG_TEXT_ZOMATO_RESTAURANTS_3","0.8666555810926262","60","TabPFN-v2p5 🇩🇪","3","all","","n306","REG_TEXT_ZOMATO_RESTAURANTS","2026-04-14T10:06:39.000Z"
"tabpfnv2_REG_TEXT_ZOMATO_RESTAURANTS_3","0.6777109730734585","60","TabPFN-v2 🤯","3","all","","n309","REG_TEXT_ZOMATO_RESTAURANTS","2026-04-14T09:41:29.000Z"
"tabm_REG_TEXT_ZOMATO_RESTAURANTS_3","0.856365361721899","60","TabM Ⓜ️","3","all","","n306","REG_TEXT_ZOMATO_RESTAURANTS","2026-04-14T08:29:14.000Z"
"cat_REG_TEXT_ZOMATO_RESTAURANTS_3","0.8361970304672564","60","CatBoost 😸","3","all","","n305","REG_TEXT_ZOMATO_RESTAURANTS","2026-04-14T08:03:23.000Z"
"light_REG_TEXT_ZOMATO_RESTAURANTS_3","0.7773184256421724","60","LightGBM 💡","3","all","","n305","REG_TEXT_ZOMATO_RESTAURANTS","2026-04-14T07:20:56.000Z"
"tabpfnv2p5_REG_TEXT_ZOMATO_RESTAURANTS_2","0.8575591627660842","60","TabPFN-v2p5 🇩🇪","2","all","","n305","REG_TEXT_ZOMATO_RESTAURANTS","2026-04-14T06:52:09.000Z"
"tabpfnv2_REG_TEXT_ZOMATO_RESTAURANTS_2","0.679266842863085","60","TabPFN-v2 🤯","2","all","","n305","REG_TEXT_ZOMATO_RESTAURANTS","2026-04-14T06:19:24.000Z"
"tabm_REG_TEXT_ZOMATO_RESTAURANTS_2","0.847310136803268","60","TabM Ⓜ️","2","all","","n306","REG_TEXT_ZOMATO_RESTAURANTS","2026-04-14T05:30:25.000Z"
"cat_REG_TEXT_ZOMATO_RESTAURANTS_2","0.8337380913463419","60","CatBoost 😸","2","all","","n309","REG_TEXT_ZOMATO_RESTAURANTS","2026-04-14T05:12:57.000Z"
"light_REG_TEXT_ZOMATO_RESTAURANTS_2","0.7818143950172157","60","LightGBM 💡","2","all","","n309","REG_TEXT_ZOMATO_RESTAURANTS","2026-04-14T04:58:56.000Z"
"tabpfnv2p5_REG_TEXT_ZOMATO_RESTAURANTS_1","0.8631557794356882","60","TabPFN-v2p5 🇩🇪","1","all","","n306","REG_TEXT_ZOMATO_RESTAURANTS","2026-04-14T03:33:13.000Z"
"tabpfnv2_REG_TEXT_ZOMATO_RESTAURANTS_1","0.6786551954788338","60","TabPFN-v2 🤯","1","all","","n306","REG_TEXT_ZOMATO_RESTAURANTS","2026-04-14T02:59:16.000Z"
"tabm_REG_TEXT_ZOMATO_RESTAURANTS_1","0.8499476207662904","60","TabM Ⓜ️","1","all","","n306","REG_TEXT_ZOMATO_RESTAURANTS","2026-04-14T02:45:15.000Z"
"cat_REG_TEXT_ZOMATO_RESTAURANTS_1","0.8313124075605336","60","CatBoost 😸","1","all","","n309","REG_TEXT_ZOMATO_RESTAURANTS","2026-04-14T02:39:27.000Z"
"light_REG_TEXT_ZOMATO_RESTAURANTS_1","0.7937179573807664","60","LightGBM 💡","1","all","","n305","REG_TEXT_ZOMATO_RESTAURANTS","2026-04-14T01:12:23.000Z"
"tabpfnv2p5_REG_TEXT_ZOMATO_RESTAURANTS_0","0.8556229924757918","60","TabPFN-v2p5 🇩🇪","0","all","","n306","REG_TEXT_ZOMATO_RESTAURANTS","2026-04-14T00:34:49.000Z"
"tabpfnv2_REG_TEXT_ZOMATO_RESTAURANTS_0","0.6910460850454504","60","TabPFN-v2 🤯","0","all","","n306","REG_TEXT_ZOMATO_RESTAURANTS","2026-04-14T00:14:42.000Z"
"tabm_REG_TEXT_ZOMATO_RESTAURANTS_0","0.8407283655418643","60","TabM Ⓜ️","0","all","","n309","REG_TEXT_ZOMATO_RESTAURANTS","2026-04-14T00:05:43.000Z"
"cat_REG_TEXT_ZOMATO_RESTAURANTS_0","0.8256140010791754","60","CatBoost 😸","0","all","","n306","REG_TEXT_ZOMATO_RESTAURANTS","2026-04-13T23:58:56.000Z"
"light_REG_TEXT_ZOMATO_RESTAURANTS_0","0.7864225563000096","60","LightGBM 💡","0","all","","n309","REG_TEXT_ZOMATO_RESTAURANTS","2026-04-13T23:52:32.000Z"
"tabpfnv2p5_REG_TEXT_VIDEO_GAMES_SALES_4","0.3232639200487787","60","TabPFN-v2p5 🇩🇪","4","all","","n306","REG_TEXT_VIDEO_GAMES_SALES","2026-04-13T23:38:58.000Z"
"tabpfnv2_REG_TEXT_VIDEO_GAMES_SALES_4","0.2404356034521772","60","TabPFN-v2 🤯","4","all","","n306","REG_TEXT_VIDEO_GAMES_SALES","2026-04-13T23:35:23.000Z"
"tabm_REG_TEXT_VIDEO_GAMES_SALES_4","0.3973897551508928","60","TabM Ⓜ️","4","all","","n305","REG_TEXT_VIDEO_GAMES_SALES","2026-04-13T23:26:56.000Z"
"cat_REG_TEXT_VIDEO_GAMES_SALES_4","0.1506753420044823","60","CatBoost 😸","4","all","","n305","REG_TEXT_VIDEO_GAMES_SALES","2026-04-13T23:23:48.000Z"
"light_REG_TEXT_VIDEO_GAMES_SALES_4","0.1345893925936451","60","LightGBM 💡","4","all","","n309","REG_TEXT_VIDEO_GAMES_SALES","2026-04-13T23:19:53.000Z"
"tabpfnv2p5_REG_TEXT_VIDEO_GAMES_SALES_3","0.4489689708755431","60","TabPFN-v2p5 🇩🇪","3","all","","n305","REG_TEXT_VIDEO_GAMES_SALES","2026-04-13T23:14:13.000Z"
"tabpfnv2_REG_TEXT_VIDEO_GAMES_SALES_3","0.32143514862108","60","TabPFN-v2 🤯","3","all","","n306","REG_TEXT_VIDEO_GAMES_SALES","2026-04-13T23:03:54.000Z"
"tabm_REG_TEXT_VIDEO_GAMES_SALES_3","0.3628094440733617","60","TabM Ⓜ️","3","all","","n309","REG_TEXT_VIDEO_GAMES_SALES","2026-04-13T22:55:19.000Z"
"tabpfnv2p5_REG_TEXT_VIDEO_GAMES_SALES_1","0.47178009632237294","60","TabPFN-v2p5 🇩🇪","1","all","","n309","REG_TEXT_VIDEO_GAMES_SALES","2026-04-13T22:52:26.000Z"
"cat_REG_TEXT_VIDEO_GAMES_SALES_3","0.3720595175138083","60","CatBoost 😸","3","all","","n305","REG_TEXT_VIDEO_GAMES_SALES","2026-04-13T22:49:52.000Z"
"light_REG_TEXT_VIDEO_GAMES_SALES_3","0.3702459576025956","60","LightGBM 💡","3","all","","n305","REG_TEXT_VIDEO_GAMES_SALES","2026-04-13T22:43:33.000Z"
"tabpfnv2p5_REG_TEXT_VIDEO_GAMES_SALES_2","0.35124836683785954","60","TabPFN-v2p5 🇩🇪","2","all","","n309","REG_TEXT_VIDEO_GAMES_SALES","2026-04-13T22:34:29.000Z"
"tabpfnv2_REG_TEXT_VIDEO_GAMES_SALES_2","0.23093747616175275","60","TabPFN-v2 🤯","2","all","","n309","REG_TEXT_VIDEO_GAMES_SALES","2026-04-13T22:29:31.000Z"
"tabm_REG_TEXT_VIDEO_GAMES_SALES_2","0.5662527220762739","60","TabM Ⓜ️","2","all","","n306","REG_TEXT_VIDEO_GAMES_SALES","2026-04-13T22:26:48.000Z"
"cat_REG_TEXT_VIDEO_GAMES_SALES_2","0.4182043993896852","60","CatBoost 😸","2","all","","n309","REG_TEXT_VIDEO_GAMES_SALES","2026-04-13T22:15:08.000Z"
"light_REG_TEXT_VIDEO_GAMES_SALES_2","0.3221371029187331","60","LightGBM 💡","2","all","","n309","REG_TEXT_VIDEO_GAMES_SALES","2026-04-13T22:09:48.000Z"
"tabpfnv2_REG_TEXT_VIDEO_GAMES_SALES_1","0.33225613554494837","60","TabPFN-v2 🤯","1","all","","n309","REG_TEXT_VIDEO_GAMES_SALES","2026-04-13T21:52:59.000Z"
"tabm_REG_TEXT_VIDEO_GAMES_SALES_1","0.5741502867995976","60","TabM Ⓜ️","1","all","","n309","REG_TEXT_VIDEO_GAMES_SALES","2026-04-13T21:50:16.000Z"
"cat_REG_TEXT_VIDEO_GAMES_SALES_1","0.4068256433783226","60","CatBoost 😸","1","all","","n305","REG_TEXT_VIDEO_GAMES_SALES","2026-04-13T21:33:32.000Z"
"light_REG_TEXT_VIDEO_GAMES_SALES_1","0.4194713840158695","60","LightGBM 💡","1","all","","n305","REG_TEXT_VIDEO_GAMES_SALES","2026-04-13T21:28:17.000Z"
"tabpfnv2p5_REG_TEXT_VIDEO_GAMES_SALES_0","0.4620936440252485","60","TabPFN-v2p5 🇩🇪","0","all","","n305","REG_TEXT_VIDEO_GAMES_SALES","2026-04-13T21:25:14.000Z"
"tabpfnv2_REG_TEXT_VIDEO_GAMES_SALES_0","0.3377457478109819","60","TabPFN-v2 🤯","0","all","","n309","REG_TEXT_VIDEO_GAMES_SALES","2026-04-13T18:51:49.000Z"
"tabm_REG_TEXT_VIDEO_GAMES_SALES_0","0.5504866434610436","60","TabM Ⓜ️","0","all","","n305","REG_TEXT_VIDEO_GAMES_SALES","2026-04-13T18:01:21.000Z"
"cat_REG_TEXT_VIDEO_GAMES_SALES_0","0.4299078346829919","60","CatBoost 😸","0","all","","n309","REG_TEXT_VIDEO_GAMES_SALES","2026-04-13T17:55:04.000Z"
"light_REG_TEXT_VIDEO_GAMES_SALES_0","0.44187383065779895","60","LightGBM 💡","0","all","","n309","REG_TEXT_VIDEO_GAMES_SALES","2026-04-13T17:35:39.000Z"
"tabpfnv2p5_REG_TEXT_VANCOUVER_SALARIES_4","0.8190150442203107","60","TabPFN-v2p5 🇩🇪","4","all","","n305","REG_TEXT_VANCOUVER_SALARIES","2026-04-13T17:30:00.000Z"
"tabpfnv2_REG_TEXT_VANCOUVER_SALARIES_4","0.7828923877108271","60","TabPFN-v2 🤯","4","all","","n305","REG_TEXT_VANCOUVER_SALARIES","2026-04-13T17:26:50.000Z"
"tabm_REG_TEXT_VANCOUVER_SALARIES_4","0.7987364570332854","60","TabM Ⓜ️","4","all","","n305","REG_TEXT_VANCOUVER_SALARIES","2026-04-13T17:24:42.000Z"
"cat_REG_TEXT_VANCOUVER_SALARIES_4","0.7929636213840776","60","CatBoost 😸","4","all","","n309","REG_TEXT_VANCOUVER_SALARIES","2026-04-13T17:06:46.000Z"
"light_REG_TEXT_VANCOUVER_SALARIES_4","0.7654299232864504","60","LightGBM 💡","4","all","","n306","REG_TEXT_VANCOUVER_SALARIES","2026-04-13T17:00:48.000Z"
"tabpfnv2p5_REG_TEXT_VANCOUVER_SALARIES_3","0.8033601650182858","60","TabPFN-v2p5 🇩🇪","3","all","","n306","REG_TEXT_VANCOUVER_SALARIES","2026-04-13T16:57:55.000Z"
"tabpfnv2_REG_TEXT_VANCOUVER_SALARIES_3","0.756802704383936","60","TabPFN-v2 🤯","3","all","","n306","REG_TEXT_VANCOUVER_SALARIES","2026-04-13T16:54:42.000Z"
"tabm_REG_TEXT_VANCOUVER_SALARIES_1","0.7625623782613085","60","TabM Ⓜ️","1","all","","n309","REG_TEXT_VANCOUVER_SALARIES","2026-04-13T16:51:01.000Z"
"tabm_REG_TEXT_VANCOUVER_SALARIES_3","0.7889607658560885","60","TabM Ⓜ️","3","all","","n309","REG_TEXT_VANCOUVER_SALARIES","2026-04-13T16:41:12.000Z"
"cat_REG_TEXT_VANCOUVER_SALARIES_3","0.7818445656086176","60","CatBoost 😸","3","all","","n305","REG_TEXT_VANCOUVER_SALARIES","2026-04-13T16:36:17.000Z"
"light_REG_TEXT_VANCOUVER_SALARIES_3","0.7467148740390158","60","LightGBM 💡","3","all","","n305","REG_TEXT_VANCOUVER_SALARIES","2026-04-13T16:33:45.000Z"
"tabpfnv2p5_REG_TEXT_VANCOUVER_SALARIES_2","0.7660578081814329","60","TabPFN-v2p5 🇩🇪","2","all","","n305","REG_TEXT_VANCOUVER_SALARIES","2026-04-13T16:30:31.000Z"
"tabpfnv2_REG_TEXT_VANCOUVER_SALARIES_2","0.7416513611872279","60","TabPFN-v2 🤯","2","all","","n309","REG_TEXT_VANCOUVER_SALARIES","2026-04-13T16:20:43.000Z"
"tabm_REG_TEXT_VANCOUVER_SALARIES_2","0.7499854700649308","60","TabM Ⓜ️","2","all","","n309","REG_TEXT_VANCOUVER_SALARIES","2026-04-13T16:14:04.000Z"
"cat_REG_TEXT_VANCOUVER_SALARIES_2","0.7357792222063404","60","CatBoost 😸","2","all","","n309","REG_TEXT_VANCOUVER_SALARIES","2026-04-13T16:08:41.000Z"
"light_REG_TEXT_VANCOUVER_SALARIES_2","0.7212999079113557","60","LightGBM 💡","2","all","","n305","REG_TEXT_VANCOUVER_SALARIES","2026-04-13T16:01:27.000Z"
"tabpfnv2p5_REG_TEXT_VANCOUVER_SALARIES_1","0.7768175280814228","60","TabPFN-v2p5 🇩🇪","1","all","","n305","REG_TEXT_VANCOUVER_SALARIES","2026-04-13T15:58:34.000Z"
"tabpfnv2_REG_TEXT_VANCOUVER_SALARIES_1","0.7250434526998893","60","TabPFN-v2 🤯","1","all","","n305","REG_TEXT_VANCOUVER_SALARIES","2026-04-13T15:53:11.000Z"
"cat_REG_TEXT_VANCOUVER_SALARIES_1","0.7622602760708209","60","CatBoost 😸","1","all","","n309","REG_TEXT_VANCOUVER_SALARIES","2026-04-13T15:39:10.000Z"
"light_REG_TEXT_VANCOUVER_SALARIES_1","0.7248713719589774","60","LightGBM 💡","1","all","","n305","REG_TEXT_VANCOUVER_SALARIES","2026-04-13T15:32:53.000Z"
"tabpfnv2p5_REG_TEXT_VANCOUVER_SALARIES_0","0.8066136496254654","60","TabPFN-v2p5 🇩🇪","0","all","","n305","REG_TEXT_VANCOUVER_SALARIES","2026-04-13T15:29:57.000Z"
"tabpfnv2_REG_TEXT_VANCOUVER_SALARIES_0","0.7694042478046788","60","TabPFN-v2 🤯","0","all","","n305","REG_TEXT_VANCOUVER_SALARIES","2026-04-13T15:22:51.000Z"
"tabm_REG_TEXT_VANCOUVER_SALARIES_0","0.7865209161348717","60","TabM Ⓜ️","0","all","","n309","REG_TEXT_VANCOUVER_SALARIES","2026-04-13T15:17:45.000Z"
"cat_REG_TEXT_VANCOUVER_SALARIES_0","0.7927365123898493","60","CatBoost 😸","0","all","","n305","REG_TEXT_VANCOUVER_SALARIES","2026-04-13T15:02:33.000Z"
"light_REG_TEXT_VANCOUVER_SALARIES_0","0.768802193105069","60","LightGBM 💡","0","all","","n305","REG_TEXT_VANCOUVER_SALARIES","2026-04-13T14:55:56.000Z"
"tabpfnv2p5_REG_TEXT_ROTTEN_TOMATOES_4","0.5020915016842171","60","TabPFN-v2p5 🇩🇪","4","all","","n305","REG_TEXT_ROTTEN_TOMATOES","2026-04-13T14:34:06.000Z"
"tabpfnv2_REG_TEXT_ROTTEN_TOMATOES_4","0.47991000310869114","60","TabPFN-v2 🤯","4","all","","n305","REG_TEXT_ROTTEN_TOMATOES","2026-04-13T14:21:58.000Z"
"tabm_REG_TEXT_ROTTEN_TOMATOES_4","0.47454604694889024","60","TabM Ⓜ️","4","all","","n306","REG_TEXT_ROTTEN_TOMATOES","2026-04-13T14:17:54.000Z"
"cat_REG_TEXT_ROTTEN_TOMATOES_4","0.4463209644112637","60","CatBoost 😸","4","all","","n306","REG_TEXT_ROTTEN_TOMATOES","2026-04-13T14:06:41.000Z"
"light_REG_TEXT_ROTTEN_TOMATOES_4","0.42754999763372703","60","LightGBM 💡","4","all","","n306","REG_TEXT_ROTTEN_TOMATOES","2026-04-13T13:57:54.000Z"
"tabpfnv2p5_REG_TEXT_ROTTEN_TOMATOES_3","0.545156646002291","60","TabPFN-v2p5 🇩🇪","3","all","","n309","REG_TEXT_ROTTEN_TOMATOES","2026-04-13T13:43:41.000Z"
"tabpfnv2_REG_TEXT_ROTTEN_TOMATOES_3","0.5058540283970139","60","TabPFN-v2 🤯","3","all","","n309","REG_TEXT_ROTTEN_TOMATOES","2026-04-13T13:17:36.000Z"
"tabm_REG_TEXT_ROTTEN_TOMATOES_3","0.5141243164065799","60","TabM Ⓜ️","3","all","","n309","REG_TEXT_ROTTEN_TOMATOES","2026-04-13T13:08:42.000Z"
"cat_REG_TEXT_ROTTEN_TOMATOES_3","0.49719934799073806","60","CatBoost 😸","3","all","","n309","REG_TEXT_ROTTEN_TOMATOES","2026-04-13T13:02:03.000Z"
"light_REG_TEXT_ROTTEN_TOMATOES_3","0.4680255808628554","60","LightGBM 💡","3","all","","n305","REG_TEXT_ROTTEN_TOMATOES","2026-04-13T12:53:30.000Z"
"tabpfnv2p5_REG_TEXT_ROTTEN_TOMATOES_2","0.5511773204617645","60","TabPFN-v2p5 🇩🇪","2","all","","n309","REG_TEXT_ROTTEN_TOMATOES","2026-04-13T12:33:33.000Z"
"tabpfnv2_REG_TEXT_ROTTEN_TOMATOES_2","0.525363116077777","60","TabPFN-v2 🤯","2","all","","n309","REG_TEXT_ROTTEN_TOMATOES","2026-04-13T12:23:09.000Z"
"tabm_REG_TEXT_ROTTEN_TOMATOES_2","0.5235051825540213","60","TabM Ⓜ️","2","all","","n305","REG_TEXT_ROTTEN_TOMATOES","2026-04-13T12:18:13.000Z"
"cat_REG_TEXT_ROTTEN_TOMATOES_2","0.48893490553002894","60","CatBoost 😸","2","all","","n309","REG_TEXT_ROTTEN_TOMATOES","2026-04-13T12:09:17.000Z"
"light_REG_TEXT_ROTTEN_TOMATOES_2","0.4708017277253469","60","LightGBM 💡","2","all","","n305","REG_TEXT_ROTTEN_TOMATOES","2026-04-13T12:05:24.000Z"
"tabpfnv2p5_REG_TEXT_ROTTEN_TOMATOES_1","0.6005190333029609","60","TabPFN-v2p5 🇩🇪","1","all","","n309","REG_TEXT_ROTTEN_TOMATOES","2026-04-13T11:59:35.000Z"
"tabpfnv2_REG_TEXT_ROTTEN_TOMATOES_1","0.5727528092855081","60","TabPFN-v2 🤯","1","all","","n305","REG_TEXT_ROTTEN_TOMATOES","2026-04-13T11:53:38.000Z"
"tabm_REG_TEXT_ROTTEN_TOMATOES_1","0.5785000578721395","60","TabM Ⓜ️","1","all","","n305","REG_TEXT_ROTTEN_TOMATOES","2026-04-13T11:43:01.000Z"
"cat_REG_TEXT_ROTTEN_TOMATOES_1","0.559089033913786","60","CatBoost 😸","1","all","","n305","REG_TEXT_ROTTEN_TOMATOES","2026-04-13T11:31:44.000Z"
"light_REG_TEXT_ROTTEN_TOMATOES_1","0.5424716827297797","60","LightGBM 💡","1","all","","n305","REG_TEXT_ROTTEN_TOMATOES","2026-04-13T11:13:37.000Z"
"tabpfnv2p5_REG_TEXT_ROTTEN_TOMATOES_0","0.5577785659079018","60","TabPFN-v2p5 🇩🇪","0","all","","n305","REG_TEXT_ROTTEN_TOMATOES","2026-04-13T11:04:29.000Z"
"tabpfnv2_REG_TEXT_ROTTEN_TOMATOES_0","0.5292190730770627","60","TabPFN-v2 🤯","0","all","","n309","REG_TEXT_ROTTEN_TOMATOES","2026-04-13T10:58:12.000Z"
"tabm_REG_TEXT_ROTTEN_TOMATOES_0","0.5304149575686881","60","TabM Ⓜ️","0","all","","n305","REG_TEXT_ROTTEN_TOMATOES","2026-04-13T10:49:25.000Z"
"cat_REG_TEXT_ROTTEN_TOMATOES_0","0.5093910367791752","60","CatBoost 😸","0","all","","n305","REG_TEXT_ROTTEN_TOMATOES","2026-04-13T10:33:08.000Z"
"light_REG_TEXT_ROTTEN_TOMATOES_0","0.49813643043002487","60","LightGBM 💡","0","all","","n309","REG_TEXT_ROTTEN_TOMATOES","2026-04-13T09:56:29.000Z"
"tabpfnv2p5_REG_TEXT_SCIMAGOJR_IMPACT_4","0.8809428215026855","60","TabPFN-v2p5 🇩🇪","4","all","","n309","REG_TEXT_SCIMAGOJR_IMPACT","2026-04-13T09:44:37.000Z"
"tabpfnv2_REG_TEXT_SCIMAGOJR_IMPACT_4","0.8627642393112183","60","TabPFN-v2 🤯","4","all","","n309","REG_TEXT_SCIMAGOJR_IMPACT","2026-04-13T09:29:52.000Z"
"tabm_REG_TEXT_SCIMAGOJR_IMPACT_4","0.8818410038948059","60","TabM Ⓜ️","4","all","","n305","REG_TEXT_SCIMAGOJR_IMPACT","2026-04-13T09:09:41.000Z"
"cat_REG_TEXT_SCIMAGOJR_IMPACT_4","0.8627006589528554","60","CatBoost 😸","4","all","","n305","REG_TEXT_SCIMAGOJR_IMPACT","2026-04-13T09:00:44.000Z"
"light_REG_TEXT_SCIMAGOJR_IMPACT_4","0.8634656531530995","60","LightGBM 💡","4","all","","n309","REG_TEXT_SCIMAGOJR_IMPACT","2026-04-13T08:55:11.000Z"
"tabpfnv2p5_REG_TEXT_SCIMAGOJR_IMPACT_3","0.8866857290267944","60","TabPFN-v2p5 🇩🇪","3","all","","n305","REG_TEXT_SCIMAGOJR_IMPACT","2026-04-13T08:47:06.000Z"
"tabpfnv2_REG_TEXT_SCIMAGOJR_IMPACT_3","0.8693455457687378","60","TabPFN-v2 🤯","3","all","","n305","REG_TEXT_SCIMAGOJR_IMPACT","2026-04-13T08:43:30.000Z"
"tabm_REG_TEXT_SCIMAGOJR_IMPACT_3","0.8650646209716797","60","TabM Ⓜ️","3","all","","n309","REG_TEXT_SCIMAGOJR_IMPACT","2026-04-13T08:38:44.000Z"
"cat_REG_TEXT_SCIMAGOJR_IMPACT_3","0.8440317149104459","60","CatBoost 😸","3","all","","n305","REG_TEXT_SCIMAGOJR_IMPACT","2026-04-13T08:25:47.000Z"
"light_REG_TEXT_SCIMAGOJR_IMPACT_3","0.8474835432728437","60","LightGBM 💡","3","all","","n309","REG_TEXT_SCIMAGOJR_IMPACT","2026-04-13T08:04:42.000Z"
"tabpfnv2p5_REG_TEXT_SCIMAGOJR_IMPACT_2","0.8849515318870544","60","TabPFN-v2p5 🇩🇪","2","all","","n309","REG_TEXT_SCIMAGOJR_IMPACT","2026-04-13T07:42:52.000Z"
"tabpfnv2_REG_TEXT_SCIMAGOJR_IMPACT_2","0.8727421164512634","60","TabPFN-v2 🤯","2","all","","n305","REG_TEXT_SCIMAGOJR_IMPACT","2026-04-13T07:32:42.000Z"
"tabm_REG_TEXT_SCIMAGOJR_IMPACT_2","0.8737351298332214","60","TabM Ⓜ️","2","all","","n305","REG_TEXT_SCIMAGOJR_IMPACT","2026-04-13T07:24:47.000Z"
"cat_REG_TEXT_SCIMAGOJR_IMPACT_2","0.8531182564648296","60","CatBoost 😸","2","all","","n305","REG_TEXT_SCIMAGOJR_IMPACT","2026-04-13T07:16:15.000Z"
"light_REG_TEXT_SCIMAGOJR_IMPACT_2","0.84251417781087","60","LightGBM 💡","2","all","","n305","REG_TEXT_SCIMAGOJR_IMPACT","2026-04-13T07:02:59.000Z"
"tabpfnv2p5_REG_TEXT_SCIMAGOJR_IMPACT_1","0.8967558145523071","60","TabPFN-v2p5 🇩🇪","1","all","","n305","REG_TEXT_SCIMAGOJR_IMPACT","2026-04-13T06:50:26.000Z"
"tabpfnv2_REG_TEXT_SCIMAGOJR_IMPACT_1","0.8830062747001648","60","TabPFN-v2 🤯","1","all","","n305","REG_TEXT_SCIMAGOJR_IMPACT","2026-04-13T06:34:21.000Z"
"tabm_REG_TEXT_SCIMAGOJR_IMPACT_1","0.8886284828186035","60","TabM Ⓜ️","1","all","","n305","REG_TEXT_SCIMAGOJR_IMPACT","2026-04-13T06:11:37.000Z"
"cat_REG_TEXT_SCIMAGOJR_IMPACT_1","0.8739373910506667","60","CatBoost 😸","1","all","","n309","REG_TEXT_SCIMAGOJR_IMPACT","2026-04-13T06:02:18.000Z"
"light_REG_TEXT_SCIMAGOJR_IMPACT_1","0.8725377853780648","60","LightGBM 💡","1","all","","n305","REG_TEXT_SCIMAGOJR_IMPACT","2026-04-13T05:53:10.000Z"
"tabpfnv2p5_REG_TEXT_SCIMAGOJR_IMPACT_0","0.890843391418457","60","TabPFN-v2p5 🇩🇪","0","all","","n305","REG_TEXT_SCIMAGOJR_IMPACT","2026-04-13T05:47:53.000Z"
"tabpfnv2_REG_TEXT_SCIMAGOJR_IMPACT_0","0.8935473561286926","60","TabPFN-v2 🤯","0","all","","n305","REG_TEXT_SCIMAGOJR_IMPACT","2026-04-13T05:38:11.000Z"
"tabm_REG_TEXT_SCIMAGOJR_IMPACT_0","0.8855274319648743","60","TabM Ⓜ️","0","all","","n309","REG_TEXT_SCIMAGOJR_IMPACT","2026-04-13T05:31:49.000Z"
"cat_REG_TEXT_SCIMAGOJR_IMPACT_0","0.8810938735872729","60","CatBoost 😸","0","all","","n305","REG_TEXT_SCIMAGOJR_IMPACT","2026-04-13T05:22:26.000Z"
"light_REG_TEXT_SCIMAGOJR_IMPACT_0","0.8687413491235529","60","LightGBM 💡","0","all","","n305","REG_TEXT_SCIMAGOJR_IMPACT","2026-04-13T05:10:34.000Z"
"tabpfnv2p5_REG_TEXT_MONTGOMERY_SALARIES_4","0.9752789919855992","60","TabPFN-v2p5 🇩🇪","4","all","","n305","REG_TEXT_MONTGOMERY_SALARIES","2026-04-13T04:57:01.000Z"
"tabpfnv2_REG_TEXT_MONTGOMERY_SALARIES_4","0.971853916413513","60","TabPFN-v2 🤯","4","all","","n305","REG_TEXT_MONTGOMERY_SALARIES","2026-04-13T04:46:38.000Z"
"tabm_REG_TEXT_MONTGOMERY_SALARIES_4","0.9686017679891588","60","TabM Ⓜ️","4","all","","n309","REG_TEXT_MONTGOMERY_SALARIES","2026-04-13T04:36:32.000Z"
"cat_REG_TEXT_MONTGOMERY_SALARIES_4","0.9690674145707884","60","CatBoost 😸","4","all","","n305","REG_TEXT_MONTGOMERY_SALARIES","2026-04-13T04:32:23.000Z"
"light_REG_TEXT_MONTGOMERY_SALARIES_4","0.96657491384457","60","LightGBM 💡","4","all","","n305","REG_TEXT_MONTGOMERY_SALARIES","2026-04-13T04:30:03.000Z"
"tabpfnv2p5_REG_TEXT_MONTGOMERY_SALARIES_3","0.9862732233361782","60","TabPFN-v2p5 🇩🇪","3","all","","n305","REG_TEXT_MONTGOMERY_SALARIES","2026-04-13T04:19:09.000Z"
"tabpfnv2_REG_TEXT_MONTGOMERY_SALARIES_3","0.9867074511257292","60","TabPFN-v2 🤯","3","all","","n305","REG_TEXT_MONTGOMERY_SALARIES","2026-04-13T04:10:20.000Z"
"tabm_REG_TEXT_MONTGOMERY_SALARIES_3","0.982961259298914","60","TabM Ⓜ️","3","all","","n305","REG_TEXT_MONTGOMERY_SALARIES","2026-04-13T04:06:57.000Z"
"cat_REG_TEXT_MONTGOMERY_SALARIES_3","0.97745941326924","60","CatBoost 😸","3","all","","n306","REG_TEXT_MONTGOMERY_SALARIES","2026-04-13T03:59:55.000Z"
"light_REG_TEXT_MONTGOMERY_SALARIES_3","0.9773838823268722","60","LightGBM 💡","3","all","","n306","REG_TEXT_MONTGOMERY_SALARIES","2026-04-13T03:52:54.000Z"
"tabpfnv2p5_REG_TEXT_MONTGOMERY_SALARIES_2","0.9887650997103632","60","TabPFN-v2p5 🇩🇪","2","all","","n309","REG_TEXT_MONTGOMERY_SALARIES","2026-04-13T03:46:48.000Z"
"tabpfnv2_REG_TEXT_MONTGOMERY_SALARIES_2","0.967962457468042","60","TabPFN-v2 🤯","2","all","","n305","REG_TEXT_MONTGOMERY_SALARIES","2026-04-13T03:43:55.000Z"
"tabm_REG_TEXT_MONTGOMERY_SALARIES_2","0.9863298341975306","60","TabM Ⓜ️","2","all","","n305","REG_TEXT_MONTGOMERY_SALARIES","2026-04-13T03:41:46.000Z"
"cat_REG_TEXT_MONTGOMERY_SALARIES_2","0.9742707174000118","60","CatBoost 😸","2","all","","n305","REG_TEXT_MONTGOMERY_SALARIES","2026-04-13T03:39:44.000Z"
"light_REG_TEXT_MONTGOMERY_SALARIES_2","0.9725597355196324","60","LightGBM 💡","2","all","","n309","REG_TEXT_MONTGOMERY_SALARIES","2026-04-13T03:16:28.000Z"
"tabpfnv2p5_REG_TEXT_MONTGOMERY_SALARIES_1","0.9594206047789846","60","TabPFN-v2p5 🇩🇪","1","all","","n305","REG_TEXT_MONTGOMERY_SALARIES","2026-04-13T03:10:50.000Z"
"tabpfnv2_REG_TEXT_MONTGOMERY_SALARIES_1","0.9577763987085702","60","TabPFN-v2 🤯","1","all","","n305","REG_TEXT_MONTGOMERY_SALARIES","2026-04-13T03:01:56.000Z"
"tabm_REG_TEXT_MONTGOMERY_SALARIES_1","0.9538390818286712","60","TabM Ⓜ️","1","all","","n309","REG_TEXT_MONTGOMERY_SALARIES","2026-04-13T02:58:40.000Z"
"cat_REG_TEXT_MONTGOMERY_SALARIES_1","0.9522198776189164","60","CatBoost 😸","1","all","","n306","REG_TEXT_MONTGOMERY_SALARIES","2026-04-13T02:57:02.000Z"
"light_REG_TEXT_MONTGOMERY_SALARIES_1","0.9479673549190744","60","LightGBM 💡","1","all","","n305","REG_TEXT_MONTGOMERY_SALARIES","2026-04-13T02:54:11.000Z"
"tabpfnv2p5_REG_TEXT_MONTGOMERY_SALARIES_0","0.9846872507087748","60","TabPFN-v2p5 🇩🇪","0","all","","n305","REG_TEXT_MONTGOMERY_SALARIES","2026-04-13T02:50:41.000Z"
"tabpfnv2_REG_TEXT_MONTGOMERY_SALARIES_0","0.9814173581142398","60","TabPFN-v2 🤯","0","all","","n309","REG_TEXT_MONTGOMERY_SALARIES","2026-04-13T02:47:25.000Z"
"tabm_REG_TEXT_MONTGOMERY_SALARIES_0","0.9819885583827226","60","TabM Ⓜ️","0","all","","n309","REG_TEXT_MONTGOMERY_SALARIES","2026-04-13T02:42:17.000Z"
"cat_REG_TEXT_MONTGOMERY_SALARIES_0","0.9785225040675732","60","CatBoost 😸","0","all","","n305","REG_TEXT_MONTGOMERY_SALARIES","2026-04-13T02:32:24.000Z"
"light_REG_TEXT_MONTGOMERY_SALARIES_0","0.978378878036264","60","LightGBM 💡","0","all","","n305","REG_TEXT_MONTGOMERY_SALARIES","2026-04-13T02:22:44.000Z"
"tabpfnv2p5_REG_TEXT_MERCARI_MARKETPLACE_4","0.4964757033138406","60","TabPFN-v2p5 🇩🇪","4","all","","n305","REG_TEXT_MERCARI_MARKETPLACE","2026-04-13T02:15:47.000Z"
"tabpfnv2_REG_TEXT_MERCARI_MARKETPLACE_4","0.4503174065576979","60","TabPFN-v2 🤯","4","all","","n309","REG_TEXT_MERCARI_MARKETPLACE","2026-04-13T02:10:01.000Z"
"tabm_REG_TEXT_MERCARI_MARKETPLACE_4","0.49296052598054896","60","TabM Ⓜ️","4","all","","n305","REG_TEXT_MERCARI_MARKETPLACE","2026-04-13T02:00:02.000Z"
"cat_REG_TEXT_MERCARI_MARKETPLACE_4","0.4648155423360356","60","CatBoost 😸","4","all","","n305","REG_TEXT_MERCARI_MARKETPLACE","2026-04-13T01:52:05.000Z"
"light_REG_TEXT_MERCARI_MARKETPLACE_4","0.4338352283096803","60","LightGBM 💡","4","all","","n305","REG_TEXT_MERCARI_MARKETPLACE","2026-04-13T01:46:51.000Z"
"tabpfnv2p5_REG_TEXT_MERCARI_MARKETPLACE_3","0.4566559966728462","60","TabPFN-v2p5 🇩🇪","3","all","","n309","REG_TEXT_MERCARI_MARKETPLACE","2026-04-13T01:41:54.000Z"
"tabpfnv2_REG_TEXT_MERCARI_MARKETPLACE_3","0.4061535547247568","60","TabPFN-v2 🤯","3","all","","n305","REG_TEXT_MERCARI_MARKETPLACE","2026-04-13T01:36:50.000Z"
"tabm_REG_TEXT_MERCARI_MARKETPLACE_3","0.4428491543900398","60","TabM Ⓜ️","3","all","","n309","REG_TEXT_MERCARI_MARKETPLACE","2026-04-13T01:35:07.000Z"
"cat_REG_TEXT_MERCARI_MARKETPLACE_3","0.4249432305218934","60","CatBoost 😸","3","all","","n309","REG_TEXT_MERCARI_MARKETPLACE","2026-04-13T01:30:11.000Z"
"light_REG_TEXT_MERCARI_MARKETPLACE_3","0.4016615110306356","60","LightGBM 💡","3","all","","n305","REG_TEXT_MERCARI_MARKETPLACE","2026-04-13T01:13:43.000Z"
"tabpfnv2p5_REG_TEXT_MERCARI_MARKETPLACE_2","0.5134848227618527","60","TabPFN-v2p5 🇩🇪","2","all","","n305","REG_TEXT_MERCARI_MARKETPLACE","2026-04-13T01:05:42.000Z"
"tabpfnv2_REG_TEXT_MERCARI_MARKETPLACE_2","0.4572941924711223","60","TabPFN-v2 🤯","2","all","","n305","REG_TEXT_MERCARI_MARKETPLACE","2026-04-13T01:01:17.000Z"
"tabm_REG_TEXT_MERCARI_MARKETPLACE_2","0.5108462293746774","60","TabM Ⓜ️","2","all","","n309","REG_TEXT_MERCARI_MARKETPLACE","2026-04-13T00:58:31.000Z"
"cat_REG_TEXT_MERCARI_MARKETPLACE_2","0.4790537420180222","60","CatBoost 😸","2","all","","n306","REG_TEXT_MERCARI_MARKETPLACE","2026-04-13T00:54:17.000Z"
"light_REG_TEXT_MERCARI_MARKETPLACE_2","0.4510084812387321","60","LightGBM 💡","2","all","","n305","REG_TEXT_MERCARI_MARKETPLACE","2026-04-13T00:52:32.000Z"
"tabpfnv2p5_REG_TEXT_MERCARI_MARKETPLACE_1","0.4480170426036552","60","TabPFN-v2p5 🇩🇪","1","all","","n305","REG_TEXT_MERCARI_MARKETPLACE","2026-04-13T00:45:40.000Z"
"tabpfnv2_REG_TEXT_MERCARI_MARKETPLACE_1","0.4068937219097598","60","TabPFN-v2 🤯","1","all","","n305","REG_TEXT_MERCARI_MARKETPLACE","2026-04-13T00:37:03.000Z"
"tabm_REG_TEXT_MERCARI_MARKETPLACE_1","0.4627358087571891","60","TabM Ⓜ️","1","all","","n309","REG_TEXT_MERCARI_MARKETPLACE","2026-04-13T00:23:49.000Z"
"cat_REG_TEXT_MERCARI_MARKETPLACE_1","0.4281110686887103","60","CatBoost 😸","1","all","","n305","REG_TEXT_MERCARI_MARKETPLACE","2026-04-13T00:14:48.000Z"
"light_REG_TEXT_MERCARI_MARKETPLACE_1","0.38654369251437415","60","LightGBM 💡","1","all","","n309","REG_TEXT_MERCARI_MARKETPLACE","2026-04-13T00:08:24.000Z"
"tabpfnv2p5_REG_TEXT_MERCARI_MARKETPLACE_0","0.4791886373690673","60","TabPFN-v2p5 🇩🇪","0","all","","n309","REG_TEXT_MERCARI_MARKETPLACE","2026-04-13T00:05:02.000Z"
"tabpfnv2_REG_TEXT_MERCARI_MARKETPLACE_0","0.42301315461134736","60","TabPFN-v2 🤯","0","all","","n309","REG_TEXT_MERCARI_MARKETPLACE","2026-04-13T00:03:13.000Z"
"tabm_REG_TEXT_MERCARI_MARKETPLACE_0","0.4786064825669985","60","TabM Ⓜ️","0","all","","n309","REG_TEXT_MERCARI_MARKETPLACE","2026-04-13T00:01:31.000Z"
"cat_REG_TEXT_MERCARI_MARKETPLACE_0","0.4522733553899661","60","CatBoost 😸","0","all","","n309","REG_TEXT_MERCARI_MARKETPLACE","2026-04-12T23:57:59.000Z"
"light_REG_TEXT_MERCARI_MARKETPLACE_0","0.4166563542174023","60","LightGBM 💡","0","all","","n305","REG_TEXT_MERCARI_MARKETPLACE","2026-04-12T23:40:08.000Z"
"tabpfnv2p5_REG_TEXT_BOOK_READABILITY_4","0.8309063279518497","60","TabPFN-v2p5 🇩🇪","4","all","","n305","REG_TEXT_BOOK_READABILITY","2026-04-12T23:34:04.000Z"
"tabpfnv2_REG_TEXT_BOOK_READABILITY_4","0.8282435974339583","60","TabPFN-v2 🤯","4","all","","n305","REG_TEXT_BOOK_READABILITY","2026-04-12T23:32:10.000Z"
"tabm_REG_TEXT_BOOK_READABILITY_4","0.8319015244782394","60","TabM Ⓜ️","4","all","","n305","REG_TEXT_BOOK_READABILITY","2026-04-12T23:29:38.000Z"
"cat_REG_TEXT_BOOK_READABILITY_4","0.8410033559686052","60","CatBoost 😸","4","all","","n305","REG_TEXT_BOOK_READABILITY","2026-04-12T23:26:56.000Z"
"light_REG_TEXT_BOOK_READABILITY_4","0.8274857939010084","60","LightGBM 💡","4","all","","n305","REG_TEXT_BOOK_READABILITY","2026-04-12T23:25:32.000Z"
"tabpfnv2p5_REG_TEXT_BOOK_READABILITY_3","0.8236740100425148","60","TabPFN-v2p5 🇩🇪","3","all","","n305","REG_TEXT_BOOK_READABILITY","2026-04-12T23:23:10.000Z"
"tabpfnv2_REG_TEXT_BOOK_READABILITY_3","0.8144119181950022","60","TabPFN-v2 🤯","3","all","","n309","REG_TEXT_BOOK_READABILITY","2026-04-12T23:19:39.000Z"
"tabm_REG_TEXT_BOOK_READABILITY_3","0.8298643639973726","60","TabM Ⓜ️","3","all","","n305","REG_TEXT_BOOK_READABILITY","2026-04-12T23:08:59.000Z"
"cat_REG_TEXT_BOOK_READABILITY_3","0.8137426692698908","60","CatBoost 😸","3","all","","n309","REG_TEXT_BOOK_READABILITY","2026-04-12T22:57:02.000Z"
"light_REG_TEXT_BOOK_READABILITY_3","0.8085049802201663","60","LightGBM 💡","3","all","","n309","REG_TEXT_BOOK_READABILITY","2026-04-12T22:48:47.000Z"
"tabpfnv2p5_REG_TEXT_BOOK_READABILITY_2","0.8540063285572107","60","TabPFN-v2p5 🇩🇪","2","all","","n309","REG_TEXT_BOOK_READABILITY","2026-04-12T22:45:12.000Z"
"tabpfnv2_REG_TEXT_BOOK_READABILITY_2","0.8392418030416772","60","TabPFN-v2 🤯","2","all","","n309","REG_TEXT_BOOK_READABILITY","2026-04-12T22:41:50.000Z"
"tabm_REG_TEXT_BOOK_READABILITY_2","0.8345518796325626","60","TabM Ⓜ️","2","all","","n305","REG_TEXT_BOOK_READABILITY","2026-04-12T22:39:17.000Z"
"cat_REG_TEXT_BOOK_READABILITY_2","0.8316621651902887","60","CatBoost 😸","2","all","","n305","REG_TEXT_BOOK_READABILITY","2026-04-12T22:34:38.000Z"
"light_REG_TEXT_BOOK_READABILITY_2","0.8251065515560846","60","LightGBM 💡","2","all","","n306","REG_TEXT_BOOK_READABILITY","2026-04-12T22:31:25.000Z"
"tabpfnv2p5_REG_TEXT_BOOK_READABILITY_1","0.8348570416949826","60","TabPFN-v2p5 🇩🇪","1","all","","n305","REG_TEXT_BOOK_READABILITY","2026-04-12T22:29:54.000Z"
"tabpfnv2_REG_TEXT_BOOK_READABILITY_1","0.8240199460483448","60","TabPFN-v2 🤯","1","all","","n309","REG_TEXT_BOOK_READABILITY","2026-04-12T22:18:24.000Z"
"tabm_REG_TEXT_BOOK_READABILITY_1","0.8051028621471035","60","TabM Ⓜ️","1","all","","n309","REG_TEXT_BOOK_READABILITY","2026-04-12T22:10:47.000Z"
"cat_REG_TEXT_BOOK_READABILITY_1","0.8082732121515188","60","CatBoost 😸","1","all","","n309","REG_TEXT_BOOK_READABILITY","2026-04-12T22:07:51.000Z"
"light_REG_TEXT_BOOK_READABILITY_1","0.7871190229368262","60","LightGBM 💡","1","all","","n305","REG_TEXT_BOOK_READABILITY","2026-04-12T22:05:01.000Z"
"tabpfnv2p5_REG_TEXT_BOOK_READABILITY_0","0.8062963649302967","60","TabPFN-v2p5 🇩🇪","0","all","","n305","REG_TEXT_BOOK_READABILITY","2026-04-12T22:02:13.000Z"
"tabpfnv2_REG_TEXT_BOOK_READABILITY_0","0.7985732616271588","60","TabPFN-v2 🤯","0","all","","n305","REG_TEXT_BOOK_READABILITY","2026-04-12T21:59:53.000Z"
"tabm_REG_TEXT_BOOK_READABILITY_0","0.7887644449240407","60","TabM Ⓜ️","0","all","","n305","REG_TEXT_BOOK_READABILITY","2026-04-12T21:58:24.000Z"
"cat_REG_TEXT_BOOK_READABILITY_0","0.7809651755173834","60","CatBoost 😸","0","all","","n309","REG_TEXT_BOOK_READABILITY","2026-04-12T21:55:15.000Z"
"light_REG_TEXT_BOOK_READABILITY_0","0.7812784694914171","60","LightGBM 💡","0","all","","n309","REG_TEXT_BOOK_READABILITY","2026-04-12T21:44:02.000Z"
"tabpfnv2p5_REG_TEXT_BOOK_PRICE_4","0.5569041600468931","60","TabPFN-v2p5 🇩🇪","4","all","","n309","REG_TEXT_BOOK_PRICE","2026-04-12T21:39:41.000Z"
"tabpfnv2_REG_TEXT_BOOK_PRICE_4","0.49084234511923863","60","TabPFN-v2 🤯","4","all","","n309","REG_TEXT_BOOK_PRICE","2026-04-12T21:36:07.000Z"
"tabm_REG_TEXT_BOOK_PRICE_4","0.532348184692887","60","TabM Ⓜ️","4","all","","n305","REG_TEXT_BOOK_PRICE","2026-04-12T21:33:53.000Z"
"cat_REG_TEXT_BOOK_PRICE_4","0.5327379846879522","60","CatBoost 😸","4","all","","n305","REG_TEXT_BOOK_PRICE","2026-04-12T21:29:24.000Z"
"light_REG_TEXT_BOOK_PRICE_4","0.47645030983449455","60","LightGBM 💡","4","all","","n305","REG_TEXT_BOOK_PRICE","2026-04-12T21:26:31.000Z"
"tabpfnv2p5_REG_TEXT_BOOK_PRICE_3","0.5350920597431785","60","TabPFN-v2p5 🇩🇪","3","all","","n309","REG_TEXT_BOOK_PRICE","2026-04-12T21:24:30.000Z"
"tabpfnv2_REG_TEXT_BOOK_PRICE_3","0.4937014777880878","60","TabPFN-v2 🤯","3","all","","n309","REG_TEXT_BOOK_PRICE","2026-04-12T21:22:01.000Z"
"tabm_REG_TEXT_BOOK_PRICE_3","0.5528763623245857","60","TabM Ⓜ️","3","all","","n305","REG_TEXT_BOOK_PRICE","2026-04-12T21:20:09.000Z"
"cat_REG_TEXT_BOOK_PRICE_3","0.5104993396735666","60","CatBoost 😸","3","all","","n309","REG_TEXT_BOOK_PRICE","2026-04-12T21:15:40.000Z"
"light_REG_TEXT_BOOK_PRICE_3","0.4764992135899362","60","LightGBM 💡","3","all","","n309","REG_TEXT_BOOK_PRICE","2026-04-12T21:12:26.000Z"
"tabpfnv2p5_REG_TEXT_BOOK_PRICE_2","0.5829625631409152","60","TabPFN-v2p5 🇩🇪","2","all","","n309","REG_TEXT_BOOK_PRICE","2026-04-12T21:07:57.000Z"
"tabpfnv2_REG_TEXT_BOOK_PRICE_2","0.5314501732058604","60","TabPFN-v2 🤯","2","all","","n309","REG_TEXT_BOOK_PRICE","2026-04-12T21:04:18.000Z"
"tabm_REG_TEXT_BOOK_PRICE_2","0.5609882609369204","60","TabM Ⓜ️","2","all","","n309","REG_TEXT_BOOK_PRICE","2026-04-12T21:01:25.000Z"
"cat_REG_TEXT_BOOK_PRICE_2","0.5181747717338261","60","CatBoost 😸","2","all","","n306","REG_TEXT_BOOK_PRICE","2026-04-12T20:56:44.000Z"
"light_REG_TEXT_BOOK_PRICE_2","0.5252403528255174","60","LightGBM 💡","2","all","","n309","REG_TEXT_BOOK_PRICE","2026-04-12T20:53:41.000Z"
"tabpfnv2p5_REG_TEXT_BOOK_PRICE_1","0.5873200363078253","60","TabPFN-v2p5 🇩🇪","1","all","","n305","REG_TEXT_BOOK_PRICE","2026-04-12T20:51:52.000Z"
"tabpfnv2_REG_TEXT_BOOK_PRICE_1","0.5035573832400592","60","TabPFN-v2 🤯","1","all","","n309","REG_TEXT_BOOK_PRICE","2026-04-12T20:49:04.000Z"
"tabm_REG_TEXT_BOOK_PRICE_1","0.5782311906585546","60","TabM Ⓜ️","1","all","","n305","REG_TEXT_BOOK_PRICE","2026-04-12T20:45:51.000Z"
"cat_REG_TEXT_BOOK_PRICE_1","0.5803957809197762","60","CatBoost 😸","1","all","","n305","REG_TEXT_BOOK_PRICE","2026-04-12T20:38:42.000Z"
"light_REG_TEXT_BOOK_PRICE_1","0.5456578843123085","60","LightGBM 💡","1","all","","n309","REG_TEXT_BOOK_PRICE","2026-04-12T20:34:40.000Z"
"tabpfnv2p5_REG_TEXT_BOOK_PRICE_0","0.6023739878086907","60","TabPFN-v2p5 🇩🇪","0","all","","n309","REG_TEXT_BOOK_PRICE","2026-04-12T20:29:59.000Z"
"tabpfnv2_REG_TEXT_BOOK_PRICE_0","0.5522070618149679","60","TabPFN-v2 🤯","0","all","","n305","REG_TEXT_BOOK_PRICE","2026-04-12T20:27:59.000Z"
"tabm_REG_TEXT_BOOK_PRICE_0","0.5854223105813664","60","TabM Ⓜ️","0","all","","n305","REG_TEXT_BOOK_PRICE","2026-04-12T20:25:01.000Z"
"cat_REG_TEXT_BOOK_PRICE_0","0.5550905748341249","60","CatBoost 😸","0","all","","n309","REG_TEXT_BOOK_PRICE","2026-04-12T20:19:25.000Z"
"light_REG_TEXT_BOOK_PRICE_0","0.5250275407181813","60","LightGBM 💡","0","all","","n309","REG_TEXT_BOOK_PRICE","2026-04-12T20:15:14.000Z"
"tabpfnv2p5_REG_TEXT_BABIES_PRICES_4","0.9209689799097384","60","TabPFN-v2p5 🇩🇪","4","all","","n309","REG_TEXT_BABIES_PRICES","2026-04-12T20:11:07.000Z"
"tabpfnv2_REG_TEXT_BABIES_PRICES_4","0.9061760059863814","60","TabPFN-v2 🤯","4","all","","n309","REG_TEXT_BABIES_PRICES","2026-04-12T20:03:31.000Z"
"tabm_REG_TEXT_BABIES_PRICES_4","0.8824953988677079","60","TabM Ⓜ️","4","all","","n305","REG_TEXT_BABIES_PRICES","2026-04-12T19:57:41.000Z"
"cat_REG_TEXT_BABIES_PRICES_4","0.8425271609850304","60","CatBoost 😸","4","all","","n305","REG_TEXT_BABIES_PRICES","2026-04-12T19:51:07.000Z"
"light_REG_TEXT_BABIES_PRICES_4","0.8136424322553488","60","LightGBM 💡","4","all","","n305","REG_TEXT_BABIES_PRICES","2026-04-12T19:43:23.000Z"
"tabpfnv2p5_REG_TEXT_BABIES_PRICES_3","0.8922919300451452","60","TabPFN-v2p5 🇩🇪","3","all","","n306","REG_TEXT_BABIES_PRICES","2026-04-12T19:40:37.000Z"
"tabpfnv2_REG_TEXT_BABIES_PRICES_3","0.8792072194050595","60","TabPFN-v2 🤯","3","all","","n305","REG_TEXT_BABIES_PRICES","2026-04-12T19:36:59.000Z"
"tabm_REG_TEXT_BABIES_PRICES_3","0.9020394884692808","60","TabM Ⓜ️","3","all","","n309","REG_TEXT_BABIES_PRICES","2026-04-12T19:32:21.000Z"
"cat_REG_TEXT_BABIES_PRICES_3","0.8565133628334871","60","CatBoost 😸","3","all","","n309","REG_TEXT_BABIES_PRICES","2026-04-12T19:29:27.000Z"
"light_REG_TEXT_BABIES_PRICES_3","0.834418604415071","60","LightGBM 💡","3","all","","n309","REG_TEXT_BABIES_PRICES","2026-04-12T19:13:25.000Z"
"tabpfnv2p5_REG_TEXT_BABIES_PRICES_2","0.919244229853678","60","TabPFN-v2p5 🇩🇪","2","all","","n305","REG_TEXT_BABIES_PRICES","2026-04-12T19:08:32.000Z"
"tabpfnv2_REG_TEXT_BABIES_PRICES_2","0.9119726831577945","60","TabPFN-v2 🤯","2","all","","n305","REG_TEXT_BABIES_PRICES","2026-04-12T19:03:17.000Z"
"tabm_REG_TEXT_BABIES_PRICES_2","0.9072621305392924","60","TabM Ⓜ️","2","all","","n305","REG_TEXT_BABIES_PRICES","2026-04-12T18:58:12.000Z"
"cat_REG_TEXT_BABIES_PRICES_2","0.8695614733213429","60","CatBoost 😸","2","all","","n306","REG_TEXT_BABIES_PRICES","2026-04-12T18:54:23.000Z"
"light_REG_TEXT_BABIES_PRICES_2","0.8405471926182143","60","LightGBM 💡","2","all","","n309","REG_TEXT_BABIES_PRICES","2026-04-12T18:47:40.000Z"
"tabpfnv2p5_REG_TEXT_BABIES_PRICES_1","0.9503180482077532","60","TabPFN-v2p5 🇩🇪","1","all","","n309","REG_TEXT_BABIES_PRICES","2026-04-12T18:42:32.000Z"
"tabpfnv2_REG_TEXT_BABIES_PRICES_1","0.9303409419251027","60","TabPFN-v2 🤯","1","all","","n309","REG_TEXT_BABIES_PRICES","2026-04-12T18:32:06.000Z"
"tabm_REG_TEXT_BABIES_PRICES_1","0.9424742321765984","60","TabM Ⓜ️","1","all","","n309","REG_TEXT_BABIES_PRICES","2026-04-12T18:25:54.000Z"
"cat_REG_TEXT_BABIES_PRICES_1","0.9216851345014112","60","CatBoost 😸","1","all","","n309","REG_TEXT_BABIES_PRICES","2026-04-12T18:18:45.000Z"
"light_REG_TEXT_BABIES_PRICES_1","0.9013060896498872","60","LightGBM 💡","1","all","","n305","REG_TEXT_BABIES_PRICES","2026-04-12T18:14:26.000Z"
"tabpfnv2p5_REG_TEXT_BABIES_PRICES_0","0.9121334043388488","60","TabPFN-v2p5 🇩🇪","0","all","","n305","REG_TEXT_BABIES_PRICES","2026-04-12T18:08:02.000Z"
"tabpfnv2_REG_TEXT_BABIES_PRICES_0","0.9004610323411578","60","TabPFN-v2 🤯","0","all","","n305","REG_TEXT_BABIES_PRICES","2026-04-12T18:05:17.000Z"
"tabm_REG_TEXT_BABIES_PRICES_0","0.9078120731658978","60","TabM Ⓜ️","0","all","","n305","REG_TEXT_BABIES_PRICES","2026-04-12T18:01:59.000Z"
"cat_REG_TEXT_BABIES_PRICES_0","0.8822202550071585","60","CatBoost 😸","0","all","","n309","REG_TEXT_BABIES_PRICES","2026-04-12T17:58:18.000Z"
"light_REG_TEXT_BABIES_PRICES_0","0.8677987883735186","60","LightGBM 💡","0","all","","n309","REG_TEXT_BABIES_PRICES","2026-04-12T17:56:02.000Z"
"tabpfnv2p5_MUL_TEXT_WOMEN_CLOTHING_REVIEW_4","0.9090459849279816","60","TabPFN-v2p5 🇩🇪","4","all","","n309","MUL_TEXT_WOMEN_CLOTHING_REVIEW","2026-04-12T17:52:36.000Z"
"tabpfnv2_MUL_TEXT_WOMEN_CLOTHING_REVIEW_4","0.9070546936888408","60","TabPFN-v2 🤯","4","all","","n309","MUL_TEXT_WOMEN_CLOTHING_REVIEW","2026-04-12T17:49:44.000Z"
"tabm_MUL_TEXT_WOMEN_CLOTHING_REVIEW_4","0.903880115080844","60","TabM Ⓜ️","4","all","","n305","MUL_TEXT_WOMEN_CLOTHING_REVIEW","2026-04-12T17:48:53.000Z"
"cat_MUL_TEXT_WOMEN_CLOTHING_REVIEW_4","0.9004230794973511","60","CatBoost 😸","4","all","","n309","MUL_TEXT_WOMEN_CLOTHING_REVIEW","2026-04-12T17:46:05.000Z"
"light_MUL_TEXT_WOMEN_CLOTHING_REVIEW_4","0.8944740271546834","60","LightGBM 💡","4","all","","n305","MUL_TEXT_WOMEN_CLOTHING_REVIEW","2026-04-12T17:43:22.000Z"
"tabpfnv2p5_MUL_TEXT_WOMEN_CLOTHING_REVIEW_3","0.9064053746607544","60","TabPFN-v2p5 🇩🇪","3","all","","n305","MUL_TEXT_WOMEN_CLOTHING_REVIEW","2026-04-12T17:37:45.000Z"
"tabpfnv2_MUL_TEXT_WOMEN_CLOTHING_REVIEW_3","0.9049062348394562","60","TabPFN-v2 🤯","3","all","","n309","MUL_TEXT_WOMEN_CLOTHING_REVIEW","2026-04-12T17:35:41.000Z"
"tabm_MUL_TEXT_WOMEN_CLOTHING_REVIEW_3","0.9053526081318084","60","TabM Ⓜ️","3","all","","n309","MUL_TEXT_WOMEN_CLOTHING_REVIEW","2026-04-12T17:33:20.000Z"
"cat_MUL_TEXT_WOMEN_CLOTHING_REVIEW_3","0.8996314743041962","60","CatBoost 😸","3","all","","n309","MUL_TEXT_WOMEN_CLOTHING_REVIEW","2026-04-12T17:30:37.000Z"
"light_MUL_TEXT_WOMEN_CLOTHING_REVIEW_3","0.8942126339744878","60","LightGBM 💡","3","all","","n309","MUL_TEXT_WOMEN_CLOTHING_REVIEW","2026-04-12T17:28:30.000Z"
"tabpfnv2p5_MUL_TEXT_WOMEN_CLOTHING_REVIEW_2","0.9154540231689344","60","TabPFN-v2p5 🇩🇪","2","all","","n309","MUL_TEXT_WOMEN_CLOTHING_REVIEW","2026-04-12T17:25:31.000Z"
"tabpfnv2_MUL_TEXT_WOMEN_CLOTHING_REVIEW_2","0.9133266525957544","60","TabPFN-v2 🤯","2","all","","n309","MUL_TEXT_WOMEN_CLOTHING_REVIEW","2026-04-12T17:22:23.000Z"
"tabm_MUL_TEXT_WOMEN_CLOTHING_REVIEW_2","0.9114495360535124","60","TabM Ⓜ️","2","all","","n309","MUL_TEXT_WOMEN_CLOTHING_REVIEW","2026-04-12T17:19:30.000Z"
"cat_MUL_TEXT_WOMEN_CLOTHING_REVIEW_2","0.9077686897986516","60","CatBoost 😸","2","all","","n305","MUL_TEXT_WOMEN_CLOTHING_REVIEW","2026-04-12T17:16:30.000Z"
"light_MUL_TEXT_WOMEN_CLOTHING_REVIEW_2","0.9009563325182836","60","LightGBM 💡","2","all","","n309","MUL_TEXT_WOMEN_CLOTHING_REVIEW","2026-04-12T17:14:45.000Z"
"tabpfnv2p5_MUL_TEXT_WOMEN_CLOTHING_REVIEW_1","0.9095974729363216","60","TabPFN-v2p5 🇩🇪","1","all","","n305","MUL_TEXT_WOMEN_CLOTHING_REVIEW","2026-04-12T17:13:21.000Z"
"tabpfnv2_MUL_TEXT_WOMEN_CLOTHING_REVIEW_1","0.908175086995042","60","TabPFN-v2 🤯","1","all","","n309","MUL_TEXT_WOMEN_CLOTHING_REVIEW","2026-04-12T17:10:54.000Z"
"tabm_MUL_TEXT_WOMEN_CLOTHING_REVIEW_1","0.907458023707886","60","TabM Ⓜ️","1","all","","n309","MUL_TEXT_WOMEN_CLOTHING_REVIEW","2026-04-12T17:08:12.000Z"
"cat_MUL_TEXT_WOMEN_CLOTHING_REVIEW_1","0.9011856864867596","60","CatBoost 😸","1","all","","n305","MUL_TEXT_WOMEN_CLOTHING_REVIEW","2026-04-12T17:04:49.000Z"
"light_MUL_TEXT_WOMEN_CLOTHING_REVIEW_1","0.8950536394014545","60","LightGBM 💡","1","all","","n309","MUL_TEXT_WOMEN_CLOTHING_REVIEW","2026-04-12T16:59:41.000Z"
"tabpfnv2p5_MUL_TEXT_WOMEN_CLOTHING_REVIEW_0","0.9127135261516685","60","TabPFN-v2p5 🇩🇪","0","all","","n309","MUL_TEXT_WOMEN_CLOTHING_REVIEW","2026-04-12T16:55:35.000Z"
"tabpfnv2_MUL_TEXT_WOMEN_CLOTHING_REVIEW_0","0.9109429279840644","60","TabPFN-v2 🤯","0","all","","n305","MUL_TEXT_WOMEN_CLOTHING_REVIEW","2026-04-12T16:54:07.000Z"
"tabm_MUL_TEXT_WOMEN_CLOTHING_REVIEW_0","0.910182704856245","60","TabM Ⓜ️","0","all","","n309","MUL_TEXT_WOMEN_CLOTHING_REVIEW","2026-04-12T16:47:45.000Z"
"cat_MUL_TEXT_WOMEN_CLOTHING_REVIEW_0","0.9083052673626446","60","CatBoost 😸","0","all","","n309","MUL_TEXT_WOMEN_CLOTHING_REVIEW","2026-04-12T16:34:35.000Z"
"light_MUL_TEXT_WOMEN_CLOTHING_REVIEW_0","0.9024218833247286","60","LightGBM 💡","0","all","","n305","MUL_TEXT_WOMEN_CLOTHING_REVIEW","2026-04-12T16:28:24.000Z"
"tabm_MUL_TEXT_WINE_REVIEW_4","0.9815246416380164","60","TabM Ⓜ️","4","all","","n309","MUL_TEXT_WINE_REVIEW","2026-04-12T16:18:45.000Z"
"cat_MUL_TEXT_WINE_REVIEW_4","0.9786614294796622","60","CatBoost 😸","4","all","","n309","MUL_TEXT_WINE_REVIEW","2026-04-12T16:10:49.000Z"
"light_MUL_TEXT_WINE_REVIEW_4","0.9665567514314172","60","LightGBM 💡","4","all","","n309","MUL_TEXT_WINE_REVIEW","2026-04-12T16:07:56.000Z"
"tabm_MUL_TEXT_WINE_REVIEW_3","0.979822067867458","60","TabM Ⓜ️","3","all","","n305","MUL_TEXT_WINE_REVIEW","2026-04-12T15:43:38.000Z"
"cat_MUL_TEXT_WINE_REVIEW_3","0.9755724568669676","60","CatBoost 😸","3","all","","n309","MUL_TEXT_WINE_REVIEW","2026-04-12T15:36:07.000Z"
"light_MUL_TEXT_WINE_REVIEW_3","0.9675703126350796","60","LightGBM 💡","3","all","","n309","MUL_TEXT_WINE_REVIEW","2026-04-12T15:31:44.000Z"
"tabm_MUL_TEXT_WINE_REVIEW_2","0.9816976523571864","60","TabM Ⓜ️","2","all","","n305","MUL_TEXT_WINE_REVIEW","2026-04-12T15:16:38.000Z"
"cat_MUL_TEXT_WINE_REVIEW_2","0.9772135907677856","60","CatBoost 😸","2","all","","n305","MUL_TEXT_WINE_REVIEW","2026-04-12T15:14:22.000Z"
"light_MUL_TEXT_WINE_REVIEW_2","0.9670672987403032","60","LightGBM 💡","2","all","","n309","MUL_TEXT_WINE_REVIEW","2026-04-12T14:54:00.000Z"
"tabm_MUL_TEXT_WINE_REVIEW_1","0.980253419856624","60","TabM Ⓜ️","1","all","","n305","MUL_TEXT_WINE_REVIEW","2026-04-12T14:35:15.000Z"
"cat_MUL_TEXT_WINE_REVIEW_1","0.9755406428690868","60","CatBoost 😸","1","all","","n309","MUL_TEXT_WINE_REVIEW","2026-04-12T14:30:23.000Z"
"light_MUL_TEXT_WINE_REVIEW_1","0.9685003399898472","60","LightGBM 💡","1","all","","n309","MUL_TEXT_WINE_REVIEW","2026-04-12T14:25:56.000Z"
"tabm_MUL_TEXT_WINE_REVIEW_0","0.9784828668962392","60","TabM Ⓜ️","0","all","","n305","MUL_TEXT_WINE_REVIEW","2026-04-12T13:46:24.000Z"
"cat_MUL_TEXT_WINE_REVIEW_0","0.9752164182763504","60","CatBoost 😸","0","all","","n305","MUL_TEXT_WINE_REVIEW","2026-04-12T13:37:18.000Z"
"light_MUL_TEXT_WINE_REVIEW_0","0.9675370260923116","60","LightGBM 💡","0","all","","n305","MUL_TEXT_WINE_REVIEW","2026-04-12T13:33:38.000Z"
"tabpfnv2p5_MUL_TEXT_US_ACCIDENTS_4","0.9838887805837686","60","TabPFN-v2p5 🇩🇪","4","all","","n305","MUL_TEXT_US_ACCIDENTS","2026-04-12T13:27:16.000Z"
"tabpfnv2_MUL_TEXT_US_ACCIDENTS_4","0.979376793152192","60","TabPFN-v2 🤯","4","all","","n305","MUL_TEXT_US_ACCIDENTS","2026-04-12T13:18:28.000Z"
"tabm_MUL_TEXT_US_ACCIDENTS_4","0.9767209022386532","60","TabM Ⓜ️","4","all","","n309","MUL_TEXT_US_ACCIDENTS","2026-04-12T13:13:02.000Z"
"cat_MUL_TEXT_US_ACCIDENTS_4","0.9714017017451204","60","CatBoost 😸","4","all","","n305","MUL_TEXT_US_ACCIDENTS","2026-04-12T13:06:39.000Z"
"light_MUL_TEXT_US_ACCIDENTS_4","0.9739197736912638","60","LightGBM 💡","4","all","","n309","MUL_TEXT_US_ACCIDENTS","2026-04-12T12:57:38.000Z"
"tabpfnv2p5_MUL_TEXT_US_ACCIDENTS_3","0.9760052013592976","60","TabPFN-v2p5 🇩🇪","3","all","","n309","MUL_TEXT_US_ACCIDENTS","2026-04-12T12:48:26.000Z"
"tabpfnv2_MUL_TEXT_US_ACCIDENTS_3","0.9693419905265626","60","TabPFN-v2 🤯","3","all","","n309","MUL_TEXT_US_ACCIDENTS","2026-04-12T12:35:44.000Z"
"tabm_MUL_TEXT_US_ACCIDENTS_3","0.9665327666865736","60","TabM Ⓜ️","3","all","","n309","MUL_TEXT_US_ACCIDENTS","2026-04-12T12:12:12.000Z"
"cat_MUL_TEXT_US_ACCIDENTS_3","0.967953019358388","60","CatBoost 😸","3","all","","n305","MUL_TEXT_US_ACCIDENTS","2026-04-12T11:46:55.000Z"
"light_MUL_TEXT_US_ACCIDENTS_3","0.9451026762150287","60","LightGBM 💡","3","all","","n309","MUL_TEXT_US_ACCIDENTS","2026-04-12T11:41:21.000Z"
"tabpfnv2p5_MUL_TEXT_US_ACCIDENTS_2","0.9733556295998934","60","TabPFN-v2p5 🇩🇪","2","all","","n309","MUL_TEXT_US_ACCIDENTS","2026-04-12T11:33:28.000Z"
"tabpfnv2_MUL_TEXT_US_ACCIDENTS_2","0.9756272863290576","60","TabPFN-v2 🤯","2","all","","n309","MUL_TEXT_US_ACCIDENTS","2026-04-12T11:24:49.000Z"
"tabm_MUL_TEXT_US_ACCIDENTS_2","0.9713066839018932","60","TabM Ⓜ️","2","all","","n305","MUL_TEXT_US_ACCIDENTS","2026-04-12T11:18:15.000Z"
"cat_MUL_TEXT_US_ACCIDENTS_2","0.9761190635994412","60","CatBoost 😸","2","all","","n305","MUL_TEXT_US_ACCIDENTS","2026-04-12T11:01:27.000Z"
"light_MUL_TEXT_US_ACCIDENTS_2","0.961997437456692","60","LightGBM 💡","2","all","","n305","MUL_TEXT_US_ACCIDENTS","2026-04-12T10:38:32.000Z"
"tabpfnv2p5_MUL_TEXT_US_ACCIDENTS_1","0.9754698512115756","60","TabPFN-v2p5 🇩🇪","1","all","","n309","MUL_TEXT_US_ACCIDENTS","2026-04-12T10:31:08.000Z"
"tabpfnv2_MUL_TEXT_US_ACCIDENTS_1","0.9714782852392684","60","TabPFN-v2 🤯","1","all","","n309","MUL_TEXT_US_ACCIDENTS","2026-04-12T10:19:17.000Z"
"tabm_MUL_TEXT_US_ACCIDENTS_1","0.9719536576666624","60","TabM Ⓜ️","1","all","","n305","MUL_TEXT_US_ACCIDENTS","2026-04-12T10:11:48.000Z"
"cat_MUL_TEXT_US_ACCIDENTS_1","0.9631048667569544","60","CatBoost 😸","1","all","","n309","MUL_TEXT_US_ACCIDENTS","2026-04-12T10:01:13.000Z"
"light_MUL_TEXT_US_ACCIDENTS_1","0.9662093616537968","60","LightGBM 💡","1","all","","n305","MUL_TEXT_US_ACCIDENTS","2026-04-12T09:52:06.000Z"
"tabpfnv2p5_MUL_TEXT_US_ACCIDENTS_0","0.9840680931827896","60","TabPFN-v2p5 🇩🇪","0","all","","n309","MUL_TEXT_US_ACCIDENTS","2026-04-12T09:45:33.000Z"
"tabpfnv2_MUL_TEXT_US_ACCIDENTS_0","0.9769624272981652","60","TabPFN-v2 🤯","0","all","","n309","MUL_TEXT_US_ACCIDENTS","2026-04-12T09:34:04.000Z"
"tabm_MUL_TEXT_US_ACCIDENTS_0","0.9732240883774776","60","TabM Ⓜ️","0","all","","n305","MUL_TEXT_US_ACCIDENTS","2026-04-12T09:24:29.000Z"
"cat_MUL_TEXT_US_ACCIDENTS_0","0.9733568947216372","60","CatBoost 😸","0","all","","n305","MUL_TEXT_US_ACCIDENTS","2026-04-12T08:59:03.000Z"
"light_MUL_TEXT_US_ACCIDENTS_0","0.9730154859235878","60","LightGBM 💡","0","all","","n305","MUL_TEXT_US_ACCIDENTS","2026-04-12T08:49:07.000Z"
"tabm_MUL_TEXT_SPOTIFY_GENRES_4","0.9629475438304108","60","TabM Ⓜ️","4","all","","n305","MUL_TEXT_SPOTIFY_GENRES","2026-04-12T08:17:15.000Z"
"cat_MUL_TEXT_SPOTIFY_GENRES_4","0.962763084307376","60","CatBoost 😸","4","all","","n305","MUL_TEXT_SPOTIFY_GENRES","2026-04-12T08:11:42.000Z"
"cat_MUL_TEXT_SPOTIFY_GENRES_3","0.9626905146023118","60","CatBoost 😸","3","all","","n309","MUL_TEXT_SPOTIFY_GENRES","2026-04-12T07:37:54.000Z"
"light_MUL_TEXT_SPOTIFY_GENRES_4","0.9029530191877292","60","LightGBM 💡","4","all","","n309","MUL_TEXT_SPOTIFY_GENRES","2026-04-12T07:32:51.000Z"
"tabm_MUL_TEXT_SPOTIFY_GENRES_3","0.960723133009452","60","TabM Ⓜ️","3","all","","n309","MUL_TEXT_SPOTIFY_GENRES","2026-04-12T07:11:36.000Z"
"light_MUL_TEXT_SPOTIFY_GENRES_3","0.8950409196880407","60","LightGBM 💡","3","all","","n309","MUL_TEXT_SPOTIFY_GENRES","2026-04-12T07:02:37.000Z"
"tabm_MUL_TEXT_SPOTIFY_GENRES_2","0.9613925303549792","60","TabM Ⓜ️","2","all","","n305","MUL_TEXT_SPOTIFY_GENRES","2026-04-12T06:13:15.000Z"
"cat_MUL_TEXT_SPOTIFY_GENRES_2","0.9598847990881928","60","CatBoost 😸","2","all","","n309","MUL_TEXT_SPOTIFY_GENRES","2026-04-12T06:00:09.000Z"
"light_MUL_TEXT_SPOTIFY_GENRES_2","0.8965949072256084","60","LightGBM 💡","2","all","","n309","MUL_TEXT_SPOTIFY_GENRES","2026-04-12T05:53:30.000Z"
"tabm_MUL_TEXT_SPOTIFY_GENRES_1","0.9582398333755356","60","TabM Ⓜ️","1","all","","n309","MUL_TEXT_SPOTIFY_GENRES","2026-04-12T05:13:42.000Z"
"cat_MUL_TEXT_SPOTIFY_GENRES_1","0.9582598658040872","60","CatBoost 😸","1","all","","n305","MUL_TEXT_SPOTIFY_GENRES","2026-04-12T04:42:55.000Z"
"light_MUL_TEXT_SPOTIFY_GENRES_1","0.8897601497549449","60","LightGBM 💡","1","all","","n305","MUL_TEXT_SPOTIFY_GENRES","2026-04-12T04:38:49.000Z"
"tabm_MUL_TEXT_SPOTIFY_GENRES_0","0.963778227494042","60","TabM Ⓜ️","0","all","","n309","MUL_TEXT_SPOTIFY_GENRES","2026-04-12T04:32:36.000Z"
"cat_MUL_TEXT_SPOTIFY_GENRES_0","0.9623262059748808","60","CatBoost 😸","0","all","","n309","MUL_TEXT_SPOTIFY_GENRES","2026-04-12T04:31:46.000Z"
"light_MUL_TEXT_SPOTIFY_GENRES_0","0.8952125891660131","60","LightGBM 💡","0","all","","n305","MUL_TEXT_SPOTIFY_GENRES","2026-04-12T04:30:16.000Z"
"tabpfnv2p5_MUL_TEXT_PRODUCT_SENTIMENT_4","0.91318488228539","60","TabPFN-v2p5 🇩🇪","4","all","","n305","MUL_TEXT_PRODUCT_SENTIMENT","2026-04-12T04:29:16.000Z"
"tabpfnv2_MUL_TEXT_PRODUCT_SENTIMENT_4","0.91323715135606","60","TabPFN-v2 🤯","4","all","","n305","MUL_TEXT_PRODUCT_SENTIMENT","2026-04-12T04:25:32.000Z"
"tabm_MUL_TEXT_PRODUCT_SENTIMENT_4","0.910255817639259","60","TabM Ⓜ️","4","all","","n305","MUL_TEXT_PRODUCT_SENTIMENT","2026-04-12T04:24:34.000Z"
"cat_MUL_TEXT_PRODUCT_SENTIMENT_4","0.8966590557849909","60","CatBoost 😸","4","all","","n305","MUL_TEXT_PRODUCT_SENTIMENT","2026-04-12T04:23:20.000Z"
"light_MUL_TEXT_PRODUCT_SENTIMENT_4","0.8832434795739095","60","LightGBM 💡","4","all","","n305","MUL_TEXT_PRODUCT_SENTIMENT","2026-04-12T04:22:23.000Z"
"tabpfnv2p5_MUL_TEXT_PRODUCT_SENTIMENT_3","0.9237709038723324","60","TabPFN-v2p5 🇩🇪","3","all","","n309","MUL_TEXT_PRODUCT_SENTIMENT","2026-04-12T04:21:14.000Z"
"tabpfnv2_MUL_TEXT_PRODUCT_SENTIMENT_3","0.920689325185344","60","TabPFN-v2 🤯","3","all","","n307","MUL_TEXT_PRODUCT_SENTIMENT","2026-04-12T04:17:23.000Z"
"tabm_MUL_TEXT_PRODUCT_SENTIMENT_3","0.909364609013988","60","TabM Ⓜ️","3","all","","n307","MUL_TEXT_PRODUCT_SENTIMENT","2026-04-12T04:15:26.000Z"
"cat_MUL_TEXT_PRODUCT_SENTIMENT_3","0.9046114783360696","60","CatBoost 😸","3","all","","n307","MUL_TEXT_PRODUCT_SENTIMENT","2026-04-12T04:14:12.000Z"
"light_MUL_TEXT_PRODUCT_SENTIMENT_3","0.9082851951212826","60","LightGBM 💡","3","all","","n305","MUL_TEXT_PRODUCT_SENTIMENT","2026-04-12T04:13:24.000Z"
"tabpfnv2p5_MUL_TEXT_PRODUCT_SENTIMENT_2","0.9277181801527222","60","TabPFN-v2p5 🇩🇪","2","all","","n309","MUL_TEXT_PRODUCT_SENTIMENT","2026-04-12T04:12:22.000Z"
"tabpfnv2_MUL_TEXT_PRODUCT_SENTIMENT_2","0.9154908353707648","60","TabPFN-v2 🤯","2","all","","n307","MUL_TEXT_PRODUCT_SENTIMENT","2026-04-12T04:11:14.000Z"
"tabm_MUL_TEXT_PRODUCT_SENTIMENT_2","0.9080216692016134","60","TabM Ⓜ️","2","all","","n305","MUL_TEXT_PRODUCT_SENTIMENT","2026-04-12T04:07:21.000Z"
"cat_MUL_TEXT_PRODUCT_SENTIMENT_2","0.9070118717649605","60","CatBoost 😸","2","all","","n305","MUL_TEXT_PRODUCT_SENTIMENT","2026-04-12T04:05:57.000Z"
"light_MUL_TEXT_PRODUCT_SENTIMENT_2","0.8941367145830906","60","LightGBM 💡","2","all","","n305","MUL_TEXT_PRODUCT_SENTIMENT","2026-04-12T04:04:46.000Z"
"tabpfnv2p5_MUL_TEXT_PRODUCT_SENTIMENT_1","0.9163169369530144","60","TabPFN-v2p5 🇩🇪","1","all","","n309","MUL_TEXT_PRODUCT_SENTIMENT","2026-04-12T04:03:23.000Z"
"tabpfnv2_MUL_TEXT_PRODUCT_SENTIMENT_1","0.9078310099696248","60","TabPFN-v2 🤯","1","all","","n309","MUL_TEXT_PRODUCT_SENTIMENT","2026-04-12T04:02:33.000Z"
"tabm_MUL_TEXT_PRODUCT_SENTIMENT_1","0.9088326365966524","60","TabM Ⓜ️","1","all","","n309","MUL_TEXT_PRODUCT_SENTIMENT","2026-04-12T04:00:03.000Z"
"cat_MUL_TEXT_PRODUCT_SENTIMENT_1","0.8922046755117865","60","CatBoost 😸","1","all","","n305","MUL_TEXT_PRODUCT_SENTIMENT","2026-04-12T03:59:04.000Z"
"light_MUL_TEXT_PRODUCT_SENTIMENT_1","0.9070828878948076","60","LightGBM 💡","1","all","","n305","MUL_TEXT_PRODUCT_SENTIMENT","2026-04-12T03:56:31.000Z"
"tabpfnv2p5_MUL_TEXT_PRODUCT_SENTIMENT_0","0.9187205573912198","60","TabPFN-v2p5 🇩🇪","0","all","","n309","MUL_TEXT_PRODUCT_SENTIMENT","2026-04-12T03:54:17.000Z"
"tabpfnv2_MUL_TEXT_PRODUCT_SENTIMENT_0","0.9103789851568946","60","TabPFN-v2 🤯","0","all","","n309","MUL_TEXT_PRODUCT_SENTIMENT","2026-04-12T03:51:56.000Z"
"tabm_MUL_TEXT_PRODUCT_SENTIMENT_0","0.9059236169205156","60","TabM Ⓜ️","0","all","","n309","MUL_TEXT_PRODUCT_SENTIMENT","2026-04-12T03:49:51.000Z"
"cat_MUL_TEXT_PRODUCT_SENTIMENT_0","0.8779569116413967","60","CatBoost 😸","0","all","","n307","MUL_TEXT_PRODUCT_SENTIMENT","2026-04-12T03:46:36.000Z"
"light_MUL_TEXT_PRODUCT_SENTIMENT_0","0.8671543191687074","60","LightGBM 💡","0","all","","n309","MUL_TEXT_PRODUCT_SENTIMENT","2026-04-12T03:43:53.000Z"
"tabpfnv2p5_MUL_TEXT_MICHELIN_RESTAURANTS_4","0.9162448795473848","60","TabPFN-v2p5 🇩🇪","4","all","","n307","MUL_TEXT_MICHELIN_RESTAURANTS","2026-04-12T03:37:54.000Z"
"tabpfnv2_MUL_TEXT_MICHELIN_RESTAURANTS_4","0.907705203648728","60","TabPFN-v2 🤯","4","all","","n305","MUL_TEXT_MICHELIN_RESTAURANTS","2026-04-12T03:31:23.000Z"
"tabm_MUL_TEXT_MICHELIN_RESTAURANTS_4","0.9048614885788886","60","TabM Ⓜ️","4","all","","n309","MUL_TEXT_MICHELIN_RESTAURANTS","2026-04-12T03:12:34.000Z"
"cat_MUL_TEXT_MICHELIN_RESTAURANTS_4","0.9001723456321097","60","CatBoost 😸","4","all","","n309","MUL_TEXT_MICHELIN_RESTAURANTS","2026-04-12T03:02:55.000Z"
"light_MUL_TEXT_MICHELIN_RESTAURANTS_4","0.8941768021027313","60","LightGBM 💡","4","all","","n309","MUL_TEXT_MICHELIN_RESTAURANTS","2026-04-12T02:53:52.000Z"
"tabpfnv2p5_MUL_TEXT_MICHELIN_RESTAURANTS_3","0.9096779725714712","60","TabPFN-v2p5 🇩🇪","3","all","","n309","MUL_TEXT_MICHELIN_RESTAURANTS","2026-04-12T02:46:55.000Z"
"tabpfnv2_MUL_TEXT_MICHELIN_RESTAURANTS_3","0.9031784123643264","60","TabPFN-v2 🤯","3","all","","n309","MUL_TEXT_MICHELIN_RESTAURANTS","2026-04-12T02:44:58.000Z"
"tabm_MUL_TEXT_MICHELIN_RESTAURANTS_3","0.9082565663752248","60","TabM Ⓜ️","3","all","","n305","MUL_TEXT_MICHELIN_RESTAURANTS","2026-04-12T02:39:29.000Z"
"cat_MUL_TEXT_MICHELIN_RESTAURANTS_3","0.8995406953845766","60","CatBoost 😸","3","all","","n309","MUL_TEXT_MICHELIN_RESTAURANTS","2026-04-12T02:33:14.000Z"
"light_MUL_TEXT_MICHELIN_RESTAURANTS_3","0.8961326971794563","60","LightGBM 💡","3","all","","n309","MUL_TEXT_MICHELIN_RESTAURANTS","2026-04-12T02:19:35.000Z"
"tabpfnv2p5_MUL_TEXT_MICHELIN_RESTAURANTS_2","0.9238076762478172","60","TabPFN-v2p5 🇩🇪","2","all","","n309","MUL_TEXT_MICHELIN_RESTAURANTS","2026-04-12T02:11:27.000Z"
"tabpfnv2_MUL_TEXT_MICHELIN_RESTAURANTS_2","0.917558634253404","60","TabPFN-v2 🤯","2","all","","n309","MUL_TEXT_MICHELIN_RESTAURANTS","2026-04-12T02:07:04.000Z"
"tabm_MUL_TEXT_MICHELIN_RESTAURANTS_2","0.9153036047206112","60","TabM Ⓜ️","2","all","","n309","MUL_TEXT_MICHELIN_RESTAURANTS","2026-04-12T02:04:29.000Z"
"cat_MUL_TEXT_MICHELIN_RESTAURANTS_2","0.9107784518331512","60","CatBoost 😸","2","all","","n306","MUL_TEXT_MICHELIN_RESTAURANTS","2026-04-12T02:00:10.000Z"
"light_MUL_TEXT_MICHELIN_RESTAURANTS_2","0.904644044279098","60","LightGBM 💡","2","all","","n305","MUL_TEXT_MICHELIN_RESTAURANTS","2026-04-12T01:58:11.000Z"
"tabpfnv2p5_MUL_TEXT_MICHELIN_RESTAURANTS_1","0.9133919558333876","60","TabPFN-v2p5 🇩🇪","1","all","","n309","MUL_TEXT_MICHELIN_RESTAURANTS","2026-04-12T01:55:05.000Z"
"tabpfnv2_MUL_TEXT_MICHELIN_RESTAURANTS_1","0.9040043643567396","60","TabPFN-v2 🤯","1","all","","n305","MUL_TEXT_MICHELIN_RESTAURANTS","2026-04-12T01:48:49.000Z"
"tabm_MUL_TEXT_MICHELIN_RESTAURANTS_1","0.910800942412861","60","TabM Ⓜ️","1","all","","n309","MUL_TEXT_MICHELIN_RESTAURANTS","2026-04-12T01:17:32.000Z"
"cat_MUL_TEXT_MICHELIN_RESTAURANTS_1","0.90429845183492","60","CatBoost 😸","1","all","","n306","MUL_TEXT_MICHELIN_RESTAURANTS","2026-04-12T01:10:21.000Z"
"light_MUL_TEXT_MICHELIN_RESTAURANTS_1","0.894873443965347","60","LightGBM 💡","1","all","","n305","MUL_TEXT_MICHELIN_RESTAURANTS","2026-04-12T01:07:18.000Z"
"tabpfnv2p5_MUL_TEXT_MICHELIN_RESTAURANTS_0","0.9141434854456584","60","TabPFN-v2p5 🇩🇪","0","all","","n305","MUL_TEXT_MICHELIN_RESTAURANTS","2026-04-12T01:03:49.000Z"
"tabpfnv2_MUL_TEXT_MICHELIN_RESTAURANTS_0","0.9059053038037344","60","TabPFN-v2 🤯","0","all","","n306","MUL_TEXT_MICHELIN_RESTAURANTS","2026-04-12T00:59:38.000Z"
"tabm_MUL_TEXT_MICHELIN_RESTAURANTS_0","0.9130800738164622","60","TabM Ⓜ️","0","all","","n309","MUL_TEXT_MICHELIN_RESTAURANTS","2026-04-12T00:56:19.000Z"
"cat_MUL_TEXT_MICHELIN_RESTAURANTS_0","0.9047280608572864","60","CatBoost 😸","0","all","","n306","MUL_TEXT_MICHELIN_RESTAURANTS","2026-04-12T00:53:54.000Z"
"light_MUL_TEXT_MICHELIN_RESTAURANTS_0","0.8876092428097765","60","LightGBM 💡","0","all","","n306","MUL_TEXT_MICHELIN_RESTAURANTS","2026-04-12T00:50:30.000Z"
"tabpfnv2p5_MUL_TEXT_DATA_SCIENTIST_SALARY_4","0.8434617941390616","60","TabPFN-v2p5 🇩🇪","4","all","","n305","MUL_TEXT_DATA_SCIENTIST_SALARY","2026-04-11T23:09:05.000Z"
"tabpfnv2_MUL_TEXT_DATA_SCIENTIST_SALARY_4","0.83691496044915","60","TabPFN-v2 🤯","4","all","","n305","MUL_TEXT_DATA_SCIENTIST_SALARY","2026-04-11T23:02:28.000Z"
"tabm_MUL_TEXT_DATA_SCIENTIST_SALARY_4","0.8375307255584752","60","TabM Ⓜ️","4","all","","n305","MUL_TEXT_DATA_SCIENTIST_SALARY","2026-04-11T22:50:58.000Z"
"cat_MUL_TEXT_DATA_SCIENTIST_SALARY_4","0.8225898309767125","60","CatBoost 😸","4","all","","n305","MUL_TEXT_DATA_SCIENTIST_SALARY","2026-04-11T22:43:55.000Z"
"light_MUL_TEXT_DATA_SCIENTIST_SALARY_4","0.7981668402921978","60","LightGBM 💡","4","all","","n306","MUL_TEXT_DATA_SCIENTIST_SALARY","2026-04-11T22:38:34.000Z"
"tabpfnv2p5_MUL_TEXT_DATA_SCIENTIST_SALARY_3","0.8345721541673682","60","TabPFN-v2p5 🇩🇪","3","all","","n306","MUL_TEXT_DATA_SCIENTIST_SALARY","2026-04-11T22:31:53.000Z"
"tabpfnv2_MUL_TEXT_DATA_SCIENTIST_SALARY_3","0.8249155025864935","60","TabPFN-v2 🤯","3","all","","n306","MUL_TEXT_DATA_SCIENTIST_SALARY","2026-04-11T22:26:49.000Z"
"tabm_MUL_TEXT_DATA_SCIENTIST_SALARY_3","0.836437724365568","60","TabM Ⓜ️","3","all","","n309","MUL_TEXT_DATA_SCIENTIST_SALARY","2026-04-11T22:24:35.000Z"
"cat_MUL_TEXT_DATA_SCIENTIST_SALARY_3","0.8167259972187768","60","CatBoost 😸","3","all","","n306","MUL_TEXT_DATA_SCIENTIST_SALARY","2026-04-11T22:19:35.000Z"
"light_MUL_TEXT_DATA_SCIENTIST_SALARY_3","0.7974012629291723","60","LightGBM 💡","3","all","","n309","MUL_TEXT_DATA_SCIENTIST_SALARY","2026-04-11T22:02:17.000Z"
"tabpfnv2p5_MUL_TEXT_DATA_SCIENTIST_SALARY_2","0.84023407210558","60","TabPFN-v2p5 🇩🇪","2","all","","n309","MUL_TEXT_DATA_SCIENTIST_SALARY","2026-04-11T21:49:08.000Z"
"tabpfnv2_MUL_TEXT_DATA_SCIENTIST_SALARY_2","0.8324111999448105","60","TabPFN-v2 🤯","2","all","","n309","MUL_TEXT_DATA_SCIENTIST_SALARY","2026-04-11T21:43:34.000Z"
"tabm_MUL_TEXT_DATA_SCIENTIST_SALARY_2","0.8324032144167925","60","TabM Ⓜ️","2","all","","n305","MUL_TEXT_DATA_SCIENTIST_SALARY","2026-04-11T21:36:45.000Z"
"cat_MUL_TEXT_DATA_SCIENTIST_SALARY_2","0.8203405644833653","60","CatBoost 😸","2","all","","n309","MUL_TEXT_DATA_SCIENTIST_SALARY","2026-04-11T21:34:47.000Z"
"light_MUL_TEXT_DATA_SCIENTIST_SALARY_2","0.7983178916548049","60","LightGBM 💡","2","all","","n305","MUL_TEXT_DATA_SCIENTIST_SALARY","2026-04-11T21:31:00.000Z"
"tabpfnv2p5_MUL_TEXT_DATA_SCIENTIST_SALARY_1","0.8328507127283337","60","TabPFN-v2p5 🇩🇪","1","all","","n305","MUL_TEXT_DATA_SCIENTIST_SALARY","2026-04-11T21:23:55.000Z"
"tabpfnv2_MUL_TEXT_DATA_SCIENTIST_SALARY_1","0.8240132090654542","60","TabPFN-v2 🤯","1","all","","n305","MUL_TEXT_DATA_SCIENTIST_SALARY","2026-04-11T21:17:17.000Z"
"tabm_MUL_TEXT_DATA_SCIENTIST_SALARY_1","0.8319665468310529","60","TabM Ⓜ️","1","all","","n306","MUL_TEXT_DATA_SCIENTIST_SALARY","2026-04-11T21:00:37.000Z"
"cat_MUL_TEXT_DATA_SCIENTIST_SALARY_1","0.8160501746383638","60","CatBoost 😸","1","all","","n306","MUL_TEXT_DATA_SCIENTIST_SALARY","2026-04-11T20:53:13.000Z"
"light_MUL_TEXT_DATA_SCIENTIST_SALARY_1","0.7952481450146096","60","LightGBM 💡","1","all","","n305","MUL_TEXT_DATA_SCIENTIST_SALARY","2026-04-11T20:49:48.000Z"
"tabpfnv2p5_MUL_TEXT_DATA_SCIENTIST_SALARY_0","0.8337132660964671","60","TabPFN-v2p5 🇩🇪","0","all","","n309","MUL_TEXT_DATA_SCIENTIST_SALARY","2026-04-11T20:45:07.000Z"
"tabpfnv2_MUL_TEXT_DATA_SCIENTIST_SALARY_0","0.8252189087703878","60","TabPFN-v2 🤯","0","all","","n307","MUL_TEXT_DATA_SCIENTIST_SALARY","2026-04-11T20:44:33.000Z"
"tabm_MUL_TEXT_DATA_SCIENTIST_SALARY_0","0.8295970546974405","60","TabM Ⓜ️","0","all","","n306","MUL_TEXT_DATA_SCIENTIST_SALARY","2026-04-11T20:39:33.000Z"
"cat_MUL_TEXT_DATA_SCIENTIST_SALARY_0","0.8147090757202397","60","CatBoost 😸","0","all","","n305","MUL_TEXT_DATA_SCIENTIST_SALARY","2026-04-11T20:36:38.000Z"
"light_MUL_TEXT_DATA_SCIENTIST_SALARY_0","0.7901874950602488","60","LightGBM 💡","0","all","","n306","MUL_TEXT_DATA_SCIENTIST_SALARY","2026-04-11T20:31:17.000Z"
"tabpfnv2p5_BIN_TEXT_KICKSTARTER_FUNDING_4","0.7334064797794118","60","TabPFN-v2p5 🇩🇪","4","all","","n307","BIN_TEXT_KICKSTARTER_FUNDING","2026-04-11T20:26:55.000Z"
"tabpfnv2_BIN_TEXT_KICKSTARTER_FUNDING_4","0.7132180606617647","60","TabPFN-v2 🤯","4","all","","n306","BIN_TEXT_KICKSTARTER_FUNDING","2026-04-11T20:24:07.000Z"
"tabm_BIN_TEXT_KICKSTARTER_FUNDING_4","0.7444674862132352","60","TabM Ⓜ️","4","all","","n306","BIN_TEXT_KICKSTARTER_FUNDING","2026-04-11T20:21:17.000Z"
"cat_BIN_TEXT_KICKSTARTER_FUNDING_4","0.7254216452205882","60","CatBoost 😸","4","all","","n309","BIN_TEXT_KICKSTARTER_FUNDING","2026-04-11T20:17:58.000Z"
"light_BIN_TEXT_KICKSTARTER_FUNDING_4","0.7196507352941177","60","LightGBM 💡","4","all","","n309","BIN_TEXT_KICKSTARTER_FUNDING","2026-04-11T20:12:18.000Z"
"tabpfnv2p5_BIN_TEXT_KICKSTARTER_FUNDING_3","0.7416785386029412","60","TabPFN-v2p5 🇩🇪","3","all","","n305","BIN_TEXT_KICKSTARTER_FUNDING","2026-04-11T20:06:50.000Z"
"tabpfnv2_BIN_TEXT_KICKSTARTER_FUNDING_3","0.7249379595588237","60","TabPFN-v2 🤯","3","all","","n306","BIN_TEXT_KICKSTARTER_FUNDING","2026-04-11T20:02:35.000Z"
"tabm_BIN_TEXT_KICKSTARTER_FUNDING_3","0.7486328124999999","60","TabM Ⓜ️","3","all","","n305","BIN_TEXT_KICKSTARTER_FUNDING","2026-04-11T19:59:33.000Z"
"cat_BIN_TEXT_KICKSTARTER_FUNDING_3","0.721256893382353","60","CatBoost 😸","3","all","","n307","BIN_TEXT_KICKSTARTER_FUNDING","2026-04-11T19:56:57.000Z"
"light_BIN_TEXT_KICKSTARTER_FUNDING_3","0.7256812959558824","60","LightGBM 💡","3","all","","n305","BIN_TEXT_KICKSTARTER_FUNDING","2026-04-11T19:53:53.000Z"
"tabpfnv2p5_BIN_TEXT_KICKSTARTER_FUNDING_2","0.7619077435661765","60","TabPFN-v2p5 🇩🇪","2","all","","n305","BIN_TEXT_KICKSTARTER_FUNDING","2026-04-11T19:47:21.000Z"
"tabpfnv2_BIN_TEXT_KICKSTARTER_FUNDING_2","0.7466291360294117","60","TabPFN-v2 🤯","2","all","","n309","BIN_TEXT_KICKSTARTER_FUNDING","2026-04-11T19:42:06.000Z"
"tabm_BIN_TEXT_KICKSTARTER_FUNDING_2","0.7572173713235294","60","TabM Ⓜ️","2","all","","n306","BIN_TEXT_KICKSTARTER_FUNDING","2026-04-11T19:39:03.000Z"
"cat_BIN_TEXT_KICKSTARTER_FUNDING_2","0.7505342371323529","60","CatBoost 😸","2","all","","n306","BIN_TEXT_KICKSTARTER_FUNDING","2026-04-11T19:35:52.000Z"
"light_BIN_TEXT_KICKSTARTER_FUNDING_2","0.73564453125","60","LightGBM 💡","2","all","","n309","BIN_TEXT_KICKSTARTER_FUNDING","2026-04-11T19:33:43.000Z"
"tabpfnv2p5_BIN_TEXT_KICKSTARTER_FUNDING_1","0.7406801470588236","60","TabPFN-v2p5 🇩🇪","1","all","","n309","BIN_TEXT_KICKSTARTER_FUNDING","2026-04-11T19:29:54.000Z"
"tabpfnv2_BIN_TEXT_KICKSTARTER_FUNDING_1","0.727421875","60","TabPFN-v2 🤯","1","all","","n305","BIN_TEXT_KICKSTARTER_FUNDING","2026-04-11T19:28:11.000Z"
"tabm_BIN_TEXT_KICKSTARTER_FUNDING_1","0.7420490579044118","60","TabM Ⓜ️","1","all","","n306","BIN_TEXT_KICKSTARTER_FUNDING","2026-04-11T19:24:00.000Z"
"cat_BIN_TEXT_KICKSTARTER_FUNDING_1","0.7216659007352941","60","CatBoost 😸","1","all","","n306","BIN_TEXT_KICKSTARTER_FUNDING","2026-04-11T19:17:44.000Z"
"light_BIN_TEXT_KICKSTARTER_FUNDING_1","0.7148357077205882","60","LightGBM 💡","1","all","","n305","BIN_TEXT_KICKSTARTER_FUNDING","2026-04-11T19:12:55.000Z"
"tabpfnv2p5_BIN_TEXT_KICKSTARTER_FUNDING_0","0.7493887867647059","60","TabPFN-v2p5 🇩🇪","0","all","","n306","BIN_TEXT_KICKSTARTER_FUNDING","2026-04-11T19:11:11.000Z"
"tabpfnv2_BIN_TEXT_KICKSTARTER_FUNDING_0","0.7260500919117647","60","TabPFN-v2 🤯","0","all","","n307","BIN_TEXT_KICKSTARTER_FUNDING","2026-04-11T19:07:16.000Z"
"tabm_BIN_TEXT_KICKSTARTER_FUNDING_0","0.7507686121323529","60","TabM Ⓜ️","0","all","","n305","BIN_TEXT_KICKSTARTER_FUNDING","2026-04-11T19:06:13.000Z"
"cat_BIN_TEXT_KICKSTARTER_FUNDING_0","0.7261695772058824","60","CatBoost 😸","0","all","","n309","BIN_TEXT_KICKSTARTER_FUNDING","2026-04-11T18:59:46.000Z"
"light_BIN_TEXT_KICKSTARTER_FUNDING_0","0.7178147977941176","60","LightGBM 💡","0","all","","n309","BIN_TEXT_KICKSTARTER_FUNDING","2026-04-11T18:57:13.000Z"
"tabpfnv2p5_BIN_TEXT_JIGSAW_TOXICITY_4","0.8743736797080954","60","TabPFN-v2p5 🇩🇪","4","all","","n309","BIN_TEXT_JIGSAW_TOXICITY","2026-04-11T18:54:15.000Z"
"tabpfnv2_BIN_TEXT_JIGSAW_TOXICITY_4","0.8636542188236527","60","TabPFN-v2 🤯","4","all","","n306","BIN_TEXT_JIGSAW_TOXICITY","2026-04-11T18:52:31.000Z"
"tabm_BIN_TEXT_JIGSAW_TOXICITY_4","0.8673248485483336","60","TabM Ⓜ️","4","all","","n306","BIN_TEXT_JIGSAW_TOXICITY","2026-04-11T18:50:38.000Z"
"cat_BIN_TEXT_JIGSAW_TOXICITY_4","0.8459470311981704","60","CatBoost 😸","4","all","","n307","BIN_TEXT_JIGSAW_TOXICITY","2026-04-11T18:48:41.000Z"
"light_BIN_TEXT_JIGSAW_TOXICITY_4","0.8417351909076625","60","LightGBM 💡","4","all","","n307","BIN_TEXT_JIGSAW_TOXICITY","2026-04-11T18:46:03.000Z"
"tabpfnv2p5_BIN_TEXT_JIGSAW_TOXICITY_3","0.8437101730127969","60","TabPFN-v2p5 🇩🇪","3","all","","n309","BIN_TEXT_JIGSAW_TOXICITY","2026-04-11T18:39:56.000Z"
"tabpfnv2_BIN_TEXT_JIGSAW_TOXICITY_3","0.8272861781804851","60","TabPFN-v2 🤯","3","all","","n309","BIN_TEXT_JIGSAW_TOXICITY","2026-04-11T18:36:42.000Z"
"tabm_BIN_TEXT_JIGSAW_TOXICITY_3","0.8433326349971194","60","TabM Ⓜ️","3","all","","n306","BIN_TEXT_JIGSAW_TOXICITY","2026-04-11T18:35:07.000Z"
"cat_BIN_TEXT_JIGSAW_TOXICITY_3","0.8133216362017494","60","CatBoost 😸","3","all","","n306","BIN_TEXT_JIGSAW_TOXICITY","2026-04-11T18:32:45.000Z"
"light_BIN_TEXT_JIGSAW_TOXICITY_3","0.8080928437996473","60","LightGBM 💡","3","all","","n309","BIN_TEXT_JIGSAW_TOXICITY","2026-04-11T18:30:52.000Z"
"tabpfnv2p5_BIN_TEXT_JIGSAW_TOXICITY_2","0.8519308996316277","60","TabPFN-v2p5 🇩🇪","2","all","","n305","BIN_TEXT_JIGSAW_TOXICITY","2026-04-11T18:29:04.000Z"
"tabpfnv2_BIN_TEXT_JIGSAW_TOXICITY_2","0.8454843834564151","60","TabPFN-v2 🤯","2","all","","n306","BIN_TEXT_JIGSAW_TOXICITY","2026-04-11T18:26:04.000Z"
"tabm_BIN_TEXT_JIGSAW_TOXICITY_2","0.8471865779779675","60","TabM Ⓜ️","2","all","","n305","BIN_TEXT_JIGSAW_TOXICITY","2026-04-11T18:23:26.000Z"
"cat_BIN_TEXT_JIGSAW_TOXICITY_2","0.8299289442902286","60","CatBoost 😸","2","all","","n306","BIN_TEXT_JIGSAW_TOXICITY","2026-04-11T18:20:50.000Z"
"light_BIN_TEXT_JIGSAW_TOXICITY_2","0.8129942911014509","60","LightGBM 💡","2","all","","n305","BIN_TEXT_JIGSAW_TOXICITY","2026-04-11T18:18:17.000Z"
"tabpfnv2p5_BIN_TEXT_JIGSAW_TOXICITY_1","0.8545867595453831","60","TabPFN-v2p5 🇩🇪","1","all","","n305","BIN_TEXT_JIGSAW_TOXICITY","2026-04-11T18:15:14.000Z"
"tabpfnv2_BIN_TEXT_JIGSAW_TOXICITY_1","0.8243269784737861","60","TabPFN-v2 🤯","1","all","","n305","BIN_TEXT_JIGSAW_TOXICITY","2026-04-11T18:13:37.000Z"
"tabm_BIN_TEXT_JIGSAW_TOXICITY_1","0.836292533040032","60","TabM Ⓜ️","1","all","","n305","BIN_TEXT_JIGSAW_TOXICITY","2026-04-11T18:11:36.000Z"
"cat_BIN_TEXT_JIGSAW_TOXICITY_1","0.8147663192444002","60","CatBoost 😸","1","all","","n305","BIN_TEXT_JIGSAW_TOXICITY","2026-04-11T18:09:09.000Z"
"light_BIN_TEXT_JIGSAW_TOXICITY_1","0.8046840901552053","60","LightGBM 💡","1","all","","n305","BIN_TEXT_JIGSAW_TOXICITY","2026-04-11T18:06:32.000Z"
"tabpfnv2p5_BIN_TEXT_JIGSAW_TOXICITY_0","0.809354213586131","60","TabPFN-v2p5 🇩🇪","0","all","","n309","BIN_TEXT_JIGSAW_TOXICITY","2026-04-11T18:05:47.000Z"
"tabpfnv2_BIN_TEXT_JIGSAW_TOXICITY_0","0.7889387908308456","60","TabPFN-v2 🤯","0","all","","n305","BIN_TEXT_JIGSAW_TOXICITY","2026-04-11T18:03:18.000Z"
"tabm_BIN_TEXT_JIGSAW_TOXICITY_0","0.8114710452347283","60","TabM Ⓜ️","0","all","","n305","BIN_TEXT_JIGSAW_TOXICITY","2026-04-11T18:00:00.000Z"
"cat_BIN_TEXT_JIGSAW_TOXICITY_0","0.786562265402678","60","CatBoost 😸","0","all","","n309","BIN_TEXT_JIGSAW_TOXICITY","2026-04-11T17:57:13.000Z"
"light_BIN_TEXT_JIGSAW_TOXICITY_0","0.7535135040765377","60","LightGBM 💡","0","all","","n309","BIN_TEXT_JIGSAW_TOXICITY","2026-04-11T17:50:50.000Z"
"tabpfnv2p5_BIN_TEXT_FAKE_JOB_POSTING_4","0.9280207354323308","60","TabPFN-v2p5 🇩🇪","4","all","","n309","BIN_TEXT_FAKE_JOB_POSTING","2026-04-11T17:46:08.000Z"
"tabpfnv2_BIN_TEXT_FAKE_JOB_POSTING_4","0.8739793820488723","60","TabPFN-v2 🤯","4","all","","n305","BIN_TEXT_FAKE_JOB_POSTING","2026-04-11T17:42:14.000Z"
"tabm_BIN_TEXT_FAKE_JOB_POSTING_4","0.9251791588345863","60","TabM Ⓜ️","4","all","","n309","BIN_TEXT_FAKE_JOB_POSTING","2026-04-11T17:40:42.000Z"
"cat_BIN_TEXT_FAKE_JOB_POSTING_4","0.8974829652255638","60","CatBoost 😸","4","all","","n305","BIN_TEXT_FAKE_JOB_POSTING","2026-04-11T17:36:29.000Z"
"light_BIN_TEXT_FAKE_JOB_POSTING_4","0.906514332706767","60","LightGBM 💡","4","all","","n309","BIN_TEXT_FAKE_JOB_POSTING","2026-04-11T17:35:18.000Z"
"tabpfnv2p5_BIN_TEXT_FAKE_JOB_POSTING_3","0.9624794407894736","60","TabPFN-v2p5 🇩🇪","3","all","","n306","BIN_TEXT_FAKE_JOB_POSTING","2026-04-11T17:31:49.000Z"
"tabpfnv2_BIN_TEXT_FAKE_JOB_POSTING_3","0.8995021734022557","60","TabPFN-v2 🤯","3","all","","n309","BIN_TEXT_FAKE_JOB_POSTING","2026-04-11T17:27:40.000Z"
"tabm_BIN_TEXT_FAKE_JOB_POSTING_3","0.9565025845864662","60","TabM Ⓜ️","3","all","","n309","BIN_TEXT_FAKE_JOB_POSTING","2026-04-11T17:23:40.000Z"
"cat_BIN_TEXT_FAKE_JOB_POSTING_3","0.9353119125939848","60","CatBoost 😸","3","all","","n309","BIN_TEXT_FAKE_JOB_POSTING","2026-04-11T17:19:18.000Z"
"light_BIN_TEXT_FAKE_JOB_POSTING_3","0.91843867481203","60","LightGBM 💡","3","all","","n306","BIN_TEXT_FAKE_JOB_POSTING","2026-04-11T17:16:49.000Z"
"tabpfnv2p5_BIN_TEXT_FAKE_JOB_POSTING_0","0.9462156367481204","60","TabPFN-v2p5 🇩🇪","0","all","","n309","BIN_TEXT_FAKE_JOB_POSTING","2026-04-11T17:11:37.000Z"
"tabpfnv2p5_BIN_TEXT_FAKE_JOB_POSTING_2","0.9630595042293232","60","TabPFN-v2p5 🇩🇪","2","all","","n305","BIN_TEXT_FAKE_JOB_POSTING","2026-04-11T17:08:02.000Z"
"tabpfnv2_BIN_TEXT_FAKE_JOB_POSTING_2","0.9293864544172932","60","TabPFN-v2 🤯","2","all","","n305","BIN_TEXT_FAKE_JOB_POSTING","2026-04-11T17:03:30.000Z"
"tabm_BIN_TEXT_FAKE_JOB_POSTING_2","0.9441817434210524","60","TabM Ⓜ️","2","all","","n305","BIN_TEXT_FAKE_JOB_POSTING","2026-04-11T17:01:02.000Z"
"cat_BIN_TEXT_FAKE_JOB_POSTING_2","0.9230791823308272","60","CatBoost 😸","2","all","","n305","BIN_TEXT_FAKE_JOB_POSTING","2026-04-11T16:56:45.000Z"
"light_BIN_TEXT_FAKE_JOB_POSTING_2","0.947001292293233","60","LightGBM 💡","2","all","","n309","BIN_TEXT_FAKE_JOB_POSTING","2026-04-11T16:48:46.000Z"
"tabpfnv2p5_BIN_TEXT_FAKE_JOB_POSTING_1","0.9421698778195488","60","TabPFN-v2p5 🇩🇪","1","all","","n305","BIN_TEXT_FAKE_JOB_POSTING","2026-04-11T16:44:17.000Z"
"tabpfnv2_BIN_TEXT_FAKE_JOB_POSTING_1","0.898452185150376","60","TabPFN-v2 🤯","1","all","","n309","BIN_TEXT_FAKE_JOB_POSTING","2026-04-11T16:42:42.000Z"
"tabm_BIN_TEXT_FAKE_JOB_POSTING_1","0.9161331062030076","60","TabM Ⓜ️","1","all","","n309","BIN_TEXT_FAKE_JOB_POSTING","2026-04-11T16:38:42.000Z"
"cat_BIN_TEXT_FAKE_JOB_POSTING_1","0.8882313204887218","60","CatBoost 😸","1","all","","n306","BIN_TEXT_FAKE_JOB_POSTING","2026-04-11T16:36:29.000Z"
"light_BIN_TEXT_FAKE_JOB_POSTING_1","0.9057213345864662","60","LightGBM 💡","1","all","","n309","BIN_TEXT_FAKE_JOB_POSTING","2026-04-11T16:32:55.000Z"
"tabpfnv2_BIN_TEXT_FAKE_JOB_POSTING_0","0.9261557213345866","60","TabPFN-v2 🤯","0","all","","n305","BIN_TEXT_FAKE_JOB_POSTING","2026-04-11T16:24:59.000Z"
"tabm_BIN_TEXT_FAKE_JOB_POSTING_0","0.92429804981203","60","TabM Ⓜ️","0","all","","n305","BIN_TEXT_FAKE_JOB_POSTING","2026-04-11T16:20:37.000Z"
"cat_BIN_TEXT_FAKE_JOB_POSTING_0","0.9056919642857144","60","CatBoost 😸","0","all","","n306","BIN_TEXT_FAKE_JOB_POSTING","2026-04-11T16:16:39.000Z"
"light_BIN_TEXT_FAKE_JOB_POSTING_0","0.9137247415413534","60","LightGBM 💡","0","all","","n306","BIN_TEXT_FAKE_JOB_POSTING","2026-04-11T16:13:28.000Z"
"tabpfnv2p5_REG_IMAGE_PAINTING_PRICE_4","0.34896072722606464","60","TabPFN-v2p5 🇩🇪","4","all","","n309","REG_IMAGE_PAINTING_PRICE","2026-04-11T16:08:42.000Z"
"tabpfnv2_REG_IMAGE_PAINTING_PRICE_4","0.2918759225433861","60","TabPFN-v2 🤯","4","all","","n309","REG_IMAGE_PAINTING_PRICE","2026-04-11T16:03:09.000Z"
"tabm_REG_IMAGE_PAINTING_PRICE_4","0.3758234765916979","60","TabM Ⓜ️","4","all","","n305","REG_IMAGE_PAINTING_PRICE","2026-04-11T15:58:48.000Z"
"cat_REG_IMAGE_PAINTING_PRICE_4","0.34500693024336426","60","CatBoost 😸","4","all","","n309","REG_IMAGE_PAINTING_PRICE","2026-04-11T15:51:39.000Z"
"light_REG_IMAGE_PAINTING_PRICE_4","0.3347307640088236","60","LightGBM 💡","4","all","","n309","REG_IMAGE_PAINTING_PRICE","2026-04-11T15:46:43.000Z"
"tabpfnv2p5_REG_IMAGE_PAINTING_PRICE_3","0.2841445318150273","60","TabPFN-v2p5 🇩🇪","3","all","","n305","REG_IMAGE_PAINTING_PRICE","2026-04-11T15:41:48.000Z"
"tabpfnv2_REG_IMAGE_PAINTING_PRICE_3","0.17463702581566942","60","TabPFN-v2 🤯","3","all","","n309","REG_IMAGE_PAINTING_PRICE","2026-04-11T15:35:22.000Z"
"tabm_REG_IMAGE_PAINTING_PRICE_3","0.23207268698465588","60","TabM Ⓜ️","3","all","","n305","REG_IMAGE_PAINTING_PRICE","2026-04-11T15:27:03.000Z"
"cat_REG_IMAGE_PAINTING_PRICE_3","0.21300212367501403","60","CatBoost 😸","3","all","","n305","REG_IMAGE_PAINTING_PRICE","2026-04-11T15:23:24.000Z"
"light_REG_IMAGE_PAINTING_PRICE_3","0.20457435887947503","60","LightGBM 💡","3","all","","n309","REG_IMAGE_PAINTING_PRICE","2026-04-11T15:18:34.000Z"
"tabpfnv2p5_REG_IMAGE_PAINTING_PRICE_2","0.296409695186872","60","TabPFN-v2p5 🇩🇪","2","all","","n305","REG_IMAGE_PAINTING_PRICE","2026-04-11T15:13:45.000Z"
"tabpfnv2_REG_IMAGE_PAINTING_PRICE_2","0.28258213418322387","60","TabPFN-v2 🤯","2","all","","n305","REG_IMAGE_PAINTING_PRICE","2026-04-11T15:06:35.000Z"
"tabm_REG_IMAGE_PAINTING_PRICE_2","0.2788917609129824","60","TabM Ⓜ️","2","all","","n309","REG_IMAGE_PAINTING_PRICE","2026-04-11T15:00:21.000Z"
"cat_REG_IMAGE_PAINTING_PRICE_2","0.2609500198853397","60","CatBoost 😸","2","all","","n305","REG_IMAGE_PAINTING_PRICE","2026-04-11T14:56:48.000Z"
"light_REG_IMAGE_PAINTING_PRICE_2","0.235169194019483","60","LightGBM 💡","2","all","","n306","REG_IMAGE_PAINTING_PRICE","2026-04-11T14:51:44.000Z"
"tabpfnv2p5_REG_IMAGE_PAINTING_PRICE_1","0.3536977811544877","60","TabPFN-v2p5 🇩🇪","1","all","","n305","REG_IMAGE_PAINTING_PRICE","2026-04-11T14:47:38.000Z"
"tabpfnv2_REG_IMAGE_PAINTING_PRICE_1","0.2558506809559794","60","TabPFN-v2 🤯","1","all","","n309","REG_IMAGE_PAINTING_PRICE","2026-04-11T14:39:06.000Z"
"tabm_REG_IMAGE_PAINTING_PRICE_1","0.31613440501500734","60","TabM Ⓜ️","1","all","","n306","REG_IMAGE_PAINTING_PRICE","2026-04-11T14:35:13.000Z"
"cat_REG_IMAGE_PAINTING_PRICE_1","0.26047753810590435","60","CatBoost 😸","1","all","","n306","REG_IMAGE_PAINTING_PRICE","2026-04-11T14:30:39.000Z"
"light_REG_IMAGE_PAINTING_PRICE_1","0.2494698559542491","60","LightGBM 💡","1","all","","n305","REG_IMAGE_PAINTING_PRICE","2026-04-11T14:24:11.000Z"
"tabpfnv2p5_REG_IMAGE_PAINTING_PRICE_0","0.4267397829891003","60","TabPFN-v2p5 🇩🇪","0","all","","n306","REG_IMAGE_PAINTING_PRICE","2026-04-11T14:19:32.000Z"
"tabpfnv2_REG_IMAGE_PAINTING_PRICE_0","0.3907829752977709","60","TabPFN-v2 🤯","0","all","","n309","REG_IMAGE_PAINTING_PRICE","2026-04-11T14:09:39.000Z"
"tabm_REG_IMAGE_PAINTING_PRICE_0","0.4286891956791379","60","TabM Ⓜ️","0","all","","n305","REG_IMAGE_PAINTING_PRICE","2026-04-11T14:07:13.000Z"
"cat_REG_IMAGE_PAINTING_PRICE_0","0.3742809942633837","60","CatBoost 😸","0","all","","n309","REG_IMAGE_PAINTING_PRICE","2026-04-11T14:04:54.000Z"
"light_REG_IMAGE_PAINTING_PRICE_0","0.26296671294531826","60","LightGBM 💡","0","all","","n305","REG_IMAGE_PAINTING_PRICE","2026-04-11T14:03:14.000Z"
"tabpfnv2p5_REG_IMAGE_MKPHOTO_BOTS_4","0.4220625711292374","60","TabPFN-v2p5 🇩🇪","4","all","","n306","REG_IMAGE_MKPHOTO_BOTS","2026-04-11T14:02:06.000Z"
"tabpfnv2_REG_IMAGE_MKPHOTO_BOTS_4","0.3640907673377364","60","TabPFN-v2 🤯","4","all","","n305","REG_IMAGE_MKPHOTO_BOTS","2026-04-11T14:00:15.000Z"
"tabm_REG_IMAGE_MKPHOTO_BOTS_4","0.4182254832723946","60","TabM Ⓜ️","4","all","","n305","REG_IMAGE_MKPHOTO_BOTS","2026-04-11T13:57:25.000Z"
"cat_REG_IMAGE_MKPHOTO_BOTS_4","0.35567950084058175","60","CatBoost 😸","4","all","","n305","REG_IMAGE_MKPHOTO_BOTS","2026-04-11T13:55:49.000Z"
"light_REG_IMAGE_MKPHOTO_BOTS_4","0.35914716110107603","60","LightGBM 💡","4","all","","n305","REG_IMAGE_MKPHOTO_BOTS","2026-04-11T13:54:35.000Z"
"tabpfnv2p5_REG_IMAGE_MKPHOTO_BOTS_3","0.35769628026238376","60","TabPFN-v2p5 🇩🇪","3","all","","n305","REG_IMAGE_MKPHOTO_BOTS","2026-04-11T13:50:56.000Z"
"tabpfnv2_REG_IMAGE_MKPHOTO_BOTS_3","0.28645783941707614","60","TabPFN-v2 🤯","3","all","","n306","REG_IMAGE_MKPHOTO_BOTS","2026-04-11T13:48:56.000Z"
"tabm_REG_IMAGE_MKPHOTO_BOTS_3","0.402981664509262","60","TabM Ⓜ️","3","all","","n306","REG_IMAGE_MKPHOTO_BOTS","2026-04-11T13:48:28.000Z"
"cat_REG_IMAGE_MKPHOTO_BOTS_3","0.368327678987839","60","CatBoost 😸","3","all","","n306","REG_IMAGE_MKPHOTO_BOTS","2026-04-11T13:47:02.000Z"
"light_REG_IMAGE_MKPHOTO_BOTS_3","0.33775278380115237","60","LightGBM 💡","3","all","","n306","REG_IMAGE_MKPHOTO_BOTS","2026-04-11T13:44:54.000Z"
"tabpfnv2p5_REG_IMAGE_MKPHOTO_BOTS_2","0.37245831039829846","60","TabPFN-v2p5 🇩🇪","2","all","","n307","REG_IMAGE_MKPHOTO_BOTS","2026-04-11T13:44:24.000Z"
"tabpfnv2_REG_IMAGE_MKPHOTO_BOTS_2","0.30992343620164886","60","TabPFN-v2 🤯","2","all","","n306","REG_IMAGE_MKPHOTO_BOTS","2026-04-11T13:42:14.000Z"
"tabm_REG_IMAGE_MKPHOTO_BOTS_2","0.3594670489053511","60","TabM Ⓜ️","2","all","","n305","REG_IMAGE_MKPHOTO_BOTS","2026-04-11T13:40:41.000Z"
"cat_REG_IMAGE_MKPHOTO_BOTS_2","0.34437706154798176","60","CatBoost 😸","2","all","","n309","REG_IMAGE_MKPHOTO_BOTS","2026-04-11T13:39:33.000Z"
"light_REG_IMAGE_MKPHOTO_BOTS_2","0.2892566816991847","60","LightGBM 💡","2","all","","n305","REG_IMAGE_MKPHOTO_BOTS","2026-04-11T13:37:31.000Z"
"tabpfnv2p5_REG_IMAGE_MKPHOTO_BOTS_1","0.3776821552394516","60","TabPFN-v2p5 🇩🇪","1","all","","n305","REG_IMAGE_MKPHOTO_BOTS","2026-04-11T13:36:39.000Z"
"tabpfnv2_REG_IMAGE_MKPHOTO_BOTS_1","0.3361467315381015","60","TabPFN-v2 🤯","1","all","","n307","REG_IMAGE_MKPHOTO_BOTS","2026-04-11T13:35:33.000Z"
"tabm_REG_IMAGE_MKPHOTO_BOTS_1","0.34871776121067466","60","TabM Ⓜ️","1","all","","n306","REG_IMAGE_MKPHOTO_BOTS","2026-04-11T13:32:48.000Z"
"cat_REG_IMAGE_MKPHOTO_BOTS_1","0.34127960544140146","60","CatBoost 😸","1","all","","n306","REG_IMAGE_MKPHOTO_BOTS","2026-04-11T13:31:49.000Z"
"light_REG_IMAGE_MKPHOTO_BOTS_1","0.3016255646311331","60","LightGBM 💡","1","all","","n309","REG_IMAGE_MKPHOTO_BOTS","2026-04-11T13:29:16.000Z"
"tabpfnv2p5_REG_IMAGE_MKPHOTO_BOTS_0","0.3424448943780476","60","TabPFN-v2p5 🇩🇪","0","all","","n306","REG_IMAGE_MKPHOTO_BOTS","2026-04-11T13:28:11.000Z"
"tabpfnv2_REG_IMAGE_MKPHOTO_BOTS_0","0.2758914191837226","60","TabPFN-v2 🤯","0","all","","n306","REG_IMAGE_MKPHOTO_BOTS","2026-04-11T13:26:50.000Z"
"tabm_REG_IMAGE_MKPHOTO_BOTS_0","0.2881596198001112","60","TabM Ⓜ️","0","all","","n305","REG_IMAGE_MKPHOTO_BOTS","2026-04-11T13:25:25.000Z"
"cat_REG_IMAGE_MKPHOTO_BOTS_0","0.2968277464613418","60","CatBoost 😸","0","all","","n309","REG_IMAGE_MKPHOTO_BOTS","2026-04-11T13:25:00.000Z"
"light_REG_IMAGE_MKPHOTO_BOTS_0","0.3052316272709539","60","LightGBM 💡","0","all","","n309","REG_IMAGE_MKPHOTO_BOTS","2026-04-11T13:24:12.000Z"
"tabpfnv2p5_REG_IMAGE_MANGO_MASS_4","0.6469586597342838","60","TabPFN-v2p5 🇩🇪","4","all","","n309","REG_IMAGE_MANGO_MASS","2026-04-11T13:23:53.000Z"
"tabpfnv2_REG_IMAGE_MANGO_MASS_4","0.6222705204840633","60","TabPFN-v2 🤯","4","all","","n306","REG_IMAGE_MANGO_MASS","2026-04-11T13:23:42.000Z"
"tabm_REG_IMAGE_MANGO_MASS_4","0.674811134729951","60","TabM Ⓜ️","4","all","","n309","REG_IMAGE_MANGO_MASS","2026-04-11T13:23:22.000Z"
"cat_REG_IMAGE_MANGO_MASS_4","0.5089501139844251","60","CatBoost 😸","4","all","","n309","REG_IMAGE_MANGO_MASS","2026-04-11T13:22:28.000Z"
"light_REG_IMAGE_MANGO_MASS_4","0.5505168899754205","60","LightGBM 💡","4","all","","n306","REG_IMAGE_MANGO_MASS","2026-04-11T13:22:01.000Z"
"tabpfnv2p5_REG_IMAGE_MANGO_MASS_3","0.6643806219418655","60","TabPFN-v2p5 🇩🇪","3","all","","n306","REG_IMAGE_MANGO_MASS","2026-04-11T13:21:39.000Z"
"tabpfnv2_REG_IMAGE_MANGO_MASS_3","0.6373030717148","60","TabPFN-v2 🤯","3","all","","n305","REG_IMAGE_MANGO_MASS","2026-04-11T13:21:28.000Z"
"tabm_REG_IMAGE_MANGO_MASS_3","0.6116767771647256","60","TabM Ⓜ️","3","all","","n306","REG_IMAGE_MANGO_MASS","2026-04-11T13:20:59.000Z"
"cat_REG_IMAGE_MANGO_MASS_3","0.5091784956429741","60","CatBoost 😸","3","all","","n305","REG_IMAGE_MANGO_MASS","2026-04-11T13:20:41.000Z"
"light_REG_IMAGE_MANGO_MASS_3","0.5175972292919973","60","LightGBM 💡","3","all","","n306","REG_IMAGE_MANGO_MASS","2026-04-11T13:20:25.000Z"
"tabpfnv2p5_REG_IMAGE_MANGO_MASS_2","0.6864245445328273","60","TabPFN-v2p5 🇩🇪","2","all","","n305","REG_IMAGE_MANGO_MASS","2026-04-11T13:20:12.000Z"
"tabpfnv2_REG_IMAGE_MANGO_MASS_2","0.6763639589612971","60","TabPFN-v2 🤯","2","all","","n306","REG_IMAGE_MANGO_MASS","2026-04-11T13:19:48.000Z"
"tabm_REG_IMAGE_MANGO_MASS_2","0.6879313842990362","60","TabM Ⓜ️","2","all","","n309","REG_IMAGE_MANGO_MASS","2026-04-11T13:19:22.000Z"
"cat_REG_IMAGE_MANGO_MASS_2","0.6028568340832445","60","CatBoost 😸","2","all","","n306","REG_IMAGE_MANGO_MASS","2026-04-11T13:18:55.000Z"
"light_REG_IMAGE_MANGO_MASS_2","0.5851643259233121","60","LightGBM 💡","2","all","","n305","REG_IMAGE_MANGO_MASS","2026-04-11T13:18:25.000Z"
"tabpfnv2p5_REG_IMAGE_MANGO_MASS_1","0.6985879156020209","60","TabPFN-v2p5 🇩🇪","1","all","","n307","REG_IMAGE_MANGO_MASS","2026-04-11T13:18:15.000Z"
"tabpfnv2_REG_IMAGE_MANGO_MASS_1","0.7067362501657543","60","TabPFN-v2 🤯","1","all","","n306","REG_IMAGE_MANGO_MASS","2026-04-11T13:17:41.000Z"
"tabm_REG_IMAGE_MANGO_MASS_1","0.7209043033977087","60","TabM Ⓜ️","1","all","","n306","REG_IMAGE_MANGO_MASS","2026-04-11T13:17:04.000Z"
"cat_REG_IMAGE_MANGO_MASS_1","0.5518697151950427","60","CatBoost 😸","1","all","","n306","REG_IMAGE_MANGO_MASS","2026-04-11T13:16:43.000Z"
"light_REG_IMAGE_MANGO_MASS_1","0.5452343925868706","60","LightGBM 💡","1","all","","n306","REG_IMAGE_MANGO_MASS","2026-04-11T13:16:06.000Z"
"tabpfnv2p5_REG_IMAGE_MANGO_MASS_0","0.6512509482009977","60","TabPFN-v2p5 🇩🇪","0","all","","n305","REG_IMAGE_MANGO_MASS","2026-04-11T13:15:21.000Z"
"tabpfnv2_REG_IMAGE_MANGO_MASS_0","0.5742810728277313","60","TabPFN-v2 🤯","0","all","","n309","REG_IMAGE_MANGO_MASS","2026-04-11T13:14:41.000Z"
"tabm_REG_IMAGE_MANGO_MASS_0","0.6054291250118105","60","TabM Ⓜ️","0","all","","n309","REG_IMAGE_MANGO_MASS","2026-04-11T13:14:04.000Z"
"cat_REG_IMAGE_MANGO_MASS_0","0.4933040759498196","60","CatBoost 😸","0","all","","n309","REG_IMAGE_MANGO_MASS","2026-04-11T13:12:39.000Z"
"light_REG_IMAGE_MANGO_MASS_0","0.4147833984696968","60","LightGBM 💡","0","all","","n305","REG_IMAGE_MANGO_MASS","2026-04-11T13:10:31.000Z"
"tabpfnv2p5_REG_IMAGE_LETTERBOXD_MOVIES_4","0.48986497864782896","60","TabPFN-v2p5 🇩🇪","4","all","","n307","REG_IMAGE_LETTERBOXD_MOVIES","2026-04-11T13:09:11.000Z"
"tabpfnv2_REG_IMAGE_LETTERBOXD_MOVIES_4","0.4751789083739014","60","TabPFN-v2 🤯","4","all","","n305","REG_IMAGE_LETTERBOXD_MOVIES","2026-04-11T13:07:31.000Z"
"tabm_REG_IMAGE_LETTERBOXD_MOVIES_4","0.4773142361569158","60","TabM Ⓜ️","4","all","","n306","REG_IMAGE_LETTERBOXD_MOVIES","2026-04-11T13:03:44.000Z"
"cat_REG_IMAGE_LETTERBOXD_MOVIES_4","0.4505787773154441","60","CatBoost 😸","4","all","","n309","REG_IMAGE_LETTERBOXD_MOVIES","2026-04-11T13:01:25.000Z"
"light_REG_IMAGE_LETTERBOXD_MOVIES_4","0.4297040189890923","60","LightGBM 💡","4","all","","n305","REG_IMAGE_LETTERBOXD_MOVIES","2026-04-11T13:00:02.000Z"
"tabpfnv2p5_REG_IMAGE_LETTERBOXD_MOVIES_3","0.512993975427819","60","TabPFN-v2p5 🇩🇪","3","all","","n306","REG_IMAGE_LETTERBOXD_MOVIES","2026-04-11T12:59:16.000Z"
"tabpfnv2_REG_IMAGE_LETTERBOXD_MOVIES_3","0.5057963422230027","60","TabPFN-v2 🤯","3","all","","n305","REG_IMAGE_LETTERBOXD_MOVIES","2026-04-11T12:55:38.000Z"
"tabm_REG_IMAGE_LETTERBOXD_MOVIES_3","0.5108342093073552","60","TabM Ⓜ️","3","all","","n306","REG_IMAGE_LETTERBOXD_MOVIES","2026-04-11T12:54:01.000Z"
"cat_REG_IMAGE_LETTERBOXD_MOVIES_3","0.4783023556876551","60","CatBoost 😸","3","all","","n307","REG_IMAGE_LETTERBOXD_MOVIES","2026-04-11T12:52:06.000Z"
"light_REG_IMAGE_LETTERBOXD_MOVIES_3","0.46070779344788","60","LightGBM 💡","3","all","","n306","REG_IMAGE_LETTERBOXD_MOVIES","2026-04-11T12:49:53.000Z"
"tabpfnv2p5_REG_IMAGE_LETTERBOXD_MOVIES_2","0.45251447630854047","60","TabPFN-v2p5 🇩🇪","2","all","","n309","REG_IMAGE_LETTERBOXD_MOVIES","2026-04-11T12:47:45.000Z"
"tabpfnv2_REG_IMAGE_LETTERBOXD_MOVIES_2","0.4375186338683488","60","TabPFN-v2 🤯","2","all","","n305","REG_IMAGE_LETTERBOXD_MOVIES","2026-04-11T12:45:54.000Z"
"tabm_REG_IMAGE_LETTERBOXD_MOVIES_2","0.4434365946209487","60","TabM Ⓜ️","2","all","","n306","REG_IMAGE_LETTERBOXD_MOVIES","2026-04-11T12:43:51.000Z"
"cat_REG_IMAGE_LETTERBOXD_MOVIES_2","0.422354384713709","60","CatBoost 😸","2","all","","n306","REG_IMAGE_LETTERBOXD_MOVIES","2026-04-11T12:42:50.000Z"
"light_REG_IMAGE_LETTERBOXD_MOVIES_2","0.4082536900481466","60","LightGBM 💡","2","all","","n305","REG_IMAGE_LETTERBOXD_MOVIES","2026-04-11T12:40:09.000Z"
"tabpfnv2p5_REG_IMAGE_LETTERBOXD_MOVIES_1","0.4472906991209955","60","TabPFN-v2p5 🇩🇪","1","all","","n306","REG_IMAGE_LETTERBOXD_MOVIES","2026-04-11T12:38:36.000Z"
"tabpfnv2_REG_IMAGE_LETTERBOXD_MOVIES_1","0.4273138852003686","60","TabPFN-v2 🤯","1","all","","n305","REG_IMAGE_LETTERBOXD_MOVIES","2026-04-11T12:36:15.000Z"
"tabm_REG_IMAGE_LETTERBOXD_MOVIES_1","0.4439535476037122","60","TabM Ⓜ️","1","all","","n307","REG_IMAGE_LETTERBOXD_MOVIES","2026-04-11T12:32:16.000Z"
"cat_REG_IMAGE_LETTERBOXD_MOVIES_1","0.4139399385696183","60","CatBoost 😸","1","all","","n307","REG_IMAGE_LETTERBOXD_MOVIES","2026-04-11T12:31:41.000Z"
"light_REG_IMAGE_LETTERBOXD_MOVIES_1","0.4196460656338098","60","LightGBM 💡","1","all","","n305","REG_IMAGE_LETTERBOXD_MOVIES","2026-04-11T12:30:29.000Z"
"tabpfnv2p5_REG_IMAGE_LETTERBOXD_MOVIES_0","0.5120279344014692","60","TabPFN-v2p5 🇩🇪","0","all","","n307","REG_IMAGE_LETTERBOXD_MOVIES","2026-04-11T12:28:54.000Z"
"tabpfnv2_REG_IMAGE_LETTERBOXD_MOVIES_0","0.4992922281397505","60","TabPFN-v2 🤯","0","all","","n307","REG_IMAGE_LETTERBOXD_MOVIES","2026-04-11T12:24:17.000Z"
"tabm_REG_IMAGE_LETTERBOXD_MOVIES_0","0.49847201324173984","60","TabM Ⓜ️","0","all","","n305","REG_IMAGE_LETTERBOXD_MOVIES","2026-04-11T12:22:40.000Z"
"cat_REG_IMAGE_LETTERBOXD_MOVIES_0","0.4558296264919473","60","CatBoost 😸","0","all","","n305","REG_IMAGE_LETTERBOXD_MOVIES","2026-04-11T12:21:47.000Z"
"light_REG_IMAGE_LETTERBOXD_MOVIES_0","0.4622888866414201","60","LightGBM 💡","0","all","","n309","REG_IMAGE_LETTERBOXD_MOVIES","2026-04-11T12:21:07.000Z"
"tabpfnv2p5_REG_IMAGE_KHAADI_CLOTHES_4","-0.6783109903335571","60","TabPFN-v2p5 🇩🇪","4","all","","n305","REG_IMAGE_KHAADI_CLOTHES","2026-04-11T12:20:49.000Z"
"tabpfnv2_REG_IMAGE_KHAADI_CLOTHES_4","0.6154119968414307","60","TabPFN-v2 🤯","4","all","","n306","REG_IMAGE_KHAADI_CLOTHES","2026-04-11T12:19:56.000Z"
"tabm_REG_IMAGE_KHAADI_CLOTHES_4","0.8849063515663147","60","TabM Ⓜ️","4","all","","n305","REG_IMAGE_KHAADI_CLOTHES","2026-04-11T12:19:40.000Z"
"cat_REG_IMAGE_KHAADI_CLOTHES_4","0.6172876457499918","60","CatBoost 😸","4","all","","n306","REG_IMAGE_KHAADI_CLOTHES","2026-04-11T12:18:32.000Z"
"light_REG_IMAGE_KHAADI_CLOTHES_4","0.5815422632235088","60","LightGBM 💡","4","all","","n309","REG_IMAGE_KHAADI_CLOTHES","2026-04-11T12:17:51.000Z"
"tabpfnv2p5_REG_IMAGE_KHAADI_CLOTHES_3","0.5143764019012451","60","TabPFN-v2p5 🇩🇪","3","all","","n306","REG_IMAGE_KHAADI_CLOTHES","2026-04-11T12:17:18.000Z"
"tabpfnv2_REG_IMAGE_KHAADI_CLOTHES_3","0.4123622179031372","60","TabPFN-v2 🤯","3","all","","n307","REG_IMAGE_KHAADI_CLOTHES","2026-04-11T12:16:57.000Z"
"tabm_REG_IMAGE_KHAADI_CLOTHES_3","-0.6731284856796265","60","TabM Ⓜ️","3","all","","n309","REG_IMAGE_KHAADI_CLOTHES","2026-04-11T12:16:38.000Z"
"cat_REG_IMAGE_KHAADI_CLOTHES_3","-1.6214388796813908","60","CatBoost 😸","3","all","","n309","REG_IMAGE_KHAADI_CLOTHES","2026-04-11T12:16:17.000Z"
"light_REG_IMAGE_KHAADI_CLOTHES_3","-0.7297952633691112","60","LightGBM 💡","3","all","","n307","REG_IMAGE_KHAADI_CLOTHES","2026-04-11T12:15:48.000Z"
"tabpfnv2p5_REG_IMAGE_KHAADI_CLOTHES_2","-0.30422651767730713","60","TabPFN-v2p5 🇩🇪","2","all","","n309","REG_IMAGE_KHAADI_CLOTHES","2026-04-11T12:14:42.000Z"
"tabpfnv2_REG_IMAGE_KHAADI_CLOTHES_2","0.4821655750274658","60","TabPFN-v2 🤯","2","all","","n306","REG_IMAGE_KHAADI_CLOTHES","2026-04-11T12:14:10.000Z"
"tabm_REG_IMAGE_KHAADI_CLOTHES_2","0.6421749591827393","60","TabM Ⓜ️","2","all","","n305","REG_IMAGE_KHAADI_CLOTHES","2026-04-11T12:13:38.000Z"
"cat_REG_IMAGE_KHAADI_CLOTHES_2","0.32878962669083955","60","CatBoost 😸","2","all","","n305","REG_IMAGE_KHAADI_CLOTHES","2026-04-11T12:13:09.000Z"
"light_REG_IMAGE_KHAADI_CLOTHES_2","0.12500627247379936","60","LightGBM 💡","2","all","","n306","REG_IMAGE_KHAADI_CLOTHES","2026-04-11T12:12:25.000Z"
"tabpfnv2p5_REG_IMAGE_KHAADI_CLOTHES_1","0.9478324055671692","60","TabPFN-v2p5 🇩🇪","1","all","","n305","REG_IMAGE_KHAADI_CLOTHES","2026-04-11T12:11:55.000Z"
"tabpfnv2_REG_IMAGE_KHAADI_CLOTHES_1","0.8578483462333679","60","TabPFN-v2 🤯","1","all","","n307","REG_IMAGE_KHAADI_CLOTHES","2026-04-11T12:11:32.000Z"
"tabm_REG_IMAGE_KHAADI_CLOTHES_1","0.6574800610542297","60","TabM Ⓜ️","1","all","","n305","REG_IMAGE_KHAADI_CLOTHES","2026-04-11T12:10:53.000Z"
"cat_REG_IMAGE_KHAADI_CLOTHES_1","0.35899311752706686","60","CatBoost 😸","1","all","","n309","REG_IMAGE_KHAADI_CLOTHES","2026-04-11T12:09:40.000Z"
"light_REG_IMAGE_KHAADI_CLOTHES_1","0.40048284638562515","60","LightGBM 💡","1","all","","n306","REG_IMAGE_KHAADI_CLOTHES","2026-04-11T12:09:19.000Z"
"tabpfnv2p5_REG_IMAGE_KHAADI_CLOTHES_0","0.7243515253067017","60","TabPFN-v2p5 🇩🇪","0","all","","n309","REG_IMAGE_KHAADI_CLOTHES","2026-04-11T12:08:33.000Z"
"tabpfnv2_REG_IMAGE_KHAADI_CLOTHES_0","0.7220161557197571","60","TabPFN-v2 🤯","0","all","","n309","REG_IMAGE_KHAADI_CLOTHES","2026-04-11T12:08:08.000Z"
"tabm_REG_IMAGE_KHAADI_CLOTHES_0","0.7793232798576355","60","TabM Ⓜ️","0","all","","n309","REG_IMAGE_KHAADI_CLOTHES","2026-04-11T12:07:00.000Z"
"cat_REG_IMAGE_KHAADI_CLOTHES_0","0.5290262273935347","60","CatBoost 😸","0","all","","n306","REG_IMAGE_KHAADI_CLOTHES","2026-04-11T12:05:31.000Z"
"light_REG_IMAGE_KHAADI_CLOTHES_0","0.6755402186734464","60","LightGBM 💡","0","all","","n305","REG_IMAGE_KHAADI_CLOTHES","2026-04-11T12:04:39.000Z"
"tabpfnv2p5_REG_IMAGE_HNM_FASHION_4","0.32440531878260725","60","TabPFN-v2p5 🇩🇪","4","all","","n305","REG_IMAGE_HNM_FASHION","2026-04-11T12:02:37.000Z"
"tabpfnv2_REG_IMAGE_HNM_FASHION_4","0.2941732548784173","60","TabPFN-v2 🤯","4","all","","n305","REG_IMAGE_HNM_FASHION","2026-04-11T12:00:53.000Z"
"tabm_REG_IMAGE_HNM_FASHION_4","0.3197693139866774","60","TabM Ⓜ️","4","all","","n306","REG_IMAGE_HNM_FASHION","2026-04-11T11:59:20.000Z"
"cat_REG_IMAGE_HNM_FASHION_4","0.2894146144731242","60","CatBoost 😸","4","all","","n306","REG_IMAGE_HNM_FASHION","2026-04-11T11:57:02.000Z"
"light_REG_IMAGE_HNM_FASHION_4","0.2811918823922934","60","LightGBM 💡","4","all","","n305","REG_IMAGE_HNM_FASHION","2026-04-11T11:55:18.000Z"
"tabpfnv2p5_REG_IMAGE_HNM_FASHION_3","0.2926393226912444","60","TabPFN-v2p5 🇩🇪","3","all","","n305","REG_IMAGE_HNM_FASHION","2026-04-11T11:53:04.000Z"
"tabpfnv2_REG_IMAGE_HNM_FASHION_3","0.2647376532476765","60","TabPFN-v2 🤯","3","all","","n307","REG_IMAGE_HNM_FASHION","2026-04-11T11:51:31.000Z"
"tabm_REG_IMAGE_HNM_FASHION_3","0.2804406893592908","60","TabM Ⓜ️","3","all","","n305","REG_IMAGE_HNM_FASHION","2026-04-11T11:49:33.000Z"
"cat_REG_IMAGE_HNM_FASHION_3","0.26060635947605193","60","CatBoost 😸","3","all","","n306","REG_IMAGE_HNM_FASHION","2026-04-11T11:47:28.000Z"
"light_REG_IMAGE_HNM_FASHION_3","0.25409933024013764","60","LightGBM 💡","3","all","","n307","REG_IMAGE_HNM_FASHION","2026-04-11T11:45:52.000Z"
"tabpfnv2p5_REG_IMAGE_HNM_FASHION_2","0.2981673166516333","60","TabPFN-v2p5 🇩🇪","2","all","","n306","REG_IMAGE_HNM_FASHION","2026-04-11T11:43:39.000Z"
"tabpfnv2_REG_IMAGE_HNM_FASHION_2","0.26587925149297664","60","TabPFN-v2 🤯","2","all","","n305","REG_IMAGE_HNM_FASHION","2026-04-11T11:42:13.000Z"
"tabm_REG_IMAGE_HNM_FASHION_2","0.28993542788727833","60","TabM Ⓜ️","2","all","","n307","REG_IMAGE_HNM_FASHION","2026-04-11T11:40:12.000Z"
"cat_REG_IMAGE_HNM_FASHION_2","0.2667720575599598","60","CatBoost 😸","2","all","","n305","REG_IMAGE_HNM_FASHION","2026-04-11T11:39:17.000Z"
"light_REG_IMAGE_HNM_FASHION_2","0.265740473345907","60","LightGBM 💡","2","all","","n305","REG_IMAGE_HNM_FASHION","2026-04-11T11:36:33.000Z"
"tabpfnv2p5_REG_IMAGE_HNM_FASHION_1","0.2913940289178836","60","TabPFN-v2p5 🇩🇪","1","all","","n307","REG_IMAGE_HNM_FASHION","2026-04-11T11:35:03.000Z"
"tabpfnv2_REG_IMAGE_HNM_FASHION_1","0.27914355295372273","60","TabPFN-v2 🤯","1","all","","n306","REG_IMAGE_HNM_FASHION","2026-04-11T11:33:42.000Z"
"tabm_REG_IMAGE_HNM_FASHION_1","0.2729593869943684","60","TabM Ⓜ️","1","all","","n305","REG_IMAGE_HNM_FASHION","2026-04-11T11:32:03.000Z"
"cat_REG_IMAGE_HNM_FASHION_1","0.2811428946674869","60","CatBoost 😸","1","all","","n309","REG_IMAGE_HNM_FASHION","2026-04-11T11:29:35.000Z"
"light_REG_IMAGE_HNM_FASHION_1","0.2676087200805688","60","LightGBM 💡","1","all","","n309","REG_IMAGE_HNM_FASHION","2026-04-11T11:27:49.000Z"
"tabpfnv2p5_REG_IMAGE_HNM_FASHION_0","0.29058366982845096","60","TabPFN-v2p5 🇩🇪","0","all","","n306","REG_IMAGE_HNM_FASHION","2026-04-11T11:27:10.000Z"
"tabpfnv2_REG_IMAGE_HNM_FASHION_0","0.2645939635067005","60","TabPFN-v2 🤯","0","all","","n305","REG_IMAGE_HNM_FASHION","2026-04-11T11:24:42.000Z"
"tabm_REG_IMAGE_HNM_FASHION_0","0.28014564612564175","60","TabM Ⓜ️","0","all","","n309","REG_IMAGE_HNM_FASHION","2026-04-11T11:22:17.000Z"
"cat_REG_IMAGE_HNM_FASHION_0","0.27124905439933356","60","CatBoost 😸","0","all","","n306","REG_IMAGE_HNM_FASHION","2026-04-11T11:19:56.000Z"
"light_REG_IMAGE_HNM_FASHION_0","0.2363051480507233","60","LightGBM 💡","0","all","","n305","REG_IMAGE_HNM_FASHION","2026-04-11T11:18:42.000Z"
"tabpfnv2p5_REG_IMAGE_AMAZON_PACKAGES_4","0.5668655324171538","60","TabPFN-v2p5 🇩🇪","4","all","","n307","REG_IMAGE_AMAZON_PACKAGES","2026-04-11T11:16:04.000Z"
"tabpfnv2_REG_IMAGE_AMAZON_PACKAGES_4","0.5571954208814163","60","TabPFN-v2 🤯","4","all","","n306","REG_IMAGE_AMAZON_PACKAGES","2026-04-11T11:12:06.000Z"
"tabm_REG_IMAGE_AMAZON_PACKAGES_4","0.5663247093920336","60","TabM Ⓜ️","4","all","","n307","REG_IMAGE_AMAZON_PACKAGES","2026-04-11T11:09:38.000Z"
"cat_REG_IMAGE_AMAZON_PACKAGES_4","0.5269028885393371","60","CatBoost 😸","4","all","","n305","REG_IMAGE_AMAZON_PACKAGES","2026-04-11T11:07:16.000Z"
"light_REG_IMAGE_AMAZON_PACKAGES_4","0.4963024672539989","60","LightGBM 💡","4","all","","n306","REG_IMAGE_AMAZON_PACKAGES","2026-04-11T11:05:17.000Z"
"tabpfnv2p5_REG_IMAGE_AMAZON_PACKAGES_3","0.610824434210115","60","TabPFN-v2p5 🇩🇪","3","all","","n306","REG_IMAGE_AMAZON_PACKAGES","2026-04-11T11:02:21.000Z"
"tabpfnv2_REG_IMAGE_AMAZON_PACKAGES_3","0.5802309416561187","60","TabPFN-v2 🤯","3","all","","n305","REG_IMAGE_AMAZON_PACKAGES","2026-04-11T10:59:57.000Z"
"tabm_REG_IMAGE_AMAZON_PACKAGES_3","0.5943555669012279","60","TabM Ⓜ️","3","all","","n307","REG_IMAGE_AMAZON_PACKAGES","2026-04-11T10:58:26.000Z"
"cat_REG_IMAGE_AMAZON_PACKAGES_3","0.5401005122909681","60","CatBoost 😸","3","all","","n309","REG_IMAGE_AMAZON_PACKAGES","2026-04-11T10:56:01.000Z"
"light_REG_IMAGE_AMAZON_PACKAGES_3","0.530325897277456","60","LightGBM 💡","3","all","","n305","REG_IMAGE_AMAZON_PACKAGES","2026-04-11T10:54:14.000Z"
"tabpfnv2p5_REG_IMAGE_AMAZON_PACKAGES_2","0.6123386436081253","60","TabPFN-v2p5 🇩🇪","2","all","","n306","REG_IMAGE_AMAZON_PACKAGES","2026-04-11T10:50:24.000Z"
"tabpfnv2_REG_IMAGE_AMAZON_PACKAGES_2","0.5926661128961307","60","TabPFN-v2 🤯","2","all","","n306","REG_IMAGE_AMAZON_PACKAGES","2026-04-11T10:48:15.000Z"
"tabm_REG_IMAGE_AMAZON_PACKAGES_2","0.6134894014035029","60","TabM Ⓜ️","2","all","","n309","REG_IMAGE_AMAZON_PACKAGES","2026-04-11T10:47:13.000Z"
"cat_REG_IMAGE_AMAZON_PACKAGES_2","0.5522250736086447","60","CatBoost 😸","2","all","","n309","REG_IMAGE_AMAZON_PACKAGES","2026-04-11T10:42:58.000Z"
"light_REG_IMAGE_AMAZON_PACKAGES_2","0.5468921713655595","60","LightGBM 💡","2","all","","n306","REG_IMAGE_AMAZON_PACKAGES","2026-04-11T10:41:49.000Z"
"tabpfnv2p5_REG_IMAGE_AMAZON_PACKAGES_1","0.47621400286777527","60","TabPFN-v2p5 🇩🇪","1","all","","n306","REG_IMAGE_AMAZON_PACKAGES","2026-04-11T10:39:18.000Z"
"tabpfnv2_REG_IMAGE_AMAZON_PACKAGES_1","0.467559360633483","60","TabPFN-v2 🤯","1","all","","n305","REG_IMAGE_AMAZON_PACKAGES","2026-04-11T10:36:45.000Z"
"tabm_REG_IMAGE_AMAZON_PACKAGES_1","0.4757158930459095","60","TabM Ⓜ️","1","all","","n305","REG_IMAGE_AMAZON_PACKAGES","2026-04-11T10:35:48.000Z"
"cat_REG_IMAGE_AMAZON_PACKAGES_1","0.43465809903277186","60","CatBoost 😸","1","all","","n306","REG_IMAGE_AMAZON_PACKAGES","2026-04-11T10:32:25.000Z"
"light_REG_IMAGE_AMAZON_PACKAGES_1","0.3981600130646623","60","LightGBM 💡","1","all","","n305","REG_IMAGE_AMAZON_PACKAGES","2026-04-11T10:29:52.000Z"
"tabpfnv2p5_REG_IMAGE_AMAZON_PACKAGES_0","0.6029509724353777","60","TabPFN-v2p5 🇩🇪","0","all","","n305","REG_IMAGE_AMAZON_PACKAGES","2026-04-11T10:28:23.000Z"
"tabpfnv2_REG_IMAGE_AMAZON_PACKAGES_0","0.5859915013722014","60","TabPFN-v2 🤯","0","all","","n305","REG_IMAGE_AMAZON_PACKAGES","2026-04-11T10:23:08.000Z"
"tabm_REG_IMAGE_AMAZON_PACKAGES_0","0.5876714844923241","60","TabM Ⓜ️","0","all","","n305","REG_IMAGE_AMAZON_PACKAGES","2026-04-11T10:22:28.000Z"
"cat_REG_IMAGE_AMAZON_PACKAGES_0","0.5469473970631821","60","CatBoost 😸","0","all","","n309","REG_IMAGE_AMAZON_PACKAGES","2026-04-11T10:21:20.000Z"
"light_REG_IMAGE_AMAZON_PACKAGES_0","0.5311657242677008","60","LightGBM 💡","0","all","","n309","REG_IMAGE_AMAZON_PACKAGES","2026-04-11T10:20:35.000Z"
"tabpfnv2p5_REG_IMAGE_AMAZON_BEST_SELLER_4","0.6112571000615743","60","TabPFN-v2p5 🇩🇪","4","all","","n307","REG_IMAGE_AMAZON_BEST_SELLER","2026-04-11T10:20:14.000Z"
"tabpfnv2_REG_IMAGE_AMAZON_BEST_SELLER_4","0.5953882868367636","60","TabPFN-v2 🤯","4","all","","n309","REG_IMAGE_AMAZON_BEST_SELLER","2026-04-11T10:19:48.000Z"
"tabm_REG_IMAGE_AMAZON_BEST_SELLER_4","0.537482164598476","60","TabM Ⓜ️","4","all","","n307","REG_IMAGE_AMAZON_BEST_SELLER","2026-04-11T10:19:01.000Z"
"cat_REG_IMAGE_AMAZON_BEST_SELLER_4","0.5013847106105818","60","CatBoost 😸","4","all","","n309","REG_IMAGE_AMAZON_BEST_SELLER","2026-04-11T10:18:29.000Z"
"light_REG_IMAGE_AMAZON_BEST_SELLER_4","0.47751467697518823","60","LightGBM 💡","4","all","","n305","REG_IMAGE_AMAZON_BEST_SELLER","2026-04-11T10:18:06.000Z"
"tabpfnv2p5_REG_IMAGE_AMAZON_BEST_SELLER_3","0.6396297131497655","60","TabPFN-v2p5 🇩🇪","3","all","","n309","REG_IMAGE_AMAZON_BEST_SELLER","2026-04-11T10:17:36.000Z"
"tabpfnv2_REG_IMAGE_AMAZON_BEST_SELLER_3","0.6094002068842268","60","TabPFN-v2 🤯","3","all","","n309","REG_IMAGE_AMAZON_BEST_SELLER","2026-04-11T10:17:08.000Z"
"tabm_REG_IMAGE_AMAZON_BEST_SELLER_3","0.5597906494632976","60","TabM Ⓜ️","3","all","","n305","REG_IMAGE_AMAZON_BEST_SELLER","2026-04-11T10:16:28.000Z"
"cat_REG_IMAGE_AMAZON_BEST_SELLER_3","0.5168107794528977","60","CatBoost 😸","3","all","","n306","REG_IMAGE_AMAZON_BEST_SELLER","2026-04-11T10:15:53.000Z"
"light_REG_IMAGE_AMAZON_BEST_SELLER_3","0.49167802201141386","60","LightGBM 💡","3","all","","n305","REG_IMAGE_AMAZON_BEST_SELLER","2026-04-11T10:15:25.000Z"
"tabpfnv2p5_REG_IMAGE_AMAZON_BEST_SELLER_2","0.560512977555675","60","TabPFN-v2p5 🇩🇪","2","all","","n309","REG_IMAGE_AMAZON_BEST_SELLER","2026-04-11T10:14:49.000Z"
"tabpfnv2_REG_IMAGE_AMAZON_BEST_SELLER_2","0.555969245470934","60","TabPFN-v2 🤯","2","all","","n309","REG_IMAGE_AMAZON_BEST_SELLER","2026-04-11T10:14:25.000Z"
"tabm_REG_IMAGE_AMAZON_BEST_SELLER_2","0.5187868377035587","60","TabM Ⓜ️","2","all","","n306","REG_IMAGE_AMAZON_BEST_SELLER","2026-04-11T10:13:39.000Z"
"cat_REG_IMAGE_AMAZON_BEST_SELLER_2","0.4968047314097088","60","CatBoost 😸","2","all","","n305","REG_IMAGE_AMAZON_BEST_SELLER","2026-04-11T10:13:15.000Z"
"light_REG_IMAGE_AMAZON_BEST_SELLER_2","0.47998414393859734","60","LightGBM 💡","2","all","","n305","REG_IMAGE_AMAZON_BEST_SELLER","2026-04-11T10:12:42.000Z"
"tabpfnv2p5_REG_IMAGE_AMAZON_BEST_SELLER_1","0.6035289072976159","60","TabPFN-v2p5 🇩🇪","1","all","","n305","REG_IMAGE_AMAZON_BEST_SELLER","2026-04-11T10:12:01.000Z"
"tabpfnv2_REG_IMAGE_AMAZON_BEST_SELLER_1","0.577329559739646","60","TabPFN-v2 🤯","1","all","","n305","REG_IMAGE_AMAZON_BEST_SELLER","2026-04-11T10:11:28.000Z"
"tabm_REG_IMAGE_AMAZON_BEST_SELLER_1","0.5721623202144622","60","TabM Ⓜ️","1","all","","n305","REG_IMAGE_AMAZON_BEST_SELLER","2026-04-11T10:10:47.000Z"
"cat_REG_IMAGE_AMAZON_BEST_SELLER_1","0.5133947110551973","60","CatBoost 😸","1","all","","n305","REG_IMAGE_AMAZON_BEST_SELLER","2026-04-11T10:10:09.000Z"
"light_REG_IMAGE_AMAZON_BEST_SELLER_1","0.47761806459379497","60","LightGBM 💡","1","all","","n307","REG_IMAGE_AMAZON_BEST_SELLER","2026-04-11T10:09:25.000Z"
"tabpfnv2p5_REG_IMAGE_AMAZON_BEST_SELLER_0","0.6529861775542685","60","TabPFN-v2p5 🇩🇪","0","all","","n305","REG_IMAGE_AMAZON_BEST_SELLER","2026-04-11T10:08:20.000Z"
"tabpfnv2_REG_IMAGE_AMAZON_BEST_SELLER_0","0.6237622778046261","60","TabPFN-v2 🤯","0","all","","n306","REG_IMAGE_AMAZON_BEST_SELLER","2026-04-11T10:08:08.000Z"
"tabm_REG_IMAGE_AMAZON_BEST_SELLER_0","0.6143759806731468","60","TabM Ⓜ️","0","all","","n305","REG_IMAGE_AMAZON_BEST_SELLER","2026-04-11T10:07:06.000Z"
"cat_REG_IMAGE_AMAZON_BEST_SELLER_0","0.5627887267611453","60","CatBoost 😸","0","all","","n306","REG_IMAGE_AMAZON_BEST_SELLER","2026-04-11T10:06:22.000Z"
"light_REG_IMAGE_AMAZON_BEST_SELLER_0","0.5163719028702827","60","LightGBM 💡","0","all","","n305","REG_IMAGE_AMAZON_BEST_SELLER","2026-04-11T10:05:17.000Z"
"tabpfnv2p5_MUL_IMAGE_ZOOSCAN_ZOOPLANKTON_4","0.987099393652586","60","TabPFN-v2p5 🇩🇪","4","all","","n305","MUL_IMAGE_ZOOSCAN_ZOOPLANKTON","2026-04-11T10:03:26.000Z"
"tabpfnv2_MUL_IMAGE_ZOOSCAN_ZOOPLANKTON_4","0.9825698214689508","60","TabPFN-v2 🤯","4","all","","n306","MUL_IMAGE_ZOOSCAN_ZOOPLANKTON","2026-04-11T10:02:46.000Z"
"tabm_MUL_IMAGE_ZOOSCAN_ZOOPLANKTON_4","0.9861904775241372","60","TabM Ⓜ️","4","all","","n306","MUL_IMAGE_ZOOSCAN_ZOOPLANKTON","2026-04-11T10:01:11.000Z"
"cat_MUL_IMAGE_ZOOSCAN_ZOOPLANKTON_4","0.9820402068854492","60","CatBoost 😸","4","all","","n306","MUL_IMAGE_ZOOSCAN_ZOOPLANKTON","2026-04-11T10:00:27.000Z"
"light_MUL_IMAGE_ZOOSCAN_ZOOPLANKTON_4","0.975239744113687","60","LightGBM 💡","4","all","","n305","MUL_IMAGE_ZOOSCAN_ZOOPLANKTON","2026-04-11T09:59:41.000Z"
"tabpfnv2p5_MUL_IMAGE_ZOOSCAN_ZOOPLANKTON_3","0.9885401875291752","60","TabPFN-v2p5 🇩🇪","3","all","","n307","MUL_IMAGE_ZOOSCAN_ZOOPLANKTON","2026-04-11T09:58:35.000Z"
"tabpfnv2_MUL_IMAGE_ZOOSCAN_ZOOPLANKTON_3","0.9825957060197864","60","TabPFN-v2 🤯","3","all","","n305","MUL_IMAGE_ZOOSCAN_ZOOPLANKTON","2026-04-11T09:57:08.000Z"
"tabm_MUL_IMAGE_ZOOSCAN_ZOOPLANKTON_3","0.9876754031936412","60","TabM Ⓜ️","3","all","","n306","MUL_IMAGE_ZOOSCAN_ZOOPLANKTON","2026-04-11T09:56:08.000Z"
"cat_MUL_IMAGE_ZOOSCAN_ZOOPLANKTON_3","0.9831712635370048","60","CatBoost 😸","3","all","","n305","MUL_IMAGE_ZOOSCAN_ZOOPLANKTON","2026-04-11T09:55:10.000Z"
"light_MUL_IMAGE_ZOOSCAN_ZOOPLANKTON_3","0.9791014619969516","60","LightGBM 💡","3","all","","n306","MUL_IMAGE_ZOOSCAN_ZOOPLANKTON","2026-04-11T09:54:12.000Z"
"tabpfnv2p5_MUL_IMAGE_ZOOSCAN_ZOOPLANKTON_2","0.9914382650088605","60","TabPFN-v2p5 🇩🇪","2","all","","n306","MUL_IMAGE_ZOOSCAN_ZOOPLANKTON","2026-04-11T09:53:25.000Z"
"tabpfnv2_MUL_IMAGE_ZOOSCAN_ZOOPLANKTON_2","0.9875745511571322","60","TabPFN-v2 🤯","2","all","","n309","MUL_IMAGE_ZOOSCAN_ZOOPLANKTON","2026-04-11T09:52:07.000Z"
"tabm_MUL_IMAGE_ZOOSCAN_ZOOPLANKTON_2","0.9899658225778074","60","TabM Ⓜ️","2","all","","n305","MUL_IMAGE_ZOOSCAN_ZOOPLANKTON","2026-04-11T09:51:30.000Z"
"cat_MUL_IMAGE_ZOOSCAN_ZOOPLANKTON_2","0.9848429465806248","60","CatBoost 😸","2","all","","n309","MUL_IMAGE_ZOOSCAN_ZOOPLANKTON","2026-04-11T09:50:09.000Z"
"light_MUL_IMAGE_ZOOSCAN_ZOOPLANKTON_2","0.9813705368239112","60","LightGBM 💡","2","all","","n305","MUL_IMAGE_ZOOSCAN_ZOOPLANKTON","2026-04-11T09:49:26.000Z"
"tabpfnv2p5_MUL_IMAGE_ZOOSCAN_ZOOPLANKTON_1","0.987374913232806","60","TabPFN-v2p5 🇩🇪","1","all","","n305","MUL_IMAGE_ZOOSCAN_ZOOPLANKTON","2026-04-11T09:48:23.000Z"
"tabpfnv2_MUL_IMAGE_ZOOSCAN_ZOOPLANKTON_1","0.983405385888072","60","TabPFN-v2 🤯","1","all","","n306","MUL_IMAGE_ZOOSCAN_ZOOPLANKTON","2026-04-11T09:47:22.000Z"
"tabm_MUL_IMAGE_ZOOSCAN_ZOOPLANKTON_1","0.9867418442339536","60","TabM Ⓜ️","1","all","","n305","MUL_IMAGE_ZOOSCAN_ZOOPLANKTON","2026-04-11T09:46:22.000Z"
"cat_MUL_IMAGE_ZOOSCAN_ZOOPLANKTON_1","0.9822077756062072","60","CatBoost 😸","1","all","","n309","MUL_IMAGE_ZOOSCAN_ZOOPLANKTON","2026-04-11T09:45:22.000Z"
"light_MUL_IMAGE_ZOOSCAN_ZOOPLANKTON_1","0.9774139262403184","60","LightGBM 💡","1","all","","n309","MUL_IMAGE_ZOOSCAN_ZOOPLANKTON","2026-04-11T09:44:28.000Z"
"tabpfnv2p5_MUL_IMAGE_ZOOSCAN_ZOOPLANKTON_0","0.9891949070807752","60","TabPFN-v2p5 🇩🇪","0","all","","n306","MUL_IMAGE_ZOOSCAN_ZOOPLANKTON","2026-04-11T09:43:39.000Z"
"tabpfnv2_MUL_IMAGE_ZOOSCAN_ZOOPLANKTON_0","0.9864697905737714","60","TabPFN-v2 🤯","0","all","","n309","MUL_IMAGE_ZOOSCAN_ZOOPLANKTON","2026-04-11T09:42:23.000Z"
"tabm_MUL_IMAGE_ZOOSCAN_ZOOPLANKTON_0","0.9883982857644148","60","TabM Ⓜ️","0","all","","n309","MUL_IMAGE_ZOOSCAN_ZOOPLANKTON","2026-04-11T09:41:32.000Z"
"cat_MUL_IMAGE_ZOOSCAN_ZOOPLANKTON_0","0.9854412056199237","60","CatBoost 😸","0","all","","n307","MUL_IMAGE_ZOOSCAN_ZOOPLANKTON","2026-04-11T09:38:38.000Z"
"light_MUL_IMAGE_ZOOSCAN_ZOOPLANKTON_0","0.9801179015210486","60","LightGBM 💡","0","all","","n306","MUL_IMAGE_ZOOSCAN_ZOOPLANKTON","2026-04-11T09:36:20.000Z"
"tabpfnv2p5_MUL_IMAGE_PETFINDER_4","0.8511886041085596","60","TabPFN-v2p5 🇩🇪","4","all","","n309","MUL_IMAGE_PETFINDER","2026-04-11T09:34:21.000Z"
"tabpfnv2_MUL_IMAGE_PETFINDER_4","0.8422046001574914","60","TabPFN-v2 🤯","4","all","","n305","MUL_IMAGE_PETFINDER","2026-04-11T09:30:44.000Z"
"tabm_MUL_IMAGE_PETFINDER_4","0.8490507575104984","60","TabM Ⓜ️","4","all","","n305","MUL_IMAGE_PETFINDER","2026-04-11T09:29:06.000Z"
"cat_MUL_IMAGE_PETFINDER_4","0.8330757772073524","60","CatBoost 😸","4","all","","n306","MUL_IMAGE_PETFINDER","2026-04-11T09:26:07.000Z"
"light_MUL_IMAGE_PETFINDER_4","0.8072767465034452","60","LightGBM 💡","4","all","","n309","MUL_IMAGE_PETFINDER","2026-04-11T09:24:31.000Z"
"tabpfnv2p5_MUL_IMAGE_PETFINDER_3","0.8554001381607954","60","TabPFN-v2p5 🇩🇪","3","all","","n305","MUL_IMAGE_PETFINDER","2026-04-11T09:20:33.000Z"
"tabpfnv2_MUL_IMAGE_PETFINDER_3","0.8426639457941207","60","TabPFN-v2 🤯","3","all","","n306","MUL_IMAGE_PETFINDER","2026-04-11T09:16:58.000Z"
"tabm_MUL_IMAGE_PETFINDER_3","0.8510718285382939","60","TabM Ⓜ️","3","all","","n306","MUL_IMAGE_PETFINDER","2026-04-11T09:15:57.000Z"
"cat_MUL_IMAGE_PETFINDER_3","0.841957615158157","60","CatBoost 😸","3","all","","n306","MUL_IMAGE_PETFINDER","2026-04-11T09:12:06.000Z"
"light_MUL_IMAGE_PETFINDER_3","0.8192257534628513","60","LightGBM 💡","3","all","","n306","MUL_IMAGE_PETFINDER","2026-04-11T09:09:08.000Z"
"tabpfnv2p5_MUL_IMAGE_PETFINDER_2","0.8503918868709577","60","TabPFN-v2p5 🇩🇪","2","all","","n306","MUL_IMAGE_PETFINDER","2026-04-11T09:07:26.000Z"
"tabpfnv2_MUL_IMAGE_PETFINDER_2","0.8373585847258175","60","TabPFN-v2 🤯","2","all","","n309","MUL_IMAGE_PETFINDER","2026-04-11T09:01:57.000Z"
"tabm_MUL_IMAGE_PETFINDER_2","0.8454921574575338","60","TabM Ⓜ️","2","all","","n306","MUL_IMAGE_PETFINDER","2026-04-11T09:00:52.000Z"
"cat_MUL_IMAGE_PETFINDER_2","0.8295648080762656","60","CatBoost 😸","2","all","","n305","MUL_IMAGE_PETFINDER","2026-04-11T08:58:38.000Z"
"light_MUL_IMAGE_PETFINDER_2","0.8074575050748213","60","LightGBM 💡","2","all","","n305","MUL_IMAGE_PETFINDER","2026-04-11T08:54:22.000Z"
"tabpfnv2p5_MUL_IMAGE_PETFINDER_1","0.85240016141254","60","TabPFN-v2p5 🇩🇪","1","all","","n306","MUL_IMAGE_PETFINDER","2026-04-11T08:51:32.000Z"
"tabpfnv2_MUL_IMAGE_PETFINDER_1","0.8413791693209827","60","TabPFN-v2 🤯","1","all","","n307","MUL_IMAGE_PETFINDER","2026-04-11T08:48:05.000Z"
"tabm_MUL_IMAGE_PETFINDER_1","0.8521520287473145","60","TabM Ⓜ️","1","all","","n306","MUL_IMAGE_PETFINDER","2026-04-11T08:45:05.000Z"
"cat_MUL_IMAGE_PETFINDER_1","0.8396116873166646","60","CatBoost 😸","1","all","","n306","MUL_IMAGE_PETFINDER","2026-04-11T08:43:17.000Z"
"light_MUL_IMAGE_PETFINDER_1","0.8178856150162631","60","LightGBM 💡","1","all","","n305","MUL_IMAGE_PETFINDER","2026-04-11T08:40:28.000Z"
"tabpfnv2p5_MUL_IMAGE_PETFINDER_0","0.8423710308246843","60","TabPFN-v2p5 🇩🇪","0","all","","n306","MUL_IMAGE_PETFINDER","2026-04-11T08:35:38.000Z"
"tabpfnv2_MUL_IMAGE_PETFINDER_0","0.8287378126148324","60","TabPFN-v2 🤯","0","all","","n305","MUL_IMAGE_PETFINDER","2026-04-11T08:32:22.000Z"
"tabm_MUL_IMAGE_PETFINDER_0","0.843869269840454","60","TabM Ⓜ️","0","all","","n306","MUL_IMAGE_PETFINDER","2026-04-11T08:27:53.000Z"
"cat_MUL_IMAGE_PETFINDER_0","0.8307210037100463","60","CatBoost 😸","0","all","","n305","MUL_IMAGE_PETFINDER","2026-04-11T08:24:12.000Z"
"light_MUL_IMAGE_PETFINDER_0","0.8035617673854936","60","LightGBM 💡","0","all","","n306","MUL_IMAGE_PETFINDER","2026-04-11T08:20:07.000Z"
"tabpfnv2p5_MUL_IMAGE_JUSTIN_INSTAGRAM_4","0.9702018365863824","60","TabPFN-v2p5 🇩🇪","4","all","","n305","MUL_IMAGE_JUSTIN_INSTAGRAM","2026-04-11T08:14:46.000Z"
"tabpfnv2_MUL_IMAGE_JUSTIN_INSTAGRAM_4","0.9580491565337506","60","TabPFN-v2 🤯","4","all","","n309","MUL_IMAGE_JUSTIN_INSTAGRAM","2026-04-11T08:07:19.000Z"
"tabm_MUL_IMAGE_JUSTIN_INSTAGRAM_4","0.9668487835953868","60","TabM Ⓜ️","4","all","","n305","MUL_IMAGE_JUSTIN_INSTAGRAM","2026-04-11T08:04:36.000Z"
"cat_MUL_IMAGE_JUSTIN_INSTAGRAM_4","0.9573932599193002","60","CatBoost 😸","4","all","","n306","MUL_IMAGE_JUSTIN_INSTAGRAM","2026-04-11T07:56:57.000Z"
"light_MUL_IMAGE_JUSTIN_INSTAGRAM_4","0.9572888153826928","60","LightGBM 💡","4","all","","n309","MUL_IMAGE_JUSTIN_INSTAGRAM","2026-04-11T07:50:56.000Z"
"tabpfnv2p5_MUL_IMAGE_JUSTIN_INSTAGRAM_3","0.9555702998862774","60","TabPFN-v2p5 🇩🇪","3","all","","n305","MUL_IMAGE_JUSTIN_INSTAGRAM","2026-04-11T07:48:34.000Z"
"tabpfnv2_MUL_IMAGE_JUSTIN_INSTAGRAM_3","0.944218367859198","60","TabPFN-v2 🤯","3","all","","n305","MUL_IMAGE_JUSTIN_INSTAGRAM","2026-04-11T07:39:37.000Z"
"tabm_MUL_IMAGE_JUSTIN_INSTAGRAM_3","0.9490780140008532","60","TabM Ⓜ️","3","all","","n306","MUL_IMAGE_JUSTIN_INSTAGRAM","2026-04-11T07:35:31.000Z"
"cat_MUL_IMAGE_JUSTIN_INSTAGRAM_3","0.944408257484918","60","CatBoost 😸","3","all","","n305","MUL_IMAGE_JUSTIN_INSTAGRAM","2026-04-11T07:30:18.000Z"
"light_MUL_IMAGE_JUSTIN_INSTAGRAM_3","0.954059441382928","60","LightGBM 💡","3","all","","n306","MUL_IMAGE_JUSTIN_INSTAGRAM","2026-04-11T07:21:45.000Z"
"tabpfnv2p5_MUL_IMAGE_JUSTIN_INSTAGRAM_2","0.9730947757384028","60","TabPFN-v2p5 🇩🇪","2","all","","n305","MUL_IMAGE_JUSTIN_INSTAGRAM","2026-04-11T07:18:07.000Z"
"tabpfnv2_MUL_IMAGE_JUSTIN_INSTAGRAM_2","0.9650770100230656","60","TabPFN-v2 🤯","2","all","","n309","MUL_IMAGE_JUSTIN_INSTAGRAM","2026-04-11T07:14:47.000Z"
"tabm_MUL_IMAGE_JUSTIN_INSTAGRAM_2","0.9721312529439704","60","TabM Ⓜ️","2","all","","n306","MUL_IMAGE_JUSTIN_INSTAGRAM","2026-04-11T07:01:51.000Z"
"light_MUL_IMAGE_JUSTIN_INSTAGRAM_2","0.9666603716579172","60","LightGBM 💡","2","all","","n306","MUL_IMAGE_JUSTIN_INSTAGRAM","2026-04-11T07:00:48.000Z"
"tabm_MUL_IMAGE_JUSTIN_INSTAGRAM_1","0.9459798065254053","60","TabM Ⓜ️","1","all","","n305","MUL_IMAGE_JUSTIN_INSTAGRAM","2026-04-11T07:00:11.000Z"
"tabpfnv2p5_MUL_IMAGE_JUSTIN_INSTAGRAM_1","0.9521990841661124","60","TabPFN-v2p5 🇩🇪","1","all","","n309","MUL_IMAGE_JUSTIN_INSTAGRAM","2026-04-09T22:13:17.000Z"
"cat_MUL_IMAGE_JUSTIN_INSTAGRAM_2","0.9574344884710037","60","CatBoost 😸","2","all","","n307","MUL_IMAGE_JUSTIN_INSTAGRAM","2026-04-09T21:54:47.000Z"
"light_MUL_IMAGE_CSGO_SKIN_PRICE_4","0.7903541571667427","60","LightGBM 💡","4","all","","n307","MUL_IMAGE_CSGO_SKIN_PRICE","2026-04-09T21:12:20.000Z"
"tabpfnv2p5_MUL_IMAGE_FLOWER_BOUQUETS_1","0.6627731539537867","60","TabPFN-v2p5 🇩🇪","1","all","","nlp-srv2.iem.technion.ac.il","MUL_IMAGE_FLOWER_BOUQUETS","2026-04-09T11:02:28.000Z"
"tabpfnv2_MUL_IMAGE_JUSTIN_INSTAGRAM_1","0.9388309252985714","60","TabPFN-v2 🤯","1","all","","nlp-srv2.iem.technion.ac.il","MUL_IMAGE_JUSTIN_INSTAGRAM","2026-04-09T10:53:27.000Z"
"cat_MUL_IMAGE_JUSTIN_INSTAGRAM_1","0.946821340397854","60","CatBoost 😸","1","all","","nlp-srv2.iem.technion.ac.il","MUL_IMAGE_JUSTIN_INSTAGRAM","2026-04-09T10:36:44.000Z"
"tabm_MUL_IMAGE_GLAUCOMA_SMDG_0","0.9164230915534132","60","TabM Ⓜ️","0","all","","nlp-srv2.iem.technion.ac.il","MUL_IMAGE_GLAUCOMA_SMDG","2026-04-09T10:10:41.000Z"
"light_MUL_IMAGE_GLAUCOMA_SMDG_0","0.913515938924136","60","LightGBM 💡","0","all","","nlp-srv2.iem.technion.ac.il","MUL_IMAGE_GLAUCOMA_SMDG","2026-04-09T10:06:28.000Z"
"tabpfnv2p5_MUL_IMAGE_FLOWER_BOUQUETS_4","0.6366365474281956","60","TabPFN-v2p5 🇩🇪","4","all","","nlp-srv2.iem.technion.ac.il","MUL_IMAGE_FLOWER_BOUQUETS","2026-04-09T10:04:38.000Z"
"tabm_MUL_IMAGE_FLOWER_BOUQUETS_3","0.641617334768861","60","TabM Ⓜ️","3","all","","nlp-srv2.iem.technion.ac.il","MUL_IMAGE_FLOWER_BOUQUETS","2026-04-09T10:03:23.000Z"
"light_MUL_IMAGE_FLOWER_BOUQUETS_2","0.6025806041627628","60","LightGBM 💡","2","all","","nlp-srv2.iem.technion.ac.il","MUL_IMAGE_FLOWER_BOUQUETS","2026-04-09T10:02:03.000Z"
"tabpfnv2_MUL_IMAGE_CSGO_SKIN_PRICE_1","0.9100188478492172","60","TabPFN-v2 🤯","1","all","","nlp-srv2.iem.technion.ac.il","MUL_IMAGE_CSGO_SKIN_PRICE","2026-04-09T09:53:28.000Z"
"cat_MUL_IMAGE_CSGO_SKIN_PRICE_0","0.8796756345949233","60","CatBoost 😸","0","all","","nlp-srv2.iem.technion.ac.il","MUL_IMAGE_CSGO_SKIN_PRICE","2026-04-09T09:48:35.000Z"
"light_MUL_IMAGE_JUSTIN_INSTAGRAM_1","0.935979458067094","60","LightGBM 💡","1","all","","nlp-srv2.iem.technion.ac.il","MUL_IMAGE_JUSTIN_INSTAGRAM","2026-04-09T09:26:31.000Z"
"tabpfnv2p5_MUL_IMAGE_JUSTIN_INSTAGRAM_0","0.9592993039651482","60","TabPFN-v2p5 🇩🇪","0","all","","nlp-srv2.iem.technion.ac.il","MUL_IMAGE_JUSTIN_INSTAGRAM","2026-04-09T09:18:53.000Z"
"tabpfnv2_MUL_IMAGE_JUSTIN_INSTAGRAM_0","0.9490586569340816","60","TabPFN-v2 🤯","0","all","","nlp-srv2.iem.technion.ac.il","MUL_IMAGE_JUSTIN_INSTAGRAM","2026-04-09T09:05:26.000Z"
"tabm_MUL_IMAGE_JUSTIN_INSTAGRAM_0","0.9518649006022344","60","TabM Ⓜ️","0","all","","nlp-srv2.iem.technion.ac.il","MUL_IMAGE_JUSTIN_INSTAGRAM","2026-04-09T08:51:40.000Z"
"cat_MUL_IMAGE_JUSTIN_INSTAGRAM_0","0.9415238287946764","60","CatBoost 😸","0","all","","nlp-srv2.iem.technion.ac.il","MUL_IMAGE_JUSTIN_INSTAGRAM","2026-04-09T08:38:51.000Z"
"light_MUL_IMAGE_JUSTIN_INSTAGRAM_0","0.9392439393192176","60","LightGBM 💡","0","all","","nlp-srv2.iem.technion.ac.il","MUL_IMAGE_JUSTIN_INSTAGRAM","2026-04-09T08:25:16.000Z"
"tabpfnv2p5_MUL_IMAGE_HUBMAP_HPA_4","0.9747704766398734","60","TabPFN-v2p5 🇩🇪","4","all","","nlp-srv2.iem.technion.ac.il","MUL_IMAGE_HUBMAP_HPA","2026-04-09T08:14:51.000Z"
"tabpfnv2_MUL_IMAGE_HUBMAP_HPA_4","0.9593718656458796","60","TabPFN-v2 🤯","4","all","","nlp-srv2.iem.technion.ac.il","MUL_IMAGE_HUBMAP_HPA","2026-04-09T08:05:18.000Z"
"tabm_MUL_IMAGE_HUBMAP_HPA_4","0.9788506821110116","60","TabM Ⓜ️","4","all","","nlp-srv2.iem.technion.ac.il","MUL_IMAGE_HUBMAP_HPA","2026-04-09T07:55:49.000Z"
"cat_MUL_IMAGE_HUBMAP_HPA_4","0.9651136901051036","60","CatBoost 😸","4","all","","nlp-srv2.iem.technion.ac.il","MUL_IMAGE_HUBMAP_HPA","2026-04-09T07:46:11.000Z"
"light_MUL_IMAGE_HUBMAP_HPA_4","0.9547077912846612","60","LightGBM 💡","4","all","","nlp-srv2.iem.technion.ac.il","MUL_IMAGE_HUBMAP_HPA","2026-04-09T07:36:43.000Z"
"tabpfnv2p5_MUL_IMAGE_HUBMAP_HPA_3","0.9717571160075602","60","TabPFN-v2p5 🇩🇪","3","all","","nlp-srv2.iem.technion.ac.il","MUL_IMAGE_HUBMAP_HPA","2026-04-09T07:27:31.000Z"
"tabpfnv2_MUL_IMAGE_HUBMAP_HPA_3","0.954975476474642","60","TabPFN-v2 🤯","3","all","","nlp-srv2.iem.technion.ac.il","MUL_IMAGE_HUBMAP_HPA","2026-04-09T07:17:46.000Z"
"tabm_MUL_IMAGE_HUBMAP_HPA_3","0.9757825677581632","60","TabM Ⓜ️","3","all","","nlp-srv2.iem.technion.ac.il","MUL_IMAGE_HUBMAP_HPA","2026-04-09T07:08:18.000Z"
"cat_MUL_IMAGE_HUBMAP_HPA_3","0.9613630901024576","60","CatBoost 😸","3","all","","nlp-srv2.iem.technion.ac.il","MUL_IMAGE_HUBMAP_HPA","2026-04-09T06:58:25.000Z"
"light_MUL_IMAGE_HUBMAP_HPA_3","0.948398063542872","60","LightGBM 💡","3","all","","nlp-srv2.iem.technion.ac.il","MUL_IMAGE_HUBMAP_HPA","2026-04-09T06:48:57.000Z"
"tabpfnv2p5_MUL_IMAGE_HUBMAP_HPA_2","0.9743180624487152","60","TabPFN-v2p5 🇩🇪","2","all","","nlp-srv2.iem.technion.ac.il","MUL_IMAGE_HUBMAP_HPA","2026-04-09T06:39:46.000Z"
"tabpfnv2_MUL_IMAGE_HUBMAP_HPA_2","0.9584712871145576","60","TabPFN-v2 🤯","2","all","","nlp-srv2.iem.technion.ac.il","MUL_IMAGE_HUBMAP_HPA","2026-04-09T06:30:09.000Z"
"tabm_MUL_IMAGE_HUBMAP_HPA_2","0.9786700923236024","60","TabM Ⓜ️","2","all","","nlp-srv2.iem.technion.ac.il","MUL_IMAGE_HUBMAP_HPA","2026-04-09T06:20:31.000Z"
"cat_MUL_IMAGE_HUBMAP_HPA_2","0.9635864046071968","60","CatBoost 😸","2","all","","nlp-srv2.iem.technion.ac.il","MUL_IMAGE_HUBMAP_HPA","2026-04-09T06:10:48.000Z"
"light_MUL_IMAGE_HUBMAP_HPA_2","0.9542792321900896","60","LightGBM 💡","2","all","","nlp-srv2.iem.technion.ac.il","MUL_IMAGE_HUBMAP_HPA","2026-04-09T06:00:49.000Z"
"tabpfnv2p5_MUL_IMAGE_HUBMAP_HPA_1","0.9727464560399504","60","TabPFN-v2p5 🇩🇪","1","all","","nlp-srv2.iem.technion.ac.il","MUL_IMAGE_HUBMAP_HPA","2026-04-09T05:51:38.000Z"
"tabpfnv2_MUL_IMAGE_HUBMAP_HPA_1","0.9576413944804614","60","TabPFN-v2 🤯","1","all","","nlp-srv2.iem.technion.ac.il","MUL_IMAGE_HUBMAP_HPA","2026-04-09T05:42:01.000Z"
"tabm_MUL_IMAGE_HUBMAP_HPA_1","0.9768527065360162","60","TabM Ⓜ️","1","all","","nlp-srv2.iem.technion.ac.il","MUL_IMAGE_HUBMAP_HPA","2026-04-09T05:32:36.000Z"
"cat_MUL_IMAGE_HUBMAP_HPA_1","0.9631188997184064","60","CatBoost 😸","1","all","","nlp-srv2.iem.technion.ac.il","MUL_IMAGE_HUBMAP_HPA","2026-04-09T05:22:48.000Z"
"light_MUL_IMAGE_HUBMAP_HPA_1","0.955673262780252","60","LightGBM 💡","1","all","","nlp-srv2.iem.technion.ac.il","MUL_IMAGE_HUBMAP_HPA","2026-04-09T05:13:22.000Z"
"tabpfnv2p5_MUL_IMAGE_HUBMAP_HPA_0","0.9748233278235162","60","TabPFN-v2p5 🇩🇪","0","all","","nlp-srv2.iem.technion.ac.il","MUL_IMAGE_HUBMAP_HPA","2026-04-09T05:04:00.000Z"
"tabpfnv2_MUL_IMAGE_HUBMAP_HPA_0","0.9603512369509402","60","TabPFN-v2 🤯","0","all","","nlp-srv2.iem.technion.ac.il","MUL_IMAGE_HUBMAP_HPA","2026-04-09T04:54:29.000Z"
"tabm_MUL_IMAGE_HUBMAP_HPA_0","0.9788235438822308","60","TabM Ⓜ️","0","all","","nlp-srv2.iem.technion.ac.il","MUL_IMAGE_HUBMAP_HPA","2026-04-09T04:45:07.000Z"
"cat_MUL_IMAGE_HUBMAP_HPA_0","0.9644602027366695","60","CatBoost 😸","0","all","","nlp-srv2.iem.technion.ac.il","MUL_IMAGE_HUBMAP_HPA","2026-04-09T04:35:15.000Z"
"light_MUL_IMAGE_HUBMAP_HPA_0","0.9556073062452112","60","LightGBM 💡","0","all","","nlp-srv2.iem.technion.ac.il","MUL_IMAGE_HUBMAP_HPA","2026-04-09T04:25:39.000Z"
"tabpfnv2p5_MUL_IMAGE_GLAUCOMA_SMDG_4","0.9385206414293998","60","TabPFN-v2p5 🇩🇪","4","all","","nlp-srv2.iem.technion.ac.il","MUL_IMAGE_GLAUCOMA_SMDG","2026-04-09T04:17:24.000Z"
"tabpfnv2_MUL_IMAGE_GLAUCOMA_SMDG_4","0.9311454096266132","60","TabPFN-v2 🤯","4","all","","nlp-srv2.iem.technion.ac.il","MUL_IMAGE_GLAUCOMA_SMDG","2026-04-09T04:11:12.000Z"
"tabm_MUL_IMAGE_GLAUCOMA_SMDG_4","0.921912084527177","60","TabM Ⓜ️","4","all","","nlp-srv2.iem.technion.ac.il","MUL_IMAGE_GLAUCOMA_SMDG","2026-04-09T04:03:55.000Z"
"cat_MUL_IMAGE_GLAUCOMA_SMDG_4","0.9208854542327096","60","CatBoost 😸","4","all","","nlp-srv2.iem.technion.ac.il","MUL_IMAGE_GLAUCOMA_SMDG","2026-04-09T03:57:55.000Z"
"light_MUL_IMAGE_GLAUCOMA_SMDG_4","0.9268449851995294","60","LightGBM 💡","4","all","","nlp-srv2.iem.technion.ac.il","MUL_IMAGE_GLAUCOMA_SMDG","2026-04-09T03:50:44.000Z"
"tabpfnv2p5_MUL_IMAGE_GLAUCOMA_SMDG_3","0.96021681231265","60","TabPFN-v2p5 🇩🇪","3","all","","nlp-srv2.iem.technion.ac.il","MUL_IMAGE_GLAUCOMA_SMDG","2026-04-09T03:43:30.000Z"
"tabpfnv2_MUL_IMAGE_GLAUCOMA_SMDG_3","0.9582590683152096","60","TabPFN-v2 🤯","3","all","","nlp-srv2.iem.technion.ac.il","MUL_IMAGE_GLAUCOMA_SMDG","2026-04-09T03:37:23.000Z"
"tabm_MUL_IMAGE_GLAUCOMA_SMDG_3","0.9557526039250578","60","TabM Ⓜ️","3","all","","nlp-srv2.iem.technion.ac.il","MUL_IMAGE_GLAUCOMA_SMDG","2026-04-09T03:30:45.000Z"
"cat_MUL_IMAGE_GLAUCOMA_SMDG_3","0.9455577981349624","60","CatBoost 😸","3","all","","nlp-srv2.iem.technion.ac.il","MUL_IMAGE_GLAUCOMA_SMDG","2026-04-09T03:24:38.000Z"
"light_MUL_IMAGE_GLAUCOMA_SMDG_3","0.9299301246888284","60","LightGBM 💡","3","all","","nlp-srv2.iem.technion.ac.il","MUL_IMAGE_GLAUCOMA_SMDG","2026-04-09T03:17:54.000Z"
"tabpfnv2p5_MUL_IMAGE_GLAUCOMA_SMDG_2","0.9459389784595544","60","TabPFN-v2p5 🇩🇪","2","all","","nlp-srv2.iem.technion.ac.il","MUL_IMAGE_GLAUCOMA_SMDG","2026-04-09T03:12:08.000Z"
"tabpfnv2_MUL_IMAGE_GLAUCOMA_SMDG_2","0.9414274989671042","60","TabPFN-v2 🤯","2","all","","nlp-srv2.iem.technion.ac.il","MUL_IMAGE_GLAUCOMA_SMDG","2026-04-09T03:05:16.000Z"
"tabm_MUL_IMAGE_GLAUCOMA_SMDG_2","0.930500169757986","60","TabM Ⓜ️","2","all","","nlp-srv2.iem.technion.ac.il","MUL_IMAGE_GLAUCOMA_SMDG","2026-04-09T02:58:00.000Z"
"cat_MUL_IMAGE_GLAUCOMA_SMDG_2","0.920591815617898","60","CatBoost 😸","2","all","","nlp-srv2.iem.technion.ac.il","MUL_IMAGE_GLAUCOMA_SMDG","2026-04-09T02:51:48.000Z"
"light_MUL_IMAGE_GLAUCOMA_SMDG_2","0.8774050736692621","60","LightGBM 💡","2","all","","nlp-srv2.iem.technion.ac.il","MUL_IMAGE_GLAUCOMA_SMDG","2026-04-09T02:45:10.000Z"
"tabpfnv2p5_MUL_IMAGE_GLAUCOMA_SMDG_1","0.9368166184047276","60","TabPFN-v2p5 🇩🇪","1","all","","nlp-srv2.iem.technion.ac.il","MUL_IMAGE_GLAUCOMA_SMDG","2026-04-09T02:38:37.000Z"
"tabpfnv2_MUL_IMAGE_GLAUCOMA_SMDG_1","0.915394180598938","60","TabPFN-v2 🤯","1","all","","nlp-srv2.iem.technion.ac.il","MUL_IMAGE_GLAUCOMA_SMDG","2026-04-09T02:31:47.000Z"
"tabm_MUL_IMAGE_GLAUCOMA_SMDG_1","0.9313737616787824","60","TabM Ⓜ️","1","all","","nlp-srv2.iem.technion.ac.il","MUL_IMAGE_GLAUCOMA_SMDG","2026-04-09T02:25:10.000Z"
"cat_MUL_IMAGE_GLAUCOMA_SMDG_1","0.926687625282338","60","CatBoost 😸","1","all","","nlp-srv2.iem.technion.ac.il","MUL_IMAGE_GLAUCOMA_SMDG","2026-04-09T02:17:54.000Z"
"light_MUL_IMAGE_GLAUCOMA_SMDG_1","0.92216430536576","60","LightGBM 💡","1","all","","nlp-srv2.iem.technion.ac.il","MUL_IMAGE_GLAUCOMA_SMDG","2026-04-09T02:13:32.000Z"
"tabpfnv2p5_MUL_IMAGE_GLAUCOMA_SMDG_0","0.9391632472819244","60","TabPFN-v2p5 🇩🇪","0","all","","nlp-srv2.iem.technion.ac.il","MUL_IMAGE_GLAUCOMA_SMDG","2026-04-09T02:10:34.000Z"
"tabpfnv2_MUL_IMAGE_GLAUCOMA_SMDG_0","0.9288450560741072","60","TabPFN-v2 🤯","0","all","","nlp-srv2.iem.technion.ac.il","MUL_IMAGE_GLAUCOMA_SMDG","2026-04-09T02:07:42.000Z"
"cat_MUL_IMAGE_GLAUCOMA_SMDG_0","0.9238896661583974","60","CatBoost 😸","0","all","","nlp-srv2.iem.technion.ac.il","MUL_IMAGE_GLAUCOMA_SMDG","2026-04-09T02:01:50.000Z"
"tabpfnv2_MUL_IMAGE_FLOWER_BOUQUETS_4","0.6571770389001799","60","TabPFN-v2 🤯","4","all","","nlp-srv2.iem.technion.ac.il","MUL_IMAGE_FLOWER_BOUQUETS","2026-04-09T01:57:20.000Z"
"tabm_MUL_IMAGE_FLOWER_BOUQUETS_4","0.6567004396536583","60","TabM Ⓜ️","4","all","","nlp-srv2.iem.technion.ac.il","MUL_IMAGE_FLOWER_BOUQUETS","2026-04-09T01:55:55.000Z"
"cat_MUL_IMAGE_FLOWER_BOUQUETS_4","0.6284235046944259","60","CatBoost 😸","4","all","","nlp-srv2.iem.technion.ac.il","MUL_IMAGE_FLOWER_BOUQUETS","2026-04-09T01:55:15.000Z"
"light_MUL_IMAGE_FLOWER_BOUQUETS_4","0.6026359822125915","60","LightGBM 💡","4","all","","nlp-srv2.iem.technion.ac.il","MUL_IMAGE_FLOWER_BOUQUETS","2026-04-09T01:53:58.000Z"
"tabpfnv2p5_MUL_IMAGE_FLOWER_BOUQUETS_3","0.6365763355103811","60","TabPFN-v2p5 🇩🇪","3","all","","nlp-srv2.iem.technion.ac.il","MUL_IMAGE_FLOWER_BOUQUETS","2026-04-09T01:52:28.000Z"
"tabpfnv2_MUL_IMAGE_FLOWER_BOUQUETS_3","0.6597036347433961","60","TabPFN-v2 🤯","3","all","","nlp-srv2.iem.technion.ac.il","MUL_IMAGE_FLOWER_BOUQUETS","2026-04-09T01:50:53.000Z"
"cat_MUL_IMAGE_FLOWER_BOUQUETS_3","0.6206647162524244","60","CatBoost 😸","3","all","","nlp-srv2.iem.technion.ac.il","MUL_IMAGE_FLOWER_BOUQUETS","2026-04-09T01:48:28.000Z"
"light_MUL_IMAGE_FLOWER_BOUQUETS_3","0.6050959751577399","60","LightGBM 💡","3","all","","nlp-srv2.iem.technion.ac.il","MUL_IMAGE_FLOWER_BOUQUETS","2026-04-09T01:47:03.000Z"
"tabpfnv2p5_MUL_IMAGE_FLOWER_BOUQUETS_2","0.6914125652433644","60","TabPFN-v2p5 🇩🇪","2","all","","nlp-srv2.iem.technion.ac.il","MUL_IMAGE_FLOWER_BOUQUETS","2026-04-09T01:45:29.000Z"
"tabpfnv2_MUL_IMAGE_FLOWER_BOUQUETS_2","0.6982292394707074","60","TabPFN-v2 🤯","2","all","","nlp-srv2.iem.technion.ac.il","MUL_IMAGE_FLOWER_BOUQUETS","2026-04-09T01:44:51.000Z"
"tabm_MUL_IMAGE_FLOWER_BOUQUETS_2","0.6305583711967729","60","TabM Ⓜ️","2","all","","nlp-srv2.iem.technion.ac.il","MUL_IMAGE_FLOWER_BOUQUETS","2026-04-09T01:43:24.000Z"
"cat_MUL_IMAGE_FLOWER_BOUQUETS_2","0.6482584840396994","60","CatBoost 😸","2","all","","nlp-srv2.iem.technion.ac.il","MUL_IMAGE_FLOWER_BOUQUETS","2026-04-09T01:41:59.000Z"
"tabpfnv2_MUL_IMAGE_FLOWER_BOUQUETS_1","0.6660520997459398","60","TabPFN-v2 🤯","1","all","","nlp-srv2.iem.technion.ac.il","MUL_IMAGE_FLOWER_BOUQUETS","2026-04-09T01:38:48.000Z"
"tabm_MUL_IMAGE_FLOWER_BOUQUETS_1","0.5193715493687469","60","TabM Ⓜ️","1","all","","nlp-srv2.iem.technion.ac.il","MUL_IMAGE_FLOWER_BOUQUETS","2026-04-09T01:37:16.000Z"
"cat_MUL_IMAGE_FLOWER_BOUQUETS_1","0.5665912814258542","60","CatBoost 😸","1","all","","nlp-srv2.iem.technion.ac.il","MUL_IMAGE_FLOWER_BOUQUETS","2026-04-09T01:35:32.000Z"
"light_MUL_IMAGE_FLOWER_BOUQUETS_1","0.5427117587000495","60","LightGBM 💡","1","all","","nlp-srv2.iem.technion.ac.il","MUL_IMAGE_FLOWER_BOUQUETS","2026-04-09T01:34:17.000Z"
"tabpfnv2p5_MUL_IMAGE_FLOWER_BOUQUETS_0","0.6200517697988286","60","TabPFN-v2p5 🇩🇪","0","all","","nlp-srv2.iem.technion.ac.il","MUL_IMAGE_FLOWER_BOUQUETS","2026-04-09T01:33:03.000Z"
"tabpfnv2_MUL_IMAGE_FLOWER_BOUQUETS_0","0.6383849582848196","60","TabPFN-v2 🤯","0","all","","nlp-srv2.iem.technion.ac.il","MUL_IMAGE_FLOWER_BOUQUETS","2026-04-09T01:31:44.000Z"
"tabm_MUL_IMAGE_FLOWER_BOUQUETS_0","0.6015823277166784","60","TabM Ⓜ️","0","all","","nlp-srv2.iem.technion.ac.il","MUL_IMAGE_FLOWER_BOUQUETS","2026-04-09T01:30:03.000Z"
"cat_MUL_IMAGE_FLOWER_BOUQUETS_0","0.5641529736880457","60","CatBoost 😸","0","all","","nlp-srv2.iem.technion.ac.il","MUL_IMAGE_FLOWER_BOUQUETS","2026-04-09T01:29:16.000Z"
"light_MUL_IMAGE_FLOWER_BOUQUETS_0","0.5930565334653014","60","LightGBM 💡","0","all","","nlp-srv2.iem.technion.ac.il","MUL_IMAGE_FLOWER_BOUQUETS","2026-04-09T01:27:39.000Z"
"tabpfnv2p5_MUL_IMAGE_CSGO_SKIN_PRICE_4","0.907750113999088","60","TabPFN-v2p5 🇩🇪","4","all","","nlp-srv2.iem.technion.ac.il","MUL_IMAGE_CSGO_SKIN_PRICE","2026-04-09T01:26:57.000Z"
"tabpfnv2_MUL_IMAGE_CSGO_SKIN_PRICE_4","0.8977239702082382","60","TabPFN-v2 🤯","4","all","","nlp-srv2.iem.technion.ac.il","MUL_IMAGE_CSGO_SKIN_PRICE","2026-04-09T01:26:05.000Z"
"tabm_MUL_IMAGE_CSGO_SKIN_PRICE_4","0.8633062775497796","60","TabM Ⓜ️","4","all","","nlp-srv2.iem.technion.ac.il","MUL_IMAGE_CSGO_SKIN_PRICE","2026-04-09T01:24:18.000Z"
"cat_MUL_IMAGE_CSGO_SKIN_PRICE_4","0.8367119623043016","60","CatBoost 😸","4","all","","nlp-srv2.iem.technion.ac.il","MUL_IMAGE_CSGO_SKIN_PRICE","2026-04-09T01:23:30.000Z"
"tabpfnv2p5_MUL_IMAGE_CSGO_SKIN_PRICE_3","0.9062167502659978","60","TabPFN-v2p5 🇩🇪","3","all","","nlp-srv2.iem.technion.ac.il","MUL_IMAGE_CSGO_SKIN_PRICE","2026-04-09T01:20:38.000Z"
"tabpfnv2_MUL_IMAGE_CSGO_SKIN_PRICE_3","0.9023575011399908","60","TabPFN-v2 🤯","3","all","","nlp-srv2.iem.technion.ac.il","MUL_IMAGE_CSGO_SKIN_PRICE","2026-04-09T01:18:41.000Z"
"tabm_MUL_IMAGE_CSGO_SKIN_PRICE_3","0.8521921264629884","60","TabM Ⓜ️","3","all","","nlp-srv2.iem.technion.ac.il","MUL_IMAGE_CSGO_SKIN_PRICE","2026-04-09T01:17:25.000Z"
"cat_MUL_IMAGE_CSGO_SKIN_PRICE_3","0.8370357197142424","60","CatBoost 😸","3","all","","nlp-srv2.iem.technion.ac.il","MUL_IMAGE_CSGO_SKIN_PRICE","2026-04-09T01:14:56.000Z"
"light_MUL_IMAGE_CSGO_SKIN_PRICE_3","0.8135063079495364","60","LightGBM 💡","3","all","","nlp-srv2.iem.technion.ac.il","MUL_IMAGE_CSGO_SKIN_PRICE","2026-04-09T01:13:19.000Z"
"tabpfnv2p5_MUL_IMAGE_CSGO_SKIN_PRICE_2","0.9157774737802098","60","TabPFN-v2p5 🇩🇪","2","all","","nlp-srv2.iem.technion.ac.il","MUL_IMAGE_CSGO_SKIN_PRICE","2026-04-09T01:11:59.000Z"
"tabpfnv2_MUL_IMAGE_CSGO_SKIN_PRICE_2","0.904501291989664","60","TabPFN-v2 🤯","2","all","","nlp-srv2.iem.technion.ac.il","MUL_IMAGE_CSGO_SKIN_PRICE","2026-04-09T01:10:40.000Z"
"tabm_MUL_IMAGE_CSGO_SKIN_PRICE_2","0.8713293813649491","60","TabM Ⓜ️","2","all","","nlp-srv2.iem.technion.ac.il","MUL_IMAGE_CSGO_SKIN_PRICE","2026-04-09T01:09:15.000Z"
"cat_MUL_IMAGE_CSGO_SKIN_PRICE_2","0.8640972792217664","60","CatBoost 😸","2","all","","nlp-srv2.iem.technion.ac.il","MUL_IMAGE_CSGO_SKIN_PRICE","2026-04-09T01:07:29.000Z"
"light_MUL_IMAGE_CSGO_SKIN_PRICE_2","0.8343748290013681","60","LightGBM 💡","2","all","","nlp-srv2.iem.technion.ac.il","MUL_IMAGE_CSGO_SKIN_PRICE","2026-04-09T01:05:50.000Z"
"tabpfnv2p5_MUL_IMAGE_CSGO_SKIN_PRICE_1","0.9075777473780208","60","TabPFN-v2p5 🇩🇪","1","all","","nlp-srv2.iem.technion.ac.il","MUL_IMAGE_CSGO_SKIN_PRICE","2026-04-09T01:04:28.000Z"
"tabm_MUL_IMAGE_CSGO_SKIN_PRICE_1","0.8647262501899986","60","TabM Ⓜ️","1","all","","nlp-srv2.iem.technion.ac.il","MUL_IMAGE_CSGO_SKIN_PRICE","2026-04-09T01:02:00.000Z"
"cat_MUL_IMAGE_CSGO_SKIN_PRICE_1","0.8563544611643106","60","CatBoost 😸","1","all","","nlp-srv2.iem.technion.ac.il","MUL_IMAGE_CSGO_SKIN_PRICE","2026-04-09T01:00:24.000Z"
"light_MUL_IMAGE_CSGO_SKIN_PRICE_1","0.7900665754673962","60","LightGBM 💡","1","all","","nlp-srv2.iem.technion.ac.il","MUL_IMAGE_CSGO_SKIN_PRICE","2026-04-09T00:59:12.000Z"
"tabpfnv2p5_MUL_IMAGE_CSGO_SKIN_PRICE_0","0.9279145766833864","60","TabPFN-v2p5 🇩🇪","0","all","","nlp-srv2.iem.technion.ac.il","MUL_IMAGE_CSGO_SKIN_PRICE","2026-04-09T00:57:45.000Z"
"tabpfnv2_MUL_IMAGE_CSGO_SKIN_PRICE_0","0.9182067183462532","60","TabPFN-v2 🤯","0","all","","nlp-srv2.iem.technion.ac.il","MUL_IMAGE_CSGO_SKIN_PRICE","2026-04-09T00:56:44.000Z"
"tabm_MUL_IMAGE_CSGO_SKIN_PRICE_0","0.9017689618483052","60","TabM Ⓜ️","0","all","","nlp-srv2.iem.technion.ac.il","MUL_IMAGE_CSGO_SKIN_PRICE","2026-04-09T00:55:11.000Z"
"light_MUL_IMAGE_CSGO_SKIN_PRICE_0","0.8664751481988144","60","LightGBM 💡","0","all","","nlp-srv2.iem.technion.ac.il","MUL_IMAGE_CSGO_SKIN_PRICE","2026-04-09T00:52:16.000Z"
"tabpfnv2p5_MUL_IMAGE_CHEXPERT_4","0.7969241946650376","60","TabPFN-v2p5 🇩🇪","4","all","","nlp-srv2.iem.technion.ac.il","MUL_IMAGE_CHEXPERT","2026-04-09T00:48:54.000Z"
"tabpfnv2_MUL_IMAGE_CHEXPERT_4","0.7919361111694135","60","TabPFN-v2 🤯","4","all","","nlp-srv2.iem.technion.ac.il","MUL_IMAGE_CHEXPERT","2026-04-09T00:46:36.000Z"
"tabm_MUL_IMAGE_CHEXPERT_4","0.7574838892042767","60","TabM Ⓜ️","4","all","","nlp-srv2.iem.technion.ac.il","MUL_IMAGE_CHEXPERT","2026-04-09T00:43:40.000Z"
"cat_MUL_IMAGE_CHEXPERT_4","0.7749615355437819","60","CatBoost 😸","4","all","","nlp-srv2.iem.technion.ac.il","MUL_IMAGE_CHEXPERT","2026-04-09T00:41:11.000Z"
"light_MUL_IMAGE_CHEXPERT_4","0.7762682672640415","60","LightGBM 💡","4","all","","nlp-srv2.iem.technion.ac.il","MUL_IMAGE_CHEXPERT","2026-04-09T00:38:36.000Z"
"tabpfnv2p5_MUL_IMAGE_CHEXPERT_3","0.7940781640557549","60","TabPFN-v2p5 🇩🇪","3","all","","nlp-srv2.iem.technion.ac.il","MUL_IMAGE_CHEXPERT","2026-04-09T00:35:36.000Z"
"tabpfnv2_MUL_IMAGE_CHEXPERT_3","0.7937504368876831","60","TabPFN-v2 🤯","3","all","","nlp-srv2.iem.technion.ac.il","MUL_IMAGE_CHEXPERT","2026-04-09T00:33:01.000Z"
"tabm_MUL_IMAGE_CHEXPERT_3","0.7478946681405757","60","TabM Ⓜ️","3","all","","nlp-srv2.iem.technion.ac.il","MUL_IMAGE_CHEXPERT","2026-04-09T00:31:15.000Z"
"tabpfnv2_MUL_IMAGE_CHEXPERT_2","0.7938649384444775","60","TabPFN-v2 🤯","2","all","","nlp-srv2.iem.technion.ac.il","MUL_IMAGE_CHEXPERT","2026-04-09T00:29:53.000Z"
"cat_MUL_IMAGE_CHEXPERT_3","0.774826446386165","60","CatBoost 😸","3","all","","nlp-srv2.iem.technion.ac.il","MUL_IMAGE_CHEXPERT","2026-04-09T00:25:45.000Z"
"light_MUL_IMAGE_CHEXPERT_3","0.7658524254444382","60","LightGBM 💡","3","all","","nlp-srv2.iem.technion.ac.il","MUL_IMAGE_CHEXPERT","2026-04-09T00:22:51.000Z"
"tabpfnv2p5_MUL_IMAGE_CHEXPERT_2","0.7941271749596351","60","TabPFN-v2p5 🇩🇪","2","all","","nlp-srv2.iem.technion.ac.il","MUL_IMAGE_CHEXPERT","2026-04-09T00:18:08.000Z"
"tabm_MUL_IMAGE_CHEXPERT_2","0.7589572802011165","60","TabM Ⓜ️","2","all","","nlp-srv2.iem.technion.ac.il","MUL_IMAGE_CHEXPERT","2026-04-09T00:11:41.000Z"
"cat_MUL_IMAGE_CHEXPERT_2","0.7808650292359401","60","CatBoost 😸","2","all","","nlp-srv2.iem.technion.ac.il","MUL_IMAGE_CHEXPERT","2026-04-09T00:09:07.000Z"
"light_MUL_IMAGE_CHEXPERT_2","0.7760495307011789","60","LightGBM 💡","2","all","","nlp-srv2.iem.technion.ac.il","MUL_IMAGE_CHEXPERT","2026-04-09T00:06:11.000Z"
"tabpfnv2p5_MUL_IMAGE_CHEXPERT_1","0.7867140251282684","60","TabPFN-v2p5 🇩🇪","1","all","","nlp-srv2.iem.technion.ac.il","MUL_IMAGE_CHEXPERT","2026-04-09T00:04:37.000Z"
"tabpfnv2_MUL_IMAGE_CHEXPERT_1","0.78540665971025","60","TabPFN-v2 🤯","1","all","","nlp-srv2.iem.technion.ac.il","MUL_IMAGE_CHEXPERT","2026-04-09T00:00:46.000Z"
"tabm_MUL_IMAGE_CHEXPERT_1","0.7463559176806515","60","TabM Ⓜ️","1","all","","nlp-srv2.iem.technion.ac.il","MUL_IMAGE_CHEXPERT","2026-04-08T23:56:23.000Z"
"cat_MUL_IMAGE_CHEXPERT_1","0.7653774255042624","60","CatBoost 😸","1","all","","nlp-srv2.iem.technion.ac.il","MUL_IMAGE_CHEXPERT","2026-04-08T23:52:18.000Z"
"light_MUL_IMAGE_CHEXPERT_1","0.7614549497775708","60","LightGBM 💡","1","all","","nlp-srv2.iem.technion.ac.il","MUL_IMAGE_CHEXPERT","2026-04-08T23:49:12.000Z"
"tabpfnv2p5_MUL_IMAGE_CHEXPERT_0","0.784765396778805","60","TabPFN-v2p5 🇩🇪","0","all","","nlp-srv2.iem.technion.ac.il","MUL_IMAGE_CHEXPERT","2026-04-08T23:45:18.000Z"
"tabpfnv2_MUL_IMAGE_CHEXPERT_0","0.7850744312864139","60","TabPFN-v2 🤯","0","all","","nlp-srv2.iem.technion.ac.il","MUL_IMAGE_CHEXPERT","2026-04-08T23:42:09.000Z"
"tabm_MUL_IMAGE_CHEXPERT_0","0.744156684668389","60","TabM Ⓜ️","0","all","","nlp-srv2.iem.technion.ac.il","MUL_IMAGE_CHEXPERT","2026-04-08T23:38:43.000Z"
"cat_MUL_IMAGE_CHEXPERT_0","0.7715062339188831","60","CatBoost 😸","0","all","","nlp-srv2.iem.technion.ac.il","MUL_IMAGE_CHEXPERT","2026-04-08T23:35:49.000Z"
"light_MUL_IMAGE_CHEXPERT_0","0.7722950151325247","60","LightGBM 💡","0","all","","nlp-srv2.iem.technion.ac.il","MUL_IMAGE_CHEXPERT","2026-04-08T23:31:17.000Z"
"tabpfnv2p5_MUL_IMAGE_CBIS_DDSM_4","0.892345066247626","60","TabPFN-v2p5 🇩🇪","4","all","","nlp-srv2.iem.technion.ac.il","MUL_IMAGE_CBIS_DDSM","2026-04-08T23:25:41.000Z"
"tabpfnv2_MUL_IMAGE_CBIS_DDSM_4","0.8811787691234783","60","TabPFN-v2 🤯","4","all","","nlp-srv2.iem.technion.ac.il","MUL_IMAGE_CBIS_DDSM","2026-04-08T23:18:19.000Z"
"tabm_MUL_IMAGE_CBIS_DDSM_4","0.8816442426821327","60","TabM Ⓜ️","4","all","","nlp-srv2.iem.technion.ac.il","MUL_IMAGE_CBIS_DDSM","2026-04-08T23:10:27.000Z"
"cat_MUL_IMAGE_CBIS_DDSM_4","0.8727806884142424","60","CatBoost 😸","4","all","","nlp-srv2.iem.technion.ac.il","MUL_IMAGE_CBIS_DDSM","2026-04-08T23:02:58.000Z"
"light_MUL_IMAGE_CBIS_DDSM_4","0.8444698858724455","60","LightGBM 💡","4","all","","nlp-srv2.iem.technion.ac.il","MUL_IMAGE_CBIS_DDSM","2026-04-08T22:55:48.000Z"
"tabpfnv2p5_MUL_IMAGE_CBIS_DDSM_3","0.9130065918757428","60","TabPFN-v2p5 🇩🇪","3","all","","nlp-srv2.iem.technion.ac.il","MUL_IMAGE_CBIS_DDSM","2026-04-08T22:47:51.000Z"
"tabpfnv2_MUL_IMAGE_CBIS_DDSM_3","0.9094958730356808","60","TabPFN-v2 🤯","3","all","","nlp-srv2.iem.technion.ac.il","MUL_IMAGE_CBIS_DDSM","2026-04-08T22:40:12.000Z"
"tabm_MUL_IMAGE_CBIS_DDSM_3","0.9094542638433188","60","TabM Ⓜ️","3","all","","nlp-srv2.iem.technion.ac.il","MUL_IMAGE_CBIS_DDSM","2026-04-08T22:32:39.000Z"
"cat_MUL_IMAGE_CBIS_DDSM_3","0.8917689836969985","60","CatBoost 😸","3","all","","nlp-srv2.iem.technion.ac.il","MUL_IMAGE_CBIS_DDSM","2026-04-08T22:25:11.000Z"
"light_MUL_IMAGE_CBIS_DDSM_3","0.8775718929585659","60","LightGBM 💡","3","all","","nlp-srv2.iem.technion.ac.il","MUL_IMAGE_CBIS_DDSM","2026-04-08T22:18:09.000Z"
"tabpfnv2p5_MUL_IMAGE_CBIS_DDSM_2","0.8814078392184089","60","TabPFN-v2p5 🇩🇪","2","all","","nlp-srv2.iem.technion.ac.il","MUL_IMAGE_CBIS_DDSM","2026-04-08T22:10:17.000Z"
"tabpfnv2_MUL_IMAGE_CBIS_DDSM_2","0.8704453781124217","60","TabPFN-v2 🤯","2","all","","nlp-srv2.iem.technion.ac.il","MUL_IMAGE_CBIS_DDSM","2026-04-08T22:02:09.000Z"
"tabm_MUL_IMAGE_CBIS_DDSM_2","0.8744123119461245","60","TabM Ⓜ️","2","all","","nlp-srv2.iem.technion.ac.il","MUL_IMAGE_CBIS_DDSM","2026-04-08T21:55:01.000Z"
"cat_MUL_IMAGE_CBIS_DDSM_2","0.8564994128721973","60","CatBoost 😸","2","all","","nlp-srv2.iem.technion.ac.il","MUL_IMAGE_CBIS_DDSM","2026-04-08T21:47:02.000Z"
"light_MUL_IMAGE_CBIS_DDSM_2","0.8243394925339089","60","LightGBM 💡","2","all","","nlp-srv2.iem.technion.ac.il","MUL_IMAGE_CBIS_DDSM","2026-04-08T21:39:36.000Z"
"tabpfnv2p5_MUL_IMAGE_CBIS_DDSM_1","0.8986238072109524","60","TabPFN-v2p5 🇩🇪","1","all","","nlp-srv2.iem.technion.ac.il","MUL_IMAGE_CBIS_DDSM","2026-04-08T21:32:12.000Z"
"tabpfnv2_MUL_IMAGE_CBIS_DDSM_1","0.8822896656496116","60","TabPFN-v2 🤯","1","all","","nlp-srv2.iem.technion.ac.il","MUL_IMAGE_CBIS_DDSM","2026-04-08T21:24:00.000Z"
"tabm_MUL_IMAGE_CBIS_DDSM_1","0.8891627844263195","60","TabM Ⓜ️","1","all","","nlp-srv2.iem.technion.ac.il","MUL_IMAGE_CBIS_DDSM","2026-04-08T21:16:47.000Z"
"cat_MUL_IMAGE_CBIS_DDSM_1","0.8805023810096684","60","CatBoost 😸","1","all","","nlp-srv2.iem.technion.ac.il","MUL_IMAGE_CBIS_DDSM","2026-04-08T21:09:34.000Z"
"light_MUL_IMAGE_CBIS_DDSM_1","0.8565345906323539","60","LightGBM 💡","1","all","","nlp-srv2.iem.technion.ac.il","MUL_IMAGE_CBIS_DDSM","2026-04-08T21:01:53.000Z"
"tabpfnv2p5_MUL_IMAGE_CBIS_DDSM_0","0.8718470215537113","60","TabPFN-v2p5 🇩🇪","0","all","","nlp-srv2.iem.technion.ac.il","MUL_IMAGE_CBIS_DDSM","2026-04-08T20:54:15.000Z"
"tabpfnv2_MUL_IMAGE_CBIS_DDSM_0","0.864188411018824","60","TabPFN-v2 🤯","0","all","","nlp-srv2.iem.technion.ac.il","MUL_IMAGE_CBIS_DDSM","2026-04-08T20:45:41.000Z"
"tabm_MUL_IMAGE_CBIS_DDSM_0","0.8587364769954904","60","TabM Ⓜ️","0","all","","nlp-srv2.iem.technion.ac.il","MUL_IMAGE_CBIS_DDSM","2026-04-08T20:39:03.000Z"
"cat_MUL_IMAGE_CBIS_DDSM_0","0.8473362505432835","60","CatBoost 😸","0","all","","nlp-srv2.iem.technion.ac.il","MUL_IMAGE_CBIS_DDSM","2026-04-08T20:31:38.000Z"
"light_MUL_IMAGE_CBIS_DDSM_0","0.8175378875509078","60","LightGBM 💡","0","all","","nlp-srv2.iem.technion.ac.il","MUL_IMAGE_CBIS_DDSM","2026-04-08T20:23:39.000Z"
"tabpfnv2p5_BIN_IMAGE_MAMMOGRAPHY_CMMD_4","0.7993793554006969","60","TabPFN-v2p5 🇩🇪","4","all","","nlp-srv2.iem.technion.ac.il","BIN_IMAGE_MAMMOGRAPHY_CMMD","2026-04-08T20:17:43.000Z"
"tabpfnv2_BIN_IMAGE_MAMMOGRAPHY_CMMD_4","0.8096036585365853","60","TabPFN-v2 🤯","4","all","","nlp-srv2.iem.technion.ac.il","BIN_IMAGE_MAMMOGRAPHY_CMMD","2026-04-08T20:11:41.000Z"
"tabm_BIN_IMAGE_MAMMOGRAPHY_CMMD_4","0.7127831010452962","60","TabM Ⓜ️","4","all","","nlp-srv2.iem.technion.ac.il","BIN_IMAGE_MAMMOGRAPHY_CMMD","2026-04-08T20:05:38.000Z"
"cat_BIN_IMAGE_MAMMOGRAPHY_CMMD_4","0.751698606271777","60","CatBoost 😸","4","all","","nlp-srv2.iem.technion.ac.il","BIN_IMAGE_MAMMOGRAPHY_CMMD","2026-04-08T19:59:50.000Z"
"light_BIN_IMAGE_MAMMOGRAPHY_CMMD_4","0.7436411149825785","60","LightGBM 💡","4","all","","nlp-srv2.iem.technion.ac.il","BIN_IMAGE_MAMMOGRAPHY_CMMD","2026-04-08T19:54:05.000Z"
"tabpfnv2p5_BIN_IMAGE_MAMMOGRAPHY_CMMD_3","0.7833188153310104","60","TabPFN-v2p5 🇩🇪","3","all","","nlp-srv2.iem.technion.ac.il","BIN_IMAGE_MAMMOGRAPHY_CMMD","2026-04-08T19:48:13.000Z"
"tabpfnv2_BIN_IMAGE_MAMMOGRAPHY_CMMD_3","0.7948279616724738","60","TabPFN-v2 🤯","3","all","","nlp-srv2.iem.technion.ac.il","BIN_IMAGE_MAMMOGRAPHY_CMMD","2026-04-08T19:42:11.000Z"
"tabm_BIN_IMAGE_MAMMOGRAPHY_CMMD_3","0.7412674216027875","60","TabM Ⓜ️","3","all","","nlp-srv2.iem.technion.ac.il","BIN_IMAGE_MAMMOGRAPHY_CMMD","2026-04-08T19:36:05.000Z"
"cat_BIN_IMAGE_MAMMOGRAPHY_CMMD_3","0.7306184668989546","60","CatBoost 😸","3","all","","nlp-srv2.iem.technion.ac.il","BIN_IMAGE_MAMMOGRAPHY_CMMD","2026-04-08T19:29:51.000Z"
"light_BIN_IMAGE_MAMMOGRAPHY_CMMD_3","0.747016550522648","60","LightGBM 💡","3","all","","nlp-srv2.iem.technion.ac.il","BIN_IMAGE_MAMMOGRAPHY_CMMD","2026-04-08T19:23:38.000Z"
"tabpfnv2p5_BIN_IMAGE_MAMMOGRAPHY_CMMD_2","0.8023410278745644","60","TabPFN-v2p5 🇩🇪","2","all","","nlp-srv2.iem.technion.ac.il","BIN_IMAGE_MAMMOGRAPHY_CMMD","2026-04-08T19:17:45.000Z"
"tabpfnv2_BIN_IMAGE_MAMMOGRAPHY_CMMD_2","0.8016223867595818","60","TabPFN-v2 🤯","2","all","","nlp-srv2.iem.technion.ac.il","BIN_IMAGE_MAMMOGRAPHY_CMMD","2026-04-08T19:11:43.000Z"
"tabm_BIN_IMAGE_MAMMOGRAPHY_CMMD_2","0.7693162020905924","60","TabM Ⓜ️","2","all","","nlp-srv2.iem.technion.ac.il","BIN_IMAGE_MAMMOGRAPHY_CMMD","2026-04-08T19:05:40.000Z"
"cat_BIN_IMAGE_MAMMOGRAPHY_CMMD_2","0.7380879790940766","60","CatBoost 😸","2","all","","nlp-srv2.iem.technion.ac.il","BIN_IMAGE_MAMMOGRAPHY_CMMD","2026-04-08T18:59:52.000Z"
"light_BIN_IMAGE_MAMMOGRAPHY_CMMD_2","0.7338632404181186","60","LightGBM 💡","2","all","","nlp-srv2.iem.technion.ac.il","BIN_IMAGE_MAMMOGRAPHY_CMMD","2026-04-08T18:53:13.000Z"
"tabpfnv2p5_BIN_IMAGE_MAMMOGRAPHY_CMMD_1","0.7992922473867596","60","TabPFN-v2p5 🇩🇪","1","all","","nlp-srv2.iem.technion.ac.il","BIN_IMAGE_MAMMOGRAPHY_CMMD","2026-04-08T18:47:10.000Z"
"tabpfnv2_BIN_IMAGE_MAMMOGRAPHY_CMMD_1","0.8097778745644599","60","TabPFN-v2 🤯","1","all","","nlp-srv2.iem.technion.ac.il","BIN_IMAGE_MAMMOGRAPHY_CMMD","2026-04-08T18:40:32.000Z"
"tabm_BIN_IMAGE_MAMMOGRAPHY_CMMD_1","0.7603549651567943","60","TabM Ⓜ️","1","all","","nlp-srv2.iem.technion.ac.il","BIN_IMAGE_MAMMOGRAPHY_CMMD","2026-04-08T18:34:09.000Z"
"cat_BIN_IMAGE_MAMMOGRAPHY_CMMD_1","0.7492378048780488","60","CatBoost 😸","1","all","","nlp-srv2.iem.technion.ac.il","BIN_IMAGE_MAMMOGRAPHY_CMMD","2026-04-08T18:27:53.000Z"
"light_BIN_IMAGE_MAMMOGRAPHY_CMMD_1","0.7627395470383275","60","LightGBM 💡","1","all","","nlp-srv2.iem.technion.ac.il","BIN_IMAGE_MAMMOGRAPHY_CMMD","2026-04-08T18:21:47.000Z"
"tabpfnv2p5_BIN_IMAGE_MAMMOGRAPHY_CMMD_0","0.8381968641114983","60","TabPFN-v2p5 🇩🇪","0","all","","nlp-srv2.iem.technion.ac.il","BIN_IMAGE_MAMMOGRAPHY_CMMD","2026-04-08T18:15:39.000Z"
"tabpfnv2_BIN_IMAGE_MAMMOGRAPHY_CMMD_0","0.838588850174216","60","TabPFN-v2 🤯","0","all","","nlp-srv2.iem.technion.ac.il","BIN_IMAGE_MAMMOGRAPHY_CMMD","2026-04-08T18:09:21.000Z"
"tabm_BIN_IMAGE_MAMMOGRAPHY_CMMD_0","0.7485844947735192","60","TabM Ⓜ️","0","all","","nlp-srv2.iem.technion.ac.il","BIN_IMAGE_MAMMOGRAPHY_CMMD","2026-04-08T18:03:07.000Z"
"cat_BIN_IMAGE_MAMMOGRAPHY_CMMD_0","0.8019599303135889","60","CatBoost 😸","0","all","","nlp-srv2.iem.technion.ac.il","BIN_IMAGE_MAMMOGRAPHY_CMMD","2026-04-08T17:57:04.000Z"
"light_BIN_IMAGE_MAMMOGRAPHY_CMMD_0","0.7966245644599302","60","LightGBM 💡","0","all","","nlp-srv2.iem.technion.ac.il","BIN_IMAGE_MAMMOGRAPHY_CMMD","2026-04-08T17:51:06.000Z"
"tabpfnv2p5_BIN_IMAGE_HATEFUL_MEME_4","0.7518478738207734","60","TabPFN-v2p5 🇩🇪","4","all","","nlp-srv2.iem.technion.ac.il","BIN_IMAGE_HATEFUL_MEME","2026-04-08T17:42:42.000Z"
"tabpfnv2_BIN_IMAGE_HATEFUL_MEME_4","0.7458822969190638","60","TabPFN-v2 🤯","4","all","","nlp-srv2.iem.technion.ac.il","BIN_IMAGE_HATEFUL_MEME","2026-04-08T17:32:09.000Z"
"tabm_BIN_IMAGE_HATEFUL_MEME_4","0.7590224390347141","60","TabM Ⓜ️","4","all","","nlp-srv2.iem.technion.ac.il","BIN_IMAGE_HATEFUL_MEME","2026-04-08T17:22:06.000Z"
"cat_BIN_IMAGE_HATEFUL_MEME_4","0.7201125919968677","60","CatBoost 😸","4","all","","nlp-srv2.iem.technion.ac.il","BIN_IMAGE_HATEFUL_MEME","2026-04-08T17:11:52.000Z"
"light_BIN_IMAGE_HATEFUL_MEME_4","0.7090385765154681","60","LightGBM 💡","4","all","","nlp-srv2.iem.technion.ac.il","BIN_IMAGE_HATEFUL_MEME","2026-04-08T17:02:04.000Z"
"tabpfnv2p5_BIN_IMAGE_HATEFUL_MEME_3","0.7736493457706572","60","TabPFN-v2p5 🇩🇪","3","all","","nlp-srv2.iem.technion.ac.il","BIN_IMAGE_HATEFUL_MEME","2026-04-08T16:51:30.000Z"
"tabpfnv2_BIN_IMAGE_HATEFUL_MEME_3","0.7473214427436892","60","TabPFN-v2 🤯","3","all","","nlp-srv2.iem.technion.ac.il","BIN_IMAGE_HATEFUL_MEME","2026-04-08T16:41:07.000Z"
"tabm_BIN_IMAGE_HATEFUL_MEME_3","0.7678319162332474","60","TabM Ⓜ️","3","all","","nlp-srv2.iem.technion.ac.il","BIN_IMAGE_HATEFUL_MEME","2026-04-08T16:30:53.000Z"
"cat_BIN_IMAGE_HATEFUL_MEME_3","0.72880566769488","60","CatBoost 😸","3","all","","nlp-srv2.iem.technion.ac.il","BIN_IMAGE_HATEFUL_MEME","2026-04-08T16:21:27.000Z"
"light_BIN_IMAGE_HATEFUL_MEME_3","0.7297739165401241","60","LightGBM 💡","3","all","","nlp-srv2.iem.technion.ac.il","BIN_IMAGE_HATEFUL_MEME","2026-04-08T16:11:52.000Z"
"tabpfnv2p5_BIN_IMAGE_HATEFUL_MEME_2","0.7768503870349892","60","TabPFN-v2p5 🇩🇪","2","all","","nlp-srv2.iem.technion.ac.il","BIN_IMAGE_HATEFUL_MEME","2026-04-08T16:01:25.000Z"
"tabpfnv2_BIN_IMAGE_HATEFUL_MEME_2","0.7550965338807731","60","TabPFN-v2 🤯","2","all","","nlp-srv2.iem.technion.ac.il","BIN_IMAGE_HATEFUL_MEME","2026-04-08T15:51:44.000Z"
"tabm_BIN_IMAGE_HATEFUL_MEME_2","0.7786625467590118","60","TabM Ⓜ️","2","all","","nlp-srv2.iem.technion.ac.il","BIN_IMAGE_HATEFUL_MEME","2026-04-08T15:41:57.000Z"
"cat_BIN_IMAGE_HATEFUL_MEME_2","0.7593081518087206","60","CatBoost 😸","2","all","","nlp-srv2.iem.technion.ac.il","BIN_IMAGE_HATEFUL_MEME","2026-04-08T15:31:56.000Z"
"light_BIN_IMAGE_HATEFUL_MEME_2","0.7336627848529902","60","LightGBM 💡","2","all","","nlp-srv2.iem.technion.ac.il","BIN_IMAGE_HATEFUL_MEME","2026-04-08T15:22:07.000Z"
"tabpfnv2p5_BIN_IMAGE_HATEFUL_MEME_1","0.7619536404569288","60","TabPFN-v2p5 🇩🇪","1","all","","nlp-srv2.iem.technion.ac.il","BIN_IMAGE_HATEFUL_MEME","2026-04-08T15:11:57.000Z"
"tabpfnv2_BIN_IMAGE_HATEFUL_MEME_1","0.7424563891196343","60","TabPFN-v2 🤯","1","all","","nlp-srv2.iem.technion.ac.il","BIN_IMAGE_HATEFUL_MEME","2026-04-08T15:02:14.000Z"
"tabm_BIN_IMAGE_HATEFUL_MEME_1","0.7584404315321083","60","TabM Ⓜ️","1","all","","nlp-srv2.iem.technion.ac.il","BIN_IMAGE_HATEFUL_MEME","2026-04-08T14:52:05.000Z"
"cat_BIN_IMAGE_HATEFUL_MEME_1","0.7176893243951091","60","CatBoost 😸","1","all","","nlp-srv2.iem.technion.ac.il","BIN_IMAGE_HATEFUL_MEME","2026-04-08T14:42:08.000Z"
"light_BIN_IMAGE_HATEFUL_MEME_1","0.718414188284718","60","LightGBM 💡","1","all","","nlp-srv2.iem.technion.ac.il","BIN_IMAGE_HATEFUL_MEME","2026-04-08T14:32:27.000Z"
"tabpfnv2p5_BIN_IMAGE_HATEFUL_MEME_0","0.7730038465404945","60","TabPFN-v2p5 🇩🇪","0","all","","nlp-srv2.iem.technion.ac.il","BIN_IMAGE_HATEFUL_MEME","2026-04-08T14:22:15.000Z"
"tabpfnv2_BIN_IMAGE_HATEFUL_MEME_0","0.7642023058079057","60","TabPFN-v2 🤯","0","all","","nlp-srv2.iem.technion.ac.il","BIN_IMAGE_HATEFUL_MEME","2026-04-08T14:11:32.000Z"
"tabm_BIN_IMAGE_HATEFUL_MEME_0","0.7598160856291766","60","TabM Ⓜ️","0","all","","nlp-srv2.iem.technion.ac.il","BIN_IMAGE_HATEFUL_MEME","2026-04-08T14:01:17.000Z"
"cat_BIN_IMAGE_HATEFUL_MEME_0","0.734398230697192","60","CatBoost 😸","0","all","","nlp-srv2.iem.technion.ac.il","BIN_IMAGE_HATEFUL_MEME","2026-04-08T13:50:56.000Z"
"light_BIN_IMAGE_HATEFUL_MEME_0","0.7272659933016227","60","LightGBM 💡","0","all","","nlp-srv2.iem.technion.ac.il","BIN_IMAGE_HATEFUL_MEME","2026-04-08T13:40:52.000Z"
"tabpfnv2p5_BIN_IMAGE_CELEB_ATTRACTIVENESS_4","0.9163047251996306","60","TabPFN-v2p5 🇩🇪","4","all","","nlp-srv2.iem.technion.ac.il","BIN_IMAGE_CELEB_ATTRACTIVENESS","2026-04-08T13:35:25.000Z"
"tabpfnv2_BIN_IMAGE_CELEB_ATTRACTIVENESS_4","0.9145537989596496","60","TabPFN-v2 🤯","4","all","","nlp-srv2.iem.technion.ac.il","BIN_IMAGE_CELEB_ATTRACTIVENESS","2026-04-08T13:30:36.000Z"
"tabm_BIN_IMAGE_CELEB_ATTRACTIVENESS_4","0.9167659691977056","60","TabM Ⓜ️","4","all","","nlp-srv2.iem.technion.ac.il","BIN_IMAGE_CELEB_ATTRACTIVENESS","2026-04-08T13:26:04.000Z"
"cat_BIN_IMAGE_CELEB_ATTRACTIVENESS_4","0.9103665839228952","60","CatBoost 😸","4","all","","nlp-srv2.iem.technion.ac.il","BIN_IMAGE_CELEB_ATTRACTIVENESS","2026-04-08T13:21:57.000Z"
"light_BIN_IMAGE_CELEB_ATTRACTIVENESS_4","0.9038371298416864","60","LightGBM 💡","4","all","","nlp-srv2.iem.technion.ac.il","BIN_IMAGE_CELEB_ATTRACTIVENESS","2026-04-08T13:16:16.000Z"
"tabpfnv2p5_BIN_IMAGE_CELEB_ATTRACTIVENESS_3","0.9080413538762004","60","TabPFN-v2p5 🇩🇪","3","all","","nlp-srv2.iem.technion.ac.il","BIN_IMAGE_CELEB_ATTRACTIVENESS","2026-04-08T13:09:10.000Z"
"tabpfnv2_BIN_IMAGE_CELEB_ATTRACTIVENESS_3","0.9075691040560456","60","TabPFN-v2 🤯","3","all","","nlp-srv2.iem.technion.ac.il","BIN_IMAGE_CELEB_ATTRACTIVENESS","2026-04-08T13:03:54.000Z"
"tabm_BIN_IMAGE_CELEB_ATTRACTIVENESS_3","0.9090799032688291","60","TabM Ⓜ️","3","all","","nlp-srv2.iem.technion.ac.il","BIN_IMAGE_CELEB_ATTRACTIVENESS","2026-04-08T12:58:55.000Z"
"cat_BIN_IMAGE_CELEB_ATTRACTIVENESS_3","0.902292312633383","60","CatBoost 😸","3","all","","nlp-srv2.iem.technion.ac.il","BIN_IMAGE_CELEB_ATTRACTIVENESS","2026-04-08T12:53:34.000Z"
"light_BIN_IMAGE_CELEB_ATTRACTIVENESS_3","0.8955327368177766","60","LightGBM 💡","3","all","","nlp-srv2.iem.technion.ac.il","BIN_IMAGE_CELEB_ATTRACTIVENESS","2026-04-08T12:48:24.000Z"
"tabpfnv2p5_BIN_IMAGE_CELEB_ATTRACTIVENESS_2","0.9157209163647568","60","TabPFN-v2p5 🇩🇪","2","all","","nlp-srv2.iem.technion.ac.il","BIN_IMAGE_CELEB_ATTRACTIVENESS","2026-04-08T12:43:52.000Z"
"tabpfnv2_BIN_IMAGE_CELEB_ATTRACTIVENESS_2","0.912965458727667","60","TabPFN-v2 🤯","2","all","","nlp-srv2.iem.technion.ac.il","BIN_IMAGE_CELEB_ATTRACTIVENESS","2026-04-08T12:38:42.000Z"
"tabm_BIN_IMAGE_CELEB_ATTRACTIVENESS_2","0.9121815440367956","60","TabM Ⓜ️","2","all","","nlp-srv2.iem.technion.ac.il","BIN_IMAGE_CELEB_ATTRACTIVENESS","2026-04-08T12:29:03.000Z"
"cat_BIN_IMAGE_CELEB_ATTRACTIVENESS_2","0.9081233972771596","60","CatBoost 😸","2","all","","nlp-srv2.iem.technion.ac.il","BIN_IMAGE_CELEB_ATTRACTIVENESS","2026-04-08T12:23:11.000Z"
"light_BIN_IMAGE_CELEB_ATTRACTIVENESS_2","0.9043614071844004","60","LightGBM 💡","2","all","","nlp-srv2.iem.technion.ac.il","BIN_IMAGE_CELEB_ATTRACTIVENESS","2026-04-08T12:17:29.000Z"
"tabpfnv2p5_BIN_IMAGE_CELEB_ATTRACTIVENESS_1","0.9074120209590874","60","TabPFN-v2p5 🇩🇪","1","all","","nlp-srv2.iem.technion.ac.il","BIN_IMAGE_CELEB_ATTRACTIVENESS","2026-04-08T12:11:44.000Z"
"tabpfnv2_BIN_IMAGE_CELEB_ATTRACTIVENESS_1","0.906073813047102","60","TabPFN-v2 🤯","1","all","","nlp-srv2.iem.technion.ac.il","BIN_IMAGE_CELEB_ATTRACTIVENESS","2026-04-08T12:06:53.000Z"
"tabm_BIN_IMAGE_CELEB_ATTRACTIVENESS_1","0.9025184322506606","60","TabM Ⓜ️","1","all","","nlp-srv2.iem.technion.ac.il","BIN_IMAGE_CELEB_ATTRACTIVENESS","2026-04-08T12:01:18.000Z"
"cat_BIN_IMAGE_CELEB_ATTRACTIVENESS_1","0.9009626092202776","60","CatBoost 😸","1","all","","nlp-srv2.iem.technion.ac.il","BIN_IMAGE_CELEB_ATTRACTIVENESS","2026-04-08T11:57:48.000Z"
"light_BIN_IMAGE_CELEB_ATTRACTIVENESS_1","0.8949154102520233","60","LightGBM 💡","1","all","","nlp-srv2.iem.technion.ac.il","BIN_IMAGE_CELEB_ATTRACTIVENESS","2026-04-08T11:52:23.000Z"
"tabm_BIN_IMAGE_CELEB_ATTRACTIVENESS_0","0.9141335766620542","60","TabM Ⓜ️","0","all","","nlp-srv2.iem.technion.ac.il","BIN_IMAGE_CELEB_ATTRACTIVENESS","2026-04-08T11:50:37.000Z"
"cat_BIN_IMAGE_CELEB_ATTRACTIVENESS_0","0.901465875448112","60","CatBoost 😸","0","all","","nlp-srv2.iem.technion.ac.il","BIN_IMAGE_CELEB_ATTRACTIVENESS","2026-04-08T11:49:34.000Z"
"light_BIN_IMAGE_CELEB_ATTRACTIVENESS_0","0.9000901476881271","60","LightGBM 💡","0","all","","nlp-srv2.iem.technion.ac.il","BIN_IMAGE_CELEB_ATTRACTIVENESS","2026-04-08T11:43:50.000Z"
"tabpfnv2p5_BIN_IMAGE_CELEB_ATTRACTIVENESS_0","0.9114896780396832","60","TabPFN-v2p5 🇩🇪","0","all","","nlp-srv2.iem.technion.ac.il","BIN_IMAGE_CELEB_ATTRACTIVENESS","2026-04-08T11:41:36.000Z"
"tabpfnv2_BIN_IMAGE_CELEB_ATTRACTIVENESS_0","0.9114666658662434","60","TabPFN-v2 🤯","0","all","","nlp-srv2.iem.technion.ac.il","BIN_IMAGE_CELEB_ATTRACTIVENESS","2026-04-08T11:37:04.000Z"