"Name","test_score","pca_components","model","fold","multimodal_state","User","Hostname","dataset_name","Created","Runtime"
"tabpfnv2p5_REG_TEXT_ZOMATO_RESTAURANTS_4","0.870107634217261","15","TabPFN-v2p5 🇩🇪","4","ft","","n305","REG_TEXT_ZOMATO_RESTAURANTS","2026-04-14T13:36:41.000Z","9063"
"tabpfnv2_REG_TEXT_ZOMATO_RESTAURANTS_4","0.746105073387525","15","TabPFN-v2 🤯","4","ft","","n309","REG_TEXT_ZOMATO_RESTAURANTS","2026-04-14T13:19:42.000Z","12673"
"tabm_REG_TEXT_ZOMATO_RESTAURANTS_4","0.8490937021534628","15","TabM Ⓜ️","4","ft","","n306","REG_TEXT_ZOMATO_RESTAURANTS","2026-04-14T12:41:44.000Z","4464"
"cat_REG_TEXT_ZOMATO_RESTAURANTS_4","0.8375308206303155","15","CatBoost 😸","4","ft","","n305","REG_TEXT_ZOMATO_RESTAURANTS","2026-04-14T11:20:17.000Z","4476"
"light_REG_TEXT_ZOMATO_RESTAURANTS_4","0.7993051872927383","15","LightGBM 💡","4","ft","","n309","REG_TEXT_ZOMATO_RESTAURANTS","2026-04-14T10:58:08.000Z","4454"
"tabpfnv2p5_REG_TEXT_ZOMATO_RESTAURANTS_3","0.8669963588625459","15","TabPFN-v2p5 🇩🇪","3","ft","","n305","REG_TEXT_ZOMATO_RESTAURANTS","2026-04-14T10:16:20.000Z","10840"
"tabpfnv2_REG_TEXT_ZOMATO_RESTAURANTS_3","0.7688377363658057","15","TabPFN-v2 🤯","3","ft","","n305","REG_TEXT_ZOMATO_RESTAURANTS","2026-04-14T09:51:08.000Z","10850"
"tabm_REG_TEXT_ZOMATO_RESTAURANTS_3","0.8541864252917313","15","TabM Ⓜ️","3","ft","","n309","REG_TEXT_ZOMATO_RESTAURANTS","2026-04-14T08:40:25.000Z","8255"
"cat_REG_TEXT_ZOMATO_RESTAURANTS_3","0.8378856838546455","15","CatBoost 😸","3","ft","","n309","REG_TEXT_ZOMATO_RESTAURANTS","2026-04-14T08:05:07.000Z","8222"
"light_REG_TEXT_ZOMATO_RESTAURANTS_3","0.7994411745839742","15","LightGBM 💡","3","ft","","n305","REG_TEXT_ZOMATO_RESTAURANTS","2026-04-14T07:34:35.000Z","8184"
"tabpfnv2p5_REG_TEXT_ZOMATO_RESTAURANTS_2","0.8498380250221398","15","TabPFN-v2p5 🇩🇪","2","ft","","n309","REG_TEXT_ZOMATO_RESTAURANTS","2026-04-14T07:00:51.000Z","14478"
"tabpfnv2_REG_TEXT_ZOMATO_RESTAURANTS_2","0.7476163560395668","15","TabPFN-v2 🤯","2","ft","","n309","REG_TEXT_ZOMATO_RESTAURANTS","2026-04-14T06:23:18.000Z","10996"
"tabm_REG_TEXT_ZOMATO_RESTAURANTS_2","0.8384704129868215","15","TabM Ⓜ️","2","ft","","n309","REG_TEXT_ZOMATO_RESTAURANTS","2026-04-14T05:40:53.000Z","9903"
"cat_REG_TEXT_ZOMATO_RESTAURANTS_2","0.826231771656768","15","CatBoost 😸","2","ft","","n309","REG_TEXT_ZOMATO_RESTAURANTS","2026-04-14T05:17:19.000Z","9843"
"light_REG_TEXT_ZOMATO_RESTAURANTS_2","0.7909773055013511","15","LightGBM 💡","2","ft","","n305","REG_TEXT_ZOMATO_RESTAURANTS","2026-04-14T04:59:47.000Z","9807"
"tabpfnv2p5_REG_TEXT_ZOMATO_RESTAURANTS_1","0.8716972876318502","15","TabPFN-v2p5 🇩🇪","1","ft","","n306","REG_TEXT_ZOMATO_RESTAURANTS","2026-04-14T03:49:09.000Z","10858"
"tabpfnv2_REG_TEXT_ZOMATO_RESTAURANTS_1","0.7573214021533211","15","TabPFN-v2 🤯","1","ft","","n306","REG_TEXT_ZOMATO_RESTAURANTS","2026-04-14T03:05:10.000Z","10878"
"tabm_REG_TEXT_ZOMATO_RESTAURANTS_1","0.8434337640049657","15","TabM Ⓜ️","1","ft","","n309","REG_TEXT_ZOMATO_RESTAURANTS","2026-04-14T02:52:41.000Z","8670"
"cat_REG_TEXT_ZOMATO_RESTAURANTS_1","0.8328295669871603","15","CatBoost 😸","1","ft","","n305","REG_TEXT_ZOMATO_RESTAURANTS","2026-04-14T02:39:35.000Z","8621"
"light_REG_TEXT_ZOMATO_RESTAURANTS_1","0.7987609729447835","15","LightGBM 💡","1","ft","","n305","REG_TEXT_ZOMATO_RESTAURANTS","2026-04-14T01:25:58.000Z","8564"
"tabpfnv2p5_REG_TEXT_ZOMATO_RESTAURANTS_0","0.8721219359482637","15","TabPFN-v2p5 🇩🇪","0","ft","","n305","REG_TEXT_ZOMATO_RESTAURANTS","2026-04-14T00:42:45.000Z","14578"
"tabpfnv2_REG_TEXT_ZOMATO_RESTAURANTS_0","0.7654726129345609","15","TabPFN-v2 🤯","0","ft","","n306","REG_TEXT_ZOMATO_RESTAURANTS","2026-04-14T00:14:53.000Z","8076"
"tabm_REG_TEXT_ZOMATO_RESTAURANTS_0","0.852640025786012","15","TabM Ⓜ️","0","ft","","n309","REG_TEXT_ZOMATO_RESTAURANTS","2026-04-14T00:06:15.000Z","9468"
"cat_REG_TEXT_ZOMATO_RESTAURANTS_0","0.8438826339402603","15","CatBoost 😸","0","ft","","n309","REG_TEXT_ZOMATO_RESTAURANTS","2026-04-13T23:59:58.000Z","9492"
"light_REG_TEXT_ZOMATO_RESTAURANTS_0","0.8083878158397507","15","LightGBM 💡","0","ft","","n305","REG_TEXT_ZOMATO_RESTAURANTS","2026-04-13T23:53:41.000Z","9453"
"tabpfnv2p5_REG_TEXT_VIDEO_GAMES_SALES_4","0.3676409041569893","15","TabPFN-v2p5 🇩🇪","4","ft","","n309","REG_TEXT_VIDEO_GAMES_SALES","2026-04-13T23:41:52.000Z","1082"
"tabpfnv2_REG_TEXT_VIDEO_GAMES_SALES_4","0.24840676568057085","15","TabPFN-v2 🤯","4","ft","","n305","REG_TEXT_VIDEO_GAMES_SALES","2026-04-13T23:35:30.000Z","1086"
"tabm_REG_TEXT_VIDEO_GAMES_SALES_4","0.48647983076693857","15","TabM Ⓜ️","4","ft","","n306","REG_TEXT_VIDEO_GAMES_SALES","2026-04-13T23:28:23.000Z","1826"
"cat_REG_TEXT_VIDEO_GAMES_SALES_4","0.15536868818955374","15","CatBoost 😸","4","ft","","n309","REG_TEXT_VIDEO_GAMES_SALES","2026-04-13T23:25:27.000Z","1839"
"light_REG_TEXT_VIDEO_GAMES_SALES_4","0.1833946915803195","15","LightGBM 💡","4","ft","","n309","REG_TEXT_VIDEO_GAMES_SALES","2026-04-13T23:21:52.000Z","1806"
"tabpfnv2p5_REG_TEXT_VIDEO_GAMES_SALES_3","0.4396749044833595","15","TabPFN-v2p5 🇩🇪","3","ft","","n305","REG_TEXT_VIDEO_GAMES_SALES","2026-04-13T23:15:21.000Z","1082"
"tabpfnv2_REG_TEXT_VIDEO_GAMES_SALES_3","0.31433094575719167","15","TabPFN-v2 🤯","3","ft","","n309","REG_TEXT_VIDEO_GAMES_SALES","2026-04-13T23:04:20.000Z","1092"
"tabm_REG_TEXT_VIDEO_GAMES_SALES_3","0.34950923647665355","15","TabM Ⓜ️","3","ft","","n309","REG_TEXT_VIDEO_GAMES_SALES","2026-04-13T22:59:26.000Z","1194"
"cat_REG_TEXT_VIDEO_GAMES_SALES_3","0.480946291297252","15","CatBoost 😸","3","ft","","n305","REG_TEXT_VIDEO_GAMES_SALES","2026-04-13T22:53:20.000Z","1152"
"light_REG_TEXT_VIDEO_GAMES_SALES_3","0.5126948845179446","15","LightGBM 💡","3","ft","","n306","REG_TEXT_VIDEO_GAMES_SALES","2026-04-13T22:44:11.000Z","1139"
"tabpfnv2p5_REG_TEXT_VIDEO_GAMES_SALES_2","0.33404717123642336","15","TabPFN-v2p5 🇩🇪","2","ft","","n309","REG_TEXT_VIDEO_GAMES_SALES","2026-04-13T22:35:29.000Z","1311"
"tabpfnv2_REG_TEXT_VIDEO_GAMES_SALES_2","0.23695594390074004","15","TabPFN-v2 🤯","2","ft","","n305","REG_TEXT_VIDEO_GAMES_SALES","2026-04-13T22:31:19.000Z","1315"
"tabm_REG_TEXT_VIDEO_GAMES_SALES_2","0.5596872733804368","15","TabM Ⓜ️","2","ft","","n305","REG_TEXT_VIDEO_GAMES_SALES","2026-04-13T22:26:55.000Z","953"
"cat_REG_TEXT_VIDEO_GAMES_SALES_2","0.43963631460130514","15","CatBoost 😸","2","ft","","n305","REG_TEXT_VIDEO_GAMES_SALES","2026-04-13T22:15:27.000Z","945"
"light_REG_TEXT_VIDEO_GAMES_SALES_2","0.3878317671956887","15","LightGBM 💡","2","ft","","n309","REG_TEXT_VIDEO_GAMES_SALES","2026-04-13T22:09:55.000Z","927"
"tabpfnv2p5_REG_TEXT_VIDEO_GAMES_SALES_1","0.4794874381732357","15","TabPFN-v2p5 🇩🇪","1","ft","","n309","REG_TEXT_VIDEO_GAMES_SALES","2026-04-13T21:58:57.000Z","1826"
"tabpfnv2_REG_TEXT_VIDEO_GAMES_SALES_1","0.3579114755778442","15","TabPFN-v2 🤯","1","ft","","n306","REG_TEXT_VIDEO_GAMES_SALES","2026-04-13T21:55:09.000Z","1840"
"tabm_REG_TEXT_VIDEO_GAMES_SALES_1","0.5579922022000685","15","TabM Ⓜ️","1","ft","","n309","REG_TEXT_VIDEO_GAMES_SALES","2026-04-13T21:50:33.000Z","1149"
"cat_REG_TEXT_VIDEO_GAMES_SALES_1","0.26804166466452073","15","CatBoost 😸","1","ft","","n305","REG_TEXT_VIDEO_GAMES_SALES","2026-04-13T21:36:43.000Z","1141"
"light_REG_TEXT_VIDEO_GAMES_SALES_1","0.5223463596256466","15","LightGBM 💡","1","ft","","n309","REG_TEXT_VIDEO_GAMES_SALES","2026-04-13T21:28:52.000Z","1136"
"tabpfnv2p5_REG_TEXT_VIDEO_GAMES_SALES_0","0.46406755212219497","15","TabPFN-v2p5 🇩🇪","0","ft","","n309","REG_TEXT_VIDEO_GAMES_SALES","2026-04-13T21:26:04.000Z","1446"
"tabpfnv2_REG_TEXT_VIDEO_GAMES_SALES_0","0.32882578469676527","15","TabPFN-v2 🤯","0","ft","","n306","REG_TEXT_VIDEO_GAMES_SALES","2026-04-13T21:24:44.000Z","1455"
"cat_REG_TEXT_VIDEO_GAMES_SALES_0","0.5190506725523104","15","CatBoost 😸","0","ft","","n305","REG_TEXT_VIDEO_GAMES_SALES","2026-04-13T20:40:15.000Z","5707"
"tabm_REG_TEXT_VIDEO_GAMES_SALES_0","0.5254541441118964","15","TabM Ⓜ️","0","ft","","n305","REG_TEXT_VIDEO_GAMES_SALES","2026-04-13T18:03:53.000Z","1620"
"light_REG_TEXT_VIDEO_GAMES_SALES_0","0.5369021641333677","15","LightGBM 💡","0","ft","","n309","REG_TEXT_VIDEO_GAMES_SALES","2026-04-13T17:38:12.000Z","1602"
"tabpfnv2p5_REG_TEXT_VANCOUVER_SALARIES_4","0.8116702461442367","15","TabPFN-v2p5 🇩🇪","4","ft","","n309","REG_TEXT_VANCOUVER_SALARIES","2026-04-13T17:32:10.000Z","1564"
"tabpfnv2_REG_TEXT_VANCOUVER_SALARIES_4","0.783446738230773","15","TabPFN-v2 🤯","4","ft","","n305","REG_TEXT_VANCOUVER_SALARIES","2026-04-13T17:27:31.000Z","1544"
"tabm_REG_TEXT_VANCOUVER_SALARIES_4","0.7771599420695451","15","TabM Ⓜ️","4","ft","","n309","REG_TEXT_VANCOUVER_SALARIES","2026-04-13T17:25:37.000Z","1364"
"cat_REG_TEXT_VANCOUVER_SALARIES_4","0.8023466763586982","15","CatBoost 😸","4","ft","","n309","REG_TEXT_VANCOUVER_SALARIES","2026-04-13T17:08:31.000Z","6022"
"light_REG_TEXT_VANCOUVER_SALARIES_4","0.7833403340970242","15","LightGBM 💡","4","ft","","n309","REG_TEXT_VANCOUVER_SALARIES","2026-04-13T17:03:07.000Z","1345"
"tabpfnv2p5_REG_TEXT_VANCOUVER_SALARIES_3","0.7819352458081605","15","TabPFN-v2p5 🇩🇪","3","ft","","n305","REG_TEXT_VANCOUVER_SALARIES","2026-04-13T16:58:57.000Z","1540"
"tabpfnv2_REG_TEXT_VANCOUVER_SALARIES_1","0.7377308355622593","15","TabPFN-v2 🤯","1","ft","","n309","REG_TEXT_VANCOUVER_SALARIES","2026-04-13T16:56:24.000Z","1942"
"tabpfnv2_REG_TEXT_VANCOUVER_SALARIES_3","0.758483521856015","15","TabPFN-v2 🤯","3","ft","","n305","REG_TEXT_VANCOUVER_SALARIES","2026-04-13T16:55:56.000Z","1566"
"tabm_REG_TEXT_VANCOUVER_SALARIES_3","0.7771793940892738","15","TabM Ⓜ️","3","ft","","n309","REG_TEXT_VANCOUVER_SALARIES","2026-04-13T16:42:46.000Z","1153"
"cat_REG_TEXT_VANCOUVER_SALARIES_3","0.7766883635453613","15","CatBoost 😸","3","ft","","n309","REG_TEXT_VANCOUVER_SALARIES","2026-04-13T16:38:20.000Z","1162"
"light_REG_TEXT_VANCOUVER_SALARIES_3","0.7617648690176556","15","LightGBM 💡","3","ft","","n306","REG_TEXT_VANCOUVER_SALARIES","2026-04-13T16:34:17.000Z","1220"
"tabpfnv2p5_REG_TEXT_VANCOUVER_SALARIES_2","0.7624766813174021","15","TabPFN-v2p5 🇩🇪","2","ft","","n305","REG_TEXT_VANCOUVER_SALARIES","2026-04-13T16:31:11.000Z","1486"
"tabpfnv2_REG_TEXT_VANCOUVER_SALARIES_2","0.7510104096655168","15","TabPFN-v2 🤯","2","ft","","n309","REG_TEXT_VANCOUVER_SALARIES","2026-04-13T16:25:47.000Z","1506"
"tabm_REG_TEXT_VANCOUVER_SALARIES_2","0.7432363083762592","15","TabM Ⓜ️","2","ft","","n309","REG_TEXT_VANCOUVER_SALARIES","2026-04-13T16:14:32.000Z","1507"
"cat_REG_TEXT_VANCOUVER_SALARIES_2","0.7501283833730789","15","CatBoost 😸","2","ft","","n306","REG_TEXT_VANCOUVER_SALARIES","2026-04-13T16:08:49.000Z","1520"
"light_REG_TEXT_VANCOUVER_SALARIES_2","0.7346763248319658","15","LightGBM 💡","2","ft","","n309","REG_TEXT_VANCOUVER_SALARIES","2026-04-13T16:03:35.000Z","1546"
"tabpfnv2p5_REG_TEXT_VANCOUVER_SALARIES_1","0.7753433080004831","15","TabPFN-v2p5 🇩🇪","1","ft","","n305","REG_TEXT_VANCOUVER_SALARIES","2026-04-13T15:58:41.000Z","1943"
"tabm_REG_TEXT_VANCOUVER_SALARIES_1","0.7559393262956847","15","TabM Ⓜ️","1","ft","","n309","REG_TEXT_VANCOUVER_SALARIES","2026-04-13T15:49:56.000Z","1441"
"cat_REG_TEXT_VANCOUVER_SALARIES_1","0.7690918728769851","15","CatBoost 😸","1","ft","","n309","REG_TEXT_VANCOUVER_SALARIES","2026-04-13T15:42:15.000Z","1412"
"light_REG_TEXT_VANCOUVER_SALARIES_1","0.7570333206392168","15","LightGBM 💡","1","ft","","n305","REG_TEXT_VANCOUVER_SALARIES","2026-04-13T15:35:17.000Z","1394"
"tabpfnv2p5_REG_TEXT_VANCOUVER_SALARIES_0","0.8122825059089435","15","TabPFN-v2p5 🇩🇪","0","ft","","n305","REG_TEXT_VANCOUVER_SALARIES","2026-04-13T15:31:19.000Z","1598"
"tabpfnv2_REG_TEXT_VANCOUVER_SALARIES_0","0.7820867105680347","15","TabPFN-v2 🤯","0","ft","","n309","REG_TEXT_VANCOUVER_SALARIES","2026-04-13T15:24:39.000Z","1600"
"tabm_REG_TEXT_VANCOUVER_SALARIES_0","0.7848530345739999","15","TabM Ⓜ️","0","ft","","n309","REG_TEXT_VANCOUVER_SALARIES","2026-04-13T15:21:04.000Z","1432"
"cat_REG_TEXT_VANCOUVER_SALARIES_0","0.7928593280373456","15","CatBoost 😸","0","ft","","n309","REG_TEXT_VANCOUVER_SALARIES","2026-04-13T15:04:54.000Z","1430"
"light_REG_TEXT_VANCOUVER_SALARIES_0","0.7800858876554021","15","LightGBM 💡","0","ft","","n309","REG_TEXT_VANCOUVER_SALARIES","2026-04-13T14:56:25.000Z","1394"
"tabpfnv2p5_REG_TEXT_ROTTEN_TOMATOES_4","0.5094214430762369","15","TabPFN-v2p5 🇩🇪","4","ft","","n305","REG_TEXT_ROTTEN_TOMATOES","2026-04-13T14:43:48.000Z","2939"
"tabm_REG_TEXT_ROTTEN_TOMATOES_4","0.48506397568959514","15","TabM Ⓜ️","4","ft","","n305","REG_TEXT_ROTTEN_TOMATOES","2026-04-13T14:43:13.000Z","2882"
"tabpfnv2_REG_TEXT_ROTTEN_TOMATOES_4","0.4952922907858295","15","TabPFN-v2 🤯","4","ft","","n306","REG_TEXT_ROTTEN_TOMATOES","2026-04-13T14:26:44.000Z","2960"
"cat_REG_TEXT_ROTTEN_TOMATOES_4","0.4848913924540805","15","CatBoost 😸","4","ft","","n305","REG_TEXT_ROTTEN_TOMATOES","2026-04-13T14:07:14.000Z","2919"
"light_REG_TEXT_ROTTEN_TOMATOES_4","0.4627706389202153","15","LightGBM 💡","4","ft","","n309","REG_TEXT_ROTTEN_TOMATOES","2026-04-13T14:05:43.000Z","2882"
"tabpfnv2p5_REG_TEXT_ROTTEN_TOMATOES_3","0.5550127026278004","15","TabPFN-v2p5 🇩🇪","3","ft","","n305","REG_TEXT_ROTTEN_TOMATOES","2026-04-13T13:52:33.000Z","2471"
"tabpfnv2_REG_TEXT_ROTTEN_TOMATOES_3","0.5509912076659627","15","TabPFN-v2 🤯","3","ft","","n309","REG_TEXT_ROTTEN_TOMATOES","2026-04-13T13:29:17.000Z","2482"
"tabm_REG_TEXT_ROTTEN_TOMATOES_3","0.5128445101944781","15","TabM Ⓜ️","3","ft","","n309","REG_TEXT_ROTTEN_TOMATOES","2026-04-13T13:12:09.000Z","3522"
"cat_REG_TEXT_ROTTEN_TOMATOES_3","0.5168573029974848","15","CatBoost 😸","3","ft","","n305","REG_TEXT_ROTTEN_TOMATOES","2026-04-13T13:05:53.000Z","3635"
"light_REG_TEXT_ROTTEN_TOMATOES_3","0.506777850351469","15","LightGBM 💡","3","ft","","n309","REG_TEXT_ROTTEN_TOMATOES","2026-04-13T12:55:27.000Z","3514"
"tabm_REG_TEXT_ROTTEN_TOMATOES_2","0.5263804272999627","15","TabM Ⓜ️","2","ft","","n309","REG_TEXT_ROTTEN_TOMATOES","2026-04-13T12:43:15.000Z","3096"
"tabpfnv2p5_REG_TEXT_ROTTEN_TOMATOES_2","0.5945033232799302","15","TabPFN-v2p5 🇩🇪","2","ft","","n309","REG_TEXT_ROTTEN_TOMATOES","2026-04-13T12:34:55.000Z","4120"
"tabpfnv2_REG_TEXT_ROTTEN_TOMATOES_2","0.5794802190506876","15","TabPFN-v2 🤯","2","ft","","n305","REG_TEXT_ROTTEN_TOMATOES","2026-04-13T12:27:07.000Z","4133"
"cat_REG_TEXT_ROTTEN_TOMATOES_2","0.5145025585942393","15","CatBoost 😸","2","ft","","n305","REG_TEXT_ROTTEN_TOMATOES","2026-04-13T12:13:48.000Z","3128"
"light_REG_TEXT_ROTTEN_TOMATOES_2","0.5063437792104238","15","LightGBM 💡","2","ft","","n309","REG_TEXT_ROTTEN_TOMATOES","2026-04-13T12:06:38.000Z","3093"
"tabpfnv2p5_REG_TEXT_ROTTEN_TOMATOES_1","0.6158554134300502","15","TabPFN-v2p5 🇩🇪","1","ft","","n309","REG_TEXT_ROTTEN_TOMATOES","2026-04-13T12:00:17.000Z","3176"
"tabpfnv2_REG_TEXT_ROTTEN_TOMATOES_1","0.6012414931975513","15","TabPFN-v2 🤯","1","ft","","n306","REG_TEXT_ROTTEN_TOMATOES","2026-04-13T11:55:22.000Z","3196"
"tabm_REG_TEXT_ROTTEN_TOMATOES_1","0.5862452561106419","15","TabM Ⓜ️","1","ft","","n305","REG_TEXT_ROTTEN_TOMATOES","2026-04-13T11:51:49.000Z","2461"
"cat_REG_TEXT_ROTTEN_TOMATOES_1","0.5913500861734833","15","CatBoost 😸","1","ft","","n309","REG_TEXT_ROTTEN_TOMATOES","2026-04-13T11:32:48.000Z","2495"
"light_REG_TEXT_ROTTEN_TOMATOES_1","0.5630221670928179","15","LightGBM 💡","1","ft","","n305","REG_TEXT_ROTTEN_TOMATOES","2026-04-13T11:14:56.000Z","2480"
"tabpfnv2p5_REG_TEXT_ROTTEN_TOMATOES_0","0.5856023035678194","15","TabPFN-v2p5 🇩🇪","0","ft","","n309","REG_TEXT_ROTTEN_TOMATOES","2026-04-13T11:05:46.000Z","3649"
"tabpfnv2_REG_TEXT_ROTTEN_TOMATOES_0","0.5692257339224776","15","TabPFN-v2 🤯","0","ft","","n305","REG_TEXT_ROTTEN_TOMATOES","2026-04-13T10:58:23.000Z","3664"
"tabm_REG_TEXT_ROTTEN_TOMATOES_0","0.5377691950323258","15","TabM Ⓜ️","0","ft","","n309","REG_TEXT_ROTTEN_TOMATOES","2026-04-13T10:53:52.000Z","3518"
"cat_REG_TEXT_ROTTEN_TOMATOES_0","0.5197439662439627","15","CatBoost 😸","0","ft","","n309","REG_TEXT_ROTTEN_TOMATOES","2026-04-13T10:33:25.000Z","3557"
"light_REG_TEXT_ROTTEN_TOMATOES_0","0.4968385101817244","15","LightGBM 💡","0","ft","","n309","REG_TEXT_ROTTEN_TOMATOES","2026-04-13T09:57:58.000Z","3536"
"tabpfnv2p5_REG_TEXT_SCIMAGOJR_IMPACT_4","0.8906024098396301","15","TabPFN-v2p5 🇩🇪","4","ft","","n306","REG_TEXT_SCIMAGOJR_IMPACT","2026-04-13T09:50:21.000Z","7494"
"tabpfnv2_REG_TEXT_SCIMAGOJR_IMPACT_4","0.8757911324501038","15","TabPFN-v2 🤯","4","ft","","n305","REG_TEXT_SCIMAGOJR_IMPACT","2026-04-13T09:32:26.000Z","7488"
"tabm_REG_TEXT_SCIMAGOJR_IMPACT_4","0.8790674209594727","15","TabM Ⓜ️","4","ft","","n305","REG_TEXT_SCIMAGOJR_IMPACT","2026-04-13T09:13:34.000Z","5741"
"cat_REG_TEXT_SCIMAGOJR_IMPACT_4","0.8817092243850071","15","CatBoost 😸","4","ft","","n306","REG_TEXT_SCIMAGOJR_IMPACT","2026-04-13T09:04:35.000Z","5798"
"light_REG_TEXT_SCIMAGOJR_IMPACT_4","0.8699022195934734","15","LightGBM 💡","4","ft","","n305","REG_TEXT_SCIMAGOJR_IMPACT","2026-04-13T08:57:35.000Z","5728"
"tabpfnv2p5_REG_TEXT_SCIMAGOJR_IMPACT_3","0.8022046089172363","15","TabPFN-v2p5 🇩🇪","3","ft","","n305","REG_TEXT_SCIMAGOJR_IMPACT","2026-04-13T08:49:56.000Z","8055"
"tabpfnv2_REG_TEXT_SCIMAGOJR_IMPACT_3","0.8805838227272034","15","TabPFN-v2 🤯","3","ft","","n309","REG_TEXT_SCIMAGOJR_IMPACT","2026-04-13T08:43:31.000Z","8073"
"tabm_REG_TEXT_SCIMAGOJR_IMPACT_3","0.8838575482368469","15","TabM Ⓜ️","3","ft","","n305","REG_TEXT_SCIMAGOJR_IMPACT","2026-04-13T08:39:28.000Z","4549"
"cat_REG_TEXT_SCIMAGOJR_IMPACT_3","0.8608326425827936","15","CatBoost 😸","3","ft","","n309","REG_TEXT_SCIMAGOJR_IMPACT","2026-04-13T08:27:50.000Z","4533"
"light_REG_TEXT_SCIMAGOJR_IMPACT_3","0.8575276337384946","15","LightGBM 💡","3","ft","","n309","REG_TEXT_SCIMAGOJR_IMPACT","2026-04-13T08:15:26.000Z","4461"
"tabpfnv2p5_REG_TEXT_SCIMAGOJR_IMPACT_2","0.890020489692688","15","TabPFN-v2p5 🇩🇪","2","ft","","n309","REG_TEXT_SCIMAGOJR_IMPACT","2026-04-13T07:45:16.000Z","4190"
"tabpfnv2_REG_TEXT_SCIMAGOJR_IMPACT_2","0.8689541816711426","15","TabPFN-v2 🤯","2","ft","","n309","REG_TEXT_SCIMAGOJR_IMPACT","2026-04-13T07:34:00.000Z","4228"
"tabm_REG_TEXT_SCIMAGOJR_IMPACT_2","0.873576283454895","15","TabM Ⓜ️","2","ft","","n309","REG_TEXT_SCIMAGOJR_IMPACT","2026-04-13T07:25:54.000Z","4483"
"cat_REG_TEXT_SCIMAGOJR_IMPACT_2","0.8661349047876323","15","CatBoost 😸","2","ft","","n305","REG_TEXT_SCIMAGOJR_IMPACT","2026-04-13T07:20:53.000Z","4524"
"light_REG_TEXT_SCIMAGOJR_IMPACT_2","0.85596689474413","15","LightGBM 💡","2","ft","","n305","REG_TEXT_SCIMAGOJR_IMPACT","2026-04-13T07:04:38.000Z","4490"
"tabpfnv2p5_REG_TEXT_SCIMAGOJR_IMPACT_1","0.8978809118270874","15","TabPFN-v2p5 🇩🇪","1","ft","","n309","REG_TEXT_SCIMAGOJR_IMPACT","2026-04-13T06:56:35.000Z","6339"
"tabpfnv2_REG_TEXT_SCIMAGOJR_IMPACT_1","0.8747125864028931","15","TabPFN-v2 🤯","1","ft","","n306","REG_TEXT_SCIMAGOJR_IMPACT","2026-04-13T06:34:48.000Z","6374"
"tabm_REG_TEXT_SCIMAGOJR_IMPACT_1","0.8834993839263916","15","TabM Ⓜ️","1","ft","","n309","REG_TEXT_SCIMAGOJR_IMPACT","2026-04-13T06:15:06.000Z","4730"
"cat_REG_TEXT_SCIMAGOJR_IMPACT_1","0.8804333304501633","15","CatBoost 😸","1","ft","","n306","REG_TEXT_SCIMAGOJR_IMPACT","2026-04-13T06:02:43.000Z","4785"
"light_REG_TEXT_SCIMAGOJR_IMPACT_1","0.8758422236830977","15","LightGBM 💡","1","ft","","n309","REG_TEXT_SCIMAGOJR_IMPACT","2026-04-13T05:53:12.000Z","4716"
"tabpfnv2p5_REG_TEXT_SCIMAGOJR_IMPACT_0","0.9048492312431335","15","TabPFN-v2p5 🇩🇪","0","ft","","n309","REG_TEXT_SCIMAGOJR_IMPACT","2026-04-13T05:50:38.000Z","6081"
"tabpfnv2_REG_TEXT_SCIMAGOJR_IMPACT_0","0.9013519287109376","15","TabPFN-v2 🤯","0","ft","","n305","REG_TEXT_SCIMAGOJR_IMPACT","2026-04-13T05:39:27.000Z","6080"
"tabm_REG_TEXT_SCIMAGOJR_IMPACT_0","0.890764594078064","15","TabM Ⓜ️","0","ft","","n309","REG_TEXT_SCIMAGOJR_IMPACT","2026-04-13T05:34:08.000Z","4940"
"cat_REG_TEXT_SCIMAGOJR_IMPACT_0","0.8897101836017332","15","CatBoost 😸","0","ft","","n309","REG_TEXT_SCIMAGOJR_IMPACT","2026-04-13T05:26:46.000Z","4986"
"light_REG_TEXT_SCIMAGOJR_IMPACT_0","0.8811860688447494","15","LightGBM 💡","0","ft","","n305","REG_TEXT_SCIMAGOJR_IMPACT","2026-04-13T05:11:55.000Z","4975"
"tabpfnv2p5_REG_TEXT_MONTGOMERY_SALARIES_4","0.9797737139298598","15","TabPFN-v2p5 🇩🇪","4","ft","","n306","REG_TEXT_MONTGOMERY_SALARIES","2026-04-13T05:01:01.000Z","3691"
"tabpfnv2_REG_TEXT_MONTGOMERY_SALARIES_4","0.976456690906697","15","TabPFN-v2 🤯","4","ft","","n309","REG_TEXT_MONTGOMERY_SALARIES","2026-04-13T04:48:38.000Z","3644"
"tabm_REG_TEXT_MONTGOMERY_SALARIES_4","0.9724419637131072","15","TabM Ⓜ️","4","ft","","n305","REG_TEXT_MONTGOMERY_SALARIES","2026-04-13T04:37:16.000Z","3650"
"cat_REG_TEXT_MONTGOMERY_SALARIES_4","0.97199123248812","15","CatBoost 😸","4","ft","","n309","REG_TEXT_MONTGOMERY_SALARIES","2026-04-13T04:33:01.000Z","3660"
"light_REG_TEXT_MONTGOMERY_SALARIES_4","0.968662863545832","15","LightGBM 💡","4","ft","","n309","REG_TEXT_MONTGOMERY_SALARIES","2026-04-13T04:31:00.000Z","3629"
"tabpfnv2p5_REG_TEXT_MONTGOMERY_SALARIES_3","0.9878962942789332","15","TabPFN-v2p5 🇩🇪","3","ft","","n305","REG_TEXT_MONTGOMERY_SALARIES","2026-04-13T04:23:27.000Z","3453"
"tabpfnv2_REG_TEXT_MONTGOMERY_SALARIES_3","0.9877821240141472","15","TabPFN-v2 🤯","3","ft","","n305","REG_TEXT_MONTGOMERY_SALARIES","2026-04-13T04:12:11.000Z","3496"
"tabm_REG_TEXT_MONTGOMERY_SALARIES_3","0.9843726902474672","15","TabM Ⓜ️","3","ft","","n305","REG_TEXT_MONTGOMERY_SALARIES","2026-04-13T04:08:20.000Z","3138"
"cat_REG_TEXT_MONTGOMERY_SALARIES_3","0.9842015644917989","15","CatBoost 😸","3","ft","","n305","REG_TEXT_MONTGOMERY_SALARIES","2026-04-13T04:02:34.000Z","6889"
"light_REG_TEXT_MONTGOMERY_SALARIES_3","0.9810118170944848","15","LightGBM 💡","3","ft","","n305","REG_TEXT_MONTGOMERY_SALARIES","2026-04-13T03:53:53.000Z","3157"
"tabpfnv2p5_REG_TEXT_MONTGOMERY_SALARIES_2","0.9889318631070207","15","TabPFN-v2p5 🇩🇪","2","ft","","n309","REG_TEXT_MONTGOMERY_SALARIES","2026-04-13T03:47:15.000Z","2698"
"tabpfnv2_REG_TEXT_MONTGOMERY_SALARIES_2","0.9723100628274582","15","TabPFN-v2 🤯","2","ft","","n309","REG_TEXT_MONTGOMERY_SALARIES","2026-04-13T03:44:00.000Z","2713"
"tabm_REG_TEXT_MONTGOMERY_SALARIES_2","0.9865290552827676","15","TabM Ⓜ️","2","ft","","n309","REG_TEXT_MONTGOMERY_SALARIES","2026-04-13T03:42:40.000Z","2906"
"cat_REG_TEXT_MONTGOMERY_SALARIES_2","0.9740448418841036","15","CatBoost 😸","2","ft","","n309","REG_TEXT_MONTGOMERY_SALARIES","2026-04-13T03:39:57.000Z","2920"
"light_REG_TEXT_MONTGOMERY_SALARIES_2","0.9709675301469324","15","LightGBM 💡","2","ft","","n305","REG_TEXT_MONTGOMERY_SALARIES","2026-04-13T03:20:29.000Z","2863"
"tabpfnv2p5_REG_TEXT_MONTGOMERY_SALARIES_1","0.9742803472705168","15","TabPFN-v2p5 🇩🇪","1","ft","","n306","REG_TEXT_MONTGOMERY_SALARIES","2026-04-13T03:11:01.000Z","3090"
"tabpfnv2_REG_TEXT_MONTGOMERY_SALARIES_1","0.9698443355860288","15","TabPFN-v2 🤯","1","ft","","n309","REG_TEXT_MONTGOMERY_SALARIES","2026-04-13T03:02:41.000Z","3086"
"tabm_REG_TEXT_MONTGOMERY_SALARIES_1","0.9643918331749264","15","TabM Ⓜ️","1","ft","","n309","REG_TEXT_MONTGOMERY_SALARIES","2026-04-13T03:00:25.000Z","2461"
"cat_REG_TEXT_MONTGOMERY_SALARIES_1","0.9618009329172325","15","CatBoost 😸","1","ft","","n309","REG_TEXT_MONTGOMERY_SALARIES","2026-04-13T02:57:30.000Z","2470"
"light_REG_TEXT_MONTGOMERY_SALARIES_1","0.9624209040400764","15","LightGBM 💡","1","ft","","n305","REG_TEXT_MONTGOMERY_SALARIES","2026-04-13T02:54:27.000Z","2440"
"tabpfnv2p5_REG_TEXT_MONTGOMERY_SALARIES_0","0.9883023573276776","15","TabPFN-v2p5 🇩🇪","0","ft","","n305","REG_TEXT_MONTGOMERY_SALARIES","2026-04-13T02:51:27.000Z","3014"
"tabpfnv2_REG_TEXT_MONTGOMERY_SALARIES_0","0.9876603603935998","15","TabPFN-v2 🤯","0","ft","","n305","REG_TEXT_MONTGOMERY_SALARIES","2026-04-13T02:47:51.000Z","2992"
"tabm_REG_TEXT_MONTGOMERY_SALARIES_0","0.9847209787186718","15","TabM Ⓜ️","0","ft","","n305","REG_TEXT_MONTGOMERY_SALARIES","2026-04-13T02:44:02.000Z","1858"
"cat_REG_TEXT_MONTGOMERY_SALARIES_0","0.9844813455281132","15","CatBoost 😸","0","ft","","n305","REG_TEXT_MONTGOMERY_SALARIES","2026-04-13T02:37:27.000Z","5566"
"light_REG_TEXT_MONTGOMERY_SALARIES_0","0.9804508626717884","15","LightGBM 💡","0","ft","","n305","REG_TEXT_MONTGOMERY_SALARIES","2026-04-13T02:23:21.000Z","1845"
"tabpfnv2p5_REG_TEXT_MERCARI_MARKETPLACE_4","0.47498830698636096","15","TabPFN-v2p5 🇩🇪","4","ft","","n309","REG_TEXT_MERCARI_MARKETPLACE","2026-04-13T02:16:10.000Z","2475"
"tabpfnv2_REG_TEXT_MERCARI_MARKETPLACE_4","0.4441903060510553","15","TabPFN-v2 🤯","4","ft","","n305","REG_TEXT_MERCARI_MARKETPLACE","2026-04-13T02:12:30.000Z","2510"
"tabm_REG_TEXT_MERCARI_MARKETPLACE_4","0.47626252312861184","15","TabM Ⓜ️","4","ft","","n305","REG_TEXT_MERCARI_MARKETPLACE","2026-04-13T02:00:27.000Z","3010"
"cat_REG_TEXT_MERCARI_MARKETPLACE_4","0.44699293433584886","15","CatBoost 😸","4","ft","","n305","REG_TEXT_MERCARI_MARKETPLACE","2026-04-13T01:53:33.000Z","3024"
"light_REG_TEXT_MERCARI_MARKETPLACE_4","0.4356194954231729","15","LightGBM 💡","4","ft","","n306","REG_TEXT_MERCARI_MARKETPLACE","2026-04-13T01:48:31.000Z","3016"
"tabpfnv2p5_REG_TEXT_MERCARI_MARKETPLACE_3","0.448210052723532","15","TabPFN-v2p5 🇩🇪","3","ft","","n305","REG_TEXT_MERCARI_MARKETPLACE","2026-04-13T01:43:59.000Z","3826"
"tabpfnv2_REG_TEXT_MERCARI_MARKETPLACE_3","0.4226089804565881","15","TabPFN-v2 🤯","3","ft","","n309","REG_TEXT_MERCARI_MARKETPLACE","2026-04-13T01:38:07.000Z","3840"
"tabm_REG_TEXT_MERCARI_MARKETPLACE_3","0.44825150253503376","15","TabM Ⓜ️","3","ft","","n309","REG_TEXT_MERCARI_MARKETPLACE","2026-04-13T01:35:07.000Z","2404"
"cat_REG_TEXT_MERCARI_MARKETPLACE_3","0.42906033640193786","15","CatBoost 😸","3","ft","","n305","REG_TEXT_MERCARI_MARKETPLACE","2026-04-13T01:30:51.000Z","2421"
"light_REG_TEXT_MERCARI_MARKETPLACE_3","0.4272427154190216","15","LightGBM 💡","3","ft","","n309","REG_TEXT_MERCARI_MARKETPLACE","2026-04-13T01:19:05.000Z","2394"
"tabpfnv2p5_REG_TEXT_MERCARI_MARKETPLACE_2","0.4965851046633658","15","TabPFN-v2p5 🇩🇪","2","ft","","n305","REG_TEXT_MERCARI_MARKETPLACE","2026-04-13T01:08:17.000Z","2306"
"tabpfnv2_REG_TEXT_MERCARI_MARKETPLACE_2","0.46000120169303627","15","TabPFN-v2 🤯","2","ft","","n306","REG_TEXT_MERCARI_MARKETPLACE","2026-04-13T01:02:33.000Z","2325"
"tabm_REG_TEXT_MERCARI_MARKETPLACE_2","0.48186482531375496","15","TabM Ⓜ️","2","ft","","n305","REG_TEXT_MERCARI_MARKETPLACE","2026-04-13T00:59:09.000Z","2247"
"cat_REG_TEXT_MERCARI_MARKETPLACE_2","0.4821547083632427","15","CatBoost 😸","2","ft","","n309","REG_TEXT_MERCARI_MARKETPLACE","2026-04-13T00:55:29.000Z","2370"
"light_REG_TEXT_MERCARI_MARKETPLACE_2","0.457077597656217","15","LightGBM 💡","2","ft","","n309","REG_TEXT_MERCARI_MARKETPLACE","2026-04-13T00:52:45.000Z","2243"
"tabpfnv2p5_REG_TEXT_MERCARI_MARKETPLACE_1","0.4382102919025946","15","TabPFN-v2p5 🇩🇪","1","ft","","n306","REG_TEXT_MERCARI_MARKETPLACE","2026-04-13T00:46:47.000Z","2651"
"tabpfnv2_REG_TEXT_MERCARI_MARKETPLACE_1","0.40392190619989565","15","TabPFN-v2 🤯","1","ft","","n309","REG_TEXT_MERCARI_MARKETPLACE","2026-04-13T00:40:43.000Z","2663"
"tabm_REG_TEXT_MERCARI_MARKETPLACE_1","0.4360731544274743","15","TabM Ⓜ️","1","ft","","n305","REG_TEXT_MERCARI_MARKETPLACE","2026-04-13T00:29:25.000Z","2098"
"cat_REG_TEXT_MERCARI_MARKETPLACE_1","0.4123144895887949","15","CatBoost 😸","1","ft","","n309","REG_TEXT_MERCARI_MARKETPLACE","2026-04-13T00:15:06.000Z","2106"
"light_REG_TEXT_MERCARI_MARKETPLACE_1","0.4008488589917871","15","LightGBM 💡","1","ft","","n305","REG_TEXT_MERCARI_MARKETPLACE","2026-04-13T00:10:08.000Z","2091"
"tabpfnv2p5_REG_TEXT_MERCARI_MARKETPLACE_0","0.4693173738611309","15","TabPFN-v2p5 🇩🇪","0","ft","","n309","REG_TEXT_MERCARI_MARKETPLACE","2026-04-13T00:05:55.000Z","3150"
"tabpfnv2_REG_TEXT_MERCARI_MARKETPLACE_0","0.4369854310855529","15","TabPFN-v2 🤯","0","ft","","n309","REG_TEXT_MERCARI_MARKETPLACE","2026-04-13T00:03:29.000Z","3165"
"tabm_REG_TEXT_MERCARI_MARKETPLACE_0","0.4636467015528198","15","TabM Ⓜ️","0","ft","","n305","REG_TEXT_MERCARI_MARKETPLACE","2026-04-13T00:02:15.000Z","3011"
"cat_REG_TEXT_MERCARI_MARKETPLACE_0","0.4579425887608905","15","CatBoost 😸","0","ft","","n305","REG_TEXT_MERCARI_MARKETPLACE","2026-04-13T00:00:14.000Z","3033"
"light_REG_TEXT_MERCARI_MARKETPLACE_0","0.4384444430009597","15","LightGBM 💡","0","ft","","n309","REG_TEXT_MERCARI_MARKETPLACE","2026-04-12T23:45:36.000Z","3007"
"tabpfnv2p5_REG_TEXT_BOOK_READABILITY_4","0.8416707850367287","15","TabPFN-v2p5 🇩🇪","4","ft","","n305","REG_TEXT_BOOK_READABILITY","2026-04-12T23:36:11.000Z","1690"
"tabpfnv2_REG_TEXT_BOOK_READABILITY_4","0.8416262723235997","15","TabPFN-v2 🤯","4","ft","","n309","REG_TEXT_BOOK_READABILITY","2026-04-12T23:33:08.000Z","1694"
"tabm_REG_TEXT_BOOK_READABILITY_4","0.84468796301803","15","TabM Ⓜ️","4","ft","","n305","REG_TEXT_BOOK_READABILITY","2026-04-12T23:29:58.000Z","1928"
"cat_REG_TEXT_BOOK_READABILITY_4","0.841563492986621","15","CatBoost 😸","4","ft","","n305","REG_TEXT_BOOK_READABILITY","2026-04-12T23:27:51.000Z","1939"
"light_REG_TEXT_BOOK_READABILITY_4","0.8434918658620657","15","LightGBM 💡","4","ft","","n306","REG_TEXT_BOOK_READABILITY","2026-04-12T23:25:39.000Z","1906"
"tabpfnv2p5_REG_TEXT_BOOK_READABILITY_3","0.8309166252098938","15","TabPFN-v2p5 🇩🇪","3","ft","","n309","REG_TEXT_BOOK_READABILITY","2026-04-12T23:23:34.000Z","2392"
"tabpfnv2_REG_TEXT_BOOK_READABILITY_3","0.8268457611736313","15","TabPFN-v2 🤯","3","ft","","n305","REG_TEXT_BOOK_READABILITY","2026-04-12T23:21:21.000Z","2400"
"tabm_REG_TEXT_BOOK_READABILITY_3","0.8314277765458613","15","TabM Ⓜ️","3","ft","","n305","REG_TEXT_BOOK_READABILITY","2026-04-12T23:12:38.000Z","1645"
"cat_REG_TEXT_BOOK_READABILITY_3","0.834297392928961","15","CatBoost 😸","3","ft","","n305","REG_TEXT_BOOK_READABILITY","2026-04-12T22:57:46.000Z","1658"
"light_REG_TEXT_BOOK_READABILITY_3","0.8233446589197834","15","LightGBM 💡","3","ft","","n309","REG_TEXT_BOOK_READABILITY","2026-04-12T22:51:48.000Z","1664"
"tabpfnv2p5_REG_TEXT_BOOK_READABILITY_2","0.864294150197904","15","TabPFN-v2p5 🇩🇪","2","ft","","n309","REG_TEXT_BOOK_READABILITY","2026-04-12T22:45:46.000Z","2316"
"tabpfnv2_REG_TEXT_BOOK_READABILITY_2","0.858666982261846","15","TabPFN-v2 🤯","2","ft","","n305","REG_TEXT_BOOK_READABILITY","2026-04-12T22:42:28.000Z","2325"
"tabm_REG_TEXT_BOOK_READABILITY_2","0.8407595586879775","15","TabM Ⓜ️","2","ft","","n309","REG_TEXT_BOOK_READABILITY","2026-04-12T22:39:20.000Z","2958"
"cat_REG_TEXT_BOOK_READABILITY_2","0.8451076376189125","15","CatBoost 😸","2","ft","","n306","REG_TEXT_BOOK_READABILITY","2026-04-12T22:34:39.000Z","2999"
"light_REG_TEXT_BOOK_READABILITY_2","0.8568047167920533","15","LightGBM 💡","2","ft","","n305","REG_TEXT_BOOK_READABILITY","2026-04-12T22:33:44.000Z","2961"
"tabpfnv2p5_REG_TEXT_BOOK_READABILITY_1","0.8341129120515853","15","TabPFN-v2p5 🇩🇪","1","ft","","n309","REG_TEXT_BOOK_READABILITY","2026-04-12T22:29:56.000Z","2024"
"tabpfnv2_REG_TEXT_BOOK_READABILITY_1","0.8377940104563297","15","TabPFN-v2 🤯","1","ft","","n305","REG_TEXT_BOOK_READABILITY","2026-04-12T22:20:10.000Z","2032"
"tabm_REG_TEXT_BOOK_READABILITY_1","0.8011712491567121","15","TabM Ⓜ️","1","ft","","n309","REG_TEXT_BOOK_READABILITY","2026-04-12T22:14:05.000Z","1510"
"cat_REG_TEXT_BOOK_READABILITY_1","0.7902266319344059","15","CatBoost 😸","1","ft","","n305","REG_TEXT_BOOK_READABILITY","2026-04-12T22:08:15.000Z","1524"
"light_REG_TEXT_BOOK_READABILITY_1","0.7671605664557648","15","LightGBM 💡","1","ft","","n306","REG_TEXT_BOOK_READABILITY","2026-04-12T22:06:06.000Z","1516"
"tabpfnv2p5_REG_TEXT_BOOK_READABILITY_0","0.8314704660979875","15","TabPFN-v2p5 🇩🇪","0","ft","","n305","REG_TEXT_BOOK_READABILITY","2026-04-12T22:04:05.000Z","2456"
"tabpfnv2_REG_TEXT_BOOK_READABILITY_0","0.8261130737528696","15","TabPFN-v2 🤯","0","ft","","n305","REG_TEXT_BOOK_READABILITY","2026-04-12T22:00:07.000Z","2396"
"tabm_REG_TEXT_BOOK_READABILITY_0","0.8010954243922787","15","TabM Ⓜ️","0","ft","","n309","REG_TEXT_BOOK_READABILITY","2026-04-12T21:59:13.000Z","1839"
"cat_REG_TEXT_BOOK_READABILITY_0","0.8140790935473378","15","CatBoost 😸","0","ft","","n309","REG_TEXT_BOOK_READABILITY","2026-04-12T21:56:07.000Z","1873"
"light_REG_TEXT_BOOK_READABILITY_0","0.8175906433176809","15","LightGBM 💡","0","ft","","n305","REG_TEXT_BOOK_READABILITY","2026-04-12T21:45:58.000Z","1838"
"tabpfnv2p5_REG_TEXT_BOOK_PRICE_4","0.5363630903997261","15","TabPFN-v2p5 🇩🇪","4","ft","","n309","REG_TEXT_BOOK_PRICE","2026-04-12T21:40:53.000Z","1601"
"tabpfnv2_REG_TEXT_BOOK_PRICE_4","0.5115746643112811","15","TabPFN-v2 🤯","4","ft","","n305","REG_TEXT_BOOK_PRICE","2026-04-12T21:36:51.000Z","1628"
"tabm_REG_TEXT_BOOK_PRICE_4","0.5444271918502226","15","TabM Ⓜ️","4","ft","","n309","REG_TEXT_BOOK_PRICE","2026-04-12T21:34:50.000Z","1456"
"cat_REG_TEXT_BOOK_PRICE_4","0.5478404753505699","15","CatBoost 😸","4","ft","","n305","REG_TEXT_BOOK_PRICE","2026-04-12T21:30:18.000Z","1472"
"light_REG_TEXT_BOOK_PRICE_4","0.5304660697525947","15","LightGBM 💡","4","ft","","n309","REG_TEXT_BOOK_PRICE","2026-04-12T21:27:25.000Z","1452"
"tabpfnv2p5_REG_TEXT_BOOK_PRICE_3","0.5618101943525975","15","TabPFN-v2p5 🇩🇪","3","ft","","n305","REG_TEXT_BOOK_PRICE","2026-04-12T21:24:31.000Z","2117"
"tabpfnv2_REG_TEXT_BOOK_PRICE_3","0.529354924475038","15","TabPFN-v2 🤯","3","ft","","n309","REG_TEXT_BOOK_PRICE","2026-04-12T21:22:28.000Z","2120"
"tabm_REG_TEXT_BOOK_PRICE_3","0.5568288170401761","15","TabM Ⓜ️","3","ft","","n309","REG_TEXT_BOOK_PRICE","2026-04-12T21:20:55.000Z","1196"
"cat_REG_TEXT_BOOK_PRICE_3","0.5538353010927353","15","CatBoost 😸","3","ft","","n309","REG_TEXT_BOOK_PRICE","2026-04-12T21:16:16.000Z","1184"
"light_REG_TEXT_BOOK_PRICE_3","0.546727435279019","15","LightGBM 💡","3","ft","","n306","REG_TEXT_BOOK_PRICE","2026-04-12T21:14:04.000Z","1197"
"tabpfnv2p5_REG_TEXT_BOOK_PRICE_2","0.5588795457211554","15","TabPFN-v2p5 🇩🇪","2","ft","","n306","REG_TEXT_BOOK_PRICE","2026-04-12T21:09:17.000Z","1342"
"tabpfnv2_REG_TEXT_BOOK_PRICE_2","0.5310183194232222","15","TabPFN-v2 🤯","2","ft","","n309","REG_TEXT_BOOK_PRICE","2026-04-12T21:04:47.000Z","1351"
"tabm_REG_TEXT_BOOK_PRICE_2","0.535105828057225","15","TabM Ⓜ️","2","ft","","n309","REG_TEXT_BOOK_PRICE","2026-04-12T21:01:26.000Z","1197"
"cat_REG_TEXT_BOOK_PRICE_2","0.5550683250555564","15","CatBoost 😸","2","ft","","n305","REG_TEXT_BOOK_PRICE","2026-04-12T20:59:11.000Z","1176"
"light_REG_TEXT_BOOK_PRICE_2","0.5473349042150282","15","LightGBM 💡","2","ft","","n306","REG_TEXT_BOOK_PRICE","2026-04-12T20:54:34.000Z","1164"
"tabpfnv2p5_REG_TEXT_BOOK_PRICE_1","0.5450311518222918","15","TabPFN-v2p5 🇩🇪","1","ft","","n305","REG_TEXT_BOOK_PRICE","2026-04-12T20:52:09.000Z","1814"
"tabpfnv2_REG_TEXT_BOOK_PRICE_1","0.525629325432139","15","TabPFN-v2 🤯","1","ft","","n309","REG_TEXT_BOOK_PRICE","2026-04-12T20:49:35.000Z","1800"
"tabm_REG_TEXT_BOOK_PRICE_1","0.5734928603410248","15","TabM Ⓜ️","1","ft","","n306","REG_TEXT_BOOK_PRICE","2026-04-12T20:45:51.000Z","1399"
"cat_REG_TEXT_BOOK_PRICE_1","0.5716070076191047","15","CatBoost 😸","1","ft","","n309","REG_TEXT_BOOK_PRICE","2026-04-12T20:41:07.000Z","1416"
"light_REG_TEXT_BOOK_PRICE_1","0.5463542307426494","15","LightGBM 💡","1","ft","","n305","REG_TEXT_BOOK_PRICE","2026-04-12T20:35:57.000Z","1391"
"tabpfnv2p5_REG_TEXT_BOOK_PRICE_0","0.5635447128694739","15","TabPFN-v2p5 🇩🇪","0","ft","","n306","REG_TEXT_BOOK_PRICE","2026-04-12T20:30:00.000Z","1283"
"tabpfnv2_REG_TEXT_BOOK_PRICE_0","0.5403789795743947","15","TabPFN-v2 🤯","0","ft","","n309","REG_TEXT_BOOK_PRICE","2026-04-12T20:28:06.000Z","1283"
"tabm_REG_TEXT_BOOK_PRICE_0","0.546986463434094","15","TabM Ⓜ️","0","ft","","n306","REG_TEXT_BOOK_PRICE","2026-04-12T20:26:15.000Z","1169"
"cat_REG_TEXT_BOOK_PRICE_0","0.5682052160809733","15","CatBoost 😸","0","ft","","n305","REG_TEXT_BOOK_PRICE","2026-04-12T20:22:06.000Z","1262"
"light_REG_TEXT_BOOK_PRICE_0","0.5430506761230234","15","LightGBM 💡","0","ft","","n305","REG_TEXT_BOOK_PRICE","2026-04-12T20:16:32.000Z","1160"
"tabpfnv2p5_REG_TEXT_BABIES_PRICES_4","0.9107427446126798","15","TabPFN-v2p5 🇩🇪","4","ft","","n309","REG_TEXT_BABIES_PRICES","2026-04-12T20:14:04.000Z","2779"
"tabpfnv2_REG_TEXT_BABIES_PRICES_4","0.8906196049874243","15","TabPFN-v2 🤯","4","ft","","n305","REG_TEXT_BABIES_PRICES","2026-04-12T20:04:35.000Z","2783"
"tabm_REG_TEXT_BABIES_PRICES_4","0.8670868488927428","15","TabM Ⓜ️","4","ft","","n309","REG_TEXT_BABIES_PRICES","2026-04-12T19:57:43.000Z","1819"
"cat_REG_TEXT_BABIES_PRICES_4","0.8628461606121369","15","CatBoost 😸","4","ft","","n305","REG_TEXT_BABIES_PRICES","2026-04-12T19:54:21.000Z","1831"
"light_REG_TEXT_BABIES_PRICES_4","0.852547716364767","15","LightGBM 💡","4","ft","","n305","REG_TEXT_BABIES_PRICES","2026-04-12T19:45:45.000Z","1864"
"tabpfnv2p5_REG_TEXT_BABIES_PRICES_3","0.926562094011168","15","TabPFN-v2p5 🇩🇪","3","ft","","n305","REG_TEXT_BABIES_PRICES","2026-04-12T19:42:13.000Z","2779"
"tabpfnv2_REG_TEXT_BABIES_PRICES_3","0.902045733688972","15","TabPFN-v2 🤯","3","ft","","n309","REG_TEXT_BABIES_PRICES","2026-04-12T19:37:19.000Z","2787"
"tabm_REG_TEXT_BABIES_PRICES_3","0.8808647392855689","15","TabM Ⓜ️","3","ft","","n309","REG_TEXT_BABIES_PRICES","2026-04-12T19:32:40.000Z","2524"
"cat_REG_TEXT_BABIES_PRICES_3","0.8845015010343298","15","CatBoost 😸","3","ft","","n309","REG_TEXT_BABIES_PRICES","2026-04-12T19:29:56.000Z","2642"
"light_REG_TEXT_BABIES_PRICES_3","0.8394528695984598","15","LightGBM 💡","3","ft","","n309","REG_TEXT_BABIES_PRICES","2026-04-12T19:21:28.000Z","2516"
"tabpfnv2p5_REG_TEXT_BABIES_PRICES_2","0.906124066158996","15","TabPFN-v2p5 🇩🇪","2","ft","","n309","REG_TEXT_BABIES_PRICES","2026-04-12T19:09:52.000Z","2782"
"tabpfnv2_REG_TEXT_BABIES_PRICES_2","0.9046353759371764","15","TabPFN-v2 🤯","2","ft","","n305","REG_TEXT_BABIES_PRICES","2026-04-12T19:04:13.000Z","2782"
"tabm_REG_TEXT_BABIES_PRICES_2","0.887784599463536","15","TabM Ⓜ️","2","ft","","n306","REG_TEXT_BABIES_PRICES","2026-04-12T18:58:24.000Z","2530"
"cat_REG_TEXT_BABIES_PRICES_2","0.8808557130350521","15","CatBoost 😸","2","ft","","n305","REG_TEXT_BABIES_PRICES","2026-04-12T18:54:30.000Z","2543"
"light_REG_TEXT_BABIES_PRICES_2","0.867630125887776","15","LightGBM 💡","2","ft","","n305","REG_TEXT_BABIES_PRICES","2026-04-12T18:49:44.000Z","2513"
"light_REG_TEXT_BABIES_PRICES_1","0.9148275090278818","15","LightGBM 💡","1","ft","","n309","REG_TEXT_BABIES_PRICES","2026-04-12T18:45:11.000Z","2512"
"tabpfnv2p5_REG_TEXT_BABIES_PRICES_1","0.9554771596220564","15","TabPFN-v2p5 🇩🇪","1","ft","","n309","REG_TEXT_BABIES_PRICES","2026-04-12T18:43:03.000Z","2780"
"tabpfnv2_REG_TEXT_BABIES_PRICES_1","0.934741366098512","15","TabPFN-v2 🤯","1","ft","","n309","REG_TEXT_BABIES_PRICES","2026-04-12T18:34:59.000Z","2782"
"tabm_REG_TEXT_BABIES_PRICES_1","0.9340615756973216","15","TabM Ⓜ️","1","ft","","n309","REG_TEXT_BABIES_PRICES","2026-04-12T18:27:22.000Z","2545"
"cat_REG_TEXT_BABIES_PRICES_1","0.9344481814213002","15","CatBoost 😸","1","ft","","n305","REG_TEXT_BABIES_PRICES","2026-04-12T18:20:43.000Z","2550"
"tabpfnv2p5_REG_TEXT_BABIES_PRICES_0","0.9297987861080612","15","TabPFN-v2p5 🇩🇪","0","ft","","n305","REG_TEXT_BABIES_PRICES","2026-04-12T18:08:05.000Z","2779"
"tabpfnv2_REG_TEXT_BABIES_PRICES_0","0.9118725320378296","15","TabPFN-v2 🤯","0","ft","","n306","REG_TEXT_BABIES_PRICES","2026-04-12T18:05:18.000Z","2786"
"tabm_REG_TEXT_BABIES_PRICES_0","0.9035955541621375","15","TabM Ⓜ️","0","ft","","n305","REG_TEXT_BABIES_PRICES","2026-04-12T18:03:40.000Z","2551"
"cat_REG_TEXT_BABIES_PRICES_0","0.8945825846857293","15","CatBoost 😸","0","ft","","n309","REG_TEXT_BABIES_PRICES","2026-04-12T18:00:02.000Z","2543"
"light_REG_TEXT_BABIES_PRICES_0","0.8731099876498681","15","LightGBM 💡","0","ft","","n309","REG_TEXT_BABIES_PRICES","2026-04-12T17:56:39.000Z","2512"
"tabpfnv2p5_MUL_TEXT_WOMEN_CLOTHING_REVIEW_4","0.910641131500625","15","TabPFN-v2p5 🇩🇪","4","ft","","n309","MUL_TEXT_WOMEN_CLOTHING_REVIEW","2026-04-12T17:52:48.000Z","1721"
"tabpfnv2_MUL_TEXT_WOMEN_CLOTHING_REVIEW_4","0.9107289628974355","15","TabPFN-v2 🤯","4","ft","","n309","MUL_TEXT_WOMEN_CLOTHING_REVIEW","2026-04-12T17:49:56.000Z","1721"
"tabm_MUL_TEXT_WOMEN_CLOTHING_REVIEW_4","0.9096911922682428","15","TabM Ⓜ️","4","ft","","n305","MUL_TEXT_WOMEN_CLOTHING_REVIEW","2026-04-12T17:49:09.000Z","1126"
"cat_MUL_TEXT_WOMEN_CLOTHING_REVIEW_4","0.9071129841074672","15","CatBoost 😸","4","ft","","n305","MUL_TEXT_WOMEN_CLOTHING_REVIEW","2026-04-12T17:46:37.000Z","1064"
"light_MUL_TEXT_WOMEN_CLOTHING_REVIEW_4","0.9013996023608224","15","LightGBM 💡","4","ft","","n305","MUL_TEXT_WOMEN_CLOTHING_REVIEW","2026-04-12T17:43:49.000Z","989"
"tabpfnv2p5_MUL_TEXT_WOMEN_CLOTHING_REVIEW_3","0.9082482155941086","15","TabPFN-v2p5 🇩🇪","3","ft","","n309","MUL_TEXT_WOMEN_CLOTHING_REVIEW","2026-04-12T17:38:44.000Z","1146"
"tabpfnv2_MUL_TEXT_WOMEN_CLOTHING_REVIEW_3","0.907878822315432","15","TabPFN-v2 🤯","3","ft","","n309","MUL_TEXT_WOMEN_CLOTHING_REVIEW","2026-04-12T17:36:48.000Z","1149"
"tabm_MUL_TEXT_WOMEN_CLOTHING_REVIEW_3","0.9065211197807068","15","TabM Ⓜ️","3","ft","","n309","MUL_TEXT_WOMEN_CLOTHING_REVIEW","2026-04-12T17:33:47.000Z","941"
"cat_MUL_TEXT_WOMEN_CLOTHING_REVIEW_3","0.9050822816123244","15","CatBoost 😸","3","ft","","n306","MUL_TEXT_WOMEN_CLOTHING_REVIEW","2026-04-12T17:30:52.000Z","1096"
"light_MUL_TEXT_WOMEN_CLOTHING_REVIEW_3","0.8962810376562533","15","LightGBM 💡","3","ft","","n305","MUL_TEXT_WOMEN_CLOTHING_REVIEW","2026-04-12T17:28:55.000Z","958"
"tabpfnv2p5_MUL_TEXT_WOMEN_CLOTHING_REVIEW_2","0.9182065154730564","15","TabPFN-v2p5 🇩🇪","2","ft","","n305","MUL_TEXT_WOMEN_CLOTHING_REVIEW","2026-04-12T17:27:03.000Z","1206"
"tabpfnv2_MUL_TEXT_WOMEN_CLOTHING_REVIEW_2","0.918779037701652","15","TabPFN-v2 🤯","2","ft","","n305","MUL_TEXT_WOMEN_CLOTHING_REVIEW","2026-04-12T17:23:36.000Z","1205"
"tabm_MUL_TEXT_WOMEN_CLOTHING_REVIEW_2","0.9171746156992424","15","TabM Ⓜ️","2","ft","","n309","MUL_TEXT_WOMEN_CLOTHING_REVIEW","2026-04-12T17:21:03.000Z","941"
"cat_MUL_TEXT_WOMEN_CLOTHING_REVIEW_2","0.9154810765121888","15","CatBoost 😸","2","ft","","n309","MUL_TEXT_WOMEN_CLOTHING_REVIEW","2026-04-12T17:17:03.000Z","970"
"light_MUL_TEXT_WOMEN_CLOTHING_REVIEW_2","0.9108671772154218","15","LightGBM 💡","2","ft","","n309","MUL_TEXT_WOMEN_CLOTHING_REVIEW","2026-04-12T17:14:51.000Z","935"
"tabpfnv2p5_MUL_TEXT_WOMEN_CLOTHING_REVIEW_1","0.912238640545474","15","TabPFN-v2p5 🇩🇪","1","ft","","n309","MUL_TEXT_WOMEN_CLOTHING_REVIEW","2026-04-12T17:13:57.000Z","975"
"tabpfnv2_MUL_TEXT_WOMEN_CLOTHING_REVIEW_1","0.9131356590554944","15","TabPFN-v2 🤯","1","ft","","n306","MUL_TEXT_WOMEN_CLOTHING_REVIEW","2026-04-12T17:11:08.000Z","976"
"tabm_MUL_TEXT_WOMEN_CLOTHING_REVIEW_1","0.9115315189649223","15","TabM Ⓜ️","1","ft","","n305","MUL_TEXT_WOMEN_CLOTHING_REVIEW","2026-04-12T17:08:41.000Z","1098"
"cat_MUL_TEXT_WOMEN_CLOTHING_REVIEW_1","0.9108362748282698","15","CatBoost 😸","1","ft","","n305","MUL_TEXT_WOMEN_CLOTHING_REVIEW","2026-04-12T17:04:53.000Z","1120"
"light_MUL_TEXT_WOMEN_CLOTHING_REVIEW_1","0.9013543724096212","15","LightGBM 💡","1","ft","","n309","MUL_TEXT_WOMEN_CLOTHING_REVIEW","2026-04-12T17:01:12.000Z","1092"
"tabpfnv2p5_MUL_TEXT_WOMEN_CLOTHING_REVIEW_0","0.9129396070982196","15","TabPFN-v2p5 🇩🇪","0","ft","","n305","MUL_TEXT_WOMEN_CLOTHING_REVIEW","2026-04-12T16:56:07.000Z","1149"
"tabpfnv2_MUL_TEXT_WOMEN_CLOTHING_REVIEW_0","0.9132359093647976","15","TabPFN-v2 🤯","0","ft","","n309","MUL_TEXT_WOMEN_CLOTHING_REVIEW","2026-04-12T16:55:10.000Z","1146"
"tabm_MUL_TEXT_WOMEN_CLOTHING_REVIEW_0","0.91299495748991","15","TabM Ⓜ️","0","ft","","n309","MUL_TEXT_WOMEN_CLOTHING_REVIEW","2026-04-12T16:51:13.000Z","1014"
"cat_MUL_TEXT_WOMEN_CLOTHING_REVIEW_0","0.9101446753559864","15","CatBoost 😸","0","ft","","n309","MUL_TEXT_WOMEN_CLOTHING_REVIEW","2026-04-12T16:38:20.000Z","1016"
"light_MUL_TEXT_WOMEN_CLOTHING_REVIEW_0","0.9077913813682832","15","LightGBM 💡","0","ft","","n305","MUL_TEXT_WOMEN_CLOTHING_REVIEW","2026-04-12T16:30:41.000Z","990"
"tabm_MUL_TEXT_WINE_REVIEW_4","0.9836872588553814","15","TabM Ⓜ️","4","ft","","n305","MUL_TEXT_WINE_REVIEW","2026-04-12T16:18:54.000Z","2755"
"cat_MUL_TEXT_WINE_REVIEW_4","0.9829881343044916","15","CatBoost 😸","4","ft","","n305","MUL_TEXT_WINE_REVIEW","2026-04-12T16:12:37.000Z","3002"
"light_MUL_TEXT_WINE_REVIEW_4","0.9778635132786112","15","LightGBM 💡","4","ft","","n305","MUL_TEXT_WINE_REVIEW","2026-04-12T16:08:04.000Z","2755"
"tabm_MUL_TEXT_WINE_REVIEW_3","0.9802406072907328","15","TabM Ⓜ️","3","ft","","n309","MUL_TEXT_WINE_REVIEW","2026-04-12T15:43:52.000Z","2086"
"cat_MUL_TEXT_WINE_REVIEW_3","0.9817752246026036","15","CatBoost 😸","3","ft","","n305","MUL_TEXT_WINE_REVIEW","2026-04-12T15:38:03.000Z","2444"
"light_MUL_TEXT_WINE_REVIEW_3","0.975571342168272","15","LightGBM 💡","3","ft","","n309","MUL_TEXT_WINE_REVIEW","2026-04-12T15:32:03.000Z","2147"
"tabm_MUL_TEXT_WINE_REVIEW_2","0.9826796234853452","15","TabM Ⓜ️","2","ft","","n309","MUL_TEXT_WINE_REVIEW","2026-04-12T15:18:59.000Z","2650"
"cat_MUL_TEXT_WINE_REVIEW_2","0.9811302160910876","15","CatBoost 😸","2","ft","","n305","MUL_TEXT_WINE_REVIEW","2026-04-12T15:14:31.000Z","2908"
"light_MUL_TEXT_WINE_REVIEW_2","0.9747527707159386","15","LightGBM 💡","2","ft","","n309","MUL_TEXT_WINE_REVIEW","2026-04-12T14:56:53.000Z","2648"
"tabm_MUL_TEXT_WINE_REVIEW_1","0.980918061101932","15","TabM Ⓜ️","1","ft","","n305","MUL_TEXT_WINE_REVIEW","2026-04-12T14:36:10.000Z","2753"
"cat_MUL_TEXT_WINE_REVIEW_1","0.9807250361457224","15","CatBoost 😸","1","ft","","n309","MUL_TEXT_WINE_REVIEW","2026-04-12T14:31:07.000Z","3006"
"light_MUL_TEXT_WINE_REVIEW_1","0.9727402922258348","15","LightGBM 💡","1","ft","","n305","MUL_TEXT_WINE_REVIEW","2026-04-12T14:28:03.000Z","2781"
"tabm_MUL_TEXT_WINE_REVIEW_0","0.9804883042953392","15","TabM Ⓜ️","0","ft","","n309","MUL_TEXT_WINE_REVIEW","2026-04-12T13:48:44.000Z","2753"
"cat_MUL_TEXT_WINE_REVIEW_0","0.9786760063186996","15","CatBoost 😸","0","ft","","n305","MUL_TEXT_WINE_REVIEW","2026-04-12T13:38:20.000Z","2994"
"light_MUL_TEXT_WINE_REVIEW_0","0.9722573969517868","15","LightGBM 💡","0","ft","","n307","MUL_TEXT_WINE_REVIEW","2026-04-12T13:35:55.000Z","2753"
"tabpfnv2p5_MUL_TEXT_US_ACCIDENTS_4","0.9900394316988156","15","TabPFN-v2p5 🇩🇪","4","ft","","n305","MUL_TEXT_US_ACCIDENTS","2026-04-12T13:30:26.000Z","3184"
"tabpfnv2_MUL_TEXT_US_ACCIDENTS_4","0.987544650484524","15","TabPFN-v2 🤯","4","ft","","n309","MUL_TEXT_US_ACCIDENTS","2026-04-12T13:20:21.000Z","3184"
"tabm_MUL_TEXT_US_ACCIDENTS_4","0.9845111868866316","15","TabM Ⓜ️","4","ft","","n309","MUL_TEXT_US_ACCIDENTS","2026-04-12T13:14:37.000Z","4944"
"cat_MUL_TEXT_US_ACCIDENTS_4","0.9835763148167618","15","CatBoost 😸","4","ft","","n309","MUL_TEXT_US_ACCIDENTS","2026-04-12T13:07:29.000Z","5014"
"light_MUL_TEXT_US_ACCIDENTS_4","0.9809503566923126","15","LightGBM 💡","4","ft","","n309","MUL_TEXT_US_ACCIDENTS","2026-04-12T12:59:36.000Z","4933"
"tabpfnv2p5_MUL_TEXT_US_ACCIDENTS_3","0.9802684989252476","15","TabPFN-v2p5 🇩🇪","3","ft","","n305","MUL_TEXT_US_ACCIDENTS","2026-04-12T12:52:04.000Z","3186"
"tabpfnv2_MUL_TEXT_US_ACCIDENTS_3","0.9764606033382116","15","TabPFN-v2 🤯","3","ft","","n305","MUL_TEXT_US_ACCIDENTS","2026-04-12T12:37:09.000Z","3191"
"tabm_MUL_TEXT_US_ACCIDENTS_3","0.9669256781968284","15","TabM Ⓜ️","3","ft","","n305","MUL_TEXT_US_ACCIDENTS","2026-04-12T12:14:03.000Z","4767"
"cat_MUL_TEXT_US_ACCIDENTS_3","0.9728555532063125","15","CatBoost 😸","3","ft","","n309","MUL_TEXT_US_ACCIDENTS","2026-04-12T11:52:40.000Z","4816"
"light_MUL_TEXT_US_ACCIDENTS_3","0.9745355458851832","15","LightGBM 💡","3","ft","","n305","MUL_TEXT_US_ACCIDENTS","2026-04-12T11:42:50.000Z","4708"
"tabpfnv2p5_MUL_TEXT_US_ACCIDENTS_2","0.977411210811628","15","TabPFN-v2p5 🇩🇪","2","ft","","n305","MUL_TEXT_US_ACCIDENTS","2026-04-12T11:35:18.000Z","5964"
"tabpfnv2_MUL_TEXT_US_ACCIDENTS_2","0.9763244488138222","15","TabPFN-v2 🤯","2","ft","","n309","MUL_TEXT_US_ACCIDENTS","2026-04-12T11:27:58.000Z","5971"
"tabm_MUL_TEXT_US_ACCIDENTS_2","0.9744498127498188","15","TabM Ⓜ️","2","ft","","n305","MUL_TEXT_US_ACCIDENTS","2026-04-12T11:21:54.000Z","5404"
"cat_MUL_TEXT_US_ACCIDENTS_2","0.9746237987174808","15","CatBoost 😸","2","ft","","n307","MUL_TEXT_US_ACCIDENTS","2026-04-12T11:10:28.000Z","5474"
"light_MUL_TEXT_US_ACCIDENTS_2","0.9765277524201168","15","LightGBM 💡","2","ft","","n309","MUL_TEXT_US_ACCIDENTS","2026-04-12T10:42:17.000Z","5391"
"tabpfnv2p5_MUL_TEXT_US_ACCIDENTS_1","0.9814864779773562","15","TabPFN-v2p5 🇩🇪","1","ft","","n309","MUL_TEXT_US_ACCIDENTS","2026-04-12T10:31:25.000Z","4191"
"tabpfnv2_MUL_TEXT_US_ACCIDENTS_1","0.9835431652082296","15","TabPFN-v2 🤯","1","ft","","n305","MUL_TEXT_US_ACCIDENTS","2026-04-12T10:22:42.000Z","4316"
"tabm_MUL_TEXT_US_ACCIDENTS_1","0.9683331151449884","15","TabM Ⓜ️","1","ft","","n305","MUL_TEXT_US_ACCIDENTS","2026-04-12T10:13:27.000Z","4737"
"cat_MUL_TEXT_US_ACCIDENTS_1","0.97495155608317","15","CatBoost 😸","1","ft","","n305","MUL_TEXT_US_ACCIDENTS","2026-04-12T10:01:57.000Z","4792"
"light_MUL_TEXT_US_ACCIDENTS_1","0.9630482548801846","15","LightGBM 💡","1","ft","","n309","MUL_TEXT_US_ACCIDENTS","2026-04-12T09:56:42.000Z","4708"
"tabpfnv2p5_MUL_TEXT_US_ACCIDENTS_0","0.984453099277968","15","TabPFN-v2p5 🇩🇪","0","ft","","n309","MUL_TEXT_US_ACCIDENTS","2026-04-12T09:49:38.000Z","5708"
"tabpfnv2_MUL_TEXT_US_ACCIDENTS_0","0.9829826268243452","15","TabPFN-v2 🤯","0","ft","","n307","MUL_TEXT_US_ACCIDENTS","2026-04-12T09:34:40.000Z","5744"
"tabm_MUL_TEXT_US_ACCIDENTS_0","0.9804098627620248","15","TabM Ⓜ️","0","ft","","n309","MUL_TEXT_US_ACCIDENTS","2026-04-12T09:26:26.000Z","4031"
"cat_MUL_TEXT_US_ACCIDENTS_0","0.9816159260388118","15","CatBoost 😸","0","ft","","n309","MUL_TEXT_US_ACCIDENTS","2026-04-12T09:10:41.000Z","4109"
"light_MUL_TEXT_US_ACCIDENTS_0","0.9776345594457544","15","LightGBM 💡","0","ft","","n305","MUL_TEXT_US_ACCIDENTS","2026-04-12T08:55:30.000Z","4029"
"tabm_MUL_TEXT_SPOTIFY_GENRES_4","0.96258849197757","15","TabM Ⓜ️","4","ft","","n305","MUL_TEXT_SPOTIFY_GENRES","2026-04-12T08:21:02.000Z","4083"
"cat_MUL_TEXT_SPOTIFY_GENRES_4","0.9654054528533528","15","CatBoost 😸","4","ft","","n307","MUL_TEXT_SPOTIFY_GENRES","2026-04-12T08:12:13.000Z","4842"
"light_MUL_TEXT_SPOTIFY_GENRES_4","0.9081252433434596","15","LightGBM 💡","4","ft","","n305","MUL_TEXT_SPOTIFY_GENRES","2026-04-12T07:40:30.000Z","4114"
"tabm_MUL_TEXT_SPOTIFY_GENRES_3","0.9618794090614567","15","TabM Ⓜ️","3","ft","","n309","MUL_TEXT_SPOTIFY_GENRES","2026-04-12T07:15:26.000Z","4092"
"cat_MUL_TEXT_SPOTIFY_GENRES_3","0.9661294664945906","15","CatBoost 😸","3","ft","","n309","MUL_TEXT_SPOTIFY_GENRES","2026-04-12T07:06:30.000Z","5079"
"light_MUL_TEXT_SPOTIFY_GENRES_3","0.9075874574128744","15","LightGBM 💡","3","ft","","n307","MUL_TEXT_SPOTIFY_GENRES","2026-04-12T07:03:46.000Z","4101"
"tabm_MUL_TEXT_SPOTIFY_GENRES_2","0.9590977485048022","15","TabM Ⓜ️","2","ft","","n305","MUL_TEXT_SPOTIFY_GENRES","2026-04-12T06:18:37.000Z","4111"
"cat_MUL_TEXT_SPOTIFY_GENRES_2","0.9629225565860742","15","CatBoost 😸","2","ft","","n305","MUL_TEXT_SPOTIFY_GENRES","2026-04-12T06:02:04.000Z","4856"
"light_MUL_TEXT_SPOTIFY_GENRES_2","0.9066848069005584","15","LightGBM 💡","2","ft","","n309","MUL_TEXT_SPOTIFY_GENRES","2026-04-12T05:54:02.000Z","4109"
"cat_MUL_TEXT_PRODUCT_SENTIMENT_4","0.9048184746315552","15","CatBoost 😸","4","ft","","n305","MUL_TEXT_PRODUCT_SENTIMENT","2026-04-12T05:40:11.000Z","527"
"tabm_MUL_TEXT_SPOTIFY_GENRES_1","0.9575896677644604","15","TabM Ⓜ️","1","ft","","n309","MUL_TEXT_SPOTIFY_GENRES","2026-04-12T05:17:26.000Z","4080"
"cat_MUL_TEXT_SPOTIFY_GENRES_1","0.9602930153486268","15","CatBoost 😸","1","ft","","n305","MUL_TEXT_SPOTIFY_GENRES","2026-04-12T04:43:52.000Z","5132"
"light_MUL_TEXT_SPOTIFY_GENRES_1","0.8963954186110861","15","LightGBM 💡","1","ft","","n309","MUL_TEXT_SPOTIFY_GENRES","2026-04-12T04:39:03.000Z","4113"
"tabm_MUL_TEXT_SPOTIFY_GENRES_0","0.9595568184135368","15","TabM Ⓜ️","0","ft","","n309","MUL_TEXT_SPOTIFY_GENRES","2026-04-12T04:33:29.000Z","4115"
"cat_MUL_TEXT_SPOTIFY_GENRES_0","0.9651078154173488","15","CatBoost 😸","0","ft","","n305","MUL_TEXT_SPOTIFY_GENRES","2026-04-12T04:32:01.000Z","5397"
"light_MUL_TEXT_SPOTIFY_GENRES_0","0.9032339236421604","15","LightGBM 💡","0","ft","","n309","MUL_TEXT_SPOTIFY_GENRES","2026-04-12T04:30:28.000Z","4240"
"tabpfnv2p5_MUL_TEXT_PRODUCT_SENTIMENT_4","0.9102508469150532","15","TabPFN-v2p5 🇩🇪","4","ft","","n309","MUL_TEXT_PRODUCT_SENTIMENT","2026-04-12T04:29:36.000Z","351"
"tabpfnv2_MUL_TEXT_PRODUCT_SENTIMENT_4","0.911977140607983","15","TabPFN-v2 🤯","4","ft","","n309","MUL_TEXT_PRODUCT_SENTIMENT","2026-04-12T04:26:11.000Z","330"
"tabm_MUL_TEXT_PRODUCT_SENTIMENT_4","0.9145616392096618","15","TabM Ⓜ️","4","ft","","n305","MUL_TEXT_PRODUCT_SENTIMENT","2026-04-12T04:24:47.000Z","430"
"light_MUL_TEXT_PRODUCT_SENTIMENT_4","0.8860751782449867","15","LightGBM 💡","4","ft","","n309","MUL_TEXT_PRODUCT_SENTIMENT","2026-04-12T04:22:27.000Z","428"
"tabpfnv2p5_MUL_TEXT_PRODUCT_SENTIMENT_3","0.936082382156478","15","TabPFN-v2p5 🇩🇪","3","ft","","n309","MUL_TEXT_PRODUCT_SENTIMENT","2026-04-12T04:21:50.000Z","511"
"tabpfnv2_MUL_TEXT_PRODUCT_SENTIMENT_3","0.9349213499970198","15","TabPFN-v2 🤯","3","ft","","n305","MUL_TEXT_PRODUCT_SENTIMENT","2026-04-12T04:19:05.000Z","512"
"tabm_MUL_TEXT_PRODUCT_SENTIMENT_3","0.9388614464643464","15","TabM Ⓜ️","3","ft","","n305","MUL_TEXT_PRODUCT_SENTIMENT","2026-04-12T04:15:54.000Z","545"
"cat_MUL_TEXT_PRODUCT_SENTIMENT_3","0.928107965109982","15","CatBoost 😸","3","ft","","n305","MUL_TEXT_PRODUCT_SENTIMENT","2026-04-12T04:14:30.000Z","509"
"light_MUL_TEXT_PRODUCT_SENTIMENT_3","0.9010344459687156","15","LightGBM 💡","3","ft","","n309","MUL_TEXT_PRODUCT_SENTIMENT","2026-04-12T04:13:29.000Z","507"
"tabpfnv2p5_MUL_TEXT_PRODUCT_SENTIMENT_2","0.9220361496574044","15","TabPFN-v2p5 🇩🇪","2","ft","","n309","MUL_TEXT_PRODUCT_SENTIMENT","2026-04-12T04:12:41.000Z","542"
"tabpfnv2_MUL_TEXT_PRODUCT_SENTIMENT_2","0.9198796089903232","15","TabPFN-v2 🤯","2","ft","","n305","MUL_TEXT_PRODUCT_SENTIMENT","2026-04-12T04:11:41.000Z","440"
"tabm_MUL_TEXT_PRODUCT_SENTIMENT_2","0.9182191840617612","15","TabM Ⓜ️","2","ft","","n305","MUL_TEXT_PRODUCT_SENTIMENT","2026-04-12T04:07:31.000Z","391"
"cat_MUL_TEXT_PRODUCT_SENTIMENT_2","0.9166423572793644","15","CatBoost 😸","2","ft","","n309","MUL_TEXT_PRODUCT_SENTIMENT","2026-04-12T04:06:25.000Z","371"
"light_MUL_TEXT_PRODUCT_SENTIMENT_2","0.914326303294133","15","LightGBM 💡","2","ft","","n309","MUL_TEXT_PRODUCT_SENTIMENT","2026-04-12T04:05:25.000Z","366"
"tabpfnv2p5_MUL_TEXT_PRODUCT_SENTIMENT_1","0.9356358050312764","15","TabPFN-v2p5 🇩🇪","1","ft","","n309","MUL_TEXT_PRODUCT_SENTIMENT","2026-04-12T04:03:58.000Z","589"
"tabpfnv2_MUL_TEXT_PRODUCT_SENTIMENT_1","0.92817434639876","15","TabPFN-v2 🤯","1","ft","","n305","MUL_TEXT_PRODUCT_SENTIMENT","2026-04-12T04:02:37.000Z","553"
"tabm_MUL_TEXT_PRODUCT_SENTIMENT_1","0.9165578773656636","15","TabM Ⓜ️","1","ft","","n305","MUL_TEXT_PRODUCT_SENTIMENT","2026-04-12T04:00:38.000Z","312"
"cat_MUL_TEXT_PRODUCT_SENTIMENT_1","0.9307285841992698","15","CatBoost 😸","1","ft","","n305","MUL_TEXT_PRODUCT_SENTIMENT","2026-04-12T03:59:11.000Z","332"
"light_MUL_TEXT_PRODUCT_SENTIMENT_1","0.9154558559516583","15","LightGBM 💡","1","ft","","n309","MUL_TEXT_PRODUCT_SENTIMENT","2026-04-12T03:57:47.000Z","311"
"tabpfnv2p5_MUL_TEXT_PRODUCT_SENTIMENT_0","0.9190617502932702","15","TabPFN-v2p5 🇩🇪","0","ft","","n307","MUL_TEXT_PRODUCT_SENTIMENT","2026-04-12T03:54:53.000Z","411"
"tabpfnv2_MUL_TEXT_PRODUCT_SENTIMENT_0","0.9175999945651608","15","TabPFN-v2 🤯","0","ft","","n305","MUL_TEXT_PRODUCT_SENTIMENT","2026-04-12T03:52:24.000Z","412"
"tabm_MUL_TEXT_PRODUCT_SENTIMENT_0","0.8844427159730706","15","TabM Ⓜ️","0","ft","","n309","MUL_TEXT_PRODUCT_SENTIMENT","2026-04-12T03:50:41.000Z","417"
"cat_MUL_TEXT_PRODUCT_SENTIMENT_0","0.8862986977639282","15","CatBoost 😸","0","ft","","n307","MUL_TEXT_PRODUCT_SENTIMENT","2026-04-12T03:47:50.000Z","418"
"light_MUL_TEXT_PRODUCT_SENTIMENT_0","0.8583487179029835","15","LightGBM 💡","0","ft","","n309","MUL_TEXT_PRODUCT_SENTIMENT","2026-04-12T03:44:52.000Z","416"
"tabpfnv2p5_MUL_TEXT_MICHELIN_RESTAURANTS_4","0.9242005065792276","15","TabPFN-v2p5 🇩🇪","4","ft","","n305","MUL_TEXT_MICHELIN_RESTAURANTS","2026-04-12T03:39:45.000Z","3330"
"tabpfnv2_MUL_TEXT_MICHELIN_RESTAURANTS_4","0.9229105902551452","15","TabPFN-v2 🤯","4","ft","","n309","MUL_TEXT_MICHELIN_RESTAURANTS","2026-04-12T03:32:25.000Z","3331"
"tabm_MUL_TEXT_MICHELIN_RESTAURANTS_4","0.9208273177742792","15","TabM Ⓜ️","4","ft","","n305","MUL_TEXT_MICHELIN_RESTAURANTS","2026-04-12T03:17:39.000Z","2867"
"cat_MUL_TEXT_MICHELIN_RESTAURANTS_4","0.917799014520315","15","CatBoost 😸","4","ft","","n305","MUL_TEXT_MICHELIN_RESTAURANTS","2026-04-12T03:08:47.000Z","2952"
"light_MUL_TEXT_MICHELIN_RESTAURANTS_4","0.8866773345214408","15","LightGBM 💡","4","ft","","n309","MUL_TEXT_MICHELIN_RESTAURANTS","2026-04-12T02:55:07.000Z","2862"
"tabpfnv2p5_MUL_TEXT_MICHELIN_RESTAURANTS_3","0.921703583305692","15","TabPFN-v2p5 🇩🇪","3","ft","","n309","MUL_TEXT_MICHELIN_RESTAURANTS","2026-04-12T02:48:07.000Z","2650"
"tabpfnv2_MUL_TEXT_MICHELIN_RESTAURANTS_3","0.9172557544030912","15","TabPFN-v2 🤯","3","ft","","n305","MUL_TEXT_MICHELIN_RESTAURANTS","2026-04-12T02:46:09.000Z","2657"
"tabm_MUL_TEXT_MICHELIN_RESTAURANTS_3","0.918301232081928","15","TabM Ⓜ️","3","ft","","n309","MUL_TEXT_MICHELIN_RESTAURANTS","2026-04-12T02:41:07.000Z","4117"
"cat_MUL_TEXT_MICHELIN_RESTAURANTS_3","0.9147538189967084","15","CatBoost 😸","3","ft","","n305","MUL_TEXT_MICHELIN_RESTAURANTS","2026-04-12T02:36:43.000Z","4120"
"light_MUL_TEXT_MICHELIN_RESTAURANTS_3","0.9099959552808128","15","LightGBM 💡","3","ft","","n309","MUL_TEXT_MICHELIN_RESTAURANTS","2026-04-12T02:26:06.000Z","4081"
"tabpfnv2p5_MUL_TEXT_MICHELIN_RESTAURANTS_2","0.9313510788997302","15","TabPFN-v2p5 🇩🇪","2","ft","","n305","MUL_TEXT_MICHELIN_RESTAURANTS","2026-04-12T02:13:53.000Z","3330"
"tabpfnv2_MUL_TEXT_MICHELIN_RESTAURANTS_2","0.926487343737205","15","TabPFN-v2 🤯","2","ft","","n309","MUL_TEXT_MICHELIN_RESTAURANTS","2026-04-12T02:07:14.000Z","3335"
"tabm_MUL_TEXT_MICHELIN_RESTAURANTS_2","0.9240410174471332","15","TabM Ⓜ️","2","ft","","n309","MUL_TEXT_MICHELIN_RESTAURANTS","2026-04-12T02:04:40.000Z","2413"
"cat_MUL_TEXT_MICHELIN_RESTAURANTS_2","0.922056433760536","15","CatBoost 😸","2","ft","","n306","MUL_TEXT_MICHELIN_RESTAURANTS","2026-04-12T02:02:41.000Z","2460"
"light_MUL_TEXT_MICHELIN_RESTAURANTS_2","0.9142354986186668","15","LightGBM 💡","2","ft","","n305","MUL_TEXT_MICHELIN_RESTAURANTS","2026-04-12T01:58:13.000Z","2459"
"tabpfnv2p5_MUL_TEXT_MICHELIN_RESTAURANTS_1","0.9231287546347656","15","TabPFN-v2p5 🇩🇪","1","ft","","n305","MUL_TEXT_MICHELIN_RESTAURANTS","2026-04-12T01:55:13.000Z","2483"
"tabpfnv2_MUL_TEXT_MICHELIN_RESTAURANTS_1","0.9153041999266822","15","TabPFN-v2 🤯","1","ft","","n309","MUL_TEXT_MICHELIN_RESTAURANTS","2026-04-12T01:49:45.000Z","2487"
"tabm_MUL_TEXT_MICHELIN_RESTAURANTS_1","0.916175041071264","15","TabM Ⓜ️","1","ft","","n306","MUL_TEXT_MICHELIN_RESTAURANTS","2026-04-12T01:19:09.000Z","2406"
"cat_MUL_TEXT_MICHELIN_RESTAURANTS_1","0.9130484735905076","15","CatBoost 😸","1","ft","","n305","MUL_TEXT_MICHELIN_RESTAURANTS","2026-04-12T01:11:34.000Z","2550"
"light_MUL_TEXT_MICHELIN_RESTAURANTS_1","0.8962989021456375","15","LightGBM 💡","1","ft","","n306","MUL_TEXT_MICHELIN_RESTAURANTS","2026-04-12T01:07:46.000Z","2404"
"tabpfnv2p5_MUL_TEXT_MICHELIN_RESTAURANTS_0","0.9264301204384326","15","TabPFN-v2p5 🇩🇪","0","ft","","n305","MUL_TEXT_MICHELIN_RESTAURANTS","2026-04-12T01:05:19.000Z","3669"
"tabpfnv2_MUL_TEXT_MICHELIN_RESTAURANTS_0","0.921231377936942","15","TabPFN-v2 🤯","0","ft","","n306","MUL_TEXT_MICHELIN_RESTAURANTS","2026-04-12T01:01:22.000Z","3671"
"tabm_MUL_TEXT_MICHELIN_RESTAURANTS_0","0.9212092478563854","15","TabM Ⓜ️","0","ft","","n309","MUL_TEXT_MICHELIN_RESTAURANTS","2026-04-12T00:56:52.000Z","3611"
"cat_MUL_TEXT_MICHELIN_RESTAURANTS_0","0.9211729134511116","15","CatBoost 😸","0","ft","","n306","MUL_TEXT_MICHELIN_RESTAURANTS","2026-04-12T00:54:09.000Z","3522"
"light_MUL_TEXT_MICHELIN_RESTAURANTS_0","0.9169793928315146","15","LightGBM 💡","0","ft","","n309","MUL_TEXT_MICHELIN_RESTAURANTS","2026-04-12T00:51:32.000Z","3493"
"tabpfnv2p5_MUL_TEXT_DATA_SCIENTIST_SALARY_4","0.8432784720900394","15","TabPFN-v2p5 🇩🇪","4","ft","","n306","MUL_TEXT_DATA_SCIENTIST_SALARY","2026-04-11T23:09:54.000Z","3502"
"tabpfnv2_MUL_TEXT_DATA_SCIENTIST_SALARY_4","0.8371232202727809","15","TabPFN-v2 🤯","4","ft","","n307","MUL_TEXT_DATA_SCIENTIST_SALARY","2026-04-11T23:02:36.000Z","3602"
"tabm_MUL_TEXT_DATA_SCIENTIST_SALARY_4","0.8386321339065691","15","TabM Ⓜ️","4","ft","","n309","MUL_TEXT_DATA_SCIENTIST_SALARY","2026-04-11T22:51:59.000Z","2639"
"cat_MUL_TEXT_DATA_SCIENTIST_SALARY_4","0.834075829111824","15","CatBoost 😸","4","ft","","n306","MUL_TEXT_DATA_SCIENTIST_SALARY","2026-04-11T22:44:14.000Z","2666"
"light_MUL_TEXT_DATA_SCIENTIST_SALARY_4","0.8085490949957697","15","LightGBM 💡","4","ft","","n305","MUL_TEXT_DATA_SCIENTIST_SALARY","2026-04-11T22:39:03.000Z","2634"
"tabpfnv2p5_MUL_TEXT_DATA_SCIENTIST_SALARY_3","0.8387925336265423","15","TabPFN-v2p5 🇩🇪","3","ft","","n306","MUL_TEXT_DATA_SCIENTIST_SALARY","2026-04-11T22:32:29.000Z","3338"
"tabpfnv2_MUL_TEXT_DATA_SCIENTIST_SALARY_3","0.8354398697584995","15","TabPFN-v2 🤯","3","ft","","n309","MUL_TEXT_DATA_SCIENTIST_SALARY","2026-04-11T22:30:15.000Z","3335"
"tabm_MUL_TEXT_DATA_SCIENTIST_SALARY_3","0.8387220892494964","15","TabM Ⓜ️","3","ft","","n305","MUL_TEXT_DATA_SCIENTIST_SALARY","2026-04-11T22:25:33.000Z","2851"
"cat_MUL_TEXT_DATA_SCIENTIST_SALARY_3","0.830632233228715","15","CatBoost 😸","3","ft","","n306","MUL_TEXT_DATA_SCIENTIST_SALARY","2026-04-11T22:20:37.000Z","2821"
"light_MUL_TEXT_DATA_SCIENTIST_SALARY_3","0.8116116949952944","15","LightGBM 💡","3","ft","","n305","MUL_TEXT_DATA_SCIENTIST_SALARY","2026-04-11T22:16:15.000Z","2765"
"tabpfnv2p5_MUL_TEXT_DATA_SCIENTIST_SALARY_2","0.8403585534853196","15","TabPFN-v2p5 🇩🇪","2","ft","","n309","MUL_TEXT_DATA_SCIENTIST_SALARY","2026-04-11T21:50:37.000Z","3192"
"tabpfnv2_MUL_TEXT_DATA_SCIENTIST_SALARY_2","0.8332498464993994","15","TabPFN-v2 🤯","2","ft","","n305","MUL_TEXT_DATA_SCIENTIST_SALARY","2026-04-11T21:44:09.000Z","3285"
"tabm_MUL_TEXT_DATA_SCIENTIST_SALARY_1","0.8263828216256414","15","TabM Ⓜ️","1","ft","","n306","MUL_TEXT_DATA_SCIENTIST_SALARY","2026-04-11T21:42:21.000Z","2643"
"tabm_MUL_TEXT_DATA_SCIENTIST_SALARY_2","0.8417820153550507","15","TabM Ⓜ️","2","ft","","n309","MUL_TEXT_DATA_SCIENTIST_SALARY","2026-04-11T21:40:29.000Z","2640"
"cat_MUL_TEXT_DATA_SCIENTIST_SALARY_2","0.8335298969426536","15","CatBoost 😸","2","ft","","n306","MUL_TEXT_DATA_SCIENTIST_SALARY","2026-04-11T21:35:02.000Z","2665"
"light_MUL_TEXT_DATA_SCIENTIST_SALARY_2","0.8123010113357959","15","LightGBM 💡","2","ft","","n307","MUL_TEXT_DATA_SCIENTIST_SALARY","2026-04-11T21:32:01.000Z","2655"
"tabpfnv2p5_MUL_TEXT_DATA_SCIENTIST_SALARY_1","0.8350204435450825","15","TabPFN-v2p5 🇩🇪","1","ft","","n309","MUL_TEXT_DATA_SCIENTIST_SALARY","2026-04-11T21:25:31.000Z","3636"
"tabpfnv2_MUL_TEXT_DATA_SCIENTIST_SALARY_1","0.8298915935960666","15","TabPFN-v2 🤯","1","ft","","n306","MUL_TEXT_DATA_SCIENTIST_SALARY","2026-04-11T21:17:38.000Z","3643"
"cat_MUL_TEXT_DATA_SCIENTIST_SALARY_1","0.8281253293268253","15","CatBoost 😸","1","ft","","n305","MUL_TEXT_DATA_SCIENTIST_SALARY","2026-04-11T20:54:39.000Z","2665"
"light_MUL_TEXT_DATA_SCIENTIST_SALARY_1","0.8099814856739211","15","LightGBM 💡","1","ft","","n309","MUL_TEXT_DATA_SCIENTIST_SALARY","2026-04-11T20:50:44.000Z","2635"
"tabpfnv2p5_MUL_TEXT_DATA_SCIENTIST_SALARY_0","0.8323838636102684","15","TabPFN-v2p5 🇩🇪","0","ft","","n309","MUL_TEXT_DATA_SCIENTIST_SALARY","2026-04-11T20:46:24.000Z","2769"
"tabpfnv2_MUL_TEXT_DATA_SCIENTIST_SALARY_0","0.8262991763002235","15","TabPFN-v2 🤯","0","ft","","n305","MUL_TEXT_DATA_SCIENTIST_SALARY","2026-04-11T20:44:41.000Z","2773"
"tabm_MUL_TEXT_DATA_SCIENTIST_SALARY_0","0.8285862872284975","15","TabM Ⓜ️","0","ft","","n309","MUL_TEXT_DATA_SCIENTIST_SALARY","2026-04-11T20:40:00.000Z","2637"
"cat_MUL_TEXT_DATA_SCIENTIST_SALARY_0","0.8254558593414063","15","CatBoost 😸","0","ft","","n305","MUL_TEXT_DATA_SCIENTIST_SALARY","2026-04-11T20:36:42.000Z","2667"
"light_MUL_TEXT_DATA_SCIENTIST_SALARY_0","0.809239020077224","15","LightGBM 💡","0","ft","","n306","MUL_TEXT_DATA_SCIENTIST_SALARY","2026-04-11T20:32:18.000Z","2634"
"tabpfnv2p5_BIN_TEXT_KICKSTARTER_FUNDING_4","0.7269703584558824","15","TabPFN-v2p5 🇩🇪","4","ft","","n306","BIN_TEXT_KICKSTARTER_FUNDING","2026-04-11T20:27:02.000Z","1263"
"tabpfnv2_BIN_TEXT_KICKSTARTER_FUNDING_4","0.7237143841911766","15","TabPFN-v2 🤯","4","ft","","n309","BIN_TEXT_KICKSTARTER_FUNDING","2026-04-11T20:24:30.000Z","1233"
"tabm_BIN_TEXT_KICKSTARTER_FUNDING_4","0.7354710477941175","15","TabM Ⓜ️","4","ft","","n307","BIN_TEXT_KICKSTARTER_FUNDING","2026-04-11T20:21:34.000Z","1374"
"cat_BIN_TEXT_KICKSTARTER_FUNDING_4","0.7320450367647059","15","CatBoost 😸","4","ft","","n305","BIN_TEXT_KICKSTARTER_FUNDING","2026-04-11T20:18:04.000Z","5172"
"light_BIN_TEXT_KICKSTARTER_FUNDING_4","0.7230893841911764","15","LightGBM 💡","4","ft","","n306","BIN_TEXT_KICKSTARTER_FUNDING","2026-04-11T20:13:13.000Z","1371"
"tabpfnv2p5_BIN_TEXT_KICKSTARTER_FUNDING_3","0.7555250459558824","15","TabPFN-v2p5 🇩🇪","3","ft","","n306","BIN_TEXT_KICKSTARTER_FUNDING","2026-04-11T20:09:22.000Z","1225"
"tabpfnv2_BIN_TEXT_KICKSTARTER_FUNDING_3","0.742017463235294","15","TabPFN-v2 🤯","3","ft","","n306","BIN_TEXT_KICKSTARTER_FUNDING","2026-04-11T20:03:33.000Z","1228"
"tabm_BIN_TEXT_KICKSTARTER_FUNDING_3","0.7490280330882355","15","TabM Ⓜ️","3","ft","","n305","BIN_TEXT_KICKSTARTER_FUNDING","2026-04-11T20:01:56.000Z","1376"
"cat_BIN_TEXT_KICKSTARTER_FUNDING_3","0.7437637867647057","15","CatBoost 😸","3","ft","","n305","BIN_TEXT_KICKSTARTER_FUNDING","2026-04-11T19:57:08.000Z","1383"
"light_BIN_TEXT_KICKSTARTER_FUNDING_3","0.7432961856617647","15","LightGBM 💡","3","ft","","n309","BIN_TEXT_KICKSTARTER_FUNDING","2026-04-11T19:54:53.000Z","1371"
"tabpfnv2p5_BIN_TEXT_KICKSTARTER_FUNDING_2","0.7728285845588235","15","TabPFN-v2p5 🇩🇪","2","ft","","n306","BIN_TEXT_KICKSTARTER_FUNDING","2026-04-11T19:47:35.000Z","1658"
"tabpfnv2_BIN_TEXT_KICKSTARTER_FUNDING_2","0.7647150735294117","15","TabPFN-v2 🤯","2","ft","","n305","BIN_TEXT_KICKSTARTER_FUNDING","2026-04-11T19:42:30.000Z","1656"
"tabm_BIN_TEXT_KICKSTARTER_FUNDING_2","0.7704515165441176","15","TabM Ⓜ️","2","ft","","n309","BIN_TEXT_KICKSTARTER_FUNDING","2026-04-11T19:39:23.000Z","1351"
"cat_BIN_TEXT_KICKSTARTER_FUNDING_2","0.7686776194852941","15","CatBoost 😸","2","ft","","n305","BIN_TEXT_KICKSTARTER_FUNDING","2026-04-11T19:36:10.000Z","1255"
"light_BIN_TEXT_KICKSTARTER_FUNDING_2","0.7619864430147059","15","LightGBM 💡","2","ft","","n309","BIN_TEXT_KICKSTARTER_FUNDING","2026-04-11T19:34:04.000Z","1243"
"tabpfnv2p5_BIN_TEXT_KICKSTARTER_FUNDING_1","0.7490550321691176","15","TabPFN-v2p5 🇩🇪","1","ft","","n309","BIN_TEXT_KICKSTARTER_FUNDING","2026-04-11T19:32:23.000Z","1648"
"tabpfnv2_BIN_TEXT_KICKSTARTER_FUNDING_1","0.7402418428308823","15","TabPFN-v2 🤯","1","ft","","n306","BIN_TEXT_KICKSTARTER_FUNDING","2026-04-11T19:28:13.000Z","1662"
"tabm_BIN_TEXT_KICKSTARTER_FUNDING_1","0.742844669117647","15","TabM Ⓜ️","1","ft","","n305","BIN_TEXT_KICKSTARTER_FUNDING","2026-04-11T19:24:23.000Z","1374"
"cat_BIN_TEXT_KICKSTARTER_FUNDING_1","0.7377539062499998","15","CatBoost 😸","1","ft","","n305","BIN_TEXT_KICKSTARTER_FUNDING","2026-04-11T19:17:44.000Z","1386"
"light_BIN_TEXT_KICKSTARTER_FUNDING_1","0.7345071231617647","15","LightGBM 💡","1","ft","","n305","BIN_TEXT_KICKSTARTER_FUNDING","2026-04-11T19:13:11.000Z","1371"
"tabpfnv2p5_BIN_TEXT_KICKSTARTER_FUNDING_0","0.7515935202205881","15","TabPFN-v2p5 🇩🇪","0","ft","","n309","BIN_TEXT_KICKSTARTER_FUNDING","2026-04-11T19:11:26.000Z","1249"
"tabpfnv2_BIN_TEXT_KICKSTARTER_FUNDING_0","0.7443296185661765","15","TabPFN-v2 🤯","0","ft","","n307","BIN_TEXT_KICKSTARTER_FUNDING","2026-04-11T19:08:06.000Z","1228"
"tabm_BIN_TEXT_KICKSTARTER_FUNDING_0","0.758118106617647","15","TabM Ⓜ️","0","ft","","n306","BIN_TEXT_KICKSTARTER_FUNDING","2026-04-11T19:06:29.000Z","1607"
"cat_BIN_TEXT_KICKSTARTER_FUNDING_0","0.7531904871323529","15","CatBoost 😸","0","ft","","n309","BIN_TEXT_KICKSTARTER_FUNDING","2026-04-11T19:02:23.000Z","1508"
"light_BIN_TEXT_KICKSTARTER_FUNDING_0","0.7491578584558825","15","LightGBM 💡","0","ft","","n306","BIN_TEXT_KICKSTARTER_FUNDING","2026-04-11T18:57:20.000Z","1501"
"tabpfnv2p5_BIN_TEXT_JIGSAW_TOXICITY_4","0.9468675256202098","15","TabPFN-v2p5 🇩🇪","4","ft","","n307","BIN_TEXT_JIGSAW_TOXICITY","2026-04-11T18:55:23.000Z","978"
"tabpfnv2_BIN_TEXT_JIGSAW_TOXICITY_4","0.9494164528012012","15","TabPFN-v2 🤯","4","ft","","n306","BIN_TEXT_JIGSAW_TOXICITY","2026-04-11T18:53:25.000Z","988"
"tabm_BIN_TEXT_JIGSAW_TOXICITY_4","0.9428062640758392","15","TabM Ⓜ️","4","ft","","n307","BIN_TEXT_JIGSAW_TOXICITY","2026-04-11T18:51:29.000Z","992"
"cat_BIN_TEXT_JIGSAW_TOXICITY_4","0.9386817158120776","15","CatBoost 😸","4","ft","","n305","BIN_TEXT_JIGSAW_TOXICITY","2026-04-11T18:49:03.000Z","994"
"light_BIN_TEXT_JIGSAW_TOXICITY_4","0.9354213586131044","15","LightGBM 💡","4","ft","","n306","BIN_TEXT_JIGSAW_TOXICITY","2026-04-11T18:48:16.000Z","992"
"tabpfnv2p5_BIN_TEXT_JIGSAW_TOXICITY_3","0.9402944360062152","15","TabPFN-v2p5 🇩🇪","3","ft","","n309","BIN_TEXT_JIGSAW_TOXICITY","2026-04-11T18:42:12.000Z","1036"
"tabpfnv2_BIN_TEXT_JIGSAW_TOXICITY_3","0.9398143298591106","15","TabPFN-v2 🤯","3","ft","","n309","BIN_TEXT_JIGSAW_TOXICITY","2026-04-11T18:36:51.000Z","1039"
"tabm_BIN_TEXT_JIGSAW_TOXICITY_3","0.9389697795003404","15","TabM Ⓜ️","3","ft","","n305","BIN_TEXT_JIGSAW_TOXICITY","2026-04-11T18:35:10.000Z","1132"
"cat_BIN_TEXT_JIGSAW_TOXICITY_3","0.9421995844899528","15","CatBoost 😸","3","ft","","n307","BIN_TEXT_JIGSAW_TOXICITY","2026-04-11T18:33:11.000Z","992"
"light_BIN_TEXT_JIGSAW_TOXICITY_3","0.9334922048220116","15","LightGBM 💡","3","ft","","n305","BIN_TEXT_JIGSAW_TOXICITY","2026-04-11T18:31:49.000Z","990"
"tabpfnv2p5_BIN_TEXT_JIGSAW_TOXICITY_2","0.9368376717470626","15","TabPFN-v2p5 🇩🇪","2","ft","","n306","BIN_TEXT_JIGSAW_TOXICITY","2026-04-11T18:29:13.000Z","1151"
"tabpfnv2_BIN_TEXT_JIGSAW_TOXICITY_2","0.9367787496290088","15","TabPFN-v2 🤯","2","ft","","n306","BIN_TEXT_JIGSAW_TOXICITY","2026-04-11T18:26:19.000Z","1155"
"tabm_BIN_TEXT_JIGSAW_TOXICITY_2","0.92754761780059","15","TabM Ⓜ️","2","ft","","n306","BIN_TEXT_JIGSAW_TOXICITY","2026-04-11T18:23:38.000Z","685"
"cat_BIN_TEXT_JIGSAW_TOXICITY_2","0.93089526702631","15","CatBoost 😸","2","ft","","n305","BIN_TEXT_JIGSAW_TOXICITY","2026-04-11T18:20:55.000Z","684"
"light_BIN_TEXT_JIGSAW_TOXICITY_2","0.9243876464323748","15","LightGBM 💡","2","ft","","n309","BIN_TEXT_JIGSAW_TOXICITY","2026-04-11T18:19:11.000Z","679"
"tabpfnv2p5_BIN_TEXT_JIGSAW_TOXICITY_1","0.9307686935875276","15","TabPFN-v2p5 🇩🇪","1","ft","","n306","BIN_TEXT_JIGSAW_TOXICITY","2026-04-11T18:15:26.000Z","1035"
"tabpfnv2_BIN_TEXT_JIGSAW_TOXICITY_1","0.9246451579112762","15","TabPFN-v2 🤯","1","ft","","n305","BIN_TEXT_JIGSAW_TOXICITY","2026-04-11T18:14:24.000Z","1039"
"tabm_BIN_TEXT_JIGSAW_TOXICITY_1","0.9235801951849716","15","TabM Ⓜ️","1","ft","","n305","BIN_TEXT_JIGSAW_TOXICITY","2026-04-11T18:11:57.000Z","682"
"cat_BIN_TEXT_JIGSAW_TOXICITY_1","0.9165837392412578","15","CatBoost 😸","1","ft","","n306","BIN_TEXT_JIGSAW_TOXICITY","2026-04-11T18:09:21.000Z","685"
"light_BIN_TEXT_JIGSAW_TOXICITY_1","0.9217907086366732","15","LightGBM 💡","1","ft","","n309","BIN_TEXT_JIGSAW_TOXICITY","2026-04-11T18:07:46.000Z","680"
"tabpfnv2p5_BIN_TEXT_JIGSAW_TOXICITY_0","0.9251383578623928","15","TabPFN-v2p5 🇩🇪","0","ft","","n307","BIN_TEXT_JIGSAW_TOXICITY","2026-04-11T18:05:54.000Z","1229"
"tabpfnv2_BIN_TEXT_JIGSAW_TOXICITY_0","0.9260876586532586","15","TabPFN-v2 🤯","0","ft","","n307","BIN_TEXT_JIGSAW_TOXICITY","2026-04-11T18:03:45.000Z","1209"
"tabm_BIN_TEXT_JIGSAW_TOXICITY_0","0.91635241537038","15","TabM Ⓜ️","0","ft","","n305","BIN_TEXT_JIGSAW_TOXICITY","2026-04-11T18:00:38.000Z","683"
"cat_BIN_TEXT_JIGSAW_TOXICITY_0","0.9152263482253532","15","CatBoost 😸","0","ft","","n306","BIN_TEXT_JIGSAW_TOXICITY","2026-04-11T17:57:50.000Z","685"
"light_BIN_TEXT_JIGSAW_TOXICITY_0","0.909521814277484","15","LightGBM 💡","0","ft","","n307","BIN_TEXT_JIGSAW_TOXICITY","2026-04-11T17:52:21.000Z","681"
"tabpfnv2p5_BIN_TEXT_FAKE_JOB_POSTING_4","0.9125499295112782","15","TabPFN-v2p5 🇩🇪","4","ft","","n305","BIN_TEXT_FAKE_JOB_POSTING","2026-04-11T17:47:08.000Z","1681"
"tabpfnv2_BIN_TEXT_FAKE_JOB_POSTING_4","0.8950525728383458","15","TabPFN-v2 🤯","4","ft","","n306","BIN_TEXT_FAKE_JOB_POSTING","2026-04-11T17:42:32.000Z","1627"
"tabm_BIN_TEXT_FAKE_JOB_POSTING_4","0.9083499765037594","15","TabM Ⓜ️","4","ft","","n309","BIN_TEXT_FAKE_JOB_POSTING","2026-04-11T17:41:03.000Z","1476"
"cat_BIN_TEXT_FAKE_JOB_POSTING_4","0.9131520206766915","15","CatBoost 😸","4","ft","","n307","BIN_TEXT_FAKE_JOB_POSTING","2026-04-11T17:37:54.000Z","1576"
"light_BIN_TEXT_FAKE_JOB_POSTING_4","0.9159715695488722","15","LightGBM 💡","4","ft","","n305","BIN_TEXT_FAKE_JOB_POSTING","2026-04-11T17:35:18.000Z","1517"
"tabpfnv2p5_BIN_TEXT_FAKE_JOB_POSTING_3","0.939453125","15","TabPFN-v2p5 🇩🇪","3","ft","","n309","BIN_TEXT_FAKE_JOB_POSTING","2026-04-11T17:32:12.000Z","1622"
"tabpfnv2_BIN_TEXT_FAKE_JOB_POSTING_3","0.9174033717105264","15","TabPFN-v2 🤯","3","ft","","n306","BIN_TEXT_FAKE_JOB_POSTING","2026-04-11T17:27:52.000Z","1626"
"tabm_BIN_TEXT_FAKE_JOB_POSTING_3","0.932639215225564","15","TabM Ⓜ️","3","ft","","n306","BIN_TEXT_FAKE_JOB_POSTING","2026-04-11T17:23:50.000Z","1118"
"cat_BIN_TEXT_FAKE_JOB_POSTING_3","0.9296287593984962","15","CatBoost 😸","3","ft","","n306","BIN_TEXT_FAKE_JOB_POSTING","2026-04-11T17:21:07.000Z","1106"
"light_BIN_TEXT_FAKE_JOB_POSTING_3","0.9184093045112782","15","LightGBM 💡","3","ft","","n305","BIN_TEXT_FAKE_JOB_POSTING","2026-04-11T17:17:07.000Z","1087"
"tabpfnv2p5_BIN_TEXT_FAKE_JOB_POSTING_2","0.9530368890977444","15","TabPFN-v2p5 🇩🇪","2","ft","","n305","BIN_TEXT_FAKE_JOB_POSTING","2026-04-11T17:11:11.000Z","1624"
"tabpfnv2_BIN_TEXT_FAKE_JOB_POSTING_2","0.9353412828947368","15","TabPFN-v2 🤯","2","ft","","n306","BIN_TEXT_FAKE_JOB_POSTING","2026-04-11T17:04:39.000Z","1626"
"tabm_BIN_TEXT_FAKE_JOB_POSTING_2","0.9210232612781954","15","TabM Ⓜ️","2","ft","","n309","BIN_TEXT_FAKE_JOB_POSTING","2026-04-11T17:02:15.000Z","1477"
"cat_BIN_TEXT_FAKE_JOB_POSTING_2","0.9213316494360902","15","CatBoost 😸","2","ft","","n306","BIN_TEXT_FAKE_JOB_POSTING","2026-04-11T16:57:38.000Z","1484"
"light_BIN_TEXT_FAKE_JOB_POSTING_2","0.9047374295112782","15","LightGBM 💡","2","ft","","n305","BIN_TEXT_FAKE_JOB_POSTING","2026-04-11T16:52:29.000Z","1471"
"tabpfnv2p5_BIN_TEXT_FAKE_JOB_POSTING_1","0.9153768209586468","15","TabPFN-v2p5 🇩🇪","1","ft","","n307","BIN_TEXT_FAKE_JOB_POSTING","2026-04-11T16:46:16.000Z","1620"
"tabpfnv2_BIN_TEXT_FAKE_JOB_POSTING_1","0.895500469924812","15","TabPFN-v2 🤯","1","ft","","n305","BIN_TEXT_FAKE_JOB_POSTING","2026-04-11T16:43:36.000Z","1649"
"tabm_BIN_TEXT_FAKE_JOB_POSTING_1","0.9129317434210528","15","TabM Ⓜ️","1","ft","","n306","BIN_TEXT_FAKE_JOB_POSTING","2026-04-11T16:39:51.000Z","1484"
"cat_BIN_TEXT_FAKE_JOB_POSTING_1","0.879640507518797","15","CatBoost 😸","1","ft","","n306","BIN_TEXT_FAKE_JOB_POSTING","2026-04-11T16:36:35.000Z","1482"
"light_BIN_TEXT_FAKE_JOB_POSTING_1","0.903547932330827","15","LightGBM 💡","1","ft","","n306","BIN_TEXT_FAKE_JOB_POSTING","2026-04-11T16:33:01.000Z","1473"
"tabpfnv2p5_BIN_TEXT_FAKE_JOB_POSTING_0","0.9309430803571428","15","TabPFN-v2p5 🇩🇪","0","ft","","n305","BIN_TEXT_FAKE_JOB_POSTING","2026-04-11T16:29:36.000Z","1622"
"tabpfnv2_BIN_TEXT_FAKE_JOB_POSTING_0","0.9145030545112782","15","TabPFN-v2 🤯","0","ft","","n305","BIN_TEXT_FAKE_JOB_POSTING","2026-04-11T16:25:18.000Z","1626"
"tabm_BIN_TEXT_FAKE_JOB_POSTING_0","0.9388950892857144","15","TabM Ⓜ️","0","ft","","n306","BIN_TEXT_FAKE_JOB_POSTING","2026-04-11T16:20:56.000Z","1367"
"cat_BIN_TEXT_FAKE_JOB_POSTING_0","0.9299224624060152","15","CatBoost 😸","0","ft","","n306","BIN_TEXT_FAKE_JOB_POSTING","2026-04-11T16:17:24.000Z","1339"
"light_BIN_TEXT_FAKE_JOB_POSTING_0","0.9245476973684212","15","LightGBM 💡","0","ft","","n309","BIN_TEXT_FAKE_JOB_POSTING","2026-04-11T16:13:50.000Z","1316"
"tabpfnv2p5_REG_IMAGE_PAINTING_PRICE_4","0.323426185731313","15","TabPFN-v2p5 🇩🇪","4","ft","","n306","REG_IMAGE_PAINTING_PRICE","2026-04-11T16:09:04.000Z","1644"
"tabpfnv2_REG_IMAGE_PAINTING_PRICE_4","0.2721675246198967","15","TabPFN-v2 🤯","4","ft","","n309","REG_IMAGE_PAINTING_PRICE","2026-04-11T16:04:33.000Z","1695"
"tabm_REG_IMAGE_PAINTING_PRICE_4","0.3998488891018017","15","TabM Ⓜ️","4","ft","","n305","REG_IMAGE_PAINTING_PRICE","2026-04-11T15:59:55.000Z","1662"
"cat_REG_IMAGE_PAINTING_PRICE_4","0.3343297818526947","15","CatBoost 😸","4","ft","","n309","REG_IMAGE_PAINTING_PRICE","2026-04-11T15:53:04.000Z","5168"
"light_REG_IMAGE_PAINTING_PRICE_4","0.32723943716358694","15","LightGBM 💡","4","ft","","n306","REG_IMAGE_PAINTING_PRICE","2026-04-11T15:47:24.000Z","1518"
"tabpfnv2p5_REG_IMAGE_PAINTING_PRICE_3","0.3373995025905605","15","TabPFN-v2p5 🇩🇪","3","ft","","n306","REG_IMAGE_PAINTING_PRICE","2026-04-11T15:41:48.000Z","1627"
"tabpfnv2_REG_IMAGE_PAINTING_PRICE_3","0.2201000599768037","15","TabPFN-v2 🤯","3","ft","","n306","REG_IMAGE_PAINTING_PRICE","2026-04-11T15:35:30.000Z","1742"
"tabm_REG_IMAGE_PAINTING_PRICE_3","0.2925485082374357","15","TabM Ⓜ️","3","ft","","n306","REG_IMAGE_PAINTING_PRICE","2026-04-11T15:28:53.000Z","1558"
"cat_REG_IMAGE_PAINTING_PRICE_3","0.2722220963064905","15","CatBoost 😸","3","ft","","n309","REG_IMAGE_PAINTING_PRICE","2026-04-11T15:24:55.000Z","1596"
"light_REG_IMAGE_PAINTING_PRICE_3","0.20975897002389488","15","LightGBM 💡","3","ft","","n306","REG_IMAGE_PAINTING_PRICE","2026-04-11T15:20:35.000Z","1697"
"tabpfnv2p5_REG_IMAGE_PAINTING_PRICE_2","0.28142976189504176","15","TabPFN-v2p5 🇩🇪","2","ft","","n307","REG_IMAGE_PAINTING_PRICE","2026-04-11T15:16:35.000Z","1610"
"tabpfnv2_REG_IMAGE_PAINTING_PRICE_2","0.24750611532793643","15","TabPFN-v2 🤯","2","ft","","n306","REG_IMAGE_PAINTING_PRICE","2026-04-11T15:08:11.000Z","1629"
"tabm_REG_IMAGE_PAINTING_PRICE_2","0.2421555497929404","15","TabM Ⓜ️","2","ft","","n309","REG_IMAGE_PAINTING_PRICE","2026-04-11T15:04:26.000Z","1530"
"cat_REG_IMAGE_PAINTING_PRICE_2","0.2392814785949301","15","CatBoost 😸","2","ft","","n307","REG_IMAGE_PAINTING_PRICE","2026-04-11T14:56:53.000Z","1475"
"light_REG_IMAGE_PAINTING_PRICE_2","0.22415478178003312","15","LightGBM 💡","2","ft","","n309","REG_IMAGE_PAINTING_PRICE","2026-04-11T14:53:20.000Z","1498"
"tabpfnv2p5_REG_IMAGE_PAINTING_PRICE_1","0.3336151789561974","15","TabPFN-v2p5 🇩🇪","1","ft","","n306","REG_IMAGE_PAINTING_PRICE","2026-04-11T14:49:22.000Z","1635"
"tabpfnv2_REG_IMAGE_PAINTING_PRICE_1","0.28082110613753486","15","TabPFN-v2 🤯","1","ft","","n305","REG_IMAGE_PAINTING_PRICE","2026-04-11T14:39:19.000Z","1626"
"tabm_REG_IMAGE_PAINTING_PRICE_1","0.25912333549352584","15","TabM Ⓜ️","1","ft","","n307","REG_IMAGE_PAINTING_PRICE","2026-04-11T14:37:26.000Z","5108"
"cat_REG_IMAGE_PAINTING_PRICE_1","0.2553538090328076","15","CatBoost 😸","1","ft","","n307","REG_IMAGE_PAINTING_PRICE","2026-04-11T14:32:21.000Z","1466"
"light_REG_IMAGE_PAINTING_PRICE_1","0.2451070385702635","15","LightGBM 💡","1","ft","","n306","REG_IMAGE_PAINTING_PRICE","2026-04-11T14:25:49.000Z","1497"
"tabpfnv2p5_REG_IMAGE_PAINTING_PRICE_0","0.43870719166887495","15","TabPFN-v2p5 🇩🇪","0","ft","","n305","REG_IMAGE_PAINTING_PRICE","2026-04-11T14:19:46.000Z","1662"
"tabpfnv2_REG_IMAGE_PAINTING_PRICE_0","0.39955057212435485","15","TabPFN-v2 🤯","0","ft","","n309","REG_IMAGE_PAINTING_PRICE","2026-04-11T14:10:42.000Z","1694"
"tabm_REG_IMAGE_PAINTING_PRICE_0","0.38376543386372575","15","TabM Ⓜ️","0","ft","","n305","REG_IMAGE_PAINTING_PRICE","2026-04-11T14:07:36.000Z","1536"
"cat_REG_IMAGE_PAINTING_PRICE_0","0.37242891151353497","15","CatBoost 😸","0","ft","","n305","REG_IMAGE_PAINTING_PRICE","2026-04-11T14:06:01.000Z","1554"
"light_REG_IMAGE_PAINTING_PRICE_0","0.32592715021975494","15","LightGBM 💡","0","ft","","n306","REG_IMAGE_PAINTING_PRICE","2026-04-11T14:04:16.000Z","1576"
"tabpfnv2p5_REG_IMAGE_MKPHOTO_BOTS_4","0.3748322005088496","15","TabPFN-v2p5 🇩🇪","4","ft","","n309","REG_IMAGE_MKPHOTO_BOTS","2026-04-11T14:02:15.000Z","500"
"tabpfnv2_REG_IMAGE_MKPHOTO_BOTS_4","0.3573149400567256","15","TabPFN-v2 🤯","4","ft","","n309","REG_IMAGE_MKPHOTO_BOTS","2026-04-11T14:01:12.000Z","501"
"tabm_REG_IMAGE_MKPHOTO_BOTS_4","0.36847796550473777","15","TabM Ⓜ️","4","ft","","n306","REG_IMAGE_MKPHOTO_BOTS","2026-04-11T13:58:55.000Z","529"
"cat_REG_IMAGE_MKPHOTO_BOTS_4","0.3702544668015963","15","CatBoost 😸","4","ft","","n309","REG_IMAGE_MKPHOTO_BOTS","2026-04-11T13:55:58.000Z","4098"
"light_REG_IMAGE_MKPHOTO_BOTS_4","0.33352481023309155","15","LightGBM 💡","4","ft","","n306","REG_IMAGE_MKPHOTO_BOTS","2026-04-11T13:54:51.000Z","572"
"tabpfnv2p5_REG_IMAGE_MKPHOTO_BOTS_3","0.3823094715973525","15","TabPFN-v2p5 🇩🇪","3","ft","","n306","REG_IMAGE_MKPHOTO_BOTS","2026-04-11T13:52:00.000Z","660"
"tabpfnv2_REG_IMAGE_MKPHOTO_BOTS_3","0.36448439737640326","15","TabPFN-v2 🤯","3","ft","","n305","REG_IMAGE_MKPHOTO_BOTS","2026-04-11T13:50:23.000Z","7694"
"tabm_REG_IMAGE_MKPHOTO_BOTS_3","0.3472805558298867","15","TabM Ⓜ️","3","ft","","n306","REG_IMAGE_MKPHOTO_BOTS","2026-04-11T13:48:32.000Z","615"
"cat_REG_IMAGE_MKPHOTO_BOTS_3","0.372744885343422","15","CatBoost 😸","3","ft","","n307","REG_IMAGE_MKPHOTO_BOTS","2026-04-11T13:47:39.000Z","495"
"light_REG_IMAGE_MKPHOTO_BOTS_3","0.36172784725702256","15","LightGBM 💡","3","ft","","n309","REG_IMAGE_MKPHOTO_BOTS","2026-04-11T13:45:15.000Z","614"
"tabpfnv2p5_REG_IMAGE_MKPHOTO_BOTS_2","0.3594084549585025","15","TabPFN-v2p5 🇩🇪","2","ft","","n305","REG_IMAGE_MKPHOTO_BOTS","2026-04-11T13:44:31.000Z","528"
"tabpfnv2_REG_IMAGE_MKPHOTO_BOTS_2","0.341852271554702","15","TabPFN-v2 🤯","2","ft","","n305","REG_IMAGE_MKPHOTO_BOTS","2026-04-11T13:42:28.000Z","500"
"tabm_REG_IMAGE_MKPHOTO_BOTS_2","0.3628609481490014","15","TabM Ⓜ️","2","ft","","n306","REG_IMAGE_MKPHOTO_BOTS","2026-04-11T13:41:15.000Z","452"
"cat_REG_IMAGE_MKPHOTO_BOTS_2","0.3474976917000743","15","CatBoost 😸","2","ft","","n309","REG_IMAGE_MKPHOTO_BOTS","2026-04-11T13:40:19.000Z","439"
"light_REG_IMAGE_MKPHOTO_BOTS_2","0.33620583712120755","15","LightGBM 💡","2","ft","","n306","REG_IMAGE_MKPHOTO_BOTS","2026-04-11T13:37:58.000Z","448"
"tabpfnv2p5_REG_IMAGE_MKPHOTO_BOTS_1","0.3854535588018978","15","TabPFN-v2p5 🇩🇪","1","ft","","n305","REG_IMAGE_MKPHOTO_BOTS","2026-04-11T13:36:40.000Z","478"
"tabpfnv2_REG_IMAGE_MKPHOTO_BOTS_1","0.37004778795808546","15","TabPFN-v2 🤯","1","ft","","n305","REG_IMAGE_MKPHOTO_BOTS","2026-04-11T13:35:37.000Z","506"
"tabm_REG_IMAGE_MKPHOTO_BOTS_1","0.3610749803454587","15","TabM Ⓜ️","1","ft","","n306","REG_IMAGE_MKPHOTO_BOTS","2026-04-11T13:33:25.000Z","458"
"cat_REG_IMAGE_MKPHOTO_BOTS_1","0.3934538180211885","15","CatBoost 😸","1","ft","","n309","REG_IMAGE_MKPHOTO_BOTS","2026-04-11T13:31:58.000Z","447"
"light_REG_IMAGE_MKPHOTO_BOTS_1","0.3630988258538283","15","LightGBM 💡","1","ft","","n305","REG_IMAGE_MKPHOTO_BOTS","2026-04-11T13:29:30.000Z","423"
"tabpfnv2p5_REG_IMAGE_MKPHOTO_BOTS_0","0.3734792039525976","15","TabPFN-v2p5 🇩🇪","0","ft","","n307","REG_IMAGE_MKPHOTO_BOTS","2026-04-11T13:28:53.000Z","461"
"tabpfnv2_REG_IMAGE_MKPHOTO_BOTS_0","0.3730926731621447","15","TabPFN-v2 🤯","0","ft","","n306","REG_IMAGE_MKPHOTO_BOTS","2026-04-11T13:27:16.000Z","537"
"tabm_REG_IMAGE_MKPHOTO_BOTS_0","0.3262518163362217","15","TabM Ⓜ️","0","ft","","n305","REG_IMAGE_MKPHOTO_BOTS","2026-04-11T13:26:20.000Z","448"
"cat_REG_IMAGE_MKPHOTO_BOTS_0","0.3535071261240348","15","CatBoost 😸","0","ft","","n306","REG_IMAGE_MKPHOTO_BOTS","2026-04-11T13:25:07.000Z","452"
"light_REG_IMAGE_MKPHOTO_BOTS_0","0.33066488194539956","15","LightGBM 💡","0","ft","","n305","REG_IMAGE_MKPHOTO_BOTS","2026-04-11T13:24:13.000Z","7651"
"tabpfnv2p5_REG_IMAGE_MANGO_MASS_4","0.6904666618044683","15","TabPFN-v2p5 🇩🇪","4","ft","","n305","REG_IMAGE_MANGO_MASS","2026-04-11T13:23:55.000Z","147"
"tabpfnv2_REG_IMAGE_MANGO_MASS_4","0.71167394157689","15","TabPFN-v2 🤯","4","ft","","n306","REG_IMAGE_MANGO_MASS","2026-04-11T13:23:44.000Z","260"
"tabm_REG_IMAGE_MANGO_MASS_4","0.693224078563125","15","TabM Ⓜ️","4","ft","","n307","REG_IMAGE_MANGO_MASS","2026-04-11T13:23:26.000Z","101"
"cat_REG_IMAGE_MANGO_MASS_4","0.6885670069420291","15","CatBoost 😸","4","ft","","n305","REG_IMAGE_MANGO_MASS","2026-04-11T13:22:41.000Z","131"
"light_REG_IMAGE_MANGO_MASS_4","0.6877490720192438","15","LightGBM 💡","4","ft","","n305","REG_IMAGE_MANGO_MASS","2026-04-11T13:22:11.000Z","104"
"tabpfnv2p5_REG_IMAGE_MANGO_MASS_3","0.667426850617088","15","TabPFN-v2p5 🇩🇪","3","ft","","n309","REG_IMAGE_MANGO_MASS","2026-04-11T13:21:50.000Z","129"
"tabpfnv2_REG_IMAGE_MANGO_MASS_3","0.654683978966964","15","TabPFN-v2 🤯","3","ft","","n306","REG_IMAGE_MANGO_MASS","2026-04-11T13:21:30.000Z","128"
"tabm_REG_IMAGE_MANGO_MASS_3","0.6914168181427862","15","TabM Ⓜ️","3","ft","","n305","REG_IMAGE_MANGO_MASS","2026-04-11T13:21:08.000Z","137"
"cat_REG_IMAGE_MANGO_MASS_3","0.6490019763802226","15","CatBoost 😸","3","ft","","n305","REG_IMAGE_MANGO_MASS","2026-04-11T13:20:49.000Z","138"
"light_REG_IMAGE_MANGO_MASS_3","0.6179236289620049","15","LightGBM 💡","3","ft","","n307","REG_IMAGE_MANGO_MASS","2026-04-11T13:20:31.000Z","174"
"tabpfnv2p5_REG_IMAGE_MANGO_MASS_2","0.639192334750933","15","TabPFN-v2p5 🇩🇪","2","ft","","n309","REG_IMAGE_MANGO_MASS","2026-04-11T13:20:16.000Z","87"
"tabpfnv2_REG_IMAGE_MANGO_MASS_2","0.6397389639683929","15","TabPFN-v2 🤯","2","ft","","n306","REG_IMAGE_MANGO_MASS","2026-04-11T13:19:49.000Z","7323"
"tabm_REG_IMAGE_MANGO_MASS_2","0.6616702456593017","15","TabM Ⓜ️","2","ft","","n306","REG_IMAGE_MANGO_MASS","2026-04-11T13:19:32.000Z","101"
"cat_REG_IMAGE_MANGO_MASS_2","0.6396197532764603","15","CatBoost 😸","2","ft","","n305","REG_IMAGE_MANGO_MASS","2026-04-11T13:19:02.000Z","108"
"light_REG_IMAGE_MANGO_MASS_2","0.6036437262857541","15","LightGBM 💡","2","ft","","n306","REG_IMAGE_MANGO_MASS","2026-04-11T13:18:36.000Z","7313"
"tabpfnv2p5_REG_IMAGE_MANGO_MASS_1","0.6494961911588641","15","TabPFN-v2p5 🇩🇪","1","ft","","n309","REG_IMAGE_MANGO_MASS","2026-04-11T13:18:22.000Z","126"
"tabpfnv2_REG_IMAGE_MANGO_MASS_1","0.6226551959773021","15","TabPFN-v2 🤯","1","ft","","n305","REG_IMAGE_MANGO_MASS","2026-04-11T13:17:42.000Z","130"
"tabm_REG_IMAGE_MANGO_MASS_1","0.5454530417780193","15","TabM Ⓜ️","1","ft","","n306","REG_IMAGE_MANGO_MASS","2026-04-11T13:17:13.000Z","118"
"cat_REG_IMAGE_MANGO_MASS_1","0.5603404972237098","15","CatBoost 😸","1","ft","","n306","REG_IMAGE_MANGO_MASS","2026-04-11T13:16:51.000Z","7436"
"light_REG_IMAGE_MANGO_MASS_1","0.5595356944877607","15","LightGBM 💡","1","ft","","n307","REG_IMAGE_MANGO_MASS","2026-04-11T13:16:14.000Z","117"
"tabpfnv2p5_REG_IMAGE_MANGO_MASS_0","0.7035868212630727","15","TabPFN-v2p5 🇩🇪","0","ft","","n309","REG_IMAGE_MANGO_MASS","2026-04-11T13:15:33.000Z","162"
"tabpfnv2_REG_IMAGE_MANGO_MASS_0","0.6849684485922045","15","TabPFN-v2 🤯","0","ft","","n307","REG_IMAGE_MANGO_MASS","2026-04-11T13:14:57.000Z","145"
"tabm_REG_IMAGE_MANGO_MASS_0","0.5967205250900653","15","TabM Ⓜ️","0","ft","","n306","REG_IMAGE_MANGO_MASS","2026-04-11T13:14:37.000Z","141"
"cat_REG_IMAGE_MANGO_MASS_0","0.5648259783627877","15","CatBoost 😸","0","ft","","n307","REG_IMAGE_MANGO_MASS","2026-04-11T13:13:02.000Z","110"
"light_REG_IMAGE_MANGO_MASS_0","0.5642651248252933","15","LightGBM 💡","0","ft","","n307","REG_IMAGE_MANGO_MASS","2026-04-11T13:11:52.000Z","3766"
"tabpfnv2p5_REG_IMAGE_LETTERBOXD_MOVIES_4","0.4984008649935887","15","TabPFN-v2p5 🇩🇪","4","ft","","n309","REG_IMAGE_LETTERBOXD_MOVIES","2026-04-11T13:09:24.000Z","532"
"tabpfnv2_REG_IMAGE_LETTERBOXD_MOVIES_4","0.4874635563038182","15","TabPFN-v2 🤯","4","ft","","n306","REG_IMAGE_LETTERBOXD_MOVIES","2026-04-11T13:07:43.000Z","528"
"tabm_REG_IMAGE_LETTERBOXD_MOVIES_4","0.4890196609171863","15","TabM Ⓜ️","4","ft","","n307","REG_IMAGE_LETTERBOXD_MOVIES","2026-04-11T13:03:58.000Z","500"
"cat_REG_IMAGE_LETTERBOXD_MOVIES_4","0.4668331795314399","15","CatBoost 😸","4","ft","","n305","REG_IMAGE_LETTERBOXD_MOVIES","2026-04-11T13:02:54.000Z","619"
"light_REG_IMAGE_LETTERBOXD_MOVIES_4","0.46031975734123987","15","LightGBM 💡","4","ft","","n309","REG_IMAGE_LETTERBOXD_MOVIES","2026-04-11T13:00:32.000Z","527"
"tabpfnv2p5_REG_IMAGE_LETTERBOXD_MOVIES_3","0.5201234357470592","15","TabPFN-v2p5 🇩🇪","3","ft","","n306","REG_IMAGE_LETTERBOXD_MOVIES","2026-04-11T12:59:27.000Z","597"
"tabpfnv2_REG_IMAGE_LETTERBOXD_MOVIES_3","0.502866372672354","15","TabPFN-v2 🤯","3","ft","","n307","REG_IMAGE_LETTERBOXD_MOVIES","2026-04-11T12:55:47.000Z","487"
"tabm_REG_IMAGE_LETTERBOXD_MOVIES_3","0.49593805698091986","15","TabM Ⓜ️","3","ft","","n305","REG_IMAGE_LETTERBOXD_MOVIES","2026-04-11T12:54:22.000Z","505"
"cat_REG_IMAGE_LETTERBOXD_MOVIES_3","0.4766695524621316","15","CatBoost 😸","3","ft","","n309","REG_IMAGE_LETTERBOXD_MOVIES","2026-04-11T12:52:40.000Z","510"
"light_REG_IMAGE_LETTERBOXD_MOVIES_3","0.46505623392354367","15","LightGBM 💡","3","ft","","n306","REG_IMAGE_LETTERBOXD_MOVIES","2026-04-11T12:50:24.000Z","534"
"tabpfnv2p5_REG_IMAGE_LETTERBOXD_MOVIES_2","0.4546316382401413","15","TabPFN-v2p5 🇩🇪","2","ft","","n306","REG_IMAGE_LETTERBOXD_MOVIES","2026-04-11T12:48:25.000Z","555"
"tabpfnv2_REG_IMAGE_LETTERBOXD_MOVIES_2","0.438822588052316","15","TabPFN-v2 🤯","2","ft","","n307","REG_IMAGE_LETTERBOXD_MOVIES","2026-04-11T12:45:54.000Z","536"
"tabm_REG_IMAGE_LETTERBOXD_MOVIES_2","0.44918718497535337","15","TabM Ⓜ️","2","ft","","n305","REG_IMAGE_LETTERBOXD_MOVIES","2026-04-11T12:44:11.000Z","4080"
"cat_REG_IMAGE_LETTERBOXD_MOVIES_2","0.4334601912595498","15","CatBoost 😸","2","ft","","n305","REG_IMAGE_LETTERBOXD_MOVIES","2026-04-11T12:43:24.000Z","508"
"light_REG_IMAGE_LETTERBOXD_MOVIES_2","0.407271594194092","15","LightGBM 💡","2","ft","","n309","REG_IMAGE_LETTERBOXD_MOVIES","2026-04-11T12:40:16.000Z","441"
"tabpfnv2p5_REG_IMAGE_LETTERBOXD_MOVIES_1","0.4475090982891481","15","TabPFN-v2p5 🇩🇪","1","ft","","n305","REG_IMAGE_LETTERBOXD_MOVIES","2026-04-11T12:38:47.000Z","499"
"tabpfnv2_REG_IMAGE_LETTERBOXD_MOVIES_1","0.4310116461713762","15","TabPFN-v2 🤯","1","ft","","n307","REG_IMAGE_LETTERBOXD_MOVIES","2026-04-11T12:37:25.000Z","505"
"tabm_REG_IMAGE_LETTERBOXD_MOVIES_1","0.4318673799672406","15","TabM Ⓜ️","1","ft","","n306","REG_IMAGE_LETTERBOXD_MOVIES","2026-04-11T12:32:53.000Z","558"
"cat_REG_IMAGE_LETTERBOXD_MOVIES_1","0.4216635949797818","15","CatBoost 😸","1","ft","","n309","REG_IMAGE_LETTERBOXD_MOVIES","2026-04-11T12:31:47.000Z","573"
"light_REG_IMAGE_LETTERBOXD_MOVIES_1","0.41526777035333207","15","LightGBM 💡","1","ft","","n305","REG_IMAGE_LETTERBOXD_MOVIES","2026-04-11T12:30:45.000Z","558"
"tabpfnv2p5_REG_IMAGE_LETTERBOXD_MOVIES_0","0.515744838398916","15","TabPFN-v2p5 🇩🇪","0","ft","","n306","REG_IMAGE_LETTERBOXD_MOVIES","2026-04-11T12:29:30.000Z","584"
"tabpfnv2_REG_IMAGE_LETTERBOXD_MOVIES_0","0.5071781850709256","15","TabPFN-v2 🤯","0","ft","","n305","REG_IMAGE_LETTERBOXD_MOVIES","2026-04-11T12:24:20.000Z","623"
"tabm_REG_IMAGE_LETTERBOXD_MOVIES_0","0.4996325336550605","15","TabM Ⓜ️","0","ft","","n305","REG_IMAGE_LETTERBOXD_MOVIES","2026-04-11T12:22:46.000Z","550"
"cat_REG_IMAGE_LETTERBOXD_MOVIES_0","0.4785546431307165","15","CatBoost 😸","0","ft","","n309","REG_IMAGE_LETTERBOXD_MOVIES","2026-04-11T12:21:57.000Z","583"
"light_REG_IMAGE_LETTERBOXD_MOVIES_0","0.4843575023835982","15","LightGBM 💡","0","ft","","n306","REG_IMAGE_LETTERBOXD_MOVIES","2026-04-11T12:21:15.000Z","586"
"tabpfnv2p5_REG_IMAGE_KHAADI_CLOTHES_4","0.9495530128479004","15","TabPFN-v2p5 🇩🇪","4","ft","","n305","REG_IMAGE_KHAADI_CLOTHES","2026-04-11T12:20:56.000Z","198"
"tabpfnv2_REG_IMAGE_KHAADI_CLOTHES_4","0.9317938089370728","15","TabPFN-v2 🤯","4","ft","","n305","REG_IMAGE_KHAADI_CLOTHES","2026-04-11T12:20:13.000Z","198"
"tabm_REG_IMAGE_KHAADI_CLOTHES_4","0.9263720512390136","15","TabM Ⓜ️","4","ft","","n307","REG_IMAGE_KHAADI_CLOTHES","2026-04-11T12:19:45.000Z","166"
"cat_REG_IMAGE_KHAADI_CLOTHES_4","0.8215332992997807","15","CatBoost 😸","4","ft","","n309","REG_IMAGE_KHAADI_CLOTHES","2026-04-11T12:18:59.000Z","172"
"light_REG_IMAGE_KHAADI_CLOTHES_4","0.8592122708338775","15","LightGBM 💡","4","ft","","n305","REG_IMAGE_KHAADI_CLOTHES","2026-04-11T12:18:04.000Z","166"
"tabpfnv2p5_REG_IMAGE_KHAADI_CLOTHES_3","0.5979687571525574","15","TabPFN-v2p5 🇩🇪","3","ft","","n305","REG_IMAGE_KHAADI_CLOTHES","2026-04-11T12:17:41.000Z","167"
"tabpfnv2_REG_IMAGE_KHAADI_CLOTHES_3","0.39557313919067383","15","TabPFN-v2 🤯","3","ft","","n305","REG_IMAGE_KHAADI_CLOTHES","2026-04-11T12:16:59.000Z","188"
"tabm_REG_IMAGE_KHAADI_CLOTHES_3","-0.6742297410964966","15","TabM Ⓜ️","3","ft","","n305","REG_IMAGE_KHAADI_CLOTHES","2026-04-11T12:16:42.000Z","174"
"cat_REG_IMAGE_KHAADI_CLOTHES_3","-2.188185416432195","15","CatBoost 😸","3","ft","","n309","REG_IMAGE_KHAADI_CLOTHES","2026-04-11T12:16:29.000Z","177"
"light_REG_IMAGE_KHAADI_CLOTHES_3","-1.709459376140277","15","LightGBM 💡","3","ft","","n306","REG_IMAGE_KHAADI_CLOTHES","2026-04-11T12:15:55.000Z","176"
"tabpfnv2p5_REG_IMAGE_KHAADI_CLOTHES_2","0.87032151222229","15","TabPFN-v2p5 🇩🇪","2","ft","","n305","REG_IMAGE_KHAADI_CLOTHES","2026-04-11T12:14:47.000Z","3770"
"tabpfnv2_REG_IMAGE_KHAADI_CLOTHES_2","0.9146741628646852","15","TabPFN-v2 🤯","2","ft","","n309","REG_IMAGE_KHAADI_CLOTHES","2026-04-11T12:14:13.000Z","161"
"tabm_REG_IMAGE_KHAADI_CLOTHES_2","0.42462992668151855","15","TabM Ⓜ️","2","ft","","n309","REG_IMAGE_KHAADI_CLOTHES","2026-04-11T12:13:41.000Z","160"
"cat_REG_IMAGE_KHAADI_CLOTHES_2","0.8993246579596785","15","CatBoost 😸","2","ft","","n305","REG_IMAGE_KHAADI_CLOTHES","2026-04-11T12:13:23.000Z","190"
"light_REG_IMAGE_KHAADI_CLOTHES_2","0.8656548057101432","15","LightGBM 💡","2","ft","","n309","REG_IMAGE_KHAADI_CLOTHES","2026-04-11T12:12:55.000Z","167"
"tabpfnv2p5_REG_IMAGE_KHAADI_CLOTHES_1","0.9766255617141724","15","TabPFN-v2p5 🇩🇪","1","ft","","n306","REG_IMAGE_KHAADI_CLOTHES","2026-04-11T12:11:58.000Z","159"
"tabpfnv2_REG_IMAGE_KHAADI_CLOTHES_1","0.8882315754890442","15","TabPFN-v2 🤯","1","ft","","n309","REG_IMAGE_KHAADI_CLOTHES","2026-04-11T12:11:36.000Z","151"
"tabm_REG_IMAGE_KHAADI_CLOTHES_1","0.7912251949310303","15","TabM Ⓜ️","1","ft","","n309","REG_IMAGE_KHAADI_CLOTHES","2026-04-11T12:10:54.000Z","163"
"cat_REG_IMAGE_KHAADI_CLOTHES_1","0.7598961768808946","15","CatBoost 😸","1","ft","","n309","REG_IMAGE_KHAADI_CLOTHES","2026-04-11T12:09:47.000Z","181"
"light_REG_IMAGE_KHAADI_CLOTHES_1","0.7000822821491999","15","LightGBM 💡","1","ft","","n309","REG_IMAGE_KHAADI_CLOTHES","2026-04-11T12:09:22.000Z","162"
"tabpfnv2p5_REG_IMAGE_KHAADI_CLOTHES_0","0.6141664981842041","15","TabPFN-v2p5 🇩🇪","0","ft","","n305","REG_IMAGE_KHAADI_CLOTHES","2026-04-11T12:08:54.000Z","167"
"tabpfnv2_REG_IMAGE_KHAADI_CLOTHES_0","0.8718694448471069","15","TabPFN-v2 🤯","0","ft","","n306","REG_IMAGE_KHAADI_CLOTHES","2026-04-11T12:08:09.000Z","188"
"tabm_REG_IMAGE_KHAADI_CLOTHES_0","0.9552273750305176","15","TabM Ⓜ️","0","ft","","n306","REG_IMAGE_KHAADI_CLOTHES","2026-04-11T12:07:06.000Z","148"
"cat_REG_IMAGE_KHAADI_CLOTHES_0","0.9223455499613537","15","CatBoost 😸","0","ft","","n305","REG_IMAGE_KHAADI_CLOTHES","2026-04-11T12:05:47.000Z","150"
"light_REG_IMAGE_KHAADI_CLOTHES_0","0.8987430687883126","15","LightGBM 💡","0","ft","","n305","REG_IMAGE_KHAADI_CLOTHES","2026-04-11T12:05:04.000Z","142"
"tabpfnv2p5_REG_IMAGE_HNM_FASHION_4","0.3256015247645321","15","TabPFN-v2p5 🇩🇪","4","ft","","n307","REG_IMAGE_HNM_FASHION","2026-04-11T12:03:01.000Z","451"
"tabpfnv2_REG_IMAGE_HNM_FASHION_4","0.30476703395984817","15","TabPFN-v2 🤯","4","ft","","n305","REG_IMAGE_HNM_FASHION","2026-04-11T12:00:58.000Z","468"
"tabm_REG_IMAGE_HNM_FASHION_4","0.30841763431504376","15","TabM Ⓜ️","4","ft","","n305","REG_IMAGE_HNM_FASHION","2026-04-11T11:59:36.000Z","419"
"cat_REG_IMAGE_HNM_FASHION_4","0.29562879853296753","15","CatBoost 😸","4","ft","","n305","REG_IMAGE_HNM_FASHION","2026-04-11T11:57:20.000Z","456"
"light_REG_IMAGE_HNM_FASHION_4","0.29181800517549117","15","LightGBM 💡","4","ft","","n306","REG_IMAGE_HNM_FASHION","2026-04-11T11:55:22.000Z","413"
"tabpfnv2p5_REG_IMAGE_HNM_FASHION_3","0.28381871492604516","15","TabPFN-v2p5 🇩🇪","3","ft","","n309","REG_IMAGE_HNM_FASHION","2026-04-11T11:54:11.000Z","542"
"tabpfnv2_REG_IMAGE_HNM_FASHION_3","0.26110472563666776","15","TabPFN-v2 🤯","3","ft","","n309","REG_IMAGE_HNM_FASHION","2026-04-11T11:51:55.000Z","468"
"tabm_REG_IMAGE_HNM_FASHION_3","0.26379986010159495","15","TabM Ⓜ️","3","ft","","n306","REG_IMAGE_HNM_FASHION","2026-04-11T11:50:11.000Z","454"
"cat_REG_IMAGE_HNM_FASHION_3","0.2595924586682592","15","CatBoost 😸","3","ft","","n306","REG_IMAGE_HNM_FASHION","2026-04-11T11:47:37.000Z","459"
"light_REG_IMAGE_HNM_FASHION_3","0.24895406303276624","15","LightGBM 💡","3","ft","","n309","REG_IMAGE_HNM_FASHION","2026-04-11T11:46:21.000Z","464"
"tabpfnv2p5_REG_IMAGE_HNM_FASHION_2","0.2695396830554516","15","TabPFN-v2p5 🇩🇪","2","ft","","n305","REG_IMAGE_HNM_FASHION","2026-04-11T11:44:04.000Z","469"
"tabpfnv2_REG_IMAGE_HNM_FASHION_2","0.25682653014412227","15","TabPFN-v2 🤯","2","ft","","n309","REG_IMAGE_HNM_FASHION","2026-04-11T11:42:39.000Z","481"
"tabm_REG_IMAGE_HNM_FASHION_2","0.2727916072321689","15","TabM Ⓜ️","2","ft","","n309","REG_IMAGE_HNM_FASHION","2026-04-11T11:40:55.000Z","414"
"cat_REG_IMAGE_HNM_FASHION_2","0.2606450480005309","15","CatBoost 😸","2","ft","","n305","REG_IMAGE_HNM_FASHION","2026-04-11T11:39:29.000Z","444"
"light_REG_IMAGE_HNM_FASHION_2","0.25904996568572947","15","LightGBM 💡","2","ft","","n306","REG_IMAGE_HNM_FASHION","2026-04-11T11:36:35.000Z","415"
"tabpfnv2p5_REG_IMAGE_HNM_FASHION_1","0.2666289421954955","15","TabPFN-v2p5 🇩🇪","1","ft","","n309","REG_IMAGE_HNM_FASHION","2026-04-11T11:35:41.000Z","409"
"tabpfnv2_REG_IMAGE_HNM_FASHION_1","0.2590999709822648","15","TabPFN-v2 🤯","1","ft","","n309","REG_IMAGE_HNM_FASHION","2026-04-11T11:33:52.000Z","418"
"tabm_REG_IMAGE_HNM_FASHION_1","0.27495554376248266","15","TabM Ⓜ️","1","ft","","n309","REG_IMAGE_HNM_FASHION","2026-04-11T11:32:45.000Z","360"
"cat_REG_IMAGE_HNM_FASHION_1","0.27631545203510977","15","CatBoost 😸","1","ft","","n307","REG_IMAGE_HNM_FASHION","2026-04-11T11:31:03.000Z","397"
"light_REG_IMAGE_HNM_FASHION_1","0.260762941274604","15","LightGBM 💡","1","ft","","n309","REG_IMAGE_HNM_FASHION","2026-04-11T11:27:57.000Z","347"
"tabpfnv2p5_REG_IMAGE_HNM_FASHION_0","0.2814506856205379","15","TabPFN-v2p5 🇩🇪","0","ft","","n307","REG_IMAGE_HNM_FASHION","2026-04-11T11:27:18.000Z","460"
"tabpfnv2_REG_IMAGE_HNM_FASHION_0","0.26874666180169815","15","TabPFN-v2 🤯","0","ft","","n306","REG_IMAGE_HNM_FASHION","2026-04-11T11:25:46.000Z","458"
"tabm_REG_IMAGE_HNM_FASHION_0","0.2660972307157956","15","TabM Ⓜ️","0","ft","","n307","REG_IMAGE_HNM_FASHION","2026-04-11T11:22:58.000Z","481"
"cat_REG_IMAGE_HNM_FASHION_0","0.24981949495867772","15","CatBoost 😸","0","ft","","n309","REG_IMAGE_HNM_FASHION","2026-04-11T11:20:14.000Z","446"
"light_REG_IMAGE_HNM_FASHION_0","0.23671924003994105","15","LightGBM 💡","0","ft","","n306","REG_IMAGE_HNM_FASHION","2026-04-11T11:18:43.000Z","416"
"tabpfnv2p5_REG_IMAGE_AMAZON_PACKAGES_4","0.5905162507077059","15","TabPFN-v2p5 🇩🇪","4","ft","","n305","REG_IMAGE_AMAZON_PACKAGES","2026-04-11T11:16:17.000Z","691"
"tabpfnv2_REG_IMAGE_AMAZON_PACKAGES_4","0.5832114787016355","15","TabPFN-v2 🤯","4","ft","","n305","REG_IMAGE_AMAZON_PACKAGES","2026-04-11T11:12:26.000Z","684"
"tabm_REG_IMAGE_AMAZON_PACKAGES_4","0.5775629648477638","15","TabM Ⓜ️","4","ft","","n306","REG_IMAGE_AMAZON_PACKAGES","2026-04-11T11:10:37.000Z","731"
"cat_REG_IMAGE_AMAZON_PACKAGES_4","0.562175466079097","15","CatBoost 😸","4","ft","","n309","REG_IMAGE_AMAZON_PACKAGES","2026-04-11T11:08:10.000Z","713"
"light_REG_IMAGE_AMAZON_PACKAGES_4","0.5602981794087352","15","LightGBM 💡","4","ft","","n305","REG_IMAGE_AMAZON_PACKAGES","2026-04-11T11:05:39.000Z","660"
"tabpfnv2p5_REG_IMAGE_AMAZON_PACKAGES_3","0.6563309560728623","15","TabPFN-v2p5 🇩🇪","3","ft","","n306","REG_IMAGE_AMAZON_PACKAGES","2026-04-11T11:03:55.000Z","716"
"tabpfnv2_REG_IMAGE_AMAZON_PACKAGES_3","0.6382821120821751","15","TabPFN-v2 🤯","3","ft","","n305","REG_IMAGE_AMAZON_PACKAGES","2026-04-11T11:00:35.000Z","705"
"tabm_REG_IMAGE_AMAZON_PACKAGES_3","0.6413750199887751","15","TabM Ⓜ️","3","ft","","n307","REG_IMAGE_AMAZON_PACKAGES","2026-04-11T10:58:44.000Z","646"
"cat_REG_IMAGE_AMAZON_PACKAGES_3","0.6132757539242404","15","CatBoost 😸","3","ft","","n309","REG_IMAGE_AMAZON_PACKAGES","2026-04-11T10:56:43.000Z","683"
"light_REG_IMAGE_AMAZON_PACKAGES_3","0.6169360638180752","15","LightGBM 💡","3","ft","","n307","REG_IMAGE_AMAZON_PACKAGES","2026-04-11T10:54:34.000Z","626"
"tabpfnv2p5_REG_IMAGE_AMAZON_PACKAGES_2","0.6285709055344104","15","TabPFN-v2p5 🇩🇪","2","ft","","n305","REG_IMAGE_AMAZON_PACKAGES","2026-04-11T10:53:08.000Z","711"
"tabpfnv2_REG_IMAGE_AMAZON_PACKAGES_2","0.6247531024933061","15","TabPFN-v2 🤯","2","ft","","n305","REG_IMAGE_AMAZON_PACKAGES","2026-04-11T10:48:57.000Z","740"
"tabm_REG_IMAGE_AMAZON_PACKAGES_2","0.6171482494259379","15","TabM Ⓜ️","2","ft","","n306","REG_IMAGE_AMAZON_PACKAGES","2026-04-11T10:47:47.000Z","682"
"cat_REG_IMAGE_AMAZON_PACKAGES_2","0.6336248024560756","15","CatBoost 😸","2","ft","","n305","REG_IMAGE_AMAZON_PACKAGES","2026-04-11T10:43:12.000Z","680"
"light_REG_IMAGE_AMAZON_PACKAGES_2","0.6327986472393803","15","LightGBM 💡","2","ft","","n305","REG_IMAGE_AMAZON_PACKAGES","2026-04-11T10:41:53.000Z","4257"
"tabpfnv2p5_REG_IMAGE_AMAZON_PACKAGES_1","0.5230297836346025","15","TabPFN-v2p5 🇩🇪","1","ft","","n307","REG_IMAGE_AMAZON_PACKAGES","2026-04-11T10:40:22.000Z","698"
"tabpfnv2_REG_IMAGE_AMAZON_PACKAGES_1","0.5176513464427241","15","TabPFN-v2 🤯","1","ft","","n306","REG_IMAGE_AMAZON_PACKAGES","2026-04-11T10:37:16.000Z","780"
"tabm_REG_IMAGE_AMAZON_PACKAGES_1","0.5146525232403174","15","TabM Ⓜ️","1","ft","","n305","REG_IMAGE_AMAZON_PACKAGES","2026-04-11T10:35:51.000Z","667"
"cat_REG_IMAGE_AMAZON_PACKAGES_1","0.5039184160814383","15","CatBoost 😸","1","ft","","n306","REG_IMAGE_AMAZON_PACKAGES","2026-04-11T10:34:07.000Z","689"
"light_REG_IMAGE_AMAZON_PACKAGES_1","0.5024511537968446","15","LightGBM 💡","1","ft","","n306","REG_IMAGE_AMAZON_PACKAGES","2026-04-11T10:29:53.000Z","4283"
"tabpfnv2p5_REG_IMAGE_AMAZON_PACKAGES_0","0.6024445063037619","15","TabPFN-v2p5 🇩🇪","0","ft","","n307","REG_IMAGE_AMAZON_PACKAGES","2026-04-11T10:28:58.000Z","676"
"tabpfnv2_REG_IMAGE_AMAZON_PACKAGES_0","0.6048058614979738","15","TabPFN-v2 🤯","0","ft","","n306","REG_IMAGE_AMAZON_PACKAGES","2026-04-11T10:23:23.000Z","740"
"tabm_REG_IMAGE_AMAZON_PACKAGES_0","0.602783205850842","15","TabM Ⓜ️","0","ft","","n309","REG_IMAGE_AMAZON_PACKAGES","2026-04-11T10:22:30.000Z","710"
"cat_REG_IMAGE_AMAZON_PACKAGES_0","0.5863044008421169","15","CatBoost 😸","0","ft","","n307","REG_IMAGE_AMAZON_PACKAGES","2026-04-11T10:21:23.000Z","633"
"light_REG_IMAGE_AMAZON_PACKAGES_0","0.5789136638381234","15","LightGBM 💡","0","ft","","n306","REG_IMAGE_AMAZON_PACKAGES","2026-04-11T10:20:44.000Z","4262"
"tabpfnv2p5_REG_IMAGE_AMAZON_BEST_SELLER_4","0.6193288919354156","15","TabPFN-v2p5 🇩🇪","4","ft","","n306","REG_IMAGE_AMAZON_BEST_SELLER","2026-04-11T10:20:20.000Z","174"
"tabpfnv2_REG_IMAGE_AMAZON_BEST_SELLER_4","0.6142794567645","15","TabPFN-v2 🤯","4","ft","","n305","REG_IMAGE_AMAZON_BEST_SELLER","2026-04-11T10:19:56.000Z","176"
"tabm_REG_IMAGE_AMAZON_BEST_SELLER_4","0.6067354762925277","15","TabM Ⓜ️","4","ft","","n305","REG_IMAGE_AMAZON_BEST_SELLER","2026-04-11T10:19:03.000Z","199"
"cat_REG_IMAGE_AMAZON_BEST_SELLER_4","0.6196371124857649","15","CatBoost 😸","4","ft","","n309","REG_IMAGE_AMAZON_BEST_SELLER","2026-04-11T10:18:48.000Z","148"
"light_REG_IMAGE_AMAZON_BEST_SELLER_4","0.5765250433520676","15","LightGBM 💡","4","ft","","n306","REG_IMAGE_AMAZON_BEST_SELLER","2026-04-11T10:18:08.000Z","161"
"tabpfnv2p5_REG_IMAGE_AMAZON_BEST_SELLER_3","0.5788572490126418","15","TabPFN-v2p5 🇩🇪","3","ft","","n306","REG_IMAGE_AMAZON_BEST_SELLER","2026-04-11T10:17:51.000Z","3770"
"tabpfnv2_REG_IMAGE_AMAZON_BEST_SELLER_3","0.5668907170625589","15","TabPFN-v2 🤯","3","ft","","n306","REG_IMAGE_AMAZON_BEST_SELLER","2026-04-11T10:17:11.000Z","179"
"tabm_REG_IMAGE_AMAZON_BEST_SELLER_3","0.5460481151281127","15","TabM Ⓜ️","3","ft","","n307","REG_IMAGE_AMAZON_BEST_SELLER","2026-04-11T10:16:33.000Z","139"
"cat_REG_IMAGE_AMAZON_BEST_SELLER_3","0.5429668469151339","15","CatBoost 😸","3","ft","","n309","REG_IMAGE_AMAZON_BEST_SELLER","2026-04-11T10:15:57.000Z","147"
"light_REG_IMAGE_AMAZON_BEST_SELLER_3","0.485299021063703","15","LightGBM 💡","3","ft","","n305","REG_IMAGE_AMAZON_BEST_SELLER","2026-04-11T10:15:33.000Z","138"
"tabpfnv2p5_REG_IMAGE_AMAZON_BEST_SELLER_2","0.5570199285505602","15","TabPFN-v2p5 🇩🇪","2","ft","","n306","REG_IMAGE_AMAZON_BEST_SELLER","2026-04-11T10:14:57.000Z","170"
"tabpfnv2_REG_IMAGE_AMAZON_BEST_SELLER_2","0.5396386669567803","15","TabPFN-v2 🤯","2","ft","","n305","REG_IMAGE_AMAZON_BEST_SELLER","2026-04-11T10:14:33.000Z","161"
"tabm_REG_IMAGE_AMAZON_BEST_SELLER_2","0.5383906589561505","15","TabM Ⓜ️","2","ft","","n305","REG_IMAGE_AMAZON_BEST_SELLER","2026-04-11T10:13:45.000Z","155"
"cat_REG_IMAGE_AMAZON_BEST_SELLER_2","0.5571924119082492","15","CatBoost 😸","2","ft","","n307","REG_IMAGE_AMAZON_BEST_SELLER","2026-04-11T10:13:16.000Z","146"
"light_REG_IMAGE_AMAZON_BEST_SELLER_2","0.511761834665873","15","LightGBM 💡","2","ft","","n306","REG_IMAGE_AMAZON_BEST_SELLER","2026-04-11T10:12:43.000Z","173"
"tabpfnv2p5_REG_IMAGE_AMAZON_BEST_SELLER_1","0.5741456142416106","15","TabPFN-v2p5 🇩🇪","1","ft","","n309","REG_IMAGE_AMAZON_BEST_SELLER","2026-04-11T10:12:06.000Z","184"
"tabpfnv2_REG_IMAGE_AMAZON_BEST_SELLER_1","0.5706760485908582","15","TabPFN-v2 🤯","1","ft","","n309","REG_IMAGE_AMAZON_BEST_SELLER","2026-04-11T10:11:35.000Z","185"
"tabm_REG_IMAGE_AMAZON_BEST_SELLER_1","0.5499141178257752","15","TabM Ⓜ️","1","ft","","n307","REG_IMAGE_AMAZON_BEST_SELLER","2026-04-11T10:10:58.000Z","178"
"cat_REG_IMAGE_AMAZON_BEST_SELLER_1","0.5569813058486608","15","CatBoost 😸","1","ft","","n309","REG_IMAGE_AMAZON_BEST_SELLER","2026-04-11T10:10:24.000Z","163"
"light_REG_IMAGE_AMAZON_BEST_SELLER_1","0.5445527924716355","15","LightGBM 💡","1","ft","","n306","REG_IMAGE_AMAZON_BEST_SELLER","2026-04-11T10:09:37.000Z","166"
"tabpfnv2p5_REG_IMAGE_AMAZON_BEST_SELLER_0","0.5774987244445082","15","TabPFN-v2p5 🇩🇪","0","ft","","n305","REG_IMAGE_AMAZON_BEST_SELLER","2026-04-11T10:08:24.000Z","196"
"tabpfnv2_REG_IMAGE_AMAZON_BEST_SELLER_0","0.5610441124089697","15","TabPFN-v2 🤯","0","ft","","n306","REG_IMAGE_AMAZON_BEST_SELLER","2026-04-11T10:08:11.000Z","213"
"tabm_REG_IMAGE_AMAZON_BEST_SELLER_0","0.5791386023492677","15","TabM Ⓜ️","0","ft","","n305","REG_IMAGE_AMAZON_BEST_SELLER","2026-04-11T10:07:43.000Z","177"
"cat_REG_IMAGE_AMAZON_BEST_SELLER_0","0.6087381167782078","15","CatBoost 😸","0","ft","","n307","REG_IMAGE_AMAZON_BEST_SELLER","2026-04-11T10:06:28.000Z","168"
"light_REG_IMAGE_AMAZON_BEST_SELLER_0","0.5934922120941344","15","LightGBM 💡","0","ft","","n306","REG_IMAGE_AMAZON_BEST_SELLER","2026-04-11T10:05:23.000Z","160"
"tabpfnv2p5_MUL_IMAGE_ZOOSCAN_ZOOPLANKTON_4","0.9866663118411564","15","TabPFN-v2p5 🇩🇪","4","ft","","n309","MUL_IMAGE_ZOOSCAN_ZOOPLANKTON","2026-04-11T10:03:34.000Z","277"
"tabpfnv2_MUL_IMAGE_ZOOSCAN_ZOOPLANKTON_4","0.98523319663302","15","TabPFN-v2 🤯","4","ft","","n306","MUL_IMAGE_ZOOSCAN_ZOOPLANKTON","2026-04-11T10:02:54.000Z","304"
"tabm_MUL_IMAGE_ZOOSCAN_ZOOPLANKTON_4","0.984320707907674","15","TabM Ⓜ️","4","ft","","n305","MUL_IMAGE_ZOOSCAN_ZOOPLANKTON","2026-04-11T10:01:39.000Z","305"
"cat_MUL_IMAGE_ZOOSCAN_ZOOPLANKTON_4","0.9845635128362054","15","CatBoost 😸","4","ft","","n306","MUL_IMAGE_ZOOSCAN_ZOOPLANKTON","2026-04-11T10:00:32.000Z","342"
"light_MUL_IMAGE_ZOOSCAN_ZOOPLANKTON_4","0.9800939534277812","15","LightGBM 💡","4","ft","","n305","MUL_IMAGE_ZOOSCAN_ZOOPLANKTON","2026-04-11T09:59:58.000Z","309"
"tabpfnv2p5_MUL_IMAGE_ZOOSCAN_ZOOPLANKTON_3","0.9887246503573176","15","TabPFN-v2p5 🇩🇪","3","ft","","n305","MUL_IMAGE_ZOOSCAN_ZOOPLANKTON","2026-04-11T09:59:19.000Z","280"
"tabpfnv2_MUL_IMAGE_ZOOSCAN_ZOOPLANKTON_3","0.9866438138437434","15","TabPFN-v2 🤯","3","ft","","n306","MUL_IMAGE_ZOOSCAN_ZOOPLANKTON","2026-04-11T09:58:19.000Z","261"
"tabm_MUL_IMAGE_ZOOSCAN_ZOOPLANKTON_3","0.9864431280565678","15","TabM Ⓜ️","3","ft","","n307","MUL_IMAGE_ZOOSCAN_ZOOPLANKTON","2026-04-11T09:56:11.000Z","258"
"cat_MUL_IMAGE_ZOOSCAN_ZOOPLANKTON_3","0.9848240192049346","15","CatBoost 😸","3","ft","","n306","MUL_IMAGE_ZOOSCAN_ZOOPLANKTON","2026-04-11T09:55:11.000Z","3898"
"light_MUL_IMAGE_ZOOSCAN_ZOOPLANKTON_3","0.984256043169302","15","LightGBM 💡","3","ft","","n309","MUL_IMAGE_ZOOSCAN_ZOOPLANKTON","2026-04-11T09:54:26.000Z","252"
"tabpfnv2p5_MUL_IMAGE_ZOOSCAN_ZOOPLANKTON_2","0.9896679134072536","15","TabPFN-v2p5 🇩🇪","2","ft","","n305","MUL_IMAGE_ZOOSCAN_ZOOPLANKTON","2026-04-11T09:53:25.000Z","352"
"tabpfnv2_MUL_IMAGE_ZOOSCAN_ZOOPLANKTON_2","0.9879330999954086","15","TabPFN-v2 🤯","2","ft","","n306","MUL_IMAGE_ZOOSCAN_ZOOPLANKTON","2026-04-11T09:52:40.000Z","332"
"tabm_MUL_IMAGE_ZOOSCAN_ZOOPLANKTON_2","0.9874633423871882","15","TabM Ⓜ️","2","ft","","n307","MUL_IMAGE_ZOOSCAN_ZOOPLANKTON","2026-04-11T09:51:39.000Z","263"
"cat_MUL_IMAGE_ZOOSCAN_ZOOPLANKTON_2","0.9866468007437138","15","CatBoost 😸","2","ft","","n306","MUL_IMAGE_ZOOSCAN_ZOOPLANKTON","2026-04-11T09:50:22.000Z","335"
"light_MUL_IMAGE_ZOOSCAN_ZOOPLANKTON_2","0.9850463444340644","15","LightGBM 💡","2","ft","","n306","MUL_IMAGE_ZOOSCAN_ZOOPLANKTON","2026-04-11T09:49:49.000Z","305"
"tabpfnv2p5_MUL_IMAGE_ZOOSCAN_ZOOPLANKTON_1","0.9866645215040568","15","TabPFN-v2p5 🇩🇪","1","ft","","n305","MUL_IMAGE_ZOOSCAN_ZOOPLANKTON","2026-04-11T09:48:38.000Z","296"
"tabpfnv2_MUL_IMAGE_ZOOSCAN_ZOOPLANKTON_1","0.9832289505245536","15","TabPFN-v2 🤯","1","ft","","n306","MUL_IMAGE_ZOOSCAN_ZOOPLANKTON","2026-04-11T09:47:26.000Z","308"
"tabm_MUL_IMAGE_ZOOSCAN_ZOOPLANKTON_1","0.9830853725220564","15","TabM Ⓜ️","1","ft","","n305","MUL_IMAGE_ZOOSCAN_ZOOPLANKTON","2026-04-11T09:46:47.000Z","274"
"cat_MUL_IMAGE_ZOOSCAN_ZOOPLANKTON_1","0.983632262675076","15","CatBoost 😸","1","ft","","n305","MUL_IMAGE_ZOOSCAN_ZOOPLANKTON","2026-04-11T09:45:43.000Z","305"
"light_MUL_IMAGE_ZOOSCAN_ZOOPLANKTON_1","0.9827394372632942","15","LightGBM 💡","1","ft","","n306","MUL_IMAGE_ZOOSCAN_ZOOPLANKTON","2026-04-11T09:44:47.000Z","302"
"tabpfnv2p5_MUL_IMAGE_ZOOSCAN_ZOOPLANKTON_0","0.9908096814771032","15","TabPFN-v2p5 🇩🇪","0","ft","","n307","MUL_IMAGE_ZOOSCAN_ZOOPLANKTON","2026-04-11T09:43:47.000Z","240"
"tabpfnv2_MUL_IMAGE_ZOOSCAN_ZOOPLANKTON_0","0.9885715266172402","15","TabPFN-v2 🤯","0","ft","","n305","MUL_IMAGE_ZOOSCAN_ZOOPLANKTON","2026-04-11T09:42:38.000Z","268"
"tabm_MUL_IMAGE_ZOOSCAN_ZOOPLANKTON_0","0.989601857085374","15","TabM Ⓜ️","0","ft","","n305","MUL_IMAGE_ZOOSCAN_ZOOPLANKTON","2026-04-11T09:41:38.000Z","304"
"cat_MUL_IMAGE_ZOOSCAN_ZOOPLANKTON_0","0.9880874660457712","15","CatBoost 😸","0","ft","","n306","MUL_IMAGE_ZOOSCAN_ZOOPLANKTON","2026-04-11T09:38:52.000Z","349"
"light_MUL_IMAGE_ZOOSCAN_ZOOPLANKTON_0","0.9853304592915209","15","LightGBM 💡","0","ft","","n305","MUL_IMAGE_ZOOSCAN_ZOOPLANKTON","2026-04-11T09:36:45.000Z","289"
"tabpfnv2p5_MUL_IMAGE_PETFINDER_4","0.8511334529824776","15","TabPFN-v2p5 🇩🇪","4","ft","","n306","MUL_IMAGE_PETFINDER","2026-04-11T09:35:20.000Z","719"
"tabpfnv2_MUL_IMAGE_PETFINDER_4","0.8453145996858668","15","TabPFN-v2 🤯","4","ft","","n305","MUL_IMAGE_PETFINDER","2026-04-11T09:30:45.000Z","685"
"tabm_MUL_IMAGE_PETFINDER_4","0.8444444044271096","15","TabM Ⓜ️","4","ft","","n306","MUL_IMAGE_PETFINDER","2026-04-11T09:29:35.000Z","709"
"cat_MUL_IMAGE_PETFINDER_4","0.8380020108059844","15","CatBoost 😸","4","ft","","n307","MUL_IMAGE_PETFINDER","2026-04-11T09:26:27.000Z","721"
"light_MUL_IMAGE_PETFINDER_4","0.831505174460196","15","LightGBM 💡","4","ft","","n309","MUL_IMAGE_PETFINDER","2026-04-11T09:24:35.000Z","4403"
"tabpfnv2p5_MUL_IMAGE_PETFINDER_3","0.8607263321604735","15","TabPFN-v2p5 🇩🇪","3","ft","","n305","MUL_IMAGE_PETFINDER","2026-04-11T09:21:17.000Z","700"
"tabpfnv2_MUL_IMAGE_PETFINDER_3","0.8520645107082992","15","TabPFN-v2 🤯","3","ft","","n306","MUL_IMAGE_PETFINDER","2026-04-11T09:17:23.000Z","720"
"tabm_MUL_IMAGE_PETFINDER_3","0.8505393347719606","15","TabM Ⓜ️","3","ft","","n307","MUL_IMAGE_PETFINDER","2026-04-11T09:16:05.000Z","617"
"cat_MUL_IMAGE_PETFINDER_3","0.8471494649680511","15","CatBoost 😸","3","ft","","n305","MUL_IMAGE_PETFINDER","2026-04-11T09:12:09.000Z","763"
"light_MUL_IMAGE_PETFINDER_3","0.8331921311563883","15","LightGBM 💡","3","ft","","n305","MUL_IMAGE_PETFINDER","2026-04-11T09:09:15.000Z","633"
"tabpfnv2p5_MUL_IMAGE_PETFINDER_2","0.8495571134464001","15","TabPFN-v2p5 🇩🇪","2","ft","","n306","MUL_IMAGE_PETFINDER","2026-04-11T09:08:06.000Z","703"
"tabpfnv2_MUL_IMAGE_PETFINDER_2","0.8410376483065234","15","TabPFN-v2 🤯","2","ft","","n305","MUL_IMAGE_PETFINDER","2026-04-11T09:02:22.000Z","676"
"tabm_MUL_IMAGE_PETFINDER_2","0.8466358564065664","15","TabM Ⓜ️","2","ft","","n306","MUL_IMAGE_PETFINDER","2026-04-11T09:00:52.000Z","666"
"cat_MUL_IMAGE_PETFINDER_2","0.8388910109986064","15","CatBoost 😸","2","ft","","n309","MUL_IMAGE_PETFINDER","2026-04-11T08:59:20.000Z","745"
"light_MUL_IMAGE_PETFINDER_2","0.8230022758310459","15","LightGBM 💡","2","ft","","n305","MUL_IMAGE_PETFINDER","2026-04-11T08:55:58.000Z","643"
"tabpfnv2p5_MUL_IMAGE_PETFINDER_1","0.8526957236667867","15","TabPFN-v2p5 🇩🇪","1","ft","","n305","MUL_IMAGE_PETFINDER","2026-04-11T08:52:29.000Z","690"
"tabpfnv2_MUL_IMAGE_PETFINDER_1","0.8458063849177002","15","TabPFN-v2 🤯","1","ft","","n306","MUL_IMAGE_PETFINDER","2026-04-11T08:48:56.000Z","710"
"tabm_MUL_IMAGE_PETFINDER_1","0.8467921551078355","15","TabM Ⓜ️","1","ft","","n305","MUL_IMAGE_PETFINDER","2026-04-11T08:47:45.000Z","647"
"cat_MUL_IMAGE_PETFINDER_1","0.8386530402501169","15","CatBoost 😸","1","ft","","n307","MUL_IMAGE_PETFINDER","2026-04-11T08:43:18.000Z","781"
"light_MUL_IMAGE_PETFINDER_1","0.8293992499318541","15","LightGBM 💡","1","ft","","n305","MUL_IMAGE_PETFINDER","2026-04-11T08:41:31.000Z","651"
"tabpfnv2p5_MUL_IMAGE_PETFINDER_0","0.8454531119348769","15","TabPFN-v2p5 🇩🇪","0","ft","","n307","MUL_IMAGE_PETFINDER","2026-04-11T08:36:51.000Z","667"
"tabpfnv2_MUL_IMAGE_PETFINDER_0","0.8374461914675937","15","TabPFN-v2 🤯","0","ft","","n306","MUL_IMAGE_PETFINDER","2026-04-11T08:33:13.000Z","704"
"tabm_MUL_IMAGE_PETFINDER_0","0.837868958844319","15","TabM Ⓜ️","0","ft","","n306","MUL_IMAGE_PETFINDER","2026-04-11T08:31:44.000Z","699"
"cat_MUL_IMAGE_PETFINDER_0","0.8335872477479908","15","CatBoost 😸","0","ft","","n309","MUL_IMAGE_PETFINDER","2026-04-11T08:24:34.000Z","803"
"light_MUL_IMAGE_PETFINDER_0","0.8168810667166317","15","LightGBM 💡","0","ft","","n306","MUL_IMAGE_PETFINDER","2026-04-11T08:21:23.000Z","701"
"tabpfnv2p5_MUL_IMAGE_JUSTIN_INSTAGRAM_4","0.9719751990310403","15","TabPFN-v2p5 🇩🇪","4","ft","","n306","MUL_IMAGE_JUSTIN_INSTAGRAM","2026-04-11T08:18:35.000Z","1811"
"tabpfnv2_MUL_IMAGE_JUSTIN_INSTAGRAM_4","0.9650833397522496","15","TabPFN-v2 🤯","4","ft","","n306","MUL_IMAGE_JUSTIN_INSTAGRAM","2026-04-11T08:10:01.000Z","9100"
"tabm_MUL_IMAGE_JUSTIN_INSTAGRAM_4","0.9764157833528418","15","TabM Ⓜ️","4","ft","","n307","MUL_IMAGE_JUSTIN_INSTAGRAM","2026-04-11T08:05:27.000Z","1574"
"cat_MUL_IMAGE_JUSTIN_INSTAGRAM_4","0.97342785847198","15","CatBoost 😸","4","ft","","n305","MUL_IMAGE_JUSTIN_INSTAGRAM","2026-04-11T07:57:07.000Z","1616"
"light_MUL_IMAGE_JUSTIN_INSTAGRAM_4","0.9740390916554488","15","LightGBM 💡","4","ft","","n305","MUL_IMAGE_JUSTIN_INSTAGRAM","2026-04-11T07:52:27.000Z","1584"
"tabpfnv2p5_MUL_IMAGE_JUSTIN_INSTAGRAM_3","0.9792266134296692","15","TabPFN-v2p5 🇩🇪","3","ft","","n306","MUL_IMAGE_JUSTIN_INSTAGRAM","2026-04-11T07:49:25.000Z","1742"
"tabpfnv2_MUL_IMAGE_JUSTIN_INSTAGRAM_3","0.9782649263772564","15","TabPFN-v2 🤯","3","ft","","n306","MUL_IMAGE_JUSTIN_INSTAGRAM","2026-04-11T07:44:14.000Z","5401"
"tabm_MUL_IMAGE_JUSTIN_INSTAGRAM_3","0.9731026428869856","15","TabM Ⓜ️","3","ft","","n305","MUL_IMAGE_JUSTIN_INSTAGRAM","2026-04-11T07:35:32.000Z","1737"
"cat_MUL_IMAGE_JUSTIN_INSTAGRAM_3","0.9787247440159736","15","CatBoost 😸","3","ft","","n306","MUL_IMAGE_JUSTIN_INSTAGRAM","2026-04-11T07:30:41.000Z","1638"
"light_MUL_IMAGE_JUSTIN_INSTAGRAM_3","0.9734198124050624","15","LightGBM 💡","3","ft","","n307","MUL_IMAGE_JUSTIN_INSTAGRAM","2026-04-11T07:24:21.000Z","1570"
"tabpfnv2p5_MUL_IMAGE_JUSTIN_INSTAGRAM_2","0.9776828091300882","15","TabPFN-v2p5 🇩🇪","2","ft","","n306","MUL_IMAGE_JUSTIN_INSTAGRAM","2026-04-11T07:19:11.000Z","1807"
"tabpfnv2_MUL_IMAGE_JUSTIN_INSTAGRAM_2","0.9760022419517403","15","TabPFN-v2 🤯","2","ft","","n307","MUL_IMAGE_JUSTIN_INSTAGRAM","2026-04-11T07:14:57.000Z","1728"
"tabm_MUL_IMAGE_JUSTIN_INSTAGRAM_2","0.974371184123154","15","TabM Ⓜ️","2","ft","","n305","MUL_IMAGE_JUSTIN_INSTAGRAM","2026-04-11T07:12:53.000Z","1597"
"cat_MUL_IMAGE_JUSTIN_INSTAGRAM_2","0.9692933766120716","15","CatBoost 😸","2","ft","","n306","MUL_IMAGE_JUSTIN_INSTAGRAM","2026-04-11T07:00:49.000Z","1782"
"tabpfnv2p5_MUL_IMAGE_JUSTIN_INSTAGRAM_1","0.9649534400417","15","TabPFN-v2p5 🇩🇪","1","ft","","n306","MUL_IMAGE_JUSTIN_INSTAGRAM","2026-04-11T07:00:46.000Z","1863"
"light_MUL_IMAGE_JUSTIN_INSTAGRAM_2","0.9586337829084076","15","LightGBM 💡","2","ft","","n309","MUL_IMAGE_JUSTIN_INSTAGRAM","2026-04-11T06:57:07.000Z","1628"
"tabpfnv2p5_MUL_IMAGE_CSGO_SKIN_PRICE_1","0.8702526219790242","15","TabPFN-v2p5 🇩🇪","1","ft","","n306","MUL_IMAGE_CSGO_SKIN_PRICE","2026-04-09T21:45:37.000Z","121785"
"light_MUL_IMAGE_GLAUCOMA_SMDG_0","0.933212590653872","15","LightGBM 💡","0","ft","","nlp-srv2.iem.technion.ac.il","MUL_IMAGE_GLAUCOMA_SMDG","2026-04-09T11:08:27.000Z","404"
"cat_MUL_IMAGE_CHEXPERT_2","0.8188390977899952","15","CatBoost 😸","2","ft","","nlp-srv2.iem.technion.ac.il","MUL_IMAGE_CHEXPERT","2026-04-09T11:04:13.000Z","246"
"tabpfnv2_MUL_IMAGE_JUSTIN_INSTAGRAM_1","0.9637612968240592","15","TabPFN-v2 🤯","1","ft","","nlp-srv2.iem.technion.ac.il","MUL_IMAGE_JUSTIN_INSTAGRAM","2026-04-09T11:03:06.000Z","782"
"tabm_MUL_IMAGE_JUSTIN_INSTAGRAM_1","0.956971576917422","15","TabM Ⓜ️","1","ft","","nlp-srv2.iem.technion.ac.il","MUL_IMAGE_JUSTIN_INSTAGRAM","2026-04-09T10:50:09.000Z","713"
"cat_MUL_IMAGE_JUSTIN_INSTAGRAM_1","0.9619740555601184","15","CatBoost 😸","1","ft","","nlp-srv2.iem.technion.ac.il","MUL_IMAGE_JUSTIN_INSTAGRAM","2026-04-09T10:38:05.000Z","718"
"light_MUL_IMAGE_JUSTIN_INSTAGRAM_1","0.9596039474316378","15","LightGBM 💡","1","ft","","nlp-srv2.iem.technion.ac.il","MUL_IMAGE_JUSTIN_INSTAGRAM","2026-04-09T10:24:33.000Z","725"
"light_MUL_IMAGE_GLAUCOMA_SMDG_1","0.9311430917046662","15","LightGBM 💡","1","ft","","nlp-srv2.iem.technion.ac.il","MUL_IMAGE_GLAUCOMA_SMDG","2026-04-09T10:23:59.000Z","424"
"tabpfnv2_MUL_IMAGE_GLAUCOMA_SMDG_0","0.939999415736276","15","TabPFN-v2 🤯","0","ft","","nlp-srv2.iem.technion.ac.il","MUL_IMAGE_GLAUCOMA_SMDG","2026-04-09T10:16:43.000Z","432"
"tabm_MUL_IMAGE_GLAUCOMA_SMDG_0","0.9314427074287798","15","TabM Ⓜ️","0","ft","","nlp-srv2.iem.technion.ac.il","MUL_IMAGE_GLAUCOMA_SMDG","2026-04-09T10:13:30.000Z","411"
"cat_MUL_IMAGE_GLAUCOMA_SMDG_0","0.9299130284926594","15","CatBoost 😸","0","ft","","nlp-srv2.iem.technion.ac.il","MUL_IMAGE_GLAUCOMA_SMDG","2026-04-09T10:09:31.000Z","427"
"tabpfnv2p5_MUL_IMAGE_FLOWER_BOUQUETS_4","0.6592458769023142","15","TabPFN-v2p5 🇩🇪","4","ft","","nlp-srv2.iem.technion.ac.il","MUL_IMAGE_FLOWER_BOUQUETS","2026-04-09T10:05:08.000Z","257"
"cat_MUL_IMAGE_FLOWER_BOUQUETS_4","0.6105792009199335","15","CatBoost 😸","4","ft","","nlp-srv2.iem.technion.ac.il","MUL_IMAGE_FLOWER_BOUQUETS","2026-04-09T10:03:23.000Z","182"
"tabpfnv2_MUL_IMAGE_FLOWER_BOUQUETS_2","0.7051375485738415","15","TabPFN-v2 🤯","2","ft","","nlp-srv2.iem.technion.ac.il","MUL_IMAGE_FLOWER_BOUQUETS","2026-04-09T10:02:40.000Z","110"
"cat_MUL_IMAGE_FLOWER_BOUQUETS_0","0.6415877727115242","15","CatBoost 😸","0","ft","","nlp-srv2.iem.technion.ac.il","MUL_IMAGE_FLOWER_BOUQUETS","2026-04-09T10:01:15.000Z","83"
"tabpfnv2p5_MUL_IMAGE_CSGO_SKIN_PRICE_4","0.8806505547955616","15","TabPFN-v2p5 🇩🇪","4","ft","","nlp-srv2.iem.technion.ac.il","MUL_IMAGE_CSGO_SKIN_PRICE","2026-04-09T10:00:16.000Z","103"
"tabpfnv2_MUL_IMAGE_CSGO_SKIN_PRICE_4","0.8757409940720475","15","TabPFN-v2 🤯","4","ft","","nlp-srv2.iem.technion.ac.il","MUL_IMAGE_CSGO_SKIN_PRICE","2026-04-09T09:59:23.000Z","104"
"tabm_MUL_IMAGE_CSGO_SKIN_PRICE_4","0.8518033135734914","15","TabM Ⓜ️","4","ft","","nlp-srv2.iem.technion.ac.il","MUL_IMAGE_CSGO_SKIN_PRICE","2026-04-09T09:58:26.000Z","116"
"cat_MUL_IMAGE_CSGO_SKIN_PRICE_4","0.8595427876576986","15","CatBoost 😸","4","ft","","nlp-srv2.iem.technion.ac.il","MUL_IMAGE_CSGO_SKIN_PRICE","2026-04-09T09:58:15.000Z","114"
"light_MUL_IMAGE_CSGO_SKIN_PRICE_4","0.8015351877184982","15","LightGBM 💡","4","ft","","nlp-srv2.iem.technion.ac.il","MUL_IMAGE_CSGO_SKIN_PRICE","2026-04-09T09:57:21.000Z","116"
"light_MUL_IMAGE_CSGO_SKIN_PRICE_2","0.8308958808329534","15","LightGBM 💡","2","ft","","nlp-srv2.iem.technion.ac.il","MUL_IMAGE_CSGO_SKIN_PRICE","2026-04-09T09:54:16.000Z","117"
"light_MUL_IMAGE_CSGO_SKIN_PRICE_1","0.8310366317069464","15","LightGBM 💡","1","ft","","nlp-srv2.iem.technion.ac.il","MUL_IMAGE_CSGO_SKIN_PRICE","2026-04-09T09:51:31.000Z","113"
"tabpfnv2_MUL_IMAGE_CSGO_SKIN_PRICE_0","0.8981386228910168","15","TabPFN-v2 🤯","0","ft","","nlp-srv2.iem.technion.ac.il","MUL_IMAGE_CSGO_SKIN_PRICE","2026-04-09T09:49:51.000Z","111"
"cat_MUL_IMAGE_CSGO_SKIN_PRICE_0","0.8806450828393373","15","CatBoost 😸","0","ft","","nlp-srv2.iem.technion.ac.il","MUL_IMAGE_CSGO_SKIN_PRICE","2026-04-09T09:49:16.000Z","122"
"tabpfnv2_MUL_IMAGE_CHEXPERT_4","0.815131292960383","15","TabPFN-v2 🤯","4","ft","","nlp-srv2.iem.technion.ac.il","MUL_IMAGE_CHEXPERT","2026-04-09T09:45:11.000Z","273"
"cat_MUL_IMAGE_CHEXPERT_3","0.8048161382127423","15","CatBoost 😸","3","ft","","nlp-srv2.iem.technion.ac.il","MUL_IMAGE_CHEXPERT","2026-04-09T09:37:45.000Z","203"
"light_MUL_IMAGE_CHEXPERT_3","0.807116316442372","15","LightGBM 💡","3","ft","","nlp-srv2.iem.technion.ac.il","MUL_IMAGE_CHEXPERT","2026-04-09T09:36:50.000Z","194"
"tabm_MUL_IMAGE_CHEXPERT_2","0.8024697562950712","15","TabM Ⓜ️","2","ft","","nlp-srv2.iem.technion.ac.il","MUL_IMAGE_CHEXPERT","2026-04-09T09:33:31.000Z","248"
"tabpfnv2p5_MUL_IMAGE_JUSTIN_INSTAGRAM_0","0.9758917676551296","15","TabPFN-v2p5 🇩🇪","0","ft","","nlp-srv2.iem.technion.ac.il","MUL_IMAGE_JUSTIN_INSTAGRAM","2026-04-09T09:19:37.000Z","778"
"tabpfnv2_MUL_IMAGE_JUSTIN_INSTAGRAM_0","0.9720954358899268","15","TabPFN-v2 🤯","0","ft","","nlp-srv2.iem.technion.ac.il","MUL_IMAGE_JUSTIN_INSTAGRAM","2026-04-09T09:05:38.000Z","787"
"tabm_MUL_IMAGE_JUSTIN_INSTAGRAM_0","0.9758744548768248","15","TabM Ⓜ️","0","ft","","nlp-srv2.iem.technion.ac.il","MUL_IMAGE_JUSTIN_INSTAGRAM","2026-04-09T08:53:15.000Z","727"
"cat_MUL_IMAGE_JUSTIN_INSTAGRAM_0","0.9756278014126998","15","CatBoost 😸","0","ft","","nlp-srv2.iem.technion.ac.il","MUL_IMAGE_JUSTIN_INSTAGRAM","2026-04-09T08:39:23.000Z","731"
"light_MUL_IMAGE_JUSTIN_INSTAGRAM_0","0.9737670551211656","15","LightGBM 💡","0","ft","","nlp-srv2.iem.technion.ac.il","MUL_IMAGE_JUSTIN_INSTAGRAM","2026-04-09T08:26:47.000Z","719"
"tabpfnv2p5_MUL_IMAGE_HUBMAP_HPA_4","0.9741426610522108","15","TabPFN-v2p5 🇩🇪","4","ft","","nlp-srv2.iem.technion.ac.il","MUL_IMAGE_HUBMAP_HPA","2026-04-09T08:15:29.000Z","583"
"tabpfnv2_MUL_IMAGE_HUBMAP_HPA_4","0.9726682207493788","15","TabPFN-v2 🤯","4","ft","","nlp-srv2.iem.technion.ac.il","MUL_IMAGE_HUBMAP_HPA","2026-04-09T08:05:35.000Z","587"
"tabm_MUL_IMAGE_HUBMAP_HPA_4","0.9660566531076736","15","TabM Ⓜ️","4","ft","","nlp-srv2.iem.technion.ac.il","MUL_IMAGE_HUBMAP_HPA","2026-04-09T07:56:24.000Z","544"
"cat_MUL_IMAGE_HUBMAP_HPA_4","0.9631360197073618","15","CatBoost 😸","4","ft","","nlp-srv2.iem.technion.ac.il","MUL_IMAGE_HUBMAP_HPA","2026-04-09T07:46:57.000Z","558"
"light_MUL_IMAGE_HUBMAP_HPA_4","0.954839071709302","15","LightGBM 💡","4","ft","","nlp-srv2.iem.technion.ac.il","MUL_IMAGE_HUBMAP_HPA","2026-04-09T07:37:56.000Z","534"
"tabpfnv2p5_MUL_IMAGE_HUBMAP_HPA_3","0.9745981365347862","15","TabPFN-v2p5 🇩🇪","3","ft","","nlp-srv2.iem.technion.ac.il","MUL_IMAGE_HUBMAP_HPA","2026-04-09T07:28:18.000Z","570"
"tabpfnv2_MUL_IMAGE_HUBMAP_HPA_3","0.9725916698259788","15","TabPFN-v2 🤯","3","ft","","nlp-srv2.iem.technion.ac.il","MUL_IMAGE_HUBMAP_HPA","2026-04-09T07:18:35.000Z","578"
"tabm_MUL_IMAGE_HUBMAP_HPA_3","0.9678101292029287","15","TabM Ⓜ️","3","ft","","nlp-srv2.iem.technion.ac.il","MUL_IMAGE_HUBMAP_HPA","2026-04-09T07:09:03.000Z","564"
"cat_MUL_IMAGE_HUBMAP_HPA_3","0.9638798866289126","15","CatBoost 😸","3","ft","","nlp-srv2.iem.technion.ac.il","MUL_IMAGE_HUBMAP_HPA","2026-04-09T06:59:10.000Z","587"
"light_MUL_IMAGE_HUBMAP_HPA_3","0.9553785387637648","15","LightGBM 💡","3","ft","","nlp-srv2.iem.technion.ac.il","MUL_IMAGE_HUBMAP_HPA","2026-04-09T06:49:54.000Z","553"
"tabpfnv2p5_MUL_IMAGE_HUBMAP_HPA_2","0.9770729759083712","15","TabPFN-v2p5 🇩🇪","2","ft","","nlp-srv2.iem.technion.ac.il","MUL_IMAGE_HUBMAP_HPA","2026-04-09T06:40:12.000Z","575"
"tabpfnv2_MUL_IMAGE_HUBMAP_HPA_2","0.9758364249020336","15","TabPFN-v2 🤯","2","ft","","nlp-srv2.iem.technion.ac.il","MUL_IMAGE_HUBMAP_HPA","2026-04-09T06:30:30.000Z","574"
"tabm_MUL_IMAGE_HUBMAP_HPA_2","0.9684004510750592","15","TabM Ⓜ️","2","ft","","nlp-srv2.iem.technion.ac.il","MUL_IMAGE_HUBMAP_HPA","2026-04-09T06:21:26.000Z","536"
"cat_MUL_IMAGE_HUBMAP_HPA_2","0.963285185897662","15","CatBoost 😸","2","ft","","nlp-srv2.iem.technion.ac.il","MUL_IMAGE_HUBMAP_HPA","2026-04-09T06:12:11.000Z","548"
"light_MUL_IMAGE_HUBMAP_HPA_2","0.9561077292361478","15","LightGBM 💡","2","ft","","nlp-srv2.iem.technion.ac.il","MUL_IMAGE_HUBMAP_HPA","2026-04-09T06:03:22.000Z","523"
"tabpfnv2p5_MUL_IMAGE_HUBMAP_HPA_1","0.977978346358174","15","TabPFN-v2p5 🇩🇪","1","ft","","nlp-srv2.iem.technion.ac.il","MUL_IMAGE_HUBMAP_HPA","2026-04-09T05:53:40.000Z","577"
"tabpfnv2_MUL_IMAGE_HUBMAP_HPA_1","0.9758649846353444","15","TabPFN-v2 🤯","1","ft","","nlp-srv2.iem.technion.ac.il","MUL_IMAGE_HUBMAP_HPA","2026-04-09T05:44:04.000Z","571"
"tabm_MUL_IMAGE_HUBMAP_HPA_1","0.9657253597149646","15","TabM Ⓜ️","1","ft","","nlp-srv2.iem.technion.ac.il","MUL_IMAGE_HUBMAP_HPA","2026-04-09T05:34:51.000Z","545"
"cat_MUL_IMAGE_HUBMAP_HPA_1","0.9644144294697444","15","CatBoost 😸","1","ft","","nlp-srv2.iem.technion.ac.il","MUL_IMAGE_HUBMAP_HPA","2026-04-09T05:25:20.000Z","563"
"light_MUL_IMAGE_HUBMAP_HPA_1","0.9535086518507224","15","LightGBM 💡","1","ft","","nlp-srv2.iem.technion.ac.il","MUL_IMAGE_HUBMAP_HPA","2026-04-09T05:16:20.000Z","535"
"tabpfnv2p5_MUL_IMAGE_HUBMAP_HPA_0","0.975069958496634","15","TabPFN-v2p5 🇩🇪","0","ft","","nlp-srv2.iem.technion.ac.il","MUL_IMAGE_HUBMAP_HPA","2026-04-09T05:06:33.000Z","580"
"tabpfnv2_MUL_IMAGE_HUBMAP_HPA_0","0.9729448563013774","15","TabPFN-v2 🤯","0","ft","","nlp-srv2.iem.technion.ac.il","MUL_IMAGE_HUBMAP_HPA","2026-04-09T04:56:52.000Z","572"
"tabm_MUL_IMAGE_HUBMAP_HPA_0","0.967683966131898","15","TabM Ⓜ️","0","ft","","nlp-srv2.iem.technion.ac.il","MUL_IMAGE_HUBMAP_HPA","2026-04-09T04:47:11.000Z","576"
"cat_MUL_IMAGE_HUBMAP_HPA_0","0.9634946396332762","15","CatBoost 😸","0","ft","","nlp-srv2.iem.technion.ac.il","MUL_IMAGE_HUBMAP_HPA","2026-04-09T04:37:09.000Z","596"
"light_MUL_IMAGE_HUBMAP_HPA_0","0.9519284276083332","15","LightGBM 💡","0","ft","","nlp-srv2.iem.technion.ac.il","MUL_IMAGE_HUBMAP_HPA","2026-04-09T04:27:33.000Z","572"
"tabpfnv2p5_MUL_IMAGE_GLAUCOMA_SMDG_4","0.9282296097363316","15","TabPFN-v2p5 🇩🇪","4","ft","","nlp-srv2.iem.technion.ac.il","MUL_IMAGE_GLAUCOMA_SMDG","2026-04-09T04:20:34.000Z","413"
"tabpfnv2_MUL_IMAGE_GLAUCOMA_SMDG_4","0.924045312356982","15","TabPFN-v2 🤯","4","ft","","nlp-srv2.iem.technion.ac.il","MUL_IMAGE_GLAUCOMA_SMDG","2026-04-09T04:13:47.000Z","419"
"tabm_MUL_IMAGE_GLAUCOMA_SMDG_4","0.9201584945671856","15","TabM Ⓜ️","4","ft","","nlp-srv2.iem.technion.ac.il","MUL_IMAGE_GLAUCOMA_SMDG","2026-04-09T04:06:53.000Z","405"
"cat_MUL_IMAGE_GLAUCOMA_SMDG_4","0.9075542875431098","15","CatBoost 😸","4","ft","","nlp-srv2.iem.technion.ac.il","MUL_IMAGE_GLAUCOMA_SMDG","2026-04-09T04:00:20.000Z","404"
"light_MUL_IMAGE_GLAUCOMA_SMDG_4","0.9002013292999202","15","LightGBM 💡","4","ft","","nlp-srv2.iem.technion.ac.il","MUL_IMAGE_GLAUCOMA_SMDG","2026-04-09T03:53:32.000Z","400"
"tabpfnv2p5_MUL_IMAGE_GLAUCOMA_SMDG_3","0.9565629230247614","15","TabPFN-v2p5 🇩🇪","3","ft","","nlp-srv2.iem.technion.ac.il","MUL_IMAGE_GLAUCOMA_SMDG","2026-04-09T03:46:49.000Z","428"
"tabpfnv2_MUL_IMAGE_GLAUCOMA_SMDG_3","0.9532549101370242","15","TabPFN-v2 🤯","3","ft","","nlp-srv2.iem.technion.ac.il","MUL_IMAGE_GLAUCOMA_SMDG","2026-04-09T03:40:11.000Z","440"
"tabm_MUL_IMAGE_GLAUCOMA_SMDG_3","0.947340177516383","15","TabM Ⓜ️","3","ft","","nlp-srv2.iem.technion.ac.il","MUL_IMAGE_GLAUCOMA_SMDG","2026-04-09T03:33:38.000Z","387"
"cat_MUL_IMAGE_GLAUCOMA_SMDG_3","0.953960241216782","15","CatBoost 😸","3","ft","","nlp-srv2.iem.technion.ac.il","MUL_IMAGE_GLAUCOMA_SMDG","2026-04-09T03:27:26.000Z","383"
"light_MUL_IMAGE_GLAUCOMA_SMDG_3","0.9389745660167528","15","LightGBM 💡","3","ft","","nlp-srv2.iem.technion.ac.il","MUL_IMAGE_GLAUCOMA_SMDG","2026-04-09T03:20:48.000Z","391"
"tabpfnv2p5_MUL_IMAGE_GLAUCOMA_SMDG_2","0.9527044929435732","15","TabPFN-v2p5 🇩🇪","2","ft","","nlp-srv2.iem.technion.ac.il","MUL_IMAGE_GLAUCOMA_SMDG","2026-04-09T03:14:35.000Z","375"
"tabpfnv2_MUL_IMAGE_GLAUCOMA_SMDG_2","0.9519166178145718","15","TabPFN-v2 🤯","2","ft","","nlp-srv2.iem.technion.ac.il","MUL_IMAGE_GLAUCOMA_SMDG","2026-04-09T03:08:18.000Z","370"
"tabm_MUL_IMAGE_GLAUCOMA_SMDG_2","0.9515351370884692","15","TabM Ⓜ️","2","ft","","nlp-srv2.iem.technion.ac.il","MUL_IMAGE_GLAUCOMA_SMDG","2026-04-09T03:01:03.000Z","429"
"cat_MUL_IMAGE_GLAUCOMA_SMDG_2","0.9465056512751524","15","CatBoost 😸","2","ft","","nlp-srv2.iem.technion.ac.il","MUL_IMAGE_GLAUCOMA_SMDG","2026-04-09T02:54:55.000Z","428"
"light_MUL_IMAGE_GLAUCOMA_SMDG_2","0.9364684548698272","15","LightGBM 💡","2","ft","","nlp-srv2.iem.technion.ac.il","MUL_IMAGE_GLAUCOMA_SMDG","2026-04-09T02:47:46.000Z","422"
"tabpfnv2p5_MUL_IMAGE_GLAUCOMA_SMDG_1","0.9409937201488476","15","TabPFN-v2p5 🇩🇪","1","ft","","nlp-srv2.iem.technion.ac.il","MUL_IMAGE_GLAUCOMA_SMDG","2026-04-09T02:40:46.000Z","413"
"tabpfnv2_MUL_IMAGE_GLAUCOMA_SMDG_1","0.935086148396513","15","TabPFN-v2 🤯","1","ft","","nlp-srv2.iem.technion.ac.il","MUL_IMAGE_GLAUCOMA_SMDG","2026-04-09T02:33:58.000Z","404"
"tabm_MUL_IMAGE_GLAUCOMA_SMDG_1","0.9280886855079534","15","TabM Ⓜ️","1","ft","","nlp-srv2.iem.technion.ac.il","MUL_IMAGE_GLAUCOMA_SMDG","2026-04-09T02:26:43.000Z","430"
"cat_MUL_IMAGE_GLAUCOMA_SMDG_1","0.930136357176999","15","CatBoost 😸","1","ft","","nlp-srv2.iem.technion.ac.il","MUL_IMAGE_GLAUCOMA_SMDG","2026-04-09T02:19:18.000Z","438"
"tabpfnv2p5_MUL_IMAGE_GLAUCOMA_SMDG_0","0.943226743321158","15","TabPFN-v2p5 🇩🇪","0","ft","","nlp-srv2.iem.technion.ac.il","MUL_IMAGE_GLAUCOMA_SMDG","2026-04-09T02:10:40.000Z","428"
"tabpfnv2_MUL_IMAGE_FLOWER_BOUQUETS_4","0.6681191784260874","15","TabPFN-v2 🤯","4","ft","","nlp-srv2.iem.technion.ac.il","MUL_IMAGE_FLOWER_BOUQUETS","2026-04-09T01:57:32.000Z","89"
"tabm_MUL_IMAGE_FLOWER_BOUQUETS_4","0.6011384357688188","15","TabM Ⓜ️","4","ft","","nlp-srv2.iem.technion.ac.il","MUL_IMAGE_FLOWER_BOUQUETS","2026-04-09T01:56:29.000Z","58"
"light_MUL_IMAGE_FLOWER_BOUQUETS_4","0.5576768847905086","15","LightGBM 💡","4","ft","","nlp-srv2.iem.technion.ac.il","MUL_IMAGE_FLOWER_BOUQUETS","2026-04-09T01:54:12.000Z","57"
"tabpfnv2p5_MUL_IMAGE_FLOWER_BOUQUETS_3","0.6425251096398156","15","TabPFN-v2p5 🇩🇪","3","ft","","nlp-srv2.iem.technion.ac.il","MUL_IMAGE_FLOWER_BOUQUETS","2026-04-09T01:52:47.000Z","80"
"tabpfnv2_MUL_IMAGE_FLOWER_BOUQUETS_3","0.6377529781323621","15","TabPFN-v2 🤯","3","ft","","nlp-srv2.iem.technion.ac.il","MUL_IMAGE_FLOWER_BOUQUETS","2026-04-09T01:51:22.000Z","81"
"tabm_MUL_IMAGE_FLOWER_BOUQUETS_3","0.6138315487868484","15","TabM Ⓜ️","3","ft","","nlp-srv2.iem.technion.ac.il","MUL_IMAGE_FLOWER_BOUQUETS","2026-04-09T01:49:58.000Z","79"
"cat_MUL_IMAGE_FLOWER_BOUQUETS_3","0.6615430107587155","15","CatBoost 😸","3","ft","","nlp-srv2.iem.technion.ac.il","MUL_IMAGE_FLOWER_BOUQUETS","2026-04-09T01:48:33.000Z","82"
"light_MUL_IMAGE_FLOWER_BOUQUETS_3","0.6195172868423147","15","LightGBM 💡","3","ft","","nlp-srv2.iem.technion.ac.il","MUL_IMAGE_FLOWER_BOUQUETS","2026-04-09T01:47:09.000Z","79"
"tabpfnv2p5_MUL_IMAGE_FLOWER_BOUQUETS_2","0.694724882605987","15","TabPFN-v2p5 🇩🇪","2","ft","","nlp-srv2.iem.technion.ac.il","MUL_IMAGE_FLOWER_BOUQUETS","2026-04-09T01:46:05.000Z","61"
"tabm_MUL_IMAGE_FLOWER_BOUQUETS_2","0.59762194656784","15","TabM Ⓜ️","2","ft","","nlp-srv2.iem.technion.ac.il","MUL_IMAGE_FLOWER_BOUQUETS","2026-04-09T01:43:42.000Z","66"
"cat_MUL_IMAGE_FLOWER_BOUQUETS_2","0.6435627079419532","15","CatBoost 😸","2","ft","","nlp-srv2.iem.technion.ac.il","MUL_IMAGE_FLOWER_BOUQUETS","2026-04-09T01:42:29.000Z","69"
"light_MUL_IMAGE_FLOWER_BOUQUETS_2","0.6444739261971226","15","LightGBM 💡","2","ft","","nlp-srv2.iem.technion.ac.il","MUL_IMAGE_FLOWER_BOUQUETS","2026-04-09T01:41:21.000Z","64"
"tabpfnv2p5_MUL_IMAGE_FLOWER_BOUQUETS_1","0.6032673993982957","15","TabPFN-v2p5 🇩🇪","1","ft","","nlp-srv2.iem.technion.ac.il","MUL_IMAGE_FLOWER_BOUQUETS","2026-04-09T01:40:27.000Z","77"
"tabpfnv2_MUL_IMAGE_FLOWER_BOUQUETS_1","0.6147388042066455","15","TabPFN-v2 🤯","1","ft","","nlp-srv2.iem.technion.ac.il","MUL_IMAGE_FLOWER_BOUQUETS","2026-04-09T01:39:08.000Z","77"
"tabm_MUL_IMAGE_FLOWER_BOUQUETS_1","0.5972854655908485","15","TabM Ⓜ️","1","ft","","nlp-srv2.iem.technion.ac.il","MUL_IMAGE_FLOWER_BOUQUETS","2026-04-09T01:37:39.000Z","82"
"cat_MUL_IMAGE_FLOWER_BOUQUETS_1","0.6157658851476555","15","CatBoost 😸","1","ft","","nlp-srv2.iem.technion.ac.il","MUL_IMAGE_FLOWER_BOUQUETS","2026-04-09T01:36:09.000Z","86"
"light_MUL_IMAGE_FLOWER_BOUQUETS_1","0.607762174997691","15","LightGBM 💡","1","ft","","nlp-srv2.iem.technion.ac.il","MUL_IMAGE_FLOWER_BOUQUETS","2026-04-09T01:34:39.000Z","85"
"tabpfnv2p5_MUL_IMAGE_FLOWER_BOUQUETS_0","0.6198715476604211","15","TabPFN-v2p5 🇩🇪","0","ft","","nlp-srv2.iem.technion.ac.il","MUL_IMAGE_FLOWER_BOUQUETS","2026-04-09T01:33:19.000Z","79"
"tabpfnv2_MUL_IMAGE_FLOWER_BOUQUETS_0","0.6140687432968231","15","TabPFN-v2 🤯","0","ft","","nlp-srv2.iem.technion.ac.il","MUL_IMAGE_FLOWER_BOUQUETS","2026-04-09T01:31:54.000Z","63"
"tabm_MUL_IMAGE_FLOWER_BOUQUETS_0","0.6232428076014092","15","TabM Ⓜ️","0","ft","","nlp-srv2.iem.technion.ac.il","MUL_IMAGE_FLOWER_BOUQUETS","2026-04-09T01:30:30.000Z","80"
"light_MUL_IMAGE_FLOWER_BOUQUETS_0","0.6807525090501227","15","LightGBM 💡","0","ft","","nlp-srv2.iem.technion.ac.il","MUL_IMAGE_FLOWER_BOUQUETS","2026-04-09T01:28:18.000Z","81"
"tabpfnv2p5_MUL_IMAGE_CSGO_SKIN_PRICE_3","0.8832378780969753","15","TabPFN-v2p5 🇩🇪","3","ft","","nlp-srv2.iem.technion.ac.il","MUL_IMAGE_CSGO_SKIN_PRICE","2026-04-09T01:21:15.000Z","116"
"tabpfnv2_MUL_IMAGE_CSGO_SKIN_PRICE_3","0.8820866393068855","15","TabPFN-v2 🤯","3","ft","","nlp-srv2.iem.technion.ac.il","MUL_IMAGE_CSGO_SKIN_PRICE","2026-04-09T01:19:14.000Z","117"
"tabm_MUL_IMAGE_CSGO_SKIN_PRICE_3","0.868937528499772","15","TabM Ⓜ️","3","ft","","nlp-srv2.iem.technion.ac.il","MUL_IMAGE_CSGO_SKIN_PRICE","2026-04-09T01:17:28.000Z","129"
"cat_MUL_IMAGE_CSGO_SKIN_PRICE_3","0.8770414956680348","15","CatBoost 😸","3","ft","","nlp-srv2.iem.technion.ac.il","MUL_IMAGE_CSGO_SKIN_PRICE","2026-04-09T01:15:40.000Z","99"
"light_MUL_IMAGE_CSGO_SKIN_PRICE_3","0.8398328013375892","15","LightGBM 💡","3","ft","","nlp-srv2.iem.technion.ac.il","MUL_IMAGE_CSGO_SKIN_PRICE","2026-04-09T01:13:55.000Z","98"
"tabpfnv2p5_MUL_IMAGE_CSGO_SKIN_PRICE_2","0.8931789025687795","15","TabPFN-v2p5 🇩🇪","2","ft","","nlp-srv2.iem.technion.ac.il","MUL_IMAGE_CSGO_SKIN_PRICE","2026-04-09T01:12:17.000Z","110"
"tabpfnv2_MUL_IMAGE_CSGO_SKIN_PRICE_2","0.893734610123119","15","TabPFN-v2 🤯","2","ft","","nlp-srv2.iem.technion.ac.il","MUL_IMAGE_CSGO_SKIN_PRICE","2026-04-09T01:11:16.000Z","110"
"tabm_MUL_IMAGE_CSGO_SKIN_PRICE_2","0.8740468156254749","15","TabM Ⓜ️","2","ft","","nlp-srv2.iem.technion.ac.il","MUL_IMAGE_CSGO_SKIN_PRICE","2026-04-09T01:09:33.000Z","113"
"cat_MUL_IMAGE_CSGO_SKIN_PRICE_2","0.878921720626235","15","CatBoost 😸","2","ft","","nlp-srv2.iem.technion.ac.il","MUL_IMAGE_CSGO_SKIN_PRICE","2026-04-09T01:07:32.000Z","117"
"tabpfnv2_MUL_IMAGE_CSGO_SKIN_PRICE_1","0.8685824593403254","15","TabPFN-v2 🤯","1","ft","","nlp-srv2.iem.technion.ac.il","MUL_IMAGE_CSGO_SKIN_PRICE","2026-04-09T01:03:33.000Z","131"
"tabm_MUL_IMAGE_CSGO_SKIN_PRICE_1","0.8622778537771698","15","TabM Ⓜ️","1","ft","","nlp-srv2.iem.technion.ac.il","MUL_IMAGE_CSGO_SKIN_PRICE","2026-04-09T01:02:38.000Z","106"
"cat_MUL_IMAGE_CSGO_SKIN_PRICE_1","0.8798638090895272","15","CatBoost 😸","1","ft","","nlp-srv2.iem.technion.ac.il","MUL_IMAGE_CSGO_SKIN_PRICE","2026-04-09T01:00:54.000Z","116"
"tabpfnv2p5_MUL_IMAGE_CSGO_SKIN_PRICE_0","0.9018045295637634","15","TabPFN-v2p5 🇩🇪","0","ft","","nlp-srv2.iem.technion.ac.il","MUL_IMAGE_CSGO_SKIN_PRICE","2026-04-09T00:58:22.000Z","104"
"tabm_MUL_IMAGE_CSGO_SKIN_PRICE_0","0.8457716978264174","15","TabM Ⓜ️","0","ft","","nlp-srv2.iem.technion.ac.il","MUL_IMAGE_CSGO_SKIN_PRICE","2026-04-09T00:55:44.000Z","110"
"light_MUL_IMAGE_CSGO_SKIN_PRICE_0","0.8461130870953033","15","LightGBM 💡","0","ft","","nlp-srv2.iem.technion.ac.il","MUL_IMAGE_CSGO_SKIN_PRICE","2026-04-09T00:52:53.000Z","111"
"tabpfnv2p5_MUL_IMAGE_CHEXPERT_4","0.8189529347908739","15","TabPFN-v2p5 🇩🇪","4","ft","","nlp-srv2.iem.technion.ac.il","MUL_IMAGE_CHEXPERT","2026-04-09T00:50:34.000Z","265"
"tabm_MUL_IMAGE_CHEXPERT_4","0.7945759583918708","15","TabM Ⓜ️","4","ft","","nlp-srv2.iem.technion.ac.il","MUL_IMAGE_CHEXPERT","2026-04-09T00:45:09.000Z","218"
"cat_MUL_IMAGE_CHEXPERT_4","0.807206705439016","15","CatBoost 😸","4","ft","","nlp-srv2.iem.technion.ac.il","MUL_IMAGE_CHEXPERT","2026-04-09T00:42:50.000Z","218"
"light_MUL_IMAGE_CHEXPERT_4","0.8018178170356371","15","LightGBM 💡","4","ft","","nlp-srv2.iem.technion.ac.il","MUL_IMAGE_CHEXPERT","2026-04-09T00:39:55.000Z","218"
"tabpfnv2p5_MUL_IMAGE_CHEXPERT_3","0.8248311653775788","15","TabPFN-v2p5 🇩🇪","3","ft","","nlp-srv2.iem.technion.ac.il","MUL_IMAGE_CHEXPERT","2026-04-09T00:37:10.000Z","233"
"tabpfnv2_MUL_IMAGE_CHEXPERT_3","0.8212483858236945","15","TabPFN-v2 🤯","3","ft","","nlp-srv2.iem.technion.ac.il","MUL_IMAGE_CHEXPERT","2026-04-09T00:34:40.000Z","229"
"tabm_MUL_IMAGE_CHEXPERT_3","0.7944262875297637","15","TabM Ⓜ️","3","ft","","nlp-srv2.iem.technion.ac.il","MUL_IMAGE_CHEXPERT","2026-04-09T00:32:11.000Z","199"
"tabpfnv2p5_MUL_IMAGE_CHEXPERT_1","0.816626343520371","15","TabPFN-v2p5 🇩🇪","1","ft","","nlp-srv2.iem.technion.ac.il","MUL_IMAGE_CHEXPERT","2026-04-09T00:27:46.000Z","205"
"tabpfnv2p5_MUL_IMAGE_CHEXPERT_2","0.8309919487061365","15","TabPFN-v2p5 🇩🇪","2","ft","","nlp-srv2.iem.technion.ac.il","MUL_IMAGE_CHEXPERT","2026-04-09T00:19:35.000Z","353"
"tabpfnv2_MUL_IMAGE_CHEXPERT_2","0.8309640863234738","15","TabPFN-v2 🤯","2","ft","","nlp-srv2.iem.technion.ac.il","MUL_IMAGE_CHEXPERT","2026-04-09T00:14:52.000Z","275"
"light_MUL_IMAGE_CHEXPERT_2","0.8116968251475586","15","LightGBM 💡","2","ft","","nlp-srv2.iem.technion.ac.il","MUL_IMAGE_CHEXPERT","2026-04-09T00:07:35.000Z","241"
"tabpfnv2_MUL_IMAGE_CHEXPERT_1","0.8153598795252831","15","TabPFN-v2 🤯","1","ft","","nlp-srv2.iem.technion.ac.il","MUL_IMAGE_CHEXPERT","2026-04-09T00:01:07.000Z","202"
"tabm_MUL_IMAGE_CHEXPERT_1","0.7904011033337084","15","TabM Ⓜ️","1","ft","","nlp-srv2.iem.technion.ac.il","MUL_IMAGE_CHEXPERT","2026-04-08T23:57:27.000Z","214"
"cat_MUL_IMAGE_CHEXPERT_1","0.8113361555121686","15","CatBoost 😸","1","ft","","nlp-srv2.iem.technion.ac.il","MUL_IMAGE_CHEXPERT","2026-04-08T23:53:42.000Z","221"
"light_MUL_IMAGE_CHEXPERT_1","0.8085963258490173","15","LightGBM 💡","1","ft","","nlp-srv2.iem.technion.ac.il","MUL_IMAGE_CHEXPERT","2026-04-08T23:50:42.000Z","216"
"tabpfnv2p5_MUL_IMAGE_CHEXPERT_0","0.8188906074382256","15","TabPFN-v2p5 🇩🇪","0","ft","","nlp-srv2.iem.technion.ac.il","MUL_IMAGE_CHEXPERT","2026-04-08T23:46:47.000Z","245"
"tabpfnv2_MUL_IMAGE_CHEXPERT_0","0.8176937875936158","15","TabPFN-v2 🤯","0","ft","","nlp-srv2.iem.technion.ac.il","MUL_IMAGE_CHEXPERT","2026-04-08T23:42:45.000Z","238"
"tabm_MUL_IMAGE_CHEXPERT_0","0.7828277175358019","15","TabM Ⓜ️","0","ft","","nlp-srv2.iem.technion.ac.il","MUL_IMAGE_CHEXPERT","2026-04-08T23:39:21.000Z","201"
"cat_MUL_IMAGE_CHEXPERT_0","0.8010757416031797","15","CatBoost 😸","0","ft","","nlp-srv2.iem.technion.ac.il","MUL_IMAGE_CHEXPERT","2026-04-08T23:35:57.000Z","199"
"light_MUL_IMAGE_CHEXPERT_0","0.8020715683165506","15","LightGBM 💡","0","ft","","nlp-srv2.iem.technion.ac.il","MUL_IMAGE_CHEXPERT","2026-04-08T23:32:30.000Z","192"
"tabpfnv2p5_MUL_IMAGE_CBIS_DDSM_4","0.8933523343961796","15","TabPFN-v2p5 🇩🇪","4","ft","","nlp-srv2.iem.technion.ac.il","MUL_IMAGE_CBIS_DDSM","2026-04-08T23:26:21.000Z","436"
"tabpfnv2_MUL_IMAGE_CBIS_DDSM_4","0.8985590710012366","15","TabPFN-v2 🤯","4","ft","","nlp-srv2.iem.technion.ac.il","MUL_IMAGE_CBIS_DDSM","2026-04-08T23:18:28.000Z","428"
"tabm_MUL_IMAGE_CBIS_DDSM_4","0.8703579291023275","15","TabM Ⓜ️","4","ft","","nlp-srv2.iem.technion.ac.il","MUL_IMAGE_CBIS_DDSM","2026-04-08T23:11:26.000Z","411"
"cat_MUL_IMAGE_CBIS_DDSM_4","0.876245511896931","15","CatBoost 😸","4","ft","","nlp-srv2.iem.technion.ac.il","MUL_IMAGE_CBIS_DDSM","2026-04-08T23:03:28.000Z","415"
"light_MUL_IMAGE_CBIS_DDSM_4","0.8807089695899297","15","LightGBM 💡","4","ft","","nlp-srv2.iem.technion.ac.il","MUL_IMAGE_CBIS_DDSM","2026-04-08T22:56:05.000Z","407"
"tabpfnv2p5_MUL_IMAGE_CBIS_DDSM_3","0.9221918652932216","15","TabPFN-v2p5 🇩🇪","3","ft","","nlp-srv2.iem.technion.ac.il","MUL_IMAGE_CBIS_DDSM","2026-04-08T22:48:39.000Z","425"
"tabpfnv2_MUL_IMAGE_CBIS_DDSM_3","0.9178882542805188","15","TabPFN-v2 🤯","3","ft","","nlp-srv2.iem.technion.ac.il","MUL_IMAGE_CBIS_DDSM","2026-04-08T22:40:37.000Z","426"
"tabm_MUL_IMAGE_CBIS_DDSM_3","0.9105518798411124","15","TabM Ⓜ️","3","ft","","nlp-srv2.iem.technion.ac.il","MUL_IMAGE_CBIS_DDSM","2026-04-08T22:33:28.000Z","396"
"cat_MUL_IMAGE_CBIS_DDSM_3","0.913966651232084","15","CatBoost 😸","3","ft","","nlp-srv2.iem.technion.ac.il","MUL_IMAGE_CBIS_DDSM","2026-04-08T22:25:45.000Z","410"
"light_MUL_IMAGE_CBIS_DDSM_3","0.9171440545464526","15","LightGBM 💡","3","ft","","nlp-srv2.iem.technion.ac.il","MUL_IMAGE_CBIS_DDSM","2026-04-08T22:18:22.000Z","404"
"tabpfnv2p5_MUL_IMAGE_CBIS_DDSM_2","0.8827595211111905","15","TabPFN-v2p5 🇩🇪","2","ft","","nlp-srv2.iem.technion.ac.il","MUL_IMAGE_CBIS_DDSM","2026-04-08T22:10:54.000Z","432"
"tabpfnv2_MUL_IMAGE_CBIS_DDSM_2","0.879065300946887","15","TabPFN-v2 🤯","2","ft","","nlp-srv2.iem.technion.ac.il","MUL_IMAGE_CBIS_DDSM","2026-04-08T22:02:51.000Z","439"
"tabm_MUL_IMAGE_CBIS_DDSM_2","0.8686089595811426","15","TabM Ⓜ️","2","ft","","nlp-srv2.iem.technion.ac.il","MUL_IMAGE_CBIS_DDSM","2026-04-08T21:55:10.000Z","416"
"cat_MUL_IMAGE_CBIS_DDSM_2","0.864037473887387","15","CatBoost 😸","2","ft","","nlp-srv2.iem.technion.ac.il","MUL_IMAGE_CBIS_DDSM","2026-04-08T21:47:51.000Z","426"
"light_MUL_IMAGE_CBIS_DDSM_2","0.8530413481851773","15","LightGBM 💡","2","ft","","nlp-srv2.iem.technion.ac.il","MUL_IMAGE_CBIS_DDSM","2026-04-08T21:39:50.000Z","424"
"tabpfnv2p5_MUL_IMAGE_CBIS_DDSM_1","0.909476305264589","15","TabPFN-v2p5 🇩🇪","1","ft","","nlp-srv2.iem.technion.ac.il","MUL_IMAGE_CBIS_DDSM","2026-04-08T21:32:32.000Z","421"
"tabpfnv2_MUL_IMAGE_CBIS_DDSM_1","0.9082624493125522","15","TabPFN-v2 🤯","1","ft","","nlp-srv2.iem.technion.ac.il","MUL_IMAGE_CBIS_DDSM","2026-04-08T21:25:02.000Z","426"
"tabm_MUL_IMAGE_CBIS_DDSM_1","0.9042629564807488","15","TabM Ⓜ️","1","ft","","nlp-srv2.iem.technion.ac.il","MUL_IMAGE_CBIS_DDSM","2026-04-08T21:17:17.000Z","397"
"cat_MUL_IMAGE_CBIS_DDSM_1","0.8972539080730773","15","CatBoost 😸","1","ft","","nlp-srv2.iem.technion.ac.il","MUL_IMAGE_CBIS_DDSM","2026-04-08T21:09:59.000Z","403"
"light_MUL_IMAGE_CBIS_DDSM_1","0.9039469421844568","15","LightGBM 💡","1","ft","","nlp-srv2.iem.technion.ac.il","MUL_IMAGE_CBIS_DDSM","2026-04-08T21:02:49.000Z","400"
"tabpfnv2p5_MUL_IMAGE_CBIS_DDSM_0","0.8983138295978943","15","TabPFN-v2p5 🇩🇪","0","ft","","nlp-srv2.iem.technion.ac.il","MUL_IMAGE_CBIS_DDSM","2026-04-08T20:54:28.000Z","441"
"tabpfnv2_MUL_IMAGE_CBIS_DDSM_0","0.899282589161369","15","TabPFN-v2 🤯","0","ft","","nlp-srv2.iem.technion.ac.il","MUL_IMAGE_CBIS_DDSM","2026-04-08T20:46:50.000Z","439"
"tabm_MUL_IMAGE_CBIS_DDSM_0","0.8958824481936033","15","TabM Ⓜ️","0","ft","","nlp-srv2.iem.technion.ac.il","MUL_IMAGE_CBIS_DDSM","2026-04-08T20:39:03.000Z","394"
"cat_MUL_IMAGE_CBIS_DDSM_0","0.9022080812178312","15","CatBoost 😸","0","ft","","nlp-srv2.iem.technion.ac.il","MUL_IMAGE_CBIS_DDSM","2026-04-08T20:31:42.000Z","436"
"light_MUL_IMAGE_CBIS_DDSM_0","0.8914656133107625","15","LightGBM 💡","0","ft","","nlp-srv2.iem.technion.ac.il","MUL_IMAGE_CBIS_DDSM","2026-04-08T20:24:31.000Z","425"
"tabpfnv2p5_BIN_IMAGE_MAMMOGRAPHY_CMMD_4","0.7916702961672475","15","TabPFN-v2p5 🇩🇪","4","ft","","nlp-srv2.iem.technion.ac.il","BIN_IMAGE_MAMMOGRAPHY_CMMD","2026-04-08T20:18:25.000Z","363"
"tabpfnv2_BIN_IMAGE_MAMMOGRAPHY_CMMD_4","0.8019272648083624","15","TabPFN-v2 🤯","4","ft","","nlp-srv2.iem.technion.ac.il","BIN_IMAGE_MAMMOGRAPHY_CMMD","2026-04-08T20:12:12.000Z","365"
"tabm_BIN_IMAGE_MAMMOGRAPHY_CMMD_4","0.7713196864111498","15","TabM Ⓜ️","4","ft","","nlp-srv2.iem.technion.ac.il","BIN_IMAGE_MAMMOGRAPHY_CMMD","2026-04-08T20:06:26.000Z","343"
"cat_BIN_IMAGE_MAMMOGRAPHY_CMMD_4","0.7760670731707316","15","CatBoost 😸","4","ft","","nlp-srv2.iem.technion.ac.il","BIN_IMAGE_MAMMOGRAPHY_CMMD","2026-04-08T20:00:39.000Z","342"
"light_BIN_IMAGE_MAMMOGRAPHY_CMMD_4","0.7851045296167247","15","LightGBM 💡","4","ft","","nlp-srv2.iem.technion.ac.il","BIN_IMAGE_MAMMOGRAPHY_CMMD","2026-04-08T19:54:54.000Z","338"
"tabpfnv2p5_BIN_IMAGE_MAMMOGRAPHY_CMMD_3","0.7877286585365852","15","TabPFN-v2p5 🇩🇪","3","ft","","nlp-srv2.iem.technion.ac.il","BIN_IMAGE_MAMMOGRAPHY_CMMD","2026-04-08T19:48:41.000Z","369"
"tabpfnv2_BIN_IMAGE_MAMMOGRAPHY_CMMD_3","0.8041811846689895","15","TabPFN-v2 🤯","3","ft","","nlp-srv2.iem.technion.ac.il","BIN_IMAGE_MAMMOGRAPHY_CMMD","2026-04-08T19:42:23.000Z","371"
"tabm_BIN_IMAGE_MAMMOGRAPHY_CMMD_3","0.7370209059233449","15","TabM Ⓜ️","3","ft","","nlp-srv2.iem.technion.ac.il","BIN_IMAGE_MAMMOGRAPHY_CMMD","2026-04-08T19:36:56.000Z","311"
"cat_BIN_IMAGE_MAMMOGRAPHY_CMMD_3","0.7390461672473867","15","CatBoost 😸","3","ft","","nlp-srv2.iem.technion.ac.il","BIN_IMAGE_MAMMOGRAPHY_CMMD","2026-04-08T19:31:41.000Z","309"
"light_BIN_IMAGE_MAMMOGRAPHY_CMMD_3","0.7332534843205575","15","LightGBM 💡","3","ft","","nlp-srv2.iem.technion.ac.il","BIN_IMAGE_MAMMOGRAPHY_CMMD","2026-04-08T19:26:32.000Z","302"
"tabpfnv2p5_BIN_IMAGE_MAMMOGRAPHY_CMMD_2","0.8265570557491289","15","TabPFN-v2p5 🇩🇪","2","ft","","nlp-srv2.iem.technion.ac.il","BIN_IMAGE_MAMMOGRAPHY_CMMD","2026-04-08T19:20:12.000Z","386"
"tabpfnv2_BIN_IMAGE_MAMMOGRAPHY_CMMD_2","0.8200675087108014","15","TabPFN-v2 🤯","2","ft","","nlp-srv2.iem.technion.ac.il","BIN_IMAGE_MAMMOGRAPHY_CMMD","2026-04-08T19:13:38.000Z","385"
"tabm_BIN_IMAGE_MAMMOGRAPHY_CMMD_2","0.7708405923344948","15","TabM Ⓜ️","2","ft","","nlp-srv2.iem.technion.ac.il","BIN_IMAGE_MAMMOGRAPHY_CMMD","2026-04-08T19:07:47.000Z","347"
"cat_BIN_IMAGE_MAMMOGRAPHY_CMMD_2","0.7630662020905924","15","CatBoost 😸","2","ft","","nlp-srv2.iem.technion.ac.il","BIN_IMAGE_MAMMOGRAPHY_CMMD","2026-04-08T19:01:55.000Z","345"
"light_BIN_IMAGE_MAMMOGRAPHY_CMMD_2","0.7472125435540069","15","LightGBM 💡","2","ft","","nlp-srv2.iem.technion.ac.il","BIN_IMAGE_MAMMOGRAPHY_CMMD","2026-04-08T18:56:09.000Z","339"
"tabpfnv2p5_BIN_IMAGE_MAMMOGRAPHY_CMMD_1","0.8155814459930313","15","TabPFN-v2p5 🇩🇪","1","ft","","nlp-srv2.iem.technion.ac.il","BIN_IMAGE_MAMMOGRAPHY_CMMD","2026-04-08T18:49:35.000Z","385"
"tabpfnv2_BIN_IMAGE_MAMMOGRAPHY_CMMD_1","0.8027765679442509","15","TabPFN-v2 🤯","1","ft","","nlp-srv2.iem.technion.ac.il","BIN_IMAGE_MAMMOGRAPHY_CMMD","2026-04-08T18:43:01.000Z","386"
"tabm_BIN_IMAGE_MAMMOGRAPHY_CMMD_1","0.7473214285714286","15","TabM Ⓜ️","1","ft","","nlp-srv2.iem.technion.ac.il","BIN_IMAGE_MAMMOGRAPHY_CMMD","2026-04-08T18:37:04.000Z","352"
"cat_BIN_IMAGE_MAMMOGRAPHY_CMMD_1","0.7565766550522649","15","CatBoost 😸","1","ft","","nlp-srv2.iem.technion.ac.il","BIN_IMAGE_MAMMOGRAPHY_CMMD","2026-04-08T18:30:53.000Z","387"
"light_BIN_IMAGE_MAMMOGRAPHY_CMMD_1","0.7244337979094078","15","LightGBM 💡","1","ft","","nlp-srv2.iem.technion.ac.il","BIN_IMAGE_MAMMOGRAPHY_CMMD","2026-04-08T18:24:25.000Z","385"
"tabpfnv2p5_BIN_IMAGE_MAMMOGRAPHY_CMMD_0","0.8324586236933798","15","TabPFN-v2p5 🇩🇪","0","ft","","nlp-srv2.iem.technion.ac.il","BIN_IMAGE_MAMMOGRAPHY_CMMD","2026-04-08T18:18:18.000Z","364"
"tabpfnv2_BIN_IMAGE_MAMMOGRAPHY_CMMD_0","0.8371080139372823","15","TabPFN-v2 🤯","0","ft","","nlp-srv2.iem.technion.ac.il","BIN_IMAGE_MAMMOGRAPHY_CMMD","2026-04-08T18:12:05.000Z","365"
"tabm_BIN_IMAGE_MAMMOGRAPHY_CMMD_0","0.827852787456446","15","TabM Ⓜ️","0","ft","","nlp-srv2.iem.technion.ac.il","BIN_IMAGE_MAMMOGRAPHY_CMMD","2026-04-08T18:05:47.000Z","373"
"cat_BIN_IMAGE_MAMMOGRAPHY_CMMD_0","0.8184451219512195","15","CatBoost 😸","0","ft","","nlp-srv2.iem.technion.ac.il","BIN_IMAGE_MAMMOGRAPHY_CMMD","2026-04-08T17:59:28.000Z","375"
"light_BIN_IMAGE_MAMMOGRAPHY_CMMD_0","0.8110191637630662","15","LightGBM 💡","0","ft","","nlp-srv2.iem.technion.ac.il","BIN_IMAGE_MAMMOGRAPHY_CMMD","2026-04-08T17:53:15.000Z","368"
"tabpfnv2p5_BIN_IMAGE_HATEFUL_MEME_4","0.7538954820344865","15","TabPFN-v2p5 🇩🇪","4","ft","","nlp-srv2.iem.technion.ac.il","BIN_IMAGE_HATEFUL_MEME","2026-04-08T17:43:07.000Z","604"
"tabpfnv2_BIN_IMAGE_HATEFUL_MEME_4","0.7534642673848286","15","TabPFN-v2 🤯","4","ft","","nlp-srv2.iem.technion.ac.il","BIN_IMAGE_HATEFUL_MEME","2026-04-08T17:32:28.000Z","607"
"tabm_BIN_IMAGE_HATEFUL_MEME_4","0.7506521129517832","15","TabM Ⓜ️","4","ft","","nlp-srv2.iem.technion.ac.il","BIN_IMAGE_HATEFUL_MEME","2026-04-08T17:22:16.000Z","587"
"cat_BIN_IMAGE_HATEFUL_MEME_4","0.7253242046338378","15","CatBoost 😸","4","ft","","nlp-srv2.iem.technion.ac.il","BIN_IMAGE_HATEFUL_MEME","2026-04-08T17:12:13.000Z","587"
"light_BIN_IMAGE_HATEFUL_MEME_4","0.7097581494277807","15","LightGBM 💡","4","ft","","nlp-srv2.iem.technion.ac.il","BIN_IMAGE_HATEFUL_MEME","2026-04-08T17:02:05.000Z","581"
"tabpfnv2p5_BIN_IMAGE_HATEFUL_MEME_3","0.788993179930265","15","TabPFN-v2p5 🇩🇪","3","ft","","nlp-srv2.iem.technion.ac.il","BIN_IMAGE_HATEFUL_MEME","2026-04-08T16:51:52.000Z","609"
"tabpfnv2_BIN_IMAGE_HATEFUL_MEME_3","0.7716467108639637","15","TabPFN-v2 🤯","3","ft","","nlp-srv2.iem.technion.ac.il","BIN_IMAGE_HATEFUL_MEME","2026-04-08T16:41:25.000Z","601"
"tabm_BIN_IMAGE_HATEFUL_MEME_3","0.789376775784255","15","TabM Ⓜ️","3","ft","","nlp-srv2.iem.technion.ac.il","BIN_IMAGE_HATEFUL_MEME","2026-04-08T16:31:35.000Z","568"
"cat_BIN_IMAGE_HATEFUL_MEME_3","0.7593451886497954","15","CatBoost 😸","3","ft","","nlp-srv2.iem.technion.ac.il","BIN_IMAGE_HATEFUL_MEME","2026-04-08T16:21:41.000Z","546"
"light_BIN_IMAGE_HATEFUL_MEME_3","0.7439643176491129","15","LightGBM 💡","3","ft","","nlp-srv2.iem.technion.ac.il","BIN_IMAGE_HATEFUL_MEME","2026-04-08T16:11:58.000Z","562"
"tabpfnv2p5_BIN_IMAGE_HATEFUL_MEME_2","0.7890566716578219","15","TabPFN-v2p5 🇩🇪","2","ft","","nlp-srv2.iem.technion.ac.il","BIN_IMAGE_HATEFUL_MEME","2026-04-08T16:02:09.000Z","582"
"tabpfnv2_BIN_IMAGE_HATEFUL_MEME_2","0.7653160565288014","15","TabPFN-v2 🤯","2","ft","","nlp-srv2.iem.technion.ac.il","BIN_IMAGE_HATEFUL_MEME","2026-04-08T15:52:14.000Z","544"
"tabm_BIN_IMAGE_HATEFUL_MEME_2","0.7924719975026587","15","TabM Ⓜ️","2","ft","","nlp-srv2.iem.technion.ac.il","BIN_IMAGE_HATEFUL_MEME","2026-04-08T15:42:10.000Z","569"
"cat_BIN_IMAGE_HATEFUL_MEME_2","0.7622605171401209","15","CatBoost 😸","2","ft","","nlp-srv2.iem.technion.ac.il","BIN_IMAGE_HATEFUL_MEME","2026-04-08T15:32:42.000Z","564"
"light_BIN_IMAGE_HATEFUL_MEME_2","0.7458796514304157","15","LightGBM 💡","2","ft","","nlp-srv2.iem.technion.ac.il","BIN_IMAGE_HATEFUL_MEME","2026-04-08T15:23:25.000Z","554"
"tabpfnv2p5_BIN_IMAGE_HATEFUL_MEME_1","0.7741334701932795","15","TabPFN-v2p5 🇩🇪","1","ft","","nlp-srv2.iem.technion.ac.il","BIN_IMAGE_HATEFUL_MEME","2026-04-08T15:13:16.000Z","605"
"tabpfnv2_BIN_IMAGE_HATEFUL_MEME_1","0.767890116983508","15","TabPFN-v2 🤯","1","ft","","nlp-srv2.iem.technion.ac.il","BIN_IMAGE_HATEFUL_MEME","2026-04-08T15:02:24.000Z","565"
"tabm_BIN_IMAGE_HATEFUL_MEME_1","0.7756413987227581","15","TabM Ⓜ️","1","ft","","nlp-srv2.iem.technion.ac.il","BIN_IMAGE_HATEFUL_MEME","2026-04-08T14:52:35.000Z","575"
"cat_BIN_IMAGE_HATEFUL_MEME_1","0.7445198702652367","15","CatBoost 😸","1","ft","","nlp-srv2.iem.technion.ac.il","BIN_IMAGE_HATEFUL_MEME","2026-04-08T14:43:11.000Z","560"
"light_BIN_IMAGE_HATEFUL_MEME_1","0.7456627213612625","15","LightGBM 💡","1","ft","","nlp-srv2.iem.technion.ac.il","BIN_IMAGE_HATEFUL_MEME","2026-04-08T14:33:47.000Z","557"
"tabpfnv2p5_BIN_IMAGE_HATEFUL_MEME_0","0.7988396886788959","15","TabPFN-v2p5 🇩🇪","0","ft","","nlp-srv2.iem.technion.ac.il","BIN_IMAGE_HATEFUL_MEME","2026-04-08T14:23:30.000Z","608"
"tabpfnv2_BIN_IMAGE_HATEFUL_MEME_0","0.7888979423389294","15","TabPFN-v2 🤯","0","ft","","nlp-srv2.iem.technion.ac.il","BIN_IMAGE_HATEFUL_MEME","2026-04-08T14:13:14.000Z","609"
"tabm_BIN_IMAGE_HATEFUL_MEME_0","0.7938582335543198","15","TabM Ⓜ️","0","ft","","nlp-srv2.iem.technion.ac.il","BIN_IMAGE_HATEFUL_MEME","2026-04-08T14:03:20.000Z","588"
"cat_BIN_IMAGE_HATEFUL_MEME_0","0.7707525357008693","15","CatBoost 😸","0","ft","","nlp-srv2.iem.technion.ac.il","BIN_IMAGE_HATEFUL_MEME","2026-04-08T13:53:27.000Z","590"
"light_BIN_IMAGE_HATEFUL_MEME_0","0.7403611621102534","15","LightGBM 💡","0","ft","","nlp-srv2.iem.technion.ac.il","BIN_IMAGE_HATEFUL_MEME","2026-04-08T13:43:24.000Z","599"
"tabpfnv2p5_BIN_IMAGE_CELEB_ATTRACTIVENESS_4","0.9221057939650076","15","TabPFN-v2p5 🇩🇪","4","ft","","nlp-srv2.iem.technion.ac.il","BIN_IMAGE_CELEB_ATTRACTIVENESS","2026-04-08T13:36:29.000Z","256"
"tabpfnv2_BIN_IMAGE_CELEB_ATTRACTIVENESS_4","0.9209962069934998","15","TabPFN-v2 🤯","4","ft","","nlp-srv2.iem.technion.ac.il","BIN_IMAGE_CELEB_ATTRACTIVENESS","2026-04-08T13:32:33.000Z","228"
"tabm_BIN_IMAGE_CELEB_ATTRACTIVENESS_4","0.9130760172131056","15","TabM Ⓜ️","4","ft","","nlp-srv2.iem.technion.ac.il","BIN_IMAGE_CELEB_ATTRACTIVENESS","2026-04-08T13:27:38.000Z","354"
"cat_BIN_IMAGE_CELEB_ATTRACTIVENESS_4","0.9196244813506346","15","CatBoost 😸","4","ft","","nlp-srv2.iem.technion.ac.il","BIN_IMAGE_CELEB_ATTRACTIVENESS","2026-04-08T13:23:10.000Z","260"
"light_BIN_IMAGE_CELEB_ATTRACTIVENESS_4","0.9151971392866828","15","LightGBM 💡","4","ft","","nlp-srv2.iem.technion.ac.il","BIN_IMAGE_CELEB_ATTRACTIVENESS","2026-04-08T13:17:40.000Z","328"
"tabpfnv2p5_BIN_IMAGE_CELEB_ATTRACTIVENESS_3","0.9046940831699968","15","TabPFN-v2p5 🇩🇪","3","ft","","nlp-srv2.iem.technion.ac.il","BIN_IMAGE_CELEB_ATTRACTIVENESS","2026-04-08T13:11:12.000Z","461"
"tabpfnv2_BIN_IMAGE_CELEB_ATTRACTIVENESS_3","0.90442293973512","15","TabPFN-v2 🤯","3","ft","","nlp-srv2.iem.technion.ac.il","BIN_IMAGE_CELEB_ATTRACTIVENESS","2026-04-08T13:05:56.000Z","472"
"tabm_BIN_IMAGE_CELEB_ATTRACTIVENESS_3","0.9102435188214566","15","TabM Ⓜ️","3","ft","","nlp-srv2.iem.technion.ac.il","BIN_IMAGE_CELEB_ATTRACTIVENESS","2026-04-08T13:00:30.000Z","363"
"cat_BIN_IMAGE_CELEB_ATTRACTIVENESS_3","0.9067586753392544","15","CatBoost 😸","3","ft","","nlp-srv2.iem.technion.ac.il","BIN_IMAGE_CELEB_ATTRACTIVENESS","2026-04-08T12:55:09.000Z","362"
"light_BIN_IMAGE_CELEB_ATTRACTIVENESS_3","0.9030467117104948","15","LightGBM 💡","3","ft","","nlp-srv2.iem.technion.ac.il","BIN_IMAGE_CELEB_ATTRACTIVENESS","2026-04-08T12:49:53.000Z","361"
"tabpfnv2p5_BIN_IMAGE_CELEB_ATTRACTIVENESS_2","0.92003569888471","15","TabPFN-v2p5 🇩🇪","2","ft","","nlp-srv2.iem.technion.ac.il","BIN_IMAGE_CELEB_ATTRACTIVENESS","2026-04-08T12:45:37.000Z","341"
"tabpfnv2_BIN_IMAGE_CELEB_ATTRACTIVENESS_2","0.9196785099317538","15","TabPFN-v2 🤯","2","ft","","nlp-srv2.iem.technion.ac.il","BIN_IMAGE_CELEB_ATTRACTIVENESS","2026-04-08T12:40:28.000Z","304"
"tabm_BIN_IMAGE_CELEB_ATTRACTIVENESS_0","0.9131030315036656","15","TabM Ⓜ️","0","ft","","nlp-srv2.iem.technion.ac.il","BIN_IMAGE_CELEB_ATTRACTIVENESS","2026-04-08T12:35:32.000Z","314"
"cat_BIN_IMAGE_CELEB_ATTRACTIVENESS_0","0.912579754690231","15","CatBoost 😸","0","ft","","nlp-srv2.iem.technion.ac.il","BIN_IMAGE_CELEB_ATTRACTIVENESS","2026-04-08T12:31:53.000Z","295"
"tabm_BIN_IMAGE_CELEB_ATTRACTIVENESS_2","0.9187930415189636","15","TabM Ⓜ️","2","ft","","nlp-srv2.iem.technion.ac.il","BIN_IMAGE_CELEB_ATTRACTIVENESS","2026-04-08T12:29:19.000Z","253"
"cat_BIN_IMAGE_CELEB_ATTRACTIVENESS_2","0.918002623387772","15","CatBoost 😸","2","ft","","nlp-srv2.iem.technion.ac.il","BIN_IMAGE_CELEB_ATTRACTIVENESS","2026-04-08T12:24:19.000Z","276"
"light_BIN_IMAGE_CELEB_ATTRACTIVENESS_2","0.913243105602864","15","LightGBM 💡","2","ft","","nlp-srv2.iem.technion.ac.il","BIN_IMAGE_CELEB_ATTRACTIVENESS","2026-04-08T12:18:54.000Z","253"
"tabpfnv2p5_BIN_IMAGE_CELEB_ATTRACTIVENESS_1","0.91268781185247","15","TabPFN-v2p5 🇩🇪","1","ft","","nlp-srv2.iem.technion.ac.il","BIN_IMAGE_CELEB_ATTRACTIVENESS","2026-04-08T12:13:40.000Z","400"
"tabpfnv2_BIN_IMAGE_CELEB_ATTRACTIVENESS_1","0.9123946567734332","15","TabPFN-v2 🤯","1","ft","","nlp-srv2.iem.technion.ac.il","BIN_IMAGE_CELEB_ATTRACTIVENESS","2026-04-08T12:08:45.000Z","403"
"tabm_BIN_IMAGE_CELEB_ATTRACTIVENESS_1","0.9083139981049976","15","TabM Ⓜ️","1","ft","","nlp-srv2.iem.technion.ac.il","BIN_IMAGE_CELEB_ATTRACTIVENESS","2026-04-08T12:02:53.000Z","348"
"cat_BIN_IMAGE_CELEB_ATTRACTIVENESS_1","0.9111359909392068","15","CatBoost 😸","1","ft","","nlp-srv2.iem.technion.ac.il","BIN_IMAGE_CELEB_ATTRACTIVENESS","2026-04-08T11:59:31.000Z","332"
"light_BIN_IMAGE_CELEB_ATTRACTIVENESS_1","0.906603593300856","15","LightGBM 💡","1","ft","","nlp-srv2.iem.technion.ac.il","BIN_IMAGE_CELEB_ATTRACTIVENESS","2026-04-08T11:53:40.000Z","346"
"light_BIN_IMAGE_CELEB_ATTRACTIVENESS_0","0.9105346728419336","15","LightGBM 💡","0","ft","","nlp-srv2.iem.technion.ac.il","BIN_IMAGE_CELEB_ATTRACTIVENESS","2026-04-08T11:44:35.000Z","295"
"tabpfnv2p5_BIN_IMAGE_CELEB_ATTRACTIVENESS_0","0.9130104825452664","15","TabPFN-v2p5 🇩🇪","0","ft","","nlp-srv2.iem.technion.ac.il","BIN_IMAGE_CELEB_ATTRACTIVENESS","2026-04-08T11:43:42.000Z","308"
"tabpfnv2_BIN_IMAGE_CELEB_ATTRACTIVENESS_0","0.9115367029158424","15","TabPFN-v2 🤯","0","ft","","nlp-srv2.iem.technion.ac.il","BIN_IMAGE_CELEB_ATTRACTIVENESS","2026-04-08T11:38:35.000Z","309"