"Name","test_score","pca_components","model","fold","multimodal_state","User","Hostname","dataset_name","Created","Runtime"
"tabpfnv2p5_REG_TEXT_ZOMATO_RESTAURANTS_4","0.8638686677007095","60","TabPFN-v2p5 🇩🇪","4","ft","","n309","REG_TEXT_ZOMATO_RESTAURANTS","2026-04-14T13:38:10.000Z","9084"
"tabpfnv2_REG_TEXT_ZOMATO_RESTAURANTS_4","0.719400537171988","60","TabPFN-v2 🤯","4","ft","","n309","REG_TEXT_ZOMATO_RESTAURANTS","2026-04-14T13:22:41.000Z","9362"
"tabm_REG_TEXT_ZOMATO_RESTAURANTS_4","0.8550406175201221","60","TabM Ⓜ️","4","ft","","n305","REG_TEXT_ZOMATO_RESTAURANTS","2026-04-14T12:52:06.000Z","4436"
"cat_REG_TEXT_ZOMATO_RESTAURANTS_4","0.8476218687851136","60","CatBoost 😸","4","ft","","n309","REG_TEXT_ZOMATO_RESTAURANTS","2026-04-14T12:12:29.000Z","4590"
"light_REG_TEXT_ZOMATO_RESTAURANTS_4","0.811403509183124","60","LightGBM 💡","4","ft","","n306","REG_TEXT_ZOMATO_RESTAURANTS","2026-04-14T11:00:09.000Z","4426"
"tabpfnv2p5_REG_TEXT_ZOMATO_RESTAURANTS_3","0.8535842954665991","60","TabPFN-v2p5 🇩🇪","3","ft","","n309","REG_TEXT_ZOMATO_RESTAURANTS","2026-04-14T10:22:12.000Z","10883"
"tabpfnv2_REG_TEXT_ZOMATO_RESTAURANTS_3","0.7172081540544355","60","TabPFN-v2 🤯","3","ft","","n309","REG_TEXT_ZOMATO_RESTAURANTS","2026-04-14T10:01:30.000Z","11167"
"tabm_REG_TEXT_ZOMATO_RESTAURANTS_3","0.8603084396716602","60","TabM Ⓜ️","3","ft","","n306","REG_TEXT_ZOMATO_RESTAURANTS","2026-04-14T08:43:10.000Z","8214"
"cat_REG_TEXT_ZOMATO_RESTAURANTS_3","0.8472632540788408","60","CatBoost 😸","3","ft","","n305","REG_TEXT_ZOMATO_RESTAURANTS","2026-04-14T08:18:49.000Z","8305"
"light_REG_TEXT_ZOMATO_RESTAURANTS_3","0.8085979002030257","60","LightGBM 💡","3","ft","","n305","REG_TEXT_ZOMATO_RESTAURANTS","2026-04-14T07:44:44.000Z","8222"
"tabpfnv2p5_REG_TEXT_ZOMATO_RESTAURANTS_2","0.8432107625855287","60","TabPFN-v2p5 🇩🇪","2","ft","","n306","REG_TEXT_ZOMATO_RESTAURANTS","2026-04-14T07:04:57.000Z","10898"
"tabpfnv2_REG_TEXT_ZOMATO_RESTAURANTS_2","0.7158103986930637","60","TabPFN-v2 🤯","2","ft","","n305","REG_TEXT_ZOMATO_RESTAURANTS","2026-04-14T06:39:16.000Z","11172"
"tabm_REG_TEXT_ZOMATO_RESTAURANTS_2","0.8498821377645592","60","TabM Ⓜ️","2","ft","","n306","REG_TEXT_ZOMATO_RESTAURANTS","2026-04-14T05:44:51.000Z","9860"
"cat_REG_TEXT_ZOMATO_RESTAURANTS_2","0.8333352127628315","60","CatBoost 😸","2","ft","","n309","REG_TEXT_ZOMATO_RESTAURANTS","2026-04-14T05:19:27.000Z","9932"
"light_REG_TEXT_ZOMATO_RESTAURANTS_2","0.8032748172611279","60","LightGBM 💡","2","ft","","n305","REG_TEXT_ZOMATO_RESTAURANTS","2026-04-14T05:04:53.000Z","9836"
"tabpfnv2p5_REG_TEXT_ZOMATO_RESTAURANTS_1","0.8631522772093203","60","TabPFN-v2p5 🇩🇪","1","ft","","n305","REG_TEXT_ZOMATO_RESTAURANTS","2026-04-14T03:50:11.000Z","10914"
"tabpfnv2_REG_TEXT_ZOMATO_RESTAURANTS_1","0.7269946987794786","60","TabPFN-v2 🤯","1","ft","","n305","REG_TEXT_ZOMATO_RESTAURANTS","2026-04-14T03:13:11.000Z","11167"
"tabm_REG_TEXT_ZOMATO_RESTAURANTS_1","0.8506504114416747","60","TabM Ⓜ️","1","ft","","n309","REG_TEXT_ZOMATO_RESTAURANTS","2026-04-14T02:54:46.000Z","8593"
"cat_REG_TEXT_ZOMATO_RESTAURANTS_1","0.845121594361891","60","CatBoost 😸","1","ft","","n309","REG_TEXT_ZOMATO_RESTAURANTS","2026-04-14T02:44:06.000Z","8679"
"light_REG_TEXT_ZOMATO_RESTAURANTS_1","0.8103937112998091","60","LightGBM 💡","1","ft","","n309","REG_TEXT_ZOMATO_RESTAURANTS","2026-04-14T02:34:54.000Z","8636"
"tabpfnv2p5_REG_TEXT_ZOMATO_RESTAURANTS_0","0.859342531497655","60","TabPFN-v2p5 🇩🇪","0","ft","","n306","REG_TEXT_ZOMATO_RESTAURANTS","2026-04-14T00:50:04.000Z","8096"
"tabpfnv2_REG_TEXT_ZOMATO_RESTAURANTS_0","0.7236527868556024","60","TabPFN-v2 🤯","0","ft","","n309","REG_TEXT_ZOMATO_RESTAURANTS","2026-04-14T00:19:42.000Z","8378"
"tabm_REG_TEXT_ZOMATO_RESTAURANTS_0","0.8544425416390539","60","TabM Ⓜ️","0","ft","","n305","REG_TEXT_ZOMATO_RESTAURANTS","2026-04-14T00:06:44.000Z","9466"
"cat_REG_TEXT_ZOMATO_RESTAURANTS_0","0.8458109680725517","60","CatBoost 😸","0","ft","","n305","REG_TEXT_ZOMATO_RESTAURANTS","2026-04-14T00:00:05.000Z","9563"
"light_REG_TEXT_ZOMATO_RESTAURANTS_0","0.8128417808637376","60","LightGBM 💡","0","ft","","n309","REG_TEXT_ZOMATO_RESTAURANTS","2026-04-13T23:56:16.000Z","9509"
"tabpfnv2p5_REG_TEXT_VIDEO_GAMES_SALES_4","0.3572472883899711","60","TabPFN-v2p5 🇩🇪","4","ft","","n306","REG_TEXT_VIDEO_GAMES_SALES","2026-04-13T23:41:52.000Z","1098"
"tabpfnv2_REG_TEXT_VIDEO_GAMES_SALES_4","0.24882516191328816","60","TabPFN-v2 🤯","4","ft","","n305","REG_TEXT_VIDEO_GAMES_SALES","2026-04-13T23:38:06.000Z","1112"
"tabm_REG_TEXT_VIDEO_GAMES_SALES_4","0.4360072409661721","60","TabM Ⓜ️","4","ft","","n305","REG_TEXT_VIDEO_GAMES_SALES","2026-04-13T23:29:39.000Z","1821"
"cat_REG_TEXT_VIDEO_GAMES_SALES_4","0.20913136335646987","60","CatBoost 😸","4","ft","","n305","REG_TEXT_VIDEO_GAMES_SALES","2026-04-13T23:25:27.000Z","5604"
"light_REG_TEXT_VIDEO_GAMES_SALES_4","0.24426713657384735","60","LightGBM 💡","4","ft","","n309","REG_TEXT_VIDEO_GAMES_SALES","2026-04-13T23:22:20.000Z","1809"
"tabpfnv2p5_REG_TEXT_VIDEO_GAMES_SALES_3","0.44696232700570304","60","TabPFN-v2p5 🇩🇪","3","ft","","n305","REG_TEXT_VIDEO_GAMES_SALES","2026-04-13T23:17:05.000Z","1095"
"tabpfnv2_REG_TEXT_VIDEO_GAMES_SALES_3","0.3106909751917172","60","TabPFN-v2 🤯","3","ft","","n306","REG_TEXT_VIDEO_GAMES_SALES","2026-04-13T23:07:08.000Z","1116"
"tabm_REG_TEXT_VIDEO_GAMES_SALES_3","0.42648025226673103","60","TabM Ⓜ️","3","ft","","n309","REG_TEXT_VIDEO_GAMES_SALES","2026-04-13T22:59:52.000Z","1195"
"cat_REG_TEXT_VIDEO_GAMES_SALES_3","0.4458140040762608","60","CatBoost 😸","3","ft","","n305","REG_TEXT_VIDEO_GAMES_SALES","2026-04-13T22:54:12.000Z","1194"
"tabpfnv2p5_REG_TEXT_VIDEO_GAMES_SALES_1","0.4946782353433298","60","TabPFN-v2p5 🇩🇪","1","ft","","n305","REG_TEXT_VIDEO_GAMES_SALES","2026-04-13T22:53:01.000Z","1841"
"light_REG_TEXT_VIDEO_GAMES_SALES_3","0.4496960665306037","60","LightGBM 💡","3","ft","","n305","REG_TEXT_VIDEO_GAMES_SALES","2026-04-13T22:46:36.000Z","4804"
"tabpfnv2p5_REG_TEXT_VIDEO_GAMES_SALES_2","0.3592085088756427","60","TabPFN-v2p5 🇩🇪","2","ft","","n309","REG_TEXT_VIDEO_GAMES_SALES","2026-04-13T22:37:22.000Z","1327"
"tabpfnv2_REG_TEXT_VIDEO_GAMES_SALES_2","0.24270506221844468","60","TabPFN-v2 🤯","2","ft","","n306","REG_TEXT_VIDEO_GAMES_SALES","2026-04-13T22:32:19.000Z","1350"
"tabm_REG_TEXT_VIDEO_GAMES_SALES_2","0.5780894531557266","60","TabM Ⓜ️","2","ft","","n306","REG_TEXT_VIDEO_GAMES_SALES","2026-04-13T22:28:31.000Z","937"
"cat_REG_TEXT_VIDEO_GAMES_SALES_2","0.3941724289889028","60","CatBoost 😸","2","ft","","n309","REG_TEXT_VIDEO_GAMES_SALES","2026-04-13T22:18:17.000Z","968"
"light_REG_TEXT_VIDEO_GAMES_SALES_2","0.3666681747039062","60","LightGBM 💡","2","ft","","n306","REG_TEXT_VIDEO_GAMES_SALES","2026-04-13T22:11:12.000Z","930"
"tabpfnv2_REG_TEXT_VIDEO_GAMES_SALES_1","0.3532528595517025","60","TabPFN-v2 🤯","1","ft","","n305","REG_TEXT_VIDEO_GAMES_SALES","2026-04-13T21:55:49.000Z","1860"
"tabm_REG_TEXT_VIDEO_GAMES_SALES_1","0.593936783720867","60","TabM Ⓜ️","1","ft","","n309","REG_TEXT_VIDEO_GAMES_SALES","2026-04-13T21:50:40.000Z","1147"
"cat_REG_TEXT_VIDEO_GAMES_SALES_1","0.38303498339962216","60","CatBoost 😸","1","ft","","n306","REG_TEXT_VIDEO_GAMES_SALES","2026-04-13T21:49:04.000Z","1176"
"light_REG_TEXT_VIDEO_GAMES_SALES_1","0.4880685286580678","60","LightGBM 💡","1","ft","","n305","REG_TEXT_VIDEO_GAMES_SALES","2026-04-13T21:29:26.000Z","1134"
"tabpfnv2p5_REG_TEXT_VIDEO_GAMES_SALES_0","0.47214736083803777","60","TabPFN-v2p5 🇩🇪","0","ft","","n309","REG_TEXT_VIDEO_GAMES_SALES","2026-04-13T21:26:04.000Z","1463"
"tabpfnv2_REG_TEXT_VIDEO_GAMES_SALES_0","0.3347207667247032","60","TabPFN-v2 🤯","0","ft","","n306","REG_TEXT_VIDEO_GAMES_SALES","2026-04-13T21:24:44.000Z","1485"
"tabm_REG_TEXT_VIDEO_GAMES_SALES_0","0.5911964515702464","60","TabM Ⓜ️","0","ft","","n309","REG_TEXT_VIDEO_GAMES_SALES","2026-04-13T21:19:11.000Z","5587"
"cat_REG_TEXT_VIDEO_GAMES_SALES_0","0.4870694026159552","60","CatBoost 😸","0","ft","","n309","REG_TEXT_VIDEO_GAMES_SALES","2026-04-13T17:58:17.000Z","1654"
"light_REG_TEXT_VIDEO_GAMES_SALES_0","0.5188794728787633","60","LightGBM 💡","0","ft","","n305","REG_TEXT_VIDEO_GAMES_SALES","2026-04-13T17:53:22.000Z","1599"
"tabpfnv2p5_REG_TEXT_VANCOUVER_SALARIES_4","0.8197171122254397","60","TabPFN-v2p5 🇩🇪","4","ft","","n305","REG_TEXT_VANCOUVER_SALARIES","2026-04-13T17:32:53.000Z","1551"
"tabpfnv2_REG_TEXT_VANCOUVER_SALARIES_4","0.7852576860795724","60","TabPFN-v2 🤯","4","ft","","n309","REG_TEXT_VANCOUVER_SALARIES","2026-04-13T17:28:53.000Z","1566"
"tabm_REG_TEXT_VANCOUVER_SALARIES_4","0.8103420094624769","60","TabM Ⓜ️","4","ft","","n306","REG_TEXT_VANCOUVER_SALARIES","2026-04-13T17:25:48.000Z","1354"
"cat_REG_TEXT_VANCOUVER_SALARIES_4","0.8150006131955614","60","CatBoost 😸","4","ft","","n309","REG_TEXT_VANCOUVER_SALARIES","2026-04-13T17:09:55.000Z","1388"
"light_REG_TEXT_VANCOUVER_SALARIES_4","0.7931900409911545","60","LightGBM 💡","4","ft","","n306","REG_TEXT_VANCOUVER_SALARIES","2026-04-13T17:03:21.000Z","1343"
"tabpfnv2p5_REG_TEXT_VANCOUVER_SALARIES_3","0.8026450666955472","60","TabPFN-v2p5 🇩🇪","3","ft","","n309","REG_TEXT_VANCOUVER_SALARIES","2026-04-13T16:59:21.000Z","1597"
"tabpfnv2_REG_TEXT_VANCOUVER_SALARIES_3","0.7715439222805349","60","TabPFN-v2 🤯","3","ft","","n305","REG_TEXT_VANCOUVER_SALARIES","2026-04-13T16:56:02.000Z","1567"
"tabm_REG_TEXT_VANCOUVER_SALARIES_3","0.7915346454173222","60","TabM Ⓜ️","3","ft","","n309","REG_TEXT_VANCOUVER_SALARIES","2026-04-13T16:44:26.000Z","1161"
"cat_REG_TEXT_VANCOUVER_SALARIES_3","0.7930394600858617","60","CatBoost 😸","3","ft","","n305","REG_TEXT_VANCOUVER_SALARIES","2026-04-13T16:39:20.000Z","1171"
"light_REG_TEXT_VANCOUVER_SALARIES_3","0.7811363180079282","60","LightGBM 💡","3","ft","","n309","REG_TEXT_VANCOUVER_SALARIES","2026-04-13T16:34:35.000Z","1133"
"tabpfnv2p5_REG_TEXT_VANCOUVER_SALARIES_2","0.7726234415392157","60","TabPFN-v2p5 🇩🇪","2","ft","","n309","REG_TEXT_VANCOUVER_SALARIES","2026-04-13T16:32:13.000Z","1492"
"tabpfnv2_REG_TEXT_VANCOUVER_SALARIES_2","0.7531525356798441","60","TabPFN-v2 🤯","2","ft","","n305","REG_TEXT_VANCOUVER_SALARIES","2026-04-13T16:29:18.000Z","1511"
"tabm_REG_TEXT_VANCOUVER_SALARIES_2","0.759948053307059","60","TabM Ⓜ️","2","ft","","n309","REG_TEXT_VANCOUVER_SALARIES","2026-04-13T16:14:57.000Z","1504"
"cat_REG_TEXT_VANCOUVER_SALARIES_2","0.7608742682174807","60","CatBoost 😸","2","ft","","n309","REG_TEXT_VANCOUVER_SALARIES","2026-04-13T16:08:57.000Z","1530"
"light_REG_TEXT_VANCOUVER_SALARIES_2","0.7596126270187449","60","LightGBM 💡","2","ft","","n305","REG_TEXT_VANCOUVER_SALARIES","2026-04-13T16:03:59.000Z","1499"
"tabpfnv2p5_REG_TEXT_VANCOUVER_SALARIES_1","0.7793697559636543","60","TabPFN-v2p5 🇩🇪","1","ft","","n309","REG_TEXT_VANCOUVER_SALARIES","2026-04-13T15:59:30.000Z","1990"
"tabpfnv2_REG_TEXT_VANCOUVER_SALARIES_1","0.7439213795537931","60","TabPFN-v2 🤯","1","ft","","n305","REG_TEXT_VANCOUVER_SALARIES","2026-04-13T15:56:20.000Z","1970"
"tabm_REG_TEXT_VANCOUVER_SALARIES_1","0.7748506307566168","60","TabM Ⓜ️","1","ft","","n309","REG_TEXT_VANCOUVER_SALARIES","2026-04-13T15:51:24.000Z","1407"
"cat_REG_TEXT_VANCOUVER_SALARIES_1","0.7819987891859199","60","CatBoost 😸","1","ft","","n309","REG_TEXT_VANCOUVER_SALARIES","2026-04-13T15:44:59.000Z","1433"
"light_REG_TEXT_VANCOUVER_SALARIES_1","0.77004570112522","60","LightGBM 💡","1","ft","","n305","REG_TEXT_VANCOUVER_SALARIES","2026-04-13T15:35:25.000Z","1392"
"tabpfnv2p5_REG_TEXT_VANCOUVER_SALARIES_0","0.8190242449412286","60","TabPFN-v2p5 🇩🇪","0","ft","","n309","REG_TEXT_VANCOUVER_SALARIES","2026-04-13T15:31:32.000Z","1607"
"tabpfnv2_REG_TEXT_VANCOUVER_SALARIES_0","0.7815854858102753","60","TabPFN-v2 🤯","0","ft","","n305","REG_TEXT_VANCOUVER_SALARIES","2026-04-13T15:26:00.000Z","1625"
"tabm_REG_TEXT_VANCOUVER_SALARIES_0","0.8016076163573478","60","TabM Ⓜ️","0","ft","","n305","REG_TEXT_VANCOUVER_SALARIES","2026-04-13T15:21:06.000Z","1427"
"cat_REG_TEXT_VANCOUVER_SALARIES_0","0.7995490446318766","60","CatBoost 😸","0","ft","","n305","REG_TEXT_VANCOUVER_SALARIES","2026-04-13T15:06:03.000Z","1430"
"light_REG_TEXT_VANCOUVER_SALARIES_0","0.7884737089110374","60","LightGBM 💡","0","ft","","n305","REG_TEXT_VANCOUVER_SALARIES","2026-04-13T14:57:17.000Z","1423"
"tabpfnv2p5_REG_TEXT_ROTTEN_TOMATOES_4","0.5078643665258107","60","TabPFN-v2p5 🇩🇪","4","ft","","n309","REG_TEXT_ROTTEN_TOMATOES","2026-04-13T14:46:36.000Z","2982"
"tabpfnv2_REG_TEXT_ROTTEN_TOMATOES_4","0.48069535431969734","60","TabPFN-v2 🤯","4","ft","","n305","REG_TEXT_ROTTEN_TOMATOES","2026-04-13T14:31:14.000Z","3093"
"tabm_REG_TEXT_ROTTEN_TOMATOES_4","0.47932991484526466","60","TabM Ⓜ️","4","ft","","n309","REG_TEXT_ROTTEN_TOMATOES","2026-04-13T14:18:30.000Z","2887"
"cat_REG_TEXT_ROTTEN_TOMATOES_4","0.47488745636755847","60","CatBoost 😸","4","ft","","n309","REG_TEXT_ROTTEN_TOMATOES","2026-04-13T14:11:59.000Z","3091"
"light_REG_TEXT_ROTTEN_TOMATOES_4","0.4607785038851102","60","LightGBM 💡","4","ft","","n305","REG_TEXT_ROTTEN_TOMATOES","2026-04-13T14:06:34.000Z","3040"
"tabpfnv2p5_REG_TEXT_ROTTEN_TOMATOES_3","0.5537613754506611","60","TabPFN-v2p5 🇩🇪","3","ft","","n309","REG_TEXT_ROTTEN_TOMATOES","2026-04-13T13:54:08.000Z","2485"
"tabpfnv2_REG_TEXT_ROTTEN_TOMATOES_3","0.5380902735221655","60","TabPFN-v2 🤯","3","ft","","n309","REG_TEXT_ROTTEN_TOMATOES","2026-04-13T13:34:54.000Z","2610"
"tabm_REG_TEXT_ROTTEN_TOMATOES_3","0.5171873495224033","60","TabM Ⓜ️","3","ft","","n309","REG_TEXT_ROTTEN_TOMATOES","2026-04-13T13:13:12.000Z","3524"
"cat_REG_TEXT_ROTTEN_TOMATOES_3","0.5324515538046599","60","CatBoost 😸","3","ft","","n305","REG_TEXT_ROTTEN_TOMATOES","2026-04-13T13:06:04.000Z","3663"
"light_REG_TEXT_ROTTEN_TOMATOES_3","0.5107546226923938","60","LightGBM 💡","3","ft","","n309","REG_TEXT_ROTTEN_TOMATOES","2026-04-13T12:58:18.000Z","3520"
"tabpfnv2p5_REG_TEXT_ROTTEN_TOMATOES_2","0.5817156508383587","60","TabPFN-v2p5 🇩🇪","2","ft","","n306","REG_TEXT_ROTTEN_TOMATOES","2026-04-13T12:48:46.000Z","4142"
"tabpfnv2_REG_TEXT_ROTTEN_TOMATOES_2","0.5551516130929348","60","TabPFN-v2 🤯","2","ft","","n305","REG_TEXT_ROTTEN_TOMATOES","2026-04-13T12:32:06.000Z","4261"
"tabm_REG_TEXT_ROTTEN_TOMATOES_2","0.5025050184376422","60","TabM Ⓜ️","2","ft","","n309","REG_TEXT_ROTTEN_TOMATOES","2026-04-13T12:20:27.000Z","3097"
"cat_REG_TEXT_ROTTEN_TOMATOES_2","0.5150782656531512","60","CatBoost 😸","2","ft","","n305","REG_TEXT_ROTTEN_TOMATOES","2026-04-13T12:14:07.000Z","3242"
"light_REG_TEXT_ROTTEN_TOMATOES_2","0.5001767518053318","60","LightGBM 💡","2","ft","","n309","REG_TEXT_ROTTEN_TOMATOES","2026-04-13T12:07:44.000Z","3094"
"tabpfnv2p5_REG_TEXT_ROTTEN_TOMATOES_1","0.6158006349391021","60","TabPFN-v2p5 🇩🇪","1","ft","","n309","REG_TEXT_ROTTEN_TOMATOES","2026-04-13T12:02:09.000Z","3194"
"tabpfnv2_REG_TEXT_ROTTEN_TOMATOES_1","0.5998388556716252","60","TabPFN-v2 🤯","1","ft","","n305","REG_TEXT_ROTTEN_TOMATOES","2026-04-13T11:56:22.000Z","3423"
"tabm_REG_TEXT_ROTTEN_TOMATOES_1","0.5823964751777415","60","TabM Ⓜ️","1","ft","","n309","REG_TEXT_ROTTEN_TOMATOES","2026-04-13T11:52:27.000Z","2461"
"cat_REG_TEXT_ROTTEN_TOMATOES_1","0.5692897826496132","60","CatBoost 😸","1","ft","","n305","REG_TEXT_ROTTEN_TOMATOES","2026-04-13T11:38:31.000Z","2629"
"light_REG_TEXT_ROTTEN_TOMATOES_1","0.5502046417784391","60","LightGBM 💡","1","ft","","n309","REG_TEXT_ROTTEN_TOMATOES","2026-04-13T11:18:35.000Z","2456"
"tabpfnv2p5_REG_TEXT_ROTTEN_TOMATOES_0","0.5850624680764607","60","TabPFN-v2p5 🇩🇪","0","ft","","n309","REG_TEXT_ROTTEN_TOMATOES","2026-04-13T11:06:37.000Z","3661"
"tabpfnv2_REG_TEXT_ROTTEN_TOMATOES_0","0.5627878575533787","60","TabPFN-v2 🤯","0","ft","","n305","REG_TEXT_ROTTEN_TOMATOES","2026-04-13T11:01:46.000Z","3794"
"tabm_REG_TEXT_ROTTEN_TOMATOES_0","0.508697657954591","60","TabM Ⓜ️","0","ft","","n305","REG_TEXT_ROTTEN_TOMATOES","2026-04-13T10:54:36.000Z","3535"
"cat_REG_TEXT_ROTTEN_TOMATOES_0","0.5147276982033709","60","CatBoost 😸","0","ft","","n306","REG_TEXT_ROTTEN_TOMATOES","2026-04-13T10:41:20.000Z","3682"
"light_REG_TEXT_ROTTEN_TOMATOES_0","0.4927849875223076","60","LightGBM 💡","0","ft","","n305","REG_TEXT_ROTTEN_TOMATOES","2026-04-13T10:04:08.000Z","3542"
"tabpfnv2p5_REG_TEXT_SCIMAGOJR_IMPACT_4","0.8889070749282837","60","TabPFN-v2p5 🇩🇪","4","ft","","n309","REG_TEXT_SCIMAGOJR_IMPACT","2026-04-13T09:55:00.000Z","7508"
"tabpfnv2_REG_TEXT_SCIMAGOJR_IMPACT_4","0.8710506558418274","60","TabPFN-v2 🤯","4","ft","","n305","REG_TEXT_SCIMAGOJR_IMPACT","2026-04-13T09:34:08.000Z","7677"
"tabm_REG_TEXT_SCIMAGOJR_IMPACT_4","0.8815966844558716","60","TabM Ⓜ️","4","ft","","n309","REG_TEXT_SCIMAGOJR_IMPACT","2026-04-13T09:18:10.000Z","5737"
"cat_REG_TEXT_SCIMAGOJR_IMPACT_4","0.8766590503150584","60","CatBoost 😸","4","ft","","n309","REG_TEXT_SCIMAGOJR_IMPACT","2026-04-13T09:06:57.000Z","9924"
"light_REG_TEXT_SCIMAGOJR_IMPACT_4","0.8594237157903895","60","LightGBM 💡","4","ft","","n309","REG_TEXT_SCIMAGOJR_IMPACT","2026-04-13T08:57:42.000Z","5736"
"tabpfnv2p5_REG_TEXT_SCIMAGOJR_IMPACT_3","0.8806466460227966","60","TabPFN-v2p5 🇩🇪","3","ft","","n309","REG_TEXT_SCIMAGOJR_IMPACT","2026-04-13T08:50:46.000Z","8093"
"tabpfnv2_REG_TEXT_SCIMAGOJR_IMPACT_3","0.875097930431366","60","TabPFN-v2 🤯","3","ft","","n305","REG_TEXT_SCIMAGOJR_IMPACT","2026-04-13T08:44:07.000Z","8252"
"tabm_REG_TEXT_SCIMAGOJR_IMPACT_3","0.8849834203720093","60","TabM Ⓜ️","3","ft","","n309","REG_TEXT_SCIMAGOJR_IMPACT","2026-04-13T08:40:42.000Z","4471"
"cat_REG_TEXT_SCIMAGOJR_IMPACT_3","0.8528485247484745","60","CatBoost 😸","3","ft","","n306","REG_TEXT_SCIMAGOJR_IMPACT","2026-04-13T08:32:33.000Z","4593"
"light_REG_TEXT_SCIMAGOJR_IMPACT_3","0.8600681950979256","60","LightGBM 💡","3","ft","","n305","REG_TEXT_SCIMAGOJR_IMPACT","2026-04-13T08:19:35.000Z","4469"
"tabpfnv2p5_REG_TEXT_SCIMAGOJR_IMPACT_2","0.8866659998893738","60","TabPFN-v2p5 🇩🇪","2","ft","","n305","REG_TEXT_SCIMAGOJR_IMPACT","2026-04-13T07:46:56.000Z","4235"
"tabpfnv2_REG_TEXT_SCIMAGOJR_IMPACT_2","0.8654830455780029","60","TabPFN-v2 🤯","2","ft","","n305","REG_TEXT_SCIMAGOJR_IMPACT","2026-04-13T07:34:38.000Z","4440"
"tabm_REG_TEXT_SCIMAGOJR_IMPACT_2","0.8722856640815735","60","TabM Ⓜ️","2","ft","","n305","REG_TEXT_SCIMAGOJR_IMPACT","2026-04-13T07:27:56.000Z","4490"
"cat_REG_TEXT_SCIMAGOJR_IMPACT_2","0.8598412426208217","60","CatBoost 😸","2","ft","","n309","REG_TEXT_SCIMAGOJR_IMPACT","2026-04-13T07:21:54.000Z","4605"
"light_REG_TEXT_SCIMAGOJR_IMPACT_2","0.8519906164314408","60","LightGBM 💡","2","ft","","n309","REG_TEXT_SCIMAGOJR_IMPACT","2026-04-13T07:11:54.000Z","4479"
"tabpfnv2p5_REG_TEXT_SCIMAGOJR_IMPACT_1","0.901014506816864","60","TabPFN-v2p5 🇩🇪","1","ft","","n305","REG_TEXT_SCIMAGOJR_IMPACT","2026-04-13T06:57:05.000Z","6382"
"tabpfnv2_REG_TEXT_SCIMAGOJR_IMPACT_1","0.8784142732620239","60","TabPFN-v2 🤯","1","ft","","n305","REG_TEXT_SCIMAGOJR_IMPACT","2026-04-13T06:34:57.000Z","6644"
"tabm_REG_TEXT_SCIMAGOJR_IMPACT_1","0.8838614225387573","60","TabM Ⓜ️","1","ft","","n306","REG_TEXT_SCIMAGOJR_IMPACT","2026-04-13T06:22:07.000Z","8380"
"cat_REG_TEXT_SCIMAGOJR_IMPACT_1","0.8797629012771113","60","CatBoost 😸","1","ft","","n305","REG_TEXT_SCIMAGOJR_IMPACT","2026-04-13T06:03:53.000Z","4847"
"light_REG_TEXT_SCIMAGOJR_IMPACT_1","0.868234973949547","60","LightGBM 💡","1","ft","","n305","REG_TEXT_SCIMAGOJR_IMPACT","2026-04-13T05:57:27.000Z","4722"
"tabpfnv2p5_REG_TEXT_SCIMAGOJR_IMPACT_0","0.8979331851005554","60","TabPFN-v2p5 🇩🇪","0","ft","","n309","REG_TEXT_SCIMAGOJR_IMPACT","2026-04-13T05:53:06.000Z","6101"
"tabpfnv2_REG_TEXT_SCIMAGOJR_IMPACT_0","0.8991976380348206","60","TabPFN-v2 🤯","0","ft","","n309","REG_TEXT_SCIMAGOJR_IMPACT","2026-04-13T05:41:20.000Z","6268"
"tabm_REG_TEXT_SCIMAGOJR_IMPACT_0","0.8753398656845093","60","TabM Ⓜ️","0","ft","","n305","REG_TEXT_SCIMAGOJR_IMPACT","2026-04-13T05:34:32.000Z","4944"
"cat_REG_TEXT_SCIMAGOJR_IMPACT_0","0.8837759844108017","60","CatBoost 😸","0","ft","","n305","REG_TEXT_SCIMAGOJR_IMPACT","2026-04-13T05:30:47.000Z","4989"
"light_REG_TEXT_SCIMAGOJR_IMPACT_0","0.8833445766192568","60","LightGBM 💡","0","ft","","n306","REG_TEXT_SCIMAGOJR_IMPACT","2026-04-13T05:12:22.000Z","4942"
"tabpfnv2p5_REG_TEXT_MONTGOMERY_SALARIES_4","0.9819960344928051","60","TabPFN-v2p5 🇩🇪","4","ft","","n309","REG_TEXT_MONTGOMERY_SALARIES","2026-04-13T05:01:05.000Z","3667"
"tabpfnv2_REG_TEXT_MONTGOMERY_SALARIES_4","0.9791991043794024","60","TabPFN-v2 🤯","4","ft","","n309","REG_TEXT_MONTGOMERY_SALARIES","2026-04-13T04:51:14.000Z","3710"
"tabm_REG_TEXT_MONTGOMERY_SALARIES_4","0.9729928417238216","60","TabM Ⓜ️","4","ft","","n305","REG_TEXT_MONTGOMERY_SALARIES","2026-04-13T04:38:32.000Z","3647"
"cat_REG_TEXT_MONTGOMERY_SALARIES_4","0.9724738237901596","60","CatBoost 😸","4","ft","","n305","REG_TEXT_MONTGOMERY_SALARIES","2026-04-13T04:34:09.000Z","3708"
"light_REG_TEXT_MONTGOMERY_SALARIES_4","0.9676248397837718","60","LightGBM 💡","4","ft","","n309","REG_TEXT_MONTGOMERY_SALARIES","2026-04-13T04:31:14.000Z","3630"
"tabpfnv2p5_REG_TEXT_MONTGOMERY_SALARIES_3","0.9885293980183688","60","TabPFN-v2p5 🇩🇪","3","ft","","n309","REG_TEXT_MONTGOMERY_SALARIES","2026-04-13T04:28:42.000Z","3476"
"tabpfnv2_REG_TEXT_MONTGOMERY_SALARIES_3","0.9883833549630116","60","TabPFN-v2 🤯","3","ft","","n306","REG_TEXT_MONTGOMERY_SALARIES","2026-04-13T04:13:26.000Z","3530"
"tabm_REG_TEXT_MONTGOMERY_SALARIES_3","0.9826337974109411","60","TabM Ⓜ️","3","ft","","n309","REG_TEXT_MONTGOMERY_SALARIES","2026-04-13T04:08:40.000Z","3138"
"cat_REG_TEXT_MONTGOMERY_SALARIES_3","0.982731990746909","60","CatBoost 😸","3","ft","","n306","REG_TEXT_MONTGOMERY_SALARIES","2026-04-13T04:02:38.000Z","3203"
"light_REG_TEXT_MONTGOMERY_SALARIES_3","0.980160795796614","60","LightGBM 💡","3","ft","","n309","REG_TEXT_MONTGOMERY_SALARIES","2026-04-13T03:54:14.000Z","3151"
"tabpfnv2p5_REG_TEXT_MONTGOMERY_SALARIES_2","0.9893630076799952","60","TabPFN-v2p5 🇩🇪","2","ft","","n305","REG_TEXT_MONTGOMERY_SALARIES","2026-04-13T03:49:11.000Z","2717"
"tabpfnv2_REG_TEXT_MONTGOMERY_SALARIES_2","0.968547584373554","60","TabPFN-v2 🤯","2","ft","","n305","REG_TEXT_MONTGOMERY_SALARIES","2026-04-13T03:45:50.000Z","2788"
"tabm_REG_TEXT_MONTGOMERY_SALARIES_2","0.9866306059393384","60","TabM Ⓜ️","2","ft","","n309","REG_TEXT_MONTGOMERY_SALARIES","2026-04-13T03:42:53.000Z","2882"
"cat_REG_TEXT_MONTGOMERY_SALARIES_2","0.9732765005546048","60","CatBoost 😸","2","ft","","n305","REG_TEXT_MONTGOMERY_SALARIES","2026-04-13T03:39:57.000Z","2931"
"light_REG_TEXT_MONTGOMERY_SALARIES_2","0.9714896650577078","60","LightGBM 💡","2","ft","","n309","REG_TEXT_MONTGOMERY_SALARIES","2026-04-13T03:20:45.000Z","2869"
"tabpfnv2p5_REG_TEXT_MONTGOMERY_SALARIES_1","0.9711726733858478","60","TabPFN-v2p5 🇩🇪","1","ft","","n305","REG_TEXT_MONTGOMERY_SALARIES","2026-04-13T03:15:08.000Z","3100"
"tabpfnv2_REG_TEXT_MONTGOMERY_SALARIES_1","0.9693003619033916","60","TabPFN-v2 🤯","1","ft","","n306","REG_TEXT_MONTGOMERY_SALARIES","2026-04-13T03:06:05.000Z","3153"
"tabm_REG_TEXT_MONTGOMERY_SALARIES_1","0.9635616877300826","60","TabM Ⓜ️","1","ft","","n309","REG_TEXT_MONTGOMERY_SALARIES","2026-04-13T03:01:49.000Z","2474"
"cat_REG_TEXT_MONTGOMERY_SALARIES_1","0.9596229810021614","60","CatBoost 😸","1","ft","","n309","REG_TEXT_MONTGOMERY_SALARIES","2026-04-13T02:57:45.000Z","2512"
"light_REG_TEXT_MONTGOMERY_SALARIES_1","0.959131257658384","60","LightGBM 💡","1","ft","","n305","REG_TEXT_MONTGOMERY_SALARIES","2026-04-13T02:55:02.000Z","2441"
"tabpfnv2p5_REG_TEXT_MONTGOMERY_SALARIES_0","0.9877520748875824","60","TabPFN-v2p5 🇩🇪","0","ft","","n309","REG_TEXT_MONTGOMERY_SALARIES","2026-04-13T02:52:45.000Z","3002"
"tabpfnv2_REG_TEXT_MONTGOMERY_SALARIES_0","0.984363947223988","60","TabPFN-v2 🤯","0","ft","","n305","REG_TEXT_MONTGOMERY_SALARIES","2026-04-13T02:48:44.000Z","3054"
"tabm_REG_TEXT_MONTGOMERY_SALARIES_0","0.9825235848191516","60","TabM Ⓜ️","0","ft","","n309","REG_TEXT_MONTGOMERY_SALARIES","2026-04-13T02:44:53.000Z","1891"
"cat_REG_TEXT_MONTGOMERY_SALARIES_0","0.9830485582445896","60","CatBoost 😸","0","ft","","n306","REG_TEXT_MONTGOMERY_SALARIES","2026-04-13T02:38:54.000Z","1920"
"light_REG_TEXT_MONTGOMERY_SALARIES_0","0.9798551766707702","60","LightGBM 💡","0","ft","","n309","REG_TEXT_MONTGOMERY_SALARIES","2026-04-13T02:27:22.000Z","1870"
"tabpfnv2p5_REG_TEXT_MERCARI_MARKETPLACE_4","0.4816204476872059","60","TabPFN-v2p5 🇩🇪","4","ft","","n309","REG_TEXT_MERCARI_MARKETPLACE","2026-04-13T02:18:45.000Z","2505"
"tabpfnv2_REG_TEXT_MERCARI_MARKETPLACE_4","0.45111010138669094","60","TabPFN-v2 🤯","4","ft","","n309","REG_TEXT_MERCARI_MARKETPLACE","2026-04-13T02:13:14.000Z","2568"
"tabm_REG_TEXT_MERCARI_MARKETPLACE_4","0.4988516137050957","60","TabM Ⓜ️","4","ft","","n309","REG_TEXT_MERCARI_MARKETPLACE","2026-04-13T02:07:02.000Z","3039"
"cat_REG_TEXT_MERCARI_MARKETPLACE_4","0.4570575148576794","60","CatBoost 😸","4","ft","","n305","REG_TEXT_MERCARI_MARKETPLACE","2026-04-13T01:59:00.000Z","3142"
"light_REG_TEXT_MERCARI_MARKETPLACE_4","0.4468232077037323","60","LightGBM 💡","4","ft","","n309","REG_TEXT_MERCARI_MARKETPLACE","2026-04-13T01:49:34.000Z","3009"
"tabpfnv2p5_REG_TEXT_MERCARI_MARKETPLACE_3","0.4477672728783269","60","TabPFN-v2p5 🇩🇪","3","ft","","n305","REG_TEXT_MERCARI_MARKETPLACE","2026-04-13T01:44:21.000Z","3860"
"tabpfnv2_REG_TEXT_MERCARI_MARKETPLACE_3","0.4157394068445759","60","TabPFN-v2 🤯","3","ft","","n306","REG_TEXT_MERCARI_MARKETPLACE","2026-04-13T01:39:28.000Z","3927"
"tabm_REG_TEXT_MERCARI_MARKETPLACE_3","0.448080062667659","60","TabM Ⓜ️","3","ft","","n309","REG_TEXT_MERCARI_MARKETPLACE","2026-04-13T01:35:57.000Z","2405"
"cat_REG_TEXT_MERCARI_MARKETPLACE_3","0.4369292006715632","60","CatBoost 😸","3","ft","","n309","REG_TEXT_MERCARI_MARKETPLACE","2026-04-13T01:31:58.000Z","2470"
"light_REG_TEXT_MERCARI_MARKETPLACE_3","0.4269913907383576","60","LightGBM 💡","3","ft","","n305","REG_TEXT_MERCARI_MARKETPLACE","2026-04-13T01:20:25.000Z","2399"
"tabpfnv2p5_REG_TEXT_MERCARI_MARKETPLACE_2","0.49528268591806945","60","TabPFN-v2p5 🇩🇪","2","ft","","n305","REG_TEXT_MERCARI_MARKETPLACE","2026-04-13T01:10:12.000Z","2417"
"tabpfnv2_REG_TEXT_MERCARI_MARKETPLACE_2","0.4607179794184437","60","TabPFN-v2 🤯","2","ft","","n305","REG_TEXT_MERCARI_MARKETPLACE","2026-04-13T01:04:17.000Z","2399"
"tabm_REG_TEXT_MERCARI_MARKETPLACE_2","0.5111228486147292","60","TabM Ⓜ️","2","ft","","n305","REG_TEXT_MERCARI_MARKETPLACE","2026-04-13T00:59:14.000Z","2251"
"cat_REG_TEXT_MERCARI_MARKETPLACE_2","0.488445392868037","60","CatBoost 😸","2","ft","","n309","REG_TEXT_MERCARI_MARKETPLACE","2026-04-13T00:56:19.000Z","2321"
"light_REG_TEXT_MERCARI_MARKETPLACE_2","0.4661782403624729","60","LightGBM 💡","2","ft","","n305","REG_TEXT_MERCARI_MARKETPLACE","2026-04-13T00:53:20.000Z","2246"
"tabpfnv2p5_REG_TEXT_MERCARI_MARKETPLACE_1","0.44271904957777497","60","TabPFN-v2p5 🇩🇪","1","ft","","n309","REG_TEXT_MERCARI_MARKETPLACE","2026-04-13T00:50:17.000Z","2676"
"tabpfnv2_REG_TEXT_MERCARI_MARKETPLACE_1","0.4051450269706221","60","TabPFN-v2 🤯","1","ft","","n309","REG_TEXT_MERCARI_MARKETPLACE","2026-04-13T00:43:08.000Z","2739"
"tabm_REG_TEXT_MERCARI_MARKETPLACE_1","0.4450540413423253","60","TabM Ⓜ️","1","ft","","n309","REG_TEXT_MERCARI_MARKETPLACE","2026-04-13T00:32:48.000Z","5828"
"cat_REG_TEXT_MERCARI_MARKETPLACE_1","0.4177016647960778","60","CatBoost 😸","1","ft","","n309","REG_TEXT_MERCARI_MARKETPLACE","2026-04-13T00:19:14.000Z","2169"
"light_REG_TEXT_MERCARI_MARKETPLACE_1","0.4024409172020379","60","LightGBM 💡","1","ft","","n306","REG_TEXT_MERCARI_MARKETPLACE","2026-04-13T00:11:48.000Z","2095"
"tabpfnv2p5_REG_TEXT_MERCARI_MARKETPLACE_0","0.46744116878851194","60","TabPFN-v2p5 🇩🇪","0","ft","","n305","REG_TEXT_MERCARI_MARKETPLACE","2026-04-13T00:05:58.000Z","3187"
"tabpfnv2_REG_TEXT_MERCARI_MARKETPLACE_0","0.43199168737629023","60","TabPFN-v2 🤯","0","ft","","n305","REG_TEXT_MERCARI_MARKETPLACE","2026-04-13T00:04:28.000Z","3404"
"tabm_REG_TEXT_MERCARI_MARKETPLACE_0","0.47822603868472313","60","TabM Ⓜ️","0","ft","","n309","REG_TEXT_MERCARI_MARKETPLACE","2026-04-13T00:02:28.000Z","3014"
"cat_REG_TEXT_MERCARI_MARKETPLACE_0","0.45853246024784766","60","CatBoost 😸","0","ft","","n306","REG_TEXT_MERCARI_MARKETPLACE","2026-04-13T00:01:20.000Z","3089"
"light_REG_TEXT_MERCARI_MARKETPLACE_0","0.4298653413780309","60","LightGBM 💡","0","ft","","n305","REG_TEXT_MERCARI_MARKETPLACE","2026-04-12T23:46:51.000Z","3007"
"tabpfnv2p5_REG_TEXT_BOOK_READABILITY_4","0.8441116312891417","60","TabPFN-v2p5 🇩🇪","4","ft","","n305","REG_TEXT_BOOK_READABILITY","2026-04-12T23:38:01.000Z","1673"
"tabpfnv2_REG_TEXT_BOOK_READABILITY_4","0.8341750026827282","60","TabPFN-v2 🤯","4","ft","","n309","REG_TEXT_BOOK_READABILITY","2026-04-12T23:33:56.000Z","1709"
"tabm_REG_TEXT_BOOK_READABILITY_4","0.841637213207823","60","TabM Ⓜ️","4","ft","","n309","REG_TEXT_BOOK_READABILITY","2026-04-12T23:30:00.000Z","1912"
"cat_REG_TEXT_BOOK_READABILITY_4","0.8474021767713595","60","CatBoost 😸","4","ft","","n306","REG_TEXT_BOOK_READABILITY","2026-04-12T23:27:55.000Z","1997"
"light_REG_TEXT_BOOK_READABILITY_4","0.8384070160507259","60","LightGBM 💡","4","ft","","n309","REG_TEXT_BOOK_READABILITY","2026-04-12T23:25:43.000Z","1931"
"tabpfnv2p5_REG_TEXT_BOOK_READABILITY_3","0.8315275004814573","60","TabPFN-v2p5 🇩🇪","3","ft","","n309","REG_TEXT_BOOK_READABILITY","2026-04-12T23:23:37.000Z","2408"
"tabpfnv2_REG_TEXT_BOOK_READABILITY_3","0.8173042835114792","60","TabPFN-v2 🤯","3","ft","","n305","REG_TEXT_BOOK_READABILITY","2026-04-12T23:22:01.000Z","2438"
"tabm_REG_TEXT_BOOK_READABILITY_3","0.821088379812641","60","TabM Ⓜ️","3","ft","","n309","REG_TEXT_BOOK_READABILITY","2026-04-12T23:12:50.000Z","5268"
"cat_REG_TEXT_BOOK_READABILITY_3","0.8310165720648477","60","CatBoost 😸","3","ft","","n309","REG_TEXT_BOOK_READABILITY","2026-04-12T23:01:40.000Z","1730"
"light_REG_TEXT_BOOK_READABILITY_3","0.8175356504115734","60","LightGBM 💡","3","ft","","n309","REG_TEXT_BOOK_READABILITY","2026-04-12T22:52:00.000Z","1645"
"tabpfnv2p5_REG_TEXT_BOOK_READABILITY_2","0.8689459965266277","60","TabPFN-v2p5 🇩🇪","2","ft","","n305","REG_TEXT_BOOK_READABILITY","2026-04-12T22:46:25.000Z","2424"
"tabpfnv2_REG_TEXT_BOOK_READABILITY_2","0.8639187671530626","60","TabPFN-v2 🤯","2","ft","","n305","REG_TEXT_BOOK_READABILITY","2026-04-12T22:42:31.000Z","2364"
"tabm_REG_TEXT_BOOK_READABILITY_2","0.8390920121582762","60","TabM Ⓜ️","2","ft","","n305","REG_TEXT_BOOK_READABILITY","2026-04-12T22:40:06.000Z","2962"
"cat_REG_TEXT_BOOK_READABILITY_2","0.8537751260884756","60","CatBoost 😸","2","ft","","n306","REG_TEXT_BOOK_READABILITY","2026-04-12T22:34:51.000Z","3043"
"light_REG_TEXT_BOOK_READABILITY_2","0.8563173563861401","60","LightGBM 💡","2","ft","","n309","REG_TEXT_BOOK_READABILITY","2026-04-12T22:34:04.000Z","2966"
"tabpfnv2p5_REG_TEXT_BOOK_READABILITY_1","0.8339061436538824","60","TabPFN-v2p5 🇩🇪","1","ft","","n305","REG_TEXT_BOOK_READABILITY","2026-04-12T22:30:12.000Z","2039"
"tabpfnv2_REG_TEXT_BOOK_READABILITY_1","0.8380633635860949","60","TabPFN-v2 🤯","1","ft","","n309","REG_TEXT_BOOK_READABILITY","2026-04-12T22:22:25.000Z","2073"
"tabm_REG_TEXT_BOOK_READABILITY_1","0.8002911649572283","60","TabM Ⓜ️","1","ft","","n309","REG_TEXT_BOOK_READABILITY","2026-04-12T22:15:15.000Z","1518"
"cat_REG_TEXT_BOOK_READABILITY_1","0.7951578416711542","60","CatBoost 😸","1","ft","","n306","REG_TEXT_BOOK_READABILITY","2026-04-12T22:08:19.000Z","1585"
"light_REG_TEXT_BOOK_READABILITY_1","0.7954890539897841","60","LightGBM 💡","1","ft","","n309","REG_TEXT_BOOK_READABILITY","2026-04-12T22:06:40.000Z","5230"
"tabpfnv2p5_REG_TEXT_BOOK_READABILITY_0","0.8375939510224256","60","TabPFN-v2p5 🇩🇪","0","ft","","n309","REG_TEXT_BOOK_READABILITY","2026-04-12T22:04:35.000Z","2429"
"tabpfnv2_REG_TEXT_BOOK_READABILITY_0","0.824036468625085","60","TabPFN-v2 🤯","0","ft","","n309","REG_TEXT_BOOK_READABILITY","2026-04-12T22:01:07.000Z","2437"
"tabm_REG_TEXT_BOOK_READABILITY_0","0.797922655904691","60","TabM Ⓜ️","0","ft","","n305","REG_TEXT_BOOK_READABILITY","2026-04-12T21:59:22.000Z","1842"
"cat_REG_TEXT_BOOK_READABILITY_0","0.8217647407401423","60","CatBoost 😸","0","ft","","n305","REG_TEXT_BOOK_READABILITY","2026-04-12T21:57:43.000Z","1923"
"light_REG_TEXT_BOOK_READABILITY_0","0.8185607257496359","60","LightGBM 💡","0","ft","","n309","REG_TEXT_BOOK_READABILITY","2026-04-12T21:47:36.000Z","1844"
"tabpfnv2p5_REG_TEXT_BOOK_PRICE_4","0.5310765722413517","60","TabPFN-v2p5 🇩🇪","4","ft","","n309","REG_TEXT_BOOK_PRICE","2026-04-12T21:40:57.000Z","1611"
"tabpfnv2_REG_TEXT_BOOK_PRICE_4","0.5013373973141664","60","TabPFN-v2 🤯","4","ft","","n306","REG_TEXT_BOOK_PRICE","2026-04-12T21:38:46.000Z","1637"
"tabm_REG_TEXT_BOOK_PRICE_4","0.5445651252215","60","TabM Ⓜ️","4","ft","","n305","REG_TEXT_BOOK_PRICE","2026-04-12T21:34:59.000Z","1457"
"cat_REG_TEXT_BOOK_PRICE_4","0.5431628754970197","60","CatBoost 😸","4","ft","","n306","REG_TEXT_BOOK_PRICE","2026-04-12T21:31:45.000Z","1527"
"light_REG_TEXT_BOOK_PRICE_4","0.5284171575642641","60","LightGBM 💡","4","ft","","n309","REG_TEXT_BOOK_PRICE","2026-04-12T21:28:04.000Z","1454"
"tabpfnv2p5_REG_TEXT_BOOK_PRICE_3","0.5624962105849369","60","TabPFN-v2p5 🇩🇪","3","ft","","n305","REG_TEXT_BOOK_PRICE","2026-04-12T21:24:37.000Z","2123"
"tabpfnv2_REG_TEXT_BOOK_PRICE_3","0.5254498732982373","60","TabPFN-v2 🤯","3","ft","","n305","REG_TEXT_BOOK_PRICE","2026-04-12T21:22:31.000Z","2145"
"tabm_REG_TEXT_BOOK_PRICE_3","0.5419246789653434","60","TabM Ⓜ️","3","ft","","n309","REG_TEXT_BOOK_PRICE","2026-04-12T21:21:28.000Z","1162"
"cat_REG_TEXT_BOOK_PRICE_3","0.5577263501789553","60","CatBoost 😸","3","ft","","n305","REG_TEXT_BOOK_PRICE","2026-04-12T21:17:44.000Z","1224"
"light_REG_TEXT_BOOK_PRICE_3","0.5396956287094612","60","LightGBM 💡","3","ft","","n305","REG_TEXT_BOOK_PRICE","2026-04-12T21:14:26.000Z","4804"
"tabpfnv2p5_REG_TEXT_BOOK_PRICE_2","0.5644892594883573","60","TabPFN-v2p5 🇩🇪","2","ft","","n305","REG_TEXT_BOOK_PRICE","2026-04-12T21:10:11.000Z","1413"
"tabpfnv2_REG_TEXT_BOOK_PRICE_2","0.523371660842584","60","TabPFN-v2 🤯","2","ft","","n305","REG_TEXT_BOOK_PRICE","2026-04-12T21:07:20.000Z","1373"
"tabm_REG_TEXT_BOOK_PRICE_2","0.5575529997695396","60","TabM Ⓜ️","2","ft","","n309","REG_TEXT_BOOK_PRICE","2026-04-12T21:02:06.000Z","1187"
"cat_REG_TEXT_BOOK_PRICE_2","0.5673353940276735","60","CatBoost 😸","2","ft","","n305","REG_TEXT_BOOK_PRICE","2026-04-12T20:59:42.000Z","1484"
"light_REG_TEXT_BOOK_PRICE_2","0.5475310326795433","60","LightGBM 💡","2","ft","","n305","REG_TEXT_BOOK_PRICE","2026-04-12T20:55:06.000Z","1160"
"tabpfnv2p5_REG_TEXT_BOOK_PRICE_1","0.5470301233495996","60","TabPFN-v2p5 🇩🇪","1","ft","","n309","REG_TEXT_BOOK_PRICE","2026-04-12T20:53:10.000Z","1803"
"tabpfnv2_REG_TEXT_BOOK_PRICE_1","0.5086728588225571","60","TabPFN-v2 🤯","1","ft","","n305","REG_TEXT_BOOK_PRICE","2026-04-12T20:51:04.000Z","1823"
"tabm_REG_TEXT_BOOK_PRICE_1","0.5824673937709164","60","TabM Ⓜ️","1","ft","","n305","REG_TEXT_BOOK_PRICE","2026-04-12T20:46:24.000Z","1418"
"cat_REG_TEXT_BOOK_PRICE_1","0.5873540286020499","60","CatBoost 😸","1","ft","","n305","REG_TEXT_BOOK_PRICE","2026-04-12T20:42:58.000Z","1456"
"light_REG_TEXT_BOOK_PRICE_1","0.5620417483330188","60","LightGBM 💡","1","ft","","n305","REG_TEXT_BOOK_PRICE","2026-04-12T20:36:22.000Z","1393"
"tabpfnv2p5_REG_TEXT_BOOK_PRICE_0","0.5633519110825542","60","TabPFN-v2p5 🇩🇪","0","ft","","n309","REG_TEXT_BOOK_PRICE","2026-04-12T20:32:01.000Z","1296"
"tabpfnv2_REG_TEXT_BOOK_PRICE_0","0.5375755492730097","60","TabPFN-v2 🤯","0","ft","","n305","REG_TEXT_BOOK_PRICE","2026-04-12T20:28:37.000Z","1308"
"tabm_REG_TEXT_BOOK_PRICE_0","0.5589315539320823","60","TabM Ⓜ️","0","ft","","n305","REG_TEXT_BOOK_PRICE","2026-04-12T20:26:19.000Z","1164"
"cat_REG_TEXT_BOOK_PRICE_0","0.5718861284154082","60","CatBoost 😸","0","ft","","n309","REG_TEXT_BOOK_PRICE","2026-04-12T20:23:20.000Z","1229"
"light_REG_TEXT_BOOK_PRICE_0","0.5686117033094495","60","LightGBM 💡","0","ft","","n305","REG_TEXT_BOOK_PRICE","2026-04-12T20:17:46.000Z","1159"
"tabpfnv2p5_REG_TEXT_BABIES_PRICES_4","0.9224691168680988","60","TabPFN-v2p5 🇩🇪","4","ft","","n309","REG_TEXT_BABIES_PRICES","2026-04-12T20:14:49.000Z","2788"
"tabpfnv2_REG_TEXT_BABIES_PRICES_4","0.8940548342575008","60","TabPFN-v2 🤯","4","ft","","n309","REG_TEXT_BABIES_PRICES","2026-04-12T20:06:19.000Z","2802"
"tabm_REG_TEXT_BABIES_PRICES_4","0.8815769729949058","60","TabM Ⓜ️","4","ft","","n309","REG_TEXT_BABIES_PRICES","2026-04-12T19:58:44.000Z","1807"
"cat_REG_TEXT_BABIES_PRICES_4","0.8663784022998365","60","CatBoost 😸","4","ft","","n305","REG_TEXT_BABIES_PRICES","2026-04-12T19:54:54.000Z","1880"
"light_REG_TEXT_BABIES_PRICES_4","0.8537609249926336","60","LightGBM 💡","4","ft","","n309","REG_TEXT_BABIES_PRICES","2026-04-12T19:46:07.000Z","5405"
"tabpfnv2p5_REG_TEXT_BABIES_PRICES_3","0.9206420257141804","60","TabPFN-v2p5 🇩🇪","3","ft","","n306","REG_TEXT_BABIES_PRICES","2026-04-12T19:43:16.000Z","2797"
"tabpfnv2_REG_TEXT_BABIES_PRICES_3","0.8910041526194816","60","TabPFN-v2 🤯","3","ft","","n306","REG_TEXT_BABIES_PRICES","2026-04-12T19:39:26.000Z","2802"
"tabm_REG_TEXT_BABIES_PRICES_3","0.8910695074153316","60","TabM Ⓜ️","3","ft","","n305","REG_TEXT_BABIES_PRICES","2026-04-12T19:34:07.000Z","2538"
"cat_REG_TEXT_BABIES_PRICES_3","0.8565963555532625","60","CatBoost 😸","3","ft","","n305","REG_TEXT_BABIES_PRICES","2026-04-12T19:30:18.000Z","2673"
"light_REG_TEXT_BABIES_PRICES_3","0.8578617376589753","60","LightGBM 💡","3","ft","","n309","REG_TEXT_BABIES_PRICES","2026-04-12T19:26:43.000Z","2511"
"tabpfnv2p5_REG_TEXT_BABIES_PRICES_2","0.9166420077580536","60","TabPFN-v2p5 🇩🇪","2","ft","","n305","REG_TEXT_BABIES_PRICES","2026-04-12T19:11:05.000Z","2789"
"tabpfnv2_REG_TEXT_BABIES_PRICES_2","0.8949268350680954","60","TabPFN-v2 🤯","2","ft","","n305","REG_TEXT_BABIES_PRICES","2026-04-12T19:04:17.000Z","2803"
"tabm_REG_TEXT_BABIES_PRICES_2","0.8972422152840176","60","TabM Ⓜ️","2","ft","","n305","REG_TEXT_BABIES_PRICES","2026-04-12T19:00:02.000Z","2596"
"cat_REG_TEXT_BABIES_PRICES_2","0.8894313826389229","60","CatBoost 😸","2","ft","","n306","REG_TEXT_BABIES_PRICES","2026-04-12T18:56:04.000Z","2596"
"light_REG_TEXT_BABIES_PRICES_2","0.8858858042743525","60","LightGBM 💡","2","ft","","n309","REG_TEXT_BABIES_PRICES","2026-04-12T18:50:17.000Z","2518"
"tabpfnv2p5_REG_TEXT_BABIES_PRICES_1","0.9572798520729874","60","TabPFN-v2p5 🇩🇪","1","ft","","n305","REG_TEXT_BABIES_PRICES","2026-04-12T18:43:44.000Z","2787"
"tabpfnv2_REG_TEXT_BABIES_PRICES_1","0.9247290174870072","60","TabPFN-v2 🤯","1","ft","","n309","REG_TEXT_BABIES_PRICES","2026-04-12T18:39:58.000Z","2800"
"tabm_REG_TEXT_BABIES_PRICES_1","0.948359401147328","60","TabM Ⓜ️","1","ft","","n309","REG_TEXT_BABIES_PRICES","2026-04-12T18:28:54.000Z","2528"
"cat_REG_TEXT_BABIES_PRICES_1","0.9401227800188464","60","CatBoost 😸","1","ft","","n305","REG_TEXT_BABIES_PRICES","2026-04-12T18:21:16.000Z","2573"
"light_REG_TEXT_BABIES_PRICES_1","0.9188170103150918","60","LightGBM 💡","1","ft","","n305","REG_TEXT_BABIES_PRICES","2026-04-12T18:16:15.000Z","2512"
"tabpfnv2p5_REG_TEXT_BABIES_PRICES_0","0.9335622400932668","60","TabPFN-v2p5 🇩🇪","0","ft","","n305","REG_TEXT_BABIES_PRICES","2026-04-12T18:09:36.000Z","2868"
"tabpfnv2_REG_TEXT_BABIES_PRICES_0","0.9105173520684516","60","TabPFN-v2 🤯","0","ft","","n306","REG_TEXT_BABIES_PRICES","2026-04-12T18:05:57.000Z","2812"
"tabm_REG_TEXT_BABIES_PRICES_0","0.9285413306988888","60","TabM Ⓜ️","0","ft","","n309","REG_TEXT_BABIES_PRICES","2026-04-12T18:03:59.000Z","2524"
"cat_REG_TEXT_BABIES_PRICES_0","0.9142479887104088","60","CatBoost 😸","0","ft","","n305","REG_TEXT_BABIES_PRICES","2026-04-12T18:00:48.000Z","2573"
"light_REG_TEXT_BABIES_PRICES_0","0.8979628132787845","60","LightGBM 💡","0","ft","","n309","REG_TEXT_BABIES_PRICES","2026-04-12T17:57:58.000Z","2514"
"tabpfnv2p5_MUL_TEXT_WOMEN_CLOTHING_REVIEW_4","0.9110557339105426","60","TabPFN-v2p5 🇩🇪","4","ft","","n309","MUL_TEXT_WOMEN_CLOTHING_REVIEW","2026-04-12T17:55:34.000Z","1728"
"tabpfnv2_MUL_TEXT_WOMEN_CLOTHING_REVIEW_4","0.9112774851922302","60","TabPFN-v2 🤯","4","ft","","n305","MUL_TEXT_WOMEN_CLOTHING_REVIEW","2026-04-12T17:51:56.000Z","1751"
"tabm_MUL_TEXT_WOMEN_CLOTHING_REVIEW_4","0.908209848202057","60","TabM Ⓜ️","4","ft","","n306","MUL_TEXT_WOMEN_CLOTHING_REVIEW","2026-04-12T17:49:14.000Z","998"
"cat_MUL_TEXT_WOMEN_CLOTHING_REVIEW_4","0.9045866383193296","60","CatBoost 😸","4","ft","","n306","MUL_TEXT_WOMEN_CLOTHING_REVIEW","2026-04-12T17:47:48.000Z","1043"
"light_MUL_TEXT_WOMEN_CLOTHING_REVIEW_4","0.897438097969909","60","LightGBM 💡","4","ft","","n305","MUL_TEXT_WOMEN_CLOTHING_REVIEW","2026-04-12T17:45:25.000Z","993"
"tabpfnv2p5_MUL_TEXT_WOMEN_CLOTHING_REVIEW_3","0.9079800154454836","60","TabPFN-v2p5 🇩🇪","3","ft","","n309","MUL_TEXT_WOMEN_CLOTHING_REVIEW","2026-04-12T17:40:43.000Z","1154"
"tabpfnv2_MUL_TEXT_WOMEN_CLOTHING_REVIEW_3","0.9075519006801894","60","TabPFN-v2 🤯","3","ft","","n309","MUL_TEXT_WOMEN_CLOTHING_REVIEW","2026-04-12T17:37:09.000Z","1163"
"tabm_MUL_TEXT_WOMEN_CLOTHING_REVIEW_3","0.9066019247317476","60","TabM Ⓜ️","3","ft","","n309","MUL_TEXT_WOMEN_CLOTHING_REVIEW","2026-04-12T17:34:11.000Z","940"
"cat_MUL_TEXT_WOMEN_CLOTHING_REVIEW_3","0.9028113173798562","60","CatBoost 😸","3","ft","","n305","MUL_TEXT_WOMEN_CLOTHING_REVIEW","2026-04-12T17:31:44.000Z","989"
"light_MUL_TEXT_WOMEN_CLOTHING_REVIEW_3","0.8969977209127791","60","LightGBM 💡","3","ft","","n309","MUL_TEXT_WOMEN_CLOTHING_REVIEW","2026-04-12T17:30:19.000Z","940"
"tabpfnv2p5_MUL_TEXT_WOMEN_CLOTHING_REVIEW_2","0.918885568599728","60","TabPFN-v2p5 🇩🇪","2","ft","","n306","MUL_TEXT_WOMEN_CLOTHING_REVIEW","2026-04-12T17:27:30.000Z","1213"
"tabpfnv2_MUL_TEXT_WOMEN_CLOTHING_REVIEW_2","0.9185560117838004","60","TabPFN-v2 🤯","2","ft","","n305","MUL_TEXT_WOMEN_CLOTHING_REVIEW","2026-04-12T17:24:58.000Z","1220"
"tabm_MUL_TEXT_WOMEN_CLOTHING_REVIEW_2","0.9168524135295928","60","TabM Ⓜ️","2","ft","","n305","MUL_TEXT_WOMEN_CLOTHING_REVIEW","2026-04-12T17:21:34.000Z","965"
"cat_MUL_TEXT_WOMEN_CLOTHING_REVIEW_2","0.915472655570602","60","CatBoost 😸","2","ft","","n309","MUL_TEXT_WOMEN_CLOTHING_REVIEW","2026-04-12T17:17:27.000Z","1001"
"light_MUL_TEXT_WOMEN_CLOTHING_REVIEW_2","0.9113762536877132","60","LightGBM 💡","2","ft","","n305","MUL_TEXT_WOMEN_CLOTHING_REVIEW","2026-04-12T17:15:22.000Z","977"
"tabpfnv2p5_MUL_TEXT_WOMEN_CLOTHING_REVIEW_1","0.9121773714268508","60","TabPFN-v2p5 🇩🇪","1","ft","","n309","MUL_TEXT_WOMEN_CLOTHING_REVIEW","2026-04-12T17:14:09.000Z","983"
"tabpfnv2_MUL_TEXT_WOMEN_CLOTHING_REVIEW_1","0.9127688146635426","60","TabPFN-v2 🤯","1","ft","","n305","MUL_TEXT_WOMEN_CLOTHING_REVIEW","2026-04-12T17:11:56.000Z","1011"
"tabm_MUL_TEXT_WOMEN_CLOTHING_REVIEW_1","0.9116015621665148","60","TabM Ⓜ️","1","ft","","n305","MUL_TEXT_WOMEN_CLOTHING_REVIEW","2026-04-12T17:09:04.000Z","1111"
"cat_MUL_TEXT_WOMEN_CLOTHING_REVIEW_1","0.9104464118169951","60","CatBoost 😸","1","ft","","n306","MUL_TEXT_WOMEN_CLOTHING_REVIEW","2026-04-12T17:06:11.000Z","1147"
"light_MUL_TEXT_WOMEN_CLOTHING_REVIEW_1","0.9035994170282476","60","LightGBM 💡","1","ft","","n309","MUL_TEXT_WOMEN_CLOTHING_REVIEW","2026-04-12T17:02:44.000Z","1095"
"tabpfnv2p5_MUL_TEXT_WOMEN_CLOTHING_REVIEW_0","0.9142409392499248","60","TabPFN-v2p5 🇩🇪","0","ft","","n305","MUL_TEXT_WOMEN_CLOTHING_REVIEW","2026-04-12T16:57:10.000Z","1156"
"tabpfnv2_MUL_TEXT_WOMEN_CLOTHING_REVIEW_0","0.9135567434085956","60","TabPFN-v2 🤯","0","ft","","n309","MUL_TEXT_WOMEN_CLOTHING_REVIEW","2026-04-12T16:55:19.000Z","1163"
"tabm_MUL_TEXT_WOMEN_CLOTHING_REVIEW_0","0.9123143751356904","60","TabM Ⓜ️","0","ft","","n305","MUL_TEXT_WOMEN_CLOTHING_REVIEW","2026-04-12T16:52:00.000Z","1018"
"cat_MUL_TEXT_WOMEN_CLOTHING_REVIEW_0","0.9122560328826792","60","CatBoost 😸","0","ft","","n305","MUL_TEXT_WOMEN_CLOTHING_REVIEW","2026-04-12T16:47:18.000Z","1045"
"light_MUL_TEXT_WOMEN_CLOTHING_REVIEW_0","0.9071885567877516","60","LightGBM 💡","0","ft","","n305","MUL_TEXT_WOMEN_CLOTHING_REVIEW","2026-04-12T16:31:06.000Z","992"
"tabm_MUL_TEXT_WINE_REVIEW_4","0.984855939923889","60","TabM Ⓜ️","4","ft","","n306","MUL_TEXT_WINE_REVIEW","2026-04-12T16:19:05.000Z","2822"
"cat_MUL_TEXT_WINE_REVIEW_4","0.9826913023183116","60","CatBoost 😸","4","ft","","n305","MUL_TEXT_WINE_REVIEW","2026-04-12T16:13:32.000Z","3497"
"light_MUL_TEXT_WINE_REVIEW_4","0.9776554840987084","60","LightGBM 💡","4","ft","","n309","MUL_TEXT_WINE_REVIEW","2026-04-12T16:09:11.000Z","2764"
"tabm_MUL_TEXT_WINE_REVIEW_3","0.9816106410611068","60","TabM Ⓜ️","3","ft","","n309","MUL_TEXT_WINE_REVIEW","2026-04-12T15:47:56.000Z","2108"
"cat_MUL_TEXT_WINE_REVIEW_3","0.9819679437330404","60","CatBoost 😸","3","ft","","n305","MUL_TEXT_WINE_REVIEW","2026-04-12T15:38:50.000Z","2945"
"light_MUL_TEXT_WINE_REVIEW_3","0.9758299957022276","60","LightGBM 💡","3","ft","","n309","MUL_TEXT_WINE_REVIEW","2026-04-12T15:33:51.000Z","2115"
"tabm_MUL_TEXT_WINE_REVIEW_2","0.9828364026361672","60","TabM Ⓜ️","2","ft","","n307","MUL_TEXT_WINE_REVIEW","2026-04-12T15:19:03.000Z","2651"
"cat_MUL_TEXT_WINE_REVIEW_2","0.9816746060044969","60","CatBoost 😸","2","ft","","n305","MUL_TEXT_WINE_REVIEW","2026-04-12T15:14:32.000Z","3206"
"light_MUL_TEXT_WINE_REVIEW_2","0.9737016416790112","60","LightGBM 💡","2","ft","","n309","MUL_TEXT_WINE_REVIEW","2026-04-12T15:08:17.000Z","2661"
"tabm_MUL_TEXT_WINE_REVIEW_1","0.982070308661388","60","TabM Ⓜ️","1","ft","","n309","MUL_TEXT_WINE_REVIEW","2026-04-12T14:37:08.000Z","2757"
"cat_MUL_TEXT_WINE_REVIEW_1","0.98149732351474","60","CatBoost 😸","1","ft","","n309","MUL_TEXT_WINE_REVIEW","2026-04-12T14:33:13.000Z","3377"
"light_MUL_TEXT_WINE_REVIEW_1","0.972472506493862","60","LightGBM 💡","1","ft","","n305","MUL_TEXT_WINE_REVIEW","2026-04-12T14:28:18.000Z","2768"
"tabm_MUL_TEXT_WINE_REVIEW_0","0.9825619550193871","60","TabM Ⓜ️","0","ft","","n305","MUL_TEXT_WINE_REVIEW","2026-04-12T13:49:12.000Z","2759"
"cat_MUL_TEXT_WINE_REVIEW_0","0.9797993553417396","60","CatBoost 😸","0","ft","","n305","MUL_TEXT_WINE_REVIEW","2026-04-12T13:45:17.000Z","3658"
"light_MUL_TEXT_WINE_REVIEW_0","0.9721521459666592","60","LightGBM 💡","0","ft","","n309","MUL_TEXT_WINE_REVIEW","2026-04-12T13:35:58.000Z","2760"
"tabpfnv2p5_MUL_TEXT_US_ACCIDENTS_4","0.989020727179087","60","TabPFN-v2p5 🇩🇪","4","ft","","n305","MUL_TEXT_US_ACCIDENTS","2026-04-12T13:31:20.000Z","3250"
"tabpfnv2_MUL_TEXT_US_ACCIDENTS_4","0.986547347358908","60","TabPFN-v2 🤯","4","ft","","n309","MUL_TEXT_US_ACCIDENTS","2026-04-12T13:21:59.000Z","6851"
"tabm_MUL_TEXT_US_ACCIDENTS_4","0.9544695027895652","60","TabM Ⓜ️","4","ft","","n309","MUL_TEXT_US_ACCIDENTS","2026-04-12T13:16:22.000Z","4938"
"cat_MUL_TEXT_US_ACCIDENTS_4","0.9830768316181638","60","CatBoost 😸","4","ft","","n309","MUL_TEXT_US_ACCIDENTS","2026-04-12T13:07:34.000Z","5134"
"light_MUL_TEXT_US_ACCIDENTS_4","0.9816200244250456","60","LightGBM 💡","4","ft","","n305","MUL_TEXT_US_ACCIDENTS","2026-04-12T13:01:21.000Z","4945"
"tabpfnv2p5_MUL_TEXT_US_ACCIDENTS_3","0.9797062625978264","60","TabPFN-v2p5 🇩🇪","3","ft","","n305","MUL_TEXT_US_ACCIDENTS","2026-04-12T12:52:34.000Z","3226"
"tabpfnv2_MUL_TEXT_US_ACCIDENTS_3","0.9785188592032708","60","TabPFN-v2 🤯","3","ft","","n307","MUL_TEXT_US_ACCIDENTS","2026-04-12T12:41:46.000Z","3241"
"tabm_MUL_TEXT_US_ACCIDENTS_3","0.9628907065172464","60","TabM Ⓜ️","3","ft","","n309","MUL_TEXT_US_ACCIDENTS","2026-04-12T12:18:27.000Z","4718"
"cat_MUL_TEXT_US_ACCIDENTS_3","0.9705769243812884","60","CatBoost 😸","3","ft","","n309","MUL_TEXT_US_ACCIDENTS","2026-04-12T11:58:00.000Z","4933"
"light_MUL_TEXT_US_ACCIDENTS_3","0.9723337814083476","60","LightGBM 💡","3","ft","","n309","MUL_TEXT_US_ACCIDENTS","2026-04-12T11:44:24.000Z","4719"
"tabpfnv2p5_MUL_TEXT_US_ACCIDENTS_2","0.9775765523128408","60","TabPFN-v2p5 🇩🇪","2","ft","","n309","MUL_TEXT_US_ACCIDENTS","2026-04-12T11:36:19.000Z","5999"
"tabpfnv2_MUL_TEXT_US_ACCIDENTS_2","0.9776366917706816","60","TabPFN-v2 🤯","2","ft","","n305","MUL_TEXT_US_ACCIDENTS","2026-04-12T11:28:11.000Z","6025"
"tabm_MUL_TEXT_US_ACCIDENTS_2","0.9643665941301652","60","TabM Ⓜ️","2","ft","","n305","MUL_TEXT_US_ACCIDENTS","2026-04-12T11:22:28.000Z","5403"
"cat_MUL_TEXT_US_ACCIDENTS_2","0.9751313195920364","60","CatBoost 😸","2","ft","","n309","MUL_TEXT_US_ACCIDENTS","2026-04-12T11:15:18.000Z","5585"
"light_MUL_TEXT_US_ACCIDENTS_2","0.9780410930597524","60","LightGBM 💡","2","ft","","n309","MUL_TEXT_US_ACCIDENTS","2026-04-12T10:48:16.000Z","5405"
"tabpfnv2p5_MUL_TEXT_US_ACCIDENTS_1","0.9806367352138194","60","TabPFN-v2p5 🇩🇪","1","ft","","n309","MUL_TEXT_US_ACCIDENTS","2026-04-12T10:33:42.000Z","4236"
"tabpfnv2_MUL_TEXT_US_ACCIDENTS_1","0.983606747399148","60","TabPFN-v2 🤯","1","ft","","n305","MUL_TEXT_US_ACCIDENTS","2026-04-12T10:24:57.000Z","7927"
"tabm_MUL_TEXT_US_ACCIDENTS_1","0.9621866460354044","60","TabM Ⓜ️","1","ft","","n309","MUL_TEXT_US_ACCIDENTS","2026-04-12T10:14:47.000Z","4714"
"cat_MUL_TEXT_US_ACCIDENTS_1","0.97875916505174","60","CatBoost 😸","1","ft","","n305","MUL_TEXT_US_ACCIDENTS","2026-04-12T10:02:45.000Z","4913"
"light_MUL_TEXT_US_ACCIDENTS_1","0.9672522588357764","60","LightGBM 💡","1","ft","","n309","MUL_TEXT_US_ACCIDENTS","2026-04-12T09:59:30.000Z","4715"
"tabpfnv2p5_MUL_TEXT_US_ACCIDENTS_0","0.9843704358905913","60","TabPFN-v2p5 🇩🇪","0","ft","","n305","MUL_TEXT_US_ACCIDENTS","2026-04-12T09:49:53.000Z","5764"
"tabpfnv2_MUL_TEXT_US_ACCIDENTS_0","0.9835781735991902","60","TabPFN-v2 🤯","0","ft","","n305","MUL_TEXT_US_ACCIDENTS","2026-04-12T09:35:51.000Z","5802"
"tabm_MUL_TEXT_US_ACCIDENTS_0","0.9809036634159842","60","TabM Ⓜ️","0","ft","","n305","MUL_TEXT_US_ACCIDENTS","2026-04-12T09:30:49.000Z","4058"
"cat_MUL_TEXT_US_ACCIDENTS_0","0.9828199379902338","60","CatBoost 😸","0","ft","","n305","MUL_TEXT_US_ACCIDENTS","2026-04-12T09:11:36.000Z","4259"
"light_MUL_TEXT_US_ACCIDENTS_0","0.9803364569663128","60","LightGBM 💡","0","ft","","n309","MUL_TEXT_US_ACCIDENTS","2026-04-12T08:57:35.000Z","4036"
"tabm_MUL_TEXT_SPOTIFY_GENRES_4","0.9633050619950916","60","TabM Ⓜ️","4","ft","","n309","MUL_TEXT_SPOTIFY_GENRES","2026-04-12T08:25:22.000Z","4113"
"cat_MUL_TEXT_SPOTIFY_GENRES_4","0.964950169639328","60","CatBoost 😸","4","ft","","n309","MUL_TEXT_SPOTIFY_GENRES","2026-04-12T08:13:16.000Z","8284"
"light_MUL_TEXT_SPOTIFY_GENRES_4","0.8994767600771402","60","LightGBM 💡","4","ft","","n309","MUL_TEXT_SPOTIFY_GENRES","2026-04-12T07:49:09.000Z","4169"
"tabm_MUL_TEXT_SPOTIFY_GENRES_3","0.9622907058049734","60","TabM Ⓜ️","3","ft","","n309","MUL_TEXT_SPOTIFY_GENRES","2026-04-12T07:21:27.000Z","4088"
"cat_MUL_TEXT_SPOTIFY_GENRES_3","0.9661371102973024","60","CatBoost 😸","3","ft","","n305","MUL_TEXT_SPOTIFY_GENRES","2026-04-12T07:07:32.000Z","7439"
"light_MUL_TEXT_SPOTIFY_GENRES_3","0.9028698844692008","60","LightGBM 💡","3","ft","","n305","MUL_TEXT_SPOTIFY_GENRES","2026-04-12T07:03:56.000Z","4167"
"tabm_MUL_TEXT_SPOTIFY_GENRES_2","0.9629875758112022","60","TabM Ⓜ️","2","ft","","n305","MUL_TEXT_SPOTIFY_GENRES","2026-04-12T06:19:16.000Z","4085"
"cat_MUL_TEXT_SPOTIFY_GENRES_2","0.9629636800823048","60","CatBoost 😸","2","ft","","n305","MUL_TEXT_SPOTIFY_GENRES","2026-04-12T06:02:55.000Z","7650"
"light_MUL_TEXT_SPOTIFY_GENRES_2","0.8963783536170538","60","LightGBM 💡","2","ft","","n309","MUL_TEXT_SPOTIFY_GENRES","2026-04-12T05:54:28.000Z","4169"
"tabm_MUL_TEXT_SPOTIFY_GENRES_1","0.9597504211288612","60","TabM Ⓜ️","1","ft","","n309","MUL_TEXT_SPOTIFY_GENRES","2026-04-12T05:42:08.000Z","4087"
"tabm_MUL_TEXT_SPOTIFY_GENRES_0","0.9631526206630752","60","TabM Ⓜ️","0","ft","","n309","MUL_TEXT_SPOTIFY_GENRES","2026-04-12T05:41:12.000Z","4084"
"cat_MUL_TEXT_SPOTIFY_GENRES_1","0.9612424964004816","60","CatBoost 😸","1","ft","","n309","MUL_TEXT_SPOTIFY_GENRES","2026-04-12T04:56:46.000Z","8790"
"light_MUL_TEXT_SPOTIFY_GENRES_1","0.8902655288866571","60","LightGBM 💡","1","ft","","n307","MUL_TEXT_SPOTIFY_GENRES","2026-04-12T04:39:43.000Z","4156"
"cat_MUL_TEXT_SPOTIFY_GENRES_0","0.9638351199683588","60","CatBoost 😸","0","ft","","n305","MUL_TEXT_SPOTIFY_GENRES","2026-04-12T04:32:10.000Z","8574"
"light_MUL_TEXT_SPOTIFY_GENRES_0","0.8979523010474165","60","LightGBM 💡","0","ft","","n305","MUL_TEXT_SPOTIFY_GENRES","2026-04-12T04:30:40.000Z","4164"
"tabpfnv2p5_MUL_TEXT_PRODUCT_SENTIMENT_4","0.913402134559888","60","TabPFN-v2p5 🇩🇪","4","ft","","n309","MUL_TEXT_PRODUCT_SENTIMENT","2026-04-12T04:29:41.000Z","329"
"tabpfnv2_MUL_TEXT_PRODUCT_SENTIMENT_4","0.914826837173155","60","TabPFN-v2 🤯","4","ft","","n305","MUL_TEXT_PRODUCT_SENTIMENT","2026-04-12T04:26:35.000Z","331"
"tabm_MUL_TEXT_PRODUCT_SENTIMENT_4","0.909913621129956","60","TabM Ⓜ️","4","ft","","n305","MUL_TEXT_PRODUCT_SENTIMENT","2026-04-12T04:25:03.000Z","438"
"cat_MUL_TEXT_PRODUCT_SENTIMENT_4","0.916982316644862","60","CatBoost 😸","4","ft","","n309","MUL_TEXT_PRODUCT_SENTIMENT","2026-04-12T04:24:13.000Z","444"
"light_MUL_TEXT_PRODUCT_SENTIMENT_4","0.9006078734540379","60","LightGBM 💡","4","ft","","n305","MUL_TEXT_PRODUCT_SENTIMENT","2026-04-12T04:23:03.000Z","429"
"tabpfnv2p5_MUL_TEXT_PRODUCT_SENTIMENT_3","0.9343477089506862","60","TabPFN-v2p5 🇩🇪","3","ft","","n309","MUL_TEXT_PRODUCT_SENTIMENT","2026-04-12T04:22:01.000Z","512"
"tabpfnv2_MUL_TEXT_PRODUCT_SENTIMENT_3","0.9361226557951416","60","TabPFN-v2 🤯","3","ft","","n307","MUL_TEXT_PRODUCT_SENTIMENT","2026-04-12T04:20:06.000Z","534"
"tabm_MUL_TEXT_PRODUCT_SENTIMENT_3","0.9370296484982764","60","TabM Ⓜ️","3","ft","","n305","MUL_TEXT_PRODUCT_SENTIMENT","2026-04-12T04:16:15.000Z","507"
"cat_MUL_TEXT_PRODUCT_SENTIMENT_3","0.9320857082094296","60","CatBoost 😸","3","ft","","n309","MUL_TEXT_PRODUCT_SENTIMENT","2026-04-12T04:15:00.000Z","549"
"light_MUL_TEXT_PRODUCT_SENTIMENT_3","0.9179176694772688","60","LightGBM 💡","3","ft","","n309","MUL_TEXT_PRODUCT_SENTIMENT","2026-04-12T04:13:53.000Z","506"
"tabpfnv2p5_MUL_TEXT_PRODUCT_SENTIMENT_2","0.922962313868434","60","TabPFN-v2p5 🇩🇪","2","ft","","n309","MUL_TEXT_PRODUCT_SENTIMENT","2026-04-12T04:13:03.000Z","484"
"tabpfnv2_MUL_TEXT_PRODUCT_SENTIMENT_2","0.9181487399554517","60","TabPFN-v2 🤯","2","ft","","n305","MUL_TEXT_PRODUCT_SENTIMENT","2026-04-12T04:11:56.000Z","442"
"tabm_MUL_TEXT_PRODUCT_SENTIMENT_2","0.917654933127064","60","TabM Ⓜ️","2","ft","","n305","MUL_TEXT_PRODUCT_SENTIMENT","2026-04-12T04:08:19.000Z","367"
"cat_MUL_TEXT_PRODUCT_SENTIMENT_2","0.9022807314025176","60","CatBoost 😸","2","ft","","n305","MUL_TEXT_PRODUCT_SENTIMENT","2026-04-12T04:06:47.000Z","394"
"light_MUL_TEXT_PRODUCT_SENTIMENT_2","0.914763207054947","60","LightGBM 💡","2","ft","","n305","MUL_TEXT_PRODUCT_SENTIMENT","2026-04-12T04:05:30.000Z","364"
"tabpfnv2p5_MUL_TEXT_PRODUCT_SENTIMENT_1","0.9385610778703596","60","TabPFN-v2p5 🇩🇪","1","ft","","n309","MUL_TEXT_PRODUCT_SENTIMENT","2026-04-12T04:04:09.000Z","555"
"tabpfnv2_MUL_TEXT_PRODUCT_SENTIMENT_1","0.92524635362324","60","TabPFN-v2 🤯","1","ft","","n309","MUL_TEXT_PRODUCT_SENTIMENT","2026-04-12T04:03:01.000Z","556"
"tabm_MUL_TEXT_PRODUCT_SENTIMENT_1","0.9191769911926188","60","TabM Ⓜ️","1","ft","","n307","MUL_TEXT_PRODUCT_SENTIMENT","2026-04-12T04:01:51.000Z","315"
"cat_MUL_TEXT_PRODUCT_SENTIMENT_1","0.92166563579965","60","CatBoost 😸","1","ft","","n305","MUL_TEXT_PRODUCT_SENTIMENT","2026-04-12T03:59:22.000Z","392"
"light_MUL_TEXT_PRODUCT_SENTIMENT_1","0.8995205474458523","60","LightGBM 💡","1","ft","","n309","MUL_TEXT_PRODUCT_SENTIMENT","2026-04-12T03:57:52.000Z","312"
"tabpfnv2p5_MUL_TEXT_PRODUCT_SENTIMENT_0","0.9180522817515644","60","TabPFN-v2p5 🇩🇪","0","ft","","n309","MUL_TEXT_PRODUCT_SENTIMENT","2026-04-12T03:55:20.000Z","417"
"tabpfnv2_MUL_TEXT_PRODUCT_SENTIMENT_0","0.9173803102932548","60","TabPFN-v2 🤯","0","ft","","n309","MUL_TEXT_PRODUCT_SENTIMENT","2026-04-12T03:52:59.000Z","418"
"tabm_MUL_TEXT_PRODUCT_SENTIMENT_0","0.8998110276770276","60","TabM Ⓜ️","0","ft","","n309","MUL_TEXT_PRODUCT_SENTIMENT","2026-04-12T03:50:48.000Z","419"
"cat_MUL_TEXT_PRODUCT_SENTIMENT_0","0.8928555767111723","60","CatBoost 😸","0","ft","","n305","MUL_TEXT_PRODUCT_SENTIMENT","2026-04-12T03:48:19.000Z","429"
"light_MUL_TEXT_PRODUCT_SENTIMENT_0","0.8715674688677562","60","LightGBM 💡","0","ft","","n305","MUL_TEXT_PRODUCT_SENTIMENT","2026-04-12T03:45:26.000Z","415"
"tabpfnv2p5_MUL_TEXT_MICHELIN_RESTAURANTS_4","0.9237570466067926","60","TabPFN-v2p5 🇩🇪","4","ft","","n309","MUL_TEXT_MICHELIN_RESTAURANTS","2026-04-12T03:42:53.000Z","3363"
"tabpfnv2_MUL_TEXT_MICHELIN_RESTAURANTS_4","0.921370345071168","60","TabPFN-v2 🤯","4","ft","","n309","MUL_TEXT_MICHELIN_RESTAURANTS","2026-04-12T03:34:14.000Z","3420"
"tabm_MUL_TEXT_MICHELIN_RESTAURANTS_4","0.9211952956666912","60","TabM Ⓜ️","4","ft","","n309","MUL_TEXT_MICHELIN_RESTAURANTS","2026-04-12T03:18:07.000Z","2893"
"cat_MUL_TEXT_MICHELIN_RESTAURANTS_4","0.9159049075924266","60","CatBoost 😸","4","ft","","n305","MUL_TEXT_MICHELIN_RESTAURANTS","2026-04-12T03:09:28.000Z","2991"
"light_MUL_TEXT_MICHELIN_RESTAURANTS_4","0.8852976144975143","60","LightGBM 💡","4","ft","","n305","MUL_TEXT_MICHELIN_RESTAURANTS","2026-04-12T03:00:23.000Z","2870"
"tabpfnv2p5_MUL_TEXT_MICHELIN_RESTAURANTS_3","0.9205902647405648","60","TabPFN-v2p5 🇩🇪","3","ft","","n307","MUL_TEXT_MICHELIN_RESTAURANTS","2026-04-12T02:52:43.000Z","2705"
"tabpfnv2_MUL_TEXT_MICHELIN_RESTAURANTS_3","0.9160165990873296","60","TabPFN-v2 🤯","3","ft","","n305","MUL_TEXT_MICHELIN_RESTAURANTS","2026-04-12T02:46:09.000Z","2707"
"tabm_MUL_TEXT_MICHELIN_RESTAURANTS_3","0.9174305571799432","60","TabM Ⓜ️","3","ft","","n309","MUL_TEXT_MICHELIN_RESTAURANTS","2026-04-12T02:42:28.000Z","4085"
"cat_MUL_TEXT_MICHELIN_RESTAURANTS_3","0.913913997815819","60","CatBoost 😸","3","ft","","n309","MUL_TEXT_MICHELIN_RESTAURANTS","2026-04-12T02:39:00.000Z","4211"
"light_MUL_TEXT_MICHELIN_RESTAURANTS_3","0.9038071891134616","60","LightGBM 💡","3","ft","","n305","MUL_TEXT_MICHELIN_RESTAURANTS","2026-04-12T02:28:22.000Z","7821"
"tabpfnv2p5_MUL_TEXT_MICHELIN_RESTAURANTS_2","0.9308288439154706","60","TabPFN-v2p5 🇩🇪","2","ft","","n305","MUL_TEXT_MICHELIN_RESTAURANTS","2026-04-12T02:14:42.000Z","3364"
"tabpfnv2_MUL_TEXT_MICHELIN_RESTAURANTS_2","0.9254596396107342","60","TabPFN-v2 🤯","2","ft","","n305","MUL_TEXT_MICHELIN_RESTAURANTS","2026-04-12T02:11:06.000Z","3453"
"tabm_MUL_TEXT_MICHELIN_RESTAURANTS_2","0.9255532569085446","60","TabM Ⓜ️","2","ft","","n305","MUL_TEXT_MICHELIN_RESTAURANTS","2026-04-12T02:05:51.000Z","2412"
"cat_MUL_TEXT_MICHELIN_RESTAURANTS_2","0.919243064189834","60","CatBoost 😸","2","ft","","n309","MUL_TEXT_MICHELIN_RESTAURANTS","2026-04-12T02:02:50.000Z","2545"
"light_MUL_TEXT_MICHELIN_RESTAURANTS_2","0.917585563131375","60","LightGBM 💡","2","ft","","n306","MUL_TEXT_MICHELIN_RESTAURANTS","2026-04-12T01:59:19.000Z","2413"
"tabpfnv2p5_MUL_TEXT_MICHELIN_RESTAURANTS_1","0.9213902520052052","60","TabPFN-v2p5 🇩🇪","1","ft","","n305","MUL_TEXT_MICHELIN_RESTAURANTS","2026-04-12T01:55:43.000Z","2620"
"tabpfnv2_MUL_TEXT_MICHELIN_RESTAURANTS_1","0.9139298160609624","60","TabPFN-v2 🤯","1","ft","","n309","MUL_TEXT_MICHELIN_RESTAURANTS","2026-04-12T01:49:50.000Z","2596"
"tabm_MUL_TEXT_MICHELIN_RESTAURANTS_1","0.9173480454352396","60","TabM Ⓜ️","1","ft","","n309","MUL_TEXT_MICHELIN_RESTAURANTS","2026-04-12T01:24:24.000Z","2412"
"cat_MUL_TEXT_MICHELIN_RESTAURANTS_1","0.9127045096443286","60","CatBoost 😸","1","ft","","n305","MUL_TEXT_MICHELIN_RESTAURANTS","2026-04-12T01:12:56.000Z","2534"
"light_MUL_TEXT_MICHELIN_RESTAURANTS_1","0.8788540839876624","60","LightGBM 💡","1","ft","","n305","MUL_TEXT_MICHELIN_RESTAURANTS","2026-04-12T01:08:27.000Z","2415"
"tabpfnv2p5_MUL_TEXT_MICHELIN_RESTAURANTS_0","0.9247051564414928","60","TabPFN-v2p5 🇩🇪","0","ft","","n309","MUL_TEXT_MICHELIN_RESTAURANTS","2026-04-12T01:05:28.000Z","3701"
"tabpfnv2_MUL_TEXT_MICHELIN_RESTAURANTS_0","0.9194377637301254","60","TabPFN-v2 🤯","0","ft","","n309","MUL_TEXT_MICHELIN_RESTAURANTS","2026-04-12T01:02:07.000Z","3728"
"tabm_MUL_TEXT_MICHELIN_RESTAURANTS_0","0.9202383242217872","60","TabM Ⓜ️","0","ft","","n305","MUL_TEXT_MICHELIN_RESTAURANTS","2026-04-12T00:57:07.000Z","3481"
"cat_MUL_TEXT_MICHELIN_RESTAURANTS_0","0.9207714190224252","60","CatBoost 😸","0","ft","","n309","MUL_TEXT_MICHELIN_RESTAURANTS","2026-04-12T00:54:43.000Z","3619"
"light_MUL_TEXT_MICHELIN_RESTAURANTS_0","0.9083104066427125","60","LightGBM 💡","0","ft","","n309","MUL_TEXT_MICHELIN_RESTAURANTS","2026-04-12T00:51:39.000Z","3481"
"tabpfnv2p5_MUL_TEXT_DATA_SCIENTIST_SALARY_4","0.8417055382887225","60","TabPFN-v2p5 🇩🇪","4","ft","","n309","MUL_TEXT_DATA_SCIENTIST_SALARY","2026-04-11T23:12:26.000Z","3497"
"tabpfnv2_MUL_TEXT_DATA_SCIENTIST_SALARY_4","0.8347591750889881","60","TabPFN-v2 🤯","4","ft","","n305","MUL_TEXT_DATA_SCIENTIST_SALARY","2026-04-11T23:06:13.000Z","3520"
"tabm_MUL_TEXT_DATA_SCIENTIST_SALARY_4","0.8406873051305435","60","TabM Ⓜ️","4","ft","","n309","MUL_TEXT_DATA_SCIENTIST_SALARY","2026-04-11T22:55:33.000Z","2639"
"cat_MUL_TEXT_DATA_SCIENTIST_SALARY_4","0.8308112451859536","60","CatBoost 😸","4","ft","","n305","MUL_TEXT_DATA_SCIENTIST_SALARY","2026-04-11T22:49:29.000Z","2842"
"light_MUL_TEXT_DATA_SCIENTIST_SALARY_4","0.8071866834468547","60","LightGBM 💡","4","ft","","n306","MUL_TEXT_DATA_SCIENTIST_SALARY","2026-04-11T22:39:15.000Z","2701"
"tabpfnv2p5_MUL_TEXT_DATA_SCIENTIST_SALARY_3","0.8388774713134692","60","TabPFN-v2p5 🇩🇪","3","ft","","n306","MUL_TEXT_DATA_SCIENTIST_SALARY","2026-04-11T22:33:33.000Z","3360"
"tabpfnv2_MUL_TEXT_DATA_SCIENTIST_SALARY_3","0.8341036840591315","60","TabPFN-v2 🤯","3","ft","","n306","MUL_TEXT_DATA_SCIENTIST_SALARY","2026-04-11T22:30:26.000Z","7112"
"tabm_MUL_TEXT_DATA_SCIENTIST_SALARY_3","0.8380094322132733","60","TabM Ⓜ️","3","ft","","n309","MUL_TEXT_DATA_SCIENTIST_SALARY","2026-04-11T22:26:14.000Z","2765"
"cat_MUL_TEXT_DATA_SCIENTIST_SALARY_3","0.828184535210679","60","CatBoost 😸","3","ft","","n307","MUL_TEXT_DATA_SCIENTIST_SALARY","2026-04-11T22:20:49.000Z","2851"
"light_MUL_TEXT_DATA_SCIENTIST_SALARY_3","0.8044090122993378","60","LightGBM 💡","3","ft","","n307","MUL_TEXT_DATA_SCIENTIST_SALARY","2026-04-11T22:16:23.000Z","2767"
"tabpfnv2p5_MUL_TEXT_DATA_SCIENTIST_SALARY_2","0.8407373202530248","60","TabPFN-v2p5 🇩🇪","2","ft","","n305","MUL_TEXT_DATA_SCIENTIST_SALARY","2026-04-11T21:54:10.000Z","3219"
"tabpfnv2_MUL_TEXT_DATA_SCIENTIST_SALARY_2","0.8311875564922508","60","TabPFN-v2 🤯","2","ft","","n305","MUL_TEXT_DATA_SCIENTIST_SALARY","2026-04-11T21:44:24.000Z","3234"
"tabm_MUL_TEXT_DATA_SCIENTIST_SALARY_2","0.8355861144000943","60","TabM Ⓜ️","2","ft","","n305","MUL_TEXT_DATA_SCIENTIST_SALARY","2026-04-11T21:40:34.000Z","2695"
"cat_MUL_TEXT_DATA_SCIENTIST_SALARY_2","0.8293499439787655","60","CatBoost 😸","2","ft","","n307","MUL_TEXT_DATA_SCIENTIST_SALARY","2026-04-11T21:35:19.000Z","2722"
"light_MUL_TEXT_DATA_SCIENTIST_SALARY_2","0.8086712264766093","60","LightGBM 💡","2","ft","","n305","MUL_TEXT_DATA_SCIENTIST_SALARY","2026-04-11T21:32:02.000Z","2644"
"tabpfnv2p5_MUL_TEXT_DATA_SCIENTIST_SALARY_1","0.8353431314145122","60","TabPFN-v2p5 🇩🇪","1","ft","","n306","MUL_TEXT_DATA_SCIENTIST_SALARY","2026-04-11T21:27:37.000Z","3766"
"tabpfnv2_MUL_TEXT_DATA_SCIENTIST_SALARY_1","0.8272876562104825","60","TabPFN-v2 🤯","1","ft","","n306","MUL_TEXT_DATA_SCIENTIST_SALARY","2026-04-11T21:17:52.000Z","3674"
"tabm_MUL_TEXT_DATA_SCIENTIST_SALARY_1","0.833357986052656","60","TabM Ⓜ️","1","ft","","n309","MUL_TEXT_DATA_SCIENTIST_SALARY","2026-04-11T21:05:00.000Z","2641"
"cat_MUL_TEXT_DATA_SCIENTIST_SALARY_1","0.8230241526414573","60","CatBoost 😸","1","ft","","n305","MUL_TEXT_DATA_SCIENTIST_SALARY","2026-04-11T20:58:13.000Z","2749"
"light_MUL_TEXT_DATA_SCIENTIST_SALARY_1","0.8084846296760816","60","LightGBM 💡","1","ft","","n307","MUL_TEXT_DATA_SCIENTIST_SALARY","2026-04-11T20:51:12.000Z","2640"
"tabpfnv2p5_MUL_TEXT_DATA_SCIENTIST_SALARY_0","0.8351955688988034","60","TabPFN-v2p5 🇩🇪","0","ft","","n306","MUL_TEXT_DATA_SCIENTIST_SALARY","2026-04-11T20:48:12.000Z","2801"
"tabpfnv2_MUL_TEXT_DATA_SCIENTIST_SALARY_0","0.8252899481380629","60","TabPFN-v2 🤯","0","ft","","n307","MUL_TEXT_DATA_SCIENTIST_SALARY","2026-04-11T20:45:01.000Z","2811"
"tabm_MUL_TEXT_DATA_SCIENTIST_SALARY_0","0.8333375940481708","60","TabM Ⓜ️","0","ft","","n306","MUL_TEXT_DATA_SCIENTIST_SALARY","2026-04-11T20:43:30.000Z","2643"
"cat_MUL_TEXT_DATA_SCIENTIST_SALARY_0","0.8244862572181622","60","CatBoost 😸","0","ft","","n306","MUL_TEXT_DATA_SCIENTIST_SALARY","2026-04-11T20:37:35.000Z","2757"
"light_MUL_TEXT_DATA_SCIENTIST_SALARY_0","0.7982184176689738","60","LightGBM 💡","0","ft","","n305","MUL_TEXT_DATA_SCIENTIST_SALARY","2026-04-11T20:33:03.000Z","2649"
"tabpfnv2p5_BIN_TEXT_KICKSTARTER_FUNDING_4","0.7388620174632353","60","TabPFN-v2p5 🇩🇪","4","ft","","n309","BIN_TEXT_KICKSTARTER_FUNDING","2026-04-11T20:29:50.000Z","1249"
"tabpfnv2_BIN_TEXT_KICKSTARTER_FUNDING_4","0.7302332261029413","60","TabPFN-v2 🤯","4","ft","","n309","BIN_TEXT_KICKSTARTER_FUNDING","2026-04-11T20:25:05.000Z","1271"
"tabm_BIN_TEXT_KICKSTARTER_FUNDING_4","0.7450792738970587","60","TabM Ⓜ️","4","ft","","n305","BIN_TEXT_KICKSTARTER_FUNDING","2026-04-11T20:21:39.000Z","1377"
"cat_BIN_TEXT_KICKSTARTER_FUNDING_4","0.7322277113970589","60","CatBoost 😸","4","ft","","n306","BIN_TEXT_KICKSTARTER_FUNDING","2026-04-11T20:19:55.000Z","1407"
"tabm_BIN_TEXT_KICKSTARTER_FUNDING_1","0.7374103860294119","60","TabM Ⓜ️","1","ft","","n309","BIN_TEXT_KICKSTARTER_FUNDING","2026-04-11T20:16:56.000Z","1377"
"light_BIN_TEXT_KICKSTARTER_FUNDING_4","0.7268554687500001","60","LightGBM 💡","4","ft","","n305","BIN_TEXT_KICKSTARTER_FUNDING","2026-04-11T20:13:43.000Z","1372"
"tabpfnv2p5_BIN_TEXT_KICKSTARTER_FUNDING_3","0.7511397058823528","60","TabPFN-v2p5 🇩🇪","3","ft","","n305","BIN_TEXT_KICKSTARTER_FUNDING","2026-04-11T20:10:11.000Z","1248"
"tabpfnv2_BIN_TEXT_KICKSTARTER_FUNDING_3","0.736787109375","60","TabPFN-v2 🤯","3","ft","","n307","BIN_TEXT_KICKSTARTER_FUNDING","2026-04-11T20:05:15.000Z","1292"
"tabm_BIN_TEXT_KICKSTARTER_FUNDING_3","0.7445990349264706","60","TabM Ⓜ️","3","ft","","n309","BIN_TEXT_KICKSTARTER_FUNDING","2026-04-11T20:02:01.000Z","1378"
"cat_BIN_TEXT_KICKSTARTER_FUNDING_3","0.7408363970588235","60","CatBoost 😸","3","ft","","n305","BIN_TEXT_KICKSTARTER_FUNDING","2026-04-11T19:57:41.000Z","1433"
"light_BIN_TEXT_KICKSTARTER_FUNDING_3","0.7280974264705882","60","LightGBM 💡","3","ft","","n306","BIN_TEXT_KICKSTARTER_FUNDING","2026-04-11T19:56:04.000Z","1427"
"tabpfnv2p5_BIN_TEXT_KICKSTARTER_FUNDING_2","0.7702734375","60","TabPFN-v2p5 🇩🇪","2","ft","","n309","BIN_TEXT_KICKSTARTER_FUNDING","2026-04-11T19:48:59.000Z","1674"
"tabpfnv2_BIN_TEXT_KICKSTARTER_FUNDING_2","0.7590688189338235","60","TabPFN-v2 🤯","2","ft","","n306","BIN_TEXT_KICKSTARTER_FUNDING","2026-04-11T19:42:35.000Z","1830"
"tabm_BIN_TEXT_KICKSTARTER_FUNDING_2","0.7708777573529412","60","TabM Ⓜ️","2","ft","","n305","BIN_TEXT_KICKSTARTER_FUNDING","2026-04-11T19:40:56.000Z","1253"
"cat_BIN_TEXT_KICKSTARTER_FUNDING_2","0.7634087775735293","60","CatBoost 😸","2","ft","","n306","BIN_TEXT_KICKSTARTER_FUNDING","2026-04-11T19:36:18.000Z","1284"
"light_BIN_TEXT_KICKSTARTER_FUNDING_2","0.7502941176470588","60","LightGBM 💡","2","ft","","n305","BIN_TEXT_KICKSTARTER_FUNDING","2026-04-11T19:35:04.000Z","1249"
"tabpfnv2p5_BIN_TEXT_KICKSTARTER_FUNDING_1","0.7459702435661765","60","TabPFN-v2p5 🇩🇪","1","ft","","n307","BIN_TEXT_KICKSTARTER_FUNDING","2026-04-11T19:32:39.000Z","1672"
"tabpfnv2_BIN_TEXT_KICKSTARTER_FUNDING_1","0.7361178768382353","60","TabPFN-v2 🤯","1","ft","","n307","BIN_TEXT_KICKSTARTER_FUNDING","2026-04-11T19:28:40.000Z","1693"
"cat_BIN_TEXT_KICKSTARTER_FUNDING_1","0.7356893382352941","60","CatBoost 😸","1","ft","","n305","BIN_TEXT_KICKSTARTER_FUNDING","2026-04-11T19:19:01.000Z","1405"
"light_BIN_TEXT_KICKSTARTER_FUNDING_1","0.7359478400735294","60","LightGBM 💡","1","ft","","n306","BIN_TEXT_KICKSTARTER_FUNDING","2026-04-11T19:13:20.000Z","1374"
"tabpfnv2p5_BIN_TEXT_KICKSTARTER_FUNDING_0","0.7546639476102941","60","TabPFN-v2p5 🇩🇪","0","ft","","n307","BIN_TEXT_KICKSTARTER_FUNDING","2026-04-11T19:11:45.000Z","1250"
"tabpfnv2_BIN_TEXT_KICKSTARTER_FUNDING_0","0.7465475643382353","60","TabPFN-v2 🤯","0","ft","","n309","BIN_TEXT_KICKSTARTER_FUNDING","2026-04-11T19:08:40.000Z","1270"
"tabm_BIN_TEXT_KICKSTARTER_FUNDING_0","0.7599172794117647","60","TabM Ⓜ️","0","ft","","n309","BIN_TEXT_KICKSTARTER_FUNDING","2026-04-11T19:06:39.000Z","1642"
"cat_BIN_TEXT_KICKSTARTER_FUNDING_0","0.7500229779411764","60","CatBoost 😸","0","ft","","n305","BIN_TEXT_KICKSTARTER_FUNDING","2026-04-11T19:02:41.000Z","1524"
"light_BIN_TEXT_KICKSTARTER_FUNDING_0","0.7519439338235294","60","LightGBM 💡","0","ft","","n305","BIN_TEXT_KICKSTARTER_FUNDING","2026-04-11T18:59:19.000Z","1499"
"tabpfnv2p5_BIN_TEXT_JIGSAW_TOXICITY_4","0.9479848635625624","60","TabPFN-v2p5 🇩🇪","4","ft","","n306","BIN_TEXT_JIGSAW_TOXICITY","2026-04-11T18:56:42.000Z","990"
"tabpfnv2_BIN_TEXT_JIGSAW_TOXICITY_4","0.9487290280905744","60","TabPFN-v2 🤯","4","ft","","n306","BIN_TEXT_JIGSAW_TOXICITY","2026-04-11T18:53:54.000Z","1029"
"tabm_BIN_TEXT_JIGSAW_TOXICITY_4","0.945887672619983","60","TabM Ⓜ️","4","ft","","n309","BIN_TEXT_JIGSAW_TOXICITY","2026-04-11T18:51:35.000Z","1017"
"cat_BIN_TEXT_JIGSAW_TOXICITY_4","0.942217042895302","60","CatBoost 😸","4","ft","","n305","BIN_TEXT_JIGSAW_TOXICITY","2026-04-11T18:49:25.000Z","1002"
"light_BIN_TEXT_JIGSAW_TOXICITY_4","0.938908675081618","60","LightGBM 💡","4","ft","","n305","BIN_TEXT_JIGSAW_TOXICITY","2026-04-11T18:48:27.000Z","990"
"tabpfnv2p5_BIN_TEXT_JIGSAW_TOXICITY_3","0.9419137031023586","60","TabPFN-v2p5 🇩🇪","3","ft","","n309","BIN_TEXT_JIGSAW_TOXICITY","2026-04-11T18:44:28.000Z","1068"
"tabpfnv2_BIN_TEXT_JIGSAW_TOXICITY_3","0.939094170638454","60","TabPFN-v2 🤯","3","ft","","n306","BIN_TEXT_JIGSAW_TOXICITY","2026-04-11T18:39:14.000Z","1079"
"tabm_BIN_TEXT_JIGSAW_TOXICITY_3","0.9420686464498332","60","TabM Ⓜ️","3","ft","","n306","BIN_TEXT_JIGSAW_TOXICITY","2026-04-11T18:35:38.000Z","996"
"cat_BIN_TEXT_JIGSAW_TOXICITY_3","0.93833691230643","60","CatBoost 😸","3","ft","","n309","BIN_TEXT_JIGSAW_TOXICITY","2026-04-11T18:33:18.000Z","1002"
"tabpfnv2_BIN_TEXT_JIGSAW_TOXICITY_1","0.9263604462368408","60","TabPFN-v2 🤯","1","ft","","n306","BIN_TEXT_JIGSAW_TOXICITY","2026-04-11T18:32:57.000Z","1057"
"light_BIN_TEXT_JIGSAW_TOXICITY_3","0.939532813072854","60","LightGBM 💡","3","ft","","n305","BIN_TEXT_JIGSAW_TOXICITY","2026-04-11T18:32:25.000Z","990"
"tabpfnv2p5_BIN_TEXT_JIGSAW_TOXICITY_2","0.9350307267934148","60","TabPFN-v2p5 🇩🇪","2","ft","","n305","BIN_TEXT_JIGSAW_TOXICITY","2026-04-11T18:30:00.000Z","1159"
"tabpfnv2_BIN_TEXT_JIGSAW_TOXICITY_2","0.9365757956668236","60","TabPFN-v2 🤯","2","ft","","n307","BIN_TEXT_JIGSAW_TOXICITY","2026-04-11T18:26:28.000Z","1168"
"tabm_BIN_TEXT_JIGSAW_TOXICITY_2","0.9321610014141308","60","TabM Ⓜ️","2","ft","","n309","BIN_TEXT_JIGSAW_TOXICITY","2026-04-11T18:23:46.000Z","780"
"cat_BIN_TEXT_JIGSAW_TOXICITY_2","0.9320649801847098","60","CatBoost 😸","2","ft","","n306","BIN_TEXT_JIGSAW_TOXICITY","2026-04-11T18:21:21.000Z","691"
"light_BIN_TEXT_JIGSAW_TOXICITY_2","0.9324054190890204","60","LightGBM 💡","2","ft","","n309","BIN_TEXT_JIGSAW_TOXICITY","2026-04-11T18:19:22.000Z","682"
"tabpfnv2p5_BIN_TEXT_JIGSAW_TOXICITY_1","0.9309323661376768","60","TabPFN-v2p5 🇩🇪","1","ft","","n305","BIN_TEXT_JIGSAW_TOXICITY","2026-04-11T18:17:11.000Z","1046"
"tabm_BIN_TEXT_JIGSAW_TOXICITY_1","0.932344314670298","60","TabM Ⓜ️","1","ft","","n309","BIN_TEXT_JIGSAW_TOXICITY","2026-04-11T18:12:17.000Z","684"
"cat_BIN_TEXT_JIGSAW_TOXICITY_1","0.91828593376281","60","CatBoost 😸","1","ft","","n306","BIN_TEXT_JIGSAW_TOXICITY","2026-04-11T18:09:46.000Z","691"
"light_BIN_TEXT_JIGSAW_TOXICITY_1","0.920385307006058","60","LightGBM 💡","1","ft","","n309","BIN_TEXT_JIGSAW_TOXICITY","2026-04-11T18:08:50.000Z","681"
"tabpfnv2p5_BIN_TEXT_JIGSAW_TOXICITY_0","0.9255595418914436","60","TabPFN-v2p5 🇩🇪","0","ft","","n306","BIN_TEXT_JIGSAW_TOXICITY","2026-04-11T18:05:57.000Z","1218"
"tabpfnv2_BIN_TEXT_JIGSAW_TOXICITY_0","0.92819794339985","60","TabPFN-v2 🤯","0","ft","","n305","BIN_TEXT_JIGSAW_TOXICITY","2026-04-11T18:04:38.000Z","1227"
"tabm_BIN_TEXT_JIGSAW_TOXICITY_0","0.916112362296828","60","TabM Ⓜ️","0","ft","","n309","BIN_TEXT_JIGSAW_TOXICITY","2026-04-11T18:00:47.000Z","683"
"cat_BIN_TEXT_JIGSAW_TOXICITY_0","0.9159159552366486","60","CatBoost 😸","0","ft","","n309","BIN_TEXT_JIGSAW_TOXICITY","2026-04-11T17:59:22.000Z","690"
"light_BIN_TEXT_JIGSAW_TOXICITY_0","0.911455332669914","60","LightGBM 💡","0","ft","","n309","BIN_TEXT_JIGSAW_TOXICITY","2026-04-11T17:53:28.000Z","681"
"tabpfnv2p5_BIN_TEXT_FAKE_JOB_POSTING_4","0.915486959586466","60","TabPFN-v2p5 🇩🇪","4","ft","","n306","BIN_TEXT_FAKE_JOB_POSTING","2026-04-11T17:47:24.000Z","1661"
"tabpfnv2_BIN_TEXT_FAKE_JOB_POSTING_4","0.8907498237781954","60","TabPFN-v2 🤯","4","ft","","n306","BIN_TEXT_FAKE_JOB_POSTING","2026-04-11T17:44:48.000Z","1657"
"tabm_BIN_TEXT_FAKE_JOB_POSTING_4","0.9309797932330828","60","TabM Ⓜ️","4","ft","","n305","BIN_TEXT_FAKE_JOB_POSTING","2026-04-11T17:41:28.000Z","1482"
"cat_BIN_TEXT_FAKE_JOB_POSTING_4","0.9048842810150376","60","CatBoost 😸","4","ft","","n305","BIN_TEXT_FAKE_JOB_POSTING","2026-04-11T17:38:20.000Z","1494"
"light_BIN_TEXT_FAKE_JOB_POSTING_4","0.9307888862781954","60","LightGBM 💡","4","ft","","n305","BIN_TEXT_FAKE_JOB_POSTING","2026-04-11T17:35:22.000Z","1474"
"tabpfnv2p5_BIN_TEXT_FAKE_JOB_POSTING_3","0.9492774906015038","60","TabPFN-v2p5 🇩🇪","3","ft","","n306","BIN_TEXT_FAKE_JOB_POSTING","2026-04-11T17:32:18.000Z","1639"
"tabpfnv2_BIN_TEXT_FAKE_JOB_POSTING_3","0.925296640037594","60","TabPFN-v2 🤯","3","ft","","n309","BIN_TEXT_FAKE_JOB_POSTING","2026-04-11T17:29:12.000Z","1677"
"tabm_BIN_TEXT_FAKE_JOB_POSTING_3","0.9441523731203008","60","TabM Ⓜ️","3","ft","","n307","BIN_TEXT_FAKE_JOB_POSTING","2026-04-11T17:26:54.000Z","1091"
"cat_BIN_TEXT_FAKE_JOB_POSTING_3","0.9061178336466164","60","CatBoost 😸","3","ft","","n309","BIN_TEXT_FAKE_JOB_POSTING","2026-04-11T17:22:31.000Z","1106"
"light_BIN_TEXT_FAKE_JOB_POSTING_3","0.9241952537593984","60","LightGBM 💡","3","ft","","n305","BIN_TEXT_FAKE_JOB_POSTING","2026-04-11T17:17:10.000Z","1087"
"tabpfnv2p5_BIN_TEXT_FAKE_JOB_POSTING_2","0.948704769736842","60","TabPFN-v2p5 🇩🇪","2","ft","","n305","BIN_TEXT_FAKE_JOB_POSTING","2026-04-11T17:13:41.000Z","1658"
"light_BIN_TEXT_FAKE_JOB_POSTING_1","0.8878348214285714","60","LightGBM 💡","1","ft","","n307","BIN_TEXT_FAKE_JOB_POSTING","2026-04-11T17:13:20.000Z","1470"
"tabpfnv2_BIN_TEXT_FAKE_JOB_POSTING_2","0.9446736959586466","60","TabPFN-v2 🤯","2","ft","","n305","BIN_TEXT_FAKE_JOB_POSTING","2026-04-11T17:04:58.000Z","1655"
"tabm_BIN_TEXT_FAKE_JOB_POSTING_2","0.9159568843984964","60","TabM Ⓜ️","2","ft","","n306","BIN_TEXT_FAKE_JOB_POSTING","2026-04-11T17:02:43.000Z","1502"
"cat_BIN_TEXT_FAKE_JOB_POSTING_2","0.9366923167293234","60","CatBoost 😸","2","ft","","n307","BIN_TEXT_FAKE_JOB_POSTING","2026-04-11T16:58:00.000Z","1486"
"light_BIN_TEXT_FAKE_JOB_POSTING_2","0.906763980263158","60","LightGBM 💡","2","ft","","n305","BIN_TEXT_FAKE_JOB_POSTING","2026-04-11T16:52:33.000Z","1471"
"tabpfnv2p5_BIN_TEXT_FAKE_JOB_POSTING_1","0.922594572368421","60","TabPFN-v2p5 🇩🇪","1","ft","","n306","BIN_TEXT_FAKE_JOB_POSTING","2026-04-11T16:48:02.000Z","1635"
"tabpfnv2_BIN_TEXT_FAKE_JOB_POSTING_1","0.9008311795112782","60","TabPFN-v2 🤯","1","ft","","n309","BIN_TEXT_FAKE_JOB_POSTING","2026-04-11T16:43:43.000Z","1655"
"tabm_BIN_TEXT_FAKE_JOB_POSTING_1","0.8992745535714286","60","TabM Ⓜ️","1","ft","","n306","BIN_TEXT_FAKE_JOB_POSTING","2026-04-11T16:40:45.000Z","1479"
"cat_BIN_TEXT_FAKE_JOB_POSTING_1","0.8752790178571429","60","CatBoost 😸","1","ft","","n309","BIN_TEXT_FAKE_JOB_POSTING","2026-04-11T16:37:17.000Z","1494"
"tabpfnv2p5_BIN_TEXT_FAKE_JOB_POSTING_0","0.9328815202067668","60","TabPFN-v2p5 🇩🇪","0","ft","","n307","BIN_TEXT_FAKE_JOB_POSTING","2026-04-11T16:30:21.000Z","1654"
"tabpfnv2_BIN_TEXT_FAKE_JOB_POSTING_0","0.9200026433270676","60","TabPFN-v2 🤯","0","ft","","n305","BIN_TEXT_FAKE_JOB_POSTING","2026-04-11T16:25:36.000Z","1786"
"tabm_BIN_TEXT_FAKE_JOB_POSTING_0","0.9269413768796992","60","TabM Ⓜ️","0","ft","","n309","BIN_TEXT_FAKE_JOB_POSTING","2026-04-11T16:21:37.000Z","1322"
"cat_BIN_TEXT_FAKE_JOB_POSTING_0","0.9283658364661654","60","CatBoost 😸","0","ft","","n305","BIN_TEXT_FAKE_JOB_POSTING","2026-04-11T16:19:53.000Z","1338"
"light_BIN_TEXT_FAKE_JOB_POSTING_0","0.9205533364661652","60","LightGBM 💡","0","ft","","n306","BIN_TEXT_FAKE_JOB_POSTING","2026-04-11T16:14:23.000Z","1322"
"tabpfnv2p5_REG_IMAGE_PAINTING_PRICE_4","0.3223824628108215","60","TabPFN-v2p5 🇩🇪","4","ft","","n307","REG_IMAGE_PAINTING_PRICE","2026-04-11T16:10:49.000Z","1629"
"tabpfnv2_REG_IMAGE_PAINTING_PRICE_4","0.28884926875752204","60","TabPFN-v2 🤯","4","ft","","n306","REG_IMAGE_PAINTING_PRICE","2026-04-11T16:04:39.000Z","1695"
"tabm_REG_IMAGE_PAINTING_PRICE_4","0.3635415543803606","60","TabM Ⓜ️","4","ft","","n305","REG_IMAGE_PAINTING_PRICE","2026-04-11T15:59:59.000Z","1512"
"cat_REG_IMAGE_PAINTING_PRICE_4","0.3638253887264463","60","CatBoost 😸","4","ft","","n305","REG_IMAGE_PAINTING_PRICE","2026-04-11T15:53:45.000Z","1523"
"light_REG_IMAGE_PAINTING_PRICE_4","0.30908458784555337","60","LightGBM 💡","4","ft","","n306","REG_IMAGE_PAINTING_PRICE","2026-04-11T15:48:58.000Z","1519"
"tabpfnv2p5_REG_IMAGE_PAINTING_PRICE_3","0.30587523013599716","60","TabPFN-v2p5 🇩🇪","3","ft","","n307","REG_IMAGE_PAINTING_PRICE","2026-04-11T15:43:34.000Z","1624"
"tabpfnv2_REG_IMAGE_PAINTING_PRICE_3","0.21214918792882995","60","TabPFN-v2 🤯","3","ft","","n309","REG_IMAGE_PAINTING_PRICE","2026-04-11T15:35:46.000Z","5248"
"tabm_REG_IMAGE_PAINTING_PRICE_3","0.23692404246916365","60","TabM Ⓜ️","3","ft","","n305","REG_IMAGE_PAINTING_PRICE","2026-04-11T15:31:39.000Z","1606"
"cat_REG_IMAGE_PAINTING_PRICE_3","0.26327836190100007","60","CatBoost 😸","3","ft","","n305","REG_IMAGE_PAINTING_PRICE","2026-04-11T15:24:56.000Z","1555"
"light_REG_IMAGE_PAINTING_PRICE_3","0.22479343049293832","60","LightGBM 💡","3","ft","","n306","REG_IMAGE_PAINTING_PRICE","2026-04-11T15:20:51.000Z","1585"
"tabpfnv2p5_REG_IMAGE_PAINTING_PRICE_2","0.2735930491493923","60","TabPFN-v2p5 🇩🇪","2","ft","","n309","REG_IMAGE_PAINTING_PRICE","2026-04-11T15:18:25.000Z","1643"
"tabpfnv2_REG_IMAGE_PAINTING_PRICE_2","0.2495111437788351","60","TabPFN-v2 🤯","2","ft","","n305","REG_IMAGE_PAINTING_PRICE","2026-04-11T15:08:30.000Z","1653"
"tabm_REG_IMAGE_PAINTING_PRICE_2","0.217536553176781","60","TabM Ⓜ️","2","ft","","n306","REG_IMAGE_PAINTING_PRICE","2026-04-11T15:04:45.000Z","8843"
"cat_REG_IMAGE_PAINTING_PRICE_2","0.2203495292230888","60","CatBoost 😸","2","ft","","n309","REG_IMAGE_PAINTING_PRICE","2026-04-11T14:57:43.000Z","1534"
"light_REG_IMAGE_PAINTING_PRICE_2","0.2208271494756835","60","LightGBM 💡","2","ft","","n306","REG_IMAGE_PAINTING_PRICE","2026-04-11T14:53:26.000Z","1514"
"tabpfnv2p5_REG_IMAGE_PAINTING_PRICE_1","0.35497842368894716","60","TabPFN-v2p5 🇩🇪","1","ft","","n306","REG_IMAGE_PAINTING_PRICE","2026-04-11T14:50:55.000Z","1653"
"tabpfnv2_REG_IMAGE_PAINTING_PRICE_1","0.2743204084302101","60","TabPFN-v2 🤯","1","ft","","n305","REG_IMAGE_PAINTING_PRICE","2026-04-11T14:40:38.000Z","1662"
"tabm_REG_IMAGE_PAINTING_PRICE_1","0.31677957452627736","60","TabM Ⓜ️","1","ft","","n306","REG_IMAGE_PAINTING_PRICE","2026-04-11T14:37:27.000Z","1525"
"cat_REG_IMAGE_PAINTING_PRICE_1","0.28966903729784566","60","CatBoost 😸","1","ft","","n309","REG_IMAGE_PAINTING_PRICE","2026-04-11T14:34:18.000Z","1552"
"light_REG_IMAGE_PAINTING_PRICE_1","0.2418436906089163","60","LightGBM 💡","1","ft","","n309","REG_IMAGE_PAINTING_PRICE","2026-04-11T14:28:11.000Z","1500"
"tabpfnv2p5_REG_IMAGE_PAINTING_PRICE_0","0.45023481435543666","60","TabPFN-v2p5 🇩🇪","0","ft","","n306","REG_IMAGE_PAINTING_PRICE","2026-04-11T14:21:20.000Z","1676"
"tabpfnv2_REG_IMAGE_PAINTING_PRICE_0","0.4053783583464805","60","TabPFN-v2 🤯","0","ft","","n305","REG_IMAGE_PAINTING_PRICE","2026-04-11T14:11:00.000Z","1691"
"tabm_REG_IMAGE_PAINTING_PRICE_0","0.4118048400697608","60","TabM Ⓜ️","0","ft","","n306","REG_IMAGE_PAINTING_PRICE","2026-04-11T14:07:47.000Z","1635"
"cat_REG_IMAGE_PAINTING_PRICE_0","0.34896768964329217","60","CatBoost 😸","0","ft","","n307","REG_IMAGE_PAINTING_PRICE","2026-04-11T14:06:03.000Z","1569"
"light_REG_IMAGE_PAINTING_PRICE_0","0.30091090385193386","60","LightGBM 💡","0","ft","","n309","REG_IMAGE_PAINTING_PRICE","2026-04-11T14:04:27.000Z","1557"
"tabpfnv2p5_REG_IMAGE_MKPHOTO_BOTS_4","0.3752446570235718","60","TabPFN-v2p5 🇩🇪","4","ft","","n305","REG_IMAGE_MKPHOTO_BOTS","2026-04-11T14:02:46.000Z","484"
"tabpfnv2_REG_IMAGE_MKPHOTO_BOTS_4","0.36584718281188777","60","TabPFN-v2 🤯","4","ft","","n306","REG_IMAGE_MKPHOTO_BOTS","2026-04-11T14:01:16.000Z","4194"
"tabm_REG_IMAGE_MKPHOTO_BOTS_4","0.3922864953704799","60","TabM Ⓜ️","4","ft","","n305","REG_IMAGE_MKPHOTO_BOTS","2026-04-11T13:59:04.000Z","506"
"cat_REG_IMAGE_MKPHOTO_BOTS_4","0.39552523841041154","60","CatBoost 😸","4","ft","","n307","REG_IMAGE_MKPHOTO_BOTS","2026-04-11T13:56:00.000Z","497"
"light_REG_IMAGE_MKPHOTO_BOTS_4","0.3614551639244552","60","LightGBM 💡","4","ft","","n309","REG_IMAGE_MKPHOTO_BOTS","2026-04-11T13:55:28.000Z","530"
"tabpfnv2p5_REG_IMAGE_MKPHOTO_BOTS_3","0.3917993872968501","60","TabPFN-v2p5 🇩🇪","3","ft","","n305","REG_IMAGE_MKPHOTO_BOTS","2026-04-11T13:52:21.000Z","644"
"tabpfnv2_REG_IMAGE_MKPHOTO_BOTS_3","0.34938104378459856","60","TabPFN-v2 🤯","3","ft","","n306","REG_IMAGE_MKPHOTO_BOTS","2026-04-11T13:50:47.000Z","671"
"tabm_REG_IMAGE_MKPHOTO_BOTS_3","0.4069393254934577","60","TabM Ⓜ️","3","ft","","n306","REG_IMAGE_MKPHOTO_BOTS","2026-04-11T13:48:40.000Z","627"
"cat_REG_IMAGE_MKPHOTO_BOTS_3","0.3798057372498672","60","CatBoost 😸","3","ft","","n309","REG_IMAGE_MKPHOTO_BOTS","2026-04-11T13:47:43.000Z","612"
"light_REG_IMAGE_MKPHOTO_BOTS_3","0.35078173078786945","60","LightGBM 💡","3","ft","","n309","REG_IMAGE_MKPHOTO_BOTS","2026-04-11T13:45:32.000Z","588"
"tabpfnv2p5_REG_IMAGE_MKPHOTO_BOTS_2","0.36035259334932546","60","TabPFN-v2p5 🇩🇪","2","ft","","n305","REG_IMAGE_MKPHOTO_BOTS","2026-04-11T13:44:48.000Z","571"
"tabpfnv2_REG_IMAGE_MKPHOTO_BOTS_2","0.3420246211478072","60","TabPFN-v2 🤯","2","ft","","n309","REG_IMAGE_MKPHOTO_BOTS","2026-04-11T13:42:31.000Z","4294"
"tabm_REG_IMAGE_MKPHOTO_BOTS_2","0.34999146202863685","60","TabM Ⓜ️","2","ft","","n305","REG_IMAGE_MKPHOTO_BOTS","2026-04-11T13:41:21.000Z","440"
"cat_REG_IMAGE_MKPHOTO_BOTS_2","0.3854614499197113","60","CatBoost 😸","2","ft","","n306","REG_IMAGE_MKPHOTO_BOTS","2026-04-11T13:40:31.000Z","471"
"light_REG_IMAGE_MKPHOTO_BOTS_2","0.34809079666580234","60","LightGBM 💡","2","ft","","n309","REG_IMAGE_MKPHOTO_BOTS","2026-04-11T13:37:59.000Z","4074"
"tabpfnv2p5_REG_IMAGE_MKPHOTO_BOTS_1","0.39723069204984074","60","TabPFN-v2p5 🇩🇪","1","ft","","n307","REG_IMAGE_MKPHOTO_BOTS","2026-04-11T13:36:44.000Z","452"
"tabpfnv2_REG_IMAGE_MKPHOTO_BOTS_1","0.3727884303488882","60","TabPFN-v2 🤯","1","ft","","n306","REG_IMAGE_MKPHOTO_BOTS","2026-04-11T13:36:05.000Z","523"
"tabm_REG_IMAGE_MKPHOTO_BOTS_1","0.3730526418989557","60","TabM Ⓜ️","1","ft","","n305","REG_IMAGE_MKPHOTO_BOTS","2026-04-11T13:33:54.000Z","423"
"cat_REG_IMAGE_MKPHOTO_BOTS_1","0.3877364872852497","60","CatBoost 😸","1","ft","","n309","REG_IMAGE_MKPHOTO_BOTS","2026-04-11T13:32:07.000Z","483"
"light_REG_IMAGE_MKPHOTO_BOTS_1","0.3518899279497272","60","LightGBM 💡","1","ft","","n305","REG_IMAGE_MKPHOTO_BOTS","2026-04-11T13:31:00.000Z","4072"
"tabpfnv2p5_REG_IMAGE_MKPHOTO_BOTS_0","0.38013397664662","60","TabPFN-v2p5 🇩🇪","0","ft","","n305","REG_IMAGE_MKPHOTO_BOTS","2026-04-11T13:28:58.000Z","502"
"tabpfnv2_REG_IMAGE_MKPHOTO_BOTS_0","0.3767921793256704","60","TabPFN-v2 🤯","0","ft","","n305","REG_IMAGE_MKPHOTO_BOTS","2026-04-11T13:27:47.000Z","524"
"tabm_REG_IMAGE_MKPHOTO_BOTS_0","0.3494395599968648","60","TabM Ⓜ️","0","ft","","n305","REG_IMAGE_MKPHOTO_BOTS","2026-04-11T13:26:27.000Z","457"
"cat_REG_IMAGE_MKPHOTO_BOTS_0","0.3541630148674453","60","CatBoost 😸","0","ft","","n307","REG_IMAGE_MKPHOTO_BOTS","2026-04-11T13:25:11.000Z","420"
"light_REG_IMAGE_MKPHOTO_BOTS_0","0.31847930091362864","60","LightGBM 💡","0","ft","","n309","REG_IMAGE_MKPHOTO_BOTS","2026-04-11T13:24:31.000Z","428"
"tabpfnv2p5_REG_IMAGE_MANGO_MASS_4","0.7366242184445102","60","TabPFN-v2p5 🇩🇪","4","ft","","n309","REG_IMAGE_MANGO_MASS","2026-04-11T13:24:07.000Z","146"
"tabpfnv2_REG_IMAGE_MANGO_MASS_4","0.7723279734428905","60","TabPFN-v2 🤯","4","ft","","n305","REG_IMAGE_MANGO_MASS","2026-04-11T13:23:48.000Z","148"
"tabm_REG_IMAGE_MANGO_MASS_4","0.7450449879567005","60","TabM Ⓜ️","4","ft","","n307","REG_IMAGE_MANGO_MASS","2026-04-11T13:23:29.000Z","101"
"cat_REG_IMAGE_MANGO_MASS_4","0.7677693038620029","60","CatBoost 😸","4","ft","","n309","REG_IMAGE_MANGO_MASS","2026-04-11T13:22:54.000Z","119"
"light_REG_IMAGE_MANGO_MASS_4","0.6839700834325475","60","LightGBM 💡","4","ft","","n306","REG_IMAGE_MANGO_MASS","2026-04-11T13:22:17.000Z","7367"
"tabpfnv2p5_REG_IMAGE_MANGO_MASS_3","0.6728584921993521","60","TabPFN-v2p5 🇩🇪","3","ft","","n309","REG_IMAGE_MANGO_MASS","2026-04-11T13:21:56.000Z","129"
"tabpfnv2_REG_IMAGE_MANGO_MASS_3","0.6806997729738752","60","TabPFN-v2 🤯","3","ft","","n305","REG_IMAGE_MANGO_MASS","2026-04-11T13:21:34.000Z","135"
"tabm_REG_IMAGE_MANGO_MASS_3","0.6636669801715832","60","TabM Ⓜ️","3","ft","","n306","REG_IMAGE_MANGO_MASS","2026-04-11T13:21:17.000Z","135"
"cat_REG_IMAGE_MANGO_MASS_3","0.675254949516072","60","CatBoost 😸","3","ft","","n306","REG_IMAGE_MANGO_MASS","2026-04-11T13:20:57.000Z","141"
"light_REG_IMAGE_MANGO_MASS_3","0.6577232020774224","60","LightGBM 💡","3","ft","","n309","REG_IMAGE_MANGO_MASS","2026-04-11T13:20:33.000Z","135"
"tabpfnv2p5_REG_IMAGE_MANGO_MASS_2","0.6311343979960006","60","TabPFN-v2p5 🇩🇪","2","ft","","n309","REG_IMAGE_MANGO_MASS","2026-04-11T13:20:21.000Z","89"
"tabpfnv2_REG_IMAGE_MANGO_MASS_2","0.6495127178263745","60","TabPFN-v2 🤯","2","ft","","n306","REG_IMAGE_MANGO_MASS","2026-04-11T13:19:56.000Z","88"
"tabm_REG_IMAGE_MANGO_MASS_2","0.6552684214970949","60","TabM Ⓜ️","2","ft","","n309","REG_IMAGE_MANGO_MASS","2026-04-11T13:19:33.000Z","102"
"cat_REG_IMAGE_MANGO_MASS_2","0.6645959130625627","60","CatBoost 😸","2","ft","","n305","REG_IMAGE_MANGO_MASS","2026-04-11T13:19:02.000Z","119"
"light_REG_IMAGE_MANGO_MASS_2","0.6694216630516427","60","LightGBM 💡","2","ft","","n306","REG_IMAGE_MANGO_MASS","2026-04-11T13:18:37.000Z","100"
"tabpfnv2p5_REG_IMAGE_MANGO_MASS_1","0.6804493233294728","60","TabPFN-v2p5 🇩🇪","1","ft","","n305","REG_IMAGE_MANGO_MASS","2026-04-11T13:18:23.000Z","130"
"tabpfnv2_REG_IMAGE_MANGO_MASS_1","0.6725687014935371","60","TabPFN-v2 🤯","1","ft","","n305","REG_IMAGE_MANGO_MASS","2026-04-11T13:17:56.000Z","133"
"tabm_REG_IMAGE_MANGO_MASS_1","0.6805970929831215","60","TabM Ⓜ️","1","ft","","n307","REG_IMAGE_MANGO_MASS","2026-04-11T13:17:29.000Z","196"
"cat_REG_IMAGE_MANGO_MASS_1","0.5992221077912929","60","CatBoost 😸","1","ft","","n309","REG_IMAGE_MANGO_MASS","2026-04-11T13:16:51.000Z","158"
"light_REG_IMAGE_MANGO_MASS_1","0.6496806510919533","60","LightGBM 💡","1","ft","","n305","REG_IMAGE_MANGO_MASS","2026-04-11T13:16:20.000Z","157"
"tabpfnv2p5_REG_IMAGE_MANGO_MASS_0","0.7096484350040082","60","TabPFN-v2p5 🇩🇪","0","ft","","n305","REG_IMAGE_MANGO_MASS","2026-04-11T13:15:40.000Z","155"
"tabpfnv2_REG_IMAGE_MANGO_MASS_0","0.7064707112460811","60","TabPFN-v2 🤯","0","ft","","n307","REG_IMAGE_MANGO_MASS","2026-04-11T13:15:01.000Z","3856"
"tabm_REG_IMAGE_MANGO_MASS_0","0.625173645202439","60","TabM Ⓜ️","0","ft","","n309","REG_IMAGE_MANGO_MASS","2026-04-11T13:14:37.000Z","113"
"cat_REG_IMAGE_MANGO_MASS_0","0.5718152727355491","60","CatBoost 😸","0","ft","","n307","REG_IMAGE_MANGO_MASS","2026-04-11T13:13:16.000Z","3811"
"light_REG_IMAGE_MANGO_MASS_0","0.5766497413351499","60","LightGBM 💡","0","ft","","n309","REG_IMAGE_MANGO_MASS","2026-04-11T13:12:19.000Z","189"
"tabpfnv2p5_REG_IMAGE_LETTERBOXD_MOVIES_4","0.4971779067474216","60","TabPFN-v2p5 🇩🇪","4","ft","","n306","REG_IMAGE_LETTERBOXD_MOVIES","2026-04-11T13:09:34.000Z","533"
"tabpfnv2_REG_IMAGE_LETTERBOXD_MOVIES_4","0.477768744010713","60","TabPFN-v2 🤯","4","ft","","n306","REG_IMAGE_LETTERBOXD_MOVIES","2026-04-11T13:08:04.000Z","577"
"tabm_REG_IMAGE_LETTERBOXD_MOVIES_4","0.4921608627045754","60","TabM Ⓜ️","4","ft","","n307","REG_IMAGE_LETTERBOXD_MOVIES","2026-04-11T13:04:02.000Z","4117"
"cat_REG_IMAGE_LETTERBOXD_MOVIES_4","0.4533632439302129","60","CatBoost 😸","4","ft","","n305","REG_IMAGE_LETTERBOXD_MOVIES","2026-04-11T13:02:57.000Z","648"
"light_REG_IMAGE_LETTERBOXD_MOVIES_4","0.4429222195347","60","LightGBM 💡","4","ft","","n306","REG_IMAGE_LETTERBOXD_MOVIES","2026-04-11T13:00:33.000Z","559"
"tabpfnv2p5_REG_IMAGE_LETTERBOXD_MOVIES_3","0.5172656240646119","60","TabPFN-v2p5 🇩🇪","3","ft","","n309","REG_IMAGE_LETTERBOXD_MOVIES","2026-04-11T12:59:46.000Z","690"
"tabpfnv2_REG_IMAGE_LETTERBOXD_MOVIES_3","0.5025033183766252","60","TabPFN-v2 🤯","3","ft","","n306","REG_IMAGE_LETTERBOXD_MOVIES","2026-04-11T12:57:06.000Z","652"
"tabm_REG_IMAGE_LETTERBOXD_MOVIES_3","0.505495556094016","60","TabM Ⓜ️","3","ft","","n307","REG_IMAGE_LETTERBOXD_MOVIES","2026-04-11T12:54:58.000Z","476"
"cat_REG_IMAGE_LETTERBOXD_MOVIES_3","0.46372230811660253","60","CatBoost 😸","3","ft","","n305","REG_IMAGE_LETTERBOXD_MOVIES","2026-04-11T12:53:43.000Z","545"
"light_REG_IMAGE_LETTERBOXD_MOVIES_3","0.4737440347941455","60","LightGBM 💡","3","ft","","n305","REG_IMAGE_LETTERBOXD_MOVIES","2026-04-11T12:51:11.000Z","518"
"tabpfnv2p5_REG_IMAGE_LETTERBOXD_MOVIES_2","0.45160172940473753","60","TabPFN-v2p5 🇩🇪","2","ft","","n309","REG_IMAGE_LETTERBOXD_MOVIES","2026-04-11T12:49:08.000Z","581"
"tabpfnv2_REG_IMAGE_LETTERBOXD_MOVIES_2","0.4320930223651125","60","TabPFN-v2 🤯","2","ft","","n307","REG_IMAGE_LETTERBOXD_MOVIES","2026-04-11T12:45:57.000Z","584"
"tabm_REG_IMAGE_LETTERBOXD_MOVIES_2","0.4529409667291733","60","TabM Ⓜ️","2","ft","","n306","REG_IMAGE_LETTERBOXD_MOVIES","2026-04-11T12:45:03.000Z","531"
"cat_REG_IMAGE_LETTERBOXD_MOVIES_2","0.42459817021132706","60","CatBoost 😸","2","ft","","n309","REG_IMAGE_LETTERBOXD_MOVIES","2026-04-11T12:43:33.000Z","601"
"light_REG_IMAGE_LETTERBOXD_MOVIES_2","0.402594051025982","60","LightGBM 💡","2","ft","","n306","REG_IMAGE_LETTERBOXD_MOVIES","2026-04-11T12:40:40.000Z","459"
"tabpfnv2p5_REG_IMAGE_LETTERBOXD_MOVIES_1","0.44528755623836824","60","TabPFN-v2p5 🇩🇪","1","ft","","n306","REG_IMAGE_LETTERBOXD_MOVIES","2026-04-11T12:39:21.000Z","527"
"tabpfnv2_REG_IMAGE_LETTERBOXD_MOVIES_1","0.4228642698290732","60","TabPFN-v2 🤯","1","ft","","n305","REG_IMAGE_LETTERBOXD_MOVIES","2026-04-11T12:37:53.000Z","547"
"tabm_REG_IMAGE_LETTERBOXD_MOVIES_1","0.4418009082091009","60","TabM Ⓜ️","1","ft","","n305","REG_IMAGE_LETTERBOXD_MOVIES","2026-04-11T12:34:52.000Z","503"
"cat_REG_IMAGE_LETTERBOXD_MOVIES_1","0.41060036713245873","60","CatBoost 😸","1","ft","","n309","REG_IMAGE_LETTERBOXD_MOVIES","2026-04-11T12:31:49.000Z","602"
"light_REG_IMAGE_LETTERBOXD_MOVIES_1","0.40538856360899667","60","LightGBM 💡","1","ft","","n306","REG_IMAGE_LETTERBOXD_MOVIES","2026-04-11T12:31:10.000Z","561"
"tabpfnv2p5_REG_IMAGE_LETTERBOXD_MOVIES_0","0.5185397562785448","60","TabPFN-v2p5 🇩🇪","0","ft","","n309","REG_IMAGE_LETTERBOXD_MOVIES","2026-04-11T12:29:31.000Z","613"
"tabpfnv2_REG_IMAGE_LETTERBOXD_MOVIES_0","0.5077761414008277","60","TabPFN-v2 🤯","0","ft","","n306","REG_IMAGE_LETTERBOXD_MOVIES","2026-04-11T12:24:23.000Z","687"
"tabm_REG_IMAGE_LETTERBOXD_MOVIES_0","0.5068783597643254","60","TabM Ⓜ️","0","ft","","n309","REG_IMAGE_LETTERBOXD_MOVIES","2026-04-11T12:22:51.000Z","532"
"cat_REG_IMAGE_LETTERBOXD_MOVIES_0","0.4700729839241786","60","CatBoost 😸","0","ft","","n306","REG_IMAGE_LETTERBOXD_MOVIES","2026-04-11T12:22:31.000Z","612"
"light_REG_IMAGE_LETTERBOXD_MOVIES_0","0.4838142775566181","60","LightGBM 💡","0","ft","","n306","REG_IMAGE_LETTERBOXD_MOVIES","2026-04-11T12:21:16.000Z","594"
"tabpfnv2p5_REG_IMAGE_KHAADI_CLOTHES_4","0.9643941521644592","60","TabPFN-v2p5 🇩🇪","4","ft","","n307","REG_IMAGE_KHAADI_CLOTHES","2026-04-11T12:20:59.000Z","192"
"tabpfnv2_REG_IMAGE_KHAADI_CLOTHES_4","0.9264051914215088","60","TabPFN-v2 🤯","4","ft","","n306","REG_IMAGE_KHAADI_CLOTHES","2026-04-11T12:20:27.000Z","229"
"tabm_REG_IMAGE_KHAADI_CLOTHES_4","0.9388256669044496","60","TabM Ⓜ️","4","ft","","n305","REG_IMAGE_KHAADI_CLOTHES","2026-04-11T12:19:48.000Z","174"
"cat_REG_IMAGE_KHAADI_CLOTHES_4","0.7928094833934703","60","CatBoost 😸","4","ft","","n309","REG_IMAGE_KHAADI_CLOTHES","2026-04-11T12:19:32.000Z","193"
"light_REG_IMAGE_KHAADI_CLOTHES_4","0.8499805347079925","60","LightGBM 💡","4","ft","","n307","REG_IMAGE_KHAADI_CLOTHES","2026-04-11T12:18:11.000Z","163"
"tabpfnv2p5_REG_IMAGE_KHAADI_CLOTHES_3","0.4071043133735657","60","TabPFN-v2p5 🇩🇪","3","ft","","n306","REG_IMAGE_KHAADI_CLOTHES","2026-04-11T12:17:47.000Z","201"
"tabpfnv2_REG_IMAGE_KHAADI_CLOTHES_3","0.10426908731460573","60","TabPFN-v2 🤯","3","ft","","n309","REG_IMAGE_KHAADI_CLOTHES","2026-04-11T12:17:01.000Z","166"
"tabm_REG_IMAGE_KHAADI_CLOTHES_3","-1.1705200672149658","60","TabM Ⓜ️","3","ft","","n306","REG_IMAGE_KHAADI_CLOTHES","2026-04-11T12:16:48.000Z","181"
"cat_REG_IMAGE_KHAADI_CLOTHES_3","-1.4232920674235472","60","CatBoost 😸","3","ft","","n307","REG_IMAGE_KHAADI_CLOTHES","2026-04-11T12:16:32.000Z","190"
"light_REG_IMAGE_KHAADI_CLOTHES_3","-1.6105035239669387","60","LightGBM 💡","3","ft","","n305","REG_IMAGE_KHAADI_CLOTHES","2026-04-11T12:16:08.000Z","213"
"tabpfnv2p5_REG_IMAGE_KHAADI_CLOTHES_2","0.8997371196746826","60","TabPFN-v2p5 🇩🇪","2","ft","","n305","REG_IMAGE_KHAADI_CLOTHES","2026-04-11T12:15:06.000Z","170"
"tabpfnv2_REG_IMAGE_KHAADI_CLOTHES_2","0.9121455550193788","60","TabPFN-v2 🤯","2","ft","","n306","REG_IMAGE_KHAADI_CLOTHES","2026-04-11T12:14:25.000Z","166"
"tabm_REG_IMAGE_KHAADI_CLOTHES_2","0.8775150775909424","60","TabM Ⓜ️","2","ft","","n307","REG_IMAGE_KHAADI_CLOTHES","2026-04-11T12:13:44.000Z","160"
"cat_REG_IMAGE_KHAADI_CLOTHES_2","0.82587581107016","60","CatBoost 😸","2","ft","","n306","REG_IMAGE_KHAADI_CLOTHES","2026-04-11T12:13:29.000Z","191"
"light_REG_IMAGE_KHAADI_CLOTHES_2","0.7766239998100085","60","LightGBM 💡","2","ft","","n307","REG_IMAGE_KHAADI_CLOTHES","2026-04-11T12:13:06.000Z","158"
"tabpfnv2p5_REG_IMAGE_KHAADI_CLOTHES_1","0.9667606949806212","60","TabPFN-v2p5 🇩🇪","1","ft","","n305","REG_IMAGE_KHAADI_CLOTHES","2026-04-11T12:12:03.000Z","3765"
"tabpfnv2_REG_IMAGE_KHAADI_CLOTHES_1","0.8530949354171753","60","TabPFN-v2 🤯","1","ft","","n305","REG_IMAGE_KHAADI_CLOTHES","2026-04-11T12:11:46.000Z","158"
"tabm_REG_IMAGE_KHAADI_CLOTHES_1","0.5409544706344604","60","TabM Ⓜ️","1","ft","","n306","REG_IMAGE_KHAADI_CLOTHES","2026-04-11T12:11:22.000Z","180"
"cat_REG_IMAGE_KHAADI_CLOTHES_1","0.6779872112670418","60","CatBoost 😸","1","ft","","n307","REG_IMAGE_KHAADI_CLOTHES","2026-04-11T12:10:41.000Z","178"
"light_REG_IMAGE_KHAADI_CLOTHES_1","0.6228114060926956","60","LightGBM 💡","1","ft","","n306","REG_IMAGE_KHAADI_CLOTHES","2026-04-11T12:09:38.000Z","161"
"tabpfnv2p5_REG_IMAGE_KHAADI_CLOTHES_0","0.4387968182563782","60","TabPFN-v2p5 🇩🇪","0","ft","","n306","REG_IMAGE_KHAADI_CLOTHES","2026-04-11T12:09:11.000Z","163"
"tabpfnv2_REG_IMAGE_KHAADI_CLOTHES_0","0.7825631499290466","60","TabPFN-v2 🤯","0","ft","","n305","REG_IMAGE_KHAADI_CLOTHES","2026-04-11T12:08:11.000Z","169"
"tabm_REG_IMAGE_KHAADI_CLOTHES_0","0.8684239387512207","60","TabM Ⓜ️","0","ft","","n307","REG_IMAGE_KHAADI_CLOTHES","2026-04-11T12:07:33.000Z","138"
"cat_REG_IMAGE_KHAADI_CLOTHES_0","0.8781070106641911","60","CatBoost 😸","0","ft","","n306","REG_IMAGE_KHAADI_CLOTHES","2026-04-11T12:06:28.000Z","156"
"light_REG_IMAGE_KHAADI_CLOTHES_0","0.905042681434024","60","LightGBM 💡","0","ft","","n307","REG_IMAGE_KHAADI_CLOTHES","2026-04-11T12:05:06.000Z","139"
"tabpfnv2p5_REG_IMAGE_HNM_FASHION_4","0.33146162312808547","60","TabPFN-v2p5 🇩🇪","4","ft","","n309","REG_IMAGE_HNM_FASHION","2026-04-11T12:03:20.000Z","492"
"tabpfnv2_REG_IMAGE_HNM_FASHION_4","0.30334222989006243","60","TabPFN-v2 🤯","4","ft","","n306","REG_IMAGE_HNM_FASHION","2026-04-11T12:02:14.000Z","531"
"tabm_REG_IMAGE_HNM_FASHION_4","0.32469989603644167","60","TabM Ⓜ️","4","ft","","n309","REG_IMAGE_HNM_FASHION","2026-04-11T11:59:51.000Z","419"
"cat_REG_IMAGE_HNM_FASHION_4","0.3039299589999461","60","CatBoost 😸","4","ft","","n309","REG_IMAGE_HNM_FASHION","2026-04-11T11:58:14.000Z","500"
"light_REG_IMAGE_HNM_FASHION_4","0.3015531663989993","60","LightGBM 💡","4","ft","","n309","REG_IMAGE_HNM_FASHION","2026-04-11T11:55:30.000Z","417"
"tabpfnv2p5_REG_IMAGE_HNM_FASHION_3","0.28743640491816536","60","TabPFN-v2p5 🇩🇪","3","ft","","n307","REG_IMAGE_HNM_FASHION","2026-04-11T11:54:34.000Z","501"
"tabpfnv2_REG_IMAGE_HNM_FASHION_3","0.26284400154418996","60","TabPFN-v2 🤯","3","ft","","n305","REG_IMAGE_HNM_FASHION","2026-04-11T11:51:59.000Z","527"
"tabm_REG_IMAGE_HNM_FASHION_3","0.2760941613818033","60","TabM Ⓜ️","3","ft","","n309","REG_IMAGE_HNM_FASHION","2026-04-11T11:50:45.000Z","442"
"cat_REG_IMAGE_HNM_FASHION_3","0.26176315213212653","60","CatBoost 😸","3","ft","","n306","REG_IMAGE_HNM_FASHION","2026-04-11T11:48:25.000Z","511"
"light_REG_IMAGE_HNM_FASHION_3","0.2613366276868464","60","LightGBM 💡","3","ft","","n305","REG_IMAGE_HNM_FASHION","2026-04-11T11:46:35.000Z","4134"
"tabpfnv2p5_REG_IMAGE_HNM_FASHION_2","0.27844588812156257","60","TabPFN-v2p5 🇩🇪","2","ft","","n307","REG_IMAGE_HNM_FASHION","2026-04-11T11:44:44.000Z","488"
"tabpfnv2_REG_IMAGE_HNM_FASHION_2","0.25961135059266294","60","TabPFN-v2 🤯","2","ft","","n309","REG_IMAGE_HNM_FASHION","2026-04-11T11:42:42.000Z","545"
"tabm_REG_IMAGE_HNM_FASHION_2","0.28681716048497263","60","TabM Ⓜ️","2","ft","","n306","REG_IMAGE_HNM_FASHION","2026-04-11T11:41:00.000Z","440"
"cat_REG_IMAGE_HNM_FASHION_2","0.2703387504646524","60","CatBoost 😸","2","ft","","n306","REG_IMAGE_HNM_FASHION","2026-04-11T11:39:43.000Z","460"
"light_REG_IMAGE_HNM_FASHION_2","0.2618671002775381","60","LightGBM 💡","2","ft","","n307","REG_IMAGE_HNM_FASHION","2026-04-11T11:37:46.000Z","410"
"tabpfnv2p5_REG_IMAGE_HNM_FASHION_1","0.2669704372352215","60","TabPFN-v2p5 🇩🇪","1","ft","","n306","REG_IMAGE_HNM_FASHION","2026-04-11T11:35:47.000Z","430"
"tabpfnv2_REG_IMAGE_HNM_FASHION_1","0.2624338030895217","60","TabPFN-v2 🤯","1","ft","","n309","REG_IMAGE_HNM_FASHION","2026-04-11T11:34:20.000Z","492"
"tabm_REG_IMAGE_HNM_FASHION_1","0.28612584833132626","60","TabM Ⓜ️","1","ft","","n306","REG_IMAGE_HNM_FASHION","2026-04-11T11:33:32.000Z","356"
"cat_REG_IMAGE_HNM_FASHION_1","0.2646810996134745","60","CatBoost 😸","1","ft","","n305","REG_IMAGE_HNM_FASHION","2026-04-11T11:31:27.000Z","465"
"light_REG_IMAGE_HNM_FASHION_1","0.2694256843508459","60","LightGBM 💡","1","ft","","n305","REG_IMAGE_HNM_FASHION","2026-04-11T11:28:41.000Z","349"
"tabpfnv2p5_REG_IMAGE_HNM_FASHION_0","0.28255300203704903","60","TabPFN-v2p5 🇩🇪","0","ft","","n306","REG_IMAGE_HNM_FASHION","2026-04-11T11:27:19.000Z","499"
"tabpfnv2_REG_IMAGE_HNM_FASHION_0","0.26444197706600736","60","TabPFN-v2 🤯","0","ft","","n305","REG_IMAGE_HNM_FASHION","2026-04-11T11:25:49.000Z","515"
"tabm_REG_IMAGE_HNM_FASHION_0","0.2744221479602089","60","TabM Ⓜ️","0","ft","","n306","REG_IMAGE_HNM_FASHION","2026-04-11T11:22:59.000Z","425"
"cat_REG_IMAGE_HNM_FASHION_0","0.2563522037973468","60","CatBoost 😸","0","ft","","n309","REG_IMAGE_HNM_FASHION","2026-04-11T11:21:24.000Z","483"
"light_REG_IMAGE_HNM_FASHION_0","0.24971929907384785","60","LightGBM 💡","0","ft","","n306","REG_IMAGE_HNM_FASHION","2026-04-11T11:18:48.000Z","415"
"tabpfnv2p5_REG_IMAGE_AMAZON_PACKAGES_4","0.6010340556621149","60","TabPFN-v2p5 🇩🇪","4","ft","","n305","REG_IMAGE_AMAZON_PACKAGES","2026-04-11T11:17:07.000Z","686"
"tabpfnv2_REG_IMAGE_AMAZON_PACKAGES_4","0.5953750162979443","60","TabPFN-v2 🤯","4","ft","","n307","REG_IMAGE_AMAZON_PACKAGES","2026-04-11T11:14:05.000Z","685"
"tabm_REG_IMAGE_AMAZON_PACKAGES_4","0.5918058474655882","60","TabM Ⓜ️","4","ft","","n306","REG_IMAGE_AMAZON_PACKAGES","2026-04-11T11:11:04.000Z","4281"
"cat_REG_IMAGE_AMAZON_PACKAGES_4","0.5700885445303224","60","CatBoost 😸","4","ft","","n309","REG_IMAGE_AMAZON_PACKAGES","2026-04-11T11:08:13.000Z","712"
"light_REG_IMAGE_AMAZON_PACKAGES_4","0.5538913702950174","60","LightGBM 💡","4","ft","","n306","REG_IMAGE_AMAZON_PACKAGES","2026-04-11T11:06:31.000Z","670"
"tabpfnv2p5_REG_IMAGE_AMAZON_PACKAGES_3","0.6586184676335416","60","TabPFN-v2p5 🇩🇪","3","ft","","n305","REG_IMAGE_AMAZON_PACKAGES","2026-04-11T11:05:05.000Z","711"
"tabpfnv2_REG_IMAGE_AMAZON_PACKAGES_3","0.6385262844141781","60","TabPFN-v2 🤯","3","ft","","n305","REG_IMAGE_AMAZON_PACKAGES","2026-04-11T11:01:23.000Z","739"
"tabm_REG_IMAGE_AMAZON_PACKAGES_3","0.6398723357179851","60","TabM Ⓜ️","3","ft","","n306","REG_IMAGE_AMAZON_PACKAGES","2026-04-11T10:59:16.000Z","672"
"cat_REG_IMAGE_AMAZON_PACKAGES_3","0.604951259566049","60","CatBoost 😸","3","ft","","n309","REG_IMAGE_AMAZON_PACKAGES","2026-04-11T10:56:50.000Z","700"
"light_REG_IMAGE_AMAZON_PACKAGES_3","0.601463006219545","60","LightGBM 💡","3","ft","","n305","REG_IMAGE_AMAZON_PACKAGES","2026-04-11T10:54:41.000Z","652"
"tabpfnv2p5_REG_IMAGE_AMAZON_PACKAGES_2","0.6469492699499704","60","TabPFN-v2p5 🇩🇪","2","ft","","n306","REG_IMAGE_AMAZON_PACKAGES","2026-04-11T10:53:22.000Z","779"
"tabpfnv2_REG_IMAGE_AMAZON_PACKAGES_2","0.6366936939977694","60","TabPFN-v2 🤯","2","ft","","n306","REG_IMAGE_AMAZON_PACKAGES","2026-04-11T10:49:07.000Z","4379"
"tabm_REG_IMAGE_AMAZON_PACKAGES_2","0.6642528001360004","60","TabM Ⓜ️","2","ft","","n309","REG_IMAGE_AMAZON_PACKAGES","2026-04-11T10:48:04.000Z","683"
"cat_REG_IMAGE_AMAZON_PACKAGES_2","0.6344188811174153","60","CatBoost 😸","2","ft","","n307","REG_IMAGE_AMAZON_PACKAGES","2026-04-11T10:46:39.000Z","717"
"light_REG_IMAGE_AMAZON_PACKAGES_2","0.6355877058105448","60","LightGBM 💡","2","ft","","n305","REG_IMAGE_AMAZON_PACKAGES","2026-04-11T10:42:12.000Z","675"
"tabpfnv2p5_REG_IMAGE_AMAZON_PACKAGES_1","0.5297138254231603","60","TabPFN-v2p5 🇩🇪","1","ft","","n305","REG_IMAGE_AMAZON_PACKAGES","2026-04-11T10:40:57.000Z","721"
"tabpfnv2_REG_IMAGE_AMAZON_PACKAGES_1","0.5255201242504647","60","TabPFN-v2 🤯","1","ft","","n309","REG_IMAGE_AMAZON_PACKAGES","2026-04-11T10:38:04.000Z","763"
"tabm_REG_IMAGE_AMAZON_PACKAGES_1","0.5238238577683194","60","TabM Ⓜ️","1","ft","","n306","REG_IMAGE_AMAZON_PACKAGES","2026-04-11T10:36:06.000Z","717"
"cat_REG_IMAGE_AMAZON_PACKAGES_1","0.5192519831943816","60","CatBoost 😸","1","ft","","n309","REG_IMAGE_AMAZON_PACKAGES","2026-04-11T10:34:10.000Z","692"
"light_REG_IMAGE_AMAZON_PACKAGES_1","0.5069434588619459","60","LightGBM 💡","1","ft","","n305","REG_IMAGE_AMAZON_PACKAGES","2026-04-11T10:30:53.000Z","669"
"tabpfnv2p5_REG_IMAGE_AMAZON_PACKAGES_0","0.6237235703126971","60","TabPFN-v2p5 🇩🇪","0","ft","","n305","REG_IMAGE_AMAZON_PACKAGES","2026-04-11T10:29:11.000Z","699"
"tabpfnv2_REG_IMAGE_AMAZON_PACKAGES_0","0.6195937488654037","60","TabPFN-v2 🤯","0","ft","","n305","REG_IMAGE_AMAZON_PACKAGES","2026-04-11T10:23:45.000Z","721"
"tabm_REG_IMAGE_AMAZON_PACKAGES_0","0.616234936273415","60","TabM Ⓜ️","0","ft","","n309","REG_IMAGE_AMAZON_PACKAGES","2026-04-11T10:22:56.000Z","667"
"cat_REG_IMAGE_AMAZON_PACKAGES_0","0.6041604520608347","60","CatBoost 😸","0","ft","","n306","REG_IMAGE_AMAZON_PACKAGES","2026-04-11T10:22:11.000Z","707"
"light_REG_IMAGE_AMAZON_PACKAGES_0","0.599546406363751","60","LightGBM 💡","0","ft","","n306","REG_IMAGE_AMAZON_PACKAGES","2026-04-11T10:20:56.000Z","684"
"tabpfnv2p5_REG_IMAGE_AMAZON_BEST_SELLER_4","0.6263307640127821","60","TabPFN-v2p5 🇩🇪","4","ft","","n305","REG_IMAGE_AMAZON_BEST_SELLER","2026-04-11T10:20:31.000Z","188"
"tabpfnv2_REG_IMAGE_AMAZON_BEST_SELLER_4","0.6185083558466516","60","TabPFN-v2 🤯","4","ft","","n309","REG_IMAGE_AMAZON_BEST_SELLER","2026-04-11T10:19:58.000Z","170"
"tabm_REG_IMAGE_AMAZON_BEST_SELLER_4","0.6019020664641445","60","TabM Ⓜ️","4","ft","","n306","REG_IMAGE_AMAZON_BEST_SELLER","2026-04-11T10:19:19.000Z","165"
"cat_REG_IMAGE_AMAZON_BEST_SELLER_4","0.6012167602866638","60","CatBoost 😸","4","ft","","n305","REG_IMAGE_AMAZON_BEST_SELLER","2026-04-11T10:18:50.000Z","160"
"light_REG_IMAGE_AMAZON_BEST_SELLER_4","0.5738568774653319","60","LightGBM 💡","4","ft","","n307","REG_IMAGE_AMAZON_BEST_SELLER","2026-04-11T10:18:10.000Z","139"
"tabpfnv2p5_REG_IMAGE_AMAZON_BEST_SELLER_3","0.5793665365837086","60","TabPFN-v2p5 🇩🇪","3","ft","","n306","REG_IMAGE_AMAZON_BEST_SELLER","2026-04-11T10:17:56.000Z","181"
"tabpfnv2_REG_IMAGE_AMAZON_BEST_SELLER_3","0.5772538872697611","60","TabPFN-v2 🤯","3","ft","","n305","REG_IMAGE_AMAZON_BEST_SELLER","2026-04-11T10:17:32.000Z","171"
"tabm_REG_IMAGE_AMAZON_BEST_SELLER_3","0.5638431848602796","60","TabM Ⓜ️","3","ft","","n306","REG_IMAGE_AMAZON_BEST_SELLER","2026-04-11T10:16:42.000Z","151"
"cat_REG_IMAGE_AMAZON_BEST_SELLER_3","0.5581550211216093","60","CatBoost 😸","3","ft","","n306","REG_IMAGE_AMAZON_BEST_SELLER","2026-04-11T10:16:01.000Z","3757"
"light_REG_IMAGE_AMAZON_BEST_SELLER_3","0.5170798296495008","60","LightGBM 💡","3","ft","","n306","REG_IMAGE_AMAZON_BEST_SELLER","2026-04-11T10:15:42.000Z","141"
"tabpfnv2p5_REG_IMAGE_AMAZON_BEST_SELLER_2","0.5501370975626847","60","TabPFN-v2p5 🇩🇪","2","ft","","n309","REG_IMAGE_AMAZON_BEST_SELLER","2026-04-11T10:15:20.000Z","168"
"tabpfnv2_REG_IMAGE_AMAZON_BEST_SELLER_2","0.5321935059082616","60","TabPFN-v2 🤯","2","ft","","n309","REG_IMAGE_AMAZON_BEST_SELLER","2026-04-11T10:14:44.000Z","166"
"tabm_REG_IMAGE_AMAZON_BEST_SELLER_2","0.5722240202848727","60","TabM Ⓜ️","2","ft","","n307","REG_IMAGE_AMAZON_BEST_SELLER","2026-04-11T10:14:02.000Z","147"
"cat_REG_IMAGE_AMAZON_BEST_SELLER_2","0.5418836346063838","60","CatBoost 😸","2","ft","","n306","REG_IMAGE_AMAZON_BEST_SELLER","2026-04-11T10:13:18.000Z","195"
"light_REG_IMAGE_AMAZON_BEST_SELLER_2","0.505393459554611","60","LightGBM 💡","2","ft","","n305","REG_IMAGE_AMAZON_BEST_SELLER","2026-04-11T10:12:56.000Z","150"
"tabpfnv2p5_REG_IMAGE_AMAZON_BEST_SELLER_1","0.5875517480756953","60","TabPFN-v2p5 🇩🇪","1","ft","","n305","REG_IMAGE_AMAZON_BEST_SELLER","2026-04-11T10:12:21.000Z","176"
"tabpfnv2_REG_IMAGE_AMAZON_BEST_SELLER_1","0.5824997789226487","60","TabPFN-v2 🤯","1","ft","","n309","REG_IMAGE_AMAZON_BEST_SELLER","2026-04-11T10:11:35.000Z","181"
"tabm_REG_IMAGE_AMAZON_BEST_SELLER_1","0.597204616385656","60","TabM Ⓜ️","1","ft","","n307","REG_IMAGE_AMAZON_BEST_SELLER","2026-04-11T10:11:12.000Z","3766"
"cat_REG_IMAGE_AMAZON_BEST_SELLER_1","0.5663811255984114","60","CatBoost 😸","1","ft","","n307","REG_IMAGE_AMAZON_BEST_SELLER","2026-04-11T10:10:28.000Z","164"
"light_REG_IMAGE_AMAZON_BEST_SELLER_1","0.5439363825880267","60","LightGBM 💡","1","ft","","n305","REG_IMAGE_AMAZON_BEST_SELLER","2026-04-11T10:09:39.000Z","156"
"tabpfnv2p5_REG_IMAGE_AMAZON_BEST_SELLER_0","0.5807213490184551","60","TabPFN-v2p5 🇩🇪","0","ft","","n306","REG_IMAGE_AMAZON_BEST_SELLER","2026-04-11T10:08:43.000Z","231"
"tabpfnv2_REG_IMAGE_AMAZON_BEST_SELLER_0","0.558163764071248","60","TabPFN-v2 🤯","0","ft","","n309","REG_IMAGE_AMAZON_BEST_SELLER","2026-04-11T10:08:16.000Z","190"
"tabm_REG_IMAGE_AMAZON_BEST_SELLER_0","0.6342693637494572","60","TabM Ⓜ️","0","ft","","n306","REG_IMAGE_AMAZON_BEST_SELLER","2026-04-11T10:07:56.000Z","187"
"cat_REG_IMAGE_AMAZON_BEST_SELLER_0","0.6179953527820319","60","CatBoost 😸","0","ft","","n305","REG_IMAGE_AMAZON_BEST_SELLER","2026-04-11T10:06:35.000Z","209"
"light_REG_IMAGE_AMAZON_BEST_SELLER_0","0.5755281133449899","60","LightGBM 💡","0","ft","","n305","REG_IMAGE_AMAZON_BEST_SELLER","2026-04-11T10:05:37.000Z","160"
"tabpfnv2p5_MUL_IMAGE_ZOOSCAN_ZOOPLANKTON_4","0.9873470227705248","60","TabPFN-v2p5 🇩🇪","4","ft","","n309","MUL_IMAGE_ZOOSCAN_ZOOPLANKTON","2026-04-11T10:04:38.000Z","278"
"tabpfnv2_MUL_IMAGE_ZOOSCAN_ZOOPLANKTON_4","0.985500274424536","60","TabPFN-v2 🤯","4","ft","","n307","MUL_IMAGE_ZOOSCAN_ZOOPLANKTON","2026-04-11T10:03:08.000Z","303"
"tabm_MUL_IMAGE_ZOOSCAN_ZOOPLANKTON_4","0.984403962303395","60","TabM Ⓜ️","4","ft","","n305","MUL_IMAGE_ZOOSCAN_ZOOPLANKTON","2026-04-11T10:01:52.000Z","308"
"cat_MUL_IMAGE_ZOOSCAN_ZOOPLANKTON_4","0.9848405274709842","60","CatBoost 😸","4","ft","","n307","MUL_IMAGE_ZOOSCAN_ZOOPLANKTON","2026-04-11T10:00:37.000Z","344"
"light_MUL_IMAGE_ZOOSCAN_ZOOPLANKTON_4","0.9795128299730044","60","LightGBM 💡","4","ft","","n306","MUL_IMAGE_ZOOSCAN_ZOOPLANKTON","2026-04-11T10:00:03.000Z","3909"
"tabpfnv2p5_MUL_IMAGE_ZOOSCAN_ZOOPLANKTON_3","0.9891878847731096","60","TabPFN-v2p5 🇩🇪","3","ft","","n305","MUL_IMAGE_ZOOSCAN_ZOOPLANKTON","2026-04-11T09:59:38.000Z","291"
"tabpfnv2_MUL_IMAGE_ZOOSCAN_ZOOPLANKTON_3","0.985818412465208","60","TabPFN-v2 🤯","3","ft","","n309","MUL_IMAGE_ZOOSCAN_ZOOPLANKTON","2026-04-11T09:58:21.000Z","255"
"tabm_MUL_IMAGE_ZOOSCAN_ZOOPLANKTON_3","0.9870005255366928","60","TabM Ⓜ️","3","ft","","n306","MUL_IMAGE_ZOOSCAN_ZOOPLANKTON","2026-04-11T09:56:28.000Z","278"
"cat_MUL_IMAGE_ZOOSCAN_ZOOPLANKTON_3","0.9833124725624712","60","CatBoost 😸","3","ft","","n306","MUL_IMAGE_ZOOSCAN_ZOOPLANKTON","2026-04-11T09:55:36.000Z","344"
"light_MUL_IMAGE_ZOOSCAN_ZOOPLANKTON_3","0.9834641493906192","60","LightGBM 💡","3","ft","","n305","MUL_IMAGE_ZOOSCAN_ZOOPLANKTON","2026-04-11T09:54:56.000Z","276"
"tabpfnv2p5_MUL_IMAGE_ZOOSCAN_ZOOPLANKTON_2","0.9895887741703362","60","TabPFN-v2p5 🇩🇪","2","ft","","n305","MUL_IMAGE_ZOOSCAN_ZOOPLANKTON","2026-04-11T09:53:41.000Z","348"
"tabpfnv2_MUL_IMAGE_ZOOSCAN_ZOOPLANKTON_2","0.9874333704262204","60","TabPFN-v2 🤯","2","ft","","n305","MUL_IMAGE_ZOOSCAN_ZOOPLANKTON","2026-04-11T09:53:09.000Z","384"
"tabm_MUL_IMAGE_ZOOSCAN_ZOOPLANKTON_2","0.9875309276292756","60","TabM Ⓜ️","2","ft","","n306","MUL_IMAGE_ZOOSCAN_ZOOPLANKTON","2026-04-11T09:51:39.000Z","297"
"cat_MUL_IMAGE_ZOOSCAN_ZOOPLANKTON_2","0.9850876384879864","60","CatBoost 😸","2","ft","","n305","MUL_IMAGE_ZOOSCAN_ZOOPLANKTON","2026-04-11T09:50:52.000Z","369"
"light_MUL_IMAGE_ZOOSCAN_ZOOPLANKTON_2","0.9846360778720492","60","LightGBM 💡","2","ft","","n309","MUL_IMAGE_ZOOSCAN_ZOOPLANKTON","2026-04-11T09:49:49.000Z","271"
"tabpfnv2p5_MUL_IMAGE_ZOOSCAN_ZOOPLANKTON_1","0.988060652604269","60","TabPFN-v2p5 🇩🇪","1","ft","","n306","MUL_IMAGE_ZOOSCAN_ZOOPLANKTON","2026-04-11T09:48:53.000Z","312"
"tabpfnv2_MUL_IMAGE_ZOOSCAN_ZOOPLANKTON_1","0.983429698844243","60","TabPFN-v2 🤯","1","ft","","n305","MUL_IMAGE_ZOOSCAN_ZOOPLANKTON","2026-04-11T09:48:11.000Z","294"
"tabm_MUL_IMAGE_ZOOSCAN_ZOOPLANKTON_1","0.9876608924482112","60","TabM Ⓜ️","1","ft","","n307","MUL_IMAGE_ZOOSCAN_ZOOPLANKTON","2026-04-11T09:47:07.000Z","267"
"cat_MUL_IMAGE_ZOOSCAN_ZOOPLANKTON_1","0.9837427801890392","60","CatBoost 😸","1","ft","","n306","MUL_IMAGE_ZOOSCAN_ZOOPLANKTON","2026-04-11T09:45:50.000Z","3958"
"light_MUL_IMAGE_ZOOSCAN_ZOOPLANKTON_1","0.9822799046962264","60","LightGBM 💡","1","ft","","n306","MUL_IMAGE_ZOOSCAN_ZOOPLANKTON","2026-04-11T09:45:02.000Z","314"
"tabpfnv2p5_MUL_IMAGE_ZOOSCAN_ZOOPLANKTON_0","0.9913982379275325","60","TabPFN-v2p5 🇩🇪","0","ft","","n306","MUL_IMAGE_ZOOSCAN_ZOOPLANKTON","2026-04-11T09:44:04.000Z","305"
"tabpfnv2_MUL_IMAGE_ZOOSCAN_ZOOPLANKTON_0","0.988344176358986","60","TabPFN-v2 🤯","0","ft","","n306","MUL_IMAGE_ZOOSCAN_ZOOPLANKTON","2026-04-11T09:43:08.000Z","336"
"tabm_MUL_IMAGE_ZOOSCAN_ZOOPLANKTON_0","0.9895470509791692","60","TabM Ⓜ️","0","ft","","n306","MUL_IMAGE_ZOOSCAN_ZOOPLANKTON","2026-04-11T09:41:47.000Z","328"
"cat_MUL_IMAGE_ZOOSCAN_ZOOPLANKTON_0","0.9870478941723322","60","CatBoost 😸","0","ft","","n305","MUL_IMAGE_ZOOSCAN_ZOOPLANKTON","2026-04-11T09:39:37.000Z","357"
"light_MUL_IMAGE_ZOOSCAN_ZOOPLANKTON_0","0.9861690732970626","60","LightGBM 💡","0","ft","","n305","MUL_IMAGE_ZOOSCAN_ZOOPLANKTON","2026-04-11T09:37:40.000Z","291"
"tabpfnv2p5_MUL_IMAGE_PETFINDER_4","0.8516094189730616","60","TabPFN-v2p5 🇩🇪","4","ft","","n307","MUL_IMAGE_PETFINDER","2026-04-11T09:35:32.000Z","689"
"tabpfnv2_MUL_IMAGE_PETFINDER_4","0.8435546792803812","60","TabPFN-v2 🤯","4","ft","","n305","MUL_IMAGE_PETFINDER","2026-04-11T09:33:07.000Z","725"
"tabm_MUL_IMAGE_PETFINDER_4","0.851922705004345","60","TabM Ⓜ️","4","ft","","n306","MUL_IMAGE_PETFINDER","2026-04-11T09:29:36.000Z","724"
"cat_MUL_IMAGE_PETFINDER_4","0.8381877640548067","60","CatBoost 😸","4","ft","","n306","MUL_IMAGE_PETFINDER","2026-04-11T09:27:15.000Z","971"
"light_MUL_IMAGE_PETFINDER_4","0.8262968659159112","60","LightGBM 💡","4","ft","","n307","MUL_IMAGE_PETFINDER","2026-04-11T09:24:54.000Z","630"
"tabpfnv2p5_MUL_IMAGE_PETFINDER_3","0.8608931094179957","60","TabPFN-v2p5 🇩🇪","3","ft","","n309","MUL_IMAGE_PETFINDER","2026-04-11T09:21:59.000Z","691"
"tabpfnv2_MUL_IMAGE_PETFINDER_3","0.8517264517862173","60","TabPFN-v2 🤯","3","ft","","n305","MUL_IMAGE_PETFINDER","2026-04-11T09:18:32.000Z","725"
"tabm_MUL_IMAGE_PETFINDER_3","0.8551721644032545","60","TabM Ⓜ️","3","ft","","n306","MUL_IMAGE_PETFINDER","2026-04-11T09:16:14.000Z","661"
"cat_MUL_IMAGE_PETFINDER_3","0.8480850316315702","60","CatBoost 😸","3","ft","","n305","MUL_IMAGE_PETFINDER","2026-04-11T09:13:47.000Z","1010"
"light_MUL_IMAGE_PETFINDER_3","0.8394763762899264","60","LightGBM 💡","3","ft","","n309","MUL_IMAGE_PETFINDER","2026-04-11T09:11:52.000Z","668"
"tabpfnv2p5_MUL_IMAGE_PETFINDER_2","0.851198779237384","60","TabPFN-v2p5 🇩🇪","2","ft","","n305","MUL_IMAGE_PETFINDER","2026-04-11T09:08:11.000Z","736"
"tabpfnv2_MUL_IMAGE_PETFINDER_2","0.8415241262462204","60","TabPFN-v2 🤯","2","ft","","n305","MUL_IMAGE_PETFINDER","2026-04-11T09:05:39.000Z","765"
"tabm_MUL_IMAGE_PETFINDER_2","0.851851073703097","60","TabM Ⓜ️","2","ft","","n305","MUL_IMAGE_PETFINDER","2026-04-11T09:00:54.000Z","669"
"cat_MUL_IMAGE_PETFINDER_2","0.8397088843307545","60","CatBoost 😸","2","ft","","n306","MUL_IMAGE_PETFINDER","2026-04-11T09:00:25.000Z","1010"
"light_MUL_IMAGE_PETFINDER_2","0.82818031591359","60","LightGBM 💡","2","ft","","n307","MUL_IMAGE_PETFINDER","2026-04-11T08:56:37.000Z","625"
"tabpfnv2p5_MUL_IMAGE_PETFINDER_1","0.8560383720865701","60","TabPFN-v2p5 🇩🇪","1","ft","","n306","MUL_IMAGE_PETFINDER","2026-04-11T08:52:46.000Z","784"
"tabpfnv2_MUL_IMAGE_PETFINDER_1","0.8456021894585861","60","TabPFN-v2 🤯","1","ft","","n309","MUL_IMAGE_PETFINDER","2026-04-11T08:49:55.000Z","716"
"tabm_MUL_IMAGE_PETFINDER_1","0.8542508022643212","60","TabM Ⓜ️","1","ft","","n307","MUL_IMAGE_PETFINDER","2026-04-11T08:47:47.000Z","4239"
"cat_MUL_IMAGE_PETFINDER_1","0.8419021197840928","60","CatBoost 😸","1","ft","","n305","MUL_IMAGE_PETFINDER","2026-04-11T08:43:20.000Z","953"
"light_MUL_IMAGE_PETFINDER_1","0.8358123095045356","60","LightGBM 💡","1","ft","","n305","MUL_IMAGE_PETFINDER","2026-04-11T08:42:47.000Z","646"
"tabpfnv2p5_MUL_IMAGE_PETFINDER_0","0.8453714388533784","60","TabPFN-v2p5 🇩🇪","0","ft","","n309","MUL_IMAGE_PETFINDER","2026-04-11T08:38:04.000Z","703"
"tabpfnv2_MUL_IMAGE_PETFINDER_0","0.8371409415679334","60","TabPFN-v2 🤯","0","ft","","n305","MUL_IMAGE_PETFINDER","2026-04-11T08:35:03.000Z","753"
"tabm_MUL_IMAGE_PETFINDER_0","0.8426855505187891","60","TabM Ⓜ️","0","ft","","n307","MUL_IMAGE_PETFINDER","2026-04-11T08:31:49.000Z","681"
"cat_MUL_IMAGE_PETFINDER_0","0.8304767370812673","60","CatBoost 😸","0","ft","","n305","MUL_IMAGE_PETFINDER","2026-04-11T08:26:36.000Z","983"
"light_MUL_IMAGE_PETFINDER_0","0.8170083039436348","60","LightGBM 💡","0","ft","","n305","MUL_IMAGE_PETFINDER","2026-04-11T08:23:29.000Z","687"
"tabpfnv2p5_MUL_IMAGE_JUSTIN_INSTAGRAM_4","0.9689010256811782","60","TabPFN-v2p5 🇩🇪","4","ft","","n306","MUL_IMAGE_JUSTIN_INSTAGRAM","2026-04-11T08:18:54.000Z","1951"
"tabpfnv2_MUL_IMAGE_JUSTIN_INSTAGRAM_4","0.9673125272806586","60","TabPFN-v2 🤯","4","ft","","n305","MUL_IMAGE_JUSTIN_INSTAGRAM","2026-04-11T08:13:02.000Z","1779"
"tabm_MUL_IMAGE_JUSTIN_INSTAGRAM_4","0.9722836615405608","60","TabM Ⓜ️","4","ft","","n309","MUL_IMAGE_JUSTIN_INSTAGRAM","2026-04-11T08:05:33.000Z","1591"
"cat_MUL_IMAGE_JUSTIN_INSTAGRAM_4","0.9660974560036169","60","CatBoost 😸","4","ft","","n306","MUL_IMAGE_JUSTIN_INSTAGRAM","2026-04-11T07:58:07.000Z","1695"
"light_MUL_IMAGE_JUSTIN_INSTAGRAM_4","0.967464260626363","60","LightGBM 💡","4","ft","","n306","MUL_IMAGE_JUSTIN_INSTAGRAM","2026-04-11T07:54:14.000Z","1621"
"tabpfnv2p5_MUL_IMAGE_JUSTIN_INSTAGRAM_3","0.9825141989805","60","TabPFN-v2p5 🇩🇪","3","ft","","n306","MUL_IMAGE_JUSTIN_INSTAGRAM","2026-04-11T07:49:36.000Z","1750"
"tabpfnv2_MUL_IMAGE_JUSTIN_INSTAGRAM_3","0.9808230997351706","60","TabPFN-v2 🤯","3","ft","","n305","MUL_IMAGE_JUSTIN_INSTAGRAM","2026-04-11T07:44:29.000Z","1703"
"tabm_MUL_IMAGE_JUSTIN_INSTAGRAM_3","0.9728431843189672","60","TabM Ⓜ️","3","ft","","n306","MUL_IMAGE_JUSTIN_INSTAGRAM","2026-04-11T07:36:09.000Z","1632"
"cat_MUL_IMAGE_JUSTIN_INSTAGRAM_3","0.9799118859631047","60","CatBoost 😸","3","ft","","n309","MUL_IMAGE_JUSTIN_INSTAGRAM","2026-04-11T07:32:03.000Z","5230"
"light_MUL_IMAGE_JUSTIN_INSTAGRAM_3","0.9725442288751802","60","LightGBM 💡","3","ft","","n309","MUL_IMAGE_JUSTIN_INSTAGRAM","2026-04-11T07:24:22.000Z","1586"
"tabpfnv2p5_MUL_IMAGE_JUSTIN_INSTAGRAM_2","0.9793691418843904","60","TabPFN-v2p5 🇩🇪","2","ft","","n306","MUL_IMAGE_JUSTIN_INSTAGRAM","2026-04-11T07:19:21.000Z","1806"
"tabpfnv2_MUL_IMAGE_JUSTIN_INSTAGRAM_2","0.9753228954400702","60","TabPFN-v2 🤯","2","ft","","n305","MUL_IMAGE_JUSTIN_INSTAGRAM","2026-04-11T07:17:09.000Z","1876"
"tabpfnv2p5_MUL_IMAGE_GLAUCOMA_SMDG_0","0.9482383152755874","60","TabPFN-v2p5 🇩🇪","0","ft","","n305","MUL_IMAGE_GLAUCOMA_SMDG","2026-04-11T07:00:11.000Z","756"
"tabm_MUL_IMAGE_GLAUCOMA_SMDG_0","0.9351477205485892","60","TabM Ⓜ️","0","ft","","n305","MUL_IMAGE_GLAUCOMA_SMDG","2026-04-11T07:00:10.000Z","761"
"cat_MUL_IMAGE_JUSTIN_INSTAGRAM_2","0.9756827661649602","60","CatBoost 😸","2","ft","","n305","MUL_IMAGE_JUSTIN_INSTAGRAM","2026-04-11T07:00:09.000Z","1662"
"light_MUL_IMAGE_JUSTIN_INSTAGRAM_2","0.967529534924789","60","LightGBM 💡","2","ft","","n307","MUL_IMAGE_JUSTIN_INSTAGRAM","2026-04-11T06:57:22.000Z","1610"
"tabm_MUL_IMAGE_JUSTIN_INSTAGRAM_2","0.9785830721425952","60","TabM Ⓜ️","2","ft","","n305","MUL_IMAGE_JUSTIN_INSTAGRAM","2026-04-09T22:01:24.000Z","123194"
"tabpfnv2p5_MUL_IMAGE_JUSTIN_INSTAGRAM_1","0.966300473945563","60","TabPFN-v2p5 🇩🇪","1","ft","","n307","MUL_IMAGE_JUSTIN_INSTAGRAM","2026-04-09T21:21:44.000Z","126901"
"tabpfnv2_MUL_IMAGE_CSGO_SKIN_PRICE_4","0.873265237878097","60","TabPFN-v2 🤯","4","ft","","n307","MUL_IMAGE_CSGO_SKIN_PRICE","2026-04-09T21:12:57.000Z","125546"
"tabpfnv2_MUL_IMAGE_JUSTIN_INSTAGRAM_1","0.9627264224102342","60","TabPFN-v2 🤯","1","ft","","nlp-srv2.iem.technion.ac.il","MUL_IMAGE_JUSTIN_INSTAGRAM","2026-04-09T11:03:59.000Z","771"
"light_MUL_IMAGE_FLOWER_BOUQUETS_2","0.658859845842282","60","LightGBM 💡","2","ft","","nlp-srv2.iem.technion.ac.il","MUL_IMAGE_FLOWER_BOUQUETS","2026-04-09T11:03:03.000Z","65"
"light_MUL_IMAGE_CSGO_SKIN_PRICE_4","0.816749962000304","60","LightGBM 💡","4","ft","","nlp-srv2.iem.technion.ac.il","MUL_IMAGE_CSGO_SKIN_PRICE","2026-04-09T11:02:08.000Z","108"
"tabm_MUL_IMAGE_JUSTIN_INSTAGRAM_1","0.9598497100390248","60","TabM Ⓜ️","1","ft","","nlp-srv2.iem.technion.ac.il","MUL_IMAGE_JUSTIN_INSTAGRAM","2026-04-09T10:50:53.000Z","723"
"cat_MUL_IMAGE_JUSTIN_INSTAGRAM_1","0.9592242489571328","60","CatBoost 😸","1","ft","","nlp-srv2.iem.technion.ac.il","MUL_IMAGE_JUSTIN_INSTAGRAM","2026-04-09T10:38:27.000Z","739"
"light_MUL_IMAGE_JUSTIN_INSTAGRAM_1","0.9541212946035852","60","LightGBM 💡","1","ft","","nlp-srv2.iem.technion.ac.il","MUL_IMAGE_JUSTIN_INSTAGRAM","2026-04-09T10:26:10.000Z","709"
"tabpfnv2_MUL_IMAGE_GLAUCOMA_SMDG_0","0.9431061418756308","60","TabPFN-v2 🤯","0","ft","","nlp-srv2.iem.technion.ac.il","MUL_IMAGE_GLAUCOMA_SMDG","2026-04-09T10:17:21.000Z","424"
"cat_MUL_IMAGE_GLAUCOMA_SMDG_0","0.9311344870281432","60","CatBoost 😸","0","ft","","nlp-srv2.iem.technion.ac.il","MUL_IMAGE_GLAUCOMA_SMDG","2026-04-09T10:10:20.000Z","414"
"tabpfnv2p5_MUL_IMAGE_FLOWER_BOUQUETS_1","0.6354593866629937","60","TabPFN-v2p5 🇩🇪","1","ft","","nlp-srv2.iem.technion.ac.il","MUL_IMAGE_FLOWER_BOUQUETS","2026-04-09T10:01:58.000Z","80"
"light_MUL_IMAGE_FLOWER_BOUQUETS_0","0.635656077075389","60","LightGBM 💡","0","ft","","nlp-srv2.iem.technion.ac.il","MUL_IMAGE_FLOWER_BOUQUETS","2026-04-09T10:00:28.000Z","85"
"tabpfnv2p5_MUL_IMAGE_CSGO_SKIN_PRICE_2","0.8963669250645996","60","TabPFN-v2p5 🇩🇪","2","ft","","nlp-srv2.iem.technion.ac.il","MUL_IMAGE_CSGO_SKIN_PRICE","2026-04-09T09:56:20.000Z","118"
"tabpfnv2_MUL_IMAGE_CSGO_SKIN_PRICE_2","0.9005633074935402","60","TabPFN-v2 🤯","2","ft","","nlp-srv2.iem.technion.ac.il","MUL_IMAGE_CSGO_SKIN_PRICE","2026-04-09T09:56:13.000Z","115"
"tabm_MUL_IMAGE_CSGO_SKIN_PRICE_2","0.8635069159446724","60","TabM Ⓜ️","2","ft","","nlp-srv2.iem.technion.ac.il","MUL_IMAGE_CSGO_SKIN_PRICE","2026-04-09T09:55:19.000Z","118"
"tabpfnv2_MUL_IMAGE_CSGO_SKIN_PRICE_1","0.8644018847849217","60","TabPFN-v2 🤯","1","ft","","nlp-srv2.iem.technion.ac.il","MUL_IMAGE_CSGO_SKIN_PRICE","2026-04-09T09:53:50.000Z","138"
"tabm_MUL_IMAGE_CSGO_SKIN_PRICE_1","0.8593755889952881","60","TabM Ⓜ️","1","ft","","nlp-srv2.iem.technion.ac.il","MUL_IMAGE_CSGO_SKIN_PRICE","2026-04-09T09:53:17.000Z","114"
"cat_MUL_IMAGE_CSGO_SKIN_PRICE_1","0.8604365405076759","60","CatBoost 😸","1","ft","","nlp-srv2.iem.technion.ac.il","MUL_IMAGE_CSGO_SKIN_PRICE","2026-04-09T09:51:48.000Z","119"
"tabpfnv2p5_MUL_IMAGE_CSGO_SKIN_PRICE_0","0.9132886456908345","60","TabPFN-v2p5 🇩🇪","0","ft","","nlp-srv2.iem.technion.ac.il","MUL_IMAGE_CSGO_SKIN_PRICE","2026-04-09T09:51:25.000Z","106"
"tabm_MUL_IMAGE_CSGO_SKIN_PRICE_0","0.8670718954248364","60","TabM Ⓜ️","0","ft","","nlp-srv2.iem.technion.ac.il","MUL_IMAGE_CSGO_SKIN_PRICE","2026-04-09T09:49:29.000Z","118"
"light_MUL_IMAGE_CSGO_SKIN_PRICE_0","0.8557297461620307","60","LightGBM 💡","0","ft","","nlp-srv2.iem.technion.ac.il","MUL_IMAGE_CSGO_SKIN_PRICE","2026-04-09T09:47:19.000Z","111"
"tabpfnv2p5_MUL_IMAGE_CHEXPERT_4","0.8198225085914822","60","TabPFN-v2p5 🇩🇪","4","ft","","nlp-srv2.iem.technion.ac.il","MUL_IMAGE_CHEXPERT","2026-04-09T09:47:14.000Z","3964"
"tabm_MUL_IMAGE_CHEXPERT_4","0.7959227309427565","60","TabM Ⓜ️","4","ft","","nlp-srv2.iem.technion.ac.il","MUL_IMAGE_CHEXPERT","2026-04-09T09:44:53.000Z","218"
"cat_MUL_IMAGE_CHEXPERT_4","0.8000026780868321","60","CatBoost 😸","4","ft","","nlp-srv2.iem.technion.ac.il","MUL_IMAGE_CHEXPERT","2026-04-09T09:43:37.000Z","216"
"light_MUL_IMAGE_CHEXPERT_4","0.8010456097884308","60","LightGBM 💡","4","ft","","nlp-srv2.iem.technion.ac.il","MUL_IMAGE_CHEXPERT","2026-04-09T09:41:17.000Z","212"
"tabpfnv2p5_MUL_IMAGE_CHEXPERT_3","0.8228023262152361","60","TabPFN-v2p5 🇩🇪","3","ft","","nlp-srv2.iem.technion.ac.il","MUL_IMAGE_CHEXPERT","2026-04-09T09:41:02.000Z","241"
"tabpfnv2_MUL_IMAGE_CHEXPERT_3","0.8218530348047158","60","TabPFN-v2 🤯","3","ft","","nlp-srv2.iem.technion.ac.il","MUL_IMAGE_CHEXPERT","2026-04-09T09:40:24.000Z","4099"
"tabm_MUL_IMAGE_CHEXPERT_3","0.7895860646165884","60","TabM Ⓜ️","3","ft","","nlp-srv2.iem.technion.ac.il","MUL_IMAGE_CHEXPERT","2026-04-09T09:40:12.000Z","200"
"light_MUL_IMAGE_CHEXPERT_3","0.7977823404077542","60","LightGBM 💡","3","ft","","nlp-srv2.iem.technion.ac.il","MUL_IMAGE_CHEXPERT","2026-04-09T09:37:41.000Z","196"
"tabm_MUL_IMAGE_CHEXPERT_2","0.8013354065581201","60","TabM Ⓜ️","2","ft","","nlp-srv2.iem.technion.ac.il","MUL_IMAGE_CHEXPERT","2026-04-09T09:33:33.000Z","245"
"light_MUL_IMAGE_CHEXPERT_2","0.811395323807635","60","LightGBM 💡","2","ft","","nlp-srv2.iem.technion.ac.il","MUL_IMAGE_CHEXPERT","2026-04-09T09:32:42.000Z","240"
"tabpfnv2p5_MUL_IMAGE_JUSTIN_INSTAGRAM_0","0.9773036561836448","60","TabPFN-v2p5 🇩🇪","0","ft","","nlp-srv2.iem.technion.ac.il","MUL_IMAGE_JUSTIN_INSTAGRAM","2026-04-09T09:20:15.000Z","787"
"tabpfnv2_MUL_IMAGE_JUSTIN_INSTAGRAM_0","0.973883902504216","60","TabPFN-v2 🤯","0","ft","","nlp-srv2.iem.technion.ac.il","MUL_IMAGE_JUSTIN_INSTAGRAM","2026-04-09T09:06:17.000Z","793"
"tabm_MUL_IMAGE_JUSTIN_INSTAGRAM_0","0.9711329263024538","60","TabM Ⓜ️","0","ft","","nlp-srv2.iem.technion.ac.il","MUL_IMAGE_JUSTIN_INSTAGRAM","2026-04-09T08:53:33.000Z","720"
"cat_MUL_IMAGE_JUSTIN_INSTAGRAM_0","0.9723899070583216","60","CatBoost 😸","0","ft","","nlp-srv2.iem.technion.ac.il","MUL_IMAGE_JUSTIN_INSTAGRAM","2026-04-09T08:41:29.000Z","718"
"light_MUL_IMAGE_JUSTIN_INSTAGRAM_0","0.9704732287890636","60","LightGBM 💡","0","ft","","nlp-srv2.iem.technion.ac.il","MUL_IMAGE_JUSTIN_INSTAGRAM","2026-04-09T08:29:23.000Z","720"
"tabpfnv2p5_MUL_IMAGE_HUBMAP_HPA_4","0.9753682358838668","60","TabPFN-v2p5 🇩🇪","4","ft","","nlp-srv2.iem.technion.ac.il","MUL_IMAGE_HUBMAP_HPA","2026-04-09T08:19:19.000Z","595"
"tabpfnv2_MUL_IMAGE_HUBMAP_HPA_4","0.9739046487401464","60","TabPFN-v2 🤯","4","ft","","nlp-srv2.iem.technion.ac.il","MUL_IMAGE_HUBMAP_HPA","2026-04-09T08:09:05.000Z","609"
"tabm_MUL_IMAGE_HUBMAP_HPA_4","0.9707678443611408","60","TabM Ⓜ️","4","ft","","nlp-srv2.iem.technion.ac.il","MUL_IMAGE_HUBMAP_HPA","2026-04-09T07:59:53.000Z","542"
"cat_MUL_IMAGE_HUBMAP_HPA_4","0.9655878202435852","60","CatBoost 😸","4","ft","","nlp-srv2.iem.technion.ac.il","MUL_IMAGE_HUBMAP_HPA","2026-04-09T07:49:59.000Z","590"
"light_MUL_IMAGE_HUBMAP_HPA_4","0.9551803229359428","60","LightGBM 💡","4","ft","","nlp-srv2.iem.technion.ac.il","MUL_IMAGE_HUBMAP_HPA","2026-04-09T07:40:58.000Z","533"
"tabpfnv2p5_MUL_IMAGE_HUBMAP_HPA_3","0.9762295835711262","60","TabPFN-v2p5 🇩🇪","3","ft","","nlp-srv2.iem.technion.ac.il","MUL_IMAGE_HUBMAP_HPA","2026-04-09T07:31:11.000Z","581"
"tabpfnv2_MUL_IMAGE_HUBMAP_HPA_3","0.9724394031490868","60","TabPFN-v2 🤯","3","ft","","nlp-srv2.iem.technion.ac.il","MUL_IMAGE_HUBMAP_HPA","2026-04-09T07:21:12.000Z","593"
"tabm_MUL_IMAGE_HUBMAP_HPA_3","0.9715615752844926","60","TabM Ⓜ️","3","ft","","nlp-srv2.iem.technion.ac.il","MUL_IMAGE_HUBMAP_HPA","2026-04-09T07:11:45.000Z","560"
"cat_MUL_IMAGE_HUBMAP_HPA_3","0.9655040791274734","60","CatBoost 😸","3","ft","","nlp-srv2.iem.technion.ac.il","MUL_IMAGE_HUBMAP_HPA","2026-04-09T07:01:42.000Z","595"
"light_MUL_IMAGE_HUBMAP_HPA_3","0.9557705073184656","60","LightGBM 💡","3","ft","","nlp-srv2.iem.technion.ac.il","MUL_IMAGE_HUBMAP_HPA","2026-04-09T06:52:22.000Z","554"
"tabpfnv2p5_MUL_IMAGE_HUBMAP_HPA_2","0.9788569761622216","60","TabPFN-v2p5 🇩🇪","2","ft","","nlp-srv2.iem.technion.ac.il","MUL_IMAGE_HUBMAP_HPA","2026-04-09T06:42:39.000Z","578"
"tabpfnv2_MUL_IMAGE_HUBMAP_HPA_2","0.9749261295397867","60","TabPFN-v2 🤯","2","ft","","nlp-srv2.iem.technion.ac.il","MUL_IMAGE_HUBMAP_HPA","2026-04-09T06:32:46.000Z","585"
"tabm_MUL_IMAGE_HUBMAP_HPA_2","0.9739051084490556","60","TabM Ⓜ️","2","ft","","nlp-srv2.iem.technion.ac.il","MUL_IMAGE_HUBMAP_HPA","2026-04-09T06:23:57.000Z","523"
"cat_MUL_IMAGE_HUBMAP_HPA_2","0.9655854401624644","60","CatBoost 😸","2","ft","","nlp-srv2.iem.technion.ac.il","MUL_IMAGE_HUBMAP_HPA","2026-04-09T06:14:05.000Z","585"
"light_MUL_IMAGE_HUBMAP_HPA_2","0.9610905190938016","60","LightGBM 💡","2","ft","","nlp-srv2.iem.technion.ac.il","MUL_IMAGE_HUBMAP_HPA","2026-04-09T06:05:16.000Z","526"
"tabpfnv2p5_MUL_IMAGE_HUBMAP_HPA_1","0.9789381956280436","60","TabPFN-v2p5 🇩🇪","1","ft","","nlp-srv2.iem.technion.ac.il","MUL_IMAGE_HUBMAP_HPA","2026-04-09T05:55:58.000Z","590"
"tabpfnv2_MUL_IMAGE_HUBMAP_HPA_1","0.9758660587486564","60","TabPFN-v2 🤯","1","ft","","nlp-srv2.iem.technion.ac.il","MUL_IMAGE_HUBMAP_HPA","2026-04-09T05:46:00.000Z","591"
"tabm_MUL_IMAGE_HUBMAP_HPA_1","0.9723722484074092","60","TabM Ⓜ️","1","ft","","nlp-srv2.iem.technion.ac.il","MUL_IMAGE_HUBMAP_HPA","2026-04-09T05:36:49.000Z","547"
"cat_MUL_IMAGE_HUBMAP_HPA_1","0.9652473648561172","60","CatBoost 😸","1","ft","","nlp-srv2.iem.technion.ac.il","MUL_IMAGE_HUBMAP_HPA","2026-04-09T05:27:02.000Z","581"
"light_MUL_IMAGE_HUBMAP_HPA_1","0.9540603167708804","60","LightGBM 💡","1","ft","","nlp-srv2.iem.technion.ac.il","MUL_IMAGE_HUBMAP_HPA","2026-04-09T05:17:41.000Z","549"
"tabpfnv2p5_MUL_IMAGE_HUBMAP_HPA_0","0.976045441275562","60","TabPFN-v2p5 🇩🇪","0","ft","","nlp-srv2.iem.technion.ac.il","MUL_IMAGE_HUBMAP_HPA","2026-04-09T05:07:49.000Z","588"
"tabpfnv2_MUL_IMAGE_HUBMAP_HPA_0","0.973084576444711","60","TabPFN-v2 🤯","0","ft","","nlp-srv2.iem.technion.ac.il","MUL_IMAGE_HUBMAP_HPA","2026-04-09T04:57:47.000Z","593"
"tabm_MUL_IMAGE_HUBMAP_HPA_0","0.970876498040373","60","TabM Ⓜ️","0","ft","","nlp-srv2.iem.technion.ac.il","MUL_IMAGE_HUBMAP_HPA","2026-04-09T04:48:00.000Z","582"
"cat_MUL_IMAGE_HUBMAP_HPA_0","0.9652150848103372","60","CatBoost 😸","0","ft","","nlp-srv2.iem.technion.ac.il","MUL_IMAGE_HUBMAP_HPA","2026-04-09T04:37:37.000Z","619"
"light_MUL_IMAGE_HUBMAP_HPA_0","0.952008358614336","60","LightGBM 💡","0","ft","","nlp-srv2.iem.technion.ac.il","MUL_IMAGE_HUBMAP_HPA","2026-04-09T04:27:56.000Z","576"
"tabpfnv2p5_MUL_IMAGE_GLAUCOMA_SMDG_4","0.9305461114167656","60","TabPFN-v2p5 🇩🇪","4","ft","","nlp-srv2.iem.technion.ac.il","MUL_IMAGE_GLAUCOMA_SMDG","2026-04-09T04:20:51.000Z","418"
"tabpfnv2_MUL_IMAGE_GLAUCOMA_SMDG_4","0.9264407849859798","60","TabPFN-v2 🤯","4","ft","","nlp-srv2.iem.technion.ac.il","MUL_IMAGE_GLAUCOMA_SMDG","2026-04-09T04:14:02.000Z","421"
"tabm_MUL_IMAGE_GLAUCOMA_SMDG_4","0.9241114437633428","60","TabM Ⓜ️","4","ft","","nlp-srv2.iem.technion.ac.il","MUL_IMAGE_GLAUCOMA_SMDG","2026-04-09T04:07:09.000Z","405"
"cat_MUL_IMAGE_GLAUCOMA_SMDG_4","0.9029770582702044","60","CatBoost 😸","4","ft","","nlp-srv2.iem.technion.ac.il","MUL_IMAGE_GLAUCOMA_SMDG","2026-04-09T04:00:59.000Z","410"
"light_MUL_IMAGE_GLAUCOMA_SMDG_4","0.9076199774714396","60","LightGBM 💡","4","ft","","nlp-srv2.iem.technion.ac.il","MUL_IMAGE_GLAUCOMA_SMDG","2026-04-09T03:54:04.000Z","409"
"tabpfnv2p5_MUL_IMAGE_GLAUCOMA_SMDG_3","0.9543490156883048","60","TabPFN-v2p5 🇩🇪","3","ft","","nlp-srv2.iem.technion.ac.il","MUL_IMAGE_GLAUCOMA_SMDG","2026-04-09T03:47:37.000Z","440"
"tabpfnv2_MUL_IMAGE_GLAUCOMA_SMDG_3","0.9544338459389602","60","TabPFN-v2 🤯","3","ft","","nlp-srv2.iem.technion.ac.il","MUL_IMAGE_GLAUCOMA_SMDG","2026-04-09T03:40:21.000Z","441"
"tabm_MUL_IMAGE_GLAUCOMA_SMDG_3","0.9519955534277438","60","TabM Ⓜ️","3","ft","","nlp-srv2.iem.technion.ac.il","MUL_IMAGE_GLAUCOMA_SMDG","2026-04-09T03:33:53.000Z","383"
"cat_MUL_IMAGE_GLAUCOMA_SMDG_3","0.9527679213158096","60","CatBoost 😸","3","ft","","nlp-srv2.iem.technion.ac.il","MUL_IMAGE_GLAUCOMA_SMDG","2026-04-09T03:27:41.000Z","386"
"light_MUL_IMAGE_GLAUCOMA_SMDG_3","0.945850330741536","60","LightGBM 💡","3","ft","","nlp-srv2.iem.technion.ac.il","MUL_IMAGE_GLAUCOMA_SMDG","2026-04-09T03:20:57.000Z","400"
"tabpfnv2p5_MUL_IMAGE_GLAUCOMA_SMDG_2","0.954400249793832","60","TabPFN-v2p5 🇩🇪","2","ft","","nlp-srv2.iem.technion.ac.il","MUL_IMAGE_GLAUCOMA_SMDG","2026-04-09T03:15:02.000Z","385"
"tabpfnv2_MUL_IMAGE_GLAUCOMA_SMDG_2","0.9520044975998072","60","TabPFN-v2 🤯","2","ft","","nlp-srv2.iem.technion.ac.il","MUL_IMAGE_GLAUCOMA_SMDG","2026-04-09T03:08:30.000Z","385"
"tabm_MUL_IMAGE_GLAUCOMA_SMDG_2","0.9512181353604706","60","TabM Ⓜ️","2","ft","","nlp-srv2.iem.technion.ac.il","MUL_IMAGE_GLAUCOMA_SMDG","2026-04-09T03:02:11.000Z","415"
"cat_MUL_IMAGE_GLAUCOMA_SMDG_2","0.9492139052266516","60","CatBoost 😸","2","ft","","nlp-srv2.iem.technion.ac.il","MUL_IMAGE_GLAUCOMA_SMDG","2026-04-09T02:54:57.000Z","427"
"light_MUL_IMAGE_GLAUCOMA_SMDG_2","0.9457765997174936","60","LightGBM 💡","2","ft","","nlp-srv2.iem.technion.ac.il","MUL_IMAGE_GLAUCOMA_SMDG","2026-04-09T02:47:58.000Z","424"
"tabpfnv2p5_MUL_IMAGE_GLAUCOMA_SMDG_1","0.9426305293690226","60","TabPFN-v2p5 🇩🇪","1","ft","","nlp-srv2.iem.technion.ac.il","MUL_IMAGE_GLAUCOMA_SMDG","2026-04-09T02:41:41.000Z","420"
"tabpfnv2_MUL_IMAGE_GLAUCOMA_SMDG_1","0.9367727590566912","60","TabPFN-v2 🤯","1","ft","","nlp-srv2.iem.technion.ac.il","MUL_IMAGE_GLAUCOMA_SMDG","2026-04-09T02:35:02.000Z","428"
"tabm_MUL_IMAGE_GLAUCOMA_SMDG_1","0.9275178959478148","60","TabM Ⓜ️","1","ft","","nlp-srv2.iem.technion.ac.il","MUL_IMAGE_GLAUCOMA_SMDG","2026-04-09T02:28:08.000Z","447"
"cat_MUL_IMAGE_GLAUCOMA_SMDG_1","0.9182710474141934","60","CatBoost 😸","1","ft","","nlp-srv2.iem.technion.ac.il","MUL_IMAGE_GLAUCOMA_SMDG","2026-04-09T02:21:03.000Z","451"
"light_MUL_IMAGE_GLAUCOMA_SMDG_1","0.9233531678077892","60","LightGBM 💡","1","ft","","nlp-srv2.iem.technion.ac.il","MUL_IMAGE_GLAUCOMA_SMDG","2026-04-09T02:14:52.000Z","436"
"light_MUL_IMAGE_GLAUCOMA_SMDG_0","0.9232179211800696","60","LightGBM 💡","0","ft","","nlp-srv2.iem.technion.ac.il","MUL_IMAGE_GLAUCOMA_SMDG","2026-04-09T02:00:36.000Z","417"
"tabpfnv2p5_MUL_IMAGE_FLOWER_BOUQUETS_4","0.6597579179165473","60","TabPFN-v2p5 🇩🇪","4","ft","","nlp-srv2.iem.technion.ac.il","MUL_IMAGE_FLOWER_BOUQUETS","2026-04-09T01:59:06.000Z","87"
"tabpfnv2_MUL_IMAGE_FLOWER_BOUQUETS_4","0.6792534304916935","60","TabPFN-v2 🤯","4","ft","","nlp-srv2.iem.technion.ac.il","MUL_IMAGE_FLOWER_BOUQUETS","2026-04-09T01:57:37.000Z","86"
"tabm_MUL_IMAGE_FLOWER_BOUQUETS_4","0.6612228091789413","60","TabM Ⓜ️","4","ft","","nlp-srv2.iem.technion.ac.il","MUL_IMAGE_FLOWER_BOUQUETS","2026-04-09T01:56:33.000Z","56"
"cat_MUL_IMAGE_FLOWER_BOUQUETS_4","0.5938322115371782","60","CatBoost 😸","4","ft","","nlp-srv2.iem.technion.ac.il","MUL_IMAGE_FLOWER_BOUQUETS","2026-04-09T01:55:25.000Z","62"
"light_MUL_IMAGE_FLOWER_BOUQUETS_4","0.6368719116405852","60","LightGBM 💡","4","ft","","nlp-srv2.iem.technion.ac.il","MUL_IMAGE_FLOWER_BOUQUETS","2026-04-09T01:54:22.000Z","58"
"tabpfnv2p5_MUL_IMAGE_FLOWER_BOUQUETS_3","0.6519126389149141","60","TabPFN-v2p5 🇩🇪","3","ft","","nlp-srv2.iem.technion.ac.il","MUL_IMAGE_FLOWER_BOUQUETS","2026-04-09T01:52:57.000Z","81"
"tabpfnv2_MUL_IMAGE_FLOWER_BOUQUETS_3","0.6493358805805532","60","TabPFN-v2 🤯","3","ft","","nlp-srv2.iem.technion.ac.il","MUL_IMAGE_FLOWER_BOUQUETS","2026-04-09T01:51:33.000Z","80"
"tabm_MUL_IMAGE_FLOWER_BOUQUETS_3","0.6220056319230569","60","TabM Ⓜ️","3","ft","","nlp-srv2.iem.technion.ac.il","MUL_IMAGE_FLOWER_BOUQUETS","2026-04-09T01:50:09.000Z","78"
"cat_MUL_IMAGE_FLOWER_BOUQUETS_3","0.632507611885997","60","CatBoost 😸","3","ft","","nlp-srv2.iem.technion.ac.il","MUL_IMAGE_FLOWER_BOUQUETS","2026-04-09T01:48:39.000Z","85"
"light_MUL_IMAGE_FLOWER_BOUQUETS_3","0.618265392375742","60","LightGBM 💡","3","ft","","nlp-srv2.iem.technion.ac.il","MUL_IMAGE_FLOWER_BOUQUETS","2026-04-09T01:47:15.000Z","78"
"tabpfnv2p5_MUL_IMAGE_FLOWER_BOUQUETS_2","0.6916919496214723","60","TabPFN-v2p5 🇩🇪","2","ft","","nlp-srv2.iem.technion.ac.il","MUL_IMAGE_FLOWER_BOUQUETS","2026-04-09T01:46:06.000Z","62"
"tabpfnv2_MUL_IMAGE_FLOWER_BOUQUETS_2","0.6969157089098265","60","TabPFN-v2 🤯","2","ft","","nlp-srv2.iem.technion.ac.il","MUL_IMAGE_FLOWER_BOUQUETS","2026-04-09T01:44:57.000Z","61"
"tabm_MUL_IMAGE_FLOWER_BOUQUETS_2","0.6388039479275607","60","TabM Ⓜ️","2","ft","","nlp-srv2.iem.technion.ac.il","MUL_IMAGE_FLOWER_BOUQUETS","2026-04-09T01:43:43.000Z","66"
"cat_MUL_IMAGE_FLOWER_BOUQUETS_2","0.6243785499543824","60","CatBoost 😸","2","ft","","nlp-srv2.iem.technion.ac.il","MUL_IMAGE_FLOWER_BOUQUETS","2026-04-09T01:42:29.000Z","69"
"tabpfnv2_MUL_IMAGE_FLOWER_BOUQUETS_1","0.654809111529117","60","TabPFN-v2 🤯","1","ft","","nlp-srv2.iem.technion.ac.il","MUL_IMAGE_FLOWER_BOUQUETS","2026-04-09T01:39:18.000Z","78"
"tabm_MUL_IMAGE_FLOWER_BOUQUETS_1","0.5826114195439945","60","TabM Ⓜ️","1","ft","","nlp-srv2.iem.technion.ac.il","MUL_IMAGE_FLOWER_BOUQUETS","2026-04-09T01:37:49.000Z","84"
"cat_MUL_IMAGE_FLOWER_BOUQUETS_1","0.6172323353907981","60","CatBoost 😸","1","ft","","nlp-srv2.iem.technion.ac.il","MUL_IMAGE_FLOWER_BOUQUETS","2026-04-09T01:36:14.000Z","88"
"light_MUL_IMAGE_FLOWER_BOUQUETS_1","0.6155333214417843","60","LightGBM 💡","1","ft","","nlp-srv2.iem.technion.ac.il","MUL_IMAGE_FLOWER_BOUQUETS","2026-04-09T01:34:43.000Z","108"
"tabpfnv2p5_MUL_IMAGE_FLOWER_BOUQUETS_0","0.6592565949917225","60","TabPFN-v2p5 🇩🇪","0","ft","","nlp-srv2.iem.technion.ac.il","MUL_IMAGE_FLOWER_BOUQUETS","2026-04-09T01:33:30.000Z","64"
"tabpfnv2_MUL_IMAGE_FLOWER_BOUQUETS_0","0.6531902057211296","60","TabPFN-v2 🤯","0","ft","","nlp-srv2.iem.technion.ac.il","MUL_IMAGE_FLOWER_BOUQUETS","2026-04-09T01:32:21.000Z","64"
"tabm_MUL_IMAGE_FLOWER_BOUQUETS_0","0.6672557716988072","60","TabM Ⓜ️","0","ft","","nlp-srv2.iem.technion.ac.il","MUL_IMAGE_FLOWER_BOUQUETS","2026-04-09T01:30:46.000Z","103"
"cat_MUL_IMAGE_FLOWER_BOUQUETS_0","0.6611120513309192","60","CatBoost 😸","0","ft","","nlp-srv2.iem.technion.ac.il","MUL_IMAGE_FLOWER_BOUQUETS","2026-04-09T01:29:42.000Z","82"
"tabpfnv2p5_MUL_IMAGE_CSGO_SKIN_PRICE_4","0.8850360237118103","60","TabPFN-v2p5 🇩🇪","4","ft","","nlp-srv2.iem.technion.ac.il","MUL_IMAGE_CSGO_SKIN_PRICE","2026-04-09T01:27:30.000Z","102"
"tabm_MUL_IMAGE_CSGO_SKIN_PRICE_4","0.8558525611795105","60","TabM Ⓜ️","4","ft","","nlp-srv2.iem.technion.ac.il","MUL_IMAGE_CSGO_SKIN_PRICE","2026-04-09T01:25:00.000Z","114"
"cat_MUL_IMAGE_CSGO_SKIN_PRICE_4","0.8696917464660283","60","CatBoost 😸","4","ft","","nlp-srv2.iem.technion.ac.il","MUL_IMAGE_CSGO_SKIN_PRICE","2026-04-09T01:23:59.000Z","124"
"tabpfnv2p5_MUL_IMAGE_CSGO_SKIN_PRICE_3","0.8845246998024017","60","TabPFN-v2p5 🇩🇪","3","ft","","nlp-srv2.iem.technion.ac.il","MUL_IMAGE_CSGO_SKIN_PRICE","2026-04-09T01:21:29.000Z","116"
"tabpfnv2_MUL_IMAGE_CSGO_SKIN_PRICE_3","0.8835351877184981","60","TabPFN-v2 🤯","3","ft","","nlp-srv2.iem.technion.ac.il","MUL_IMAGE_CSGO_SKIN_PRICE","2026-04-09T01:19:23.000Z","118"
"tabm_MUL_IMAGE_CSGO_SKIN_PRICE_3","0.8717306581547348","60","TabM Ⓜ️","3","ft","","nlp-srv2.iem.technion.ac.il","MUL_IMAGE_CSGO_SKIN_PRICE","2026-04-09T01:17:34.000Z","95"
"cat_MUL_IMAGE_CSGO_SKIN_PRICE_3","0.8713178294573642","60","CatBoost 😸","3","ft","","nlp-srv2.iem.technion.ac.il","MUL_IMAGE_CSGO_SKIN_PRICE","2026-04-09T01:15:44.000Z","104"
"light_MUL_IMAGE_CSGO_SKIN_PRICE_3","0.8468077215382277","60","LightGBM 💡","3","ft","","nlp-srv2.iem.technion.ac.il","MUL_IMAGE_CSGO_SKIN_PRICE","2026-04-09T01:14:13.000Z","136"
"cat_MUL_IMAGE_CSGO_SKIN_PRICE_2","0.869109895120839","60","CatBoost 😸","2","ft","","nlp-srv2.iem.technion.ac.il","MUL_IMAGE_CSGO_SKIN_PRICE","2026-04-09T01:08:27.000Z","119"
"light_MUL_IMAGE_CSGO_SKIN_PRICE_2","0.8314148046815625","60","LightGBM 💡","2","ft","","nlp-srv2.iem.technion.ac.il","MUL_IMAGE_CSGO_SKIN_PRICE","2026-04-09T01:06:27.000Z","116"
"tabpfnv2p5_MUL_IMAGE_CSGO_SKIN_PRICE_1","0.8664207326341389","60","TabPFN-v2p5 🇩🇪","1","ft","","nlp-srv2.iem.technion.ac.il","MUL_IMAGE_CSGO_SKIN_PRICE","2026-04-09T01:05:10.000Z","135"
"light_MUL_IMAGE_CSGO_SKIN_PRICE_1","0.8134813801489589","60","LightGBM 💡","1","ft","","nlp-srv2.iem.technion.ac.il","MUL_IMAGE_CSGO_SKIN_PRICE","2026-04-09T01:00:00.000Z","115"
"tabpfnv2_MUL_IMAGE_CSGO_SKIN_PRICE_0","0.9084787961696308","60","TabPFN-v2 🤯","0","ft","","nlp-srv2.iem.technion.ac.il","MUL_IMAGE_CSGO_SKIN_PRICE","2026-04-09T00:57:27.000Z","100"
"cat_MUL_IMAGE_CSGO_SKIN_PRICE_0","0.8805894512843897","60","CatBoost 😸","0","ft","","nlp-srv2.iem.technion.ac.il","MUL_IMAGE_CSGO_SKIN_PRICE","2026-04-09T00:54:49.000Z","111"
"tabpfnv2_MUL_IMAGE_CHEXPERT_4","0.8153193335541292","60","TabPFN-v2 🤯","4","ft","","nlp-srv2.iem.technion.ac.il","MUL_IMAGE_CHEXPERT","2026-04-09T00:48:15.000Z","273"
"cat_MUL_IMAGE_CHEXPERT_3","0.8000148803987305","60","CatBoost 😸","3","ft","","nlp-srv2.iem.technion.ac.il","MUL_IMAGE_CHEXPERT","2026-04-09T00:27:17.000Z","203"
"tabpfnv2p5_MUL_IMAGE_CHEXPERT_2","0.831889542097492","60","TabPFN-v2p5 🇩🇪","2","ft","","nlp-srv2.iem.technion.ac.il","MUL_IMAGE_CHEXPERT","2026-04-09T00:20:10.000Z","327"
"tabpfnv2_MUL_IMAGE_CHEXPERT_2","0.8314888422608787","60","TabPFN-v2 🤯","2","ft","","nlp-srv2.iem.technion.ac.il","MUL_IMAGE_CHEXPERT","2026-04-09T00:15:16.000Z","287"
"cat_MUL_IMAGE_CHEXPERT_2","0.8126920186614764","60","CatBoost 😸","2","ft","","nlp-srv2.iem.technion.ac.il","MUL_IMAGE_CHEXPERT","2026-04-09T00:10:36.000Z","253"
"tabpfnv2p5_MUL_IMAGE_CHEXPERT_1","0.8183033581750632","60","TabPFN-v2p5 🇩🇪","1","ft","","nlp-srv2.iem.technion.ac.il","MUL_IMAGE_CHEXPERT","2026-04-09T00:05:37.000Z","204"
"tabpfnv2_MUL_IMAGE_CHEXPERT_1","0.8188523500326301","60","TabPFN-v2 🤯","1","ft","","nlp-srv2.iem.technion.ac.il","MUL_IMAGE_CHEXPERT","2026-04-09T00:01:57.000Z","215"
"tabm_MUL_IMAGE_CHEXPERT_1","0.7888017693101884","60","TabM Ⓜ️","1","ft","","nlp-srv2.iem.technion.ac.il","MUL_IMAGE_CHEXPERT","2026-04-08T23:58:17.000Z","215"
"cat_MUL_IMAGE_CHEXPERT_1","0.8039802305839734","60","CatBoost 😸","1","ft","","nlp-srv2.iem.technion.ac.il","MUL_IMAGE_CHEXPERT","2026-04-08T23:54:27.000Z","226"
"light_MUL_IMAGE_CHEXPERT_1","0.8057338456757211","60","LightGBM 💡","1","ft","","nlp-srv2.iem.technion.ac.il","MUL_IMAGE_CHEXPERT","2026-04-08T23:50:58.000Z","216"
"tabpfnv2p5_MUL_IMAGE_CHEXPERT_0","0.817525302060694","60","TabPFN-v2p5 🇩🇪","0","ft","","nlp-srv2.iem.technion.ac.il","MUL_IMAGE_CHEXPERT","2026-04-08T23:46:53.000Z","242"
"tabpfnv2_MUL_IMAGE_CHEXPERT_0","0.8176366298434946","60","TabPFN-v2 🤯","0","ft","","nlp-srv2.iem.technion.ac.il","MUL_IMAGE_CHEXPERT","2026-04-08T23:43:47.000Z","241"
"tabm_MUL_IMAGE_CHEXPERT_0","0.7749961424003161","60","TabM Ⓜ️","0","ft","","nlp-srv2.iem.technion.ac.il","MUL_IMAGE_CHEXPERT","2026-04-08T23:40:13.000Z","208"
"cat_MUL_IMAGE_CHEXPERT_0","0.7987183520293236","60","CatBoost 😸","0","ft","","nlp-srv2.iem.technion.ac.il","MUL_IMAGE_CHEXPERT","2026-04-08T23:37:05.000Z","201"
"light_MUL_IMAGE_CHEXPERT_0","0.8014110274854914","60","LightGBM 💡","0","ft","","nlp-srv2.iem.technion.ac.il","MUL_IMAGE_CHEXPERT","2026-04-08T23:33:41.000Z","196"
"tabpfnv2p5_MUL_IMAGE_CBIS_DDSM_4","0.8988397571336931","60","TabPFN-v2p5 🇩🇪","4","ft","","nlp-srv2.iem.technion.ac.il","MUL_IMAGE_CBIS_DDSM","2026-04-08T23:27:08.000Z","440"
"tabpfnv2_MUL_IMAGE_CBIS_DDSM_4","0.8979965773113457","60","TabPFN-v2 🤯","4","ft","","nlp-srv2.iem.technion.ac.il","MUL_IMAGE_CBIS_DDSM","2026-04-08T23:19:01.000Z","434"
"tabm_MUL_IMAGE_CBIS_DDSM_4","0.8945985117492848","60","TabM Ⓜ️","4","ft","","nlp-srv2.iem.technion.ac.il","MUL_IMAGE_CBIS_DDSM","2026-04-08T23:11:34.000Z","407"
"cat_MUL_IMAGE_CBIS_DDSM_4","0.8802219367950725","60","CatBoost 😸","4","ft","","nlp-srv2.iem.technion.ac.il","MUL_IMAGE_CBIS_DDSM","2026-04-08T23:04:22.000Z","417"
"light_MUL_IMAGE_CBIS_DDSM_4","0.882271154830907","60","LightGBM 💡","4","ft","","nlp-srv2.iem.technion.ac.il","MUL_IMAGE_CBIS_DDSM","2026-04-08T22:56:30.000Z","411"
"tabpfnv2p5_MUL_IMAGE_CBIS_DDSM_3","0.9154461716399018","60","TabPFN-v2p5 🇩🇪","3","ft","","nlp-srv2.iem.technion.ac.il","MUL_IMAGE_CBIS_DDSM","2026-04-08T22:49:00.000Z","421"
"tabpfnv2_MUL_IMAGE_CBIS_DDSM_3","0.912267670203901","60","TabPFN-v2 🤯","3","ft","","nlp-srv2.iem.technion.ac.il","MUL_IMAGE_CBIS_DDSM","2026-04-08T22:41:24.000Z","429"
"tabm_MUL_IMAGE_CBIS_DDSM_3","0.9065275688001676","60","TabM Ⓜ️","3","ft","","nlp-srv2.iem.technion.ac.il","MUL_IMAGE_CBIS_DDSM","2026-04-08T22:33:46.000Z","406"
"cat_MUL_IMAGE_CBIS_DDSM_3","0.9071601683732776","60","CatBoost 😸","3","ft","","nlp-srv2.iem.technion.ac.il","MUL_IMAGE_CBIS_DDSM","2026-04-08T22:26:39.000Z","404"
"light_MUL_IMAGE_CBIS_DDSM_3","0.9056649306353576","60","LightGBM 💡","3","ft","","nlp-srv2.iem.technion.ac.il","MUL_IMAGE_CBIS_DDSM","2026-04-08T22:18:50.000Z","407"
"tabpfnv2p5_MUL_IMAGE_CBIS_DDSM_2","0.8786073579615912","60","TabPFN-v2p5 🇩🇪","2","ft","","nlp-srv2.iem.technion.ac.il","MUL_IMAGE_CBIS_DDSM","2026-04-08T22:10:56.000Z","441"
"tabpfnv2_MUL_IMAGE_CBIS_DDSM_2","0.8756792723883644","60","TabPFN-v2 🤯","2","ft","","nlp-srv2.iem.technion.ac.il","MUL_IMAGE_CBIS_DDSM","2026-04-08T22:03:30.000Z","439"
"tabm_MUL_IMAGE_CBIS_DDSM_2","0.8904692754510066","60","TabM Ⓜ️","2","ft","","nlp-srv2.iem.technion.ac.il","MUL_IMAGE_CBIS_DDSM","2026-04-08T21:55:41.000Z","426"
"cat_MUL_IMAGE_CBIS_DDSM_2","0.8608569902105168","60","CatBoost 😸","2","ft","","nlp-srv2.iem.technion.ac.il","MUL_IMAGE_CBIS_DDSM","2026-04-08T21:48:00.000Z","422"
"light_MUL_IMAGE_CBIS_DDSM_2","0.8690303782127231","60","LightGBM 💡","2","ft","","nlp-srv2.iem.technion.ac.il","MUL_IMAGE_CBIS_DDSM","2026-04-08T21:40:46.000Z","423"
"tabpfnv2p5_MUL_IMAGE_CBIS_DDSM_1","0.9076864218646284","60","TabPFN-v2p5 🇩🇪","1","ft","","nlp-srv2.iem.technion.ac.il","MUL_IMAGE_CBIS_DDSM","2026-04-08T21:32:40.000Z","426"
"tabpfnv2_MUL_IMAGE_CBIS_DDSM_1","0.9035646797767796","60","TabPFN-v2 🤯","1","ft","","nlp-srv2.iem.technion.ac.il","MUL_IMAGE_CBIS_DDSM","2026-04-08T21:25:21.000Z","422"
"tabm_MUL_IMAGE_CBIS_DDSM_1","0.9039514481776988","60","TabM Ⓜ️","1","ft","","nlp-srv2.iem.technion.ac.il","MUL_IMAGE_CBIS_DDSM","2026-04-08T21:18:19.000Z","397"
"cat_MUL_IMAGE_CBIS_DDSM_1","0.8994391230282869","60","CatBoost 😸","1","ft","","nlp-srv2.iem.technion.ac.il","MUL_IMAGE_CBIS_DDSM","2026-04-08T21:10:23.000Z","406"
"light_MUL_IMAGE_CBIS_DDSM_1","0.8926707068163122","60","LightGBM 💡","1","ft","","nlp-srv2.iem.technion.ac.il","MUL_IMAGE_CBIS_DDSM","2026-04-08T21:03:10.000Z","403"
"tabpfnv2p5_MUL_IMAGE_CBIS_DDSM_0","0.8959526003436737","60","TabPFN-v2p5 🇩🇪","0","ft","","nlp-srv2.iem.technion.ac.il","MUL_IMAGE_CBIS_DDSM","2026-04-08T20:55:39.000Z","445"
"tabpfnv2_MUL_IMAGE_CBIS_DDSM_0","0.8964705890120723","60","TabPFN-v2 🤯","0","ft","","nlp-srv2.iem.technion.ac.il","MUL_IMAGE_CBIS_DDSM","2026-04-08T20:47:47.000Z","466"
"tabm_MUL_IMAGE_CBIS_DDSM_0","0.889755142130894","60","TabM Ⓜ️","0","ft","","nlp-srv2.iem.technion.ac.il","MUL_IMAGE_CBIS_DDSM","2026-04-08T20:40:12.000Z","395"
"cat_MUL_IMAGE_CBIS_DDSM_0","0.8867474756796085","60","CatBoost 😸","0","ft","","nlp-srv2.iem.technion.ac.il","MUL_IMAGE_CBIS_DDSM","2026-04-08T20:32:09.000Z","409"
"light_MUL_IMAGE_CBIS_DDSM_0","0.8721603879102164","60","LightGBM 💡","0","ft","","nlp-srv2.iem.technion.ac.il","MUL_IMAGE_CBIS_DDSM","2026-04-08T20:24:59.000Z","396"
"tabpfnv2p5_BIN_IMAGE_MAMMOGRAPHY_CMMD_4","0.8028963414634146","60","TabPFN-v2p5 🇩🇪","4","ft","","nlp-srv2.iem.technion.ac.il","BIN_IMAGE_MAMMOGRAPHY_CMMD","2026-04-08T20:18:35.000Z","296"
"tabpfnv2_BIN_IMAGE_MAMMOGRAPHY_CMMD_4","0.7936737804878049","60","TabPFN-v2 🤯","4","ft","","nlp-srv2.iem.technion.ac.il","BIN_IMAGE_MAMMOGRAPHY_CMMD","2026-04-08T20:13:04.000Z","325"
"tabm_BIN_IMAGE_MAMMOGRAPHY_CMMD_4","0.7482578397212543","60","TabM Ⓜ️","4","ft","","nlp-srv2.iem.technion.ac.il","BIN_IMAGE_MAMMOGRAPHY_CMMD","2026-04-08T20:07:24.000Z","333"
"cat_BIN_IMAGE_MAMMOGRAPHY_CMMD_4","0.7626742160278746","60","CatBoost 😸","4","ft","","nlp-srv2.iem.technion.ac.il","BIN_IMAGE_MAMMOGRAPHY_CMMD","2026-04-08T20:01:37.000Z","342"
"light_BIN_IMAGE_MAMMOGRAPHY_CMMD_4","0.7329050522648084","60","LightGBM 💡","4","ft","","nlp-srv2.iem.technion.ac.il","BIN_IMAGE_MAMMOGRAPHY_CMMD","2026-04-08T19:55:52.000Z","339"
"tabpfnv2p5_BIN_IMAGE_MAMMOGRAPHY_CMMD_3","0.808493031358885","60","TabPFN-v2p5 🇩🇪","3","ft","","nlp-srv2.iem.technion.ac.il","BIN_IMAGE_MAMMOGRAPHY_CMMD","2026-04-08T19:49:39.000Z","368"
"tabpfnv2_BIN_IMAGE_MAMMOGRAPHY_CMMD_3","0.7950130662020907","60","TabPFN-v2 🤯","3","ft","","nlp-srv2.iem.technion.ac.il","BIN_IMAGE_MAMMOGRAPHY_CMMD","2026-04-08T19:43:27.000Z","367"
"tabm_BIN_IMAGE_MAMMOGRAPHY_CMMD_3","0.7542029616724738","60","TabM Ⓜ️","3","ft","","nlp-srv2.iem.technion.ac.il","BIN_IMAGE_MAMMOGRAPHY_CMMD","2026-04-08T19:37:51.000Z","329"
"cat_BIN_IMAGE_MAMMOGRAPHY_CMMD_3","0.7108013937282229","60","CatBoost 😸","3","ft","","nlp-srv2.iem.technion.ac.il","BIN_IMAGE_MAMMOGRAPHY_CMMD","2026-04-08T19:32:16.000Z","331"
"light_BIN_IMAGE_MAMMOGRAPHY_CMMD_3","0.7142639372822298","60","LightGBM 💡","3","ft","","nlp-srv2.iem.technion.ac.il","BIN_IMAGE_MAMMOGRAPHY_CMMD","2026-04-08T19:26:45.000Z","325"
"tabpfnv2p5_BIN_IMAGE_MAMMOGRAPHY_CMMD_2","0.8215265679442508","60","TabPFN-v2p5 🇩🇪","2","ft","","nlp-srv2.iem.technion.ac.il","BIN_IMAGE_MAMMOGRAPHY_CMMD","2026-04-08T19:20:15.000Z","387"
"tabpfnv2_BIN_IMAGE_MAMMOGRAPHY_CMMD_2","0.8183144599303136","60","TabPFN-v2 🤯","2","ft","","nlp-srv2.iem.technion.ac.il","BIN_IMAGE_MAMMOGRAPHY_CMMD","2026-04-08T19:13:41.000Z","387"
"tabm_BIN_IMAGE_MAMMOGRAPHY_CMMD_2","0.7457099303135889","60","TabM Ⓜ️","2","ft","","nlp-srv2.iem.technion.ac.il","BIN_IMAGE_MAMMOGRAPHY_CMMD","2026-04-08T19:07:50.000Z","347"
"cat_BIN_IMAGE_MAMMOGRAPHY_CMMD_2","0.7637412891986062","60","CatBoost 😸","2","ft","","nlp-srv2.iem.technion.ac.il","BIN_IMAGE_MAMMOGRAPHY_CMMD","2026-04-08T19:01:58.000Z","344"
"light_BIN_IMAGE_MAMMOGRAPHY_CMMD_2","0.7529181184668988","60","LightGBM 💡","2","ft","","nlp-srv2.iem.technion.ac.il","BIN_IMAGE_MAMMOGRAPHY_CMMD","2026-04-08T18:56:12.000Z","343"
"tabpfnv2p5_BIN_IMAGE_MAMMOGRAPHY_CMMD_1","0.8217007839721255","60","TabPFN-v2p5 🇩🇪","1","ft","","nlp-srv2.iem.technion.ac.il","BIN_IMAGE_MAMMOGRAPHY_CMMD","2026-04-08T18:50:19.000Z","387"
"tabpfnv2_BIN_IMAGE_MAMMOGRAPHY_CMMD_1","0.7994664634146342","60","TabPFN-v2 🤯","1","ft","","nlp-srv2.iem.technion.ac.il","BIN_IMAGE_MAMMOGRAPHY_CMMD","2026-04-08T18:43:46.000Z","386"
"tabm_BIN_IMAGE_MAMMOGRAPHY_CMMD_1","0.729072299651568","60","TabM Ⓜ️","1","ft","","nlp-srv2.iem.technion.ac.il","BIN_IMAGE_MAMMOGRAPHY_CMMD","2026-04-08T18:37:26.000Z","387"
"cat_BIN_IMAGE_MAMMOGRAPHY_CMMD_1","0.7622822299651568","60","CatBoost 😸","1","ft","","nlp-srv2.iem.technion.ac.il","BIN_IMAGE_MAMMOGRAPHY_CMMD","2026-04-08T18:30:54.000Z","387"
"light_BIN_IMAGE_MAMMOGRAPHY_CMMD_1","0.7178789198606271","60","LightGBM 💡","1","ft","","nlp-srv2.iem.technion.ac.il","BIN_IMAGE_MAMMOGRAPHY_CMMD","2026-04-08T18:24:41.000Z","385"
"tabpfnv2p5_BIN_IMAGE_MAMMOGRAPHY_CMMD_0","0.849455574912892","60","TabPFN-v2p5 🇩🇪","0","ft","","nlp-srv2.iem.technion.ac.il","BIN_IMAGE_MAMMOGRAPHY_CMMD","2026-04-08T18:18:42.000Z","366"
"tabpfnv2_BIN_IMAGE_MAMMOGRAPHY_CMMD_0","0.8484102787456447","60","TabPFN-v2 🤯","0","ft","","nlp-srv2.iem.technion.ac.il","BIN_IMAGE_MAMMOGRAPHY_CMMD","2026-04-08T18:12:29.000Z","365"
"tabm_BIN_IMAGE_MAMMOGRAPHY_CMMD_0","0.7889590592334494","60","TabM Ⓜ️","0","ft","","nlp-srv2.iem.technion.ac.il","BIN_IMAGE_MAMMOGRAPHY_CMMD","2026-04-08T18:06:12.000Z","370"
"cat_BIN_IMAGE_MAMMOGRAPHY_CMMD_0","0.8294642857142857","60","CatBoost 😸","0","ft","","nlp-srv2.iem.technion.ac.il","BIN_IMAGE_MAMMOGRAPHY_CMMD","2026-04-08T17:59:54.000Z","376"
"light_BIN_IMAGE_MAMMOGRAPHY_CMMD_0","0.8080792682926828","60","LightGBM 💡","0","ft","","nlp-srv2.iem.technion.ac.il","BIN_IMAGE_MAMMOGRAPHY_CMMD","2026-04-08T17:53:41.000Z","369"
"tabpfnv2p5_BIN_IMAGE_HATEFUL_MEME_4","0.7523319982433956","60","TabPFN-v2p5 🇩🇪","4","ft","","nlp-srv2.iem.technion.ac.il","BIN_IMAGE_HATEFUL_MEME","2026-04-08T17:43:17.000Z","616"
"tabpfnv2_BIN_IMAGE_HATEFUL_MEME_4","0.7485912772948291","60","TabPFN-v2 🤯","4","ft","","nlp-srv2.iem.technion.ac.il","BIN_IMAGE_HATEFUL_MEME","2026-04-08T17:32:42.000Z","616"
"tabm_BIN_IMAGE_HATEFUL_MEME_4","0.759096512716864","60","TabM Ⓜ️","4","ft","","nlp-srv2.iem.technion.ac.il","BIN_IMAGE_HATEFUL_MEME","2026-04-08T17:22:30.000Z","591"
"cat_BIN_IMAGE_HATEFUL_MEME_4","0.7298850270633489","60","CatBoost 😸","4","ft","","nlp-srv2.iem.technion.ac.il","BIN_IMAGE_HATEFUL_MEME","2026-04-08T17:12:32.000Z","590"
"light_BIN_IMAGE_HATEFUL_MEME_4","0.7155517695673568","60","LightGBM 💡","4","ft","","nlp-srv2.iem.technion.ac.il","BIN_IMAGE_HATEFUL_MEME","2026-04-08T17:02:39.000Z","586"
"tabpfnv2p5_BIN_IMAGE_HATEFUL_MEME_3","0.7880646134147438","60","TabPFN-v2p5 🇩🇪","3","ft","","nlp-srv2.iem.technion.ac.il","BIN_IMAGE_HATEFUL_MEME","2026-04-08T16:52:10.000Z","624"
"tabpfnv2_BIN_IMAGE_HATEFUL_MEME_3","0.764318707308427","60","TabPFN-v2 🤯","3","ft","","nlp-srv2.iem.technion.ac.il","BIN_IMAGE_HATEFUL_MEME","2026-04-08T16:41:25.000Z","619"
"tabm_BIN_IMAGE_HATEFUL_MEME_3","0.7841387082608029","60","TabM Ⓜ️","3","ft","","nlp-srv2.iem.technion.ac.il","BIN_IMAGE_HATEFUL_MEME","2026-04-08T16:31:47.000Z","571"
"cat_BIN_IMAGE_HATEFUL_MEME_3","0.7570806503669293","60","CatBoost 😸","3","ft","","nlp-srv2.iem.technion.ac.il","BIN_IMAGE_HATEFUL_MEME","2026-04-08T16:22:13.000Z","556"
"light_BIN_IMAGE_HATEFUL_MEME_3","0.7331442690779415","60","LightGBM 💡","3","ft","","nlp-srv2.iem.technion.ac.il","BIN_IMAGE_HATEFUL_MEME","2026-04-08T16:12:46.000Z","563"
"tabpfnv2p5_BIN_IMAGE_HATEFUL_MEME_2","0.7826201977767315","60","TabPFN-v2p5 🇩🇪","2","ft","","nlp-srv2.iem.technion.ac.il","BIN_IMAGE_HATEFUL_MEME","2026-04-08T16:02:46.000Z","593"
"tabpfnv2_BIN_IMAGE_HATEFUL_MEME_2","0.7541203485695844","60","TabPFN-v2 🤯","2","ft","","nlp-srv2.iem.technion.ac.il","BIN_IMAGE_HATEFUL_MEME","2026-04-08T15:52:15.000Z","589"
"tabm_BIN_IMAGE_HATEFUL_MEME_2","0.7803080406981973","60","TabM Ⓜ️","2","ft","","nlp-srv2.iem.technion.ac.il","BIN_IMAGE_HATEFUL_MEME","2026-04-08T15:42:38.000Z","574"
"cat_BIN_IMAGE_HATEFUL_MEME_2","0.7490172009671906","60","CatBoost 😸","2","ft","","nlp-srv2.iem.technion.ac.il","BIN_IMAGE_HATEFUL_MEME","2026-04-08T15:33:03.000Z","568"
"light_BIN_IMAGE_HATEFUL_MEME_2","0.7467791175708066","60","LightGBM 💡","2","ft","","nlp-srv2.iem.technion.ac.il","BIN_IMAGE_HATEFUL_MEME","2026-04-08T15:23:41.000Z","559"
"tabpfnv2p5_BIN_IMAGE_HATEFUL_MEME_1","0.7727525251189147","60","TabPFN-v2p5 🇩🇪","1","ft","","nlp-srv2.iem.technion.ac.il","BIN_IMAGE_HATEFUL_MEME","2026-04-08T15:13:17.000Z","617"
"tabpfnv2_BIN_IMAGE_HATEFUL_MEME_1","0.7558399161909197","60","TabPFN-v2 🤯","1","ft","","nlp-srv2.iem.technion.ac.il","BIN_IMAGE_HATEFUL_MEME","2026-04-08T15:02:50.000Z","621"
"tabm_BIN_IMAGE_HATEFUL_MEME_1","0.7774985317538001","60","TabM Ⓜ️","1","ft","","nlp-srv2.iem.technion.ac.il","BIN_IMAGE_HATEFUL_MEME","2026-04-08T14:53:16.000Z","569"
"cat_BIN_IMAGE_HATEFUL_MEME_1","0.739287093719081","60","CatBoost 😸","1","ft","","nlp-srv2.iem.technion.ac.il","BIN_IMAGE_HATEFUL_MEME","2026-04-08T14:43:52.000Z","556"
"light_BIN_IMAGE_HATEFUL_MEME_1","0.7385251929883968","60","LightGBM 💡","1","ft","","nlp-srv2.iem.technion.ac.il","BIN_IMAGE_HATEFUL_MEME","2026-04-08T14:34:32.000Z","554"
"tabpfnv2p5_BIN_IMAGE_HATEFUL_MEME_0","0.7927365463674796","60","TabPFN-v2p5 🇩🇪","0","ft","","nlp-srv2.iem.technion.ac.il","BIN_IMAGE_HATEFUL_MEME","2026-04-08T14:24:05.000Z","619"
"tabpfnv2_BIN_IMAGE_HATEFUL_MEME_0","0.7770355712403638","60","TabPFN-v2 🤯","0","ft","","nlp-srv2.iem.technion.ac.il","BIN_IMAGE_HATEFUL_MEME","2026-04-08T14:13:45.000Z","613"
"tabm_BIN_IMAGE_HATEFUL_MEME_0","0.7826731075496954","60","TabM Ⓜ️","0","ft","","nlp-srv2.iem.technion.ac.il","BIN_IMAGE_HATEFUL_MEME","2026-04-08T14:03:51.000Z","587"
"cat_BIN_IMAGE_HATEFUL_MEME_0","0.7502235437907735","60","CatBoost 😸","0","ft","","nlp-srv2.iem.technion.ac.il","BIN_IMAGE_HATEFUL_MEME","2026-04-08T13:54:03.000Z","579"
"light_BIN_IMAGE_HATEFUL_MEME_0","0.7428796673033476","60","LightGBM 💡","0","ft","","nlp-srv2.iem.technion.ac.il","BIN_IMAGE_HATEFUL_MEME","2026-04-08T13:44:26.000Z","570"
"tabpfnv2p5_BIN_IMAGE_CELEB_ATTRACTIVENESS_4","0.9225375223493228","60","TabPFN-v2p5 🇩🇪","4","ft","","nlp-srv2.iem.technion.ac.il","BIN_IMAGE_CELEB_ATTRACTIVENESS","2026-04-08T13:37:27.000Z","351"
"tabpfnv2_BIN_IMAGE_CELEB_ATTRACTIVENESS_4","0.9212758549272564","60","TabPFN-v2 🤯","4","ft","","nlp-srv2.iem.technion.ac.il","BIN_IMAGE_CELEB_ATTRACTIVENESS","2026-04-08T13:33:25.000Z","350"
"tabm_BIN_IMAGE_CELEB_ATTRACTIVENESS_4","0.916635900391307","60","TabM Ⓜ️","4","ft","","nlp-srv2.iem.technion.ac.il","BIN_IMAGE_CELEB_ATTRACTIVENESS","2026-04-08T13:27:49.000Z","332"
"cat_BIN_IMAGE_CELEB_ATTRACTIVENESS_4","0.9184818769128869","60","CatBoost 😸","4","ft","","nlp-srv2.iem.technion.ac.il","BIN_IMAGE_CELEB_ATTRACTIVENESS","2026-04-08T13:23:16.000Z","330"
"light_BIN_IMAGE_CELEB_ATTRACTIVENESS_4","0.9152961916854016","60","LightGBM 💡","4","ft","","nlp-srv2.iem.technion.ac.il","BIN_IMAGE_CELEB_ATTRACTIVENESS","2026-04-08T13:18:58.000Z","325"
"tabpfnv2p5_BIN_IMAGE_CELEB_ATTRACTIVENESS_3","0.9050117512163934","60","TabPFN-v2p5 🇩🇪","3","ft","","nlp-srv2.iem.technion.ac.il","BIN_IMAGE_CELEB_ATTRACTIVENESS","2026-04-08T13:13:54.000Z","410"
"tabpfnv2_BIN_IMAGE_CELEB_ATTRACTIVENESS_3","0.9033428683773717","60","TabPFN-v2 🤯","3","ft","","nlp-srv2.iem.technion.ac.il","BIN_IMAGE_CELEB_ATTRACTIVENESS","2026-04-08T13:06:38.000Z","481"
"tabm_BIN_IMAGE_CELEB_ATTRACTIVENESS_3","0.9085546253968348","60","TabM Ⓜ️","3","ft","","nlp-srv2.iem.technion.ac.il","BIN_IMAGE_CELEB_ATTRACTIVENESS","2026-04-08T13:01:17.000Z","358"
"cat_BIN_IMAGE_CELEB_ATTRACTIVENESS_3","0.906791692805494","60","CatBoost 😸","3","ft","","nlp-srv2.iem.technion.ac.il","BIN_IMAGE_CELEB_ATTRACTIVENESS","2026-04-08T12:56:01.000Z","362"
"light_BIN_IMAGE_CELEB_ATTRACTIVENESS_3","0.90442544105832","60","LightGBM 💡","3","ft","","nlp-srv2.iem.technion.ac.il","BIN_IMAGE_CELEB_ATTRACTIVENESS","2026-04-08T12:51:23.000Z","351"
"tabpfnv2p5_BIN_IMAGE_CELEB_ATTRACTIVENESS_2","0.9208121096059816","60","TabPFN-v2p5 🇩🇪","2","ft","","nlp-srv2.iem.technion.ac.il","BIN_IMAGE_CELEB_ATTRACTIVENESS","2026-04-08T12:45:52.000Z","366"
"tabpfnv2_BIN_IMAGE_CELEB_ATTRACTIVENESS_2","0.9186909875324046","60","TabPFN-v2 🤯","2","ft","","nlp-srv2.iem.technion.ac.il","BIN_IMAGE_CELEB_ATTRACTIVENESS","2026-04-08T12:40:53.000Z","357"
"tabm_BIN_IMAGE_CELEB_ATTRACTIVENESS_0","0.9149970334306848","60","TabM Ⓜ️","0","ft","","nlp-srv2.iem.technion.ac.il","BIN_IMAGE_CELEB_ATTRACTIVENESS","2026-04-08T12:36:52.000Z","307"
"cat_BIN_IMAGE_CELEB_ATTRACTIVENESS_0","0.9126347838006306","60","CatBoost 😸","0","ft","","nlp-srv2.iem.technion.ac.il","BIN_IMAGE_CELEB_ATTRACTIVENESS","2026-04-08T12:33:37.000Z","214"
"tabm_BIN_IMAGE_CELEB_ATTRACTIVENESS_2","0.9168850321820242","60","TabM Ⓜ️","2","ft","","nlp-srv2.iem.technion.ac.il","BIN_IMAGE_CELEB_ATTRACTIVENESS","2026-04-08T12:30:43.000Z","284"
"cat_BIN_IMAGE_CELEB_ATTRACTIVENESS_2","0.9160756039945132","60","CatBoost 😸","2","ft","","nlp-srv2.iem.technion.ac.il","BIN_IMAGE_CELEB_ATTRACTIVENESS","2026-04-08T12:24:51.000Z","263"
"light_BIN_IMAGE_CELEB_ATTRACTIVENESS_2","0.9120154561763174","60","LightGBM 💡","2","ft","","nlp-srv2.iem.technion.ac.il","BIN_IMAGE_CELEB_ATTRACTIVENESS","2026-04-08T12:20:24.000Z","286"
"tabpfnv2p5_BIN_IMAGE_CELEB_ATTRACTIVENESS_1","0.9117248024204804","60","TabPFN-v2p5 🇩🇪","1","ft","","nlp-srv2.iem.technion.ac.il","BIN_IMAGE_CELEB_ATTRACTIVENESS","2026-04-08T12:15:34.000Z","419"
"tabpfnv2_BIN_IMAGE_CELEB_ATTRACTIVENESS_1","0.910763794047051","60","TabPFN-v2 🤯","1","ft","","nlp-srv2.iem.technion.ac.il","BIN_IMAGE_CELEB_ATTRACTIVENESS","2026-04-08T12:09:05.000Z","415"
"tabm_BIN_IMAGE_CELEB_ATTRACTIVENESS_1","0.9089438312867508","60","TabM Ⓜ️","1","ft","","nlp-srv2.iem.technion.ac.il","BIN_IMAGE_CELEB_ATTRACTIVENESS","2026-04-08T12:04:44.000Z","307"
"cat_BIN_IMAGE_CELEB_ATTRACTIVENESS_1","0.9118893894870388","60","CatBoost 😸","1","ft","","nlp-srv2.iem.technion.ac.il","BIN_IMAGE_CELEB_ATTRACTIVENESS","2026-04-08T11:59:34.000Z","306"
"light_BIN_IMAGE_CELEB_ATTRACTIVENESS_1","0.9046705707319171","60","LightGBM 💡","1","ft","","nlp-srv2.iem.technion.ac.il","BIN_IMAGE_CELEB_ATTRACTIVENESS","2026-04-08T11:53:52.000Z","344"
"tabpfnv2p5_BIN_IMAGE_CELEB_ATTRACTIVENESS_0","0.9159495373052344","60","TabPFN-v2p5 🇩🇪","0","ft","","nlp-srv2.iem.technion.ac.il","BIN_IMAGE_CELEB_ATTRACTIVENESS","2026-04-08T11:51:14.000Z","303"
"light_BIN_IMAGE_CELEB_ATTRACTIVENESS_0","0.91086384697505","60","LightGBM 💡","0","ft","","nlp-srv2.iem.technion.ac.il","BIN_IMAGE_CELEB_ATTRACTIVENESS","2026-04-08T11:45:20.000Z","302"
"tabpfnv2_BIN_IMAGE_CELEB_ATTRACTIVENESS_0","0.9133226476806232","60","TabPFN-v2 🤯","0","ft","","nlp-srv2.iem.technion.ac.il","BIN_IMAGE_CELEB_ATTRACTIVENESS","2026-04-08T11:39:10.000Z","321"