"Name","test_score","fold","model","dataset","multimodal_state","Hostname","State","Runtime","Created","timestamp"
"iclv2_REG_TEXT_VIDEO_GAMES_SALES_3","0.039646949834410306","3","TabICLv2 🗼","REG_TEXT_VIDEO_GAMES_SALES","no_text","nlp-srv3.dds.technion.ac.il","finished","12","2026-07-25T14:22:55.000Z","2026-07-25 17:22:45"
"dpt_REG_TEXT_TRANSPORTATION_USED_CAR_PAKISTAN_3","0.8047746063929464","3","TabDPT 6️⃣","REG_TEXT_TRANSPORTATION_USED_CAR_PAKISTAN","no_text","nlp-srv3.dds.technion.ac.il","finished","204","2026-07-25T14:17:44.000Z","2026-07-25 17:20:46"
"dpt_REG_TEXT_TRANSPORTATION_USED_CAR_PAKISTAN_3","0.5512055251782051","3","TabDPT 6️⃣","REG_TEXT_TRANSPORTATION_USED_CAR_PAKISTAN","text_only","n305","finished","599","2026-07-25T14:15:48.000Z","2026-07-25 17:25:45"
"dpt_REG_TEXT_TRANSPORTATION_USED_CAR_MERCEDES_BENZ_ITALY_3","-394.1924133300781","3","TabDPT 6️⃣","REG_TEXT_TRANSPORTATION_USED_CAR_MERCEDES_BENZ_ITALY","no_text","nlp-srv3.dds.technion.ac.il","finished","168","2026-07-25T14:15:04.000Z","2026-07-25 17:17:30"
"dpt_REG_TEXT_TRANSPORTATION_USED_CAR_MERCEDES_BENZ_ITALY_3","-186.57652282714844","3","TabDPT 6️⃣","REG_TEXT_TRANSPORTATION_USED_CAR_MERCEDES_BENZ_ITALY","text_only","nlp-srv3.dds.technion.ac.il","finished","206","2026-07-25T14:14:15.000Z","2026-07-25 17:17:19"
"dpt_REG_TEXT_SOCIAL_BOOKS_GOODREADS_3","0.2582233094160886","3","TabDPT 6️⃣","REG_TEXT_SOCIAL_BOOKS_GOODREADS","text_only","n306","finished","317","2026-07-25T14:12:18.000Z","2026-07-25 17:17:34"
"dpt_REG_TEXT_SPORTS_FIFA22_WAGES_3","0.06908073195555797","3","TabDPT 6️⃣","REG_TEXT_SPORTS_FIFA22_WAGES","text_only","n306","finished","593","2026-07-25T14:12:18.000Z","2026-07-25 17:22:09"
"dpt_REG_TEXT_SOCIAL_ANIME_PLANET_RATING_3","0.6603117654120987","3","TabDPT 6️⃣","REG_TEXT_SOCIAL_ANIME_PLANET_RATING","no_text","nlp-srv3.dds.technion.ac.il","finished","149","2026-07-25T14:08:58.000Z","2026-07-25 17:11:06"
"dpt_REG_TEXT_PROFESSIONAL_ML_DS_AI_JOBS_SALARIES_3","0.17741799354553223","3","TabDPT 6️⃣","REG_TEXT_PROFESSIONAL_ML_DS_AI_JOBS_SALARIES","text_only","nlp-srv3.dds.technion.ac.il","finished","450","2026-07-25T14:06:41.000Z","2026-07-25 17:13:49"
"dpt_REG_TEXT_ZOMATO_RESTAURANTS_3","0.6987761368396564","3","TabDPT 6️⃣","REG_TEXT_ZOMATO_RESTAURANTS","no_text","n306","finished","482","2026-07-25T08:56:36.000Z","2026-07-25 12:04:36"
"dpt_REG_TEXT_ZOMATO_RESTAURANTS_3","0.8173000228514922","3","TabDPT 6️⃣","REG_TEXT_ZOMATO_RESTAURANTS","text_only","nlp-srv3.dds.technion.ac.il","finished","827","2026-07-25T08:56:23.000Z","2026-07-25 12:09:48"
"xgb_REG_TEXT_ZOMATO_RESTAURANTS_3","0.6168796604718094","3","XGBoost 🌲","REG_TEXT_ZOMATO_RESTAURANTS","no_text","n306","finished","18","2026-07-25T08:56:15.000Z","2026-07-25 11:56:30"
"xgb_REG_TEXT_ZOMATO_RESTAURANTS_3","0.7995411333562047","3","XGBoost 🌲","REG_TEXT_ZOMATO_RESTAURANTS","text_only","n306","finished","539","2026-07-25T08:55:13.000Z","2026-07-25 12:04:10"
"rf_REG_TEXT_ZOMATO_RESTAURANTS_3","0.6368961695611386","3","RandomForest 🌳","REG_TEXT_ZOMATO_RESTAURANTS","no_text","n306","finished","19","2026-07-25T08:54:51.000Z","2026-07-25 11:55:09"
"rf_REG_TEXT_ZOMATO_RESTAURANTS_3","0.7544500241476357","3","RandomForest 🌳","REG_TEXT_ZOMATO_RESTAURANTS","text_only","n306","finished","666","2026-07-25T08:53:56.000Z","2026-07-25 12:05:01"
"iclv2_REG_TEXT_ZOMATO_RESTAURANTS_3","0.7598829055262781","3","TabICLv2 🗼","REG_TEXT_ZOMATO_RESTAURANTS","no_text","n306","finished","17","2026-07-25T08:53:35.000Z","2026-07-25 11:53:51"
"iclv2_REG_TEXT_ZOMATO_RESTAURANTS_3","0.8569420015852864","3","TabICLv2 🗼","REG_TEXT_ZOMATO_RESTAURANTS","text_only","nlp-srv3.dds.technion.ac.il","finished","834","2026-07-25T08:53:34.000Z","2026-07-25 12:07:06"
"real_REG_TEXT_ZOMATO_RESTAURANTS_3","0.626596397839977","3","RealMLP 🕸","REG_TEXT_ZOMATO_RESTAURANTS","no_text","n306","finished","74","2026-07-25T08:53:33.000Z","2026-07-25 11:54:46"
"real_REG_TEXT_ZOMATO_RESTAURANTS_3","0.8283534061956696","3","RealMLP 🕸","REG_TEXT_ZOMATO_RESTAURANTS","text_only","nlp-srv3.dds.technion.ac.il","finished","823","2026-07-25T08:53:23.000Z","2026-07-25 12:06:44"
"dpt_REG_TEXT_VIDEO_GAMES_SALES_3","0.04515351012383939","3","TabDPT 6️⃣","REG_TEXT_VIDEO_GAMES_SALES","no_text","n306","finished","460","2026-07-25T08:48:25.000Z","2026-07-25 11:56:04"
"dpt_REG_TEXT_VIDEO_GAMES_SALES_3","0.31011018462983075","3","TabDPT 6️⃣","REG_TEXT_VIDEO_GAMES_SALES","text_only","nlp-srv3.dds.technion.ac.il","finished","606","2026-07-25T08:48:17.000Z","2026-07-25 11:58:02"
"xgb_REG_TEXT_VIDEO_GAMES_SALES_3","-0.002165493920874173","3","XGBoost 🌲","REG_TEXT_VIDEO_GAMES_SALES","no_text","n306","finished","14","2026-07-25T08:48:04.000Z","2026-07-25 11:48:15"
"xgb_REG_TEXT_VIDEO_GAMES_SALES_3","0.10423319867403792","3","XGBoost 🌲","REG_TEXT_VIDEO_GAMES_SALES","text_only","n306","finished","112","2026-07-25T08:48:03.000Z","2026-07-25 11:49:54"
"rf_REG_TEXT_VIDEO_GAMES_SALES_3","-0.09811063837663014","3","RandomForest 🌳","REG_TEXT_VIDEO_GAMES_SALES","no_text","nlp-srv3.dds.technion.ac.il","finished","12","2026-07-25T08:48:01.000Z","2026-07-25 11:47:51"
"rf_REG_TEXT_VIDEO_GAMES_SALES_3","0.25941117087151566","3","RandomForest 🌳","REG_TEXT_VIDEO_GAMES_SALES","text_only","nlp20.iem.technion.ac.il","finished","186","2026-07-25T08:47:15.000Z","2026-07-25 11:50:20"
"iclv2_REG_TEXT_VIDEO_GAMES_SALES_3","0.34643304231757377","3","TabICLv2 🗼","REG_TEXT_VIDEO_GAMES_SALES","text_only","n306","finished","118","2026-07-25T08:46:52.000Z","2026-07-25 11:48:49"
"real_REG_TEXT_VIDEO_GAMES_SALES_3","0.01379398708047208","3","RealMLP 🕸","REG_TEXT_VIDEO_GAMES_SALES","no_text","n306","finished","67","2026-07-25T08:46:50.000Z","2026-07-25 11:47:55"
"real_REG_TEXT_VIDEO_GAMES_SALES_3","0.2068595590052018","3","RealMLP 🕸","REG_TEXT_VIDEO_GAMES_SALES","text_only","nlp-srv3.dds.technion.ac.il","finished","357","2026-07-25T08:46:45.000Z","2026-07-25 11:50:37"
"dpt_REG_TEXT_VANCOUVER_SALARIES_3","0.34888450285450223","3","TabDPT 6️⃣","REG_TEXT_VANCOUVER_SALARIES","no_text","nlp-srv3.dds.technion.ac.il","finished","499","2026-07-25T08:41:30.000Z","2026-07-25 11:49:27"
"dpt_REG_TEXT_VANCOUVER_SALARIES_3","0.5919459999189963","3","TabDPT 6️⃣","REG_TEXT_VANCOUVER_SALARIES","text_only","nlp-srv3.dds.technion.ac.il","finished","648","2026-07-25T08:41:28.000Z","2026-07-25 11:51:54"
"xgb_REG_TEXT_VANCOUVER_SALARIES_3","0.2976024468324865","3","XGBoost 🌲","REG_TEXT_VANCOUVER_SALARIES","no_text","nlp-srv3.dds.technion.ac.il","finished","11","2026-07-25T08:41:23.000Z","2026-07-25 11:41:12"
"xgb_REG_TEXT_VANCOUVER_SALARIES_3","0.5461114109077316","3","XGBoost 🌲","REG_TEXT_VANCOUVER_SALARIES","text_only","nlp-srv3.dds.technion.ac.il","finished","197","2026-07-25T08:41:20.000Z","2026-07-25 11:44:16"
"rf_REG_TEXT_VANCOUVER_SALARIES_3","0.25983817661578634","3","RandomForest 🌳","REG_TEXT_VANCOUVER_SALARIES","no_text","nlp-srv3.dds.technion.ac.il","finished","11","2026-07-25T08:41:12.000Z","2026-07-25 11:41:02"
"rf_REG_TEXT_VANCOUVER_SALARIES_3","0.5468685004164946","3","RandomForest 🌳","REG_TEXT_VANCOUVER_SALARIES","text_only","n306","finished","167","2026-07-25T08:41:09.000Z","2026-07-25 11:43:55"
"iclv2_REG_TEXT_VANCOUVER_SALARIES_3","0.3332697500445514","3","TabICLv2 🗼","REG_TEXT_VANCOUVER_SALARIES","no_text","nlp-srv3.dds.technion.ac.il","finished","13","2026-07-25T08:41:07.000Z","2026-07-25 11:40:58"
"iclv2_REG_TEXT_VANCOUVER_SALARIES_3","0.6201611387168064","3","TabICLv2 🗼","REG_TEXT_VANCOUVER_SALARIES","text_only","n306","finished","134","2026-07-25T08:40:52.000Z","2026-07-25 11:43:05"
"real_REG_TEXT_VANCOUVER_SALARIES_3","0.28563518310202984","3","RealMLP 🕸","REG_TEXT_VANCOUVER_SALARIES","no_text","nlp-srv3.dds.technion.ac.il","finished","48","2026-07-25T08:40:22.000Z","2026-07-25 11:40:48"
"real_REG_TEXT_VANCOUVER_SALARIES_3","0.5608177678474355","3","RealMLP 🕸","REG_TEXT_VANCOUVER_SALARIES","text_only","nlp-srv3.dds.technion.ac.il","finished","225","2026-07-25T08:40:20.000Z","2026-07-25 11:43:44"
"dpt_REG_TEXT_TRANSPORTATION_USED_CAR_SAUDI_ARABIA_3","0.8141165971755981","3","TabDPT 6️⃣","REG_TEXT_TRANSPORTATION_USED_CAR_SAUDI_ARABIA","no_text","nlp-srv3.dds.technion.ac.il","finished","194","2026-07-25T08:36:32.000Z","2026-07-25 11:39:23"
"dpt_REG_TEXT_TRANSPORTATION_USED_CAR_SAUDI_ARABIA_3","0.0851714015007019","3","TabDPT 6️⃣","REG_TEXT_TRANSPORTATION_USED_CAR_SAUDI_ARABIA","text_only","n306","finished","351","2026-07-25T08:36:29.000Z","2026-07-25 11:42:19"
"xgb_REG_TEXT_TRANSPORTATION_USED_CAR_SAUDI_ARABIA_3","0.07591891288757324","3","XGBoost 🌲","REG_TEXT_TRANSPORTATION_USED_CAR_SAUDI_ARABIA","text_only","nlp-srv3.dds.technion.ac.il","finished","91","2026-07-25T08:36:26.000Z","2026-07-25 11:37:35"
"xgb_REG_TEXT_TRANSPORTATION_USED_CAR_SAUDI_ARABIA_3","0.8097707033157349","3","XGBoost 🌲","REG_TEXT_TRANSPORTATION_USED_CAR_SAUDI_ARABIA","no_text","nlp-srv3.dds.technion.ac.il","finished","12","2026-07-25T08:36:26.000Z","2026-07-25 11:36:16"
"rf_REG_TEXT_TRANSPORTATION_USED_CAR_SAUDI_ARABIA_3","0.7636962981453441","3","RandomForest 🌳","REG_TEXT_TRANSPORTATION_USED_CAR_SAUDI_ARABIA","no_text","nlp-srv3.dds.technion.ac.il","finished","12","2026-07-25T08:36:16.000Z","2026-07-25 11:36:07"
"rf_REG_TEXT_TRANSPORTATION_USED_CAR_SAUDI_ARABIA_3","0.0750585036667224","3","RandomForest 🌳","REG_TEXT_TRANSPORTATION_USED_CAR_SAUDI_ARABIA","text_only","nlp-srv3.dds.technion.ac.il","finished","64","2026-07-25T08:36:14.000Z","2026-07-25 11:36:56"
"iclv2_REG_TEXT_TRANSPORTATION_USED_CAR_SAUDI_ARABIA_3","0.8604670763015747","3","TabICLv2 🗼","REG_TEXT_TRANSPORTATION_USED_CAR_SAUDI_ARABIA","no_text","nlp-srv3.dds.technion.ac.il","finished","13","2026-07-25T08:36:10.000Z","2026-07-25 11:36:02"
"iclv2_REG_TEXT_TRANSPORTATION_USED_CAR_SAUDI_ARABIA_3","0.1013607382774353","3","TabICLv2 🗼","REG_TEXT_TRANSPORTATION_USED_CAR_SAUDI_ARABIA","text_only","nlp-srv3.dds.technion.ac.il","finished","58","2026-07-25T08:36:04.000Z","2026-07-25 11:36:40"
"real_REG_TEXT_TRANSPORTATION_USED_CAR_SAUDI_ARABIA_3","0.8708721399307251","3","RealMLP 🕸","REG_TEXT_TRANSPORTATION_USED_CAR_SAUDI_ARABIA","no_text","nlp-srv3.dds.technion.ac.il","finished","43","2026-07-25T08:35:45.000Z","2026-07-25 11:36:06"
"real_REG_TEXT_TRANSPORTATION_USED_CAR_SAUDI_ARABIA_3","0.06966334581375122","3","RealMLP 🕸","REG_TEXT_TRANSPORTATION_USED_CAR_SAUDI_ARABIA","text_only","nlp20.iem.technion.ac.il","finished","89","2026-07-25T08:35:43.000Z","2026-07-25 11:37:11"
"xgb_REG_TEXT_TRANSPORTATION_USED_CAR_PAKISTAN_3","0.9172987363126756","3","XGBoost 🌲","REG_TEXT_TRANSPORTATION_USED_CAR_PAKISTAN","no_text","nlp-srv3.dds.technion.ac.il","finished","12","2026-07-25T08:31:17.000Z","2026-07-25 11:31:07"
"xgb_REG_TEXT_TRANSPORTATION_USED_CAR_PAKISTAN_3","0.8956044832261805","3","XGBoost 🌲","REG_TEXT_TRANSPORTATION_USED_CAR_PAKISTAN","text_only","n306","finished","113","2026-07-25T08:31:14.000Z","2026-07-25 11:33:06"
"rf_REG_TEXT_TRANSPORTATION_USED_CAR_PAKISTAN_3","0.8255666789468614","3","RandomForest 🌳","REG_TEXT_TRANSPORTATION_USED_CAR_PAKISTAN","no_text","n306","finished","14","2026-07-25T08:31:07.000Z","2026-07-25 11:31:19"
"rf_REG_TEXT_TRANSPORTATION_USED_CAR_PAKISTAN_3","0.8874323803002038","3","RandomForest 🌳","REG_TEXT_TRANSPORTATION_USED_CAR_PAKISTAN","text_only","n306","finished","127","2026-07-25T08:31:03.000Z","2026-07-25 11:33:09"
"iclv2_REG_TEXT_TRANSPORTATION_USED_CAR_PAKISTAN_3","0.918133272885302","3","TabICLv2 🗼","REG_TEXT_TRANSPORTATION_USED_CAR_PAKISTAN","no_text","n306","finished","15","2026-07-25T08:30:41.000Z","2026-07-25 11:30:54"
"iclv2_REG_TEXT_TRANSPORTATION_USED_CAR_PAKISTAN_3","0.8929125317472952","3","TabICLv2 🗼","REG_TEXT_TRANSPORTATION_USED_CAR_PAKISTAN","text_only","n306","finished","120","2026-07-25T08:30:34.000Z","2026-07-25 11:32:32"
"real_REG_TEXT_TRANSPORTATION_USED_CAR_PAKISTAN_3","0.9349156570030166","3","RealMLP 🕸","REG_TEXT_TRANSPORTATION_USED_CAR_PAKISTAN","no_text","n306","finished","73","2026-07-25T08:30:32.000Z","2026-07-25 11:31:44"
"real_REG_TEXT_TRANSPORTATION_USED_CAR_PAKISTAN_3","0.8809630502648768","3","RealMLP 🕸","REG_TEXT_TRANSPORTATION_USED_CAR_PAKISTAN","text_only","nlp20.iem.technion.ac.il","finished","189","2026-07-25T08:30:18.000Z","2026-07-25 11:33:26"
"xgb_REG_TEXT_TRANSPORTATION_USED_CAR_MERCEDES_BENZ_ITALY_3","0.7824224233627319","3","XGBoost 🌲","REG_TEXT_TRANSPORTATION_USED_CAR_MERCEDES_BENZ_ITALY","no_text","n306","finished","15","2026-07-25T08:24:52.000Z","2026-07-25 11:25:04"
"xgb_REG_TEXT_TRANSPORTATION_USED_CAR_MERCEDES_BENZ_ITALY_3","0.8551306128501892","3","XGBoost 🌲","REG_TEXT_TRANSPORTATION_USED_CAR_MERCEDES_BENZ_ITALY","text_only","nlp-srv3.dds.technion.ac.il","finished","96","2026-07-25T08:24:48.000Z","2026-07-25 11:26:02"
"rf_REG_TEXT_TRANSPORTATION_USED_CAR_MERCEDES_BENZ_ITALY_3","-66.64597572841308","3","RandomForest 🌳","REG_TEXT_TRANSPORTATION_USED_CAR_MERCEDES_BENZ_ITALY","no_text","nlp-srv3.dds.technion.ac.il","finished","13","2026-07-25T08:24:46.000Z","2026-07-25 11:24:37"
"rf_REG_TEXT_TRANSPORTATION_USED_CAR_MERCEDES_BENZ_ITALY_3","-5007.864257736793","3","RandomForest 🌳","REG_TEXT_TRANSPORTATION_USED_CAR_MERCEDES_BENZ_ITALY","text_only","nlp-srv3.dds.technion.ac.il","finished","107","2026-07-25T08:24:41.000Z","2026-07-25 11:26:07"
"iclv2_REG_TEXT_TRANSPORTATION_USED_CAR_MERCEDES_BENZ_ITALY_3","0.7786238193511963","3","TabICLv2 🗼","REG_TEXT_TRANSPORTATION_USED_CAR_MERCEDES_BENZ_ITALY","no_text","nlp-srv3.dds.technion.ac.il","finished","15","2026-07-25T08:24:31.000Z","2026-07-25 11:24:24"
"iclv2_REG_TEXT_TRANSPORTATION_USED_CAR_MERCEDES_BENZ_ITALY_3","0.8577324151992798","3","TabICLv2 🗼","REG_TEXT_TRANSPORTATION_USED_CAR_MERCEDES_BENZ_ITALY","text_only","n306","finished","68","2026-07-25T08:24:29.000Z","2026-07-25 11:25:36"
"real_REG_TEXT_TRANSPORTATION_USED_CAR_MERCEDES_BENZ_ITALY_3","0.2119913101196289","3","RealMLP 🕸","REG_TEXT_TRANSPORTATION_USED_CAR_MERCEDES_BENZ_ITALY","no_text","nlp-srv3.dds.technion.ac.il","finished","50","2026-07-25T08:24:27.000Z","2026-07-25 11:24:56"
"real_REG_TEXT_TRANSPORTATION_USED_CAR_MERCEDES_BENZ_ITALY_3","0.46909433603286743","3","RealMLP 🕸","REG_TEXT_TRANSPORTATION_USED_CAR_MERCEDES_BENZ_ITALY","text_only","nlp-srv3.dds.technion.ac.il","finished","128","2026-07-25T08:24:27.000Z","2026-07-25 11:26:13"
"dpt_REG_TEXT_SPORTS_NBA_DRAFT_VALUE_OVER_REPLACEMENT_3","0.8093505128641929","3","TabDPT 6️⃣","REG_TEXT_SPORTS_NBA_DRAFT_VALUE_OVER_REPLACEMENT","no_text","nlp-srv3.dds.technion.ac.il","finished","16","2026-07-25T08:21:40.000Z","2026-07-25 11:21:35"
"dpt_REG_TEXT_SPORTS_NBA_DRAFT_VALUE_OVER_REPLACEMENT_3","0.3086566128223225","3","TabDPT 6️⃣","REG_TEXT_SPORTS_NBA_DRAFT_VALUE_OVER_REPLACEMENT","text_only","nlp-srv3.dds.technion.ac.il","finished","37","2026-07-25T08:21:37.000Z","2026-07-25 11:21:52"
"xgb_REG_TEXT_SPORTS_NBA_DRAFT_VALUE_OVER_REPLACEMENT_3","0.9863466586203616","3","XGBoost 🌲","REG_TEXT_SPORTS_NBA_DRAFT_VALUE_OVER_REPLACEMENT","no_text","n306","finished","64","2026-07-25T08:21:35.000Z","2026-07-25 11:22:36"
"xgb_REG_TEXT_SPORTS_NBA_DRAFT_VALUE_OVER_REPLACEMENT_3","0.13865959379255732","3","XGBoost 🌲","REG_TEXT_SPORTS_NBA_DRAFT_VALUE_OVER_REPLACEMENT","text_only","nlp-srv3.dds.technion.ac.il","finished","25","2026-07-25T08:21:32.000Z","2026-07-25 11:21:35"
"rf_REG_TEXT_SPORTS_NBA_DRAFT_VALUE_OVER_REPLACEMENT_3","0.9859038364670766","3","RandomForest 🌳","REG_TEXT_SPORTS_NBA_DRAFT_VALUE_OVER_REPLACEMENT","no_text","n306","finished","12","2026-07-25T08:21:25.000Z","2026-07-25 11:21:36"
"rf_REG_TEXT_SPORTS_NBA_DRAFT_VALUE_OVER_REPLACEMENT_3","0.4534859211533864","3","RandomForest 🌳","REG_TEXT_SPORTS_NBA_DRAFT_VALUE_OVER_REPLACEMENT","text_only","nlp-srv3.dds.technion.ac.il","finished","31","2026-07-25T08:21:23.000Z","2026-07-25 11:21:33"
"iclv2_REG_TEXT_SPORTS_NBA_DRAFT_VALUE_OVER_REPLACEMENT_3","0.9994402926687126","3","TabICLv2 🗼","REG_TEXT_SPORTS_NBA_DRAFT_VALUE_OVER_REPLACEMENT","no_text","nlp-srv3.dds.technion.ac.il","finished","14","2026-07-25T08:21:21.000Z","2026-07-25 11:21:14"
"iclv2_REG_TEXT_SPORTS_NBA_DRAFT_VALUE_OVER_REPLACEMENT_3","0.4230573665125501","3","TabICLv2 🗼","REG_TEXT_SPORTS_NBA_DRAFT_VALUE_OVER_REPLACEMENT","text_only","nlp-srv3.dds.technion.ac.il","finished","35","2026-07-25T08:21:15.000Z","2026-07-25 11:21:29"
"real_REG_TEXT_SPORTS_NBA_DRAFT_VALUE_OVER_REPLACEMENT_3","0.9921436559789072","3","RealMLP 🕸","REG_TEXT_SPORTS_NBA_DRAFT_VALUE_OVER_REPLACEMENT","no_text","nlp-srv3.dds.technion.ac.il","finished","21","2026-07-25T08:21:13.000Z","2026-07-25 11:21:12"
"real_REG_TEXT_SPORTS_NBA_DRAFT_VALUE_OVER_REPLACEMENT_3","0.28798722988672765","3","RealMLP 🕸","REG_TEXT_SPORTS_NBA_DRAFT_VALUE_OVER_REPLACEMENT","text_only","n306","finished","38","2026-07-25T08:21:11.000Z","2026-07-25 11:21:47"
"dpt_REG_TEXT_SPORTS_FIFA22_WAGES_3","0.7092399949523085","3","TabDPT 6️⃣","REG_TEXT_SPORTS_FIFA22_WAGES","no_text","nlp-srv3.dds.technion.ac.il","finished","384","2026-07-25T08:17:17.000Z","2026-07-25 11:23:19"
"xgb_REG_TEXT_SPORTS_FIFA22_WAGES_3","0.712474467363793","3","XGBoost 🌲","REG_TEXT_SPORTS_FIFA22_WAGES","no_text","nlp-srv3.dds.technion.ac.il","finished","12","2026-07-25T08:17:10.000Z","2026-07-25 11:17:00"
"xgb_REG_TEXT_SPORTS_FIFA22_WAGES_3","0.05029850051105966","3","XGBoost 🌲","REG_TEXT_SPORTS_FIFA22_WAGES","text_only","n306","finished","63","2026-07-25T08:17:02.000Z","2026-07-25 11:18:03"
"rf_REG_TEXT_SPORTS_FIFA22_WAGES_3","0.7845543422362611","3","RandomForest 🌳","REG_TEXT_SPORTS_FIFA22_WAGES","no_text","nlp-srv3.dds.technion.ac.il","finished","19","2026-07-25T08:16:50.000Z","2026-07-25 11:16:47"
"rf_REG_TEXT_SPORTS_FIFA22_WAGES_3","0.029616654080261484","3","RandomForest 🌳","REG_TEXT_SPORTS_FIFA22_WAGES","text_only","n306","finished","66","2026-07-25T08:16:49.000Z","2026-07-25 11:17:53"
"iclv2_REG_TEXT_SPORTS_FIFA22_WAGES_3","0.8157952193264312","3","TabICLv2 🗼","REG_TEXT_SPORTS_FIFA22_WAGES","no_text","n306","finished","23","2026-07-25T08:16:36.000Z","2026-07-25 11:16:58"
"iclv2_REG_TEXT_SPORTS_FIFA22_WAGES_3","0.06014539220823534","3","TabICLv2 🗼","REG_TEXT_SPORTS_FIFA22_WAGES","text_only","n306","finished","67","2026-07-25T08:16:31.000Z","2026-07-25 11:17:37"
"real_REG_TEXT_SPORTS_FIFA22_WAGES_3","0.7935660434680447","3","RealMLP 🕸","REG_TEXT_SPORTS_FIFA22_WAGES","no_text","nlp-srv3.dds.technion.ac.il","finished","47","2026-07-25T08:16:16.000Z","2026-07-25 11:16:42"
"real_REG_TEXT_SPORTS_FIFA22_WAGES_3","0.04846318320143428","3","RealMLP 🕸","REG_TEXT_SPORTS_FIFA22_WAGES","text_only","nlp20.iem.technion.ac.il","finished","121","2026-07-25T08:16:11.000Z","2026-07-25 11:18:10"
"dpt_REG_TEXT_SOCIAL_MUSEUMS_US_REVENUES_3","0.07766167283519021","3","TabDPT 6️⃣","REG_TEXT_SOCIAL_MUSEUMS_US_REVENUES","no_text","nlp-srv3.dds.technion.ac.il","finished","553","2026-07-25T08:04:58.000Z","2026-07-25 11:13:49"
"dpt_REG_TEXT_SOCIAL_MUSEUMS_US_REVENUES_3","0.02789734838272284","3","TabDPT 6️⃣","REG_TEXT_SOCIAL_MUSEUMS_US_REVENUES","text_only","n306","finished","968","2026-07-25T08:04:55.000Z","2026-07-25 11:21:02"
"xgb_REG_TEXT_SOCIAL_MUSEUMS_US_REVENUES_3","0.47768379434738006","3","XGBoost 🌲","REG_TEXT_SOCIAL_MUSEUMS_US_REVENUES","no_text","nlp-srv3.dds.technion.ac.il","finished","12","2026-07-25T08:04:42.000Z","2026-07-25 11:04:33"
"xgb_REG_TEXT_SOCIAL_MUSEUMS_US_REVENUES_3","0.7509588093836976","3","XGBoost 🌲","REG_TEXT_SOCIAL_MUSEUMS_US_REVENUES","text_only","n306","finished","412","2026-07-25T08:04:23.000Z","2026-07-25 11:11:14"
"rf_REG_TEXT_SOCIAL_MUSEUMS_US_REVENUES_3","0.5712182598183174","3","RandomForest 🌳","REG_TEXT_SOCIAL_MUSEUMS_US_REVENUES","no_text","n306","finished","34","2026-07-25T08:04:18.000Z","2026-07-25 11:04:50"
"rf_REG_TEXT_SOCIAL_MUSEUMS_US_REVENUES_3","0.8199648274083999","3","RandomForest 🌳","REG_TEXT_SOCIAL_MUSEUMS_US_REVENUES","text_only","nlp-srv3.dds.technion.ac.il","finished","1304","2026-07-25T08:03:58.000Z","2026-07-25 11:25:21"
"iclv2_REG_TEXT_SOCIAL_MUSEUMS_US_REVENUES_3","0.07837985952561388","3","TabICLv2 🗼","REG_TEXT_SOCIAL_MUSEUMS_US_REVENUES","no_text","n306","finished","14","2026-07-25T08:03:41.000Z","2026-07-25 11:03:54"
"iclv2_REG_TEXT_SOCIAL_MUSEUMS_US_REVENUES_3","0.5818091684710893","3","TabICLv2 🗼","REG_TEXT_SOCIAL_MUSEUMS_US_REVENUES","text_only","nlp-srv3.dds.technion.ac.il","finished","737","2026-07-25T08:03:21.000Z","2026-07-25 11:15:16"
"real_REG_TEXT_SOCIAL_MUSEUMS_US_REVENUES_3","0.7252693654788523","3","RealMLP 🕸","REG_TEXT_SOCIAL_MUSEUMS_US_REVENUES","no_text","n306","finished","70","2026-07-25T08:03:10.000Z","2026-07-25 11:04:18"
"real_REG_TEXT_SOCIAL_MUSEUMS_US_REVENUES_3","0.8389568977287707","3","RealMLP 🕸","REG_TEXT_SOCIAL_MUSEUMS_US_REVENUES","text_only","nlp-srv3.dds.technion.ac.il","finished","851","2026-07-25T08:01:42.000Z","2026-07-25 11:15:32"
"dpt_REG_TEXT_SOCIAL_MOVIES_DATASET_REVENUE_3","0.7110771700888021","3","TabDPT 6️⃣","REG_TEXT_SOCIAL_MOVIES_DATASET_REVENUE","no_text","n306","finished","482","2026-07-25T07:48:05.000Z","2026-07-25 10:56:06"
"dpt_REG_TEXT_SOCIAL_MOVIES_DATASET_REVENUE_3","0.24678823258158433","3","TabDPT 6️⃣","REG_TEXT_SOCIAL_MOVIES_DATASET_REVENUE","text_only","nlp-srv3.dds.technion.ac.il","finished","1132","2026-07-25T07:47:58.000Z","2026-07-25 11:06:28"
"xgb_REG_TEXT_SOCIAL_MOVIES_DATASET_REVENUE_3","0.7811311957936539","3","XGBoost 🌲","REG_TEXT_SOCIAL_MOVIES_DATASET_REVENUE","no_text","n306","finished","19","2026-07-25T07:47:44.000Z","2026-07-25 10:48:00"
"xgb_REG_TEXT_SOCIAL_MOVIES_DATASET_REVENUE_3","0.4387166949370294","3","XGBoost 🌲","REG_TEXT_SOCIAL_MOVIES_DATASET_REVENUE","text_only","n306","finished","518","2026-07-25T07:47:25.000Z","2026-07-25 10:56:01"
"rf_REG_TEXT_SOCIAL_MOVIES_DATASET_REVENUE_3","0.8058909436763717","3","RandomForest 🌳","REG_TEXT_SOCIAL_MOVIES_DATASET_REVENUE","no_text","n306","finished","19","2026-07-25T07:47:22.000Z","2026-07-25 10:47:40"
"rf_REG_TEXT_SOCIAL_MOVIES_DATASET_REVENUE_3","0.30225970251480694","3","RandomForest 🌳","REG_TEXT_SOCIAL_MOVIES_DATASET_REVENUE","text_only","n306","finished","1657","2026-07-25T07:44:46.000Z","2026-07-25 11:12:22"
"iclv2_REG_TEXT_SOCIAL_MOVIES_DATASET_REVENUE_3","0.7558423690847049","3","TabICLv2 🗼","REG_TEXT_SOCIAL_MOVIES_DATASET_REVENUE","no_text","n306","finished","22","2026-07-25T07:44:19.000Z","2026-07-25 10:44:37"
"iclv2_REG_TEXT_SOCIAL_MOVIES_DATASET_REVENUE_3","0.5620684431837302","3","TabICLv2 🗼","REG_TEXT_SOCIAL_MOVIES_DATASET_REVENUE","text_only","nlp-srv3.dds.technion.ac.il","finished","1081","2026-07-25T07:43:05.000Z","2026-07-25 11:00:44"
"real_REG_TEXT_SOCIAL_MOVIES_DATASET_REVENUE_3","0.7284415698370107","3","RealMLP 🕸","REG_TEXT_SOCIAL_MOVIES_DATASET_REVENUE","no_text","nlp-srv3.dds.technion.ac.il","finished","51","2026-07-25T07:42:12.000Z","2026-07-25 10:42:41"
"real_REG_TEXT_SOCIAL_MOVIES_DATASET_REVENUE_3","0.5630369179040725","3","RealMLP 🕸","REG_TEXT_SOCIAL_MOVIES_DATASET_REVENUE","text_only","nlp-srv3.dds.technion.ac.il","finished","1034","2026-07-25T07:41:31.000Z","2026-07-25 10:58:23"
"dpt_REG_TEXT_SOCIAL_KOREAN_DRAMA_3","0.35793252304915246","3","TabDPT 6️⃣","REG_TEXT_SOCIAL_KOREAN_DRAMA","no_text","nlp-srv3.dds.technion.ac.il","finished","15","2026-07-25T07:37:09.000Z","2026-07-25 10:37:03"
"dpt_REG_TEXT_SOCIAL_KOREAN_DRAMA_3","0.39001856838870486","3","TabDPT 6️⃣","REG_TEXT_SOCIAL_KOREAN_DRAMA","text_only","nlp-srv3.dds.technion.ac.il","finished","74","2026-07-25T07:37:00.000Z","2026-07-25 10:37:52"
"xgb_REG_TEXT_SOCIAL_KOREAN_DRAMA_3","0.2896932543421603","3","XGBoost 🌲","REG_TEXT_SOCIAL_KOREAN_DRAMA","no_text","n306","finished","14","2026-07-25T07:36:55.000Z","2026-07-25 10:37:06"
"xgb_REG_TEXT_SOCIAL_KOREAN_DRAMA_3","0.246002185190232","3","XGBoost 🌲","REG_TEXT_SOCIAL_KOREAN_DRAMA","text_only","nlp-srv3.dds.technion.ac.il","finished","73","2026-07-25T07:36:41.000Z","2026-07-25 10:37:33"
"rf_REG_TEXT_SOCIAL_KOREAN_DRAMA_3","0.28907427927140783","3","RandomForest 🌳","REG_TEXT_SOCIAL_KOREAN_DRAMA","no_text","n306","finished","12","2026-07-25T07:36:38.000Z","2026-07-25 10:36:49"
"rf_REG_TEXT_SOCIAL_KOREAN_DRAMA_3","0.3134047271799888","3","RandomForest 🌳","REG_TEXT_SOCIAL_KOREAN_DRAMA","text_only","nlp-srv3.dds.technion.ac.il","finished","76","2026-07-25T07:36:35.000Z","2026-07-25 10:37:30"
"iclv2_REG_TEXT_SOCIAL_KOREAN_DRAMA_3","0.35974171708046043","3","TabICLv2 🗼","REG_TEXT_SOCIAL_KOREAN_DRAMA","no_text","nlp-srv3.dds.technion.ac.il","finished","13","2026-07-25T07:36:25.000Z","2026-07-25 10:36:16"
"iclv2_REG_TEXT_SOCIAL_KOREAN_DRAMA_3","0.4865178316749229","3","TabICLv2 🗼","REG_TEXT_SOCIAL_KOREAN_DRAMA","text_only","nlp-srv3.dds.technion.ac.il","finished","88","2026-07-25T07:36:14.000Z","2026-07-25 10:37:20"
"real_REG_TEXT_SOCIAL_KOREAN_DRAMA_3","0.3629300188853527","3","RealMLP 🕸","REG_TEXT_SOCIAL_KOREAN_DRAMA","no_text","n306","finished","20","2026-07-25T07:36:12.000Z","2026-07-25 10:36:31"
"real_REG_TEXT_SOCIAL_KOREAN_DRAMA_3","0.3732300084723521","3","RealMLP 🕸","REG_TEXT_SOCIAL_KOREAN_DRAMA","text_only","nlp-srv3.dds.technion.ac.il","finished","87","2026-07-25T07:36:12.000Z","2026-07-25 10:37:17"
"dpt_REG_TEXT_SOCIAL_FILMTV_MOVIE_RATING_ITALY_3","0.9860240021000128","3","TabDPT 6️⃣","REG_TEXT_SOCIAL_FILMTV_MOVIE_RATING_ITALY","no_text","nlp-srv3.dds.technion.ac.il","finished","458","2026-07-25T07:29:51.000Z","2026-07-25 10:37:07"
"dpt_REG_TEXT_SOCIAL_FILMTV_MOVIE_RATING_ITALY_3","0.35215076623198405","3","TabDPT 6️⃣","REG_TEXT_SOCIAL_FILMTV_MOVIE_RATING_ITALY","text_only","n306","finished","870","2026-07-25T07:29:41.000Z","2026-07-25 10:44:10"
"xgb_REG_TEXT_SOCIAL_FILMTV_MOVIE_RATING_ITALY_3","0.9793776276941992","3","XGBoost 🌲","REG_TEXT_SOCIAL_FILMTV_MOVIE_RATING_ITALY","no_text","n306","finished","17","2026-07-25T07:29:34.000Z","2026-07-25 10:29:47"
"xgb_REG_TEXT_SOCIAL_FILMTV_MOVIE_RATING_ITALY_3","0.27891874188616106","3","XGBoost 🌲","REG_TEXT_SOCIAL_FILMTV_MOVIE_RATING_ITALY","text_only","nlp20.iem.technion.ac.il","finished","403","2026-07-25T07:29:19.000Z","2026-07-25 10:36:00"
"rf_REG_TEXT_SOCIAL_FILMTV_MOVIE_RATING_ITALY_3","0.9791517991022322","3","RandomForest 🌳","REG_TEXT_SOCIAL_FILMTV_MOVIE_RATING_ITALY","no_text","n306","finished","17","2026-07-25T07:29:13.000Z","2026-07-25 10:29:27"
"rf_REG_TEXT_SOCIAL_FILMTV_MOVIE_RATING_ITALY_3","0.3086117497400377","3","RandomForest 🌳","REG_TEXT_SOCIAL_FILMTV_MOVIE_RATING_ITALY","text_only","n306","finished","443","2026-07-25T07:26:18.000Z","2026-07-25 10:33:40"
"iclv2_REG_TEXT_SOCIAL_FILMTV_MOVIE_RATING_ITALY_3","0.9885813164972724","3","TabICLv2 🗼","REG_TEXT_SOCIAL_FILMTV_MOVIE_RATING_ITALY","no_text","n306","finished","14","2026-07-25T07:25:57.000Z","2026-07-25 10:26:10"
"iclv2_REG_TEXT_SOCIAL_FILMTV_MOVIE_RATING_ITALY_3","0.38860512562161953","3","TabICLv2 🗼","REG_TEXT_SOCIAL_FILMTV_MOVIE_RATING_ITALY","text_only","nlp-srv3.dds.technion.ac.il","finished","587","2026-07-25T07:25:19.000Z","2026-07-25 10:34:44"
"real_REG_TEXT_SOCIAL_FILMTV_MOVIE_RATING_ITALY_3","0.9801684628834654","3","RealMLP 🕸","REG_TEXT_SOCIAL_FILMTV_MOVIE_RATING_ITALY","no_text","n306","finished","64","2026-07-25T07:24:48.000Z","2026-07-25 10:25:51"
"real_REG_TEXT_SOCIAL_FILMTV_MOVIE_RATING_ITALY_3","0.32604902253225265","3","RealMLP 🕸","REG_TEXT_SOCIAL_FILMTV_MOVIE_RATING_ITALY","text_only","nlp-srv3.dds.technion.ac.il","finished","619","2026-07-25T07:24:33.000Z","2026-07-25 10:34:30"
"dpt_REG_TEXT_SOCIAL_BOOKS_GOODREADS_3","0.7916416916317356","3","TabDPT 6️⃣","REG_TEXT_SOCIAL_BOOKS_GOODREADS","no_text","n306","finished","152","2026-07-25T07:18:23.000Z","2026-07-25 10:20:53"
"xgb_REG_TEXT_SOCIAL_BOOKS_GOODREADS_3","0.8025303059894499","3","XGBoost 🌲","REG_TEXT_SOCIAL_BOOKS_GOODREADS","no_text","n306","finished","15","2026-07-25T07:18:02.000Z","2026-07-25 10:18:13"
"xgb_REG_TEXT_SOCIAL_BOOKS_GOODREADS_3","0.12310498113682213","3","XGBoost 🌲","REG_TEXT_SOCIAL_BOOKS_GOODREADS","text_only","nlp-srv3.dds.technion.ac.il","finished","259","2026-07-25T07:17:57.000Z","2026-07-25 10:21:54"
"rf_REG_TEXT_SOCIAL_BOOKS_GOODREADS_3","0.8228728859412604","3","RandomForest 🌳","REG_TEXT_SOCIAL_BOOKS_GOODREADS","no_text","n306","finished","12","2026-07-25T07:17:46.000Z","2026-07-25 10:17:57"
"rf_REG_TEXT_SOCIAL_BOOKS_GOODREADS_3","0.2845869210936137","3","RandomForest 🌳","REG_TEXT_SOCIAL_BOOKS_GOODREADS","text_only","n305","finished","215","2026-07-25T07:17:44.000Z","2026-07-25 10:21:17"
"iclv2_REG_TEXT_SOCIAL_BOOKS_GOODREADS_3","0.7802060154648254","3","TabICLv2 🗼","REG_TEXT_SOCIAL_BOOKS_GOODREADS","no_text","n306","finished","13","2026-07-25T07:17:38.000Z","2026-07-25 10:17:49"
"iclv2_REG_TEXT_SOCIAL_BOOKS_GOODREADS_3","0.2728387566953445","3","TabICLv2 🗼","REG_TEXT_SOCIAL_BOOKS_GOODREADS","text_only","n306","finished","168","2026-07-25T07:17:14.000Z","2026-07-25 10:20:00"
"real_REG_TEXT_SOCIAL_BOOKS_GOODREADS_3","0.8096484321479236","3","RealMLP 🕸","REG_TEXT_SOCIAL_BOOKS_GOODREADS","no_text","n306","finished","31","2026-07-25T07:17:01.000Z","2026-07-25 10:17:31"
"real_REG_TEXT_SOCIAL_BOOKS_GOODREADS_3","0.007806178349469395","3","RealMLP 🕸","REG_TEXT_SOCIAL_BOOKS_GOODREADS","text_only","n306","finished","174","2026-07-25T07:16:48.000Z","2026-07-25 10:19:40"
"dpt_REG_TEXT_SOCIAL_ANIME_PLANET_RATING_3","0.5948812206975422","3","TabDPT 6️⃣","REG_TEXT_SOCIAL_ANIME_PLANET_RATING","text_only","nlp-srv3.dds.technion.ac.il","finished","1127","2026-07-25T07:06:28.000Z","2026-07-25 10:24:53"
"xgb_REG_TEXT_SOCIAL_ANIME_PLANET_RATING_3","0.6383256895719507","3","XGBoost 🌲","REG_TEXT_SOCIAL_ANIME_PLANET_RATING","no_text","n306","finished","14","2026-07-25T07:06:22.000Z","2026-07-25 10:06:33"
"xgb_REG_TEXT_SOCIAL_ANIME_PLANET_RATING_3","0.5493433612401195","3","XGBoost 🌲","REG_TEXT_SOCIAL_ANIME_PLANET_RATING","text_only","n305","finished","354","2026-07-25T07:06:16.000Z","2026-07-25 10:12:09"
"rf_REG_TEXT_SOCIAL_ANIME_PLANET_RATING_3","0.5872145338430648","3","RandomForest 🌳","REG_TEXT_SOCIAL_ANIME_PLANET_RATING","no_text","nlp-srv3.dds.technion.ac.il","finished","12","2026-07-25T07:06:12.000Z","2026-07-25 10:06:03"
"rf_REG_TEXT_SOCIAL_ANIME_PLANET_RATING_3","0.566577292556879","3","RandomForest 🌳","REG_TEXT_SOCIAL_ANIME_PLANET_RATING","text_only","nlp-srv3.dds.technion.ac.il","finished","749","2026-07-25T07:06:03.000Z","2026-07-25 10:18:10"
"iclv2_REG_TEXT_SOCIAL_ANIME_PLANET_RATING_3","0.6675227025183402","3","TabICLv2 🗼","REG_TEXT_SOCIAL_ANIME_PLANET_RATING","no_text","n306","finished","24","2026-07-25T07:05:55.000Z","2026-07-25 10:06:17"
"iclv2_REG_TEXT_SOCIAL_ANIME_PLANET_RATING_3","0.6660786353985721","3","TabICLv2 🗼","REG_TEXT_SOCIAL_ANIME_PLANET_RATING","text_only","nlp-srv3.dds.technion.ac.il","finished","655","2026-07-25T07:05:50.000Z","2026-07-25 10:16:23"
"real_REG_TEXT_SOCIAL_ANIME_PLANET_RATING_3","0.6423652417690917","3","RealMLP 🕸","REG_TEXT_SOCIAL_ANIME_PLANET_RATING","no_text","n305","finished","61","2026-07-25T07:05:08.000Z","2026-07-25 10:06:07"
"real_REG_TEXT_SOCIAL_ANIME_PLANET_RATING_3","0.5828251627582611","3","RealMLP 🕸","REG_TEXT_SOCIAL_ANIME_PLANET_RATING","text_only","n306","finished","402","2026-07-25T07:05:03.000Z","2026-07-25 10:11:44"
"dpt_REG_TEXT_SCIMAGOJR_IMPACT_3","0.7577738165855408","3","TabDPT 6️⃣","REG_TEXT_SCIMAGOJR_IMPACT","no_text","n305","finished","549","2026-07-25T06:49:48.000Z","2026-07-25 09:58:56"
"dpt_REG_TEXT_SCIMAGOJR_IMPACT_3","0.7147555351257324","3","TabDPT 6️⃣","REG_TEXT_SCIMAGOJR_IMPACT","text_only","nlp-srv3.dds.technion.ac.il","finished","1449","2026-07-25T06:49:26.000Z","2026-07-25 10:13:13"
"xgb_REG_TEXT_SCIMAGOJR_IMPACT_3","0.6882574558258057","3","XGBoost 🌲","REG_TEXT_SCIMAGOJR_IMPACT","no_text","nlp-srv3.dds.technion.ac.il","finished","12","2026-07-25T06:49:10.000Z","2026-07-25 09:49:00"
"xgb_REG_TEXT_SCIMAGOJR_IMPACT_3","0.71563720703125","3","XGBoost 🌲","REG_TEXT_SCIMAGOJR_IMPACT","text_only","n306","finished","514","2026-07-25T06:48:41.000Z","2026-07-25 09:57:14"
"rf_REG_TEXT_SCIMAGOJR_IMPACT_3","0.72481568359493","3","RandomForest 🌳","REG_TEXT_SCIMAGOJR_IMPACT","no_text","n306","finished","18","2026-07-25T06:48:20.000Z","2026-07-25 09:48:37"
"rf_REG_TEXT_SCIMAGOJR_IMPACT_3","0.699368862294306","3","RandomForest 🌳","REG_TEXT_SCIMAGOJR_IMPACT","text_only","nlp-srv3.dds.technion.ac.il","finished","1079","2026-07-25T06:48:02.000Z","2026-07-25 10:05:39"
"iclv2_REG_TEXT_SCIMAGOJR_IMPACT_3","0.7710057497024536","3","TabICLv2 🗼","REG_TEXT_SCIMAGOJR_IMPACT","no_text","nlp-srv3.dds.technion.ac.il","finished","13","2026-07-25T06:47:47.000Z","2026-07-25 09:47:38"
"iclv2_REG_TEXT_SCIMAGOJR_IMPACT_3","0.7533466815948486","3","TabICLv2 🗼","REG_TEXT_SCIMAGOJR_IMPACT","text_only","n306","finished","552","2026-07-25T06:47:46.000Z","2026-07-25 09:56:57"
"real_REG_TEXT_SCIMAGOJR_IMPACT_3","0.6890661716461182","3","RealMLP 🕸","REG_TEXT_SCIMAGOJR_IMPACT","no_text","n306","finished","65","2026-07-25T06:47:12.000Z","2026-07-25 09:48:16"
"real_REG_TEXT_SCIMAGOJR_IMPACT_3","0.7528852224349976","3","RealMLP 🕸","REG_TEXT_SCIMAGOJR_IMPACT","text_only","nlp-srv3.dds.technion.ac.il","finished","1059","2026-07-25T06:46:54.000Z","2026-07-25 10:04:12"
"dpt_REG_TEXT_ROTTEN_TOMATOES_3","0.1751942087222701","3","TabDPT 6️⃣","REG_TEXT_ROTTEN_TOMATOES","no_text","n305","finished","183","2026-07-25T06:33:01.000Z","2026-07-25 09:36:02"
"dpt_REG_TEXT_ROTTEN_TOMATOES_3","0.3912716433640159","3","TabDPT 6️⃣","REG_TEXT_ROTTEN_TOMATOES","text_only","n306","finished","683","2026-07-25T06:32:38.000Z","2026-07-25 09:44:00"
"xgb_REG_TEXT_ROTTEN_TOMATOES_3","0.16197026068558662","3","XGBoost 🌲","REG_TEXT_ROTTEN_TOMATOES","no_text","n306","finished","14","2026-07-25T06:32:22.000Z","2026-07-25 09:32:33"
"xgb_REG_TEXT_ROTTEN_TOMATOES_3","0.44559289039401107","3","XGBoost 🌲","REG_TEXT_ROTTEN_TOMATOES","text_only","n306","finished","416","2026-07-25T06:32:20.000Z","2026-07-25 09:39:15"
"rf_REG_TEXT_ROTTEN_TOMATOES_3","-0.0016480964242220342","3","RandomForest 🌳","REG_TEXT_ROTTEN_TOMATOES","no_text","n306","finished","13","2026-07-25T06:32:06.000Z","2026-07-25 09:32:18"
"rf_REG_TEXT_ROTTEN_TOMATOES_3","0.42110964860067635","3","RandomForest 🌳","REG_TEXT_ROTTEN_TOMATOES","text_only","n306","finished","580","2026-07-25T06:31:48.000Z","2026-07-25 09:41:26"
"iclv2_REG_TEXT_ROTTEN_TOMATOES_3","0.1847183522933059","3","TabICLv2 🗼","REG_TEXT_ROTTEN_TOMATOES","no_text","n306","finished","22","2026-07-25T06:31:40.000Z","2026-07-25 09:32:01"
"iclv2_REG_TEXT_ROTTEN_TOMATOES_3","0.47943336194712194","3","TabICLv2 🗼","REG_TEXT_ROTTEN_TOMATOES","text_only","nlp-srv3.dds.technion.ac.il","finished","793","2026-07-25T06:30:23.000Z","2026-07-25 09:42:55"
"real_REG_TEXT_ROTTEN_TOMATOES_3","0.17430131065345467","3","RealMLP 🕸","REG_TEXT_ROTTEN_TOMATOES","no_text","nlp-srv3.dds.technion.ac.il","finished","33","2026-07-25T06:29:46.000Z","2026-07-25 09:29:58"
"real_REG_TEXT_ROTTEN_TOMATOES_3","0.42907884430231225","3","RealMLP 🕸","REG_TEXT_ROTTEN_TOMATOES","text_only","nlp-srv3.dds.technion.ac.il","finished","851","2026-07-25T06:29:09.000Z","2026-07-25 09:42:59"
"dpt_REG_TEXT_PROFESSIONAL_ML_DS_AI_JOBS_SALARIES_3","0.18505430221557617","3","TabDPT 6️⃣","REG_TEXT_PROFESSIONAL_ML_DS_AI_JOBS_SALARIES","no_text","nlp-srv3.dds.technion.ac.il","finished","479","2026-07-25T06:21:40.000Z","2026-07-25 09:29:17"
"xgb_REG_TEXT_PROFESSIONAL_ML_DS_AI_JOBS_SALARIES_3","0.2793234586715698","3","XGBoost 🌲","REG_TEXT_PROFESSIONAL_ML_DS_AI_JOBS_SALARIES","no_text","nlp-srv3.dds.technion.ac.il","finished","11","2026-07-25T06:21:24.000Z","2026-07-25 09:21:13"
"xgb_REG_TEXT_PROFESSIONAL_ML_DS_AI_JOBS_SALARIES_3","0.2102193832397461","3","XGBoost 🌲","REG_TEXT_PROFESSIONAL_ML_DS_AI_JOBS_SALARIES","text_only","nlp-srv3.dds.technion.ac.il","finished","77","2026-07-25T06:21:21.000Z","2026-07-25 09:22:17"
"rf_REG_TEXT_PROFESSIONAL_ML_DS_AI_JOBS_SALARIES_3","0.2110225393381799","3","RandomForest 🌳","REG_TEXT_PROFESSIONAL_ML_DS_AI_JOBS_SALARIES","no_text","n305","finished","13","2026-07-25T06:21:06.000Z","2026-07-25 09:21:17"
"rf_REG_TEXT_PROFESSIONAL_ML_DS_AI_JOBS_SALARIES_3","0.13221558694011104","3","RandomForest 🌳","REG_TEXT_PROFESSIONAL_ML_DS_AI_JOBS_SALARIES","text_only","n306","finished","67","2026-07-25T06:20:41.000Z","2026-07-25 09:21:47"
"iclv2_REG_TEXT_PROFESSIONAL_ML_DS_AI_JOBS_SALARIES_3","0.2465282678604126","3","TabICLv2 🗼","REG_TEXT_PROFESSIONAL_ML_DS_AI_JOBS_SALARIES","no_text","n306","finished","14","2026-07-25T06:20:20.000Z","2026-07-25 09:20:32"
"iclv2_REG_TEXT_PROFESSIONAL_ML_DS_AI_JOBS_SALARIES_3","0.20126748085021973","3","TabICLv2 🗼","REG_TEXT_PROFESSIONAL_ML_DS_AI_JOBS_SALARIES","text_only","nlp-srv3.dds.technion.ac.il","finished","116","2026-07-25T06:20:03.000Z","2026-07-25 09:21:37"
"real_REG_TEXT_PROFESSIONAL_ML_DS_AI_JOBS_SALARIES_3","0.21631938219070437","3","RealMLP 🕸","REG_TEXT_PROFESSIONAL_ML_DS_AI_JOBS_SALARIES","no_text","n305","finished","67","2026-07-25T06:19:53.000Z","2026-07-25 09:20:59"
"real_REG_TEXT_PROFESSIONAL_ML_DS_AI_JOBS_SALARIES_3","0.18724006414413452","3","RealMLP 🕸","REG_TEXT_PROFESSIONAL_ML_DS_AI_JOBS_SALARIES","text_only","n305","finished","115","2026-07-25T06:19:48.000Z","2026-07-25 09:21:42"
"dpt_REG_TEXT_PROFESSIONAL_COMPANY_EMPLOYEES_SIZE_3","-0.010398507118225098","3","TabDPT 6️⃣","REG_TEXT_PROFESSIONAL_COMPANY_EMPLOYEES_SIZE","no_text","nlp-srv3.dds.technion.ac.il","finished","656","2026-07-25T06:10:21.000Z","2026-07-25 09:18:46"
"dpt_REG_TEXT_PROFESSIONAL_COMPANY_EMPLOYEES_SIZE_3","-0.011277318000793455","3","TabDPT 6️⃣","REG_TEXT_PROFESSIONAL_COMPANY_EMPLOYEES_SIZE","text_only","n305","finished","869","2026-07-25T06:09:50.000Z","2026-07-25 09:24:17"
"xgb_REG_TEXT_PROFESSIONAL_COMPANY_EMPLOYEES_SIZE_3","-0.00029468536376953125","3","XGBoost 🌲","REG_TEXT_PROFESSIONAL_COMPANY_EMPLOYEES_SIZE","no_text","n305","finished","72","2026-07-25T06:09:31.000Z","2026-07-25 09:10:39"
"xgb_REG_TEXT_PROFESSIONAL_COMPANY_EMPLOYEES_SIZE_3","-0.02214956283569336","3","XGBoost 🌲","REG_TEXT_PROFESSIONAL_COMPANY_EMPLOYEES_SIZE","text_only","nlp20.iem.technion.ac.il","finished","458","2026-07-25T06:09:23.000Z","2026-07-25 09:16:59"
"rf_REG_TEXT_PROFESSIONAL_COMPANY_EMPLOYEES_SIZE_3","-0.06994178004297336","3","RandomForest 🌳","REG_TEXT_PROFESSIONAL_COMPANY_EMPLOYEES_SIZE","no_text","nlp-srv3.dds.technion.ac.il","finished","53","2026-07-25T06:09:23.000Z","2026-07-25 09:09:54"
"rf_REG_TEXT_PROFESSIONAL_COMPANY_EMPLOYEES_SIZE_3","-0.1997045723465558","3","RandomForest 🌳","REG_TEXT_PROFESSIONAL_COMPANY_EMPLOYEES_SIZE","text_only","nlp-srv3.dds.technion.ac.il","finished","1009","2026-07-25T06:08:53.000Z","2026-07-25 09:25:19"
"iclv2_REG_TEXT_PROFESSIONAL_COMPANY_EMPLOYEES_SIZE_3","0.005197465419769287","3","TabICLv2 🗼","REG_TEXT_PROFESSIONAL_COMPANY_EMPLOYEES_SIZE","no_text","n305","finished","71","2026-07-25T06:08:17.000Z","2026-07-25 09:09:27"
"iclv2_REG_TEXT_PROFESSIONAL_COMPANY_EMPLOYEES_SIZE_3","-0.018230795860290527","3","TabICLv2 🗼","REG_TEXT_PROFESSIONAL_COMPANY_EMPLOYEES_SIZE","text_only","n305","finished","399","2026-07-25T06:08:02.000Z","2026-07-25 09:14:40"
"real_REG_TEXT_PROFESSIONAL_COMPANY_EMPLOYEES_SIZE_3","0.002207636833190918","3","RealMLP 🕸","REG_TEXT_PROFESSIONAL_COMPANY_EMPLOYEES_SIZE","no_text","nlp-srv3.dds.technion.ac.il","finished","85","2026-07-25T06:07:23.000Z","2026-07-25 09:08:26"
"real_REG_TEXT_PROFESSIONAL_COMPANY_EMPLOYEES_SIZE_3","-0.014679908752441406","3","RealMLP 🕸","REG_TEXT_PROFESSIONAL_COMPANY_EMPLOYEES_SIZE","text_only","nlp-srv3.dds.technion.ac.il","finished","553","2026-07-25T06:07:20.000Z","2026-07-25 09:16:10"
"dpt_REG_TEXT_MONTGOMERY_SALARIES_3","0.964562205803282","3","TabDPT 6️⃣","REG_TEXT_MONTGOMERY_SALARIES","no_text","nlp-srv3.dds.technion.ac.il","finished","193","2026-07-25T05:59:29.000Z","2026-07-25 09:02:21"
"dpt_REG_TEXT_HOUSES_SAN_FRANCISCO_PERMITS_APPLICATIONS_3","0.5323588731219767","3","TabDPT 6️⃣","REG_TEXT_HOUSES_SAN_FRANCISCO_PERMITS_APPLICATIONS","no_text","n305","finished","563","2026-07-25T05:58:43.000Z","2026-07-25 09:08:04"
"real_REG_TEXT_CONSUMER_JC_PENNEY_PRODUCT_PRICE_3","0.5542130187860115","3","RealMLP 🕸","REG_TEXT_CONSUMER_JC_PENNEY_PRODUCT_PRICE","text_only","nlp-srv3.dds.technion.ac.il","finished","333","2026-07-25T05:55:41.000Z","2026-07-25 09:00:52"
"dpt_REG_TEXT_CONSUMER_CAR_PRICE_CARDEKHO_3","0.9252031803304478","3","TabDPT 6️⃣","REG_TEXT_CONSUMER_CAR_PRICE_CARDEKHO","no_text","n306","finished","556","2026-07-25T05:55:11.000Z","2026-07-25 09:04:26"
"dpt_REG_TEXT_CONSUMER_BIKE_PRICE_BIKEWALE_3","0.1531546711921692","3","TabDPT 6️⃣","REG_TEXT_CONSUMER_BIKE_PRICE_BIKEWALE","no_text","nlp-srv3.dds.technion.ac.il","finished","340","2026-07-25T05:54:43.000Z","2026-07-25 08:58:35"
"iclv2_REG_TEXT_CONSUMER_BIKE_PRICE_BIKEWALE_3","0.16696971654891968","3","TabICLv2 🗼","REG_TEXT_CONSUMER_BIKE_PRICE_BIKEWALE","no_text","nlp-srv3.dds.technion.ac.il","finished","13","2026-07-25T05:54:41.000Z","2026-07-25 08:54:33"
"real_REG_TEXT_CONSUMER_BIKE_PRICE_BIKEWALE_3","0.15321248769760132","3","RealMLP 🕸","REG_TEXT_CONSUMER_BIKE_PRICE_BIKEWALE","no_text","nlp-srv3.dds.technion.ac.il","finished","39","2026-07-25T05:54:27.000Z","2026-07-25 08:54:44"
"dpt_REG_TEXT_MONTGOMERY_SALARIES_3","0.8775940144764671","3","TabDPT 6️⃣","REG_TEXT_MONTGOMERY_SALARIES","text_only","nlp-srv3.dds.technion.ac.il","finished","518","2026-07-25T05:49:30.000Z","2026-07-25 08:57:46"
"xgb_REG_TEXT_MONTGOMERY_SALARIES_3","0.9620142423736784","3","XGBoost 🌲","REG_TEXT_MONTGOMERY_SALARIES","no_text","nlp-srv3.dds.technion.ac.il","finished","12","2026-07-25T05:49:15.000Z","2026-07-25 08:49:05"
"xgb_REG_TEXT_MONTGOMERY_SALARIES_3","0.8604916630223676","3","XGBoost 🌲","REG_TEXT_MONTGOMERY_SALARIES","text_only","nlp-srv3.dds.technion.ac.il","finished","276","2026-07-25T05:49:06.000Z","2026-07-25 08:53:21"
"rf_REG_TEXT_MONTGOMERY_SALARIES_3","0.9612474086404664","3","RandomForest 🌳","REG_TEXT_MONTGOMERY_SALARIES","no_text","nlp-srv3.dds.technion.ac.il","finished","12","2026-07-25T05:48:59.000Z","2026-07-25 08:48:50"
"rf_REG_TEXT_MONTGOMERY_SALARIES_3","0.8628285114940026","3","RandomForest 🌳","REG_TEXT_MONTGOMERY_SALARIES","text_only","nlp-srv3.dds.technion.ac.il","finished","346","2026-07-25T05:48:51.000Z","2026-07-25 08:54:15"
"iclv2_REG_TEXT_MONTGOMERY_SALARIES_3","0.967050975132232","3","TabICLv2 🗼","REG_TEXT_MONTGOMERY_SALARIES","no_text","nlp-srv3.dds.technion.ac.il","finished","14","2026-07-25T05:48:43.000Z","2026-07-25 08:48:35"
"iclv2_REG_TEXT_MONTGOMERY_SALARIES_3","0.9041828676805954","3","TabICLv2 🗼","REG_TEXT_MONTGOMERY_SALARIES","text_only","nlp-srv3.dds.technion.ac.il","finished","309","2026-07-25T05:48:32.000Z","2026-07-25 08:53:19"
"real_REG_TEXT_MONTGOMERY_SALARIES_3","0.960566999673444","3","RealMLP 🕸","REG_TEXT_MONTGOMERY_SALARIES","no_text","nlp-srv3.dds.technion.ac.il","finished","43","2026-07-25T05:48:19.000Z","2026-07-25 08:48:40"
"real_REG_TEXT_MONTGOMERY_SALARIES_3","0.880516655723365","3","RealMLP 🕸","REG_TEXT_MONTGOMERY_SALARIES","text_only","nlp-srv3.dds.technion.ac.il","finished","321","2026-07-25T05:47:59.000Z","2026-07-25 08:52:59"
"dpt_REG_TEXT_MERCARI_MARKETPLACE_3","0.08647601098120661","3","TabDPT 6️⃣","REG_TEXT_MERCARI_MARKETPLACE","no_text","nlp-srv3.dds.technion.ac.il","finished","579","2026-07-25T05:28:52.000Z","2026-07-25 08:38:09"
"dpt_REG_TEXT_MERCARI_MARKETPLACE_3","0.3985307629766508","3","TabDPT 6️⃣","REG_TEXT_MERCARI_MARKETPLACE","text_only","nlp20.iem.technion.ac.il","finished","985","2026-07-25T05:28:38.000Z","2026-07-25 08:45:02"
"xgb_REG_TEXT_MERCARI_MARKETPLACE_3","0.08347219949402584","3","XGBoost 🌲","REG_TEXT_MERCARI_MARKETPLACE","no_text","nlp-srv3.dds.technion.ac.il","finished","11","2026-07-25T05:28:36.000Z","2026-07-25 08:28:25"
"xgb_REG_TEXT_MERCARI_MARKETPLACE_3","0.3038291110584158","3","XGBoost 🌲","REG_TEXT_MERCARI_MARKETPLACE","text_only","nlp-srv3.dds.technion.ac.il","finished","625","2026-07-25T05:28:25.000Z","2026-07-25 08:38:28"
"rf_REG_TEXT_MERCARI_MARKETPLACE_3","0.07390133362458007","3","RandomForest 🌳","REG_TEXT_MERCARI_MARKETPLACE","no_text","nlp20.iem.technion.ac.il","finished","14","2026-07-25T05:28:17.000Z","2026-07-25 08:28:30"
"rf_REG_TEXT_MERCARI_MARKETPLACE_3","0.32986592188749897","3","RandomForest 🌳","REG_TEXT_MERCARI_MARKETPLACE","text_only","nlp-srv3.dds.technion.ac.il","finished","641","2026-07-25T05:28:00.000Z","2026-07-25 08:38:19"
"iclv2_REG_TEXT_MERCARI_MARKETPLACE_3","0.08837737710358773","3","TabICLv2 🗼","REG_TEXT_MERCARI_MARKETPLACE","no_text","nlp20.iem.technion.ac.il","finished","15","2026-07-25T05:27:56.000Z","2026-07-25 08:28:09"
"iclv2_REG_TEXT_MERCARI_MARKETPLACE_3","0.39044069666989933","3","TabICLv2 🗼","REG_TEXT_MERCARI_MARKETPLACE","text_only","nlp-srv3.dds.technion.ac.il","finished","562","2026-07-25T05:27:09.000Z","2026-07-25 08:36:09"
"real_REG_TEXT_MERCARI_MARKETPLACE_3","0.08557366395053434","3","RealMLP 🕸","REG_TEXT_MERCARI_MARKETPLACE","no_text","nlp-srv3.dds.technion.ac.il","finished","47","2026-07-25T05:27:08.000Z","2026-07-25 08:27:34"
"real_REG_TEXT_MERCARI_MARKETPLACE_3","0.2861459139578637","3","RealMLP 🕸","REG_TEXT_MERCARI_MARKETPLACE","text_only","nlp-srv3.dds.technion.ac.il","finished","585","2026-07-25T05:27:00.000Z","2026-07-25 08:36:23"
"dpt_REG_TEXT_HOUSES_SAN_FRANCISCO_PERMITS_APPLICATIONS_3","0.2830901781831475","3","TabDPT 6️⃣","REG_TEXT_HOUSES_SAN_FRANCISCO_PERMITS_APPLICATIONS","text_only","nlp-srv3.dds.technion.ac.il","finished","891","2026-07-25T05:05:39.000Z","2026-07-25 08:20:09"
"xgb_REG_TEXT_HOUSES_SAN_FRANCISCO_PERMITS_APPLICATIONS_3","0.5313332472101004","3","XGBoost 🌲","REG_TEXT_HOUSES_SAN_FRANCISCO_PERMITS_APPLICATIONS","no_text","nlp-srv3.dds.technion.ac.il","finished","15","2026-07-25T05:05:27.000Z","2026-07-25 08:05:21"
"xgb_REG_TEXT_HOUSES_SAN_FRANCISCO_PERMITS_APPLICATIONS_3","0.2036375918371105","3","XGBoost 🌲","REG_TEXT_HOUSES_SAN_FRANCISCO_PERMITS_APPLICATIONS","text_only","nlp-srv3.dds.technion.ac.il","finished","387","2026-07-25T05:05:25.000Z","2026-07-25 08:11:31"
"rf_REG_TEXT_HOUSES_SAN_FRANCISCO_PERMITS_APPLICATIONS_3","0.46535238912483046","3","RandomForest 🌳","REG_TEXT_HOUSES_SAN_FRANCISCO_PERMITS_APPLICATIONS","no_text","nlp-srv3.dds.technion.ac.il","finished","21","2026-07-25T05:05:12.000Z","2026-07-25 08:05:11"
"rf_REG_TEXT_HOUSES_SAN_FRANCISCO_PERMITS_APPLICATIONS_3","0.16869035605187743","3","RandomForest 🌳","REG_TEXT_HOUSES_SAN_FRANCISCO_PERMITS_APPLICATIONS","text_only","nlp20.iem.technion.ac.il","finished","456","2026-07-25T05:04:57.000Z","2026-07-25 08:12:32"
"iclv2_REG_TEXT_HOUSES_SAN_FRANCISCO_PERMITS_APPLICATIONS_3","0.5565262066699018","3","TabICLv2 🗼","REG_TEXT_HOUSES_SAN_FRANCISCO_PERMITS_APPLICATIONS","no_text","nlp-srv3.dds.technion.ac.il","finished","19","2026-07-25T05:04:51.000Z","2026-07-25 08:04:48"
"iclv2_REG_TEXT_HOUSES_SAN_FRANCISCO_PERMITS_APPLICATIONS_3","0.39121584366333495","3","TabICLv2 🗼","REG_TEXT_HOUSES_SAN_FRANCISCO_PERMITS_APPLICATIONS","text_only","nlp-srv3.dds.technion.ac.il","finished","443","2026-07-25T05:04:38.000Z","2026-07-25 08:11:39"
"real_REG_TEXT_HOUSES_SAN_FRANCISCO_PERMITS_APPLICATIONS_3","0.46505814792536304","3","RealMLP 🕸","REG_TEXT_HOUSES_SAN_FRANCISCO_PERMITS_APPLICATIONS","no_text","nlp-srv3.dds.technion.ac.il","finished","58","2026-07-25T05:04:24.000Z","2026-07-25 08:05:00"
"real_REG_TEXT_HOUSES_SAN_FRANCISCO_PERMITS_APPLICATIONS_3","0.19584896352596948","3","RealMLP 🕸","REG_TEXT_HOUSES_SAN_FRANCISCO_PERMITS_APPLICATIONS","text_only","nlp-srv3.dds.technion.ac.il","finished","422","2026-07-25T05:03:54.000Z","2026-07-25 08:10:34"
"dpt_REG_TEXT_HOUSES_CALIFORNIA_PRICES_2020_3","0.9175514067960336","3","TabDPT 6️⃣","REG_TEXT_HOUSES_CALIFORNIA_PRICES_2020","no_text","nlp-srv3.dds.technion.ac.il","finished","579","2026-07-25T04:27:02.000Z","2026-07-25 07:36:19"
"dpt_REG_TEXT_HOUSES_CALIFORNIA_PRICES_2020_3","0.7174438984861977","3","TabDPT 6️⃣","REG_TEXT_HOUSES_CALIFORNIA_PRICES_2020","text_only","nlp-srv3.dds.technion.ac.il","finished","2372","2026-07-25T04:25:47.000Z","2026-07-25 08:04:58"
"xgb_REG_TEXT_HOUSES_CALIFORNIA_PRICES_2020_3","0.9089753807897172","3","XGBoost 🌲","REG_TEXT_HOUSES_CALIFORNIA_PRICES_2020","no_text","nlp-srv3.dds.technion.ac.il","finished","12","2026-07-25T04:25:31.000Z","2026-07-25 07:25:22"
"xgb_REG_TEXT_HOUSES_CALIFORNIA_PRICES_2020_3","0.6942966248027189","3","XGBoost 🌲","REG_TEXT_HOUSES_CALIFORNIA_PRICES_2020","text_only","nlp-srv3.dds.technion.ac.il","finished","1631","2026-07-25T04:24:13.000Z","2026-07-25 07:51:03"
"rf_REG_TEXT_HOUSES_CALIFORNIA_PRICES_2020_3","0.9017820633409316","3","RandomForest 🌳","REG_TEXT_HOUSES_CALIFORNIA_PRICES_2020","no_text","nlp-srv3.dds.technion.ac.il","finished","19","2026-07-25T04:23:51.000Z","2026-07-25 07:23:49"
"rf_REG_TEXT_HOUSES_CALIFORNIA_PRICES_2020_3","0.6717633659157115","3","RandomForest 🌳","REG_TEXT_HOUSES_CALIFORNIA_PRICES_2020","text_only","nlp-srv3.dds.technion.ac.il","finished","1799","2026-07-25T04:23:23.000Z","2026-07-25 07:53:01"
"iclv2_REG_TEXT_HOUSES_CALIFORNIA_PRICES_2020_3","0.9186461111559596","3","TabICLv2 🗼","REG_TEXT_HOUSES_CALIFORNIA_PRICES_2020","no_text","nlp-srv3.dds.technion.ac.il","finished","13","2026-07-25T04:23:07.000Z","2026-07-25 07:22:59"
"iclv2_REG_TEXT_HOUSES_CALIFORNIA_PRICES_2020_3","0.7570876967589231","3","TabICLv2 🗼","REG_TEXT_HOUSES_CALIFORNIA_PRICES_2020","text_only","nlp-srv3.dds.technion.ac.il","finished","1666","2026-07-25T04:23:05.000Z","2026-07-25 07:50:30"
"real_REG_TEXT_HOUSES_CALIFORNIA_PRICES_2020_3","0.9085228701714247","3","RealMLP 🕸","REG_TEXT_HOUSES_CALIFORNIA_PRICES_2020","no_text","nlp-srv3.dds.technion.ac.il","finished","46","2026-07-25T04:22:15.000Z","2026-07-25 07:22:39"
"real_REG_TEXT_HOUSES_CALIFORNIA_PRICES_2020_3","0.7524812668597536","3","RealMLP 🕸","REG_TEXT_HOUSES_CALIFORNIA_PRICES_2020","text_only","nlp-srv3.dds.technion.ac.il","finished","1752","2026-07-25T04:21:43.000Z","2026-07-25 07:50:34"
"dpt_REG_TEXT_HOUSES_AIRBNB_SEATTLE_3","0.6722545376387702","3","TabDPT 6️⃣","REG_TEXT_HOUSES_AIRBNB_SEATTLE","no_text","nlp-srv3.dds.technion.ac.il","finished","138","2026-07-25T03:46:05.000Z","2026-07-25 06:48:02"
"dpt_REG_TEXT_HOUSES_AIRBNB_SEATTLE_3","0.5139583692654249","3","TabDPT 6️⃣","REG_TEXT_HOUSES_AIRBNB_SEATTLE","text_only","nlp-srv3.dds.technion.ac.il","finished","558","2026-07-25T03:45:55.000Z","2026-07-25 06:54:52"
"xgb_REG_TEXT_HOUSES_AIRBNB_SEATTLE_3","0.6256279465551513","3","XGBoost 🌲","REG_TEXT_HOUSES_AIRBNB_SEATTLE","no_text","nlp-srv3.dds.technion.ac.il","finished","12","2026-07-25T03:45:39.000Z","2026-07-25 06:45:29"
"xgb_REG_TEXT_HOUSES_AIRBNB_SEATTLE_3","0.3908586083230058","3","XGBoost 🌲","REG_TEXT_HOUSES_AIRBNB_SEATTLE","text_only","nlp-srv3.dds.technion.ac.il","finished","424","2026-07-25T03:45:24.000Z","2026-07-25 06:52:06"
"rf_REG_TEXT_HOUSES_AIRBNB_SEATTLE_3","0.652321714457148","3","RandomForest 🌳","REG_TEXT_HOUSES_AIRBNB_SEATTLE","no_text","nlp-srv3.dds.technion.ac.il","finished","14","2026-07-25T03:45:23.000Z","2026-07-25 06:45:16"
"rf_REG_TEXT_HOUSES_AIRBNB_SEATTLE_3","0.341998403279249","3","RandomForest 🌳","REG_TEXT_HOUSES_AIRBNB_SEATTLE","text_only","nlp-srv3.dds.technion.ac.il","finished","436","2026-07-25T03:45:23.000Z","2026-07-25 06:52:18"
"iclv2_REG_TEXT_HOUSES_AIRBNB_SEATTLE_3","0.7022024914621372","3","TabICLv2 🗼","REG_TEXT_HOUSES_AIRBNB_SEATTLE","no_text","nlp-srv3.dds.technion.ac.il","finished","14","2026-07-25T03:45:07.000Z","2026-07-25 06:45:00"
"iclv2_REG_TEXT_HOUSES_AIRBNB_SEATTLE_3","0.5851121788826441","3","TabICLv2 🗼","REG_TEXT_HOUSES_AIRBNB_SEATTLE","text_only","nlp-srv3.dds.technion.ac.il","finished","437","2026-07-25T03:45:06.000Z","2026-07-25 06:52:01"
"real_REG_TEXT_HOUSES_AIRBNB_SEATTLE_3","0.6631692088549213","3","RealMLP 🕸","REG_TEXT_HOUSES_AIRBNB_SEATTLE","no_text","nlp-srv3.dds.technion.ac.il","finished","28","2026-07-25T03:44:35.000Z","2026-07-25 06:44:42"
"real_REG_TEXT_HOUSES_AIRBNB_SEATTLE_3","0.5292342089596588","3","RealMLP 🕸","REG_TEXT_HOUSES_AIRBNB_SEATTLE","text_only","nlp-srv3.dds.technion.ac.il","finished","432","2026-07-25T03:44:19.000Z","2026-07-25 06:51:09"
"dpt_REG_TEXT_FOOD_WINE_VIVINO_SPAIN_3","0.8112996408144263","3","TabDPT 6️⃣","REG_TEXT_FOOD_WINE_VIVINO_SPAIN","no_text","nlp-srv3.dds.technion.ac.il","finished","237","2026-07-25T03:33:33.000Z","2026-07-25 06:37:09"
"dpt_REG_TEXT_FOOD_WINE_VIVINO_SPAIN_3","0.7746837952779548","3","TabDPT 6️⃣","REG_TEXT_FOOD_WINE_VIVINO_SPAIN","text_only","nlp-srv3.dds.technion.ac.il","finished","328","2026-07-25T03:33:24.000Z","2026-07-25 06:38:28"
"xgb_REG_TEXT_FOOD_WINE_VIVINO_SPAIN_3","0.8049686474358475","3","XGBoost 🌲","REG_TEXT_FOOD_WINE_VIVINO_SPAIN","no_text","nlp-srv3.dds.technion.ac.il","finished","11","2026-07-25T03:33:19.000Z","2026-07-25 06:33:08"
"xgb_REG_TEXT_FOOD_WINE_VIVINO_SPAIN_3","0.7567333981307162","3","XGBoost 🌲","REG_TEXT_FOOD_WINE_VIVINO_SPAIN","text_only","nlp-srv3.dds.technion.ac.il","finished","145","2026-07-25T03:33:09.000Z","2026-07-25 06:35:13"
"rf_REG_TEXT_FOOD_WINE_VIVINO_SPAIN_3","0.7899303423463736","3","RandomForest 🌳","REG_TEXT_FOOD_WINE_VIVINO_SPAIN","no_text","nlp-srv3.dds.technion.ac.il","finished","12","2026-07-25T03:33:08.000Z","2026-07-25 06:32:58"
"rf_REG_TEXT_FOOD_WINE_VIVINO_SPAIN_3","0.7607171245887563","3","RandomForest 🌳","REG_TEXT_FOOD_WINE_VIVINO_SPAIN","text_only","nlp-srv3.dds.technion.ac.il","finished","150","2026-07-25T03:33:06.000Z","2026-07-25 06:35:14"
"iclv2_REG_TEXT_FOOD_WINE_VIVINO_SPAIN_3","0.8052093188087922","3","TabICLv2 🗼","REG_TEXT_FOOD_WINE_VIVINO_SPAIN","no_text","nlp-srv3.dds.technion.ac.il","finished","12","2026-07-25T03:33:03.000Z","2026-07-25 06:32:54"
"iclv2_REG_TEXT_FOOD_WINE_VIVINO_SPAIN_3","0.7785346994045491","3","TabICLv2 🗼","REG_TEXT_FOOD_WINE_VIVINO_SPAIN","text_only","nlp-srv3.dds.technion.ac.il","finished","176","2026-07-25T03:32:20.000Z","2026-07-25 06:34:55"
"real_REG_TEXT_FOOD_WINE_VIVINO_SPAIN_3","0.7807546891296381","3","RealMLP 🕸","REG_TEXT_FOOD_WINE_VIVINO_SPAIN","no_text","nlp-srv3.dds.technion.ac.il","finished","44","2026-07-25T03:32:18.000Z","2026-07-25 06:32:40"
"real_REG_TEXT_FOOD_WINE_VIVINO_SPAIN_3","0.7331695564875438","3","RealMLP 🕸","REG_TEXT_FOOD_WINE_VIVINO_SPAIN","text_only","nlp-srv3.dds.technion.ac.il","finished","189","2026-07-25T03:32:15.000Z","2026-07-25 06:35:03"
"dpt_REG_TEXT_FOOD_WINE_POLISH_MARKET_PRICES_3","0.2999816619262671","3","TabDPT 6️⃣","REG_TEXT_FOOD_WINE_POLISH_MARKET_PRICES","no_text","nlp-srv3.dds.technion.ac.il","finished","16","2026-07-25T03:27:37.000Z","2026-07-25 06:27:31"
"dpt_REG_TEXT_FOOD_WINE_POLISH_MARKET_PRICES_3","0.2921064621438272","3","TabDPT 6️⃣","REG_TEXT_FOOD_WINE_POLISH_MARKET_PRICES","text_only","nlp-srv3.dds.technion.ac.il","finished","93","2026-07-25T03:27:30.000Z","2026-07-25 06:28:42"
"xgb_REG_TEXT_FOOD_WINE_POLISH_MARKET_PRICES_3","0.2822178284654505","3","XGBoost 🌲","REG_TEXT_FOOD_WINE_POLISH_MARKET_PRICES","no_text","nlp-srv3.dds.technion.ac.il","finished","12","2026-07-25T03:27:29.000Z","2026-07-25 06:27:19"
"xgb_REG_TEXT_FOOD_WINE_POLISH_MARKET_PRICES_3","-0.5774016652929215","3","XGBoost 🌲","REG_TEXT_FOOD_WINE_POLISH_MARKET_PRICES","text_only","nlp20.iem.technion.ac.il","finished","78","2026-07-25T03:27:25.000Z","2026-07-25 06:28:41"
"rf_REG_TEXT_FOOD_WINE_POLISH_MARKET_PRICES_3","0.2721961783361685","3","RandomForest 🌳","REG_TEXT_FOOD_WINE_POLISH_MARKET_PRICES","no_text","nlp-srv3.dds.technion.ac.il","finished","12","2026-07-25T03:27:22.000Z","2026-07-25 06:27:12"
"rf_REG_TEXT_FOOD_WINE_POLISH_MARKET_PRICES_3","-0.63766519441224","3","RandomForest 🌳","REG_TEXT_FOOD_WINE_POLISH_MARKET_PRICES","text_only","nlp-srv3.dds.technion.ac.il","finished","124","2026-07-25T03:27:16.000Z","2026-07-25 06:28:59"
"iclv2_REG_TEXT_FOOD_WINE_POLISH_MARKET_PRICES_3","0.39316197482580617","3","TabICLv2 🗼","REG_TEXT_FOOD_WINE_POLISH_MARKET_PRICES","no_text","nlp-srv3.dds.technion.ac.il","finished","13","2026-07-25T03:27:14.000Z","2026-07-25 06:27:05"
"real_REG_TEXT_FOOD_WINE_POLISH_MARKET_PRICES_3","0.4888139722398459","3","RealMLP 🕸","REG_TEXT_FOOD_WINE_POLISH_MARKET_PRICES","no_text","nlp-srv3.dds.technion.ac.il","finished","22","2026-07-25T03:27:11.000Z","2026-07-25 06:27:12"
"iclv2_REG_TEXT_FOOD_WINE_POLISH_MARKET_PRICES_3","0.6601413366531876","3","TabICLv2 🗼","REG_TEXT_FOOD_WINE_POLISH_MARKET_PRICES","text_only","nlp-srv3.dds.technion.ac.il","finished","109","2026-07-25T03:27:11.000Z","2026-07-25 06:28:39"
"real_REG_TEXT_FOOD_WINE_POLISH_MARKET_PRICES_3","-0.32858553417060454","3","RealMLP 🕸","REG_TEXT_FOOD_WINE_POLISH_MARKET_PRICES","text_only","nlp-srv3.dds.technion.ac.il","finished","113","2026-07-25T03:27:10.000Z","2026-07-25 06:28:41"
"dpt_REG_TEXT_FOOD_RAMEN_RATINGS_2022_3","0.0668539002817875","3","TabDPT 6️⃣","REG_TEXT_FOOD_RAMEN_RATINGS_2022","no_text","nlp-srv3.dds.technion.ac.il","finished","103","2026-07-25T03:23:20.000Z","2026-07-25 06:24:42"
"dpt_REG_TEXT_FOOD_RAMEN_RATINGS_2022_3","0.21038271006968012","3","TabDPT 6️⃣","REG_TEXT_FOOD_RAMEN_RATINGS_2022","text_only","nlp-srv3.dds.technion.ac.il","finished","171","2026-07-25T03:23:18.000Z","2026-07-25 06:25:48"
"xgb_REG_TEXT_FOOD_RAMEN_RATINGS_2022_3","0.06331917524494224","3","XGBoost 🌲","REG_TEXT_FOOD_RAMEN_RATINGS_2022","no_text","nlp-srv3.dds.technion.ac.il","finished","12","2026-07-25T03:23:18.000Z","2026-07-25 06:23:08"
"xgb_REG_TEXT_FOOD_RAMEN_RATINGS_2022_3","0.0775172028216492","3","XGBoost 🌲","REG_TEXT_FOOD_RAMEN_RATINGS_2022","text_only","nlp-srv3.dds.technion.ac.il","finished","44","2026-07-25T03:23:17.000Z","2026-07-25 06:23:39"
"rf_REG_TEXT_FOOD_RAMEN_RATINGS_2022_3","0.06767959924753641","3","RandomForest 🌳","REG_TEXT_FOOD_RAMEN_RATINGS_2022","no_text","nlp-srv3.dds.technion.ac.il","finished","12","2026-07-25T03:23:10.000Z","2026-07-25 06:23:01"
"rf_REG_TEXT_FOOD_RAMEN_RATINGS_2022_3","0.18575925808270743","3","RandomForest 🌳","REG_TEXT_FOOD_RAMEN_RATINGS_2022","text_only","nlp-srv3.dds.technion.ac.il","finished","73","2026-07-25T03:23:10.000Z","2026-07-25 06:24:01"
"iclv2_REG_TEXT_FOOD_RAMEN_RATINGS_2022_3","0.055778892602287966","3","TabICLv2 🗼","REG_TEXT_FOOD_RAMEN_RATINGS_2022","no_text","nlp-srv3.dds.technion.ac.il","finished","13","2026-07-25T03:23:01.000Z","2026-07-25 06:22:52"
"iclv2_REG_TEXT_FOOD_RAMEN_RATINGS_2022_3","0.2256899458206134","3","TabICLv2 🗼","REG_TEXT_FOOD_RAMEN_RATINGS_2022","text_only","nlp-srv3.dds.technion.ac.il","finished","93","2026-07-25T03:23:00.000Z","2026-07-25 06:24:12"
"real_REG_TEXT_FOOD_RAMEN_RATINGS_2022_3","0.07830803238923223","3","RealMLP 🕸","REG_TEXT_FOOD_RAMEN_RATINGS_2022","no_text","nlp-srv3.dds.technion.ac.il","finished","26","2026-07-25T03:22:38.000Z","2026-07-25 06:22:43"
"real_REG_TEXT_FOOD_RAMEN_RATINGS_2022_3","0.1444355903577591","3","RealMLP 🕸","REG_TEXT_FOOD_RAMEN_RATINGS_2022","text_only","nlp-srv3.dds.technion.ac.il","finished","75","2026-07-25T03:22:22.000Z","2026-07-25 06:23:16"
"dpt_REG_TEXT_FOOD_COFFEE_REVIEW_3","0.9991742968559264","3","TabDPT 6️⃣","REG_TEXT_FOOD_COFFEE_REVIEW","no_text","nlp-srv3.dds.technion.ac.il","finished","90","2026-07-25T03:17:28.000Z","2026-07-25 06:18:37"
"dpt_REG_TEXT_FOOD_COFFEE_REVIEW_3","0.6018368005752563","3","TabDPT 6️⃣","REG_TEXT_FOOD_COFFEE_REVIEW","text_only","nlp-srv3.dds.technion.ac.il","finished","243","2026-07-25T03:17:22.000Z","2026-07-25 06:21:04"
"xgb_REG_TEXT_FOOD_COFFEE_REVIEW_3","0.9927645325660706","3","XGBoost 🌲","REG_TEXT_FOOD_COFFEE_REVIEW","no_text","nlp-srv3.dds.technion.ac.il","finished","11","2026-07-25T03:17:18.000Z","2026-07-25 06:17:08"
"xgb_REG_TEXT_FOOD_COFFEE_REVIEW_3","0.4195806384086609","3","XGBoost 🌲","REG_TEXT_FOOD_COFFEE_REVIEW","text_only","nlp-srv3.dds.technion.ac.il","finished","177","2026-07-25T03:17:08.000Z","2026-07-25 06:19:43"
"rf_REG_TEXT_FOOD_COFFEE_REVIEW_3","0.9892430001585244","3","RandomForest 🌳","REG_TEXT_FOOD_COFFEE_REVIEW","no_text","nlp-srv3.dds.technion.ac.il","finished","11","2026-07-25T03:17:02.000Z","2026-07-25 06:16:52"
"rf_REG_TEXT_FOOD_COFFEE_REVIEW_3","0.450946178966926","3","RandomForest 🌳","REG_TEXT_FOOD_COFFEE_REVIEW","text_only","nlp-srv3.dds.technion.ac.il","finished","218","2026-07-25T03:17:01.000Z","2026-07-25 06:20:17"
"iclv2_REG_TEXT_FOOD_COFFEE_REVIEW_3","0.9997398853302002","3","TabICLv2 🗼","REG_TEXT_FOOD_COFFEE_REVIEW","no_text","nlp-srv3.dds.technion.ac.il","finished","13","2026-07-25T03:16:52.000Z","2026-07-25 06:16:43"
"iclv2_REG_TEXT_FOOD_COFFEE_REVIEW_3","0.6658532619476318","3","TabICLv2 🗼","REG_TEXT_FOOD_COFFEE_REVIEW","text_only","nlp-srv3.dds.technion.ac.il","finished","216","2026-07-25T03:16:43.000Z","2026-07-25 06:19:58"
"real_REG_TEXT_FOOD_COFFEE_REVIEW_3","0.9995236396789552","3","RealMLP 🕸","REG_TEXT_FOOD_COFFEE_REVIEW","no_text","nlp-srv3.dds.technion.ac.il","finished","21","2026-07-25T03:16:26.000Z","2026-07-25 06:16:26"
"real_REG_TEXT_FOOD_COFFEE_REVIEW_3","0.64007568359375","3","RealMLP 🕸","REG_TEXT_FOOD_COFFEE_REVIEW","text_only","nlp-srv3.dds.technion.ac.il","finished","184","2026-07-25T03:16:12.000Z","2026-07-25 06:18:54"
"dpt_REG_TEXT_FOOD_CHOCOLATE_BAR_RATINGS_3","0.2312590967378625","3","TabDPT 6️⃣","REG_TEXT_FOOD_CHOCOLATE_BAR_RATINGS","no_text","nlp-srv3.dds.technion.ac.il","finished","16","2026-07-25T03:12:05.000Z","2026-07-25 06:11:59"
"dpt_REG_TEXT_FOOD_CHOCOLATE_BAR_RATINGS_3","0.09797889215082656","3","TabDPT 6️⃣","REG_TEXT_FOOD_CHOCOLATE_BAR_RATINGS","text_only","nlp-srv3.dds.technion.ac.il","finished","36","2026-07-25T03:12:04.000Z","2026-07-25 06:12:18"
"xgb_REG_TEXT_FOOD_CHOCOLATE_BAR_RATINGS_3","0.2111636137450947","3","XGBoost 🌲","REG_TEXT_FOOD_CHOCOLATE_BAR_RATINGS","no_text","nlp-srv3.dds.technion.ac.il","finished","13","2026-07-25T03:12:03.000Z","2026-07-25 06:11:54"
"xgb_REG_TEXT_FOOD_CHOCOLATE_BAR_RATINGS_3","-0.03178158326892988","3","XGBoost 🌲","REG_TEXT_FOOD_CHOCOLATE_BAR_RATINGS","text_only","nlp-srv3.dds.technion.ac.il","finished","30","2026-07-25T03:12:01.000Z","2026-07-25 06:12:10"
"rf_REG_TEXT_FOOD_CHOCOLATE_BAR_RATINGS_3","0.15450234264532092","3","RandomForest 🌳","REG_TEXT_FOOD_CHOCOLATE_BAR_RATINGS","no_text","nlp-srv3.dds.technion.ac.il","finished","13","2026-07-25T03:11:58.000Z","2026-07-25 06:11:50"
"rf_REG_TEXT_FOOD_CHOCOLATE_BAR_RATINGS_3","0.07109392833088735","3","RandomForest 🌳","REG_TEXT_FOOD_CHOCOLATE_BAR_RATINGS","text_only","nlp-srv3.dds.technion.ac.il","finished","33","2026-07-25T03:11:52.000Z","2026-07-25 06:12:04"
"iclv2_REG_TEXT_FOOD_CHOCOLATE_BAR_RATINGS_3","0.21701328380104937","3","TabICLv2 🗼","REG_TEXT_FOOD_CHOCOLATE_BAR_RATINGS","no_text","nlp20.iem.technion.ac.il","finished","13","2026-07-25T03:11:50.000Z","2026-07-25 06:12:02"
"iclv2_REG_TEXT_FOOD_CHOCOLATE_BAR_RATINGS_3","0.10645673638430952","3","TabICLv2 🗼","REG_TEXT_FOOD_CHOCOLATE_BAR_RATINGS","text_only","nlp-srv3.dds.technion.ac.il","finished","32","2026-07-25T03:11:47.000Z","2026-07-25 06:11:57"
"real_REG_TEXT_FOOD_CHOCOLATE_BAR_RATINGS_3","0.1745661723004006","3","RealMLP 🕸","REG_TEXT_FOOD_CHOCOLATE_BAR_RATINGS","no_text","nlp-srv3.dds.technion.ac.il","finished","18","2026-07-25T03:11:43.000Z","2026-07-25 06:11:40"
"real_REG_TEXT_FOOD_CHOCOLATE_BAR_RATINGS_3","-0.008375012132426862","3","RealMLP 🕸","REG_TEXT_FOOD_CHOCOLATE_BAR_RATINGS","text_only","nlp-srv3.dds.technion.ac.il","finished","37","2026-07-25T03:11:39.000Z","2026-07-25 06:11:54"
"dpt_REG_TEXT_FOOD_BEER_RATINGS_3","0.905598218974266","3","TabDPT 6️⃣","REG_TEXT_FOOD_BEER_RATINGS","no_text","nlp-srv3.dds.technion.ac.il","finished","95","2026-07-25T03:08:04.000Z","2026-07-25 06:09:17"
"dpt_REG_TEXT_FOOD_BEER_RATINGS_3","0.5476204659906987","3","TabDPT 6️⃣","REG_TEXT_FOOD_BEER_RATINGS","text_only","nlp-srv3.dds.technion.ac.il","finished","204","2026-07-25T03:08:01.000Z","2026-07-25 06:11:03"
"xgb_REG_TEXT_FOOD_BEER_RATINGS_3","0.8938782492372386","3","XGBoost 🌲","REG_TEXT_FOOD_BEER_RATINGS","no_text","nlp-srv3.dds.technion.ac.il","finished","11","2026-07-25T03:07:54.000Z","2026-07-25 06:07:44"
"xgb_REG_TEXT_FOOD_BEER_RATINGS_3","0.528768491595524","3","XGBoost 🌲","REG_TEXT_FOOD_BEER_RATINGS","text_only","nlp-srv3.dds.technion.ac.il","finished","113","2026-07-25T03:07:53.000Z","2026-07-25 06:09:23"
"rf_REG_TEXT_FOOD_BEER_RATINGS_3","0.8993587837431557","3","RandomForest 🌳","REG_TEXT_FOOD_BEER_RATINGS","no_text","nlp-srv3.dds.technion.ac.il","finished","13","2026-07-25T03:07:48.000Z","2026-07-25 06:07:40"
"rf_REG_TEXT_FOOD_BEER_RATINGS_3","0.5483993274966659","3","RandomForest 🌳","REG_TEXT_FOOD_BEER_RATINGS","text_only","nlp-srv3.dds.technion.ac.il","finished","141","2026-07-25T03:07:35.000Z","2026-07-25 06:09:35"
"iclv2_REG_TEXT_FOOD_BEER_RATINGS_3","0.9175814094177714","3","TabICLv2 🗼","REG_TEXT_FOOD_BEER_RATINGS","no_text","nlp-srv3.dds.technion.ac.il","finished","12","2026-07-25T03:07:20.000Z","2026-07-25 06:07:10"
"iclv2_REG_TEXT_FOOD_BEER_RATINGS_3","0.5714845597217539","3","TabICLv2 🗼","REG_TEXT_FOOD_BEER_RATINGS","text_only","nlp-srv3.dds.technion.ac.il","finished","127","2026-07-25T03:07:18.000Z","2026-07-25 06:09:03"
"real_REG_TEXT_FOOD_BEER_RATINGS_3","0.9065639702212394","3","RealMLP 🕸","REG_TEXT_FOOD_BEER_RATINGS","no_text","nlp-srv3.dds.technion.ac.il","finished","23","2026-07-25T03:06:51.000Z","2026-07-25 06:06:53"
"real_REG_TEXT_FOOD_BEER_RATINGS_3","0.4723193790340261","3","RealMLP 🕸","REG_TEXT_FOOD_BEER_RATINGS","text_only","nlp20.iem.technion.ac.il","finished","118","2026-07-25T03:06:45.000Z","2026-07-25 06:08:41"
"dpt_REG_TEXT_FOOD_ALCOHOL_WIKILIQ_PRICES_3","0.16353685708820076","3","TabDPT 6️⃣","REG_TEXT_FOOD_ALCOHOL_WIKILIQ_PRICES","no_text","nlp-srv3.dds.technion.ac.il","finished","373","2026-07-25T02:52:59.000Z","2026-07-25 05:58:50"
"dpt_REG_TEXT_FOOD_ALCOHOL_WIKILIQ_PRICES_3","0.13189272505914673","3","TabDPT 6️⃣","REG_TEXT_FOOD_ALCOHOL_WIKILIQ_PRICES","text_only","nlp-srv3.dds.technion.ac.il","finished","900","2026-07-25T02:52:48.000Z","2026-07-25 06:07:27"
"xgb_REG_TEXT_FOOD_ALCOHOL_WIKILIQ_PRICES_3","0.15202482049368882","3","XGBoost 🌲","REG_TEXT_FOOD_ALCOHOL_WIKILIQ_PRICES","no_text","nlp-srv3.dds.technion.ac.il","finished","11","2026-07-25T02:52:43.000Z","2026-07-25 05:52:33"
"xgb_REG_TEXT_FOOD_ALCOHOL_WIKILIQ_PRICES_3","0.05526447946942392","3","XGBoost 🌲","REG_TEXT_FOOD_ALCOHOL_WIKILIQ_PRICES","text_only","nlp-srv3.dds.technion.ac.il","finished","549","2026-07-25T02:52:37.000Z","2026-07-25 06:01:24"
"rf_REG_TEXT_FOOD_ALCOHOL_WIKILIQ_PRICES_3","0.3290508651744821","3","RandomForest 🌳","REG_TEXT_FOOD_ALCOHOL_WIKILIQ_PRICES","no_text","nlp-srv3.dds.technion.ac.il","finished","12","2026-07-25T02:52:32.000Z","2026-07-25 05:52:23"
"rf_REG_TEXT_FOOD_ALCOHOL_WIKILIQ_PRICES_3","0.1406153627118414","3","RandomForest 🌳","REG_TEXT_FOOD_ALCOHOL_WIKILIQ_PRICES","text_only","nlp-srv3.dds.technion.ac.il","finished","674","2026-07-25T02:51:47.000Z","2026-07-25 06:02:40"
"iclv2_REG_TEXT_FOOD_ALCOHOL_WIKILIQ_PRICES_3","0.20291666991029425","3","TabICLv2 🗼","REG_TEXT_FOOD_ALCOHOL_WIKILIQ_PRICES","no_text","nlp-srv3.dds.technion.ac.il","finished","12","2026-07-25T02:51:31.000Z","2026-07-25 05:51:22"
"iclv2_REG_TEXT_FOOD_ALCOHOL_WIKILIQ_PRICES_3","0.16060894416219107","3","TabICLv2 🗼","REG_TEXT_FOOD_ALCOHOL_WIKILIQ_PRICES","text_only","nlp-srv3.dds.technion.ac.il","finished","564","2026-07-25T02:50:50.000Z","2026-07-25 05:59:53"
"real_REG_TEXT_FOOD_ALCOHOL_WIKILIQ_PRICES_3","0.25993131337230235","3","RealMLP 🕸","REG_TEXT_FOOD_ALCOHOL_WIKILIQ_PRICES","no_text","nlp-srv3.dds.technion.ac.il","finished","50","2026-07-25T02:50:39.000Z","2026-07-25 05:51:07"
"real_REG_TEXT_FOOD_ALCOHOL_WIKILIQ_PRICES_3","-0.07594320221718487","3","RealMLP 🕸","REG_TEXT_FOOD_ALCOHOL_WIKILIQ_PRICES","text_only","nlp-srv3.dds.technion.ac.il","finished","600","2026-07-25T02:50:19.000Z","2026-07-25 05:59:57"
"dpt_REG_TEXT_CONSUMER_LAPTOP_INDIAN_PRICES_3","0.9021031913294864","3","TabDPT 6️⃣","REG_TEXT_CONSUMER_LAPTOP_INDIAN_PRICES","no_text","nlp20.iem.technion.ac.il","finished","32","2026-07-25T02:38:59.000Z","2026-07-25 05:39:30"
"dpt_REG_TEXT_CONSUMER_LAPTOP_INDIAN_PRICES_3","0.8768388236248199","3","TabDPT 6️⃣","REG_TEXT_CONSUMER_LAPTOP_INDIAN_PRICES","text_only","nlp-srv3.dds.technion.ac.il","finished","150","2026-07-25T02:38:33.000Z","2026-07-25 05:40:41"
"xgb_REG_TEXT_CONSUMER_LAPTOP_INDIAN_PRICES_3","0.9133077793810224","3","XGBoost 🌲","REG_TEXT_CONSUMER_LAPTOP_INDIAN_PRICES","no_text","nlp-srv3.dds.technion.ac.il","finished","12","2026-07-25T02:38:17.000Z","2026-07-25 05:38:08"
"xgb_REG_TEXT_CONSUMER_LAPTOP_INDIAN_PRICES_3","0.8827273200791262","3","XGBoost 🌲","REG_TEXT_CONSUMER_LAPTOP_INDIAN_PRICES","text_only","nlp-srv3.dds.technion.ac.il","finished","177","2026-07-25T02:38:06.000Z","2026-07-25 05:40:41"
"rf_REG_TEXT_CONSUMER_LAPTOP_INDIAN_PRICES_3","0.8971995703125932","3","RandomForest 🌳","REG_TEXT_CONSUMER_LAPTOP_INDIAN_PRICES","no_text","nlp-srv3.dds.technion.ac.il","finished","12","2026-07-25T02:38:01.000Z","2026-07-25 05:37:52"
"rf_REG_TEXT_CONSUMER_LAPTOP_INDIAN_PRICES_3","0.9032949481957484","3","RandomForest 🌳","REG_TEXT_CONSUMER_LAPTOP_INDIAN_PRICES","text_only","nlp-srv3.dds.technion.ac.il","finished","190","2026-07-25T02:37:56.000Z","2026-07-25 05:40:45"
"iclv2_REG_TEXT_CONSUMER_LAPTOP_INDIAN_PRICES_3","0.9395253833381892","3","TabICLv2 🗼","REG_TEXT_CONSUMER_LAPTOP_INDIAN_PRICES","no_text","nlp-srv3.dds.technion.ac.il","finished","13","2026-07-25T02:37:50.000Z","2026-07-25 05:37:42"
"iclv2_REG_TEXT_CONSUMER_LAPTOP_INDIAN_PRICES_3","0.9513000301495986","3","TabICLv2 🗼","REG_TEXT_CONSUMER_LAPTOP_INDIAN_PRICES","text_only","nlp-srv3.dds.technion.ac.il","finished","156","2026-07-25T02:37:49.000Z","2026-07-25 05:40:03"
"real_REG_TEXT_CONSUMER_LAPTOP_INDIAN_PRICES_3","0.9202651358517888","3","RealMLP 🕸","REG_TEXT_CONSUMER_LAPTOP_INDIAN_PRICES","no_text","nlp-srv3.dds.technion.ac.il","finished","22","2026-07-25T02:37:24.000Z","2026-07-25 05:37:25"
"real_REG_TEXT_CONSUMER_LAPTOP_INDIAN_PRICES_3","0.9159241911444376","3","RealMLP 🕸","REG_TEXT_CONSUMER_LAPTOP_INDIAN_PRICES","text_only","nlp-srv3.dds.technion.ac.il","finished","159","2026-07-25T02:37:10.000Z","2026-07-25 05:39:28"
"dpt_REG_TEXT_CONSUMER_JC_PENNEY_PRODUCT_PRICE_3","-0.0037927416787761903","3","TabDPT 6️⃣","REG_TEXT_CONSUMER_JC_PENNEY_PRODUCT_PRICE","no_text","nlp-srv3.dds.technion.ac.il","finished","196","2026-07-25T02:29:48.000Z","2026-07-25 05:32:43"
"dpt_REG_TEXT_CONSUMER_JC_PENNEY_PRODUCT_PRICE_3","0.37191246193729577","3","TabDPT 6️⃣","REG_TEXT_CONSUMER_JC_PENNEY_PRODUCT_PRICE","text_only","nlp-srv3.dds.technion.ac.il","finished","551","2026-07-25T02:29:45.000Z","2026-07-25 05:38:35"
"xgb_REG_TEXT_CONSUMER_JC_PENNEY_PRODUCT_PRICE_3","0.0021100464866629087","3","XGBoost 🌲","REG_TEXT_CONSUMER_JC_PENNEY_PRODUCT_PRICE","no_text","nlp-srv3.dds.technion.ac.il","finished","10","2026-07-25T02:29:32.000Z","2026-07-25 05:29:21"
"xgb_REG_TEXT_CONSUMER_JC_PENNEY_PRODUCT_PRICE_3","0.5995339204431742","3","XGBoost 🌲","REG_TEXT_CONSUMER_JC_PENNEY_PRODUCT_PRICE","text_only","nlp-srv3.dds.technion.ac.il","finished","280","2026-07-25T02:29:21.000Z","2026-07-25 05:33:40"
"rf_REG_TEXT_CONSUMER_JC_PENNEY_PRODUCT_PRICE_3","-0.0034705834538981684","3","RandomForest 🌳","REG_TEXT_CONSUMER_JC_PENNEY_PRODUCT_PRICE","no_text","nlp-srv3.dds.technion.ac.il","finished","10","2026-07-25T02:29:05.000Z","2026-07-25 05:28:54"
"rf_REG_TEXT_CONSUMER_JC_PENNEY_PRODUCT_PRICE_3","0.6105266437063833","3","RandomForest 🌳","REG_TEXT_CONSUMER_JC_PENNEY_PRODUCT_PRICE","text_only","nlp-srv3.dds.technion.ac.il","finished","358","2026-07-25T02:28:32.000Z","2026-07-25 05:34:08"
"iclv2_REG_TEXT_CONSUMER_JC_PENNEY_PRODUCT_PRICE_3","-0.006721560592441556","3","TabICLv2 🗼","REG_TEXT_CONSUMER_JC_PENNEY_PRODUCT_PRICE","no_text","nlp-srv3.dds.technion.ac.il","finished","13","2026-07-25T02:28:16.000Z","2026-07-25 05:28:07"
"iclv2_REG_TEXT_CONSUMER_JC_PENNEY_PRODUCT_PRICE_3","0.4765726327509354","3","TabICLv2 🗼","REG_TEXT_CONSUMER_JC_PENNEY_PRODUCT_PRICE","text_only","nlp-srv3.dds.technion.ac.il","finished","285","2026-07-25T02:27:36.000Z","2026-07-25 05:32:00"
"real_REG_TEXT_CONSUMER_JC_PENNEY_PRODUCT_PRICE_3","0.007378520003424871","3","RealMLP 🕸","REG_TEXT_CONSUMER_JC_PENNEY_PRODUCT_PRICE","no_text","nlp-srv3.dds.technion.ac.il","finished","44","2026-07-25T02:27:29.000Z","2026-07-25 05:27:52"
"dpt_REG_TEXT_CONSUMER_CAR_PRICE_CARDEKHO_3","0.8055706543148556","3","TabDPT 6️⃣","REG_TEXT_CONSUMER_CAR_PRICE_CARDEKHO","text_only","nlp-srv3.dds.technion.ac.il","finished","3942","2026-07-25T01:27:21.000Z","2026-07-25 05:32:42"
"xgb_REG_TEXT_CONSUMER_CAR_PRICE_CARDEKHO_3","0.9957708265906188","3","XGBoost 🌲","REG_TEXT_CONSUMER_CAR_PRICE_CARDEKHO","no_text","nlp-srv3.dds.technion.ac.il","finished","15","2026-07-25T01:27:00.000Z","2026-07-25 04:26:54"
"xgb_REG_TEXT_CONSUMER_CAR_PRICE_CARDEKHO_3","0.9155311890938544","3","XGBoost 🌲","REG_TEXT_CONSUMER_CAR_PRICE_CARDEKHO","text_only","nlp-srv3.dds.technion.ac.il","finished","3443","2026-07-25T01:26:47.000Z","2026-07-25 05:23:49"
"rf_REG_TEXT_CONSUMER_CAR_PRICE_CARDEKHO_3","0.9997503172105168","3","RandomForest 🌳","REG_TEXT_CONSUMER_CAR_PRICE_CARDEKHO","no_text","nlp-srv3.dds.technion.ac.il","finished","24","2026-07-25T01:26:33.000Z","2026-07-25 04:26:36"
"rf_REG_TEXT_CONSUMER_CAR_PRICE_CARDEKHO_3","0.9036901009387924","3","RandomForest 🌳","REG_TEXT_CONSUMER_CAR_PRICE_CARDEKHO","text_only","nlp-srv3.dds.technion.ac.il","finished","3633","2026-07-25T01:26:20.000Z","2026-07-25 05:26:32"
"iclv2_REG_TEXT_CONSUMER_CAR_PRICE_CARDEKHO_3","0.991912400880294","3","TabICLv2 🗼","REG_TEXT_CONSUMER_CAR_PRICE_CARDEKHO","no_text","nlp-srv3.dds.technion.ac.il","finished","19","2026-07-25T01:25:59.000Z","2026-07-25 04:25:57"
"iclv2_REG_TEXT_CONSUMER_CAR_PRICE_CARDEKHO_3","0.91244487990934","3","TabICLv2 🗼","REG_TEXT_CONSUMER_CAR_PRICE_CARDEKHO","text_only","nlp20.iem.technion.ac.il","finished","2373","2026-07-25T01:25:03.000Z","2026-07-25 05:04:34"
"real_REG_TEXT_CONSUMER_CAR_PRICE_CARDEKHO_3","0.9932779511356892","3","RealMLP 🕸","REG_TEXT_CONSUMER_CAR_PRICE_CARDEKHO","no_text","nlp-srv3.dds.technion.ac.il","finished","68","2026-07-25T01:24:45.000Z","2026-07-25 04:25:32"
"real_REG_TEXT_CONSUMER_CAR_PRICE_CARDEKHO_3","0.9106080147387776","3","RealMLP 🕸","REG_TEXT_CONSUMER_CAR_PRICE_CARDEKHO","text_only","nlp-srv3.dds.technion.ac.il","finished","3430","2026-07-25T01:24:33.000Z","2026-07-25 05:21:22"
"dpt_REG_TEXT_CONSUMER_BIKE_PRICE_BIKEWALE_3","0.46505820751190186","3","TabDPT 6️⃣","REG_TEXT_CONSUMER_BIKE_PRICE_BIKEWALE","text_only","nlp-srv3.dds.technion.ac.il","finished","420","2026-07-25T00:23:21.000Z","2026-07-25 03:30:00"
"xgb_REG_TEXT_CONSUMER_BIKE_PRICE_BIKEWALE_3","0.135759174823761","3","XGBoost 🌲","REG_TEXT_CONSUMER_BIKE_PRICE_BIKEWALE","no_text","nlp-srv3.dds.technion.ac.il","finished","10","2026-07-25T00:23:09.000Z","2026-07-25 03:22:58"
"xgb_REG_TEXT_CONSUMER_BIKE_PRICE_BIKEWALE_3","0.7312397360801697","3","XGBoost 🌲","REG_TEXT_CONSUMER_BIKE_PRICE_BIKEWALE","text_only","nlp-srv3.dds.technion.ac.il","finished","147","2026-07-25T00:23:06.000Z","2026-07-25 03:25:12"
"rf_REG_TEXT_CONSUMER_BIKE_PRICE_BIKEWALE_3","0.01732131325645514","3","RandomForest 🌳","REG_TEXT_CONSUMER_BIKE_PRICE_BIKEWALE","no_text","nlp-srv3.dds.technion.ac.il","finished","12","2026-07-25T00:23:05.000Z","2026-07-25 03:22:55"
"rf_REG_TEXT_CONSUMER_BIKE_PRICE_BIKEWALE_3","0.7197205181505955","3","RandomForest 🌳","REG_TEXT_CONSUMER_BIKE_PRICE_BIKEWALE","text_only","nlp-srv3.dds.technion.ac.il","finished","174","2026-07-25T00:22:57.000Z","2026-07-25 03:25:30"
"iclv2_REG_TEXT_CONSUMER_BIKE_PRICE_BIKEWALE_3","0.7072751522064209","3","TabICLv2 🗼","REG_TEXT_CONSUMER_BIKE_PRICE_BIKEWALE","text_only","nlp-srv3.dds.technion.ac.il","finished","173","2026-07-25T00:22:38.000Z","2026-07-25 03:25:10"
"real_REG_TEXT_CONSUMER_BIKE_PRICE_BIKEWALE_3","0.3786810636520386","3","RealMLP 🕸","REG_TEXT_CONSUMER_BIKE_PRICE_BIKEWALE","text_only","nlp-srv3.dds.technion.ac.il","finished","188","2026-07-25T00:22:37.000Z","2026-07-25 03:25:24"
"dpt_REG_TEXT_CONSUMER_AMERICAN_EAGLE_PRICES_3","0.960935917520851","3","TabDPT 6️⃣","REG_TEXT_CONSUMER_AMERICAN_EAGLE_PRICES","no_text","nlp-srv3.dds.technion.ac.il","finished","539","2026-07-25T00:10:35.000Z","2026-07-25 03:19:13"
"dpt_REG_TEXT_CONSUMER_AMERICAN_EAGLE_PRICES_3","0.871731410568869","3","TabDPT 6️⃣","REG_TEXT_CONSUMER_AMERICAN_EAGLE_PRICES","text_only","nlp-srv3.dds.technion.ac.il","finished","979","2026-07-25T00:09:36.000Z","2026-07-25 03:25:34"
"xgb_REG_TEXT_CONSUMER_AMERICAN_EAGLE_PRICES_3","0.9648682734624128","3","XGBoost 🌲","REG_TEXT_CONSUMER_AMERICAN_EAGLE_PRICES","no_text","nlp-srv3.dds.technion.ac.il","finished","11","2026-07-25T00:09:20.000Z","2026-07-25 03:09:10"
"xgb_REG_TEXT_CONSUMER_AMERICAN_EAGLE_PRICES_3","0.9588947212960008","3","XGBoost 🌲","REG_TEXT_CONSUMER_AMERICAN_EAGLE_PRICES","text_only","nlp-srv3.dds.technion.ac.il","finished","497","2026-07-25T00:09:10.000Z","2026-07-25 03:17:06"
"rf_REG_TEXT_CONSUMER_AMERICAN_EAGLE_PRICES_3","0.960623654824404","3","RandomForest 🌳","REG_TEXT_CONSUMER_AMERICAN_EAGLE_PRICES","no_text","nlp-srv3.dds.technion.ac.il","finished","11","2026-07-25T00:09:04.000Z","2026-07-25 03:08:54"
"rf_REG_TEXT_CONSUMER_AMERICAN_EAGLE_PRICES_3","0.9532970739951988","3","RandomForest 🌳","REG_TEXT_CONSUMER_AMERICAN_EAGLE_PRICES","text_only","nlp-srv3.dds.technion.ac.il","finished","514","2026-07-25T00:08:52.000Z","2026-07-25 03:17:05"
"iclv2_REG_TEXT_CONSUMER_AMERICAN_EAGLE_PRICES_3","0.9679600289380068","3","TabICLv2 🗼","REG_TEXT_CONSUMER_AMERICAN_EAGLE_PRICES","no_text","nlp-srv3.dds.technion.ac.il","finished","13","2026-07-25T00:08:48.000Z","2026-07-25 03:08:40"
"iclv2_REG_TEXT_CONSUMER_AMERICAN_EAGLE_PRICES_3","0.9609863391115074","3","TabICLv2 🗼","REG_TEXT_CONSUMER_AMERICAN_EAGLE_PRICES","text_only","nlp-srv3.dds.technion.ac.il","finished","530","2026-07-25T00:08:24.000Z","2026-07-25 03:16:54"
"real_REG_TEXT_CONSUMER_AMERICAN_EAGLE_PRICES_3","0.9645746993833536","3","RealMLP 🕸","REG_TEXT_CONSUMER_AMERICAN_EAGLE_PRICES","no_text","nlp-srv3.dds.technion.ac.il","finished","51","2026-07-25T00:07:54.000Z","2026-07-25 03:08:24"
"real_REG_TEXT_CONSUMER_AMERICAN_EAGLE_PRICES_3","0.9580688637083576","3","RealMLP 🕸","REG_TEXT_CONSUMER_AMERICAN_EAGLE_PRICES","text_only","nlp-srv3.dds.technion.ac.il","finished","543","2026-07-25T00:07:13.000Z","2026-07-25 03:15:55"
"dpt_REG_TEXT_BOOK_READABILITY_3","0.7966438071397808","3","TabDPT 6️⃣","REG_TEXT_BOOK_READABILITY","no_text","nlp-srv3.dds.technion.ac.il","finished","109","2026-07-24T23:54:36.000Z","2026-07-25 02:56:04"
"dpt_REG_TEXT_BOOK_READABILITY_3","0.6547691800786026","3","TabDPT 6️⃣","REG_TEXT_BOOK_READABILITY","text_only","nlp-srv3.dds.technion.ac.il","finished","366","2026-07-24T23:54:35.000Z","2026-07-25 03:00:20"
"xgb_REG_TEXT_BOOK_READABILITY_3","0.770712838632402","3","XGBoost 🌲","REG_TEXT_BOOK_READABILITY","no_text","nlp-srv3.dds.technion.ac.il","finished","12","2026-07-24T23:54:19.000Z","2026-07-25 02:54:09"
"xgb_REG_TEXT_BOOK_READABILITY_3","0.6847868572189686","3","XGBoost 🌲","REG_TEXT_BOOK_READABILITY","text_only","nlp-srv3.dds.technion.ac.il","finished","237","2026-07-24T23:54:13.000Z","2026-07-25 02:57:49"
"rf_REG_TEXT_BOOK_READABILITY_3","0.7689640828127994","3","RandomForest 🌳","REG_TEXT_BOOK_READABILITY","no_text","nlp-srv3.dds.technion.ac.il","finished","14","2026-07-24T23:53:57.000Z","2026-07-25 02:53:50"
"rf_REG_TEXT_BOOK_READABILITY_3","0.6764568531341584","3","RandomForest 🌳","REG_TEXT_BOOK_READABILITY","text_only","nlp-srv3.dds.technion.ac.il","finished","281","2026-07-24T23:53:44.000Z","2026-07-25 02:58:04"
"iclv2_REG_TEXT_BOOK_READABILITY_3","0.7930143142968588","3","TabICLv2 🗼","REG_TEXT_BOOK_READABILITY","no_text","nlp-srv3.dds.technion.ac.il","finished","13","2026-07-24T23:53:28.000Z","2026-07-25 02:53:20"
"iclv2_REG_TEXT_BOOK_READABILITY_3","0.7510500064042982","3","TabICLv2 🗼","REG_TEXT_BOOK_READABILITY","text_only","nlp-srv3.dds.technion.ac.il","finished","257","2026-07-24T23:53:26.000Z","2026-07-25 02:57:22"
"real_REG_TEXT_BOOK_READABILITY_3","0.7839586627560774","3","RealMLP 🕸","REG_TEXT_BOOK_READABILITY","no_text","nlp-srv3.dds.technion.ac.il","finished","29","2026-07-24T23:52:56.000Z","2026-07-25 02:53:04"
"real_REG_TEXT_BOOK_READABILITY_3","0.6951598541630573","3","RealMLP 🕸","REG_TEXT_BOOK_READABILITY","text_only","nlp-srv3.dds.technion.ac.il","finished","239","2026-07-24T23:52:27.000Z","2026-07-25 02:56:05"
"dpt_REG_TEXT_BOOK_PRICE_3","0.16199139476134627","3","TabDPT 6️⃣","REG_TEXT_BOOK_PRICE","no_text","nlp-srv3.dds.technion.ac.il","finished","150","2026-07-24T23:44:57.000Z","2026-07-25 02:47:05"
"dpt_REG_TEXT_BOOK_PRICE_3","0.5234643326001374","3","TabDPT 6️⃣","REG_TEXT_BOOK_PRICE","text_only","nlp-srv3.dds.technion.ac.il","finished","285","2026-07-24T23:44:54.000Z","2026-07-25 02:49:18"
"xgb_REG_TEXT_BOOK_PRICE_3","0.14150451807643394","3","XGBoost 🌲","REG_TEXT_BOOK_PRICE","no_text","nlp-srv3.dds.technion.ac.il","finished","12","2026-07-24T23:44:38.000Z","2026-07-25 02:44:28"
"xgb_REG_TEXT_BOOK_PRICE_3","0.466516809451613","3","XGBoost 🌲","REG_TEXT_BOOK_PRICE","text_only","nlp-srv3.dds.technion.ac.il","finished","178","2026-07-24T23:44:30.000Z","2026-07-25 02:47:07"
"rf_REG_TEXT_BOOK_PRICE_3","0.05568117190430788","3","RandomForest 🌳","REG_TEXT_BOOK_PRICE","no_text","nlp-srv3.dds.technion.ac.il","finished","11","2026-07-24T23:44:14.000Z","2026-07-25 02:44:04"
"rf_REG_TEXT_BOOK_PRICE_3","0.44145571348180734","3","RandomForest 🌳","REG_TEXT_BOOK_PRICE","text_only","nlp-srv3.dds.technion.ac.il","finished","238","2026-07-24T23:44:12.000Z","2026-07-25 02:47:49"
"iclv2_REG_TEXT_BOOK_PRICE_3","0.1660926283024715","3","TabICLv2 🗼","REG_TEXT_BOOK_PRICE","no_text","nlp-srv3.dds.technion.ac.il","finished","13","2026-07-24T23:43:58.000Z","2026-07-25 02:43:50"
"iclv2_REG_TEXT_BOOK_PRICE_3","0.5391905486782971","3","TabICLv2 🗼","REG_TEXT_BOOK_PRICE","text_only","nlp-srv3.dds.technion.ac.il","finished","220","2026-07-24T23:43:37.000Z","2026-07-25 02:46:56"
"real_REG_TEXT_BOOK_PRICE_3","0.15065543666650905","3","RealMLP 🕸","REG_TEXT_BOOK_PRICE","no_text","nlp-srv3.dds.technion.ac.il","finished","28","2026-07-24T23:43:27.000Z","2026-07-25 02:43:34"
"real_REG_TEXT_BOOK_PRICE_3","0.4917383754214997","3","RealMLP 🕸","REG_TEXT_BOOK_PRICE","text_only","nlp-srv3.dds.technion.ac.il","finished","209","2026-07-24T23:42:47.000Z","2026-07-25 02:45:55"
"dpt_REG_TEXT_BABIES_PRICES_3","0.4189059805624006","3","TabDPT 6️⃣","REG_TEXT_BABIES_PRICES","no_text","nlp-srv3.dds.technion.ac.il","finished","142","2026-07-24T23:36:04.000Z","2026-07-25 02:38:05"
"dpt_REG_TEXT_BABIES_PRICES_3","0.8285949422375661","3","TabDPT 6️⃣","REG_TEXT_BABIES_PRICES","text_only","nlp-srv3.dds.technion.ac.il","finished","343","2026-07-24T23:36:02.000Z","2026-07-25 02:41:24"
"xgb_REG_TEXT_BABIES_PRICES_3","0.4411371744202569","3","XGBoost 🌲","REG_TEXT_BABIES_PRICES","no_text","nlp-srv3.dds.technion.ac.il","finished","11","2026-07-24T23:35:46.000Z","2026-07-25 02:35:36"
"xgb_REG_TEXT_BABIES_PRICES_3","0.752929568052283","3","XGBoost 🌲","REG_TEXT_BABIES_PRICES","text_only","nlp-srv3.dds.technion.ac.il","finished","166","2026-07-24T23:35:30.000Z","2026-07-25 02:37:54"
"rf_REG_TEXT_BABIES_PRICES_3","0.43075136958215654","3","RandomForest 🌳","REG_TEXT_BABIES_PRICES","no_text","nlp-srv3.dds.technion.ac.il","finished","11","2026-07-24T23:35:29.000Z","2026-07-25 02:35:19"
"rf_REG_TEXT_BABIES_PRICES_3","0.7753187862162387","3","RandomForest 🌳","REG_TEXT_BABIES_PRICES","text_only","nlp-srv3.dds.technion.ac.il","finished","175","2026-07-24T23:35:24.000Z","2026-07-25 02:37:57"
"iclv2_REG_TEXT_BABIES_PRICES_3","0.43384422063716066","3","TabICLv2 🗼","REG_TEXT_BABIES_PRICES","no_text","nlp-srv3.dds.technion.ac.il","finished","11","2026-07-24T23:35:09.000Z","2026-07-25 02:34:59"
"iclv2_REG_TEXT_BABIES_PRICES_3","0.8987510601009258","3","TabICLv2 🗼","REG_TEXT_BABIES_PRICES","text_only","nlp-srv3.dds.technion.ac.il","finished","170","2026-07-24T23:35:04.000Z","2026-07-25 02:37:33"
"real_REG_TEXT_BABIES_PRICES_3","0.4391254492473994","3","RealMLP 🕸","REG_TEXT_BABIES_PRICES","no_text","nlp-srv3.dds.technion.ac.il","finished","32","2026-07-24T23:34:52.000Z","2026-07-25 02:35:03"
"real_REG_TEXT_BABIES_PRICES_3","0.843224394894099","3","RealMLP 🕸","REG_TEXT_BABIES_PRICES","text_only","nlp-srv3.dds.technion.ac.il","finished","191","2026-07-24T23:34:15.000Z","2026-07-25 02:37:05"
"dpt_MUL_TEXT_WOMEN_CLOTHING_REVIEW_3","0.7718075206463126","3","TabDPT 6️⃣","MUL_TEXT_WOMEN_CLOTHING_REVIEW","no_text","nlp-srv3.dds.technion.ac.il","finished","76","2026-07-24T23:27:40.000Z","2026-07-25 02:28:35"
"dpt_MUL_TEXT_WOMEN_CLOTHING_REVIEW_3","0.8824816087634192","3","TabDPT 6️⃣","MUL_TEXT_WOMEN_CLOTHING_REVIEW","text_only","nlp-srv3.dds.technion.ac.il","finished","267","2026-07-24T23:27:38.000Z","2026-07-25 02:31:43"
"xgb_MUL_TEXT_WOMEN_CLOTHING_REVIEW_3","0.7811981301997266","3","XGBoost 🌲","MUL_TEXT_WOMEN_CLOTHING_REVIEW","no_text","nlp20.iem.technion.ac.il","finished","14","2026-07-24T23:27:34.000Z","2026-07-25 02:27:47"
"xgb_MUL_TEXT_WOMEN_CLOTHING_REVIEW_3","0.8760449600419925","3","XGBoost 🌲","MUL_TEXT_WOMEN_CLOTHING_REVIEW","text_only","nlp-srv3.dds.technion.ac.il","finished","175","2026-07-24T23:27:32.000Z","2026-07-25 02:30:05"
"rf_MUL_TEXT_WOMEN_CLOTHING_REVIEW_3","0.7761308325495555","3","RandomForest 🌳","MUL_TEXT_WOMEN_CLOTHING_REVIEW","no_text","nlp-srv3.dds.technion.ac.il","finished","12","2026-07-24T23:27:27.000Z","2026-07-25 02:27:18"
"rf_MUL_TEXT_WOMEN_CLOTHING_REVIEW_3","0.8745131388496059","3","RandomForest 🌳","MUL_TEXT_WOMEN_CLOTHING_REVIEW","text_only","nlp-srv3.dds.technion.ac.il","finished","167","2026-07-24T23:27:16.000Z","2026-07-25 02:29:42"
"iclv2_MUL_TEXT_WOMEN_CLOTHING_REVIEW_3","0.7754839207611302","3","TabICLv2 🗼","MUL_TEXT_WOMEN_CLOTHING_REVIEW","no_text","nlp-srv3.dds.technion.ac.il","finished","13","2026-07-24T23:27:11.000Z","2026-07-25 02:27:02"
"iclv2_MUL_TEXT_WOMEN_CLOTHING_REVIEW_3","0.8905897840139602","3","TabICLv2 🗼","MUL_TEXT_WOMEN_CLOTHING_REVIEW","text_only","nlp-srv3.dds.technion.ac.il","finished","219","2026-07-24T23:26:45.000Z","2026-07-25 02:30:02"
"real_MUL_TEXT_WOMEN_CLOTHING_REVIEW_3","0.7750333434646481","3","RealMLP 🕸","MUL_TEXT_WOMEN_CLOTHING_REVIEW","no_text","nlp-srv3.dds.technion.ac.il","finished","49","2026-07-24T23:26:40.000Z","2026-07-25 02:27:08"
"real_MUL_TEXT_WOMEN_CLOTHING_REVIEW_3","0.8894647490566664","3","RealMLP 🕸","MUL_TEXT_WOMEN_CLOTHING_REVIEW","text_only","nlp-srv3.dds.technion.ac.il","finished","241","2026-07-24T23:26:27.000Z","2026-07-25 02:30:07"
"dpt_MUL_TEXT_WINE_REVIEW_3","0.7901144365228944","3","TabDPT 6️⃣","MUL_TEXT_WINE_REVIEW","no_text","nlp-srv3.dds.technion.ac.il","finished","161","2026-07-24T23:20:00.000Z","2026-07-25 02:22:20"
"dpt_MUL_TEXT_WINE_REVIEW_3","0.9413039653945188","3","TabDPT 6️⃣","MUL_TEXT_WINE_REVIEW","text_only","nlp-srv3.dds.technion.ac.il","finished","311","2026-07-24T23:19:55.000Z","2026-07-25 02:24:45"
"xgb_MUL_TEXT_WINE_REVIEW_3","0.8438152820525372","3","XGBoost 🌲","MUL_TEXT_WINE_REVIEW","no_text","nlp-srv3.dds.technion.ac.il","finished","13","2026-07-24T23:19:50.000Z","2026-07-25 02:19:42"
"xgb_MUL_TEXT_WINE_REVIEW_3","0.9640447702228252","3","XGBoost 🌲","MUL_TEXT_WINE_REVIEW","text_only","n305","finished","121","2026-07-24T23:19:49.000Z","2026-07-25 02:21:49"
"rf_MUL_TEXT_WINE_REVIEW_3","0.7448305665323903","3","RandomForest 🌳","MUL_TEXT_WINE_REVIEW","no_text","n305","finished","14","2026-07-24T23:19:44.000Z","2026-07-25 02:19:57"
"rf_MUL_TEXT_WINE_REVIEW_3","0.9504547670395233","3","RandomForest 🌳","MUL_TEXT_WINE_REVIEW","text_only","nlp-srv3.dds.technion.ac.il","finished","195","2026-07-24T23:19:27.000Z","2026-07-25 02:22:21"
"iclv2_MUL_TEXT_WINE_REVIEW_3","0.8586257286107255","3","TabICLv2 🗼","MUL_TEXT_WINE_REVIEW","no_text","nlp-srv3.dds.technion.ac.il","finished","15","2026-07-24T23:19:06.000Z","2026-07-25 02:19:00"
"iclv2_MUL_TEXT_WINE_REVIEW_3","0.9792787243906744","3","TabICLv2 🗼","MUL_TEXT_WINE_REVIEW","text_only","nlp-srv3.dds.technion.ac.il","finished","191","2026-07-24T23:18:59.000Z","2026-07-25 02:21:49"
"real_MUL_TEXT_WINE_REVIEW_3","0.8552399150472051","3","RealMLP 🕸","MUL_TEXT_WINE_REVIEW","no_text","nlp-srv3.dds.technion.ac.il","finished","51","2026-07-24T23:18:57.000Z","2026-07-25 02:19:27"
"real_MUL_TEXT_WINE_REVIEW_3","0.9747943409948032","3","RealMLP 🕸","MUL_TEXT_WINE_REVIEW","text_only","nlp-srv3.dds.technion.ac.il","finished","242","2026-07-24T23:18:57.000Z","2026-07-25 02:22:38"
"dpt_MUL_TEXT_US_ACCIDENTS_3","0.830295270078162","3","TabDPT 6️⃣","MUL_TEXT_US_ACCIDENTS","no_text","n306","finished","156","2026-07-24T23:06:12.000Z","2026-07-25 02:08:47"
"dpt_MUL_TEXT_US_ACCIDENTS_3","0.9112177411835304","3","TabDPT 6️⃣","MUL_TEXT_US_ACCIDENTS","text_only","nlp-srv3.dds.technion.ac.il","finished","988","2026-07-24T23:05:58.000Z","2026-07-25 02:22:04"
"xgb_MUL_TEXT_US_ACCIDENTS_3","0.8476477632945427","3","XGBoost 🌲","MUL_TEXT_US_ACCIDENTS","no_text","nlp-srv3.dds.technion.ac.il","finished","13","2026-07-24T23:05:42.000Z","2026-07-25 02:05:34"
"xgb_MUL_TEXT_US_ACCIDENTS_3","0.9588807317410374","3","XGBoost 🌲","MUL_TEXT_US_ACCIDENTS","text_only","nlp-srv3.dds.technion.ac.il","finished","895","2026-07-24T23:05:09.000Z","2026-07-25 02:19:43"
"rf_MUL_TEXT_US_ACCIDENTS_3","0.8361417327310918","3","RandomForest 🌳","MUL_TEXT_US_ACCIDENTS","no_text","nlp-srv3.dds.technion.ac.il","finished","14","2026-07-24T23:04:53.000Z","2026-07-25 02:04:46"
"rf_MUL_TEXT_US_ACCIDENTS_3","0.925068895519057","3","RandomForest 🌳","MUL_TEXT_US_ACCIDENTS","text_only","n305","finished","481","2026-07-24T23:04:41.000Z","2026-07-25 02:12:41"
"iclv2_MUL_TEXT_US_ACCIDENTS_3","0.8561469328405807","3","TabICLv2 🗼","MUL_TEXT_US_ACCIDENTS","no_text","nlp-srv3.dds.technion.ac.il","finished","17","2026-07-24T23:04:32.000Z","2026-07-25 02:04:28"
"iclv2_MUL_TEXT_US_ACCIDENTS_3","0.9754858616117322","3","TabICLv2 🗼","MUL_TEXT_US_ACCIDENTS","text_only","nlp-srv3.dds.technion.ac.il","finished","895","2026-07-24T23:03:59.000Z","2026-07-25 02:18:33"
"real_MUL_TEXT_US_ACCIDENTS_3","0.8178097186434334","3","RealMLP 🕸","MUL_TEXT_US_ACCIDENTS","no_text","n305","finished","74","2026-07-24T23:03:22.000Z","2026-07-25 02:04:35"
"real_MUL_TEXT_US_ACCIDENTS_3","0.9544422367604888","3","RealMLP 🕸","MUL_TEXT_US_ACCIDENTS","text_only","nlp-srv3.dds.technion.ac.il","finished","930","2026-07-24T23:02:29.000Z","2026-07-25 02:17:38"
"dpt_MUL_TEXT_SPOTIFY_GENRES_3","0.8159100854400563","3","TabDPT 6️⃣","MUL_TEXT_SPOTIFY_GENRES","no_text","n305","finished","271","2026-07-24T22:56:07.000Z","2026-07-25 02:00:36"
"dpt_MUL_TEXT_SPOTIFY_GENRES_3","0.8214582160999057","3","TabDPT 6️⃣","MUL_TEXT_SPOTIFY_GENRES","text_only","nlp-srv3.dds.technion.ac.il","finished","500","2026-07-24T22:56:05.000Z","2026-07-25 02:04:03"
"xgb_MUL_TEXT_SPOTIFY_GENRES_3","0.8826331933014163","3","XGBoost 🌲","MUL_TEXT_SPOTIFY_GENRES","text_only","n306","finished","190","2026-07-24T22:55:56.000Z","2026-07-25 01:59:04"
"xgb_MUL_TEXT_SPOTIFY_GENRES_3","0.9038485428376802","3","XGBoost 🌲","MUL_TEXT_SPOTIFY_GENRES","no_text","nlp-srv3.dds.technion.ac.il","finished","17","2026-07-24T22:55:56.000Z","2026-07-25 01:55:52"
"rf_MUL_TEXT_SPOTIFY_GENRES_3","0.8681830248396403","3","RandomForest 🌳","MUL_TEXT_SPOTIFY_GENRES","no_text","nlp-srv3.dds.technion.ac.il","finished","15","2026-07-24T22:55:35.000Z","2026-07-25 01:55:29"
"rf_MUL_TEXT_SPOTIFY_GENRES_3","0.864202181427311","3","RandomForest 🌳","MUL_TEXT_SPOTIFY_GENRES","text_only","n305","finished","195","2026-07-24T22:55:13.000Z","2026-07-25 01:58:27"
"iclv2_MUL_TEXT_SPOTIFY_GENRES_3","0.9400358443828152","3","TabICLv2 🗼","MUL_TEXT_SPOTIFY_GENRES","no_text","nlp-srv3.dds.technion.ac.il","finished","39","2026-07-24T22:54:53.000Z","2026-07-25 01:55:11"
"iclv2_MUL_TEXT_SPOTIFY_GENRES_3","0.9479000540692863","3","TabICLv2 🗼","MUL_TEXT_SPOTIFY_GENRES","text_only","n306","finished","192","2026-07-24T22:54:46.000Z","2026-07-25 01:57:57"
"real_MUL_TEXT_SPOTIFY_GENRES_3","0.9262785530581492","3","RealMLP 🕸","MUL_TEXT_SPOTIFY_GENRES","no_text","n305","finished","85","2026-07-24T22:54:37.000Z","2026-07-25 01:56:01"
"real_MUL_TEXT_SPOTIFY_GENRES_3","0.9070532506787848","3","RealMLP 🕸","MUL_TEXT_SPOTIFY_GENRES","text_only","n305","finished","242","2026-07-24T22:54:15.000Z","2026-07-25 01:58:15"
"dpt_MUL_TEXT_SOCIAL_NEWS_CHANNEL_CATEGORY_3","0.8080163058789652","3","TabDPT 6️⃣","MUL_TEXT_SOCIAL_NEWS_CHANNEL_CATEGORY","no_text","nlp20.iem.technion.ac.il","finished","92","2026-07-24T22:50:35.000Z","2026-07-25 01:52:05"
"dpt_MUL_TEXT_SOCIAL_NEWS_CHANNEL_CATEGORY_3","0.6196511674976192","3","TabDPT 6️⃣","MUL_TEXT_SOCIAL_NEWS_CHANNEL_CATEGORY","text_only","n306","finished","203","2026-07-24T22:50:26.000Z","2026-07-25 01:53:48"
"xgb_MUL_TEXT_SOCIAL_NEWS_CHANNEL_CATEGORY_3","0.7895134642530698","3","XGBoost 🌲","MUL_TEXT_SOCIAL_NEWS_CHANNEL_CATEGORY","no_text","n305","finished","25","2026-07-24T22:50:22.000Z","2026-07-25 01:50:34"
"xgb_MUL_TEXT_SOCIAL_NEWS_CHANNEL_CATEGORY_3","0.5991597392021316","3","XGBoost 🌲","MUL_TEXT_SOCIAL_NEWS_CHANNEL_CATEGORY","text_only","nlp-srv3.dds.technion.ac.il","finished","95","2026-07-24T22:50:20.000Z","2026-07-25 01:51:34"
"rf_MUL_TEXT_SOCIAL_NEWS_CHANNEL_CATEGORY_3","0.7654533257532877","3","RandomForest 🌳","MUL_TEXT_SOCIAL_NEWS_CHANNEL_CATEGORY","no_text","nlp-srv3.dds.technion.ac.il","finished","25","2026-07-24T22:50:18.000Z","2026-07-25 01:50:09"
"rf_MUL_TEXT_SOCIAL_NEWS_CHANNEL_CATEGORY_3","0.5876292264434113","3","RandomForest 🌳","MUL_TEXT_SOCIAL_NEWS_CHANNEL_CATEGORY","text_only","nlp-srv3.dds.technion.ac.il","finished","91","2026-07-24T22:50:17.000Z","2026-07-25 01:51:09"
"iclv2_MUL_TEXT_SOCIAL_NEWS_CHANNEL_CATEGORY_3","0.8173791724266711","3","TabICLv2 🗼","MUL_TEXT_SOCIAL_NEWS_CHANNEL_CATEGORY","no_text","n305","finished","32","2026-07-24T22:50:12.000Z","2026-07-25 01:50:25"
"iclv2_MUL_TEXT_SOCIAL_NEWS_CHANNEL_CATEGORY_3","0.6274665953187811","3","TabICLv2 🗼","MUL_TEXT_SOCIAL_NEWS_CHANNEL_CATEGORY","text_only","nlp-srv3.dds.technion.ac.il","finished","67","2026-07-24T22:50:11.000Z","2026-07-25 01:50:57"
"real_MUL_TEXT_SOCIAL_NEWS_CHANNEL_CATEGORY_3","0.7977903307956046","3","RealMLP 🕸","MUL_TEXT_SOCIAL_NEWS_CHANNEL_CATEGORY","no_text","nlp-srv3.dds.technion.ac.il","finished","48","2026-07-24T22:50:03.000Z","2026-07-25 01:50:30"
"real_MUL_TEXT_SOCIAL_NEWS_CHANNEL_CATEGORY_3","0.6010939044607243","3","RealMLP 🕸","MUL_TEXT_SOCIAL_NEWS_CHANNEL_CATEGORY","text_only","nlp-srv3.dds.technion.ac.il","finished","94","2026-07-24T22:49:57.000Z","2026-07-25 01:51:11"
"dpt_MUL_TEXT_SOCIAL_HEARTHSTONE_CARD_GAME_WARCRAFT_3","0.8095591158445143","3","TabDPT 6️⃣","MUL_TEXT_SOCIAL_HEARTHSTONE_CARD_GAME_WARCRAFT","no_text","n306","finished","99","2026-07-24T22:47:59.000Z","2026-07-25 01:49:12"
"dpt_MUL_TEXT_SOCIAL_HEARTHSTONE_CARD_GAME_WARCRAFT_3","0.828547245889087","3","TabDPT 6️⃣","MUL_TEXT_SOCIAL_HEARTHSTONE_CARD_GAME_WARCRAFT","text_only","nlp-srv3.dds.technion.ac.il","finished","78","2026-07-24T22:47:58.000Z","2026-07-25 01:48:54"
"xgb_MUL_TEXT_SOCIAL_HEARTHSTONE_CARD_GAME_WARCRAFT_3","0.7540764795202544","3","XGBoost 🌲","MUL_TEXT_SOCIAL_HEARTHSTONE_CARD_GAME_WARCRAFT","no_text","nlp-srv3.dds.technion.ac.il","finished","12","2026-07-24T22:47:51.000Z","2026-07-25 01:47:42"
"xgb_MUL_TEXT_SOCIAL_HEARTHSTONE_CARD_GAME_WARCRAFT_3","0.8167397207417343","3","XGBoost 🌲","MUL_TEXT_SOCIAL_HEARTHSTONE_CARD_GAME_WARCRAFT","text_only","n306","finished","54","2026-07-24T22:47:49.000Z","2026-07-25 01:48:41"
"rf_MUL_TEXT_SOCIAL_HEARTHSTONE_CARD_GAME_WARCRAFT_3","0.6438939084966915","3","RandomForest 🌳","MUL_TEXT_SOCIAL_HEARTHSTONE_CARD_GAME_WARCRAFT","no_text","n306","finished","13","2026-07-24T22:47:47.000Z","2026-07-25 01:47:59"
"rf_MUL_TEXT_SOCIAL_HEARTHSTONE_CARD_GAME_WARCRAFT_3","0.7681538741376224","3","RandomForest 🌳","MUL_TEXT_SOCIAL_HEARTHSTONE_CARD_GAME_WARCRAFT","text_only","nlp-srv3.dds.technion.ac.il","finished","67","2026-07-24T22:47:46.000Z","2026-07-25 01:48:32"
"iclv2_MUL_TEXT_SOCIAL_HEARTHSTONE_CARD_GAME_WARCRAFT_3","0.8282667983925291","3","TabICLv2 🗼","MUL_TEXT_SOCIAL_HEARTHSTONE_CARD_GAME_WARCRAFT","no_text","nlp-srv3.dds.technion.ac.il","finished","14","2026-07-24T22:47:42.000Z","2026-07-25 01:47:35"
"iclv2_MUL_TEXT_SOCIAL_HEARTHSTONE_CARD_GAME_WARCRAFT_3","0.9078989754145156","3","TabICLv2 🗼","MUL_TEXT_SOCIAL_HEARTHSTONE_CARD_GAME_WARCRAFT","text_only","n305","finished","56","2026-07-24T22:47:34.000Z","2026-07-25 01:48:28"
"real_MUL_TEXT_SOCIAL_HEARTHSTONE_CARD_GAME_WARCRAFT_3","0.7526391453022127","3","RealMLP 🕸","MUL_TEXT_SOCIAL_HEARTHSTONE_CARD_GAME_WARCRAFT","no_text","nlp-srv3.dds.technion.ac.il","finished","25","2026-07-24T22:47:31.000Z","2026-07-25 01:47:35"
"real_MUL_TEXT_SOCIAL_HEARTHSTONE_CARD_GAME_WARCRAFT_3","0.8433597288258898","3","RealMLP 🕸","MUL_TEXT_SOCIAL_HEARTHSTONE_CARD_GAME_WARCRAFT","text_only","nlp-srv3.dds.technion.ac.il","finished","73","2026-07-24T22:47:25.000Z","2026-07-25 01:48:17"
"dpt_MUL_TEXT_SOCIAL_GOOGLE_QA_TYPE_REASON_3","0.8152830080143774","3","TabDPT 6️⃣","MUL_TEXT_SOCIAL_GOOGLE_QA_TYPE_REASON","no_text","n305","finished","89","2026-07-24T22:43:07.000Z","2026-07-25 01:44:31"
"dpt_MUL_TEXT_SOCIAL_GOOGLE_QA_TYPE_REASON_3","0.6978698017057573","3","TabDPT 6️⃣","MUL_TEXT_SOCIAL_GOOGLE_QA_TYPE_REASON","text_only","n306","finished","215","2026-07-24T22:43:04.000Z","2026-07-25 01:46:38"
"xgb_MUL_TEXT_SOCIAL_GOOGLE_QA_TYPE_REASON_3","0.864542956474228","3","XGBoost 🌲","MUL_TEXT_SOCIAL_GOOGLE_QA_TYPE_REASON","no_text","nlp-srv3.dds.technion.ac.il","finished","11","2026-07-24T22:42:52.000Z","2026-07-25 01:42:42"
"xgb_MUL_TEXT_SOCIAL_GOOGLE_QA_TYPE_REASON_3","0.6916402924713575","3","XGBoost 🌲","MUL_TEXT_SOCIAL_GOOGLE_QA_TYPE_REASON","text_only","nlp-srv3.dds.technion.ac.il","finished","344","2026-07-24T22:42:46.000Z","2026-07-25 01:47:59"
"rf_MUL_TEXT_SOCIAL_GOOGLE_QA_TYPE_REASON_3","0.8374008291016871","3","RandomForest 🌳","MUL_TEXT_SOCIAL_GOOGLE_QA_TYPE_REASON","no_text","nlp-srv3.dds.technion.ac.il","finished","10","2026-07-24T22:42:30.000Z","2026-07-25 01:42:19"
"rf_MUL_TEXT_SOCIAL_GOOGLE_QA_TYPE_REASON_3","0.657576692642432","3","RandomForest 🌳","MUL_TEXT_SOCIAL_GOOGLE_QA_TYPE_REASON","text_only","nlp-srv3.dds.technion.ac.il","finished","341","2026-07-24T22:42:26.000Z","2026-07-25 01:47:46"
"iclv2_MUL_TEXT_SOCIAL_GOOGLE_QA_TYPE_REASON_3","0.8851291426296785","3","TabICLv2 🗼","MUL_TEXT_SOCIAL_GOOGLE_QA_TYPE_REASON","no_text","nlp-srv3.dds.technion.ac.il","finished","12","2026-07-24T22:42:10.000Z","2026-07-25 01:42:01"
"iclv2_MUL_TEXT_SOCIAL_GOOGLE_QA_TYPE_REASON_3","0.7339040133273704","3","TabICLv2 🗼","MUL_TEXT_SOCIAL_GOOGLE_QA_TYPE_REASON","text_only","n305","finished","211","2026-07-24T22:41:59.000Z","2026-07-25 01:45:29"
"real_MUL_TEXT_SOCIAL_GOOGLE_QA_TYPE_REASON_3","0.7774860356796942","3","RealMLP 🕸","MUL_TEXT_SOCIAL_GOOGLE_QA_TYPE_REASON","no_text","nlp-srv3.dds.technion.ac.il","finished","32","2026-07-24T22:41:33.000Z","2026-07-25 01:41:44"
"real_MUL_TEXT_SOCIAL_GOOGLE_QA_TYPE_REASON_3","0.720154792188907","3","RealMLP 🕸","MUL_TEXT_SOCIAL_GOOGLE_QA_TYPE_REASON","text_only","n306","finished","209","2026-07-24T22:41:30.000Z","2026-07-25 01:44:57"
"dpt_MUL_TEXT_PRODUCT_SENTIMENT_3","0.8372343839139658","3","TabDPT 6️⃣","MUL_TEXT_PRODUCT_SENTIMENT","no_text","nlp-srv3.dds.technion.ac.il","finished","40","2026-07-24T22:38:34.000Z","2026-07-25 01:38:52"
"dpt_MUL_TEXT_PRODUCT_SENTIMENT_3","0.7897920724654097","3","TabDPT 6️⃣","MUL_TEXT_PRODUCT_SENTIMENT","text_only","n305","finished","117","2026-07-24T22:38:25.000Z","2026-07-25 01:40:21"
"xgb_MUL_TEXT_PRODUCT_SENTIMENT_3","0.8435779892389259","3","XGBoost 🌲","MUL_TEXT_PRODUCT_SENTIMENT","no_text","nlp-srv3.dds.technion.ac.il","finished","13","2026-07-24T22:38:25.000Z","2026-07-25 01:38:15"
"xgb_MUL_TEXT_PRODUCT_SENTIMENT_3","0.721914524160248","3","XGBoost 🌲","MUL_TEXT_PRODUCT_SENTIMENT","text_only","n305","finished","40","2026-07-24T22:38:17.000Z","2026-07-25 01:38:52"
"rf_MUL_TEXT_PRODUCT_SENTIMENT_3","0.8434521836844784","3","RandomForest 🌳","MUL_TEXT_PRODUCT_SENTIMENT","no_text","nlp20.iem.technion.ac.il","finished","17","2026-07-24T22:38:14.000Z","2026-07-25 01:38:26"
"rf_MUL_TEXT_PRODUCT_SENTIMENT_3","0.6898665936090308","3","RandomForest 🌳","MUL_TEXT_PRODUCT_SENTIMENT","text_only","n306","finished","38","2026-07-24T22:38:10.000Z","2026-07-25 01:38:47"
"iclv2_MUL_TEXT_PRODUCT_SENTIMENT_3","0.8482958109761161","3","TabICLv2 🗼","MUL_TEXT_PRODUCT_SENTIMENT","no_text","nlp-srv3.dds.technion.ac.il","finished","13","2026-07-24T22:38:09.000Z","2026-07-25 01:38:01"
"iclv2_MUL_TEXT_PRODUCT_SENTIMENT_3","0.8015576340589404","3","TabICLv2 🗼","MUL_TEXT_PRODUCT_SENTIMENT","text_only","n306","finished","66","2026-07-24T22:38:05.000Z","2026-07-25 01:39:10"
"real_MUL_TEXT_PRODUCT_SENTIMENT_3","0.8398578718252139","3","RealMLP 🕸","MUL_TEXT_PRODUCT_SENTIMENT","no_text","n305","finished","34","2026-07-24T22:37:48.000Z","2026-07-25 01:38:21"
"real_MUL_TEXT_PRODUCT_SENTIMENT_3","0.7442686622828137","3","RealMLP 🕸","MUL_TEXT_PRODUCT_SENTIMENT","text_only","nlp-srv3.dds.technion.ac.il","finished","73","2026-07-24T22:37:41.000Z","2026-07-25 01:38:31"
"dpt_MUL_TEXT_MICHELIN_RESTAURANTS_3","0.8688863979192607","3","TabDPT 6️⃣","MUL_TEXT_MICHELIN_RESTAURANTS","no_text","n306","finished","147","2026-07-24T22:32:01.000Z","2026-07-25 01:34:26"
"xgb_MUL_TEXT_MICHELIN_RESTAURANTS_3","0.8604779872168662","3","XGBoost 🌲","MUL_TEXT_MICHELIN_RESTAURANTS","no_text","nlp-srv3.dds.technion.ac.il","finished","11","2026-07-24T22:31:46.000Z","2026-07-25 01:31:36"
"dpt_MUL_TEXT_MICHELIN_RESTAURANTS_3","0.8436003027576223","3","TabDPT 6️⃣","MUL_TEXT_MICHELIN_RESTAURANTS","text_only","n305","finished","474","2026-07-24T22:31:46.000Z","2026-07-25 01:39:33"
"xgb_MUL_TEXT_MICHELIN_RESTAURANTS_3","0.843636117303572","3","XGBoost 🌲","MUL_TEXT_MICHELIN_RESTAURANTS","text_only","nlp-srv3.dds.technion.ac.il","finished","574","2026-07-24T22:31:42.000Z","2026-07-25 01:40:55"
"rf_MUL_TEXT_MICHELIN_RESTAURANTS_3","0.8364375992571395","3","RandomForest 🌳","MUL_TEXT_MICHELIN_RESTAURANTS","text_only","nlp-srv3.dds.technion.ac.il","finished","486","2026-07-24T22:31:30.000Z","2026-07-25 01:39:12"
"rf_MUL_TEXT_MICHELIN_RESTAURANTS_3","0.7998385323742321","3","RandomForest 🌳","MUL_TEXT_MICHELIN_RESTAURANTS","no_text","nlp-srv3.dds.technion.ac.il","finished","12","2026-07-24T22:31:30.000Z","2026-07-25 01:31:21"
"iclv2_MUL_TEXT_MICHELIN_RESTAURANTS_3","0.8724287703316493","3","TabICLv2 🗼","MUL_TEXT_MICHELIN_RESTAURANTS","no_text","nlp-srv3.dds.technion.ac.il","finished","13","2026-07-24T22:31:14.000Z","2026-07-25 01:31:06"
"iclv2_MUL_TEXT_MICHELIN_RESTAURANTS_3","0.8740657691934339","3","TabICLv2 🗼","MUL_TEXT_MICHELIN_RESTAURANTS","text_only","nlp-srv3.dds.technion.ac.il","finished","505","2026-07-24T22:30:35.000Z","2026-07-25 01:38:39"
"real_MUL_TEXT_MICHELIN_RESTAURANTS_3","0.8621106695149676","3","RealMLP 🕸","MUL_TEXT_MICHELIN_RESTAURANTS","text_only","nlp-srv3.dds.technion.ac.il","finished","611","2026-07-24T22:30:27.000Z","2026-07-25 01:40:17"
"real_MUL_TEXT_MICHELIN_RESTAURANTS_3","0.8631900587387683","3","RealMLP 🕸","MUL_TEXT_MICHELIN_RESTAURANTS","no_text","n305","finished","74","2026-07-24T22:30:27.000Z","2026-07-25 01:31:40"
"dpt_MUL_TEXT_HOUSES_MELBOURNE_AIRBNB_3","0.85145199935766","3","TabDPT 6️⃣","MUL_TEXT_HOUSES_MELBOURNE_AIRBNB","no_text","nlp-srv3.dds.technion.ac.il","finished","87","2026-07-24T21:54:41.000Z","2026-07-25 00:55:47"
"dpt_MUL_TEXT_HOUSES_MELBOURNE_AIRBNB_3","0.790277011041573","3","TabDPT 6️⃣","MUL_TEXT_HOUSES_MELBOURNE_AIRBNB","text_only","n306","finished","1261","2026-07-24T21:54:38.000Z","2026-07-25 01:15:38"
"xgb_MUL_TEXT_HOUSES_MELBOURNE_AIRBNB_3","0.8270886872360332","3","XGBoost 🌲","MUL_TEXT_HOUSES_MELBOURNE_AIRBNB","no_text","nlp-srv3.dds.technion.ac.il","finished","13","2026-07-24T21:54:25.000Z","2026-07-25 00:54:17"
"xgb_MUL_TEXT_HOUSES_MELBOURNE_AIRBNB_3","0.7497293449147133","3","XGBoost 🌲","MUL_TEXT_HOUSES_MELBOURNE_AIRBNB","text_only","n306","finished","1164","2026-07-24T21:54:23.000Z","2026-07-25 01:13:46"
"rf_MUL_TEXT_HOUSES_MELBOURNE_AIRBNB_3","0.8314221710070889","3","RandomForest 🌳","MUL_TEXT_HOUSES_MELBOURNE_AIRBNB","no_text","n306","finished","17","2026-07-24T21:54:17.000Z","2026-07-25 00:54:32"
"rf_MUL_TEXT_HOUSES_MELBOURNE_AIRBNB_3","0.7374858702669707","3","RandomForest 🌳","MUL_TEXT_HOUSES_MELBOURNE_AIRBNB","text_only","nlp-srv3.dds.technion.ac.il","finished","2219","2026-07-24T21:54:10.000Z","2026-07-25 01:30:48"
"iclv2_MUL_TEXT_HOUSES_MELBOURNE_AIRBNB_3","0.8658262030949079","3","TabICLv2 🗼","MUL_TEXT_HOUSES_MELBOURNE_AIRBNB","no_text","n306","finished","17","2026-07-24T21:54:02.000Z","2026-07-25 00:54:18"
"iclv2_MUL_TEXT_HOUSES_MELBOURNE_AIRBNB_3","0.8153243887315986","3","TabICLv2 🗼","MUL_TEXT_HOUSES_MELBOURNE_AIRBNB","text_only","nlp20.iem.technion.ac.il","finished","1544","2026-07-24T21:53:47.000Z","2026-07-25 01:19:30"
"real_MUL_TEXT_HOUSES_MELBOURNE_AIRBNB_3","0.8385966896012249","3","RealMLP 🕸","MUL_TEXT_HOUSES_MELBOURNE_AIRBNB","no_text","nlp-srv3.dds.technion.ac.il","finished","56","2026-07-24T21:53:27.000Z","2026-07-25 00:54:02"
"real_MUL_TEXT_HOUSES_MELBOURNE_AIRBNB_3","0.775247115890588","3","RealMLP 🕸","MUL_TEXT_HOUSES_MELBOURNE_AIRBNB","text_only","n306","finished","1182","2026-07-24T21:53:20.000Z","2026-07-25 01:13:01"
"dpt_MUL_TEXT_FOOD_YELP_REVIEWS_3","0.5770358868687141","3","TabDPT 6️⃣","MUL_TEXT_FOOD_YELP_REVIEWS","no_text","nlp-srv3.dds.technion.ac.il","finished","31","2026-07-24T21:50:33.000Z","2026-07-25 00:50:43"
"dpt_MUL_TEXT_FOOD_YELP_REVIEWS_3","0.8697279854395369","3","TabDPT 6️⃣","MUL_TEXT_FOOD_YELP_REVIEWS","text_only","n306","finished","202","2026-07-24T21:50:32.000Z","2026-07-25 00:53:53"
"xgb_MUL_TEXT_FOOD_YELP_REVIEWS_3","0.5522019897181252","3","XGBoost 🌲","MUL_TEXT_FOOD_YELP_REVIEWS","no_text","nlp-srv3.dds.technion.ac.il","finished","11","2026-07-24T21:50:31.000Z","2026-07-25 00:50:21"
"xgb_MUL_TEXT_FOOD_YELP_REVIEWS_3","0.8433980180604355","3","XGBoost 🌲","MUL_TEXT_FOOD_YELP_REVIEWS","text_only","nlp-srv3.dds.technion.ac.il","finished","60","2026-07-24T21:50:25.000Z","2026-07-25 00:51:04"
"rf_MUL_TEXT_FOOD_YELP_REVIEWS_3","0.546843833515631","3","RandomForest 🌳","MUL_TEXT_FOOD_YELP_REVIEWS","no_text","nlp-srv3.dds.technion.ac.il","finished","11","2026-07-24T21:50:23.000Z","2026-07-25 00:50:13"
"rf_MUL_TEXT_FOOD_YELP_REVIEWS_3","0.8394981464537417","3","RandomForest 🌳","MUL_TEXT_FOOD_YELP_REVIEWS","text_only","n306","finished","66","2026-07-24T21:50:20.000Z","2026-07-25 00:51:24"
"iclv2_MUL_TEXT_FOOD_YELP_REVIEWS_3","0.5696452264983141","3","TabICLv2 🗼","MUL_TEXT_FOOD_YELP_REVIEWS","no_text","n305","finished","14","2026-07-24T21:50:17.000Z","2026-07-25 00:50:30"
"iclv2_MUL_TEXT_FOOD_YELP_REVIEWS_3","0.8780835099857942","3","TabICLv2 🗼","MUL_TEXT_FOOD_YELP_REVIEWS","text_only","nlp-srv3.dds.technion.ac.il","finished","60","2026-07-24T21:50:16.000Z","2026-07-25 00:50:55"
"real_MUL_TEXT_FOOD_YELP_REVIEWS_3","0.5734899605298602","3","RealMLP 🕸","MUL_TEXT_FOOD_YELP_REVIEWS","no_text","nlp-srv3.dds.technion.ac.il","finished","53","2026-07-24T21:50:12.000Z","2026-07-25 00:50:35"
"real_MUL_TEXT_FOOD_YELP_REVIEWS_3","0.8765708849418548","3","RealMLP 🕸","MUL_TEXT_FOOD_YELP_REVIEWS","text_only","nlp-srv3.dds.technion.ac.il","finished","112","2026-07-24T21:50:10.000Z","2026-07-25 00:51:41"
"dpt_MUL_TEXT_DATA_SCIENTIST_SALARY_3","0.5619332906465792","3","TabDPT 6️⃣","MUL_TEXT_DATA_SCIENTIST_SALARY","no_text","n305","finished","65","2026-07-24T21:43:01.000Z","2026-07-25 00:44:04"
"dpt_MUL_TEXT_DATA_SCIENTIST_SALARY_3","0.8522903914309125","3","TabDPT 6️⃣","MUL_TEXT_DATA_SCIENTIST_SALARY","text_only","n306","finished","392","2026-07-24T21:43:00.000Z","2026-07-25 00:49:30"
"xgb_MUL_TEXT_DATA_SCIENTIST_SALARY_3","0.562333257024246","3","XGBoost 🌲","MUL_TEXT_DATA_SCIENTIST_SALARY","no_text","n306","finished","14","2026-07-24T21:42:39.000Z","2026-07-25 00:42:50"
"xgb_MUL_TEXT_DATA_SCIENTIST_SALARY_3","0.801840535297933","3","XGBoost 🌲","MUL_TEXT_DATA_SCIENTIST_SALARY","text_only","nlp-srv3.dds.technion.ac.il","finished","442","2026-07-24T21:42:38.000Z","2026-07-25 00:49:37"
"rf_MUL_TEXT_DATA_SCIENTIST_SALARY_3","0.562300431393994","3","RandomForest 🌳","MUL_TEXT_DATA_SCIENTIST_SALARY","no_text","n306","finished","13","2026-07-24T21:42:23.000Z","2026-07-25 00:42:34"
"rf_MUL_TEXT_DATA_SCIENTIST_SALARY_3","0.7724377697690676","3","RandomForest 🌳","MUL_TEXT_DATA_SCIENTIST_SALARY","text_only","nlp-srv3.dds.technion.ac.il","finished","496","2026-07-24T21:42:09.000Z","2026-07-25 00:50:04"
"iclv2_MUL_TEXT_DATA_SCIENTIST_SALARY_3","0.5652777454228642","3","TabICLv2 🗼","MUL_TEXT_DATA_SCIENTIST_SALARY","no_text","n306","finished","14","2026-07-24T21:42:07.000Z","2026-07-25 00:42:19"
"iclv2_MUL_TEXT_DATA_SCIENTIST_SALARY_3","0.8397778384902198","3","TabICLv2 🗼","MUL_TEXT_DATA_SCIENTIST_SALARY","text_only","nlp-srv3.dds.technion.ac.il","finished","483","2026-07-24T21:41:33.000Z","2026-07-25 00:49:15"
"real_MUL_TEXT_DATA_SCIENTIST_SALARY_3","0.5657279610683134","3","RealMLP 🕸","MUL_TEXT_DATA_SCIENTIST_SALARY","no_text","nlp-srv3.dds.technion.ac.il","finished","46","2026-07-24T21:41:22.000Z","2026-07-25 00:41:47"
"real_MUL_TEXT_DATA_SCIENTIST_SALARY_3","0.8256455452354574","3","RealMLP 🕸","MUL_TEXT_DATA_SCIENTIST_SALARY","text_only","nlp-srv3.dds.technion.ac.il","finished","534","2026-07-24T21:41:17.000Z","2026-07-25 00:49:50"
"dpt_BIN_TEXT_TRANSPORTATION_OSHA_ACCIDENT_INJURY_DATA_3","0.5838782718956617","3","TabDPT 6️⃣","BIN_TEXT_TRANSPORTATION_OSHA_ACCIDENT_INJURY_DATA","no_text","nlp-srv3.dds.technion.ac.il","finished","32","2026-07-24T21:38:53.000Z","2026-07-25 00:39:04"
"dpt_BIN_TEXT_TRANSPORTATION_OSHA_ACCIDENT_INJURY_DATA_3","0.5123086676931438","3","TabDPT 6️⃣","BIN_TEXT_TRANSPORTATION_OSHA_ACCIDENT_INJURY_DATA","text_only","nlp-srv3.dds.technion.ac.il","finished","142","2026-07-24T21:38:50.000Z","2026-07-25 00:40:51"
"xgb_BIN_TEXT_TRANSPORTATION_OSHA_ACCIDENT_INJURY_DATA_3","0.5809890408477494","3","XGBoost 🌲","BIN_TEXT_TRANSPORTATION_OSHA_ACCIDENT_INJURY_DATA","no_text","nlp-srv3.dds.technion.ac.il","finished","11","2026-07-24T21:38:37.000Z","2026-07-25 00:38:27"
"rf_BIN_TEXT_TRANSPORTATION_OSHA_ACCIDENT_INJURY_DATA_3","0.5763246082782356","3","RandomForest 🌳","BIN_TEXT_TRANSPORTATION_OSHA_ACCIDENT_INJURY_DATA","no_text","nlp-srv3.dds.technion.ac.il","finished","11","2026-07-24T21:38:21.000Z","2026-07-25 00:38:11"
"xgb_BIN_TEXT_TRANSPORTATION_OSHA_ACCIDENT_INJURY_DATA_3","0.5215650756272077","3","XGBoost 🌲","BIN_TEXT_TRANSPORTATION_OSHA_ACCIDENT_INJURY_DATA","text_only","nlp-srv3.dds.technion.ac.il","finished","126","2026-07-24T21:38:21.000Z","2026-07-25 00:40:06"
"rf_BIN_TEXT_TRANSPORTATION_OSHA_ACCIDENT_INJURY_DATA_3","0.5827642423693505","3","RandomForest 🌳","BIN_TEXT_TRANSPORTATION_OSHA_ACCIDENT_INJURY_DATA","text_only","n305","finished","82","2026-07-24T21:38:19.000Z","2026-07-25 00:39:40"
"iclv2_BIN_TEXT_TRANSPORTATION_OSHA_ACCIDENT_INJURY_DATA_3","0.5596866225885336","3","TabICLv2 🗼","BIN_TEXT_TRANSPORTATION_OSHA_ACCIDENT_INJURY_DATA","no_text","n306","finished","14","2026-07-24T21:38:18.000Z","2026-07-25 00:38:30"
"iclv2_BIN_TEXT_TRANSPORTATION_OSHA_ACCIDENT_INJURY_DATA_3","0.5907073634634544","3","TabICLv2 🗼","BIN_TEXT_TRANSPORTATION_OSHA_ACCIDENT_INJURY_DATA","text_only","nlp-srv3.dds.technion.ac.il","finished","97","2026-07-24T21:38:16.000Z","2026-07-25 00:39:33"
"real_BIN_TEXT_TRANSPORTATION_OSHA_ACCIDENT_INJURY_DATA_3","0.5521691875735893","3","RealMLP 🕸","BIN_TEXT_TRANSPORTATION_OSHA_ACCIDENT_INJURY_DATA","no_text","nlp20.iem.technion.ac.il","finished","41","2026-07-24T21:38:13.000Z","2026-07-25 00:38:53"
"real_BIN_TEXT_TRANSPORTATION_OSHA_ACCIDENT_INJURY_DATA_3","0.558318992844851","3","RealMLP 🕸","BIN_TEXT_TRANSPORTATION_OSHA_ACCIDENT_INJURY_DATA","text_only","nlp-srv3.dds.technion.ac.il","finished","136","2026-07-24T21:38:07.000Z","2026-07-25 00:40:02"
"dpt_BIN_TEXT_SOCIAL_IMDB_GENRE_PREDICTION_3","0.8845238095238096","3","TabDPT 6️⃣","BIN_TEXT_SOCIAL_IMDB_GENRE_PREDICTION","no_text","nlp-srv3.dds.technion.ac.il","finished","15","2026-07-24T21:35:11.000Z","2026-07-25 00:35:04"
"dpt_BIN_TEXT_SOCIAL_IMDB_GENRE_PREDICTION_3","0.8261904761904763","3","TabDPT 6️⃣","BIN_TEXT_SOCIAL_IMDB_GENRE_PREDICTION","text_only","n306","finished","34","2026-07-24T21:35:07.000Z","2026-07-25 00:35:39"
"xgb_BIN_TEXT_SOCIAL_IMDB_GENRE_PREDICTION_3","0.8455357142857143","3","XGBoost 🌲","BIN_TEXT_SOCIAL_IMDB_GENRE_PREDICTION","no_text","n306","finished","14","2026-07-24T21:35:01.000Z","2026-07-25 00:35:11"
"xgb_BIN_TEXT_SOCIAL_IMDB_GENRE_PREDICTION_3","0.7333333333333333","3","XGBoost 🌲","BIN_TEXT_SOCIAL_IMDB_GENRE_PREDICTION","text_only","nlp-srv3.dds.technion.ac.il","finished","41","2026-07-24T21:35:00.000Z","2026-07-25 00:35:21"
"rf_BIN_TEXT_SOCIAL_IMDB_GENRE_PREDICTION_3","0.8425595238095238","3","RandomForest 🌳","BIN_TEXT_SOCIAL_IMDB_GENRE_PREDICTION","no_text","nlp-srv3.dds.technion.ac.il","finished","12","2026-07-24T21:34:56.000Z","2026-07-25 00:34:47"
"rf_BIN_TEXT_SOCIAL_IMDB_GENRE_PREDICTION_3","0.8181547619047619","3","RandomForest 🌳","BIN_TEXT_SOCIAL_IMDB_GENRE_PREDICTION","text_only","n305","finished","37","2026-07-24T21:34:47.000Z","2026-07-25 00:35:22"
"iclv2_BIN_TEXT_SOCIAL_IMDB_GENRE_PREDICTION_3","0.8857142857142858","3","TabICLv2 🗼","BIN_TEXT_SOCIAL_IMDB_GENRE_PREDICTION","no_text","nlp-srv3.dds.technion.ac.il","finished","13","2026-07-24T21:34:43.000Z","2026-07-25 00:34:35"
"iclv2_BIN_TEXT_SOCIAL_IMDB_GENRE_PREDICTION_3","0.8601190476190477","3","TabICLv2 🗼","BIN_TEXT_SOCIAL_IMDB_GENRE_PREDICTION","text_only","nlp-srv3.dds.technion.ac.il","finished","44","2026-07-24T21:34:42.000Z","2026-07-25 00:35:05"
"real_BIN_TEXT_SOCIAL_IMDB_GENRE_PREDICTION_3","0.869642857142857","3","RealMLP 🕸","BIN_TEXT_SOCIAL_IMDB_GENRE_PREDICTION","no_text","n306","finished","15","2026-07-24T21:34:40.000Z","2026-07-25 00:34:54"
"real_BIN_TEXT_SOCIAL_IMDB_GENRE_PREDICTION_3","0.7625000000000001","3","RealMLP 🕸","BIN_TEXT_SOCIAL_IMDB_GENRE_PREDICTION","text_only","nlp-srv3.dds.technion.ac.il","finished","39","2026-07-24T21:34:28.000Z","2026-07-25 00:34:46"
"dpt_BIN_TEXT_KICKSTARTER_FUNDING_3","0.6189326746323529","3","TabDPT 6️⃣","BIN_TEXT_KICKSTARTER_FUNDING","no_text","nlp-srv3.dds.technion.ac.il","finished","102","2026-07-24T21:30:58.000Z","2026-07-25 00:32:19"
"dpt_BIN_TEXT_KICKSTARTER_FUNDING_3","0.6842474724264705","3","TabDPT 6️⃣","BIN_TEXT_KICKSTARTER_FUNDING","text_only","nlp-srv3.dds.technion.ac.il","finished","534","2026-07-24T21:29:58.000Z","2026-07-25 00:38:31"
"xgb_BIN_TEXT_KICKSTARTER_FUNDING_3","0.6094335937500001","3","XGBoost 🌲","BIN_TEXT_KICKSTARTER_FUNDING","no_text","nlp-srv3.dds.technion.ac.il","finished","13","2026-07-24T21:29:53.000Z","2026-07-25 00:29:44"
"xgb_BIN_TEXT_KICKSTARTER_FUNDING_3","0.6350459558823529","3","XGBoost 🌲","BIN_TEXT_KICKSTARTER_FUNDING","text_only","nlp20.iem.technion.ac.il","finished","336","2026-07-24T21:29:50.000Z","2026-07-25 00:35:25"
"iclv2_BIN_TEXT_KICKSTARTER_FUNDING_3","0.6036115579044117","3","TabICLv2 🗼","BIN_TEXT_KICKSTARTER_FUNDING","no_text","nlp-srv3.dds.technion.ac.il","finished","14","2026-07-24T21:29:37.000Z","2026-07-25 00:29:30"
"rf_BIN_TEXT_KICKSTARTER_FUNDING_3","0.5862764246323529","3","RandomForest 🌳","BIN_TEXT_KICKSTARTER_FUNDING","no_text","nlp-srv3.dds.technion.ac.il","finished","15","2026-07-24T21:29:37.000Z","2026-07-25 00:29:31"
"rf_BIN_TEXT_KICKSTARTER_FUNDING_3","0.6576487821691176","3","RandomForest 🌳","BIN_TEXT_KICKSTARTER_FUNDING","text_only","nlp-srv3.dds.technion.ac.il","finished","460","2026-07-24T21:29:37.000Z","2026-07-25 00:36:56"
"iclv2_BIN_TEXT_KICKSTARTER_FUNDING_3","0.7056749770220588","3","TabICLv2 🗼","BIN_TEXT_KICKSTARTER_FUNDING","text_only","nlp-srv3.dds.technion.ac.il","finished","411","2026-07-24T21:29:36.000Z","2026-07-25 00:36:06"
"real_BIN_TEXT_KICKSTARTER_FUNDING_3","0.6623127297794118","3","RealMLP 🕸","BIN_TEXT_KICKSTARTER_FUNDING","text_only","nlp-srv3.dds.technion.ac.il","finished","515","2026-07-24T21:29:36.000Z","2026-07-25 00:37:50"
"real_BIN_TEXT_KICKSTARTER_FUNDING_3","0.6226177619485294","3","RealMLP 🕸","BIN_TEXT_KICKSTARTER_FUNDING","no_text","nlp-srv3.dds.technion.ac.il","finished","49","2026-07-24T21:29:36.000Z","2026-07-25 00:30:04"
"dpt_BIN_TEXT_JIGSAW_TOXICITY_3","0.5523162939297125","3","TabDPT 6️⃣","BIN_TEXT_JIGSAW_TOXICITY","no_text","n306","finished","91","2026-07-24T21:24:39.000Z","2026-07-25 00:26:09"
"dpt_BIN_TEXT_JIGSAW_TOXICITY_3","0.8066176085476352","3","TabDPT 6️⃣","BIN_TEXT_JIGSAW_TOXICITY","text_only","nlp20.iem.technion.ac.il","finished","232","2026-07-24T21:24:25.000Z","2026-07-25 00:28:15"
"xgb_BIN_TEXT_JIGSAW_TOXICITY_3","0.5613182841879223","3","XGBoost 🌲","BIN_TEXT_JIGSAW_TOXICITY","no_text","nlp18.iem.technion.ac.il","finished","16","2026-07-24T21:24:21.000Z","2026-07-25 00:24:35"
"xgb_BIN_TEXT_JIGSAW_TOXICITY_3","0.7533520138270569","3","XGBoost 🌲","BIN_TEXT_JIGSAW_TOXICITY","text_only","nlp19.iem.technion.ac.il","finished","179","2026-07-24T21:24:00.000Z","2026-07-25 00:26:58"
"rf_BIN_TEXT_JIGSAW_TOXICITY_3","0.5442439637563505","3","RandomForest 🌳","BIN_TEXT_JIGSAW_TOXICITY","no_text","n306","finished","16","2026-07-24T21:23:43.000Z","2026-07-25 00:23:58"
"rf_BIN_TEXT_JIGSAW_TOXICITY_3","0.7834022940344629","3","RandomForest 🌳","BIN_TEXT_JIGSAW_TOXICITY","text_only","n305","finished","126","2026-07-24T21:23:41.000Z","2026-07-25 00:25:46"
"iclv2_BIN_TEXT_JIGSAW_TOXICITY_3","0.5615452434574626","3","TabICLv2 🗼","BIN_TEXT_JIGSAW_TOXICITY","no_text","nlp19.iem.technion.ac.il","finished","18","2026-07-24T21:23:39.000Z","2026-07-25 00:23:56"
"iclv2_BIN_TEXT_JIGSAW_TOXICITY_3","0.8337610642643901","3","TabICLv2 🗼","BIN_TEXT_JIGSAW_TOXICITY","text_only","n306","finished","127","2026-07-24T21:23:35.000Z","2026-07-25 00:25:40"
"real_BIN_TEXT_JIGSAW_TOXICITY_3","0.568253635712914","3","RealMLP 🕸","BIN_TEXT_JIGSAW_TOXICITY","no_text","n306","finished","59","2026-07-24T21:22:32.000Z","2026-07-25 00:23:30"
"real_BIN_TEXT_JIGSAW_TOXICITY_3","0.8153511758236004","3","RealMLP 🕸","BIN_TEXT_JIGSAW_TOXICITY","text_only","n305","finished","163","2026-07-24T21:22:08.000Z","2026-07-25 00:24:50"
"dpt_BIN_TEXT_FINANCIAL_CONSUMER_COMPLAINT_3","0.841977821601178","3","TabDPT 6️⃣","BIN_TEXT_FINANCIAL_CONSUMER_COMPLAINT","text_only","n305","finished","452","2026-07-24T21:19:26.000Z","2026-07-25 00:26:57"
"dpt_BIN_TEXT_FAKE_JOB_POSTING_3","0.9575892857142856","3","TabDPT 6️⃣","BIN_TEXT_FAKE_JOB_POSTING","text_only","n306","finished","310","2026-07-24T21:19:19.000Z","2026-07-25 00:24:28"
"iclv2_BIN_TEXT_FAKE_JOB_POSTING_3","0.9518327067669172","3","TabICLv2 🗼","BIN_TEXT_FAKE_JOB_POSTING","text_only","nlp19.iem.technion.ac.il","finished","273","2026-07-24T21:19:01.000Z","2026-07-25 00:23:33"
"rf_BIN_TEXT_FINANCIAL_CONSUMER_COMPLAINT_3","0.7117850011159241","3","RandomForest 🌳","BIN_TEXT_FINANCIAL_CONSUMER_COMPLAINT","no_text","nlp-srv3.dds.technion.ac.il","finished","38","2026-07-24T21:15:47.000Z","2026-07-25 00:16:01"
"rf_BIN_TEXT_FINANCIAL_CONSUMER_COMPLAINT_3","0.8640804914247655","3","RandomForest 🌳","BIN_TEXT_FINANCIAL_CONSUMER_COMPLAINT","text_only","n306","finished","305","2026-07-24T21:15:43.000Z","2026-07-25 00:20:47"
"dpt_BIN_TEXT_FINANCIAL_CONSUMER_COMPLAINT_3","0.8358754653043823","3","TabDPT 6️⃣","BIN_TEXT_FINANCIAL_CONSUMER_COMPLAINT","no_text","nlp20.iem.technion.ac.il","finished","123","2026-07-24T21:11:31.000Z","2026-07-25 00:13:33"
"xgb_BIN_TEXT_FINANCIAL_CONSUMER_COMPLAINT_3","0.843721978383182","3","XGBoost 🌲","BIN_TEXT_FINANCIAL_CONSUMER_COMPLAINT","no_text","nlp-srv3.dds.technion.ac.il","finished","35","2026-07-24T21:11:20.000Z","2026-07-25 00:11:34"
"xgb_BIN_TEXT_FINANCIAL_CONSUMER_COMPLAINT_3","0.861924223290843","3","XGBoost 🌲","BIN_TEXT_FINANCIAL_CONSUMER_COMPLAINT","text_only","nlp19.iem.technion.ac.il","finished","460","2026-07-24T21:11:13.000Z","2026-07-25 00:18:44"
"iclv2_BIN_TEXT_FINANCIAL_CONSUMER_COMPLAINT_3","0.8551825219013475","3","TabICLv2 🗼","BIN_TEXT_FINANCIAL_CONSUMER_COMPLAINT","no_text","nlp20.iem.technion.ac.il","finished","49","2026-07-24T21:10:38.000Z","2026-07-25 00:11:25"
"iclv2_BIN_TEXT_FINANCIAL_CONSUMER_COMPLAINT_3","0.8807672688969529","3","TabICLv2 🗼","BIN_TEXT_FINANCIAL_CONSUMER_COMPLAINT","text_only","n306","finished","320","2026-07-24T21:10:20.000Z","2026-07-25 00:15:38"
"real_BIN_TEXT_FINANCIAL_CONSUMER_COMPLAINT_3","0.8361979716459997","3","RealMLP 🕸","BIN_TEXT_FINANCIAL_CONSUMER_COMPLAINT","no_text","nlp20.iem.technion.ac.il","finished","99","2026-07-24T21:08:53.000Z","2026-07-25 00:10:30"
"real_BIN_TEXT_FINANCIAL_CONSUMER_COMPLAINT_3","0.8546008683871403","3","RealMLP 🕸","BIN_TEXT_FINANCIAL_CONSUMER_COMPLAINT","text_only","n306","finished","344","2026-07-24T21:08:17.000Z","2026-07-25 00:13:58"
"dpt_BIN_TEXT_FAKE_JOB_POSTING_3","0.7007606907894737","3","TabDPT 6️⃣","BIN_TEXT_FAKE_JOB_POSTING","no_text","n305","finished","143","2026-07-24T20:57:46.000Z","2026-07-25 00:00:07"
"xgb_BIN_TEXT_FAKE_JOB_POSTING_3","0.7049753289473684","3","XGBoost 🌲","BIN_TEXT_FAKE_JOB_POSTING","no_text","n305","finished","16","2026-07-24T20:57:24.000Z","2026-07-24 23:57:36"
"xgb_BIN_TEXT_FAKE_JOB_POSTING_3","0.904311560150376","3","XGBoost 🌲","BIN_TEXT_FAKE_JOB_POSTING","text_only","n305","finished","170","2026-07-24T20:57:09.000Z","2026-07-24 23:59:58"
"rf_BIN_TEXT_FAKE_JOB_POSTING_3","0.7052910596804511","3","RandomForest 🌳","BIN_TEXT_FAKE_JOB_POSTING","no_text","n305","finished","13","2026-07-24T20:57:08.000Z","2026-07-24 23:57:20"
"rf_BIN_TEXT_FAKE_JOB_POSTING_3","0.8998766447368421","3","RandomForest 🌳","BIN_TEXT_FAKE_JOB_POSTING","text_only","n306","finished","179","2026-07-24T20:56:47.000Z","2026-07-24 23:59:44"
"iclv2_BIN_TEXT_FAKE_JOB_POSTING_3","0.7076333411654134","3","TabICLv2 🗼","BIN_TEXT_FAKE_JOB_POSTING","no_text","n306","finished","15","2026-07-24T20:56:44.000Z","2026-07-24 23:56:58"
"real_BIN_TEXT_FAKE_JOB_POSTING_3","0.6778151433270676","3","RealMLP 🕸","BIN_TEXT_FAKE_JOB_POSTING","no_text","n305","finished","58","2026-07-24T20:56:05.000Z","2026-07-24 23:57:02"
"real_BIN_TEXT_FAKE_JOB_POSTING_3","0.9030192669172932","3","RealMLP 🕸","BIN_TEXT_FAKE_JOB_POSTING","text_only","nlp19.iem.technion.ac.il","finished","297","2026-07-24T20:55:40.000Z","2026-07-25 00:00:36"