"Name","test_score","fold","model","dataset","multimodal_state","Hostname","State","Runtime","Created","timestamp"
"dpt_REG_TEXT_PROFESSIONAL_COMPANY_EMPLOYEES_SIZE_2","0.00029915571212768555","2","TabDPT 6️⃣","REG_TEXT_PROFESSIONAL_COMPANY_EMPLOYEES_SIZE","text_only","nlp-srv3.dds.technion.ac.il","finished","476","2026-07-25T16:00:29.000Z","2026-07-25 19:08:02"
"dpt_REG_TEXT_VIDEO_GAMES_SALES_2","0.2573048587986959","2","TabDPT 6️⃣","REG_TEXT_VIDEO_GAMES_SALES","text_only","nlp-srv3.dds.technion.ac.il","finished","246","2026-07-25T14:22:49.000Z","2026-07-25 17:26:34"
"rf_REG_TEXT_VIDEO_GAMES_SALES_2","0.2298333786811555","2","RandomForest 🌳","REG_TEXT_VIDEO_GAMES_SALES","text_only","n306","finished","170","2026-07-25T14:22:20.000Z","2026-07-25 17:25:09"
"dpt_REG_TEXT_SOCIAL_MUSEUMS_US_REVENUES_2","0.03199883384738478","2","TabDPT 6️⃣","REG_TEXT_SOCIAL_MUSEUMS_US_REVENUES","text_only","n306","finished","982","2026-07-25T14:12:17.000Z","2026-07-25 17:28:38"
"rf_REG_TEXT_SOCIAL_MUSEUMS_US_REVENUES_2","0.8191195425791717","2","RandomForest 🌳","REG_TEXT_SOCIAL_MUSEUMS_US_REVENUES","text_only","n306","finished","1176","2026-07-25T14:12:16.000Z","2026-07-25 17:31:51"
"iclv2_REG_TEXT_SOCIAL_MUSEUMS_US_REVENUES_2","0.09247519812271164","2","TabICLv2 🗼","REG_TEXT_SOCIAL_MUSEUMS_US_REVENUES","no_text","nlp-srv3.dds.technion.ac.il","finished","15","2026-07-25T14:04:30.000Z","2026-07-25 17:04:22"
"iclv2_REG_TEXT_SOCIAL_MUSEUMS_US_REVENUES_2","0.7360471130389148","2","TabICLv2 🗼","REG_TEXT_SOCIAL_MUSEUMS_US_REVENUES","text_only","nlp-srv3.dds.technion.ac.il","finished","870","2026-07-25T14:04:21.000Z","2026-07-25 17:18:29"
"real_REG_TEXT_SOCIAL_MUSEUMS_US_REVENUES_2","0.028616094154758187","2","RealMLP 🕸","REG_TEXT_SOCIAL_MUSEUMS_US_REVENUES","no_text","nlp-srv3.dds.technion.ac.il","finished","50","2026-07-25T14:04:16.000Z","2026-07-25 17:04:44"
"rf_REG_TEXT_PROFESSIONAL_ML_DS_AI_JOBS_SALARIES_2","-0.10842551260330158","2","RandomForest 🌳","REG_TEXT_PROFESSIONAL_ML_DS_AI_JOBS_SALARIES","text_only","nlp-srv3.dds.technion.ac.il","finished","53","2026-07-25T14:02:40.000Z","2026-07-25 17:03:10"
"dpt_REG_TEXT_ZOMATO_RESTAURANTS_2","0.6677686142492578","2","TabDPT 6️⃣","REG_TEXT_ZOMATO_RESTAURANTS","no_text","nlp-srv3.dds.technion.ac.il","finished","519","2026-07-25T08:53:06.000Z","2026-07-25 12:01:24"
"dpt_REG_TEXT_ZOMATO_RESTAURANTS_2","0.8110193981304623","2","TabDPT 6️⃣","REG_TEXT_ZOMATO_RESTAURANTS","text_only","n306","finished","1029","2026-07-25T08:53:04.000Z","2026-07-25 12:10:11"
"xgb_REG_TEXT_ZOMATO_RESTAURANTS_2","0.601539510549858","2","XGBoost 🌲","REG_TEXT_ZOMATO_RESTAURANTS","no_text","nlp-srv3.dds.technion.ac.il","finished","15","2026-07-25T08:53:01.000Z","2026-07-25 11:52:54"
"xgb_REG_TEXT_ZOMATO_RESTAURANTS_2","0.7935559558876187","2","XGBoost 🌲","REG_TEXT_ZOMATO_RESTAURANTS","text_only","nlp-srv3.dds.technion.ac.il","finished","618","2026-07-25T08:52:59.000Z","2026-07-25 12:02:55"
"rf_REG_TEXT_ZOMATO_RESTAURANTS_2","0.6414653030832926","2","RandomForest 🌳","REG_TEXT_ZOMATO_RESTAURANTS","no_text","nlp-srv3.dds.technion.ac.il","finished","16","2026-07-25T08:52:45.000Z","2026-07-25 11:52:39"
"rf_REG_TEXT_ZOMATO_RESTAURANTS_2","0.7606232235165078","2","RandomForest 🌳","REG_TEXT_ZOMATO_RESTAURANTS","text_only","nlp-srv3.dds.technion.ac.il","finished","828","2026-07-25T08:52:42.000Z","2026-07-25 12:06:08"
"iclv2_REG_TEXT_ZOMATO_RESTAURANTS_2","0.8502990102130039","2","TabICLv2 🗼","REG_TEXT_ZOMATO_RESTAURANTS","text_only","nlp-srv3.dds.technion.ac.il","finished","784","2026-07-25T08:52:21.000Z","2026-07-25 12:05:03"
"iclv2_REG_TEXT_ZOMATO_RESTAURANTS_2","0.7315303224660736","2","TabICLv2 🗼","REG_TEXT_ZOMATO_RESTAURANTS","no_text","nlp-srv3.dds.technion.ac.il","finished","15","2026-07-25T08:52:21.000Z","2026-07-25 11:52:15"
"real_REG_TEXT_ZOMATO_RESTAURANTS_2","0.6328412006079605","2","RealMLP 🕸","REG_TEXT_ZOMATO_RESTAURANTS","no_text","n306","finished","76","2026-07-25T08:52:16.000Z","2026-07-25 11:53:30"
"real_REG_TEXT_ZOMATO_RESTAURANTS_2","0.819342211679005","2","RealMLP 🕸","REG_TEXT_ZOMATO_RESTAURANTS","text_only","nlp-srv3.dds.technion.ac.il","finished","841","2026-07-25T08:52:13.000Z","2026-07-25 12:05:52"
"dpt_REG_TEXT_VIDEO_GAMES_SALES_2","0.047672877925943435","2","TabDPT 6️⃣","REG_TEXT_VIDEO_GAMES_SALES","no_text","nlp-srv3.dds.technion.ac.il","finished","369","2026-07-25T08:46:42.000Z","2026-07-25 11:52:29"
"xgb_REG_TEXT_VIDEO_GAMES_SALES_2","0.00968735948331001","2","XGBoost 🌲","REG_TEXT_VIDEO_GAMES_SALES","no_text","n306","finished","14","2026-07-25T08:46:31.000Z","2026-07-25 11:46:42"
"rf_REG_TEXT_VIDEO_GAMES_SALES_2","-0.46587986355489175","2","RandomForest 🌳","REG_TEXT_VIDEO_GAMES_SALES","no_text","nlp-srv3.dds.technion.ac.il","finished","10","2026-07-25T08:46:29.000Z","2026-07-25 11:46:18"
"xgb_REG_TEXT_VIDEO_GAMES_SALES_2","0.24221632104310775","2","XGBoost 🌲","REG_TEXT_VIDEO_GAMES_SALES","text_only","n306","finished","111","2026-07-25T08:46:29.000Z","2026-07-25 11:48:19"
"iclv2_REG_TEXT_VIDEO_GAMES_SALES_2","0.04326152157534868","2","TabICLv2 🗼","REG_TEXT_VIDEO_GAMES_SALES","no_text","n306","finished","13","2026-07-25T08:46:13.000Z","2026-07-25 11:46:25"
"iclv2_REG_TEXT_VIDEO_GAMES_SALES_2","0.3074279434938987","2","TabICLv2 🗼","REG_TEXT_VIDEO_GAMES_SALES","text_only","nlp-srv3.dds.technion.ac.il","finished","234","2026-07-25T08:45:45.000Z","2026-07-25 11:49:17"
"real_REG_TEXT_VIDEO_GAMES_SALES_2","0.16696733884220627","2","RealMLP 🕸","REG_TEXT_VIDEO_GAMES_SALES","text_only","n306","finished","155","2026-07-25T08:45:22.000Z","2026-07-25 11:47:56"
"real_REG_TEXT_VIDEO_GAMES_SALES_2","0.030269287582410983","2","RealMLP 🕸","REG_TEXT_VIDEO_GAMES_SALES","no_text","n306","finished","65","2026-07-25T08:45:22.000Z","2026-07-25 11:46:26"
"dpt_REG_TEXT_VANCOUVER_SALARIES_2","0.3358073361331545","2","TabDPT 6️⃣","REG_TEXT_VANCOUVER_SALARIES","no_text","nlp-srv3.dds.technion.ac.il","finished","510","2026-07-25T08:40:16.000Z","2026-07-25 11:48:24"
"dpt_REG_TEXT_VANCOUVER_SALARIES_2","0.572313592969643","2","TabDPT 6️⃣","REG_TEXT_VANCOUVER_SALARIES","text_only","nlp-srv3.dds.technion.ac.il","finished","647","2026-07-25T08:40:12.000Z","2026-07-25 11:50:37"
"xgb_REG_TEXT_VANCOUVER_SALARIES_2","0.30170188183172986","2","XGBoost 🌲","REG_TEXT_VANCOUVER_SALARIES","no_text","nlp-srv3.dds.technion.ac.il","finished","12","2026-07-25T08:40:06.000Z","2026-07-25 11:39:56"
"xgb_REG_TEXT_VANCOUVER_SALARIES_2","0.5566076281995522","2","XGBoost 🌲","REG_TEXT_VANCOUVER_SALARIES","text_only","nlp-srv3.dds.technion.ac.il","finished","190","2026-07-25T08:39:52.000Z","2026-07-25 11:42:40"
"rf_REG_TEXT_VANCOUVER_SALARIES_2","0.2706601233243525","2","RandomForest 🌳","REG_TEXT_VANCOUVER_SALARIES","no_text","nlp-srv3.dds.technion.ac.il","finished","12","2026-07-25T08:39:50.000Z","2026-07-25 11:39:40"
"rf_REG_TEXT_VANCOUVER_SALARIES_2","0.5378259507246574","2","RandomForest 🌳","REG_TEXT_VANCOUVER_SALARIES","text_only","n306","finished","154","2026-07-25T08:39:42.000Z","2026-07-25 11:42:15"
"iclv2_REG_TEXT_VANCOUVER_SALARIES_2","0.33668413204477265","2","TabICLv2 🗼","REG_TEXT_VANCOUVER_SALARIES","no_text","nlp-srv3.dds.technion.ac.il","finished","13","2026-07-25T08:39:36.000Z","2026-07-25 11:39:27"
"iclv2_REG_TEXT_VANCOUVER_SALARIES_2","0.590130340581915","2","TabICLv2 🗼","REG_TEXT_VANCOUVER_SALARIES","text_only","nlp-srv3.dds.technion.ac.il","finished","210","2026-07-25T08:39:22.000Z","2026-07-25 11:42:26"
"real_REG_TEXT_VANCOUVER_SALARIES_2","0.31067345322677176","2","RealMLP 🕸","REG_TEXT_VANCOUVER_SALARIES","no_text","nlp-srv3.dds.technion.ac.il","finished","50","2026-07-25T08:39:20.000Z","2026-07-25 11:39:48"
"real_REG_TEXT_VANCOUVER_SALARIES_2","0.5390288509975973","2","RealMLP 🕸","REG_TEXT_VANCOUVER_SALARIES","text_only","n306","finished","160","2026-07-25T08:39:10.000Z","2026-07-25 11:41:49"
"dpt_REG_TEXT_TRANSPORTATION_USED_CAR_SAUDI_ARABIA_2","0.8686128854751587","2","TabDPT 6️⃣","REG_TEXT_TRANSPORTATION_USED_CAR_SAUDI_ARABIA","no_text","n306","finished","206","2026-07-25T08:35:39.000Z","2026-07-25 11:39:03"
"dpt_REG_TEXT_TRANSPORTATION_USED_CAR_SAUDI_ARABIA_2","0.22543275356292725","2","TabDPT 6️⃣","REG_TEXT_TRANSPORTATION_USED_CAR_SAUDI_ARABIA","text_only","n306","finished","386","2026-07-25T08:35:29.000Z","2026-07-25 11:41:54"
"xgb_REG_TEXT_TRANSPORTATION_USED_CAR_SAUDI_ARABIA_2","0.8593602776527405","2","XGBoost 🌲","REG_TEXT_TRANSPORTATION_USED_CAR_SAUDI_ARABIA","no_text","nlp20.iem.technion.ac.il","finished","14","2026-07-25T08:35:27.000Z","2026-07-25 11:35:40"
"xgb_REG_TEXT_TRANSPORTATION_USED_CAR_SAUDI_ARABIA_2","0.2283063530921936","2","XGBoost 🌲","REG_TEXT_TRANSPORTATION_USED_CAR_SAUDI_ARABIA","text_only","nlp-srv3.dds.technion.ac.il","finished","80","2026-07-25T08:35:17.000Z","2026-07-25 11:36:15"
"rf_REG_TEXT_TRANSPORTATION_USED_CAR_SAUDI_ARABIA_2","0.8129242900897812","2","RandomForest 🌳","REG_TEXT_TRANSPORTATION_USED_CAR_SAUDI_ARABIA","no_text","nlp20.iem.technion.ac.il","finished","14","2026-07-25T08:35:06.000Z","2026-07-25 11:35:19"
"rf_REG_TEXT_TRANSPORTATION_USED_CAR_SAUDI_ARABIA_2","0.2323873887599881","2","RandomForest 🌳","REG_TEXT_TRANSPORTATION_USED_CAR_SAUDI_ARABIA","text_only","nlp-srv3.dds.technion.ac.il","finished","68","2026-07-25T08:35:02.000Z","2026-07-25 11:35:48"
"iclv2_REG_TEXT_TRANSPORTATION_USED_CAR_SAUDI_ARABIA_2","0.9036558270454408","2","TabICLv2 🗼","REG_TEXT_TRANSPORTATION_USED_CAR_SAUDI_ARABIA","no_text","nlp-srv3.dds.technion.ac.il","finished","13","2026-07-25T08:35:01.000Z","2026-07-25 11:34:53"
"iclv2_REG_TEXT_TRANSPORTATION_USED_CAR_SAUDI_ARABIA_2","0.24672114849090576","2","TabICLv2 🗼","REG_TEXT_TRANSPORTATION_USED_CAR_SAUDI_ARABIA","text_only","nlp-srv3.dds.technion.ac.il","finished","74","2026-07-25T08:34:45.000Z","2026-07-25 11:35:38"
"real_REG_TEXT_TRANSPORTATION_USED_CAR_SAUDI_ARABIA_2","0.8888190984725952","2","RealMLP 🕸","REG_TEXT_TRANSPORTATION_USED_CAR_SAUDI_ARABIA","no_text","n306","finished","54","2026-07-25T08:34:41.000Z","2026-07-25 11:35:34"
"real_REG_TEXT_TRANSPORTATION_USED_CAR_SAUDI_ARABIA_2","0.20714813470840457","2","RealMLP 🕸","REG_TEXT_TRANSPORTATION_USED_CAR_SAUDI_ARABIA","text_only","nlp-srv3.dds.technion.ac.il","finished","89","2026-07-25T08:34:39.000Z","2026-07-25 11:35:46"
"dpt_REG_TEXT_TRANSPORTATION_USED_CAR_PAKISTAN_2","0.7753274997980045","2","TabDPT 6️⃣","REG_TEXT_TRANSPORTATION_USED_CAR_PAKISTAN","no_text","nlp-srv3.dds.technion.ac.il","finished","494","2026-07-25T08:30:18.000Z","2026-07-25 11:38:10"
"dpt_REG_TEXT_TRANSPORTATION_USED_CAR_PAKISTAN_2","0.5560745390534068","2","TabDPT 6️⃣","REG_TEXT_TRANSPORTATION_USED_CAR_PAKISTAN","text_only","nlp-srv3.dds.technion.ac.il","finished","648","2026-07-25T08:30:13.000Z","2026-07-25 11:40:39"
"xgb_REG_TEXT_TRANSPORTATION_USED_CAR_PAKISTAN_2","0.8808287237970412","2","XGBoost 🌲","REG_TEXT_TRANSPORTATION_USED_CAR_PAKISTAN","no_text","nlp20.iem.technion.ac.il","finished","14","2026-07-25T08:30:02.000Z","2026-07-25 11:30:15"
"xgb_REG_TEXT_TRANSPORTATION_USED_CAR_PAKISTAN_2","0.8350055789014046","2","XGBoost 🌲","REG_TEXT_TRANSPORTATION_USED_CAR_PAKISTAN","text_only","n306","finished","116","2026-07-25T08:29:13.000Z","2026-07-25 11:31:05"
"rf_REG_TEXT_TRANSPORTATION_USED_CAR_PAKISTAN_2","0.8640231259353112","2","RandomForest 🌳","REG_TEXT_TRANSPORTATION_USED_CAR_PAKISTAN","no_text","n306","finished","14","2026-07-25T08:29:02.000Z","2026-07-25 11:29:15"
"rf_REG_TEXT_TRANSPORTATION_USED_CAR_PAKISTAN_2","0.8676135449295503","2","RandomForest 🌳","REG_TEXT_TRANSPORTATION_USED_CAR_PAKISTAN","text_only","n306","finished","129","2026-07-25T08:28:56.000Z","2026-07-25 11:31:03"
"iclv2_REG_TEXT_TRANSPORTATION_USED_CAR_PAKISTAN_2","0.8413169347017917","2","TabICLv2 🗼","REG_TEXT_TRANSPORTATION_USED_CAR_PAKISTAN","no_text","n306","finished","14","2026-07-25T08:28:41.000Z","2026-07-25 11:28:54"
"iclv2_REG_TEXT_TRANSPORTATION_USED_CAR_PAKISTAN_2","0.8667811967808888","2","TabICLv2 🗼","REG_TEXT_TRANSPORTATION_USED_CAR_PAKISTAN","text_only","n306","finished","123","2026-07-25T08:28:35.000Z","2026-07-25 11:30:37"
"real_REG_TEXT_TRANSPORTATION_USED_CAR_PAKISTAN_2","0.9158886852239808","2","RealMLP 🕸","REG_TEXT_TRANSPORTATION_USED_CAR_PAKISTAN","no_text","n306","finished","65","2026-07-25T08:28:04.000Z","2026-07-25 11:29:07"
"real_REG_TEXT_TRANSPORTATION_USED_CAR_PAKISTAN_2","0.7758077064572058","2","RealMLP 🕸","REG_TEXT_TRANSPORTATION_USED_CAR_PAKISTAN","text_only","nlp-srv3.dds.technion.ac.il","finished","254","2026-07-25T08:27:52.000Z","2026-07-25 11:31:44"
"dpt_REG_TEXT_TRANSPORTATION_USED_CAR_MERCEDES_BENZ_ITALY_2","-403.7567138671875","2","TabDPT 6️⃣","REG_TEXT_TRANSPORTATION_USED_CAR_MERCEDES_BENZ_ITALY","no_text","nlp-srv3.dds.technion.ac.il","finished","447","2026-07-25T08:24:27.000Z","2026-07-25 11:31:32"
"dpt_REG_TEXT_TRANSPORTATION_USED_CAR_MERCEDES_BENZ_ITALY_2","-80.77693176269531","2","TabDPT 6️⃣","REG_TEXT_TRANSPORTATION_USED_CAR_MERCEDES_BENZ_ITALY","text_only","nlp-srv3.dds.technion.ac.il","finished","496","2026-07-25T08:24:17.000Z","2026-07-25 11:32:11"
"xgb_REG_TEXT_TRANSPORTATION_USED_CAR_MERCEDES_BENZ_ITALY_2","0.7265164256095886","2","XGBoost 🌲","REG_TEXT_TRANSPORTATION_USED_CAR_MERCEDES_BENZ_ITALY","no_text","nlp-srv3.dds.technion.ac.il","finished","12","2026-07-25T08:24:11.000Z","2026-07-25 11:24:01"
"xgb_REG_TEXT_TRANSPORTATION_USED_CAR_MERCEDES_BENZ_ITALY_2","0.8378822207450867","2","XGBoost 🌲","REG_TEXT_TRANSPORTATION_USED_CAR_MERCEDES_BENZ_ITALY","text_only","n306","finished","62","2026-07-25T08:23:55.000Z","2026-07-25 11:24:56"
"rf_REG_TEXT_TRANSPORTATION_USED_CAR_MERCEDES_BENZ_ITALY_2","0.7629043958680226","2","RandomForest 🌳","REG_TEXT_TRANSPORTATION_USED_CAR_MERCEDES_BENZ_ITALY","no_text","nlp-srv3.dds.technion.ac.il","finished","13","2026-07-25T08:23:55.000Z","2026-07-25 11:23:46"
"rf_REG_TEXT_TRANSPORTATION_USED_CAR_MERCEDES_BENZ_ITALY_2","0.8466215892909371","2","RandomForest 🌳","REG_TEXT_TRANSPORTATION_USED_CAR_MERCEDES_BENZ_ITALY","text_only","nlp-srv3.dds.technion.ac.il","finished","56","2026-07-25T08:23:49.000Z","2026-07-25 11:24:23"
"iclv2_REG_TEXT_TRANSPORTATION_USED_CAR_MERCEDES_BENZ_ITALY_2","0.7807035446166992","2","TabICLv2 🗼","REG_TEXT_TRANSPORTATION_USED_CAR_MERCEDES_BENZ_ITALY","no_text","n306","finished","14","2026-07-25T08:23:39.000Z","2026-07-25 11:23:51"
"iclv2_REG_TEXT_TRANSPORTATION_USED_CAR_MERCEDES_BENZ_ITALY_2","0.8704331517219543","2","TabICLv2 🗼","REG_TEXT_TRANSPORTATION_USED_CAR_MERCEDES_BENZ_ITALY","text_only","n306","finished","68","2026-07-25T08:23:38.000Z","2026-07-25 11:24:45"
"real_REG_TEXT_TRANSPORTATION_USED_CAR_MERCEDES_BENZ_ITALY_2","0.02324056625366211","2","RealMLP 🕸","REG_TEXT_TRANSPORTATION_USED_CAR_MERCEDES_BENZ_ITALY","no_text","nlp-srv3.dds.technion.ac.il","finished","49","2026-07-25T08:23:34.000Z","2026-07-25 11:24:01"
"real_REG_TEXT_TRANSPORTATION_USED_CAR_MERCEDES_BENZ_ITALY_2","-0.5998824834823608","2","RealMLP 🕸","REG_TEXT_TRANSPORTATION_USED_CAR_MERCEDES_BENZ_ITALY","text_only","n306","finished","109","2026-07-25T08:23:26.000Z","2026-07-25 11:25:14"
"dpt_REG_TEXT_SPORTS_NBA_DRAFT_VALUE_OVER_REPLACEMENT_2","0.6235842743311721","2","TabDPT 6️⃣","REG_TEXT_SPORTS_NBA_DRAFT_VALUE_OVER_REPLACEMENT","no_text","nlp-srv3.dds.technion.ac.il","finished","16","2026-07-25T08:21:10.000Z","2026-07-25 11:21:05"
"dpt_REG_TEXT_SPORTS_NBA_DRAFT_VALUE_OVER_REPLACEMENT_2","0.3192219058151593","2","TabDPT 6️⃣","REG_TEXT_SPORTS_NBA_DRAFT_VALUE_OVER_REPLACEMENT","text_only","n306","finished","36","2026-07-25T08:21:04.000Z","2026-07-25 11:21:39"
"xgb_REG_TEXT_SPORTS_NBA_DRAFT_VALUE_OVER_REPLACEMENT_2","0.9480542008227396","2","XGBoost 🌲","REG_TEXT_SPORTS_NBA_DRAFT_VALUE_OVER_REPLACEMENT","no_text","nlp-srv3.dds.technion.ac.il","finished","12","2026-07-25T08:20:57.000Z","2026-07-25 11:20:47"
"xgb_REG_TEXT_SPORTS_NBA_DRAFT_VALUE_OVER_REPLACEMENT_2","0.345647837668693","2","XGBoost 🌲","REG_TEXT_SPORTS_NBA_DRAFT_VALUE_OVER_REPLACEMENT","text_only","nlp-srv3.dds.technion.ac.il","finished","23","2026-07-25T08:20:56.000Z","2026-07-25 11:20:58"
"rf_REG_TEXT_SPORTS_NBA_DRAFT_VALUE_OVER_REPLACEMENT_2","0.9034048293378832","2","RandomForest 🌳","REG_TEXT_SPORTS_NBA_DRAFT_VALUE_OVER_REPLACEMENT","no_text","nlp-srv3.dds.technion.ac.il","finished","12","2026-07-25T08:20:54.000Z","2026-07-25 11:20:44"
"rf_REG_TEXT_SPORTS_NBA_DRAFT_VALUE_OVER_REPLACEMENT_2","0.33167848087303553","2","RandomForest 🌳","REG_TEXT_SPORTS_NBA_DRAFT_VALUE_OVER_REPLACEMENT","text_only","n306","finished","38","2026-07-25T08:20:40.000Z","2026-07-25 11:21:17"
"iclv2_REG_TEXT_SPORTS_NBA_DRAFT_VALUE_OVER_REPLACEMENT_2","0.9597318779951106","2","TabICLv2 🗼","REG_TEXT_SPORTS_NBA_DRAFT_VALUE_OVER_REPLACEMENT","no_text","nlp-srv3.dds.technion.ac.il","finished","12","2026-07-25T08:20:37.000Z","2026-07-25 11:20:27"
"iclv2_REG_TEXT_SPORTS_NBA_DRAFT_VALUE_OVER_REPLACEMENT_2","0.3877996855541631","2","TabICLv2 🗼","REG_TEXT_SPORTS_NBA_DRAFT_VALUE_OVER_REPLACEMENT","text_only","nlp-srv3.dds.technion.ac.il","finished","41","2026-07-25T08:20:34.000Z","2026-07-25 11:20:53"
"real_REG_TEXT_SPORTS_NBA_DRAFT_VALUE_OVER_REPLACEMENT_2","0.956402702474835","2","RealMLP 🕸","REG_TEXT_SPORTS_NBA_DRAFT_VALUE_OVER_REPLACEMENT","no_text","n306","finished","29","2026-07-25T08:20:33.000Z","2026-07-25 11:21:01"
"real_REG_TEXT_SPORTS_NBA_DRAFT_VALUE_OVER_REPLACEMENT_2","0.3863551196583953","2","RealMLP 🕸","REG_TEXT_SPORTS_NBA_DRAFT_VALUE_OVER_REPLACEMENT","text_only","n306","finished","48","2026-07-25T08:20:32.000Z","2026-07-25 11:21:18"
"dpt_REG_TEXT_SPORTS_FIFA22_WAGES_2","0.6759570531869878","2","TabDPT 6️⃣","REG_TEXT_SPORTS_FIFA22_WAGES","no_text","nlp-srv3.dds.technion.ac.il","finished","372","2026-07-25T08:16:04.000Z","2026-07-25 11:21:55"
"dpt_REG_TEXT_SPORTS_FIFA22_WAGES_2","0.037737513957837976","2","TabDPT 6️⃣","REG_TEXT_SPORTS_FIFA22_WAGES","text_only","n306","finished","583","2026-07-25T08:16:01.000Z","2026-07-25 11:25:42"
"xgb_REG_TEXT_SPORTS_FIFA22_WAGES_2","0.7463166666425769","2","XGBoost 🌲","REG_TEXT_SPORTS_FIFA22_WAGES","no_text","nlp-srv3.dds.technion.ac.il","finished","11","2026-07-25T08:16:00.000Z","2026-07-25 11:15:50"
"xgb_REG_TEXT_SPORTS_FIFA22_WAGES_2","0.0429163113817258","2","XGBoost 🌲","REG_TEXT_SPORTS_FIFA22_WAGES","text_only","nlp-srv3.dds.technion.ac.il","finished","74","2026-07-25T08:15:59.000Z","2026-07-25 11:16:52"
"rf_REG_TEXT_SPORTS_FIFA22_WAGES_2","0.7327494916439268","2","RandomForest 🌳","REG_TEXT_SPORTS_FIFA22_WAGES","no_text","nlp20.iem.technion.ac.il","finished","24","2026-07-25T08:15:44.000Z","2026-07-25 11:16:06"
"rf_REG_TEXT_SPORTS_FIFA22_WAGES_2","0.03735051364332809","2","RandomForest 🌳","REG_TEXT_SPORTS_FIFA22_WAGES","text_only","nlp-srv3.dds.technion.ac.il","finished","110","2026-07-25T08:15:44.000Z","2026-07-25 11:17:12"
"iclv2_REG_TEXT_SPORTS_FIFA22_WAGES_2","0.7645784395166596","2","TabICLv2 🗼","REG_TEXT_SPORTS_FIFA22_WAGES","no_text","nlp-srv3.dds.technion.ac.il","finished","14","2026-07-25T08:15:39.000Z","2026-07-25 11:15:32"
"iclv2_REG_TEXT_SPORTS_FIFA22_WAGES_2","0.03578557350929579","2","TabICLv2 🗼","REG_TEXT_SPORTS_FIFA22_WAGES","text_only","nlp-srv3.dds.technion.ac.il","finished","114","2026-07-25T08:15:33.000Z","2026-07-25 11:17:05"
"real_REG_TEXT_SPORTS_FIFA22_WAGES_2","0.7589731254997325","2","RealMLP 🕸","REG_TEXT_SPORTS_FIFA22_WAGES","no_text","n306","finished","60","2026-07-25T08:15:28.000Z","2026-07-25 11:16:26"
"real_REG_TEXT_SPORTS_FIFA22_WAGES_2","0.040158932773152634","2","RealMLP 🕸","REG_TEXT_SPORTS_FIFA22_WAGES","text_only","n306","finished","110","2026-07-25T08:14:54.000Z","2026-07-25 11:16:43"
"dpt_REG_TEXT_SOCIAL_MUSEUMS_US_REVENUES_2","0.06839910674902461","2","TabDPT 6️⃣","REG_TEXT_SOCIAL_MUSEUMS_US_REVENUES","no_text","nlp-srv3.dds.technion.ac.il","finished","578","2026-07-25T08:01:42.000Z","2026-07-25 11:10:58"
"xgb_REG_TEXT_SOCIAL_MUSEUMS_US_REVENUES_2","0.36565581455070073","2","XGBoost 🌲","REG_TEXT_SOCIAL_MUSEUMS_US_REVENUES","no_text","nlp-srv3.dds.technion.ac.il","finished","11","2026-07-25T08:01:11.000Z","2026-07-25 11:01:00"
"xgb_REG_TEXT_SOCIAL_MUSEUMS_US_REVENUES_2","0.36859721985306426","2","XGBoost 🌲","REG_TEXT_SOCIAL_MUSEUMS_US_REVENUES","text_only","nlp-srv3.dds.technion.ac.il","finished","800","2026-07-25T08:01:09.000Z","2026-07-25 11:14:07"
"rf_REG_TEXT_SOCIAL_MUSEUMS_US_REVENUES_2","0.6782695983598754","2","RandomForest 🌳","REG_TEXT_SOCIAL_MUSEUMS_US_REVENUES","no_text","nlp-srv3.dds.technion.ac.il","finished","17","2026-07-25T08:00:49.000Z","2026-07-25 11:00:44"
"real_REG_TEXT_SOCIAL_MUSEUMS_US_REVENUES_2","0.9153783112469897","2","RealMLP 🕸","REG_TEXT_SOCIAL_MUSEUMS_US_REVENUES","text_only","n306","finished","458","2026-07-25T07:59:32.000Z","2026-07-25 11:07:09"
"dpt_REG_TEXT_SOCIAL_MOVIES_DATASET_REVENUE_2","0.6192770167516848","2","TabDPT 6️⃣","REG_TEXT_SOCIAL_MOVIES_DATASET_REVENUE","no_text","n306","finished","557","2026-07-25T07:40:41.000Z","2026-07-25 10:49:57"
"dpt_REG_TEXT_SOCIAL_MOVIES_DATASET_REVENUE_2","0.2251264459064385","2","TabDPT 6️⃣","REG_TEXT_SOCIAL_MOVIES_DATASET_REVENUE","text_only","n306","finished","1076","2026-07-25T07:40:23.000Z","2026-07-25 10:58:17"
"xgb_REG_TEXT_SOCIAL_MOVIES_DATASET_REVENUE_2","0.6431817211675679","2","XGBoost 🌲","REG_TEXT_SOCIAL_MOVIES_DATASET_REVENUE","no_text","n306","finished","19","2026-07-25T07:40:20.000Z","2026-07-25 10:40:35"
"xgb_REG_TEXT_SOCIAL_MOVIES_DATASET_REVENUE_2","0.536376304796337","2","XGBoost 🌲","REG_TEXT_SOCIAL_MOVIES_DATASET_REVENUE","text_only","nlp-srv3.dds.technion.ac.il","finished","995","2026-07-25T07:40:13.000Z","2026-07-25 10:56:26"
"rf_REG_TEXT_SOCIAL_MOVIES_DATASET_REVENUE_2","0.7270517055046334","2","RandomForest 🌳","REG_TEXT_SOCIAL_MOVIES_DATASET_REVENUE","no_text","n306","finished","19","2026-07-25T07:39:58.000Z","2026-07-25 10:40:15"
"rf_REG_TEXT_SOCIAL_MOVIES_DATASET_REVENUE_2","0.3997177693141327","2","RandomForest 🌳","REG_TEXT_SOCIAL_MOVIES_DATASET_REVENUE","text_only","nlp-srv3.dds.technion.ac.il","finished","1766","2026-07-25T07:39:42.000Z","2026-07-25 11:08:46"
"iclv2_REG_TEXT_SOCIAL_MOVIES_DATASET_REVENUE_2","0.6586038412501936","2","TabICLv2 🗼","REG_TEXT_SOCIAL_MOVIES_DATASET_REVENUE","no_text","n306","finished","18","2026-07-25T07:39:37.000Z","2026-07-25 10:39:54"
"iclv2_REG_TEXT_SOCIAL_MOVIES_DATASET_REVENUE_2","0.6158449208003534","2","TabICLv2 🗼","REG_TEXT_SOCIAL_MOVIES_DATASET_REVENUE","text_only","n306","finished","563","2026-07-25T07:39:22.000Z","2026-07-25 10:48:39"
"real_REG_TEXT_SOCIAL_MOVIES_DATASET_REVENUE_2","0.6601661014866858","2","RealMLP 🕸","REG_TEXT_SOCIAL_MOVIES_DATASET_REVENUE","no_text","n306","finished","67","2026-07-25T07:39:09.000Z","2026-07-25 10:40:15"
"real_REG_TEXT_SOCIAL_MOVIES_DATASET_REVENUE_2","0.6696761372118871","2","RealMLP 🕸","REG_TEXT_SOCIAL_MOVIES_DATASET_REVENUE","text_only","n306","finished","563","2026-07-25T07:39:04.000Z","2026-07-25 10:48:25"
"dpt_REG_TEXT_SOCIAL_KOREAN_DRAMA_2","0.32915480192151536","2","TabDPT 6️⃣","REG_TEXT_SOCIAL_KOREAN_DRAMA","no_text","nlp-srv3.dds.technion.ac.il","finished","14","2026-07-25T07:36:09.000Z","2026-07-25 10:36:01"
"dpt_REG_TEXT_SOCIAL_KOREAN_DRAMA_2","0.49824425756219515","2","TabDPT 6️⃣","REG_TEXT_SOCIAL_KOREAN_DRAMA","text_only","nlp20.iem.technion.ac.il","finished","90","2026-07-25T07:36:07.000Z","2026-07-25 10:37:35"
"xgb_REG_TEXT_SOCIAL_KOREAN_DRAMA_2","0.31351451835226773","2","XGBoost 🌲","REG_TEXT_SOCIAL_KOREAN_DRAMA","no_text","n306","finished","15","2026-07-25T07:36:07.000Z","2026-07-25 10:36:18"
"xgb_REG_TEXT_SOCIAL_KOREAN_DRAMA_2","0.24804161016194848","2","XGBoost 🌲","REG_TEXT_SOCIAL_KOREAN_DRAMA","text_only","nlp-srv3.dds.technion.ac.il","finished","100","2026-07-25T07:36:01.000Z","2026-07-25 10:37:20"
"rf_REG_TEXT_SOCIAL_KOREAN_DRAMA_2","0.25115375781570726","2","RandomForest 🌳","REG_TEXT_SOCIAL_KOREAN_DRAMA","no_text","nlp-srv3.dds.technion.ac.il","finished","11","2026-07-25T07:35:53.000Z","2026-07-25 10:35:42"
"rf_REG_TEXT_SOCIAL_KOREAN_DRAMA_2","0.45708769962447304","2","RandomForest 🌳","REG_TEXT_SOCIAL_KOREAN_DRAMA","text_only","n306","finished","72","2026-07-25T07:35:51.000Z","2026-07-25 10:37:02"
"iclv2_REG_TEXT_SOCIAL_KOREAN_DRAMA_2","0.33652224837358125","2","TabICLv2 🗼","REG_TEXT_SOCIAL_KOREAN_DRAMA","no_text","n306","finished","23","2026-07-25T07:35:45.000Z","2026-07-25 10:36:07"
"iclv2_REG_TEXT_SOCIAL_KOREAN_DRAMA_2","0.5272151859761596","2","TabICLv2 🗼","REG_TEXT_SOCIAL_KOREAN_DRAMA","text_only","nlp-srv3.dds.technion.ac.il","finished","84","2026-07-25T07:35:40.000Z","2026-07-25 10:36:43"
"real_REG_TEXT_SOCIAL_KOREAN_DRAMA_2","0.326812928560806","2","RealMLP 🕸","REG_TEXT_SOCIAL_KOREAN_DRAMA","no_text","nlp-srv3.dds.technion.ac.il","finished","19","2026-07-25T07:35:31.000Z","2026-07-25 10:35:29"
"real_REG_TEXT_SOCIAL_KOREAN_DRAMA_2","0.32387597185151795","2","RealMLP 🕸","REG_TEXT_SOCIAL_KOREAN_DRAMA","text_only","nlp-srv3.dds.technion.ac.il","finished","87","2026-07-25T07:35:26.000Z","2026-07-25 10:36:32"
"dpt_REG_TEXT_SOCIAL_FILMTV_MOVIE_RATING_ITALY_2","0.9855377123982872","2","TabDPT 6️⃣","REG_TEXT_SOCIAL_FILMTV_MOVIE_RATING_ITALY","no_text","nlp-srv3.dds.technion.ac.il","finished","526","2026-07-25T07:24:27.000Z","2026-07-25 10:32:51"
"dpt_REG_TEXT_SOCIAL_FILMTV_MOVIE_RATING_ITALY_2","0.3260234180939722","2","TabDPT 6️⃣","REG_TEXT_SOCIAL_FILMTV_MOVIE_RATING_ITALY","text_only","n306","finished","872","2026-07-25T07:24:21.000Z","2026-07-25 10:38:52"
"xgb_REG_TEXT_SOCIAL_FILMTV_MOVIE_RATING_ITALY_2","0.978059036802513","2","XGBoost 🌲","REG_TEXT_SOCIAL_FILMTV_MOVIE_RATING_ITALY","no_text","nlp-srv3.dds.technion.ac.il","finished","11","2026-07-25T07:24:17.000Z","2026-07-25 10:24:07"
"xgb_REG_TEXT_SOCIAL_FILMTV_MOVIE_RATING_ITALY_2","0.30521334020546187","2","XGBoost 🌲","REG_TEXT_SOCIAL_FILMTV_MOVIE_RATING_ITALY","text_only","n306","finished","330","2026-07-25T07:24:07.000Z","2026-07-25 10:29:36"
"rf_REG_TEXT_SOCIAL_FILMTV_MOVIE_RATING_ITALY_2","0.9768982460193584","2","RandomForest 🌳","REG_TEXT_SOCIAL_FILMTV_MOVIE_RATING_ITALY","no_text","nlp-srv3.dds.technion.ac.il","finished","14","2026-07-25T07:24:00.000Z","2026-07-25 10:23:53"
"rf_REG_TEXT_SOCIAL_FILMTV_MOVIE_RATING_ITALY_2","0.3221580247371979","2","RandomForest 🌳","REG_TEXT_SOCIAL_FILMTV_MOVIE_RATING_ITALY","text_only","nlp-srv3.dds.technion.ac.il","finished","676","2026-07-25T07:23:58.000Z","2026-07-25 10:34:52"
"iclv2_REG_TEXT_SOCIAL_FILMTV_MOVIE_RATING_ITALY_2","0.9876700037371324","2","TabICLv2 🗼","REG_TEXT_SOCIAL_FILMTV_MOVIE_RATING_ITALY","no_text","n306","finished","33","2026-07-25T07:23:44.000Z","2026-07-25 10:24:16"
"iclv2_REG_TEXT_SOCIAL_FILMTV_MOVIE_RATING_ITALY_2","0.3804544969436733","2","TabICLv2 🗼","REG_TEXT_SOCIAL_FILMTV_MOVIE_RATING_ITALY","text_only","nlp-srv3.dds.technion.ac.il","finished","596","2026-07-25T07:23:40.000Z","2026-07-25 10:33:14"
"real_REG_TEXT_SOCIAL_FILMTV_MOVIE_RATING_ITALY_2","0.9781676216952172","2","RealMLP 🕸","REG_TEXT_SOCIAL_FILMTV_MOVIE_RATING_ITALY","no_text","nlp-srv3.dds.technion.ac.il","finished","48","2026-07-25T07:23:34.000Z","2026-07-25 10:24:00"
"real_REG_TEXT_SOCIAL_FILMTV_MOVIE_RATING_ITALY_2","0.2528995073212531","2","RealMLP 🕸","REG_TEXT_SOCIAL_FILMTV_MOVIE_RATING_ITALY","text_only","n306","finished","366","2026-07-25T07:23:02.000Z","2026-07-25 10:29:07"
"dpt_REG_TEXT_SOCIAL_BOOKS_GOODREADS_2","0.7842990617717229","2","TabDPT 6️⃣","REG_TEXT_SOCIAL_BOOKS_GOODREADS","no_text","nlp-srv3.dds.technion.ac.il","finished","177","2026-07-25T07:16:48.000Z","2026-07-25 10:19:24"
"dpt_REG_TEXT_SOCIAL_BOOKS_GOODREADS_2","0.4195407487870012","2","TabDPT 6️⃣","REG_TEXT_SOCIAL_BOOKS_GOODREADS","text_only","n306","finished","262","2026-07-25T07:16:28.000Z","2026-07-25 10:20:49"
"xgb_REG_TEXT_SOCIAL_BOOKS_GOODREADS_2","0.7738258925418796","2","XGBoost 🌲","REG_TEXT_SOCIAL_BOOKS_GOODREADS","no_text","n306","finished","16","2026-07-25T07:16:26.000Z","2026-07-25 10:16:38"
"xgb_REG_TEXT_SOCIAL_BOOKS_GOODREADS_2","0.3574422839826483","2","XGBoost 🌲","REG_TEXT_SOCIAL_BOOKS_GOODREADS","text_only","nlp-srv3.dds.technion.ac.il","finished","254","2026-07-25T07:16:09.000Z","2026-07-25 10:20:02"
"rf_REG_TEXT_SOCIAL_BOOKS_GOODREADS_2","0.7773269234052653","2","RandomForest 🌳","REG_TEXT_SOCIAL_BOOKS_GOODREADS","no_text","n306","finished","13","2026-07-25T07:16:08.000Z","2026-07-25 10:16:20"
"rf_REG_TEXT_SOCIAL_BOOKS_GOODREADS_2","0.4190713570916057","2","RandomForest 🌳","REG_TEXT_SOCIAL_BOOKS_GOODREADS","text_only","nlp-srv3.dds.technion.ac.il","finished","299","2026-07-25T07:15:53.000Z","2026-07-25 10:20:30"
"iclv2_REG_TEXT_SOCIAL_BOOKS_GOODREADS_2","0.7273974203020246","2","TabICLv2 🗼","REG_TEXT_SOCIAL_BOOKS_GOODREADS","no_text","n306","finished","13","2026-07-25T07:15:52.000Z","2026-07-25 10:16:04"
"iclv2_REG_TEXT_SOCIAL_BOOKS_GOODREADS_2","0.4072825132815274","2","TabICLv2 🗼","REG_TEXT_SOCIAL_BOOKS_GOODREADS","text_only","n306","finished","177","2026-07-25T07:15:34.000Z","2026-07-25 10:18:29"
"real_REG_TEXT_SOCIAL_BOOKS_GOODREADS_2","0.7706103667381687","2","RealMLP 🕸","REG_TEXT_SOCIAL_BOOKS_GOODREADS","no_text","nlp-srv3.dds.technion.ac.il","finished","26","2026-07-25T07:15:21.000Z","2026-07-25 10:15:25"
"real_REG_TEXT_SOCIAL_BOOKS_GOODREADS_2","0.2627712972036873","2","RealMLP 🕸","REG_TEXT_SOCIAL_BOOKS_GOODREADS","text_only","nlp-srv3.dds.technion.ac.il","finished","200","2026-07-25T07:15:13.000Z","2026-07-25 10:18:12"
"dpt_REG_TEXT_SOCIAL_ANIME_PLANET_RATING_2","0.684023405336458","2","TabDPT 6️⃣","REG_TEXT_SOCIAL_ANIME_PLANET_RATING","no_text","nlp-srv3.dds.technion.ac.il","finished","420","2026-07-25T07:04:51.000Z","2026-07-25 10:11:30"
"dpt_REG_TEXT_SOCIAL_ANIME_PLANET_RATING_2","0.5613672099742031","2","TabDPT 6️⃣","REG_TEXT_SOCIAL_ANIME_PLANET_RATING","text_only","nlp-srv3.dds.technion.ac.il","finished","1154","2026-07-25T07:04:40.000Z","2026-07-25 10:23:32"
"xgb_REG_TEXT_SOCIAL_ANIME_PLANET_RATING_2","0.668401564242703","2","XGBoost 🌲","REG_TEXT_SOCIAL_ANIME_PLANET_RATING","no_text","nlp-srv3.dds.technion.ac.il","finished","11","2026-07-25T07:04:35.000Z","2026-07-25 10:04:24"
"xgb_REG_TEXT_SOCIAL_ANIME_PLANET_RATING_2","0.5530569015773127","2","XGBoost 🌲","REG_TEXT_SOCIAL_ANIME_PLANET_RATING","text_only","nlp-srv3.dds.technion.ac.il","finished","655","2026-07-25T07:04:15.000Z","2026-07-25 10:14:49"
"rf_REG_TEXT_SOCIAL_ANIME_PLANET_RATING_2","0.6424567328006949","2","RandomForest 🌳","REG_TEXT_SOCIAL_ANIME_PLANET_RATING","no_text","nlp-srv3.dds.technion.ac.il","finished","13","2026-07-25T07:03:59.000Z","2026-07-25 10:03:50"
"rf_REG_TEXT_SOCIAL_ANIME_PLANET_RATING_2","0.5745522279306081","2","RandomForest 🌳","REG_TEXT_SOCIAL_ANIME_PLANET_RATING","text_only","n306","finished","462","2026-07-25T07:03:46.000Z","2026-07-25 10:11:27"
"iclv2_REG_TEXT_SOCIAL_ANIME_PLANET_RATING_2","0.6866100831324694","2","TabICLv2 🗼","REG_TEXT_SOCIAL_ANIME_PLANET_RATING","no_text","nlp-srv3.dds.technion.ac.il","finished","14","2026-07-25T07:03:43.000Z","2026-07-25 10:03:35"
"iclv2_REG_TEXT_SOCIAL_ANIME_PLANET_RATING_2","0.6564504499457803","2","TabICLv2 🗼","REG_TEXT_SOCIAL_ANIME_PLANET_RATING","text_only","nlp-srv3.dds.technion.ac.il","finished","709","2026-07-25T07:03:13.000Z","2026-07-25 10:14:41"
"real_REG_TEXT_SOCIAL_ANIME_PLANET_RATING_2","0.6670162024006041","2","RealMLP 🕸","REG_TEXT_SOCIAL_ANIME_PLANET_RATING","no_text","nlp-srv3.dds.technion.ac.il","finished","48","2026-07-25T07:02:51.000Z","2026-07-25 10:03:18"
"real_REG_TEXT_SOCIAL_ANIME_PLANET_RATING_2","0.5499558576712084","2","RealMLP 🕸","REG_TEXT_SOCIAL_ANIME_PLANET_RATING","text_only","n306","finished","411","2026-07-25T07:02:35.000Z","2026-07-25 10:09:24"
"dpt_REG_TEXT_SCIMAGOJR_IMPACT_2","0.775111734867096","2","TabDPT 6️⃣","REG_TEXT_SCIMAGOJR_IMPACT","no_text","n306","finished","471","2026-07-25T06:45:00.000Z","2026-07-25 09:52:50"
"dpt_REG_TEXT_SCIMAGOJR_IMPACT_2","0.6780127286911011","2","TabDPT 6️⃣","REG_TEXT_SCIMAGOJR_IMPACT","text_only","n306","finished","1016","2026-07-25T06:44:51.000Z","2026-07-25 10:01:45"
"xgb_REG_TEXT_SCIMAGOJR_IMPACT_2","0.7474836111068726","2","XGBoost 🌲","REG_TEXT_SCIMAGOJR_IMPACT","no_text","n306","finished","15","2026-07-25T06:44:39.000Z","2026-07-25 09:44:51"
"xgb_REG_TEXT_SCIMAGOJR_IMPACT_2","0.6677019000053406","2","XGBoost 🌲","REG_TEXT_SCIMAGOJR_IMPACT","text_only","n306","finished","462","2026-07-25T06:44:16.000Z","2026-07-25 09:51:57"
"rf_REG_TEXT_SCIMAGOJR_IMPACT_2","0.750678920308751","2","RandomForest 🌳","REG_TEXT_SCIMAGOJR_IMPACT","no_text","n306","finished","19","2026-07-25T06:44:12.000Z","2026-07-25 09:44:30"
"rf_REG_TEXT_SCIMAGOJR_IMPACT_2","0.6610210915268251","2","RandomForest 🌳","REG_TEXT_SCIMAGOJR_IMPACT","text_only","nlp-srv3.dds.technion.ac.il","finished","1075","2026-07-25T06:43:58.000Z","2026-07-25 10:01:31"
"iclv2_REG_TEXT_SCIMAGOJR_IMPACT_2","0.7945142984390259","2","TabICLv2 🗼","REG_TEXT_SCIMAGOJR_IMPACT","no_text","nlp-srv3.dds.technion.ac.il","finished","14","2026-07-25T06:43:42.000Z","2026-07-25 09:43:35"
"iclv2_REG_TEXT_SCIMAGOJR_IMPACT_2","0.750220775604248","2","TabICLv2 🗼","REG_TEXT_SCIMAGOJR_IMPACT","text_only","nlp-srv3.dds.technion.ac.il","finished","927","2026-07-25T06:43:23.000Z","2026-07-25 09:58:28"
"real_REG_TEXT_SCIMAGOJR_IMPACT_2","0.7500303983688354","2","RealMLP 🕸","REG_TEXT_SCIMAGOJR_IMPACT","text_only","nlp-srv3.dds.technion.ac.il","finished","950","2026-07-25T06:43:08.000Z","2026-07-25 09:58:37"
"real_REG_TEXT_SCIMAGOJR_IMPACT_2","0.7425752878189087","2","RealMLP 🕸","REG_TEXT_SCIMAGOJR_IMPACT","no_text","n306","finished","65","2026-07-25T06:43:08.000Z","2026-07-25 09:44:12"
"dpt_REG_TEXT_ROTTEN_TOMATOES_2","0.18318130036855915","2","TabDPT 6️⃣","REG_TEXT_ROTTEN_TOMATOES","no_text","n305","finished","232","2026-07-25T06:29:00.000Z","2026-07-25 09:32:08"
"dpt_REG_TEXT_ROTTEN_TOMATOES_2","0.4224834499679837","2","TabDPT 6️⃣","REG_TEXT_ROTTEN_TOMATOES","text_only","nlp20.iem.technion.ac.il","finished","765","2026-07-25T06:28:43.000Z","2026-07-25 09:41:26"
"xgb_REG_TEXT_ROTTEN_TOMATOES_2","0.18383414514290797","2","XGBoost 🌲","REG_TEXT_ROTTEN_TOMATOES","no_text","nlp20.iem.technion.ac.il","finished","14","2026-07-25T06:28:27.000Z","2026-07-25 09:28:39"
"xgb_REG_TEXT_ROTTEN_TOMATOES_2","0.4021203505090092","2","XGBoost 🌲","REG_TEXT_ROTTEN_TOMATOES","text_only","n306","finished","416","2026-07-25T06:28:10.000Z","2026-07-25 09:35:05"
"rf_REG_TEXT_ROTTEN_TOMATOES_2","0.015664129108526992","2","RandomForest 🌳","REG_TEXT_ROTTEN_TOMATOES","no_text","n306","finished","13","2026-07-25T06:27:54.000Z","2026-07-25 09:28:05"
"rf_REG_TEXT_ROTTEN_TOMATOES_2","0.4323477992926949","2","RandomForest 🌳","REG_TEXT_ROTTEN_TOMATOES","text_only","nlp-srv3.dds.technion.ac.il","finished","971","2026-07-25T06:26:40.000Z","2026-07-25 09:41:48"
"iclv2_REG_TEXT_ROTTEN_TOMATOES_2","0.18347776928658877","2","TabICLv2 🗼","REG_TEXT_ROTTEN_TOMATOES","no_text","nlp-srv3.dds.technion.ac.il","finished","12","2026-07-25T06:26:24.000Z","2026-07-25 09:26:15"
"iclv2_REG_TEXT_ROTTEN_TOMATOES_2","0.4729880370536893","2","TabICLv2 🗼","REG_TEXT_ROTTEN_TOMATOES","text_only","nlp-srv3.dds.technion.ac.il","finished","829","2026-07-25T06:25:57.000Z","2026-07-25 09:39:24"
"real_REG_TEXT_ROTTEN_TOMATOES_2","0.18564379427086583","2","RealMLP 🕸","REG_TEXT_ROTTEN_TOMATOES","no_text","nlp-srv3.dds.technion.ac.il","finished","35","2026-07-25T06:25:47.000Z","2026-07-25 09:26:01"
"real_REG_TEXT_ROTTEN_TOMATOES_2","0.4853753457870485","2","RealMLP 🕸","REG_TEXT_ROTTEN_TOMATOES","text_only","n305","finished","443","2026-07-25T06:25:47.000Z","2026-07-25 09:33:08"
"dpt_REG_TEXT_PROFESSIONAL_ML_DS_AI_JOBS_SALARIES_2","0.17957890033721924","2","TabDPT 6️⃣","REG_TEXT_PROFESSIONAL_ML_DS_AI_JOBS_SALARIES","no_text","nlp-srv3.dds.technion.ac.il","finished","565","2026-07-25T06:19:38.000Z","2026-07-25 09:28:42"
"dpt_REG_TEXT_PROFESSIONAL_ML_DS_AI_JOBS_SALARIES_2","0.08928906917572021","2","TabDPT 6️⃣","REG_TEXT_PROFESSIONAL_ML_DS_AI_JOBS_SALARIES","text_only","nlp-srv3.dds.technion.ac.il","finished","377","2026-07-25T06:19:36.000Z","2026-07-25 09:25:32"
"xgb_REG_TEXT_PROFESSIONAL_ML_DS_AI_JOBS_SALARIES_2","0.6128061413764954","2","XGBoost 🌲","REG_TEXT_PROFESSIONAL_ML_DS_AI_JOBS_SALARIES","no_text","n305","finished","15","2026-07-25T06:19:27.000Z","2026-07-25 09:19:39"
"xgb_REG_TEXT_PROFESSIONAL_ML_DS_AI_JOBS_SALARIES_2","-0.7197161912918091","2","XGBoost 🌲","REG_TEXT_PROFESSIONAL_ML_DS_AI_JOBS_SALARIES","text_only","nlp-srv3.dds.technion.ac.il","finished","113","2026-07-25T06:19:26.000Z","2026-07-25 09:20:57"
"rf_REG_TEXT_PROFESSIONAL_ML_DS_AI_JOBS_SALARIES_2","0.5988500480350593","2","RandomForest 🌳","REG_TEXT_PROFESSIONAL_ML_DS_AI_JOBS_SALARIES","no_text","nlp-srv3.dds.technion.ac.il","finished","12","2026-07-25T06:19:22.000Z","2026-07-25 09:19:13"
"iclv2_REG_TEXT_PROFESSIONAL_ML_DS_AI_JOBS_SALARIES_2","0.3524949550628662","2","TabICLv2 🗼","REG_TEXT_PROFESSIONAL_ML_DS_AI_JOBS_SALARIES","no_text","nlp-srv3.dds.technion.ac.il","finished","13","2026-07-25T06:19:06.000Z","2026-07-25 09:18:58"
"iclv2_REG_TEXT_PROFESSIONAL_ML_DS_AI_JOBS_SALARIES_2","0.08197730779647827","2","TabICLv2 🗼","REG_TEXT_PROFESSIONAL_ML_DS_AI_JOBS_SALARIES","text_only","nlp-srv3.dds.technion.ac.il","finished","148","2026-07-25T06:18:56.000Z","2026-07-25 09:21:02"
"real_REG_TEXT_PROFESSIONAL_ML_DS_AI_JOBS_SALARIES_2","0.2448830008506775","2","RealMLP 🕸","REG_TEXT_PROFESSIONAL_ML_DS_AI_JOBS_SALARIES","no_text","nlp-srv3.dds.technion.ac.il","finished","47","2026-07-25T06:18:44.000Z","2026-07-25 09:19:09"
"real_REG_TEXT_PROFESSIONAL_ML_DS_AI_JOBS_SALARIES_2","-0.3114722967147827","2","RealMLP 🕸","REG_TEXT_PROFESSIONAL_ML_DS_AI_JOBS_SALARIES","text_only","n305","finished","115","2026-07-25T06:17:52.000Z","2026-07-25 09:19:46"
"dpt_REG_TEXT_PROFESSIONAL_COMPANY_EMPLOYEES_SIZE_2","-0.00022864341735839844","2","TabDPT 6️⃣","REG_TEXT_PROFESSIONAL_COMPANY_EMPLOYEES_SIZE","no_text","n306","finished","528","2026-07-25T06:07:11.000Z","2026-07-25 09:15:57"
"xgb_REG_TEXT_PROFESSIONAL_COMPANY_EMPLOYEES_SIZE_2","-0.026913046836853027","2","XGBoost 🌲","REG_TEXT_PROFESSIONAL_COMPANY_EMPLOYEES_SIZE","no_text","nlp-srv3.dds.technion.ac.il","finished","52","2026-07-25T06:06:22.000Z","2026-07-25 09:06:52"
"xgb_REG_TEXT_PROFESSIONAL_COMPANY_EMPLOYEES_SIZE_2","-0.04262053966522217","2","XGBoost 🌲","REG_TEXT_PROFESSIONAL_COMPANY_EMPLOYEES_SIZE","text_only","n306","finished","375","2026-07-25T06:06:09.000Z","2026-07-25 09:12:23"
"rf_REG_TEXT_PROFESSIONAL_COMPANY_EMPLOYEES_SIZE_2","-0.7234824827467656","2","RandomForest 🌳","REG_TEXT_PROFESSIONAL_COMPANY_EMPLOYEES_SIZE","no_text","n306","finished","69","2026-07-25T06:05:58.000Z","2026-07-25 09:07:06"
"rf_REG_TEXT_PROFESSIONAL_COMPANY_EMPLOYEES_SIZE_2","-0.10424901133486264","2","RandomForest 🌳","REG_TEXT_PROFESSIONAL_COMPANY_EMPLOYEES_SIZE","text_only","n306","finished","929","2026-07-25T06:04:45.000Z","2026-07-25 09:20:11"
"iclv2_REG_TEXT_PROFESSIONAL_COMPANY_EMPLOYEES_SIZE_2","-0.02993142604827881","2","TabICLv2 🗼","REG_TEXT_PROFESSIONAL_COMPANY_EMPLOYEES_SIZE","no_text","n306","finished","72","2026-07-25T06:04:39.000Z","2026-07-25 09:05:50"
"real_REG_TEXT_PROFESSIONAL_COMPANY_EMPLOYEES_SIZE_2","-0.015418171882629396","2","RealMLP 🕸","REG_TEXT_PROFESSIONAL_COMPANY_EMPLOYEES_SIZE","no_text","n306","finished","118","2026-07-25T06:04:08.000Z","2026-07-25 09:06:04"
"iclv2_REG_TEXT_PROFESSIONAL_COMPANY_EMPLOYEES_SIZE_2","-0.0015550851821899414","2","TabICLv2 🗼","REG_TEXT_PROFESSIONAL_COMPANY_EMPLOYEES_SIZE","text_only","n305","finished","538","2026-07-25T06:04:08.000Z","2026-07-25 09:13:04"
"real_REG_TEXT_PROFESSIONAL_COMPANY_EMPLOYEES_SIZE_2","-0.015291690826416016","2","RealMLP 🕸","REG_TEXT_PROFESSIONAL_COMPANY_EMPLOYEES_SIZE","text_only","nlp-srv3.dds.technion.ac.il","finished","620","2026-07-25T06:03:46.000Z","2026-07-25 09:13:44"
"dpt_REG_TEXT_CONSUMER_BIKE_PRICE_BIKEWALE_2","0.21680808067321777","2","TabDPT 6️⃣","REG_TEXT_CONSUMER_BIKE_PRICE_BIKEWALE","text_only","nlp-srv3.dds.technion.ac.il","finished","311","2026-07-25T05:54:11.000Z","2026-07-25 08:59:01"
"real_REG_TEXT_CONSUMER_BIKE_PRICE_BIKEWALE_2","0.4816274046897888","2","RealMLP 🕸","REG_TEXT_CONSUMER_BIKE_PRICE_BIKEWALE","text_only","n306","finished","136","2026-07-25T05:54:08.000Z","2026-07-25 08:56:23"
"rf_REG_TEXT_CONSUMER_BIKE_PRICE_BIKEWALE_2","0.5477743515834009","2","RandomForest 🌳","REG_TEXT_CONSUMER_BIKE_PRICE_BIKEWALE","text_only","n306","finished","110","2026-07-25T05:54:08.000Z","2026-07-25 08:55:57"
"real_REG_TEXT_CONSUMER_BIKE_PRICE_BIKEWALE_2","0.12432503700256348","2","RealMLP 🕸","REG_TEXT_CONSUMER_BIKE_PRICE_BIKEWALE","no_text","n306","finished","58","2026-07-25T05:54:08.000Z","2026-07-25 08:55:05"
"dpt_MUL_TEXT_WINE_REVIEW_2","0.7873907084025239","2","TabDPT 6️⃣","MUL_TEXT_WINE_REVIEW","no_text","n305","finished","218","2026-07-25T05:54:01.000Z","2026-07-25 08:57:38"
"dpt_REG_TEXT_MONTGOMERY_SALARIES_2","0.9716962432793824","2","TabDPT 6️⃣","REG_TEXT_MONTGOMERY_SALARIES","no_text","nlp-srv3.dds.technion.ac.il","finished","273","2026-07-25T05:46:46.000Z","2026-07-25 08:50:57"
"dpt_REG_TEXT_MONTGOMERY_SALARIES_2","0.844834900747514","2","TabDPT 6️⃣","REG_TEXT_MONTGOMERY_SALARIES","text_only","nlp-srv3.dds.technion.ac.il","finished","499","2026-07-25T05:45:45.000Z","2026-07-25 08:53:43"
"xgb_REG_TEXT_MONTGOMERY_SALARIES_2","0.9656068217525372","2","XGBoost 🌲","REG_TEXT_MONTGOMERY_SALARIES","no_text","nlp-srv3.dds.technion.ac.il","finished","10","2026-07-25T05:45:29.000Z","2026-07-25 08:45:18"
"xgb_REG_TEXT_MONTGOMERY_SALARIES_2","0.8425651651936514","2","XGBoost 🌲","REG_TEXT_MONTGOMERY_SALARIES","text_only","nlp-srv3.dds.technion.ac.il","finished","296","2026-07-25T05:45:22.000Z","2026-07-25 08:49:57"
"rf_REG_TEXT_MONTGOMERY_SALARIES_2","0.9653087072099736","2","RandomForest 🌳","REG_TEXT_MONTGOMERY_SALARIES","no_text","nlp-srv3.dds.technion.ac.il","finished","12","2026-07-25T05:45:13.000Z","2026-07-25 08:45:04"
"rf_REG_TEXT_MONTGOMERY_SALARIES_2","0.8304345266833639","2","RandomForest 🌳","REG_TEXT_MONTGOMERY_SALARIES","text_only","nlp20.iem.technion.ac.il","finished","266","2026-07-25T05:45:09.000Z","2026-07-25 08:49:34"
"iclv2_REG_TEXT_MONTGOMERY_SALARIES_2","0.9743237624511224","2","TabICLv2 🗼","REG_TEXT_MONTGOMERY_SALARIES","no_text","nlp-srv3.dds.technion.ac.il","finished","13","2026-07-25T05:44:57.000Z","2026-07-25 08:44:48"
"iclv2_REG_TEXT_MONTGOMERY_SALARIES_2","0.9134977446454652","2","TabICLv2 🗼","REG_TEXT_MONTGOMERY_SALARIES","text_only","nlp-srv3.dds.technion.ac.il","finished","327","2026-07-25T05:44:16.000Z","2026-07-25 08:49:21"
"real_REG_TEXT_MONTGOMERY_SALARIES_2","0.9662374741856202","2","RealMLP 🕸","REG_TEXT_MONTGOMERY_SALARIES","no_text","nlp-srv3.dds.technion.ac.il","finished","43","2026-07-25T05:44:10.000Z","2026-07-25 08:44:31"
"real_REG_TEXT_MONTGOMERY_SALARIES_2","0.866460047919182","2","RealMLP 🕸","REG_TEXT_MONTGOMERY_SALARIES","text_only","nlp-srv3.dds.technion.ac.il","finished","330","2026-07-25T05:43:56.000Z","2026-07-25 08:49:04"
"dpt_REG_TEXT_MERCARI_MARKETPLACE_2","0.10567970928701198","2","TabDPT 6️⃣","REG_TEXT_MERCARI_MARKETPLACE","no_text","nlp-srv3.dds.technion.ac.il","finished","577","2026-07-25T05:25:56.000Z","2026-07-25 08:35:11"
"dpt_REG_TEXT_MERCARI_MARKETPLACE_2","0.4439597978128511","2","TabDPT 6️⃣","REG_TEXT_MERCARI_MARKETPLACE","text_only","nlp-srv3.dds.technion.ac.il","finished","1164","2026-07-25T05:23:17.000Z","2026-07-25 08:42:19"
"xgb_REG_TEXT_MERCARI_MARKETPLACE_2","0.11184435709292329","2","XGBoost 🌲","REG_TEXT_MERCARI_MARKETPLACE","no_text","nlp-srv3.dds.technion.ac.il","finished","11","2026-07-25T05:23:01.000Z","2026-07-25 08:22:51"
"xgb_REG_TEXT_MERCARI_MARKETPLACE_2","0.34354451117061924","2","XGBoost 🌲","REG_TEXT_MERCARI_MARKETPLACE","text_only","nlp-srv3.dds.technion.ac.il","finished","578","2026-07-25T05:22:05.000Z","2026-07-25 08:31:21"
"rf_REG_TEXT_MERCARI_MARKETPLACE_2","0.11179989598941398","2","RandomForest 🌳","REG_TEXT_MERCARI_MARKETPLACE","no_text","nlp-srv3.dds.technion.ac.il","finished","11","2026-07-25T05:21:49.000Z","2026-07-25 08:21:39"
"rf_REG_TEXT_MERCARI_MARKETPLACE_2","0.37420436209639185","2","RandomForest 🌳","REG_TEXT_MERCARI_MARKETPLACE","text_only","nlp-srv3.dds.technion.ac.il","finished","664","2026-07-25T05:21:45.000Z","2026-07-25 08:32:27"
"iclv2_REG_TEXT_MERCARI_MARKETPLACE_2","0.10618931490303662","2","TabICLv2 🗼","REG_TEXT_MERCARI_MARKETPLACE","no_text","nlp-srv3.dds.technion.ac.il","finished","13","2026-07-25T05:21:29.000Z","2026-07-25 08:21:21"
"iclv2_REG_TEXT_MERCARI_MARKETPLACE_2","0.45156537984517786","2","TabICLv2 🗼","REG_TEXT_MERCARI_MARKETPLACE","text_only","nlp20.iem.technion.ac.il","finished","427","2026-07-25T05:20:43.000Z","2026-07-25 08:27:48"
"real_REG_TEXT_MERCARI_MARKETPLACE_2","0.10016865542194342","2","RealMLP 🕸","REG_TEXT_MERCARI_MARKETPLACE","no_text","nlp-srv3.dds.technion.ac.il","finished","49","2026-07-25T05:20:36.000Z","2026-07-25 08:21:04"
"real_REG_TEXT_MERCARI_MARKETPLACE_2","0.37661780041881066","2","RealMLP 🕸","REG_TEXT_MERCARI_MARKETPLACE","text_only","nlp-srv3.dds.technion.ac.il","finished","635","2026-07-25T05:19:52.000Z","2026-07-25 08:30:05"
"dpt_REG_TEXT_HOUSES_SAN_FRANCISCO_PERMITS_APPLICATIONS_2","0.579019973600112","2","TabDPT 6️⃣","REG_TEXT_HOUSES_SAN_FRANCISCO_PERMITS_APPLICATIONS","no_text","nlp-srv3.dds.technion.ac.il","finished","524","2026-07-25T05:03:48.000Z","2026-07-25 08:12:11"
"dpt_REG_TEXT_HOUSES_SAN_FRANCISCO_PERMITS_APPLICATIONS_2","0.29323480119793166","2","TabDPT 6️⃣","REG_TEXT_HOUSES_SAN_FRANCISCO_PERMITS_APPLICATIONS","text_only","nlp-srv3.dds.technion.ac.il","finished","936","2026-07-25T05:02:28.000Z","2026-07-25 08:17:43"
"xgb_REG_TEXT_HOUSES_SAN_FRANCISCO_PERMITS_APPLICATIONS_2","0.52514154163178","2","XGBoost 🌲","REG_TEXT_HOUSES_SAN_FRANCISCO_PERMITS_APPLICATIONS","no_text","nlp-srv3.dds.technion.ac.il","finished","15","2026-07-25T05:02:07.000Z","2026-07-25 08:02:01"
"xgb_REG_TEXT_HOUSES_SAN_FRANCISCO_PERMITS_APPLICATIONS_2","0.25825129481121833","2","XGBoost 🌲","REG_TEXT_HOUSES_SAN_FRANCISCO_PERMITS_APPLICATIONS","text_only","nlp-srv3.dds.technion.ac.il","finished","332","2026-07-25T05:02:05.000Z","2026-07-25 08:07:15"
"rf_REG_TEXT_HOUSES_SAN_FRANCISCO_PERMITS_APPLICATIONS_2","0.5195673066890333","2","RandomForest 🌳","REG_TEXT_HOUSES_SAN_FRANCISCO_PERMITS_APPLICATIONS","no_text","nlp-srv3.dds.technion.ac.il","finished","20","2026-07-25T05:01:39.000Z","2026-07-25 08:01:38"
"rf_REG_TEXT_HOUSES_SAN_FRANCISCO_PERMITS_APPLICATIONS_2","0.21674598866827224","2","RandomForest 🌳","REG_TEXT_HOUSES_SAN_FRANCISCO_PERMITS_APPLICATIONS","text_only","nlp-srv3.dds.technion.ac.il","finished","534","2026-07-25T05:01:12.000Z","2026-07-25 08:09:44"
"iclv2_REG_TEXT_HOUSES_SAN_FRANCISCO_PERMITS_APPLICATIONS_2","0.5529315862283588","2","TabICLv2 🗼","REG_TEXT_HOUSES_SAN_FRANCISCO_PERMITS_APPLICATIONS","no_text","nlp-srv3.dds.technion.ac.il","finished","18","2026-07-25T05:00:51.000Z","2026-07-25 08:00:48"
"iclv2_REG_TEXT_HOUSES_SAN_FRANCISCO_PERMITS_APPLICATIONS_2","0.3920619037352472","2","TabICLv2 🗼","REG_TEXT_HOUSES_SAN_FRANCISCO_PERMITS_APPLICATIONS","text_only","nlp-srv3.dds.technion.ac.il","finished","424","2026-07-25T05:00:34.000Z","2026-07-25 08:07:17"
"real_REG_TEXT_HOUSES_SAN_FRANCISCO_PERMITS_APPLICATIONS_2","0.4804465431782873","2","RealMLP 🕸","REG_TEXT_HOUSES_SAN_FRANCISCO_PERMITS_APPLICATIONS","no_text","nlp-srv3.dds.technion.ac.il","finished","57","2026-07-25T04:59:30.000Z","2026-07-25 08:00:06"
"real_REG_TEXT_HOUSES_SAN_FRANCISCO_PERMITS_APPLICATIONS_2","0.1882348886191985","2","RealMLP 🕸","REG_TEXT_HOUSES_SAN_FRANCISCO_PERMITS_APPLICATIONS","text_only","nlp-srv3.dds.technion.ac.il","finished","464","2026-07-25T04:58:45.000Z","2026-07-25 08:06:07"
"dpt_REG_TEXT_HOUSES_CALIFORNIA_PRICES_2020_2","0.9332119962080944","2","TabDPT 6️⃣","REG_TEXT_HOUSES_CALIFORNIA_PRICES_2020","no_text","nlp-srv3.dds.technion.ac.il","finished","542","2026-07-25T04:20:17.000Z","2026-07-25 07:28:58"
"dpt_REG_TEXT_HOUSES_CALIFORNIA_PRICES_2020_2","0.7249199662913193","2","TabDPT 6️⃣","REG_TEXT_HOUSES_CALIFORNIA_PRICES_2020","text_only","nlp-srv3.dds.technion.ac.il","finished","2358","2026-07-25T04:19:20.000Z","2026-07-25 07:58:16"
"xgb_REG_TEXT_HOUSES_CALIFORNIA_PRICES_2020_2","0.917824368019704","2","XGBoost 🌲","REG_TEXT_HOUSES_CALIFORNIA_PRICES_2020","no_text","nlp-srv3.dds.technion.ac.il","finished","11","2026-07-25T04:19:04.000Z","2026-07-25 07:18:54"
"xgb_REG_TEXT_HOUSES_CALIFORNIA_PRICES_2020_2","0.726201519293922","2","XGBoost 🌲","REG_TEXT_HOUSES_CALIFORNIA_PRICES_2020","text_only","nlp20.iem.technion.ac.il","finished","1108","2026-07-25T04:17:31.000Z","2026-07-25 07:35:57"
"rf_REG_TEXT_HOUSES_CALIFORNIA_PRICES_2020_2","0.9201529696414554","2","RandomForest 🌳","REG_TEXT_HOUSES_CALIFORNIA_PRICES_2020","no_text","nlp20.iem.technion.ac.il","finished","23","2026-07-25T04:17:04.000Z","2026-07-25 07:17:25"
"rf_REG_TEXT_HOUSES_CALIFORNIA_PRICES_2020_2","0.6832161167286132","2","RandomForest 🌳","REG_TEXT_HOUSES_CALIFORNIA_PRICES_2020","text_only","nlp-srv3.dds.technion.ac.il","finished","1775","2026-07-25T04:06:15.000Z","2026-07-25 07:35:28"
"iclv2_REG_TEXT_HOUSES_CALIFORNIA_PRICES_2020_2","0.9348310653594064","2","TabICLv2 🗼","REG_TEXT_HOUSES_CALIFORNIA_PRICES_2020","no_text","nlp-srv3.dds.technion.ac.il","finished","15","2026-07-25T04:05:53.000Z","2026-07-25 07:05:47"
"iclv2_REG_TEXT_HOUSES_CALIFORNIA_PRICES_2020_2","0.7817009087066761","2","TabICLv2 🗼","REG_TEXT_HOUSES_CALIFORNIA_PRICES_2020","text_only","nlp-srv3.dds.technion.ac.il","finished","1791","2026-07-25T04:02:47.000Z","2026-07-25 07:32:17"
"real_REG_TEXT_HOUSES_CALIFORNIA_PRICES_2020_2","0.9291750164065328","2","RealMLP 🕸","REG_TEXT_HOUSES_CALIFORNIA_PRICES_2020","no_text","nlp-srv3.dds.technion.ac.il","finished","46","2026-07-25T04:01:55.000Z","2026-07-25 07:02:19"
"real_REG_TEXT_HOUSES_CALIFORNIA_PRICES_2020_2","0.7814373990048289","2","RealMLP 🕸","REG_TEXT_HOUSES_CALIFORNIA_PRICES_2020","text_only","nlp20.iem.technion.ac.il","finished","1153","2026-07-25T03:57:45.000Z","2026-07-25 07:16:56"
"dpt_REG_TEXT_HOUSES_AIRBNB_SEATTLE_2","0.6443375778552929","2","TabDPT 6️⃣","REG_TEXT_HOUSES_AIRBNB_SEATTLE","no_text","nlp-srv3.dds.technion.ac.il","finished","106","2026-07-25T03:44:14.000Z","2026-07-25 06:45:39"
"dpt_REG_TEXT_HOUSES_AIRBNB_SEATTLE_2","0.5272426566775367","2","TabDPT 6️⃣","REG_TEXT_HOUSES_AIRBNB_SEATTLE","text_only","nlp-srv3.dds.technion.ac.il","finished","590","2026-07-25T03:43:57.000Z","2026-07-25 06:53:25"
"xgb_REG_TEXT_HOUSES_AIRBNB_SEATTLE_2","0.6026962114616299","2","XGBoost 🌲","REG_TEXT_HOUSES_AIRBNB_SEATTLE","no_text","nlp-srv3.dds.technion.ac.il","finished","12","2026-07-25T03:43:41.000Z","2026-07-25 06:43:32"
"xgb_REG_TEXT_HOUSES_AIRBNB_SEATTLE_2","0.34380648134642344","2","XGBoost 🌲","REG_TEXT_HOUSES_AIRBNB_SEATTLE","text_only","nlp20.iem.technion.ac.il","finished","322","2026-07-25T03:43:24.000Z","2026-07-25 06:48:45"
"rf_REG_TEXT_HOUSES_AIRBNB_SEATTLE_2","0.5866566562878741","2","RandomForest 🌳","REG_TEXT_HOUSES_AIRBNB_SEATTLE","no_text","nlp20.iem.technion.ac.il","finished","17","2026-07-25T03:43:02.000Z","2026-07-25 06:43:18"
"rf_REG_TEXT_HOUSES_AIRBNB_SEATTLE_2","0.3720075947939073","2","RandomForest 🌳","REG_TEXT_HOUSES_AIRBNB_SEATTLE","text_only","nlp-srv3.dds.technion.ac.il","finished","470","2026-07-25T03:42:54.000Z","2026-07-25 06:50:23"
"iclv2_REG_TEXT_HOUSES_AIRBNB_SEATTLE_2","0.635418459070459","2","TabICLv2 🗼","REG_TEXT_HOUSES_AIRBNB_SEATTLE","no_text","nlp-srv3.dds.technion.ac.il","finished","13","2026-07-25T03:42:39.000Z","2026-07-25 06:42:31"
"iclv2_REG_TEXT_HOUSES_AIRBNB_SEATTLE_2","0.5272632292663835","2","TabICLv2 🗼","REG_TEXT_HOUSES_AIRBNB_SEATTLE","text_only","nlp-srv3.dds.technion.ac.il","finished","428","2026-07-25T03:42:13.000Z","2026-07-25 06:49:00"
"real_REG_TEXT_HOUSES_AIRBNB_SEATTLE_2","0.5801583517301976","2","RealMLP 🕸","REG_TEXT_HOUSES_AIRBNB_SEATTLE","no_text","nlp-srv3.dds.technion.ac.il","finished","27","2026-07-25T03:42:07.000Z","2026-07-25 06:42:13"
"real_REG_TEXT_HOUSES_AIRBNB_SEATTLE_2","0.4479161495209734","2","RealMLP 🕸","REG_TEXT_HOUSES_AIRBNB_SEATTLE","text_only","nlp-srv3.dds.technion.ac.il","finished","468","2026-07-25T03:39:33.000Z","2026-07-25 06:46:59"
"dpt_REG_TEXT_FOOD_WINE_VIVINO_SPAIN_2","0.8203304837898826","2","TabDPT 6️⃣","REG_TEXT_FOOD_WINE_VIVINO_SPAIN","no_text","nlp-srv3.dds.technion.ac.il","finished","238","2026-07-25T03:32:12.000Z","2026-07-25 06:35:49"
"dpt_REG_TEXT_FOOD_WINE_VIVINO_SPAIN_2","0.7532952497508423","2","TabDPT 6️⃣","REG_TEXT_FOOD_WINE_VIVINO_SPAIN","text_only","nlp20.iem.technion.ac.il","finished","362","2026-07-25T03:31:48.000Z","2026-07-25 06:37:49"
"xgb_REG_TEXT_FOOD_WINE_VIVINO_SPAIN_2","0.8196146234884469","2","XGBoost 🌲","REG_TEXT_FOOD_WINE_VIVINO_SPAIN","no_text","nlp20.iem.technion.ac.il","finished","14","2026-07-25T03:31:32.000Z","2026-07-25 06:31:44"
"xgb_REG_TEXT_FOOD_WINE_VIVINO_SPAIN_2","0.7343203502547261","2","XGBoost 🌲","REG_TEXT_FOOD_WINE_VIVINO_SPAIN","text_only","nlp-srv3.dds.technion.ac.il","finished","138","2026-07-25T03:31:17.000Z","2026-07-25 06:33:13"
"rf_REG_TEXT_FOOD_WINE_VIVINO_SPAIN_2","0.8157466403617633","2","RandomForest 🌳","REG_TEXT_FOOD_WINE_VIVINO_SPAIN","no_text","nlp20.iem.technion.ac.il","finished","14","2026-07-25T03:31:16.000Z","2026-07-25 06:31:29"
"rf_REG_TEXT_FOOD_WINE_VIVINO_SPAIN_2","0.7500662520190363","2","RandomForest 🌳","REG_TEXT_FOOD_WINE_VIVINO_SPAIN","text_only","nlp-srv3.dds.technion.ac.il","finished","150","2026-07-25T03:31:00.000Z","2026-07-25 06:33:08"
"iclv2_REG_TEXT_FOOD_WINE_VIVINO_SPAIN_2","0.82170272984658","2","TabICLv2 🗼","REG_TEXT_FOOD_WINE_VIVINO_SPAIN","no_text","nlp20.iem.technion.ac.il","finished","14","2026-07-25T03:30:55.000Z","2026-07-25 06:31:08"
"iclv2_REG_TEXT_FOOD_WINE_VIVINO_SPAIN_2","0.7753026502158249","2","TabICLv2 🗼","REG_TEXT_FOOD_WINE_VIVINO_SPAIN","text_only","nlp-srv3.dds.technion.ac.il","finished","153","2026-07-25T03:30:33.000Z","2026-07-25 06:32:45"
"real_REG_TEXT_FOOD_WINE_VIVINO_SPAIN_2","0.8064943861786341","2","RealMLP 🕸","REG_TEXT_FOOD_WINE_VIVINO_SPAIN","no_text","nlp-srv3.dds.technion.ac.il","finished","42","2026-07-25T03:30:29.000Z","2026-07-25 06:30:50"
"real_REG_TEXT_FOOD_WINE_VIVINO_SPAIN_2","0.7133095193253727","2","RealMLP 🕸","REG_TEXT_FOOD_WINE_VIVINO_SPAIN","text_only","nlp-srv3.dds.technion.ac.il","finished","174","2026-07-25T03:30:10.000Z","2026-07-25 06:32:42"
"dpt_REG_TEXT_FOOD_WINE_POLISH_MARKET_PRICES_2","0.32978038400543985","2","TabDPT 6️⃣","REG_TEXT_FOOD_WINE_POLISH_MARKET_PRICES","no_text","nlp20.iem.technion.ac.il","finished","18","2026-07-25T03:27:04.000Z","2026-07-25 06:27:20"
"dpt_REG_TEXT_FOOD_WINE_POLISH_MARKET_PRICES_2","0.2100428768764776","2","TabDPT 6️⃣","REG_TEXT_FOOD_WINE_POLISH_MARKET_PRICES","text_only","nlp-srv3.dds.technion.ac.il","finished","61","2026-07-25T03:27:03.000Z","2026-07-25 06:27:43"
"xgb_REG_TEXT_FOOD_WINE_POLISH_MARKET_PRICES_2","0.05098483528658582","2","XGBoost 🌲","REG_TEXT_FOOD_WINE_POLISH_MARKET_PRICES","no_text","nlp-srv3.dds.technion.ac.il","finished","11","2026-07-25T03:26:58.000Z","2026-07-25 06:26:48"
"xgb_REG_TEXT_FOOD_WINE_POLISH_MARKET_PRICES_2","-1.0767334038225354","2","XGBoost 🌲","REG_TEXT_FOOD_WINE_POLISH_MARKET_PRICES","text_only","nlp-srv3.dds.technion.ac.il","finished","55","2026-07-25T03:26:44.000Z","2026-07-25 06:27:18"
"rf_REG_TEXT_FOOD_WINE_POLISH_MARKET_PRICES_2","0.4306810497426321","2","RandomForest 🌳","REG_TEXT_FOOD_WINE_POLISH_MARKET_PRICES","no_text","nlp-srv3.dds.technion.ac.il","finished","12","2026-07-25T03:26:42.000Z","2026-07-25 06:26:32"
"rf_REG_TEXT_FOOD_WINE_POLISH_MARKET_PRICES_2","-0.05692364870822786","2","RandomForest 🌳","REG_TEXT_FOOD_WINE_POLISH_MARKET_PRICES","text_only","nlp-srv3.dds.technion.ac.il","finished","100","2026-07-25T03:26:31.000Z","2026-07-25 06:27:50"
"iclv2_REG_TEXT_FOOD_WINE_POLISH_MARKET_PRICES_2","0.6841257589949835","2","TabICLv2 🗼","REG_TEXT_FOOD_WINE_POLISH_MARKET_PRICES","no_text","nlp-srv3.dds.technion.ac.il","finished","13","2026-07-25T03:26:28.000Z","2026-07-25 06:26:19"
"iclv2_REG_TEXT_FOOD_WINE_POLISH_MARKET_PRICES_2","0.21493009482463044","2","TabICLv2 🗼","REG_TEXT_FOOD_WINE_POLISH_MARKET_PRICES","text_only","nlp-srv3.dds.technion.ac.il","finished","90","2026-07-25T03:26:17.000Z","2026-07-25 06:27:26"
"real_REG_TEXT_FOOD_WINE_POLISH_MARKET_PRICES_2","0.4143992649619407","2","RealMLP 🕸","REG_TEXT_FOOD_WINE_POLISH_MARKET_PRICES","no_text","nlp-srv3.dds.technion.ac.il","finished","21","2026-07-25T03:26:16.000Z","2026-07-25 06:26:16"
"real_REG_TEXT_FOOD_WINE_POLISH_MARKET_PRICES_2","0.18045274601984465","2","RealMLP 🕸","REG_TEXT_FOOD_WINE_POLISH_MARKET_PRICES","text_only","nlp-srv3.dds.technion.ac.il","finished","66","2026-07-25T03:26:14.000Z","2026-07-25 06:26:59"
"dpt_REG_TEXT_FOOD_RAMEN_RATINGS_2022_2","0.06402330864815997","2","TabDPT 6️⃣","REG_TEXT_FOOD_RAMEN_RATINGS_2022","no_text","nlp-srv3.dds.technion.ac.il","finished","128","2026-07-25T03:22:21.000Z","2026-07-25 06:24:07"
"dpt_REG_TEXT_FOOD_RAMEN_RATINGS_2022_2","0.159517016610337","2","TabDPT 6️⃣","REG_TEXT_FOOD_RAMEN_RATINGS_2022","text_only","nlp-srv3.dds.technion.ac.il","finished","170","2026-07-25T03:22:20.000Z","2026-07-25 06:24:49"
"xgb_REG_TEXT_FOOD_RAMEN_RATINGS_2022_2","0.06953521838208987","2","XGBoost 🌲","REG_TEXT_FOOD_RAMEN_RATINGS_2022","no_text","nlp-srv3.dds.technion.ac.il","finished","12","2026-07-25T03:22:05.000Z","2026-07-25 06:21:55"
"rf_REG_TEXT_FOOD_RAMEN_RATINGS_2022_2","0.06987775398124974","2","RandomForest 🌳","REG_TEXT_FOOD_RAMEN_RATINGS_2022","no_text","nlp-srv3.dds.technion.ac.il","finished","11","2026-07-25T03:22:04.000Z","2026-07-25 06:21:53"
"xgb_REG_TEXT_FOOD_RAMEN_RATINGS_2022_2","0.03916374879721163","2","XGBoost 🌲","REG_TEXT_FOOD_RAMEN_RATINGS_2022","text_only","nlp-srv3.dds.technion.ac.il","finished","69","2026-07-25T03:22:04.000Z","2026-07-25 06:22:51"
"rf_REG_TEXT_FOOD_RAMEN_RATINGS_2022_2","0.1271527914590953","2","RandomForest 🌳","REG_TEXT_FOOD_RAMEN_RATINGS_2022","text_only","nlp-srv3.dds.technion.ac.il","finished","79","2026-07-25T03:21:56.000Z","2026-07-25 06:22:54"
"iclv2_REG_TEXT_FOOD_RAMEN_RATINGS_2022_2","0.13294124882465097","2","TabICLv2 🗼","REG_TEXT_FOOD_RAMEN_RATINGS_2022","text_only","nlp-srv3.dds.technion.ac.il","finished","71","2026-07-25T03:21:48.000Z","2026-07-25 06:22:38"
"iclv2_REG_TEXT_FOOD_RAMEN_RATINGS_2022_2","0.06425807547281792","2","TabICLv2 🗼","REG_TEXT_FOOD_RAMEN_RATINGS_2022","no_text","nlp-srv3.dds.technion.ac.il","finished","13","2026-07-25T03:21:48.000Z","2026-07-25 06:21:39"
"real_REG_TEXT_FOOD_RAMEN_RATINGS_2022_2","0.06196413693253833","2","RealMLP 🕸","REG_TEXT_FOOD_RAMEN_RATINGS_2022","no_text","nlp-srv3.dds.technion.ac.il","finished","24","2026-07-25T03:21:38.000Z","2026-07-25 06:21:41"
"real_REG_TEXT_FOOD_RAMEN_RATINGS_2022_2","0.001571760770737174","2","RealMLP 🕸","REG_TEXT_FOOD_RAMEN_RATINGS_2022","text_only","nlp-srv3.dds.technion.ac.il","finished","99","2026-07-25T03:21:33.000Z","2026-07-25 06:22:51"
"dpt_REG_TEXT_FOOD_COFFEE_REVIEW_2","0.957169234752655","2","TabDPT 6️⃣","REG_TEXT_FOOD_COFFEE_REVIEW","no_text","nlp-srv3.dds.technion.ac.il","finished","87","2026-07-25T03:16:12.000Z","2026-07-25 06:17:18"
"dpt_REG_TEXT_FOOD_COFFEE_REVIEW_2","0.573386013507843","2","TabDPT 6️⃣","REG_TEXT_FOOD_COFFEE_REVIEW","text_only","nlp-srv3.dds.technion.ac.il","finished","260","2026-07-25T03:16:00.000Z","2026-07-25 06:19:58"
"xgb_REG_TEXT_FOOD_COFFEE_REVIEW_2","0.9961548447608948","2","XGBoost 🌲","REG_TEXT_FOOD_COFFEE_REVIEW","no_text","nlp-srv3.dds.technion.ac.il","finished","11","2026-07-25T03:15:56.000Z","2026-07-25 06:15:46"
"xgb_REG_TEXT_FOOD_COFFEE_REVIEW_2","0.47547996044158936","2","XGBoost 🌲","REG_TEXT_FOOD_COFFEE_REVIEW","text_only","nlp20.iem.technion.ac.il","finished","156","2026-07-25T03:15:46.000Z","2026-07-25 06:18:20"
"rf_REG_TEXT_FOOD_COFFEE_REVIEW_2","0.9942334585355964","2","RandomForest 🌳","REG_TEXT_FOOD_COFFEE_REVIEW","no_text","nlp-srv3.dds.technion.ac.il","finished","11","2026-07-25T03:15:44.000Z","2026-07-25 06:15:34"
"rf_REG_TEXT_FOOD_COFFEE_REVIEW_2","0.4330046927030855","2","RandomForest 🌳","REG_TEXT_FOOD_COFFEE_REVIEW","text_only","nlp-srv3.dds.technion.ac.il","finished","180","2026-07-25T03:15:35.000Z","2026-07-25 06:18:14"
"iclv2_REG_TEXT_FOOD_COFFEE_REVIEW_2","0.995259404182434","2","TabICLv2 🗼","REG_TEXT_FOOD_COFFEE_REVIEW","no_text","nlp20.iem.technion.ac.il","finished","14","2026-07-25T03:15:30.000Z","2026-07-25 06:15:43"
"iclv2_REG_TEXT_FOOD_COFFEE_REVIEW_2","0.6490415334701538","2","TabICLv2 🗼","REG_TEXT_FOOD_COFFEE_REVIEW","text_only","nlp-srv3.dds.technion.ac.il","finished","195","2026-07-25T03:15:12.000Z","2026-07-25 06:18:05"
"real_REG_TEXT_FOOD_COFFEE_REVIEW_2","0.9983356595039368","2","RealMLP 🕸","REG_TEXT_FOOD_COFFEE_REVIEW","no_text","nlp-srv3.dds.technion.ac.il","finished","21","2026-07-25T03:15:09.000Z","2026-07-25 06:15:09"
"real_REG_TEXT_FOOD_COFFEE_REVIEW_2","0.6360805034637451","2","RealMLP 🕸","REG_TEXT_FOOD_COFFEE_REVIEW","text_only","nlp-srv3.dds.technion.ac.il","finished","228","2026-07-25T03:13:38.000Z","2026-07-25 06:17:05"
"dpt_REG_TEXT_FOOD_CHOCOLATE_BAR_RATINGS_2","0.13016294662134087","2","TabDPT 6️⃣","REG_TEXT_FOOD_CHOCOLATE_BAR_RATINGS","no_text","nlp-srv3.dds.technion.ac.il","finished","17","2026-07-25T03:11:36.000Z","2026-07-25 06:11:31"
"dpt_REG_TEXT_FOOD_CHOCOLATE_BAR_RATINGS_2","0.17124824004799089","2","TabDPT 6️⃣","REG_TEXT_FOOD_CHOCOLATE_BAR_RATINGS","text_only","nlp-srv3.dds.technion.ac.il","finished","33","2026-07-25T03:11:32.000Z","2026-07-25 06:11:43"
"xgb_REG_TEXT_FOOD_CHOCOLATE_BAR_RATINGS_2","0.0825729398709496","2","XGBoost 🌲","REG_TEXT_FOOD_CHOCOLATE_BAR_RATINGS","text_only","nlp-srv3.dds.technion.ac.il","finished","25","2026-07-25T03:11:31.000Z","2026-07-25 06:11:35"
"xgb_REG_TEXT_FOOD_CHOCOLATE_BAR_RATINGS_2","0.1218582325487706","2","XGBoost 🌲","REG_TEXT_FOOD_CHOCOLATE_BAR_RATINGS","no_text","nlp-srv3.dds.technion.ac.il","finished","12","2026-07-25T03:11:31.000Z","2026-07-25 06:11:21"
"rf_REG_TEXT_FOOD_CHOCOLATE_BAR_RATINGS_2","-0.016456908427722405","2","RandomForest 🌳","REG_TEXT_FOOD_CHOCOLATE_BAR_RATINGS","no_text","nlp-srv3.dds.technion.ac.il","finished","13","2026-07-25T03:11:23.000Z","2026-07-25 06:11:14"
"rf_REG_TEXT_FOOD_CHOCOLATE_BAR_RATINGS_2","0.11994830853779048","2","RandomForest 🌳","REG_TEXT_FOOD_CHOCOLATE_BAR_RATINGS","text_only","nlp-srv3.dds.technion.ac.il","finished","37","2026-07-25T03:11:21.000Z","2026-07-25 06:11:37"
"iclv2_REG_TEXT_FOOD_CHOCOLATE_BAR_RATINGS_2","0.12418342783362513","2","TabICLv2 🗼","REG_TEXT_FOOD_CHOCOLATE_BAR_RATINGS","no_text","nlp-srv3.dds.technion.ac.il","finished","13","2026-07-25T03:11:19.000Z","2026-07-25 06:11:10"
"iclv2_REG_TEXT_FOOD_CHOCOLATE_BAR_RATINGS_2","0.21486471612206837","2","TabICLv2 🗼","REG_TEXT_FOOD_CHOCOLATE_BAR_RATINGS","text_only","nlp-srv3.dds.technion.ac.il","finished","35","2026-07-25T03:11:19.000Z","2026-07-25 06:11:32"
"real_REG_TEXT_FOOD_CHOCOLATE_BAR_RATINGS_2","0.09647405206764403","2","RealMLP 🕸","REG_TEXT_FOOD_CHOCOLATE_BAR_RATINGS","no_text","nlp-srv3.dds.technion.ac.il","finished","21","2026-07-25T03:11:16.000Z","2026-07-25 06:11:15"
"real_REG_TEXT_FOOD_CHOCOLATE_BAR_RATINGS_2","-0.21865296282403013","2","RealMLP 🕸","REG_TEXT_FOOD_CHOCOLATE_BAR_RATINGS","text_only","nlp-srv3.dds.technion.ac.il","finished","34","2026-07-25T03:11:13.000Z","2026-07-25 06:11:25"
"dpt_REG_TEXT_FOOD_BEER_RATINGS_2","0.944601092814196","2","TabDPT 6️⃣","REG_TEXT_FOOD_BEER_RATINGS","no_text","nlp-srv3.dds.technion.ac.il","finished","82","2026-07-25T03:06:43.000Z","2026-07-25 06:07:43"
"dpt_REG_TEXT_FOOD_BEER_RATINGS_2","0.48114904873235254","2","TabDPT 6️⃣","REG_TEXT_FOOD_BEER_RATINGS","text_only","nlp-srv3.dds.technion.ac.il","finished","229","2026-07-25T03:06:34.000Z","2026-07-25 06:10:01"
"xgb_REG_TEXT_FOOD_BEER_RATINGS_2","0.9342366309932846","2","XGBoost 🌲","REG_TEXT_FOOD_BEER_RATINGS","no_text","nlp20.iem.technion.ac.il","finished","15","2026-07-25T03:06:29.000Z","2026-07-25 06:06:42"
"xgb_REG_TEXT_FOOD_BEER_RATINGS_2","0.4402340639110855","2","XGBoost 🌲","REG_TEXT_FOOD_BEER_RATINGS","text_only","nlp-srv3.dds.technion.ac.il","finished","115","2026-07-25T03:06:21.000Z","2026-07-25 06:07:54"
"rf_REG_TEXT_FOOD_BEER_RATINGS_2","0.9370640567465524","2","RandomForest 🌳","REG_TEXT_FOOD_BEER_RATINGS","no_text","nlp-srv3.dds.technion.ac.il","finished","13","2026-07-25T03:06:18.000Z","2026-07-25 06:06:10"
"rf_REG_TEXT_FOOD_BEER_RATINGS_2","0.4902998557925912","2","RandomForest 🌳","REG_TEXT_FOOD_BEER_RATINGS","text_only","nlp-srv3.dds.technion.ac.il","finished","152","2026-07-25T03:06:07.000Z","2026-07-25 06:08:17"
"iclv2_REG_TEXT_FOOD_BEER_RATINGS_2","0.9522173726782734","2","TabICLv2 🗼","REG_TEXT_FOOD_BEER_RATINGS","no_text","nlp-srv3.dds.technion.ac.il","finished","13","2026-07-25T03:06:06.000Z","2026-07-25 06:05:57"
"iclv2_REG_TEXT_FOOD_BEER_RATINGS_2","0.5241973314904471","2","TabICLv2 🗼","REG_TEXT_FOOD_BEER_RATINGS","text_only","nlp-srv3.dds.technion.ac.il","finished","119","2026-07-25T03:05:48.000Z","2026-07-25 06:07:26"
"real_REG_TEXT_FOOD_BEER_RATINGS_2","0.9295412286387044","2","RealMLP 🕸","REG_TEXT_FOOD_BEER_RATINGS","no_text","nlp-srv3.dds.technion.ac.il","finished","22","2026-07-25T03:05:39.000Z","2026-07-25 06:05:40"
"real_REG_TEXT_FOOD_BEER_RATINGS_2","0.2771567032233653","2","RealMLP 🕸","REG_TEXT_FOOD_BEER_RATINGS","text_only","nlp-srv3.dds.technion.ac.il","finished","117","2026-07-25T03:04:51.000Z","2026-07-25 06:06:27"
"dpt_REG_TEXT_FOOD_ALCOHOL_WIKILIQ_PRICES_2","-0.01436282586913884","2","TabDPT 6️⃣","REG_TEXT_FOOD_ALCOHOL_WIKILIQ_PRICES","no_text","nlp20.iem.technion.ac.il","finished","368","2026-07-25T02:49:45.000Z","2026-07-25 05:55:52"
"dpt_REG_TEXT_FOOD_ALCOHOL_WIKILIQ_PRICES_2","0.1295306664464625","2","TabDPT 6️⃣","REG_TEXT_FOOD_ALCOHOL_WIKILIQ_PRICES","text_only","nlp-srv3.dds.technion.ac.il","finished","851","2026-07-25T02:49:36.000Z","2026-07-25 06:03:25"
"xgb_REG_TEXT_FOOD_ALCOHOL_WIKILIQ_PRICES_2","-0.005429962657439225","2","XGBoost 🌲","REG_TEXT_FOOD_ALCOHOL_WIKILIQ_PRICES","no_text","nlp20.iem.technion.ac.il","finished","14","2026-07-25T02:49:28.000Z","2026-07-25 05:49:41"
"xgb_REG_TEXT_FOOD_ALCOHOL_WIKILIQ_PRICES_2","-0.3364152032104375","2","XGBoost 🌲","REG_TEXT_FOOD_ALCOHOL_WIKILIQ_PRICES","text_only","nlp-srv3.dds.technion.ac.il","finished","596","2026-07-25T02:49:08.000Z","2026-07-25 05:58:42"
"rf_REG_TEXT_FOOD_ALCOHOL_WIKILIQ_PRICES_2","-0.025046589979496048","2","RandomForest 🌳","REG_TEXT_FOOD_ALCOHOL_WIKILIQ_PRICES","no_text","nlp-srv3.dds.technion.ac.il","finished","12","2026-07-25T02:48:52.000Z","2026-07-25 05:48:42"
"rf_REG_TEXT_FOOD_ALCOHOL_WIKILIQ_PRICES_2","0.1323899122633797","2","RandomForest 🌳","REG_TEXT_FOOD_ALCOHOL_WIKILIQ_PRICES","text_only","nlp-srv3.dds.technion.ac.il","finished","649","2026-07-25T02:48:41.000Z","2026-07-25 05:59:09"
"iclv2_REG_TEXT_FOOD_ALCOHOL_WIKILIQ_PRICES_2","-0.02871471227674971","2","TabICLv2 🗼","REG_TEXT_FOOD_ALCOHOL_WIKILIQ_PRICES","no_text","nlp-srv3.dds.technion.ac.il","finished","12","2026-07-25T02:48:25.000Z","2026-07-25 05:48:15"
"iclv2_REG_TEXT_FOOD_ALCOHOL_WIKILIQ_PRICES_2","0.2895653932361253","2","TabICLv2 🗼","REG_TEXT_FOOD_ALCOHOL_WIKILIQ_PRICES","text_only","nlp-srv3.dds.technion.ac.il","finished","633","2026-07-25T02:48:06.000Z","2026-07-25 05:58:18"
"real_REG_TEXT_FOOD_ALCOHOL_WIKILIQ_PRICES_2","0.007667662355279603","2","RealMLP 🕸","REG_TEXT_FOOD_ALCOHOL_WIKILIQ_PRICES","no_text","nlp-srv3.dds.technion.ac.il","finished","48","2026-07-25T02:47:13.000Z","2026-07-25 05:47:39"
"real_REG_TEXT_FOOD_ALCOHOL_WIKILIQ_PRICES_2","-0.16367690097464638","2","RealMLP 🕸","REG_TEXT_FOOD_ALCOHOL_WIKILIQ_PRICES","text_only","nlp-srv3.dds.technion.ac.il","finished","528","2026-07-25T02:43:50.000Z","2026-07-25 05:52:17"
"dpt_REG_TEXT_CONSUMER_LAPTOP_INDIAN_PRICES_2","0.7830614794289292","2","TabDPT 6️⃣","REG_TEXT_CONSUMER_LAPTOP_INDIAN_PRICES","no_text","nlp-srv3.dds.technion.ac.il","finished","15","2026-07-25T02:37:03.000Z","2026-07-25 05:36:57"
"dpt_REG_TEXT_CONSUMER_LAPTOP_INDIAN_PRICES_2","0.7738067992272373","2","TabDPT 6️⃣","REG_TEXT_CONSUMER_LAPTOP_INDIAN_PRICES","text_only","nlp-srv3.dds.technion.ac.il","finished","150","2026-07-25T02:37:02.000Z","2026-07-25 05:39:11"
"xgb_REG_TEXT_CONSUMER_LAPTOP_INDIAN_PRICES_2","0.8076243823182503","2","XGBoost 🌲","REG_TEXT_CONSUMER_LAPTOP_INDIAN_PRICES","no_text","nlp-srv3.dds.technion.ac.il","finished","13","2026-07-25T02:36:54.000Z","2026-07-25 05:36:45"
"xgb_REG_TEXT_CONSUMER_LAPTOP_INDIAN_PRICES_2","0.7107529051025727","2","XGBoost 🌲","REG_TEXT_CONSUMER_LAPTOP_INDIAN_PRICES","text_only","nlp-srv3.dds.technion.ac.il","finished","206","2026-07-25T02:36:50.000Z","2026-07-25 05:39:55"
"rf_REG_TEXT_CONSUMER_LAPTOP_INDIAN_PRICES_2","0.7994930885369448","2","RandomForest 🌳","REG_TEXT_CONSUMER_LAPTOP_INDIAN_PRICES","no_text","nlp-srv3.dds.technion.ac.il","finished","12","2026-07-25T02:36:46.000Z","2026-07-25 05:36:37"
"rf_REG_TEXT_CONSUMER_LAPTOP_INDIAN_PRICES_2","0.7746225905618628","2","RandomForest 🌳","REG_TEXT_CONSUMER_LAPTOP_INDIAN_PRICES","text_only","nlp-srv3.dds.technion.ac.il","finished","172","2026-07-25T02:36:40.000Z","2026-07-25 05:39:10"
"iclv2_REG_TEXT_CONSUMER_LAPTOP_INDIAN_PRICES_2","0.8835638040813073","2","TabICLv2 🗼","REG_TEXT_CONSUMER_LAPTOP_INDIAN_PRICES","no_text","nlp-srv3.dds.technion.ac.il","finished","14","2026-07-25T02:36:30.000Z","2026-07-25 05:36:22"
"iclv2_REG_TEXT_CONSUMER_LAPTOP_INDIAN_PRICES_2","0.880502574949322","2","TabICLv2 🗼","REG_TEXT_CONSUMER_LAPTOP_INDIAN_PRICES","text_only","nlp20.iem.technion.ac.il","finished","148","2026-07-25T02:36:27.000Z","2026-07-25 05:38:53"
"real_REG_TEXT_CONSUMER_LAPTOP_INDIAN_PRICES_2","0.8405885047058234","2","RealMLP 🕸","REG_TEXT_CONSUMER_LAPTOP_INDIAN_PRICES","no_text","nlp-srv3.dds.technion.ac.il","finished","22","2026-07-25T02:36:14.000Z","2026-07-25 05:36:14"
"real_REG_TEXT_CONSUMER_LAPTOP_INDIAN_PRICES_2","0.7973011613099865","2","RealMLP 🕸","REG_TEXT_CONSUMER_LAPTOP_INDIAN_PRICES","text_only","nlp-srv3.dds.technion.ac.il","finished","182","2026-07-25T02:36:09.000Z","2026-07-25 05:38:50"
"dpt_REG_TEXT_CONSUMER_JC_PENNEY_PRODUCT_PRICE_2","-0.002904662905958588","2","TabDPT 6️⃣","REG_TEXT_CONSUMER_JC_PENNEY_PRODUCT_PRICE","no_text","nlp20.iem.technion.ac.il","finished","262","2026-07-25T02:26:10.000Z","2026-07-25 05:30:31"
"dpt_REG_TEXT_CONSUMER_JC_PENNEY_PRODUCT_PRICE_2","0.4114973884787992","2","TabDPT 6️⃣","REG_TEXT_CONSUMER_JC_PENNEY_PRODUCT_PRICE","text_only","nlp-srv3.dds.technion.ac.il","finished","468","2026-07-25T02:24:58.000Z","2026-07-25 05:32:25"
"xgb_REG_TEXT_CONSUMER_JC_PENNEY_PRODUCT_PRICE_2","-0.006708888532521939","2","XGBoost 🌲","REG_TEXT_CONSUMER_JC_PENNEY_PRODUCT_PRICE","no_text","nlp-srv3.dds.technion.ac.il","finished","11","2026-07-25T02:24:42.000Z","2026-07-25 05:24:32"
"xgb_REG_TEXT_CONSUMER_JC_PENNEY_PRODUCT_PRICE_2","0.46247989789000266","2","XGBoost 🌲","REG_TEXT_CONSUMER_JC_PENNEY_PRODUCT_PRICE","text_only","nlp-srv3.dds.technion.ac.il","finished","310","2026-07-25T02:24:31.000Z","2026-07-25 05:29:20"
"rf_REG_TEXT_CONSUMER_JC_PENNEY_PRODUCT_PRICE_2","-0.05632682416349155","2","RandomForest 🌳","REG_TEXT_CONSUMER_JC_PENNEY_PRODUCT_PRICE","no_text","nlp-srv3.dds.technion.ac.il","finished","11","2026-07-25T02:24:15.000Z","2026-07-25 05:24:04"
"rf_REG_TEXT_CONSUMER_JC_PENNEY_PRODUCT_PRICE_2","0.3951641766535016","2","RandomForest 🌳","REG_TEXT_CONSUMER_JC_PENNEY_PRODUCT_PRICE","text_only","nlp-srv3.dds.technion.ac.il","finished","349","2026-07-25T02:23:37.000Z","2026-07-25 05:29:04"
"iclv2_REG_TEXT_CONSUMER_JC_PENNEY_PRODUCT_PRICE_2","-0.007093804212119359","2","TabICLv2 🗼","REG_TEXT_CONSUMER_JC_PENNEY_PRODUCT_PRICE","no_text","nlp-srv3.dds.technion.ac.il","finished","12","2026-07-25T02:23:21.000Z","2026-07-25 05:23:12"
"iclv2_REG_TEXT_CONSUMER_JC_PENNEY_PRODUCT_PRICE_2","0.5633775351538488","2","TabICLv2 🗼","REG_TEXT_CONSUMER_JC_PENNEY_PRODUCT_PRICE","text_only","nlp20.iem.technion.ac.il","finished","210","2026-07-25T02:22:35.000Z","2026-07-25 05:26:04"
"real_REG_TEXT_CONSUMER_JC_PENNEY_PRODUCT_PRICE_2","-0.012004609067367776","2","RealMLP 🕸","REG_TEXT_CONSUMER_JC_PENNEY_PRODUCT_PRICE","no_text","nlp-srv3.dds.technion.ac.il","finished","47","2026-07-25T02:22:29.000Z","2026-07-25 05:22:54"
"real_REG_TEXT_CONSUMER_JC_PENNEY_PRODUCT_PRICE_2","0.4078320791580543","2","RealMLP 🕸","REG_TEXT_CONSUMER_JC_PENNEY_PRODUCT_PRICE","text_only","nlp-srv3.dds.technion.ac.il","finished","336","2026-07-25T02:21:50.000Z","2026-07-25 05:27:05"
"dpt_REG_TEXT_CONSUMER_CAR_PRICE_CARDEKHO_2","0.9333338518000066","2","TabDPT 6️⃣","REG_TEXT_CONSUMER_CAR_PRICE_CARDEKHO","no_text","nlp-srv3.dds.technion.ac.il","finished","514","2026-07-25T01:23:09.000Z","2026-07-25 04:31:22"
"dpt_REG_TEXT_CONSUMER_CAR_PRICE_CARDEKHO_2","0.7494694234808003","2","TabDPT 6️⃣","REG_TEXT_CONSUMER_CAR_PRICE_CARDEKHO","text_only","nlp-srv3.dds.technion.ac.il","finished","4114","2026-07-25T01:22:54.000Z","2026-07-25 05:31:07"
"xgb_REG_TEXT_CONSUMER_CAR_PRICE_CARDEKHO_2","0.88758320874817","2","XGBoost 🌲","REG_TEXT_CONSUMER_CAR_PRICE_CARDEKHO","no_text","nlp-srv3.dds.technion.ac.il","finished","15","2026-07-25T01:22:48.000Z","2026-07-25 04:22:41"
"xgb_REG_TEXT_CONSUMER_CAR_PRICE_CARDEKHO_2","0.34515093026712085","2","XGBoost 🌲","REG_TEXT_CONSUMER_CAR_PRICE_CARDEKHO","text_only","nlp-srv3.dds.technion.ac.il","finished","3322","2026-07-25T01:22:26.000Z","2026-07-25 05:17:27"
"rf_REG_TEXT_CONSUMER_CAR_PRICE_CARDEKHO_2","0.9984171349474","2","RandomForest 🌳","REG_TEXT_CONSUMER_CAR_PRICE_CARDEKHO","no_text","nlp-srv3.dds.technion.ac.il","finished","25","2026-07-25T01:21:59.000Z","2026-07-25 04:22:03"
"rf_REG_TEXT_CONSUMER_CAR_PRICE_CARDEKHO_2","-11.756642840013894","2","RandomForest 🌳","REG_TEXT_CONSUMER_CAR_PRICE_CARDEKHO","text_only","nlp20.iem.technion.ac.il","finished","2621","2026-07-25T00:41:19.000Z","2026-07-25 04:24:58"
"iclv2_REG_TEXT_CONSUMER_CAR_PRICE_CARDEKHO_2","0.9756433470371616","2","TabICLv2 🗼","REG_TEXT_CONSUMER_CAR_PRICE_CARDEKHO","no_text","nlp20.iem.technion.ac.il","finished","23","2026-07-25T00:40:52.000Z","2026-07-25 03:41:14"
"iclv2_REG_TEXT_CONSUMER_CAR_PRICE_CARDEKHO_2","0.8782949512554592","2","TabICLv2 🗼","REG_TEXT_CONSUMER_CAR_PRICE_CARDEKHO","text_only","nlp-srv3.dds.technion.ac.il","finished","3442","2026-07-25T00:37:01.000Z","2026-07-25 04:34:02"
"real_REG_TEXT_CONSUMER_CAR_PRICE_CARDEKHO_2","0.5039955120017994","2","RealMLP 🕸","REG_TEXT_CONSUMER_CAR_PRICE_CARDEKHO","no_text","nlp-srv3.dds.technion.ac.il","finished","68","2026-07-25T00:35:47.000Z","2026-07-25 03:36:34"
"real_REG_TEXT_CONSUMER_CAR_PRICE_CARDEKHO_2","0.40511934951730577","2","RealMLP 🕸","REG_TEXT_CONSUMER_CAR_PRICE_CARDEKHO","text_only","nlp-srv3.dds.technion.ac.il","finished","3451","2026-07-25T00:31:11.000Z","2026-07-25 04:28:17"
"dpt_REG_TEXT_CONSUMER_BIKE_PRICE_BIKEWALE_2","0.10621917247772215","2","TabDPT 6️⃣","REG_TEXT_CONSUMER_BIKE_PRICE_BIKEWALE","no_text","nlp-srv3.dds.technion.ac.il","finished","218","2026-07-25T00:22:37.000Z","2026-07-25 03:25:54"
"xgb_REG_TEXT_CONSUMER_BIKE_PRICE_BIKEWALE_2","0.0667378306388855","2","XGBoost 🌲","REG_TEXT_CONSUMER_BIKE_PRICE_BIKEWALE","no_text","nlp-srv3.dds.technion.ac.il","finished","13","2026-07-25T00:22:05.000Z","2026-07-25 03:21:57"
"xgb_REG_TEXT_CONSUMER_BIKE_PRICE_BIKEWALE_2","0.4945191740989685","2","XGBoost 🌲","REG_TEXT_CONSUMER_BIKE_PRICE_BIKEWALE","text_only","nlp20.iem.technion.ac.il","finished","112","2026-07-25T00:22:00.000Z","2026-07-25 03:23:51"
"rf_REG_TEXT_CONSUMER_BIKE_PRICE_BIKEWALE_2","-0.06412551856537951","2","RandomForest 🌳","REG_TEXT_CONSUMER_BIKE_PRICE_BIKEWALE","no_text","nlp-srv3.dds.technion.ac.il","finished","11","2026-07-25T00:21:49.000Z","2026-07-25 03:21:39"
"iclv2_REG_TEXT_CONSUMER_BIKE_PRICE_BIKEWALE_2","0.13877177238464355","2","TabICLv2 🗼","REG_TEXT_CONSUMER_BIKE_PRICE_BIKEWALE","no_text","nlp-srv3.dds.technion.ac.il","finished","14","2026-07-25T00:21:17.000Z","2026-07-25 03:21:09"
"iclv2_REG_TEXT_CONSUMER_BIKE_PRICE_BIKEWALE_2","0.5843048691749573","2","TabICLv2 🗼","REG_TEXT_CONSUMER_BIKE_PRICE_BIKEWALE","text_only","nlp-srv3.dds.technion.ac.il","finished","174","2026-07-25T00:21:11.000Z","2026-07-25 03:23:44"
"dpt_REG_TEXT_CONSUMER_AMERICAN_EAGLE_PRICES_2","0.964337505982782","2","TabDPT 6️⃣","REG_TEXT_CONSUMER_AMERICAN_EAGLE_PRICES","no_text","nlp-srv3.dds.technion.ac.il","finished","530","2026-07-25T00:06:51.000Z","2026-07-25 03:15:20"
"dpt_REG_TEXT_CONSUMER_AMERICAN_EAGLE_PRICES_2","0.8913408183908456","2","TabDPT 6️⃣","REG_TEXT_CONSUMER_AMERICAN_EAGLE_PRICES","text_only","nlp-srv3.dds.technion.ac.il","finished","952","2026-07-25T00:06:42.000Z","2026-07-25 03:22:13"
"xgb_REG_TEXT_CONSUMER_AMERICAN_EAGLE_PRICES_2","0.9630609375187436","2","XGBoost 🌲","REG_TEXT_CONSUMER_AMERICAN_EAGLE_PRICES","no_text","nlp-srv3.dds.technion.ac.il","finished","11","2026-07-25T00:06:34.000Z","2026-07-25 03:06:23"
"xgb_REG_TEXT_CONSUMER_AMERICAN_EAGLE_PRICES_2","0.9574567066634924","2","XGBoost 🌲","REG_TEXT_CONSUMER_AMERICAN_EAGLE_PRICES","text_only","nlp20.iem.technion.ac.il","finished","338","2026-07-25T00:06:27.000Z","2026-07-25 03:12:04"
"rf_REG_TEXT_CONSUMER_AMERICAN_EAGLE_PRICES_2","0.9580456779769554","2","RandomForest 🌳","REG_TEXT_CONSUMER_AMERICAN_EAGLE_PRICES","no_text","nlp-srv3.dds.technion.ac.il","finished","11","2026-07-25T00:06:26.000Z","2026-07-25 03:06:16"
"rf_REG_TEXT_CONSUMER_AMERICAN_EAGLE_PRICES_2","0.9562711644819982","2","RandomForest 🌳","REG_TEXT_CONSUMER_AMERICAN_EAGLE_PRICES","text_only","nlp-srv3.dds.technion.ac.il","finished","519","2026-07-25T00:06:19.000Z","2026-07-25 03:14:36"
"iclv2_REG_TEXT_CONSUMER_AMERICAN_EAGLE_PRICES_2","0.9660133479621248","2","TabICLv2 🗼","REG_TEXT_CONSUMER_AMERICAN_EAGLE_PRICES","no_text","nlp-srv3.dds.technion.ac.il","finished","12","2026-07-25T00:06:10.000Z","2026-07-25 03:06:01"
"iclv2_REG_TEXT_CONSUMER_AMERICAN_EAGLE_PRICES_2","0.959453057150161","2","TabICLv2 🗼","REG_TEXT_CONSUMER_AMERICAN_EAGLE_PRICES","text_only","nlp-srv3.dds.technion.ac.il","finished","571","2026-07-25T00:05:22.000Z","2026-07-25 03:14:32"
"real_REG_TEXT_CONSUMER_AMERICAN_EAGLE_PRICES_2","0.9618523252883532","2","RealMLP 🕸","REG_TEXT_CONSUMER_AMERICAN_EAGLE_PRICES","no_text","nlp20.iem.technion.ac.il","finished","69","2026-07-25T00:05:13.000Z","2026-07-25 03:06:21"
"real_REG_TEXT_CONSUMER_AMERICAN_EAGLE_PRICES_2","0.9564296312672752","2","RealMLP 🕸","REG_TEXT_CONSUMER_AMERICAN_EAGLE_PRICES","text_only","nlp-srv3.dds.technion.ac.il","finished","513","2026-07-25T00:02:44.000Z","2026-07-25 03:10:55"
"dpt_REG_TEXT_BOOK_READABILITY_2","0.8195587577614311","2","TabDPT 6️⃣","REG_TEXT_BOOK_READABILITY","no_text","nlp-srv3.dds.technion.ac.il","finished","154","2026-07-24T23:52:26.000Z","2026-07-25 02:54:39"
"dpt_REG_TEXT_BOOK_READABILITY_2","0.6806380452613535","2","TabDPT 6️⃣","REG_TEXT_BOOK_READABILITY","text_only","nlp20.iem.technion.ac.il","finished","381","2026-07-24T23:52:11.000Z","2026-07-25 02:58:30"
"xgb_REG_TEXT_BOOK_READABILITY_2","0.7912550168385876","2","XGBoost 🌲","REG_TEXT_BOOK_READABILITY","no_text","nlp-srv3.dds.technion.ac.il","finished","12","2026-07-24T23:52:10.000Z","2026-07-25 02:52:01"
"xgb_REG_TEXT_BOOK_READABILITY_2","0.6837104072843381","2","XGBoost 🌲","REG_TEXT_BOOK_READABILITY","text_only","nlp-srv3.dds.technion.ac.il","finished","217","2026-07-24T23:52:09.000Z","2026-07-25 02:55:25"
"rf_REG_TEXT_BOOK_READABILITY_2","0.7981214741679467","2","RandomForest 🌳","REG_TEXT_BOOK_READABILITY","no_text","nlp-srv3.dds.technion.ac.il","finished","14","2026-07-24T23:52:06.000Z","2026-07-25 02:51:59"
"rf_REG_TEXT_BOOK_READABILITY_2","0.679072857353799","2","RandomForest 🌳","REG_TEXT_BOOK_READABILITY","text_only","nlp-srv3.dds.technion.ac.il","finished","271","2026-07-24T23:51:58.000Z","2026-07-25 02:56:08"
"iclv2_REG_TEXT_BOOK_READABILITY_2","0.8239254362802747","2","TabICLv2 🗼","REG_TEXT_BOOK_READABILITY","no_text","nlp-srv3.dds.technion.ac.il","finished","13","2026-07-24T23:51:50.000Z","2026-07-25 02:51:42"
"iclv2_REG_TEXT_BOOK_READABILITY_2","0.7529838927459035","2","TabICLv2 🗼","REG_TEXT_BOOK_READABILITY","text_only","nlp-srv3.dds.technion.ac.il","finished","230","2026-07-24T23:51:26.000Z","2026-07-25 02:54:55"
"real_REG_TEXT_BOOK_READABILITY_2","0.7745088792923023","2","RealMLP 🕸","REG_TEXT_BOOK_READABILITY","no_text","nlp-srv3.dds.technion.ac.il","finished","28","2026-07-24T23:50:54.000Z","2026-07-25 02:51:01"
"real_REG_TEXT_BOOK_READABILITY_2","0.700387927951512","2","RealMLP 🕸","REG_TEXT_BOOK_READABILITY","text_only","nlp-srv3.dds.technion.ac.il","finished","258","2026-07-24T23:50:46.000Z","2026-07-25 02:54:43"
"dpt_REG_TEXT_BOOK_PRICE_2","0.21272271121160824","2","TabDPT 6️⃣","REG_TEXT_BOOK_PRICE","no_text","nlp-srv3.dds.technion.ac.il","finished","108","2026-07-24T23:42:43.000Z","2026-07-25 02:44:10"
"dpt_REG_TEXT_BOOK_PRICE_2","0.5551411778506379","2","TabDPT 6️⃣","REG_TEXT_BOOK_PRICE","text_only","nlp-srv3.dds.technion.ac.il","finished","447","2026-07-24T23:42:36.000Z","2026-07-25 02:48:34"
"xgb_REG_TEXT_BOOK_PRICE_2","0.17626414984843564","2","XGBoost 🌲","REG_TEXT_BOOK_PRICE","no_text","nlp-srv3.dds.technion.ac.il","finished","11","2026-07-24T23:42:31.000Z","2026-07-25 02:42:21"
"xgb_REG_TEXT_BOOK_PRICE_2","0.45133801490315983","2","XGBoost 🌲","REG_TEXT_BOOK_PRICE","text_only","nlp-srv3.dds.technion.ac.il","finished","211","2026-07-24T23:42:29.000Z","2026-07-25 02:45:39"
"rf_REG_TEXT_BOOK_PRICE_2","0.4830636955179295","2","RandomForest 🌳","REG_TEXT_BOOK_PRICE","text_only","nlp-srv3.dds.technion.ac.il","finished","250","2026-07-24T23:42:27.000Z","2026-07-25 02:46:16"
"rf_REG_TEXT_BOOK_PRICE_2","0.06967588652637202","2","RandomForest 🌳","REG_TEXT_BOOK_PRICE","no_text","nlp-srv3.dds.technion.ac.il","finished","11","2026-07-24T23:42:27.000Z","2026-07-25 02:42:17"
"iclv2_REG_TEXT_BOOK_PRICE_2","0.21782856081063007","2","TabICLv2 🗼","REG_TEXT_BOOK_PRICE","no_text","nlp-srv3.dds.technion.ac.il","finished","13","2026-07-24T23:42:20.000Z","2026-07-25 02:42:12"
"iclv2_REG_TEXT_BOOK_PRICE_2","0.5925675127958083","2","TabICLv2 🗼","REG_TEXT_BOOK_PRICE","text_only","nlp-srv3.dds.technion.ac.il","finished","218","2026-07-24T23:42:04.000Z","2026-07-25 02:45:22"
"real_REG_TEXT_BOOK_PRICE_2","0.2204209111819706","2","RealMLP 🕸","REG_TEXT_BOOK_PRICE","no_text","nlp-srv3.dds.technion.ac.il","finished","27","2026-07-24T23:41:48.000Z","2026-07-25 02:41:54"
"real_REG_TEXT_BOOK_PRICE_2","0.48146605401170806","2","RealMLP 🕸","REG_TEXT_BOOK_PRICE","text_only","nlp-srv3.dds.technion.ac.il","finished","209","2026-07-24T23:41:31.000Z","2026-07-25 02:44:39"
"dpt_REG_TEXT_BABIES_PRICES_2","0.34172645430352655","2","TabDPT 6️⃣","REG_TEXT_BABIES_PRICES","no_text","nlp-srv3.dds.technion.ac.il","finished","145","2026-07-24T23:34:12.000Z","2026-07-25 02:36:16"
"dpt_REG_TEXT_BABIES_PRICES_2","0.8427273640216452","2","TabDPT 6️⃣","REG_TEXT_BABIES_PRICES","text_only","nlp-srv3.dds.technion.ac.il","finished","290","2026-07-24T23:34:01.000Z","2026-07-25 02:38:29"
"xgb_REG_TEXT_BABIES_PRICES_2","0.32960176639109173","2","XGBoost 🌲","REG_TEXT_BABIES_PRICES","no_text","nlp-srv3.dds.technion.ac.il","finished","11","2026-07-24T23:33:59.000Z","2026-07-25 02:33:49"
"rf_REG_TEXT_BABIES_PRICES_2","0.3417118826412425","2","RandomForest 🌳","REG_TEXT_BABIES_PRICES","no_text","nlp-srv3.dds.technion.ac.il","finished","11","2026-07-24T23:33:56.000Z","2026-07-25 02:33:46"
"xgb_REG_TEXT_BABIES_PRICES_2","0.7342420061786104","2","XGBoost 🌲","REG_TEXT_BABIES_PRICES","text_only","nlp-srv3.dds.technion.ac.il","finished","170","2026-07-24T23:33:56.000Z","2026-07-25 02:36:25"
"rf_REG_TEXT_BABIES_PRICES_2","0.7479443415650902","2","RandomForest 🌳","REG_TEXT_BABIES_PRICES","text_only","nlp-srv3.dds.technion.ac.il","finished","150","2026-07-24T23:33:43.000Z","2026-07-25 02:35:52"
"iclv2_REG_TEXT_BABIES_PRICES_2","0.327756496392546","2","TabICLv2 🗼","REG_TEXT_BABIES_PRICES","no_text","nlp-srv3.dds.technion.ac.il","finished","12","2026-07-24T23:33:40.000Z","2026-07-25 02:33:31"
"iclv2_REG_TEXT_BABIES_PRICES_2","0.8996515356830931","2","TabICLv2 🗼","REG_TEXT_BABIES_PRICES","text_only","nlp-srv3.dds.technion.ac.il","finished","181","2026-07-24T23:33:33.000Z","2026-07-25 02:36:13"
"real_REG_TEXT_BABIES_PRICES_2","0.33634253354655164","2","RealMLP 🕸","REG_TEXT_BABIES_PRICES","no_text","nlp-srv3.dds.technion.ac.il","finished","32","2026-07-24T23:33:23.000Z","2026-07-25 02:33:34"
"real_REG_TEXT_BABIES_PRICES_2","0.8299347588118529","2","RealMLP 🕸","REG_TEXT_BABIES_PRICES","text_only","nlp-srv3.dds.technion.ac.il","finished","178","2026-07-24T23:32:27.000Z","2026-07-25 02:35:05"
"dpt_MUL_TEXT_WOMEN_CLOTHING_REVIEW_2","0.7766135636882161","2","TabDPT 6️⃣","MUL_TEXT_WOMEN_CLOTHING_REVIEW","no_text","nlp-srv3.dds.technion.ac.il","finished","72","2026-07-24T23:26:19.000Z","2026-07-25 02:27:10"
"dpt_MUL_TEXT_WOMEN_CLOTHING_REVIEW_2","0.893386856029476","2","TabDPT 6️⃣","MUL_TEXT_WOMEN_CLOTHING_REVIEW","text_only","nlp-srv3.dds.technion.ac.il","finished","259","2026-07-24T23:26:15.000Z","2026-07-25 02:30:13"
"xgb_MUL_TEXT_WOMEN_CLOTHING_REVIEW_2","0.7902022245001036","2","XGBoost 🌲","MUL_TEXT_WOMEN_CLOTHING_REVIEW","no_text","nlp-srv3.dds.technion.ac.il","finished","11","2026-07-24T23:26:12.000Z","2026-07-25 02:26:02"
"xgb_MUL_TEXT_WOMEN_CLOTHING_REVIEW_2","0.8790048063005695","2","XGBoost 🌲","MUL_TEXT_WOMEN_CLOTHING_REVIEW","text_only","nlp-srv3.dds.technion.ac.il","finished","179","2026-07-24T23:26:07.000Z","2026-07-25 02:28:45"
"rf_MUL_TEXT_WOMEN_CLOTHING_REVIEW_2","0.7735014603016052","2","RandomForest 🌳","MUL_TEXT_WOMEN_CLOTHING_REVIEW","no_text","nlp-srv3.dds.technion.ac.il","finished","12","2026-07-24T23:26:03.000Z","2026-07-25 02:25:54"
"rf_MUL_TEXT_WOMEN_CLOTHING_REVIEW_2","0.8764458408399483","2","RandomForest 🌳","MUL_TEXT_WOMEN_CLOTHING_REVIEW","text_only","nlp-srv3.dds.technion.ac.il","finished","181","2026-07-24T23:25:53.000Z","2026-07-25 02:28:33"
"iclv2_MUL_TEXT_WOMEN_CLOTHING_REVIEW_2","0.7860146672362324","2","TabICLv2 🗼","MUL_TEXT_WOMEN_CLOTHING_REVIEW","no_text","nlp-srv3.dds.technion.ac.il","finished","12","2026-07-24T23:25:51.000Z","2026-07-25 02:25:42"
"iclv2_MUL_TEXT_WOMEN_CLOTHING_REVIEW_2","0.8987319425130483","2","TabICLv2 🗼","MUL_TEXT_WOMEN_CLOTHING_REVIEW","text_only","nlp-srv3.dds.technion.ac.il","finished","203","2026-07-24T23:25:13.000Z","2026-07-25 02:28:15"
"real_MUL_TEXT_WOMEN_CLOTHING_REVIEW_2","0.7861284365976493","2","RealMLP 🕸","MUL_TEXT_WOMEN_CLOTHING_REVIEW","no_text","n305","finished","64","2026-07-24T23:24:43.000Z","2026-07-25 02:25:45"
"real_MUL_TEXT_WOMEN_CLOTHING_REVIEW_2","0.8927800489730462","2","RealMLP 🕸","MUL_TEXT_WOMEN_CLOTHING_REVIEW","text_only","nlp20.iem.technion.ac.il","finished","185","2026-07-24T23:24:26.000Z","2026-07-25 02:27:30"
"dpt_MUL_TEXT_WINE_REVIEW_2","0.935849894848289","2","TabDPT 6️⃣","MUL_TEXT_WINE_REVIEW","text_only","nlp-srv3.dds.technion.ac.il","finished","315","2026-07-24T23:18:21.000Z","2026-07-25 02:23:15"
"xgb_MUL_TEXT_WINE_REVIEW_2","0.840920301446369","2","XGBoost 🌲","MUL_TEXT_WINE_REVIEW","no_text","nlp-srv3.dds.technion.ac.il","finished","12","2026-07-24T23:18:16.000Z","2026-07-25 02:18:07"
"xgb_MUL_TEXT_WINE_REVIEW_2","0.9601707951429226","2","XGBoost 🌲","MUL_TEXT_WINE_REVIEW","text_only","n305","finished","121","2026-07-24T23:18:13.000Z","2026-07-25 02:20:12"
"rf_MUL_TEXT_WINE_REVIEW_2","0.7443204550601971","2","RandomForest 🌳","MUL_TEXT_WINE_REVIEW","no_text","nlp-srv3.dds.technion.ac.il","finished","12","2026-07-24T23:18:05.000Z","2026-07-25 02:17:55"
"rf_MUL_TEXT_WINE_REVIEW_2","0.9523322321698894","2","RandomForest 🌳","MUL_TEXT_WINE_REVIEW","text_only","n306","finished","122","2026-07-24T23:17:57.000Z","2026-07-25 02:19:58"
"iclv2_MUL_TEXT_WINE_REVIEW_2","0.8602012281550758","2","TabICLv2 🗼","MUL_TEXT_WINE_REVIEW","no_text","n305","finished","16","2026-07-24T23:17:52.000Z","2026-07-25 02:18:07"
"iclv2_MUL_TEXT_WINE_REVIEW_2","0.980730569661463","2","TabICLv2 🗼","MUL_TEXT_WINE_REVIEW","text_only","n305","finished","125","2026-07-24T23:17:37.000Z","2026-07-25 02:19:41"
"real_MUL_TEXT_WINE_REVIEW_2","0.8505113898514886","2","RealMLP 🕸","MUL_TEXT_WINE_REVIEW","no_text","nlp-srv3.dds.technion.ac.il","finished","51","2026-07-24T23:17:19.000Z","2026-07-25 02:17:49"
"real_MUL_TEXT_WINE_REVIEW_2","0.9765681308847732","2","RealMLP 🕸","MUL_TEXT_WINE_REVIEW","text_only","nlp-srv3.dds.technion.ac.il","finished","223","2026-07-24T23:17:13.000Z","2026-07-25 02:20:35"
"dpt_MUL_TEXT_US_ACCIDENTS_2","0.8686200169696199","2","TabDPT 6️⃣","MUL_TEXT_US_ACCIDENTS","no_text","nlp-srv3.dds.technion.ac.il","finished","95","2026-07-24T23:02:20.000Z","2026-07-25 02:03:34"
"dpt_MUL_TEXT_US_ACCIDENTS_2","0.9069746293865376","2","TabDPT 6️⃣","MUL_TEXT_US_ACCIDENTS","text_only","nlp-srv3.dds.technion.ac.il","finished","999","2026-07-24T23:02:14.000Z","2026-07-25 02:18:32"
"xgb_MUL_TEXT_US_ACCIDENTS_2","0.8790937115847587","2","XGBoost 🌲","MUL_TEXT_US_ACCIDENTS","no_text","nlp-srv3.dds.technion.ac.il","finished","15","2026-07-24T23:02:08.000Z","2026-07-25 02:02:02"
"xgb_MUL_TEXT_US_ACCIDENTS_2","0.9603941271734588","2","XGBoost 🌲","MUL_TEXT_US_ACCIDENTS","text_only","n305","finished","471","2026-07-24T23:02:03.000Z","2026-07-25 02:09:52"
"rf_MUL_TEXT_US_ACCIDENTS_2","0.847283970580492","2","RandomForest 🌳","MUL_TEXT_US_ACCIDENTS","no_text","nlp-srv3.dds.technion.ac.il","finished","15","2026-07-24T23:01:58.000Z","2026-07-25 02:01:52"
"rf_MUL_TEXT_US_ACCIDENTS_2","0.938503226532516","2","RandomForest 🌳","MUL_TEXT_US_ACCIDENTS","text_only","n306","finished","481","2026-07-24T23:01:42.000Z","2026-07-25 02:09:42"
"iclv2_MUL_TEXT_US_ACCIDENTS_2","0.8960765288691483","2","TabICLv2 🗼","MUL_TEXT_US_ACCIDENTS","no_text","nlp-srv3.dds.technion.ac.il","finished","17","2026-07-24T23:01:37.000Z","2026-07-25 02:01:33"
"iclv2_MUL_TEXT_US_ACCIDENTS_2","0.972654711808386","2","TabICLv2 🗼","MUL_TEXT_US_ACCIDENTS","text_only","nlp-srv3.dds.technion.ac.il","finished","911","2026-07-24T23:01:10.000Z","2026-07-25 02:16:00"
"real_MUL_TEXT_US_ACCIDENTS_2","0.8670240733174099","2","RealMLP 🕸","MUL_TEXT_US_ACCIDENTS","no_text","n305","finished","74","2026-07-24T23:00:44.000Z","2026-07-25 02:01:57"
"real_MUL_TEXT_US_ACCIDENTS_2","0.9502026289118888","2","RealMLP 🕸","MUL_TEXT_US_ACCIDENTS","text_only","n306","finished","509","2026-07-24T23:00:39.000Z","2026-07-25 02:09:07"
"dpt_MUL_TEXT_SPOTIFY_GENRES_2","0.8038634695432518","2","TabDPT 6️⃣","MUL_TEXT_SPOTIFY_GENRES","no_text","nlp-srv3.dds.technion.ac.il","finished","158","2026-07-24T22:54:12.000Z","2026-07-25 01:56:29"
"dpt_MUL_TEXT_SPOTIFY_GENRES_2","0.8200240354229181","2","TabDPT 6️⃣","MUL_TEXT_SPOTIFY_GENRES","text_only","nlp-srv3.dds.technion.ac.il","finished","485","2026-07-24T22:54:02.000Z","2026-07-25 02:01:45"
"xgb_MUL_TEXT_SPOTIFY_GENRES_2","0.9028798703125476","2","XGBoost 🌲","MUL_TEXT_SPOTIFY_GENRES","no_text","nlp-srv3.dds.technion.ac.il","finished","18","2026-07-24T22:53:50.000Z","2026-07-25 01:53:47"
"xgb_MUL_TEXT_SPOTIFY_GENRES_2","0.8795129696721288","2","XGBoost 🌲","MUL_TEXT_SPOTIFY_GENRES","text_only","nlp-srv3.dds.technion.ac.il","finished","303","2026-07-24T22:53:44.000Z","2026-07-25 01:58:26"
"rf_MUL_TEXT_SPOTIFY_GENRES_2","0.8661490354667022","2","RandomForest 🌳","MUL_TEXT_SPOTIFY_GENRES","no_text","nlp-srv3.dds.technion.ac.il","finished","16","2026-07-24T22:53:40.000Z","2026-07-25 01:53:35"
"rf_MUL_TEXT_SPOTIFY_GENRES_2","0.8590121711102084","2","RandomForest 🌳","MUL_TEXT_SPOTIFY_GENRES","text_only","n306","finished","194","2026-07-24T22:53:19.000Z","2026-07-25 01:56:32"
"iclv2_MUL_TEXT_SPOTIFY_GENRES_2","0.9348203113149388","2","TabICLv2 🗼","MUL_TEXT_SPOTIFY_GENRES","no_text","nlp-srv3.dds.technion.ac.il","finished","39","2026-07-24T22:53:02.000Z","2026-07-25 01:53:20"
"iclv2_MUL_TEXT_SPOTIFY_GENRES_2","0.9481028073070604","2","TabICLv2 🗼","MUL_TEXT_SPOTIFY_GENRES","text_only","nlp-srv3.dds.technion.ac.il","finished","311","2026-07-24T22:52:55.000Z","2026-07-25 01:57:45"
"real_MUL_TEXT_SPOTIFY_GENRES_2","0.9209053037989592","2","RealMLP 🕸","MUL_TEXT_SPOTIFY_GENRES","no_text","nlp-srv3.dds.technion.ac.il","finished","56","2026-07-24T22:52:52.000Z","2026-07-25 01:53:27"
"real_MUL_TEXT_SPOTIFY_GENRES_2","0.9071398120280282","2","RealMLP 🕸","MUL_TEXT_SPOTIFY_GENRES","text_only","n306","finished","223","2026-07-24T22:52:52.000Z","2026-07-25 01:56:33"
"dpt_MUL_TEXT_SOCIAL_NEWS_CHANNEL_CATEGORY_2","0.8063970998838831","2","TabDPT 6️⃣","MUL_TEXT_SOCIAL_NEWS_CHANNEL_CATEGORY","no_text","nlp-srv3.dds.technion.ac.il","finished","78","2026-07-24T22:49:53.000Z","2026-07-25 01:50:50"
"dpt_MUL_TEXT_SOCIAL_NEWS_CHANNEL_CATEGORY_2","0.6122012573938687","2","TabDPT 6️⃣","MUL_TEXT_SOCIAL_NEWS_CHANNEL_CATEGORY","text_only","n306","finished","202","2026-07-24T22:49:49.000Z","2026-07-25 01:53:10"
"xgb_MUL_TEXT_SOCIAL_NEWS_CHANNEL_CATEGORY_2","0.7860944119800384","2","XGBoost 🌲","MUL_TEXT_SOCIAL_NEWS_CHANNEL_CATEGORY","no_text","nlp-srv3.dds.technion.ac.il","finished","12","2026-07-24T22:49:47.000Z","2026-07-25 01:49:37"
"xgb_MUL_TEXT_SOCIAL_NEWS_CHANNEL_CATEGORY_2","0.5841504683221489","2","XGBoost 🌲","MUL_TEXT_SOCIAL_NEWS_CHANNEL_CATEGORY","text_only","nlp-srv3.dds.technion.ac.il","finished","92","2026-07-24T22:49:46.000Z","2026-07-25 01:50:34"
"rf_MUL_TEXT_SOCIAL_NEWS_CHANNEL_CATEGORY_2","0.7672870772763543","2","RandomForest 🌳","MUL_TEXT_SOCIAL_NEWS_CHANNEL_CATEGORY","no_text","nlp-srv3.dds.technion.ac.il","finished","29","2026-07-24T22:49:45.000Z","2026-07-25 01:49:37"
"rf_MUL_TEXT_SOCIAL_NEWS_CHANNEL_CATEGORY_2","0.5886860582673942","2","RandomForest 🌳","MUL_TEXT_SOCIAL_NEWS_CHANNEL_CATEGORY","text_only","n305","finished","70","2026-07-24T22:49:43.000Z","2026-07-25 01:50:52"
"iclv2_MUL_TEXT_SOCIAL_NEWS_CHANNEL_CATEGORY_2","0.8191559067369187","2","TabICLv2 🗼","MUL_TEXT_SOCIAL_NEWS_CHANNEL_CATEGORY","no_text","nlp-srv3.dds.technion.ac.il","finished","12","2026-07-24T22:49:31.000Z","2026-07-25 01:49:22"
"iclv2_MUL_TEXT_SOCIAL_NEWS_CHANNEL_CATEGORY_2","0.6215919085825623","2","TabICLv2 🗼","MUL_TEXT_SOCIAL_NEWS_CHANNEL_CATEGORY","text_only","nlp-srv3.dds.technion.ac.il","finished","108","2026-07-24T22:49:24.000Z","2026-07-25 01:50:45"
"real_MUL_TEXT_SOCIAL_NEWS_CHANNEL_CATEGORY_2","0.6132042285930395","2","RealMLP 🕸","MUL_TEXT_SOCIAL_NEWS_CHANNEL_CATEGORY","text_only","nlp-srv3.dds.technion.ac.il","finished","126","2026-07-24T22:49:23.000Z","2026-07-25 01:51:08"
"real_MUL_TEXT_SOCIAL_NEWS_CHANNEL_CATEGORY_2","0.795676373378103","2","RealMLP 🕸","MUL_TEXT_SOCIAL_NEWS_CHANNEL_CATEGORY","no_text","nlp-srv3.dds.technion.ac.il","finished","45","2026-07-24T22:49:23.000Z","2026-07-25 01:49:47"
"dpt_MUL_TEXT_SOCIAL_HEARTHSTONE_CARD_GAME_WARCRAFT_2","0.8022222995536239","2","TabDPT 6️⃣","MUL_TEXT_SOCIAL_HEARTHSTONE_CARD_GAME_WARCRAFT","no_text","nlp-srv3.dds.technion.ac.il","finished","21","2026-07-24T22:47:24.000Z","2026-07-25 01:47:24"
"xgb_MUL_TEXT_SOCIAL_HEARTHSTONE_CARD_GAME_WARCRAFT_2","0.7683632503510633","2","XGBoost 🌲","MUL_TEXT_SOCIAL_HEARTHSTONE_CARD_GAME_WARCRAFT","no_text","nlp-srv3.dds.technion.ac.il","finished","27","2026-07-24T22:47:22.000Z","2026-07-25 01:47:13"
"dpt_MUL_TEXT_SOCIAL_HEARTHSTONE_CARD_GAME_WARCRAFT_2","0.8682659206368182","2","TabDPT 6️⃣","MUL_TEXT_SOCIAL_HEARTHSTONE_CARD_GAME_WARCRAFT","text_only","nlp-srv3.dds.technion.ac.il","finished","64","2026-07-24T22:47:22.000Z","2026-07-25 01:48:05"
"xgb_MUL_TEXT_SOCIAL_HEARTHSTONE_CARD_GAME_WARCRAFT_2","0.8296122458207055","2","XGBoost 🌲","MUL_TEXT_SOCIAL_HEARTHSTONE_CARD_GAME_WARCRAFT","text_only","n305","finished","54","2026-07-24T22:47:17.000Z","2026-07-25 01:48:09"
"rf_MUL_TEXT_SOCIAL_HEARTHSTONE_CARD_GAME_WARCRAFT_2","0.6519539461293711","2","RandomForest 🌳","MUL_TEXT_SOCIAL_HEARTHSTONE_CARD_GAME_WARCRAFT","no_text","nlp-srv3.dds.technion.ac.il","finished","12","2026-07-24T22:47:06.000Z","2026-07-25 01:46:56"
"rf_MUL_TEXT_SOCIAL_HEARTHSTONE_CARD_GAME_WARCRAFT_2","0.8069978462047118","2","RandomForest 🌳","MUL_TEXT_SOCIAL_HEARTHSTONE_CARD_GAME_WARCRAFT","text_only","n306","finished","66","2026-07-24T22:47:06.000Z","2026-07-25 01:47:57"
"iclv2_MUL_TEXT_SOCIAL_HEARTHSTONE_CARD_GAME_WARCRAFT_2","0.8318430872043937","2","TabICLv2 🗼","MUL_TEXT_SOCIAL_HEARTHSTONE_CARD_GAME_WARCRAFT","no_text","n305","finished","13","2026-07-24T22:47:01.000Z","2026-07-25 01:47:13"
"iclv2_MUL_TEXT_SOCIAL_HEARTHSTONE_CARD_GAME_WARCRAFT_2","0.9162720395285152","2","TabICLv2 🗼","MUL_TEXT_SOCIAL_HEARTHSTONE_CARD_GAME_WARCRAFT","text_only","nlp-srv3.dds.technion.ac.il","finished","80","2026-07-24T22:46:56.000Z","2026-07-25 01:47:55"
"real_MUL_TEXT_SOCIAL_HEARTHSTONE_CARD_GAME_WARCRAFT_2","0.8563797393335495","2","RealMLP 🕸","MUL_TEXT_SOCIAL_HEARTHSTONE_CARD_GAME_WARCRAFT","text_only","nlp-srv3.dds.technion.ac.il","finished","99","2026-07-24T22:46:55.000Z","2026-07-25 01:48:00"
"real_MUL_TEXT_SOCIAL_HEARTHSTONE_CARD_GAME_WARCRAFT_2","0.7662855521435425","2","RealMLP 🕸","MUL_TEXT_SOCIAL_HEARTHSTONE_CARD_GAME_WARCRAFT","no_text","nlp-srv3.dds.technion.ac.il","finished","23","2026-07-24T22:46:55.000Z","2026-07-25 01:46:56"
"dpt_MUL_TEXT_SOCIAL_GOOGLE_QA_TYPE_REASON_2","0.809232293587001","2","TabDPT 6️⃣","MUL_TEXT_SOCIAL_GOOGLE_QA_TYPE_REASON","no_text","n306","finished","84","2026-07-24T22:41:30.000Z","2026-07-25 01:42:53"
"dpt_MUL_TEXT_SOCIAL_GOOGLE_QA_TYPE_REASON_2","0.6903227291776283","2","TabDPT 6️⃣","MUL_TEXT_SOCIAL_GOOGLE_QA_TYPE_REASON","text_only","nlp-srv3.dds.technion.ac.il","finished","332","2026-07-24T22:41:21.000Z","2026-07-25 01:46:33"
"xgb_MUL_TEXT_SOCIAL_GOOGLE_QA_TYPE_REASON_2","0.8509043009473256","2","XGBoost 🌲","MUL_TEXT_SOCIAL_GOOGLE_QA_TYPE_REASON","no_text","nlp-srv3.dds.technion.ac.il","finished","11","2026-07-24T22:41:17.000Z","2026-07-25 01:41:07"
"xgb_MUL_TEXT_SOCIAL_GOOGLE_QA_TYPE_REASON_2","0.6706564010399334","2","XGBoost 🌲","MUL_TEXT_SOCIAL_GOOGLE_QA_TYPE_REASON","text_only","nlp-srv3.dds.technion.ac.il","finished","331","2026-07-24T22:41:12.000Z","2026-07-25 01:46:22"
"rf_MUL_TEXT_SOCIAL_GOOGLE_QA_TYPE_REASON_2","0.8249299673386055","2","RandomForest 🌳","MUL_TEXT_SOCIAL_GOOGLE_QA_TYPE_REASON","no_text","n306","finished","22","2026-07-24T22:41:04.000Z","2026-07-25 01:41:15"
"rf_MUL_TEXT_SOCIAL_GOOGLE_QA_TYPE_REASON_2","0.646292883040303","2","RandomForest 🌳","MUL_TEXT_SOCIAL_GOOGLE_QA_TYPE_REASON","text_only","nlp-srv3.dds.technion.ac.il","finished","320","2026-07-24T22:40:48.000Z","2026-07-25 01:45:46"
"iclv2_MUL_TEXT_SOCIAL_GOOGLE_QA_TYPE_REASON_2","0.847819166088146","2","TabICLv2 🗼","MUL_TEXT_SOCIAL_GOOGLE_QA_TYPE_REASON","no_text","n306","finished","17","2026-07-24T22:40:43.000Z","2026-07-25 01:40:54"
"iclv2_MUL_TEXT_SOCIAL_GOOGLE_QA_TYPE_REASON_2","0.7187118775147789","2","TabICLv2 🗼","MUL_TEXT_SOCIAL_GOOGLE_QA_TYPE_REASON","text_only","n305","finished","205","2026-07-24T22:40:42.000Z","2026-07-25 01:44:03"
"real_MUL_TEXT_SOCIAL_GOOGLE_QA_TYPE_REASON_2","0.7648209969858637","2","RealMLP 🕸","MUL_TEXT_SOCIAL_GOOGLE_QA_TYPE_REASON","no_text","nlp-srv3.dds.technion.ac.il","finished","32","2026-07-24T22:40:40.000Z","2026-07-25 01:40:51"
"real_MUL_TEXT_SOCIAL_GOOGLE_QA_TYPE_REASON_2","0.663259316003001","2","RealMLP 🕸","MUL_TEXT_SOCIAL_GOOGLE_QA_TYPE_REASON","text_only","n305","finished","208","2026-07-24T22:40:31.000Z","2026-07-25 01:43:57"
"dpt_MUL_TEXT_PRODUCT_SENTIMENT_2","0.8261971993962358","2","TabDPT 6️⃣","MUL_TEXT_PRODUCT_SENTIMENT","no_text","nlp-srv3.dds.technion.ac.il","finished","48","2026-07-24T22:37:40.000Z","2026-07-25 01:38:08"
"dpt_MUL_TEXT_PRODUCT_SENTIMENT_2","0.8134987059193751","2","TabDPT 6️⃣","MUL_TEXT_PRODUCT_SENTIMENT","text_only","n306","finished","71","2026-07-24T22:37:37.000Z","2026-07-25 01:38:46"
"xgb_MUL_TEXT_PRODUCT_SENTIMENT_2","0.8130613676801852","2","XGBoost 🌲","MUL_TEXT_PRODUCT_SENTIMENT","no_text","n305","finished","15","2026-07-24T22:37:27.000Z","2026-07-25 01:37:39"
"xgb_MUL_TEXT_PRODUCT_SENTIMENT_2","0.7748170527561019","2","XGBoost 🌲","MUL_TEXT_PRODUCT_SENTIMENT","text_only","n306","finished","36","2026-07-24T22:37:07.000Z","2026-07-25 01:37:42"
"rf_MUL_TEXT_PRODUCT_SENTIMENT_2","0.8096666098694618","2","RandomForest 🌳","MUL_TEXT_PRODUCT_SENTIMENT","no_text","n306","finished","13","2026-07-24T22:36:57.000Z","2026-07-25 01:37:08"
"rf_MUL_TEXT_PRODUCT_SENTIMENT_2","0.7641243721725499","2","RandomForest 🌳","MUL_TEXT_PRODUCT_SENTIMENT","text_only","n306","finished","37","2026-07-24T22:36:55.000Z","2026-07-25 01:37:31"
"iclv2_MUL_TEXT_PRODUCT_SENTIMENT_2","0.8113911773626431","2","TabICLv2 🗼","MUL_TEXT_PRODUCT_SENTIMENT","no_text","n306","finished","14","2026-07-24T22:36:41.000Z","2026-07-25 01:36:54"
"iclv2_MUL_TEXT_PRODUCT_SENTIMENT_2","0.8367754168002184","2","TabICLv2 🗼","MUL_TEXT_PRODUCT_SENTIMENT","text_only","nlp-srv3.dds.technion.ac.il","finished","62","2026-07-24T22:36:32.000Z","2026-07-25 01:37:13"
"real_MUL_TEXT_PRODUCT_SENTIMENT_2","0.817585496935218","2","RealMLP 🕸","MUL_TEXT_PRODUCT_SENTIMENT","no_text","n306","finished","33","2026-07-24T22:36:30.000Z","2026-07-25 01:37:01"
"real_MUL_TEXT_PRODUCT_SENTIMENT_2","0.724591078573003","2","RealMLP 🕸","MUL_TEXT_PRODUCT_SENTIMENT","text_only","n305","finished","58","2026-07-24T22:36:24.000Z","2026-07-25 01:37:20"
"dpt_MUL_TEXT_MICHELIN_RESTAURANTS_2","0.8834751967290616","2","TabDPT 6️⃣","MUL_TEXT_MICHELIN_RESTAURANTS","no_text","n305","finished","152","2026-07-24T22:30:07.000Z","2026-07-25 01:32:37"
"dpt_MUL_TEXT_MICHELIN_RESTAURANTS_2","0.856206508254556","2","TabDPT 6️⃣","MUL_TEXT_MICHELIN_RESTAURANTS","text_only","nlp20.iem.technion.ac.il","finished","495","2026-07-24T22:29:56.000Z","2026-07-25 01:38:09"
"xgb_MUL_TEXT_MICHELIN_RESTAURANTS_2","0.8753465397647517","2","XGBoost 🌲","MUL_TEXT_MICHELIN_RESTAURANTS","no_text","n305","finished","16","2026-07-24T22:29:45.000Z","2026-07-25 01:29:57"
"xgb_MUL_TEXT_MICHELIN_RESTAURANTS_2","0.8275348565672742","2","XGBoost 🌲","MUL_TEXT_MICHELIN_RESTAURANTS","text_only","nlp-srv3.dds.technion.ac.il","finished","613","2026-07-24T22:29:31.000Z","2026-07-25 01:39:20"
"rf_MUL_TEXT_MICHELIN_RESTAURANTS_2","0.8143283956005632","2","RandomForest 🌳","MUL_TEXT_MICHELIN_RESTAURANTS","no_text","n305","finished","14","2026-07-24T22:29:29.000Z","2026-07-25 01:29:42"
"rf_MUL_TEXT_MICHELIN_RESTAURANTS_2","0.8247777129165014","2","RandomForest 🌳","MUL_TEXT_MICHELIN_RESTAURANTS","text_only","nlp-srv3.dds.technion.ac.il","finished","619","2026-07-24T22:29:29.000Z","2026-07-25 01:39:23"
"iclv2_MUL_TEXT_MICHELIN_RESTAURANTS_2","0.8832311354184252","2","TabICLv2 🗼","MUL_TEXT_MICHELIN_RESTAURANTS","no_text","n305","finished","14","2026-07-24T22:29:08.000Z","2026-07-25 01:29:21"
"iclv2_MUL_TEXT_MICHELIN_RESTAURANTS_2","0.8804609127330139","2","TabICLv2 🗼","MUL_TEXT_MICHELIN_RESTAURANTS","text_only","n305","finished","342","2026-07-24T22:28:39.000Z","2026-07-25 01:34:19"
"real_MUL_TEXT_MICHELIN_RESTAURANTS_2","0.879296507851679","2","RealMLP 🕸","MUL_TEXT_MICHELIN_RESTAURANTS","no_text","nlp-srv3.dds.technion.ac.il","finished","52","2026-07-24T22:28:33.000Z","2026-07-25 01:29:04"
"real_MUL_TEXT_MICHELIN_RESTAURANTS_2","0.8621445258563991","2","RealMLP 🕸","MUL_TEXT_MICHELIN_RESTAURANTS","text_only","n306","finished","359","2026-07-24T22:28:25.000Z","2026-07-25 01:34:23"
"dpt_MUL_TEXT_HOUSES_MELBOURNE_AIRBNB_2","0.8328792750341503","2","TabDPT 6️⃣","MUL_TEXT_HOUSES_MELBOURNE_AIRBNB","no_text","n305","finished","89","2026-07-24T21:53:08.000Z","2026-07-25 00:54:35"
"dpt_MUL_TEXT_HOUSES_MELBOURNE_AIRBNB_2","0.7886105274402179","2","TabDPT 6️⃣","MUL_TEXT_HOUSES_MELBOURNE_AIRBNB","text_only","nlp-srv3.dds.technion.ac.il","finished","2358","2026-07-24T21:52:59.000Z","2026-07-25 01:31:56"
"xgb_MUL_TEXT_HOUSES_MELBOURNE_AIRBNB_2","0.8258400257255094","2","XGBoost 🌲","MUL_TEXT_HOUSES_MELBOURNE_AIRBNB","no_text","n306","finished","19","2026-07-24T21:52:54.000Z","2026-07-25 00:53:09"
"xgb_MUL_TEXT_HOUSES_MELBOURNE_AIRBNB_2","0.7467944961430628","2","XGBoost 🌲","MUL_TEXT_HOUSES_MELBOURNE_AIRBNB","text_only","nlp-srv3.dds.technion.ac.il","finished","2253","2026-07-24T21:52:49.000Z","2026-07-25 01:30:00"
"rf_MUL_TEXT_HOUSES_MELBOURNE_AIRBNB_2","0.8155613568802739","2","RandomForest 🌳","MUL_TEXT_HOUSES_MELBOURNE_AIRBNB","no_text","n306","finished","18","2026-07-24T21:52:33.000Z","2026-07-25 00:52:49"
"rf_MUL_TEXT_HOUSES_MELBOURNE_AIRBNB_2","0.7327928341748013","2","RandomForest 🌳","MUL_TEXT_HOUSES_MELBOURNE_AIRBNB","text_only","n305","finished","1163","2026-07-24T21:52:29.000Z","2026-07-25 01:11:51"
"iclv2_MUL_TEXT_HOUSES_MELBOURNE_AIRBNB_2","0.8540468632481755","2","TabICLv2 🗼","MUL_TEXT_HOUSES_MELBOURNE_AIRBNB","no_text","nlp-srv3.dds.technion.ac.il","finished","16","2026-07-24T21:52:28.000Z","2026-07-25 00:52:24"
"iclv2_MUL_TEXT_HOUSES_MELBOURNE_AIRBNB_2","0.8115721444909566","2","TabICLv2 🗼","MUL_TEXT_HOUSES_MELBOURNE_AIRBNB","text_only","nlp-srv3.dds.technion.ac.il","finished","2338","2026-07-24T21:52:25.000Z","2026-07-25 01:31:02"
"real_MUL_TEXT_HOUSES_MELBOURNE_AIRBNB_2","0.8225773745311085","2","RealMLP 🕸","MUL_TEXT_HOUSES_MELBOURNE_AIRBNB","no_text","nlp-srv3.dds.technion.ac.il","finished","57","2026-07-24T21:52:24.000Z","2026-07-25 00:53:00"
"real_MUL_TEXT_HOUSES_MELBOURNE_AIRBNB_2","0.7656708377807455","2","RealMLP 🕸","MUL_TEXT_HOUSES_MELBOURNE_AIRBNB","text_only","n306","finished","1196","2026-07-24T21:52:19.000Z","2026-07-25 01:12:13"
"dpt_MUL_TEXT_FOOD_YELP_REVIEWS_2","0.594161708637595","2","TabDPT 6️⃣","MUL_TEXT_FOOD_YELP_REVIEWS","no_text","nlp-srv3.dds.technion.ac.il","finished","48","2026-07-24T21:50:09.000Z","2026-07-25 00:50:30"
"dpt_MUL_TEXT_FOOD_YELP_REVIEWS_2","0.8737283523629527","2","TabDPT 6️⃣","MUL_TEXT_FOOD_YELP_REVIEWS","text_only","nlp-srv3.dds.technion.ac.il","finished","107","2026-07-24T21:50:08.000Z","2026-07-25 00:51:28"
"xgb_MUL_TEXT_FOOD_YELP_REVIEWS_2","0.5776700329769975","2","XGBoost 🌲","MUL_TEXT_FOOD_YELP_REVIEWS","no_text","n305","finished","25","2026-07-24T21:50:08.000Z","2026-07-25 00:50:29"
"xgb_MUL_TEXT_FOOD_YELP_REVIEWS_2","0.8513883461740457","2","XGBoost 🌲","MUL_TEXT_FOOD_YELP_REVIEWS","text_only","n306","finished","64","2026-07-24T21:49:54.000Z","2026-07-25 00:50:56"
"rf_MUL_TEXT_FOOD_YELP_REVIEWS_2","0.5657729564761388","2","RandomForest 🌳","MUL_TEXT_FOOD_YELP_REVIEWS","no_text","nlp-srv3.dds.technion.ac.il","finished","12","2026-07-24T21:49:53.000Z","2026-07-25 00:49:43"
"rf_MUL_TEXT_FOOD_YELP_REVIEWS_2","0.8326407485512768","2","RandomForest 🌳","MUL_TEXT_FOOD_YELP_REVIEWS","text_only","nlp-srv3.dds.technion.ac.il","finished","71","2026-07-24T21:49:38.000Z","2026-07-25 00:50:28"
"iclv2_MUL_TEXT_FOOD_YELP_REVIEWS_2","0.5904979739136577","2","TabICLv2 🗼","MUL_TEXT_FOOD_YELP_REVIEWS","no_text","nlp-srv3.dds.technion.ac.il","finished","13","2026-07-24T21:49:37.000Z","2026-07-25 00:49:29"
"real_MUL_TEXT_FOOD_YELP_REVIEWS_2","0.5812168312389988","2","RealMLP 🕸","MUL_TEXT_FOOD_YELP_REVIEWS","no_text","n305","finished","54","2026-07-24T21:49:29.000Z","2026-07-25 00:50:21"
"iclv2_MUL_TEXT_FOOD_YELP_REVIEWS_2","0.8805280125397065","2","TabICLv2 🗼","MUL_TEXT_FOOD_YELP_REVIEWS","text_only","nlp20.iem.technion.ac.il","finished","79","2026-07-24T21:49:29.000Z","2026-07-25 00:50:47"
"real_MUL_TEXT_FOOD_YELP_REVIEWS_2","0.8788509663704452","2","RealMLP 🕸","MUL_TEXT_FOOD_YELP_REVIEWS","text_only","nlp-srv3.dds.technion.ac.il","finished","101","2026-07-24T21:49:24.000Z","2026-07-25 00:50:44"
"dpt_MUL_TEXT_DATA_SCIENTIST_SALARY_2","0.5517621572217054","2","TabDPT 6️⃣","MUL_TEXT_DATA_SCIENTIST_SALARY","no_text","nlp-srv3.dds.technion.ac.il","finished","78","2026-07-24T21:41:14.000Z","2026-07-25 00:42:11"
"dpt_MUL_TEXT_DATA_SCIENTIST_SALARY_2","0.856855962459032","2","TabDPT 6️⃣","MUL_TEXT_DATA_SCIENTIST_SALARY","text_only","nlp-srv3.dds.technion.ac.il","finished","555","2026-07-24T21:41:11.000Z","2026-07-25 00:50:05"
"xgb_MUL_TEXT_DATA_SCIENTIST_SALARY_2","0.5485904924449201","2","XGBoost 🌲","MUL_TEXT_DATA_SCIENTIST_SALARY","no_text","nlp-srv3.dds.technion.ac.il","finished","11","2026-07-24T21:41:06.000Z","2026-07-25 00:40:56"
"xgb_MUL_TEXT_DATA_SCIENTIST_SALARY_2","0.8058369757627668","2","XGBoost 🌲","MUL_TEXT_DATA_SCIENTIST_SALARY","text_only","nlp-srv3.dds.technion.ac.il","finished","468","2026-07-24T21:41:02.000Z","2026-07-25 00:48:28"
"rf_MUL_TEXT_DATA_SCIENTIST_SALARY_2","0.5467230334837063","2","RandomForest 🌳","MUL_TEXT_DATA_SCIENTIST_SALARY","no_text","nlp-srv3.dds.technion.ac.il","finished","11","2026-07-24T21:40:58.000Z","2026-07-25 00:40:48"
"rf_MUL_TEXT_DATA_SCIENTIST_SALARY_2","0.7741193816273082","2","RandomForest 🌳","MUL_TEXT_DATA_SCIENTIST_SALARY","text_only","n306","finished","267","2026-07-24T21:40:54.000Z","2026-07-25 00:45:20"
"iclv2_MUL_TEXT_DATA_SCIENTIST_SALARY_2","0.5482191579909745","2","TabICLv2 🗼","MUL_TEXT_DATA_SCIENTIST_SALARY","no_text","nlp-srv3.dds.technion.ac.il","finished","11","2026-07-24T21:40:46.000Z","2026-07-25 00:40:36"
"iclv2_MUL_TEXT_DATA_SCIENTIST_SALARY_2","0.8414085842759279","2","TabICLv2 🗼","MUL_TEXT_DATA_SCIENTIST_SALARY","text_only","nlp20.iem.technion.ac.il","finished","351","2026-07-24T21:40:45.000Z","2026-07-25 00:46:35"
"real_MUL_TEXT_DATA_SCIENTIST_SALARY_2","0.5438910134708291","2","RealMLP 🕸","MUL_TEXT_DATA_SCIENTIST_SALARY","no_text","nlp-srv3.dds.technion.ac.il","finished","48","2026-07-24T21:40:40.000Z","2026-07-25 00:41:07"
"real_MUL_TEXT_DATA_SCIENTIST_SALARY_2","0.8247020586693822","2","RealMLP 🕸","MUL_TEXT_DATA_SCIENTIST_SALARY","text_only","n306","finished","304","2026-07-24T21:40:38.000Z","2026-07-25 00:45:41"
"dpt_BIN_TEXT_TRANSPORTATION_OSHA_ACCIDENT_INJURY_DATA_2","0.627117108957522","2","TabDPT 6️⃣","BIN_TEXT_TRANSPORTATION_OSHA_ACCIDENT_INJURY_DATA","no_text","n305","finished","92","2026-07-24T21:37:58.000Z","2026-07-25 00:39:29"
"dpt_BIN_TEXT_TRANSPORTATION_OSHA_ACCIDENT_INJURY_DATA_2","0.572882891042478","2","TabDPT 6️⃣","BIN_TEXT_TRANSPORTATION_OSHA_ACCIDENT_INJURY_DATA","text_only","nlp-srv3.dds.technion.ac.il","finished","144","2026-07-24T21:37:58.000Z","2026-07-25 00:40:01"
"xgb_BIN_TEXT_TRANSPORTATION_OSHA_ACCIDENT_INJURY_DATA_2","0.603559460193823","2","XGBoost 🌲","BIN_TEXT_TRANSPORTATION_OSHA_ACCIDENT_INJURY_DATA","no_text","n305","finished","15","2026-07-24T21:37:57.000Z","2026-07-25 00:38:09"
"xgb_BIN_TEXT_TRANSPORTATION_OSHA_ACCIDENT_INJURY_DATA_2","0.5214563898197627","2","XGBoost 🌲","BIN_TEXT_TRANSPORTATION_OSHA_ACCIDENT_INJURY_DATA","text_only","n306","finished","79","2026-07-24T21:37:55.000Z","2026-07-25 00:39:13"
"rf_BIN_TEXT_TRANSPORTATION_OSHA_ACCIDENT_INJURY_DATA_2","0.5702382030613169","2","RandomForest 🌳","BIN_TEXT_TRANSPORTATION_OSHA_ACCIDENT_INJURY_DATA","no_text","nlp-srv3.dds.technion.ac.il","finished","11","2026-07-24T21:37:51.000Z","2026-07-25 00:37:41"
"rf_BIN_TEXT_TRANSPORTATION_OSHA_ACCIDENT_INJURY_DATA_2","0.5392808622407391","2","RandomForest 🌳","BIN_TEXT_TRANSPORTATION_OSHA_ACCIDENT_INJURY_DATA","text_only","n305","finished","82","2026-07-24T21:37:40.000Z","2026-07-25 00:39:01"
"iclv2_BIN_TEXT_TRANSPORTATION_OSHA_ACCIDENT_INJURY_DATA_2","0.6033058599764515","2","TabICLv2 🗼","BIN_TEXT_TRANSPORTATION_OSHA_ACCIDENT_INJURY_DATA","no_text","n306","finished","15","2026-07-24T21:37:34.000Z","2026-07-25 00:37:47"
"iclv2_BIN_TEXT_TRANSPORTATION_OSHA_ACCIDENT_INJURY_DATA_2","0.5756181505298433","2","TabICLv2 🗼","BIN_TEXT_TRANSPORTATION_OSHA_ACCIDENT_INJURY_DATA","text_only","n306","finished","94","2026-07-24T21:37:32.000Z","2026-07-25 00:39:05"
"real_BIN_TEXT_TRANSPORTATION_OSHA_ACCIDENT_INJURY_DATA_2","0.5903994203423604","2","RealMLP 🕸","BIN_TEXT_TRANSPORTATION_OSHA_ACCIDENT_INJURY_DATA","no_text","n306","finished","42","2026-07-24T21:37:30.000Z","2026-07-25 00:38:11"
"real_BIN_TEXT_TRANSPORTATION_OSHA_ACCIDENT_INJURY_DATA_2","0.5248618784530387","2","RealMLP 🕸","BIN_TEXT_TRANSPORTATION_OSHA_ACCIDENT_INJURY_DATA","text_only","n306","finished","108","2026-07-24T21:37:25.000Z","2026-07-25 00:39:12"
"dpt_BIN_TEXT_SOCIAL_IMDB_GENRE_PREDICTION_2","0.8148809523809524","2","TabDPT 6️⃣","BIN_TEXT_SOCIAL_IMDB_GENRE_PREDICTION","no_text","nlp-srv3.dds.technion.ac.il","finished","15","2026-07-24T21:34:21.000Z","2026-07-25 00:34:15"
"xgb_BIN_TEXT_SOCIAL_IMDB_GENRE_PREDICTION_2","0.7660714285714285","2","XGBoost 🌲","BIN_TEXT_SOCIAL_IMDB_GENRE_PREDICTION","no_text","n305","finished","23","2026-07-24T21:34:20.000Z","2026-07-25 00:34:40"
"dpt_BIN_TEXT_SOCIAL_IMDB_GENRE_PREDICTION_2","0.75","2","TabDPT 6️⃣","BIN_TEXT_SOCIAL_IMDB_GENRE_PREDICTION","text_only","n306","finished","42","2026-07-24T21:34:20.000Z","2026-07-25 00:35:00"
"xgb_BIN_TEXT_SOCIAL_IMDB_GENRE_PREDICTION_2","0.6571428571428573","2","XGBoost 🌲","BIN_TEXT_SOCIAL_IMDB_GENRE_PREDICTION","text_only","nlp-srv3.dds.technion.ac.il","finished","35","2026-07-24T21:34:19.000Z","2026-07-25 00:34:33"
"rf_BIN_TEXT_SOCIAL_IMDB_GENRE_PREDICTION_2","0.7895833333333334","2","RandomForest 🌳","BIN_TEXT_SOCIAL_IMDB_GENRE_PREDICTION","no_text","nlp-srv3.dds.technion.ac.il","finished","11","2026-07-24T21:34:12.000Z","2026-07-25 00:34:02"
"rf_BIN_TEXT_SOCIAL_IMDB_GENRE_PREDICTION_2","0.6928571428571428","2","RandomForest 🌳","BIN_TEXT_SOCIAL_IMDB_GENRE_PREDICTION","text_only","n306","finished","29","2026-07-24T21:34:08.000Z","2026-07-25 00:34:35"
"iclv2_BIN_TEXT_SOCIAL_IMDB_GENRE_PREDICTION_2","0.8125","2","TabICLv2 🗼","BIN_TEXT_SOCIAL_IMDB_GENRE_PREDICTION","no_text","nlp-srv3.dds.technion.ac.il","finished","11","2026-07-24T21:34:03.000Z","2026-07-25 00:33:53"
"real_BIN_TEXT_SOCIAL_IMDB_GENRE_PREDICTION_2","0.8095238095238095","2","RealMLP 🕸","BIN_TEXT_SOCIAL_IMDB_GENRE_PREDICTION","no_text","n306","finished","16","2026-07-24T21:33:59.000Z","2026-07-25 00:34:13"
"iclv2_BIN_TEXT_SOCIAL_IMDB_GENRE_PREDICTION_2","0.769047619047619","2","TabICLv2 🗼","BIN_TEXT_SOCIAL_IMDB_GENRE_PREDICTION","text_only","n305","finished","31","2026-07-24T21:33:59.000Z","2026-07-25 00:34:29"
"real_BIN_TEXT_SOCIAL_IMDB_GENRE_PREDICTION_2","0.7035714285714285","2","RealMLP 🕸","BIN_TEXT_SOCIAL_IMDB_GENRE_PREDICTION","text_only","nlp-srv3.dds.technion.ac.il","finished","44","2026-07-24T21:33:56.000Z","2026-07-25 00:34:19"
"dpt_BIN_TEXT_KICKSTARTER_FUNDING_2","0.7176378676470587","2","TabDPT 6️⃣","BIN_TEXT_KICKSTARTER_FUNDING","text_only","nlp-srv3.dds.technion.ac.il","finished","572","2026-07-24T21:29:36.000Z","2026-07-25 00:38:47"
"dpt_BIN_TEXT_KICKSTARTER_FUNDING_2","0.618197380514706","2","TabDPT 6️⃣","BIN_TEXT_KICKSTARTER_FUNDING","no_text","nlp-srv3.dds.technion.ac.il","finished","80","2026-07-24T21:29:36.000Z","2026-07-25 00:30:35"
"xgb_BIN_TEXT_KICKSTARTER_FUNDING_2","0.6087712545955882","2","XGBoost 🌲","BIN_TEXT_KICKSTARTER_FUNDING","no_text","nlp20.iem.technion.ac.il","finished","14","2026-07-24T21:29:29.000Z","2026-07-25 00:29:42"
"xgb_BIN_TEXT_KICKSTARTER_FUNDING_2","0.6878561580882353","2","XGBoost 🌲","BIN_TEXT_KICKSTARTER_FUNDING","text_only","nlp19.iem.technion.ac.il","finished","418","2026-07-24T21:29:27.000Z","2026-07-25 00:36:23"
"rf_BIN_TEXT_KICKSTARTER_FUNDING_2","0.5773466222426471","2","RandomForest 🌳","BIN_TEXT_KICKSTARTER_FUNDING","no_text","nlp19.iem.technion.ac.il","finished","14","2026-07-24T21:29:06.000Z","2026-07-25 00:29:19"
"rf_BIN_TEXT_KICKSTARTER_FUNDING_2","0.692126034007353","2","RandomForest 🌳","BIN_TEXT_KICKSTARTER_FUNDING","text_only","nlp18.iem.technion.ac.il","finished","486","2026-07-24T21:28:54.000Z","2026-07-25 00:36:58"
"iclv2_BIN_TEXT_KICKSTARTER_FUNDING_2","0.6187930836397059","2","TabICLv2 🗼","BIN_TEXT_KICKSTARTER_FUNDING","no_text","nlp19.iem.technion.ac.il","finished","16","2026-07-24T21:28:44.000Z","2026-07-25 00:28:59"
"iclv2_BIN_TEXT_KICKSTARTER_FUNDING_2","0.7368767233455882","2","TabICLv2 🗼","BIN_TEXT_KICKSTARTER_FUNDING","text_only","nlp18.iem.technion.ac.il","finished","490","2026-07-24T21:28:27.000Z","2026-07-25 00:36:35"
"real_BIN_TEXT_KICKSTARTER_FUNDING_2","0.6144456571691177","2","RealMLP 🕸","BIN_TEXT_KICKSTARTER_FUNDING","no_text","nlp20.iem.technion.ac.il","finished","62","2026-07-24T21:28:21.000Z","2026-07-25 00:29:22"
"real_BIN_TEXT_KICKSTARTER_FUNDING_2","0.701916934742647","2","RealMLP 🕸","BIN_TEXT_KICKSTARTER_FUNDING","text_only","n305","finished","310","2026-07-24T21:28:15.000Z","2026-07-25 00:33:24"
"dpt_BIN_TEXT_JIGSAW_TOXICITY_2","0.5654755669617136","2","TabDPT 6️⃣","BIN_TEXT_JIGSAW_TOXICITY","no_text","n306","finished","159","2026-07-24T21:21:55.000Z","2026-07-25 00:24:33"
"dpt_BIN_TEXT_JIGSAW_TOXICITY_2","0.8025061540878855","2","TabDPT 6️⃣","BIN_TEXT_JIGSAW_TOXICITY","text_only","n305","finished","194","2026-07-24T21:21:40.000Z","2026-07-25 00:24:53"
"xgb_BIN_TEXT_JIGSAW_TOXICITY_2","0.5856858534541456","2","XGBoost 🌲","BIN_TEXT_JIGSAW_TOXICITY","no_text","n306","finished","17","2026-07-24T21:21:34.000Z","2026-07-25 00:21:48"
"xgb_BIN_TEXT_JIGSAW_TOXICITY_2","0.794265786763037","2","XGBoost 🌲","BIN_TEXT_JIGSAW_TOXICITY","text_only","nlp18.iem.technion.ac.il","finished","197","2026-07-24T21:21:32.000Z","2026-07-25 00:24:48"
"rf_BIN_TEXT_JIGSAW_TOXICITY_2","0.5757345624050698","2","RandomForest 🌳","BIN_TEXT_JIGSAW_TOXICITY","no_text","n306","finished","16","2026-07-24T21:21:12.000Z","2026-07-25 00:21:26"
"real_BIN_TEXT_JIGSAW_TOXICITY_2","0.8183583861450094","2","RealMLP 🕸","BIN_TEXT_JIGSAW_TOXICITY","text_only","n306","finished","164","2026-07-24T21:20:55.000Z","2026-07-25 00:23:37"
"rf_BIN_TEXT_JIGSAW_TOXICITY_2","0.7724711499851603","2","RandomForest 🌳","BIN_TEXT_JIGSAW_TOXICITY","text_only","n305","finished","131","2026-07-24T21:18:30.000Z","2026-07-25 00:20:40"
"iclv2_BIN_TEXT_JIGSAW_TOXICITY_2","0.5474563103406135","2","TabICLv2 🗼","BIN_TEXT_JIGSAW_TOXICITY","no_text","n305","finished","18","2026-07-24T21:18:09.000Z","2026-07-25 00:18:25"
"iclv2_BIN_TEXT_JIGSAW_TOXICITY_2","0.8302279194818345","2","TabICLv2 🗼","BIN_TEXT_JIGSAW_TOXICITY","text_only","nlp18.iem.technion.ac.il","finished","207","2026-07-24T21:18:02.000Z","2026-07-25 00:21:28"
"real_BIN_TEXT_JIGSAW_TOXICITY_2","0.5777968365369507","2","RealMLP 🕸","BIN_TEXT_JIGSAW_TOXICITY","no_text","nlp20.iem.technion.ac.il","finished","76","2026-07-24T21:15:18.000Z","2026-07-25 00:16:16"
"dpt_BIN_TEXT_FINANCIAL_CONSUMER_COMPLAINT_2","0.841284095347349","2","TabDPT 6️⃣","BIN_TEXT_FINANCIAL_CONSUMER_COMPLAINT","no_text","n306","finished","123","2026-07-24T21:08:12.000Z","2026-07-25 00:10:13"
"dpt_BIN_TEXT_FINANCIAL_CONSUMER_COMPLAINT_2","0.8563037262569093","2","TabDPT 6️⃣","BIN_TEXT_FINANCIAL_CONSUMER_COMPLAINT","text_only","n305","finished","457","2026-07-24T21:08:11.000Z","2026-07-25 00:15:40"
"xgb_BIN_TEXT_FINANCIAL_CONSUMER_COMPLAINT_2","0.8479671810809142","2","XGBoost 🌲","BIN_TEXT_FINANCIAL_CONSUMER_COMPLAINT","no_text","nlp20.iem.technion.ac.il","finished","48","2026-07-24T21:08:01.000Z","2026-07-25 00:08:47"
"xgb_BIN_TEXT_FINANCIAL_CONSUMER_COMPLAINT_2","0.8848709832602353","2","XGBoost 🌲","BIN_TEXT_FINANCIAL_CONSUMER_COMPLAINT","text_only","n305","finished","299","2026-07-24T21:07:35.000Z","2026-07-25 00:12:32"
"rf_BIN_TEXT_FINANCIAL_CONSUMER_COMPLAINT_2","0.7016864410810261","2","RandomForest 🌳","BIN_TEXT_FINANCIAL_CONSUMER_COMPLAINT","no_text","n306","finished","45","2026-07-24T21:07:30.000Z","2026-07-25 00:08:13"
"rf_BIN_TEXT_FINANCIAL_CONSUMER_COMPLAINT_2","0.8806218983768168","2","RandomForest 🌳","BIN_TEXT_FINANCIAL_CONSUMER_COMPLAINT","text_only","n305","finished","306","2026-07-24T21:07:11.000Z","2026-07-25 00:12:15"
"iclv2_BIN_TEXT_FINANCIAL_CONSUMER_COMPLAINT_2","0.8624231888303682","2","TabICLv2 🗼","BIN_TEXT_FINANCIAL_CONSUMER_COMPLAINT","no_text","n305","finished","49","2026-07-24T21:06:18.000Z","2026-07-25 00:07:03"
"iclv2_BIN_TEXT_FINANCIAL_CONSUMER_COMPLAINT_2","0.8986876996469972","2","TabICLv2 🗼","BIN_TEXT_FINANCIAL_CONSUMER_COMPLAINT","text_only","n306","finished","318","2026-07-24T21:06:08.000Z","2026-07-25 00:11:24"
"real_BIN_TEXT_FINANCIAL_CONSUMER_COMPLAINT_2","0.8530281109141025","2","RealMLP 🕸","BIN_TEXT_FINANCIAL_CONSUMER_COMPLAINT","no_text","n306","finished","97","2026-07-24T21:05:50.000Z","2026-07-25 00:07:26"
"real_BIN_TEXT_FINANCIAL_CONSUMER_COMPLAINT_2","0.8840325720351049","2","RealMLP 🕸","BIN_TEXT_FINANCIAL_CONSUMER_COMPLAINT","text_only","n305","finished","344","2026-07-24T21:05:46.000Z","2026-07-25 00:11:28"
"dpt_BIN_TEXT_FAKE_JOB_POSTING_2","0.6688718867481203","2","TabDPT 6️⃣","BIN_TEXT_FAKE_JOB_POSTING","no_text","n306","finished","63","2026-07-24T20:55:37.000Z","2026-07-24 23:56:39"
"dpt_BIN_TEXT_FAKE_JOB_POSTING_2","0.943109727443609","2","TabDPT 6️⃣","BIN_TEXT_FAKE_JOB_POSTING","text_only","nlp20.iem.technion.ac.il","finished","373","2026-07-24T20:55:19.000Z","2026-07-25 00:01:30"
"xgb_BIN_TEXT_FAKE_JOB_POSTING_2","0.9036654135338346","2","XGBoost 🌲","BIN_TEXT_FAKE_JOB_POSTING","text_only","n305","finished","170","2026-07-24T20:54:57.000Z","2026-07-24 23:57:46"
"xgb_BIN_TEXT_FAKE_JOB_POSTING_2","0.6549209938909775","2","XGBoost 🌲","BIN_TEXT_FAKE_JOB_POSTING","no_text","nlp20.iem.technion.ac.il","finished","15","2026-07-24T20:54:57.000Z","2026-07-24 23:55:10"
"rf_BIN_TEXT_FAKE_JOB_POSTING_2","0.6551265859962405","2","RandomForest 🌳","BIN_TEXT_FAKE_JOB_POSTING","no_text","n305","finished","13","2026-07-24T20:54:36.000Z","2026-07-24 23:54:48"
"rf_BIN_TEXT_FAKE_JOB_POSTING_2","0.8941494360902256","2","RandomForest 🌳","BIN_TEXT_FAKE_JOB_POSTING","text_only","nlp18.iem.technion.ac.il","finished","282","2026-07-24T20:54:24.000Z","2026-07-24 23:59:05"
"iclv2_BIN_TEXT_FAKE_JOB_POSTING_2","0.6707075305451127","2","TabICLv2 🗼","BIN_TEXT_FAKE_JOB_POSTING","no_text","nlp18.iem.technion.ac.il","finished","20","2026-07-24T20:53:57.000Z","2026-07-24 23:54:16"
"iclv2_BIN_TEXT_FAKE_JOB_POSTING_2","0.9531984257518796","2","TabICLv2 🗼","BIN_TEXT_FAKE_JOB_POSTING","text_only","n306","finished","182","2026-07-24T20:53:39.000Z","2026-07-24 23:56:40"
"real_BIN_TEXT_FAKE_JOB_POSTING_2","0.660170935150376","2","RealMLP 🕸","BIN_TEXT_FAKE_JOB_POSTING","no_text","n305","finished","58","2026-07-24T20:53:32.000Z","2026-07-24 23:54:28"
"real_BIN_TEXT_FAKE_JOB_POSTING_2","0.8832383693609023","2","RealMLP 🕸","BIN_TEXT_FAKE_JOB_POSTING","text_only","n305","finished","217","2026-07-24T20:53:27.000Z","2026-07-24 23:57:02"