"Name","test_score","fold","model","dataset","multimodal_state","Hostname","State","Runtime","Created","timestamp"
"dpt_REG_TEXT_VIDEO_GAMES_SALES_4","0.2272342484605744","4","TabDPT 6️⃣","REG_TEXT_VIDEO_GAMES_SALES","text_only","nlp-srv3.dds.technion.ac.il","finished","247","2026-07-25T14:23:10.000Z","2026-07-25 17:26:55"
"xgb_REG_TEXT_VIDEO_GAMES_SALES_4","0.08156410559555038","4","XGBoost 🌲","REG_TEXT_VIDEO_GAMES_SALES","text_only","n306","finished","112","2026-07-25T14:23:03.000Z","2026-07-25 17:24:53"
"dpt_REG_TEXT_VANCOUVER_SALARIES_4","0.6027482363185079","4","TabDPT 6️⃣","REG_TEXT_VANCOUVER_SALARIES","text_only","n306","finished","575","2026-07-25T14:22:19.000Z","2026-07-25 17:31:52"
"real_REG_TEXT_TRANSPORTATION_USED_CAR_SAUDI_ARABIA_4","0.1376437544822693","4","RealMLP 🕸","REG_TEXT_TRANSPORTATION_USED_CAR_SAUDI_ARABIA","text_only","nlp-srv3.dds.technion.ac.il","finished","62","2026-07-25T14:19:37.000Z","2026-07-25 17:20:17"
"real_REG_TEXT_TRANSPORTATION_USED_CAR_PAKISTAN_4","0.7903428558386826","4","RealMLP 🕸","REG_TEXT_TRANSPORTATION_USED_CAR_PAKISTAN","text_only","n306","finished","164","2026-07-25T14:17:48.000Z","2026-07-25 17:20:30"
"real_REG_TEXT_PROFESSIONAL_COMPANY_EMPLOYEES_SIZE_4","0.01222097873687744","4","RealMLP 🕸","REG_TEXT_PROFESSIONAL_COMPANY_EMPLOYEES_SIZE","no_text","nlp-srv3.dds.technion.ac.il","finished","107","2026-07-25T14:02:40.000Z","2026-07-25 17:04:05"
"dpt_REG_TEXT_ZOMATO_RESTAURANTS_4","0.6612674386590721","4","TabDPT 6️⃣","REG_TEXT_ZOMATO_RESTAURANTS","no_text","nlp-srv3.dds.technion.ac.il","finished","372","2026-07-25T09:01:49.000Z","2026-07-25 12:07:39"
"dpt_REG_TEXT_ZOMATO_RESTAURANTS_4","0.8155680750226246","4","TabDPT 6️⃣","REG_TEXT_ZOMATO_RESTAURANTS","text_only","nlp-srv3.dds.technion.ac.il","finished","772","2026-07-25T09:01:43.000Z","2026-07-25 12:14:13"
"xgb_REG_TEXT_ZOMATO_RESTAURANTS_4","0.6336794841079139","4","XGBoost 🌲","REG_TEXT_ZOMATO_RESTAURANTS","no_text","nlp-srv3.dds.technion.ac.il","finished","14","2026-07-25T09:01:39.000Z","2026-07-25 12:01:31"
"xgb_REG_TEXT_ZOMATO_RESTAURANTS_4","0.7849423580183642","4","XGBoost 🌲","REG_TEXT_ZOMATO_RESTAURANTS","text_only","n306","finished","536","2026-07-25T09:01:37.000Z","2026-07-25 12:10:31"
"rf_REG_TEXT_ZOMATO_RESTAURANTS_4","0.6462363378208933","4","RandomForest 🌳","REG_TEXT_ZOMATO_RESTAURANTS","no_text","nlp-srv3.dds.technion.ac.il","finished","15","2026-07-25T09:01:22.000Z","2026-07-25 12:01:16"
"rf_REG_TEXT_ZOMATO_RESTAURANTS_4","0.7404349530579493","4","RandomForest 🌳","REG_TEXT_ZOMATO_RESTAURANTS","text_only","n306","finished","663","2026-07-25T09:01:07.000Z","2026-07-25 12:12:09"
"iclv2_REG_TEXT_ZOMATO_RESTAURANTS_4","0.7297211121479923","4","TabICLv2 🗼","REG_TEXT_ZOMATO_RESTAURANTS","no_text","nlp-srv3.dds.technion.ac.il","finished","16","2026-07-25T09:01:01.000Z","2026-07-25 12:00:55"
"iclv2_REG_TEXT_ZOMATO_RESTAURANTS_4","0.8605474468860741","4","TabICLv2 🗼","REG_TEXT_ZOMATO_RESTAURANTS","text_only","n306","finished","569","2026-07-25T09:00:44.000Z","2026-07-25 12:10:11"
"real_REG_TEXT_ZOMATO_RESTAURANTS_4","0.6196212643936406","4","RealMLP 🕸","REG_TEXT_ZOMATO_RESTAURANTS","no_text","n306","finished","76","2026-07-25T08:59:48.000Z","2026-07-25 12:01:03"
"real_REG_TEXT_ZOMATO_RESTAURANTS_4","0.8182687352173069","4","RealMLP 🕸","REG_TEXT_ZOMATO_RESTAURANTS","text_only","nlp-srv3.dds.technion.ac.il","finished","699","2026-07-25T08:58:28.000Z","2026-07-25 12:09:45"
"dpt_REG_TEXT_VIDEO_GAMES_SALES_4","0.08895856238433753","4","TabDPT 6️⃣","REG_TEXT_VIDEO_GAMES_SALES","no_text","nlp-srv3.dds.technion.ac.il","finished","388","2026-07-25T08:49:51.000Z","2026-07-25 11:55:57"
"xgb_REG_TEXT_VIDEO_GAMES_SALES_4","0.026730999479730788","4","XGBoost 🌲","REG_TEXT_VIDEO_GAMES_SALES","no_text","nlp-srv3.dds.technion.ac.il","finished","11","2026-07-25T08:49:43.000Z","2026-07-25 11:49:32"
"rf_REG_TEXT_VIDEO_GAMES_SALES_4","-0.06711101067537362","4","RandomForest 🌳","REG_TEXT_VIDEO_GAMES_SALES","no_text","n306","finished","12","2026-07-25T08:49:14.000Z","2026-07-25 11:49:25"
"rf_REG_TEXT_VIDEO_GAMES_SALES_4","0.05665386594847177","4","RandomForest 🌳","REG_TEXT_VIDEO_GAMES_SALES","text_only","nlp-srv3.dds.technion.ac.il","finished","235","2026-07-25T08:49:01.000Z","2026-07-25 11:52:34"
"iclv2_REG_TEXT_VIDEO_GAMES_SALES_4","0.08182510233686424","4","TabICLv2 🗼","REG_TEXT_VIDEO_GAMES_SALES","no_text","n306","finished","13","2026-07-25T08:48:57.000Z","2026-07-25 11:49:09"
"iclv2_REG_TEXT_VIDEO_GAMES_SALES_4","0.20876071271408037","4","TabICLv2 🗼","REG_TEXT_VIDEO_GAMES_SALES","text_only","nlp-srv3.dds.technion.ac.il","finished","201","2026-07-25T08:48:49.000Z","2026-07-25 11:51:49"
"real_REG_TEXT_VIDEO_GAMES_SALES_4","0.04351226517150353","4","RealMLP 🕸","REG_TEXT_VIDEO_GAMES_SALES","no_text","nlp-srv3.dds.technion.ac.il","finished","52","2026-07-25T08:48:29.000Z","2026-07-25 11:48:59"
"real_REG_TEXT_VIDEO_GAMES_SALES_4","-0.08224369524427755","4","RealMLP 🕸","REG_TEXT_VIDEO_GAMES_SALES","text_only","n306","finished","156","2026-07-25T08:48:25.000Z","2026-07-25 11:50:59"
"dpt_REG_TEXT_VANCOUVER_SALARIES_4","0.30434851236672067","4","TabDPT 6️⃣","REG_TEXT_VANCOUVER_SALARIES","no_text","n306","finished","487","2026-07-25T08:42:31.000Z","2026-07-25 11:50:37"
"xgb_REG_TEXT_VANCOUVER_SALARIES_4","0.2964441923387878","4","XGBoost 🌲","REG_TEXT_VANCOUVER_SALARIES","no_text","n306","finished","15","2026-07-25T08:42:22.000Z","2026-07-25 11:42:34"
"xgb_REG_TEXT_VANCOUVER_SALARIES_4","0.5630797671031896","4","XGBoost 🌲","REG_TEXT_VANCOUVER_SALARIES","text_only","nlp20.iem.technion.ac.il","finished","143","2026-07-25T08:42:21.000Z","2026-07-25 11:44:43"
"rf_REG_TEXT_VANCOUVER_SALARIES_4","0.24010780893831696","4","RandomForest 🌳","REG_TEXT_VANCOUVER_SALARIES","no_text","n306","finished","13","2026-07-25T08:42:19.000Z","2026-07-25 11:42:31"
"rf_REG_TEXT_VANCOUVER_SALARIES_4","0.5767942503852046","4","RandomForest 🌳","REG_TEXT_VANCOUVER_SALARIES","text_only","nlp-srv3.dds.technion.ac.il","finished","250","2026-07-25T08:42:11.000Z","2026-07-25 11:45:59"
"iclv2_REG_TEXT_VANCOUVER_SALARIES_4","0.30657428354974126","4","TabICLv2 🗼","REG_TEXT_VANCOUVER_SALARIES","no_text","n306","finished","14","2026-07-25T08:42:06.000Z","2026-07-25 11:42:19"
"iclv2_REG_TEXT_VANCOUVER_SALARIES_4","0.6316337904688041","4","TabICLv2 🗼","REG_TEXT_VANCOUVER_SALARIES","text_only","n306","finished","123","2026-07-25T08:42:02.000Z","2026-07-25 11:44:03"
"real_REG_TEXT_VANCOUVER_SALARIES_4","0.25144180244902703","4","RealMLP 🕸","REG_TEXT_VANCOUVER_SALARIES","no_text","n306","finished","63","2026-07-25T08:41:57.000Z","2026-07-25 11:42:58"
"real_REG_TEXT_VANCOUVER_SALARIES_4","0.5965887786190309","4","RealMLP 🕸","REG_TEXT_VANCOUVER_SALARIES","text_only","nlp-srv3.dds.technion.ac.il","finished","242","2026-07-25T08:41:39.000Z","2026-07-25 11:45:19"
"dpt_REG_TEXT_TRANSPORTATION_USED_CAR_SAUDI_ARABIA_4","0.8550468683242798","4","TabDPT 6️⃣","REG_TEXT_TRANSPORTATION_USED_CAR_SAUDI_ARABIA","no_text","nlp-srv3.dds.technion.ac.il","finished","173","2026-07-25T08:37:23.000Z","2026-07-25 11:39:54"
"dpt_REG_TEXT_TRANSPORTATION_USED_CAR_SAUDI_ARABIA_4","0.15753501653671265","4","TabDPT 6️⃣","REG_TEXT_TRANSPORTATION_USED_CAR_SAUDI_ARABIA","text_only","nlp20.iem.technion.ac.il","finished","295","2026-07-25T08:37:18.000Z","2026-07-25 11:42:12"
"xgb_REG_TEXT_TRANSPORTATION_USED_CAR_SAUDI_ARABIA_4","0.8276705145835876","4","XGBoost 🌲","REG_TEXT_TRANSPORTATION_USED_CAR_SAUDI_ARABIA","no_text","nlp-srv3.dds.technion.ac.il","finished","12","2026-07-25T08:37:09.000Z","2026-07-25 11:36:59"
"xgb_REG_TEXT_TRANSPORTATION_USED_CAR_SAUDI_ARABIA_4","0.15756773948669434","4","XGBoost 🌲","REG_TEXT_TRANSPORTATION_USED_CAR_SAUDI_ARABIA","text_only","nlp-srv3.dds.technion.ac.il","finished","79","2026-07-25T08:37:08.000Z","2026-07-25 11:38:06"
"rf_REG_TEXT_TRANSPORTATION_USED_CAR_SAUDI_ARABIA_4","0.7982817607342335","4","RandomForest 🌳","REG_TEXT_TRANSPORTATION_USED_CAR_SAUDI_ARABIA","no_text","n306","finished","26","2026-07-25T08:37:04.000Z","2026-07-25 11:37:28"
"rf_REG_TEXT_TRANSPORTATION_USED_CAR_SAUDI_ARABIA_4","0.15855405900843267","4","RandomForest 🌳","REG_TEXT_TRANSPORTATION_USED_CAR_SAUDI_ARABIA","text_only","nlp-srv3.dds.technion.ac.il","finished","63","2026-07-25T08:36:49.000Z","2026-07-25 11:37:30"
"iclv2_REG_TEXT_TRANSPORTATION_USED_CAR_SAUDI_ARABIA_4","0.8563770055770874","4","TabICLv2 🗼","REG_TEXT_TRANSPORTATION_USED_CAR_SAUDI_ARABIA","no_text","nlp-srv3.dds.technion.ac.il","finished","16","2026-07-25T08:36:48.000Z","2026-07-25 11:36:42"
"iclv2_REG_TEXT_TRANSPORTATION_USED_CAR_SAUDI_ARABIA_4","0.16300559043884277","4","TabICLv2 🗼","REG_TEXT_TRANSPORTATION_USED_CAR_SAUDI_ARABIA","text_only","nlp-srv3.dds.technion.ac.il","finished","64","2026-07-25T08:36:42.000Z","2026-07-25 11:37:24"
"real_REG_TEXT_TRANSPORTATION_USED_CAR_SAUDI_ARABIA_4","0.8799341917037964","4","RealMLP 🕸","REG_TEXT_TRANSPORTATION_USED_CAR_SAUDI_ARABIA","no_text","nlp-srv3.dds.technion.ac.il","finished","42","2026-07-25T08:36:41.000Z","2026-07-25 11:37:02"
"dpt_REG_TEXT_TRANSPORTATION_USED_CAR_PAKISTAN_4","0.8020687234056967","4","TabDPT 6️⃣","REG_TEXT_TRANSPORTATION_USED_CAR_PAKISTAN","no_text","n306","finished","562","2026-07-25T08:32:32.000Z","2026-07-25 11:41:52"
"dpt_REG_TEXT_TRANSPORTATION_USED_CAR_PAKISTAN_4","0.5572115035294445","4","TabDPT 6️⃣","REG_TEXT_TRANSPORTATION_USED_CAR_PAKISTAN","text_only","n306","finished","657","2026-07-25T08:32:22.000Z","2026-07-25 11:43:18"
"xgb_REG_TEXT_TRANSPORTATION_USED_CAR_PAKISTAN_4","0.927106147774873","4","XGBoost 🌲","REG_TEXT_TRANSPORTATION_USED_CAR_PAKISTAN","no_text","nlp-srv3.dds.technion.ac.il","finished","11","2026-07-25T08:32:17.000Z","2026-07-25 11:32:07"
"xgb_REG_TEXT_TRANSPORTATION_USED_CAR_PAKISTAN_4","0.8112710803265752","4","XGBoost 🌲","REG_TEXT_TRANSPORTATION_USED_CAR_PAKISTAN","text_only","nlp-srv3.dds.technion.ac.il","finished","234","2026-07-25T08:32:09.000Z","2026-07-25 11:35:41"
"rf_REG_TEXT_TRANSPORTATION_USED_CAR_PAKISTAN_4","0.912198898009516","4","RandomForest 🌳","REG_TEXT_TRANSPORTATION_USED_CAR_PAKISTAN","no_text","nlp-srv3.dds.technion.ac.il","finished","13","2026-07-25T08:32:01.000Z","2026-07-25 11:31:52"
"rf_REG_TEXT_TRANSPORTATION_USED_CAR_PAKISTAN_4","0.8646887856147727","4","RandomForest 🌳","REG_TEXT_TRANSPORTATION_USED_CAR_PAKISTAN","text_only","nlp-srv3.dds.technion.ac.il","finished","158","2026-07-25T08:31:57.000Z","2026-07-25 11:34:13"
"iclv2_REG_TEXT_TRANSPORTATION_USED_CAR_PAKISTAN_4","0.9155027558501434","4","TabICLv2 🗼","REG_TEXT_TRANSPORTATION_USED_CAR_PAKISTAN","no_text","n306","finished","28","2026-07-25T08:31:50.000Z","2026-07-25 11:32:17"
"iclv2_REG_TEXT_TRANSPORTATION_USED_CAR_PAKISTAN_4","0.7615097886492354","4","TabICLv2 🗼","REG_TEXT_TRANSPORTATION_USED_CAR_PAKISTAN","text_only","n306","finished","119","2026-07-25T08:31:44.000Z","2026-07-25 11:33:42"
"real_REG_TEXT_TRANSPORTATION_USED_CAR_PAKISTAN_4","0.9095095790781436","4","RealMLP 🕸","REG_TEXT_TRANSPORTATION_USED_CAR_PAKISTAN","no_text","nlp-srv3.dds.technion.ac.il","finished","53","2026-07-25T08:31:35.000Z","2026-07-25 11:32:07"
"dpt_REG_TEXT_TRANSPORTATION_USED_CAR_MERCEDES_BENZ_ITALY_4","0.8476988077163696","4","TabDPT 6️⃣","REG_TEXT_TRANSPORTATION_USED_CAR_MERCEDES_BENZ_ITALY","no_text","nlp-srv3.dds.technion.ac.il","finished","411","2026-07-25T08:26:27.000Z","2026-07-25 11:32:56"
"dpt_REG_TEXT_TRANSPORTATION_USED_CAR_MERCEDES_BENZ_ITALY_4","0.7316451072692871","4","TabDPT 6️⃣","REG_TEXT_TRANSPORTATION_USED_CAR_MERCEDES_BENZ_ITALY","text_only","n306","finished","445","2026-07-25T08:26:14.000Z","2026-07-25 11:33:38"
"xgb_REG_TEXT_TRANSPORTATION_USED_CAR_MERCEDES_BENZ_ITALY_4","0.8402819633483887","4","XGBoost 🌲","REG_TEXT_TRANSPORTATION_USED_CAR_MERCEDES_BENZ_ITALY","no_text","n306","finished","64","2026-07-25T08:26:13.000Z","2026-07-25 11:27:14"
"xgb_REG_TEXT_TRANSPORTATION_USED_CAR_MERCEDES_BENZ_ITALY_4","0.8711484670639038","4","XGBoost 🌲","REG_TEXT_TRANSPORTATION_USED_CAR_MERCEDES_BENZ_ITALY","text_only","nlp-srv3.dds.technion.ac.il","finished","97","2026-07-25T08:26:12.000Z","2026-07-25 11:27:27"
"rf_REG_TEXT_TRANSPORTATION_USED_CAR_MERCEDES_BENZ_ITALY_4","0.8249072017886614","4","RandomForest 🌳","REG_TEXT_TRANSPORTATION_USED_CAR_MERCEDES_BENZ_ITALY","no_text","n306","finished","14","2026-07-25T08:25:53.000Z","2026-07-25 11:26:05"
"rf_REG_TEXT_TRANSPORTATION_USED_CAR_MERCEDES_BENZ_ITALY_4","0.8800524244448075","4","RandomForest 🌳","REG_TEXT_TRANSPORTATION_USED_CAR_MERCEDES_BENZ_ITALY","text_only","nlp-srv3.dds.technion.ac.il","finished","78","2026-07-25T08:25:47.000Z","2026-07-25 11:26:43"
"iclv2_REG_TEXT_TRANSPORTATION_USED_CAR_MERCEDES_BENZ_ITALY_4","0.8615480661392212","4","TabICLv2 🗼","REG_TEXT_TRANSPORTATION_USED_CAR_MERCEDES_BENZ_ITALY","no_text","n306","finished","14","2026-07-25T08:25:42.000Z","2026-07-25 11:25:55"
"iclv2_REG_TEXT_TRANSPORTATION_USED_CAR_MERCEDES_BENZ_ITALY_4","0.9088000655174256","4","TabICLv2 🗼","REG_TEXT_TRANSPORTATION_USED_CAR_MERCEDES_BENZ_ITALY","text_only","n306","finished","68","2026-07-25T08:25:21.000Z","2026-07-25 11:26:28"
"real_REG_TEXT_TRANSPORTATION_USED_CAR_MERCEDES_BENZ_ITALY_4","0.8156511783599854","4","RealMLP 🕸","REG_TEXT_TRANSPORTATION_USED_CAR_MERCEDES_BENZ_ITALY","no_text","nlp-srv3.dds.technion.ac.il","finished","47","2026-07-25T08:25:20.000Z","2026-07-25 11:25:45"
"real_REG_TEXT_TRANSPORTATION_USED_CAR_MERCEDES_BENZ_ITALY_4","0.8941091895103455","4","RealMLP 🕸","REG_TEXT_TRANSPORTATION_USED_CAR_MERCEDES_BENZ_ITALY","text_only","n306","finished","110","2026-07-25T08:25:13.000Z","2026-07-25 11:27:02"
"dpt_REG_TEXT_SPORTS_NBA_DRAFT_VALUE_OVER_REPLACEMENT_4","0.2075173649469851","4","TabDPT 6️⃣","REG_TEXT_SPORTS_NBA_DRAFT_VALUE_OVER_REPLACEMENT","text_only","n306","finished","33","2026-07-25T08:22:13.000Z","2026-07-25 11:22:45"
"dpt_REG_TEXT_SPORTS_NBA_DRAFT_VALUE_OVER_REPLACEMENT_4","0.9086584525597208","4","TabDPT 6️⃣","REG_TEXT_SPORTS_NBA_DRAFT_VALUE_OVER_REPLACEMENT","no_text","nlp-srv3.dds.technion.ac.il","finished","17","2026-07-25T08:22:13.000Z","2026-07-25 11:22:09"
"xgb_REG_TEXT_SPORTS_NBA_DRAFT_VALUE_OVER_REPLACEMENT_4","0.9795031899064268","4","XGBoost 🌲","REG_TEXT_SPORTS_NBA_DRAFT_VALUE_OVER_REPLACEMENT","no_text","n306","finished","15","2026-07-25T08:22:04.000Z","2026-07-25 11:22:16"
"xgb_REG_TEXT_SPORTS_NBA_DRAFT_VALUE_OVER_REPLACEMENT_4","0.03440339261173053","4","XGBoost 🌲","REG_TEXT_SPORTS_NBA_DRAFT_VALUE_OVER_REPLACEMENT","text_only","nlp-srv3.dds.technion.ac.il","finished","29","2026-07-25T08:22:03.000Z","2026-07-25 11:22:10"
"rf_REG_TEXT_SPORTS_NBA_DRAFT_VALUE_OVER_REPLACEMENT_4","0.9857948060048624","4","RandomForest 🌳","REG_TEXT_SPORTS_NBA_DRAFT_VALUE_OVER_REPLACEMENT","no_text","nlp-srv3.dds.technion.ac.il","finished","12","2026-07-25T08:22:01.000Z","2026-07-25 11:21:51"
"rf_REG_TEXT_SPORTS_NBA_DRAFT_VALUE_OVER_REPLACEMENT_4","0.16881098702495212","4","RandomForest 🌳","REG_TEXT_SPORTS_NBA_DRAFT_VALUE_OVER_REPLACEMENT","text_only","nlp-srv3.dds.technion.ac.il","finished","35","2026-07-25T08:22:00.000Z","2026-07-25 11:22:14"
"iclv2_REG_TEXT_SPORTS_NBA_DRAFT_VALUE_OVER_REPLACEMENT_4","0.9994467321907388","4","TabICLv2 🗼","REG_TEXT_SPORTS_NBA_DRAFT_VALUE_OVER_REPLACEMENT","no_text","nlp-srv3.dds.technion.ac.il","finished","13","2026-07-25T08:21:57.000Z","2026-07-25 11:21:49"
"iclv2_REG_TEXT_SPORTS_NBA_DRAFT_VALUE_OVER_REPLACEMENT_4","0.25656300680815025","4","TabICLv2 🗼","REG_TEXT_SPORTS_NBA_DRAFT_VALUE_OVER_REPLACEMENT","text_only","n306","finished","31","2026-07-25T08:21:54.000Z","2026-07-25 11:22:24"
"real_REG_TEXT_SPORTS_NBA_DRAFT_VALUE_OVER_REPLACEMENT_4","0.994390895938814","4","RealMLP 🕸","REG_TEXT_SPORTS_NBA_DRAFT_VALUE_OVER_REPLACEMENT","no_text","n306","finished","23","2026-07-25T08:21:46.000Z","2026-07-25 11:22:08"
"real_REG_TEXT_SPORTS_NBA_DRAFT_VALUE_OVER_REPLACEMENT_4","0.0067169992863824746","4","RealMLP 🕸","REG_TEXT_SPORTS_NBA_DRAFT_VALUE_OVER_REPLACEMENT","text_only","n306","finished","36","2026-07-25T08:21:41.000Z","2026-07-25 11:22:16"
"dpt_REG_TEXT_SPORTS_FIFA22_WAGES_4","0.7096470825201676","4","TabDPT 6️⃣","REG_TEXT_SPORTS_FIFA22_WAGES","no_text","nlp20.iem.technion.ac.il","finished","552","2026-07-25T08:18:16.000Z","2026-07-25 11:27:27"
"xgb_REG_TEXT_SPORTS_FIFA22_WAGES_4","0.7548392739893075","4","XGBoost 🌲","REG_TEXT_SPORTS_FIFA22_WAGES","no_text","n306","finished","15","2026-07-25T08:18:11.000Z","2026-07-25 11:18:23"
"dpt_REG_TEXT_SPORTS_FIFA22_WAGES_4","0.050670911660142925","4","TabDPT 6️⃣","REG_TEXT_SPORTS_FIFA22_WAGES","text_only","n306","finished","506","2026-07-25T08:18:11.000Z","2026-07-25 11:26:35"
"xgb_REG_TEXT_SPORTS_FIFA22_WAGES_4","0.04566572509735656","4","XGBoost 🌲","REG_TEXT_SPORTS_FIFA22_WAGES","text_only","nlp-srv3.dds.technion.ac.il","finished","62","2026-07-25T08:17:54.000Z","2026-07-25 11:18:35"
"rf_REG_TEXT_SPORTS_FIFA22_WAGES_4","0.7807345092865967","4","RandomForest 🌳","REG_TEXT_SPORTS_FIFA22_WAGES","no_text","n306","finished","26","2026-07-25T08:17:45.000Z","2026-07-25 11:18:09"
"rf_REG_TEXT_SPORTS_FIFA22_WAGES_4","0.04391242678145324","4","RandomForest 🌳","REG_TEXT_SPORTS_FIFA22_WAGES","text_only","nlp-srv3.dds.technion.ac.il","finished","113","2026-07-25T08:17:39.000Z","2026-07-25 11:19:10"
"iclv2_REG_TEXT_SPORTS_FIFA22_WAGES_4","0.7771319017711851","4","TabICLv2 🗼","REG_TEXT_SPORTS_FIFA22_WAGES","no_text","nlp-srv3.dds.technion.ac.il","finished","13","2026-07-25T08:17:38.000Z","2026-07-25 11:17:30"
"iclv2_REG_TEXT_SPORTS_FIFA22_WAGES_4","0.04402866170765096","4","TabICLv2 🗼","REG_TEXT_SPORTS_FIFA22_WAGES","text_only","nlp-srv3.dds.technion.ac.il","finished","116","2026-07-25T08:17:34.000Z","2026-07-25 11:19:08"
"real_REG_TEXT_SPORTS_FIFA22_WAGES_4","0.8046301572773372","4","RealMLP 🕸","REG_TEXT_SPORTS_FIFA22_WAGES","no_text","n306","finished","59","2026-07-25T08:17:31.000Z","2026-07-25 11:18:28"
"real_REG_TEXT_SPORTS_FIFA22_WAGES_4","0.04124653849356841","4","RealMLP 🕸","REG_TEXT_SPORTS_FIFA22_WAGES","text_only","nlp-srv3.dds.technion.ac.il","finished","178","2026-07-25T08:17:26.000Z","2026-07-25 11:18:33"
"dpt_REG_TEXT_SOCIAL_MUSEUMS_US_REVENUES_4","0.09621082063835272","4","TabDPT 6️⃣","REG_TEXT_SOCIAL_MUSEUMS_US_REVENUES","no_text","n306","finished","473","2026-07-25T08:10:09.000Z","2026-07-25 11:18:01"
"dpt_REG_TEXT_SOCIAL_MUSEUMS_US_REVENUES_4","0.02682543460378184","4","TabDPT 6️⃣","REG_TEXT_SOCIAL_MUSEUMS_US_REVENUES","text_only","nlp-srv3.dds.technion.ac.il","finished","1079","2026-07-25T08:09:28.000Z","2026-07-25 11:27:05"
"xgb_REG_TEXT_SOCIAL_MUSEUMS_US_REVENUES_4","0.5830849624518892","4","XGBoost 🌲","REG_TEXT_SOCIAL_MUSEUMS_US_REVENUES","no_text","nlp-srv3.dds.technion.ac.il","finished","12","2026-07-25T08:09:12.000Z","2026-07-25 11:09:02"
"xgb_REG_TEXT_SOCIAL_MUSEUMS_US_REVENUES_4","0.829236850571747","4","XGBoost 🌲","REG_TEXT_SOCIAL_MUSEUMS_US_REVENUES","text_only","n306","finished","413","2026-07-25T08:09:02.000Z","2026-07-25 11:15:53"
"rf_REG_TEXT_SOCIAL_MUSEUMS_US_REVENUES_4","0.812902120488963","4","RandomForest 🌳","REG_TEXT_SOCIAL_MUSEUMS_US_REVENUES","no_text","n306","finished","30","2026-07-25T08:08:25.000Z","2026-07-25 11:08:54"
"rf_REG_TEXT_SOCIAL_MUSEUMS_US_REVENUES_4","0.9471670346964391","4","RandomForest 🌳","REG_TEXT_SOCIAL_MUSEUMS_US_REVENUES","text_only","nlp-srv3.dds.technion.ac.il","finished","1180","2026-07-25T08:07:10.000Z","2026-07-25 11:26:28"
"iclv2_REG_TEXT_SOCIAL_MUSEUMS_US_REVENUES_4","0.11833840676366948","4","TabICLv2 🗼","REG_TEXT_SOCIAL_MUSEUMS_US_REVENUES","no_text","nlp-srv3.dds.technion.ac.il","finished","13","2026-07-25T08:06:54.000Z","2026-07-25 11:06:46"
"iclv2_REG_TEXT_SOCIAL_MUSEUMS_US_REVENUES_4","0.8078839282417443","4","TabICLv2 🗼","REG_TEXT_SOCIAL_MUSEUMS_US_REVENUES","text_only","nlp-srv3.dds.technion.ac.il","finished","657","2026-07-25T08:06:34.000Z","2026-07-25 11:17:09"
"real_REG_TEXT_SOCIAL_MUSEUMS_US_REVENUES_4","0.1828221742565841","4","RealMLP 🕸","REG_TEXT_SOCIAL_MUSEUMS_US_REVENUES","no_text","nlp-srv3.dds.technion.ac.il","finished","50","2026-07-25T08:05:41.000Z","2026-07-25 11:06:09"
"real_REG_TEXT_SOCIAL_MUSEUMS_US_REVENUES_4","0.8990811894993977","4","RealMLP 🕸","REG_TEXT_SOCIAL_MUSEUMS_US_REVENUES","text_only","n306","finished","469","2026-07-25T08:05:10.000Z","2026-07-25 11:12:58"
"dpt_REG_TEXT_SOCIAL_MOVIES_DATASET_REVENUE_4","0.6878852832275312","4","TabDPT 6️⃣","REG_TEXT_SOCIAL_MOVIES_DATASET_REVENUE","no_text","nlp-srv3.dds.technion.ac.il","finished","447","2026-07-25T07:54:13.000Z","2026-07-25 11:01:18"
"dpt_REG_TEXT_SOCIAL_MOVIES_DATASET_REVENUE_4","0.2470425845641684","4","TabDPT 6️⃣","REG_TEXT_SOCIAL_MOVIES_DATASET_REVENUE","text_only","n306","finished","1078","2026-07-25T07:52:00.000Z","2026-07-25 11:09:57"
"xgb_REG_TEXT_SOCIAL_MOVIES_DATASET_REVENUE_4","0.7142613809539395","4","XGBoost 🌲","REG_TEXT_SOCIAL_MOVIES_DATASET_REVENUE","no_text","n306","finished","19","2026-07-25T07:51:39.000Z","2026-07-25 10:51:55"
"xgb_REG_TEXT_SOCIAL_MOVIES_DATASET_REVENUE_4","0.31778774540854715","4","XGBoost 🌲","REG_TEXT_SOCIAL_MOVIES_DATASET_REVENUE","text_only","nlp-srv3.dds.technion.ac.il","finished","708","2026-07-25T07:51:31.000Z","2026-07-25 11:02:58"
"rf_REG_TEXT_SOCIAL_MOVIES_DATASET_REVENUE_4","0.7285424604250854","4","RandomForest 🌳","REG_TEXT_SOCIAL_MOVIES_DATASET_REVENUE","no_text","n306","finished","29","2026-07-25T07:51:07.000Z","2026-07-25 10:51:34"
"rf_REG_TEXT_SOCIAL_MOVIES_DATASET_REVENUE_4","0.3895572479626378","4","RandomForest 🌳","REG_TEXT_SOCIAL_MOVIES_DATASET_REVENUE","text_only","nlp20.iem.technion.ac.il","finished","1501","2026-07-25T07:50:40.000Z","2026-07-25 11:15:40"
"iclv2_REG_TEXT_SOCIAL_MOVIES_DATASET_REVENUE_4","0.6839961254059255","4","TabICLv2 🗼","REG_TEXT_SOCIAL_MOVIES_DATASET_REVENUE","no_text","nlp20.iem.technion.ac.il","finished","21","2026-07-25T07:50:13.000Z","2026-07-25 10:50:33"
"iclv2_REG_TEXT_SOCIAL_MOVIES_DATASET_REVENUE_4","0.5012202787063023","4","TabICLv2 🗼","REG_TEXT_SOCIAL_MOVIES_DATASET_REVENUE","text_only","n306","finished","559","2026-07-25T07:50:07.000Z","2026-07-25 10:59:24"
"real_REG_TEXT_SOCIAL_MOVIES_DATASET_REVENUE_4","0.6637062833160855","4","RealMLP 🕸","REG_TEXT_SOCIAL_MOVIES_DATASET_REVENUE","no_text","n306","finished","68","2026-07-25T07:48:53.000Z","2026-07-25 10:50:00"
"real_REG_TEXT_SOCIAL_MOVIES_DATASET_REVENUE_4","0.42452805501255986","4","RealMLP 🕸","REG_TEXT_SOCIAL_MOVIES_DATASET_REVENUE","text_only","n306","finished","563","2026-07-25T07:48:30.000Z","2026-07-25 10:57:52"
"dpt_REG_TEXT_SOCIAL_KOREAN_DRAMA_4","0.30561256430120476","4","TabDPT 6️⃣","REG_TEXT_SOCIAL_KOREAN_DRAMA","no_text","nlp-srv3.dds.technion.ac.il","finished","15","2026-07-25T07:37:48.000Z","2026-07-25 10:37:41"
"dpt_REG_TEXT_SOCIAL_KOREAN_DRAMA_4","0.49422876163466056","4","TabDPT 6️⃣","REG_TEXT_SOCIAL_KOREAN_DRAMA","text_only","nlp-srv3.dds.technion.ac.il","finished","108","2026-07-25T07:37:47.000Z","2026-07-25 10:39:14"
"xgb_REG_TEXT_SOCIAL_KOREAN_DRAMA_4","0.2962801888140232","4","XGBoost 🌲","REG_TEXT_SOCIAL_KOREAN_DRAMA","no_text","nlp20.iem.technion.ac.il","finished","13","2026-07-25T07:37:42.000Z","2026-07-25 10:37:54"
"xgb_REG_TEXT_SOCIAL_KOREAN_DRAMA_4","0.35392088758148676","4","XGBoost 🌲","REG_TEXT_SOCIAL_KOREAN_DRAMA","text_only","nlp-srv3.dds.technion.ac.il","finished","47","2026-07-25T07:37:41.000Z","2026-07-25 10:38:07"
"rf_REG_TEXT_SOCIAL_KOREAN_DRAMA_4","0.20540148761490817","4","RandomForest 🌳","REG_TEXT_SOCIAL_KOREAN_DRAMA","no_text","n306","finished","12","2026-07-25T07:37:38.000Z","2026-07-25 10:37:49"
"rf_REG_TEXT_SOCIAL_KOREAN_DRAMA_4","0.3971132526533147","4","RandomForest 🌳","REG_TEXT_SOCIAL_KOREAN_DRAMA","text_only","n306","finished","74","2026-07-25T07:37:37.000Z","2026-07-25 10:38:49"
"iclv2_REG_TEXT_SOCIAL_KOREAN_DRAMA_4","0.2954457340180937","4","TabICLv2 🗼","REG_TEXT_SOCIAL_KOREAN_DRAMA","no_text","nlp-srv3.dds.technion.ac.il","finished","13","2026-07-25T07:37:33.000Z","2026-07-25 10:37:25"
"iclv2_REG_TEXT_SOCIAL_KOREAN_DRAMA_4","0.5442957502115444","4","TabICLv2 🗼","REG_TEXT_SOCIAL_KOREAN_DRAMA","text_only","nlp-srv3.dds.technion.ac.il","finished","60","2026-07-25T07:37:31.000Z","2026-07-25 10:38:09"
"real_REG_TEXT_SOCIAL_KOREAN_DRAMA_4","0.30008899009105316","4","RealMLP 🕸","REG_TEXT_SOCIAL_KOREAN_DRAMA","no_text","n306","finished","20","2026-07-25T07:37:11.000Z","2026-07-25 10:37:30"
"real_REG_TEXT_SOCIAL_KOREAN_DRAMA_4","0.5074099706782758","4","RealMLP 🕸","REG_TEXT_SOCIAL_KOREAN_DRAMA","text_only","n306","finished","68","2026-07-25T07:37:10.000Z","2026-07-25 10:38:17"
"dpt_REG_TEXT_SOCIAL_FILMTV_MOVIE_RATING_ITALY_4","0.2720224619785905","4","TabDPT 6️⃣","REG_TEXT_SOCIAL_FILMTV_MOVIE_RATING_ITALY","text_only","nlp-srv3.dds.technion.ac.il","finished","1159","2026-07-25T07:32:06.000Z","2026-07-25 10:51:03"
"dpt_REG_TEXT_SOCIAL_FILMTV_MOVIE_RATING_ITALY_4","0.9865352897984486","4","TabDPT 6️⃣","REG_TEXT_SOCIAL_FILMTV_MOVIE_RATING_ITALY","no_text","nlp-srv3.dds.technion.ac.il","finished","562","2026-07-25T07:32:06.000Z","2026-07-25 10:41:06"
"xgb_REG_TEXT_SOCIAL_FILMTV_MOVIE_RATING_ITALY_4","0.9787293275040492","4","XGBoost 🌲","REG_TEXT_SOCIAL_FILMTV_MOVIE_RATING_ITALY","no_text","nlp-srv3.dds.technion.ac.il","finished","11","2026-07-25T07:32:05.000Z","2026-07-25 10:31:55"
"xgb_REG_TEXT_SOCIAL_FILMTV_MOVIE_RATING_ITALY_4","0.244125431591813","4","XGBoost 🌲","REG_TEXT_SOCIAL_FILMTV_MOVIE_RATING_ITALY","text_only","nlp-srv3.dds.technion.ac.il","finished","615","2026-07-25T07:31:54.000Z","2026-07-25 10:41:47"
"rf_REG_TEXT_SOCIAL_FILMTV_MOVIE_RATING_ITALY_4","0.9780944627876244","4","RandomForest 🌳","REG_TEXT_SOCIAL_FILMTV_MOVIE_RATING_ITALY","no_text","nlp-srv3.dds.technion.ac.il","finished","14","2026-07-25T07:31:38.000Z","2026-07-25 10:31:30"
"rf_REG_TEXT_SOCIAL_FILMTV_MOVIE_RATING_ITALY_4","0.26462797659542203","4","RandomForest 🌳","REG_TEXT_SOCIAL_FILMTV_MOVIE_RATING_ITALY","text_only","n306","finished","452","2026-07-25T07:31:27.000Z","2026-07-25 10:38:58"
"iclv2_REG_TEXT_SOCIAL_FILMTV_MOVIE_RATING_ITALY_4","0.9882771283314432","4","TabICLv2 🗼","REG_TEXT_SOCIAL_FILMTV_MOVIE_RATING_ITALY","no_text","nlp-srv3.dds.technion.ac.il","finished","14","2026-07-25T07:31:23.000Z","2026-07-25 10:31:15"
"iclv2_REG_TEXT_SOCIAL_FILMTV_MOVIE_RATING_ITALY_4","0.3339838264323275","4","TabICLv2 🗼","REG_TEXT_SOCIAL_FILMTV_MOVIE_RATING_ITALY","text_only","nlp-srv3.dds.technion.ac.il","finished","565","2026-07-25T07:30:42.000Z","2026-07-25 10:39:44"
"real_REG_TEXT_SOCIAL_FILMTV_MOVIE_RATING_ITALY_4","0.9794887437597452","4","RealMLP 🕸","REG_TEXT_SOCIAL_FILMTV_MOVIE_RATING_ITALY","no_text","nlp-srv3.dds.technion.ac.il","finished","47","2026-07-25T07:30:30.000Z","2026-07-25 10:30:55"
"real_REG_TEXT_SOCIAL_FILMTV_MOVIE_RATING_ITALY_4","0.24273684858063416","4","RealMLP 🕸","REG_TEXT_SOCIAL_FILMTV_MOVIE_RATING_ITALY","text_only","n306","finished","365","2026-07-25T07:29:56.000Z","2026-07-25 10:35:59"
"dpt_REG_TEXT_SOCIAL_BOOKS_GOODREADS_4","0.8582887848367844","4","TabDPT 6️⃣","REG_TEXT_SOCIAL_BOOKS_GOODREADS","no_text","n306","finished","154","2026-07-25T07:19:46.000Z","2026-07-25 10:22:19"
"dpt_REG_TEXT_SOCIAL_BOOKS_GOODREADS_4","0.3760537027774765","4","TabDPT 6️⃣","REG_TEXT_SOCIAL_BOOKS_GOODREADS","text_only","n306","finished","304","2026-07-25T07:19:35.000Z","2026-07-25 10:24:38"
"xgb_REG_TEXT_SOCIAL_BOOKS_GOODREADS_4","0.8611481351112017","4","XGBoost 🌲","REG_TEXT_SOCIAL_BOOKS_GOODREADS","no_text","n306","finished","15","2026-07-25T07:19:13.000Z","2026-07-25 10:19:25"
"xgb_REG_TEXT_SOCIAL_BOOKS_GOODREADS_4","0.3614992977876048","4","XGBoost 🌲","REG_TEXT_SOCIAL_BOOKS_GOODREADS","text_only","nlp20.iem.technion.ac.il","finished","194","2026-07-25T07:19:11.000Z","2026-07-25 10:22:24"
"rf_REG_TEXT_SOCIAL_BOOKS_GOODREADS_4","0.872010963370206","4","RandomForest 🌳","REG_TEXT_SOCIAL_BOOKS_GOODREADS","no_text","nlp20.iem.technion.ac.il","finished","14","2026-07-25T07:18:55.000Z","2026-07-25 10:19:07"
"rf_REG_TEXT_SOCIAL_BOOKS_GOODREADS_4","0.4610262197607749","4","RandomForest 🌳","REG_TEXT_SOCIAL_BOOKS_GOODREADS","text_only","n306","finished","224","2026-07-25T07:18:44.000Z","2026-07-25 10:22:27"
"iclv2_REG_TEXT_SOCIAL_BOOKS_GOODREADS_4","0.8375838438718651","4","TabICLv2 🗼","REG_TEXT_SOCIAL_BOOKS_GOODREADS","no_text","nlp20.iem.technion.ac.il","finished","14","2026-07-25T07:18:40.000Z","2026-07-25 10:18:52"
"iclv2_REG_TEXT_SOCIAL_BOOKS_GOODREADS_4","0.4562296214853314","4","TabICLv2 🗼","REG_TEXT_SOCIAL_BOOKS_GOODREADS","text_only","nlp-srv3.dds.technion.ac.il","finished","296","2026-07-25T07:18:37.000Z","2026-07-25 10:23:11"
"real_REG_TEXT_SOCIAL_BOOKS_GOODREADS_4","0.8547015642818229","4","RealMLP 🕸","REG_TEXT_SOCIAL_BOOKS_GOODREADS","no_text","n306","finished","32","2026-07-25T07:18:36.000Z","2026-07-25 10:19:07"
"real_REG_TEXT_SOCIAL_BOOKS_GOODREADS_4","0.1762738111869867","4","RealMLP 🕸","REG_TEXT_SOCIAL_BOOKS_GOODREADS","text_only","nlp-srv3.dds.technion.ac.il","finished","295","2026-07-25T07:18:36.000Z","2026-07-25 10:23:08"
"dpt_REG_TEXT_SOCIAL_ANIME_PLANET_RATING_4","0.6803061820005549","4","TabDPT 6️⃣","REG_TEXT_SOCIAL_ANIME_PLANET_RATING","no_text","nlp-srv3.dds.technion.ac.il","finished","322","2026-07-25T07:10:43.000Z","2026-07-25 10:15:44"
"dpt_REG_TEXT_SOCIAL_ANIME_PLANET_RATING_4","0.56919218163455","4","TabDPT 6️⃣","REG_TEXT_SOCIAL_ANIME_PLANET_RATING","text_only","n306","finished","780","2026-07-25T07:09:54.000Z","2026-07-25 10:22:53"
"xgb_REG_TEXT_SOCIAL_ANIME_PLANET_RATING_4","0.6573076676789428","4","XGBoost 🌲","REG_TEXT_SOCIAL_ANIME_PLANET_RATING","no_text","n306","finished","14","2026-07-25T07:09:33.000Z","2026-07-25 10:09:44"
"xgb_REG_TEXT_SOCIAL_ANIME_PLANET_RATING_4","0.5504497006711904","4","XGBoost 🌲","REG_TEXT_SOCIAL_ANIME_PLANET_RATING","text_only","n306","finished","356","2026-07-25T07:09:01.000Z","2026-07-25 10:14:55"
"rf_REG_TEXT_SOCIAL_ANIME_PLANET_RATING_4","0.6285395743190052","4","RandomForest 🌳","REG_TEXT_SOCIAL_ANIME_PLANET_RATING","no_text","n306","finished","25","2026-07-25T07:08:29.000Z","2026-07-25 10:08:52"
"rf_REG_TEXT_SOCIAL_ANIME_PLANET_RATING_4","0.5492220360717002","4","RandomForest 🌳","REG_TEXT_SOCIAL_ANIME_PLANET_RATING","text_only","nlp-srv3.dds.technion.ac.il","finished","770","2026-07-25T07:08:23.000Z","2026-07-25 10:20:51"
"iclv2_REG_TEXT_SOCIAL_ANIME_PLANET_RATING_4","0.6821405536380107","4","TabICLv2 🗼","REG_TEXT_SOCIAL_ANIME_PLANET_RATING","no_text","nlp-srv3.dds.technion.ac.il","finished","13","2026-07-25T07:08:07.000Z","2026-07-25 10:07:58"
"iclv2_REG_TEXT_SOCIAL_ANIME_PLANET_RATING_4","0.6404618856735996","4","TabICLv2 🗼","REG_TEXT_SOCIAL_ANIME_PLANET_RATING","text_only","n306","finished","383","2026-07-25T07:07:58.000Z","2026-07-25 10:14:20"
"real_REG_TEXT_SOCIAL_ANIME_PLANET_RATING_4","0.6658706819992868","4","RealMLP 🕸","REG_TEXT_SOCIAL_ANIME_PLANET_RATING","no_text","nlp-srv3.dds.technion.ac.il","finished","49","2026-07-25T07:07:14.000Z","2026-07-25 10:07:42"
"real_REG_TEXT_SOCIAL_ANIME_PLANET_RATING_4","0.5622565872089451","4","RealMLP 🕸","REG_TEXT_SOCIAL_ANIME_PLANET_RATING","text_only","n306","finished","400","2026-07-25T07:06:43.000Z","2026-07-25 10:13:21"
"dpt_REG_TEXT_SCIMAGOJR_IMPACT_4","0.7319767475128174","4","TabDPT 6️⃣","REG_TEXT_SCIMAGOJR_IMPACT","no_text","nlp-srv3.dds.technion.ac.il","finished","566","2026-07-25T06:53:40.000Z","2026-07-25 10:02:44"
"dpt_REG_TEXT_SCIMAGOJR_IMPACT_4","0.7431573271751404","4","TabDPT 6️⃣","REG_TEXT_SCIMAGOJR_IMPACT","text_only","nlp20.iem.technion.ac.il","finished","1254","2026-07-25T06:53:39.000Z","2026-07-25 10:14:31"
"xgb_REG_TEXT_SCIMAGOJR_IMPACT_4","0.7078280448913574","4","XGBoost 🌲","REG_TEXT_SCIMAGOJR_IMPACT","no_text","nlp-srv3.dds.technion.ac.il","finished","11","2026-07-25T06:53:24.000Z","2026-07-25 09:53:13"
"xgb_REG_TEXT_SCIMAGOJR_IMPACT_4","0.7096205949783325","4","XGBoost 🌲","REG_TEXT_SCIMAGOJR_IMPACT","text_only","n306","finished","510","2026-07-25T06:53:09.000Z","2026-07-25 10:01:38"
"rf_REG_TEXT_SCIMAGOJR_IMPACT_4","0.728388074264531","4","RandomForest 🌳","REG_TEXT_SCIMAGOJR_IMPACT","no_text","nlp-srv3.dds.technion.ac.il","finished","15","2026-07-25T06:53:02.000Z","2026-07-25 09:52:56"
"rf_REG_TEXT_SCIMAGOJR_IMPACT_4","0.7018837746978013","4","RandomForest 🌳","REG_TEXT_SCIMAGOJR_IMPACT","text_only","n306","finished","724","2026-07-25T06:52:55.000Z","2026-07-25 10:04:57"
"iclv2_REG_TEXT_SCIMAGOJR_IMPACT_4","0.7386077642440796","4","TabICLv2 🗼","REG_TEXT_SCIMAGOJR_IMPACT","no_text","nlp-srv3.dds.technion.ac.il","finished","12","2026-07-25T06:52:47.000Z","2026-07-25 09:52:37"
"iclv2_REG_TEXT_SCIMAGOJR_IMPACT_4","0.7728506922721863","4","TabICLv2 🗼","REG_TEXT_SCIMAGOJR_IMPACT","text_only","n306","finished","552","2026-07-25T06:52:38.000Z","2026-07-25 10:01:49"
"real_REG_TEXT_SCIMAGOJR_IMPACT_4","0.690483808517456","4","RealMLP 🕸","REG_TEXT_SCIMAGOJR_IMPACT","no_text","n306","finished","64","2026-07-25T06:52:01.000Z","2026-07-25 09:53:04"
"real_REG_TEXT_SCIMAGOJR_IMPACT_4","0.7907801866531372","4","RealMLP 🕸","REG_TEXT_SCIMAGOJR_IMPACT","text_only","n306","finished","557","2026-07-25T06:50:51.000Z","2026-07-25 10:00:06"
"dpt_REG_TEXT_ROTTEN_TOMATOES_4","0.1906405863482611","4","TabDPT 6️⃣","REG_TEXT_ROTTEN_TOMATOES","no_text","n305","finished","182","2026-07-25T06:36:10.000Z","2026-07-25 09:39:11"
"dpt_REG_TEXT_ROTTEN_TOMATOES_4","0.3731119318091811","4","TabDPT 6️⃣","REG_TEXT_ROTTEN_TOMATOES","text_only","n306","finished","697","2026-07-25T06:36:02.000Z","2026-07-25 09:47:38"
"xgb_REG_TEXT_ROTTEN_TOMATOES_4","0.16621570583440282","4","XGBoost 🌲","REG_TEXT_ROTTEN_TOMATOES","no_text","n306","finished","36","2026-07-25T06:35:35.000Z","2026-07-25 09:36:07"
"xgb_REG_TEXT_ROTTEN_TOMATOES_4","0.3669339136607731","4","XGBoost 🌲","REG_TEXT_ROTTEN_TOMATOES","text_only","n306","finished","417","2026-07-25T06:35:10.000Z","2026-07-25 09:42:06"
"rf_REG_TEXT_ROTTEN_TOMATOES_4","-0.014673829776384872","4","RandomForest 🌳","REG_TEXT_ROTTEN_TOMATOES","no_text","n306","finished","13","2026-07-25T06:34:40.000Z","2026-07-25 09:34:52"
"rf_REG_TEXT_ROTTEN_TOMATOES_4","0.3854874428590443","4","RandomForest 🌳","REG_TEXT_ROTTEN_TOMATOES","text_only","nlp-srv3.dds.technion.ac.il","finished","885","2026-07-25T06:34:21.000Z","2026-07-25 09:48:44"
"iclv2_REG_TEXT_ROTTEN_TOMATOES_4","0.19077842241734033","4","TabICLv2 🗼","REG_TEXT_ROTTEN_TOMATOES","no_text","nlp-srv3.dds.technion.ac.il","finished","13","2026-07-25T06:34:05.000Z","2026-07-25 09:33:56"
"iclv2_REG_TEXT_ROTTEN_TOMATOES_4","0.44113653360022753","4","TabICLv2 🗼","REG_TEXT_ROTTEN_TOMATOES","text_only","n306","finished","481","2026-07-25T06:34:04.000Z","2026-07-25 09:42:03"
"real_REG_TEXT_ROTTEN_TOMATOES_4","0.18673476886193696","4","RealMLP 🕸","REG_TEXT_ROTTEN_TOMATOES","no_text","n306","finished","42","2026-07-25T06:33:29.000Z","2026-07-25 09:34:10"
"real_REG_TEXT_ROTTEN_TOMATOES_4","0.4527964358484856","4","RealMLP 🕸","REG_TEXT_ROTTEN_TOMATOES","text_only","nlp-srv3.dds.technion.ac.il","finished","821","2026-07-25T06:33:07.000Z","2026-07-25 09:46:26"
"dpt_REG_TEXT_PROFESSIONAL_ML_DS_AI_JOBS_SALARIES_4","0.11214303970336914","4","TabDPT 6️⃣","REG_TEXT_PROFESSIONAL_ML_DS_AI_JOBS_SALARIES","no_text","n306","finished","558","2026-07-25T06:22:52.000Z","2026-07-25 09:32:08"
"dpt_REG_TEXT_PROFESSIONAL_ML_DS_AI_JOBS_SALARIES_4","0.12310516834259032","4","TabDPT 6️⃣","REG_TEXT_PROFESSIONAL_ML_DS_AI_JOBS_SALARIES","text_only","nlp-srv3.dds.technion.ac.il","finished","671","2026-07-25T06:22:49.000Z","2026-07-25 09:33:39"
"xgb_REG_TEXT_PROFESSIONAL_ML_DS_AI_JOBS_SALARIES_4","-0.10667502880096436","4","XGBoost 🌲","REG_TEXT_PROFESSIONAL_ML_DS_AI_JOBS_SALARIES","no_text","nlp-srv3.dds.technion.ac.il","finished","11","2026-07-25T06:22:42.000Z","2026-07-25 09:22:32"
"xgb_REG_TEXT_PROFESSIONAL_ML_DS_AI_JOBS_SALARIES_4","-0.2910916805267334","4","XGBoost 🌲","REG_TEXT_PROFESSIONAL_ML_DS_AI_JOBS_SALARIES","text_only","n306","finished","63","2026-07-25T06:22:41.000Z","2026-07-25 09:23:43"
"rf_REG_TEXT_PROFESSIONAL_ML_DS_AI_JOBS_SALARIES_4","0.12582971197891446","4","RandomForest 🌳","REG_TEXT_PROFESSIONAL_ML_DS_AI_JOBS_SALARIES","no_text","nlp-srv3.dds.technion.ac.il","finished","11","2026-07-25T06:22:40.000Z","2026-07-25 09:22:29"
"rf_REG_TEXT_PROFESSIONAL_ML_DS_AI_JOBS_SALARIES_4","-0.22009585479059535","4","RandomForest 🌳","REG_TEXT_PROFESSIONAL_ML_DS_AI_JOBS_SALARIES","text_only","n306","finished","89","2026-07-25T06:22:24.000Z","2026-07-25 09:23:51"
"iclv2_REG_TEXT_PROFESSIONAL_ML_DS_AI_JOBS_SALARIES_4","0.1927972435951233","4","TabICLv2 🗼","REG_TEXT_PROFESSIONAL_ML_DS_AI_JOBS_SALARIES","no_text","n306","finished","14","2026-07-25T06:22:20.000Z","2026-07-25 09:22:33"
"iclv2_REG_TEXT_PROFESSIONAL_ML_DS_AI_JOBS_SALARIES_4","0.02388596534729004","4","TabICLv2 🗼","REG_TEXT_PROFESSIONAL_ML_DS_AI_JOBS_SALARIES","text_only","nlp-srv3.dds.technion.ac.il","finished","71","2026-07-25T06:22:03.000Z","2026-07-25 09:22:53"
"real_REG_TEXT_PROFESSIONAL_ML_DS_AI_JOBS_SALARIES_4","0.23651915788650513","4","RealMLP 🕸","REG_TEXT_PROFESSIONAL_ML_DS_AI_JOBS_SALARIES","no_text","nlp-srv3.dds.technion.ac.il","finished","50","2026-07-25T06:21:57.000Z","2026-07-25 09:22:25"
"real_REG_TEXT_PROFESSIONAL_ML_DS_AI_JOBS_SALARIES_4","-0.3664214611053467","4","RealMLP 🕸","REG_TEXT_PROFESSIONAL_ML_DS_AI_JOBS_SALARIES","text_only","n306","finished","114","2026-07-25T06:21:54.000Z","2026-07-25 09:23:46"
"dpt_REG_TEXT_PROFESSIONAL_COMPANY_EMPLOYEES_SIZE_4","0.00113755464553833","4","TabDPT 6️⃣","REG_TEXT_PROFESSIONAL_COMPANY_EMPLOYEES_SIZE","no_text","n306","finished","526","2026-07-25T06:13:27.000Z","2026-07-25 09:22:12"
"dpt_REG_TEXT_PROFESSIONAL_COMPANY_EMPLOYEES_SIZE_4","-0.0057795047760009766","4","TabDPT 6️⃣","REG_TEXT_PROFESSIONAL_COMPANY_EMPLOYEES_SIZE","text_only","nlp-srv3.dds.technion.ac.il","finished","1181","2026-07-25T06:13:21.000Z","2026-07-25 09:32:38"
"xgb_REG_TEXT_PROFESSIONAL_COMPANY_EMPLOYEES_SIZE_4","0.006686151027679443","4","XGBoost 🌲","REG_TEXT_PROFESSIONAL_COMPANY_EMPLOYEES_SIZE","no_text","nlp-srv3.dds.technion.ac.il","finished","52","2026-07-25T06:13:15.000Z","2026-07-25 09:13:46"
"xgb_REG_TEXT_PROFESSIONAL_COMPANY_EMPLOYEES_SIZE_4","-0.4521317481994629","4","XGBoost 🌲","REG_TEXT_PROFESSIONAL_COMPANY_EMPLOYEES_SIZE","text_only","n305","finished","372","2026-07-25T06:13:10.000Z","2026-07-25 09:19:20"
"rf_REG_TEXT_PROFESSIONAL_COMPANY_EMPLOYEES_SIZE_4","-0.11554069857252358","4","RandomForest 🌳","REG_TEXT_PROFESSIONAL_COMPANY_EMPLOYEES_SIZE","no_text","nlp-srv3.dds.technion.ac.il","finished","54","2026-07-25T06:12:39.000Z","2026-07-25 09:13:11"
"rf_REG_TEXT_PROFESSIONAL_COMPANY_EMPLOYEES_SIZE_4","-1.5782022010725618","4","RandomForest 🌳","REG_TEXT_PROFESSIONAL_COMPANY_EMPLOYEES_SIZE","text_only","n306","finished","920","2026-07-25T06:12:30.000Z","2026-07-25 09:27:48"
"iclv2_REG_TEXT_PROFESSIONAL_COMPANY_EMPLOYEES_SIZE_4","-0.07067954540252686","4","TabICLv2 🗼","REG_TEXT_PROFESSIONAL_COMPANY_EMPLOYEES_SIZE","no_text","nlp-srv3.dds.technion.ac.il","finished","53","2026-07-25T06:12:23.000Z","2026-07-25 09:12:54"
"iclv2_REG_TEXT_PROFESSIONAL_COMPANY_EMPLOYEES_SIZE_4","-0.01854550838470459","4","TabICLv2 🗼","REG_TEXT_PROFESSIONAL_COMPANY_EMPLOYEES_SIZE","text_only","nlp-srv3.dds.technion.ac.il","finished","616","2026-07-25T06:12:21.000Z","2026-07-25 09:22:15"
"real_REG_TEXT_PROFESSIONAL_COMPANY_EMPLOYEES_SIZE_4","-0.02495455741882324","4","RealMLP 🕸","REG_TEXT_PROFESSIONAL_COMPANY_EMPLOYEES_SIZE","text_only","n305","finished","421","2026-07-25T06:10:49.000Z","2026-07-25 09:17:47"
"rf_REG_TEXT_MONTGOMERY_SALARIES_4","0.849315188809025","4","RandomForest 🌳","REG_TEXT_MONTGOMERY_SALARIES","text_only","n305","finished","237","2026-07-25T06:00:07.000Z","2026-07-25 09:04:02"
"iclv2_REG_TEXT_MONTGOMERY_SALARIES_4","0.9516940964278132","4","TabICLv2 🗼","REG_TEXT_MONTGOMERY_SALARIES","no_text","n305","finished","14","2026-07-25T05:59:51.000Z","2026-07-25 09:00:03"
"iclv2_REG_TEXT_MONTGOMERY_SALARIES_4","0.9141092732459676","4","TabICLv2 🗼","REG_TEXT_MONTGOMERY_SALARIES","text_only","n306","finished","185","2026-07-25T05:59:31.000Z","2026-07-25 09:02:35"
"real_REG_TEXT_MERCARI_MARKETPLACE_4","0.3477769525411243","4","RealMLP 🕸","REG_TEXT_MERCARI_MARKETPLACE","text_only","nlp-srv3.dds.technion.ac.il","finished","448","2026-07-25T05:59:14.000Z","2026-07-25 09:06:20"
"iclv2_REG_TEXT_FOOD_WINE_VIVINO_SPAIN_4","0.8603445732851918","4","TabICLv2 🗼","REG_TEXT_FOOD_WINE_VIVINO_SPAIN","no_text","nlp-srv3.dds.technion.ac.il","finished","11","2026-07-25T05:58:11.000Z","2026-07-25 08:58:01"
"dpt_REG_TEXT_CONSUMER_JC_PENNEY_PRODUCT_PRICE_4","0.5076571760163057","4","TabDPT 6️⃣","REG_TEXT_CONSUMER_JC_PENNEY_PRODUCT_PRICE","text_only","n306","finished","449","2026-07-25T05:56:29.000Z","2026-07-25 09:03:57"
"iclv2_REG_TEXT_CONSUMER_JC_PENNEY_PRODUCT_PRICE_4","0.8363790180426623","4","TabICLv2 🗼","REG_TEXT_CONSUMER_JC_PENNEY_PRODUCT_PRICE","text_only","n306","finished","169","2026-07-25T05:56:03.000Z","2026-07-25 08:58:50"
"iclv2_REG_TEXT_CONSUMER_BIKE_PRICE_BIKEWALE_4","0.593157947063446","4","TabICLv2 🗼","REG_TEXT_CONSUMER_BIKE_PRICE_BIKEWALE","text_only","nlp-srv3.dds.technion.ac.il","finished","188","2026-07-25T05:54:57.000Z","2026-07-25 08:57:43"
"real_REG_TEXT_CONSUMER_BIKE_PRICE_BIKEWALE_4","0.7851834297180176","4","RealMLP 🕸","REG_TEXT_CONSUMER_BIKE_PRICE_BIKEWALE","text_only","nlp-srv3.dds.technion.ac.il","finished","202","2026-07-25T05:54:53.000Z","2026-07-25 08:57:54"
"dpt_REG_TEXT_CONSUMER_AMERICAN_EAGLE_PRICES_4","0.8968929259157192","4","TabDPT 6️⃣","REG_TEXT_CONSUMER_AMERICAN_EAGLE_PRICES","text_only","nlp20.iem.technion.ac.il","finished","916","2026-07-25T05:54:02.000Z","2026-07-25 09:09:17"
"xgb_REG_TEXT_CONSUMER_AMERICAN_EAGLE_PRICES_4","0.9563094851577588","4","XGBoost 🌲","REG_TEXT_CONSUMER_AMERICAN_EAGLE_PRICES","text_only","n305","finished","280","2026-07-25T05:54:01.000Z","2026-07-25 08:58:39"
"dpt_REG_TEXT_MONTGOMERY_SALARIES_4","0.948189861383657","4","TabDPT 6️⃣","REG_TEXT_MONTGOMERY_SALARIES","no_text","nlp-srv3.dds.technion.ac.il","finished","218","2026-07-25T05:50:42.000Z","2026-07-25 08:53:59"
"dpt_REG_TEXT_MONTGOMERY_SALARIES_4","0.8729415715431985","4","TabDPT 6️⃣","REG_TEXT_MONTGOMERY_SALARIES","text_only","nlp-srv3.dds.technion.ac.il","finished","584","2026-07-25T05:50:36.000Z","2026-07-25 08:59:59"
"xgb_REG_TEXT_MONTGOMERY_SALARIES_4","0.9504939273232812","4","XGBoost 🌲","REG_TEXT_MONTGOMERY_SALARIES","no_text","nlp-srv3.dds.technion.ac.il","finished","11","2026-07-25T05:50:35.000Z","2026-07-25 08:50:25"
"xgb_REG_TEXT_MONTGOMERY_SALARIES_4","0.8515027589977185","4","XGBoost 🌲","REG_TEXT_MONTGOMERY_SALARIES","text_only","nlp-srv3.dds.technion.ac.il","finished","303","2026-07-25T05:50:32.000Z","2026-07-25 08:55:13"
"rf_REG_TEXT_MONTGOMERY_SALARIES_4","0.9461521794717302","4","RandomForest 🌳","REG_TEXT_MONTGOMERY_SALARIES","no_text","nlp-srv3.dds.technion.ac.il","finished","12","2026-07-25T05:50:20.000Z","2026-07-25 08:50:10"
"real_REG_TEXT_MONTGOMERY_SALARIES_4","0.9372841480937368","4","RealMLP 🕸","REG_TEXT_MONTGOMERY_SALARIES","no_text","nlp-srv3.dds.technion.ac.il","finished","44","2026-07-25T05:49:45.000Z","2026-07-25 08:50:08"
"real_REG_TEXT_MONTGOMERY_SALARIES_4","0.8639497748939198","4","RealMLP 🕸","REG_TEXT_MONTGOMERY_SALARIES","text_only","nlp20.iem.technion.ac.il","finished","254","2026-07-25T05:49:41.000Z","2026-07-25 08:53:54"
"dpt_REG_TEXT_MERCARI_MARKETPLACE_4","0.11585746679745668","4","TabDPT 6️⃣","REG_TEXT_MERCARI_MARKETPLACE","no_text","nlp-srv3.dds.technion.ac.il","finished","494","2026-07-25T05:35:36.000Z","2026-07-25 08:43:28"
"dpt_REG_TEXT_MERCARI_MARKETPLACE_4","0.4457312298057669","4","TabDPT 6️⃣","REG_TEXT_MERCARI_MARKETPLACE","text_only","nlp-srv3.dds.technion.ac.il","finished","1050","2026-07-25T05:33:08.000Z","2026-07-25 08:50:17"
"xgb_REG_TEXT_MERCARI_MARKETPLACE_4","0.11210719826887384","4","XGBoost 🌲","REG_TEXT_MERCARI_MARKETPLACE","no_text","nlp-srv3.dds.technion.ac.il","finished","12","2026-07-25T05:32:52.000Z","2026-07-25 08:32:42"
"xgb_REG_TEXT_MERCARI_MARKETPLACE_4","0.35001416720683365","4","XGBoost 🌲","REG_TEXT_MERCARI_MARKETPLACE","text_only","nlp-srv3.dds.technion.ac.il","finished","588","2026-07-25T05:32:05.000Z","2026-07-25 08:41:32"
"rf_REG_TEXT_MERCARI_MARKETPLACE_4","0.1135143098919501","4","RandomForest 🌳","REG_TEXT_MERCARI_MARKETPLACE","no_text","nlp-srv3.dds.technion.ac.il","finished","12","2026-07-25T05:31:49.000Z","2026-07-25 08:31:39"
"rf_REG_TEXT_MERCARI_MARKETPLACE_4","0.38465218145098223","4","RandomForest 🌳","REG_TEXT_MERCARI_MARKETPLACE","text_only","nlp-srv3.dds.technion.ac.il","finished","574","2026-07-25T05:31:37.000Z","2026-07-25 08:40:49"
"iclv2_REG_TEXT_MERCARI_MARKETPLACE_4","0.11573395559853272","4","TabICLv2 🗼","REG_TEXT_MERCARI_MARKETPLACE","no_text","nlp-srv3.dds.technion.ac.il","finished","14","2026-07-25T05:31:21.000Z","2026-07-25 08:31:13"
"iclv2_REG_TEXT_MERCARI_MARKETPLACE_4","0.452963080249951","4","TabICLv2 🗼","REG_TEXT_MERCARI_MARKETPLACE","text_only","nlp-srv3.dds.technion.ac.il","finished","622","2026-07-25T05:30:56.000Z","2026-07-25 08:40:57"
"real_REG_TEXT_MERCARI_MARKETPLACE_4","0.11100810830699924","4","RealMLP 🕸","REG_TEXT_MERCARI_MARKETPLACE","no_text","nlp-srv3.dds.technion.ac.il","finished","48","2026-07-25T05:30:29.000Z","2026-07-25 08:30:55"
"dpt_REG_TEXT_HOUSES_SAN_FRANCISCO_PERMITS_APPLICATIONS_4","0.5207707441267857","4","TabDPT 6️⃣","REG_TEXT_HOUSES_SAN_FRANCISCO_PERMITS_APPLICATIONS","no_text","nlp-srv3.dds.technion.ac.il","finished","571","2026-07-25T05:10:18.000Z","2026-07-25 08:19:28"
"dpt_REG_TEXT_HOUSES_SAN_FRANCISCO_PERMITS_APPLICATIONS_4","0.27143368652128974","4","TabDPT 6️⃣","REG_TEXT_HOUSES_SAN_FRANCISCO_PERMITS_APPLICATIONS","text_only","nlp-srv3.dds.technion.ac.il","finished","1001","2026-07-25T05:10:12.000Z","2026-07-25 08:26:32"
"xgb_REG_TEXT_HOUSES_SAN_FRANCISCO_PERMITS_APPLICATIONS_4","0.5254350612530989","4","XGBoost 🌲","REG_TEXT_HOUSES_SAN_FRANCISCO_PERMITS_APPLICATIONS","no_text","nlp-srv3.dds.technion.ac.il","finished","16","2026-07-25T05:09:57.000Z","2026-07-25 08:09:51"
"xgb_REG_TEXT_HOUSES_SAN_FRANCISCO_PERMITS_APPLICATIONS_4","0.12592224570370003","4","XGBoost 🌲","REG_TEXT_HOUSES_SAN_FRANCISCO_PERMITS_APPLICATIONS","text_only","nlp-srv3.dds.technion.ac.il","finished","369","2026-07-25T05:08:51.000Z","2026-07-25 08:14:39"
"rf_REG_TEXT_HOUSES_SAN_FRANCISCO_PERMITS_APPLICATIONS_4","0.4781088792189455","4","RandomForest 🌳","REG_TEXT_HOUSES_SAN_FRANCISCO_PERMITS_APPLICATIONS","no_text","nlp-srv3.dds.technion.ac.il","finished","20","2026-07-25T05:08:25.000Z","2026-07-25 08:08:24"
"rf_REG_TEXT_HOUSES_SAN_FRANCISCO_PERMITS_APPLICATIONS_4","0.1814905533136272","4","RandomForest 🌳","REG_TEXT_HOUSES_SAN_FRANCISCO_PERMITS_APPLICATIONS","text_only","nlp-srv3.dds.technion.ac.il","finished","568","2026-07-25T05:08:04.000Z","2026-07-25 08:17:10"
"iclv2_REG_TEXT_HOUSES_SAN_FRANCISCO_PERMITS_APPLICATIONS_4","0.5447226788720996","4","TabICLv2 🗼","REG_TEXT_HOUSES_SAN_FRANCISCO_PERMITS_APPLICATIONS","no_text","nlp-srv3.dds.technion.ac.il","finished","18","2026-07-25T05:07:43.000Z","2026-07-25 08:07:39"
"iclv2_REG_TEXT_HOUSES_SAN_FRANCISCO_PERMITS_APPLICATIONS_4","0.4601305636937123","4","TabICLv2 🗼","REG_TEXT_HOUSES_SAN_FRANCISCO_PERMITS_APPLICATIONS","text_only","nlp-srv3.dds.technion.ac.il","finished","453","2026-07-25T05:07:40.000Z","2026-07-25 08:14:52"
"real_REG_TEXT_HOUSES_SAN_FRANCISCO_PERMITS_APPLICATIONS_4","0.46516152517204823","4","RealMLP 🕸","REG_TEXT_HOUSES_SAN_FRANCISCO_PERMITS_APPLICATIONS","no_text","nlp-srv3.dds.technion.ac.il","finished","56","2026-07-25T05:07:27.000Z","2026-07-25 08:08:02"
"real_REG_TEXT_HOUSES_SAN_FRANCISCO_PERMITS_APPLICATIONS_4","0.24386994512291305","4","RealMLP 🕸","REG_TEXT_HOUSES_SAN_FRANCISCO_PERMITS_APPLICATIONS","text_only","nlp-srv3.dds.technion.ac.il","finished","548","2026-07-25T05:06:35.000Z","2026-07-25 08:13:06"
"dpt_REG_TEXT_HOUSES_CALIFORNIA_PRICES_2020_4","0.9442081451437124","4","TabDPT 6️⃣","REG_TEXT_HOUSES_CALIFORNIA_PRICES_2020","no_text","nlp-srv3.dds.technion.ac.il","finished","582","2026-07-25T04:36:19.000Z","2026-07-25 07:45:40"
"xgb_REG_TEXT_HOUSES_CALIFORNIA_PRICES_2020_4","0.9394279218900792","4","XGBoost 🌲","REG_TEXT_HOUSES_CALIFORNIA_PRICES_2020","no_text","nlp-srv3.dds.technion.ac.il","finished","12","2026-07-25T04:36:03.000Z","2026-07-25 07:35:53"
"dpt_REG_TEXT_HOUSES_CALIFORNIA_PRICES_2020_4","0.7573472400875938","4","TabDPT 6️⃣","REG_TEXT_HOUSES_CALIFORNIA_PRICES_2020","text_only","nlp20.iem.technion.ac.il","finished","1729","2026-07-25T04:36:03.000Z","2026-07-25 08:04:51"
"xgb_REG_TEXT_HOUSES_CALIFORNIA_PRICES_2020_4","0.744913501491085","4","XGBoost 🌲","REG_TEXT_HOUSES_CALIFORNIA_PRICES_2020","text_only","nlp-srv3.dds.technion.ac.il","finished","1705","2026-07-25T04:35:56.000Z","2026-07-25 08:03:59"
"rf_REG_TEXT_HOUSES_CALIFORNIA_PRICES_2020_4","0.934207767882054","4","RandomForest 🌳","REG_TEXT_HOUSES_CALIFORNIA_PRICES_2020","no_text","nlp-srv3.dds.technion.ac.il","finished","18","2026-07-25T04:35:42.000Z","2026-07-25 07:35:39"
"rf_REG_TEXT_HOUSES_CALIFORNIA_PRICES_2020_4","0.7231114487372912","4","RandomForest 🌳","REG_TEXT_HOUSES_CALIFORNIA_PRICES_2020","text_only","nlp-srv3.dds.technion.ac.il","finished","1692","2026-07-25T04:33:50.000Z","2026-07-25 08:01:41"
"iclv2_REG_TEXT_HOUSES_CALIFORNIA_PRICES_2020_4","0.9515852832302936","4","TabICLv2 🗼","REG_TEXT_HOUSES_CALIFORNIA_PRICES_2020","no_text","nlp-srv3.dds.technion.ac.il","finished","14","2026-07-25T04:33:29.000Z","2026-07-25 07:33:22"
"iclv2_REG_TEXT_HOUSES_CALIFORNIA_PRICES_2020_4","0.7995230543491996","4","TabICLv2 🗼","REG_TEXT_HOUSES_CALIFORNIA_PRICES_2020","text_only","nlp-srv3.dds.technion.ac.il","finished","1867","2026-07-25T04:32:44.000Z","2026-07-25 08:03:29"
"real_REG_TEXT_HOUSES_CALIFORNIA_PRICES_2020_4","0.939508509924164","4","RealMLP 🕸","REG_TEXT_HOUSES_CALIFORNIA_PRICES_2020","no_text","nlp-srv3.dds.technion.ac.il","finished","46","2026-07-25T04:32:36.000Z","2026-07-25 07:33:00"
"real_REG_TEXT_HOUSES_CALIFORNIA_PRICES_2020_4","0.7868638973096498","4","RealMLP 🕸","REG_TEXT_HOUSES_CALIFORNIA_PRICES_2020","text_only","nlp-srv3.dds.technion.ac.il","finished","1667","2026-07-25T04:29:25.000Z","2026-07-25 07:56:51"
"dpt_REG_TEXT_HOUSES_AIRBNB_SEATTLE_4","0.5534571350380181","4","TabDPT 6️⃣","REG_TEXT_HOUSES_AIRBNB_SEATTLE","no_text","nlp-srv3.dds.technion.ac.il","finished","132","2026-07-25T03:49:26.000Z","2026-07-25 06:51:17"
"dpt_REG_TEXT_HOUSES_AIRBNB_SEATTLE_4","0.404464172982908","4","TabDPT 6️⃣","REG_TEXT_HOUSES_AIRBNB_SEATTLE","text_only","nlp20.iem.technion.ac.il","finished","508","2026-07-25T03:49:08.000Z","2026-07-25 06:57:34"
"xgb_REG_TEXT_HOUSES_AIRBNB_SEATTLE_4","0.5111905519933286","4","XGBoost 🌲","REG_TEXT_HOUSES_AIRBNB_SEATTLE","no_text","nlp20.iem.technion.ac.il","finished","14","2026-07-25T03:48:52.000Z","2026-07-25 06:49:05"
"xgb_REG_TEXT_HOUSES_AIRBNB_SEATTLE_4","0.3103533248808218","4","XGBoost 🌲","REG_TEXT_HOUSES_AIRBNB_SEATTLE","text_only","nlp-srv3.dds.technion.ac.il","finished","427","2026-07-25T03:48:42.000Z","2026-07-25 06:55:28"
"rf_REG_TEXT_HOUSES_AIRBNB_SEATTLE_4","0.504241068696463","4","RandomForest 🌳","REG_TEXT_HOUSES_AIRBNB_SEATTLE","no_text","nlp-srv3.dds.technion.ac.il","finished","13","2026-07-25T03:48:26.000Z","2026-07-25 06:48:18"
"rf_REG_TEXT_HOUSES_AIRBNB_SEATTLE_4","0.2432361775552161","4","RandomForest 🌳","REG_TEXT_HOUSES_AIRBNB_SEATTLE","text_only","nlp-srv3.dds.technion.ac.il","finished","429","2026-07-25T03:47:57.000Z","2026-07-25 06:54:45"
"iclv2_REG_TEXT_HOUSES_AIRBNB_SEATTLE_4","0.5694656825232718","4","TabICLv2 🗼","REG_TEXT_HOUSES_AIRBNB_SEATTLE","no_text","nlp-srv3.dds.technion.ac.il","finished","13","2026-07-25T03:47:41.000Z","2026-07-25 06:47:33"
"iclv2_REG_TEXT_HOUSES_AIRBNB_SEATTLE_4","0.37401163861178255","4","TabICLv2 🗼","REG_TEXT_HOUSES_AIRBNB_SEATTLE","text_only","nlp-srv3.dds.technion.ac.il","finished","482","2026-07-25T03:47:28.000Z","2026-07-25 06:55:09"
"real_REG_TEXT_HOUSES_AIRBNB_SEATTLE_4","0.4741154664986872","4","RealMLP 🕸","REG_TEXT_HOUSES_AIRBNB_SEATTLE","no_text","nlp-srv3.dds.technion.ac.il","finished","30","2026-07-25T03:47:09.000Z","2026-07-25 06:47:17"
"real_REG_TEXT_HOUSES_AIRBNB_SEATTLE_4","0.40836592262460414","4","RealMLP 🕸","REG_TEXT_HOUSES_AIRBNB_SEATTLE","text_only","nlp-srv3.dds.technion.ac.il","finished","476","2026-07-25T03:46:55.000Z","2026-07-25 06:54:29"
"dpt_REG_TEXT_FOOD_WINE_VIVINO_SPAIN_4","0.8547625180385318","4","TabDPT 6️⃣","REG_TEXT_FOOD_WINE_VIVINO_SPAIN","no_text","nlp-srv3.dds.technion.ac.il","finished","228","2026-07-25T03:35:38.000Z","2026-07-25 06:39:05"
"dpt_REG_TEXT_FOOD_WINE_VIVINO_SPAIN_4","0.8052701909964248","4","TabDPT 6️⃣","REG_TEXT_FOOD_WINE_VIVINO_SPAIN","text_only","nlp-srv3.dds.technion.ac.il","finished","390","2026-07-25T03:35:36.000Z","2026-07-25 06:41:45"
"xgb_REG_TEXT_FOOD_WINE_VIVINO_SPAIN_4","0.8347434046042334","4","XGBoost 🌲","REG_TEXT_FOOD_WINE_VIVINO_SPAIN","no_text","nlp-srv3.dds.technion.ac.il","finished","12","2026-07-25T03:35:28.000Z","2026-07-25 06:35:18"
"xgb_REG_TEXT_FOOD_WINE_VIVINO_SPAIN_4","0.774051727763652","4","XGBoost 🌲","REG_TEXT_FOOD_WINE_VIVINO_SPAIN","text_only","nlp-srv3.dds.technion.ac.il","finished","117","2026-07-25T03:35:23.000Z","2026-07-25 06:36:59"
"rf_REG_TEXT_FOOD_WINE_VIVINO_SPAIN_4","0.8136264461707942","4","RandomForest 🌳","REG_TEXT_FOOD_WINE_VIVINO_SPAIN","no_text","nlp-srv3.dds.technion.ac.il","finished","10","2026-07-25T03:35:21.000Z","2026-07-25 06:35:10"
"rf_REG_TEXT_FOOD_WINE_VIVINO_SPAIN_4","0.7939997666561989","4","RandomForest 🌳","REG_TEXT_FOOD_WINE_VIVINO_SPAIN","text_only","nlp-srv3.dds.technion.ac.il","finished","142","2026-07-25T03:34:40.000Z","2026-07-25 06:36:41"
"iclv2_REG_TEXT_FOOD_WINE_VIVINO_SPAIN_4","0.8167457645481009","4","TabICLv2 🗼","REG_TEXT_FOOD_WINE_VIVINO_SPAIN","text_only","nlp-srv3.dds.technion.ac.il","finished","179","2026-07-25T03:33:38.000Z","2026-07-25 06:36:16"
"real_REG_TEXT_FOOD_WINE_VIVINO_SPAIN_4","0.8419795610419009","4","RealMLP 🕸","REG_TEXT_FOOD_WINE_VIVINO_SPAIN","no_text","nlp-srv3.dds.technion.ac.il","finished","42","2026-07-25T03:33:36.000Z","2026-07-25 06:33:56"
"real_REG_TEXT_FOOD_WINE_VIVINO_SPAIN_4","0.7875556075272685","4","RealMLP 🕸","REG_TEXT_FOOD_WINE_VIVINO_SPAIN","text_only","nlp-srv3.dds.technion.ac.il","finished","167","2026-07-25T03:33:35.000Z","2026-07-25 06:36:01"
"dpt_REG_TEXT_FOOD_WINE_POLISH_MARKET_PRICES_4","0.3344019776206839","4","TabDPT 6️⃣","REG_TEXT_FOOD_WINE_POLISH_MARKET_PRICES","no_text","nlp-srv3.dds.technion.ac.il","finished","16","2026-07-25T03:28:23.000Z","2026-07-25 06:28:18"
"dpt_REG_TEXT_FOOD_WINE_POLISH_MARKET_PRICES_4","0.2327165422934434","4","TabDPT 6️⃣","REG_TEXT_FOOD_WINE_POLISH_MARKET_PRICES","text_only","nlp-srv3.dds.technion.ac.il","finished","75","2026-07-25T03:28:16.000Z","2026-07-25 06:29:09"
"xgb_REG_TEXT_FOOD_WINE_POLISH_MARKET_PRICES_4","0.2558556583534468","4","XGBoost 🌲","REG_TEXT_FOOD_WINE_POLISH_MARKET_PRICES","no_text","nlp-srv3.dds.technion.ac.il","finished","11","2026-07-25T03:28:11.000Z","2026-07-25 06:28:01"
"xgb_REG_TEXT_FOOD_WINE_POLISH_MARKET_PRICES_4","0.048379855204996325","4","XGBoost 🌲","REG_TEXT_FOOD_WINE_POLISH_MARKET_PRICES","text_only","nlp-srv3.dds.technion.ac.il","finished","84","2026-07-25T03:28:09.000Z","2026-07-25 06:29:12"
"rf_REG_TEXT_FOOD_WINE_POLISH_MARKET_PRICES_4","0.36957956345060616","4","RandomForest 🌳","REG_TEXT_FOOD_WINE_POLISH_MARKET_PRICES","no_text","nlp-srv3.dds.technion.ac.il","finished","12","2026-07-25T03:28:07.000Z","2026-07-25 06:27:57"
"rf_REG_TEXT_FOOD_WINE_POLISH_MARKET_PRICES_4","0.23149092785989145","4","RandomForest 🌳","REG_TEXT_FOOD_WINE_POLISH_MARKET_PRICES","text_only","nlp-srv3.dds.technion.ac.il","finished","72","2026-07-25T03:27:58.000Z","2026-07-25 06:28:49"
"iclv2_REG_TEXT_FOOD_WINE_POLISH_MARKET_PRICES_4","0.5831592439378004","4","TabICLv2 🗼","REG_TEXT_FOOD_WINE_POLISH_MARKET_PRICES","no_text","nlp-srv3.dds.technion.ac.il","finished","12","2026-07-25T03:27:51.000Z","2026-07-25 06:27:41"
"iclv2_REG_TEXT_FOOD_WINE_POLISH_MARKET_PRICES_4","0.36836141585679194","4","TabICLv2 🗼","REG_TEXT_FOOD_WINE_POLISH_MARKET_PRICES","text_only","nlp-srv3.dds.technion.ac.il","finished","60","2026-07-25T03:27:45.000Z","2026-07-25 06:28:23"
"real_REG_TEXT_FOOD_WINE_POLISH_MARKET_PRICES_4","0.3651028028766132","4","RealMLP 🕸","REG_TEXT_FOOD_WINE_POLISH_MARKET_PRICES","no_text","nlp-srv3.dds.technion.ac.il","finished","23","2026-07-25T03:27:42.000Z","2026-07-25 06:27:43"
"real_REG_TEXT_FOOD_WINE_POLISH_MARKET_PRICES_4","0.06793848323248108","4","RealMLP 🕸","REG_TEXT_FOOD_WINE_POLISH_MARKET_PRICES","text_only","nlp-srv3.dds.technion.ac.il","finished","101","2026-07-25T03:27:38.000Z","2026-07-25 06:28:58"
"dpt_REG_TEXT_FOOD_RAMEN_RATINGS_2022_4","0.1218703588563086","4","TabDPT 6️⃣","REG_TEXT_FOOD_RAMEN_RATINGS_2022","no_text","nlp-srv3.dds.technion.ac.il","finished","85","2026-07-25T03:24:32.000Z","2026-07-25 06:25:36"
"dpt_REG_TEXT_FOOD_RAMEN_RATINGS_2022_4","0.26631372647904616","4","TabDPT 6️⃣","REG_TEXT_FOOD_RAMEN_RATINGS_2022","text_only","nlp-srv3.dds.technion.ac.il","finished","161","2026-07-25T03:24:28.000Z","2026-07-25 06:26:48"
"xgb_REG_TEXT_FOOD_RAMEN_RATINGS_2022_4","0.10769998795697187","4","XGBoost 🌲","REG_TEXT_FOOD_RAMEN_RATINGS_2022","no_text","nlp-srv3.dds.technion.ac.il","finished","11","2026-07-25T03:24:16.000Z","2026-07-25 06:24:06"
"xgb_REG_TEXT_FOOD_RAMEN_RATINGS_2022_4","0.136613600198923","4","XGBoost 🌲","REG_TEXT_FOOD_RAMEN_RATINGS_2022","text_only","nlp-srv3.dds.technion.ac.il","finished","58","2026-07-25T03:24:05.000Z","2026-07-25 06:24:42"
"rf_REG_TEXT_FOOD_RAMEN_RATINGS_2022_4","0.10908903590637388","4","RandomForest 🌳","REG_TEXT_FOOD_RAMEN_RATINGS_2022","no_text","nlp-srv3.dds.technion.ac.il","finished","11","2026-07-25T03:24:00.000Z","2026-07-25 06:23:50"
"rf_REG_TEXT_FOOD_RAMEN_RATINGS_2022_4","0.18539392668054933","4","RandomForest 🌳","REG_TEXT_FOOD_RAMEN_RATINGS_2022","text_only","nlp-srv3.dds.technion.ac.il","finished","65","2026-07-25T03:23:56.000Z","2026-07-25 06:24:38"
"iclv2_REG_TEXT_FOOD_RAMEN_RATINGS_2022_4","0.117640863708543","4","TabICLv2 🗼","REG_TEXT_FOOD_RAMEN_RATINGS_2022","no_text","nlp-srv3.dds.technion.ac.il","finished","12","2026-07-25T03:23:40.000Z","2026-07-25 06:23:31"
"iclv2_REG_TEXT_FOOD_RAMEN_RATINGS_2022_4","0.26868551823626274","4","TabICLv2 🗼","REG_TEXT_FOOD_RAMEN_RATINGS_2022","text_only","nlp-srv3.dds.technion.ac.il","finished","84","2026-07-25T03:23:39.000Z","2026-07-25 06:24:42"
"real_REG_TEXT_FOOD_RAMEN_RATINGS_2022_4","0.13604082596746137","4","RealMLP 🕸","REG_TEXT_FOOD_RAMEN_RATINGS_2022","no_text","nlp-srv3.dds.technion.ac.il","finished","23","2026-07-25T03:23:34.000Z","2026-07-25 06:23:36"
"real_REG_TEXT_FOOD_RAMEN_RATINGS_2022_4","0.14689321899110708","4","RealMLP 🕸","REG_TEXT_FOOD_RAMEN_RATINGS_2022","text_only","nlp-srv3.dds.technion.ac.il","finished","89","2026-07-25T03:23:26.000Z","2026-07-25 06:24:34"
"dpt_REG_TEXT_FOOD_COFFEE_REVIEW_4","0.948491632938385","4","TabDPT 6️⃣","REG_TEXT_FOOD_COFFEE_REVIEW","no_text","nlp-srv3.dds.technion.ac.il","finished","67","2026-07-25T03:18:56.000Z","2026-07-25 06:19:42"
"dpt_REG_TEXT_FOOD_COFFEE_REVIEW_4","0.6169975996017456","4","TabDPT 6️⃣","REG_TEXT_FOOD_COFFEE_REVIEW","text_only","nlp-srv3.dds.technion.ac.il","finished","249","2026-07-25T03:18:44.000Z","2026-07-25 06:22:32"
"xgb_REG_TEXT_FOOD_COFFEE_REVIEW_4","0.9937281608581544","4","XGBoost 🌲","REG_TEXT_FOOD_COFFEE_REVIEW","no_text","nlp-srv3.dds.technion.ac.il","finished","12","2026-07-25T03:18:39.000Z","2026-07-25 06:18:29"
"xgb_REG_TEXT_FOOD_COFFEE_REVIEW_4","0.43892550468444824","4","XGBoost 🌲","REG_TEXT_FOOD_COFFEE_REVIEW","text_only","nlp-srv3.dds.technion.ac.il","finished","210","2026-07-25T03:18:31.000Z","2026-07-25 06:21:40"
"rf_REG_TEXT_FOOD_COFFEE_REVIEW_4","0.9806342240431168","4","RandomForest 🌳","REG_TEXT_FOOD_COFFEE_REVIEW","no_text","nlp-srv3.dds.technion.ac.il","finished","11","2026-07-25T03:18:29.000Z","2026-07-25 06:18:19"
"rf_REG_TEXT_FOOD_COFFEE_REVIEW_4","0.4223125779007154","4","RandomForest 🌳","REG_TEXT_FOOD_COFFEE_REVIEW","text_only","nlp20.iem.technion.ac.il","finished","182","2026-07-25T03:18:24.000Z","2026-07-25 06:21:25"
"iclv2_REG_TEXT_FOOD_COFFEE_REVIEW_4","0.9968918561935424","4","TabICLv2 🗼","REG_TEXT_FOOD_COFFEE_REVIEW","no_text","nlp-srv3.dds.technion.ac.il","finished","12","2026-07-25T03:18:13.000Z","2026-07-25 06:18:04"
"iclv2_REG_TEXT_FOOD_COFFEE_REVIEW_4","0.6465107202529907","4","TabICLv2 🗼","REG_TEXT_FOOD_COFFEE_REVIEW","text_only","nlp-srv3.dds.technion.ac.il","finished","201","2026-07-25T03:18:13.000Z","2026-07-25 06:21:13"
"real_REG_TEXT_FOOD_COFFEE_REVIEW_4","0.995671272277832","4","RealMLP 🕸","REG_TEXT_FOOD_COFFEE_REVIEW","no_text","nlp-srv3.dds.technion.ac.il","finished","21","2026-07-25T03:17:46.000Z","2026-07-25 06:17:46"
"real_REG_TEXT_FOOD_COFFEE_REVIEW_4","0.6798470616340637","4","RealMLP 🕸","REG_TEXT_FOOD_COFFEE_REVIEW","text_only","nlp-srv3.dds.technion.ac.il","finished","195","2026-07-25T03:17:34.000Z","2026-07-25 06:20:28"
"dpt_REG_TEXT_FOOD_CHOCOLATE_BAR_RATINGS_4","0.21081353534611535","4","TabDPT 6️⃣","REG_TEXT_FOOD_CHOCOLATE_BAR_RATINGS","no_text","nlp-srv3.dds.technion.ac.il","finished","17","2026-07-25T03:12:30.000Z","2026-07-25 06:12:26"
"dpt_REG_TEXT_FOOD_CHOCOLATE_BAR_RATINGS_4","0.12143462665286207","4","TabDPT 6️⃣","REG_TEXT_FOOD_CHOCOLATE_BAR_RATINGS","text_only","nlp-srv3.dds.technion.ac.il","finished","40","2026-07-25T03:12:29.000Z","2026-07-25 06:12:47"
"xgb_REG_TEXT_FOOD_CHOCOLATE_BAR_RATINGS_4","0.1349202240274452","4","XGBoost 🌲","REG_TEXT_FOOD_CHOCOLATE_BAR_RATINGS","no_text","nlp-srv3.dds.technion.ac.il","finished","12","2026-07-25T03:12:26.000Z","2026-07-25 06:12:17"
"xgb_REG_TEXT_FOOD_CHOCOLATE_BAR_RATINGS_4","0.11710560191105555","4","XGBoost 🌲","REG_TEXT_FOOD_CHOCOLATE_BAR_RATINGS","text_only","nlp-srv3.dds.technion.ac.il","finished","36","2026-07-25T03:12:24.000Z","2026-07-25 06:12:39"
"rf_REG_TEXT_FOOD_CHOCOLATE_BAR_RATINGS_4","0.18690559794957784","4","RandomForest 🌳","REG_TEXT_FOOD_CHOCOLATE_BAR_RATINGS","no_text","nlp-srv3.dds.technion.ac.il","finished","11","2026-07-25T03:12:22.000Z","2026-07-25 06:12:12"
"rf_REG_TEXT_FOOD_CHOCOLATE_BAR_RATINGS_4","0.17955864894113227","4","RandomForest 🌳","REG_TEXT_FOOD_CHOCOLATE_BAR_RATINGS","text_only","nlp-srv3.dds.technion.ac.il","finished","34","2026-07-25T03:12:19.000Z","2026-07-25 06:12:32"
"iclv2_REG_TEXT_FOOD_CHOCOLATE_BAR_RATINGS_4","0.16260316949559073","4","TabICLv2 🗼","REG_TEXT_FOOD_CHOCOLATE_BAR_RATINGS","text_only","nlp-srv3.dds.technion.ac.il","finished","42","2026-07-25T03:12:14.000Z","2026-07-25 06:12:34"
"iclv2_REG_TEXT_FOOD_CHOCOLATE_BAR_RATINGS_4","0.24695191231868263","4","TabICLv2 🗼","REG_TEXT_FOOD_CHOCOLATE_BAR_RATINGS","no_text","nlp-srv3.dds.technion.ac.il","finished","12","2026-07-25T03:12:14.000Z","2026-07-25 06:12:05"
"real_REG_TEXT_FOOD_CHOCOLATE_BAR_RATINGS_4","0.17599871836322867","4","RealMLP 🕸","REG_TEXT_FOOD_CHOCOLATE_BAR_RATINGS","no_text","nlp-srv3.dds.technion.ac.il","finished","19","2026-07-25T03:12:09.000Z","2026-07-25 06:12:06"
"real_REG_TEXT_FOOD_CHOCOLATE_BAR_RATINGS_4","0.05514494847780771","4","RealMLP 🕸","REG_TEXT_FOOD_CHOCOLATE_BAR_RATINGS","text_only","nlp20.iem.technion.ac.il","finished","41","2026-07-25T03:12:06.000Z","2026-07-25 06:12:46"
"dpt_REG_TEXT_FOOD_BEER_RATINGS_4","0.9339525758905688","4","TabDPT 6️⃣","REG_TEXT_FOOD_BEER_RATINGS","no_text","nlp20.iem.technion.ac.il","finished","105","2026-07-25T03:09:23.000Z","2026-07-25 06:11:06"
"dpt_REG_TEXT_FOOD_BEER_RATINGS_4","0.5818513137957215","4","TabDPT 6️⃣","REG_TEXT_FOOD_BEER_RATINGS","text_only","nlp-srv3.dds.technion.ac.il","finished","214","2026-07-25T03:09:17.000Z","2026-07-25 06:12:30"
"xgb_REG_TEXT_FOOD_BEER_RATINGS_4","0.9203487629961896","4","XGBoost 🌲","REG_TEXT_FOOD_BEER_RATINGS","no_text","nlp20.iem.technion.ac.il","finished","13","2026-07-25T03:09:07.000Z","2026-07-25 06:09:18"
"xgb_REG_TEXT_FOOD_BEER_RATINGS_4","0.491019932167352","4","XGBoost 🌲","REG_TEXT_FOOD_BEER_RATINGS","text_only","nlp-srv3.dds.technion.ac.il","finished","106","2026-07-25T03:08:55.000Z","2026-07-25 06:10:20"
"rf_REG_TEXT_FOOD_BEER_RATINGS_4","0.9250075205106504","4","RandomForest 🌳","REG_TEXT_FOOD_BEER_RATINGS","no_text","nlp20.iem.technion.ac.il","finished","15","2026-07-25T03:08:46.000Z","2026-07-25 06:08:59"
"rf_REG_TEXT_FOOD_BEER_RATINGS_4","0.5021933068538582","4","RandomForest 🌳","REG_TEXT_FOOD_BEER_RATINGS","text_only","nlp-srv3.dds.technion.ac.il","finished","165","2026-07-25T03:08:44.000Z","2026-07-25 06:11:08"
"iclv2_REG_TEXT_FOOD_BEER_RATINGS_4","0.937931376359633","4","TabICLv2 🗼","REG_TEXT_FOOD_BEER_RATINGS","no_text","nlp-srv3.dds.technion.ac.il","finished","14","2026-07-25T03:08:38.000Z","2026-07-25 06:08:30"
"iclv2_REG_TEXT_FOOD_BEER_RATINGS_4","0.5787343780963812","4","TabICLv2 🗼","REG_TEXT_FOOD_BEER_RATINGS","text_only","nlp-srv3.dds.technion.ac.il","finished","133","2026-07-25T03:08:22.000Z","2026-07-25 06:10:14"
"real_REG_TEXT_FOOD_BEER_RATINGS_4","0.9229596055628344","4","RealMLP 🕸","REG_TEXT_FOOD_BEER_RATINGS","no_text","nlp-srv3.dds.technion.ac.il","finished","24","2026-07-25T03:08:12.000Z","2026-07-25 06:08:15"
"real_REG_TEXT_FOOD_BEER_RATINGS_4","0.4693705995589701","4","RealMLP 🕸","REG_TEXT_FOOD_BEER_RATINGS","text_only","nlp-srv3.dds.technion.ac.il","finished","142","2026-07-25T03:08:10.000Z","2026-07-25 06:10:11"
"dpt_REG_TEXT_FOOD_ALCOHOL_WIKILIQ_PRICES_4","0.07532989200617668","4","TabDPT 6️⃣","REG_TEXT_FOOD_ALCOHOL_WIKILIQ_PRICES","no_text","nlp-srv3.dds.technion.ac.il","finished","220","2026-07-25T02:59:31.000Z","2026-07-25 06:02:49"
"dpt_REG_TEXT_FOOD_ALCOHOL_WIKILIQ_PRICES_4","0.1913441527423586","4","TabDPT 6️⃣","REG_TEXT_FOOD_ALCOHOL_WIKILIQ_PRICES","text_only","nlp-srv3.dds.technion.ac.il","finished","810","2026-07-25T02:59:17.000Z","2026-07-25 06:12:26"
"xgb_REG_TEXT_FOOD_ALCOHOL_WIKILIQ_PRICES_4","0.09016820057567154","4","XGBoost 🌲","REG_TEXT_FOOD_ALCOHOL_WIKILIQ_PRICES","no_text","nlp-srv3.dds.technion.ac.il","finished","11","2026-07-25T02:59:15.000Z","2026-07-25 05:59:05"
"xgb_REG_TEXT_FOOD_ALCOHOL_WIKILIQ_PRICES_4","0.014817224587362343","4","XGBoost 🌲","REG_TEXT_FOOD_ALCOHOL_WIKILIQ_PRICES","text_only","nlp-srv3.dds.technion.ac.il","finished","484","2026-07-25T02:59:09.000Z","2026-07-25 06:06:52"
"rf_REG_TEXT_FOOD_ALCOHOL_WIKILIQ_PRICES_4","0.09059989237734324","4","RandomForest 🌳","REG_TEXT_FOOD_ALCOHOL_WIKILIQ_PRICES","text_only","nlp-srv3.dds.technion.ac.il","finished","613","2026-07-25T02:59:01.000Z","2026-07-25 06:08:53"
"rf_REG_TEXT_FOOD_ALCOHOL_WIKILIQ_PRICES_4","-0.2109240653737472","4","RandomForest 🌳","REG_TEXT_FOOD_ALCOHOL_WIKILIQ_PRICES","no_text","nlp-srv3.dds.technion.ac.il","finished","12","2026-07-25T02:59:01.000Z","2026-07-25 05:58:51"
"iclv2_REG_TEXT_FOOD_ALCOHOL_WIKILIQ_PRICES_4","0.11597307867162754","4","TabICLv2 🗼","REG_TEXT_FOOD_ALCOHOL_WIKILIQ_PRICES","no_text","nlp-srv3.dds.technion.ac.il","finished","13","2026-07-25T02:58:45.000Z","2026-07-25 05:58:37"
"iclv2_REG_TEXT_FOOD_ALCOHOL_WIKILIQ_PRICES_4","0.13372005041643775","4","TabICLv2 🗼","REG_TEXT_FOOD_ALCOHOL_WIKILIQ_PRICES","text_only","nlp-srv3.dds.technion.ac.il","finished","589","2026-07-25T02:57:52.000Z","2026-07-25 06:07:20"
"real_REG_TEXT_FOOD_ALCOHOL_WIKILIQ_PRICES_4","0.13102993191942247","4","RealMLP 🕸","REG_TEXT_FOOD_ALCOHOL_WIKILIQ_PRICES","no_text","nlp-srv3.dds.technion.ac.il","finished","51","2026-07-25T02:56:54.000Z","2026-07-25 05:57:24"
"real_REG_TEXT_FOOD_ALCOHOL_WIKILIQ_PRICES_4","0.22851077726873492","4","RealMLP 🕸","REG_TEXT_FOOD_ALCOHOL_WIKILIQ_PRICES","text_only","nlp20.iem.technion.ac.il","finished","372","2026-07-25T02:55:57.000Z","2026-07-25 06:02:08"
"dpt_REG_TEXT_CONSUMER_LAPTOP_INDIAN_PRICES_4","0.8533497705736112","4","TabDPT 6️⃣","REG_TEXT_CONSUMER_LAPTOP_INDIAN_PRICES","no_text","nlp-srv3.dds.technion.ac.il","finished","17","2026-07-25T02:39:54.000Z","2026-07-25 05:39:50"
"dpt_REG_TEXT_CONSUMER_LAPTOP_INDIAN_PRICES_4","0.8888649827465828","4","TabDPT 6️⃣","REG_TEXT_CONSUMER_LAPTOP_INDIAN_PRICES","text_only","nlp-srv3.dds.technion.ac.il","finished","158","2026-07-25T02:39:52.000Z","2026-07-25 05:42:09"
"xgb_REG_TEXT_CONSUMER_LAPTOP_INDIAN_PRICES_4","0.8959838027147369","4","XGBoost 🌲","REG_TEXT_CONSUMER_LAPTOP_INDIAN_PRICES","no_text","nlp-srv3.dds.technion.ac.il","finished","12","2026-07-25T02:39:43.000Z","2026-07-25 05:39:33"
"xgb_REG_TEXT_CONSUMER_LAPTOP_INDIAN_PRICES_4","0.84226716003453","4","XGBoost 🌲","REG_TEXT_CONSUMER_LAPTOP_INDIAN_PRICES","text_only","nlp-srv3.dds.technion.ac.il","finished","148","2026-07-25T02:39:40.000Z","2026-07-25 05:41:47"
"rf_REG_TEXT_CONSUMER_LAPTOP_INDIAN_PRICES_4","0.8634369382428606","4","RandomForest 🌳","REG_TEXT_CONSUMER_LAPTOP_INDIAN_PRICES","no_text","nlp-srv3.dds.technion.ac.il","finished","12","2026-07-25T02:39:38.000Z","2026-07-25 05:39:29"
"rf_REG_TEXT_CONSUMER_LAPTOP_INDIAN_PRICES_4","0.8923695779997916","4","RandomForest 🌳","REG_TEXT_CONSUMER_LAPTOP_INDIAN_PRICES","text_only","nlp20.iem.technion.ac.il","finished","149","2026-07-25T02:39:36.000Z","2026-07-25 05:42:04"
"iclv2_REG_TEXT_CONSUMER_LAPTOP_INDIAN_PRICES_4","0.9366087078318464","4","TabICLv2 🗼","REG_TEXT_CONSUMER_LAPTOP_INDIAN_PRICES","no_text","nlp-srv3.dds.technion.ac.il","finished","14","2026-07-25T02:39:27.000Z","2026-07-25 05:39:19"
"iclv2_REG_TEXT_CONSUMER_LAPTOP_INDIAN_PRICES_4","0.9298749934492944","4","TabICLv2 🗼","REG_TEXT_CONSUMER_LAPTOP_INDIAN_PRICES","text_only","nlp-srv3.dds.technion.ac.il","finished","178","2026-07-25T02:39:18.000Z","2026-07-25 05:41:55"
"real_REG_TEXT_CONSUMER_LAPTOP_INDIAN_PRICES_4","0.9063230644988453","4","RealMLP 🕸","REG_TEXT_CONSUMER_LAPTOP_INDIAN_PRICES","no_text","nlp-srv3.dds.technion.ac.il","finished","21","2026-07-25T02:39:01.000Z","2026-07-25 05:39:01"
"real_REG_TEXT_CONSUMER_LAPTOP_INDIAN_PRICES_4","0.8907769284778414","4","RealMLP 🕸","REG_TEXT_CONSUMER_LAPTOP_INDIAN_PRICES","text_only","nlp-srv3.dds.technion.ac.il","finished","200","2026-07-25T02:39:00.000Z","2026-07-25 05:41:59"
"dpt_REG_TEXT_CONSUMER_JC_PENNEY_PRODUCT_PRICE_4","-0.00483215603365883","4","TabDPT 6️⃣","REG_TEXT_CONSUMER_JC_PENNEY_PRODUCT_PRICE","no_text","nlp-srv3.dds.technion.ac.il","finished","190","2026-07-25T02:32:23.000Z","2026-07-25 05:35:11"
"xgb_REG_TEXT_CONSUMER_JC_PENNEY_PRODUCT_PRICE_4","0.0011167889062421166","4","XGBoost 🌲","REG_TEXT_CONSUMER_JC_PENNEY_PRODUCT_PRICE","no_text","nlp-srv3.dds.technion.ac.il","finished","11","2026-07-25T02:32:01.000Z","2026-07-25 05:31:50"
"xgb_REG_TEXT_CONSUMER_JC_PENNEY_PRODUCT_PRICE_4","0.5631732980442294","4","XGBoost 🌲","REG_TEXT_CONSUMER_JC_PENNEY_PRODUCT_PRICE","text_only","nlp-srv3.dds.technion.ac.il","finished","301","2026-07-25T02:31:47.000Z","2026-07-25 05:36:27"
"rf_REG_TEXT_CONSUMER_JC_PENNEY_PRODUCT_PRICE_4","-0.011399454882412783","4","RandomForest 🌳","REG_TEXT_CONSUMER_JC_PENNEY_PRODUCT_PRICE","no_text","nlp-srv3.dds.technion.ac.il","finished","11","2026-07-25T02:31:45.000Z","2026-07-25 05:31:35"
"rf_REG_TEXT_CONSUMER_JC_PENNEY_PRODUCT_PRICE_4","0.6181382429642834","4","RandomForest 🌳","REG_TEXT_CONSUMER_JC_PENNEY_PRODUCT_PRICE","text_only","nlp20.iem.technion.ac.il","finished","281","2026-07-25T02:31:40.000Z","2026-07-25 05:36:20"
"iclv2_REG_TEXT_CONSUMER_JC_PENNEY_PRODUCT_PRICE_4","0.004102859515391688","4","TabICLv2 🗼","REG_TEXT_CONSUMER_JC_PENNEY_PRODUCT_PRICE","no_text","nlp-srv3.dds.technion.ac.il","finished","13","2026-07-25T02:31:31.000Z","2026-07-25 05:31:23"
"real_REG_TEXT_CONSUMER_JC_PENNEY_PRODUCT_PRICE_4","-0.005415743663886863","4","RealMLP 🕸","REG_TEXT_CONSUMER_JC_PENNEY_PRODUCT_PRICE","no_text","nlp20.iem.technion.ac.il","finished","57","2026-07-25T02:30:37.000Z","2026-07-25 05:31:33"
"real_REG_TEXT_CONSUMER_JC_PENNEY_PRODUCT_PRICE_4","0.6822138899029815","4","RealMLP 🕸","REG_TEXT_CONSUMER_JC_PENNEY_PRODUCT_PRICE","text_only","nlp-srv3.dds.technion.ac.il","finished","296","2026-07-25T02:30:21.000Z","2026-07-25 05:34:56"
"dpt_REG_TEXT_CONSUMER_CAR_PRICE_CARDEKHO_4","0.9885249663722986","4","TabDPT 6️⃣","REG_TEXT_CONSUMER_CAR_PRICE_CARDEKHO","no_text","nlp-srv3.dds.technion.ac.il","finished","584","2026-07-25T01:34:52.000Z","2026-07-25 04:44:14"
"dpt_REG_TEXT_CONSUMER_CAR_PRICE_CARDEKHO_4","0.8209935125445335","4","TabDPT 6️⃣","REG_TEXT_CONSUMER_CAR_PRICE_CARDEKHO","text_only","nlp-srv3.dds.technion.ac.il","finished","4133","2026-07-25T01:34:50.000Z","2026-07-25 05:43:21"
"xgb_REG_TEXT_CONSUMER_CAR_PRICE_CARDEKHO_4","0.9939152125773444","4","XGBoost 🌲","REG_TEXT_CONSUMER_CAR_PRICE_CARDEKHO","no_text","nlp-srv3.dds.technion.ac.il","finished","14","2026-07-25T01:34:29.000Z","2026-07-25 04:34:22"
"xgb_REG_TEXT_CONSUMER_CAR_PRICE_CARDEKHO_4","0.9099412314315576","4","XGBoost 🌲","REG_TEXT_CONSUMER_CAR_PRICE_CARDEKHO","text_only","nlp-srv3.dds.technion.ac.il","finished","3383","2026-07-25T01:32:39.000Z","2026-07-25 05:28:40"
"rf_REG_TEXT_CONSUMER_CAR_PRICE_CARDEKHO_4","0.9998116556107476","4","RandomForest 🌳","REG_TEXT_CONSUMER_CAR_PRICE_CARDEKHO","no_text","nlp-srv3.dds.technion.ac.il","finished","27","2026-07-25T01:32:08.000Z","2026-07-25 04:32:12"
"rf_REG_TEXT_CONSUMER_CAR_PRICE_CARDEKHO_4","-2.4647704361655567","4","RandomForest 🌳","REG_TEXT_CONSUMER_CAR_PRICE_CARDEKHO","text_only","nlp-srv3.dds.technion.ac.il","finished","3792","2026-07-25T01:32:07.000Z","2026-07-25 05:34:58"
"iclv2_REG_TEXT_CONSUMER_CAR_PRICE_CARDEKHO_4","0.9996383164596938","4","TabICLv2 🗼","REG_TEXT_CONSUMER_CAR_PRICE_CARDEKHO","no_text","nlp-srv3.dds.technion.ac.il","finished","17","2026-07-25T01:31:47.000Z","2026-07-25 04:31:43"
"iclv2_REG_TEXT_CONSUMER_CAR_PRICE_CARDEKHO_4","0.933901997327272","4","TabICLv2 🗼","REG_TEXT_CONSUMER_CAR_PRICE_CARDEKHO","text_only","nlp-srv3.dds.technion.ac.il","finished","3558","2026-07-25T01:30:57.000Z","2026-07-25 05:29:54"
"real_REG_TEXT_CONSUMER_CAR_PRICE_CARDEKHO_4","0.691305893415674","4","RealMLP 🕸","REG_TEXT_CONSUMER_CAR_PRICE_CARDEKHO","no_text","nlp-srv3.dds.technion.ac.il","finished","71","2026-07-25T01:30:53.000Z","2026-07-25 04:31:40"
"real_REG_TEXT_CONSUMER_CAR_PRICE_CARDEKHO_4","0.8175454990848405","4","RealMLP 🕸","REG_TEXT_CONSUMER_CAR_PRICE_CARDEKHO","text_only","nlp-srv3.dds.technion.ac.il","finished","3170","2026-07-25T01:29:35.000Z","2026-07-25 05:22:04"
"dpt_REG_TEXT_CONSUMER_BIKE_PRICE_BIKEWALE_4","0.07326483726501465","4","TabDPT 6️⃣","REG_TEXT_CONSUMER_BIKE_PRICE_BIKEWALE","no_text","nlp20.iem.technion.ac.il","finished","364","2026-07-25T00:24:48.000Z","2026-07-25 03:30:51"
"dpt_REG_TEXT_CONSUMER_BIKE_PRICE_BIKEWALE_4","0.5317971706390381","4","TabDPT 6️⃣","REG_TEXT_CONSUMER_BIKE_PRICE_BIKEWALE","text_only","nlp-srv3.dds.technion.ac.il","finished","391","2026-07-25T00:24:34.000Z","2026-07-25 03:30:43"
"xgb_REG_TEXT_CONSUMER_BIKE_PRICE_BIKEWALE_4","0.09626102447509766","4","XGBoost 🌲","REG_TEXT_CONSUMER_BIKE_PRICE_BIKEWALE","no_text","nlp-srv3.dds.technion.ac.il","finished","10","2026-07-25T00:24:33.000Z","2026-07-25 03:24:22"
"xgb_REG_TEXT_CONSUMER_BIKE_PRICE_BIKEWALE_4","0.7671099901199341","4","XGBoost 🌲","REG_TEXT_CONSUMER_BIKE_PRICE_BIKEWALE","text_only","nlp-srv3.dds.technion.ac.il","finished","148","2026-07-25T00:24:24.000Z","2026-07-25 03:26:31"
"rf_REG_TEXT_CONSUMER_BIKE_PRICE_BIKEWALE_4","-0.38513439325015386","4","RandomForest 🌳","REG_TEXT_CONSUMER_BIKE_PRICE_BIKEWALE","no_text","nlp-srv3.dds.technion.ac.il","finished","11","2026-07-25T00:24:18.000Z","2026-07-25 03:24:08"
"rf_REG_TEXT_CONSUMER_BIKE_PRICE_BIKEWALE_4","0.7803485195532325","4","RandomForest 🌳","REG_TEXT_CONSUMER_BIKE_PRICE_BIKEWALE","text_only","nlp-srv3.dds.technion.ac.il","finished","148","2026-07-25T00:24:12.000Z","2026-07-25 03:26:19"
"iclv2_REG_TEXT_CONSUMER_BIKE_PRICE_BIKEWALE_4","0.05673527717590332","4","TabICLv2 🗼","REG_TEXT_CONSUMER_BIKE_PRICE_BIKEWALE","no_text","nlp-srv3.dds.technion.ac.il","finished","13","2026-07-25T00:24:08.000Z","2026-07-25 03:24:00"
"real_REG_TEXT_CONSUMER_BIKE_PRICE_BIKEWALE_4","0.10423868894577026","4","RealMLP 🕸","REG_TEXT_CONSUMER_BIKE_PRICE_BIKEWALE","no_text","nlp20.iem.technion.ac.il","finished","48","2026-07-25T00:23:56.000Z","2026-07-25 03:24:43"
"dpt_REG_TEXT_CONSUMER_AMERICAN_EAGLE_PRICES_4","0.9638854111269752","4","TabDPT 6️⃣","REG_TEXT_CONSUMER_AMERICAN_EAGLE_PRICES","no_text","nlp-srv3.dds.technion.ac.il","finished","493","2026-07-25T00:16:01.000Z","2026-07-25 03:23:53"
"xgb_REG_TEXT_CONSUMER_AMERICAN_EAGLE_PRICES_4","0.9614043118636012","4","XGBoost 🌲","REG_TEXT_CONSUMER_AMERICAN_EAGLE_PRICES","no_text","nlp-srv3.dds.technion.ac.il","finished","11","2026-07-25T00:15:45.000Z","2026-07-25 03:15:35"
"rf_REG_TEXT_CONSUMER_AMERICAN_EAGLE_PRICES_4","0.9574701903902334","4","RandomForest 🌳","REG_TEXT_CONSUMER_AMERICAN_EAGLE_PRICES","no_text","nlp-srv3.dds.technion.ac.il","finished","10","2026-07-25T00:15:14.000Z","2026-07-25 03:15:03"
"rf_REG_TEXT_CONSUMER_AMERICAN_EAGLE_PRICES_4","0.9531237495616722","4","RandomForest 🌳","REG_TEXT_CONSUMER_AMERICAN_EAGLE_PRICES","text_only","nlp-srv3.dds.technion.ac.il","finished","479","2026-07-25T00:15:02.000Z","2026-07-25 03:22:40"
"iclv2_REG_TEXT_CONSUMER_AMERICAN_EAGLE_PRICES_4","0.9643932011933406","4","TabICLv2 🗼","REG_TEXT_CONSUMER_AMERICAN_EAGLE_PRICES","no_text","nlp-srv3.dds.technion.ac.il","finished","13","2026-07-25T00:14:58.000Z","2026-07-25 03:14:50"
"iclv2_REG_TEXT_CONSUMER_AMERICAN_EAGLE_PRICES_4","0.957940362920089","4","TabICLv2 🗼","REG_TEXT_CONSUMER_AMERICAN_EAGLE_PRICES","text_only","nlp20.iem.technion.ac.il","finished","361","2026-07-25T00:13:21.000Z","2026-07-25 03:19:21"
"real_REG_TEXT_CONSUMER_AMERICAN_EAGLE_PRICES_4","0.9613367603486792","4","RealMLP 🕸","REG_TEXT_CONSUMER_AMERICAN_EAGLE_PRICES","no_text","nlp20.iem.technion.ac.il","finished","68","2026-07-25T00:12:08.000Z","2026-07-25 03:13:15"
"real_REG_TEXT_CONSUMER_AMERICAN_EAGLE_PRICES_4","0.9529284108061392","4","RealMLP 🕸","REG_TEXT_CONSUMER_AMERICAN_EAGLE_PRICES","text_only","nlp-srv3.dds.technion.ac.il","finished","560","2026-07-25T00:11:21.000Z","2026-07-25 03:20:20"
"dpt_REG_TEXT_BOOK_READABILITY_4","0.8266675546722612","4","TabDPT 6️⃣","REG_TEXT_BOOK_READABILITY","no_text","nlp-srv3.dds.technion.ac.il","finished","127","2026-07-24T23:56:30.000Z","2026-07-25 02:58:16"
"dpt_REG_TEXT_BOOK_READABILITY_4","0.6641829605367956","4","TabDPT 6️⃣","REG_TEXT_BOOK_READABILITY","text_only","nlp-srv3.dds.technion.ac.il","finished","369","2026-07-24T23:56:28.000Z","2026-07-25 03:02:16"
"xgb_REG_TEXT_BOOK_READABILITY_4","0.8016837760479134","4","XGBoost 🌲","REG_TEXT_BOOK_READABILITY","no_text","nlp-srv3.dds.technion.ac.il","finished","11","2026-07-24T23:56:14.000Z","2026-07-25 02:56:04"
"xgb_REG_TEXT_BOOK_READABILITY_4","0.6565080227370732","4","XGBoost 🌲","REG_TEXT_BOOK_READABILITY","text_only","nlp-srv3.dds.technion.ac.il","finished","254","2026-07-24T23:56:12.000Z","2026-07-25 03:00:05"
"rf_REG_TEXT_BOOK_READABILITY_4","0.8146570522755726","4","RandomForest 🌳","REG_TEXT_BOOK_READABILITY","no_text","nlp-srv3.dds.technion.ac.il","finished","14","2026-07-24T23:55:56.000Z","2026-07-25 02:55:49"
"rf_REG_TEXT_BOOK_READABILITY_4","0.6851300759759633","4","RandomForest 🌳","REG_TEXT_BOOK_READABILITY","text_only","nlp-srv3.dds.technion.ac.il","finished","264","2026-07-24T23:55:49.000Z","2026-07-25 02:59:52"
"iclv2_REG_TEXT_BOOK_READABILITY_4","0.8331437894920223","4","TabICLv2 🗼","REG_TEXT_BOOK_READABILITY","no_text","nlp-srv3.dds.technion.ac.il","finished","13","2026-07-24T23:55:40.000Z","2026-07-25 02:55:32"
"iclv2_REG_TEXT_BOOK_READABILITY_4","0.743215361356001","4","TabICLv2 🗼","REG_TEXT_BOOK_READABILITY","text_only","nlp-srv3.dds.technion.ac.il","finished","209","2026-07-24T23:55:21.000Z","2026-07-25 02:58:30"
"real_REG_TEXT_BOOK_READABILITY_4","0.6716497900013103","4","RealMLP 🕸","REG_TEXT_BOOK_READABILITY","text_only","nlp-srv3.dds.technion.ac.il","finished","210","2026-07-24T23:55:08.000Z","2026-07-25 02:58:17"
"real_REG_TEXT_BOOK_READABILITY_4","0.7851921596724123","4","RealMLP 🕸","REG_TEXT_BOOK_READABILITY","no_text","nlp-srv3.dds.technion.ac.il","finished","28","2026-07-24T23:55:08.000Z","2026-07-25 02:55:15"
"dpt_REG_TEXT_BOOK_PRICE_4","0.20492803735226317","4","TabDPT 6️⃣","REG_TEXT_BOOK_PRICE","no_text","nlp-srv3.dds.technion.ac.il","finished","140","2026-07-24T23:46:37.000Z","2026-07-25 02:48:37"
"dpt_REG_TEXT_BOOK_PRICE_4","0.49778094405531415","4","TabDPT 6️⃣","REG_TEXT_BOOK_PRICE","text_only","nlp-srv3.dds.technion.ac.il","finished","323","2026-07-24T23:46:28.000Z","2026-07-25 02:51:30"
"xgb_REG_TEXT_BOOK_PRICE_4","0.16516422752440518","4","XGBoost 🌲","REG_TEXT_BOOK_PRICE","no_text","nlp-srv3.dds.technion.ac.il","finished","12","2026-07-24T23:46:21.000Z","2026-07-25 02:46:11"
"xgb_REG_TEXT_BOOK_PRICE_4","0.3703235507834712","4","XGBoost 🌲","REG_TEXT_BOOK_PRICE","text_only","nlp20.iem.technion.ac.il","finished","154","2026-07-24T23:46:15.000Z","2026-07-25 02:48:47"
"rf_REG_TEXT_BOOK_PRICE_4","0.0250159976808636","4","RandomForest 🌳","REG_TEXT_BOOK_PRICE","no_text","nlp-srv3.dds.technion.ac.il","finished","11","2026-07-24T23:46:13.000Z","2026-07-25 02:46:02"
"rf_REG_TEXT_BOOK_PRICE_4","0.42595814526494025","4","RandomForest 🌳","REG_TEXT_BOOK_PRICE","text_only","nlp-srv3.dds.technion.ac.il","finished","234","2026-07-24T23:46:03.000Z","2026-07-25 02:49:36"
"iclv2_REG_TEXT_BOOK_PRICE_4","0.20124213483755315","4","TabICLv2 🗼","REG_TEXT_BOOK_PRICE","no_text","nlp20.iem.technion.ac.il","finished","18","2026-07-24T23:45:54.000Z","2026-07-25 02:46:10"
"iclv2_REG_TEXT_BOOK_PRICE_4","0.5429448579423644","4","TabICLv2 🗼","REG_TEXT_BOOK_PRICE","text_only","nlp-srv3.dds.technion.ac.il","finished","227","2026-07-24T23:45:45.000Z","2026-07-25 02:49:11"
"real_REG_TEXT_BOOK_PRICE_4","0.18340186997433183","4","RealMLP 🕸","REG_TEXT_BOOK_PRICE","no_text","nlp20.iem.technion.ac.il","finished","34","2026-07-24T23:45:17.000Z","2026-07-25 02:45:50"
"real_REG_TEXT_BOOK_PRICE_4","0.5068842993869782","4","RealMLP 🕸","REG_TEXT_BOOK_PRICE","text_only","nlp-srv3.dds.technion.ac.il","finished","198","2026-07-24T23:45:05.000Z","2026-07-25 02:48:02"
"dpt_REG_TEXT_BABIES_PRICES_4","0.3448055454070895","4","TabDPT 6️⃣","REG_TEXT_BABIES_PRICES","no_text","nlp-srv3.dds.technion.ac.il","finished","150","2026-07-24T23:37:30.000Z","2026-07-25 02:39:39"
"dpt_REG_TEXT_BABIES_PRICES_4","0.8303450781312116","4","TabDPT 6️⃣","REG_TEXT_BABIES_PRICES","text_only","nlp-srv3.dds.technion.ac.il","finished","291","2026-07-24T23:37:29.000Z","2026-07-25 02:41:59"
"xgb_REG_TEXT_BABIES_PRICES_4","0.35228815676444747","4","XGBoost 🌲","REG_TEXT_BABIES_PRICES","no_text","nlp-srv3.dds.technion.ac.il","finished","11","2026-07-24T23:37:13.000Z","2026-07-25 02:37:03"
"xgb_REG_TEXT_BABIES_PRICES_4","0.7602006932705897","4","XGBoost 🌲","REG_TEXT_BABIES_PRICES","text_only","nlp-srv3.dds.technion.ac.il","finished","171","2026-07-24T23:37:00.000Z","2026-07-25 02:39:29"
"rf_REG_TEXT_BABIES_PRICES_4","0.35355119561026627","4","RandomForest 🌳","REG_TEXT_BABIES_PRICES","no_text","nlp-srv3.dds.technion.ac.il","finished","11","2026-07-24T23:36:57.000Z","2026-07-25 02:36:47"
"rf_REG_TEXT_BABIES_PRICES_4","0.7481778308038345","4","RandomForest 🌳","REG_TEXT_BABIES_PRICES","text_only","nlp-srv3.dds.technion.ac.il","finished","174","2026-07-24T23:36:49.000Z","2026-07-25 02:39:22"
"iclv2_REG_TEXT_BABIES_PRICES_4","0.3625644381486556","4","TabICLv2 🗼","REG_TEXT_BABIES_PRICES","no_text","nlp-srv3.dds.technion.ac.il","finished","12","2026-07-24T23:36:44.000Z","2026-07-25 02:36:35"
"iclv2_REG_TEXT_BABIES_PRICES_4","0.9097888866859952","4","TabICLv2 🗼","REG_TEXT_BABIES_PRICES","text_only","nlp-srv3.dds.technion.ac.il","finished","156","2026-07-24T23:36:36.000Z","2026-07-25 02:38:51"
"real_REG_TEXT_BABIES_PRICES_4","0.31939737449520744","4","RealMLP 🕸","REG_TEXT_BABIES_PRICES","no_text","nlp-srv3.dds.technion.ac.il","finished","31","2026-07-24T23:36:21.000Z","2026-07-25 02:36:31"
"real_REG_TEXT_BABIES_PRICES_4","0.8295691090450743","4","RealMLP 🕸","REG_TEXT_BABIES_PRICES","text_only","nlp-srv3.dds.technion.ac.il","finished","174","2026-07-24T23:36:15.000Z","2026-07-25 02:38:48"
"dpt_MUL_TEXT_WOMEN_CLOTHING_REVIEW_4","0.774762566328725","4","TabDPT 6️⃣","MUL_TEXT_WOMEN_CLOTHING_REVIEW","no_text","nlp-srv3.dds.technion.ac.il","finished","81","2026-07-24T23:29:13.000Z","2026-07-25 02:30:13"
"dpt_MUL_TEXT_WOMEN_CLOTHING_REVIEW_4","0.8871081119426908","4","TabDPT 6️⃣","MUL_TEXT_WOMEN_CLOTHING_REVIEW","text_only","nlp-srv3.dds.technion.ac.il","finished","260","2026-07-24T23:29:10.000Z","2026-07-25 02:33:09"
"xgb_MUL_TEXT_WOMEN_CLOTHING_REVIEW_4","0.8680661682391524","4","XGBoost 🌲","MUL_TEXT_WOMEN_CLOTHING_REVIEW","text_only","nlp-srv3.dds.technion.ac.il","finished","172","2026-07-24T23:28:59.000Z","2026-07-25 02:31:30"
"xgb_MUL_TEXT_WOMEN_CLOTHING_REVIEW_4","0.7833478193800761","4","XGBoost 🌲","MUL_TEXT_WOMEN_CLOTHING_REVIEW","no_text","nlp-srv3.dds.technion.ac.il","finished","12","2026-07-24T23:28:59.000Z","2026-07-25 02:28:50"
"rf_MUL_TEXT_WOMEN_CLOTHING_REVIEW_4","0.7762266156361385","4","RandomForest 🌳","MUL_TEXT_WOMEN_CLOTHING_REVIEW","no_text","nlp-srv3.dds.technion.ac.il","finished","11","2026-07-24T23:28:57.000Z","2026-07-25 02:28:47"
"rf_MUL_TEXT_WOMEN_CLOTHING_REVIEW_4","0.8650963872080958","4","RandomForest 🌳","MUL_TEXT_WOMEN_CLOTHING_REVIEW","text_only","nlp20.iem.technion.ac.il","finished","148","2026-07-24T23:28:54.000Z","2026-07-25 02:31:20"
"iclv2_MUL_TEXT_WOMEN_CLOTHING_REVIEW_4","0.7767209060582332","4","TabICLv2 🗼","MUL_TEXT_WOMEN_CLOTHING_REVIEW","no_text","nlp-srv3.dds.technion.ac.il","finished","13","2026-07-24T23:28:43.000Z","2026-07-25 02:28:35"
"iclv2_MUL_TEXT_WOMEN_CLOTHING_REVIEW_4","0.8920485365623974","4","TabICLv2 🗼","MUL_TEXT_WOMEN_CLOTHING_REVIEW","text_only","nlp-srv3.dds.technion.ac.il","finished","216","2026-07-24T23:28:21.000Z","2026-07-25 02:31:36"
"real_MUL_TEXT_WOMEN_CLOTHING_REVIEW_4","0.770826827991703","4","RealMLP 🕸","MUL_TEXT_WOMEN_CLOTHING_REVIEW","no_text","nlp20.iem.technion.ac.il","finished","62","2026-07-24T23:27:50.000Z","2026-07-25 02:28:50"
"real_MUL_TEXT_WOMEN_CLOTHING_REVIEW_4","0.8877453280699875","4","RealMLP 🕸","MUL_TEXT_WOMEN_CLOTHING_REVIEW","text_only","nlp-srv3.dds.technion.ac.il","finished","246","2026-07-24T23:27:43.000Z","2026-07-25 02:31:28"
"dpt_MUL_TEXT_WINE_REVIEW_4","0.7839008580628797","4","TabDPT 6️⃣","MUL_TEXT_WINE_REVIEW","no_text","nlp-srv3.dds.technion.ac.il","finished","162","2026-07-24T23:21:03.000Z","2026-07-25 02:23:24"
"dpt_MUL_TEXT_WINE_REVIEW_4","0.9409017725984342","4","TabDPT 6️⃣","MUL_TEXT_WINE_REVIEW","text_only","nlp-srv3.dds.technion.ac.il","finished","313","2026-07-24T23:20:44.000Z","2026-07-25 02:25:36"
"xgb_MUL_TEXT_WINE_REVIEW_4","0.8474895160790052","4","XGBoost 🌲","MUL_TEXT_WINE_REVIEW","no_text","nlp-srv3.dds.technion.ac.il","finished","13","2026-07-24T23:20:28.000Z","2026-07-25 02:20:19"
"xgb_MUL_TEXT_WINE_REVIEW_4","0.961411164057926","4","XGBoost 🌲","MUL_TEXT_WINE_REVIEW","text_only","nlp-srv3.dds.technion.ac.il","finished","187","2026-07-24T23:20:24.000Z","2026-07-25 02:23:10"
"rf_MUL_TEXT_WINE_REVIEW_4","0.7374664229263902","4","RandomForest 🌳","MUL_TEXT_WINE_REVIEW","no_text","n305","finished","13","2026-07-24T23:20:19.000Z","2026-07-25 02:20:31"
"rf_MUL_TEXT_WINE_REVIEW_4","0.9551972260456004","4","RandomForest 🌳","MUL_TEXT_WINE_REVIEW","text_only","nlp20.iem.technion.ac.il","finished","148","2026-07-24T23:20:09.000Z","2026-07-25 02:22:36"
"iclv2_MUL_TEXT_WINE_REVIEW_4","0.8646348334284991","4","TabICLv2 🗼","MUL_TEXT_WINE_REVIEW","no_text","nlp-srv3.dds.technion.ac.il","finished","15","2026-07-24T23:20:07.000Z","2026-07-25 02:20:01"
"iclv2_MUL_TEXT_WINE_REVIEW_4","0.9803221829389748","4","TabICLv2 🗼","MUL_TEXT_WINE_REVIEW","text_only","nlp-srv3.dds.technion.ac.il","finished","211","2026-07-24T23:20:06.000Z","2026-07-25 02:23:16"
"real_MUL_TEXT_WINE_REVIEW_4","0.8539991557875382","4","RealMLP 🕸","MUL_TEXT_WINE_REVIEW","no_text","n306","finished","63","2026-07-24T23:20:04.000Z","2026-07-25 02:21:06"
"real_MUL_TEXT_WINE_REVIEW_4","0.9759460383354212","4","RealMLP 🕸","MUL_TEXT_WINE_REVIEW","text_only","n305","finished","165","2026-07-24T23:20:01.000Z","2026-07-25 02:22:44"
"dpt_MUL_TEXT_US_ACCIDENTS_4","0.8301324870265021","4","TabDPT 6️⃣","MUL_TEXT_US_ACCIDENTS","no_text","n306","finished","82","2026-07-24T23:10:42.000Z","2026-07-25 02:12:03"
"dpt_MUL_TEXT_US_ACCIDENTS_4","0.9131345970438868","4","TabDPT 6️⃣","MUL_TEXT_US_ACCIDENTS","text_only","n305","finished","559","2026-07-24T23:10:20.000Z","2026-07-25 02:19:38"
"xgb_MUL_TEXT_US_ACCIDENTS_4","0.8511001953794091","4","XGBoost 🌲","MUL_TEXT_US_ACCIDENTS","no_text","n306","finished","20","2026-07-24T23:10:15.000Z","2026-07-25 02:10:31"
"xgb_MUL_TEXT_US_ACCIDENTS_4","0.9687559819798416","4","XGBoost 🌲","MUL_TEXT_US_ACCIDENTS","text_only","nlp20.iem.technion.ac.il","finished","596","2026-07-24T23:10:08.000Z","2026-07-25 02:20:02"
"rf_MUL_TEXT_US_ACCIDENTS_4","0.8263454280369118","4","RandomForest 🌳","MUL_TEXT_US_ACCIDENTS","no_text","n305","finished","19","2026-07-24T23:09:59.000Z","2026-07-25 02:10:17"
"rf_MUL_TEXT_US_ACCIDENTS_4","0.9520123700903084","4","RandomForest 🌳","MUL_TEXT_US_ACCIDENTS","text_only","n306","finished","483","2026-07-24T23:09:49.000Z","2026-07-25 02:17:51"
"iclv2_MUL_TEXT_US_ACCIDENTS_4","0.8656320040037271","4","TabICLv2 🗼","MUL_TEXT_US_ACCIDENTS","no_text","n306","finished","19","2026-07-24T23:09:14.000Z","2026-07-25 02:09:32"
"iclv2_MUL_TEXT_US_ACCIDENTS_4","0.9809694790120644","4","TabICLv2 🗼","MUL_TEXT_US_ACCIDENTS","text_only","n305","finished","504","2026-07-24T23:09:08.000Z","2026-07-25 02:17:31"
"real_MUL_TEXT_US_ACCIDENTS_4","0.851642842431103","4","RealMLP 🕸","MUL_TEXT_US_ACCIDENTS","no_text","n306","finished","73","2026-07-24T23:08:55.000Z","2026-07-25 02:10:07"
"real_MUL_TEXT_US_ACCIDENTS_4","0.9593439494016568","4","RealMLP 🕸","MUL_TEXT_US_ACCIDENTS","text_only","n305","finished","510","2026-07-24T23:07:05.000Z","2026-07-25 02:15:34"
"dpt_MUL_TEXT_SPOTIFY_GENRES_4","0.8168023699691463","4","TabDPT 6️⃣","MUL_TEXT_SPOTIFY_GENRES","no_text","n306","finished","264","2026-07-24T22:57:09.000Z","2026-07-25 02:01:32"
"dpt_MUL_TEXT_SPOTIFY_GENRES_4","0.8322715785382028","4","TabDPT 6️⃣","MUL_TEXT_SPOTIFY_GENRES","text_only","nlp-srv3.dds.technion.ac.il","finished","508","2026-07-24T22:57:08.000Z","2026-07-25 02:05:15"
"xgb_MUL_TEXT_SPOTIFY_GENRES_4","0.9081554433267276","4","XGBoost 🌲","MUL_TEXT_SPOTIFY_GENRES","no_text","nlp-srv3.dds.technion.ac.il","finished","19","2026-07-24T22:56:56.000Z","2026-07-25 01:56:54"
"xgb_MUL_TEXT_SPOTIFY_GENRES_4","0.8800598344646493","4","XGBoost 🌲","MUL_TEXT_SPOTIFY_GENRES","text_only","nlp-srv3.dds.technion.ac.il","finished","280","2026-07-24T22:56:55.000Z","2026-07-25 02:01:14"
"rf_MUL_TEXT_SPOTIFY_GENRES_4","0.8732653754096611","4","RandomForest 🌳","MUL_TEXT_SPOTIFY_GENRES","no_text","nlp-srv3.dds.technion.ac.il","finished","16","2026-07-24T22:56:47.000Z","2026-07-25 01:56:42"
"rf_MUL_TEXT_SPOTIFY_GENRES_4","0.865766414667847","4","RandomForest 🌳","MUL_TEXT_SPOTIFY_GENRES","text_only","nlp-srv3.dds.technion.ac.il","finished","321","2026-07-24T22:56:43.000Z","2026-07-25 02:01:43"
"iclv2_MUL_TEXT_SPOTIFY_GENRES_4","0.9414376521765928","4","TabICLv2 🗼","MUL_TEXT_SPOTIFY_GENRES","no_text","n306","finished","23","2026-07-24T22:56:42.000Z","2026-07-25 01:57:03"
"iclv2_MUL_TEXT_SPOTIFY_GENRES_4","0.9488131895650428","4","TabICLv2 🗼","MUL_TEXT_SPOTIFY_GENRES","text_only","n306","finished","183","2026-07-24T22:56:38.000Z","2026-07-25 01:59:40"
"real_MUL_TEXT_SPOTIFY_GENRES_4","0.9277399850906676","4","RealMLP 🕸","MUL_TEXT_SPOTIFY_GENRES","no_text","n305","finished","85","2026-07-24T22:56:32.000Z","2026-07-25 01:57:55"
"real_MUL_TEXT_SPOTIFY_GENRES_4","0.9063351461416228","4","RealMLP 🕸","MUL_TEXT_SPOTIFY_GENRES","text_only","nlp-srv3.dds.technion.ac.il","finished","290","2026-07-24T22:56:18.000Z","2026-07-25 02:00:47"
"dpt_MUL_TEXT_SOCIAL_NEWS_CHANNEL_CATEGORY_4","0.7997430108686592","4","TabDPT 6️⃣","MUL_TEXT_SOCIAL_NEWS_CHANNEL_CATEGORY","no_text","nlp-srv3.dds.technion.ac.il","finished","95","2026-07-24T22:51:22.000Z","2026-07-25 01:52:27"
"dpt_MUL_TEXT_SOCIAL_NEWS_CHANNEL_CATEGORY_4","0.6020797633512337","4","TabDPT 6️⃣","MUL_TEXT_SOCIAL_NEWS_CHANNEL_CATEGORY","text_only","nlp-srv3.dds.technion.ac.il","finished","138","2026-07-24T22:51:19.000Z","2026-07-25 01:53:16"
"xgb_MUL_TEXT_SOCIAL_NEWS_CHANNEL_CATEGORY_4","0.7829181587890187","4","XGBoost 🌲","MUL_TEXT_SOCIAL_NEWS_CHANNEL_CATEGORY","no_text","nlp-srv3.dds.technion.ac.il","finished","13","2026-07-24T22:51:17.000Z","2026-07-25 01:51:09"
"xgb_MUL_TEXT_SOCIAL_NEWS_CHANNEL_CATEGORY_4","0.5817876562273566","4","XGBoost 🌲","MUL_TEXT_SOCIAL_NEWS_CHANNEL_CATEGORY","text_only","nlp-srv3.dds.technion.ac.il","finished","93","2026-07-24T22:51:11.000Z","2026-07-25 01:52:22"
"rf_MUL_TEXT_SOCIAL_NEWS_CHANNEL_CATEGORY_4","0.7612885803419198","4","RandomForest 🌳","MUL_TEXT_SOCIAL_NEWS_CHANNEL_CATEGORY","no_text","n306","finished","15","2026-07-24T22:51:03.000Z","2026-07-25 01:51:16"
"rf_MUL_TEXT_SOCIAL_NEWS_CHANNEL_CATEGORY_4","0.5765052762437859","4","RandomForest 🌳","MUL_TEXT_SOCIAL_NEWS_CHANNEL_CATEGORY","text_only","n305","finished","76","2026-07-24T22:50:57.000Z","2026-07-25 01:52:05"
"iclv2_MUL_TEXT_SOCIAL_NEWS_CHANNEL_CATEGORY_4","0.8110086730946335","4","TabICLv2 🗼","MUL_TEXT_SOCIAL_NEWS_CHANNEL_CATEGORY","no_text","nlp-srv3.dds.technion.ac.il","finished","11","2026-07-24T22:50:56.000Z","2026-07-25 01:50:46"
"iclv2_MUL_TEXT_SOCIAL_NEWS_CHANNEL_CATEGORY_4","0.6179727654302093","4","TabICLv2 🗼","MUL_TEXT_SOCIAL_NEWS_CHANNEL_CATEGORY","text_only","n305","finished","69","2026-07-24T22:50:54.000Z","2026-07-25 01:52:01"
"real_MUL_TEXT_SOCIAL_NEWS_CHANNEL_CATEGORY_4","0.7897380835113395","4","RealMLP 🕸","MUL_TEXT_SOCIAL_NEWS_CHANNEL_CATEGORY","no_text","nlp-srv3.dds.technion.ac.il","finished","53","2026-07-24T22:50:50.000Z","2026-07-25 01:51:22"
"real_MUL_TEXT_SOCIAL_NEWS_CHANNEL_CATEGORY_4","0.6099883651545154","4","RealMLP 🕸","MUL_TEXT_SOCIAL_NEWS_CHANNEL_CATEGORY","text_only","nlp-srv3.dds.technion.ac.il","finished","129","2026-07-24T22:50:41.000Z","2026-07-25 01:52:29"
"dpt_MUL_TEXT_SOCIAL_HEARTHSTONE_CARD_GAME_WARCRAFT_4","0.8124608051792654","4","TabDPT 6️⃣","MUL_TEXT_SOCIAL_HEARTHSTONE_CARD_GAME_WARCRAFT","no_text","nlp-srv3.dds.technion.ac.il","finished","21","2026-07-24T22:48:21.000Z","2026-07-25 01:48:21"
"dpt_MUL_TEXT_SOCIAL_HEARTHSTONE_CARD_GAME_WARCRAFT_4","0.8514346736783647","4","TabDPT 6️⃣","MUL_TEXT_SOCIAL_HEARTHSTONE_CARD_GAME_WARCRAFT","text_only","n306","finished","111","2026-07-24T22:48:20.000Z","2026-07-25 01:50:01"
"xgb_MUL_TEXT_SOCIAL_HEARTHSTONE_CARD_GAME_WARCRAFT_4","0.7913616410593676","4","XGBoost 🌲","MUL_TEXT_SOCIAL_HEARTHSTONE_CARD_GAME_WARCRAFT","no_text","n306","finished","15","2026-07-24T22:48:19.000Z","2026-07-25 01:48:31"
"xgb_MUL_TEXT_SOCIAL_HEARTHSTONE_CARD_GAME_WARCRAFT_4","0.8377266919911543","4","XGBoost 🌲","MUL_TEXT_SOCIAL_HEARTHSTONE_CARD_GAME_WARCRAFT","text_only","n305","finished","54","2026-07-24T22:48:15.000Z","2026-07-25 01:49:08"
"rf_MUL_TEXT_SOCIAL_HEARTHSTONE_CARD_GAME_WARCRAFT_4","0.6730809761697973","4","RandomForest 🌳","MUL_TEXT_SOCIAL_HEARTHSTONE_CARD_GAME_WARCRAFT","no_text","nlp-srv3.dds.technion.ac.il","finished","21","2026-07-24T22:48:11.000Z","2026-07-25 01:48:01"
"rf_MUL_TEXT_SOCIAL_HEARTHSTONE_CARD_GAME_WARCRAFT_4","0.7997424807730822","4","RandomForest 🌳","MUL_TEXT_SOCIAL_HEARTHSTONE_CARD_GAME_WARCRAFT","text_only","nlp-srv3.dds.technion.ac.il","finished","65","2026-07-24T22:48:07.000Z","2026-07-25 01:48:51"
"iclv2_MUL_TEXT_SOCIAL_HEARTHSTONE_CARD_GAME_WARCRAFT_4","0.82706976496918","4","TabICLv2 🗼","MUL_TEXT_SOCIAL_HEARTHSTONE_CARD_GAME_WARCRAFT","no_text","n306","finished","14","2026-07-24T22:48:03.000Z","2026-07-25 01:48:15"
"iclv2_MUL_TEXT_SOCIAL_HEARTHSTONE_CARD_GAME_WARCRAFT_4","0.933246840901132","4","TabICLv2 🗼","MUL_TEXT_SOCIAL_HEARTHSTONE_CARD_GAME_WARCRAFT","text_only","n305","finished","55","2026-07-24T22:48:01.000Z","2026-07-25 01:48:55"
"real_MUL_TEXT_SOCIAL_HEARTHSTONE_CARD_GAME_WARCRAFT_4","0.8983168736470791","4","RealMLP 🕸","MUL_TEXT_SOCIAL_HEARTHSTONE_CARD_GAME_WARCRAFT","text_only","nlp-srv3.dds.technion.ac.il","finished","80","2026-07-24T22:47:59.000Z","2026-07-25 01:48:57"
"real_MUL_TEXT_SOCIAL_HEARTHSTONE_CARD_GAME_WARCRAFT_4","0.7757555762097577","4","RealMLP 🕸","MUL_TEXT_SOCIAL_HEARTHSTONE_CARD_GAME_WARCRAFT","no_text","nlp-srv3.dds.technion.ac.il","finished","25","2026-07-24T22:47:59.000Z","2026-07-25 01:48:03"
"dpt_MUL_TEXT_SOCIAL_GOOGLE_QA_TYPE_REASON_4","0.844666906505873","4","TabDPT 6️⃣","MUL_TEXT_SOCIAL_GOOGLE_QA_TYPE_REASON","no_text","n306","finished","87","2026-07-24T22:45:01.000Z","2026-07-25 01:46:27"
"dpt_MUL_TEXT_SOCIAL_GOOGLE_QA_TYPE_REASON_4","0.6893235107993831","4","TabDPT 6️⃣","MUL_TEXT_SOCIAL_GOOGLE_QA_TYPE_REASON","text_only","n305","finished","272","2026-07-24T22:45:00.000Z","2026-07-25 01:49:31"
"xgb_MUL_TEXT_SOCIAL_GOOGLE_QA_TYPE_REASON_4","0.8414576260078362","4","XGBoost 🌲","MUL_TEXT_SOCIAL_GOOGLE_QA_TYPE_REASON","no_text","n305","finished","14","2026-07-24T22:44:42.000Z","2026-07-25 01:44:53"
"xgb_MUL_TEXT_SOCIAL_GOOGLE_QA_TYPE_REASON_4","0.6453602417291304","4","XGBoost 🌲","MUL_TEXT_SOCIAL_GOOGLE_QA_TYPE_REASON","text_only","n305","finished","194","2026-07-24T22:44:41.000Z","2026-07-25 01:47:54"
"rf_MUL_TEXT_SOCIAL_GOOGLE_QA_TYPE_REASON_4","0.836845236523571","4","RandomForest 🌳","MUL_TEXT_SOCIAL_GOOGLE_QA_TYPE_REASON","no_text","n305","finished","22","2026-07-24T22:44:28.000Z","2026-07-25 01:44:39"
"rf_MUL_TEXT_SOCIAL_GOOGLE_QA_TYPE_REASON_4","0.6896250597883321","4","RandomForest 🌳","MUL_TEXT_SOCIAL_GOOGLE_QA_TYPE_REASON","text_only","n306","finished","203","2026-07-24T22:44:17.000Z","2026-07-25 01:47:39"
"iclv2_MUL_TEXT_SOCIAL_GOOGLE_QA_TYPE_REASON_4","0.8756507166561963","4","TabICLv2 🗼","MUL_TEXT_SOCIAL_GOOGLE_QA_TYPE_REASON","no_text","n305","finished","13","2026-07-24T22:44:12.000Z","2026-07-25 01:44:24"
"iclv2_MUL_TEXT_SOCIAL_GOOGLE_QA_TYPE_REASON_4","0.7213817920979925","4","TabICLv2 🗼","MUL_TEXT_SOCIAL_GOOGLE_QA_TYPE_REASON","text_only","nlp20.iem.technion.ac.il","finished","250","2026-07-24T22:44:12.000Z","2026-07-25 01:48:20"
"real_MUL_TEXT_SOCIAL_GOOGLE_QA_TYPE_REASON_4","0.8207174377651949","4","RealMLP 🕸","MUL_TEXT_SOCIAL_GOOGLE_QA_TYPE_REASON","no_text","n305","finished","35","2026-07-24T22:44:05.000Z","2026-07-25 01:44:39"
"real_MUL_TEXT_SOCIAL_GOOGLE_QA_TYPE_REASON_4","0.630210047126676","4","RealMLP 🕸","MUL_TEXT_SOCIAL_GOOGLE_QA_TYPE_REASON","text_only","nlp-srv3.dds.technion.ac.il","finished","275","2026-07-24T22:43:07.000Z","2026-07-25 01:47:09"
"dpt_MUL_TEXT_PRODUCT_SENTIMENT_4","0.8403876539492401","4","TabDPT 6️⃣","MUL_TEXT_PRODUCT_SENTIMENT","no_text","nlp-srv3.dds.technion.ac.il","finished","25","2026-07-24T22:39:19.000Z","2026-07-25 01:39:23"
"dpt_MUL_TEXT_PRODUCT_SENTIMENT_4","0.8121637031363186","4","TabDPT 6️⃣","MUL_TEXT_PRODUCT_SENTIMENT","text_only","n306","finished","121","2026-07-24T22:39:19.000Z","2026-07-25 01:41:19"
"xgb_MUL_TEXT_PRODUCT_SENTIMENT_4","0.830778780603387","4","XGBoost 🌲","MUL_TEXT_PRODUCT_SENTIMENT","no_text","nlp-srv3.dds.technion.ac.il","finished","13","2026-07-24T22:39:16.000Z","2026-07-25 01:39:09"
"xgb_MUL_TEXT_PRODUCT_SENTIMENT_4","0.7724970385726107","4","XGBoost 🌲","MUL_TEXT_PRODUCT_SENTIMENT","text_only","n306","finished","36","2026-07-24T22:39:09.000Z","2026-07-25 01:39:44"
"rf_MUL_TEXT_PRODUCT_SENTIMENT_4","0.8307827797075876","4","RandomForest 🌳","MUL_TEXT_PRODUCT_SENTIMENT","no_text","nlp-srv3.dds.technion.ac.il","finished","11","2026-07-24T22:39:03.000Z","2026-07-25 01:38:53"
"rf_MUL_TEXT_PRODUCT_SENTIMENT_4","0.7646165586745204","4","RandomForest 🌳","MUL_TEXT_PRODUCT_SENTIMENT","text_only","nlp-srv3.dds.technion.ac.il","finished","44","2026-07-24T22:39:00.000Z","2026-07-25 01:39:23"
"iclv2_MUL_TEXT_PRODUCT_SENTIMENT_4","0.8264450331690272","4","TabICLv2 🗼","MUL_TEXT_PRODUCT_SENTIMENT","no_text","n306","finished","13","2026-07-24T22:38:53.000Z","2026-07-25 01:39:05"
"real_MUL_TEXT_PRODUCT_SENTIMENT_4","0.8364823723889296","4","RealMLP 🕸","MUL_TEXT_PRODUCT_SENTIMENT","no_text","n306","finished","49","2026-07-24T22:38:46.000Z","2026-07-25 01:39:34"
"iclv2_MUL_TEXT_PRODUCT_SENTIMENT_4","0.8332413935972883","4","TabICLv2 🗼","MUL_TEXT_PRODUCT_SENTIMENT","text_only","nlp-srv3.dds.technion.ac.il","finished","49","2026-07-24T22:38:46.000Z","2026-07-25 01:39:09"
"real_MUL_TEXT_PRODUCT_SENTIMENT_4","0.7124710270497608","4","RealMLP 🕸","MUL_TEXT_PRODUCT_SENTIMENT","text_only","nlp20.iem.technion.ac.il","finished","63","2026-07-24T22:38:35.000Z","2026-07-25 01:39:37"
"dpt_MUL_TEXT_MICHELIN_RESTAURANTS_4","0.8736798291653637","4","TabDPT 6️⃣","MUL_TEXT_MICHELIN_RESTAURANTS","no_text","nlp-srv3.dds.technion.ac.il","finished","121","2026-07-24T22:33:24.000Z","2026-07-25 01:35:04"
"dpt_MUL_TEXT_MICHELIN_RESTAURANTS_4","0.8465496506774798","4","TabDPT 6️⃣","MUL_TEXT_MICHELIN_RESTAURANTS","text_only","n305","finished","465","2026-07-24T22:33:16.000Z","2026-07-25 01:41:00"
"xgb_MUL_TEXT_MICHELIN_RESTAURANTS_4","0.860765118093844","4","XGBoost 🌲","MUL_TEXT_MICHELIN_RESTAURANTS","no_text","nlp-srv3.dds.technion.ac.il","finished","12","2026-07-24T22:33:07.000Z","2026-07-25 01:32:58"
"xgb_MUL_TEXT_MICHELIN_RESTAURANTS_4","0.8228063314692673","4","XGBoost 🌲","MUL_TEXT_MICHELIN_RESTAURANTS","text_only","nlp-srv3.dds.technion.ac.il","finished","459","2026-07-24T22:33:02.000Z","2026-07-25 01:40:21"
"rf_MUL_TEXT_MICHELIN_RESTAURANTS_4","0.7858994942543429","4","RandomForest 🌳","MUL_TEXT_MICHELIN_RESTAURANTS","no_text","n305","finished","15","2026-07-24T22:32:54.000Z","2026-07-25 01:33:07"
"rf_MUL_TEXT_MICHELIN_RESTAURANTS_4","0.8243734528384415","4","RandomForest 🌳","MUL_TEXT_MICHELIN_RESTAURANTS","text_only","n305","finished","329","2026-07-24T22:32:46.000Z","2026-07-25 01:38:13"
"iclv2_MUL_TEXT_MICHELIN_RESTAURANTS_4","0.8793263279251178","4","TabICLv2 🗼","MUL_TEXT_MICHELIN_RESTAURANTS","no_text","n305","finished","16","2026-07-24T22:32:33.000Z","2026-07-25 01:32:48"
"iclv2_MUL_TEXT_MICHELIN_RESTAURANTS_4","0.8768471197641347","4","TabICLv2 🗼","MUL_TEXT_MICHELIN_RESTAURANTS","text_only","nlp-srv3.dds.technion.ac.il","finished","626","2026-07-24T22:32:22.000Z","2026-07-25 01:42:13"
"real_MUL_TEXT_MICHELIN_RESTAURANTS_4","0.8708222203676721","4","RealMLP 🕸","MUL_TEXT_MICHELIN_RESTAURANTS","no_text","nlp-srv3.dds.technion.ac.il","finished","53","2026-07-24T22:32:09.000Z","2026-07-25 01:32:40"
"real_MUL_TEXT_MICHELIN_RESTAURANTS_4","0.8627066165796057","4","RealMLP 🕸","MUL_TEXT_MICHELIN_RESTAURANTS","text_only","nlp-srv3.dds.technion.ac.il","finished","624","2026-07-24T22:32:01.000Z","2026-07-25 01:41:55"
"dpt_MUL_TEXT_HOUSES_MELBOURNE_AIRBNB_4","0.8370146054583977","4","TabDPT 6️⃣","MUL_TEXT_HOUSES_MELBOURNE_AIRBNB","no_text","n305","finished","149","2026-07-24T22:13:53.000Z","2026-07-25 01:16:21"
"dpt_MUL_TEXT_HOUSES_MELBOURNE_AIRBNB_4","0.7839441930955509","4","TabDPT 6️⃣","MUL_TEXT_HOUSES_MELBOURNE_AIRBNB","text_only","n306","finished","1245","2026-07-24T22:13:52.000Z","2026-07-25 01:34:35"
"xgb_MUL_TEXT_HOUSES_MELBOURNE_AIRBNB_4","0.8197312225449321","4","XGBoost 🌲","MUL_TEXT_HOUSES_MELBOURNE_AIRBNB","no_text","n305","finished","19","2026-07-24T22:13:26.000Z","2026-07-25 01:13:42"
"xgb_MUL_TEXT_HOUSES_MELBOURNE_AIRBNB_4","0.742512722927038","4","XGBoost 🌲","MUL_TEXT_HOUSES_MELBOURNE_AIRBNB","text_only","n306","finished","1163","2026-07-24T22:13:07.000Z","2026-07-25 01:32:28"
"rf_MUL_TEXT_HOUSES_MELBOURNE_AIRBNB_4","0.8212280061744908","4","RandomForest 🌳","MUL_TEXT_HOUSES_MELBOURNE_AIRBNB","no_text","n305","finished","17","2026-07-24T22:13:05.000Z","2026-07-25 01:13:21"
"rf_MUL_TEXT_HOUSES_MELBOURNE_AIRBNB_4","0.717757884126528","4","RandomForest 🌳","MUL_TEXT_HOUSES_MELBOURNE_AIRBNB","text_only","n306","finished","1154","2026-07-24T22:12:41.000Z","2026-07-25 01:31:54"
"iclv2_MUL_TEXT_HOUSES_MELBOURNE_AIRBNB_4","0.8544656772808515","4","TabICLv2 🗼","MUL_TEXT_HOUSES_MELBOURNE_AIRBNB","no_text","n306","finished","17","2026-07-24T22:12:20.000Z","2026-07-25 01:12:36"
"iclv2_MUL_TEXT_HOUSES_MELBOURNE_AIRBNB_4","0.8121901710825238","4","TabICLv2 🗼","MUL_TEXT_HOUSES_MELBOURNE_AIRBNB","text_only","n305","finished","1232","2026-07-24T22:11:56.000Z","2026-07-25 01:32:27"
"real_MUL_TEXT_HOUSES_MELBOURNE_AIRBNB_4","0.8307985844370552","4","RealMLP 🕸","MUL_TEXT_HOUSES_MELBOURNE_AIRBNB","no_text","n305","finished","80","2026-07-24T22:11:40.000Z","2026-07-25 01:12:58"
"real_MUL_TEXT_HOUSES_MELBOURNE_AIRBNB_4","0.7643405187463477","4","RealMLP 🕸","MUL_TEXT_HOUSES_MELBOURNE_AIRBNB","text_only","nlp-srv3.dds.technion.ac.il","finished","2230","2026-07-24T21:56:15.000Z","2026-07-25 01:33:04"
"dpt_MUL_TEXT_FOOD_YELP_REVIEWS_4","0.5811762722151698","4","TabDPT 6️⃣","MUL_TEXT_FOOD_YELP_REVIEWS","no_text","nlp-srv3.dds.technion.ac.il","finished","33","2026-07-24T21:51:06.000Z","2026-07-25 00:51:18"
"dpt_MUL_TEXT_FOOD_YELP_REVIEWS_4","0.8688114356863155","4","TabDPT 6️⃣","MUL_TEXT_FOOD_YELP_REVIEWS","text_only","n306","finished","184","2026-07-24T21:51:03.000Z","2026-07-25 00:54:06"
"xgb_MUL_TEXT_FOOD_YELP_REVIEWS_4","0.5634773293770703","4","XGBoost 🌲","MUL_TEXT_FOOD_YELP_REVIEWS","no_text","nlp-srv3.dds.technion.ac.il","finished","15","2026-07-24T21:51:03.000Z","2026-07-25 00:50:53"
"xgb_MUL_TEXT_FOOD_YELP_REVIEWS_4","0.8427743907830605","4","XGBoost 🌲","MUL_TEXT_FOOD_YELP_REVIEWS","text_only","nlp20.iem.technion.ac.il","finished","74","2026-07-24T21:50:54.000Z","2026-07-25 00:52:07"
"rf_MUL_TEXT_FOOD_YELP_REVIEWS_4","0.5547858041376857","4","RandomForest 🌳","MUL_TEXT_FOOD_YELP_REVIEWS","no_text","nlp-srv3.dds.technion.ac.il","finished","21","2026-07-24T21:50:51.000Z","2026-07-25 00:50:42"
"rf_MUL_TEXT_FOOD_YELP_REVIEWS_4","0.8354412625466605","4","RandomForest 🌳","MUL_TEXT_FOOD_YELP_REVIEWS","text_only","nlp-srv3.dds.technion.ac.il","finished","57","2026-07-24T21:50:48.000Z","2026-07-25 00:51:19"
"iclv2_MUL_TEXT_FOOD_YELP_REVIEWS_4","0.5720444129503155","4","TabICLv2 🗼","MUL_TEXT_FOOD_YELP_REVIEWS","no_text","nlp-srv3.dds.technion.ac.il","finished","13","2026-07-24T21:50:47.000Z","2026-07-25 00:50:39"
"iclv2_MUL_TEXT_FOOD_YELP_REVIEWS_4","0.8762534799931962","4","TabICLv2 🗼","MUL_TEXT_FOOD_YELP_REVIEWS","text_only","n305","finished","74","2026-07-24T21:50:40.000Z","2026-07-25 00:51:52"
"real_MUL_TEXT_FOOD_YELP_REVIEWS_4","0.8757047896592406","4","RealMLP 🕸","MUL_TEXT_FOOD_YELP_REVIEWS","text_only","n305","finished","103","2026-07-24T21:50:39.000Z","2026-07-25 00:52:21"
"real_MUL_TEXT_FOOD_YELP_REVIEWS_4","0.5705120680195199","4","RealMLP 🕸","MUL_TEXT_FOOD_YELP_REVIEWS","no_text","nlp-srv3.dds.technion.ac.il","finished","44","2026-07-24T21:50:39.000Z","2026-07-25 00:51:02"
"dpt_MUL_TEXT_DATA_SCIENTIST_SALARY_4","0.5529857489623121","4","TabDPT 6️⃣","MUL_TEXT_DATA_SCIENTIST_SALARY","no_text","n306","finished","137","2026-07-24T21:45:52.000Z","2026-07-25 00:48:08"
"dpt_MUL_TEXT_DATA_SCIENTIST_SALARY_4","0.855022808836826","4","TabDPT 6️⃣","MUL_TEXT_DATA_SCIENTIST_SALARY","text_only","n306","finished","397","2026-07-24T21:45:48.000Z","2026-07-25 00:52:24"
"xgb_MUL_TEXT_DATA_SCIENTIST_SALARY_4","0.554420117632295","4","XGBoost 🌲","MUL_TEXT_DATA_SCIENTIST_SALARY","no_text","n306","finished","16","2026-07-24T21:45:31.000Z","2026-07-25 00:45:43"
"xgb_MUL_TEXT_DATA_SCIENTIST_SALARY_4","0.8106511371294406","4","XGBoost 🌲","MUL_TEXT_DATA_SCIENTIST_SALARY","text_only","n306","finished","261","2026-07-24T21:45:27.000Z","2026-07-25 00:49:47"
"rf_MUL_TEXT_DATA_SCIENTIST_SALARY_4","0.5543610158186754","4","RandomForest 🌳","MUL_TEXT_DATA_SCIENTIST_SALARY","no_text","n306","finished","12","2026-07-24T21:45:15.000Z","2026-07-25 00:45:26"
"rf_MUL_TEXT_DATA_SCIENTIST_SALARY_4","0.783131869976302","4","RandomForest 🌳","MUL_TEXT_DATA_SCIENTIST_SALARY","text_only","n305","finished","268","2026-07-24T21:44:57.000Z","2026-07-25 00:49:23"
"iclv2_MUL_TEXT_DATA_SCIENTIST_SALARY_4","0.5524008722466708","4","TabICLv2 🗼","MUL_TEXT_DATA_SCIENTIST_SALARY","no_text","n305","finished","15","2026-07-24T21:44:35.000Z","2026-07-25 00:44:48"
"iclv2_MUL_TEXT_DATA_SCIENTIST_SALARY_4","0.847103872544401","4","TabICLv2 🗼","MUL_TEXT_DATA_SCIENTIST_SALARY","text_only","n305","finished","281","2026-07-24T21:44:31.000Z","2026-07-25 00:49:09"
"real_MUL_TEXT_DATA_SCIENTIST_SALARY_4","0.5533352839795806","4","RealMLP 🕸","MUL_TEXT_DATA_SCIENTIST_SALARY","no_text","n306","finished","56","2026-07-24T21:44:17.000Z","2026-07-25 00:45:11"
"real_MUL_TEXT_DATA_SCIENTIST_SALARY_4","0.8258257966013058","4","RealMLP 🕸","MUL_TEXT_DATA_SCIENTIST_SALARY","text_only","n305","finished","304","2026-07-24T21:44:10.000Z","2026-07-25 00:49:12"
"dpt_BIN_TEXT_TRANSPORTATION_OSHA_ACCIDENT_INJURY_DATA_4","0.6194728738338918","4","TabDPT 6️⃣","BIN_TEXT_TRANSPORTATION_OSHA_ACCIDENT_INJURY_DATA","no_text","n306","finished","87","2026-07-24T21:39:20.000Z","2026-07-25 00:40:46"
"dpt_BIN_TEXT_TRANSPORTATION_OSHA_ACCIDENT_INJURY_DATA_4","0.6018838873290463","4","TabDPT 6️⃣","BIN_TEXT_TRANSPORTATION_OSHA_ACCIDENT_INJURY_DATA","text_only","n306","finished","157","2026-07-24T21:39:20.000Z","2026-07-25 00:41:55"
"xgb_BIN_TEXT_TRANSPORTATION_OSHA_ACCIDENT_INJURY_DATA_4","0.5861244452495245","4","XGBoost 🌲","BIN_TEXT_TRANSPORTATION_OSHA_ACCIDENT_INJURY_DATA","no_text","nlp-srv3.dds.technion.ac.il","finished","11","2026-07-24T21:39:16.000Z","2026-07-25 00:39:06"
"xgb_BIN_TEXT_TRANSPORTATION_OSHA_ACCIDENT_INJURY_DATA_4","0.531419255502219","4","XGBoost 🌲","BIN_TEXT_TRANSPORTATION_OSHA_ACCIDENT_INJURY_DATA","text_only","n306","finished","79","2026-07-24T21:39:13.000Z","2026-07-25 00:40:31"
"rf_BIN_TEXT_TRANSPORTATION_OSHA_ACCIDENT_INJURY_DATA_4","0.5120550674757721","4","RandomForest 🌳","BIN_TEXT_TRANSPORTATION_OSHA_ACCIDENT_INJURY_DATA","no_text","n305","finished","13","2026-07-24T21:39:05.000Z","2026-07-25 00:39:16"
"iclv2_BIN_TEXT_TRANSPORTATION_OSHA_ACCIDENT_INJURY_DATA_4","0.5747939498233856","4","TabICLv2 🗼","BIN_TEXT_TRANSPORTATION_OSHA_ACCIDENT_INJURY_DATA","no_text","n305","finished","13","2026-07-24T21:39:04.000Z","2026-07-25 00:39:16"
"rf_BIN_TEXT_TRANSPORTATION_OSHA_ACCIDENT_INJURY_DATA_4","0.6052169187573588","4","RandomForest 🌳","BIN_TEXT_TRANSPORTATION_OSHA_ACCIDENT_INJURY_DATA","text_only","nlp-srv3.dds.technion.ac.il","finished","117","2026-07-24T21:39:04.000Z","2026-07-25 00:40:40"
"iclv2_BIN_TEXT_TRANSPORTATION_OSHA_ACCIDENT_INJURY_DATA_4","0.6081061498052712","4","TabICLv2 🗼","BIN_TEXT_TRANSPORTATION_OSHA_ACCIDENT_INJURY_DATA","text_only","nlp20.iem.technion.ac.il","finished","102","2026-07-24T21:39:00.000Z","2026-07-25 00:40:41"
"real_BIN_TEXT_TRANSPORTATION_OSHA_ACCIDENT_INJURY_DATA_4","0.6164115569241917","4","RealMLP 🕸","BIN_TEXT_TRANSPORTATION_OSHA_ACCIDENT_INJURY_DATA","no_text","nlp-srv3.dds.technion.ac.il","finished","33","2026-07-24T21:38:59.000Z","2026-07-25 00:39:11"
"real_BIN_TEXT_TRANSPORTATION_OSHA_ACCIDENT_INJURY_DATA_4","0.6193641880264469","4","RealMLP 🕸","BIN_TEXT_TRANSPORTATION_OSHA_ACCIDENT_INJURY_DATA","text_only","nlp-srv3.dds.technion.ac.il","finished","132","2026-07-24T21:38:54.000Z","2026-07-25 00:40:45"
"dpt_BIN_TEXT_SOCIAL_IMDB_GENRE_PREDICTION_4","0.8505952380952381","4","TabDPT 6️⃣","BIN_TEXT_SOCIAL_IMDB_GENRE_PREDICTION","no_text","nlp-srv3.dds.technion.ac.il","finished","15","2026-07-24T21:35:48.000Z","2026-07-25 00:35:42"
"dpt_BIN_TEXT_SOCIAL_IMDB_GENRE_PREDICTION_4","0.7999999999999999","4","TabDPT 6️⃣","BIN_TEXT_SOCIAL_IMDB_GENRE_PREDICTION","text_only","n305","finished","41","2026-07-24T21:35:46.000Z","2026-07-25 00:36:25"
"xgb_BIN_TEXT_SOCIAL_IMDB_GENRE_PREDICTION_4","0.6880952380952381","4","XGBoost 🌲","BIN_TEXT_SOCIAL_IMDB_GENRE_PREDICTION","text_only","nlp-srv3.dds.technion.ac.il","finished","25","2026-07-24T21:35:45.000Z","2026-07-25 00:35:49"
"xgb_BIN_TEXT_SOCIAL_IMDB_GENRE_PREDICTION_4","0.7892857142857144","4","XGBoost 🌲","BIN_TEXT_SOCIAL_IMDB_GENRE_PREDICTION","no_text","n306","finished","13","2026-07-24T21:35:45.000Z","2026-07-25 00:35:55"
"rf_BIN_TEXT_SOCIAL_IMDB_GENRE_PREDICTION_4","0.7964285714285714","4","RandomForest 🌳","BIN_TEXT_SOCIAL_IMDB_GENRE_PREDICTION","no_text","n306","finished","12","2026-07-24T21:35:33.000Z","2026-07-25 00:35:44"
"rf_BIN_TEXT_SOCIAL_IMDB_GENRE_PREDICTION_4","0.7377976190476191","4","RandomForest 🌳","BIN_TEXT_SOCIAL_IMDB_GENRE_PREDICTION","text_only","nlp-srv3.dds.technion.ac.il","finished","30","2026-07-24T21:35:33.000Z","2026-07-25 00:35:42"
"iclv2_BIN_TEXT_SOCIAL_IMDB_GENRE_PREDICTION_4","0.8690476190476191","4","TabICLv2 🗼","BIN_TEXT_SOCIAL_IMDB_GENRE_PREDICTION","no_text","n305","finished","13","2026-07-24T21:35:30.000Z","2026-07-25 00:35:42"
"iclv2_BIN_TEXT_SOCIAL_IMDB_GENRE_PREDICTION_4","0.8386904761904763","4","TabICLv2 🗼","BIN_TEXT_SOCIAL_IMDB_GENRE_PREDICTION","text_only","nlp20.iem.technion.ac.il","finished","34","2026-07-24T21:35:30.000Z","2026-07-25 00:36:03"
"real_BIN_TEXT_SOCIAL_IMDB_GENRE_PREDICTION_4","0.8476190476190476","4","RealMLP 🕸","BIN_TEXT_SOCIAL_IMDB_GENRE_PREDICTION","no_text","nlp-srv3.dds.technion.ac.il","finished","15","2026-07-24T21:35:29.000Z","2026-07-25 00:35:24"
"real_BIN_TEXT_SOCIAL_IMDB_GENRE_PREDICTION_4","0.7250000000000001","4","RealMLP 🕸","BIN_TEXT_SOCIAL_IMDB_GENRE_PREDICTION","text_only","nlp-srv3.dds.technion.ac.il","finished","29","2026-07-24T21:35:13.000Z","2026-07-25 00:35:21"
"dpt_BIN_TEXT_KICKSTARTER_FUNDING_4","0.6040326286764706","4","TabDPT 6️⃣","BIN_TEXT_KICKSTARTER_FUNDING","no_text","nlp-srv3.dds.technion.ac.il","finished","100","2026-07-24T21:31:49.000Z","2026-07-25 00:33:08"
"dpt_BIN_TEXT_KICKSTARTER_FUNDING_4","0.6726332720588235","4","TabDPT 6️⃣","BIN_TEXT_KICKSTARTER_FUNDING","text_only","n305","finished","435","2026-07-24T21:31:36.000Z","2026-07-25 00:38:50"
"xgb_BIN_TEXT_KICKSTARTER_FUNDING_4","0.6015854779411764","4","XGBoost 🌲","BIN_TEXT_KICKSTARTER_FUNDING","no_text","nlp-srv3.dds.technion.ac.il","finished","11","2026-07-24T21:31:33.000Z","2026-07-25 00:31:23"
"xgb_BIN_TEXT_KICKSTARTER_FUNDING_4","0.6490877757352941","4","XGBoost 🌲","BIN_TEXT_KICKSTARTER_FUNDING","text_only","nlp-srv3.dds.technion.ac.il","finished","386","2026-07-24T21:31:22.000Z","2026-07-25 00:37:27"
"rf_BIN_TEXT_KICKSTARTER_FUNDING_4","0.5743106617647058","4","RandomForest 🌳","BIN_TEXT_KICKSTARTER_FUNDING","no_text","nlp-srv3.dds.technion.ac.il","finished","12","2026-07-24T21:31:17.000Z","2026-07-25 00:31:08"
"rf_BIN_TEXT_KICKSTARTER_FUNDING_4","0.6646840533088235","4","RandomForest 🌳","BIN_TEXT_KICKSTARTER_FUNDING","text_only","nlp-srv3.dds.technion.ac.il","finished","296","2026-07-24T21:31:00.000Z","2026-07-25 00:35:36"
"iclv2_BIN_TEXT_KICKSTARTER_FUNDING_4","0.5877987132352941","4","TabICLv2 🗼","BIN_TEXT_KICKSTARTER_FUNDING","no_text","nlp-srv3.dds.technion.ac.il","finished","13","2026-07-24T21:30:41.000Z","2026-07-25 00:30:34"
"iclv2_BIN_TEXT_KICKSTARTER_FUNDING_4","0.7065297564338235","4","TabICLv2 🗼","BIN_TEXT_KICKSTARTER_FUNDING","text_only","n306","finished","288","2026-07-24T21:30:39.000Z","2026-07-25 00:35:26"
"real_BIN_TEXT_KICKSTARTER_FUNDING_4","0.6802734375","4","RealMLP 🕸","BIN_TEXT_KICKSTARTER_FUNDING","text_only","n306","finished","309","2026-07-24T21:30:29.000Z","2026-07-25 00:35:36"
"real_BIN_TEXT_KICKSTARTER_FUNDING_4","0.60486328125","4","RealMLP 🕸","BIN_TEXT_KICKSTARTER_FUNDING","no_text","nlp-srv3.dds.technion.ac.il","finished","48","2026-07-24T21:30:29.000Z","2026-07-25 00:30:56"
"dpt_BIN_TEXT_JIGSAW_TOXICITY_4","0.5413240454616874","4","TabDPT 6️⃣","BIN_TEXT_JIGSAW_TOXICITY","no_text","nlp-srv3.dds.technion.ac.il","finished","99","2026-07-24T21:25:27.000Z","2026-07-25 00:26:45"
"dpt_BIN_TEXT_JIGSAW_TOXICITY_4","0.8285497302676375","4","TabDPT 6️⃣","BIN_TEXT_JIGSAW_TOXICITY","text_only","nlp-srv3.dds.technion.ac.il","finished","138","2026-07-24T21:25:26.000Z","2026-07-25 00:27:23"
"xgb_BIN_TEXT_JIGSAW_TOXICITY_4","0.5587388047975698","4","XGBoost 🌲","BIN_TEXT_JIGSAW_TOXICITY","no_text","n306","finished","19","2026-07-24T21:25:24.000Z","2026-07-25 00:25:39"
"xgb_BIN_TEXT_JIGSAW_TOXICITY_4","0.7894407199846366","4","XGBoost 🌲","BIN_TEXT_JIGSAW_TOXICITY","text_only","n305","finished","119","2026-07-24T21:25:21.000Z","2026-07-25 00:27:19"
"rf_BIN_TEXT_JIGSAW_TOXICITY_4","0.5329767454040748","4","RandomForest 🌳","BIN_TEXT_JIGSAW_TOXICITY","no_text","n305","finished","17","2026-07-24T21:24:59.000Z","2026-07-25 00:25:14"
"rf_BIN_TEXT_JIGSAW_TOXICITY_4","0.7552724384154751","4","RandomForest 🌳","BIN_TEXT_JIGSAW_TOXICITY","text_only","n305","finished","127","2026-07-24T21:24:55.000Z","2026-07-25 00:27:01"
"iclv2_BIN_TEXT_JIGSAW_TOXICITY_4","0.5468365369507148","4","TabICLv2 🗼","BIN_TEXT_JIGSAW_TOXICITY","no_text","n306","finished","28","2026-07-24T21:24:52.000Z","2026-07-25 00:25:19"
"iclv2_BIN_TEXT_JIGSAW_TOXICITY_4","0.8586436564884163","4","TabICLv2 🗼","BIN_TEXT_JIGSAW_TOXICITY","text_only","nlp18.iem.technion.ac.il","finished","208","2026-07-24T21:24:52.000Z","2026-07-25 00:28:19"
"real_BIN_TEXT_JIGSAW_TOXICITY_4","0.532319872902809","4","RealMLP 🕸","BIN_TEXT_JIGSAW_TOXICITY","no_text","n306","finished","59","2026-07-24T21:24:43.000Z","2026-07-25 00:25:41"
"real_BIN_TEXT_JIGSAW_TOXICITY_4","0.8477801637598421","4","RealMLP 🕸","BIN_TEXT_JIGSAW_TOXICITY","text_only","nlp18.iem.technion.ac.il","finished","243","2026-07-24T21:24:42.000Z","2026-07-25 00:28:44"
"dpt_BIN_TEXT_FINANCIAL_CONSUMER_COMPLAINT_4","0.8572172256330753","4","TabDPT 6️⃣","BIN_TEXT_FINANCIAL_CONSUMER_COMPLAINT","no_text","n305","finished","112","2026-07-24T21:19:39.000Z","2026-07-25 00:21:30"
"iclv2_BIN_TEXT_FINANCIAL_CONSUMER_COMPLAINT_4","0.8682523023948804","4","TabICLv2 🗼","BIN_TEXT_FINANCIAL_CONSUMER_COMPLAINT","no_text","n306","finished","56","2026-07-24T21:19:32.000Z","2026-07-25 00:20:16"
"dpt_BIN_TEXT_FINANCIAL_CONSUMER_COMPLAINT_4","0.8675566109301125","4","TabDPT 6️⃣","BIN_TEXT_FINANCIAL_CONSUMER_COMPLAINT","text_only","nlp20.iem.technion.ac.il","finished","464","2026-07-24T21:16:37.000Z","2026-07-25 00:24:20"
"rf_BIN_TEXT_FINANCIAL_CONSUMER_COMPLAINT_4","0.8589827304873416","4","RandomForest 🌳","BIN_TEXT_FINANCIAL_CONSUMER_COMPLAINT","text_only","n305","finished","326","2026-07-24T21:16:37.000Z","2026-07-25 00:22:02"
"xgb_BIN_TEXT_FINANCIAL_CONSUMER_COMPLAINT_4","0.8612365934271791","4","XGBoost 🌲","BIN_TEXT_FINANCIAL_CONSUMER_COMPLAINT","no_text","n305","finished","48","2026-07-24T21:12:21.000Z","2026-07-25 00:13:05"
"xgb_BIN_TEXT_FINANCIAL_CONSUMER_COMPLAINT_4","0.8816897578765761","4","XGBoost 🌲","BIN_TEXT_FINANCIAL_CONSUMER_COMPLAINT","text_only","n306","finished","309","2026-07-24T21:12:08.000Z","2026-07-25 00:17:15"
"rf_BIN_TEXT_FINANCIAL_CONSUMER_COMPLAINT_4","0.7351428755663106","4","RandomForest 🌳","BIN_TEXT_FINANCIAL_CONSUMER_COMPLAINT","no_text","nlp-srv3.dds.technion.ac.il","finished","35","2026-07-24T21:12:02.000Z","2026-07-25 00:12:15"
"iclv2_BIN_TEXT_FINANCIAL_CONSUMER_COMPLAINT_4","0.8992137386284356","4","TabICLv2 🗼","BIN_TEXT_FINANCIAL_CONSUMER_COMPLAINT","text_only","nlp18.iem.technion.ac.il","finished","537","2026-07-24T21:11:39.000Z","2026-07-25 00:20:32"
"real_BIN_TEXT_FINANCIAL_CONSUMER_COMPLAINT_4","0.8485169709937912","4","RealMLP 🕸","BIN_TEXT_FINANCIAL_CONSUMER_COMPLAINT","no_text","n305","finished","99","2026-07-24T21:11:34.000Z","2026-07-25 00:13:12"
"real_BIN_TEXT_FINANCIAL_CONSUMER_COMPLAINT_4","0.848370930697697","4","RealMLP 🕸","BIN_TEXT_FINANCIAL_CONSUMER_COMPLAINT","text_only","n306","finished","344","2026-07-24T21:11:33.000Z","2026-07-25 00:17:13"
"dpt_BIN_TEXT_FAKE_JOB_POSTING_4","0.6629978265977444","4","TabDPT 6️⃣","BIN_TEXT_FAKE_JOB_POSTING","no_text","n306","finished","57","2026-07-24T20:59:54.000Z","2026-07-25 00:00:49"
"dpt_BIN_TEXT_FAKE_JOB_POSTING_4","0.9156191259398496","4","TabDPT 6️⃣","BIN_TEXT_FAKE_JOB_POSTING","text_only","n305","finished","298","2026-07-24T20:59:41.000Z","2026-07-25 00:04:37"
"xgb_BIN_TEXT_FAKE_JOB_POSTING_4","0.6736005051691729","4","XGBoost 🌲","BIN_TEXT_FAKE_JOB_POSTING","no_text","n306","finished","15","2026-07-24T20:59:36.000Z","2026-07-24 23:59:47"
"xgb_BIN_TEXT_FAKE_JOB_POSTING_4","0.8675399436090225","4","XGBoost 🌲","BIN_TEXT_FAKE_JOB_POSTING","text_only","nlp18.iem.technion.ac.il","finished","280","2026-07-24T20:59:31.000Z","2026-07-25 00:04:10"
"rf_BIN_TEXT_FAKE_JOB_POSTING_4","0.6367481203007518","4","RandomForest 🌳","BIN_TEXT_FAKE_JOB_POSTING","no_text","n305","finished","13","2026-07-24T20:59:25.000Z","2026-07-24 23:59:36"
"rf_BIN_TEXT_FAKE_JOB_POSTING_4","0.8615263745300753","4","RandomForest 🌳","BIN_TEXT_FAKE_JOB_POSTING","text_only","n306","finished","178","2026-07-24T20:59:22.000Z","2026-07-25 00:02:18"
"iclv2_BIN_TEXT_FAKE_JOB_POSTING_4","0.6509560032894737","4","TabICLv2 🗼","BIN_TEXT_FAKE_JOB_POSTING","no_text","nlp18.iem.technion.ac.il","finished","16","2026-07-24T20:59:09.000Z","2026-07-24 23:59:24"
"iclv2_BIN_TEXT_FAKE_JOB_POSTING_4","0.916265272556391","4","TabICLv2 🗼","BIN_TEXT_FAKE_JOB_POSTING","text_only","n306","finished","182","2026-07-24T20:58:41.000Z","2026-07-25 00:01:42"
"real_BIN_TEXT_FAKE_JOB_POSTING_4","0.6465798284774437","4","RealMLP 🕸","BIN_TEXT_FAKE_JOB_POSTING","no_text","n306","finished","57","2026-07-24T20:58:33.000Z","2026-07-24 23:59:29"
"real_BIN_TEXT_FAKE_JOB_POSTING_4","0.8558065084586465","4","RealMLP 🕸","BIN_TEXT_FAKE_JOB_POSTING","text_only","n305","finished","214","2026-07-24T20:57:50.000Z","2026-07-25 00:01:23"