"Name","test_score","fold","model","dataset","multimodal_state","Hostname","State","Runtime","Created","timestamp"
"dpt_REG_TEXT_ZOMATO_RESTAURANTS_0","0.677190714356366","0","TabDPT 6️⃣","REG_TEXT_ZOMATO_RESTAURANTS","no_text","nlp-srv3.dds.technion.ac.il","finished","206","2026-07-25T14:24:30.000Z","2026-07-25 17:27:34"
"dpt_REG_TEXT_VANCOUVER_SALARIES_0","0.38211612684927865","0","TabDPT 6️⃣","REG_TEXT_VANCOUVER_SALARIES","no_text","n306","finished","547","2026-07-25T14:20:51.000Z","2026-07-25 17:29:57"
"dpt_REG_TEXT_VANCOUVER_SALARIES_0","0.6154463710696276","0","TabDPT 6️⃣","REG_TEXT_VANCOUVER_SALARIES","text_only","nlp-srv3.dds.technion.ac.il","finished","278","2026-07-25T14:20:45.000Z","2026-07-25 17:25:01"
"iclv2_REG_TEXT_VANCOUVER_SALARIES_0","0.3779456980845185","0","TabICLv2 🗼","REG_TEXT_VANCOUVER_SALARIES","no_text","n306","finished","14","2026-07-25T14:20:35.000Z","2026-07-25 17:20:48"
"real_REG_TEXT_VANCOUVER_SALARIES_0","0.5033197905226898","0","RealMLP 🕸","REG_TEXT_VANCOUVER_SALARIES","text_only","n306","finished","159","2026-07-25T14:20:19.000Z","2026-07-25 17:22:57"
"real_REG_TEXT_TRANSPORTATION_USED_CAR_SAUDI_ARABIA_0","0.8397126197814941","0","RealMLP 🕸","REG_TEXT_TRANSPORTATION_USED_CAR_SAUDI_ARABIA","no_text","nlp-srv3.dds.technion.ac.il","finished","50","2026-07-25T14:17:57.000Z","2026-07-25 17:18:25"
"dpt_REG_TEXT_SOCIAL_MUSEUMS_US_REVENUES_0","0.06120057703597748","0","TabDPT 6️⃣","REG_TEXT_SOCIAL_MUSEUMS_US_REVENUES","no_text","nlp-srv3.dds.technion.ac.il","finished","201","2026-07-25T14:11:35.000Z","2026-07-25 17:14:34"
"dpt_REG_TEXT_MERCARI_MARKETPLACE_0","0.1061087647133898","0","TabDPT 6️⃣","REG_TEXT_MERCARI_MARKETPLACE","no_text","n305","finished","560","2026-07-25T14:06:19.000Z","2026-07-25 17:15:37"
"rf_REG_TEXT_SOCIAL_MUSEUMS_US_REVENUES_0","0.8421042556701941","0","RandomForest 🌳","REG_TEXT_SOCIAL_MUSEUMS_US_REVENUES","text_only","nlp-srv3.dds.technion.ac.il","finished","1231","2026-07-25T14:03:55.000Z","2026-07-25 17:24:04"
"iclv2_REG_TEXT_SOCIAL_MOVIES_DATASET_REVENUE_0","0.686450974899961","0","TabICLv2 🗼","REG_TEXT_SOCIAL_MOVIES_DATASET_REVENUE","no_text","nlp-srv3.dds.technion.ac.il","finished","19","2026-07-25T14:03:55.000Z","2026-07-25 17:03:52"
"real_REG_TEXT_SOCIAL_MOVIES_DATASET_REVENUE_0","0.4899668913753899","0","RealMLP 🕸","REG_TEXT_SOCIAL_MOVIES_DATASET_REVENUE","text_only","nlp-srv3.dds.technion.ac.il","finished","1037","2026-07-25T14:03:55.000Z","2026-07-25 17:20:50"
"dpt_REG_TEXT_ROTTEN_TOMATOES_0","0.20510327167753928","0","TabDPT 6️⃣","REG_TEXT_ROTTEN_TOMATOES","no_text","nlp-srv3.dds.technion.ac.il","finished","160","2026-07-25T14:03:54.000Z","2026-07-25 17:06:12"
"dpt_REG_TEXT_ZOMATO_RESTAURANTS_0","0.8094963118565364","0","TabDPT 6️⃣","REG_TEXT_ZOMATO_RESTAURANTS","text_only","nlp20.iem.technion.ac.il","finished","1183","2026-07-25T08:50:44.000Z","2026-07-25 12:10:25"
"xgb_REG_TEXT_ZOMATO_RESTAURANTS_0","0.6110839392950048","0","XGBoost 🌲","REG_TEXT_ZOMATO_RESTAURANTS","no_text","n306","finished","18","2026-07-25T08:50:43.000Z","2026-07-25 11:50:58"
"xgb_REG_TEXT_ZOMATO_RESTAURANTS_0","0.7853284042054688","0","XGBoost 🌲","REG_TEXT_ZOMATO_RESTAURANTS","text_only","nlp-srv3.dds.technion.ac.il","finished","654","2026-07-25T08:50:41.000Z","2026-07-25 12:01:14"
"rf_REG_TEXT_ZOMATO_RESTAURANTS_0","0.6475180418488815","0","RandomForest 🌳","REG_TEXT_ZOMATO_RESTAURANTS","no_text","n306","finished","28","2026-07-25T08:50:41.000Z","2026-07-25 11:51:07"
"rf_REG_TEXT_ZOMATO_RESTAURANTS_0","0.7454836724805072","0","RandomForest 🌳","REG_TEXT_ZOMATO_RESTAURANTS","text_only","n306","finished","666","2026-07-25T08:50:29.000Z","2026-07-25 12:01:34"
"iclv2_REG_TEXT_ZOMATO_RESTAURANTS_0","0.7561315898020814","0","TabICLv2 🗼","REG_TEXT_ZOMATO_RESTAURANTS","no_text","nlp20.iem.technion.ac.il","finished","19","2026-07-25T08:50:23.000Z","2026-07-25 11:50:40"
"iclv2_REG_TEXT_ZOMATO_RESTAURANTS_0","0.8515037655226443","0","TabICLv2 🗼","REG_TEXT_ZOMATO_RESTAURANTS","text_only","nlp-srv3.dds.technion.ac.il","finished","917","2026-07-25T08:50:01.000Z","2026-07-25 12:04:57"
"real_REG_TEXT_ZOMATO_RESTAURANTS_0","0.6128337205460297","0","RealMLP 🕸","REG_TEXT_ZOMATO_RESTAURANTS","no_text","nlp-srv3.dds.technion.ac.il","finished","59","2026-07-25T08:49:59.000Z","2026-07-25 11:50:36"
"real_REG_TEXT_ZOMATO_RESTAURANTS_0","0.8104410906195469","0","RealMLP 🕸","REG_TEXT_ZOMATO_RESTAURANTS","text_only","n306","finished","588","2026-07-25T08:49:58.000Z","2026-07-25 11:59:44"
"dpt_REG_TEXT_VIDEO_GAMES_SALES_0","0.05006574473047354","0","TabDPT 6️⃣","REG_TEXT_VIDEO_GAMES_SALES","no_text","n306","finished","385","2026-07-25T08:43:57.000Z","2026-07-25 11:50:21"
"dpt_REG_TEXT_VIDEO_GAMES_SALES_0","0.38330498037603433","0","TabDPT 6️⃣","REG_TEXT_VIDEO_GAMES_SALES","text_only","nlp-srv3.dds.technion.ac.il","finished","574","2026-07-25T08:43:53.000Z","2026-07-25 11:53:06"
"xgb_REG_TEXT_VIDEO_GAMES_SALES_0","-0.30414213386976874","0","XGBoost 🌲","REG_TEXT_VIDEO_GAMES_SALES","no_text","nlp-srv3.dds.technion.ac.il","finished","12","2026-07-25T08:43:38.000Z","2026-07-25 11:43:28"
"xgb_REG_TEXT_VIDEO_GAMES_SALES_0","0.19820857943123804","0","XGBoost 🌲","REG_TEXT_VIDEO_GAMES_SALES","text_only","n306","finished","111","2026-07-25T08:43:27.000Z","2026-07-25 11:45:17"
"rf_REG_TEXT_VIDEO_GAMES_SALES_0","-0.3386216511713076","0","RandomForest 🌳","REG_TEXT_VIDEO_GAMES_SALES","no_text","nlp-srv3.dds.technion.ac.il","finished","10","2026-07-25T08:43:22.000Z","2026-07-25 11:43:11"
"rf_REG_TEXT_VIDEO_GAMES_SALES_0","0.24793917991806055","0","RandomForest 🌳","REG_TEXT_VIDEO_GAMES_SALES","text_only","n306","finished","180","2026-07-25T08:43:09.000Z","2026-07-25 11:46:08"
"iclv2_REG_TEXT_VIDEO_GAMES_SALES_0","0.04553007405456644","0","TabICLv2 🗼","REG_TEXT_VIDEO_GAMES_SALES","no_text","nlp-srv3.dds.technion.ac.il","finished","12","2026-07-25T08:43:06.000Z","2026-07-25 11:42:57"
"iclv2_REG_TEXT_VIDEO_GAMES_SALES_0","0.46712006989583577","0","TabICLv2 🗼","REG_TEXT_VIDEO_GAMES_SALES","text_only","nlp-srv3.dds.technion.ac.il","finished","224","2026-07-25T08:42:56.000Z","2026-07-25 11:46:18"
"real_REG_TEXT_VIDEO_GAMES_SALES_0","0.030469446595088212","0","RealMLP 🕸","REG_TEXT_VIDEO_GAMES_SALES","no_text","n306","finished","69","2026-07-25T08:42:43.000Z","2026-07-25 11:43:50"
"real_REG_TEXT_VIDEO_GAMES_SALES_0","0.2088125771756819","0","RealMLP 🕸","REG_TEXT_VIDEO_GAMES_SALES","text_only","n306","finished","157","2026-07-25T08:42:35.000Z","2026-07-25 11:45:11"
"xgb_REG_TEXT_VANCOUVER_SALARIES_0","0.3473904968665489","0","XGBoost 🌲","REG_TEXT_VANCOUVER_SALARIES","no_text","nlp-srv3.dds.technion.ac.il","finished","12","2026-07-25T08:38:00.000Z","2026-07-25 11:37:50"
"xgb_REG_TEXT_VANCOUVER_SALARIES_0","0.578959768651655","0","XGBoost 🌲","REG_TEXT_VANCOUVER_SALARIES","text_only","nlp-srv3.dds.technion.ac.il","finished","192","2026-07-25T08:37:58.000Z","2026-07-25 11:40:48"
"rf_REG_TEXT_VANCOUVER_SALARIES_0","0.31769117896700017","0","RandomForest 🌳","REG_TEXT_VANCOUVER_SALARIES","no_text","nlp-srv3.dds.technion.ac.il","finished","13","2026-07-25T08:37:57.000Z","2026-07-25 11:37:48"
"rf_REG_TEXT_VANCOUVER_SALARIES_0","0.577506468262509","0","RandomForest 🌳","REG_TEXT_VANCOUVER_SALARIES","text_only","nlp-srv3.dds.technion.ac.il","finished","214","2026-07-25T08:37:50.000Z","2026-07-25 11:41:03"
"iclv2_REG_TEXT_VANCOUVER_SALARIES_0","0.6206150438672515","0","TabICLv2 🗼","REG_TEXT_VANCOUVER_SALARIES","text_only","n306","finished","123","2026-07-25T08:37:36.000Z","2026-07-25 11:39:38"
"real_REG_TEXT_VANCOUVER_SALARIES_0","0.34615299679250033","0","RealMLP 🕸","REG_TEXT_VANCOUVER_SALARIES","no_text","nlp-srv3.dds.technion.ac.il","finished","48","2026-07-25T08:37:28.000Z","2026-07-25 11:37:54"
"dpt_REG_TEXT_TRANSPORTATION_USED_CAR_SAUDI_ARABIA_0","0.7801675796508789","0","TabDPT 6️⃣","REG_TEXT_TRANSPORTATION_USED_CAR_SAUDI_ARABIA","no_text","nlp-srv3.dds.technion.ac.il","finished","197","2026-07-25T08:33:25.000Z","2026-07-25 11:36:20"
"dpt_REG_TEXT_TRANSPORTATION_USED_CAR_SAUDI_ARABIA_0","0.24642378091812137","0","TabDPT 6️⃣","REG_TEXT_TRANSPORTATION_USED_CAR_SAUDI_ARABIA","text_only","n306","finished","325","2026-07-25T08:33:14.000Z","2026-07-25 11:38:37"
"xgb_REG_TEXT_TRANSPORTATION_USED_CAR_SAUDI_ARABIA_0","0.8110039234161377","0","XGBoost 🌲","REG_TEXT_TRANSPORTATION_USED_CAR_SAUDI_ARABIA","no_text","n306","finished","14","2026-07-25T08:33:12.000Z","2026-07-25 11:33:23"
"xgb_REG_TEXT_TRANSPORTATION_USED_CAR_SAUDI_ARABIA_0","0.27194714546203613","0","XGBoost 🌲","REG_TEXT_TRANSPORTATION_USED_CAR_SAUDI_ARABIA","text_only","n306","finished","48","2026-07-25T08:33:09.000Z","2026-07-25 11:33:56"
"rf_REG_TEXT_TRANSPORTATION_USED_CAR_SAUDI_ARABIA_0","0.752842414389639","0","RandomForest 🌳","REG_TEXT_TRANSPORTATION_USED_CAR_SAUDI_ARABIA","no_text","n306","finished","14","2026-07-25T08:32:56.000Z","2026-07-25 11:33:09"
"rf_REG_TEXT_TRANSPORTATION_USED_CAR_SAUDI_ARABIA_0","0.2480620732910375","0","RandomForest 🌳","REG_TEXT_TRANSPORTATION_USED_CAR_SAUDI_ARABIA","text_only","nlp-srv3.dds.technion.ac.il","finished","81","2026-07-25T08:32:49.000Z","2026-07-25 11:33:48"
"iclv2_REG_TEXT_TRANSPORTATION_USED_CAR_SAUDI_ARABIA_0","0.8361594080924988","0","TabICLv2 🗼","REG_TEXT_TRANSPORTATION_USED_CAR_SAUDI_ARABIA","no_text","n306","finished","13","2026-07-25T08:32:40.000Z","2026-07-25 11:32:52"
"iclv2_REG_TEXT_TRANSPORTATION_USED_CAR_SAUDI_ARABIA_0","0.2537538409233093","0","TabICLv2 🗼","REG_TEXT_TRANSPORTATION_USED_CAR_SAUDI_ARABIA","text_only","nlp-srv3.dds.technion.ac.il","finished","84","2026-07-25T08:32:40.000Z","2026-07-25 11:33:42"
"real_REG_TEXT_TRANSPORTATION_USED_CAR_SAUDI_ARABIA_0","0.26666390895843506","0","RealMLP 🕸","REG_TEXT_TRANSPORTATION_USED_CAR_SAUDI_ARABIA","text_only","nlp-srv3.dds.technion.ac.il","finished","105","2026-07-25T08:32:33.000Z","2026-07-25 11:33:56"
"dpt_REG_TEXT_TRANSPORTATION_USED_CAR_PAKISTAN_0","0.782876222080008","0","TabDPT 6️⃣","REG_TEXT_TRANSPORTATION_USED_CAR_PAKISTAN","no_text","n306","finished","483","2026-07-25T08:27:09.000Z","2026-07-25 11:35:11"
"dpt_REG_TEXT_TRANSPORTATION_USED_CAR_PAKISTAN_0","0.5098236345144658","0","TabDPT 6️⃣","REG_TEXT_TRANSPORTATION_USED_CAR_PAKISTAN","text_only","nlp-srv3.dds.technion.ac.il","finished","742","2026-07-25T08:27:08.000Z","2026-07-25 11:39:08"
"xgb_REG_TEXT_TRANSPORTATION_USED_CAR_PAKISTAN_0","0.7949778362162899","0","XGBoost 🌲","REG_TEXT_TRANSPORTATION_USED_CAR_PAKISTAN","no_text","nlp-srv3.dds.technion.ac.il","finished","12","2026-07-25T08:27:04.000Z","2026-07-25 11:26:54"
"xgb_REG_TEXT_TRANSPORTATION_USED_CAR_PAKISTAN_0","0.7555845166234997","0","XGBoost 🌲","REG_TEXT_TRANSPORTATION_USED_CAR_PAKISTAN","text_only","nlp-srv3.dds.technion.ac.il","finished","198","2026-07-25T08:26:54.000Z","2026-07-25 11:29:50"
"rf_REG_TEXT_TRANSPORTATION_USED_CAR_PAKISTAN_0","0.8290166412143598","0","RandomForest 🌳","REG_TEXT_TRANSPORTATION_USED_CAR_PAKISTAN","no_text","nlp-srv3.dds.technion.ac.il","finished","13","2026-07-25T08:26:52.000Z","2026-07-25 11:26:43"
"rf_REG_TEXT_TRANSPORTATION_USED_CAR_PAKISTAN_0","0.7368465066587709","0","RandomForest 🌳","REG_TEXT_TRANSPORTATION_USED_CAR_PAKISTAN","text_only","n306","finished","128","2026-07-25T08:26:45.000Z","2026-07-25 11:28:52"
"iclv2_REG_TEXT_TRANSPORTATION_USED_CAR_PAKISTAN_0","0.8929510520050323","0","TabICLv2 🗼","REG_TEXT_TRANSPORTATION_USED_CAR_PAKISTAN","no_text","nlp-srv3.dds.technion.ac.il","finished","13","2026-07-25T08:26:38.000Z","2026-07-25 11:26:30"
"iclv2_REG_TEXT_TRANSPORTATION_USED_CAR_PAKISTAN_0","0.7329484646891931","0","TabICLv2 🗼","REG_TEXT_TRANSPORTATION_USED_CAR_PAKISTAN","text_only","n306","finished","119","2026-07-25T08:26:35.000Z","2026-07-25 11:28:32"
"real_REG_TEXT_TRANSPORTATION_USED_CAR_PAKISTAN_0","0.8894507516936945","0","RealMLP 🕸","REG_TEXT_TRANSPORTATION_USED_CAR_PAKISTAN","no_text","nlp-srv3.dds.technion.ac.il","finished","52","2026-07-25T08:26:31.000Z","2026-07-25 11:27:01"
"real_REG_TEXT_TRANSPORTATION_USED_CAR_PAKISTAN_0","0.7899413315108053","0","RealMLP 🕸","REG_TEXT_TRANSPORTATION_USED_CAR_PAKISTAN","text_only","nlp-srv3.dds.technion.ac.il","finished","225","2026-07-25T08:26:27.000Z","2026-07-25 11:29:51"
"dpt_REG_TEXT_TRANSPORTATION_USED_CAR_MERCEDES_BENZ_ITALY_0","-399.064697265625","0","TabDPT 6️⃣","REG_TEXT_TRANSPORTATION_USED_CAR_MERCEDES_BENZ_ITALY","no_text","n306","finished","465","2026-07-25T08:22:39.000Z","2026-07-25 11:30:23"
"dpt_REG_TEXT_TRANSPORTATION_USED_CAR_MERCEDES_BENZ_ITALY_0","-116.3813247680664","0","TabDPT 6️⃣","REG_TEXT_TRANSPORTATION_USED_CAR_MERCEDES_BENZ_ITALY","text_only","nlp-srv3.dds.technion.ac.il","finished","304","2026-07-25T08:22:35.000Z","2026-07-25 11:27:17"
"xgb_REG_TEXT_TRANSPORTATION_USED_CAR_MERCEDES_BENZ_ITALY_0","-53410.89453125","0","XGBoost 🌲","REG_TEXT_TRANSPORTATION_USED_CAR_MERCEDES_BENZ_ITALY","no_text","nlp-srv3.dds.technion.ac.il","finished","13","2026-07-25T08:22:34.000Z","2026-07-25 11:22:25"
"xgb_REG_TEXT_TRANSPORTATION_USED_CAR_MERCEDES_BENZ_ITALY_0","0.8809540867805481","0","XGBoost 🌲","REG_TEXT_TRANSPORTATION_USED_CAR_MERCEDES_BENZ_ITALY","text_only","n306","finished","62","2026-07-25T08:22:31.000Z","2026-07-25 11:23:32"
"rf_REG_TEXT_TRANSPORTATION_USED_CAR_MERCEDES_BENZ_ITALY_0","-4.577869787486238","0","RandomForest 🌳","REG_TEXT_TRANSPORTATION_USED_CAR_MERCEDES_BENZ_ITALY","no_text","nlp-srv3.dds.technion.ac.il","finished","13","2026-07-25T08:22:26.000Z","2026-07-25 11:22:17"
"rf_REG_TEXT_TRANSPORTATION_USED_CAR_MERCEDES_BENZ_ITALY_0","0.8240777499611104","0","RandomForest 🌳","REG_TEXT_TRANSPORTATION_USED_CAR_MERCEDES_BENZ_ITALY","text_only","n306","finished","69","2026-07-25T08:22:25.000Z","2026-07-25 11:23:33"
"iclv2_REG_TEXT_TRANSPORTATION_USED_CAR_MERCEDES_BENZ_ITALY_0","0.7618280649185181","0","TabICLv2 🗼","REG_TEXT_TRANSPORTATION_USED_CAR_MERCEDES_BENZ_ITALY","no_text","n306","finished","13","2026-07-25T08:22:23.000Z","2026-07-25 11:22:35"
"iclv2_REG_TEXT_TRANSPORTATION_USED_CAR_MERCEDES_BENZ_ITALY_0","0.8974154591560364","0","TabICLv2 🗼","REG_TEXT_TRANSPORTATION_USED_CAR_MERCEDES_BENZ_ITALY","text_only","nlp-srv3.dds.technion.ac.il","finished","87","2026-07-25T08:22:20.000Z","2026-07-25 11:23:25"
"real_REG_TEXT_TRANSPORTATION_USED_CAR_MERCEDES_BENZ_ITALY_0","0.31105852127075195","0","RealMLP 🕸","REG_TEXT_TRANSPORTATION_USED_CAR_MERCEDES_BENZ_ITALY","no_text","nlp-srv3.dds.technion.ac.il","finished","53","2026-07-25T08:22:19.000Z","2026-07-25 11:22:50"
"real_REG_TEXT_TRANSPORTATION_USED_CAR_MERCEDES_BENZ_ITALY_0","-0.27266478538513184","0","RealMLP 🕸","REG_TEXT_TRANSPORTATION_USED_CAR_MERCEDES_BENZ_ITALY","text_only","nlp-srv3.dds.technion.ac.il","finished","117","2026-07-25T08:22:17.000Z","2026-07-25 11:23:52"
"dpt_REG_TEXT_SPORTS_NBA_DRAFT_VALUE_OVER_REPLACEMENT_0","0.8798009761670508","0","TabDPT 6️⃣","REG_TEXT_SPORTS_NBA_DRAFT_VALUE_OVER_REPLACEMENT","no_text","n306","finished","48","2026-07-25T08:19:40.000Z","2026-07-25 11:20:27"
"dpt_REG_TEXT_SPORTS_NBA_DRAFT_VALUE_OVER_REPLACEMENT_0","0.2293135578677068","0","TabDPT 6️⃣","REG_TEXT_SPORTS_NBA_DRAFT_VALUE_OVER_REPLACEMENT","text_only","n306","finished","42","2026-07-25T08:19:37.000Z","2026-07-25 11:20:17"
"xgb_REG_TEXT_SPORTS_NBA_DRAFT_VALUE_OVER_REPLACEMENT_0","0.987345479695462","0","XGBoost 🌲","REG_TEXT_SPORTS_NBA_DRAFT_VALUE_OVER_REPLACEMENT","no_text","nlp-srv3.dds.technion.ac.il","finished","14","2026-07-25T08:19:35.000Z","2026-07-25 11:19:26"
"xgb_REG_TEXT_SPORTS_NBA_DRAFT_VALUE_OVER_REPLACEMENT_0","0.21461958087987645","0","XGBoost 🌲","REG_TEXT_SPORTS_NBA_DRAFT_VALUE_OVER_REPLACEMENT","text_only","nlp-srv3.dds.technion.ac.il","finished","24","2026-07-25T08:19:34.000Z","2026-07-25 11:19:37"
"rf_REG_TEXT_SPORTS_NBA_DRAFT_VALUE_OVER_REPLACEMENT_0","0.9940143642621184","0","RandomForest 🌳","REG_TEXT_SPORTS_NBA_DRAFT_VALUE_OVER_REPLACEMENT","no_text","nlp-srv3.dds.technion.ac.il","finished","13","2026-07-25T08:19:18.000Z","2026-07-25 11:19:09"
"rf_REG_TEXT_SPORTS_NBA_DRAFT_VALUE_OVER_REPLACEMENT_0","0.22879865826597937","0","RandomForest 🌳","REG_TEXT_SPORTS_NBA_DRAFT_VALUE_OVER_REPLACEMENT","text_only","n306","finished","39","2026-07-25T08:19:15.000Z","2026-07-25 11:19:53"
"iclv2_REG_TEXT_SPORTS_NBA_DRAFT_VALUE_OVER_REPLACEMENT_0","0.9996162983891506","0","TabICLv2 🗼","REG_TEXT_SPORTS_NBA_DRAFT_VALUE_OVER_REPLACEMENT","no_text","nlp-srv3.dds.technion.ac.il","finished","13","2026-07-25T08:19:02.000Z","2026-07-25 11:18:53"
"iclv2_REG_TEXT_SPORTS_NBA_DRAFT_VALUE_OVER_REPLACEMENT_0","0.23115387221016992","0","TabICLv2 🗼","REG_TEXT_SPORTS_NBA_DRAFT_VALUE_OVER_REPLACEMENT","text_only","n306","finished","31","2026-07-25T08:19:00.000Z","2026-07-25 11:19:30"
"real_REG_TEXT_SPORTS_NBA_DRAFT_VALUE_OVER_REPLACEMENT_0","0.9917855986625878","0","RealMLP 🕸","REG_TEXT_SPORTS_NBA_DRAFT_VALUE_OVER_REPLACEMENT","no_text","n306","finished","20","2026-07-25T08:18:34.000Z","2026-07-25 11:18:53"
"real_REG_TEXT_SPORTS_NBA_DRAFT_VALUE_OVER_REPLACEMENT_0","0.21949059409247873","0","RealMLP 🕸","REG_TEXT_SPORTS_NBA_DRAFT_VALUE_OVER_REPLACEMENT","text_only","n306","finished","38","2026-07-25T08:18:32.000Z","2026-07-25 11:19:08"
"dpt_REG_TEXT_SPORTS_FIFA22_WAGES_0","0.725988406602936","0","TabDPT 6️⃣","REG_TEXT_SPORTS_FIFA22_WAGES","no_text","n306","finished","531","2026-07-25T08:13:05.000Z","2026-07-25 11:21:55"
"dpt_REG_TEXT_SPORTS_FIFA22_WAGES_0","0.0508182214574141","0","TabDPT 6️⃣","REG_TEXT_SPORTS_FIFA22_WAGES","text_only","nlp-srv3.dds.technion.ac.il","finished","563","2026-07-25T08:12:57.000Z","2026-07-25 11:21:58"
"xgb_REG_TEXT_SPORTS_FIFA22_WAGES_0","0.7084837530867197","0","XGBoost 🌲","REG_TEXT_SPORTS_FIFA22_WAGES","no_text","nlp-srv3.dds.technion.ac.il","finished","11","2026-07-25T08:12:51.000Z","2026-07-25 11:12:40"
"xgb_REG_TEXT_SPORTS_FIFA22_WAGES_0","0.04467576150553654","0","XGBoost 🌲","REG_TEXT_SPORTS_FIFA22_WAGES","text_only","n306","finished","63","2026-07-25T08:12:45.000Z","2026-07-25 11:13:47"
"rf_REG_TEXT_SPORTS_FIFA22_WAGES_0","0.7427380594187263","0","RandomForest 🌳","REG_TEXT_SPORTS_FIFA22_WAGES","no_text","nlp-srv3.dds.technion.ac.il","finished","20","2026-07-25T08:12:31.000Z","2026-07-25 11:12:29"
"rf_REG_TEXT_SPORTS_FIFA22_WAGES_0","0.026045819100345535","0","RandomForest 🌳","REG_TEXT_SPORTS_FIFA22_WAGES","text_only","n306","finished","66","2026-07-25T08:12:27.000Z","2026-07-25 11:13:32"
"iclv2_REG_TEXT_SPORTS_FIFA22_WAGES_0","0.78635718247129","0","TabICLv2 🗼","REG_TEXT_SPORTS_FIFA22_WAGES","no_text","n306","finished","15","2026-07-25T08:12:23.000Z","2026-07-25 11:12:36"
"iclv2_REG_TEXT_SPORTS_FIFA22_WAGES_0","0.04973073152479246","0","TabICLv2 🗼","REG_TEXT_SPORTS_FIFA22_WAGES","text_only","nlp-srv3.dds.technion.ac.il","finished","122","2026-07-25T08:11:27.000Z","2026-07-25 11:13:07"
"real_REG_TEXT_SPORTS_FIFA22_WAGES_0","0.7579286528621411","0","RealMLP 🕸","REG_TEXT_SPORTS_FIFA22_WAGES","no_text","n306","finished","60","2026-07-25T08:11:21.000Z","2026-07-25 11:12:19"
"real_REG_TEXT_SPORTS_FIFA22_WAGES_0","0.053458192207103794","0","RealMLP 🕸","REG_TEXT_SPORTS_FIFA22_WAGES","text_only","nlp-srv3.dds.technion.ac.il","finished","153","2026-07-25T08:10:14.000Z","2026-07-25 11:12:25"
"dpt_REG_TEXT_SOCIAL_MUSEUMS_US_REVENUES_0","0.03806985208682101","0","TabDPT 6️⃣","REG_TEXT_SOCIAL_MUSEUMS_US_REVENUES","text_only","nlp-srv3.dds.technion.ac.il","finished","1074","2026-07-25T07:57:31.000Z","2026-07-25 11:15:04"
"xgb_REG_TEXT_SOCIAL_MUSEUMS_US_REVENUES_0","0.5110153685364647","0","XGBoost 🌲","REG_TEXT_SOCIAL_MUSEUMS_US_REVENUES","no_text","nlp-srv3.dds.technion.ac.il","finished","18","2026-07-25T07:57:11.000Z","2026-07-25 10:57:08"
"xgb_REG_TEXT_SOCIAL_MUSEUMS_US_REVENUES_0","0.6317912170381739","0","XGBoost 🌲","REG_TEXT_SOCIAL_MUSEUMS_US_REVENUES","text_only","n306","finished","422","2026-07-25T07:57:10.000Z","2026-07-25 11:04:10"
"rf_REG_TEXT_SOCIAL_MUSEUMS_US_REVENUES_0","0.6111965004777501","0","RandomForest 🌳","REG_TEXT_SOCIAL_MUSEUMS_US_REVENUES","no_text","nlp-srv3.dds.technion.ac.il","finished","18","2026-07-25T07:57:09.000Z","2026-07-25 10:57:05"
"iclv2_REG_TEXT_SOCIAL_MUSEUMS_US_REVENUES_0","0.15269652245764964","0","TabICLv2 🗼","REG_TEXT_SOCIAL_MUSEUMS_US_REVENUES","no_text","nlp-srv3.dds.technion.ac.il","finished","12","2026-07-25T07:56:54.000Z","2026-07-25 10:56:44"
"iclv2_REG_TEXT_SOCIAL_MUSEUMS_US_REVENUES_0","0.6572150949352373","0","TabICLv2 🗼","REG_TEXT_SOCIAL_MUSEUMS_US_REVENUES","text_only","n306","finished","445","2026-07-25T07:56:12.000Z","2026-07-25 11:03:36"
"real_REG_TEXT_SOCIAL_MUSEUMS_US_REVENUES_0","0.35790720346053573","0","RealMLP 🕸","REG_TEXT_SOCIAL_MUSEUMS_US_REVENUES","no_text","nlp-srv3.dds.technion.ac.il","finished","50","2026-07-25T07:55:58.000Z","2026-07-25 10:56:26"
"real_REG_TEXT_SOCIAL_MUSEUMS_US_REVENUES_0","0.8906922301775076","0","RealMLP 🕸","REG_TEXT_SOCIAL_MUSEUMS_US_REVENUES","text_only","nlp-srv3.dds.technion.ac.il","finished","595","2026-07-25T07:55:43.000Z","2026-07-25 11:05:16"
"dpt_REG_TEXT_SOCIAL_MOVIES_DATASET_REVENUE_0","0.2982882077509662","0","TabDPT 6️⃣","REG_TEXT_SOCIAL_MOVIES_DATASET_REVENUE","text_only","nlp-srv3.dds.technion.ac.il","finished","1582","2026-07-25T07:38:16.000Z","2026-07-25 11:04:16"
"dpt_REG_TEXT_SOCIAL_MOVIES_DATASET_REVENUE_0","0.689788000437092","0","TabDPT 6️⃣","REG_TEXT_SOCIAL_MOVIES_DATASET_REVENUE","no_text","nlp-srv3.dds.technion.ac.il","finished","580","2026-07-25T07:38:16.000Z","2026-07-25 10:47:34"
"xgb_REG_TEXT_SOCIAL_MOVIES_DATASET_REVENUE_0","0.6326167379834418","0","XGBoost 🌲","REG_TEXT_SOCIAL_MOVIES_DATASET_REVENUE","no_text","nlp-srv3.dds.technion.ac.il","finished","15","2026-07-25T07:38:09.000Z","2026-07-25 10:38:03"
"xgb_REG_TEXT_SOCIAL_MOVIES_DATASET_REVENUE_0","0.4419785502173047","0","XGBoost 🌲","REG_TEXT_SOCIAL_MOVIES_DATASET_REVENUE","text_only","nlp-srv3.dds.technion.ac.il","finished","970","2026-07-25T07:38:00.000Z","2026-07-25 10:53:48"
"rf_REG_TEXT_SOCIAL_MOVIES_DATASET_REVENUE_0","0.33020485927517584","0","RandomForest 🌳","REG_TEXT_SOCIAL_MOVIES_DATASET_REVENUE","text_only","n306","finished","1509","2026-07-25T07:37:58.000Z","2026-07-25 11:03:06"
"rf_REG_TEXT_SOCIAL_MOVIES_DATASET_REVENUE_0","0.6641360485690554","0","RandomForest 🌳","REG_TEXT_SOCIAL_MOVIES_DATASET_REVENUE","no_text","nlp20.iem.technion.ac.il","finished","22","2026-07-25T07:37:58.000Z","2026-07-25 10:38:17"
"iclv2_REG_TEXT_SOCIAL_MOVIES_DATASET_REVENUE_0","0.6197395609989784","0","TabICLv2 🗼","REG_TEXT_SOCIAL_MOVIES_DATASET_REVENUE","text_only","n306","finished","565","2026-07-25T07:37:54.000Z","2026-07-25 10:47:07"
"real_REG_TEXT_SOCIAL_MOVIES_DATASET_REVENUE_0","0.6894405197448747","0","RealMLP 🕸","REG_TEXT_SOCIAL_MOVIES_DATASET_REVENUE","no_text","n306","finished","76","2026-07-25T07:37:51.000Z","2026-07-25 10:39:06"
"dpt_REG_TEXT_SOCIAL_KOREAN_DRAMA_0","0.23634845378340885","0","TabDPT 6️⃣","REG_TEXT_SOCIAL_KOREAN_DRAMA","no_text","n306","finished","27","2026-07-25T07:34:01.000Z","2026-07-25 10:34:27"
"dpt_REG_TEXT_SOCIAL_KOREAN_DRAMA_0","0.39292265691627815","0","TabDPT 6️⃣","REG_TEXT_SOCIAL_KOREAN_DRAMA","text_only","nlp-srv3.dds.technion.ac.il","finished","95","2026-07-25T07:33:52.000Z","2026-07-25 10:35:06"
"xgb_REG_TEXT_SOCIAL_KOREAN_DRAMA_0","0.1508069562264125","0","XGBoost 🌲","REG_TEXT_SOCIAL_KOREAN_DRAMA","no_text","n306","finished","14","2026-07-25T07:33:47.000Z","2026-07-25 10:33:58"
"xgb_REG_TEXT_SOCIAL_KOREAN_DRAMA_0","0.20831714063057297","0","XGBoost 🌲","REG_TEXT_SOCIAL_KOREAN_DRAMA","text_only","nlp-srv3.dds.technion.ac.il","finished","81","2026-07-25T07:33:41.000Z","2026-07-25 10:34:41"
"rf_REG_TEXT_SOCIAL_KOREAN_DRAMA_0","0.11503164618531814","0","RandomForest 🌳","REG_TEXT_SOCIAL_KOREAN_DRAMA","no_text","nlp-srv3.dds.technion.ac.il","finished","12","2026-07-25T07:33:36.000Z","2026-07-25 10:33:26"
"rf_REG_TEXT_SOCIAL_KOREAN_DRAMA_0","0.3336049077943426","0","RandomForest 🌳","REG_TEXT_SOCIAL_KOREAN_DRAMA","text_only","nlp-srv3.dds.technion.ac.il","finished","79","2026-07-25T07:33:28.000Z","2026-07-25 10:34:26"
"iclv2_REG_TEXT_SOCIAL_KOREAN_DRAMA_0","0.23705325348732145","0","TabICLv2 🗼","REG_TEXT_SOCIAL_KOREAN_DRAMA","no_text","nlp-srv3.dds.technion.ac.il","finished","12","2026-07-25T07:33:20.000Z","2026-07-25 10:33:10"
"iclv2_REG_TEXT_SOCIAL_KOREAN_DRAMA_0","0.4113470052746976","0","TabICLv2 🗼","REG_TEXT_SOCIAL_KOREAN_DRAMA","text_only","n306","finished","64","2026-07-25T07:32:52.000Z","2026-07-25 10:33:55"
"real_REG_TEXT_SOCIAL_KOREAN_DRAMA_0","0.17910991113117214","0","RealMLP 🕸","REG_TEXT_SOCIAL_KOREAN_DRAMA","no_text","n306","finished","20","2026-07-25T07:32:26.000Z","2026-07-25 10:32:45"
"real_REG_TEXT_SOCIAL_KOREAN_DRAMA_0","0.3288423125067813","0","RealMLP 🕸","REG_TEXT_SOCIAL_KOREAN_DRAMA","text_only","nlp-srv3.dds.technion.ac.il","finished","107","2026-07-25T07:32:21.000Z","2026-07-25 10:33:47"
"dpt_REG_TEXT_SOCIAL_FILMTV_MOVIE_RATING_ITALY_0","0.9874966691941612","0","TabDPT 6️⃣","REG_TEXT_SOCIAL_FILMTV_MOVIE_RATING_ITALY","no_text","n306","finished","549","2026-07-25T07:21:16.000Z","2026-07-25 10:30:24"
"dpt_REG_TEXT_SOCIAL_FILMTV_MOVIE_RATING_ITALY_0","0.3402764968511166","0","TabDPT 6️⃣","REG_TEXT_SOCIAL_FILMTV_MOVIE_RATING_ITALY","text_only","n306","finished","803","2026-07-25T07:21:15.000Z","2026-07-25 10:34:37"
"xgb_REG_TEXT_SOCIAL_FILMTV_MOVIE_RATING_ITALY_0","0.9809190985989202","0","XGBoost 🌲","REG_TEXT_SOCIAL_FILMTV_MOVIE_RATING_ITALY","no_text","n306","finished","15","2026-07-25T07:21:01.000Z","2026-07-25 10:21:13"
"xgb_REG_TEXT_SOCIAL_FILMTV_MOVIE_RATING_ITALY_0","0.29906671850377164","0","XGBoost 🌲","REG_TEXT_SOCIAL_FILMTV_MOVIE_RATING_ITALY","text_only","nlp-srv3.dds.technion.ac.il","finished","570","2026-07-25T07:20:56.000Z","2026-07-25 10:30:04"
"rf_REG_TEXT_SOCIAL_FILMTV_MOVIE_RATING_ITALY_0","0.9793364576647644","0","RandomForest 🌳","REG_TEXT_SOCIAL_FILMTV_MOVIE_RATING_ITALY","no_text","n306","finished","16","2026-07-25T07:20:55.000Z","2026-07-25 10:21:09"
"rf_REG_TEXT_SOCIAL_FILMTV_MOVIE_RATING_ITALY_0","0.3152816618563167","0","RandomForest 🌳","REG_TEXT_SOCIAL_FILMTV_MOVIE_RATING_ITALY","text_only","nlp-srv3.dds.technion.ac.il","finished","682","2026-07-25T07:20:42.000Z","2026-07-25 10:31:42"
"iclv2_REG_TEXT_SOCIAL_FILMTV_MOVIE_RATING_ITALY_0","0.9887100948666157","0","TabICLv2 🗼","REG_TEXT_SOCIAL_FILMTV_MOVIE_RATING_ITALY","no_text","nlp-srv3.dds.technion.ac.il","finished","12","2026-07-25T07:20:26.000Z","2026-07-25 10:20:17"
"iclv2_REG_TEXT_SOCIAL_FILMTV_MOVIE_RATING_ITALY_0","0.3902713710466058","0","TabICLv2 🗼","REG_TEXT_SOCIAL_FILMTV_MOVIE_RATING_ITALY","text_only","nlp-srv3.dds.technion.ac.il","finished","631","2026-07-25T07:20:08.000Z","2026-07-25 10:30:18"
"real_REG_TEXT_SOCIAL_FILMTV_MOVIE_RATING_ITALY_0","0.9820126716475592","0","RealMLP 🕸","REG_TEXT_SOCIAL_FILMTV_MOVIE_RATING_ITALY","no_text","n306","finished","64","2026-07-25T07:20:07.000Z","2026-07-25 10:21:10"
"real_REG_TEXT_SOCIAL_FILMTV_MOVIE_RATING_ITALY_0","0.3393488925703638","0","RealMLP 🕸","REG_TEXT_SOCIAL_FILMTV_MOVIE_RATING_ITALY","text_only","nlp-srv3.dds.technion.ac.il","finished","596","2026-07-25T07:19:51.000Z","2026-07-25 10:29:25"
"dpt_REG_TEXT_SOCIAL_BOOKS_GOODREADS_0","0.8250342574752287","0","TabDPT 6️⃣","REG_TEXT_SOCIAL_BOOKS_GOODREADS","no_text","n306","finished","154","2026-07-25T07:13:46.000Z","2026-07-25 10:16:18"
"dpt_REG_TEXT_SOCIAL_BOOKS_GOODREADS_0","0.39318153405855394","0","TabDPT 6️⃣","REG_TEXT_SOCIAL_BOOKS_GOODREADS","text_only","nlp-srv3.dds.technion.ac.il","finished","385","2026-07-25T07:13:39.000Z","2026-07-25 10:19:42"
"xgb_REG_TEXT_SOCIAL_BOOKS_GOODREADS_0","0.8218761793801477","0","XGBoost 🌲","REG_TEXT_SOCIAL_BOOKS_GOODREADS","no_text","n306","finished","14","2026-07-25T07:13:30.000Z","2026-07-25 10:13:40"
"xgb_REG_TEXT_SOCIAL_BOOKS_GOODREADS_0","0.195243566582471","0","XGBoost 🌲","REG_TEXT_SOCIAL_BOOKS_GOODREADS","text_only","n306","finished","157","2026-07-25T07:13:09.000Z","2026-07-25 10:15:45"
"rf_REG_TEXT_SOCIAL_BOOKS_GOODREADS_0","0.8244964417120125","0","RandomForest 🌳","REG_TEXT_SOCIAL_BOOKS_GOODREADS","no_text","n306","finished","22","2026-07-25T07:12:42.000Z","2026-07-25 10:13:03"
"rf_REG_TEXT_SOCIAL_BOOKS_GOODREADS_0","0.3323874555114845","0","RandomForest 🌳","REG_TEXT_SOCIAL_BOOKS_GOODREADS","text_only","nlp-srv3.dds.technion.ac.il","finished","309","2026-07-25T07:12:41.000Z","2026-07-25 10:17:28"
"iclv2_REG_TEXT_SOCIAL_BOOKS_GOODREADS_0","0.8037367739594523","0","TabICLv2 🗼","REG_TEXT_SOCIAL_BOOKS_GOODREADS","no_text","nlp-srv3.dds.technion.ac.il","finished","11","2026-07-25T07:12:25.000Z","2026-07-25 10:12:15"
"iclv2_REG_TEXT_SOCIAL_BOOKS_GOODREADS_0","0.35410437364407477","0","TabICLv2 🗼","REG_TEXT_SOCIAL_BOOKS_GOODREADS","text_only","n305","finished","166","2026-07-25T07:12:17.000Z","2026-07-25 10:15:02"
"real_REG_TEXT_SOCIAL_BOOKS_GOODREADS_0","0.8257562684054747","0","RealMLP 🕸","REG_TEXT_SOCIAL_BOOKS_GOODREADS","no_text","nlp-srv3.dds.technion.ac.il","finished","26","2026-07-25T07:11:54.000Z","2026-07-25 10:11:59"
"real_REG_TEXT_SOCIAL_BOOKS_GOODREADS_0","0.20830421500962404","0","RealMLP 🕸","REG_TEXT_SOCIAL_BOOKS_GOODREADS","text_only","n306","finished","174","2026-07-25T07:11:31.000Z","2026-07-25 10:14:24"
"dpt_REG_TEXT_SOCIAL_ANIME_PLANET_RATING_0","0.6472990361530357","0","TabDPT 6️⃣","REG_TEXT_SOCIAL_ANIME_PLANET_RATING","no_text","n305","finished","356","2026-07-25T06:59:07.000Z","2026-07-25 10:05:02"
"dpt_REG_TEXT_SOCIAL_ANIME_PLANET_RATING_0","0.560747717790824","0","TabDPT 6️⃣","REG_TEXT_SOCIAL_ANIME_PLANET_RATING","text_only","nlp-srv3.dds.technion.ac.il","finished","1144","2026-07-25T06:59:03.000Z","2026-07-25 10:17:45"
"xgb_REG_TEXT_SOCIAL_ANIME_PLANET_RATING_0","0.627755455461686","0","XGBoost 🌲","REG_TEXT_SOCIAL_ANIME_PLANET_RATING","no_text","nlp-srv3.dds.technion.ac.il","finished","11","2026-07-25T06:58:53.000Z","2026-07-25 09:58:42"
"xgb_REG_TEXT_SOCIAL_ANIME_PLANET_RATING_0","0.5654781125425612","0","XGBoost 🌲","REG_TEXT_SOCIAL_ANIME_PLANET_RATING","text_only","n306","finished","354","2026-07-25T06:57:46.000Z","2026-07-25 10:03:39"
"rf_REG_TEXT_SOCIAL_ANIME_PLANET_RATING_0","0.5978907505211316","0","RandomForest 🌳","REG_TEXT_SOCIAL_ANIME_PLANET_RATING","no_text","n306","finished","15","2026-07-25T06:57:24.000Z","2026-07-25 09:57:38"
"rf_REG_TEXT_SOCIAL_ANIME_PLANET_RATING_0","0.5662048467038248","0","RandomForest 🌳","REG_TEXT_SOCIAL_ANIME_PLANET_RATING","text_only","n306","finished","461","2026-07-25T06:57:18.000Z","2026-07-25 10:04:58"
"iclv2_REG_TEXT_SOCIAL_ANIME_PLANET_RATING_0","0.6482729143847901","0","TabICLv2 🗼","REG_TEXT_SOCIAL_ANIME_PLANET_RATING","no_text","n306","finished","14","2026-07-25T06:57:03.000Z","2026-07-25 09:57:16"
"iclv2_REG_TEXT_SOCIAL_ANIME_PLANET_RATING_0","0.6458313551759385","0","TabICLv2 🗼","REG_TEXT_SOCIAL_ANIME_PLANET_RATING","text_only","nlp-srv3.dds.technion.ac.il","finished","603","2026-07-25T06:55:44.000Z","2026-07-25 10:05:25"
"real_REG_TEXT_SOCIAL_ANIME_PLANET_RATING_0","0.6292840503263943","0","RealMLP 🕸","REG_TEXT_SOCIAL_ANIME_PLANET_RATING","no_text","nlp-srv3.dds.technion.ac.il","finished","44","2026-07-25T06:54:57.000Z","2026-07-25 09:55:20"
"real_REG_TEXT_SOCIAL_ANIME_PLANET_RATING_0","0.5714509638365388","0","RealMLP 🕸","REG_TEXT_SOCIAL_ANIME_PLANET_RATING","text_only","nlp-srv3.dds.technion.ac.il","finished","748","2026-07-25T06:54:00.000Z","2026-07-25 10:06:06"
"dpt_REG_TEXT_SCIMAGOJR_IMPACT_0","0.7659230828285217","0","TabDPT 6️⃣","REG_TEXT_SCIMAGOJR_IMPACT","no_text","nlp-srv3.dds.technion.ac.il","finished","473","2026-07-25T06:39:51.000Z","2026-07-25 09:47:22"
"dpt_REG_TEXT_SCIMAGOJR_IMPACT_0","0.7549549341201782","0","TabDPT 6️⃣","REG_TEXT_SCIMAGOJR_IMPACT","text_only","nlp-srv3.dds.technion.ac.il","finished","1589","2026-07-25T06:39:39.000Z","2026-07-25 10:05:46"
"xgb_REG_TEXT_SCIMAGOJR_IMPACT_0","0.7453912496566772","0","XGBoost 🌲","REG_TEXT_SCIMAGOJR_IMPACT","text_only","n306","finished","463","2026-07-25T06:39:23.000Z","2026-07-25 09:47:04"
"xgb_REG_TEXT_SCIMAGOJR_IMPACT_0","0.7108690142631531","0","XGBoost 🌲","REG_TEXT_SCIMAGOJR_IMPACT","no_text","nlp-srv3.dds.technion.ac.il","finished","11","2026-07-25T06:39:23.000Z","2026-07-25 09:39:13"
"rf_REG_TEXT_SCIMAGOJR_IMPACT_0","0.7363670824379871","0","RandomForest 🌳","REG_TEXT_SCIMAGOJR_IMPACT","no_text","nlp-srv3.dds.technion.ac.il","finished","16","2026-07-25T06:39:02.000Z","2026-07-25 09:38:56"
"rf_REG_TEXT_SCIMAGOJR_IMPACT_0","0.7478151931492362","0","RandomForest 🌳","REG_TEXT_SCIMAGOJR_IMPACT","text_only","nlp-srv3.dds.technion.ac.il","finished","948","2026-07-25T06:38:08.000Z","2026-07-25 09:53:34"
"iclv2_REG_TEXT_SCIMAGOJR_IMPACT_0","0.7796077728271484","0","TabICLv2 🗼","REG_TEXT_SCIMAGOJR_IMPACT","no_text","nlp-srv3.dds.technion.ac.il","finished","14","2026-07-25T06:37:52.000Z","2026-07-25 09:37:44"
"iclv2_REG_TEXT_SCIMAGOJR_IMPACT_0","0.7923095226287842","0","TabICLv2 🗼","REG_TEXT_SCIMAGOJR_IMPACT","text_only","nlp-srv3.dds.technion.ac.il","finished","908","2026-07-25T06:37:34.000Z","2026-07-25 09:52:21"
"real_REG_TEXT_SCIMAGOJR_IMPACT_0","0.7361800670623779","0","RealMLP 🕸","REG_TEXT_SCIMAGOJR_IMPACT","no_text","nlp-srv3.dds.technion.ac.il","finished","48","2026-07-25T06:36:59.000Z","2026-07-25 09:37:26"
"real_REG_TEXT_SCIMAGOJR_IMPACT_0","0.7320646643638611","0","RealMLP 🕸","REG_TEXT_SCIMAGOJR_IMPACT","text_only","n306","finished","510","2026-07-25T06:36:17.000Z","2026-07-25 09:44:46"
"dpt_REG_TEXT_ROTTEN_TOMATOES_0","0.41040205408469965","0","TabDPT 6️⃣","REG_TEXT_ROTTEN_TOMATOES","text_only","nlp-srv3.dds.technion.ac.il","finished","1081","2026-07-25T06:24:04.000Z","2026-07-25 09:41:43"
"xgb_REG_TEXT_ROTTEN_TOMATOES_0","0.20152230047816444","0","XGBoost 🌲","REG_TEXT_ROTTEN_TOMATOES","no_text","n306","finished","15","2026-07-25T06:23:58.000Z","2026-07-25 09:24:10"
"xgb_REG_TEXT_ROTTEN_TOMATOES_0","0.3796528849743884","0","XGBoost 🌲","REG_TEXT_ROTTEN_TOMATOES","text_only","n306","finished","415","2026-07-25T06:23:54.000Z","2026-07-25 09:30:48"
"rf_REG_TEXT_ROTTEN_TOMATOES_0","0.03526030964859295","0","RandomForest 🌳","REG_TEXT_ROTTEN_TOMATOES","no_text","nlp-srv3.dds.technion.ac.il","finished","11","2026-07-25T06:23:51.000Z","2026-07-25 09:23:41"
"rf_REG_TEXT_ROTTEN_TOMATOES_0","0.3939697967203385","0","RandomForest 🌳","REG_TEXT_ROTTEN_TOMATOES","text_only","n306","finished","577","2026-07-25T06:23:49.000Z","2026-07-25 09:33:24"
"iclv2_REG_TEXT_ROTTEN_TOMATOES_0","0.21079131355323055","0","TabICLv2 🗼","REG_TEXT_ROTTEN_TOMATOES","no_text","nlp-srv3.dds.technion.ac.il","finished","13","2026-07-25T06:23:35.000Z","2026-07-25 09:23:26"
"iclv2_REG_TEXT_ROTTEN_TOMATOES_0","0.4849785843160508","0","TabICLv2 🗼","REG_TEXT_ROTTEN_TOMATOES","text_only","nlp-srv3.dds.technion.ac.il","finished","853","2026-07-25T06:23:16.000Z","2026-07-25 09:37:07"
"real_REG_TEXT_ROTTEN_TOMATOES_0","0.1832473325892009","0","RealMLP 🕸","REG_TEXT_ROTTEN_TOMATOES","no_text","nlp-srv3.dds.technion.ac.il","finished","33","2026-07-25T06:22:58.000Z","2026-07-25 09:23:10"
"real_REG_TEXT_ROTTEN_TOMATOES_0","0.4636909595553981","0","RealMLP 🕸","REG_TEXT_ROTTEN_TOMATOES","text_only","nlp-srv3.dds.technion.ac.il","finished","837","2026-07-25T06:22:56.000Z","2026-07-25 09:36:32"
"dpt_REG_TEXT_PROFESSIONAL_ML_DS_AI_JOBS_SALARIES_0","0.012562215328216553","0","TabDPT 6️⃣","REG_TEXT_PROFESSIONAL_ML_DS_AI_JOBS_SALARIES","no_text","nlp-srv3.dds.technion.ac.il","finished","520","2026-07-25T06:16:15.000Z","2026-07-25 09:24:33"
"dpt_REG_TEXT_PROFESSIONAL_ML_DS_AI_JOBS_SALARIES_0","0.015817880630493164","0","TabDPT 6️⃣","REG_TEXT_PROFESSIONAL_ML_DS_AI_JOBS_SALARIES","text_only","n306","finished","525","2026-07-25T06:16:03.000Z","2026-07-25 09:24:47"
"xgb_REG_TEXT_PROFESSIONAL_ML_DS_AI_JOBS_SALARIES_0","0.01935696601867676","0","XGBoost 🌲","REG_TEXT_PROFESSIONAL_ML_DS_AI_JOBS_SALARIES","no_text","nlp-srv3.dds.technion.ac.il","finished","11","2026-07-25T06:15:59.000Z","2026-07-25 09:15:49"
"xgb_REG_TEXT_PROFESSIONAL_ML_DS_AI_JOBS_SALARIES_0","-1.5218281745910645","0","XGBoost 🌲","REG_TEXT_PROFESSIONAL_ML_DS_AI_JOBS_SALARIES","text_only","n305","finished","64","2026-07-25T06:15:21.000Z","2026-07-25 09:16:23"
"rf_REG_TEXT_PROFESSIONAL_ML_DS_AI_JOBS_SALARIES_0","0.016164458371117907","0","RandomForest 🌳","REG_TEXT_PROFESSIONAL_ML_DS_AI_JOBS_SALARIES","no_text","n305","finished","13","2026-07-25T06:15:05.000Z","2026-07-25 09:15:17"
"rf_REG_TEXT_PROFESSIONAL_ML_DS_AI_JOBS_SALARIES_0","-1.660904259058793","0","RandomForest 🌳","REG_TEXT_PROFESSIONAL_ML_DS_AI_JOBS_SALARIES","text_only","nlp-srv3.dds.technion.ac.il","finished","79","2026-07-25T06:15:04.000Z","2026-07-25 09:16:02"
"iclv2_REG_TEXT_PROFESSIONAL_ML_DS_AI_JOBS_SALARIES_0","0.03571957349777222","0","TabICLv2 🗼","REG_TEXT_PROFESSIONAL_ML_DS_AI_JOBS_SALARIES","no_text","n305","finished","14","2026-07-25T06:14:44.000Z","2026-07-25 09:14:57"
"real_REG_TEXT_PROFESSIONAL_ML_DS_AI_JOBS_SALARIES_0","0.5124404430389404","0","RealMLP 🕸","REG_TEXT_PROFESSIONAL_ML_DS_AI_JOBS_SALARIES","no_text","nlp-srv3.dds.technion.ac.il","finished","47","2026-07-25T06:14:12.000Z","2026-07-25 09:14:38"
"iclv2_REG_TEXT_PROFESSIONAL_ML_DS_AI_JOBS_SALARIES_0","0.0009064674377441406","0","TabICLv2 🗼","REG_TEXT_PROFESSIONAL_ML_DS_AI_JOBS_SALARIES","text_only","nlp-srv3.dds.technion.ac.il","finished","128","2026-07-25T06:14:12.000Z","2026-07-25 09:15:58"
"real_REG_TEXT_PROFESSIONAL_ML_DS_AI_JOBS_SALARIES_0","0.04093199968338013","0","RealMLP 🕸","REG_TEXT_PROFESSIONAL_ML_DS_AI_JOBS_SALARIES","text_only","nlp-srv3.dds.technion.ac.il","finished","140","2026-07-25T06:13:37.000Z","2026-07-25 09:15:36"
"dpt_REG_TEXT_PROFESSIONAL_COMPANY_EMPLOYEES_SIZE_0","-0.03585851192474365","0","TabDPT 6️⃣","REG_TEXT_PROFESSIONAL_COMPANY_EMPLOYEES_SIZE","no_text","nlp-srv3.dds.technion.ac.il","finished","420","2026-07-25T06:00:17.000Z","2026-07-25 09:06:55"
"dpt_REG_TEXT_HOUSES_AIRBNB_SEATTLE_0","0.7059028226137474","0","TabDPT 6️⃣","REG_TEXT_HOUSES_AIRBNB_SEATTLE","no_text","nlp-srv3.dds.technion.ac.il","finished","122","2026-07-25T05:58:12.000Z","2026-07-25 08:59:53"
"real_REG_TEXT_CONSUMER_LAPTOP_INDIAN_PRICES_0","0.9129078200349822","0","RealMLP 🕸","REG_TEXT_CONSUMER_LAPTOP_INDIAN_PRICES","text_only","n305","finished","121","2026-07-25T05:57:45.000Z","2026-07-25 08:59:45"
"dpt_REG_TEXT_CONSUMER_AMERICAN_EAGLE_PRICES_0","0.9054116770870858","0","TabDPT 6️⃣","REG_TEXT_CONSUMER_AMERICAN_EAGLE_PRICES","text_only","n305","finished","831","2026-07-25T05:54:01.000Z","2026-07-25 09:07:51"
"dpt_REG_TEXT_PROFESSIONAL_COMPANY_EMPLOYEES_SIZE_0","-0.014250516891479492","0","TabDPT 6️⃣","REG_TEXT_PROFESSIONAL_COMPANY_EMPLOYEES_SIZE","text_only","n305","finished","939","2026-07-25T05:54:00.000Z","2026-07-25 09:09:37"
"xgb_REG_TEXT_PROFESSIONAL_COMPANY_EMPLOYEES_SIZE_0","-0.0035376548767089844","0","XGBoost 🌲","REG_TEXT_PROFESSIONAL_COMPANY_EMPLOYEES_SIZE","no_text","nlp-srv3.dds.technion.ac.il","finished","53","2026-07-25T05:53:55.000Z","2026-07-25 08:54:27"
"xgb_REG_TEXT_PROFESSIONAL_COMPANY_EMPLOYEES_SIZE_0","-0.011005401611328123","0","XGBoost 🌲","REG_TEXT_PROFESSIONAL_COMPANY_EMPLOYEES_SIZE","text_only","nlp-srv3.dds.technion.ac.il","finished","568","2026-07-25T05:53:48.000Z","2026-07-25 09:02:54"
"rf_REG_TEXT_PROFESSIONAL_COMPANY_EMPLOYEES_SIZE_0","-0.07923244471126889","0","RandomForest 🌳","REG_TEXT_PROFESSIONAL_COMPANY_EMPLOYEES_SIZE","no_text","nlp-srv3.dds.technion.ac.il","finished","54","2026-07-25T05:53:45.000Z","2026-07-25 08:54:17"
"rf_REG_TEXT_PROFESSIONAL_COMPANY_EMPLOYEES_SIZE_0","-0.07150248528414416","0","RandomForest 🌳","REG_TEXT_PROFESSIONAL_COMPANY_EMPLOYEES_SIZE","text_only","nlp-srv3.dds.technion.ac.il","finished","953","2026-07-25T05:53:23.000Z","2026-07-25 09:08:53"
"iclv2_REG_TEXT_PROFESSIONAL_COMPANY_EMPLOYEES_SIZE_0","-0.003632187843322754","0","TabICLv2 🗼","REG_TEXT_PROFESSIONAL_COMPANY_EMPLOYEES_SIZE","no_text","nlp-srv3.dds.technion.ac.il","finished","55","2026-07-25T05:52:57.000Z","2026-07-25 08:53:31"
"iclv2_REG_TEXT_PROFESSIONAL_COMPANY_EMPLOYEES_SIZE_0","0.000920712947845459","0","TabICLv2 🗼","REG_TEXT_PROFESSIONAL_COMPANY_EMPLOYEES_SIZE","text_only","nlp-srv3.dds.technion.ac.il","finished","644","2026-07-25T05:52:00.000Z","2026-07-25 09:02:22"
"real_REG_TEXT_PROFESSIONAL_COMPANY_EMPLOYEES_SIZE_0","0.00013905763626098633","0","RealMLP 🕸","REG_TEXT_PROFESSIONAL_COMPANY_EMPLOYEES_SIZE","no_text","nlp-srv3.dds.technion.ac.il","finished","88","2026-07-25T05:51:23.000Z","2026-07-25 08:52:29"
"real_REG_TEXT_PROFESSIONAL_COMPANY_EMPLOYEES_SIZE_0","-0.000037670135498046875","0","RealMLP 🕸","REG_TEXT_PROFESSIONAL_COMPANY_EMPLOYEES_SIZE","text_only","nlp-srv3.dds.technion.ac.il","finished","668","2026-07-25T05:50:51.000Z","2026-07-25 09:01:36"
"dpt_REG_TEXT_MONTGOMERY_SALARIES_0","0.9657112273621848","0","TabDPT 6️⃣","REG_TEXT_MONTGOMERY_SALARIES","no_text","nlp-srv3.dds.technion.ac.il","finished","242","2026-07-25T05:41:17.000Z","2026-07-25 08:44:58"
"dpt_REG_TEXT_MONTGOMERY_SALARIES_0","0.8704682804935279","0","TabDPT 6️⃣","REG_TEXT_MONTGOMERY_SALARIES","text_only","nlp-srv3.dds.technion.ac.il","finished","541","2026-07-25T05:39:24.000Z","2026-07-25 08:48:04"
"xgb_REG_TEXT_MONTGOMERY_SALARIES_0","0.959563716535894","0","XGBoost 🌲","REG_TEXT_MONTGOMERY_SALARIES","no_text","nlp-srv3.dds.technion.ac.il","finished","10","2026-07-25T05:39:08.000Z","2026-07-25 08:38:57"
"xgb_REG_TEXT_MONTGOMERY_SALARIES_0","0.8485162941115032","0","XGBoost 🌲","REG_TEXT_MONTGOMERY_SALARIES","text_only","nlp-srv3.dds.technion.ac.il","finished","309","2026-07-25T05:38:56.000Z","2026-07-25 08:43:44"
"rf_REG_TEXT_MONTGOMERY_SALARIES_0","0.9652728552762618","0","RandomForest 🌳","REG_TEXT_MONTGOMERY_SALARIES","no_text","nlp-srv3.dds.technion.ac.il","finished","12","2026-07-25T05:38:52.000Z","2026-07-25 08:38:42"
"rf_REG_TEXT_MONTGOMERY_SALARIES_0","0.8588675181978978","0","RandomForest 🌳","REG_TEXT_MONTGOMERY_SALARIES","text_only","nlp-srv3.dds.technion.ac.il","finished","325","2026-07-25T05:38:47.000Z","2026-07-25 08:43:50"
"iclv2_REG_TEXT_MONTGOMERY_SALARIES_0","0.9673464690219472","0","TabICLv2 🗼","REG_TEXT_MONTGOMERY_SALARIES","no_text","nlp-srv3.dds.technion.ac.il","finished","13","2026-07-25T05:38:36.000Z","2026-07-25 08:38:28"
"iclv2_REG_TEXT_MONTGOMERY_SALARIES_0","0.9257535573760924","0","TabICLv2 🗼","REG_TEXT_MONTGOMERY_SALARIES","text_only","nlp-srv3.dds.technion.ac.il","finished","296","2026-07-25T05:37:42.000Z","2026-07-25 08:42:16"
"real_REG_TEXT_MONTGOMERY_SALARIES_0","0.962419801988011","0","RealMLP 🕸","REG_TEXT_MONTGOMERY_SALARIES","no_text","nlp-srv3.dds.technion.ac.il","finished","46","2026-07-25T05:36:50.000Z","2026-07-25 08:37:15"
"real_REG_TEXT_MONTGOMERY_SALARIES_0","0.8861358695842353","0","RealMLP 🕸","REG_TEXT_MONTGOMERY_SALARIES","text_only","nlp-srv3.dds.technion.ac.il","finished","361","2026-07-25T05:36:38.000Z","2026-07-25 08:42:17"
"dpt_REG_TEXT_MERCARI_MARKETPLACE_0","0.4030572541699974","0","TabDPT 6️⃣","REG_TEXT_MERCARI_MARKETPLACE","text_only","nlp-srv3.dds.technion.ac.il","finished","1050","2026-07-25T05:13:22.000Z","2026-07-25 08:30:31"
"xgb_REG_TEXT_MERCARI_MARKETPLACE_0","0.10862036955706912","0","XGBoost 🌲","REG_TEXT_MERCARI_MARKETPLACE","no_text","nlp-srv3.dds.technion.ac.il","finished","13","2026-07-25T05:13:05.000Z","2026-07-25 08:12:57"
"xgb_REG_TEXT_MERCARI_MARKETPLACE_0","0.319304256200296","0","XGBoost 🌲","REG_TEXT_MERCARI_MARKETPLACE","text_only","nlp-srv3.dds.technion.ac.il","finished","532","2026-07-25T05:12:51.000Z","2026-07-25 08:21:22"
"rf_REG_TEXT_MERCARI_MARKETPLACE_0","0.10688061283755768","0","RandomForest 🌳","REG_TEXT_MERCARI_MARKETPLACE","no_text","nlp-srv3.dds.technion.ac.il","finished","11","2026-07-25T05:12:50.000Z","2026-07-25 08:12:40"
"rf_REG_TEXT_MERCARI_MARKETPLACE_0","0.34912708721459507","0","RandomForest 🌳","REG_TEXT_MERCARI_MARKETPLACE","text_only","nlp20.iem.technion.ac.il","finished","482","2026-07-25T05:12:37.000Z","2026-07-25 08:20:38"
"iclv2_REG_TEXT_MERCARI_MARKETPLACE_0","0.11063953838356044","0","TabICLv2 🗼","REG_TEXT_MERCARI_MARKETPLACE","no_text","nlp-srv3.dds.technion.ac.il","finished","14","2026-07-25T05:12:35.000Z","2026-07-25 08:12:27"
"iclv2_REG_TEXT_MERCARI_MARKETPLACE_0","0.42009122035009416","0","TabICLv2 🗼","REG_TEXT_MERCARI_MARKETPLACE","text_only","nlp-srv3.dds.technion.ac.il","finished","651","2026-07-25T05:12:08.000Z","2026-07-25 08:22:38"
"real_REG_TEXT_MERCARI_MARKETPLACE_0","0.11202345405909996","0","RealMLP 🕸","REG_TEXT_MERCARI_MARKETPLACE","no_text","nlp-srv3.dds.technion.ac.il","finished","51","2026-07-25T05:11:57.000Z","2026-07-25 08:12:26"
"real_REG_TEXT_MERCARI_MARKETPLACE_0","0.33905622029239146","0","RealMLP 🕸","REG_TEXT_MERCARI_MARKETPLACE","text_only","nlp-srv3.dds.technion.ac.il","finished","474","2026-07-25T05:10:59.000Z","2026-07-25 08:18:31"
"dpt_REG_TEXT_HOUSES_SAN_FRANCISCO_PERMITS_APPLICATIONS_0","0.5898221453474082","0","TabDPT 6️⃣","REG_TEXT_HOUSES_SAN_FRANCISCO_PERMITS_APPLICATIONS","no_text","nlp-srv3.dds.technion.ac.il","finished","559","2026-07-25T04:51:27.000Z","2026-07-25 08:00:24"
"dpt_REG_TEXT_HOUSES_SAN_FRANCISCO_PERMITS_APPLICATIONS_0","0.2256586224457764","0","TabDPT 6️⃣","REG_TEXT_HOUSES_SAN_FRANCISCO_PERMITS_APPLICATIONS","text_only","nlp-srv3.dds.technion.ac.il","finished","802","2026-07-25T04:51:22.000Z","2026-07-25 08:04:22"
"xgb_REG_TEXT_HOUSES_SAN_FRANCISCO_PERMITS_APPLICATIONS_0","0.5270919518028132","0","XGBoost 🌲","REG_TEXT_HOUSES_SAN_FRANCISCO_PERMITS_APPLICATIONS","no_text","nlp-srv3.dds.technion.ac.il","finished","15","2026-07-25T04:51:09.000Z","2026-07-25 07:51:03"
"xgb_REG_TEXT_HOUSES_SAN_FRANCISCO_PERMITS_APPLICATIONS_0","0.14710862891741616","0","XGBoost 🌲","REG_TEXT_HOUSES_SAN_FRANCISCO_PERMITS_APPLICATIONS","text_only","nlp-srv3.dds.technion.ac.il","finished","327","2026-07-25T04:50:58.000Z","2026-07-25 07:56:04"
"rf_REG_TEXT_HOUSES_SAN_FRANCISCO_PERMITS_APPLICATIONS_0","0.5405763962588581","0","RandomForest 🌳","REG_TEXT_HOUSES_SAN_FRANCISCO_PERMITS_APPLICATIONS","no_text","nlp-srv3.dds.technion.ac.il","finished","21","2026-07-25T04:50:56.000Z","2026-07-25 07:50:55"
"rf_REG_TEXT_HOUSES_SAN_FRANCISCO_PERMITS_APPLICATIONS_0","0.18232690358513104","0","RandomForest 🌳","REG_TEXT_HOUSES_SAN_FRANCISCO_PERMITS_APPLICATIONS","text_only","nlp-srv3.dds.technion.ac.il","finished","558","2026-07-25T04:46:30.000Z","2026-07-25 07:55:27"
"iclv2_REG_TEXT_HOUSES_SAN_FRANCISCO_PERMITS_APPLICATIONS_0","0.5877661133780547","0","TabICLv2 🗼","REG_TEXT_HOUSES_SAN_FRANCISCO_PERMITS_APPLICATIONS","no_text","nlp-srv3.dds.technion.ac.il","finished","19","2026-07-25T04:46:09.000Z","2026-07-25 07:46:06"
"iclv2_REG_TEXT_HOUSES_SAN_FRANCISCO_PERMITS_APPLICATIONS_0","0.3755685868758955","0","TabICLv2 🗼","REG_TEXT_HOUSES_SAN_FRANCISCO_PERMITS_APPLICATIONS","text_only","nlp-srv3.dds.technion.ac.il","finished","338","2026-07-25T04:45:29.000Z","2026-07-25 07:50:45"
"real_REG_TEXT_HOUSES_SAN_FRANCISCO_PERMITS_APPLICATIONS_0","0.5545649659812639","0","RealMLP 🕸","REG_TEXT_HOUSES_SAN_FRANCISCO_PERMITS_APPLICATIONS","no_text","nlp-srv3.dds.technion.ac.il","finished","54","2026-07-25T04:44:32.000Z","2026-07-25 07:45:05"
"real_REG_TEXT_HOUSES_SAN_FRANCISCO_PERMITS_APPLICATIONS_0","0.17563778067357003","0","RealMLP 🕸","REG_TEXT_HOUSES_SAN_FRANCISCO_PERMITS_APPLICATIONS","text_only","nlp-srv3.dds.technion.ac.il","finished","460","2026-07-25T04:36:47.000Z","2026-07-25 07:44:06"
"dpt_REG_TEXT_HOUSES_CALIFORNIA_PRICES_2020_0","0.9342582625929294","0","TabDPT 6️⃣","REG_TEXT_HOUSES_CALIFORNIA_PRICES_2020","no_text","nlp-srv3.dds.technion.ac.il","finished","532","2026-07-25T03:52:57.000Z","2026-07-25 07:01:27"
"dpt_REG_TEXT_HOUSES_CALIFORNIA_PRICES_2020_0","0.7520657442779306","0","TabDPT 6️⃣","REG_TEXT_HOUSES_CALIFORNIA_PRICES_2020","text_only","nlp-srv3.dds.technion.ac.il","finished","2374","2026-07-25T03:52:54.000Z","2026-07-25 07:32:07"
"xgb_REG_TEXT_HOUSES_CALIFORNIA_PRICES_2020_0","0.9274576834734732","0","XGBoost 🌲","REG_TEXT_HOUSES_CALIFORNIA_PRICES_2020","no_text","nlp-srv3.dds.technion.ac.il","finished","13","2026-07-25T03:52:41.000Z","2026-07-25 06:52:32"
"xgb_REG_TEXT_HOUSES_CALIFORNIA_PRICES_2020_0","0.7321914720447089","0","XGBoost 🌲","REG_TEXT_HOUSES_CALIFORNIA_PRICES_2020","text_only","nlp-srv3.dds.technion.ac.il","finished","1651","2026-07-25T03:52:40.000Z","2026-07-25 07:19:50"
"rf_REG_TEXT_HOUSES_CALIFORNIA_PRICES_2020_0","0.9274611997481764","0","RandomForest 🌳","REG_TEXT_HOUSES_CALIFORNIA_PRICES_2020","no_text","nlp-srv3.dds.technion.ac.il","finished","19","2026-07-25T03:52:32.000Z","2026-07-25 06:52:30"
"rf_REG_TEXT_HOUSES_CALIFORNIA_PRICES_2020_0","0.7053314940504933","0","RandomForest 🌳","REG_TEXT_HOUSES_CALIFORNIA_PRICES_2020","text_only","nlp-srv3.dds.technion.ac.il","finished","1881","2026-07-25T03:52:26.000Z","2026-07-25 07:23:25"
"iclv2_REG_TEXT_HOUSES_CALIFORNIA_PRICES_2020_0","0.9367580384519464","0","TabICLv2 🗼","REG_TEXT_HOUSES_CALIFORNIA_PRICES_2020","no_text","nlp-srv3.dds.technion.ac.il","finished","14","2026-07-25T03:52:24.000Z","2026-07-25 06:52:16"
"iclv2_REG_TEXT_HOUSES_CALIFORNIA_PRICES_2020_0","0.7983837346359529","0","TabICLv2 🗼","REG_TEXT_HOUSES_CALIFORNIA_PRICES_2020","text_only","nlp-srv3.dds.technion.ac.il","finished","1797","2026-07-25T03:51:43.000Z","2026-07-25 07:21:19"
"real_REG_TEXT_HOUSES_CALIFORNIA_PRICES_2020_0","0.9239542168568236","0","RealMLP 🕸","REG_TEXT_HOUSES_CALIFORNIA_PRICES_2020","no_text","nlp-srv3.dds.technion.ac.il","finished","46","2026-07-25T03:51:33.000Z","2026-07-25 06:51:58"
"real_REG_TEXT_HOUSES_CALIFORNIA_PRICES_2020_0","0.7937681555991871","0","RealMLP 🕸","REG_TEXT_HOUSES_CALIFORNIA_PRICES_2020","text_only","nlp-srv3.dds.technion.ac.il","finished","1688","2026-07-25T03:50:50.000Z","2026-07-25 07:18:36"
"dpt_REG_TEXT_HOUSES_AIRBNB_SEATTLE_0","0.5031210798388281","0","TabDPT 6️⃣","REG_TEXT_HOUSES_AIRBNB_SEATTLE","text_only","nlp-srv3.dds.technion.ac.il","finished","604","2026-07-25T03:36:44.000Z","2026-07-25 06:46:26"
"xgb_REG_TEXT_HOUSES_AIRBNB_SEATTLE_0","0.6193022602842164","0","XGBoost 🌲","REG_TEXT_HOUSES_AIRBNB_SEATTLE","no_text","nlp-srv3.dds.technion.ac.il","finished","12","2026-07-25T03:36:41.000Z","2026-07-25 06:36:32"
"xgb_REG_TEXT_HOUSES_AIRBNB_SEATTLE_0","0.4065145713562768","0","XGBoost 🌲","REG_TEXT_HOUSES_AIRBNB_SEATTLE","text_only","nlp-srv3.dds.technion.ac.il","finished","466","2026-07-25T03:36:29.000Z","2026-07-25 06:43:53"
"rf_REG_TEXT_HOUSES_AIRBNB_SEATTLE_0","0.6528714482053097","0","RandomForest 🌳","REG_TEXT_HOUSES_AIRBNB_SEATTLE","no_text","nlp-srv3.dds.technion.ac.il","finished","13","2026-07-25T03:36:28.000Z","2026-07-25 06:36:20"
"rf_REG_TEXT_HOUSES_AIRBNB_SEATTLE_0","0.3485974842743329","0","RandomForest 🌳","REG_TEXT_HOUSES_AIRBNB_SEATTLE","text_only","nlp-srv3.dds.technion.ac.il","finished","546","2026-07-25T03:36:16.000Z","2026-07-25 06:45:01"
"iclv2_REG_TEXT_HOUSES_AIRBNB_SEATTLE_0","0.7431159741838593","0","TabICLv2 🗼","REG_TEXT_HOUSES_AIRBNB_SEATTLE","no_text","nlp-srv3.dds.technion.ac.il","finished","14","2026-07-25T03:36:13.000Z","2026-07-25 06:36:06"
"iclv2_REG_TEXT_HOUSES_AIRBNB_SEATTLE_0","0.547200433435944","0","TabICLv2 🗼","REG_TEXT_HOUSES_AIRBNB_SEATTLE","text_only","nlp-srv3.dds.technion.ac.il","finished","484","2026-07-25T03:36:08.000Z","2026-07-25 06:43:51"
"real_REG_TEXT_HOUSES_AIRBNB_SEATTLE_0","0.4655314234211224","0","RealMLP 🕸","REG_TEXT_HOUSES_AIRBNB_SEATTLE","no_text","nlp-srv3.dds.technion.ac.il","finished","29","2026-07-25T03:35:44.000Z","2026-07-25 06:35:52"
"real_REG_TEXT_HOUSES_AIRBNB_SEATTLE_0","0.46404977269640846","0","RealMLP 🕸","REG_TEXT_HOUSES_AIRBNB_SEATTLE","text_only","nlp-srv3.dds.technion.ac.il","finished","478","2026-07-25T03:35:41.000Z","2026-07-25 06:43:18"
"dpt_REG_TEXT_FOOD_WINE_VIVINO_SPAIN_0","0.8600637991297391","0","TabDPT 6️⃣","REG_TEXT_FOOD_WINE_VIVINO_SPAIN","no_text","nlp-srv3.dds.technion.ac.il","finished","222","2026-07-25T03:29:17.000Z","2026-07-25 06:32:38"
"dpt_REG_TEXT_FOOD_WINE_VIVINO_SPAIN_0","0.7993367730486854","0","TabDPT 6️⃣","REG_TEXT_FOOD_WINE_VIVINO_SPAIN","text_only","nlp-srv3.dds.technion.ac.il","finished","367","2026-07-25T03:29:09.000Z","2026-07-25 06:34:55"
"xgb_REG_TEXT_FOOD_WINE_VIVINO_SPAIN_0","0.8386228521327193","0","XGBoost 🌲","REG_TEXT_FOOD_WINE_VIVINO_SPAIN","no_text","nlp-srv3.dds.technion.ac.il","finished","11","2026-07-25T03:29:06.000Z","2026-07-25 06:28:56"
"xgb_REG_TEXT_FOOD_WINE_VIVINO_SPAIN_0","0.7924655877978152","0","XGBoost 🌲","REG_TEXT_FOOD_WINE_VIVINO_SPAIN","text_only","nlp-srv3.dds.technion.ac.il","finished","82","2026-07-25T03:29:05.000Z","2026-07-25 06:30:05"
"rf_REG_TEXT_FOOD_WINE_VIVINO_SPAIN_0","0.8446137251516239","0","RandomForest 🌳","REG_TEXT_FOOD_WINE_VIVINO_SPAIN","no_text","nlp-srv3.dds.technion.ac.il","finished","11","2026-07-25T03:29:04.000Z","2026-07-25 06:28:54"
"rf_REG_TEXT_FOOD_WINE_VIVINO_SPAIN_0","0.7945954344540387","0","RandomForest 🌳","REG_TEXT_FOOD_WINE_VIVINO_SPAIN","text_only","nlp20.iem.technion.ac.il","finished","119","2026-07-25T03:28:49.000Z","2026-07-25 06:30:47"
"iclv2_REG_TEXT_FOOD_WINE_VIVINO_SPAIN_0","0.8518101744066066","0","TabICLv2 🗼","REG_TEXT_FOOD_WINE_VIVINO_SPAIN","no_text","nlp-srv3.dds.technion.ac.il","finished","14","2026-07-25T03:28:48.000Z","2026-07-25 06:28:40"
"iclv2_REG_TEXT_FOOD_WINE_VIVINO_SPAIN_0","0.8156534523602572","0","TabICLv2 🗼","REG_TEXT_FOOD_WINE_VIVINO_SPAIN","text_only","nlp-srv3.dds.technion.ac.il","finished","132","2026-07-25T03:28:44.000Z","2026-07-25 06:30:34"
"real_REG_TEXT_FOOD_WINE_VIVINO_SPAIN_0","0.829127989744587","0","RealMLP 🕸","REG_TEXT_FOOD_WINE_VIVINO_SPAIN","no_text","nlp-srv3.dds.technion.ac.il","finished","43","2026-07-25T03:28:43.000Z","2026-07-25 06:29:04"
"real_REG_TEXT_FOOD_WINE_VIVINO_SPAIN_0","0.7841337464158005","0","RealMLP 🕸","REG_TEXT_FOOD_WINE_VIVINO_SPAIN","text_only","nlp-srv3.dds.technion.ac.il","finished","124","2026-07-25T03:28:27.000Z","2026-07-25 06:30:09"
"dpt_REG_TEXT_FOOD_WINE_POLISH_MARKET_PRICES_0","0.1887159874974058","0","TabDPT 6️⃣","REG_TEXT_FOOD_WINE_POLISH_MARKET_PRICES","no_text","nlp20.iem.technion.ac.il","finished","30","2026-07-25T03:25:08.000Z","2026-07-25 06:25:36"
"dpt_REG_TEXT_FOOD_WINE_POLISH_MARKET_PRICES_0","0.11203041490829012","0","TabDPT 6️⃣","REG_TEXT_FOOD_WINE_POLISH_MARKET_PRICES","text_only","nlp-srv3.dds.technion.ac.il","finished","109","2026-07-25T03:25:08.000Z","2026-07-25 06:26:36"
"xgb_REG_TEXT_FOOD_WINE_POLISH_MARKET_PRICES_0","0.5927487970294432","0","XGBoost 🌲","REG_TEXT_FOOD_WINE_POLISH_MARKET_PRICES","no_text","nlp-srv3.dds.technion.ac.il","finished","13","2026-07-25T03:25:07.000Z","2026-07-25 06:24:59"
"xgb_REG_TEXT_FOOD_WINE_POLISH_MARKET_PRICES_0","0.10778719344216035","0","XGBoost 🌲","REG_TEXT_FOOD_WINE_POLISH_MARKET_PRICES","text_only","nlp-srv3.dds.technion.ac.il","finished","64","2026-07-25T03:25:06.000Z","2026-07-25 06:25:49"
"rf_REG_TEXT_FOOD_WINE_POLISH_MARKET_PRICES_0","0.5624361996310524","0","RandomForest 🌳","REG_TEXT_FOOD_WINE_POLISH_MARKET_PRICES","no_text","nlp-srv3.dds.technion.ac.il","finished","13","2026-07-25T03:25:04.000Z","2026-07-25 06:24:55"
"rf_REG_TEXT_FOOD_WINE_POLISH_MARKET_PRICES_0","0.08213432087750172","0","RandomForest 🌳","REG_TEXT_FOOD_WINE_POLISH_MARKET_PRICES","text_only","nlp-srv3.dds.technion.ac.il","finished","127","2026-07-25T03:25:00.000Z","2026-07-25 06:26:45"
"iclv2_REG_TEXT_FOOD_WINE_POLISH_MARKET_PRICES_0","0.5819877937244058","0","TabICLv2 🗼","REG_TEXT_FOOD_WINE_POLISH_MARKET_PRICES","no_text","nlp20.iem.technion.ac.il","finished","14","2026-07-25T03:24:52.000Z","2026-07-25 06:25:04"
"iclv2_REG_TEXT_FOOD_WINE_POLISH_MARKET_PRICES_0","0.12001675241829723","0","TabICLv2 🗼","REG_TEXT_FOOD_WINE_POLISH_MARKET_PRICES","text_only","nlp-srv3.dds.technion.ac.il","finished","95","2026-07-25T03:24:52.000Z","2026-07-25 06:26:05"
"real_REG_TEXT_FOOD_WINE_POLISH_MARKET_PRICES_0","0.7673111131561585","0","RealMLP 🕸","REG_TEXT_FOOD_WINE_POLISH_MARKET_PRICES","no_text","nlp-srv3.dds.technion.ac.il","finished","22","2026-07-25T03:24:39.000Z","2026-07-25 06:24:40"
"real_REG_TEXT_FOOD_WINE_POLISH_MARKET_PRICES_0","0.036940766413736226","0","RealMLP 🕸","REG_TEXT_FOOD_WINE_POLISH_MARKET_PRICES","text_only","nlp-srv3.dds.technion.ac.il","finished","85","2026-07-25T03:24:32.000Z","2026-07-25 06:25:35"
"dpt_REG_TEXT_FOOD_RAMEN_RATINGS_2022_0","0.05873206179893198","0","TabDPT 6️⃣","REG_TEXT_FOOD_RAMEN_RATINGS_2022","no_text","nlp-srv3.dds.technion.ac.il","finished","146","2026-07-25T03:20:38.000Z","2026-07-25 06:22:43"
"dpt_REG_TEXT_FOOD_RAMEN_RATINGS_2022_0","0.20393477077705224","0","TabDPT 6️⃣","REG_TEXT_FOOD_RAMEN_RATINGS_2022","text_only","nlp-srv3.dds.technion.ac.il","finished","180","2026-07-25T03:20:36.000Z","2026-07-25 06:23:14"
"xgb_REG_TEXT_FOOD_RAMEN_RATINGS_2022_0","0.06839957432937194","0","XGBoost 🌲","REG_TEXT_FOOD_RAMEN_RATINGS_2022","no_text","nlp-srv3.dds.technion.ac.il","finished","12","2026-07-25T03:20:27.000Z","2026-07-25 06:20:17"
"xgb_REG_TEXT_FOOD_RAMEN_RATINGS_2022_0","0.06371507840290835","0","XGBoost 🌲","REG_TEXT_FOOD_RAMEN_RATINGS_2022","text_only","nlp-srv3.dds.technion.ac.il","finished","65","2026-07-25T03:20:23.000Z","2026-07-25 06:21:07"
"rf_REG_TEXT_FOOD_RAMEN_RATINGS_2022_0","0.07175769889063321","0","RandomForest 🌳","REG_TEXT_FOOD_RAMEN_RATINGS_2022","no_text","nlp-srv3.dds.technion.ac.il","finished","12","2026-07-25T03:20:22.000Z","2026-07-25 06:20:12"
"rf_REG_TEXT_FOOD_RAMEN_RATINGS_2022_0","0.13073635940267814","0","RandomForest 🌳","REG_TEXT_FOOD_RAMEN_RATINGS_2022","text_only","nlp-srv3.dds.technion.ac.il","finished","75","2026-07-25T03:20:10.000Z","2026-07-25 06:21:04"
"iclv2_REG_TEXT_FOOD_RAMEN_RATINGS_2022_0","0.05958753636048031","0","TabICLv2 🗼","REG_TEXT_FOOD_RAMEN_RATINGS_2022","no_text","nlp-srv3.dds.technion.ac.il","finished","12","2026-07-25T03:20:07.000Z","2026-07-25 06:19:58"
"iclv2_REG_TEXT_FOOD_RAMEN_RATINGS_2022_0","0.1774899713354029","0","TabICLv2 🗼","REG_TEXT_FOOD_RAMEN_RATINGS_2022","text_only","nlp-srv3.dds.technion.ac.il","finished","50","2026-07-25T03:19:53.000Z","2026-07-25 06:20:22"
"real_REG_TEXT_FOOD_RAMEN_RATINGS_2022_0","0.03722640895335272","0","RealMLP 🕸","REG_TEXT_FOOD_RAMEN_RATINGS_2022","no_text","nlp-srv3.dds.technion.ac.il","finished","27","2026-07-25T03:19:21.000Z","2026-07-25 06:19:26"
"real_REG_TEXT_FOOD_RAMEN_RATINGS_2022_0","0.04553759689004799","0","RealMLP 🕸","REG_TEXT_FOOD_RAMEN_RATINGS_2022","text_only","nlp-srv3.dds.technion.ac.il","finished","91","2026-07-25T03:19:02.000Z","2026-07-25 06:20:12"
"dpt_REG_TEXT_FOOD_COFFEE_REVIEW_0","0.9912182688713074","0","TabDPT 6️⃣","REG_TEXT_FOOD_COFFEE_REVIEW","no_text","nlp-srv3.dds.technion.ac.il","finished","123","2026-07-25T03:12:58.000Z","2026-07-25 06:14:39"
"dpt_REG_TEXT_FOOD_COFFEE_REVIEW_0","0.5238837003707886","0","TabDPT 6️⃣","REG_TEXT_FOOD_COFFEE_REVIEW","text_only","nlp-srv3.dds.technion.ac.il","finished","262","2026-07-25T03:12:55.000Z","2026-07-25 06:16:56"
"xgb_REG_TEXT_FOOD_COFFEE_REVIEW_0","0.9892343878746032","0","XGBoost 🌲","REG_TEXT_FOOD_COFFEE_REVIEW","no_text","nlp-srv3.dds.technion.ac.il","finished","12","2026-07-25T03:12:54.000Z","2026-07-25 06:12:44"
"xgb_REG_TEXT_FOOD_COFFEE_REVIEW_0","0.4239300489425659","0","XGBoost 🌲","REG_TEXT_FOOD_COFFEE_REVIEW","text_only","nlp20.iem.technion.ac.il","finished","155","2026-07-25T03:12:53.000Z","2026-07-25 06:15:27"
"rf_REG_TEXT_FOOD_COFFEE_REVIEW_0","0.9884743627930318","0","RandomForest 🌳","REG_TEXT_FOOD_COFFEE_REVIEW","no_text","nlp-srv3.dds.technion.ac.il","finished","12","2026-07-25T03:12:51.000Z","2026-07-25 06:12:41"
"rf_REG_TEXT_FOOD_COFFEE_REVIEW_0","0.42585250717040857","0","RandomForest 🌳","REG_TEXT_FOOD_COFFEE_REVIEW","text_only","nlp-srv3.dds.technion.ac.il","finished","218","2026-07-25T03:12:46.000Z","2026-07-25 06:16:02"
"iclv2_REG_TEXT_FOOD_COFFEE_REVIEW_0","0.9902953505516052","0","TabICLv2 🗼","REG_TEXT_FOOD_COFFEE_REVIEW","no_text","nlp-srv3.dds.technion.ac.il","finished","13","2026-07-25T03:12:42.000Z","2026-07-25 06:12:34"
"iclv2_REG_TEXT_FOOD_COFFEE_REVIEW_0","0.6150326728820801","0","TabICLv2 🗼","REG_TEXT_FOOD_COFFEE_REVIEW","text_only","nlp-srv3.dds.technion.ac.il","finished","196","2026-07-25T03:12:38.000Z","2026-07-25 06:15:33"
"real_REG_TEXT_FOOD_COFFEE_REVIEW_0","0.989211916923523","0","RealMLP 🕸","REG_TEXT_FOOD_COFFEE_REVIEW","no_text","nlp-srv3.dds.technion.ac.il","finished","24","2026-07-25T03:12:37.000Z","2026-07-25 06:12:39"
"real_REG_TEXT_FOOD_COFFEE_REVIEW_0","0.5902319550514221","0","RealMLP 🕸","REG_TEXT_FOOD_COFFEE_REVIEW","text_only","nlp-srv3.dds.technion.ac.il","finished","191","2026-07-25T03:12:30.000Z","2026-07-25 06:15:19"
"dpt_REG_TEXT_FOOD_CHOCOLATE_BAR_RATINGS_0","0.20923697404953576","0","TabDPT 6️⃣","REG_TEXT_FOOD_CHOCOLATE_BAR_RATINGS","no_text","nlp-srv3.dds.technion.ac.il","finished","28","2026-07-25T03:10:34.000Z","2026-07-25 06:10:40"
"dpt_REG_TEXT_FOOD_CHOCOLATE_BAR_RATINGS_0","0.1985365000033833","0","TabDPT 6️⃣","REG_TEXT_FOOD_CHOCOLATE_BAR_RATINGS","text_only","nlp-srv3.dds.technion.ac.il","finished","32","2026-07-25T03:10:30.000Z","2026-07-25 06:10:41"
"xgb_REG_TEXT_FOOD_CHOCOLATE_BAR_RATINGS_0","0.253998327335613","0","XGBoost 🌲","REG_TEXT_FOOD_CHOCOLATE_BAR_RATINGS","no_text","nlp-srv3.dds.technion.ac.il","finished","11","2026-07-25T03:10:28.000Z","2026-07-25 06:10:18"
"xgb_REG_TEXT_FOOD_CHOCOLATE_BAR_RATINGS_0","0.1672465600827593","0","XGBoost 🌲","REG_TEXT_FOOD_CHOCOLATE_BAR_RATINGS","text_only","nlp-srv3.dds.technion.ac.il","finished","45","2026-07-25T03:10:25.000Z","2026-07-25 06:10:49"
"rf_REG_TEXT_FOOD_CHOCOLATE_BAR_RATINGS_0","0.2116469689479259","0","RandomForest 🌳","REG_TEXT_FOOD_CHOCOLATE_BAR_RATINGS","no_text","nlp-srv3.dds.technion.ac.il","finished","11","2026-07-25T03:10:18.000Z","2026-07-25 06:10:08"
"rf_REG_TEXT_FOOD_CHOCOLATE_BAR_RATINGS_0","0.16943372726364248","0","RandomForest 🌳","REG_TEXT_FOOD_CHOCOLATE_BAR_RATINGS","text_only","nlp-srv3.dds.technion.ac.il","finished","40","2026-07-25T03:10:05.000Z","2026-07-25 06:10:23"
"iclv2_REG_TEXT_FOOD_CHOCOLATE_BAR_RATINGS_0","0.2162597210566638","0","TabICLv2 🗼","REG_TEXT_FOOD_CHOCOLATE_BAR_RATINGS","no_text","nlp-srv3.dds.technion.ac.il","finished","13","2026-07-25T03:10:02.000Z","2026-07-25 06:09:53"
"iclv2_REG_TEXT_FOOD_CHOCOLATE_BAR_RATINGS_0","0.21688690991751192","0","TabICLv2 🗼","REG_TEXT_FOOD_CHOCOLATE_BAR_RATINGS","text_only","nlp-srv3.dds.technion.ac.il","finished","39","2026-07-25T03:09:48.000Z","2026-07-25 06:10:06"
"real_REG_TEXT_FOOD_CHOCOLATE_BAR_RATINGS_0","0.1920216702964338","0","RealMLP 🕸","REG_TEXT_FOOD_CHOCOLATE_BAR_RATINGS","no_text","nlp-srv3.dds.technion.ac.il","finished","19","2026-07-25T03:09:44.000Z","2026-07-25 06:09:41"
"real_REG_TEXT_FOOD_CHOCOLATE_BAR_RATINGS_0","0.1359365736365743","0","RealMLP 🕸","REG_TEXT_FOOD_CHOCOLATE_BAR_RATINGS","text_only","nlp-srv3.dds.technion.ac.il","finished","51","2026-07-25T03:09:30.000Z","2026-07-25 06:10:00"
"dpt_REG_TEXT_FOOD_BEER_RATINGS_0","0.9173597518226134","0","TabDPT 6️⃣","REG_TEXT_FOOD_BEER_RATINGS","no_text","nlp-srv3.dds.technion.ac.il","finished","139","2026-07-25T03:02:24.000Z","2026-07-25 06:04:22"
"dpt_REG_TEXT_FOOD_BEER_RATINGS_0","0.4759537464285166","0","TabDPT 6️⃣","REG_TEXT_FOOD_BEER_RATINGS","text_only","nlp20.iem.technion.ac.il","finished","252","2026-07-25T03:02:13.000Z","2026-07-25 06:06:23"
"xgb_REG_TEXT_FOOD_BEER_RATINGS_0","0.9021866190359444","0","XGBoost 🌲","REG_TEXT_FOOD_BEER_RATINGS","no_text","nlp-srv3.dds.technion.ac.il","finished","11","2026-07-25T03:02:08.000Z","2026-07-25 06:01:57"
"xgb_REG_TEXT_FOOD_BEER_RATINGS_0","0.4539654299165264","0","XGBoost 🌲","REG_TEXT_FOOD_BEER_RATINGS","text_only","nlp-srv3.dds.technion.ac.il","finished","124","2026-07-25T03:02:05.000Z","2026-07-25 06:03:47"
"rf_REG_TEXT_FOOD_BEER_RATINGS_0","0.8999848851132294","0","RandomForest 🌳","REG_TEXT_FOOD_BEER_RATINGS","no_text","nlp-srv3.dds.technion.ac.il","finished","14","2026-07-25T03:01:51.000Z","2026-07-25 06:01:43"
"rf_REG_TEXT_FOOD_BEER_RATINGS_0","0.45788660695193184","0","RandomForest 🌳","REG_TEXT_FOOD_BEER_RATINGS","text_only","nlp-srv3.dds.technion.ac.il","finished","168","2026-07-25T03:01:02.000Z","2026-07-25 06:03:29"
"iclv2_REG_TEXT_FOOD_BEER_RATINGS_0","0.915973475874752","0","TabICLv2 🗼","REG_TEXT_FOOD_BEER_RATINGS","no_text","nlp-srv3.dds.technion.ac.il","finished","12","2026-07-25T03:00:46.000Z","2026-07-25 06:00:37"
"iclv2_REG_TEXT_FOOD_BEER_RATINGS_0","0.5046022544262465","0","TabICLv2 🗼","REG_TEXT_FOOD_BEER_RATINGS","text_only","nlp-srv3.dds.technion.ac.il","finished","161","2026-07-25T03:00:25.000Z","2026-07-25 06:02:45"
"real_REG_TEXT_FOOD_BEER_RATINGS_0","0.90707034543942","0","RealMLP 🕸","REG_TEXT_FOOD_BEER_RATINGS","no_text","nlp-srv3.dds.technion.ac.il","finished","25","2026-07-25T03:00:19.000Z","2026-07-25 06:00:22"
"real_REG_TEXT_FOOD_BEER_RATINGS_0","0.4145687541176769","0","RealMLP 🕸","REG_TEXT_FOOD_BEER_RATINGS","text_only","nlp-srv3.dds.technion.ac.il","finished","149","2026-07-25T02:59:34.000Z","2026-07-25 06:01:42"
"dpt_REG_TEXT_FOOD_ALCOHOL_WIKILIQ_PRICES_0","-0.015597857011259377","0","TabDPT 6️⃣","REG_TEXT_FOOD_ALCOHOL_WIKILIQ_PRICES","no_text","nlp-srv3.dds.technion.ac.il","finished","345","2026-07-25T02:41:22.000Z","2026-07-25 05:46:45"
"dpt_REG_TEXT_FOOD_ALCOHOL_WIKILIQ_PRICES_0","0.12367881657879932","0","TabDPT 6️⃣","REG_TEXT_FOOD_ALCOHOL_WIKILIQ_PRICES","text_only","nlp-srv3.dds.technion.ac.il","finished","940","2026-07-25T02:41:10.000Z","2026-07-25 05:56:29"
"xgb_REG_TEXT_FOOD_ALCOHOL_WIKILIQ_PRICES_0","0.0029132790665122865","0","XGBoost 🌲","REG_TEXT_FOOD_ALCOHOL_WIKILIQ_PRICES","no_text","nlp-srv3.dds.technion.ac.il","finished","11","2026-07-25T02:41:10.000Z","2026-07-25 05:41:00"
"xgb_REG_TEXT_FOOD_ALCOHOL_WIKILIQ_PRICES_0","0.44940951200188706","0","XGBoost 🌲","REG_TEXT_FOOD_ALCOHOL_WIKILIQ_PRICES","text_only","nlp-srv3.dds.technion.ac.il","finished","457","2026-07-25T02:41:08.000Z","2026-07-25 05:48:24"
"rf_REG_TEXT_FOOD_ALCOHOL_WIKILIQ_PRICES_0","-0.017881130604987305","0","RandomForest 🌳","REG_TEXT_FOOD_ALCOHOL_WIKILIQ_PRICES","no_text","nlp-srv3.dds.technion.ac.il","finished","12","2026-07-25T02:41:06.000Z","2026-07-25 05:40:56"
"rf_REG_TEXT_FOOD_ALCOHOL_WIKILIQ_PRICES_0","0.29498773007358003","0","RandomForest 🌳","REG_TEXT_FOOD_ALCOHOL_WIKILIQ_PRICES","text_only","nlp-srv3.dds.technion.ac.il","finished","594","2026-07-25T02:40:53.000Z","2026-07-25 05:50:25"
"iclv2_REG_TEXT_FOOD_ALCOHOL_WIKILIQ_PRICES_0","-0.014741942923585771","0","TabICLv2 🗼","REG_TEXT_FOOD_ALCOHOL_WIKILIQ_PRICES","no_text","nlp-srv3.dds.technion.ac.il","finished","15","2026-07-25T02:40:32.000Z","2026-07-25 05:40:25"
"iclv2_REG_TEXT_FOOD_ALCOHOL_WIKILIQ_PRICES_0","0.2839600987867308","0","TabICLv2 🗼","REG_TEXT_FOOD_ALCOHOL_WIKILIQ_PRICES","text_only","nlp-srv3.dds.technion.ac.il","finished","613","2026-07-25T02:40:20.000Z","2026-07-25 05:50:11"
"real_REG_TEXT_FOOD_ALCOHOL_WIKILIQ_PRICES_0","0.002817302551037071","0","RealMLP 🕸","REG_TEXT_FOOD_ALCOHOL_WIKILIQ_PRICES","no_text","nlp-srv3.dds.technion.ac.il","finished","49","2026-07-25T02:40:15.000Z","2026-07-25 05:40:42"
"real_REG_TEXT_FOOD_ALCOHOL_WIKILIQ_PRICES_0","0.32275017330357914","0","RealMLP 🕸","REG_TEXT_FOOD_ALCOHOL_WIKILIQ_PRICES","text_only","nlp-srv3.dds.technion.ac.il","finished","503","2026-07-25T02:39:59.000Z","2026-07-25 05:48:00"
"dpt_REG_TEXT_CONSUMER_LAPTOP_INDIAN_PRICES_0","0.8128392915015837","0","TabDPT 6️⃣","REG_TEXT_CONSUMER_LAPTOP_INDIAN_PRICES","no_text","nlp-srv3.dds.technion.ac.il","finished","26","2026-07-25T02:34:03.000Z","2026-07-25 05:34:07"
"dpt_REG_TEXT_CONSUMER_LAPTOP_INDIAN_PRICES_0","0.8158322353535488","0","TabDPT 6️⃣","REG_TEXT_CONSUMER_LAPTOP_INDIAN_PRICES","text_only","nlp-srv3.dds.technion.ac.il","finished","189","2026-07-25T02:33:48.000Z","2026-07-25 05:36:35"
"xgb_REG_TEXT_CONSUMER_LAPTOP_INDIAN_PRICES_0","0.8183869638358751","0","XGBoost 🌲","REG_TEXT_CONSUMER_LAPTOP_INDIAN_PRICES","no_text","nlp-srv3.dds.technion.ac.il","finished","12","2026-07-25T02:33:32.000Z","2026-07-25 05:33:23"
"xgb_REG_TEXT_CONSUMER_LAPTOP_INDIAN_PRICES_0","0.7420900562895238","0","XGBoost 🌲","REG_TEXT_CONSUMER_LAPTOP_INDIAN_PRICES","text_only","nlp-srv3.dds.technion.ac.il","finished","179","2026-07-25T02:33:25.000Z","2026-07-25 05:36:02"
"rf_REG_TEXT_CONSUMER_LAPTOP_INDIAN_PRICES_0","0.8128433264892823","0","RandomForest 🌳","REG_TEXT_CONSUMER_LAPTOP_INDIAN_PRICES","no_text","nlp-srv3.dds.technion.ac.il","finished","12","2026-07-25T02:33:16.000Z","2026-07-25 05:33:07"
"rf_REG_TEXT_CONSUMER_LAPTOP_INDIAN_PRICES_0","0.6901057089803684","0","RandomForest 🌳","REG_TEXT_CONSUMER_LAPTOP_INDIAN_PRICES","text_only","nlp-srv3.dds.technion.ac.il","finished","178","2026-07-25T02:33:09.000Z","2026-07-25 05:35:46"
"iclv2_REG_TEXT_CONSUMER_LAPTOP_INDIAN_PRICES_0","0.922703871671349","0","TabICLv2 🗼","REG_TEXT_CONSUMER_LAPTOP_INDIAN_PRICES","no_text","nlp-srv3.dds.technion.ac.il","finished","13","2026-07-25T02:33:08.000Z","2026-07-25 05:32:59"
"iclv2_REG_TEXT_CONSUMER_LAPTOP_INDIAN_PRICES_0","0.9160542557120288","0","TabICLv2 🗼","REG_TEXT_CONSUMER_LAPTOP_INDIAN_PRICES","text_only","nlp-srv3.dds.technion.ac.il","finished","147","2026-07-25T02:32:53.000Z","2026-07-25 05:34:59"
"real_REG_TEXT_CONSUMER_LAPTOP_INDIAN_PRICES_0","0.9443154410991697","0","RealMLP 🕸","REG_TEXT_CONSUMER_LAPTOP_INDIAN_PRICES","no_text","nlp-srv3.dds.technion.ac.il","finished","22","2026-07-25T02:32:49.000Z","2026-07-25 05:32:49"
"dpt_REG_TEXT_CONSUMER_JC_PENNEY_PRODUCT_PRICE_0","-0.005277764736643542","0","TabDPT 6️⃣","REG_TEXT_CONSUMER_JC_PENNEY_PRODUCT_PRICE","no_text","nlp-srv3.dds.technion.ac.il","finished","261","2026-07-25T02:08:23.000Z","2026-07-25 05:12:23"
"dpt_REG_TEXT_CONSUMER_JC_PENNEY_PRODUCT_PRICE_0","0.4984109829750508","0","TabDPT 6️⃣","REG_TEXT_CONSUMER_JC_PENNEY_PRODUCT_PRICE","text_only","nlp20.iem.technion.ac.il","finished","460","2026-07-25T02:05:08.000Z","2026-07-25 05:12:46"
"xgb_REG_TEXT_CONSUMER_JC_PENNEY_PRODUCT_PRICE_0","-0.010602082772123156","0","XGBoost 🌲","REG_TEXT_CONSUMER_JC_PENNEY_PRODUCT_PRICE","no_text","nlp20.iem.technion.ac.il","finished","14","2026-07-25T02:04:52.000Z","2026-07-25 05:05:05"
"xgb_REG_TEXT_CONSUMER_JC_PENNEY_PRODUCT_PRICE_0","0.5908196742201264","0","XGBoost 🌲","REG_TEXT_CONSUMER_JC_PENNEY_PRODUCT_PRICE","text_only","nlp-srv3.dds.technion.ac.il","finished","301","2026-07-25T02:03:19.000Z","2026-07-25 05:07:59"
"rf_REG_TEXT_CONSUMER_JC_PENNEY_PRODUCT_PRICE_0","-0.01942853646788545","0","RandomForest 🌳","REG_TEXT_CONSUMER_JC_PENNEY_PRODUCT_PRICE","no_text","nlp-srv3.dds.technion.ac.il","finished","11","2026-07-25T02:03:03.000Z","2026-07-25 05:02:53"
"rf_REG_TEXT_CONSUMER_JC_PENNEY_PRODUCT_PRICE_0","0.5552761108591754","0","RandomForest 🌳","REG_TEXT_CONSUMER_JC_PENNEY_PRODUCT_PRICE","text_only","nlp-srv3.dds.technion.ac.il","finished","370","2026-07-25T01:56:47.000Z","2026-07-25 05:02:35"
"iclv2_REG_TEXT_CONSUMER_JC_PENNEY_PRODUCT_PRICE_0","0.008668783396820312","0","TabICLv2 🗼","REG_TEXT_CONSUMER_JC_PENNEY_PRODUCT_PRICE","no_text","nlp-srv3.dds.technion.ac.il","finished","12","2026-07-25T01:56:31.000Z","2026-07-25 04:56:22"
"iclv2_REG_TEXT_CONSUMER_JC_PENNEY_PRODUCT_PRICE_0","0.7322655243963888","0","TabICLv2 🗼","REG_TEXT_CONSUMER_JC_PENNEY_PRODUCT_PRICE","text_only","nlp-srv3.dds.technion.ac.il","finished","319","2026-07-25T01:51:07.000Z","2026-07-25 04:56:05"
"real_REG_TEXT_CONSUMER_JC_PENNEY_PRODUCT_PRICE_0","0.004225018202220765","0","RealMLP 🕸","REG_TEXT_CONSUMER_JC_PENNEY_PRODUCT_PRICE","no_text","nlp-srv3.dds.technion.ac.il","finished","44","2026-07-25T01:50:19.000Z","2026-07-25 04:50:41"
"real_REG_TEXT_CONSUMER_JC_PENNEY_PRODUCT_PRICE_0","0.7488186872044138","0","RealMLP 🕸","REG_TEXT_CONSUMER_JC_PENNEY_PRODUCT_PRICE","text_only","nlp-srv3.dds.technion.ac.il","finished","337","2026-07-25T01:44:39.000Z","2026-07-25 04:49:55"
"dpt_REG_TEXT_CONSUMER_CAR_PRICE_CARDEKHO_0","0.7793602215706781","0","TabDPT 6️⃣","REG_TEXT_CONSUMER_CAR_PRICE_CARDEKHO","no_text","nlp-srv3.dds.technion.ac.il","finished","541","2026-07-25T00:26:43.000Z","2026-07-25 03:35:22"
"dpt_REG_TEXT_CONSUMER_CAR_PRICE_CARDEKHO_0","0.5973197150607055","0","TabDPT 6️⃣","REG_TEXT_CONSUMER_CAR_PRICE_CARDEKHO","text_only","nlp-srv3.dds.technion.ac.il","finished","4094","2026-07-25T00:26:32.000Z","2026-07-25 04:34:19"
"xgb_REG_TEXT_CONSUMER_CAR_PRICE_CARDEKHO_0","0.8820297441850293","0","XGBoost 🌲","REG_TEXT_CONSUMER_CAR_PRICE_CARDEKHO","no_text","nlp-srv3.dds.technion.ac.il","finished","15","2026-07-25T00:26:21.000Z","2026-07-25 03:26:15"
"xgb_REG_TEXT_CONSUMER_CAR_PRICE_CARDEKHO_0","0.6516456719858691","0","XGBoost 🌲","REG_TEXT_CONSUMER_CAR_PRICE_CARDEKHO","text_only","nlp-srv3.dds.technion.ac.il","finished","3340","2026-07-25T00:26:16.000Z","2026-07-25 04:21:34"
"rf_REG_TEXT_CONSUMER_CAR_PRICE_CARDEKHO_0","0.940265144554604","0","RandomForest 🌳","REG_TEXT_CONSUMER_CAR_PRICE_CARDEKHO","no_text","nlp-srv3.dds.technion.ac.il","finished","26","2026-07-25T00:26:00.000Z","2026-07-25 03:26:04"
"rf_REG_TEXT_CONSUMER_CAR_PRICE_CARDEKHO_0","0.6064390354577244","0","RandomForest 🌳","REG_TEXT_CONSUMER_CAR_PRICE_CARDEKHO","text_only","nlp-srv3.dds.technion.ac.il","finished","3648","2026-07-25T00:25:55.000Z","2026-07-25 04:26:22"
"iclv2_REG_TEXT_CONSUMER_CAR_PRICE_CARDEKHO_0","0.9083579591190752","0","TabICLv2 🗼","REG_TEXT_CONSUMER_CAR_PRICE_CARDEKHO","no_text","nlp-srv3.dds.technion.ac.il","finished","20","2026-07-25T00:25:50.000Z","2026-07-25 03:25:49"
"iclv2_REG_TEXT_CONSUMER_CAR_PRICE_CARDEKHO_0","0.7002816943093697","0","TabICLv2 🗼","REG_TEXT_CONSUMER_CAR_PRICE_CARDEKHO","text_only","nlp-srv3.dds.technion.ac.il","finished","3650","2026-07-25T00:25:37.000Z","2026-07-25 04:26:03"
"real_REG_TEXT_CONSUMER_CAR_PRICE_CARDEKHO_0","0.915761382349226","0","RealMLP 🕸","REG_TEXT_CONSUMER_CAR_PRICE_CARDEKHO","no_text","nlp-srv3.dds.technion.ac.il","finished","70","2026-07-25T00:25:36.000Z","2026-07-25 03:26:24"
"real_REG_TEXT_CONSUMER_CAR_PRICE_CARDEKHO_0","0.6781345296996182","0","RealMLP 🕸","REG_TEXT_CONSUMER_CAR_PRICE_CARDEKHO","text_only","nlp-srv3.dds.technion.ac.il","finished","3475","2026-07-25T00:24:49.000Z","2026-07-25 04:22:23"
"dpt_REG_TEXT_CONSUMER_BIKE_PRICE_BIKEWALE_0","0.09812837839126588","0","TabDPT 6️⃣","REG_TEXT_CONSUMER_BIKE_PRICE_BIKEWALE","no_text","nlp-srv3.dds.technion.ac.il","finished","217","2026-07-25T00:18:58.000Z","2026-07-25 03:22:14"
"dpt_REG_TEXT_CONSUMER_BIKE_PRICE_BIKEWALE_0","0.25068485736846924","0","TabDPT 6️⃣","REG_TEXT_CONSUMER_BIKE_PRICE_BIKEWALE","text_only","nlp-srv3.dds.technion.ac.il","finished","384","2026-07-25T00:18:05.000Z","2026-07-25 03:24:08"
"xgb_REG_TEXT_CONSUMER_BIKE_PRICE_BIKEWALE_0","0.08352392911911011","0","XGBoost 🌲","REG_TEXT_CONSUMER_BIKE_PRICE_BIKEWALE","no_text","nlp-srv3.dds.technion.ac.il","finished","11","2026-07-25T00:17:49.000Z","2026-07-25 03:17:39"
"xgb_REG_TEXT_CONSUMER_BIKE_PRICE_BIKEWALE_0","0.545693039894104","0","XGBoost 🌲","REG_TEXT_CONSUMER_BIKE_PRICE_BIKEWALE","text_only","nlp-srv3.dds.technion.ac.il","finished","168","2026-07-25T00:17:35.000Z","2026-07-25 03:20:02"
"rf_REG_TEXT_CONSUMER_BIKE_PRICE_BIKEWALE_0","-0.05460952014299303","0","RandomForest 🌳","REG_TEXT_CONSUMER_BIKE_PRICE_BIKEWALE","no_text","nlp-srv3.dds.technion.ac.il","finished","11","2026-07-25T00:17:33.000Z","2026-07-25 03:17:23"
"rf_REG_TEXT_CONSUMER_BIKE_PRICE_BIKEWALE_0","0.5906227734224452","0","RandomForest 🌳","REG_TEXT_CONSUMER_BIKE_PRICE_BIKEWALE","text_only","nlp-srv3.dds.technion.ac.il","finished","158","2026-07-25T00:17:30.000Z","2026-07-25 03:19:47"
"iclv2_REG_TEXT_CONSUMER_BIKE_PRICE_BIKEWALE_0","0.11403846740722656","0","TabICLv2 🗼","REG_TEXT_CONSUMER_BIKE_PRICE_BIKEWALE","no_text","nlp-srv3.dds.technion.ac.il","finished","13","2026-07-25T00:17:19.000Z","2026-07-25 03:17:11"
"iclv2_REG_TEXT_CONSUMER_BIKE_PRICE_BIKEWALE_0","0.5943088531494141","0","TabICLv2 🗼","REG_TEXT_CONSUMER_BIKE_PRICE_BIKEWALE","text_only","nlp-srv3.dds.technion.ac.il","finished","176","2026-07-25T00:17:04.000Z","2026-07-25 03:19:39"
"real_REG_TEXT_CONSUMER_BIKE_PRICE_BIKEWALE_0","0.121110200881958","0","RealMLP 🕸","REG_TEXT_CONSUMER_BIKE_PRICE_BIKEWALE","no_text","nlp-srv3.dds.technion.ac.il","finished","38","2026-07-25T00:16:22.000Z","2026-07-25 03:16:39"
"real_REG_TEXT_CONSUMER_BIKE_PRICE_BIKEWALE_0","0.3472038507461548","0","RealMLP 🕸","REG_TEXT_CONSUMER_BIKE_PRICE_BIKEWALE","text_only","nlp-srv3.dds.technion.ac.il","finished","211","2026-07-25T00:16:02.000Z","2026-07-25 03:19:12"
"dpt_REG_TEXT_CONSUMER_AMERICAN_EAGLE_PRICES_0","0.9623537580270486","0","TabDPT 6️⃣","REG_TEXT_CONSUMER_AMERICAN_EAGLE_PRICES","no_text","nlp-srv3.dds.technion.ac.il","finished","622","2026-07-24T23:58:43.000Z","2026-07-25 03:08:44"
"xgb_REG_TEXT_CONSUMER_AMERICAN_EAGLE_PRICES_0","0.9619005531695644","0","XGBoost 🌲","REG_TEXT_CONSUMER_AMERICAN_EAGLE_PRICES","no_text","nlp-srv3.dds.technion.ac.il","finished","11","2026-07-24T23:58:31.000Z","2026-07-25 02:58:21"
"xgb_REG_TEXT_CONSUMER_AMERICAN_EAGLE_PRICES_0","0.959894817255892","0","XGBoost 🌲","REG_TEXT_CONSUMER_AMERICAN_EAGLE_PRICES","text_only","nlp-srv3.dds.technion.ac.il","finished","481","2026-07-24T23:58:30.000Z","2026-07-25 03:06:09"
"rf_REG_TEXT_CONSUMER_AMERICAN_EAGLE_PRICES_0","0.9553725176821708","0","RandomForest 🌳","REG_TEXT_CONSUMER_AMERICAN_EAGLE_PRICES","no_text","nlp-srv3.dds.technion.ac.il","finished","11","2026-07-24T23:58:14.000Z","2026-07-25 02:58:04"
"rf_REG_TEXT_CONSUMER_AMERICAN_EAGLE_PRICES_0","0.9564628268562184","0","RandomForest 🌳","REG_TEXT_CONSUMER_AMERICAN_EAGLE_PRICES","text_only","nlp-srv3.dds.technion.ac.il","finished","482","2026-07-24T23:58:04.000Z","2026-07-25 03:05:45"
"iclv2_REG_TEXT_CONSUMER_AMERICAN_EAGLE_PRICES_0","0.964520399774707","0","TabICLv2 🗼","REG_TEXT_CONSUMER_AMERICAN_EAGLE_PRICES","no_text","nlp-srv3.dds.technion.ac.il","finished","11","2026-07-24T23:57:48.000Z","2026-07-25 02:57:38"
"iclv2_REG_TEXT_CONSUMER_AMERICAN_EAGLE_PRICES_0","0.9580425774481346","0","TabICLv2 🗼","REG_TEXT_CONSUMER_AMERICAN_EAGLE_PRICES","text_only","nlp-srv3.dds.technion.ac.il","finished","525","2026-07-24T23:57:27.000Z","2026-07-25 03:05:51"
"real_REG_TEXT_CONSUMER_AMERICAN_EAGLE_PRICES_0","0.9591463405547436","0","RealMLP 🕸","REG_TEXT_CONSUMER_AMERICAN_EAGLE_PRICES","no_text","nlp-srv3.dds.technion.ac.il","finished","50","2026-07-24T23:56:35.000Z","2026-07-25 02:57:04"
"real_REG_TEXT_CONSUMER_AMERICAN_EAGLE_PRICES_0","0.9570304226577192","0","RealMLP 🕸","REG_TEXT_CONSUMER_AMERICAN_EAGLE_PRICES","text_only","nlp-srv3.dds.technion.ac.il","finished","525","2026-07-24T23:56:31.000Z","2026-07-25 03:04:55"
"dpt_REG_TEXT_BOOK_READABILITY_0","0.7693003565768538","0","TabDPT 6️⃣","REG_TEXT_BOOK_READABILITY","no_text","nlp-srv3.dds.technion.ac.il","finished","194","2026-07-24T23:48:31.000Z","2026-07-25 02:51:24"
"dpt_REG_TEXT_BOOK_READABILITY_0","0.6232892718797172","0","TabDPT 6️⃣","REG_TEXT_BOOK_READABILITY","text_only","nlp-srv3.dds.technion.ac.il","finished","359","2026-07-24T23:48:29.000Z","2026-07-25 02:54:07"
"xgb_REG_TEXT_BOOK_READABILITY_0","0.7311933571112883","0","XGBoost 🌲","REG_TEXT_BOOK_READABILITY","no_text","nlp-srv3.dds.technion.ac.il","finished","11","2026-07-24T23:48:15.000Z","2026-07-25 02:48:05"
"xgb_REG_TEXT_BOOK_READABILITY_0","0.648522678355463","0","XGBoost 🌲","REG_TEXT_BOOK_READABILITY","text_only","nlp-srv3.dds.technion.ac.il","finished","235","2026-07-24T23:48:09.000Z","2026-07-25 02:51:43"
"rf_REG_TEXT_BOOK_READABILITY_0","0.7375908611342767","0","RandomForest 🌳","REG_TEXT_BOOK_READABILITY","no_text","nlp-srv3.dds.technion.ac.il","finished","14","2026-07-24T23:47:53.000Z","2026-07-25 02:47:46"
"rf_REG_TEXT_BOOK_READABILITY_0","0.6597368646938673","0","RandomForest 🌳","REG_TEXT_BOOK_READABILITY","text_only","nlp-srv3.dds.technion.ac.il","finished","256","2026-07-24T23:47:49.000Z","2026-07-25 02:51:43"
"iclv2_REG_TEXT_BOOK_READABILITY_0","0.7687004755138492","0","TabICLv2 🗼","REG_TEXT_BOOK_READABILITY","no_text","nlp-srv3.dds.technion.ac.il","finished","14","2026-07-24T23:47:33.000Z","2026-07-25 02:47:25"
"iclv2_REG_TEXT_BOOK_READABILITY_0","0.7035260114326478","0","TabICLv2 🗼","REG_TEXT_BOOK_READABILITY","text_only","nlp-srv3.dds.technion.ac.il","finished","203","2026-07-24T23:47:29.000Z","2026-07-25 02:50:31"
"real_REG_TEXT_BOOK_READABILITY_0","0.7061115222137836","0","RealMLP 🕸","REG_TEXT_BOOK_READABILITY","no_text","nlp-srv3.dds.technion.ac.il","finished","27","2026-07-24T23:47:21.000Z","2026-07-25 02:47:28"
"real_REG_TEXT_BOOK_READABILITY_0","0.6521898497729309","0","RealMLP 🕸","REG_TEXT_BOOK_READABILITY","text_only","nlp-srv3.dds.technion.ac.il","finished","236","2026-07-24T23:46:44.000Z","2026-07-25 02:50:19"
"dpt_REG_TEXT_BOOK_PRICE_0","0.26021418115795314","0","TabDPT 6️⃣","REG_TEXT_BOOK_PRICE","no_text","nlp-srv3.dds.technion.ac.il","finished","191","2026-07-24T23:39:10.000Z","2026-07-25 02:42:00"
"dpt_REG_TEXT_BOOK_PRICE_0","0.5507697157675285","0","TabDPT 6️⃣","REG_TEXT_BOOK_PRICE","text_only","nlp-srv3.dds.technion.ac.il","finished","355","2026-07-24T23:38:54.000Z","2026-07-25 02:44:27"
"xgb_REG_TEXT_BOOK_PRICE_0","0.2200919395334664","0","XGBoost 🌲","REG_TEXT_BOOK_PRICE","no_text","nlp-srv3.dds.technion.ac.il","finished","11","2026-07-24T23:38:54.000Z","2026-07-25 02:38:44"
"xgb_REG_TEXT_BOOK_PRICE_0","0.47718145079509466","0","XGBoost 🌲","REG_TEXT_BOOK_PRICE","text_only","nlp20.iem.technion.ac.il","finished","155","2026-07-24T23:38:42.000Z","2026-07-25 02:41:16"
"rf_REG_TEXT_BOOK_PRICE_0","0.09830522332209823","0","RandomForest 🌳","REG_TEXT_BOOK_PRICE","no_text","nlp-srv3.dds.technion.ac.il","finished","12","2026-07-24T23:38:38.000Z","2026-07-25 02:38:28"
"rf_REG_TEXT_BOOK_PRICE_0","0.46253556063353274","0","RandomForest 🌳","REG_TEXT_BOOK_PRICE","text_only","nlp-srv3.dds.technion.ac.il","finished","232","2026-07-24T23:38:31.000Z","2026-07-25 02:42:02"
"iclv2_REG_TEXT_BOOK_PRICE_0","0.2698883681690606","0","TabICLv2 🗼","REG_TEXT_BOOK_PRICE","no_text","nlp-srv3.dds.technion.ac.il","finished","11","2026-07-24T23:38:22.000Z","2026-07-25 02:38:12"
"iclv2_REG_TEXT_BOOK_PRICE_0","0.6041571854720718","0","TabICLv2 🗼","REG_TEXT_BOOK_PRICE","text_only","nlp-srv3.dds.technion.ac.il","finished","191","2026-07-24T23:38:18.000Z","2026-07-25 02:41:08"
"real_REG_TEXT_BOOK_PRICE_0","0.2356685818321005","0","RealMLP 🕸","REG_TEXT_BOOK_PRICE","no_text","nlp20.iem.technion.ac.il","finished","34","2026-07-24T23:38:05.000Z","2026-07-25 02:38:38"
"real_REG_TEXT_BOOK_PRICE_0","0.5090288965327882","0","RealMLP 🕸","REG_TEXT_BOOK_PRICE","text_only","nlp-srv3.dds.technion.ac.il","finished","241","2026-07-24T23:37:57.000Z","2026-07-25 02:41:37"
"dpt_REG_TEXT_BABIES_PRICES_0","0.38322949313114496","0","TabDPT 6️⃣","REG_TEXT_BABIES_PRICES","no_text","nlp-srv3.dds.technion.ac.il","finished","176","2026-07-24T23:30:53.000Z","2026-07-25 02:33:27"
"dpt_REG_TEXT_BABIES_PRICES_0","0.832918739722579","0","TabDPT 6️⃣","REG_TEXT_BABIES_PRICES","text_only","nlp-srv3.dds.technion.ac.il","finished","325","2026-07-24T23:30:51.000Z","2026-07-25 02:35:55"
"xgb_REG_TEXT_BABIES_PRICES_0","0.39131346956676105","0","XGBoost 🌲","REG_TEXT_BABIES_PRICES","no_text","nlp-srv3.dds.technion.ac.il","finished","11","2026-07-24T23:30:46.000Z","2026-07-25 02:30:36"
"xgb_REG_TEXT_BABIES_PRICES_0","0.8361349080759437","0","XGBoost 🌲","REG_TEXT_BABIES_PRICES","text_only","nlp-srv3.dds.technion.ac.il","finished","178","2026-07-24T23:30:37.000Z","2026-07-25 02:33:14"
"rf_REG_TEXT_BABIES_PRICES_0","0.40345160066169605","0","RandomForest 🌳","REG_TEXT_BABIES_PRICES","no_text","nlp-srv3.dds.technion.ac.il","finished","11","2026-07-24T23:30:37.000Z","2026-07-25 02:30:27"
"rf_REG_TEXT_BABIES_PRICES_0","0.8119680575009453","0","RandomForest 🌳","REG_TEXT_BABIES_PRICES","text_only","nlp-srv3.dds.technion.ac.il","finished","182","2026-07-24T23:30:35.000Z","2026-07-25 02:33:16"
"iclv2_REG_TEXT_BABIES_PRICES_0","0.3972341133806788","0","TabICLv2 🗼","REG_TEXT_BABIES_PRICES","no_text","nlp-srv3.dds.technion.ac.il","finished","16","2026-07-24T23:30:30.000Z","2026-07-25 02:30:24"
"iclv2_REG_TEXT_BABIES_PRICES_0","0.9122924871798552","0","TabICLv2 🗼","REG_TEXT_BABIES_PRICES","text_only","nlp-srv3.dds.technion.ac.il","finished","172","2026-07-24T23:30:29.000Z","2026-07-25 02:32:59"
"real_REG_TEXT_BABIES_PRICES_0","0.3920209382626876","0","RealMLP 🕸","REG_TEXT_BABIES_PRICES","no_text","nlp-srv3.dds.technion.ac.il","finished","32","2026-07-24T23:30:09.000Z","2026-07-25 02:30:20"
"real_REG_TEXT_BABIES_PRICES_0","0.8535262067492739","0","RealMLP 🕸","REG_TEXT_BABIES_PRICES","text_only","nlp-srv3.dds.technion.ac.il","finished","170","2026-07-24T23:29:15.000Z","2026-07-25 02:31:44"
"dpt_MUL_TEXT_WOMEN_CLOTHING_REVIEW_0","0.7801451619784225","0","TabDPT 6️⃣","MUL_TEXT_WOMEN_CLOTHING_REVIEW","no_text","nlp-srv3.dds.technion.ac.il","finished","76","2026-07-24T23:23:03.000Z","2026-07-25 02:23:58"
"xgb_MUL_TEXT_WOMEN_CLOTHING_REVIEW_0","0.7888339873382394","0","XGBoost 🌲","MUL_TEXT_WOMEN_CLOTHING_REVIEW","no_text","nlp20.iem.technion.ac.il","finished","14","2026-07-24T23:23:02.000Z","2026-07-25 02:23:15"
"dpt_MUL_TEXT_WOMEN_CLOTHING_REVIEW_0","0.8873374541425199","0","TabDPT 6️⃣","MUL_TEXT_WOMEN_CLOTHING_REVIEW","text_only","nlp-srv3.dds.technion.ac.il","finished","273","2026-07-24T23:23:02.000Z","2026-07-25 02:27:14"
"xgb_MUL_TEXT_WOMEN_CLOTHING_REVIEW_0","0.8749000484849201","0","XGBoost 🌲","MUL_TEXT_WOMEN_CLOTHING_REVIEW","text_only","nlp-srv3.dds.technion.ac.il","finished","200","2026-07-24T23:22:48.000Z","2026-07-25 02:25:47"
"rf_MUL_TEXT_WOMEN_CLOTHING_REVIEW_0","0.8764204220240753","0","RandomForest 🌳","MUL_TEXT_WOMEN_CLOTHING_REVIEW","text_only","nlp-srv3.dds.technion.ac.il","finished","205","2026-07-24T23:22:46.000Z","2026-07-25 02:25:49"
"rf_MUL_TEXT_WOMEN_CLOTHING_REVIEW_0","0.7821219387437357","0","RandomForest 🌳","MUL_TEXT_WOMEN_CLOTHING_REVIEW","no_text","nlp-srv3.dds.technion.ac.il","finished","11","2026-07-24T23:22:46.000Z","2026-07-25 02:22:36"
"iclv2_MUL_TEXT_WOMEN_CLOTHING_REVIEW_0","0.7888364326363806","0","TabICLv2 🗼","MUL_TEXT_WOMEN_CLOTHING_REVIEW","no_text","nlp20.iem.technion.ac.il","finished","15","2026-07-24T23:22:41.000Z","2026-07-25 02:22:55"
"iclv2_MUL_TEXT_WOMEN_CLOTHING_REVIEW_0","0.8942208160352211","0","TabICLv2 🗼","MUL_TEXT_WOMEN_CLOTHING_REVIEW","text_only","nlp-srv3.dds.technion.ac.il","finished","198","2026-07-24T23:22:29.000Z","2026-07-25 02:25:26"
"real_MUL_TEXT_WOMEN_CLOTHING_REVIEW_0","0.7841750611155531","0","RealMLP 🕸","MUL_TEXT_WOMEN_CLOTHING_REVIEW","no_text","nlp-srv3.dds.technion.ac.il","finished","51","2026-07-24T23:22:13.000Z","2026-07-25 02:22:42"
"real_MUL_TEXT_WOMEN_CLOTHING_REVIEW_0","0.8917278294992557","0","RealMLP 🕸","MUL_TEXT_WOMEN_CLOTHING_REVIEW","text_only","n305","finished","161","2026-07-24T23:21:55.000Z","2026-07-25 02:24:35"
"dpt_MUL_TEXT_WINE_REVIEW_0","0.7792510134967204","0","TabDPT 6️⃣","MUL_TEXT_WINE_REVIEW","no_text","nlp-srv3.dds.technion.ac.il","finished","150","2026-07-24T23:14:36.000Z","2026-07-25 02:16:46"
"dpt_MUL_TEXT_WINE_REVIEW_0","0.9260039513377905","0","TabDPT 6️⃣","MUL_TEXT_WINE_REVIEW","text_only","nlp-srv3.dds.technion.ac.il","finished","332","2026-07-24T23:14:15.000Z","2026-07-25 02:19:25"
"xgb_MUL_TEXT_WINE_REVIEW_0","0.8458784157509739","0","XGBoost 🌲","MUL_TEXT_WINE_REVIEW","no_text","nlp-srv3.dds.technion.ac.il","finished","12","2026-07-24T23:13:59.000Z","2026-07-25 02:13:50"
"xgb_MUL_TEXT_WINE_REVIEW_0","0.9594007669537532","0","XGBoost 🌲","MUL_TEXT_WINE_REVIEW","text_only","nlp-srv3.dds.technion.ac.il","finished","209","2026-07-24T23:13:45.000Z","2026-07-25 02:16:53"
"rf_MUL_TEXT_WINE_REVIEW_0","0.7402489839863652","0","RandomForest 🌳","MUL_TEXT_WINE_REVIEW","no_text","nlp-srv3.dds.technion.ac.il","finished","11","2026-07-24T23:13:43.000Z","2026-07-25 02:13:33"
"rf_MUL_TEXT_WINE_REVIEW_0","0.942270023774646","0","RandomForest 🌳","MUL_TEXT_WINE_REVIEW","text_only","nlp-srv3.dds.technion.ac.il","finished","193","2026-07-24T23:13:22.000Z","2026-07-25 02:16:14"
"iclv2_MUL_TEXT_WINE_REVIEW_0","0.8576311481029714","0","TabICLv2 🗼","MUL_TEXT_WINE_REVIEW","no_text","nlp-srv3.dds.technion.ac.il","finished","18","2026-07-24T23:13:01.000Z","2026-07-25 02:12:58"
"iclv2_MUL_TEXT_WINE_REVIEW_0","0.9779960754644574","0","TabICLv2 🗼","MUL_TEXT_WINE_REVIEW","text_only","n305","finished","126","2026-07-24T23:12:48.000Z","2026-07-25 02:14:52"
"real_MUL_TEXT_WINE_REVIEW_0","0.8564807534089324","0","RealMLP 🕸","MUL_TEXT_WINE_REVIEW","no_text","nlp-srv3.dds.technion.ac.il","finished","56","2026-07-24T23:12:42.000Z","2026-07-25 02:13:17"
"real_MUL_TEXT_WINE_REVIEW_0","0.974338020882551","0","RealMLP 🕸","MUL_TEXT_WINE_REVIEW","text_only","n306","finished","163","2026-07-24T23:12:11.000Z","2026-07-25 02:14:53"
"dpt_MUL_TEXT_US_ACCIDENTS_0","0.8512812103010813","0","TabDPT 6️⃣","MUL_TEXT_US_ACCIDENTS","no_text","nlp-srv3.dds.technion.ac.il","finished","97","2026-07-24T22:58:29.000Z","2026-07-25 01:59:45"
"dpt_MUL_TEXT_US_ACCIDENTS_0","0.9058478787358142","0","TabDPT 6️⃣","MUL_TEXT_US_ACCIDENTS","text_only","n305","finished","629","2026-07-24T22:58:28.000Z","2026-07-25 02:08:56"
"xgb_MUL_TEXT_US_ACCIDENTS_0","0.8582985114298078","0","XGBoost 🌲","MUL_TEXT_US_ACCIDENTS","no_text","n305","finished","19","2026-07-24T22:58:22.000Z","2026-07-25 01:58:38"
"xgb_MUL_TEXT_US_ACCIDENTS_0","0.9667401601875992","0","XGBoost 🌲","MUL_TEXT_US_ACCIDENTS","text_only","nlp-srv3.dds.technion.ac.il","finished","861","2026-07-24T22:58:15.000Z","2026-07-25 02:12:15"
"rf_MUL_TEXT_US_ACCIDENTS_0","0.830451995227171","0","RandomForest 🌳","MUL_TEXT_US_ACCIDENTS","no_text","nlp-srv3.dds.technion.ac.il","finished","15","2026-07-24T22:58:08.000Z","2026-07-25 01:58:01"
"rf_MUL_TEXT_US_ACCIDENTS_0","0.9307396398347574","0","RandomForest 🌳","MUL_TEXT_US_ACCIDENTS","text_only","n306","finished","481","2026-07-24T22:58:05.000Z","2026-07-25 02:06:05"
"iclv2_MUL_TEXT_US_ACCIDENTS_0","0.8818327584893274","0","TabICLv2 🗼","MUL_TEXT_US_ACCIDENTS","no_text","n305","finished","20","2026-07-24T22:58:01.000Z","2026-07-25 01:58:20"
"iclv2_MUL_TEXT_US_ACCIDENTS_0","0.9812580784195116","0","TabICLv2 🗼","MUL_TEXT_US_ACCIDENTS","text_only","nlp-srv3.dds.technion.ac.il","finished","947","2026-07-24T22:57:54.000Z","2026-07-25 02:13:20"
"real_MUL_TEXT_US_ACCIDENTS_0","0.8474879936656612","0","RealMLP 🕸","MUL_TEXT_US_ACCIDENTS","no_text","nlp-srv3.dds.technion.ac.il","finished","56","2026-07-24T22:57:17.000Z","2026-07-25 01:57:52"
"real_MUL_TEXT_US_ACCIDENTS_0","0.968229905726266","0","RealMLP 🕸","MUL_TEXT_US_ACCIDENTS","text_only","nlp-srv3.dds.technion.ac.il","finished","941","2026-07-24T22:57:16.000Z","2026-07-25 02:12:36"
"dpt_MUL_TEXT_SPOTIFY_GENRES_0","0.8105214735999471","0","TabDPT 6️⃣","MUL_TEXT_SPOTIFY_GENRES","no_text","nlp-srv3.dds.technion.ac.il","finished","169","2026-07-24T22:52:00.000Z","2026-07-25 01:54:28"
"dpt_MUL_TEXT_SPOTIFY_GENRES_0","0.8166399429797725","0","TabDPT 6️⃣","MUL_TEXT_SPOTIFY_GENRES","text_only","nlp-srv3.dds.technion.ac.il","finished","506","2026-07-24T22:51:57.000Z","2026-07-25 02:00:02"
"xgb_MUL_TEXT_SPOTIFY_GENRES_0","0.9015079028209622","0","XGBoost 🌲","MUL_TEXT_SPOTIFY_GENRES","no_text","nlp-srv3.dds.technion.ac.il","finished","19","2026-07-24T22:51:52.000Z","2026-07-25 01:51:50"
"xgb_MUL_TEXT_SPOTIFY_GENRES_0","0.8745834883841475","0","XGBoost 🌲","MUL_TEXT_SPOTIFY_GENRES","text_only","nlp-srv3.dds.technion.ac.il","finished","319","2026-07-24T22:51:51.000Z","2026-07-25 01:56:49"
"rf_MUL_TEXT_SPOTIFY_GENRES_0","0.8694619651358885","0","RandomForest 🌳","MUL_TEXT_SPOTIFY_GENRES","no_text","nlp-srv3.dds.technion.ac.il","finished","17","2026-07-24T22:51:47.000Z","2026-07-25 01:51:42"
"rf_MUL_TEXT_SPOTIFY_GENRES_0","0.8677630184444712","0","RandomForest 🌳","MUL_TEXT_SPOTIFY_GENRES","text_only","n305","finished","205","2026-07-24T22:51:43.000Z","2026-07-25 01:55:07"
"iclv2_MUL_TEXT_SPOTIFY_GENRES_0","0.9369697529961444","0","TabICLv2 🗼","MUL_TEXT_SPOTIFY_GENRES","no_text","nlp-srv3.dds.technion.ac.il","finished","16","2026-07-24T22:51:36.000Z","2026-07-25 01:51:31"
"iclv2_MUL_TEXT_SPOTIFY_GENRES_0","0.9496958038962032","0","TabICLv2 🗼","MUL_TEXT_SPOTIFY_GENRES","text_only","nlp-srv3.dds.technion.ac.il","finished","310","2026-07-24T22:51:33.000Z","2026-07-25 01:56:22"
"real_MUL_TEXT_SPOTIFY_GENRES_0","0.9266111226861112","0","RealMLP 🕸","MUL_TEXT_SPOTIFY_GENRES","no_text","nlp-srv3.dds.technion.ac.il","finished","57","2026-07-24T22:51:31.000Z","2026-07-25 01:52:07"
"real_MUL_TEXT_SPOTIFY_GENRES_0","0.9064952172396424","0","RealMLP 🕸","MUL_TEXT_SPOTIFY_GENRES","text_only","nlp-srv3.dds.technion.ac.il","finished","316","2026-07-24T22:51:24.000Z","2026-07-25 01:56:19"
"dpt_MUL_TEXT_SOCIAL_NEWS_CHANNEL_CATEGORY_0","0.8010690786421666","0","TabDPT 6️⃣","MUL_TEXT_SOCIAL_NEWS_CHANNEL_CATEGORY","no_text","nlp-srv3.dds.technion.ac.il","finished","91","2026-07-24T22:48:46.000Z","2026-07-25 01:49:56"
"dpt_MUL_TEXT_SOCIAL_NEWS_CHANNEL_CATEGORY_0","0.6100971716973732","0","TabDPT 6️⃣","MUL_TEXT_SOCIAL_NEWS_CHANNEL_CATEGORY","text_only","nlp-srv3.dds.technion.ac.il","finished","179","2026-07-24T22:48:44.000Z","2026-07-25 01:51:15"
"xgb_MUL_TEXT_SOCIAL_NEWS_CHANNEL_CATEGORY_0","0.78321857328678","0","XGBoost 🌲","MUL_TEXT_SOCIAL_NEWS_CHANNEL_CATEGORY","no_text","nlp-srv3.dds.technion.ac.il","finished","13","2026-07-24T22:48:42.000Z","2026-07-25 01:48:34"
"rf_MUL_TEXT_SOCIAL_NEWS_CHANNEL_CATEGORY_0","0.7558594736686218","0","RandomForest 🌳","MUL_TEXT_SOCIAL_NEWS_CHANNEL_CATEGORY","no_text","n306","finished","36","2026-07-24T22:48:41.000Z","2026-07-25 01:48:54"
"xgb_MUL_TEXT_SOCIAL_NEWS_CHANNEL_CATEGORY_0","0.5866397066464281","0","XGBoost 🌲","MUL_TEXT_SOCIAL_NEWS_CHANNEL_CATEGORY","text_only","nlp-srv3.dds.technion.ac.il","finished","116","2026-07-24T22:48:41.000Z","2026-07-25 01:50:03"
"rf_MUL_TEXT_SOCIAL_NEWS_CHANNEL_CATEGORY_0","0.5861056171398062","0","RandomForest 🌳","MUL_TEXT_SOCIAL_NEWS_CHANNEL_CATEGORY","text_only","nlp-srv3.dds.technion.ac.il","finished","74","2026-07-24T22:48:38.000Z","2026-07-25 01:49:31"
"iclv2_MUL_TEXT_SOCIAL_NEWS_CHANNEL_CATEGORY_0","0.8132591876254526","0","TabICLv2 🗼","MUL_TEXT_SOCIAL_NEWS_CHANNEL_CATEGORY","no_text","n305","finished","14","2026-07-24T22:48:37.000Z","2026-07-25 01:48:50"
"iclv2_MUL_TEXT_SOCIAL_NEWS_CHANNEL_CATEGORY_0","0.6198133588666354","0","TabICLv2 🗼","MUL_TEXT_SOCIAL_NEWS_CHANNEL_CATEGORY","text_only","nlp-srv3.dds.technion.ac.il","finished","69","2026-07-24T22:48:31.000Z","2026-07-25 01:49:19"
"real_MUL_TEXT_SOCIAL_NEWS_CHANNEL_CATEGORY_0","0.7969320337343121","0","RealMLP 🕸","MUL_TEXT_SOCIAL_NEWS_CHANNEL_CATEGORY","no_text","nlp-srv3.dds.technion.ac.il","finished","49","2026-07-24T22:48:31.000Z","2026-07-25 01:48:59"
"real_MUL_TEXT_SOCIAL_NEWS_CHANNEL_CATEGORY_0","0.5996205476766109","0","RealMLP 🕸","MUL_TEXT_SOCIAL_NEWS_CHANNEL_CATEGORY","text_only","nlp20.iem.technion.ac.il","finished","122","2026-07-24T22:48:29.000Z","2026-07-25 01:50:29"
"dpt_MUL_TEXT_SOCIAL_HEARTHSTONE_CARD_GAME_WARCRAFT_0","0.817269390400423","0","TabDPT 6️⃣","MUL_TEXT_SOCIAL_HEARTHSTONE_CARD_GAME_WARCRAFT","no_text","nlp-srv3.dds.technion.ac.il","finished","55","2026-07-24T22:46:02.000Z","2026-07-25 01:46:36"
"dpt_MUL_TEXT_SOCIAL_HEARTHSTONE_CARD_GAME_WARCRAFT_0","0.8544600549819465","0","TabDPT 6️⃣","MUL_TEXT_SOCIAL_HEARTHSTONE_CARD_GAME_WARCRAFT","text_only","n306","finished","102","2026-07-24T22:45:59.000Z","2026-07-25 01:47:40"
"xgb_MUL_TEXT_SOCIAL_HEARTHSTONE_CARD_GAME_WARCRAFT_0","0.7746744102801609","0","XGBoost 🌲","MUL_TEXT_SOCIAL_HEARTHSTONE_CARD_GAME_WARCRAFT","no_text","n305","finished","39","2026-07-24T22:45:54.000Z","2026-07-25 01:46:05"
"xgb_MUL_TEXT_SOCIAL_HEARTHSTONE_CARD_GAME_WARCRAFT_0","0.7904940989273872","0","XGBoost 🌲","MUL_TEXT_SOCIAL_HEARTHSTONE_CARD_GAME_WARCRAFT","text_only","n305","finished","63","2026-07-24T22:45:53.000Z","2026-07-25 01:46:55"
"rf_MUL_TEXT_SOCIAL_HEARTHSTONE_CARD_GAME_WARCRAFT_0","0.6649816267880734","0","RandomForest 🌳","MUL_TEXT_SOCIAL_HEARTHSTONE_CARD_GAME_WARCRAFT","no_text","nlp-srv3.dds.technion.ac.il","finished","30","2026-07-24T22:45:52.000Z","2026-07-25 01:45:42"
"rf_MUL_TEXT_SOCIAL_HEARTHSTONE_CARD_GAME_WARCRAFT_0","0.7938478011956983","0","RandomForest 🌳","MUL_TEXT_SOCIAL_HEARTHSTONE_CARD_GAME_WARCRAFT","text_only","nlp-srv3.dds.technion.ac.il","finished","66","2026-07-24T22:45:46.000Z","2026-07-25 01:46:31"
"iclv2_MUL_TEXT_SOCIAL_HEARTHSTONE_CARD_GAME_WARCRAFT_0","0.8364940731332139","0","TabICLv2 🗼","MUL_TEXT_SOCIAL_HEARTHSTONE_CARD_GAME_WARCRAFT","no_text","n305","finished","18","2026-07-24T22:45:33.000Z","2026-07-25 01:45:50"
"iclv2_MUL_TEXT_SOCIAL_HEARTHSTONE_CARD_GAME_WARCRAFT_0","0.917134456126534","0","TabICLv2 🗼","MUL_TEXT_SOCIAL_HEARTHSTONE_CARD_GAME_WARCRAFT","text_only","nlp-srv3.dds.technion.ac.il","finished","51","2026-07-24T22:45:29.000Z","2026-07-25 01:45:59"
"real_MUL_TEXT_SOCIAL_HEARTHSTONE_CARD_GAME_WARCRAFT_0","0.7914892827354683","0","RealMLP 🕸","MUL_TEXT_SOCIAL_HEARTHSTONE_CARD_GAME_WARCRAFT","no_text","n306","finished","43","2026-07-24T22:45:11.000Z","2026-07-25 01:45:37"
"real_MUL_TEXT_SOCIAL_HEARTHSTONE_CARD_GAME_WARCRAFT_0","0.8460781544058218","0","RealMLP 🕸","MUL_TEXT_SOCIAL_HEARTHSTONE_CARD_GAME_WARCRAFT","text_only","nlp-srv3.dds.technion.ac.il","finished","94","2026-07-24T22:45:05.000Z","2026-07-25 01:46:17"
"dpt_MUL_TEXT_SOCIAL_GOOGLE_QA_TYPE_REASON_0","0.8219467868168963","0","TabDPT 6️⃣","MUL_TEXT_SOCIAL_GOOGLE_QA_TYPE_REASON","no_text","nlp-srv3.dds.technion.ac.il","finished","32","2026-07-24T22:39:51.000Z","2026-07-25 01:40:02"
"dpt_MUL_TEXT_SOCIAL_GOOGLE_QA_TYPE_REASON_0","0.701264897785595","0","TabDPT 6️⃣","MUL_TEXT_SOCIAL_GOOGLE_QA_TYPE_REASON","text_only","nlp-srv3.dds.technion.ac.il","finished","364","2026-07-24T22:39:51.000Z","2026-07-25 01:45:34"
"xgb_MUL_TEXT_SOCIAL_GOOGLE_QA_TYPE_REASON_0","0.6784112267593638","0","XGBoost 🌲","MUL_TEXT_SOCIAL_GOOGLE_QA_TYPE_REASON","text_only","n305","finished","194","2026-07-24T22:39:48.000Z","2026-07-25 01:43:01"
"xgb_MUL_TEXT_SOCIAL_GOOGLE_QA_TYPE_REASON_0","0.8498583541040551","0","XGBoost 🌲","MUL_TEXT_SOCIAL_GOOGLE_QA_TYPE_REASON","no_text","nlp-srv3.dds.technion.ac.il","finished","12","2026-07-24T22:39:48.000Z","2026-07-25 01:39:39"
"rf_MUL_TEXT_SOCIAL_GOOGLE_QA_TYPE_REASON_0","0.83187566715417","0","RandomForest 🌳","MUL_TEXT_SOCIAL_GOOGLE_QA_TYPE_REASON","no_text","n306","finished","22","2026-07-24T22:39:45.000Z","2026-07-25 01:40:06"
"rf_MUL_TEXT_SOCIAL_GOOGLE_QA_TYPE_REASON_0","0.649783754470615","0","RandomForest 🌳","MUL_TEXT_SOCIAL_GOOGLE_QA_TYPE_REASON","text_only","nlp20.iem.technion.ac.il","finished","264","2026-07-24T22:39:44.000Z","2026-07-25 01:43:41"
"iclv2_MUL_TEXT_SOCIAL_GOOGLE_QA_TYPE_REASON_0","0.8683257092345643","0","TabICLv2 🗼","MUL_TEXT_SOCIAL_GOOGLE_QA_TYPE_REASON","no_text","nlp-srv3.dds.technion.ac.il","finished","11","2026-07-24T22:39:41.000Z","2026-07-25 01:39:32"
"iclv2_MUL_TEXT_SOCIAL_GOOGLE_QA_TYPE_REASON_0","0.7212402968841439","0","TabICLv2 🗼","MUL_TEXT_SOCIAL_GOOGLE_QA_TYPE_REASON","text_only","nlp-srv3.dds.technion.ac.il","finished","324","2026-07-24T22:39:39.000Z","2026-07-25 01:44:42"
"real_MUL_TEXT_SOCIAL_GOOGLE_QA_TYPE_REASON_0","0.7887715394551092","0","RealMLP 🕸","MUL_TEXT_SOCIAL_GOOGLE_QA_TYPE_REASON","no_text","n306","finished","35","2026-07-24T22:39:39.000Z","2026-07-25 01:40:13"
"real_MUL_TEXT_SOCIAL_GOOGLE_QA_TYPE_REASON_0","0.6823411086954303","0","RealMLP 🕸","MUL_TEXT_SOCIAL_GOOGLE_QA_TYPE_REASON","text_only","nlp-srv3.dds.technion.ac.il","finished","349","2026-07-24T22:39:33.000Z","2026-07-25 01:45:01"
"dpt_MUL_TEXT_PRODUCT_SENTIMENT_0","0.8338934933544968","0","TabDPT 6️⃣","MUL_TEXT_PRODUCT_SENTIMENT","no_text","n306","finished","86","2026-07-24T22:35:06.000Z","2026-07-25 01:36:31"
"dpt_MUL_TEXT_PRODUCT_SENTIMENT_0","0.8227388076007203","0","TabDPT 6️⃣","MUL_TEXT_PRODUCT_SENTIMENT","text_only","n306","finished","112","2026-07-24T22:34:54.000Z","2026-07-25 01:36:45"
"xgb_MUL_TEXT_PRODUCT_SENTIMENT_0","0.8375570474054994","0","XGBoost 🌲","MUL_TEXT_PRODUCT_SENTIMENT","no_text","n306","finished","14","2026-07-24T22:34:45.000Z","2026-07-25 01:34:56"
"xgb_MUL_TEXT_PRODUCT_SENTIMENT_0","0.7493764400727974","0","XGBoost 🌲","MUL_TEXT_PRODUCT_SENTIMENT","text_only","n306","finished","37","2026-07-24T22:34:39.000Z","2026-07-25 01:35:14"
"rf_MUL_TEXT_PRODUCT_SENTIMENT_0","0.8345616844103019","0","RandomForest 🌳","MUL_TEXT_PRODUCT_SENTIMENT","no_text","n306","finished","13","2026-07-24T22:34:38.000Z","2026-07-25 01:34:49"
"rf_MUL_TEXT_PRODUCT_SENTIMENT_0","0.7424449816730512","0","RandomForest 🌳","MUL_TEXT_PRODUCT_SENTIMENT","text_only","n306","finished","38","2026-07-24T22:34:29.000Z","2026-07-25 01:35:05"
"iclv2_MUL_TEXT_PRODUCT_SENTIMENT_0","0.8346805956462313","0","TabICLv2 🗼","MUL_TEXT_PRODUCT_SENTIMENT","no_text","n305","finished","13","2026-07-24T22:34:26.000Z","2026-07-25 01:34:38"
"iclv2_MUL_TEXT_PRODUCT_SENTIMENT_0","0.8219778759560481","0","TabICLv2 🗼","MUL_TEXT_PRODUCT_SENTIMENT","text_only","nlp-srv3.dds.technion.ac.il","finished","61","2026-07-24T22:34:05.000Z","2026-07-25 01:34:45"
"real_MUL_TEXT_PRODUCT_SENTIMENT_0","0.8264522307525431","0","RealMLP 🕸","MUL_TEXT_PRODUCT_SENTIMENT","no_text","nlp-srv3.dds.technion.ac.il","finished","32","2026-07-24T22:33:28.000Z","2026-07-25 01:33:39"
"real_MUL_TEXT_PRODUCT_SENTIMENT_0","0.7736656872760695","0","RealMLP 🕸","MUL_TEXT_PRODUCT_SENTIMENT","text_only","n306","finished","67","2026-07-24T22:33:26.000Z","2026-07-25 01:34:31"
"dpt_MUL_TEXT_MICHELIN_RESTAURANTS_0","0.8809092271529245","0","TabDPT 6️⃣","MUL_TEXT_MICHELIN_RESTAURANTS","no_text","n305","finished","89","2026-07-24T22:21:17.000Z","2026-07-25 01:22:45"
"dpt_MUL_TEXT_MICHELIN_RESTAURANTS_0","0.8576566608333742","0","TabDPT 6️⃣","MUL_TEXT_MICHELIN_RESTAURANTS","text_only","nlp20.iem.technion.ac.il","finished","493","2026-07-24T22:20:00.000Z","2026-07-25 01:28:12"
"xgb_MUL_TEXT_MICHELIN_RESTAURANTS_0","0.8671975392876476","0","XGBoost 🌲","MUL_TEXT_MICHELIN_RESTAURANTS","no_text","nlp20.iem.technion.ac.il","finished","15","2026-07-24T22:19:38.000Z","2026-07-25 01:19:51"
"xgb_MUL_TEXT_MICHELIN_RESTAURANTS_0","0.8285709586246867","0","XGBoost 🌲","MUL_TEXT_MICHELIN_RESTAURANTS","text_only","n305","finished","321","2026-07-24T22:17:16.000Z","2026-07-25 01:22:36"
"rf_MUL_TEXT_MICHELIN_RESTAURANTS_0","0.809169241050469","0","RandomForest 🌳","MUL_TEXT_MICHELIN_RESTAURANTS","no_text","n305","finished","16","2026-07-24T22:16:55.000Z","2026-07-25 01:17:10"
"rf_MUL_TEXT_MICHELIN_RESTAURANTS_0","0.8416428948675183","0","RandomForest 🌳","MUL_TEXT_MICHELIN_RESTAURANTS","text_only","n306","finished","337","2026-07-24T22:16:37.000Z","2026-07-25 01:22:12"
"iclv2_MUL_TEXT_MICHELIN_RESTAURANTS_0","0.8802538830432687","0","TabICLv2 🗼","MUL_TEXT_MICHELIN_RESTAURANTS","no_text","n305","finished","14","2026-07-24T22:16:34.000Z","2026-07-25 01:16:47"
"iclv2_MUL_TEXT_MICHELIN_RESTAURANTS_0","0.8742162669700437","0","TabICLv2 🗼","MUL_TEXT_MICHELIN_RESTAURANTS","text_only","n305","finished","342","2026-07-24T22:16:29.000Z","2026-07-25 01:22:09"
"real_MUL_TEXT_MICHELIN_RESTAURANTS_0","0.8715578642001427","0","RealMLP 🕸","MUL_TEXT_MICHELIN_RESTAURANTS","no_text","n305","finished","65","2026-07-24T22:15:26.000Z","2026-07-25 01:16:29"
"real_MUL_TEXT_MICHELIN_RESTAURANTS_0","0.8679036072902777","0","RealMLP 🕸","MUL_TEXT_MICHELIN_RESTAURANTS","text_only","n305","finished","359","2026-07-24T22:15:15.000Z","2026-07-25 01:21:12"
"xgb_MUL_TEXT_HOUSES_MELBOURNE_AIRBNB_0","0.7329900388730574","0","XGBoost 🌲","MUL_TEXT_HOUSES_MELBOURNE_AIRBNB","text_only","n305","finished","1189","2026-07-24T21:55:32.000Z","2026-07-25 01:15:19"
"dpt_MUL_TEXT_HOUSES_MELBOURNE_AIRBNB_0","0.8394207664566895","0","TabDPT 6️⃣","MUL_TEXT_HOUSES_MELBOURNE_AIRBNB","no_text","nlp-srv3.dds.technion.ac.il","finished","156","2026-07-24T21:51:28.000Z","2026-07-25 00:53:44"
"dpt_MUL_TEXT_HOUSES_MELBOURNE_AIRBNB_0","0.7841901764742779","0","TabDPT 6️⃣","MUL_TEXT_HOUSES_MELBOURNE_AIRBNB","text_only","nlp-srv3.dds.technion.ac.il","finished","2491","2026-07-24T21:51:26.000Z","2026-07-25 01:32:36"
"xgb_MUL_TEXT_HOUSES_MELBOURNE_AIRBNB_0","0.8225976000094546","0","XGBoost 🌲","MUL_TEXT_HOUSES_MELBOURNE_AIRBNB","no_text","nlp-srv3.dds.technion.ac.il","finished","91","2026-07-24T21:51:24.000Z","2026-07-25 00:52:34"
"rf_MUL_TEXT_HOUSES_MELBOURNE_AIRBNB_0","0.8221219691137154","0","RandomForest 🌳","MUL_TEXT_HOUSES_MELBOURNE_AIRBNB","no_text","n305","finished","18","2026-07-24T21:51:22.000Z","2026-07-25 00:51:38"
"rf_MUL_TEXT_HOUSES_MELBOURNE_AIRBNB_0","0.7308577847975516","0","RandomForest 🌳","MUL_TEXT_HOUSES_MELBOURNE_AIRBNB","text_only","nlp-srv3.dds.technion.ac.il","finished","2096","2026-07-24T21:51:20.000Z","2026-07-25 01:25:55"
"iclv2_MUL_TEXT_HOUSES_MELBOURNE_AIRBNB_0","0.8574665869759908","0","TabICLv2 🗼","MUL_TEXT_HOUSES_MELBOURNE_AIRBNB","no_text","n305","finished","27","2026-07-24T21:51:18.000Z","2026-07-25 00:51:43"
"iclv2_MUL_TEXT_HOUSES_MELBOURNE_AIRBNB_0","0.8082014885425224","0","TabICLv2 🗼","MUL_TEXT_HOUSES_MELBOURNE_AIRBNB","text_only","nlp-srv3.dds.technion.ac.il","finished","2453","2026-07-24T21:51:11.000Z","2026-07-25 01:31:43"
"real_MUL_TEXT_HOUSES_MELBOURNE_AIRBNB_0","0.830394439074837","0","RealMLP 🕸","MUL_TEXT_HOUSES_MELBOURNE_AIRBNB","no_text","nlp-srv3.dds.technion.ac.il","finished","67","2026-07-24T21:51:10.000Z","2026-07-25 00:51:56"
"real_MUL_TEXT_HOUSES_MELBOURNE_AIRBNB_0","0.761319421661799","0","RealMLP 🕸","MUL_TEXT_HOUSES_MELBOURNE_AIRBNB","text_only","nlp-srv3.dds.technion.ac.il","finished","2293","2026-07-24T21:51:10.000Z","2026-07-25 01:29:02"
"dpt_MUL_TEXT_FOOD_YELP_REVIEWS_0","0.5857848161203305","0","TabDPT 6️⃣","MUL_TEXT_FOOD_YELP_REVIEWS","no_text","n306","finished","56","2026-07-24T21:48:19.000Z","2026-07-25 00:49:14"
"dpt_MUL_TEXT_FOOD_YELP_REVIEWS_0","0.8685834992434888","0","TabDPT 6️⃣","MUL_TEXT_FOOD_YELP_REVIEWS","text_only","nlp-srv3.dds.technion.ac.il","finished","108","2026-07-24T21:48:18.000Z","2026-07-25 00:49:45"
"xgb_MUL_TEXT_FOOD_YELP_REVIEWS_0","0.5862932126250143","0","XGBoost 🌲","MUL_TEXT_FOOD_YELP_REVIEWS","no_text","nlp-srv3.dds.technion.ac.il","finished","11","2026-07-24T21:48:12.000Z","2026-07-25 00:48:02"
"xgb_MUL_TEXT_FOOD_YELP_REVIEWS_0","0.8405552633733947","0","XGBoost 🌲","MUL_TEXT_FOOD_YELP_REVIEWS","text_only","nlp20.iem.technion.ac.il","finished","74","2026-07-24T21:47:55.000Z","2026-07-25 00:49:08"
"rf_MUL_TEXT_FOOD_YELP_REVIEWS_0","0.5736195571582634","0","RandomForest 🌳","MUL_TEXT_FOOD_YELP_REVIEWS","no_text","nlp20.iem.technion.ac.il","finished","13","2026-07-24T21:47:39.000Z","2026-07-25 00:47:50"
"rf_MUL_TEXT_FOOD_YELP_REVIEWS_0","0.8421148668461956","0","RandomForest 🌳","MUL_TEXT_FOOD_YELP_REVIEWS","text_only","nlp-srv3.dds.technion.ac.il","finished","89","2026-07-24T21:47:33.000Z","2026-07-25 00:48:41"
"iclv2_MUL_TEXT_FOOD_YELP_REVIEWS_0","0.5856115286914372","0","TabICLv2 🗼","MUL_TEXT_FOOD_YELP_REVIEWS","no_text","nlp-srv3.dds.technion.ac.il","finished","12","2026-07-24T21:47:17.000Z","2026-07-25 00:47:08"
"iclv2_MUL_TEXT_FOOD_YELP_REVIEWS_0","0.8725086860240369","0","TabICLv2 🗼","MUL_TEXT_FOOD_YELP_REVIEWS","text_only","nlp-srv3.dds.technion.ac.il","finished","98","2026-07-24T21:47:03.000Z","2026-07-25 00:48:20"
"real_MUL_TEXT_FOOD_YELP_REVIEWS_0","0.5836920291676087","0","RealMLP 🕸","MUL_TEXT_FOOD_YELP_REVIEWS","no_text","nlp20.iem.technion.ac.il","finished","52","2026-07-24T21:46:41.000Z","2026-07-25 00:47:32"
"real_MUL_TEXT_FOOD_YELP_REVIEWS_0","0.8670405391287128","0","RealMLP 🕸","MUL_TEXT_FOOD_YELP_REVIEWS","text_only","n305","finished","103","2026-07-24T21:46:18.000Z","2026-07-25 00:47:59"
"dpt_MUL_TEXT_DATA_SCIENTIST_SALARY_0","0.5440707754793049","0","TabDPT 6️⃣","MUL_TEXT_DATA_SCIENTIST_SALARY","no_text","nlp-srv3.dds.technion.ac.il","finished","71","2026-07-24T21:39:45.000Z","2026-07-25 00:40:35"
"dpt_MUL_TEXT_DATA_SCIENTIST_SALARY_0","0.8454734563889962","0","TabDPT 6️⃣","MUL_TEXT_DATA_SCIENTIST_SALARY","text_only","n305","finished","391","2026-07-24T21:39:38.000Z","2026-07-25 00:46:07"
"xgb_MUL_TEXT_DATA_SCIENTIST_SALARY_0","0.5493384337115744","0","XGBoost 🌲","MUL_TEXT_DATA_SCIENTIST_SALARY","no_text","nlp-srv3.dds.technion.ac.il","finished","12","2026-07-24T21:39:36.000Z","2026-07-25 00:39:27"
"xgb_MUL_TEXT_DATA_SCIENTIST_SALARY_0","0.7975351927867022","0","XGBoost 🌲","MUL_TEXT_DATA_SCIENTIST_SALARY","text_only","nlp-srv3.dds.technion.ac.il","finished","459","2026-07-24T21:39:32.000Z","2026-07-25 00:46:50"
"rf_MUL_TEXT_DATA_SCIENTIST_SALARY_0","0.549245726931216","0","RandomForest 🌳","MUL_TEXT_DATA_SCIENTIST_SALARY","no_text","nlp-srv3.dds.technion.ac.il","finished","13","2026-07-24T21:39:31.000Z","2026-07-25 00:39:23"
"rf_MUL_TEXT_DATA_SCIENTIST_SALARY_0","0.7695765852108978","0","RandomForest 🌳","MUL_TEXT_DATA_SCIENTIST_SALARY","text_only","nlp-srv3.dds.technion.ac.il","finished","448","2026-07-24T21:39:30.000Z","2026-07-25 00:46:37"
"iclv2_MUL_TEXT_DATA_SCIENTIST_SALARY_0","0.5468432836021321","0","TabICLv2 🗼","MUL_TEXT_DATA_SCIENTIST_SALARY","no_text","nlp-srv3.dds.technion.ac.il","finished","14","2026-07-24T21:39:29.000Z","2026-07-25 00:39:22"
"iclv2_MUL_TEXT_DATA_SCIENTIST_SALARY_0","0.8346595089038228","0","TabICLv2 🗼","MUL_TEXT_DATA_SCIENTIST_SALARY","text_only","n306","finished","289","2026-07-24T21:39:24.000Z","2026-07-25 00:44:12"
"real_MUL_TEXT_DATA_SCIENTIST_SALARY_0","0.5480916401798618","0","RealMLP 🕸","MUL_TEXT_DATA_SCIENTIST_SALARY","no_text","n305","finished","55","2026-07-24T21:39:21.000Z","2026-07-25 00:40:14"
"real_MUL_TEXT_DATA_SCIENTIST_SALARY_0","0.8221734706065309","0","RealMLP 🕸","MUL_TEXT_DATA_SCIENTIST_SALARY","text_only","n305","finished","306","2026-07-24T21:39:20.000Z","2026-07-25 00:44:25"
"dpt_BIN_TEXT_TRANSPORTATION_OSHA_ACCIDENT_INJURY_DATA_0","0.5944026809165838","0","TabDPT 6️⃣","BIN_TEXT_TRANSPORTATION_OSHA_ACCIDENT_INJURY_DATA","no_text","nlp20.iem.technion.ac.il","finished","103","2026-07-24T21:36:22.000Z","2026-07-25 00:38:04"
"dpt_BIN_TEXT_TRANSPORTATION_OSHA_ACCIDENT_INJURY_DATA_0","0.5341182863871027","0","TabDPT 6️⃣","BIN_TEXT_TRANSPORTATION_OSHA_ACCIDENT_INJURY_DATA","text_only","nlp-srv3.dds.technion.ac.il","finished","163","2026-07-24T21:36:16.000Z","2026-07-25 00:38:38"
"xgb_BIN_TEXT_TRANSPORTATION_OSHA_ACCIDENT_INJURY_DATA_0","0.5739606919663074","0","XGBoost 🌲","BIN_TEXT_TRANSPORTATION_OSHA_ACCIDENT_INJURY_DATA","no_text","nlp-srv3.dds.technion.ac.il","finished","11","2026-07-24T21:36:10.000Z","2026-07-25 00:36:00"
"xgb_BIN_TEXT_TRANSPORTATION_OSHA_ACCIDENT_INJURY_DATA_0","0.4913866497599854","0","XGBoost 🌲","BIN_TEXT_TRANSPORTATION_OSHA_ACCIDENT_INJURY_DATA","text_only","nlp-srv3.dds.technion.ac.il","finished","128","2026-07-24T21:36:09.000Z","2026-07-25 00:37:56"
"rf_BIN_TEXT_TRANSPORTATION_OSHA_ACCIDENT_INJURY_DATA_0","0.5402952631102256","0","RandomForest 🌳","BIN_TEXT_TRANSPORTATION_OSHA_ACCIDENT_INJURY_DATA","no_text","nlp20.iem.technion.ac.il","finished","14","2026-07-24T21:36:06.000Z","2026-07-25 00:36:19"
"rf_BIN_TEXT_TRANSPORTATION_OSHA_ACCIDENT_INJURY_DATA_0","0.5653201702744315","0","RandomForest 🌳","BIN_TEXT_TRANSPORTATION_OSHA_ACCIDENT_INJURY_DATA","text_only","nlp-srv3.dds.technion.ac.il","finished","111","2026-07-24T21:36:03.000Z","2026-07-25 00:37:33"
"iclv2_BIN_TEXT_TRANSPORTATION_OSHA_ACCIDENT_INJURY_DATA_0","0.5864957884249615","0","TabICLv2 🗼","BIN_TEXT_TRANSPORTATION_OSHA_ACCIDENT_INJURY_DATA","text_only","n305","finished","93","2026-07-24T21:36:01.000Z","2026-07-25 00:37:32"
"iclv2_BIN_TEXT_TRANSPORTATION_OSHA_ACCIDENT_INJURY_DATA_0","0.6060864052169188","0","TabICLv2 🗼","BIN_TEXT_TRANSPORTATION_OSHA_ACCIDENT_INJURY_DATA","no_text","n305","finished","23","2026-07-24T21:36:01.000Z","2026-07-25 00:36:23"
"real_BIN_TEXT_TRANSPORTATION_OSHA_ACCIDENT_INJURY_DATA_0","0.5768499230142198","0","RealMLP 🕸","BIN_TEXT_TRANSPORTATION_OSHA_ACCIDENT_INJURY_DATA","no_text","nlp-srv3.dds.technion.ac.il","finished","33","2026-07-24T21:35:51.000Z","2026-07-25 00:36:03"
"real_BIN_TEXT_TRANSPORTATION_OSHA_ACCIDENT_INJURY_DATA_0","0.5451861244452495","0","RealMLP 🕸","BIN_TEXT_TRANSPORTATION_OSHA_ACCIDENT_INJURY_DATA","text_only","n306","finished","99","2026-07-24T21:35:49.000Z","2026-07-25 00:37:26"
"dpt_BIN_TEXT_SOCIAL_IMDB_GENRE_PREDICTION_0","0.8041666666666667","0","TabDPT 6️⃣","BIN_TEXT_SOCIAL_IMDB_GENRE_PREDICTION","no_text","nlp-srv3.dds.technion.ac.il","finished","23","2026-07-24T21:33:04.000Z","2026-07-25 00:33:06"
"dpt_BIN_TEXT_SOCIAL_IMDB_GENRE_PREDICTION_0","0.7785714285714286","0","TabDPT 6️⃣","BIN_TEXT_SOCIAL_IMDB_GENRE_PREDICTION","text_only","nlp-srv3.dds.technion.ac.il","finished","47","2026-07-24T21:33:03.000Z","2026-07-25 00:33:29"
"xgb_BIN_TEXT_SOCIAL_IMDB_GENRE_PREDICTION_0","0.7282738095238096","0","XGBoost 🌲","BIN_TEXT_SOCIAL_IMDB_GENRE_PREDICTION","no_text","n305","finished","14","2026-07-24T21:33:01.000Z","2026-07-25 00:33:12"
"xgb_BIN_TEXT_SOCIAL_IMDB_GENRE_PREDICTION_0","0.693452380952381","0","XGBoost 🌲","BIN_TEXT_SOCIAL_IMDB_GENRE_PREDICTION","text_only","nlp-srv3.dds.technion.ac.il","finished","30","2026-07-24T21:32:58.000Z","2026-07-25 00:33:07"
"rf_BIN_TEXT_SOCIAL_IMDB_GENRE_PREDICTION_0","0.7327380952380952","0","RandomForest 🌳","BIN_TEXT_SOCIAL_IMDB_GENRE_PREDICTION","no_text","nlp-srv3.dds.technion.ac.il","finished","10","2026-07-24T21:32:48.000Z","2026-07-25 00:32:37"
"rf_BIN_TEXT_SOCIAL_IMDB_GENRE_PREDICTION_0","0.7208333333333333","0","RandomForest 🌳","BIN_TEXT_SOCIAL_IMDB_GENRE_PREDICTION","text_only","n306","finished","29","2026-07-24T21:32:43.000Z","2026-07-25 00:33:11"
"iclv2_BIN_TEXT_SOCIAL_IMDB_GENRE_PREDICTION_0","0.799404761904762","0","TabICLv2 🗼","BIN_TEXT_SOCIAL_IMDB_GENRE_PREDICTION","no_text","nlp-srv3.dds.technion.ac.il","finished","14","2026-07-24T21:32:41.000Z","2026-07-25 00:32:34"
"iclv2_BIN_TEXT_SOCIAL_IMDB_GENRE_PREDICTION_0","0.8053571428571429","0","TabICLv2 🗼","BIN_TEXT_SOCIAL_IMDB_GENRE_PREDICTION","text_only","n305","finished","31","2026-07-24T21:32:37.000Z","2026-07-25 00:33:06"
"real_BIN_TEXT_SOCIAL_IMDB_GENRE_PREDICTION_0","0.781547619047619","0","RealMLP 🕸","BIN_TEXT_SOCIAL_IMDB_GENRE_PREDICTION","no_text","n306","finished","17","2026-07-24T21:32:22.000Z","2026-07-25 00:32:37"
"real_BIN_TEXT_SOCIAL_IMDB_GENRE_PREDICTION_0","0.6107142857142858","0","RealMLP 🕸","BIN_TEXT_SOCIAL_IMDB_GENRE_PREDICTION","text_only","n305","finished","31","2026-07-24T21:32:00.000Z","2026-07-25 00:32:30"
"dpt_BIN_TEXT_JIGSAW_TOXICITY_0","0.7914113374884337","0","TabDPT 6️⃣","BIN_TEXT_JIGSAW_TOXICITY","text_only","n305","finished","191","2026-07-24T21:27:29.000Z","2026-07-25 00:30:39"
"dpt_BIN_TEXT_KICKSTARTER_FUNDING_0","0.6108794806985295","0","TabDPT 6️⃣","BIN_TEXT_KICKSTARTER_FUNDING","no_text","n306","finished","80","2026-07-24T21:26:40.000Z","2026-07-25 00:27:59"
"dpt_BIN_TEXT_KICKSTARTER_FUNDING_0","0.6933628216911765","0","TabDPT 6️⃣","BIN_TEXT_KICKSTARTER_FUNDING","text_only","nlp-srv3.dds.technion.ac.il","finished","268","2026-07-24T21:26:25.000Z","2026-07-25 00:30:32"
"xgb_BIN_TEXT_KICKSTARTER_FUNDING_0","0.6038528262867646","0","XGBoost 🌲","BIN_TEXT_KICKSTARTER_FUNDING","no_text","n306","finished","16","2026-07-24T21:26:18.000Z","2026-07-25 00:26:31"
"xgb_BIN_TEXT_KICKSTARTER_FUNDING_0","0.6672449448529412","0","XGBoost 🌲","BIN_TEXT_KICKSTARTER_FUNDING","text_only","n305","finished","266","2026-07-24T21:26:14.000Z","2026-07-25 00:30:39"
"rf_BIN_TEXT_KICKSTARTER_FUNDING_0","0.5696737132352941","0","RandomForest 🌳","BIN_TEXT_KICKSTARTER_FUNDING","no_text","n305","finished","14","2026-07-24T21:25:53.000Z","2026-07-25 00:26:06"
"iclv2_BIN_TEXT_KICKSTARTER_FUNDING_0","0.5976062729779412","0","TabICLv2 🗼","BIN_TEXT_KICKSTARTER_FUNDING","no_text","n306","finished","14","2026-07-24T21:25:46.000Z","2026-07-25 00:25:59"
"rf_BIN_TEXT_KICKSTARTER_FUNDING_0","0.6789217601102941","0","RandomForest 🌳","BIN_TEXT_KICKSTARTER_FUNDING","text_only","n306","finished","277","2026-07-24T21:25:46.000Z","2026-07-25 00:30:22"
"iclv2_BIN_TEXT_KICKSTARTER_FUNDING_0","0.722562614889706","0","TabICLv2 🗼","BIN_TEXT_KICKSTARTER_FUNDING","text_only","n306","finished","288","2026-07-24T21:25:45.000Z","2026-07-25 00:30:31"
"real_BIN_TEXT_KICKSTARTER_FUNDING_0","0.7115280330882353","0","RealMLP 🕸","BIN_TEXT_KICKSTARTER_FUNDING","text_only","nlp-srv3.dds.technion.ac.il","finished","838","2026-07-24T21:25:27.000Z","2026-07-25 00:39:03"
"real_BIN_TEXT_KICKSTARTER_FUNDING_0","0.6072271369485295","0","RealMLP 🕸","BIN_TEXT_KICKSTARTER_FUNDING","no_text","nlp-srv3.dds.technion.ac.il","finished","56","2026-07-24T21:25:27.000Z","2026-07-25 00:26:02"
"xgb_BIN_TEXT_JIGSAW_TOXICITY_0","0.7341695909495626","0","XGBoost 🌲","BIN_TEXT_JIGSAW_TOXICITY","text_only","n306","finished","119","2026-07-24T21:20:31.000Z","2026-07-25 00:22:28"
"real_BIN_TEXT_JIGSAW_TOXICITY_0","0.558692976483528","0","RealMLP 🕸","BIN_TEXT_JIGSAW_TOXICITY","no_text","n306","finished","59","2026-07-24T21:20:09.000Z","2026-07-25 00:21:07"
"rf_BIN_TEXT_JIGSAW_TOXICITY_0","0.6665335463258786","0","RandomForest 🌳","BIN_TEXT_JIGSAW_TOXICITY","text_only","n306","finished","136","2026-07-24T21:17:10.000Z","2026-07-25 00:19:25"
"iclv2_BIN_TEXT_JIGSAW_TOXICITY_0","0.5697005010562335","0","TabICLv2 🗼","BIN_TEXT_JIGSAW_TOXICITY","no_text","nlp18.iem.technion.ac.il","finished","49","2026-07-24T21:17:08.000Z","2026-07-25 00:17:25"
"iclv2_BIN_TEXT_JIGSAW_TOXICITY_0","0.8053060458457724","0","TabICLv2 🗼","BIN_TEXT_JIGSAW_TOXICITY","text_only","n305","finished","137","2026-07-24T21:17:03.000Z","2026-07-25 00:19:18"
"dpt_BIN_TEXT_JIGSAW_TOXICITY_0","0.5451256132264879","0","TabDPT 6️⃣","BIN_TEXT_JIGSAW_TOXICITY","no_text","nlp20.iem.technion.ac.il","finished","93","2026-07-24T21:13:37.000Z","2026-07-25 00:15:09"
"xgb_BIN_TEXT_JIGSAW_TOXICITY_0","0.5789556381920076","0","XGBoost 🌲","BIN_TEXT_JIGSAW_TOXICITY","no_text","nlp-srv3.dds.technion.ac.il","finished","13","2026-07-24T21:13:27.000Z","2026-07-25 00:13:19"
"rf_BIN_TEXT_JIGSAW_TOXICITY_0","0.58124268929276","0","RandomForest 🌳","BIN_TEXT_JIGSAW_TOXICITY","no_text","nlp-srv3.dds.technion.ac.il","finished","14","2026-07-24T21:13:11.000Z","2026-07-25 00:13:03"
"real_BIN_TEXT_JIGSAW_TOXICITY_0","0.7913240454616874","0","RealMLP 🕸","BIN_TEXT_JIGSAW_TOXICITY","text_only","n305","finished","166","2026-07-24T21:12:39.000Z","2026-07-25 00:15:21"
"dpt_BIN_TEXT_FINANCIAL_CONSUMER_COMPLAINT_0","0.8537660279828991","0","TabDPT 6️⃣","BIN_TEXT_FINANCIAL_CONSUMER_COMPLAINT","no_text","n305","finished","259","2026-07-24T21:01:49.000Z","2026-07-25 00:06:06"
"dpt_BIN_TEXT_FINANCIAL_CONSUMER_COMPLAINT_0","0.8327340107873189","0","TabDPT 6️⃣","BIN_TEXT_FINANCIAL_CONSUMER_COMPLAINT","text_only","n306","finished","377","2026-07-24T21:01:46.000Z","2026-07-25 00:08:02"
"xgb_BIN_TEXT_FINANCIAL_CONSUMER_COMPLAINT_0","0.8539093986675593","0","XGBoost 🌲","BIN_TEXT_FINANCIAL_CONSUMER_COMPLAINT","no_text","nlp19.iem.technion.ac.il","finished","49","2026-07-24T21:01:43.000Z","2026-07-25 00:02:29"
"xgb_BIN_TEXT_FINANCIAL_CONSUMER_COMPLAINT_0","0.8842138158141957","0","XGBoost 🌲","BIN_TEXT_FINANCIAL_CONSUMER_COMPLAINT","text_only","nlp20.iem.technion.ac.il","finished","372","2026-07-24T21:01:42.000Z","2026-07-25 00:07:52"
"rf_BIN_TEXT_FINANCIAL_CONSUMER_COMPLAINT_0","0.7613199796650416","0","RandomForest 🌳","BIN_TEXT_FINANCIAL_CONSUMER_COMPLAINT","no_text","n305","finished","46","2026-07-24T21:01:27.000Z","2026-07-25 00:02:11"
"rf_BIN_TEXT_FINANCIAL_CONSUMER_COMPLAINT_0","0.8621586707056381","0","RandomForest 🌳","BIN_TEXT_FINANCIAL_CONSUMER_COMPLAINT","text_only","n306","finished","304","2026-07-24T21:00:59.000Z","2026-07-25 00:06:02"
"iclv2_BIN_TEXT_FINANCIAL_CONSUMER_COMPLAINT_0","0.8689695564182451","0","TabICLv2 🗼","BIN_TEXT_FINANCIAL_CONSUMER_COMPLAINT","no_text","nlp19.iem.technion.ac.il","finished","53","2026-07-24T21:00:45.000Z","2026-07-25 00:01:36"
"iclv2_BIN_TEXT_FINANCIAL_CONSUMER_COMPLAINT_0","0.8877736057570365","0","TabICLv2 🗼","BIN_TEXT_FINANCIAL_CONSUMER_COMPLAINT","text_only","n305","finished","324","2026-07-24T21:00:19.000Z","2026-07-25 00:05:41"
"real_BIN_TEXT_FINANCIAL_CONSUMER_COMPLAINT_0","0.8403656935038291","0","RealMLP 🕸","BIN_TEXT_FINANCIAL_CONSUMER_COMPLAINT","no_text","n305","finished","102","2026-07-24T21:00:03.000Z","2026-07-25 00:01:43"
"real_BIN_TEXT_FINANCIAL_CONSUMER_COMPLAINT_0","0.8578341463249599","0","RealMLP 🕸","BIN_TEXT_FINANCIAL_CONSUMER_COMPLAINT","text_only","n306","finished","345","2026-07-24T20:59:58.000Z","2026-07-25 00:05:42"
"dpt_BIN_TEXT_FAKE_JOB_POSTING_0","0.7075525728383458","0","TabDPT 6️⃣","BIN_TEXT_FAKE_JOB_POSTING","no_text","n306","finished","144","2026-07-24T20:53:07.000Z","2026-07-24 23:55:29"
"dpt_BIN_TEXT_FAKE_JOB_POSTING_0","0.9448572603383456","0","TabDPT 6️⃣","BIN_TEXT_FAKE_JOB_POSTING","text_only","n306","finished","317","2026-07-24T20:53:07.000Z","2026-07-24 23:58:23"
"iclv2_BIN_TEXT_FAKE_JOB_POSTING_0","0.9561354558270676","0","TabICLv2 🗼","BIN_TEXT_FAKE_JOB_POSTING","text_only","nlp20.iem.technion.ac.il","finished","266","2026-07-24T20:50:28.000Z","2026-07-24 23:54:52"
"real_BIN_TEXT_FAKE_JOB_POSTING_0","0.6959439614661654","0","RealMLP 🕸","BIN_TEXT_FAKE_JOB_POSTING","no_text","n305","finished","70","2026-07-24T20:46:00.000Z","2026-07-24 23:47:08"
"real_BIN_TEXT_FAKE_JOB_POSTING_0","0.898422814849624","0","RealMLP 🕸","BIN_TEXT_FAKE_JOB_POSTING","text_only","nlp19.iem.technion.ac.il","finished","299","2026-07-24T20:45:54.000Z","2026-07-24 23:50:51"
"xgb_BIN_TEXT_FAKE_JOB_POSTING_0","0.689196134868421","0","XGBoost 🌲","BIN_TEXT_FAKE_JOB_POSTING","no_text","nlp19.iem.technion.ac.il","finished","14","2026-07-24T20:40:12.000Z","2026-07-24 23:40:24"
"xgb_BIN_TEXT_FAKE_JOB_POSTING_0","0.8836201832706766","0","XGBoost 🌲","BIN_TEXT_FAKE_JOB_POSTING","text_only","nlp19.iem.technion.ac.il","finished","322","2026-07-24T20:34:45.000Z","2026-07-24 23:38:59"
"rf_BIN_TEXT_FAKE_JOB_POSTING_0","0.6939688087406015","0","RandomForest 🌳","BIN_TEXT_FAKE_JOB_POSTING","no_text","nlp19.iem.technion.ac.il","finished","14","2026-07-24T20:34:28.000Z","2026-07-24 23:34:41"
"rf_BIN_TEXT_FAKE_JOB_POSTING_0","0.9221760455827068","0","RandomForest 🌳","BIN_TEXT_FAKE_JOB_POSTING","text_only","nlp19.iem.technion.ac.il","finished","261","2026-07-24T20:30:00.000Z","2026-07-24 23:34:20"
"iclv2_BIN_TEXT_FAKE_JOB_POSTING_0","0.7031176574248119","0","TabICLv2 🗼","BIN_TEXT_FAKE_JOB_POSTING","no_text","nlp19.iem.technion.ac.il","finished","18","2026-07-24T20:29:39.000Z","2026-07-24 23:29:56"