"Name","test_score","fold","model","dataset","multimodal_state","Hostname","State","Runtime","Created","timestamp"
"dpt_REG_TEXT_ZOMATO_RESTAURANTS_1","0.8250469072355956","1","TabDPT 6️⃣","REG_TEXT_ZOMATO_RESTAURANTS","text_only","nlp-srv3.dds.technion.ac.il","finished","587","2026-07-25T14:25:28.000Z","2026-07-25 17:34:53"
"xgb_REG_TEXT_ZOMATO_RESTAURANTS_1","0.7936757402729508","1","XGBoost 🌲","REG_TEXT_ZOMATO_RESTAURANTS","text_only","n306","finished","536","2026-07-25T14:25:13.000Z","2026-07-25 17:34:08"
"rf_REG_TEXT_ZOMATO_RESTAURANTS_1","0.7629316007862886","1","RandomForest 🌳","REG_TEXT_ZOMATO_RESTAURANTS","text_only","n306","finished","664","2026-07-25T14:24:59.000Z","2026-07-25 17:36:01"
"dpt_REG_TEXT_VANCOUVER_SALARIES_1","0.2816925925232543","1","TabDPT 6️⃣","REG_TEXT_VANCOUVER_SALARIES","no_text","n306","finished","487","2026-07-25T14:21:46.000Z","2026-07-25 17:29:51"
"xgb_REG_TEXT_VANCOUVER_SALARIES_1","0.5624886578058637","1","XGBoost 🌲","REG_TEXT_VANCOUVER_SALARIES","text_only","nlp-srv3.dds.technion.ac.il","finished","85","2026-07-25T14:21:25.000Z","2026-07-25 17:22:28"
"iclv2_REG_TEXT_VANCOUVER_SALARIES_1","0.5850908240381547","1","TabICLv2 🗼","REG_TEXT_VANCOUVER_SALARIES","text_only","nlp-srv3.dds.technion.ac.il","finished","90","2026-07-25T14:21:14.000Z","2026-07-25 17:22:22"
"dpt_REG_TEXT_TRANSPORTATION_USED_CAR_SAUDI_ARABIA_1","0.8238683342933655","1","TabDPT 6️⃣","REG_TEXT_TRANSPORTATION_USED_CAR_SAUDI_ARABIA","no_text","nlp-srv3.dds.technion.ac.il","finished","143","2026-07-25T14:18:57.000Z","2026-07-25 17:20:58"
"xgb_REG_TEXT_TRANSPORTATION_USED_CAR_SAUDI_ARABIA_1","0.19234448671340945","1","XGBoost 🌲","REG_TEXT_TRANSPORTATION_USED_CAR_SAUDI_ARABIA","text_only","nlp-srv3.dds.technion.ac.il","finished","39","2026-07-25T14:18:54.000Z","2026-07-25 17:19:11"
"dpt_REG_TEXT_TRANSPORTATION_USED_CAR_MERCEDES_BENZ_ITALY_1","0.8525112867355347","1","TabDPT 6️⃣","REG_TEXT_TRANSPORTATION_USED_CAR_MERCEDES_BENZ_ITALY","no_text","n306","finished","472","2026-07-25T14:12:18.000Z","2026-07-25 17:20:08"
"dpt_REG_TEXT_SPORTS_FIFA22_WAGES_1","0.04531685890569126","1","TabDPT 6️⃣","REG_TEXT_SPORTS_FIFA22_WAGES","text_only","n306","finished","590","2026-07-25T14:12:17.000Z","2026-07-25 17:22:06"
"dpt_REG_TEXT_SOCIAL_MUSEUMS_US_REVENUES_1","0.05642335951466193","1","TabDPT 6️⃣","REG_TEXT_SOCIAL_MUSEUMS_US_REVENUES","no_text","n306","finished","563","2026-07-25T14:12:16.000Z","2026-07-25 17:21:37"
"iclv2_REG_TEXT_SOCIAL_MUSEUMS_US_REVENUES_1","0.5578555204162806","1","TabICLv2 🗼","REG_TEXT_SOCIAL_MUSEUMS_US_REVENUES","text_only","nlp-srv3.dds.technion.ac.il","finished","767","2026-07-25T14:03:56.000Z","2026-07-25 17:16:21"
"real_REG_TEXT_SOCIAL_MUSEUMS_US_REVENUES_1","0.9181791345366044","1","RealMLP 🕸","REG_TEXT_SOCIAL_MUSEUMS_US_REVENUES","text_only","nlp-srv3.dds.technion.ac.il","finished","875","2026-07-25T14:03:56.000Z","2026-07-25 17:18:08"
"dpt_REG_TEXT_SOCIAL_ANIME_PLANET_RATING_1","0.6611758786354185","1","TabDPT 6️⃣","REG_TEXT_SOCIAL_ANIME_PLANET_RATING","no_text","nlp-srv3.dds.technion.ac.il","finished","301","2026-07-25T14:03:54.000Z","2026-07-25 17:08:32"
"iclv2_REG_TEXT_ROTTEN_TOMATOES_1","0.5492755031855303","1","TabICLv2 🗼","REG_TEXT_ROTTEN_TOMATOES","text_only","nlp-srv3.dds.technion.ac.il","finished","617","2026-07-25T14:03:54.000Z","2026-07-25 17:13:49"
"dpt_REG_TEXT_ZOMATO_RESTAURANTS_1","0.6805087294978291","1","TabDPT 6️⃣","REG_TEXT_ZOMATO_RESTAURANTS","no_text","nlp-srv3.dds.technion.ac.il","finished","530","2026-07-25T08:52:03.000Z","2026-07-25 12:00:32"
"xgb_REG_TEXT_ZOMATO_RESTAURANTS_1","0.6185896107618805","1","XGBoost 🌲","REG_TEXT_ZOMATO_RESTAURANTS","no_text","n306","finished","18","2026-07-25T08:51:55.000Z","2026-07-25 11:52:10"
"rf_REG_TEXT_ZOMATO_RESTAURANTS_1","0.6522263691985132","1","RandomForest 🌳","REG_TEXT_ZOMATO_RESTAURANTS","no_text","n306","finished","18","2026-07-25T08:51:34.000Z","2026-07-25 11:51:51"
"iclv2_REG_TEXT_ZOMATO_RESTAURANTS_1","0.7691188536590865","1","TabICLv2 🗼","REG_TEXT_ZOMATO_RESTAURANTS","no_text","n306","finished","18","2026-07-25T08:51:12.000Z","2026-07-25 11:51:29"
"iclv2_REG_TEXT_ZOMATO_RESTAURANTS_1","0.858176317614995","1","TabICLv2 🗼","REG_TEXT_ZOMATO_RESTAURANTS","text_only","n306","finished","564","2026-07-25T08:51:07.000Z","2026-07-25 12:00:30"
"real_REG_TEXT_ZOMATO_RESTAURANTS_1","0.6148596255242837","1","RealMLP 🕸","REG_TEXT_ZOMATO_RESTAURANTS","no_text","nlp-srv3.dds.technion.ac.il","finished","55","2026-07-25T08:51:06.000Z","2026-07-25 11:51:39"
"real_REG_TEXT_ZOMATO_RESTAURANTS_1","0.8312324741887824","1","RealMLP 🕸","REG_TEXT_ZOMATO_RESTAURANTS","text_only","n306","finished","575","2026-07-25T08:51:04.000Z","2026-07-25 12:00:38"
"dpt_REG_TEXT_VIDEO_GAMES_SALES_1","0.07411478802267446","1","TabDPT 6️⃣","REG_TEXT_VIDEO_GAMES_SALES","no_text","n306","finished","460","2026-07-25T08:45:18.000Z","2026-07-25 11:52:57"
"dpt_REG_TEXT_VIDEO_GAMES_SALES_1","0.3574838060072846","1","TabDPT 6️⃣","REG_TEXT_VIDEO_GAMES_SALES","text_only","n306","finished","491","2026-07-25T08:45:16.000Z","2026-07-25 11:53:25"
"xgb_REG_TEXT_VIDEO_GAMES_SALES_1","-0.053719688052253245","1","XGBoost 🌲","REG_TEXT_VIDEO_GAMES_SALES","no_text","n306","finished","14","2026-07-25T08:45:01.000Z","2026-07-25 11:45:12"
"xgb_REG_TEXT_VIDEO_GAMES_SALES_1","0.16843810422922756","1","XGBoost 🌲","REG_TEXT_VIDEO_GAMES_SALES","text_only","nlp20.iem.technion.ac.il","finished","140","2026-07-25T08:44:48.000Z","2026-07-25 11:47:07"
"rf_REG_TEXT_VIDEO_GAMES_SALES_1","-0.28404883537091274","1","RandomForest 🌳","REG_TEXT_VIDEO_GAMES_SALES","no_text","n306","finished","12","2026-07-25T08:44:45.000Z","2026-07-25 11:44:56"
"rf_REG_TEXT_VIDEO_GAMES_SALES_1","0.25786536389202364","1","RandomForest 🌳","REG_TEXT_VIDEO_GAMES_SALES","text_only","nlp-srv3.dds.technion.ac.il","finished","258","2026-07-25T08:44:40.000Z","2026-07-25 11:48:36"
"iclv2_REG_TEXT_VIDEO_GAMES_SALES_1","0.05273645528426185","1","TabICLv2 🗼","REG_TEXT_VIDEO_GAMES_SALES","no_text","n306","finished","23","2026-07-25T08:44:18.000Z","2026-07-25 11:44:40"
"iclv2_REG_TEXT_VIDEO_GAMES_SALES_1","0.44704938339406686","1","TabICLv2 🗼","REG_TEXT_VIDEO_GAMES_SALES","text_only","nlp-srv3.dds.technion.ac.il","finished","227","2026-07-25T08:44:11.000Z","2026-07-25 11:47:36"
"real_REG_TEXT_VIDEO_GAMES_SALES_1","0.03547857775205243","1","RealMLP 🕸","REG_TEXT_VIDEO_GAMES_SALES","no_text","n306","finished","65","2026-07-25T08:44:08.000Z","2026-07-25 11:45:12"
"real_REG_TEXT_VIDEO_GAMES_SALES_1","0.18025648113184137","1","RealMLP 🕸","REG_TEXT_VIDEO_GAMES_SALES","text_only","n306","finished","163","2026-07-25T08:44:02.000Z","2026-07-25 11:46:44"
"dpt_REG_TEXT_VANCOUVER_SALARIES_1","0.5789136427067376","1","TabDPT 6️⃣","REG_TEXT_VANCOUVER_SALARIES","text_only","nlp-srv3.dds.technion.ac.il","finished","704","2026-07-25T08:38:51.000Z","2026-07-25 11:50:13"
"xgb_REG_TEXT_VANCOUVER_SALARIES_1","0.20287535564492887","1","XGBoost 🌲","REG_TEXT_VANCOUVER_SALARIES","no_text","n306","finished","16","2026-07-25T08:38:49.000Z","2026-07-25 11:39:01"
"rf_REG_TEXT_VANCOUVER_SALARIES_1","0.190291528998889","1","RandomForest 🌳","REG_TEXT_VANCOUVER_SALARIES","no_text","n306","finished","13","2026-07-25T08:38:42.000Z","2026-07-25 11:38:54"
"rf_REG_TEXT_VANCOUVER_SALARIES_1","0.5672907047881224","1","RandomForest 🌳","REG_TEXT_VANCOUVER_SALARIES","text_only","nlp-srv3.dds.technion.ac.il","finished","226","2026-07-25T08:38:37.000Z","2026-07-25 11:42:01"
"iclv2_REG_TEXT_VANCOUVER_SALARIES_1","0.2855705790475116","1","TabICLv2 🗼","REG_TEXT_VANCOUVER_SALARIES","no_text","nlp-srv3.dds.technion.ac.il","finished","13","2026-07-25T08:38:35.000Z","2026-07-25 11:38:26"
"real_REG_TEXT_VANCOUVER_SALARIES_1","0.2760040162216423","1","RealMLP 🕸","REG_TEXT_VANCOUVER_SALARIES","no_text","nlp-srv3.dds.technion.ac.il","finished","49","2026-07-25T08:38:29.000Z","2026-07-25 11:38:56"
"real_REG_TEXT_VANCOUVER_SALARIES_1","0.5673325854779041","1","RealMLP 🕸","REG_TEXT_VANCOUVER_SALARIES","text_only","nlp-srv3.dds.technion.ac.il","finished","228","2026-07-25T08:38:21.000Z","2026-07-25 11:41:47"
"dpt_REG_TEXT_TRANSPORTATION_USED_CAR_SAUDI_ARABIA_1","0.14869636297225952","1","TabDPT 6️⃣","REG_TEXT_TRANSPORTATION_USED_CAR_SAUDI_ARABIA","text_only","n306","finished","245","2026-07-25T08:34:31.000Z","2026-07-25 11:38:34"
"xgb_REG_TEXT_TRANSPORTATION_USED_CAR_SAUDI_ARABIA_1","0.7941513061523438","1","XGBoost 🌲","REG_TEXT_TRANSPORTATION_USED_CAR_SAUDI_ARABIA","no_text","nlp-srv3.dds.technion.ac.il","finished","12","2026-07-25T08:34:29.000Z","2026-07-25 11:34:19"
"rf_REG_TEXT_TRANSPORTATION_USED_CAR_SAUDI_ARABIA_1","0.7992781932870139","1","RandomForest 🌳","REG_TEXT_TRANSPORTATION_USED_CAR_SAUDI_ARABIA","no_text","nlp-srv3.dds.technion.ac.il","finished","13","2026-07-25T08:34:13.000Z","2026-07-25 11:34:04"
"rf_REG_TEXT_TRANSPORTATION_USED_CAR_SAUDI_ARABIA_1","0.1949334752903188","1","RandomForest 🌳","REG_TEXT_TRANSPORTATION_USED_CAR_SAUDI_ARABIA","text_only","nlp-srv3.dds.technion.ac.il","finished","46","2026-07-25T08:34:09.000Z","2026-07-25 11:34:34"
"iclv2_REG_TEXT_TRANSPORTATION_USED_CAR_SAUDI_ARABIA_1","0.8260476589202881","1","TabICLv2 🗼","REG_TEXT_TRANSPORTATION_USED_CAR_SAUDI_ARABIA","no_text","n306","finished","15","2026-07-25T08:34:02.000Z","2026-07-25 11:34:15"
"iclv2_REG_TEXT_TRANSPORTATION_USED_CAR_SAUDI_ARABIA_1","0.1479799747467041","1","TabICLv2 🗼","REG_TEXT_TRANSPORTATION_USED_CAR_SAUDI_ARABIA","text_only","n306","finished","53","2026-07-25T08:33:43.000Z","2026-07-25 11:34:35"
"real_REG_TEXT_TRANSPORTATION_USED_CAR_SAUDI_ARABIA_1","0.8278912901878357","1","RealMLP 🕸","REG_TEXT_TRANSPORTATION_USED_CAR_SAUDI_ARABIA","no_text","n306","finished","56","2026-07-25T08:33:33.000Z","2026-07-25 11:34:27"
"real_REG_TEXT_TRANSPORTATION_USED_CAR_SAUDI_ARABIA_1","0.13394534587860107","1","RealMLP 🕸","REG_TEXT_TRANSPORTATION_USED_CAR_SAUDI_ARABIA","text_only","nlp20.iem.technion.ac.il","finished","89","2026-07-25T08:33:32.000Z","2026-07-25 11:35:00"
"dpt_REG_TEXT_TRANSPORTATION_USED_CAR_PAKISTAN_1","0.8468354708902767","1","TabDPT 6️⃣","REG_TEXT_TRANSPORTATION_USED_CAR_PAKISTAN","no_text","nlp-srv3.dds.technion.ac.il","finished","513","2026-07-25T08:27:48.000Z","2026-07-25 11:35:59"
"xgb_REG_TEXT_TRANSPORTATION_USED_CAR_PAKISTAN_1","0.9420152492048646","1","XGBoost 🌲","REG_TEXT_TRANSPORTATION_USED_CAR_PAKISTAN","no_text","n306","finished","16","2026-07-25T08:27:43.000Z","2026-07-25 11:27:55"
"dpt_REG_TEXT_TRANSPORTATION_USED_CAR_PAKISTAN_1","0.6020280466769395","1","TabDPT 6️⃣","REG_TEXT_TRANSPORTATION_USED_CAR_PAKISTAN","text_only","nlp-srv3.dds.technion.ac.il","finished","746","2026-07-25T08:27:43.000Z","2026-07-25 11:39:48"
"xgb_REG_TEXT_TRANSPORTATION_USED_CAR_PAKISTAN_1","0.9300557992202622","1","XGBoost 🌲","REG_TEXT_TRANSPORTATION_USED_CAR_PAKISTAN","text_only","nlp20.iem.technion.ac.il","finished","142","2026-07-25T08:27:35.000Z","2026-07-25 11:29:56"
"rf_REG_TEXT_TRANSPORTATION_USED_CAR_PAKISTAN_1","0.9357890979062552","1","RandomForest 🌳","REG_TEXT_TRANSPORTATION_USED_CAR_PAKISTAN","no_text","nlp-srv3.dds.technion.ac.il","finished","12","2026-07-25T08:27:32.000Z","2026-07-25 11:27:23"
"rf_REG_TEXT_TRANSPORTATION_USED_CAR_PAKISTAN_1","0.9030506072306782","1","RandomForest 🌳","REG_TEXT_TRANSPORTATION_USED_CAR_PAKISTAN","text_only","nlp-srv3.dds.technion.ac.il","finished","228","2026-07-25T08:27:29.000Z","2026-07-25 11:30:56"
"iclv2_REG_TEXT_TRANSPORTATION_USED_CAR_PAKISTAN_1","0.9269165966441548","1","TabICLv2 🗼","REG_TEXT_TRANSPORTATION_USED_CAR_PAKISTAN","no_text","n306","finished","14","2026-07-25T08:27:22.000Z","2026-07-25 11:27:35"
"iclv2_REG_TEXT_TRANSPORTATION_USED_CAR_PAKISTAN_1","0.8727029641758839","1","TabICLv2 🗼","REG_TEXT_TRANSPORTATION_USED_CAR_PAKISTAN","text_only","nlp-srv3.dds.technion.ac.il","finished","247","2026-07-25T08:27:20.000Z","2026-07-25 11:31:05"
"real_REG_TEXT_TRANSPORTATION_USED_CAR_PAKISTAN_1","0.909793402736318","1","RealMLP 🕸","REG_TEXT_TRANSPORTATION_USED_CAR_PAKISTAN","no_text","n306","finished","72","2026-07-25T08:27:17.000Z","2026-07-25 11:28:28"
"real_REG_TEXT_TRANSPORTATION_USED_CAR_PAKISTAN_1","0.9099405220011848","1","RealMLP 🕸","REG_TEXT_TRANSPORTATION_USED_CAR_PAKISTAN","text_only","nlp-srv3.dds.technion.ac.il","finished","240","2026-07-25T08:27:11.000Z","2026-07-25 11:30:49"
"dpt_REG_TEXT_TRANSPORTATION_USED_CAR_MERCEDES_BENZ_ITALY_1","0.7545666098594666","1","TabDPT 6️⃣","REG_TEXT_TRANSPORTATION_USED_CAR_MERCEDES_BENZ_ITALY","text_only","n306","finished","510","2026-07-25T08:23:06.000Z","2026-07-25 11:31:35"
"xgb_REG_TEXT_TRANSPORTATION_USED_CAR_MERCEDES_BENZ_ITALY_1","0.8500590920448303","1","XGBoost 🌲","REG_TEXT_TRANSPORTATION_USED_CAR_MERCEDES_BENZ_ITALY","no_text","n306","finished","15","2026-07-25T08:23:05.000Z","2026-07-25 11:23:16"
"xgb_REG_TEXT_TRANSPORTATION_USED_CAR_MERCEDES_BENZ_ITALY_1","0.8637048006057739","1","XGBoost 🌲","REG_TEXT_TRANSPORTATION_USED_CAR_MERCEDES_BENZ_ITALY","text_only","nlp-srv3.dds.technion.ac.il","finished","105","2026-07-25T08:22:51.000Z","2026-07-25 11:24:15"
"rf_REG_TEXT_TRANSPORTATION_USED_CAR_MERCEDES_BENZ_ITALY_1","0.8392794677992939","1","RandomForest 🌳","REG_TEXT_TRANSPORTATION_USED_CAR_MERCEDES_BENZ_ITALY","no_text","n306","finished","14","2026-07-25T08:22:50.000Z","2026-07-25 11:23:02"
"rf_REG_TEXT_TRANSPORTATION_USED_CAR_MERCEDES_BENZ_ITALY_1","0.8621732097008542","1","RandomForest 🌳","REG_TEXT_TRANSPORTATION_USED_CAR_MERCEDES_BENZ_ITALY","text_only","nlp-srv3.dds.technion.ac.il","finished","99","2026-07-25T08:22:46.000Z","2026-07-25 11:24:03"
"iclv2_REG_TEXT_TRANSPORTATION_USED_CAR_MERCEDES_BENZ_ITALY_1","0.8723224997520447","1","TabICLv2 🗼","REG_TEXT_TRANSPORTATION_USED_CAR_MERCEDES_BENZ_ITALY","no_text","n306","finished","15","2026-07-25T08:22:43.000Z","2026-07-25 11:22:57"
"iclv2_REG_TEXT_TRANSPORTATION_USED_CAR_MERCEDES_BENZ_ITALY_1","0.9169716835021972","1","TabICLv2 🗼","REG_TEXT_TRANSPORTATION_USED_CAR_MERCEDES_BENZ_ITALY","text_only","nlp-srv3.dds.technion.ac.il","finished","99","2026-07-25T08:22:42.000Z","2026-07-25 11:24:00"
"real_REG_TEXT_TRANSPORTATION_USED_CAR_MERCEDES_BENZ_ITALY_1","0.8249597549438477","1","RealMLP 🕸","REG_TEXT_TRANSPORTATION_USED_CAR_MERCEDES_BENZ_ITALY","no_text","nlp-srv3.dds.technion.ac.il","finished","49","2026-07-25T08:22:42.000Z","2026-07-25 11:23:09"
"real_REG_TEXT_TRANSPORTATION_USED_CAR_MERCEDES_BENZ_ITALY_1","0.9008200764656068","1","RealMLP 🕸","REG_TEXT_TRANSPORTATION_USED_CAR_MERCEDES_BENZ_ITALY","text_only","n306","finished","107","2026-07-25T08:22:39.000Z","2026-07-25 11:24:25"
"dpt_REG_TEXT_SPORTS_NBA_DRAFT_VALUE_OVER_REPLACEMENT_1","0.73704405497331","1","TabDPT 6️⃣","REG_TEXT_SPORTS_NBA_DRAFT_VALUE_OVER_REPLACEMENT","no_text","nlp-srv3.dds.technion.ac.il","finished","21","2026-07-25T08:20:30.000Z","2026-07-25 11:20:29"
"dpt_REG_TEXT_SPORTS_NBA_DRAFT_VALUE_OVER_REPLACEMENT_1","0.36962092189748075","1","TabDPT 6️⃣","REG_TEXT_SPORTS_NBA_DRAFT_VALUE_OVER_REPLACEMENT","text_only","nlp-srv3.dds.technion.ac.il","finished","43","2026-07-25T08:20:28.000Z","2026-07-25 11:20:49"
"xgb_REG_TEXT_SPORTS_NBA_DRAFT_VALUE_OVER_REPLACEMENT_1","0.9777167043621996","1","XGBoost 🌲","REG_TEXT_SPORTS_NBA_DRAFT_VALUE_OVER_REPLACEMENT","no_text","n306","finished","15","2026-07-25T08:20:18.000Z","2026-07-25 11:20:30"
"xgb_REG_TEXT_SPORTS_NBA_DRAFT_VALUE_OVER_REPLACEMENT_1","0.4144552534944448","1","XGBoost 🌲","REG_TEXT_SPORTS_NBA_DRAFT_VALUE_OVER_REPLACEMENT","text_only","nlp-srv3.dds.technion.ac.il","finished","44","2026-07-25T08:20:10.000Z","2026-07-25 11:20:33"
"rf_REG_TEXT_SPORTS_NBA_DRAFT_VALUE_OVER_REPLACEMENT_1","0.9829717725435102","1","RandomForest 🌳","REG_TEXT_SPORTS_NBA_DRAFT_VALUE_OVER_REPLACEMENT","no_text","n306","finished","23","2026-07-25T08:20:06.000Z","2026-07-25 11:20:27"
"rf_REG_TEXT_SPORTS_NBA_DRAFT_VALUE_OVER_REPLACEMENT_1","0.3695738083233908","1","RandomForest 🌳","REG_TEXT_SPORTS_NBA_DRAFT_VALUE_OVER_REPLACEMENT","text_only","nlp-srv3.dds.technion.ac.il","finished","31","2026-07-25T08:20:02.000Z","2026-07-25 11:20:12"
"iclv2_REG_TEXT_SPORTS_NBA_DRAFT_VALUE_OVER_REPLACEMENT_1","0.999086482400179","1","TabICLv2 🗼","REG_TEXT_SPORTS_NBA_DRAFT_VALUE_OVER_REPLACEMENT","no_text","n306","finished","17","2026-07-25T08:19:57.000Z","2026-07-25 11:20:11"
"iclv2_REG_TEXT_SPORTS_NBA_DRAFT_VALUE_OVER_REPLACEMENT_1","0.49054074786545065","1","TabICLv2 🗼","REG_TEXT_SPORTS_NBA_DRAFT_VALUE_OVER_REPLACEMENT","text_only","nlp-srv3.dds.technion.ac.il","finished","39","2026-07-25T08:19:52.000Z","2026-07-25 11:20:09"
"real_REG_TEXT_SPORTS_NBA_DRAFT_VALUE_OVER_REPLACEMENT_1","0.9940299640481824","1","RealMLP 🕸","REG_TEXT_SPORTS_NBA_DRAFT_VALUE_OVER_REPLACEMENT","no_text","nlp-srv3.dds.technion.ac.il","finished","20","2026-07-25T08:19:43.000Z","2026-07-25 11:19:42"
"real_REG_TEXT_SPORTS_NBA_DRAFT_VALUE_OVER_REPLACEMENT_1","0.422234789892302","1","RealMLP 🕸","REG_TEXT_SPORTS_NBA_DRAFT_VALUE_OVER_REPLACEMENT","text_only","nlp-srv3.dds.technion.ac.il","finished","43","2026-07-25T08:19:41.000Z","2026-07-25 11:20:03"
"dpt_REG_TEXT_SPORTS_FIFA22_WAGES_1","0.669703400390797","1","TabDPT 6️⃣","REG_TEXT_SPORTS_FIFA22_WAGES","no_text","nlp-srv3.dds.technion.ac.il","finished","471","2026-07-25T08:14:50.000Z","2026-07-25 11:22:19"
"xgb_REG_TEXT_SPORTS_FIFA22_WAGES_1","0.699918102921602","1","XGBoost 🌲","REG_TEXT_SPORTS_FIFA22_WAGES","no_text","nlp-srv3.dds.technion.ac.il","finished","11","2026-07-25T08:14:34.000Z","2026-07-25 11:14:24"
"xgb_REG_TEXT_SPORTS_FIFA22_WAGES_1","0.03561235372972216","1","XGBoost 🌲","REG_TEXT_SPORTS_FIFA22_WAGES","text_only","nlp-srv3.dds.technion.ac.il","finished","99","2026-07-25T08:14:20.000Z","2026-07-25 11:15:38"
"rf_REG_TEXT_SPORTS_FIFA22_WAGES_1","0.7439269455795279","1","RandomForest 🌳","REG_TEXT_SPORTS_FIFA22_WAGES","no_text","nlp-srv3.dds.technion.ac.il","finished","19","2026-07-25T08:14:17.000Z","2026-07-25 11:14:15"
"rf_REG_TEXT_SPORTS_FIFA22_WAGES_1","0.025308260100530226","1","RandomForest 🌳","REG_TEXT_SPORTS_FIFA22_WAGES","text_only","n306","finished","67","2026-07-25T08:14:14.000Z","2026-07-25 11:15:20"
"iclv2_REG_TEXT_SPORTS_FIFA22_WAGES_1","0.7348432048486133","1","TabICLv2 🗼","REG_TEXT_SPORTS_FIFA22_WAGES","no_text","n306","finished","16","2026-07-25T08:13:53.000Z","2026-07-25 11:14:07"
"iclv2_REG_TEXT_SPORTS_FIFA22_WAGES_1","0.045585387382482745","1","TabICLv2 🗼","REG_TEXT_SPORTS_FIFA22_WAGES","text_only","n306","finished","68","2026-07-25T08:13:40.000Z","2026-07-25 11:14:47"
"real_REG_TEXT_SPORTS_FIFA22_WAGES_1","0.750463718517399","1","RealMLP 🕸","REG_TEXT_SPORTS_FIFA22_WAGES","no_text","nlp-srv3.dds.technion.ac.il","finished","45","2026-07-25T08:13:32.000Z","2026-07-25 11:13:55"
"real_REG_TEXT_SPORTS_FIFA22_WAGES_1","0.03672917934298303","1","RealMLP 🕸","REG_TEXT_SPORTS_FIFA22_WAGES","text_only","nlp-srv3.dds.technion.ac.il","finished","148","2026-07-25T08:13:07.000Z","2026-07-25 11:15:14"
"dpt_REG_TEXT_SOCIAL_MUSEUMS_US_REVENUES_1","0.019140081405717768","1","TabDPT 6️⃣","REG_TEXT_SOCIAL_MUSEUMS_US_REVENUES","text_only","n306","finished","967","2026-07-25T07:59:10.000Z","2026-07-25 11:15:15"
"xgb_REG_TEXT_SOCIAL_MUSEUMS_US_REVENUES_1","0.656047128363069","1","XGBoost 🌲","REG_TEXT_SOCIAL_MUSEUMS_US_REVENUES","no_text","nlp-srv3.dds.technion.ac.il","finished","21","2026-07-25T07:59:03.000Z","2026-07-25 10:59:02"
"xgb_REG_TEXT_SOCIAL_MUSEUMS_US_REVENUES_1","0.6463023487811246","1","XGBoost 🌲","REG_TEXT_SOCIAL_MUSEUMS_US_REVENUES","text_only","nlp-srv3.dds.technion.ac.il","finished","820","2026-07-25T07:58:47.000Z","2026-07-25 11:12:05"
"rf_REG_TEXT_SOCIAL_MUSEUMS_US_REVENUES_1","0.6437235301707759","1","RandomForest 🌳","REG_TEXT_SOCIAL_MUSEUMS_US_REVENUES","no_text","nlp-srv3.dds.technion.ac.il","finished","16","2026-07-25T07:58:42.000Z","2026-07-25 10:58:36"
"rf_REG_TEXT_SOCIAL_MUSEUMS_US_REVENUES_1","0.5925394469890406","1","RandomForest 🌳","REG_TEXT_SOCIAL_MUSEUMS_US_REVENUES","text_only","n306","finished","1136","2026-07-25T07:58:28.000Z","2026-07-25 11:17:23"
"iclv2_REG_TEXT_SOCIAL_MUSEUMS_US_REVENUES_1","0.07465543241291239","1","TabICLv2 🗼","REG_TEXT_SOCIAL_MUSEUMS_US_REVENUES","no_text","nlp-srv3.dds.technion.ac.il","finished","14","2026-07-25T07:58:21.000Z","2026-07-25 10:58:13"
"real_REG_TEXT_SOCIAL_MUSEUMS_US_REVENUES_1","0.2832821471808328","1","RealMLP 🕸","REG_TEXT_SOCIAL_MUSEUMS_US_REVENUES","no_text","n306","finished","69","2026-07-25T07:57:56.000Z","2026-07-25 10:59:03"
"dpt_REG_TEXT_SOCIAL_MOVIES_DATASET_REVENUE_1","0.6681713616761813","1","TabDPT 6️⃣","REG_TEXT_SOCIAL_MOVIES_DATASET_REVENUE","no_text","n306","finished","491","2026-07-25T07:39:03.000Z","2026-07-25 10:47:06"
"dpt_REG_TEXT_SOCIAL_MOVIES_DATASET_REVENUE_1","0.21769014124496777","1","TabDPT 6️⃣","REG_TEXT_SOCIAL_MOVIES_DATASET_REVENUE","text_only","nlp-srv3.dds.technion.ac.il","finished","1498","2026-07-25T07:38:56.000Z","2026-07-25 11:03:32"
"xgb_REG_TEXT_SOCIAL_MOVIES_DATASET_REVENUE_1","0.7774451794701196","1","XGBoost 🌲","REG_TEXT_SOCIAL_MOVIES_DATASET_REVENUE","no_text","n306","finished","19","2026-07-25T07:38:56.000Z","2026-07-25 10:39:12"
"xgb_REG_TEXT_SOCIAL_MOVIES_DATASET_REVENUE_1","0.32732486587392307","1","XGBoost 🌲","REG_TEXT_SOCIAL_MOVIES_DATASET_REVENUE","text_only","nlp-srv3.dds.technion.ac.il","finished","1022","2026-07-25T07:38:51.000Z","2026-07-25 10:55:31"
"rf_REG_TEXT_SOCIAL_MOVIES_DATASET_REVENUE_1","0.32041222943296155","1","RandomForest 🌳","REG_TEXT_SOCIAL_MOVIES_DATASET_REVENUE","text_only","nlp-srv3.dds.technion.ac.il","finished","1895","2026-07-25T07:38:34.000Z","2026-07-25 11:07:32"
"rf_REG_TEXT_SOCIAL_MOVIES_DATASET_REVENUE_1","0.7960934815453924","1","RandomForest 🌳","REG_TEXT_SOCIAL_MOVIES_DATASET_REVENUE","no_text","nlp-srv3.dds.technion.ac.il","finished","17","2026-07-25T07:38:34.000Z","2026-07-25 10:38:29"
"iclv2_REG_TEXT_SOCIAL_MOVIES_DATASET_REVENUE_1","0.7250594911680243","1","TabICLv2 🗼","REG_TEXT_SOCIAL_MOVIES_DATASET_REVENUE","no_text","nlp-srv3.dds.technion.ac.il","finished","17","2026-07-25T07:38:30.000Z","2026-07-25 10:38:25"
"iclv2_REG_TEXT_SOCIAL_MOVIES_DATASET_REVENUE_1","0.5714953812037178","1","TabICLv2 🗼","REG_TEXT_SOCIAL_MOVIES_DATASET_REVENUE","text_only","nlp20.iem.technion.ac.il","finished","706","2026-07-25T07:38:25.000Z","2026-07-25 10:50:09"
"real_REG_TEXT_SOCIAL_MOVIES_DATASET_REVENUE_1","0.6868048179388276","1","RealMLP 🕸","REG_TEXT_SOCIAL_MOVIES_DATASET_REVENUE","no_text","n306","finished","68","2026-07-25T07:38:23.000Z","2026-07-25 10:39:30"
"real_REG_TEXT_SOCIAL_MOVIES_DATASET_REVENUE_1","0.5142720285522284","1","RealMLP 🕸","REG_TEXT_SOCIAL_MOVIES_DATASET_REVENUE","text_only","nlp-srv3.dds.technion.ac.il","finished","1042","2026-07-25T07:38:18.000Z","2026-07-25 10:55:18"
"dpt_REG_TEXT_SOCIAL_KOREAN_DRAMA_1","0.18696909042257315","1","TabDPT 6️⃣","REG_TEXT_SOCIAL_KOREAN_DRAMA","no_text","nlp-srv3.dds.technion.ac.il","finished","15","2026-07-25T07:35:19.000Z","2026-07-25 10:35:13"
"dpt_REG_TEXT_SOCIAL_KOREAN_DRAMA_1","0.3943372906072275","1","TabDPT 6️⃣","REG_TEXT_SOCIAL_KOREAN_DRAMA","text_only","nlp-srv3.dds.technion.ac.il","finished","78","2026-07-25T07:35:11.000Z","2026-07-25 10:36:07"
"xgb_REG_TEXT_SOCIAL_KOREAN_DRAMA_1","0.15680185757737963","1","XGBoost 🌲","REG_TEXT_SOCIAL_KOREAN_DRAMA","no_text","nlp-srv3.dds.technion.ac.il","finished","11","2026-07-25T07:35:10.000Z","2026-07-25 10:34:59"
"xgb_REG_TEXT_SOCIAL_KOREAN_DRAMA_1","0.23377404874175411","1","XGBoost 🌲","REG_TEXT_SOCIAL_KOREAN_DRAMA","text_only","nlp-srv3.dds.technion.ac.il","finished","67","2026-07-25T07:35:05.000Z","2026-07-25 10:35:50"
"rf_REG_TEXT_SOCIAL_KOREAN_DRAMA_1","-0.016775142074070493","1","RandomForest 🌳","REG_TEXT_SOCIAL_KOREAN_DRAMA","no_text","n306","finished","44","2026-07-25T07:35:02.000Z","2026-07-25 10:35:45"
"rf_REG_TEXT_SOCIAL_KOREAN_DRAMA_1","0.2732209999185726","1","RandomForest 🌳","REG_TEXT_SOCIAL_KOREAN_DRAMA","text_only","n306","finished","73","2026-07-25T07:34:59.000Z","2026-07-25 10:36:11"
"iclv2_REG_TEXT_SOCIAL_KOREAN_DRAMA_1","0.207522392666035","1","TabICLv2 🗼","REG_TEXT_SOCIAL_KOREAN_DRAMA","no_text","nlp-srv3.dds.technion.ac.il","finished","11","2026-07-25T07:34:55.000Z","2026-07-25 10:34:45"
"iclv2_REG_TEXT_SOCIAL_KOREAN_DRAMA_1","0.36047875530583495","1","TabICLv2 🗼","REG_TEXT_SOCIAL_KOREAN_DRAMA","text_only","nlp-srv3.dds.technion.ac.il","finished","73","2026-07-25T07:34:53.000Z","2026-07-25 10:35:44"
"real_REG_TEXT_SOCIAL_KOREAN_DRAMA_1","0.1537985233455823","1","RealMLP 🕸","REG_TEXT_SOCIAL_KOREAN_DRAMA","no_text","n306","finished","21","2026-07-25T07:34:32.000Z","2026-07-25 10:34:52"
"real_REG_TEXT_SOCIAL_KOREAN_DRAMA_1","0.31514304197318976","1","RealMLP 🕸","REG_TEXT_SOCIAL_KOREAN_DRAMA","text_only","nlp-srv3.dds.technion.ac.il","finished","106","2026-07-25T07:34:11.000Z","2026-07-25 10:35:35"
"dpt_REG_TEXT_SOCIAL_FILMTV_MOVIE_RATING_ITALY_1","0.9853002727056392","1","TabDPT 6️⃣","REG_TEXT_SOCIAL_FILMTV_MOVIE_RATING_ITALY","no_text","n306","finished","558","2026-07-25T07:23:01.000Z","2026-07-25 10:32:17"
"dpt_REG_TEXT_SOCIAL_FILMTV_MOVIE_RATING_ITALY_1","0.3668316820398136","1","TabDPT 6️⃣","REG_TEXT_SOCIAL_FILMTV_MOVIE_RATING_ITALY","text_only","n306","finished","881","2026-07-25T07:22:48.000Z","2026-07-25 10:37:28"
"xgb_REG_TEXT_SOCIAL_FILMTV_MOVIE_RATING_ITALY_1","0.9785416860616282","1","XGBoost 🌲","REG_TEXT_SOCIAL_FILMTV_MOVIE_RATING_ITALY","no_text","n306","finished","22","2026-07-25T07:22:35.000Z","2026-07-25 10:22:54"
"xgb_REG_TEXT_SOCIAL_FILMTV_MOVIE_RATING_ITALY_1","0.3162406820692665","1","XGBoost 🌲","REG_TEXT_SOCIAL_FILMTV_MOVIE_RATING_ITALY","text_only","nlp20.iem.technion.ac.il","finished","403","2026-07-25T07:22:30.000Z","2026-07-25 10:29:11"
"rf_REG_TEXT_SOCIAL_FILMTV_MOVIE_RATING_ITALY_1","0.97723726180779","1","RandomForest 🌳","REG_TEXT_SOCIAL_FILMTV_MOVIE_RATING_ITALY","no_text","n306","finished","16","2026-07-25T07:22:29.000Z","2026-07-25 10:22:44"
"rf_REG_TEXT_SOCIAL_FILMTV_MOVIE_RATING_ITALY_1","0.3251767040871215","1","RandomForest 🌳","REG_TEXT_SOCIAL_FILMTV_MOVIE_RATING_ITALY","text_only","nlp-srv3.dds.technion.ac.il","finished","665","2026-07-25T07:22:19.000Z","2026-07-25 10:33:02"
"iclv2_REG_TEXT_SOCIAL_FILMTV_MOVIE_RATING_ITALY_1","0.9876622367294516","1","TabICLv2 🗼","REG_TEXT_SOCIAL_FILMTV_MOVIE_RATING_ITALY","no_text","n306","finished","26","2026-07-25T07:22:16.000Z","2026-07-25 10:22:41"
"iclv2_REG_TEXT_SOCIAL_FILMTV_MOVIE_RATING_ITALY_1","0.3991433506252928","1","TabICLv2 🗼","REG_TEXT_SOCIAL_FILMTV_MOVIE_RATING_ITALY","text_only","nlp-srv3.dds.technion.ac.il","finished","632","2026-07-25T07:21:26.000Z","2026-07-25 10:31:36"
"real_REG_TEXT_SOCIAL_FILMTV_MOVIE_RATING_ITALY_1","0.979653846282035","1","RealMLP 🕸","REG_TEXT_SOCIAL_FILMTV_MOVIE_RATING_ITALY","no_text","n306","finished","65","2026-07-25T07:21:22.000Z","2026-07-25 10:22:26"
"real_REG_TEXT_SOCIAL_FILMTV_MOVIE_RATING_ITALY_1","0.31482367072023354","1","RealMLP 🕸","REG_TEXT_SOCIAL_FILMTV_MOVIE_RATING_ITALY","text_only","nlp-srv3.dds.technion.ac.il","finished","643","2026-07-25T07:21:19.000Z","2026-07-25 10:31:40"
"dpt_REG_TEXT_SOCIAL_BOOKS_GOODREADS_1","0.8285018860817535","1","TabDPT 6️⃣","REG_TEXT_SOCIAL_BOOKS_GOODREADS","no_text","n305","finished","147","2026-07-25T07:15:11.000Z","2026-07-25 10:17:37"
"dpt_REG_TEXT_SOCIAL_BOOKS_GOODREADS_1","0.35044742535604","1","TabDPT 6️⃣","REG_TEXT_SOCIAL_BOOKS_GOODREADS","text_only","nlp-srv3.dds.technion.ac.il","finished","371","2026-07-25T07:15:09.000Z","2026-07-25 10:20:59"
"xgb_REG_TEXT_SOCIAL_BOOKS_GOODREADS_1","0.832220459659268","1","XGBoost 🌲","REG_TEXT_SOCIAL_BOOKS_GOODREADS","no_text","nlp-srv3.dds.technion.ac.il","finished","11","2026-07-25T07:15:05.000Z","2026-07-25 10:14:54"
"xgb_REG_TEXT_SOCIAL_BOOKS_GOODREADS_1","0.27254730376211556","1","XGBoost 🌲","REG_TEXT_SOCIAL_BOOKS_GOODREADS","text_only","n306","finished","158","2026-07-25T07:15:02.000Z","2026-07-25 10:17:38"
"rf_REG_TEXT_SOCIAL_BOOKS_GOODREADS_1","0.8425248174011919","1","RandomForest 🌳","REG_TEXT_SOCIAL_BOOKS_GOODREADS","no_text","nlp-srv3.dds.technion.ac.il","finished","11","2026-07-25T07:14:49.000Z","2026-07-25 10:14:38"
"rf_REG_TEXT_SOCIAL_BOOKS_GOODREADS_1","0.3559950257710771","1","RandomForest 🌳","REG_TEXT_SOCIAL_BOOKS_GOODREADS","text_only","nlp20.iem.technion.ac.il","finished","237","2026-07-25T07:14:38.000Z","2026-07-25 10:18:34"
"iclv2_REG_TEXT_SOCIAL_BOOKS_GOODREADS_1","0.7699464831969125","1","TabICLv2 🗼","REG_TEXT_SOCIAL_BOOKS_GOODREADS","no_text","n306","finished","12","2026-07-25T07:14:29.000Z","2026-07-25 10:14:40"
"iclv2_REG_TEXT_SOCIAL_BOOKS_GOODREADS_1","0.4055158736635468","1","TabICLv2 🗼","REG_TEXT_SOCIAL_BOOKS_GOODREADS","text_only","n306","finished","166","2026-07-25T07:14:25.000Z","2026-07-25 10:17:10"
"real_REG_TEXT_SOCIAL_BOOKS_GOODREADS_1","0.8325082429265759","1","RealMLP 🕸","REG_TEXT_SOCIAL_BOOKS_GOODREADS","no_text","nlp-srv3.dds.technion.ac.il","finished","25","2026-07-25T07:14:17.000Z","2026-07-25 10:14:21"
"real_REG_TEXT_SOCIAL_BOOKS_GOODREADS_1","0.2507711571874769","1","RealMLP 🕸","REG_TEXT_SOCIAL_BOOKS_GOODREADS","text_only","n306","finished","174","2026-07-25T07:14:02.000Z","2026-07-25 10:16:54"
"dpt_REG_TEXT_SOCIAL_ANIME_PLANET_RATING_1","0.5786540599914012","1","TabDPT 6️⃣","REG_TEXT_SOCIAL_ANIME_PLANET_RATING","text_only","n306","finished","704","2026-07-25T07:02:11.000Z","2026-07-25 10:13:54"
"xgb_REG_TEXT_SOCIAL_ANIME_PLANET_RATING_1","0.640614378694822","1","XGBoost 🌲","REG_TEXT_SOCIAL_ANIME_PLANET_RATING","no_text","nlp-srv3.dds.technion.ac.il","finished","11","2026-07-25T07:01:58.000Z","2026-07-25 10:01:47"
"xgb_REG_TEXT_SOCIAL_ANIME_PLANET_RATING_1","0.5717401468649321","1","XGBoost 🌲","REG_TEXT_SOCIAL_ANIME_PLANET_RATING","text_only","n306","finished","355","2026-07-25T07:01:57.000Z","2026-07-25 10:07:50"
"rf_REG_TEXT_SOCIAL_ANIME_PLANET_RATING_1","0.6110122609682728","1","RandomForest 🌳","REG_TEXT_SOCIAL_ANIME_PLANET_RATING","no_text","n306","finished","14","2026-07-25T07:01:55.000Z","2026-07-25 10:02:07"
"rf_REG_TEXT_SOCIAL_ANIME_PLANET_RATING_1","0.5754746084753324","1","RandomForest 🌳","REG_TEXT_SOCIAL_ANIME_PLANET_RATING","text_only","nlp-srv3.dds.technion.ac.il","finished","742","2026-07-25T07:01:50.000Z","2026-07-25 10:13:50"
"iclv2_REG_TEXT_SOCIAL_ANIME_PLANET_RATING_1","0.6614309081200008","1","TabICLv2 🗼","REG_TEXT_SOCIAL_ANIME_PLANET_RATING","no_text","nlp-srv3.dds.technion.ac.il","finished","14","2026-07-25T07:01:34.000Z","2026-07-25 10:01:26"
"iclv2_REG_TEXT_SOCIAL_ANIME_PLANET_RATING_1","0.667779510875237","1","TabICLv2 🗼","REG_TEXT_SOCIAL_ANIME_PLANET_RATING","text_only","n306","finished","382","2026-07-25T07:01:13.000Z","2026-07-25 10:07:34"
"real_REG_TEXT_SOCIAL_ANIME_PLANET_RATING_1","0.6465003818603696","1","RealMLP 🕸","REG_TEXT_SOCIAL_ANIME_PLANET_RATING","no_text","n306","finished","60","2026-07-25T07:00:10.000Z","2026-07-25 10:01:09"
"real_REG_TEXT_SOCIAL_ANIME_PLANET_RATING_1","0.5908507584900811","1","RealMLP 🕸","REG_TEXT_SOCIAL_ANIME_PLANET_RATING","text_only","nlp-srv3.dds.technion.ac.il","finished","687","2026-07-25T06:59:09.000Z","2026-07-25 10:10:15"
"dpt_REG_TEXT_SCIMAGOJR_IMPACT_1","0.7832218408584595","1","TabDPT 6️⃣","REG_TEXT_SCIMAGOJR_IMPACT","no_text","n306","finished","566","2026-07-25T06:43:03.000Z","2026-07-25 09:52:27"
"dpt_REG_TEXT_SCIMAGOJR_IMPACT_1","0.6916338801383972","1","TabDPT 6️⃣","REG_TEXT_SCIMAGOJR_IMPACT","text_only","nlp-srv3.dds.technion.ac.il","finished","1293","2026-07-25T06:42:54.000Z","2026-07-25 10:04:05"
"xgb_REG_TEXT_SCIMAGOJR_IMPACT_1","0.7558031678199768","1","XGBoost 🌲","REG_TEXT_SCIMAGOJR_IMPACT","no_text","n306","finished","15","2026-07-25T06:42:47.000Z","2026-07-25 09:42:59"
"xgb_REG_TEXT_SCIMAGOJR_IMPACT_1","0.6628457307815552","1","XGBoost 🌲","REG_TEXT_SCIMAGOJR_IMPACT","text_only","nlp20.iem.technion.ac.il","finished","654","2026-07-25T06:42:40.000Z","2026-07-25 09:53:33"
"rf_REG_TEXT_SCIMAGOJR_IMPACT_1","0.7698326219412709","1","RandomForest 🌳","REG_TEXT_SCIMAGOJR_IMPACT","no_text","n306","finished","18","2026-07-25T06:42:26.000Z","2026-07-25 09:42:43"
"rf_REG_TEXT_SCIMAGOJR_IMPACT_1","0.6851258195439474","1","RandomForest 🌳","REG_TEXT_SCIMAGOJR_IMPACT","text_only","nlp-srv3.dds.technion.ac.il","finished","1162","2026-07-25T06:42:11.000Z","2026-07-25 10:01:11"
"iclv2_REG_TEXT_SCIMAGOJR_IMPACT_1","0.8041828870773315","1","TabICLv2 🗼","REG_TEXT_SCIMAGOJR_IMPACT","no_text","n306","finished","14","2026-07-25T06:42:10.000Z","2026-07-25 09:42:23"
"iclv2_REG_TEXT_SCIMAGOJR_IMPACT_1","0.748924970626831","1","TabICLv2 🗼","REG_TEXT_SCIMAGOJR_IMPACT","text_only","n306","finished","553","2026-07-25T06:41:33.000Z","2026-07-25 09:50:45"
"real_REG_TEXT_SCIMAGOJR_IMPACT_1","0.7319309711456299","1","RealMLP 🕸","REG_TEXT_SCIMAGOJR_IMPACT","no_text","nlp20.iem.technion.ac.il","finished","63","2026-07-25T06:41:32.000Z","2026-07-25 09:42:34"
"real_REG_TEXT_SCIMAGOJR_IMPACT_1","0.7558286190032959","1","RealMLP 🕸","REG_TEXT_SCIMAGOJR_IMPACT","text_only","n305","finished","568","2026-07-25T06:40:13.000Z","2026-07-25 09:49:40"
"dpt_REG_TEXT_ROTTEN_TOMATOES_1","0.18867942474640864","1","TabDPT 6️⃣","REG_TEXT_ROTTEN_TOMATOES","no_text","n305","finished","198","2026-07-25T06:25:36.000Z","2026-07-25 09:28:52"
"xgb_REG_TEXT_ROTTEN_TOMATOES_1","0.1891744920157644","1","XGBoost 🌲","REG_TEXT_ROTTEN_TOMATOES","no_text","n305","finished","14","2026-07-25T06:25:15.000Z","2026-07-25 09:25:26"
"dpt_REG_TEXT_ROTTEN_TOMATOES_1","0.43751745900789374","1","TabDPT 6️⃣","REG_TEXT_ROTTEN_TOMATOES","text_only","nlp-srv3.dds.technion.ac.il","finished","1069","2026-07-25T06:25:15.000Z","2026-07-25 09:42:43"
"xgb_REG_TEXT_ROTTEN_TOMATOES_1","0.44825091024759967","1","XGBoost 🌲","REG_TEXT_ROTTEN_TOMATOES","text_only","nlp-srv3.dds.technion.ac.il","finished","837","2026-07-25T06:25:00.000Z","2026-07-25 09:38:35"
"rf_REG_TEXT_ROTTEN_TOMATOES_1","-0.04094551211098607","1","RandomForest 🌳","REG_TEXT_ROTTEN_TOMATOES","no_text","nlp-srv3.dds.technion.ac.il","finished","11","2026-07-25T06:24:59.000Z","2026-07-25 09:24:49"
"rf_REG_TEXT_ROTTEN_TOMATOES_1","0.4598410896426668","1","RandomForest 🌳","REG_TEXT_ROTTEN_TOMATOES","text_only","n306","finished","580","2026-07-25T06:24:55.000Z","2026-07-25 09:34:34"
"iclv2_REG_TEXT_ROTTEN_TOMATOES_1","0.18867571242417505","1","TabICLv2 🗼","REG_TEXT_ROTTEN_TOMATOES","no_text","nlp-srv3.dds.technion.ac.il","finished","13","2026-07-25T06:24:44.000Z","2026-07-25 09:24:35"
"real_REG_TEXT_ROTTEN_TOMATOES_1","0.18478865890144447","1","RealMLP 🕸","REG_TEXT_ROTTEN_TOMATOES","no_text","n305","finished","43","2026-07-25T06:24:27.000Z","2026-07-25 09:25:09"
"real_REG_TEXT_ROTTEN_TOMATOES_1","0.5419372113889964","1","RealMLP 🕸","REG_TEXT_ROTTEN_TOMATOES","text_only","n306","finished","442","2026-07-25T06:24:20.000Z","2026-07-25 09:31:41"
"dpt_REG_TEXT_PROFESSIONAL_ML_DS_AI_JOBS_SALARIES_1","0.11497694253921507","1","TabDPT 6️⃣","REG_TEXT_PROFESSIONAL_ML_DS_AI_JOBS_SALARIES","no_text","n305","finished","477","2026-07-25T06:17:42.000Z","2026-07-25 09:25:37"
"dpt_REG_TEXT_PROFESSIONAL_ML_DS_AI_JOBS_SALARIES_1","0.1019350290298462","1","TabDPT 6️⃣","REG_TEXT_PROFESSIONAL_ML_DS_AI_JOBS_SALARIES","text_only","nlp20.iem.technion.ac.il","finished","644","2026-07-25T06:17:37.000Z","2026-07-25 09:28:20"
"xgb_REG_TEXT_PROFESSIONAL_ML_DS_AI_JOBS_SALARIES_1","-1.82166051864624","1","XGBoost 🌲","REG_TEXT_PROFESSIONAL_ML_DS_AI_JOBS_SALARIES","text_only","nlp-srv3.dds.technion.ac.il","finished","99","2026-07-25T06:17:21.000Z","2026-07-25 09:18:38"
"xgb_REG_TEXT_PROFESSIONAL_ML_DS_AI_JOBS_SALARIES_1","0.02928948402404785","1","XGBoost 🌲","REG_TEXT_PROFESSIONAL_ML_DS_AI_JOBS_SALARIES","no_text","nlp20.iem.technion.ac.il","finished","14","2026-07-25T06:17:21.000Z","2026-07-25 09:17:34"
"rf_REG_TEXT_PROFESSIONAL_ML_DS_AI_JOBS_SALARIES_1","0.08704194813916355","1","RandomForest 🌳","REG_TEXT_PROFESSIONAL_ML_DS_AI_JOBS_SALARIES","no_text","nlp20.iem.technion.ac.il","finished","14","2026-07-25T06:17:05.000Z","2026-07-25 09:17:18"
"rf_REG_TEXT_PROFESSIONAL_ML_DS_AI_JOBS_SALARIES_1","-2.2396378112412405","1","RandomForest 🌳","REG_TEXT_PROFESSIONAL_ML_DS_AI_JOBS_SALARIES","text_only","nlp-srv3.dds.technion.ac.il","finished","106","2026-07-25T06:16:54.000Z","2026-07-25 09:18:19"
"iclv2_REG_TEXT_PROFESSIONAL_ML_DS_AI_JOBS_SALARIES_1","0.0003172159194946289","1","TabICLv2 🗼","REG_TEXT_PROFESSIONAL_ML_DS_AI_JOBS_SALARIES","no_text","nlp-srv3.dds.technion.ac.il","finished","14","2026-07-25T06:16:38.000Z","2026-07-25 09:16:30"
"iclv2_REG_TEXT_PROFESSIONAL_ML_DS_AI_JOBS_SALARIES_1","-0.04288768768310547","1","TabICLv2 🗼","REG_TEXT_PROFESSIONAL_ML_DS_AI_JOBS_SALARIES","text_only","n305","finished","67","2026-07-25T06:16:29.000Z","2026-07-25 09:17:35"
"real_REG_TEXT_PROFESSIONAL_ML_DS_AI_JOBS_SALARIES_1","0.027708053588867188","1","RealMLP 🕸","REG_TEXT_PROFESSIONAL_ML_DS_AI_JOBS_SALARIES","no_text","nlp-srv3.dds.technion.ac.il","finished","47","2026-07-25T06:16:28.000Z","2026-07-25 09:16:54"
"real_REG_TEXT_PROFESSIONAL_ML_DS_AI_JOBS_SALARIES_1","-5.870385646820068","1","RealMLP 🕸","REG_TEXT_PROFESSIONAL_ML_DS_AI_JOBS_SALARIES","text_only","nlp-srv3.dds.technion.ac.il","finished","162","2026-07-25T06:16:23.000Z","2026-07-25 09:18:36"
"dpt_REG_TEXT_PROFESSIONAL_COMPANY_EMPLOYEES_SIZE_1","-0.008978843688964844","1","TabDPT 6️⃣","REG_TEXT_PROFESSIONAL_COMPANY_EMPLOYEES_SIZE","no_text","nlp-srv3.dds.technion.ac.il","finished","550","2026-07-25T06:03:22.000Z","2026-07-25 09:12:10"
"dpt_REG_TEXT_PROFESSIONAL_COMPANY_EMPLOYEES_SIZE_1","0.005127906799316406","1","TabDPT 6️⃣","REG_TEXT_PROFESSIONAL_COMPANY_EMPLOYEES_SIZE","text_only","nlp-srv3.dds.technion.ac.il","finished","1138","2026-07-25T06:02:54.000Z","2026-07-25 09:21:30"
"xgb_REG_TEXT_PROFESSIONAL_COMPANY_EMPLOYEES_SIZE_1","-0.03973495960235596","1","XGBoost 🌲","REG_TEXT_PROFESSIONAL_COMPANY_EMPLOYEES_SIZE","no_text","nlp-srv3.dds.technion.ac.il","finished","55","2026-07-25T06:02:49.000Z","2026-07-25 09:03:23"
"xgb_REG_TEXT_PROFESSIONAL_COMPANY_EMPLOYEES_SIZE_1","-0.02508449554443359","1","XGBoost 🌲","REG_TEXT_PROFESSIONAL_COMPANY_EMPLOYEES_SIZE","text_only","nlp-srv3.dds.technion.ac.il","finished","620","2026-07-25T06:02:48.000Z","2026-07-25 09:12:46"
"rf_REG_TEXT_PROFESSIONAL_COMPANY_EMPLOYEES_SIZE_1","-0.18033545828814268","1","RandomForest 🌳","REG_TEXT_PROFESSIONAL_COMPANY_EMPLOYEES_SIZE","no_text","n306","finished","121","2026-07-25T06:02:39.000Z","2026-07-25 09:04:39"
"rf_REG_TEXT_PROFESSIONAL_COMPANY_EMPLOYEES_SIZE_1","0.059727920772127296","1","RandomForest 🌳","REG_TEXT_PROFESSIONAL_COMPANY_EMPLOYEES_SIZE","text_only","nlp-srv3.dds.technion.ac.il","finished","1007","2026-07-25T06:02:04.000Z","2026-07-25 09:18:30"
"iclv2_REG_TEXT_PROFESSIONAL_COMPANY_EMPLOYEES_SIZE_1","0.0046530961990356445","1","TabICLv2 🗼","REG_TEXT_PROFESSIONAL_COMPANY_EMPLOYEES_SIZE","no_text","nlp-srv3.dds.technion.ac.il","finished","53","2026-07-25T06:01:56.000Z","2026-07-25 09:02:28"
"iclv2_REG_TEXT_PROFESSIONAL_COMPANY_EMPLOYEES_SIZE_1","-0.0017169713973999023","1","TabICLv2 🗼","REG_TEXT_PROFESSIONAL_COMPANY_EMPLOYEES_SIZE","text_only","nlp-srv3.dds.technion.ac.il","finished","658","2026-07-25T06:01:20.000Z","2026-07-25 09:11:56"
"real_REG_TEXT_PROFESSIONAL_COMPANY_EMPLOYEES_SIZE_1","0.001796722412109375","1","RealMLP 🕸","REG_TEXT_PROFESSIONAL_COMPANY_EMPLOYEES_SIZE","no_text","nlp-srv3.dds.technion.ac.il","finished","87","2026-07-25T06:00:27.000Z","2026-07-25 09:01:33"
"real_REG_TEXT_PROFESSIONAL_COMPANY_EMPLOYEES_SIZE_1","0.00018256902694702148","1","RealMLP 🕸","REG_TEXT_PROFESSIONAL_COMPANY_EMPLOYEES_SIZE","text_only","nlp-srv3.dds.technion.ac.il","finished","654","2026-07-25T06:00:25.000Z","2026-07-25 09:10:57"
"dpt_REG_TEXT_MERCARI_MARKETPLACE_1","0.4008693472993461","1","TabDPT 6️⃣","REG_TEXT_MERCARI_MARKETPLACE","text_only","n306","finished","865","2026-07-25T05:58:56.000Z","2026-07-25 09:13:19"
"dpt_REG_TEXT_HOUSES_SAN_FRANCISCO_PERMITS_APPLICATIONS_1","0.5677970062520359","1","TabDPT 6️⃣","REG_TEXT_HOUSES_SAN_FRANCISCO_PERMITS_APPLICATIONS","no_text","nlp-srv3.dds.technion.ac.il","finished","469","2026-07-25T05:58:27.000Z","2026-07-25 09:05:55"
"real_REG_TEXT_HOUSES_AIRBNB_SEATTLE_1","0.5772267626403912","1","RealMLP 🕸","REG_TEXT_HOUSES_AIRBNB_SEATTLE","no_text","nlp-srv3.dds.technion.ac.il","finished","29","2026-07-25T05:58:22.000Z","2026-07-25 08:58:30"
"dpt_REG_TEXT_CONSUMER_CAR_PRICE_CARDEKHO_1","0.6318826980518983","1","TabDPT 6️⃣","REG_TEXT_CONSUMER_CAR_PRICE_CARDEKHO","text_only","nlp-srv3.dds.technion.ac.il","finished","3585","2026-07-25T05:55:09.000Z","2026-07-25 09:54:32"
"dpt_REG_TEXT_CONSUMER_BIKE_PRICE_BIKEWALE_1","0.08313935995101929","1","TabDPT 6️⃣","REG_TEXT_CONSUMER_BIKE_PRICE_BIKEWALE","no_text","n306","finished","315","2026-07-25T05:54:08.000Z","2026-07-25 08:59:22"
"dpt_REG_TEXT_MONTGOMERY_SALARIES_1","0.929876605518573","1","TabDPT 6️⃣","REG_TEXT_MONTGOMERY_SALARIES","no_text","nlp-srv3.dds.technion.ac.il","finished","275","2026-07-25T05:43:17.000Z","2026-07-25 08:47:30"
"dpt_REG_TEXT_MONTGOMERY_SALARIES_1","0.8398666301634677","1","TabDPT 6️⃣","REG_TEXT_MONTGOMERY_SALARIES","text_only","nlp-srv3.dds.technion.ac.il","finished","531","2026-07-25T05:43:03.000Z","2026-07-25 08:51:32"
"xgb_REG_TEXT_MONTGOMERY_SALARIES_1","0.9269830031593476","1","XGBoost 🌲","REG_TEXT_MONTGOMERY_SALARIES","no_text","nlp-srv3.dds.technion.ac.il","finished","10","2026-07-25T05:43:01.000Z","2026-07-25 08:42:50"
"xgb_REG_TEXT_MONTGOMERY_SALARIES_1","0.8333234120112787","1","XGBoost 🌲","REG_TEXT_MONTGOMERY_SALARIES","text_only","nlp-srv3.dds.technion.ac.il","finished","342","2026-07-25T05:42:59.000Z","2026-07-25 08:48:20"
"rf_REG_TEXT_MONTGOMERY_SALARIES_1","0.9270812755124932","1","RandomForest 🌳","REG_TEXT_MONTGOMERY_SALARIES","no_text","nlp-srv3.dds.technion.ac.il","finished","12","2026-07-25T05:42:47.000Z","2026-07-25 08:42:38"
"rf_REG_TEXT_MONTGOMERY_SALARIES_1","0.8071146325248121","1","RandomForest 🌳","REG_TEXT_MONTGOMERY_SALARIES","text_only","nlp-srv3.dds.technion.ac.il","finished","361","2026-07-25T05:42:46.000Z","2026-07-25 08:48:26"
"iclv2_REG_TEXT_MONTGOMERY_SALARIES_1","0.93680912023379","1","TabICLv2 🗼","REG_TEXT_MONTGOMERY_SALARIES","no_text","nlp-srv3.dds.technion.ac.il","finished","13","2026-07-25T05:42:43.000Z","2026-07-25 08:42:34"
"iclv2_REG_TEXT_MONTGOMERY_SALARIES_1","0.8979375653997737","1","TabICLv2 🗼","REG_TEXT_MONTGOMERY_SALARIES","text_only","nlp-srv3.dds.technion.ac.il","finished","333","2026-07-25T05:42:40.000Z","2026-07-25 08:47:51"
"real_REG_TEXT_MONTGOMERY_SALARIES_1","0.9308101728113212","1","RealMLP 🕸","REG_TEXT_MONTGOMERY_SALARIES","no_text","nlp-srv3.dds.technion.ac.il","finished","43","2026-07-25T05:42:00.000Z","2026-07-25 08:42:21"
"real_REG_TEXT_MONTGOMERY_SALARIES_1","0.8509209947749669","1","RealMLP 🕸","REG_TEXT_MONTGOMERY_SALARIES","text_only","nlp-srv3.dds.technion.ac.il","finished","319","2026-07-25T05:41:22.000Z","2026-07-25 08:46:19"
"dpt_REG_TEXT_MERCARI_MARKETPLACE_1","0.08662588825887674","1","TabDPT 6️⃣","REG_TEXT_MERCARI_MARKETPLACE","no_text","nlp-srv3.dds.technion.ac.il","finished","564","2026-07-25T05:18:55.000Z","2026-07-25 08:27:57"
"xgb_REG_TEXT_MERCARI_MARKETPLACE_1","0.07748585716361589","1","XGBoost 🌲","REG_TEXT_MERCARI_MARKETPLACE","no_text","nlp-srv3.dds.technion.ac.il","finished","12","2026-07-25T05:18:08.000Z","2026-07-25 08:17:58"
"xgb_REG_TEXT_MERCARI_MARKETPLACE_1","0.3150506308145612","1","XGBoost 🌲","REG_TEXT_MERCARI_MARKETPLACE","text_only","nlp-srv3.dds.technion.ac.il","finished","557","2026-07-25T05:17:50.000Z","2026-07-25 08:26:45"
"rf_REG_TEXT_MERCARI_MARKETPLACE_1","0.07786752552477572","1","RandomForest 🌳","REG_TEXT_MERCARI_MARKETPLACE","no_text","nlp-srv3.dds.technion.ac.il","finished","12","2026-07-25T05:17:34.000Z","2026-07-25 08:17:24"
"rf_REG_TEXT_MERCARI_MARKETPLACE_1","0.33116242291142917","1","RandomForest 🌳","REG_TEXT_MERCARI_MARKETPLACE","text_only","nlp-srv3.dds.technion.ac.il","finished","696","2026-07-25T05:16:56.000Z","2026-07-25 08:28:10"
"iclv2_REG_TEXT_MERCARI_MARKETPLACE_1","0.0822800244433397","1","TabICLv2 🗼","REG_TEXT_MERCARI_MARKETPLACE","no_text","nlp-srv3.dds.technion.ac.il","finished","14","2026-07-25T05:16:40.000Z","2026-07-25 08:16:32"
"iclv2_REG_TEXT_MERCARI_MARKETPLACE_1","0.39755486613012425","1","TabICLv2 🗼","REG_TEXT_MERCARI_MARKETPLACE","text_only","nlp-srv3.dds.technion.ac.il","finished","676","2026-07-25T05:15:50.000Z","2026-07-25 08:26:44"
"real_REG_TEXT_MERCARI_MARKETPLACE_1","0.07903406463854123","1","RealMLP 🕸","REG_TEXT_MERCARI_MARKETPLACE","no_text","nlp-srv3.dds.technion.ac.il","finished","47","2026-07-25T05:15:48.000Z","2026-07-25 08:16:14"
"real_REG_TEXT_MERCARI_MARKETPLACE_1","0.3123028040435979","1","RealMLP 🕸","REG_TEXT_MERCARI_MARKETPLACE","text_only","nlp-srv3.dds.technion.ac.il","finished","631","2026-07-25T05:15:19.000Z","2026-07-25 08:25:28"
"dpt_REG_TEXT_HOUSES_SAN_FRANCISCO_PERMITS_APPLICATIONS_1","0.2175689037121896","1","TabDPT 6️⃣","REG_TEXT_HOUSES_SAN_FRANCISCO_PERMITS_APPLICATIONS","text_only","nlp-srv3.dds.technion.ac.il","finished","737","2026-07-25T04:57:36.000Z","2026-07-25 08:09:32"
"xgb_REG_TEXT_HOUSES_SAN_FRANCISCO_PERMITS_APPLICATIONS_1","0.5670328406011264","1","XGBoost 🌲","REG_TEXT_HOUSES_SAN_FRANCISCO_PERMITS_APPLICATIONS","no_text","nlp-srv3.dds.technion.ac.il","finished","16","2026-07-25T04:57:15.000Z","2026-07-25 07:57:09"
"xgb_REG_TEXT_HOUSES_SAN_FRANCISCO_PERMITS_APPLICATIONS_1","0.14600269225667095","1","XGBoost 🌲","REG_TEXT_HOUSES_SAN_FRANCISCO_PERMITS_APPLICATIONS","text_only","nlp-srv3.dds.technion.ac.il","finished","403","2026-07-25T04:57:00.000Z","2026-07-25 08:03:21"
"rf_REG_TEXT_HOUSES_SAN_FRANCISCO_PERMITS_APPLICATIONS_1","0.5672541445733985","1","RandomForest 🌳","REG_TEXT_HOUSES_SAN_FRANCISCO_PERMITS_APPLICATIONS","no_text","nlp-srv3.dds.technion.ac.il","finished","21","2026-07-25T04:56:34.000Z","2026-07-25 07:56:33"
"rf_REG_TEXT_HOUSES_SAN_FRANCISCO_PERMITS_APPLICATIONS_1","0.15639042584211038","1","RandomForest 🌳","REG_TEXT_HOUSES_SAN_FRANCISCO_PERMITS_APPLICATIONS","text_only","nlp-srv3.dds.technion.ac.il","finished","482","2026-07-25T04:56:32.000Z","2026-07-25 08:04:13"
"iclv2_REG_TEXT_HOUSES_SAN_FRANCISCO_PERMITS_APPLICATIONS_1","0.56392139139312","1","TabICLv2 🗼","REG_TEXT_HOUSES_SAN_FRANCISCO_PERMITS_APPLICATIONS","no_text","nlp-srv3.dds.technion.ac.il","finished","18","2026-07-25T04:56:12.000Z","2026-07-25 07:56:09"
"iclv2_REG_TEXT_HOUSES_SAN_FRANCISCO_PERMITS_APPLICATIONS_1","0.33593632222598446","1","TabICLv2 🗼","REG_TEXT_HOUSES_SAN_FRANCISCO_PERMITS_APPLICATIONS","text_only","nlp-srv3.dds.technion.ac.il","finished","339","2026-07-25T04:55:54.000Z","2026-07-25 08:01:11"
"real_REG_TEXT_HOUSES_SAN_FRANCISCO_PERMITS_APPLICATIONS_1","0.5102313344238381","1","RealMLP 🕸","REG_TEXT_HOUSES_SAN_FRANCISCO_PERMITS_APPLICATIONS","no_text","nlp-srv3.dds.technion.ac.il","finished","163","2026-07-25T04:53:25.000Z","2026-07-25 07:54:02"
"real_REG_TEXT_HOUSES_SAN_FRANCISCO_PERMITS_APPLICATIONS_1","0.17501401887280832","1","RealMLP 🕸","REG_TEXT_HOUSES_SAN_FRANCISCO_PERMITS_APPLICATIONS","text_only","nlp-srv3.dds.technion.ac.il","finished","364","2026-07-25T04:51:30.000Z","2026-07-25 07:57:13"
"dpt_REG_TEXT_HOUSES_CALIFORNIA_PRICES_2020_1","0.9352117483059624","1","TabDPT 6️⃣","REG_TEXT_HOUSES_CALIFORNIA_PRICES_2020","no_text","nlp-srv3.dds.technion.ac.il","finished","580","2026-07-25T03:56:07.000Z","2026-07-25 07:05:25"
"dpt_REG_TEXT_HOUSES_CALIFORNIA_PRICES_2020_1","0.7231920628488062","1","TabDPT 6️⃣","REG_TEXT_HOUSES_CALIFORNIA_PRICES_2020","text_only","nlp-srv3.dds.technion.ac.il","finished","2376","2026-07-25T03:56:01.000Z","2026-07-25 07:35:15"
"xgb_REG_TEXT_HOUSES_CALIFORNIA_PRICES_2020_1","0.9243496182569262","1","XGBoost 🌲","REG_TEXT_HOUSES_CALIFORNIA_PRICES_2020","no_text","nlp-srv3.dds.technion.ac.il","finished","12","2026-07-25T03:55:51.000Z","2026-07-25 06:55:42"
"xgb_REG_TEXT_HOUSES_CALIFORNIA_PRICES_2020_1","0.711874544153696","1","XGBoost 🌲","REG_TEXT_HOUSES_CALIFORNIA_PRICES_2020","text_only","nlp-srv3.dds.technion.ac.il","finished","1634","2026-07-25T03:55:48.000Z","2026-07-25 07:22:40"
"rf_REG_TEXT_HOUSES_CALIFORNIA_PRICES_2020_1","0.9236381207910552","1","RandomForest 🌳","REG_TEXT_HOUSES_CALIFORNIA_PRICES_2020","no_text","nlp-srv3.dds.technion.ac.il","finished","18","2026-07-25T03:55:40.000Z","2026-07-25 06:55:37"
"rf_REG_TEXT_HOUSES_CALIFORNIA_PRICES_2020_1","0.6816689971158183","1","RandomForest 🌳","REG_TEXT_HOUSES_CALIFORNIA_PRICES_2020","text_only","nlp-srv3.dds.technion.ac.il","finished","1886","2026-07-25T03:55:33.000Z","2026-07-25 07:26:38"
"iclv2_REG_TEXT_HOUSES_CALIFORNIA_PRICES_2020_1","0.9378064676352948","1","TabICLv2 🗼","REG_TEXT_HOUSES_CALIFORNIA_PRICES_2020","no_text","nlp-srv3.dds.technion.ac.il","finished","15","2026-07-25T03:55:19.000Z","2026-07-25 06:55:12"
"iclv2_REG_TEXT_HOUSES_CALIFORNIA_PRICES_2020_1","0.7918180964730802","1","TabICLv2 🗼","REG_TEXT_HOUSES_CALIFORNIA_PRICES_2020","text_only","nlp-srv3.dds.technion.ac.il","finished","1814","2026-07-25T03:55:11.000Z","2026-07-25 07:25:03"
"real_REG_TEXT_HOUSES_CALIFORNIA_PRICES_2020_1","0.916963765384279","1","RealMLP 🕸","REG_TEXT_HOUSES_CALIFORNIA_PRICES_2020","no_text","nlp-srv3.dds.technion.ac.il","finished","48","2026-07-25T03:54:56.000Z","2026-07-25 06:55:23"
"real_REG_TEXT_HOUSES_CALIFORNIA_PRICES_2020_1","0.7783633332134857","1","RealMLP 🕸","REG_TEXT_HOUSES_CALIFORNIA_PRICES_2020","text_only","nlp-srv3.dds.technion.ac.il","finished","1698","2026-07-25T03:53:52.000Z","2026-07-25 07:21:48"
"dpt_REG_TEXT_HOUSES_AIRBNB_SEATTLE_1","0.6601813296320511","1","TabDPT 6️⃣","REG_TEXT_HOUSES_AIRBNB_SEATTLE","no_text","nlp-srv3.dds.technion.ac.il","finished","182","2026-07-25T03:38:58.000Z","2026-07-25 06:41:38"
"dpt_REG_TEXT_HOUSES_AIRBNB_SEATTLE_1","0.4611105676734309","1","TabDPT 6️⃣","REG_TEXT_HOUSES_AIRBNB_SEATTLE","text_only","nlp-srv3.dds.technion.ac.il","finished","525","2026-07-25T03:38:17.000Z","2026-07-25 06:46:40"
"xgb_REG_TEXT_HOUSES_AIRBNB_SEATTLE_1","0.6579771030882289","1","XGBoost 🌲","REG_TEXT_HOUSES_AIRBNB_SEATTLE","no_text","nlp-srv3.dds.technion.ac.il","finished","11","2026-07-25T03:38:01.000Z","2026-07-25 06:37:51"
"xgb_REG_TEXT_HOUSES_AIRBNB_SEATTLE_1","0.21757920521908392","1","XGBoost 🌲","REG_TEXT_HOUSES_AIRBNB_SEATTLE","text_only","nlp20.iem.technion.ac.il","finished","301","2026-07-25T03:37:55.000Z","2026-07-25 06:42:55"
"rf_REG_TEXT_HOUSES_AIRBNB_SEATTLE_1","0.5883459808999691","1","RandomForest 🌳","REG_TEXT_HOUSES_AIRBNB_SEATTLE","no_text","nlp-srv3.dds.technion.ac.il","finished","14","2026-07-25T03:37:45.000Z","2026-07-25 06:37:37"
"rf_REG_TEXT_HOUSES_AIRBNB_SEATTLE_1","0.2593192811263305","1","RandomForest 🌳","REG_TEXT_HOUSES_AIRBNB_SEATTLE","text_only","nlp-srv3.dds.technion.ac.il","finished","451","2026-07-25T03:37:33.000Z","2026-07-25 06:44:43"
"iclv2_REG_TEXT_HOUSES_AIRBNB_SEATTLE_1","0.6868693584940355","1","TabICLv2 🗼","REG_TEXT_HOUSES_AIRBNB_SEATTLE","no_text","nlp-srv3.dds.technion.ac.il","finished","13","2026-07-25T03:37:29.000Z","2026-07-25 06:37:20"
"iclv2_REG_TEXT_HOUSES_AIRBNB_SEATTLE_1","0.46271426783430736","1","TabICLv2 🗼","REG_TEXT_HOUSES_AIRBNB_SEATTLE","text_only","nlp-srv3.dds.technion.ac.il","finished","477","2026-07-25T03:37:23.000Z","2026-07-25 06:44:59"
"real_REG_TEXT_HOUSES_AIRBNB_SEATTLE_1","0.4222480250419298","1","RealMLP 🕸","REG_TEXT_HOUSES_AIRBNB_SEATTLE","text_only","nlp-srv3.dds.technion.ac.il","finished","443","2026-07-25T03:37:06.000Z","2026-07-25 06:44:08"
"dpt_REG_TEXT_FOOD_WINE_VIVINO_SPAIN_1","0.7909751737338291","1","TabDPT 6️⃣","REG_TEXT_FOOD_WINE_VIVINO_SPAIN","no_text","nlp-srv3.dds.technion.ac.il","finished","209","2026-07-25T03:29:58.000Z","2026-07-25 06:33:06"
"dpt_REG_TEXT_FOOD_WINE_VIVINO_SPAIN_1","0.7721783723030723","1","TabDPT 6️⃣","REG_TEXT_FOOD_WINE_VIVINO_SPAIN","text_only","nlp-srv3.dds.technion.ac.il","finished","372","2026-07-25T03:29:51.000Z","2026-07-25 06:35:42"
"xgb_REG_TEXT_FOOD_WINE_VIVINO_SPAIN_1","0.7824229003374448","1","XGBoost 🌲","REG_TEXT_FOOD_WINE_VIVINO_SPAIN","no_text","nlp-srv3.dds.technion.ac.il","finished","12","2026-07-25T03:29:42.000Z","2026-07-25 06:29:32"
"xgb_REG_TEXT_FOOD_WINE_VIVINO_SPAIN_1","0.7468897959684553","1","XGBoost 🌲","REG_TEXT_FOOD_WINE_VIVINO_SPAIN","text_only","nlp-srv3.dds.technion.ac.il","finished","158","2026-07-25T03:29:38.000Z","2026-07-25 06:31:55"
"rf_REG_TEXT_FOOD_WINE_VIVINO_SPAIN_1","0.7857929978384094","1","RandomForest 🌳","REG_TEXT_FOOD_WINE_VIVINO_SPAIN","no_text","nlp-srv3.dds.technion.ac.il","finished","11","2026-07-25T03:29:35.000Z","2026-07-25 06:29:25"
"rf_REG_TEXT_FOOD_WINE_VIVINO_SPAIN_1","0.7590739156100701","1","RandomForest 🌳","REG_TEXT_FOOD_WINE_VIVINO_SPAIN","text_only","nlp-srv3.dds.technion.ac.il","finished","164","2026-07-25T03:29:31.000Z","2026-07-25 06:31:54"
"iclv2_REG_TEXT_FOOD_WINE_VIVINO_SPAIN_1","0.794575904254274","1","TabICLv2 🗼","REG_TEXT_FOOD_WINE_VIVINO_SPAIN","no_text","nlp-srv3.dds.technion.ac.il","finished","13","2026-07-25T03:29:26.000Z","2026-07-25 06:29:17"
"iclv2_REG_TEXT_FOOD_WINE_VIVINO_SPAIN_1","0.7780119488507795","1","TabICLv2 🗼","REG_TEXT_FOOD_WINE_VIVINO_SPAIN","text_only","nlp-srv3.dds.technion.ac.il","finished","165","2026-07-25T03:29:23.000Z","2026-07-25 06:31:47"
"real_REG_TEXT_FOOD_WINE_VIVINO_SPAIN_1","0.7470590515878142","1","RealMLP 🕸","REG_TEXT_FOOD_WINE_VIVINO_SPAIN","no_text","nlp-srv3.dds.technion.ac.il","finished","44","2026-07-25T03:29:22.000Z","2026-07-25 06:29:45"
"real_REG_TEXT_FOOD_WINE_VIVINO_SPAIN_1","0.7419493318096853","1","RealMLP 🕸","REG_TEXT_FOOD_WINE_VIVINO_SPAIN","text_only","nlp-srv3.dds.technion.ac.il","finished","166","2026-07-25T03:29:20.000Z","2026-07-25 06:31:44"
"dpt_REG_TEXT_FOOD_WINE_POLISH_MARKET_PRICES_1","0.5255871589954235","1","TabDPT 6️⃣","REG_TEXT_FOOD_WINE_POLISH_MARKET_PRICES","no_text","nlp-srv3.dds.technion.ac.il","finished","22","2026-07-25T03:26:02.000Z","2026-07-25 06:26:03"
"dpt_REG_TEXT_FOOD_WINE_POLISH_MARKET_PRICES_1","0.3800333306494158","1","TabDPT 6️⃣","REG_TEXT_FOOD_WINE_POLISH_MARKET_PRICES","text_only","nlp-srv3.dds.technion.ac.il","finished","160","2026-07-25T03:26:01.000Z","2026-07-25 06:27:08"
"xgb_REG_TEXT_FOOD_WINE_POLISH_MARKET_PRICES_1","0.4140980021982964","1","XGBoost 🌲","REG_TEXT_FOOD_WINE_POLISH_MARKET_PRICES","no_text","nlp-srv3.dds.technion.ac.il","finished","11","2026-07-25T03:26:00.000Z","2026-07-25 06:25:49"
"xgb_REG_TEXT_FOOD_WINE_POLISH_MARKET_PRICES_1","0.08301533801379535","1","XGBoost 🌲","REG_TEXT_FOOD_WINE_POLISH_MARKET_PRICES","text_only","nlp20.iem.technion.ac.il","finished","77","2026-07-25T03:25:45.000Z","2026-07-25 06:27:01"
"rf_REG_TEXT_FOOD_WINE_POLISH_MARKET_PRICES_1","-0.3647878207351998","1","RandomForest 🌳","REG_TEXT_FOOD_WINE_POLISH_MARKET_PRICES","no_text","nlp-srv3.dds.technion.ac.il","finished","11","2026-07-25T03:25:44.000Z","2026-07-25 06:25:33"
"rf_REG_TEXT_FOOD_WINE_POLISH_MARKET_PRICES_1","0.04182670953786094","1","RandomForest 🌳","REG_TEXT_FOOD_WINE_POLISH_MARKET_PRICES","text_only","nlp-srv3.dds.technion.ac.il","finished","108","2026-07-25T03:25:39.000Z","2026-07-25 06:27:06"
"iclv2_REG_TEXT_FOOD_WINE_POLISH_MARKET_PRICES_1","0.11064478896849785","1","TabICLv2 🗼","REG_TEXT_FOOD_WINE_POLISH_MARKET_PRICES","no_text","nlp-srv3.dds.technion.ac.il","finished","14","2026-07-25T03:25:23.000Z","2026-07-25 06:25:16"
"iclv2_REG_TEXT_FOOD_WINE_POLISH_MARKET_PRICES_1","0.24857997672633392","1","TabICLv2 🗼","REG_TEXT_FOOD_WINE_POLISH_MARKET_PRICES","text_only","nlp-srv3.dds.technion.ac.il","finished","105","2026-07-25T03:25:20.000Z","2026-07-25 06:26:44"
"real_REG_TEXT_FOOD_WINE_POLISH_MARKET_PRICES_1","0.5300806430593124","1","RealMLP 🕸","REG_TEXT_FOOD_WINE_POLISH_MARKET_PRICES","no_text","nlp-srv3.dds.technion.ac.il","finished","22","2026-07-25T03:25:17.000Z","2026-07-25 06:25:18"
"real_REG_TEXT_FOOD_WINE_POLISH_MARKET_PRICES_1","0.3339788819563836","1","RealMLP 🕸","REG_TEXT_FOOD_WINE_POLISH_MARKET_PRICES","text_only","nlp-srv3.dds.technion.ac.il","finished","117","2026-07-25T03:25:10.000Z","2026-07-25 06:26:46"
"dpt_REG_TEXT_FOOD_RAMEN_RATINGS_2022_1","0.15014216587209983","1","TabDPT 6️⃣","REG_TEXT_FOOD_RAMEN_RATINGS_2022","no_text","nlp20.iem.technion.ac.il","finished","192","2026-07-25T03:21:33.000Z","2026-07-25 06:24:44"
"dpt_REG_TEXT_FOOD_RAMEN_RATINGS_2022_1","0.26481104101551334","1","TabDPT 6️⃣","REG_TEXT_FOOD_RAMEN_RATINGS_2022","text_only","nlp-srv3.dds.technion.ac.il","finished","195","2026-07-25T03:21:33.000Z","2026-07-25 06:24:26"
"xgb_REG_TEXT_FOOD_RAMEN_RATINGS_2022_1","0.16687725131337416","1","XGBoost 🌲","REG_TEXT_FOOD_RAMEN_RATINGS_2022","no_text","nlp-srv3.dds.technion.ac.il","finished","11","2026-07-25T03:21:32.000Z","2026-07-25 06:21:22"
"xgb_REG_TEXT_FOOD_RAMEN_RATINGS_2022_1","0.13347963924470208","1","XGBoost 🌲","REG_TEXT_FOOD_RAMEN_RATINGS_2022","text_only","nlp-srv3.dds.technion.ac.il","finished","47","2026-07-25T03:21:29.000Z","2026-07-25 06:21:55"
"rf_REG_TEXT_FOOD_RAMEN_RATINGS_2022_1","0.16362184486802922","1","RandomForest 🌳","REG_TEXT_FOOD_RAMEN_RATINGS_2022","no_text","nlp-srv3.dds.technion.ac.il","finished","11","2026-07-25T03:21:17.000Z","2026-07-25 06:21:07"
"rf_REG_TEXT_FOOD_RAMEN_RATINGS_2022_1","0.20510062738802604","1","RandomForest 🌳","REG_TEXT_FOOD_RAMEN_RATINGS_2022","text_only","nlp-srv3.dds.technion.ac.il","finished","83","2026-07-25T03:21:09.000Z","2026-07-25 06:22:10"
"iclv2_REG_TEXT_FOOD_RAMEN_RATINGS_2022_1","0.1471773523201414","1","TabICLv2 🗼","REG_TEXT_FOOD_RAMEN_RATINGS_2022","no_text","nlp-srv3.dds.technion.ac.il","finished","12","2026-07-25T03:20:53.000Z","2026-07-25 06:20:44"
"iclv2_REG_TEXT_FOOD_RAMEN_RATINGS_2022_1","0.2658971787383074","1","TabICLv2 🗼","REG_TEXT_FOOD_RAMEN_RATINGS_2022","text_only","nlp-srv3.dds.technion.ac.il","finished","56","2026-07-25T03:20:50.000Z","2026-07-25 06:21:25"
"real_REG_TEXT_FOOD_RAMEN_RATINGS_2022_1","0.1269814609223786","1","RealMLP 🕸","REG_TEXT_FOOD_RAMEN_RATINGS_2022","no_text","nlp-srv3.dds.technion.ac.il","finished","24","2026-07-25T03:20:46.000Z","2026-07-25 06:20:49"
"real_REG_TEXT_FOOD_RAMEN_RATINGS_2022_1","0.0955419109914858","1","RealMLP 🕸","REG_TEXT_FOOD_RAMEN_RATINGS_2022","text_only","nlp-srv3.dds.technion.ac.il","finished","70","2026-07-25T03:20:43.000Z","2026-07-25 06:21:32"
"dpt_REG_TEXT_FOOD_COFFEE_REVIEW_1","0.9668918251991272","1","TabDPT 6️⃣","REG_TEXT_FOOD_COFFEE_REVIEW","no_text","nlp-srv3.dds.technion.ac.il","finished","98","2026-07-25T03:13:28.000Z","2026-07-25 06:14:45"
"dpt_REG_TEXT_FOOD_COFFEE_REVIEW_1","0.5514914989471436","1","TabDPT 6️⃣","REG_TEXT_FOOD_COFFEE_REVIEW","text_only","nlp-srv3.dds.technion.ac.il","finished","282","2026-07-25T03:13:25.000Z","2026-07-25 06:17:46"
"xgb_REG_TEXT_FOOD_COFFEE_REVIEW_1","0.9835098385810852","1","XGBoost 🌲","REG_TEXT_FOOD_COFFEE_REVIEW","no_text","nlp-srv3.dds.technion.ac.il","finished","12","2026-07-25T03:13:22.000Z","2026-07-25 06:13:13"
"xgb_REG_TEXT_FOOD_COFFEE_REVIEW_1","0.4597929120063782","1","XGBoost 🌲","REG_TEXT_FOOD_COFFEE_REVIEW","text_only","nlp-srv3.dds.technion.ac.il","finished","222","2026-07-25T03:13:16.000Z","2026-07-25 06:16:37"
"rf_REG_TEXT_FOOD_COFFEE_REVIEW_1","0.9779077746319002","1","RandomForest 🌳","REG_TEXT_FOOD_COFFEE_REVIEW","no_text","nlp-srv3.dds.technion.ac.il","finished","12","2026-07-25T03:13:09.000Z","2026-07-25 06:13:00"
"iclv2_REG_TEXT_FOOD_COFFEE_REVIEW_1","0.9965071082115172","1","TabICLv2 🗼","REG_TEXT_FOOD_COFFEE_REVIEW","no_text","nlp-srv3.dds.technion.ac.il","finished","13","2026-07-25T03:13:07.000Z","2026-07-25 06:12:58"
"rf_REG_TEXT_FOOD_COFFEE_REVIEW_1","0.4415073762963959","1","RandomForest 🌳","REG_TEXT_FOOD_COFFEE_REVIEW","text_only","nlp-srv3.dds.technion.ac.il","finished","232","2026-07-25T03:13:07.000Z","2026-07-25 06:16:38"
"iclv2_REG_TEXT_FOOD_COFFEE_REVIEW_1","0.6167571544647217","1","TabICLv2 🗼","REG_TEXT_FOOD_COFFEE_REVIEW","text_only","nlp-srv3.dds.technion.ac.il","finished","213","2026-07-25T03:13:04.000Z","2026-07-25 06:16:15"
"real_REG_TEXT_FOOD_COFFEE_REVIEW_1","0.9966397285461426","1","RealMLP 🕸","REG_TEXT_FOOD_COFFEE_REVIEW","no_text","nlp-srv3.dds.technion.ac.il","finished","22","2026-07-25T03:13:01.000Z","2026-07-25 06:13:02"
"real_REG_TEXT_FOOD_COFFEE_REVIEW_1","0.6219862699508667","1","RealMLP 🕸","REG_TEXT_FOOD_COFFEE_REVIEW","text_only","nlp-srv3.dds.technion.ac.il","finished","191","2026-07-25T03:12:58.000Z","2026-07-25 06:15:48"
"dpt_REG_TEXT_FOOD_CHOCOLATE_BAR_RATINGS_1","0.2551344646430943","1","TabDPT 6️⃣","REG_TEXT_FOOD_CHOCOLATE_BAR_RATINGS","no_text","nlp20.iem.technion.ac.il","finished","29","2026-07-25T03:11:13.000Z","2026-07-25 06:11:41"
"dpt_REG_TEXT_FOOD_CHOCOLATE_BAR_RATINGS_1","0.1667276239257548","1","TabDPT 6️⃣","REG_TEXT_FOOD_CHOCOLATE_BAR_RATINGS","text_only","nlp-srv3.dds.technion.ac.il","finished","57","2026-07-25T03:11:11.000Z","2026-07-25 06:11:46"
"xgb_REG_TEXT_FOOD_CHOCOLATE_BAR_RATINGS_1","0.20125143707840032","1","XGBoost 🌲","REG_TEXT_FOOD_CHOCOLATE_BAR_RATINGS","no_text","nlp-srv3.dds.technion.ac.il","finished","13","2026-07-25T03:11:07.000Z","2026-07-25 06:10:59"
"xgb_REG_TEXT_FOOD_CHOCOLATE_BAR_RATINGS_1","0.06246524649765084","1","XGBoost 🌲","REG_TEXT_FOOD_CHOCOLATE_BAR_RATINGS","text_only","nlp-srv3.dds.technion.ac.il","finished","25","2026-07-25T03:11:00.000Z","2026-07-25 06:11:03"
"rf_REG_TEXT_FOOD_CHOCOLATE_BAR_RATINGS_1","0.14235544074857664","1","RandomForest 🌳","REG_TEXT_FOOD_CHOCOLATE_BAR_RATINGS","no_text","nlp-srv3.dds.technion.ac.il","finished","12","2026-07-25T03:11:00.000Z","2026-07-25 06:10:50"
"rf_REG_TEXT_FOOD_CHOCOLATE_BAR_RATINGS_1","0.1200819201812764","1","RandomForest 🌳","REG_TEXT_FOOD_CHOCOLATE_BAR_RATINGS","text_only","nlp-srv3.dds.technion.ac.il","finished","28","2026-07-25T03:10:47.000Z","2026-07-25 06:10:54"
"iclv2_REG_TEXT_FOOD_CHOCOLATE_BAR_RATINGS_1","0.24948322573326875","1","TabICLv2 🗼","REG_TEXT_FOOD_CHOCOLATE_BAR_RATINGS","no_text","nlp-srv3.dds.technion.ac.il","finished","12","2026-07-25T03:10:44.000Z","2026-07-25 06:10:35"
"iclv2_REG_TEXT_FOOD_CHOCOLATE_BAR_RATINGS_1","0.20052749879729292","1","TabICLv2 🗼","REG_TEXT_FOOD_CHOCOLATE_BAR_RATINGS","text_only","nlp-srv3.dds.technion.ac.il","finished","32","2026-07-25T03:10:44.000Z","2026-07-25 06:10:54"
"real_REG_TEXT_FOOD_CHOCOLATE_BAR_RATINGS_1","0.2099633353133349","1","RealMLP 🕸","REG_TEXT_FOOD_CHOCOLATE_BAR_RATINGS","no_text","nlp-srv3.dds.technion.ac.il","finished","19","2026-07-25T03:10:38.000Z","2026-07-25 06:10:35"
"real_REG_TEXT_FOOD_CHOCOLATE_BAR_RATINGS_1","0.12991188849906254","1","RealMLP 🕸","REG_TEXT_FOOD_CHOCOLATE_BAR_RATINGS","text_only","nlp-srv3.dds.technion.ac.il","finished","37","2026-07-25T03:10:36.000Z","2026-07-25 06:10:51"
"dpt_REG_TEXT_FOOD_BEER_RATINGS_1","0.9457816408308456","1","TabDPT 6️⃣","REG_TEXT_FOOD_BEER_RATINGS","no_text","nlp-srv3.dds.technion.ac.il","finished","107","2026-07-25T03:04:27.000Z","2026-07-25 06:05:53"
"xgb_REG_TEXT_FOOD_BEER_RATINGS_1","0.9338962642375114","1","XGBoost 🌲","REG_TEXT_FOOD_BEER_RATINGS","no_text","nlp-srv3.dds.technion.ac.il","finished","11","2026-07-25T03:04:11.000Z","2026-07-25 06:04:01"
"dpt_REG_TEXT_FOOD_BEER_RATINGS_1","0.5251103625918616","1","TabDPT 6️⃣","REG_TEXT_FOOD_BEER_RATINGS","text_only","nlp-srv3.dds.technion.ac.il","finished","223","2026-07-25T03:04:11.000Z","2026-07-25 06:07:32"
"rf_REG_TEXT_FOOD_BEER_RATINGS_1","0.9429494288854864","1","RandomForest 🌳","REG_TEXT_FOOD_BEER_RATINGS","no_text","nlp-srv3.dds.technion.ac.il","finished","13","2026-07-25T03:03:55.000Z","2026-07-25 06:03:46"
"xgb_REG_TEXT_FOOD_BEER_RATINGS_1","0.4389249912910622","1","XGBoost 🌲","REG_TEXT_FOOD_BEER_RATINGS","text_only","nlp-srv3.dds.technion.ac.il","finished","161","2026-07-25T03:03:55.000Z","2026-07-25 06:06:15"
"rf_REG_TEXT_FOOD_BEER_RATINGS_1","0.534621353097874","1","RandomForest 🌳","REG_TEXT_FOOD_BEER_RATINGS","text_only","nlp-srv3.dds.technion.ac.il","finished","131","2026-07-25T03:03:50.000Z","2026-07-25 06:05:39"
"iclv2_REG_TEXT_FOOD_BEER_RATINGS_1","0.9530826355946316","1","TabICLv2 🗼","REG_TEXT_FOOD_BEER_RATINGS","no_text","nlp-srv3.dds.technion.ac.il","finished","13","2026-07-25T03:03:39.000Z","2026-07-25 06:03:31"
"iclv2_REG_TEXT_FOOD_BEER_RATINGS_1","0.5670536726654783","1","TabICLv2 🗼","REG_TEXT_FOOD_BEER_RATINGS","text_only","nlp-srv3.dds.technion.ac.il","finished","148","2026-07-25T03:03:16.000Z","2026-07-25 06:05:23"
"real_REG_TEXT_FOOD_BEER_RATINGS_1","0.942231954664698","1","RealMLP 🕸","REG_TEXT_FOOD_BEER_RATINGS","no_text","nlp-srv3.dds.technion.ac.il","finished","23","2026-07-25T03:03:13.000Z","2026-07-25 06:03:15"
"real_REG_TEXT_FOOD_BEER_RATINGS_1","0.4726321497617919","1","RealMLP 🕸","REG_TEXT_FOOD_BEER_RATINGS","text_only","nlp-srv3.dds.technion.ac.il","finished","150","2026-07-25T03:03:06.000Z","2026-07-25 06:05:15"
"dpt_REG_TEXT_FOOD_ALCOHOL_WIKILIQ_PRICES_1","0.1432981390022593","1","TabDPT 6️⃣","REG_TEXT_FOOD_ALCOHOL_WIKILIQ_PRICES","no_text","nlp20.iem.technion.ac.il","finished","367","2026-07-25T02:43:16.000Z","2026-07-25 05:49:21"
"dpt_REG_TEXT_FOOD_ALCOHOL_WIKILIQ_PRICES_1","0.2415174399878538","1","TabDPT 6️⃣","REG_TEXT_FOOD_ALCOHOL_WIKILIQ_PRICES","text_only","nlp-srv3.dds.technion.ac.il","finished","952","2026-07-25T02:43:06.000Z","2026-07-25 05:58:37"
"xgb_REG_TEXT_FOOD_ALCOHOL_WIKILIQ_PRICES_1","-1.0121872541732215","1","XGBoost 🌲","REG_TEXT_FOOD_ALCOHOL_WIKILIQ_PRICES","no_text","nlp-srv3.dds.technion.ac.il","finished","11","2026-07-25T02:42:50.000Z","2026-07-25 05:42:40"
"xgb_REG_TEXT_FOOD_ALCOHOL_WIKILIQ_PRICES_1","-0.38301717537361024","1","XGBoost 🌲","REG_TEXT_FOOD_ALCOHOL_WIKILIQ_PRICES","text_only","nlp-srv3.dds.technion.ac.il","finished","414","2026-07-25T02:42:39.000Z","2026-07-25 05:49:12"
"rf_REG_TEXT_FOOD_ALCOHOL_WIKILIQ_PRICES_1","-0.5094948563149175","1","RandomForest 🌳","REG_TEXT_FOOD_ALCOHOL_WIKILIQ_PRICES","no_text","nlp-srv3.dds.technion.ac.il","finished","12","2026-07-25T02:42:34.000Z","2026-07-25 05:42:24"
"rf_REG_TEXT_FOOD_ALCOHOL_WIKILIQ_PRICES_1","-0.1003855033550254","1","RandomForest 🌳","REG_TEXT_FOOD_ALCOHOL_WIKILIQ_PRICES","text_only","nlp-srv3.dds.technion.ac.il","finished","607","2026-07-25T02:42:24.000Z","2026-07-25 05:52:10"
"iclv2_REG_TEXT_FOOD_ALCOHOL_WIKILIQ_PRICES_1","0.06918903746860772","1","TabICLv2 🗼","REG_TEXT_FOOD_ALCOHOL_WIKILIQ_PRICES","no_text","nlp-srv3.dds.technion.ac.il","finished","13","2026-07-25T02:42:22.000Z","2026-07-25 05:42:14"
"iclv2_REG_TEXT_FOOD_ALCOHOL_WIKILIQ_PRICES_1","-0.03252314750497587","1","TabICLv2 🗼","REG_TEXT_FOOD_ALCOHOL_WIKILIQ_PRICES","text_only","nlp-srv3.dds.technion.ac.il","finished","617","2026-07-25T02:42:12.000Z","2026-07-25 05:52:08"
"real_REG_TEXT_FOOD_ALCOHOL_WIKILIQ_PRICES_1","0.0707499407026777","1","RealMLP 🕸","REG_TEXT_FOOD_ALCOHOL_WIKILIQ_PRICES","no_text","nlp20.iem.technion.ac.il","finished","62","2026-07-25T02:42:08.000Z","2026-07-25 05:43:09"
"real_REG_TEXT_FOOD_ALCOHOL_WIKILIQ_PRICES_1","0.15611037474308398","1","RealMLP 🕸","REG_TEXT_FOOD_ALCOHOL_WIKILIQ_PRICES","text_only","nlp-srv3.dds.technion.ac.il","finished","530","2026-07-25T02:41:25.000Z","2026-07-25 05:49:54"
"dpt_REG_TEXT_CONSUMER_LAPTOP_INDIAN_PRICES_1","0.9136259779331112","1","TabDPT 6️⃣","REG_TEXT_CONSUMER_LAPTOP_INDIAN_PRICES","no_text","nlp-srv3.dds.technion.ac.il","finished","16","2026-07-25T02:35:53.000Z","2026-07-25 05:35:48"
"dpt_REG_TEXT_CONSUMER_LAPTOP_INDIAN_PRICES_1","0.8252105464219446","1","TabDPT 6️⃣","REG_TEXT_CONSUMER_LAPTOP_INDIAN_PRICES","text_only","nlp-srv3.dds.technion.ac.il","finished","192","2026-07-25T02:35:42.000Z","2026-07-25 05:38:32"
"xgb_REG_TEXT_CONSUMER_LAPTOP_INDIAN_PRICES_1","0.9170603015389012","1","XGBoost 🌲","REG_TEXT_CONSUMER_LAPTOP_INDIAN_PRICES","no_text","nlp-srv3.dds.technion.ac.il","finished","12","2026-07-25T02:35:37.000Z","2026-07-25 05:35:28"
"xgb_REG_TEXT_CONSUMER_LAPTOP_INDIAN_PRICES_1","0.7880370296341459","1","XGBoost 🌲","REG_TEXT_CONSUMER_LAPTOP_INDIAN_PRICES","text_only","nlp-srv3.dds.technion.ac.il","finished","144","2026-07-25T02:35:35.000Z","2026-07-25 05:37:38"
"rf_REG_TEXT_CONSUMER_LAPTOP_INDIAN_PRICES_1","0.8460101428473237","1","RandomForest 🌳","REG_TEXT_CONSUMER_LAPTOP_INDIAN_PRICES","no_text","nlp-srv3.dds.technion.ac.il","finished","12","2026-07-25T02:35:26.000Z","2026-07-25 05:35:17"
"rf_REG_TEXT_CONSUMER_LAPTOP_INDIAN_PRICES_1","0.7774757065203377","1","RandomForest 🌳","REG_TEXT_CONSUMER_LAPTOP_INDIAN_PRICES","text_only","nlp-srv3.dds.technion.ac.il","finished","149","2026-07-25T02:35:25.000Z","2026-07-25 05:37:32"
"iclv2_REG_TEXT_CONSUMER_LAPTOP_INDIAN_PRICES_1","0.9330041710544454","1","TabICLv2 🗼","REG_TEXT_CONSUMER_LAPTOP_INDIAN_PRICES","no_text","nlp-srv3.dds.technion.ac.il","finished","13","2026-07-25T02:35:19.000Z","2026-07-25 05:35:11"
"iclv2_REG_TEXT_CONSUMER_LAPTOP_INDIAN_PRICES_1","0.8916189983491356","1","TabICLv2 🗼","REG_TEXT_CONSUMER_LAPTOP_INDIAN_PRICES","text_only","nlp-srv3.dds.technion.ac.il","finished","163","2026-07-25T02:35:02.000Z","2026-07-25 05:37:23"
"real_REG_TEXT_CONSUMER_LAPTOP_INDIAN_PRICES_1","0.9099596058758332","1","RealMLP 🕸","REG_TEXT_CONSUMER_LAPTOP_INDIAN_PRICES","no_text","nlp-srv3.dds.technion.ac.il","finished","22","2026-07-25T02:34:35.000Z","2026-07-25 05:34:35"
"real_REG_TEXT_CONSUMER_LAPTOP_INDIAN_PRICES_1","0.8517785805434404","1","RealMLP 🕸","REG_TEXT_CONSUMER_LAPTOP_INDIAN_PRICES","text_only","nlp-srv3.dds.technion.ac.il","finished","137","2026-07-25T02:34:32.000Z","2026-07-25 05:36:28"
"dpt_REG_TEXT_CONSUMER_JC_PENNEY_PRODUCT_PRICE_1","-0.0063612107350135005","1","TabDPT 6️⃣","REG_TEXT_CONSUMER_JC_PENNEY_PRODUCT_PRICE","no_text","nlp-srv3.dds.technion.ac.il","finished","205","2026-07-25T02:21:13.000Z","2026-07-25 05:24:15"
"dpt_REG_TEXT_CONSUMER_JC_PENNEY_PRODUCT_PRICE_1","0.45715965826998217","1","TabDPT 6️⃣","REG_TEXT_CONSUMER_JC_PENNEY_PRODUCT_PRICE","text_only","nlp-srv3.dds.technion.ac.il","finished","545","2026-07-25T02:18:26.000Z","2026-07-25 05:27:09"
"xgb_REG_TEXT_CONSUMER_JC_PENNEY_PRODUCT_PRICE_1","0.002017628964482321","1","XGBoost 🌲","REG_TEXT_CONSUMER_JC_PENNEY_PRODUCT_PRICE","no_text","nlp-srv3.dds.technion.ac.il","finished","11","2026-07-25T02:18:10.000Z","2026-07-25 05:18:00"
"xgb_REG_TEXT_CONSUMER_JC_PENNEY_PRODUCT_PRICE_1","0.6263753366482105","1","XGBoost 🌲","REG_TEXT_CONSUMER_JC_PENNEY_PRODUCT_PRICE","text_only","nlp-srv3.dds.technion.ac.il","finished","190","2026-07-25T02:17:59.000Z","2026-07-25 05:20:48"
"rf_REG_TEXT_CONSUMER_JC_PENNEY_PRODUCT_PRICE_1","-0.01868825846885014","1","RandomForest 🌳","REG_TEXT_CONSUMER_JC_PENNEY_PRODUCT_PRICE","no_text","nlp-srv3.dds.technion.ac.il","finished","11","2026-07-25T02:17:54.000Z","2026-07-25 05:17:43"
"rf_REG_TEXT_CONSUMER_JC_PENNEY_PRODUCT_PRICE_1","0.5420407340421659","1","RandomForest 🌳","REG_TEXT_CONSUMER_JC_PENNEY_PRODUCT_PRICE","text_only","nlp20.iem.technion.ac.il","finished","277","2026-07-25T02:17:53.000Z","2026-07-25 05:22:28"
"iclv2_REG_TEXT_CONSUMER_JC_PENNEY_PRODUCT_PRICE_1","0.0018903362000858293","1","TabICLv2 🗼","REG_TEXT_CONSUMER_JC_PENNEY_PRODUCT_PRICE","no_text","nlp20.iem.technion.ac.il","finished","14","2026-07-25T02:17:32.000Z","2026-07-25 05:17:44"
"iclv2_REG_TEXT_CONSUMER_JC_PENNEY_PRODUCT_PRICE_1","0.7615820925893622","1","TabICLv2 🗼","REG_TEXT_CONSUMER_JC_PENNEY_PRODUCT_PRICE","text_only","nlp20.iem.technion.ac.il","finished","210","2026-07-25T02:13:56.000Z","2026-07-25 05:17:24"
"real_REG_TEXT_CONSUMER_JC_PENNEY_PRODUCT_PRICE_1","-0.00264280860043975","1","RealMLP 🕸","REG_TEXT_CONSUMER_JC_PENNEY_PRODUCT_PRICE","no_text","nlp20.iem.technion.ac.il","finished","57","2026-07-25T02:12:54.000Z","2026-07-25 05:13:49"
"real_REG_TEXT_CONSUMER_JC_PENNEY_PRODUCT_PRICE_1","0.731288400786446","1","RealMLP 🕸","REG_TEXT_CONSUMER_JC_PENNEY_PRODUCT_PRICE","text_only","nlp-srv3.dds.technion.ac.il","finished","304","2026-07-25T02:12:50.000Z","2026-07-25 05:17:32"
"dpt_REG_TEXT_CONSUMER_CAR_PRICE_CARDEKHO_1","0.8033277166933018","1","TabDPT 6️⃣","REG_TEXT_CONSUMER_CAR_PRICE_CARDEKHO","no_text","nlp20.iem.technion.ac.il","finished","586","2026-07-25T00:31:01.000Z","2026-07-25 03:40:45"
"xgb_REG_TEXT_CONSUMER_CAR_PRICE_CARDEKHO_1","0.9362840051799296","1","XGBoost 🌲","REG_TEXT_CONSUMER_CAR_PRICE_CARDEKHO","no_text","nlp-srv3.dds.technion.ac.il","finished","15","2026-07-25T00:30:26.000Z","2026-07-25 03:30:20"
"xgb_REG_TEXT_CONSUMER_CAR_PRICE_CARDEKHO_1","-109.67286418475553","1","XGBoost 🌲","REG_TEXT_CONSUMER_CAR_PRICE_CARDEKHO","text_only","nlp-srv3.dds.technion.ac.il","finished","3260","2026-07-25T00:28:30.000Z","2026-07-25 04:22:28"
"rf_REG_TEXT_CONSUMER_CAR_PRICE_CARDEKHO_1","0.9766237516569078","1","RandomForest 🌳","REG_TEXT_CONSUMER_CAR_PRICE_CARDEKHO","no_text","nlp-srv3.dds.technion.ac.il","finished","23","2026-07-25T00:28:03.000Z","2026-07-25 03:28:05"
"rf_REG_TEXT_CONSUMER_CAR_PRICE_CARDEKHO_1","-1.257304447664206","1","RandomForest 🌳","REG_TEXT_CONSUMER_CAR_PRICE_CARDEKHO","text_only","nlp-srv3.dds.technion.ac.il","finished","3813","2026-07-25T00:27:18.000Z","2026-07-25 04:30:29"
"iclv2_REG_TEXT_CONSUMER_CAR_PRICE_CARDEKHO_1","0.99393819750649","1","TabICLv2 🗼","REG_TEXT_CONSUMER_CAR_PRICE_CARDEKHO","no_text","nlp-srv3.dds.technion.ac.il","finished","19","2026-07-25T00:26:56.000Z","2026-07-25 03:26:54"
"iclv2_REG_TEXT_CONSUMER_CAR_PRICE_CARDEKHO_1","0.8646851190529836","1","TabICLv2 🗼","REG_TEXT_CONSUMER_CAR_PRICE_CARDEKHO","text_only","nlp-srv3.dds.technion.ac.il","finished","3452","2026-07-25T00:26:56.000Z","2026-07-25 04:24:06"
"real_REG_TEXT_CONSUMER_CAR_PRICE_CARDEKHO_1","0.9163242659183524","1","RealMLP 🕸","REG_TEXT_CONSUMER_CAR_PRICE_CARDEKHO","no_text","nlp-srv3.dds.technion.ac.il","finished","69","2026-07-25T00:26:50.000Z","2026-07-25 03:27:38"
"real_REG_TEXT_CONSUMER_CAR_PRICE_CARDEKHO_1","0.7463326829361162","1","RealMLP 🕸","REG_TEXT_CONSUMER_CAR_PRICE_CARDEKHO","text_only","nlp-srv3.dds.technion.ac.il","finished","3477","2026-07-25T00:26:44.000Z","2026-07-25 04:24:20"
"dpt_REG_TEXT_CONSUMER_BIKE_PRICE_BIKEWALE_1","0.31990814208984375","1","TabDPT 6️⃣","REG_TEXT_CONSUMER_BIKE_PRICE_BIKEWALE","text_only","nlp-srv3.dds.technion.ac.il","finished","375","2026-07-25T00:20:34.000Z","2026-07-25 03:26:28"
"xgb_REG_TEXT_CONSUMER_BIKE_PRICE_BIKEWALE_1","0.08701139688491821","1","XGBoost 🌲","REG_TEXT_CONSUMER_BIKE_PRICE_BIKEWALE","no_text","nlp-srv3.dds.technion.ac.il","finished","10","2026-07-25T00:20:29.000Z","2026-07-25 03:20:18"
"xgb_REG_TEXT_CONSUMER_BIKE_PRICE_BIKEWALE_1","0.6613063812255859","1","XGBoost 🌲","REG_TEXT_CONSUMER_BIKE_PRICE_BIKEWALE","text_only","nlp-srv3.dds.technion.ac.il","finished","145","2026-07-25T00:20:25.000Z","2026-07-25 03:22:29"
"rf_REG_TEXT_CONSUMER_BIKE_PRICE_BIKEWALE_1","-0.07357574340642636","1","RandomForest 🌳","REG_TEXT_CONSUMER_BIKE_PRICE_BIKEWALE","no_text","nlp-srv3.dds.technion.ac.il","finished","11","2026-07-25T00:20:18.000Z","2026-07-25 03:20:08"
"rf_REG_TEXT_CONSUMER_BIKE_PRICE_BIKEWALE_1","0.6756529097559965","1","RandomForest 🌳","REG_TEXT_CONSUMER_BIKE_PRICE_BIKEWALE","text_only","nlp-srv3.dds.technion.ac.il","finished","171","2026-07-25T00:20:13.000Z","2026-07-25 03:22:43"
"iclv2_REG_TEXT_CONSUMER_BIKE_PRICE_BIKEWALE_1","0.07888716459274292","1","TabICLv2 🗼","REG_TEXT_CONSUMER_BIKE_PRICE_BIKEWALE","no_text","nlp-srv3.dds.technion.ac.il","finished","12","2026-07-25T00:20:02.000Z","2026-07-25 03:19:53"
"iclv2_REG_TEXT_CONSUMER_BIKE_PRICE_BIKEWALE_1","0.6715673208236694","1","TabICLv2 🗼","REG_TEXT_CONSUMER_BIKE_PRICE_BIKEWALE","text_only","nlp-srv3.dds.technion.ac.il","finished","171","2026-07-25T00:19:39.000Z","2026-07-25 03:22:09"
"real_REG_TEXT_CONSUMER_BIKE_PRICE_BIKEWALE_1","0.07713562250137329","1","RealMLP 🕸","REG_TEXT_CONSUMER_BIKE_PRICE_BIKEWALE","no_text","nlp-srv3.dds.technion.ac.il","finished","42","2026-07-25T00:19:37.000Z","2026-07-25 03:19:58"
"real_REG_TEXT_CONSUMER_BIKE_PRICE_BIKEWALE_1","0.5209789276123047","1","RealMLP 🕸","REG_TEXT_CONSUMER_BIKE_PRICE_BIKEWALE","text_only","nlp20.iem.technion.ac.il","finished","148","2026-07-25T00:19:28.000Z","2026-07-25 03:21:55"
"dpt_REG_TEXT_CONSUMER_AMERICAN_EAGLE_PRICES_1","0.9645503084791744","1","TabDPT 6️⃣","REG_TEXT_CONSUMER_AMERICAN_EAGLE_PRICES","no_text","nlp-srv3.dds.technion.ac.il","finished","582","2026-07-25T00:00:50.000Z","2026-07-25 03:10:11"
"dpt_REG_TEXT_CONSUMER_AMERICAN_EAGLE_PRICES_1","0.906414521175442","1","TabDPT 6️⃣","REG_TEXT_CONSUMER_AMERICAN_EAGLE_PRICES","text_only","nlp-srv3.dds.technion.ac.il","finished","1087","2026-07-25T00:00:46.000Z","2026-07-25 03:18:32"
"xgb_REG_TEXT_CONSUMER_AMERICAN_EAGLE_PRICES_1","0.9623053825579364","1","XGBoost 🌲","REG_TEXT_CONSUMER_AMERICAN_EAGLE_PRICES","no_text","nlp-srv3.dds.technion.ac.il","finished","11","2026-07-25T00:00:33.000Z","2026-07-25 03:00:23"
"xgb_REG_TEXT_CONSUMER_AMERICAN_EAGLE_PRICES_1","0.9553889821333584","1","XGBoost 🌲","REG_TEXT_CONSUMER_AMERICAN_EAGLE_PRICES","text_only","nlp-srv3.dds.technion.ac.il","finished","493","2026-07-25T00:00:31.000Z","2026-07-25 03:08:23"
"rf_REG_TEXT_CONSUMER_AMERICAN_EAGLE_PRICES_1","0.9603896731653454","1","RandomForest 🌳","REG_TEXT_CONSUMER_AMERICAN_EAGLE_PRICES","no_text","nlp-srv3.dds.technion.ac.il","finished","11","2026-07-25T00:00:15.000Z","2026-07-25 03:00:05"
"rf_REG_TEXT_CONSUMER_AMERICAN_EAGLE_PRICES_1","0.9504497760263784","1","RandomForest 🌳","REG_TEXT_CONSUMER_AMERICAN_EAGLE_PRICES","text_only","nlp-srv3.dds.technion.ac.il","finished","501","2026-07-24T23:59:56.000Z","2026-07-25 03:07:56"
"iclv2_REG_TEXT_CONSUMER_AMERICAN_EAGLE_PRICES_1","0.9646666421971648","1","TabICLv2 🗼","REG_TEXT_CONSUMER_AMERICAN_EAGLE_PRICES","no_text","nlp-srv3.dds.technion.ac.il","finished","13","2026-07-24T23:59:40.000Z","2026-07-25 02:59:32"
"iclv2_REG_TEXT_CONSUMER_AMERICAN_EAGLE_PRICES_1","0.956954365058258","1","TabICLv2 🗼","REG_TEXT_CONSUMER_AMERICAN_EAGLE_PRICES","text_only","nlp-srv3.dds.technion.ac.il","finished","493","2026-07-24T23:58:55.000Z","2026-07-25 03:06:47"
"real_REG_TEXT_CONSUMER_AMERICAN_EAGLE_PRICES_1","0.9631059317380052","1","RealMLP 🕸","REG_TEXT_CONSUMER_AMERICAN_EAGLE_PRICES","no_text","nlp-srv3.dds.technion.ac.il","finished","51","2026-07-24T23:58:47.000Z","2026-07-25 02:59:17"
"real_REG_TEXT_CONSUMER_AMERICAN_EAGLE_PRICES_1","0.9537882481582206","1","RealMLP 🕸","REG_TEXT_CONSUMER_AMERICAN_EAGLE_PRICES","text_only","nlp20.iem.technion.ac.il","finished","383","2026-07-24T23:58:43.000Z","2026-07-25 03:05:04"
"dpt_REG_TEXT_BOOK_READABILITY_1","0.8096634667491545","1","TabDPT 6️⃣","REG_TEXT_BOOK_READABILITY","no_text","nlp-srv3.dds.technion.ac.il","finished","147","2026-07-24T23:50:24.000Z","2026-07-25 02:52:29"
"dpt_REG_TEXT_BOOK_READABILITY_1","0.6493710480260233","1","TabDPT 6️⃣","REG_TEXT_BOOK_READABILITY","text_only","nlp-srv3.dds.technion.ac.il","finished","355","2026-07-24T23:50:13.000Z","2026-07-25 02:55:47"
"xgb_REG_TEXT_BOOK_READABILITY_1","0.7475121464324459","1","XGBoost 🌲","REG_TEXT_BOOK_READABILITY","no_text","nlp-srv3.dds.technion.ac.il","finished","10","2026-07-24T23:50:08.000Z","2026-07-25 02:49:58"
"xgb_REG_TEXT_BOOK_READABILITY_1","0.6608940061635562","1","XGBoost 🌲","REG_TEXT_BOOK_READABILITY","text_only","nlp-srv3.dds.technion.ac.il","finished","250","2026-07-24T23:50:03.000Z","2026-07-25 02:53:52"
"rf_REG_TEXT_BOOK_READABILITY_1","0.7595880190164515","1","RandomForest 🌳","REG_TEXT_BOOK_READABILITY","no_text","nlp-srv3.dds.technion.ac.il","finished","14","2026-07-24T23:49:52.000Z","2026-07-25 02:49:45"
"rf_REG_TEXT_BOOK_READABILITY_1","0.6547372781466689","1","RandomForest 🌳","REG_TEXT_BOOK_READABILITY","text_only","nlp-srv3.dds.technion.ac.il","finished","247","2026-07-24T23:49:47.000Z","2026-07-25 02:53:32"
"iclv2_REG_TEXT_BOOK_READABILITY_1","0.8063298047672747","1","TabICLv2 🗼","REG_TEXT_BOOK_READABILITY","no_text","nlp-srv3.dds.technion.ac.il","finished","13","2026-07-24T23:49:36.000Z","2026-07-25 02:49:28"
"iclv2_REG_TEXT_BOOK_READABILITY_1","0.7188932848153531","1","TabICLv2 🗼","REG_TEXT_BOOK_READABILITY","text_only","nlp-srv3.dds.technion.ac.il","finished","227","2026-07-24T23:49:35.000Z","2026-07-25 02:53:01"
"real_REG_TEXT_BOOK_READABILITY_1","0.7994650579722394","1","RealMLP 🕸","REG_TEXT_BOOK_READABILITY","no_text","nlp-srv3.dds.technion.ac.il","finished","29","2026-07-24T23:49:04.000Z","2026-07-25 02:49:12"
"real_REG_TEXT_BOOK_READABILITY_1","0.6868372255003021","1","RealMLP 🕸","REG_TEXT_BOOK_READABILITY","text_only","nlp20.iem.technion.ac.il","finished","194","2026-07-24T23:48:52.000Z","2026-07-25 02:52:05"
"dpt_REG_TEXT_BOOK_PRICE_1","0.20537080915276051","1","TabDPT 6️⃣","REG_TEXT_BOOK_PRICE","no_text","nlp20.iem.technion.ac.il","finished","226","2026-07-24T23:41:20.000Z","2026-07-25 02:45:04"
"dpt_REG_TEXT_BOOK_PRICE_1","0.5634031085404059","1","TabDPT 6️⃣","REG_TEXT_BOOK_PRICE","text_only","nlp-srv3.dds.technion.ac.il","finished","330","2026-07-24T23:40:38.000Z","2026-07-25 02:45:47"
"xgb_REG_TEXT_BOOK_PRICE_1","0.1912766658948463","1","XGBoost 🌲","REG_TEXT_BOOK_PRICE","no_text","nlp-srv3.dds.technion.ac.il","finished","11","2026-07-24T23:40:22.000Z","2026-07-25 02:40:12"
"xgb_REG_TEXT_BOOK_PRICE_1","0.468957641093632","1","XGBoost 🌲","REG_TEXT_BOOK_PRICE","text_only","nlp-srv3.dds.technion.ac.il","finished","196","2026-07-24T23:40:08.000Z","2026-07-25 02:43:03"
"rf_REG_TEXT_BOOK_PRICE_1","0.03520386146372578","1","RandomForest 🌳","REG_TEXT_BOOK_PRICE","no_text","nlp-srv3.dds.technion.ac.il","finished","11","2026-07-24T23:40:06.000Z","2026-07-25 02:39:56"
"rf_REG_TEXT_BOOK_PRICE_1","0.5191151531948184","1","RandomForest 🌳","REG_TEXT_BOOK_PRICE","text_only","nlp-srv3.dds.technion.ac.il","finished","252","2026-07-24T23:39:56.000Z","2026-07-25 02:43:47"
"iclv2_REG_TEXT_BOOK_PRICE_1","0.21093031234186277","1","TabICLv2 🗼","REG_TEXT_BOOK_PRICE","no_text","nlp-srv3.dds.technion.ac.il","finished","12","2026-07-24T23:39:52.000Z","2026-07-25 02:39:43"
"iclv2_REG_TEXT_BOOK_PRICE_1","0.604093100745023","1","TabICLv2 🗼","REG_TEXT_BOOK_PRICE","text_only","nlp-srv3.dds.technion.ac.il","finished","223","2026-07-24T23:39:47.000Z","2026-07-25 02:43:09"
"real_REG_TEXT_BOOK_PRICE_1","0.182325099966684","1","RealMLP 🕸","REG_TEXT_BOOK_PRICE","no_text","nlp-srv3.dds.technion.ac.il","finished","29","2026-07-24T23:39:19.000Z","2026-07-25 02:39:26"
"real_REG_TEXT_BOOK_PRICE_1","0.5346121224240576","1","RealMLP 🕸","REG_TEXT_BOOK_PRICE","text_only","nlp-srv3.dds.technion.ac.il","finished","196","2026-07-24T23:39:13.000Z","2026-07-25 02:42:08"
"dpt_REG_TEXT_BABIES_PRICES_1","0.4977880519365042","1","TabDPT 6️⃣","REG_TEXT_BABIES_PRICES","no_text","nlp-srv3.dds.technion.ac.il","finished","154","2026-07-24T23:32:26.000Z","2026-07-25 02:34:39"
"dpt_REG_TEXT_BABIES_PRICES_1","0.8921331458724423","1","TabDPT 6️⃣","REG_TEXT_BABIES_PRICES","text_only","nlp20.iem.technion.ac.il","finished","344","2026-07-24T23:32:14.000Z","2026-07-25 02:37:56"
"xgb_REG_TEXT_BABIES_PRICES_1","0.5193956816486496","1","XGBoost 🌲","REG_TEXT_BABIES_PRICES","no_text","nlp-srv3.dds.technion.ac.il","finished","11","2026-07-24T23:32:11.000Z","2026-07-25 02:32:01"
"xgb_REG_TEXT_BABIES_PRICES_1","0.857948213839915","1","XGBoost 🌲","REG_TEXT_BABIES_PRICES","text_only","nlp-srv3.dds.technion.ac.il","finished","172","2026-07-24T23:32:10.000Z","2026-07-25 02:34:41"
"rf_REG_TEXT_BABIES_PRICES_1","0.5210756699826903","1","RandomForest 🌳","REG_TEXT_BABIES_PRICES","no_text","nlp-srv3.dds.technion.ac.il","finished","12","2026-07-24T23:32:09.000Z","2026-07-25 02:32:00"
"rf_REG_TEXT_BABIES_PRICES_1","0.8497173989311585","1","RandomForest 🌳","REG_TEXT_BABIES_PRICES","text_only","nlp-srv3.dds.technion.ac.il","finished","237","2026-07-24T23:32:01.000Z","2026-07-25 02:34:39"
"iclv2_REG_TEXT_BABIES_PRICES_1","0.5224281668337194","1","TabICLv2 🗼","REG_TEXT_BABIES_PRICES","no_text","nlp-srv3.dds.technion.ac.il","finished","12","2026-07-24T23:31:55.000Z","2026-07-25 02:31:45"
"iclv2_REG_TEXT_BABIES_PRICES_1","0.9524758832102184","1","TabICLv2 🗼","REG_TEXT_BABIES_PRICES","text_only","nlp-srv3.dds.technion.ac.il","finished","173","2026-07-24T23:31:53.000Z","2026-07-25 02:34:26"
"real_REG_TEXT_BABIES_PRICES_1","0.5334386957457375","1","RealMLP 🕸","REG_TEXT_BABIES_PRICES","no_text","nlp20.iem.technion.ac.il","finished","44","2026-07-24T23:31:26.000Z","2026-07-25 02:32:08"
"real_REG_TEXT_BABIES_PRICES_1","0.9199747874673871","1","RealMLP 🕸","REG_TEXT_BABIES_PRICES","text_only","nlp-srv3.dds.technion.ac.il","finished","173","2026-07-24T23:31:02.000Z","2026-07-25 02:33:33"
"dpt_MUL_TEXT_WOMEN_CLOTHING_REVIEW_1","0.763302380791127","1","TabDPT 6️⃣","MUL_TEXT_WOMEN_CLOTHING_REVIEW","no_text","nlp-srv3.dds.technion.ac.il","finished","85","2026-07-24T23:24:22.000Z","2026-07-25 02:25:26"
"dpt_MUL_TEXT_WOMEN_CLOTHING_REVIEW_1","0.8890700387193942","1","TabDPT 6️⃣","MUL_TEXT_WOMEN_CLOTHING_REVIEW","text_only","nlp-srv3.dds.technion.ac.il","finished","237","2026-07-24T23:24:21.000Z","2026-07-25 02:27:57"
"xgb_MUL_TEXT_WOMEN_CLOTHING_REVIEW_1","0.7714979283271142","1","XGBoost 🌲","MUL_TEXT_WOMEN_CLOTHING_REVIEW","no_text","nlp-srv3.dds.technion.ac.il","finished","12","2026-07-24T23:24:05.000Z","2026-07-25 02:23:55"
"xgb_MUL_TEXT_WOMEN_CLOTHING_REVIEW_1","0.8753297378356386","1","XGBoost 🌲","MUL_TEXT_WOMEN_CLOTHING_REVIEW","text_only","nlp-srv3.dds.technion.ac.il","finished","191","2026-07-24T23:23:57.000Z","2026-07-25 02:26:47"
"rf_MUL_TEXT_WOMEN_CLOTHING_REVIEW_1","0.7623405136048488","1","RandomForest 🌳","MUL_TEXT_WOMEN_CLOTHING_REVIEW","no_text","nlp-srv3.dds.technion.ac.il","finished","11","2026-07-24T23:23:50.000Z","2026-07-25 02:23:40"
"iclv2_MUL_TEXT_WOMEN_CLOTHING_REVIEW_1","0.7791822068460329","1","TabICLv2 🗼","MUL_TEXT_WOMEN_CLOTHING_REVIEW","no_text","nlp-srv3.dds.technion.ac.il","finished","12","2026-07-24T23:23:41.000Z","2026-07-25 02:23:33"
"rf_MUL_TEXT_WOMEN_CLOTHING_REVIEW_1","0.8810146998322601","1","RandomForest 🌳","MUL_TEXT_WOMEN_CLOTHING_REVIEW","text_only","nlp-srv3.dds.technion.ac.il","finished","181","2026-07-24T23:23:41.000Z","2026-07-25 02:26:21"
"iclv2_MUL_TEXT_WOMEN_CLOTHING_REVIEW_1","0.8942865194704168","1","TabICLv2 🗼","MUL_TEXT_WOMEN_CLOTHING_REVIEW","text_only","nlp-srv3.dds.technion.ac.il","finished","178","2026-07-24T23:23:37.000Z","2026-07-25 02:26:14"
"real_MUL_TEXT_WOMEN_CLOTHING_REVIEW_1","0.7635756356948126","1","RealMLP 🕸","MUL_TEXT_WOMEN_CLOTHING_REVIEW","no_text","nlp20.iem.technion.ac.il","finished","61","2026-07-24T23:23:18.000Z","2026-07-25 02:24:18"
"real_MUL_TEXT_WOMEN_CLOTHING_REVIEW_1","0.8889339646447226","1","RealMLP 🕸","MUL_TEXT_WOMEN_CLOTHING_REVIEW","text_only","nlp-srv3.dds.technion.ac.il","finished","243","2026-07-24T23:23:10.000Z","2026-07-25 02:26:52"
"dpt_MUL_TEXT_WINE_REVIEW_1","0.782421077265796","1","TabDPT 6️⃣","MUL_TEXT_WINE_REVIEW","no_text","nlp-srv3.dds.technion.ac.il","finished","161","2026-07-24T23:17:13.000Z","2026-07-25 02:19:33"
"dpt_MUL_TEXT_WINE_REVIEW_1","0.9372134883388412","1","TabDPT 6️⃣","MUL_TEXT_WINE_REVIEW","text_only","nlp-srv3.dds.technion.ac.il","finished","338","2026-07-24T23:17:01.000Z","2026-07-25 02:22:18"
"xgb_MUL_TEXT_WINE_REVIEW_1","0.8517458552898941","1","XGBoost 🌲","MUL_TEXT_WINE_REVIEW","no_text","nlp-srv3.dds.technion.ac.il","finished","13","2026-07-24T23:16:56.000Z","2026-07-25 02:16:48"
"xgb_MUL_TEXT_WINE_REVIEW_1","0.960101508444217","1","XGBoost 🌲","MUL_TEXT_WINE_REVIEW","text_only","nlp-srv3.dds.technion.ac.il","finished","214","2026-07-24T23:16:45.000Z","2026-07-25 02:19:58"
"rf_MUL_TEXT_WINE_REVIEW_1","0.7490131890953786","1","RandomForest 🌳","MUL_TEXT_WINE_REVIEW","no_text","nlp-srv3.dds.technion.ac.il","finished","11","2026-07-24T23:16:40.000Z","2026-07-25 02:16:30"
"iclv2_MUL_TEXT_WINE_REVIEW_1","0.8637584480594548","1","TabICLv2 🗼","MUL_TEXT_WINE_REVIEW","no_text","nlp-srv3.dds.technion.ac.il","finished","18","2026-07-24T23:16:24.000Z","2026-07-25 02:16:21"
"rf_MUL_TEXT_WINE_REVIEW_1","0.9486133570698444","1","RandomForest 🌳","MUL_TEXT_WINE_REVIEW","text_only","nlp-srv3.dds.technion.ac.il","finished","160","2026-07-24T23:16:24.000Z","2026-07-25 02:18:43"
"iclv2_MUL_TEXT_WINE_REVIEW_1","0.9794534696022348","1","TabICLv2 🗼","MUL_TEXT_WINE_REVIEW","text_only","n305","finished","126","2026-07-24T23:15:40.000Z","2026-07-25 02:17:44"
"real_MUL_TEXT_WINE_REVIEW_1","0.8581295993131164","1","RealMLP 🕸","MUL_TEXT_WINE_REVIEW","no_text","nlp-srv3.dds.technion.ac.il","finished","55","2026-07-24T23:15:26.000Z","2026-07-25 02:16:01"
"real_MUL_TEXT_WINE_REVIEW_1","0.9713504502332212","1","RealMLP 🕸","MUL_TEXT_WINE_REVIEW","text_only","n306","finished","163","2026-07-24T23:14:59.000Z","2026-07-25 02:17:41"
"dpt_MUL_TEXT_US_ACCIDENTS_1","0.8538405888690395","1","TabDPT 6️⃣","MUL_TEXT_US_ACCIDENTS","no_text","n305","finished","160","2026-07-24T23:00:34.000Z","2026-07-25 02:03:12"
"dpt_MUL_TEXT_US_ACCIDENTS_1","0.9001851592777428","1","TabDPT 6️⃣","MUL_TEXT_US_ACCIDENTS","text_only","nlp-srv3.dds.technion.ac.il","finished","987","2026-07-24T23:00:30.000Z","2026-07-25 02:16:36"
"xgb_MUL_TEXT_US_ACCIDENTS_1","0.8775150872166043","1","XGBoost 🌲","MUL_TEXT_US_ACCIDENTS","no_text","n306","finished","20","2026-07-24T23:00:13.000Z","2026-07-25 02:00:30"
"xgb_MUL_TEXT_US_ACCIDENTS_1","0.9593371038069052","1","XGBoost 🌲","MUL_TEXT_US_ACCIDENTS","text_only","nlp-srv3.dds.technion.ac.il","finished","912","2026-07-24T23:00:09.000Z","2026-07-25 02:15:00"
"rf_MUL_TEXT_US_ACCIDENTS_1","0.8334388156083521","1","RandomForest 🌳","MUL_TEXT_US_ACCIDENTS","no_text","n305","finished","20","2026-07-24T23:00:07.000Z","2026-07-25 02:00:25"
"rf_MUL_TEXT_US_ACCIDENTS_1","0.9400865586382544","1","RandomForest 🌳","MUL_TEXT_US_ACCIDENTS","text_only","nlp20.iem.technion.ac.il","finished","607","2026-07-24T22:59:56.000Z","2026-07-25 02:10:01"
"iclv2_MUL_TEXT_US_ACCIDENTS_1","0.8807315936982749","1","TabICLv2 🗼","MUL_TEXT_US_ACCIDENTS","no_text","n306","finished","19","2026-07-24T22:59:47.000Z","2026-07-25 02:00:05"
"iclv2_MUL_TEXT_US_ACCIDENTS_1","0.9722416832673124","1","TabICLv2 🗼","MUL_TEXT_US_ACCIDENTS","text_only","nlp-srv3.dds.technion.ac.il","finished","941","2026-07-24T22:58:51.000Z","2026-07-25 02:14:11"
"real_MUL_TEXT_US_ACCIDENTS_1","0.8521165955979224","1","RealMLP 🕸","MUL_TEXT_US_ACCIDENTS","no_text","n305","finished","74","2026-07-24T22:58:48.000Z","2026-07-25 02:00:01"
"real_MUL_TEXT_US_ACCIDENTS_1","0.9630599912547694","1","RealMLP 🕸","MUL_TEXT_US_ACCIDENTS","text_only","n305","finished","510","2026-07-24T22:58:32.000Z","2026-07-25 02:07:00"
"dpt_MUL_TEXT_SPOTIFY_GENRES_1","0.810094907598287","1","TabDPT 6️⃣","MUL_TEXT_SPOTIFY_GENRES","no_text","nlp-srv3.dds.technion.ac.il","finished","194","2026-07-24T22:52:46.000Z","2026-07-25 01:55:39"
"dpt_MUL_TEXT_SPOTIFY_GENRES_1","0.8182463020884876","1","TabDPT 6️⃣","MUL_TEXT_SPOTIFY_GENRES","text_only","nlp20.iem.technion.ac.il","finished","434","2026-07-24T22:52:36.000Z","2026-07-25 01:59:48"
"xgb_MUL_TEXT_SPOTIFY_GENRES_1","0.8945707077619501","1","XGBoost 🌲","MUL_TEXT_SPOTIFY_GENRES","no_text","nlp-srv3.dds.technion.ac.il","finished","18","2026-07-24T22:52:34.000Z","2026-07-25 01:52:31"
"xgb_MUL_TEXT_SPOTIFY_GENRES_1","0.8800409886576201","1","XGBoost 🌲","MUL_TEXT_SPOTIFY_GENRES","text_only","n305","finished","195","2026-07-24T22:52:22.000Z","2026-07-25 01:55:36"
"rf_MUL_TEXT_SPOTIFY_GENRES_1","0.8606411562219834","1","RandomForest 🌳","MUL_TEXT_SPOTIFY_GENRES","no_text","n306","finished","30","2026-07-24T22:52:15.000Z","2026-07-25 01:52:43"
"rf_MUL_TEXT_SPOTIFY_GENRES_1","0.8656710633415328","1","RandomForest 🌳","MUL_TEXT_SPOTIFY_GENRES","text_only","nlp-srv3.dds.technion.ac.il","finished","276","2026-07-24T22:52:13.000Z","2026-07-25 01:56:28"
"iclv2_MUL_TEXT_SPOTIFY_GENRES_1","0.936333778431466","1","TabICLv2 🗼","MUL_TEXT_SPOTIFY_GENRES","no_text","nlp20.iem.technion.ac.il","finished","23","2026-07-24T22:52:10.000Z","2026-07-25 01:52:32"
"iclv2_MUL_TEXT_SPOTIFY_GENRES_1","0.9490794423327312","1","TabICLv2 🗼","MUL_TEXT_SPOTIFY_GENRES","text_only","nlp-srv3.dds.technion.ac.il","finished","342","2026-07-24T22:52:09.000Z","2026-07-25 01:57:31"
"real_MUL_TEXT_SPOTIFY_GENRES_1","0.9222972243564452","1","RealMLP 🕸","MUL_TEXT_SPOTIFY_GENRES","no_text","n305","finished","74","2026-07-24T22:52:08.000Z","2026-07-25 01:53:21"
"real_MUL_TEXT_SPOTIFY_GENRES_1","0.9047141164737396","1","RealMLP 🕸","MUL_TEXT_SPOTIFY_GENRES","text_only","n306","finished","223","2026-07-24T22:52:05.000Z","2026-07-25 01:55:47"
"dpt_MUL_TEXT_SOCIAL_NEWS_CHANNEL_CATEGORY_1","0.8057819928900666","1","TabDPT 6️⃣","MUL_TEXT_SOCIAL_NEWS_CHANNEL_CATEGORY","no_text","n306","finished","152","2026-07-24T22:49:23.000Z","2026-07-25 01:51:53"
"dpt_MUL_TEXT_SOCIAL_NEWS_CHANNEL_CATEGORY_1","0.6087629374601653","1","TabDPT 6️⃣","MUL_TEXT_SOCIAL_NEWS_CHANNEL_CATEGORY","text_only","n305","finished","214","2026-07-24T22:49:20.000Z","2026-07-25 01:52:48"
"xgb_MUL_TEXT_SOCIAL_NEWS_CHANNEL_CATEGORY_1","0.7822828878761103","1","XGBoost 🌲","MUL_TEXT_SOCIAL_NEWS_CHANNEL_CATEGORY","no_text","nlp-srv3.dds.technion.ac.il","finished","32","2026-07-24T22:49:15.000Z","2026-07-25 01:49:06"
"xgb_MUL_TEXT_SOCIAL_NEWS_CHANNEL_CATEGORY_1","0.5889067012541646","1","XGBoost 🌲","MUL_TEXT_SOCIAL_NEWS_CHANNEL_CATEGORY","text_only","n305","finished","64","2026-07-24T22:49:14.000Z","2026-07-25 01:50:17"
"rf_MUL_TEXT_SOCIAL_NEWS_CHANNEL_CATEGORY_1","0.7648817569180544","1","RandomForest 🌳","MUL_TEXT_SOCIAL_NEWS_CHANNEL_CATEGORY","no_text","nlp-srv3.dds.technion.ac.il","finished","28","2026-07-24T22:49:00.000Z","2026-07-25 01:48:52"
"rf_MUL_TEXT_SOCIAL_NEWS_CHANNEL_CATEGORY_1","0.6023282922247553","1","RandomForest 🌳","MUL_TEXT_SOCIAL_NEWS_CHANNEL_CATEGORY","text_only","n305","finished","69","2026-07-24T22:48:59.000Z","2026-07-25 01:50:07"
"iclv2_MUL_TEXT_SOCIAL_NEWS_CHANNEL_CATEGORY_1","0.8163994066865025","1","TabICLv2 🗼","MUL_TEXT_SOCIAL_NEWS_CHANNEL_CATEGORY","no_text","n305","finished","16","2026-07-24T22:48:58.000Z","2026-07-25 01:49:12"
"iclv2_MUL_TEXT_SOCIAL_NEWS_CHANNEL_CATEGORY_1","0.6308191789816899","1","TabICLv2 🗼","MUL_TEXT_SOCIAL_NEWS_CHANNEL_CATEGORY","text_only","nlp-srv3.dds.technion.ac.il","finished","76","2026-07-24T22:48:58.000Z","2026-07-25 01:49:49"
"real_MUL_TEXT_SOCIAL_NEWS_CHANNEL_CATEGORY_1","0.6282278351854803","1","RealMLP 🕸","MUL_TEXT_SOCIAL_NEWS_CHANNEL_CATEGORY","text_only","n306","finished","128","2026-07-24T22:48:47.000Z","2026-07-25 01:50:33"
"real_MUL_TEXT_SOCIAL_NEWS_CHANNEL_CATEGORY_1","0.795532836431835","1","RealMLP 🕸","MUL_TEXT_SOCIAL_NEWS_CHANNEL_CATEGORY","no_text","nlp-srv3.dds.technion.ac.il","finished","52","2026-07-24T22:48:47.000Z","2026-07-25 01:49:17"
"dpt_MUL_TEXT_SOCIAL_HEARTHSTONE_CARD_GAME_WARCRAFT_1","0.8293238674445866","1","TabDPT 6️⃣","MUL_TEXT_SOCIAL_HEARTHSTONE_CARD_GAME_WARCRAFT","no_text","nlp-srv3.dds.technion.ac.il","finished","34","2026-07-24T22:46:47.000Z","2026-07-25 01:47:00"
"xgb_MUL_TEXT_SOCIAL_HEARTHSTONE_CARD_GAME_WARCRAFT_1","0.7965558210094907","1","XGBoost 🌲","MUL_TEXT_SOCIAL_HEARTHSTONE_CARD_GAME_WARCRAFT","no_text","n306","finished","14","2026-07-24T22:46:45.000Z","2026-07-25 01:46:56"
"dpt_MUL_TEXT_SOCIAL_HEARTHSTONE_CARD_GAME_WARCRAFT_1","0.8597787847884917","1","TabDPT 6️⃣","MUL_TEXT_SOCIAL_HEARTHSTONE_CARD_GAME_WARCRAFT","text_only","nlp-srv3.dds.technion.ac.il","finished","111","2026-07-24T22:46:45.000Z","2026-07-25 01:47:51"
"xgb_MUL_TEXT_SOCIAL_HEARTHSTONE_CARD_GAME_WARCRAFT_1","0.8432051683481114","1","XGBoost 🌲","MUL_TEXT_SOCIAL_HEARTHSTONE_CARD_GAME_WARCRAFT","text_only","nlp-srv3.dds.technion.ac.il","finished","57","2026-07-24T22:46:44.000Z","2026-07-25 01:47:19"
"rf_MUL_TEXT_SOCIAL_HEARTHSTONE_CARD_GAME_WARCRAFT_1","0.6761569356065092","1","RandomForest 🌳","MUL_TEXT_SOCIAL_HEARTHSTONE_CARD_GAME_WARCRAFT","no_text","nlp-srv3.dds.technion.ac.il","finished","11","2026-07-24T22:46:39.000Z","2026-07-25 01:46:29"
"rf_MUL_TEXT_SOCIAL_HEARTHSTONE_CARD_GAME_WARCRAFT_1","0.8072946322810095","1","RandomForest 🌳","MUL_TEXT_SOCIAL_HEARTHSTONE_CARD_GAME_WARCRAFT","text_only","n305","finished","54","2026-07-24T22:46:36.000Z","2026-07-25 01:47:29"
"iclv2_MUL_TEXT_SOCIAL_HEARTHSTONE_CARD_GAME_WARCRAFT_1","0.8451566196077289","1","TabICLv2 🗼","MUL_TEXT_SOCIAL_HEARTHSTONE_CARD_GAME_WARCRAFT","no_text","n306","finished","25","2026-07-24T22:46:36.000Z","2026-07-25 01:46:47"
"iclv2_MUL_TEXT_SOCIAL_HEARTHSTONE_CARD_GAME_WARCRAFT_1","0.930170304104776","1","TabICLv2 🗼","MUL_TEXT_SOCIAL_HEARTHSTONE_CARD_GAME_WARCRAFT","text_only","nlp-srv3.dds.technion.ac.il","finished","67","2026-07-24T22:46:22.000Z","2026-07-25 01:47:08"
"real_MUL_TEXT_SOCIAL_HEARTHSTONE_CARD_GAME_WARCRAFT_1","0.7773187561658543","1","RealMLP 🕸","MUL_TEXT_SOCIAL_HEARTHSTONE_CARD_GAME_WARCRAFT","no_text","nlp-srv3.dds.technion.ac.il","finished","25","2026-07-24T22:46:13.000Z","2026-07-25 01:46:16"
"real_MUL_TEXT_SOCIAL_HEARTHSTONE_CARD_GAME_WARCRAFT_1","0.8779889087520155","1","RealMLP 🕸","MUL_TEXT_SOCIAL_HEARTHSTONE_CARD_GAME_WARCRAFT","text_only","nlp-srv3.dds.technion.ac.il","finished","72","2026-07-24T22:46:06.000Z","2026-07-25 01:46:52"
"dpt_MUL_TEXT_SOCIAL_GOOGLE_QA_TYPE_REASON_1","0.8331922020858092","1","TabDPT 6️⃣","MUL_TEXT_SOCIAL_GOOGLE_QA_TYPE_REASON","no_text","nlp-srv3.dds.technion.ac.il","finished","39","2026-07-24T22:40:29.000Z","2026-07-25 01:40:47"
"dpt_MUL_TEXT_SOCIAL_GOOGLE_QA_TYPE_REASON_1","0.6529365023304833","1","TabDPT 6️⃣","MUL_TEXT_SOCIAL_GOOGLE_QA_TYPE_REASON","text_only","n306","finished","275","2026-07-24T22:40:27.000Z","2026-07-25 01:45:00"
"xgb_MUL_TEXT_SOCIAL_GOOGLE_QA_TYPE_REASON_1","0.864526837597781","1","XGBoost 🌲","MUL_TEXT_SOCIAL_GOOGLE_QA_TYPE_REASON","no_text","n306","finished","18","2026-07-24T22:40:21.000Z","2026-07-25 01:40:32"
"xgb_MUL_TEXT_SOCIAL_GOOGLE_QA_TYPE_REASON_1","0.6330023094118782","1","XGBoost 🌲","MUL_TEXT_SOCIAL_GOOGLE_QA_TYPE_REASON","text_only","nlp-srv3.dds.technion.ac.il","finished","329","2026-07-24T22:40:13.000Z","2026-07-25 01:45:20"
"rf_MUL_TEXT_SOCIAL_GOOGLE_QA_TYPE_REASON_1","0.8371519369882645","1","RandomForest 🌳","MUL_TEXT_SOCIAL_GOOGLE_QA_TYPE_REASON","no_text","n306","finished","13","2026-07-24T22:40:11.000Z","2026-07-25 01:40:22"
"rf_MUL_TEXT_SOCIAL_GOOGLE_QA_TYPE_REASON_1","0.6866959810693797","1","RandomForest 🌳","MUL_TEXT_SOCIAL_GOOGLE_QA_TYPE_REASON","text_only","nlp-srv3.dds.technion.ac.il","finished","359","2026-07-24T22:40:04.000Z","2026-07-25 01:45:18"
"iclv2_MUL_TEXT_SOCIAL_GOOGLE_QA_TYPE_REASON_1","0.8868575476903853","1","TabICLv2 🗼","MUL_TEXT_SOCIAL_GOOGLE_QA_TYPE_REASON","no_text","nlp-srv3.dds.technion.ac.il","finished","14","2026-07-24T22:39:57.000Z","2026-07-25 01:39:50"
"real_MUL_TEXT_SOCIAL_GOOGLE_QA_TYPE_REASON_1","0.8011557392383507","1","RealMLP 🕸","MUL_TEXT_SOCIAL_GOOGLE_QA_TYPE_REASON","no_text","n305","finished","44","2026-07-24T22:39:55.000Z","2026-07-25 01:40:38"
"iclv2_MUL_TEXT_SOCIAL_GOOGLE_QA_TYPE_REASON_1","0.6928512595225962","1","TabICLv2 🗼","MUL_TEXT_SOCIAL_GOOGLE_QA_TYPE_REASON","text_only","nlp-srv3.dds.technion.ac.il","finished","351","2026-07-24T22:39:55.000Z","2026-07-25 01:45:24"
"real_MUL_TEXT_SOCIAL_GOOGLE_QA_TYPE_REASON_1","0.6598562734749102","1","RealMLP 🕸","MUL_TEXT_SOCIAL_GOOGLE_QA_TYPE_REASON","text_only","n306","finished","208","2026-07-24T22:39:51.000Z","2026-07-25 01:43:18"
"dpt_MUL_TEXT_PRODUCT_SENTIMENT_1","0.7924514813478211","1","TabDPT 6️⃣","MUL_TEXT_PRODUCT_SENTIMENT","no_text","nlp-srv3.dds.technion.ac.il","finished","104","2026-07-24T22:36:18.000Z","2026-07-25 01:37:41"
"dpt_MUL_TEXT_PRODUCT_SENTIMENT_1","0.8045804176658116","1","TabDPT 6️⃣","MUL_TEXT_PRODUCT_SENTIMENT","text_only","n306","finished","117","2026-07-24T22:36:04.000Z","2026-07-25 01:37:58"
"xgb_MUL_TEXT_PRODUCT_SENTIMENT_1","0.8139648717959087","1","XGBoost 🌲","MUL_TEXT_PRODUCT_SENTIMENT","no_text","nlp-srv3.dds.technion.ac.il","finished","11","2026-07-24T22:36:02.000Z","2026-07-25 01:35:52"
"xgb_MUL_TEXT_PRODUCT_SENTIMENT_1","0.7707694340940322","1","XGBoost 🌲","MUL_TEXT_PRODUCT_SENTIMENT","text_only","n306","finished","36","2026-07-24T22:35:48.000Z","2026-07-25 01:36:23"
"rf_MUL_TEXT_PRODUCT_SENTIMENT_1","0.8143843905774832","1","RandomForest 🌳","MUL_TEXT_PRODUCT_SENTIMENT","no_text","nlp-srv3.dds.technion.ac.il","finished","11","2026-07-24T22:35:46.000Z","2026-07-25 01:35:36"
"rf_MUL_TEXT_PRODUCT_SENTIMENT_1","0.7086004080031679","1","RandomForest 🌳","MUL_TEXT_PRODUCT_SENTIMENT","text_only","n305","finished","47","2026-07-24T22:35:32.000Z","2026-07-25 01:36:18"
"iclv2_MUL_TEXT_PRODUCT_SENTIMENT_1","0.8210724868562564","1","TabICLv2 🗼","MUL_TEXT_PRODUCT_SENTIMENT","no_text","nlp-srv3.dds.technion.ac.il","finished","13","2026-07-24T22:35:30.000Z","2026-07-25 01:35:22"
"iclv2_MUL_TEXT_PRODUCT_SENTIMENT_1","0.8328153742363035","1","TabICLv2 🗼","MUL_TEXT_PRODUCT_SENTIMENT","text_only","n306","finished","38","2026-07-24T22:35:21.000Z","2026-07-25 01:35:58"
"real_MUL_TEXT_PRODUCT_SENTIMENT_1","0.815620874405441","1","RealMLP 🕸","MUL_TEXT_PRODUCT_SENTIMENT","no_text","n306","finished","33","2026-07-24T22:35:11.000Z","2026-07-25 01:35:42"
"real_MUL_TEXT_PRODUCT_SENTIMENT_1","0.7736569737347042","1","RealMLP 🕸","MUL_TEXT_PRODUCT_SENTIMENT","text_only","nlp-srv3.dds.technion.ac.il","finished","77","2026-07-24T22:35:08.000Z","2026-07-25 01:36:04"
"dpt_MUL_TEXT_MICHELIN_RESTAURANTS_1","0.8763669884664459","1","TabDPT 6️⃣","MUL_TEXT_MICHELIN_RESTAURANTS","no_text","nlp20.iem.technion.ac.il","finished","87","2026-07-24T22:28:21.000Z","2026-07-25 01:29:47"
"dpt_MUL_TEXT_MICHELIN_RESTAURANTS_1","0.8418416191703055","1","TabDPT 6️⃣","MUL_TEXT_MICHELIN_RESTAURANTS","text_only","nlp-srv3.dds.technion.ac.il","finished","656","2026-07-24T22:26:38.000Z","2026-07-25 01:37:13"
"xgb_MUL_TEXT_MICHELIN_RESTAURANTS_1","0.8723384925462774","1","XGBoost 🌲","MUL_TEXT_MICHELIN_RESTAURANTS","no_text","nlp-srv3.dds.technion.ac.il","finished","14","2026-07-24T22:26:22.000Z","2026-07-25 01:26:15"
"xgb_MUL_TEXT_MICHELIN_RESTAURANTS_1","0.8309733704666336","1","XGBoost 🌲","MUL_TEXT_MICHELIN_RESTAURANTS","text_only","n305","finished","320","2026-07-24T22:24:11.000Z","2026-07-25 01:29:30"
"rf_MUL_TEXT_MICHELIN_RESTAURANTS_1","0.816947300804328","1","RandomForest 🌳","MUL_TEXT_MICHELIN_RESTAURANTS","no_text","n305","finished","14","2026-07-24T22:23:50.000Z","2026-07-25 01:24:03"
"rf_MUL_TEXT_MICHELIN_RESTAURANTS_1","0.8325850365301868","1","RandomForest 🌳","MUL_TEXT_MICHELIN_RESTAURANTS","text_only","n305","finished","328","2026-07-24T22:23:36.000Z","2026-07-25 01:29:03"
"iclv2_MUL_TEXT_MICHELIN_RESTAURANTS_1","0.8757919222936094","1","TabICLv2 🗼","MUL_TEXT_MICHELIN_RESTAURANTS","no_text","n305","finished","24","2026-07-24T22:23:04.000Z","2026-07-25 01:23:27"
"iclv2_MUL_TEXT_MICHELIN_RESTAURANTS_1","0.8734150663914295","1","TabICLv2 🗼","MUL_TEXT_MICHELIN_RESTAURANTS","text_only","n305","finished","341","2026-07-24T22:22:52.000Z","2026-07-25 01:28:32"
"real_MUL_TEXT_MICHELIN_RESTAURANTS_1","0.8677920274368806","1","RealMLP 🕸","MUL_TEXT_MICHELIN_RESTAURANTS","no_text","n305","finished","65","2026-07-24T22:22:41.000Z","2026-07-25 01:23:45"
"real_MUL_TEXT_MICHELIN_RESTAURANTS_1","0.8621301458352206","1","RealMLP 🕸","MUL_TEXT_MICHELIN_RESTAURANTS","text_only","n306","finished","360","2026-07-24T22:22:18.000Z","2026-07-25 01:28:16"
"dpt_MUL_TEXT_HOUSES_MELBOURNE_AIRBNB_1","0.8325732958624119","1","TabDPT 6️⃣","MUL_TEXT_HOUSES_MELBOURNE_AIRBNB","no_text","nlp20.iem.technion.ac.il","finished","90","2026-07-24T21:52:13.000Z","2026-07-25 00:53:41"
"dpt_MUL_TEXT_HOUSES_MELBOURNE_AIRBNB_1","0.7833425795510129","1","TabDPT 6️⃣","MUL_TEXT_HOUSES_MELBOURNE_AIRBNB","text_only","n305","finished","1375","2026-07-24T21:52:11.000Z","2026-07-25 01:15:05"
"xgb_MUL_TEXT_HOUSES_MELBOURNE_AIRBNB_1","0.8144328529845245","1","XGBoost 🌲","MUL_TEXT_HOUSES_MELBOURNE_AIRBNB","no_text","nlp-srv3.dds.technion.ac.il","finished","16","2026-07-24T21:52:06.000Z","2026-07-25 00:51:59"
"xgb_MUL_TEXT_HOUSES_MELBOURNE_AIRBNB_1","0.7380224690616728","1","XGBoost 🌲","MUL_TEXT_HOUSES_MELBOURNE_AIRBNB","text_only","n305","finished","1177","2026-07-24T21:51:59.000Z","2026-07-25 01:11:34"
"rf_MUL_TEXT_HOUSES_MELBOURNE_AIRBNB_1","0.8168419913758138","1","RandomForest 🌳","MUL_TEXT_HOUSES_MELBOURNE_AIRBNB","no_text","nlp-srv3.dds.technion.ac.il","finished","20","2026-07-24T21:51:59.000Z","2026-07-25 00:51:58"
"rf_MUL_TEXT_HOUSES_MELBOURNE_AIRBNB_1","0.7133252653931208","1","RandomForest 🌳","MUL_TEXT_HOUSES_MELBOURNE_AIRBNB","text_only","nlp-srv3.dds.technion.ac.il","finished","2196","2026-07-24T21:51:51.000Z","2026-07-25 01:28:06"
"iclv2_MUL_TEXT_HOUSES_MELBOURNE_AIRBNB_1","0.8512801181245766","1","TabICLv2 🗼","MUL_TEXT_HOUSES_MELBOURNE_AIRBNB","no_text","n305","finished","17","2026-07-24T21:51:50.000Z","2026-07-25 00:52:06"
"iclv2_MUL_TEXT_HOUSES_MELBOURNE_AIRBNB_1","0.8042422639359547","1","TabICLv2 🗼","MUL_TEXT_HOUSES_MELBOURNE_AIRBNB","text_only","nlp-srv3.dds.technion.ac.il","finished","2393","2026-07-24T21:51:45.000Z","2026-07-25 01:31:17"
"real_MUL_TEXT_HOUSES_MELBOURNE_AIRBNB_1","0.7516601412274199","1","RealMLP 🕸","MUL_TEXT_HOUSES_MELBOURNE_AIRBNB","text_only","nlp-srv3.dds.technion.ac.il","finished","2328","2026-07-24T21:51:44.000Z","2026-07-25 01:30:10"
"real_MUL_TEXT_HOUSES_MELBOURNE_AIRBNB_1","0.8259692639583756","1","RealMLP 🕸","MUL_TEXT_HOUSES_MELBOURNE_AIRBNB","no_text","n305","finished","80","2026-07-24T21:51:44.000Z","2026-07-25 00:53:03"
"dpt_MUL_TEXT_FOOD_YELP_REVIEWS_1","0.5866895948107504","1","TabDPT 6️⃣","MUL_TEXT_FOOD_YELP_REVIEWS","no_text","n306","finished","51","2026-07-24T21:49:22.000Z","2026-07-25 00:50:11"
"dpt_MUL_TEXT_FOOD_YELP_REVIEWS_1","0.8676678163053533","1","TabDPT 6️⃣","MUL_TEXT_FOOD_YELP_REVIEWS","text_only","n305","finished","121","2026-07-24T21:49:15.000Z","2026-07-25 00:51:15"
"xgb_MUL_TEXT_FOOD_YELP_REVIEWS_1","0.5753897390286287","1","XGBoost 🌲","MUL_TEXT_FOOD_YELP_REVIEWS","no_text","nlp20.iem.technion.ac.il","finished","14","2026-07-24T21:49:13.000Z","2026-07-25 00:49:26"
"rf_MUL_TEXT_FOOD_YELP_REVIEWS_1","0.5489019734915749","1","RandomForest 🌳","MUL_TEXT_FOOD_YELP_REVIEWS","no_text","nlp-srv3.dds.technion.ac.il","finished","12","2026-07-24T21:49:08.000Z","2026-07-25 00:48:58"
"xgb_MUL_TEXT_FOOD_YELP_REVIEWS_1","0.8513038726576847","1","XGBoost 🌲","MUL_TEXT_FOOD_YELP_REVIEWS","text_only","nlp-srv3.dds.technion.ac.il","finished","94","2026-07-24T21:49:08.000Z","2026-07-25 00:50:15"
"rf_MUL_TEXT_FOOD_YELP_REVIEWS_1","0.8340568749450373","1","RandomForest 🌳","MUL_TEXT_FOOD_YELP_REVIEWS","text_only","n305","finished","80","2026-07-24T21:48:53.000Z","2026-07-25 00:50:08"
"iclv2_MUL_TEXT_FOOD_YELP_REVIEWS_1","0.592226174766004","1","TabICLv2 🗼","MUL_TEXT_FOOD_YELP_REVIEWS","no_text","nlp-srv3.dds.technion.ac.il","finished","14","2026-07-24T21:48:52.000Z","2026-07-25 00:48:45"
"iclv2_MUL_TEXT_FOOD_YELP_REVIEWS_1","0.8744330945111134","1","TabICLv2 🗼","MUL_TEXT_FOOD_YELP_REVIEWS","text_only","nlp-srv3.dds.technion.ac.il","finished","89","2026-07-24T21:48:48.000Z","2026-07-25 00:49:56"
"real_MUL_TEXT_FOOD_YELP_REVIEWS_1","0.577625139696895","1","RealMLP 🕸","MUL_TEXT_FOOD_YELP_REVIEWS","no_text","nlp-srv3.dds.technion.ac.il","finished","47","2026-07-24T21:48:43.000Z","2026-07-25 00:49:09"
"real_MUL_TEXT_FOOD_YELP_REVIEWS_1","0.8719043595378014","1","RealMLP 🕸","MUL_TEXT_FOOD_YELP_REVIEWS","text_only","nlp-srv3.dds.technion.ac.il","finished","113","2026-07-24T21:48:28.000Z","2026-07-25 00:50:00"
"dpt_MUL_TEXT_DATA_SCIENTIST_SALARY_1","0.5537526315311866","1","TabDPT 6️⃣","MUL_TEXT_DATA_SCIENTIST_SALARY","no_text","n305","finished","137","2026-07-24T21:40:35.000Z","2026-07-25 00:42:50"
"dpt_MUL_TEXT_DATA_SCIENTIST_SALARY_1","0.8469148124494893","1","TabDPT 6️⃣","MUL_TEXT_DATA_SCIENTIST_SALARY","text_only","nlp-srv3.dds.technion.ac.il","finished","571","2026-07-24T21:40:34.000Z","2026-07-25 00:49:44"
"xgb_MUL_TEXT_DATA_SCIENTIST_SALARY_1","0.5581136455920251","1","XGBoost 🌲","MUL_TEXT_DATA_SCIENTIST_SALARY","no_text","nlp-srv3.dds.technion.ac.il","finished","11","2026-07-24T21:40:30.000Z","2026-07-25 00:40:20"
"xgb_MUL_TEXT_DATA_SCIENTIST_SALARY_1","0.799549731216738","1","XGBoost 🌲","MUL_TEXT_DATA_SCIENTIST_SALARY","text_only","nlp-srv3.dds.technion.ac.il","finished","497","2026-07-24T21:40:29.000Z","2026-07-25 00:48:25"
"rf_MUL_TEXT_DATA_SCIENTIST_SALARY_1","0.5583693934883106","1","RandomForest 🌳","MUL_TEXT_DATA_SCIENTIST_SALARY","no_text","n305","finished","12","2026-07-24T21:40:19.000Z","2026-07-25 00:40:30"
"rf_MUL_TEXT_DATA_SCIENTIST_SALARY_1","0.7730887941372583","1","RandomForest 🌳","MUL_TEXT_DATA_SCIENTIST_SALARY","text_only","nlp-srv3.dds.technion.ac.il","finished","474","2026-07-24T21:40:13.000Z","2026-07-25 00:47:46"
"iclv2_MUL_TEXT_DATA_SCIENTIST_SALARY_1","0.558407561665668","1","TabICLv2 🗼","MUL_TEXT_DATA_SCIENTIST_SALARY","no_text","nlp-srv3.dds.technion.ac.il","finished","14","2026-07-24T21:39:57.000Z","2026-07-25 00:39:50"
"iclv2_MUL_TEXT_DATA_SCIENTIST_SALARY_1","0.8386211599118566","1","TabICLv2 🗼","MUL_TEXT_DATA_SCIENTIST_SALARY","text_only","n305","finished","279","2026-07-24T21:39:53.000Z","2026-07-25 00:44:30"
"real_MUL_TEXT_DATA_SCIENTIST_SALARY_1","0.5573543950847822","1","RealMLP 🕸","MUL_TEXT_DATA_SCIENTIST_SALARY","no_text","nlp-srv3.dds.technion.ac.il","finished","45","2026-07-24T21:39:52.000Z","2026-07-25 00:40:16"
"real_MUL_TEXT_DATA_SCIENTIST_SALARY_1","0.8230415905271798","1","RealMLP 🕸","MUL_TEXT_DATA_SCIENTIST_SALARY","text_only","nlp-srv3.dds.technion.ac.il","finished","506","2026-07-24T21:39:48.000Z","2026-07-25 00:47:53"
"dpt_BIN_TEXT_TRANSPORTATION_OSHA_ACCIDENT_INJURY_DATA_1","0.5503305859976451","1","TabDPT 6️⃣","BIN_TEXT_TRANSPORTATION_OSHA_ACCIDENT_INJURY_DATA","no_text","nlp-srv3.dds.technion.ac.il","finished","84","2026-07-24T21:37:21.000Z","2026-07-25 00:38:24"
"dpt_BIN_TEXT_TRANSPORTATION_OSHA_ACCIDENT_INJURY_DATA_1","0.6158318992844851","1","TabDPT 6️⃣","BIN_TEXT_TRANSPORTATION_OSHA_ACCIDENT_INJURY_DATA","text_only","nlp-srv3.dds.technion.ac.il","finished","130","2026-07-24T21:37:19.000Z","2026-07-25 00:39:08"
"xgb_BIN_TEXT_TRANSPORTATION_OSHA_ACCIDENT_INJURY_DATA_1","0.5592247079068925","1","XGBoost 🌲","BIN_TEXT_TRANSPORTATION_OSHA_ACCIDENT_INJURY_DATA","no_text","nlp-srv3.dds.technion.ac.il","finished","11","2026-07-24T21:37:05.000Z","2026-07-25 00:36:55"
"xgb_BIN_TEXT_TRANSPORTATION_OSHA_ACCIDENT_INJURY_DATA_1","0.5177882438184948","1","XGBoost 🌲","BIN_TEXT_TRANSPORTATION_OSHA_ACCIDENT_INJURY_DATA","text_only","nlp-srv3.dds.technion.ac.il","finished","92","2026-07-24T21:36:46.000Z","2026-07-25 00:37:57"
"rf_BIN_TEXT_TRANSPORTATION_OSHA_ACCIDENT_INJURY_DATA_1","0.5233402771488089","1","RandomForest 🌳","BIN_TEXT_TRANSPORTATION_OSHA_ACCIDENT_INJURY_DATA","no_text","n306","finished","53","2026-07-24T21:36:36.000Z","2026-07-25 00:37:27"
"rf_BIN_TEXT_TRANSPORTATION_OSHA_ACCIDENT_INJURY_DATA_1","0.5432478942124808","1","RandomForest 🌳","BIN_TEXT_TRANSPORTATION_OSHA_ACCIDENT_INJURY_DATA","text_only","n305","finished","82","2026-07-24T21:36:33.000Z","2026-07-25 00:37:54"
"iclv2_BIN_TEXT_TRANSPORTATION_OSHA_ACCIDENT_INJURY_DATA_1","0.5754732361199167","1","TabICLv2 🗼","BIN_TEXT_TRANSPORTATION_OSHA_ACCIDENT_INJURY_DATA","no_text","nlp-srv3.dds.technion.ac.il","finished","12","2026-07-24T21:36:30.000Z","2026-07-25 00:36:21"
"real_BIN_TEXT_TRANSPORTATION_OSHA_ACCIDENT_INJURY_DATA_1","0.5464994112852097","1","RealMLP 🕸","BIN_TEXT_TRANSPORTATION_OSHA_ACCIDENT_INJURY_DATA","no_text","nlp-srv3.dds.technion.ac.il","finished","31","2026-07-24T21:36:28.000Z","2026-07-25 00:36:38"
"iclv2_BIN_TEXT_TRANSPORTATION_OSHA_ACCIDENT_INJURY_DATA_1","0.5901911058780908","1","TabICLv2 🗼","BIN_TEXT_TRANSPORTATION_OSHA_ACCIDENT_INJURY_DATA","text_only","n305","finished","82","2026-07-24T21:36:28.000Z","2026-07-25 00:37:49"
"real_BIN_TEXT_TRANSPORTATION_OSHA_ACCIDENT_INJURY_DATA_1","0.5442079521782448","1","RealMLP 🕸","BIN_TEXT_TRANSPORTATION_OSHA_ACCIDENT_INJURY_DATA","text_only","nlp-srv3.dds.technion.ac.il","finished","146","2026-07-24T21:36:26.000Z","2026-07-25 00:38:31"
"dpt_BIN_TEXT_SOCIAL_IMDB_GENRE_PREDICTION_1","0.8863095238095237","1","TabDPT 6️⃣","BIN_TEXT_SOCIAL_IMDB_GENRE_PREDICTION","no_text","nlp-srv3.dds.technion.ac.il","finished","14","2026-07-24T21:33:51.000Z","2026-07-25 00:33:44"
"dpt_BIN_TEXT_SOCIAL_IMDB_GENRE_PREDICTION_1","0.7916666666666667","1","TabDPT 6️⃣","BIN_TEXT_SOCIAL_IMDB_GENRE_PREDICTION","text_only","n305","finished","42","2026-07-24T21:33:51.000Z","2026-07-25 00:34:31"
"xgb_BIN_TEXT_SOCIAL_IMDB_GENRE_PREDICTION_1","0.8601190476190476","1","XGBoost 🌲","BIN_TEXT_SOCIAL_IMDB_GENRE_PREDICTION","no_text","nlp-srv3.dds.technion.ac.il","finished","10","2026-07-24T21:33:47.000Z","2026-07-25 00:33:36"
"xgb_BIN_TEXT_SOCIAL_IMDB_GENRE_PREDICTION_1","0.6464285714285715","1","XGBoost 🌲","BIN_TEXT_SOCIAL_IMDB_GENRE_PREDICTION","text_only","n306","finished","29","2026-07-24T21:33:36.000Z","2026-07-25 00:34:04"
"rf_BIN_TEXT_SOCIAL_IMDB_GENRE_PREDICTION_1","0.8467261904761905","1","RandomForest 🌳","BIN_TEXT_SOCIAL_IMDB_GENRE_PREDICTION","no_text","nlp-srv3.dds.technion.ac.il","finished","10","2026-07-24T21:33:35.000Z","2026-07-25 00:33:24"
"rf_BIN_TEXT_SOCIAL_IMDB_GENRE_PREDICTION_1","0.7511904761904762","1","RandomForest 🌳","BIN_TEXT_SOCIAL_IMDB_GENRE_PREDICTION","text_only","nlp-srv3.dds.technion.ac.il","finished","41","2026-07-24T21:33:34.000Z","2026-07-25 00:33:54"
"iclv2_BIN_TEXT_SOCIAL_IMDB_GENRE_PREDICTION_1","0.8904761904761905","1","TabICLv2 🗼","BIN_TEXT_SOCIAL_IMDB_GENRE_PREDICTION","no_text","nlp-srv3.dds.technion.ac.il","finished","12","2026-07-24T21:33:30.000Z","2026-07-25 00:33:21"
"iclv2_BIN_TEXT_SOCIAL_IMDB_GENRE_PREDICTION_1","0.8095238095238095","1","TabICLv2 🗼","BIN_TEXT_SOCIAL_IMDB_GENRE_PREDICTION","text_only","n305","finished","31","2026-07-24T21:33:22.000Z","2026-07-25 00:33:52"
"real_BIN_TEXT_SOCIAL_IMDB_GENRE_PREDICTION_1","0.8815476190476191","1","RealMLP 🕸","BIN_TEXT_SOCIAL_IMDB_GENRE_PREDICTION","no_text","n306","finished","16","2026-07-24T21:33:15.000Z","2026-07-25 00:33:30"
"real_BIN_TEXT_SOCIAL_IMDB_GENRE_PREDICTION_1","0.7738095238095237","1","RealMLP 🕸","BIN_TEXT_SOCIAL_IMDB_GENRE_PREDICTION","text_only","n305","finished","32","2026-07-24T21:33:14.000Z","2026-07-25 00:33:44"
"dpt_BIN_TEXT_KICKSTARTER_FUNDING_1","0.6051930147058823","1","TabDPT 6️⃣","BIN_TEXT_KICKSTARTER_FUNDING","no_text","nlp-srv3.dds.technion.ac.il","finished","100","2026-07-24T21:30:57.000Z","2026-07-25 00:32:16"
"rf_BIN_TEXT_JIGSAW_TOXICITY_1","0.7218330452696451","1","RandomForest 🌳","BIN_TEXT_JIGSAW_TOXICITY","text_only","n305","finished","126","2026-07-24T21:30:49.000Z","2026-07-25 00:32:54"
"dpt_BIN_TEXT_KICKSTARTER_FUNDING_1","0.6891027113970588","1","TabDPT 6️⃣","BIN_TEXT_KICKSTARTER_FUNDING","text_only","n306","finished","348","2026-07-24T21:28:04.000Z","2026-07-25 00:33:51"
"xgb_BIN_TEXT_KICKSTARTER_FUNDING_1","0.6038051470588235","1","XGBoost 🌲","BIN_TEXT_KICKSTARTER_FUNDING","no_text","n305","finished","16","2026-07-24T21:27:54.000Z","2026-07-25 00:28:06"
"xgb_BIN_TEXT_KICKSTARTER_FUNDING_1","0.6664602481617647","1","XGBoost 🌲","BIN_TEXT_KICKSTARTER_FUNDING","text_only","nlp-srv3.dds.technion.ac.il","finished","311","2026-07-24T21:27:48.000Z","2026-07-25 00:32:38"
"rf_BIN_TEXT_KICKSTARTER_FUNDING_1","0.5702659696691176","1","RandomForest 🌳","BIN_TEXT_KICKSTARTER_FUNDING","no_text","n305","finished","15","2026-07-24T21:27:32.000Z","2026-07-25 00:27:45"
"rf_BIN_TEXT_KICKSTARTER_FUNDING_1","0.6607123161764705","1","RandomForest 🌳","BIN_TEXT_KICKSTARTER_FUNDING","text_only","nlp-srv3.dds.technion.ac.il","finished","242","2026-07-24T21:27:12.000Z","2026-07-25 00:30:54"
"iclv2_BIN_TEXT_KICKSTARTER_FUNDING_1","0.6074161305147058","1","TabICLv2 🗼","BIN_TEXT_KICKSTARTER_FUNDING","no_text","n305","finished","15","2026-07-24T21:27:08.000Z","2026-07-25 00:27:22"
"iclv2_BIN_TEXT_KICKSTARTER_FUNDING_1","0.7011040900735295","1","TabICLv2 🗼","BIN_TEXT_KICKSTARTER_FUNDING","text_only","n305","finished","287","2026-07-24T21:27:06.000Z","2026-07-25 00:31:51"
"real_BIN_TEXT_KICKSTARTER_FUNDING_1","0.6075965073529411","1","RealMLP 🕸","BIN_TEXT_KICKSTARTER_FUNDING","no_text","nlp19.iem.technion.ac.il","finished","63","2026-07-24T21:27:04.000Z","2026-07-25 00:28:06"
"real_BIN_TEXT_KICKSTARTER_FUNDING_1","0.6782789522058823","1","RealMLP 🕸","BIN_TEXT_KICKSTARTER_FUNDING","text_only","n306","finished","318","2026-07-24T21:26:58.000Z","2026-07-25 00:32:14"
"dpt_BIN_TEXT_JIGSAW_TOXICITY_1","0.5387292899666545","1","TabDPT 6️⃣","BIN_TEXT_JIGSAW_TOXICITY","no_text","n305","finished","161","2026-07-24T21:20:48.000Z","2026-07-25 00:23:28"
"iclv2_BIN_TEXT_JIGSAW_TOXICITY_1","0.5944739782468269","1","TabICLv2 🗼","BIN_TEXT_JIGSAW_TOXICITY","no_text","n305","finished","37","2026-07-24T21:17:24.000Z","2026-07-25 00:17:40"
"real_BIN_TEXT_JIGSAW_TOXICITY_1","0.7923497267759563","1","RealMLP 🕸","BIN_TEXT_JIGSAW_TOXICITY","text_only","n306","finished","163","2026-07-24T21:17:20.000Z","2026-07-25 00:20:02"
"real_BIN_TEXT_JIGSAW_TOXICITY_1","0.5463607954049476","1","RealMLP 🕸","BIN_TEXT_JIGSAW_TOXICITY","no_text","n306","finished","64","2026-07-24T21:17:20.000Z","2026-07-25 00:18:18"
"dpt_BIN_TEXT_JIGSAW_TOXICITY_1","0.7819052357757642","1","TabDPT 6️⃣","BIN_TEXT_JIGSAW_TOXICITY","text_only","n305","finished","279","2026-07-24T21:14:47.000Z","2026-07-25 00:19:25"
"xgb_BIN_TEXT_JIGSAW_TOXICITY_1","0.5693971612632902","1","XGBoost 🌲","BIN_TEXT_JIGSAW_TOXICITY","no_text","nlp-srv3.dds.technion.ac.il","finished","29","2026-07-24T21:14:42.000Z","2026-07-25 00:14:36"
"xgb_BIN_TEXT_JIGSAW_TOXICITY_1","0.7327423663122611","1","XGBoost 🌲","BIN_TEXT_JIGSAW_TOXICITY","text_only","n305","finished","155","2026-07-24T21:14:39.000Z","2026-07-25 00:16:48"
"rf_BIN_TEXT_JIGSAW_TOXICITY_1","0.5143377153930759","1","RandomForest 🌳","BIN_TEXT_JIGSAW_TOXICITY","no_text","nlp-srv3.dds.technion.ac.il","finished","27","2026-07-24T21:14:32.000Z","2026-07-25 00:14:26"
"iclv2_BIN_TEXT_JIGSAW_TOXICITY_1","0.8164597845632782","1","TabICLv2 🗼","BIN_TEXT_JIGSAW_TOXICITY","text_only","n306","finished","129","2026-07-24T21:14:05.000Z","2026-07-25 00:16:12"
"dpt_BIN_TEXT_FINANCIAL_CONSUMER_COMPLAINT_1","0.8479147299968962","1","TabDPT 6️⃣","BIN_TEXT_FINANCIAL_CONSUMER_COMPLAINT","no_text","n305","finished","108","2026-07-24T21:05:39.000Z","2026-07-25 00:07:26"
"dpt_BIN_TEXT_FINANCIAL_CONSUMER_COMPLAINT_1","0.8355000918644646","1","TabDPT 6️⃣","BIN_TEXT_FINANCIAL_CONSUMER_COMPLAINT","text_only","n306","finished","379","2026-07-24T21:04:54.000Z","2026-07-25 00:11:11"
"xgb_BIN_TEXT_FINANCIAL_CONSUMER_COMPLAINT_1","0.8441404987615002","1","XGBoost 🌲","BIN_TEXT_FINANCIAL_CONSUMER_COMPLAINT","no_text","n305","finished","48","2026-07-24T21:04:46.000Z","2026-07-25 00:05:30"
"xgb_BIN_TEXT_FINANCIAL_CONSUMER_COMPLAINT_1","0.8643763437509375","1","XGBoost 🌲","BIN_TEXT_FINANCIAL_CONSUMER_COMPLAINT","text_only","nlp18.iem.technion.ac.il","finished","491","2026-07-24T21:04:17.000Z","2026-07-25 00:12:26"
"rf_BIN_TEXT_FINANCIAL_CONSUMER_COMPLAINT_1","0.734867965217182","1","RandomForest 🌳","BIN_TEXT_FINANCIAL_CONSUMER_COMPLAINT","no_text","n306","finished","44","2026-07-24T21:04:07.000Z","2026-07-25 00:04:49"
"rf_BIN_TEXT_FINANCIAL_CONSUMER_COMPLAINT_1","0.8448209521416349","1","RandomForest 🌳","BIN_TEXT_FINANCIAL_CONSUMER_COMPLAINT","text_only","nlp19.iem.technion.ac.il","finished","455","2026-07-24T21:03:30.000Z","2026-07-25 00:11:04"
"iclv2_BIN_TEXT_FINANCIAL_CONSUMER_COMPLAINT_1","0.8572310649304763","1","TabICLv2 🗼","BIN_TEXT_FINANCIAL_CONSUMER_COMPLAINT","no_text","nlp19.iem.technion.ac.il","finished","50","2026-07-24T21:02:36.000Z","2026-07-25 00:03:24"
"iclv2_BIN_TEXT_FINANCIAL_CONSUMER_COMPLAINT_1","0.8711493717582345","1","TabICLv2 🗼","BIN_TEXT_FINANCIAL_CONSUMER_COMPLAINT","text_only","nlp18.iem.technion.ac.il","finished","540","2026-07-24T21:02:35.000Z","2026-07-25 00:11:32"
"real_BIN_TEXT_FINANCIAL_CONSUMER_COMPLAINT_1","0.8550618801871347","1","RealMLP 🕸","BIN_TEXT_FINANCIAL_CONSUMER_COMPLAINT","no_text","n306","finished","96","2026-07-24T21:02:27.000Z","2026-07-25 00:04:02"
"real_BIN_TEXT_FINANCIAL_CONSUMER_COMPLAINT_1","0.8650273047813508","1","RealMLP 🕸","BIN_TEXT_FINANCIAL_CONSUMER_COMPLAINT","text_only","n305","finished","348","2026-07-24T21:02:19.000Z","2026-07-25 00:08:06"
"dpt_BIN_TEXT_FAKE_JOB_POSTING_1","0.7122224506578947","1","TabDPT 6️⃣","BIN_TEXT_FAKE_JOB_POSTING","no_text","n306","finished","131","2026-07-24T20:57:05.000Z","2026-07-24 23:59:14"
"dpt_BIN_TEXT_FAKE_JOB_POSTING_1","0.9229763862781954","1","TabDPT 6️⃣","BIN_TEXT_FAKE_JOB_POSTING","text_only","n306","finished","322","2026-07-24T20:53:08.000Z","2026-07-24 23:58:28"
"xgb_BIN_TEXT_FAKE_JOB_POSTING_1","0.7242495888157894","1","XGBoost 🌲","BIN_TEXT_FAKE_JOB_POSTING","no_text","n306","finished","26","2026-07-24T20:53:07.000Z","2026-07-24 23:53:29"
"xgb_BIN_TEXT_FAKE_JOB_POSTING_1","0.8854411419172933","1","XGBoost 🌲","BIN_TEXT_FAKE_JOB_POSTING","text_only","n305","finished","181","2026-07-24T20:53:01.000Z","2026-07-24 23:56:01"
"rf_BIN_TEXT_FAKE_JOB_POSTING_1","0.7112679158834587","1","RandomForest 🌳","BIN_TEXT_FAKE_JOB_POSTING","no_text","n305","finished","23","2026-07-24T20:53:01.000Z","2026-07-24 23:53:22"
"rf_BIN_TEXT_FAKE_JOB_POSTING_1","0.8713580827067668","1","RandomForest 🌳","BIN_TEXT_FAKE_JOB_POSTING","text_only","n305","finished","191","2026-07-24T20:53:00.000Z","2026-07-24 23:56:09"
"iclv2_BIN_TEXT_FAKE_JOB_POSTING_1","0.7046742833646616","1","TabICLv2 🗼","BIN_TEXT_FAKE_JOB_POSTING","no_text","n305","finished","26","2026-07-24T20:53:00.000Z","2026-07-24 23:53:24"
"iclv2_BIN_TEXT_FAKE_JOB_POSTING_1","0.9438880404135338","1","TabICLv2 🗼","BIN_TEXT_FAKE_JOB_POSTING","text_only","nlp19.iem.technion.ac.il","finished","273","2026-07-24T20:51:00.000Z","2026-07-24 23:55:32"
"real_BIN_TEXT_FAKE_JOB_POSTING_1","0.691398907424812","1","RealMLP 🕸","BIN_TEXT_FAKE_JOB_POSTING","no_text","nlp18.iem.technion.ac.il","finished","138","2026-07-24T20:50:41.000Z","2026-07-24 23:52:57"
"real_BIN_TEXT_FAKE_JOB_POSTING_1","0.856687617481203","1","RealMLP 🕸","BIN_TEXT_FAKE_JOB_POSTING","text_only","nlp18.iem.technion.ac.il","finished","397","2026-07-24T20:50:40.000Z","2026-07-24 23:57:16"