[{"stream_name":"stderr","time":5.6409713759999995,"data":"/usr/local/lib/python3.12/dist-packages/nbformat/__init__.py:96: MissingIDFieldWarning: Cell is missing an id field, this will become a hard error in future nbformat versions. You may want to use `normalize()` on your notebooks before validations (available since nbformat 5.1.4). Previous versions of nbformat are fixing this issue transparently, and will stop doing so in the future.\n"}
,{"stream_name":"stderr","time":5.6410431580000004,"data":"  validate(nb)\n"}
,{"stream_name":"stderr","time":6.378741016,"data":"0.00s - Debugger warning: It seems that frozen modules are being used, which may\n"}
,{"stream_name":"stderr","time":6.378773433,"data":"0.00s - make the debugger miss breakpoints. Please pass -Xfrozen_modules=off\n"}
,{"stream_name":"stderr","time":6.378781043,"data":"0.00s - to python to disable frozen modules.\n"}
,{"stream_name":"stderr","time":6.378783978,"data":"0.00s - Note: Debugging will proceed. Set PYDEVD_DISABLE_FILE_VALIDATION=1 to disable this validation.\n"}
,{"stream_name":"stderr","time":6.945626169,"data":"0.00s - Debugger warning: It seems that frozen modules are being used, which may\n"}
,{"stream_name":"stderr","time":6.945657907,"data":"0.00s - make the debugger miss breakpoints. Please pass -Xfrozen_modules=off\n"}
,{"stream_name":"stderr","time":6.945662982,"data":"0.00s - to python to disable frozen modules.\n"}
,{"stream_name":"stderr","time":6.945667115,"data":"0.00s - Note: Debugging will proceed. Set PYDEVD_DISABLE_FILE_VALIDATION=1 to disable this validation.\n"}
,{"stream_name":"stdout","time":8.016293687,"data":"name, memory.total [MiB], driver_version\n"}
,{"stream_name":"stdout","time":8.016326646,"data":"Tesla T4, 15360 MiB, 580.159.04\n"}
,{"stream_name":"stdout","time":8.01633192,"data":"Tesla T4, 15360 MiB, 580.159.04\n"}
,{"stream_name":"stdout","time":8.016335549,"data":"\n"}
,{"stream_name":"stdout","time":8.016338866,"data":"python: 3.12.13\n"}
,{"stream_name":"stdout","time":8.626532125,"data":"--- before install ---\n"}
,{"stream_name":"stdout","time":12.404872932,"data":"  torch          2.10.0+cu128\n"}
,{"stream_name":"stdout","time":25.40206603,"data":"  transformers   5.0.0\n"}
,{"stream_name":"stdout","time":32.769032485,"data":"  peft           0.19.1\n"}
,{"stream_name":"stdout","time":32.769058762,"data":"  pandas         2.3.3\n"}
,{"stream_name":"stdout","time":32.769062697,"data":"  numpy          2.0.2\n"}
,{"stream_name":"stdout","time":32.769065877,"data":"  sklearn        1.6.1\n"}
,{"stream_name":"stdout","time":36.494433152,"data":"  lightgbm       4.6.0\n"}
,{"stream_name":"stdout","time":36.494459256,"data":"  skrub          MISSING (ModuleNotFoundError)\n"}
,{"stream_name":"stdout","time":36.494464594,"data":"  openml         MISSING (ModuleNotFoundError)\n"}
,{"stream_name":"stdout","time":37.053792834,"data":"  kagglehub      1.0.0\n"}
,{"stream_name":"stdout","time":39.155408623,"data":"  wandb          0.26.1\n"}
,{"stream_name":"stdout","time":39.155446207,"data":"  dotenv         (no __version__)\n"}
,{"stream_name":"stdout","time":39.155454299,"data":"  tabstar        MISSING (ModuleNotFoundError)\n"}
,{"stream_name":"stdout","time":39.155460444,"data":"extra learner packages for ['light', 'cat', 'tabm'] -\u003e ['pytabkit']\n"}
,{"stream_name":"stdout","time":42.607887938,"data":"   ━━━━━━━━━━━━━━━━━━━━━━━━━━━━━━━━━━━━━━━━ 150.9/150.9 kB 5.0 MB/s eta 0:00:00\n"}
,{"stream_name":"stdout","time":42.649148032,"data":"   ━━━━━━━━━━━━━━━━━━━━━━━━━━━━━━━━━━━━━━━━ 595.9/595.9 kB 21.7 MB/s eta 0:00:00\n"}
,{"stream_name":"stdout","time":42.677266072,"data":"   ━━━━━━━━━━━━━━━━━━━━━━━━━━━━━━━━━━━━━━━━ 160.4/160.4 kB 11.8 MB/s eta 0:00:00\n"}
,{"stream_name":"stdout","time":42.707135247,"data":"   ━━━━━━━━━━━━━━━━━━━━━━━━━━━━━━━━━━━━━━━━ 364.0/364.0 kB 25.1 MB/s eta 0:00:00\n"}
,{"stream_name":"stdout","time":42.734178262,"data":"   ━━━━━━━━━━━━━━━━━━━━━━━━━━━━━━━━━━━━━━━━ 93.8/93.8 kB 6.4 MB/s eta 0:00:00\n"}
,{"stream_name":"stdout","time":42.810152311,"data":"   ━━━━━━━━━━━━━━━━━━━━━━━━━━━━━━━━━━━━━━━━ 150.9/150.9 kB 5.0 MB/s eta 0:00:00\n"}
,{"stream_name":"stdout","time":42.810185084,"data":"   ━━━━━━━━━━━━━━━━━━━━━━━━━━━━━━━━━━━━━━━━ 595.9/595.9 kB 21.7 MB/s eta 0:00:00\n"}
,{"stream_name":"stdout","time":42.810188508,"data":"   ━━━━━━━━━━━━━━━━━━━━━━━━━━━━━━━━━━━━━━━━ 160.4/160.4 kB 11.8 MB/s eta 0:00:00\n"}
,{"stream_name":"stdout","time":42.810197138,"data":"   ━━━━━━━━━━━━━━━━━━━━━━━━━━━━━━━━━━━━━━━━ 364.0/364.0 kB 25.1 MB/s eta 0:00:00\n"}
,{"stream_name":"stdout","time":42.810199843,"data":"   ━━━━━━━━━━━━━━━━━━━━━━━━━━━━━━━━━━━━━━━━ 93.8/93.8 kB 6.4 MB/s eta 0:00:00\n"}
,{"stream_name":"stdout","time":45.257918753,"data":"removing torchao 0.10.0 (incompatible with peft 0.19.1)\n"}
,{"stream_name":"stdout","time":46.417475955,"data":"--- after install ---\n"}
,{"stream_name":"stdout","time":46.417508334,"data":"  torch          2.10.0+cu128\n"}
,{"stream_name":"stdout","time":46.417512917,"data":"  transformers   5.0.0\n"}
,{"stream_name":"stdout","time":46.41751621,"data":"  peft           0.19.1\n"}
,{"stream_name":"stdout","time":46.417529745,"data":"  pandas         2.3.3\n"}
,{"stream_name":"stdout","time":46.417534865,"data":"  numpy          2.0.2\n"}
,{"stream_name":"stdout","time":46.417539983,"data":"  sklearn        1.6.1\n"}
,{"stream_name":"stdout","time":46.417545226,"data":"  lightgbm       4.6.0\n"}
,{"stream_name":"stdout","time":47.663753508,"data":"  skrub          0.10.1\n"}
,{"stream_name":"stdout","time":47.663784487,"data":"  openml         0.15.1\n"}
,{"stream_name":"stdout","time":47.663790015000004,"data":"  kagglehub      1.0.0\n"}
,{"stream_name":"stdout","time":47.663794514,"data":"  wandb          0.26.1\n"}
,{"stream_name":"stdout","time":47.663799044,"data":"  dotenv         (no __version__)\n"}
,{"stream_name":"stdout","time":47.663805432,"data":"  tabstar        1.1.16\n"}
,{"stream_name":"stdout","time":47.690506426,"data":"--- /kaggle/input ---\n"}
,{"stream_name":"stdout","time":47.690534462,"data":" /kaggle/input | ['datasets'] []\n"}
,{"stream_name":"stdout","time":47.690538228,"data":"   /kaggle/input/datasets | ['mariahalshiekh', 'talkraicer'] []\n"}
,{"stream_name":"stdout","time":47.690580931,"data":"     /kaggle/input/datasets/mariahalshiekh | ['udemy-course-academy-teaching'] []\n"}
,{"stream_name":"stdout","time":47.690587368,"data":"       /kaggle/input/datasets/mariahalshiekh/udemy-course-academy-teaching | [] ['udemy_dataset.csv']\n"}
,{"stream_name":"stdout","time":47.690592466,"data":"     /kaggle/input/datasets/talkraicer | ['multabench-code'] []\n"}
,{"stream_name":"stdout","time":47.690611428,"data":"       /kaggle/input/datasets/talkraicer/multabench-code | ['curation_lab', 'multabench'] ['benchmark.py']\n"}
,{"stream_name":"stdout","time":47.700123377,"data":"CODE_DIR = /kaggle/input/datasets/talkraicer/multabench-code\n"}
,{"stream_name":"stdout","time":47.879824475,"data":"torch.cuda.is_available(): True\n"}
,{"stream_name":"stdout","time":47.879892974,"data":"device: Tesla T4\n"}
,{"stream_name":"stdout","time":47.879898748,"data":"compute capability: (7, 5)\n"}
,{"stream_name":"stdout","time":47.87990298,"data":"torch arch list   : ['sm_70', 'sm_75', 'sm_80', 'sm_86', 'sm_90', 'sm_100', 'sm_120']\n"}
,{"stream_name":"stdout","time":48.365525985,"data":"CUDA kernel launch OK (probe=-839.927)\n"}
,{"stream_name":"stdout","time":50.115464947,"data":"❗ Warning: 8 CPU devices requested, but only 4 available.\n"}
,{"stream_name":"stdout","time":50.705341796,"data":"import chain OK\n"}
,{"stream_name":"stdout","time":50.961398041,"data":"\n"}
,{"stream_name":"stdout","time":50.961428054,"data":"=== REG_TEXT_EDU_UDEMY_ACADEMY  (mariahalshiekh/udemy-course-academy-teaching) ===\n"}
,{"stream_name":"stdout","time":50.961431873,"data":"  rows=2999 cols=12  csv=udemy_dataset.csv\n"}
,{"stream_name":"stdout","time":50.961434661,"data":"  target=price (nuniq=28 zmax=3.00) leaks_dropped=[] text=['course_instr', 'course_name'] n_num=6\n"}
,{"stream_name":"stdout","time":50.961437807,"data":"  target='price'  text=['course_instr', 'course_name']\n"}
,{"stream_name":"stdout","time":50.961440542,"data":"  numeric=['coures_reviews', 'course_enrollmenters', 'course_lectures', 'course_rating', 'course_totalHourse', 'price_dis']\n"}
,{"stream_name":"stdout","time":50.961443222,"data":"  categorical=['course_level']\n"}
,{"stream_name":"stdout","time":50.96144576,"data":"\n"}
,{"stream_name":"stdout","time":50.96144815,"data":"1 of 1 candidates specced\n"}
,{"stream_name":"stdout","time":50.975610474,"data":"SMOKE=False -- skipping.\n"}
,{"stream_name":"stdout","time":51.010903878,"data":"\n"}
,{"stream_name":"stdout","time":51.010970775,"data":"########## REG_TEXT_EDU_UDEMY_ACADEMY ##########\n"}
,{"stream_name":"stdout","time":51.162470621,"data":"🎯 Regression variable price had no extreme outliers.\n"}
,{"stream_name":"stdout","time":51.162504557,"data":"🔭 7 features → light  [tabular: 7]\n"}
,{"stream_name":"stdout","time":51.475431108,"data":"🔥 Feature importances: price_dis               0.3484\n"}
,{"stream_name":"stdout","time":51.475475986,"data":"coures_reviews          0.1646\n"}
,{"stream_name":"stdout","time":51.475480008,"data":"course_enrollmenters    0.1575\n"}
,{"stream_name":"stdout","time":51.475482737,"data":"course_lectures         0.1567\n"}
,{"stream_name":"stdout","time":51.475485183,"data":"course_totalHourse      0.0847\n"}
,{"stream_name":"stdout","time":51.475487424,"data":"course_rating           0.0774\n"}
,{"stream_name":"stdout","time":51.475489666,"data":"course_level            0.0107\n"}
,{"stream_name":"stdout","time":51.475491936,"data":"dtype: float64\n"}
,{"stream_name":"stderr","time":52.097045892,"data":"fatal: not a git repository (or any parent up to mount point /kaggle)\n"}
,{"stream_name":"stderr","time":52.097078485,"data":"Stopping at filesystem boundary (GIT_DISCOVERY_ACROSS_FILESYSTEM not set).\n"}
,{"stream_name":"stdout","time":52.106008704,"data":"🆔 Could not get the current commit hash.\n"}
,{"stream_name":"stdout","time":52.106033336,"data":"Scored 0.2957 on dataset REG_TEXT_EDU_UDEMY_ACADEMY, fold 0 in 1 seconds. Multimodal state: no_text 😶\n"}
,{"stream_name":"stdout","time":52.106050089,"data":"  REG_TEXT_EDU_UDEMY_ACA/light/no_text/f0              = 0.2957  (1.0s)\n"}
,{"stream_name":"stderr","time":52.299539096,"data":"fatal: not a git repository (or any parent up to mount point /kaggle)\n"}
,{"stream_name":"stderr","time":52.299588532,"data":"Stopping at filesystem boundary (GIT_DISCOVERY_ACROSS_FILESYSTEM not set).\n"}
,{"stream_name":"stderr","time":52.299596436,"data":"\n"}
,{"stream_name":"stderr","time":52.299600088,"data":"fatal: not a git repository (or any parent up to mount point /kaggle)\n"}
,{"stream_name":"stderr","time":52.299603836,"data":"Stopping at filesystem boundary (GIT_DISCOVERY_ACROSS_FILESYSTEM not set).\n"}
,{"stream_name":"stdout","time":52.300338499,"data":"🎯 Regression variable price had no extreme outliers.\n"}
,{"stream_name":"stderr","time":52.481201168,"data":"Warning: You are sending unauthenticated requests to the HF Hub. Please set a HF_TOKEN to enable higher rate limits and faster downloads.\n"}
,{"stream_name":"stderr","time":52.481229173,"data":"\n"}
,{"stream_name":"stderr","time":52.481233262,"data":"Warning: You are sending unauthenticated requests to the HF Hub. Please set a HF_TOKEN to enable higher rate limits and faster downloads.\n"}
,{"stream_name":"stderr","time":55.659846432,"data":"BertModel LOAD REPORT from: intfloat/e5-small-v2\n"}
,{"stream_name":"stderr","time":55.659888967,"data":"Key                     | Status     |  | \n"}
,{"stream_name":"stderr","time":55.659895824,"data":"------------------------+------------+--+-\n"}
,{"stream_name":"stderr","time":55.659899231,"data":"embeddings.position_ids | UNEXPECTED |  | \n"}
,{"stream_name":"stderr","time":55.659920973,"data":"\n"}
,{"stream_name":"stderr","time":55.659924784,"data":"Notes:\n"}
,{"stream_name":"stderr","time":55.659928839,"data":"- UNEXPECTED\t:can be ignored when loading from different task/architecture; not ok if you expect identical arch.\n"}
,{"stream_name":"stderr","time":55.659933836,"data":"\n"}
,{"stream_name":"stderr","time":55.659937282,"data":"BertModel LOAD REPORT from: intfloat/e5-small-v2\n"}
,{"stream_name":"stderr","time":55.659940622,"data":"Key                     | Status     |  | \n"}
,{"stream_name":"stderr","time":55.659943905,"data":"------------------------+------------+--+-\n"}
,{"stream_name":"stderr","time":55.659947274,"data":"embeddings.position_ids | UNEXPECTED |  | \n"}
,{"stream_name":"stderr","time":55.659950746,"data":"\n"}
,{"stream_name":"stderr","time":55.65995398,"data":"Notes:\n"}
,{"stream_name":"stderr","time":55.659957203,"data":"- UNEXPECTED\t:can be ignored when loading from different task/architecture; not ok if you expect identical arch.\n"}
,{"stream_name":"stdout","time":56.80505264,"data":"Fitting E5ColumnEncoder for column course_instr with model intfloat/e5-small-v2 for 2430 texts\n"}
,{"stream_name":"stdout","time":59.220819893,"data":"🔍 [PCA variance] course_instr: 0.413\n"}
,{"stream_name":"stdout","time":59.220855452,"data":"Fitting E5ColumnEncoder for column course_name with model intfloat/e5-small-v2 for 2430 texts\n"}
,{"stream_name":"stdout","time":60.996509758,"data":"🔍 [PCA variance] course_name: 0.443\n"}
,{"stream_name":"stdout","time":64.682377737,"data":"🔭 60 features → light  [tabular: 0 | txt_emb: 60]\n"}
,{"stream_name":"stdout","time":65.133614539,"data":"🔥 Feature importances: course_instr_txt    0.5949\n"}
,{"stream_name":"stdout","time":65.133654719,"data":"course_name_txt     0.4051\n"}
,{"stream_name":"stdout","time":65.133658778,"data":"dtype: float64\n"}
,{"stream_name":"stderr","time":65.681773265,"data":"fatal: not a git repository (or any parent up to mount point /kaggle)\n"}
,{"stream_name":"stderr","time":65.681826256,"data":"Stopping at filesystem boundary (GIT_DISCOVERY_ACROSS_FILESYSTEM not set).\n"}
,{"stream_name":"stdout","time":65.689749437,"data":"🆔 Could not get the current commit hash.\n"}
,{"stream_name":"stdout","time":65.689778089,"data":"Scored 0.2176 on dataset REG_TEXT_EDU_UDEMY_ACADEMY, fold 0 in 13 seconds. Multimodal state: text_only 📝\n"}
,{"stream_name":"stdout","time":65.689783349,"data":"  REG_TEXT_EDU_UDEMY_ACA/light/text_only/f0            = 0.2176  (13.5s)\n"}
,{"stream_name":"stderr","time":65.890921644,"data":"fatal: not a git repository (or any parent up to mount point /kaggle)\n"}
,{"stream_name":"stderr","time":65.890975934,"data":"Stopping at filesystem boundary (GIT_DISCOVERY_ACROSS_FILESYSTEM not set).\n"}
,{"stream_name":"stderr","time":65.890982241,"data":"\n"}
,{"stream_name":"stderr","time":65.890986639,"data":"fatal: not a git repository (or any parent up to mount point /kaggle)\n"}
,{"stream_name":"stderr","time":65.890990451,"data":"Stopping at filesystem boundary (GIT_DISCOVERY_ACROSS_FILESYSTEM not set).\n"}
,{"stream_name":"stdout","time":65.891689791,"data":"🎯 Regression variable price had no extreme outliers.\n"}
,{"stream_name":"stdout","time":65.891714224,"data":"Fitting E5ColumnEncoder for column course_instr with model intfloat/e5-small-v2 for 2430 texts\n"}
,{"stream_name":"stdout","time":67.808742673,"data":"🔍 [PCA variance] course_instr: 0.413\n"}
,{"stream_name":"stdout","time":67.808782572,"data":"Fitting E5ColumnEncoder for column course_name with model intfloat/e5-small-v2 for 2430 texts\n"}
,{"stream_name":"stdout","time":69.750158673,"data":"🔍 [PCA variance] course_name: 0.443\n"}
,{"stream_name":"stdout","time":73.493000122,"data":"🔭 67 features → light  [tabular: 7 | txt_emb: 60]\n"}
,{"stream_name":"stdout","time":74.006437809,"data":"🔥 Feature importances: course_instr_txt        0.4096\n"}
,{"stream_name":"stdout","time":74.006483566,"data":"course_name_txt         0.2540\n"}
,{"stream_name":"stdout","time":74.006487218,"data":"price_dis               0.2347\n"}
,{"stream_name":"stdout","time":74.006489676,"data":"coures_reviews          0.0436\n"}
,{"stream_name":"stdout","time":74.006492012,"data":"course_lectures         0.0358\n"}
,{"stream_name":"stdout","time":74.006494469,"data":"course_enrollmenters    0.0134\n"}
,{"stream_name":"stdout","time":74.006496893,"data":"course_totalHourse      0.0059\n"}
,{"stream_name":"stdout","time":74.006499161,"data":"course_rating           0.0026\n"}
,{"stream_name":"stdout","time":74.006501378,"data":"course_level            0.0005\n"}
,{"stream_name":"stdout","time":74.006503785,"data":"dtype: float64\n"}
,{"stream_name":"stderr","time":74.769345159,"data":"fatal: not a git repository (or any parent up to mount point /kaggle)\n"}
,{"stream_name":"stderr","time":74.76937722,"data":"Stopping at filesystem boundary (GIT_DISCOVERY_ACROSS_FILESYSTEM not set).\n"}
,{"stream_name":"stdout","time":74.775119525,"data":"🆔 Could not get the current commit hash.\n"}
,{"stream_name":"stdout","time":74.775136538,"data":"Scored 0.5205 on dataset REG_TEXT_EDU_UDEMY_ACADEMY, fold 0 in 9 seconds. Multimodal state: all 🔥\n"}
,{"stream_name":"stdout","time":74.775141027,"data":"  REG_TEXT_EDU_UDEMY_ACA/light/all/f0                  = 0.5205  (9.0s)\n"}
,{"stream_name":"stdout","time":74.833015868,"data":"🎯 Regression variable price had no extreme outliers.\n"}
,{"stream_name":"stdout","time":74.833071932,"data":"[ft] epochs=10, max_length capped by tar_cache\n"}
,{"stream_name":"stderr","time":74.971948036,"data":"fatal: not a git repository (or any parent up to mount point /kaggle)\n"}
,{"stream_name":"stderr","time":74.971982341,"data":"Stopping at filesystem boundary (GIT_DISCOVERY_ACROSS_FILESYSTEM not set).\n"}
,{"stream_name":"stderr","time":74.971987258,"data":"\n"}
,{"stream_name":"stderr","time":74.971990775,"data":"fatal: not a git repository (or any parent up to mount point /kaggle)\n"}
,{"stream_name":"stderr","time":74.971994359,"data":"Stopping at filesystem boundary (GIT_DISCOVERY_ACROSS_FILESYSTEM not set).\n"}
,{"stream_name":"stdout","time":75.637298819,"data":"Finetuning single E5 (intfloat/e5-small-v2) for 2 columns with 4374 train examples (passage: col_name: col_val)\n"}
,{"stream_name":"stdout","time":75.893318098,"data":"[Dataset] train: n=4374, val: n=486\n"}
,{"stream_name":"stdout","time":75.893350499,"data":"[Dataset] train_y.shape=(4374,), val_y.shape=(486,) (y = labels)\n"}
,{"stream_name":"stdout","time":75.893356073,"data":"[Steps] batch_size=256 → 18 steps/epoch → 180 total steps (10 epochs)\n"}
,{"stream_name":"stderr","time":76.341625007,"data":"BertModel LOAD REPORT from: intfloat/e5-small-v2\n"}
,{"stream_name":"stderr","time":76.341668624,"data":"Key                     | Status     |  | \n"}
,{"stream_name":"stderr","time":76.341673281,"data":"------------------------+------------+--+-\n"}
,{"stream_name":"stderr","time":76.341676535,"data":"embeddings.position_ids | UNEXPECTED |  | \n"}
,{"stream_name":"stderr","time":76.341679676,"data":"\n"}
,{"stream_name":"stderr","time":76.341682635,"data":"Notes:\n"}
,{"stream_name":"stderr","time":76.341685732,"data":"- UNEXPECTED\t:can be ignored when loading from different task/architecture; not ok if you expect identical arch.\n"}
,{"stream_name":"stderr","time":76.341689378,"data":"\n"}
,{"stream_name":"stderr","time":76.341692417,"data":"BertModel LOAD REPORT from: intfloat/e5-small-v2\n"}
,{"stream_name":"stderr","time":76.34169582,"data":"Key                     | Status     |  | \n"}
,{"stream_name":"stderr","time":76.341698893,"data":"------------------------+------------+--+-\n"}
,{"stream_name":"stderr","time":76.341701875,"data":"embeddings.position_ids | UNEXPECTED |  | \n"}
,{"stream_name":"stderr","time":76.341704835,"data":"\n"}
,{"stream_name":"stderr","time":76.34170775,"data":"Notes:\n"}
,{"stream_name":"stderr","time":76.341710683,"data":"- UNEXPECTED\t:can be ignored when loading from different task/architecture; not ok if you expect identical arch.\n"}
,{"stream_name":"stdout","time":77.105256948,"data":"🦜 Doing LoRA on last 3 layers of intfloat/e5-small-v2 with rank 16\n"}
,{"stream_name":"stdout","time":77.105288172,"data":"[Trainable parameters per layer (E5)]\n"}
,{"stream_name":"stdout","time":77.105294091,"data":"  layer.9: 110,592\n"}
,{"stream_name":"stdout","time":77.105298828,"data":"  layer.10: 110,592\n"}
,{"stream_name":"stdout","time":77.10530352,"data":"  layer.11: 110,592\n"}
,{"stream_name":"stdout","time":77.105308311,"data":"  head: 3,465\n"}
,{"stream_name":"stdout","time":77.105313307,"data":"  total trainable: 335,241  (frozen: 33,360,000)\n"}
,{"stream_name":"stderr","time":127.846080033,"data":"BertModel LOAD REPORT from: intfloat/e5-small-v2\n"}
,{"stream_name":"stderr","time":127.846157696,"data":"Key                     | Status     |  | \n"}
,{"stream_name":"stderr","time":127.846163466,"data":"------------------------+------------+--+-\n"}
,{"stream_name":"stderr","time":127.846167383,"data":"embeddings.position_ids | UNEXPECTED |  | \n"}
,{"stream_name":"stderr","time":127.84617119,"data":"\n"}
,{"stream_name":"stderr","time":127.846188925,"data":"Notes:\n"}
,{"stream_name":"stderr","time":127.846192061,"data":"- UNEXPECTED\t:can be ignored when loading from different task/architecture; not ok if you expect identical arch.\n"}
,{"stream_name":"stderr","time":127.846195304,"data":"\n"}
,{"stream_name":"stderr","time":127.846197925,"data":"BertModel LOAD REPORT from: intfloat/e5-small-v2\n"}
,{"stream_name":"stderr","time":127.846200601,"data":"Key                     | Status     |  | \n"}
,{"stream_name":"stderr","time":127.846203331,"data":"------------------------+------------+--+-\n"}
,{"stream_name":"stderr","time":127.846205965,"data":"embeddings.position_ids | UNEXPECTED |  | \n"}
,{"stream_name":"stderr","time":127.846208602,"data":"\n"}
,{"stream_name":"stderr","time":127.846211119,"data":"Notes:\n"}
,{"stream_name":"stderr","time":127.846213788,"data":"- UNEXPECTED\t:can be ignored when loading from different task/architecture; not ok if you expect identical arch.\n"}
,{"stream_name":"stdout","time":130.709769181,"data":"🔍 [PCA variance] course_instr: 0.437\n"}
,{"stream_name":"stdout","time":132.984609426,"data":"🔍 [PCA variance] course_name: 0.467\n"}
,{"stream_name":"stdout","time":137.06722355,"data":"🔭 67 features → light  [tabular: 7 | txt_emb: 60]\n"}
,{"stream_name":"stdout","time":137.518828317,"data":"🔥 Feature importances: course_instr_txt        0.4163\n"}
,{"stream_name":"stdout","time":137.518861304,"data":"course_name_txt         0.2484\n"}
,{"stream_name":"stdout","time":137.518867865,"data":"price_dis               0.2323\n"}
,{"stream_name":"stdout","time":137.518871664,"data":"coures_reviews          0.0475\n"}
,{"stream_name":"stdout","time":137.518875508,"data":"course_lectures         0.0341\n"}
,{"stream_name":"stdout","time":137.51887962,"data":"course_enrollmenters    0.0113\n"}
,{"stream_name":"stdout","time":137.5188836,"data":"course_totalHourse      0.0068\n"}
,{"stream_name":"stdout","time":137.518887546,"data":"course_rating           0.0022\n"}
,{"stream_name":"stdout","time":137.518891469,"data":"course_level            0.0012\n"}
,{"stream_name":"stdout","time":137.518895175,"data":"dtype: float64\n"}
,{"stream_name":"stderr","time":137.855302745,"data":"fatal: not a git repository (or any parent up to mount point /kaggle)\n"}
,{"stream_name":"stderr","time":137.85533616,"data":"Stopping at filesystem boundary (GIT_DISCOVERY_ACROSS_FILESYSTEM not set).\n"}
,{"stream_name":"stdout","time":137.874714876,"data":"🆔 Could not get the current commit hash.\n"}
,{"stream_name":"stdout","time":137.874742527,"data":"Scored 0.5036 on dataset REG_TEXT_EDU_UDEMY_ACADEMY, fold 0 in 63 seconds. Multimodal state: all 🔥\n"}
,{"stream_name":"stdout","time":137.874747196,"data":"  REG_TEXT_EDU_UDEMY_ACA/light/ft/f0                   = 0.5036  (63.0s)\n"}
,{"stream_name":"stderr","time":138.086233774,"data":"fatal: not a git repository (or any parent up to mount point /kaggle)\n"}
,{"stream_name":"stderr","time":138.086373303,"data":"Stopping at filesystem boundary (GIT_DISCOVERY_ACROSS_FILESYSTEM not set).\n"}
,{"stream_name":"stderr","time":138.086380023,"data":"\n"}
,{"stream_name":"stderr","time":138.086382555,"data":"fatal: not a git repository (or any parent up to mount point /kaggle)\n"}
,{"stream_name":"stderr","time":138.086385148,"data":"Stopping at filesystem boundary (GIT_DISCOVERY_ACROSS_FILESYSTEM not set).\n"}
,{"stream_name":"stdout","time":138.625791643,"data":"🎯 Regression variable price had no extreme outliers.\n"}
,{"stream_name":"stdout","time":138.625822943,"data":"🔭 7 features → cat  [tabular: 7]\n"}
,{"stream_name":"stderr","time":141.434683667,"data":"fatal: not a git repository (or any parent up to mount point /kaggle)\n"}
,{"stream_name":"stderr","time":141.434733195,"data":"Stopping at filesystem boundary (GIT_DISCOVERY_ACROSS_FILESYSTEM not set).\n"}
,{"stream_name":"stdout","time":141.440912116,"data":"🆔 Could not get the current commit hash.\n"}
,{"stream_name":"stdout","time":141.440936494,"data":"Scored 0.3312 on dataset REG_TEXT_EDU_UDEMY_ACADEMY, fold 0 in 3 seconds. Multimodal state: no_text 😶\n"}
,{"stream_name":"stdout","time":141.440942237,"data":"  REG_TEXT_EDU_UDEMY_ACA/cat/no_text/f0                = 0.3312  (3.0s)\n"}
,{"stream_name":"stderr","time":141.638511562,"data":"fatal: not a git repository (or any parent up to mount point /kaggle)\n"}
,{"stream_name":"stderr","time":141.638559825,"data":"Stopping at filesystem boundary (GIT_DISCOVERY_ACROSS_FILESYSTEM not set).\n"}
,{"stream_name":"stderr","time":141.638581896,"data":"\n"}
,{"stream_name":"stderr","time":141.638586183,"data":"fatal: not a git repository (or any parent up to mount point /kaggle)\n"}
,{"stream_name":"stderr","time":141.638589947,"data":"Stopping at filesystem boundary (GIT_DISCOVERY_ACROSS_FILESYSTEM not set).\n"}
,{"stream_name":"stdout","time":141.63929454,"data":"🎯 Regression variable price had no extreme outliers.\n"}
,{"stream_name":"stdout","time":141.639310675,"data":"Fitting E5ColumnEncoder for column course_instr with model intfloat/e5-small-v2 for 2430 texts\n"}
,{"stream_name":"stdout","time":143.498910089,"data":"🔍 [PCA variance] course_instr: 0.413\n"}
,{"stream_name":"stdout","time":143.498939055,"data":"Fitting E5ColumnEncoder for column course_name with model intfloat/e5-small-v2 for 2430 texts\n"}
,{"stream_name":"stdout","time":145.567352874,"data":"🔍 [PCA variance] course_name: 0.443\n"}
,{"stream_name":"stdout","time":149.403660744,"data":"🔭 60 features → cat  [tabular: 0 | txt_emb: 60]\n"}
,{"stream_name":"stderr","time":164.536269972,"data":"fatal: not a git repository (or any parent up to mount point /kaggle)\n"}
,{"stream_name":"stderr","time":164.536326721,"data":"Stopping at filesystem boundary (GIT_DISCOVERY_ACROSS_FILESYSTEM not set).\n"}
,{"stream_name":"stdout","time":164.545129327,"data":"🆔 Could not get the current commit hash.\n"}
,{"stream_name":"stdout","time":164.545186313,"data":"Scored 0.2002 on dataset REG_TEXT_EDU_UDEMY_ACADEMY, fold 0 in 23 seconds. Multimodal state: text_only 📝\n"}
,{"stream_name":"stdout","time":164.545192484,"data":"  REG_TEXT_EDU_UDEMY_ACA/cat/text_only/f0              = 0.2002  (23.1s)\n"}
,{"stream_name":"stderr","time":164.739122473,"data":"fatal: not a git repository (or any parent up to mount point /kaggle)\n"}
,{"stream_name":"stderr","time":164.739162098,"data":"Stopping at filesystem boundary (GIT_DISCOVERY_ACROSS_FILESYSTEM not set).\n"}
,{"stream_name":"stderr","time":164.739168442,"data":"\n"}
,{"stream_name":"stderr","time":164.739185307,"data":"fatal: not a git repository (or any parent up to mount point /kaggle)\n"}
,{"stream_name":"stderr","time":164.739189842,"data":"Stopping at filesystem boundary (GIT_DISCOVERY_ACROSS_FILESYSTEM not set).\n"}
,{"stream_name":"stdout","time":164.739948796,"data":"🎯 Regression variable price had no extreme outliers.\n"}
,{"stream_name":"stdout","time":164.739974797,"data":"Fitting E5ColumnEncoder for column course_instr with model intfloat/e5-small-v2 for 2430 texts\n"}
,{"stream_name":"stdout","time":166.797108021,"data":"🔍 [PCA variance] course_instr: 0.413\n"}
,{"stream_name":"stdout","time":166.797148015,"data":"Fitting E5ColumnEncoder for column course_name with model intfloat/e5-small-v2 for 2430 texts\n"}
,{"stream_name":"stdout","time":169.080412983,"data":"🔍 [PCA variance] course_name: 0.443\n"}
,{"stream_name":"stdout","time":173.021792057,"data":"🔭 67 features → cat  [tabular: 7 | txt_emb: 60]\n"}
,{"stream_name":"stderr","time":192.113985976,"data":"fatal: not a git repository (or any parent up to mount point /kaggle)\n"}
,{"stream_name":"stderr","time":192.114024969,"data":"Stopping at filesystem boundary (GIT_DISCOVERY_ACROSS_FILESYSTEM not set).\n"}
,{"stream_name":"stdout","time":192.140213211,"data":"🆔 Could not get the current commit hash.\n"}
,{"stream_name":"stdout","time":192.140235129,"data":"Scored 0.5113 on dataset REG_TEXT_EDU_UDEMY_ACADEMY, fold 0 in 27 seconds. Multimodal state: all 🔥\n"}
,{"stream_name":"stdout","time":192.140239725,"data":"  REG_TEXT_EDU_UDEMY_ACA/cat/all/f0                    = 0.5113  (27.5s)\n"}
,{"stream_name":"stdout","time":192.220697045,"data":"🎯 Regression variable price had no extreme outliers.\n"}
,{"stream_name":"stdout","time":192.220721731,"data":"[ft] epochs=10, max_length capped by tar_cache\n"}
,{"stream_name":"stderr","time":192.326498803,"data":"fatal: not a git repository (or any parent up to mount point /kaggle)\n"}
,{"stream_name":"stderr","time":192.32653964,"data":"Stopping at filesystem boundary (GIT_DISCOVERY_ACROSS_FILESYSTEM not set).\n"}
,{"stream_name":"stderr","time":192.326543312,"data":"\n"}
,{"stream_name":"stderr","time":192.326545927,"data":"fatal: not a git repository (or any parent up to mount point /kaggle)\n"}
,{"stream_name":"stderr","time":192.326562642,"data":"Stopping at filesystem boundary (GIT_DISCOVERY_ACROSS_FILESYSTEM not set).\n"}
,{"stream_name":"stdout","time":193.114609829,"data":"Finetuning single E5 (intfloat/e5-small-v2) for 2 columns with 4374 train examples (passage: col_name: col_val)\n"}
,{"stream_name":"stderr","time":193.808460293,"data":"BertModel LOAD REPORT from: intfloat/e5-small-v2\n"}
,{"stream_name":"stderr","time":193.808517912,"data":"Key                     | Status     |  | \n"}
,{"stream_name":"stderr","time":193.808522166,"data":"------------------------+------------+--+-\n"}
,{"stream_name":"stderr","time":193.808524689,"data":"embeddings.position_ids | UNEXPECTED |  | \n"}
,{"stream_name":"stderr","time":193.808527144,"data":"\n"}
,{"stream_name":"stderr","time":193.80852942,"data":"Notes:\n"}
,{"stream_name":"stderr","time":193.808531866,"data":"- UNEXPECTED\t:can be ignored when loading from different task/architecture; not ok if you expect identical arch.\n"}
,{"stream_name":"stderr","time":193.808534616,"data":"\n"}
,{"stream_name":"stderr","time":193.808536777,"data":"BertModel LOAD REPORT from: intfloat/e5-small-v2\n"}
,{"stream_name":"stderr","time":193.808539037,"data":"Key                     | Status     |  | \n"}
,{"stream_name":"stderr","time":193.808541318,"data":"------------------------+------------+--+-\n"}
,{"stream_name":"stderr","time":193.808543556,"data":"embeddings.position_ids | UNEXPECTED |  | \n"}
,{"stream_name":"stderr","time":193.808545786,"data":"\n"}
,{"stream_name":"stderr","time":193.808547969,"data":"Notes:\n"}
,{"stream_name":"stderr","time":193.808550209,"data":"- UNEXPECTED\t:can be ignored when loading from different task/architecture; not ok if you expect identical arch.\n"}
,{"stream_name":"stdout","time":194.843643089,"data":"[tar_cache] hit 52c242689758 -- skipping E5 fine-tuning (4374 train examples)\n"}
,{"stream_name":"stdout","time":197.085870486,"data":"🔍 [PCA variance] course_instr: 0.437\n"}
,{"stream_name":"stdout","time":199.113465284,"data":"🔍 [PCA variance] course_name: 0.467\n"}
,{"stream_name":"stdout","time":203.324239416,"data":"🔭 67 features → cat  [tabular: 7 | txt_emb: 60]\n"}
,{"stream_name":"stderr","time":222.792920549,"data":"fatal: not a git repository (or any parent up to mount point /kaggle)\n"}
,{"stream_name":"stderr","time":222.792957887,"data":"Stopping at filesystem boundary (GIT_DISCOVERY_ACROSS_FILESYSTEM not set).\n"}
,{"stream_name":"stdout","time":222.812941779,"data":"🆔 Could not get the current commit hash.\n"}
,{"stream_name":"stdout","time":222.812968553,"data":"Scored 0.5142 on dataset REG_TEXT_EDU_UDEMY_ACADEMY, fold 0 in 30 seconds. Multimodal state: all 🔥\n"}
,{"stream_name":"stdout","time":222.812973926,"data":"  REG_TEXT_EDU_UDEMY_ACA/cat/ft/f0                     = 0.5142  (30.6s)\n"}
,{"stream_name":"stderr","time":222.996920416,"data":"fatal: not a git repository (or any parent up to mount point /kaggle)\n"}
,{"stream_name":"stderr","time":222.996951406,"data":"Stopping at filesystem boundary (GIT_DISCOVERY_ACROSS_FILESYSTEM not set).\n"}
,{"stream_name":"stderr","time":222.996954949,"data":"\n"}
,{"stream_name":"stderr","time":222.996986897,"data":"fatal: not a git repository (or any parent up to mount point /kaggle)\n"}
,{"stream_name":"stderr","time":222.996990854,"data":"Stopping at filesystem boundary (GIT_DISCOVERY_ACROSS_FILESYSTEM not set).\n"}
,{"stream_name":"stdout","time":224.471836392,"data":"🎯 Regression variable price had no extreme outliers.\n"}
,{"stream_name":"stdout","time":224.471893372,"data":"🔭 7 features → tabm  [tabular: 7]\n"}
,{"stream_name":"stderr","time":224.522577587,"data":"/usr/local/lib/python3.12/dist-packages/sklearn/utils/deprecation.py:151: FutureWarning: 'force_all_finite' was renamed to 'ensure_all_finite' in 1.6 and will be removed in 1.8.\n"}
,{"stream_name":"stderr","time":224.522615389,"data":"  warnings.warn(\n"}
,{"stream_name":"stderr","time":224.522620418,"data":"/usr/local/lib/python3.12/dist-packages/sklearn/utils/deprecation.py:151: FutureWarning: 'force_all_finite' was renamed to 'ensure_all_finite' in 1.6 and will be removed in 1.8.\n"}
,{"stream_name":"stderr","time":224.522625671,"data":"  warnings.warn(\n"}
,{"stream_name":"stderr","time":224.522629268,"data":"\n"}
,{"stream_name":"stderr","time":224.522634394,"data":"/usr/local/lib/python3.12/dist-packages/sklearn/utils/deprecation.py:151: FutureWarning: 'force_all_finite' was renamed to 'ensure_all_finite' in 1.6 and will be removed in 1.8.\n"}
,{"stream_name":"stderr","time":224.522639277,"data":"  warnings.warn(\n"}
,{"stream_name":"stderr","time":224.522643778,"data":"/usr/local/lib/python3.12/dist-packages/sklearn/utils/deprecation.py:151: FutureWarning: 'force_all_finite' was renamed to 'ensure_all_finite' in 1.6 and will be removed in 1.8.\n"}
,{"stream_name":"stderr","time":224.522648419,"data":"  warnings.warn(\n"}
,{"stream_name":"stderr","time":228.986768435,"data":"/usr/local/lib/python3.12/dist-packages/sklearn/utils/deprecation.py:151: FutureWarning: 'force_all_finite' was renamed to 'ensure_all_finite' in 1.6 and will be removed in 1.8.\n"}
,{"stream_name":"stderr","time":228.986844447,"data":"  warnings.warn(\n"}
,{"stream_name":"stderr","time":228.986850832,"data":"\n"}
,{"stream_name":"stderr","time":228.986857758,"data":"/usr/local/lib/python3.12/dist-packages/sklearn/utils/deprecation.py:151: FutureWarning: 'force_all_finite' was renamed to 'ensure_all_finite' in 1.6 and will be removed in 1.8.\n"}
,{"stream_name":"stderr","time":228.986866021,"data":"  warnings.warn(\n"}
,{"stream_name":"stderr","time":229.289277455,"data":"fatal: not a git repository (or any parent up to mount point /kaggle)\n"}
,{"stream_name":"stderr","time":229.289312283,"data":"Stopping at filesystem boundary (GIT_DISCOVERY_ACROSS_FILESYSTEM not set).\n"}
,{"stream_name":"stdout","time":229.294528217,"data":"🆔 Could not get the current commit hash.\n"}
,{"stream_name":"stdout","time":229.294582359,"data":"Scored 0.3416 on dataset REG_TEXT_EDU_UDEMY_ACADEMY, fold 0 in 5 seconds. Multimodal state: no_text 😶\n"}
,{"stream_name":"stdout","time":229.294590621,"data":"  REG_TEXT_EDU_UDEMY_ACA/tabm/no_text/f0               = 0.3416  (5.0s)\n"}
,{"stream_name":"stderr","time":229.493976394,"data":"fatal: not a git repository (or any parent up to mount point /kaggle)\n"}
,{"stream_name":"stderr","time":229.494012375,"data":"Stopping at filesystem boundary (GIT_DISCOVERY_ACROSS_FILESYSTEM not set).\n"}
,{"stream_name":"stderr","time":229.494018063,"data":"\n"}
,{"stream_name":"stderr","time":229.494021607,"data":"fatal: not a git repository (or any parent up to mount point /kaggle)\n"}
,{"stream_name":"stderr","time":229.494025251,"data":"Stopping at filesystem boundary (GIT_DISCOVERY_ACROSS_FILESYSTEM not set).\n"}
,{"stream_name":"stdout","time":229.494799279,"data":"🎯 Regression variable price had no extreme outliers.\n"}
,{"stream_name":"stdout","time":229.494814117,"data":"Fitting E5ColumnEncoder for column course_instr with model intfloat/e5-small-v2 for 2430 texts\n"}
,{"stream_name":"stdout","time":231.820536532,"data":"🔍 [PCA variance] course_instr: 0.413\n"}
,{"stream_name":"stdout","time":231.820588598,"data":"Fitting E5ColumnEncoder for column course_name with model intfloat/e5-small-v2 for 2430 texts\n"}
,{"stream_name":"stdout","time":234.166714959,"data":"🔍 [PCA variance] course_name: 0.443\n"}
,{"stream_name":"stdout","time":238.066874816,"data":"🔭 60 features → tabm  [tabular: 0 | txt_emb: 60]\n"}
,{"stream_name":"stderr","time":238.067745521,"data":"/usr/local/lib/python3.12/dist-packages/sklearn/utils/deprecation.py:151: FutureWarning: 'force_all_finite' was renamed to 'ensure_all_finite' in 1.6 and will be removed in 1.8.\n"}
,{"stream_name":"stderr","time":238.067770025,"data":"  warnings.warn(\n"}
,{"stream_name":"stderr","time":238.067777161,"data":"/usr/local/lib/python3.12/dist-packages/sklearn/utils/deprecation.py:151: FutureWarning: 'force_all_finite' was renamed to 'ensure_all_finite' in 1.6 and will be removed in 1.8.\n"}
,{"stream_name":"stderr","time":238.067780023,"data":"  warnings.warn(\n"}
,{"stream_name":"stderr","time":238.06778278,"data":"\n"}
,{"stream_name":"stderr","time":238.06778502,"data":"/usr/local/lib/python3.12/dist-packages/sklearn/utils/deprecation.py:151: FutureWarning: 'force_all_finite' was renamed to 'ensure_all_finite' in 1.6 and will be removed in 1.8.\n"}
,{"stream_name":"stderr","time":238.067787636,"data":"  warnings.warn(\n"}
,{"stream_name":"stderr","time":238.067789845,"data":"/usr/local/lib/python3.12/dist-packages/sklearn/utils/deprecation.py:151: FutureWarning: 'force_all_finite' was renamed to 'ensure_all_finite' in 1.6 and will be removed in 1.8.\n"}
,{"stream_name":"stderr","time":238.067792371,"data":"  warnings.warn(\n"}
,{"stream_name":"stderr","time":255.192574508,"data":"fatal: not a git repository (or any parent up to mount point /kaggle)\n"}
,{"stream_name":"stderr","time":255.192609395,"data":"Stopping at filesystem boundary (GIT_DISCOVERY_ACROSS_FILESYSTEM not set).\n"}
,{"stream_name":"stdout","time":255.223011981,"data":"🆔 Could not get the current commit hash.\n"}
,{"stream_name":"stdout","time":255.223035568,"data":"Scored 0.2089 on dataset REG_TEXT_EDU_UDEMY_ACADEMY, fold 0 in 25 seconds. Multimodal state: text_only 📝\n"}
,{"stream_name":"stdout","time":255.223040835,"data":"  REG_TEXT_EDU_UDEMY_ACA/tabm/text_only/f0             = 0.2089  (25.8s)\n"}
,{"stream_name":"stderr","time":255.312829194,"data":"/usr/local/lib/python3.12/dist-packages/sklearn/utils/deprecation.py:151: FutureWarning: 'force_all_finite' was renamed to 'ensure_all_finite' in 1.6 and will be removed in 1.8.\n"}
,{"stream_name":"stderr","time":255.312885186,"data":"  warnings.warn(\n"}
,{"stream_name":"stderr","time":255.312891295,"data":"fatal: not a git repository (or any parent up to mount point /kaggle)\n"}
,{"stream_name":"stderr","time":255.312896422,"data":"Stopping at filesystem boundary (GIT_DISCOVERY_ACROSS_FILESYSTEM not set).\n"}
,{"stream_name":"stderr","time":255.312901248,"data":"\n"}
,{"stream_name":"stderr","time":255.312905798,"data":"/usr/local/lib/python3.12/dist-packages/sklearn/utils/deprecation.py:151: FutureWarning: 'force_all_finite' was renamed to 'ensure_all_finite' in 1.6 and will be removed in 1.8.\n"}
,{"stream_name":"stderr","time":255.312916273,"data":"  warnings.warn(\n"}
,{"stream_name":"stderr","time":255.312921401,"data":"fatal: not a git repository (or any parent up to mount point /kaggle)\n"}
,{"stream_name":"stderr","time":255.312926423,"data":"Stopping at filesystem boundary (GIT_DISCOVERY_ACROSS_FILESYSTEM not set).\n"}
,{"stream_name":"stdout","time":255.398213482,"data":"🎯 Regression variable price had no extreme outliers.\n"}
,{"stream_name":"stdout","time":255.398247875,"data":"Fitting E5ColumnEncoder for column course_instr with model intfloat/e5-small-v2 for 2430 texts\n"}
,{"stream_name":"stdout","time":257.415063496,"data":"🔍 [PCA variance] course_instr: 0.413\n"}
,{"stream_name":"stdout","time":257.41510298,"data":"Fitting E5ColumnEncoder for column course_name with model intfloat/e5-small-v2 for 2430 texts\n"}
,{"stream_name":"stdout","time":259.425254413,"data":"🔍 [PCA variance] course_name: 0.443\n"}
,{"stream_name":"stdout","time":263.312694043,"data":"🔭 67 features → tabm  [tabular: 7 | txt_emb: 60]\n"}
,{"stream_name":"stderr","time":263.313624625,"data":"/usr/local/lib/python3.12/dist-packages/sklearn/utils/deprecation.py:151: FutureWarning: 'force_all_finite' was renamed to 'ensure_all_finite' in 1.6 and will be removed in 1.8.\n"}
,{"stream_name":"stderr","time":263.313648593,"data":"  warnings.warn(\n"}
,{"stream_name":"stderr","time":263.31365445,"data":"/usr/local/lib/python3.12/dist-packages/sklearn/utils/deprecation.py:151: FutureWarning: 'force_all_finite' was renamed to 'ensure_all_finite' in 1.6 and will be removed in 1.8.\n"}
,{"stream_name":"stderr","time":263.313659109,"data":"  warnings.warn(\n"}
,{"stream_name":"stderr","time":263.313663368,"data":"\n"}
,{"stream_name":"stderr","time":263.313667986,"data":"/usr/local/lib/python3.12/dist-packages/sklearn/utils/deprecation.py:151: FutureWarning: 'force_all_finite' was renamed to 'ensure_all_finite' in 1.6 and will be removed in 1.8.\n"}
,{"stream_name":"stderr","time":263.313672749,"data":"  warnings.warn(\n"}
,{"stream_name":"stderr","time":263.313677038,"data":"/usr/local/lib/python3.12/dist-packages/sklearn/utils/deprecation.py:151: FutureWarning: 'force_all_finite' was renamed to 'ensure_all_finite' in 1.6 and will be removed in 1.8.\n"}
,{"stream_name":"stderr","time":263.313681743,"data":"  warnings.warn(\n"}
,{"stream_name":"stderr","time":270.802300903,"data":"fatal: not a git repository (or any parent up to mount point /kaggle)\n"}
,{"stream_name":"stderr","time":270.802359991,"data":"Stopping at filesystem boundary (GIT_DISCOVERY_ACROSS_FILESYSTEM not set).\n"}
,{"stream_name":"stdout","time":270.807864207,"data":"🆔 Could not get the current commit hash.\n"}
,{"stream_name":"stdout","time":270.807874113,"data":"Scored 0.5427 on dataset REG_TEXT_EDU_UDEMY_ACADEMY, fold 0 in 15 seconds. Multimodal state: all 🔥\n"}
,{"stream_name":"stdout","time":270.807878867,"data":"  REG_TEXT_EDU_UDEMY_ACA/tabm/all/f0                   = 0.5427  (15.5s)\n"}
,{"stream_name":"stdout","time":270.874838468,"data":"🎯 Regression variable price had no extreme outliers.\n"}
,{"stream_name":"stdout","time":270.874874058,"data":"[ft] epochs=10, max_length capped by tar_cache\n"}
,{"stream_name":"stderr","time":270.921031998,"data":"/usr/local/lib/python3.12/dist-packages/sklearn/utils/deprecation.py:151: FutureWarning: 'force_all_finite' was renamed to 'ensure_all_finite' in 1.6 and will be removed in 1.8.\n"}
,{"stream_name":"stderr","time":270.921063735,"data":"  warnings.warn(\n"}
,{"stream_name":"stderr","time":270.921069598,"data":"fatal: not a git repository (or any parent up to mount point /kaggle)\n"}
,{"stream_name":"stderr","time":270.921074036,"data":"Stopping at filesystem boundary (GIT_DISCOVERY_ACROSS_FILESYSTEM not set).\n"}
,{"stream_name":"stderr","time":270.921078345,"data":"\n"}
,{"stream_name":"stderr","time":270.921082462,"data":"/usr/local/lib/python3.12/dist-packages/sklearn/utils/deprecation.py:151: FutureWarning: 'force_all_finite' was renamed to 'ensure_all_finite' in 1.6 and will be removed in 1.8.\n"}
,{"stream_name":"stderr","time":270.921087167,"data":"  warnings.warn(\n"}
,{"stream_name":"stderr","time":270.92109127,"data":"fatal: not a git repository (or any parent up to mount point /kaggle)\n"}
,{"stream_name":"stderr","time":270.921095857,"data":"Stopping at filesystem boundary (GIT_DISCOVERY_ACROSS_FILESYSTEM not set).\n"}
,{"stream_name":"stdout","time":271.714289096,"data":"Finetuning single E5 (intfloat/e5-small-v2) for 2 columns with 4374 train examples (passage: col_name: col_val)\n"}
,{"stream_name":"stderr","time":272.411775076,"data":"BertModel LOAD REPORT from: intfloat/e5-small-v2\n"}
,{"stream_name":"stderr","time":272.411813136,"data":"Key                     | Status     |  | \n"}
,{"stream_name":"stderr","time":272.411816694,"data":"------------------------+------------+--+-\n"}
,{"stream_name":"stderr","time":272.411819186,"data":"embeddings.position_ids | UNEXPECTED |  | \n"}
,{"stream_name":"stderr","time":272.411821618,"data":"\n"}
,{"stream_name":"stderr","time":272.411824617,"data":"Notes:\n"}
,{"stream_name":"stderr","time":272.411839228,"data":"- UNEXPECTED\t:can be ignored when loading from different task/architecture; not ok if you expect identical arch.\n"}
,{"stream_name":"stderr","time":272.411844931,"data":"\n"}
,{"stream_name":"stderr","time":272.411848727,"data":"BertModel LOAD REPORT from: intfloat/e5-small-v2\n"}
,{"stream_name":"stderr","time":272.41185287,"data":"Key                     | Status     |  | \n"}
,{"stream_name":"stderr","time":272.41185696,"data":"------------------------+------------+--+-\n"}
,{"stream_name":"stderr","time":272.411860416,"data":"embeddings.position_ids | UNEXPECTED |  | \n"}
,{"stream_name":"stderr","time":272.411863753,"data":"\n"}
,{"stream_name":"stderr","time":272.411866971,"data":"Notes:\n"}
,{"stream_name":"stderr","time":272.411870335,"data":"- UNEXPECTED\t:can be ignored when loading from different task/architecture; not ok if you expect identical arch.\n"}
,{"stream_name":"stdout","time":273.448730055,"data":"[tar_cache] hit 52c242689758 -- skipping E5 fine-tuning (4374 train examples)\n"}
,{"stream_name":"stdout","time":275.48707682,"data":"🔍 [PCA variance] course_instr: 0.437\n"}
,{"stream_name":"stdout","time":277.55466187,"data":"🔍 [PCA variance] course_name: 0.467\n"}
,{"stream_name":"stdout","time":281.849944938,"data":"🔭 67 features → tabm  [tabular: 7 | txt_emb: 60]\n"}
,{"stream_name":"stderr","time":281.850833943,"data":"/usr/local/lib/python3.12/dist-packages/sklearn/utils/deprecation.py:151: FutureWarning: 'force_all_finite' was renamed to 'ensure_all_finite' in 1.6 and will be removed in 1.8.\n"}
,{"stream_name":"stderr","time":281.850887792,"data":"  warnings.warn(\n"}
,{"stream_name":"stderr","time":281.85089419,"data":"/usr/local/lib/python3.12/dist-packages/sklearn/utils/deprecation.py:151: FutureWarning: 'force_all_finite' was renamed to 'ensure_all_finite' in 1.6 and will be removed in 1.8.\n"}
,{"stream_name":"stderr","time":281.850897898,"data":"  warnings.warn(\n"}
,{"stream_name":"stderr","time":281.850901055,"data":"\n"}
,{"stream_name":"stderr","time":281.850904117,"data":"/usr/local/lib/python3.12/dist-packages/sklearn/utils/deprecation.py:151: FutureWarning: 'force_all_finite' was renamed to 'ensure_all_finite' in 1.6 and will be removed in 1.8.\n"}
,{"stream_name":"stderr","time":281.85090817,"data":"  warnings.warn(\n"}
,{"stream_name":"stderr","time":281.850911325,"data":"/usr/local/lib/python3.12/dist-packages/sklearn/utils/deprecation.py:151: FutureWarning: 'force_all_finite' was renamed to 'ensure_all_finite' in 1.6 and will be removed in 1.8.\n"}
,{"stream_name":"stderr","time":281.850914639,"data":"  warnings.warn(\n"}
,{"stream_name":"stderr","time":292.910690058,"data":"fatal: not a git repository (or any parent up to mount point /kaggle)\n"}
,{"stream_name":"stderr","time":292.910727221,"data":"Stopping at filesystem boundary (GIT_DISCOVERY_ACROSS_FILESYSTEM not set).\n"}
,{"stream_name":"stdout","time":292.950241634,"data":"🆔 Could not get the current commit hash.\n"}
,{"stream_name":"stdout","time":292.95026928,"data":"Scored 0.5206 on dataset REG_TEXT_EDU_UDEMY_ACADEMY, fold 0 in 22 seconds. Multimodal state: all 🔥\n"}
,{"stream_name":"stdout","time":292.950279083,"data":"  REG_TEXT_EDU_UDEMY_ACA/tabm/ft/f0                    = 0.5206  (22.0s)\n"}
,{"stream_name":"stderr","time":293.060940418,"data":"/usr/local/lib/python3.12/dist-packages/sklearn/utils/deprecation.py:151: FutureWarning: 'force_all_finite' was renamed to 'ensure_all_finite' in 1.6 and will be removed in 1.8.\n"}
,{"stream_name":"stderr","time":293.060992065,"data":"  warnings.warn(\n"}
,{"stream_name":"stderr","time":293.06099624,"data":"fatal: not a git repository (or any parent up to mount point /kaggle)\n"}
,{"stream_name":"stderr","time":293.060998953,"data":"Stopping at filesystem boundary (GIT_DISCOVERY_ACROSS_FILESYSTEM not set).\n"}
,{"stream_name":"stderr","time":293.061001463,"data":"\n"}
,{"stream_name":"stderr","time":293.06100369,"data":"/usr/local/lib/python3.12/dist-packages/sklearn/utils/deprecation.py:151: FutureWarning: 'force_all_finite' was renamed to 'ensure_all_finite' in 1.6 and will be removed in 1.8.\n"}
,{"stream_name":"stderr","time":293.061006249,"data":"  warnings.warn(\n"}
,{"stream_name":"stderr","time":293.061008444,"data":"fatal: not a git repository (or any parent up to mount point /kaggle)\n"}
,{"stream_name":"stderr","time":293.061010801,"data":"Stopping at filesystem boundary (GIT_DISCOVERY_ACROSS_FILESYSTEM not set).\n"}
,{"stream_name":"stdout","time":293.112745595,"data":"🎯 Regression variable price had no extreme outliers.\n"}
,{"stream_name":"stdout","time":293.112796956,"data":"🔭 7 features → light  [tabular: 7]\n"}
,{"stream_name":"stdout","time":293.209694466,"data":"🔥 Feature importances: price_dis               0.3454\n"}
,{"stream_name":"stdout","time":293.209736299,"data":"course_lectures         0.1714\n"}
,{"stream_name":"stdout","time":293.209739853,"data":"coures_reviews          0.1569\n"}
,{"stream_name":"stdout","time":293.209742407,"data":"course_enrollmenters    0.1493\n"}
,{"stream_name":"stdout","time":293.209744739,"data":"course_totalHourse      0.0848\n"}
,{"stream_name":"stdout","time":293.209747189,"data":"course_rating           0.0787\n"}
,{"stream_name":"stdout","time":293.209749664,"data":"course_level            0.0134\n"}
,{"stream_name":"stdout","time":293.20976724,"data":"dtype: float64\n"}
,{"stream_name":"stderr","time":294.01964971,"data":"fatal: not a git repository (or any parent up to mount point /kaggle)\n"}
,{"stream_name":"stderr","time":294.019683604,"data":"Stopping at filesystem boundary (GIT_DISCOVERY_ACROSS_FILESYSTEM not set).\n"}
,{"stream_name":"stdout","time":294.025198259,"data":"🆔 Could not get the current commit hash.\n"}
,{"stream_name":"stdout","time":294.025224154,"data":"Scored 0.2996 on dataset REG_TEXT_EDU_UDEMY_ACADEMY, fold 1 in 1 seconds. Multimodal state: no_text 😶\n"}
,{"stream_name":"stdout","time":294.025229435,"data":"  REG_TEXT_EDU_UDEMY_ACA/light/no_text/f1              = 0.2996  (1.0s)\n"}
,{"stream_name":"stderr","time":294.541636346,"data":"fatal: not a git repository (or any parent up to mount point /kaggle)\n"}
,{"stream_name":"stderr","time":294.541681968,"data":"Stopping at filesystem boundary (GIT_DISCOVERY_ACROSS_FILESYSTEM not set).\n"}
,{"stream_name":"stderr","time":294.54168703,"data":"\n"}
,{"stream_name":"stderr","time":294.541690402,"data":"fatal: not a git repository (or any parent up to mount point /kaggle)\n"}
,{"stream_name":"stderr","time":294.541694144,"data":"Stopping at filesystem boundary (GIT_DISCOVERY_ACROSS_FILESYSTEM not set).\n"}
,{"stream_name":"stdout","time":294.545979543,"data":"🎯 Regression variable price had no extreme outliers.\n"}
,{"stream_name":"stdout","time":294.546004917,"data":"Fitting E5ColumnEncoder for column course_instr with model intfloat/e5-small-v2 for 2430 texts\n"}
,{"stream_name":"stdout","time":296.684619835,"data":"🔍 [PCA variance] course_instr: 0.413\n"}
,{"stream_name":"stdout","time":296.684664001,"data":"Fitting E5ColumnEncoder for column course_name with model intfloat/e5-small-v2 for 2430 texts\n"}
,{"stream_name":"stdout","time":298.663927219,"data":"🔍 [PCA variance] course_name: 0.445\n"}
,{"stream_name":"stdout","time":302.521580392,"data":"🔭 60 features → light  [tabular: 0 | txt_emb: 60]\n"}
,{"stream_name":"stdout","time":302.962000755,"data":"🔥 Feature importances: course_instr_txt    0.5615\n"}
,{"stream_name":"stdout","time":302.962046069,"data":"course_name_txt     0.4385\n"}
,{"stream_name":"stdout","time":302.962050794,"data":"dtype: float64\n"}
,{"stream_name":"stderr","time":303.59781174,"data":"fatal: not a git repository (or any parent up to mount point /kaggle)\n"}
,{"stream_name":"stderr","time":303.597843825,"data":"Stopping at filesystem boundary (GIT_DISCOVERY_ACROSS_FILESYSTEM not set).\n"}
,{"stream_name":"stdout","time":303.603846081,"data":"🆔 Could not get the current commit hash.\n"}
,{"stream_name":"stdout","time":303.603883166,"data":"Scored 0.3040 on dataset REG_TEXT_EDU_UDEMY_ACADEMY, fold 1 in 9 seconds. Multimodal state: text_only 📝\n"}
,{"stream_name":"stdout","time":303.603889375,"data":"  REG_TEXT_EDU_UDEMY_ACA/light/text_only/f1            = 0.3040  (9.5s)\n"}
,{"stream_name":"stderr","time":303.802099997,"data":"fatal: not a git repository (or any parent up to mount point /kaggle)\n"}
,{"stream_name":"stderr","time":303.802163752,"data":"Stopping at filesystem boundary (GIT_DISCOVERY_ACROSS_FILESYSTEM not set).\n"}
,{"stream_name":"stderr","time":303.802171418,"data":"\n"}
,{"stream_name":"stderr","time":303.802176843,"data":"fatal: not a git repository (or any parent up to mount point /kaggle)\n"}
,{"stream_name":"stderr","time":303.802181969,"data":"Stopping at filesystem boundary (GIT_DISCOVERY_ACROSS_FILESYSTEM not set).\n"}
,{"stream_name":"stdout","time":303.802972743,"data":"🎯 Regression variable price had no extreme outliers.\n"}
,{"stream_name":"stdout","time":303.803007798,"data":"Fitting E5ColumnEncoder for column course_instr with model intfloat/e5-small-v2 for 2430 texts\n"}
,{"stream_name":"stdout","time":305.623029705,"data":"🔍 [PCA variance] course_instr: 0.413\n"}
,{"stream_name":"stdout","time":305.623069496,"data":"Fitting E5ColumnEncoder for column course_name with model intfloat/e5-small-v2 for 2430 texts\n"}
,{"stream_name":"stdout","time":307.628059419,"data":"🔍 [PCA variance] course_name: 0.445\n"}
,{"stream_name":"stdout","time":311.539958422,"data":"🔭 67 features → light  [tabular: 7 | txt_emb: 60]\n"}
,{"stream_name":"stdout","time":312.044616748,"data":"🔥 Feature importances: course_instr_txt        0.4299\n"}
,{"stream_name":"stdout","time":312.044647237,"data":"course_name_txt         0.2367\n"}
,{"stream_name":"stdout","time":312.044650607,"data":"price_dis               0.2297\n"}
,{"stream_name":"stdout","time":312.04465328,"data":"course_lectures         0.0528\n"}
,{"stream_name":"stdout","time":312.044655722,"data":"coures_reviews          0.0307\n"}
,{"stream_name":"stdout","time":312.04465843,"data":"course_totalHourse      0.0093\n"}
,{"stream_name":"stdout","time":312.044661213,"data":"course_enrollmenters    0.0070\n"}
,{"stream_name":"stdout","time":312.044677217,"data":"course_rating           0.0024\n"}
,{"stream_name":"stdout","time":312.044681178,"data":"course_level            0.0014\n"}
,{"stream_name":"stdout","time":312.044685352,"data":"dtype: float64\n"}
,{"stream_name":"stderr","time":312.691385384,"data":"fatal: not a git repository (or any parent up to mount point /kaggle)\n"}
,{"stream_name":"stderr","time":312.691419066,"data":"Stopping at filesystem boundary (GIT_DISCOVERY_ACROSS_FILESYSTEM not set).\n"}
,{"stream_name":"stdout","time":312.700320779,"data":"🆔 Could not get the current commit hash.\n"}
,{"stream_name":"stdout","time":312.700340551,"data":"Scored 0.5471 on dataset REG_TEXT_EDU_UDEMY_ACADEMY, fold 1 in 9 seconds. Multimodal state: all 🔥\n"}
,{"stream_name":"stdout","time":312.700345608,"data":"  REG_TEXT_EDU_UDEMY_ACA/light/all/f1                  = 0.5471  (9.0s)\n"}
,{"stream_name":"stdout","time":312.764463291,"data":"🎯 Regression variable price had no extreme outliers.\n"}
,{"stream_name":"stdout","time":312.764529336,"data":"[ft] epochs=10, max_length capped by tar_cache\n"}
,{"stream_name":"stderr","time":312.899341799,"data":"fatal: not a git repository (or any parent up to mount point /kaggle)\n"}
,{"stream_name":"stderr","time":312.899375301,"data":"Stopping at filesystem boundary (GIT_DISCOVERY_ACROSS_FILESYSTEM not set).\n"}
,{"stream_name":"stderr","time":312.899380713,"data":"\n"}
,{"stream_name":"stderr","time":312.899385065,"data":"fatal: not a git repository (or any parent up to mount point /kaggle)\n"}
,{"stream_name":"stderr","time":312.899389193,"data":"Stopping at filesystem boundary (GIT_DISCOVERY_ACROSS_FILESYSTEM not set).\n"}
,{"stream_name":"stdout","time":313.632227818,"data":"Finetuning single E5 (intfloat/e5-small-v2) for 2 columns with 4374 train examples (passage: col_name: col_val)\n"}
,{"stream_name":"stdout","time":313.890858465,"data":"[Dataset] train: n=4374, val: n=486\n"}
,{"stream_name":"stdout","time":313.890885116,"data":"[Dataset] train_y.shape=(4374,), val_y.shape=(486,) (y = labels)\n"}
,{"stream_name":"stdout","time":313.890901021,"data":"[Steps] batch_size=256 → 18 steps/epoch → 180 total steps (10 epochs)\n"}
,{"stream_name":"stderr","time":314.428915755,"data":"BertModel LOAD REPORT from: intfloat/e5-small-v2\n"}
,{"stream_name":"stderr","time":314.428947759,"data":"Key                     | Status     |  | \n"}
,{"stream_name":"stderr","time":314.428983795,"data":"------------------------+------------+--+-\n"}
,{"stream_name":"stderr","time":314.428988553,"data":"embeddings.position_ids | UNEXPECTED |  | \n"}
,{"stream_name":"stderr","time":314.428993086,"data":"\n"}
,{"stream_name":"stderr","time":314.428996904,"data":"Notes:\n"}
,{"stream_name":"stderr","time":314.429000499,"data":"- UNEXPECTED\t:can be ignored when loading from different task/architecture; not ok if you expect identical arch.\n"}
,{"stream_name":"stderr","time":314.429004613,"data":"\n"}
,{"stream_name":"stderr","time":314.429007949,"data":"BertModel LOAD REPORT from: intfloat/e5-small-v2\n"}
,{"stream_name":"stderr","time":314.42901142,"data":"Key                     | Status     |  | \n"}
,{"stream_name":"stderr","time":314.429014738,"data":"------------------------+------------+--+-\n"}
,{"stream_name":"stderr","time":314.429018655,"data":"embeddings.position_ids | UNEXPECTED |  | \n"}
,{"stream_name":"stderr","time":314.429022627,"data":"\n"}
,{"stream_name":"stderr","time":314.429026263,"data":"Notes:\n"}
,{"stream_name":"stderr","time":314.429029971,"data":"- UNEXPECTED\t:can be ignored when loading from different task/architecture; not ok if you expect identical arch.\n"}
,{"stream_name":"stdout","time":315.200300537,"data":"🦜 Doing LoRA on last 3 layers of intfloat/e5-small-v2 with rank 16\n"}
,{"stream_name":"stdout","time":315.200334706,"data":"[Trainable parameters per layer (E5)]\n"}
,{"stream_name":"stdout","time":315.200339503,"data":"  layer.9: 110,592\n"}
,{"stream_name":"stdout","time":315.20034345,"data":"  layer.10: 110,592\n"}
,{"stream_name":"stdout","time":315.200347345,"data":"  layer.11: 110,592\n"}
,{"stream_name":"stdout","time":315.200351487,"data":"  head: 3,850\n"}
,{"stream_name":"stdout","time":315.200355427,"data":"  total trainable: 335,626  (frozen: 33,360,000)\n"}
,{"stream_name":"stderr","time":371.137722421,"data":"BertModel LOAD REPORT from: intfloat/e5-small-v2\n"}
,{"stream_name":"stderr","time":371.137766788,"data":"Key                     | Status     |  | \n"}
,{"stream_name":"stderr","time":371.137776046,"data":"------------------------+------------+--+-\n"}
,{"stream_name":"stderr","time":371.137779255,"data":"embeddings.position_ids | UNEXPECTED |  | \n"}
,{"stream_name":"stderr","time":371.137782449,"data":"\n"}
,{"stream_name":"stderr","time":371.137785533,"data":"Notes:\n"}
,{"stream_name":"stderr","time":371.137788569,"data":"- UNEXPECTED\t:can be ignored when loading from different task/architecture; not ok if you expect identical arch.\n"}
,{"stream_name":"stderr","time":371.137792106,"data":"\n"}
,{"stream_name":"stderr","time":371.137794949,"data":"BertModel LOAD REPORT from: intfloat/e5-small-v2\n"}
,{"stream_name":"stderr","time":371.137798607,"data":"Key                     | Status     |  | \n"}
,{"stream_name":"stderr","time":371.137801609,"data":"------------------------+------------+--+-\n"}
,{"stream_name":"stderr","time":371.137804596,"data":"embeddings.position_ids | UNEXPECTED |  | \n"}
,{"stream_name":"stderr","time":371.137807631,"data":"\n"}
,{"stream_name":"stderr","time":371.137810497,"data":"Notes:\n"}
,{"stream_name":"stderr","time":371.137813466,"data":"- UNEXPECTED\t:can be ignored when loading from different task/architecture; not ok if you expect identical arch.\n"}
,{"stream_name":"stdout","time":374.402986359,"data":"🔍 [PCA variance] course_instr: 0.445\n"}
,{"stream_name":"stdout","time":376.580494419,"data":"🔍 [PCA variance] course_name: 0.461\n"}
,{"stream_name":"stdout","time":380.824901598,"data":"🔭 67 features → light  [tabular: 7 | txt_emb: 60]\n"}
,{"stream_name":"stdout","time":381.328880855,"data":"🔥 Feature importances: course_instr_txt        0.4200\n"}
,{"stream_name":"stdout","time":381.328941553,"data":"course_name_txt         0.2438\n"}
,{"stream_name":"stdout","time":381.328947026,"data":"price_dis               0.2324\n"}
,{"stream_name":"stdout","time":381.328951374,"data":"course_lectures         0.0499\n"}
,{"stream_name":"stdout","time":381.328954984,"data":"coures_reviews          0.0268\n"}
,{"stream_name":"stdout","time":381.328958325,"data":"course_totalHourse      0.0119\n"}
,{"stream_name":"stdout","time":381.328961959,"data":"course_enrollmenters    0.0117\n"}
,{"stream_name":"stdout","time":381.328965453,"data":"course_level            0.0024\n"}
,{"stream_name":"stdout","time":381.328968821,"data":"course_rating           0.0011\n"}
,{"stream_name":"stdout","time":381.328972656,"data":"dtype: float64\n"}
,{"stream_name":"stderr","time":382.004017699,"data":"fatal: not a git repository (or any parent up to mount point /kaggle)\n"}
,{"stream_name":"stderr","time":382.004056769,"data":"Stopping at filesystem boundary (GIT_DISCOVERY_ACROSS_FILESYSTEM not set).\n"}
,{"stream_name":"stdout","time":382.024006166,"data":"🆔 Could not get the current commit hash.\n"}
,{"stream_name":"stdout","time":382.02403826,"data":"Scored 0.5466 on dataset REG_TEXT_EDU_UDEMY_ACADEMY, fold 1 in 69 seconds. Multimodal state: all 🔥\n"}
,{"stream_name":"stdout","time":382.024042707,"data":"  REG_TEXT_EDU_UDEMY_ACA/light/ft/f1                   = 0.5466  (69.3s)\n"}
,{"stream_name":"stderr","time":382.20714029,"data":"fatal: not a git repository (or any parent up to mount point /kaggle)\n"}
,{"stream_name":"stderr","time":382.207164349,"data":"Stopping at filesystem boundary (GIT_DISCOVERY_ACROSS_FILESYSTEM not set).\n"}
,{"stream_name":"stderr","time":382.207167581,"data":"\n"}
,{"stream_name":"stderr","time":382.207170276,"data":"fatal: not a git repository (or any parent up to mount point /kaggle)\n"}
,{"stream_name":"stderr","time":382.207172774,"data":"Stopping at filesystem boundary (GIT_DISCOVERY_ACROSS_FILESYSTEM not set).\n"}
,{"stream_name":"stdout","time":382.209392077,"data":"🎯 Regression variable price had no extreme outliers.\n"}
,{"stream_name":"stdout","time":382.20942803,"data":"🔭 7 features → cat  [tabular: 7]\n"}
,{"stream_name":"stderr","time":385.105966094,"data":"fatal: not a git repository (or any parent up to mount point /kaggle)\n"}
,{"stream_name":"stderr","time":385.105998726,"data":"Stopping at filesystem boundary (GIT_DISCOVERY_ACROSS_FILESYSTEM not set).\n"}
,{"stream_name":"stdout","time":385.126926142,"data":"🆔 Could not get the current commit hash.\n"}
,{"stream_name":"stdout","time":385.126949951,"data":"Scored 0.3226 on dataset REG_TEXT_EDU_UDEMY_ACADEMY, fold 1 in 3 seconds. Multimodal state: no_text 😶\n"}
,{"stream_name":"stdout","time":385.126954822,"data":"  REG_TEXT_EDU_UDEMY_ACA/cat/no_text/f1                = 0.3226  (3.0s)\n"}
,{"stream_name":"stderr","time":385.309061255,"data":"fatal: not a git repository (or any parent up to mount point /kaggle)\n"}
,{"stream_name":"stderr","time":385.30910207,"data":"Stopping at filesystem boundary (GIT_DISCOVERY_ACROSS_FILESYSTEM not set).\n"}
,{"stream_name":"stderr","time":385.309105715,"data":"\n"}
,{"stream_name":"stderr","time":385.309108143,"data":"fatal: not a git repository (or any parent up to mount point /kaggle)\n"}
,{"stream_name":"stderr","time":385.309110673,"data":"Stopping at filesystem boundary (GIT_DISCOVERY_ACROSS_FILESYSTEM not set).\n"}
,{"stream_name":"stdout","time":385.309966613,"data":"🎯 Regression variable price had no extreme outliers.\n"}
,{"stream_name":"stdout","time":385.310005538,"data":"Fitting E5ColumnEncoder for column course_instr with model intfloat/e5-small-v2 for 2430 texts\n"}
,{"stream_name":"stdout","time":387.351720312,"data":"🔍 [PCA variance] course_instr: 0.413\n"}
,{"stream_name":"stdout","time":387.351763126,"data":"Fitting E5ColumnEncoder for column course_name with model intfloat/e5-small-v2 for 2430 texts\n"}
,{"stream_name":"stdout","time":389.190450709,"data":"🔍 [PCA variance] course_name: 0.445\n"}
,{"stream_name":"stdout","time":393.056456638,"data":"🔭 60 features → cat  [tabular: 0 | txt_emb: 60]\n"}
,{"stream_name":"stderr","time":407.702606026,"data":"fatal: not a git repository (or any parent up to mount point /kaggle)\n"}
,{"stream_name":"stderr","time":407.702677198,"data":"Stopping at filesystem boundary (GIT_DISCOVERY_ACROSS_FILESYSTEM not set).\n"}
,{"stream_name":"stdout","time":407.709448855,"data":"🆔 Could not get the current commit hash.\n"}
,{"stream_name":"stdout","time":407.709470655,"data":"Scored 0.3154 on dataset REG_TEXT_EDU_UDEMY_ACADEMY, fold 1 in 22 seconds. Multimodal state: text_only 📝\n"}
,{"stream_name":"stdout","time":407.709477828,"data":"  REG_TEXT_EDU_UDEMY_ACA/cat/text_only/f1              = 0.3154  (22.5s)\n"}
,{"stream_name":"stderr","time":407.90807911,"data":"fatal: not a git repository (or any parent up to mount point /kaggle)\n"}
,{"stream_name":"stderr","time":407.908115789,"data":"Stopping at filesystem boundary (GIT_DISCOVERY_ACROSS_FILESYSTEM not set).\n"}
,{"stream_name":"stderr","time":407.908121545,"data":"\n"}
,{"stream_name":"stderr","time":407.908126124,"data":"fatal: not a git repository (or any parent up to mount point /kaggle)\n"}
,{"stream_name":"stderr","time":407.908130833,"data":"Stopping at filesystem boundary (GIT_DISCOVERY_ACROSS_FILESYSTEM not set).\n"}
,{"stream_name":"stdout","time":407.908873569,"data":"🎯 Regression variable price had no extreme outliers.\n"}
,{"stream_name":"stdout","time":407.908894678,"data":"Fitting E5ColumnEncoder for column course_instr with model intfloat/e5-small-v2 for 2430 texts\n"}
,{"stream_name":"stdout","time":409.98425093,"data":"🔍 [PCA variance] course_instr: 0.413\n"}
,{"stream_name":"stdout","time":409.984289607,"data":"Fitting E5ColumnEncoder for column course_name with model intfloat/e5-small-v2 for 2430 texts\n"}
,{"stream_name":"stdout","time":411.983157449,"data":"🔍 [PCA variance] course_name: 0.445\n"}
,{"stream_name":"stdout","time":416.37443402,"data":"🔭 67 features → cat  [tabular: 7 | txt_emb: 60]\n"}
,{"stream_name":"stderr","time":436.686516272,"data":"fatal: not a git repository (or any parent up to mount point /kaggle)\n"}
,{"stream_name":"stderr","time":436.686588846,"data":"Stopping at filesystem boundary (GIT_DISCOVERY_ACROSS_FILESYSTEM not set).\n"}
,{"stream_name":"stdout","time":436.694146491,"data":"🆔 Could not get the current commit hash.\n"}
,{"stream_name":"stdout","time":436.694170517,"data":"Scored 0.5479 on dataset REG_TEXT_EDU_UDEMY_ACADEMY, fold 1 in 28 seconds. Multimodal state: all 🔥\n"}
,{"stream_name":"stdout","time":436.694181104,"data":"  REG_TEXT_EDU_UDEMY_ACA/cat/all/f1                    = 0.5479  (28.9s)\n"}
,{"stream_name":"stdout","time":436.753539178,"data":"🎯 Regression variable price had no extreme outliers.\n"}
,{"stream_name":"stdout","time":436.753594586,"data":"[ft] epochs=10, max_length capped by tar_cache\n"}
,{"stream_name":"stderr","time":436.889052847,"data":"fatal: not a git repository (or any parent up to mount point /kaggle)\n"}
,{"stream_name":"stderr","time":436.889089304,"data":"Stopping at filesystem boundary (GIT_DISCOVERY_ACROSS_FILESYSTEM not set).\n"}
,{"stream_name":"stderr","time":436.889113808,"data":"\n"}
,{"stream_name":"stderr","time":436.889116979,"data":"fatal: not a git repository (or any parent up to mount point /kaggle)\n"}
,{"stream_name":"stderr","time":436.889119373,"data":"Stopping at filesystem boundary (GIT_DISCOVERY_ACROSS_FILESYSTEM not set).\n"}
,{"stream_name":"stdout","time":437.627155617,"data":"Finetuning single E5 (intfloat/e5-small-v2) for 2 columns with 4374 train examples (passage: col_name: col_val)\n"}
,{"stream_name":"stderr","time":438.321617218,"data":"BertModel LOAD REPORT from: intfloat/e5-small-v2\n"}
,{"stream_name":"stderr","time":438.321652413,"data":"Key                     | Status     |  | \n"}
,{"stream_name":"stderr","time":438.321656787,"data":"------------------------+------------+--+-\n"}
,{"stream_name":"stderr","time":438.321660374,"data":"embeddings.position_ids | UNEXPECTED |  | \n"}
,{"stream_name":"stderr","time":438.321663967,"data":"\n"}
,{"stream_name":"stderr","time":438.321668676,"data":"Notes:\n"}
,{"stream_name":"stderr","time":438.321675921,"data":"- UNEXPECTED\t:can be ignored when loading from different task/architecture; not ok if you expect identical arch.\n"}
,{"stream_name":"stderr","time":438.321678826,"data":"\n"}
,{"stream_name":"stderr","time":438.321681137,"data":"BertModel LOAD REPORT from: intfloat/e5-small-v2\n"}
,{"stream_name":"stderr","time":438.321683737,"data":"Key                     | Status     |  | \n"}
,{"stream_name":"stderr","time":438.321685982,"data":"------------------------+------------+--+-\n"}
,{"stream_name":"stderr","time":438.321688296,"data":"embeddings.position_ids | UNEXPECTED |  | \n"}
,{"stream_name":"stderr","time":438.321690698,"data":"\n"}
,{"stream_name":"stderr","time":438.321692835,"data":"Notes:\n"}
,{"stream_name":"stderr","time":438.321695012,"data":"- UNEXPECTED\t:can be ignored when loading from different task/architecture; not ok if you expect identical arch.\n"}
,{"stream_name":"stdout","time":439.413050176,"data":"[tar_cache] hit df6f03af1bb3 -- skipping E5 fine-tuning (4374 train examples)\n"}
,{"stream_name":"stdout","time":441.719478345,"data":"🔍 [PCA variance] course_instr: 0.445\n"}
,{"stream_name":"stdout","time":444.038596584,"data":"🔍 [PCA variance] course_name: 0.461\n"}
,{"stream_name":"stdout","time":448.456173469,"data":"🔭 67 features → cat  [tabular: 7 | txt_emb: 60]\n"}
,{"stream_name":"stderr","time":468.849402554,"data":"fatal: not a git repository (or any parent up to mount point /kaggle)\n"}
,{"stream_name":"stderr","time":468.849473117,"data":"Stopping at filesystem boundary (GIT_DISCOVERY_ACROSS_FILESYSTEM not set).\n"}
,{"stream_name":"stdout","time":468.864467831,"data":"🆔 Could not get the current commit hash.\n"}
,{"stream_name":"stdout","time":468.864501089,"data":"Scored 0.5902 on dataset REG_TEXT_EDU_UDEMY_ACADEMY, fold 1 in 32 seconds. Multimodal state: all 🔥\n"}
,{"stream_name":"stdout","time":468.864505941,"data":"  REG_TEXT_EDU_UDEMY_ACA/cat/ft/f1                     = 0.5902  (32.1s)\n"}
,{"stream_name":"stderr","time":469.052049653,"data":"fatal: not a git repository (or any parent up to mount point /kaggle)\n"}
,{"stream_name":"stderr","time":469.052089266,"data":"Stopping at filesystem boundary (GIT_DISCOVERY_ACROSS_FILESYSTEM not set).\n"}
,{"stream_name":"stderr","time":469.052096329,"data":"/usr/local/lib/python3.12/dist-packages/sklearn/utils/deprecation.py:151: FutureWarning: 'force_all_finite' was renamed to 'ensure_all_finite' in 1.6 and will be removed in 1.8.\n"}
,{"stream_name":"stderr","time":469.052101998,"data":"  warnings.warn(\n"}
,{"stream_name":"stderr","time":469.052106766,"data":"/usr/local/lib/python3.12/dist-packages/sklearn/utils/deprecation.py:151: FutureWarning: 'force_all_finite' was renamed to 'ensure_all_finite' in 1.6 and will be removed in 1.8.\n"}
,{"stream_name":"stderr","time":469.052130634,"data":"  warnings.warn(\n"}
,{"stream_name":"stderr","time":469.05213462,"data":"\n"}
,{"stream_name":"stderr","time":469.052137955,"data":"fatal: not a git repository (or any parent up to mount point /kaggle)\n"}
,{"stream_name":"stderr","time":469.052142343,"data":"Stopping at filesystem boundary (GIT_DISCOVERY_ACROSS_FILESYSTEM not set).\n"}
,{"stream_name":"stderr","time":469.052146209,"data":"/usr/local/lib/python3.12/dist-packages/sklearn/utils/deprecation.py:151: FutureWarning: 'force_all_finite' was renamed to 'ensure_all_finite' in 1.6 and will be removed in 1.8.\n"}
,{"stream_name":"stderr","time":469.052150626,"data":"  warnings.warn(\n"}
,{"stream_name":"stderr","time":469.052154431,"data":"/usr/local/lib/python3.12/dist-packages/sklearn/utils/deprecation.py:151: FutureWarning: 'force_all_finite' was renamed to 'ensure_all_finite' in 1.6 and will be removed in 1.8.\n"}
,{"stream_name":"stderr","time":469.052158494,"data":"  warnings.warn(\n"}
,{"stream_name":"stdout","time":469.052835411,"data":"🎯 Regression variable price had no extreme outliers.\n"}
,{"stream_name":"stdout","time":469.052855716,"data":"🔭 7 features → tabm  [tabular: 7]\n"}
,{"stream_name":"stderr","time":472.634448715,"data":"/usr/local/lib/python3.12/dist-packages/sklearn/utils/deprecation.py:151: FutureWarning: 'force_all_finite' was renamed to 'ensure_all_finite' in 1.6 and will be removed in 1.8.\n"}
,{"stream_name":"stderr","time":472.634490475,"data":"  warnings.warn(\n"}
,{"stream_name":"stderr","time":472.634494725,"data":"\n"}
,{"stream_name":"stderr","time":472.634510215,"data":"/usr/local/lib/python3.12/dist-packages/sklearn/utils/deprecation.py:151: FutureWarning: 'force_all_finite' was renamed to 'ensure_all_finite' in 1.6 and will be removed in 1.8.\n"}
,{"stream_name":"stderr","time":472.634516325,"data":"  warnings.warn(\n"}
,{"stream_name":"stderr","time":472.937026349,"data":"fatal: not a git repository (or any parent up to mount point /kaggle)\n"}
,{"stream_name":"stderr","time":472.937060487,"data":"Stopping at filesystem boundary (GIT_DISCOVERY_ACROSS_FILESYSTEM not set).\n"}
,{"stream_name":"stdout","time":472.94335264,"data":"🆔 Could not get the current commit hash.\n"}
,{"stream_name":"stdout","time":472.943377881,"data":"Scored 0.3131 on dataset REG_TEXT_EDU_UDEMY_ACADEMY, fold 1 in 4 seconds. Multimodal state: no_text 😶\n"}
,{"stream_name":"stdout","time":472.943383576,"data":"  REG_TEXT_EDU_UDEMY_ACA/tabm/no_text/f1               = 0.3131  (4.0s)\n"}
,{"stream_name":"stderr","time":473.139378169,"data":"fatal: not a git repository (or any parent up to mount point /kaggle)\n"}
,{"stream_name":"stderr","time":473.139417437,"data":"Stopping at filesystem boundary (GIT_DISCOVERY_ACROSS_FILESYSTEM not set).\n"}
,{"stream_name":"stderr","time":473.139423716,"data":"\n"}
,{"stream_name":"stderr","time":473.139428721,"data":"fatal: not a git repository (or any parent up to mount point /kaggle)\n"}
,{"stream_name":"stderr","time":473.139433717,"data":"Stopping at filesystem boundary (GIT_DISCOVERY_ACROSS_FILESYSTEM not set).\n"}
,{"stream_name":"stdout","time":473.140173696,"data":"🎯 Regression variable price had no extreme outliers.\n"}
,{"stream_name":"stdout","time":473.140200826,"data":"Fitting E5ColumnEncoder for column course_instr with model intfloat/e5-small-v2 for 2430 texts\n"}
,{"stream_name":"stdout","time":475.075084077,"data":"🔍 [PCA variance] course_instr: 0.413\n"}
,{"stream_name":"stdout","time":475.075126818,"data":"Fitting E5ColumnEncoder for column course_name with model intfloat/e5-small-v2 for 2430 texts\n"}
,{"stream_name":"stdout","time":476.885042055,"data":"🔍 [PCA variance] course_name: 0.445\n"}
,{"stream_name":"stdout","time":480.783367692,"data":"🔭 60 features → tabm  [tabular: 0 | txt_emb: 60]\n"}
,{"stream_name":"stderr","time":480.784266519,"data":"/usr/local/lib/python3.12/dist-packages/sklearn/utils/deprecation.py:151: FutureWarning: 'force_all_finite' was renamed to 'ensure_all_finite' in 1.6 and will be removed in 1.8.\n"}
,{"stream_name":"stderr","time":480.784290075,"data":"  warnings.warn(\n"}
,{"stream_name":"stderr","time":480.784294757,"data":"/usr/local/lib/python3.12/dist-packages/sklearn/utils/deprecation.py:151: FutureWarning: 'force_all_finite' was renamed to 'ensure_all_finite' in 1.6 and will be removed in 1.8.\n"}
,{"stream_name":"stderr","time":480.784298898,"data":"  warnings.warn(\n"}
,{"stream_name":"stderr","time":480.7843023,"data":"\n"}
,{"stream_name":"stderr","time":480.78430558,"data":"/usr/local/lib/python3.12/dist-packages/sklearn/utils/deprecation.py:151: FutureWarning: 'force_all_finite' was renamed to 'ensure_all_finite' in 1.6 and will be removed in 1.8.\n"}
,{"stream_name":"stderr","time":480.784309283,"data":"  warnings.warn(\n"}
,{"stream_name":"stderr","time":480.784314128,"data":"/usr/local/lib/python3.12/dist-packages/sklearn/utils/deprecation.py:151: FutureWarning: 'force_all_finite' was renamed to 'ensure_all_finite' in 1.6 and will be removed in 1.8.\n"}
,{"stream_name":"stderr","time":480.784321394,"data":"  warnings.warn(\n"}
,{"stream_name":"stderr","time":488.017834626,"data":"fatal: not a git repository (or any parent up to mount point /kaggle)\n"}
,{"stream_name":"stderr","time":488.017873951,"data":"Stopping at filesystem boundary (GIT_DISCOVERY_ACROSS_FILESYSTEM not set).\n"}
,{"stream_name":"stdout","time":488.023635945,"data":"🆔 Could not get the current commit hash.\n"}
,{"stream_name":"stdout","time":488.023657771,"data":"Scored 0.3242 on dataset REG_TEXT_EDU_UDEMY_ACADEMY, fold 1 in 15 seconds. Multimodal state: text_only 📝\n"}
,{"stream_name":"stdout","time":488.02366268,"data":"  REG_TEXT_EDU_UDEMY_ACA/tabm/text_only/f1             = 0.3242  (15.0s)\n"}
,{"stream_name":"stderr","time":488.132442462,"data":"/usr/local/lib/python3.12/dist-packages/sklearn/utils/deprecation.py:151: FutureWarning: 'force_all_finite' was renamed to 'ensure_all_finite' in 1.6 and will be removed in 1.8.\n"}
,{"stream_name":"stderr","time":488.132476463,"data":"  warnings.warn(\n"}
,{"stream_name":"stderr","time":488.132479888,"data":"fatal: not a git repository (or any parent up to mount point /kaggle)\n"}
,{"stream_name":"stderr","time":488.1324829,"data":"Stopping at filesystem boundary (GIT_DISCOVERY_ACROSS_FILESYSTEM not set).\n"}
,{"stream_name":"stderr","time":488.132485373,"data":"\n"}
,{"stream_name":"stderr","time":488.132487617,"data":"/usr/local/lib/python3.12/dist-packages/sklearn/utils/deprecation.py:151: FutureWarning: 'force_all_finite' was renamed to 'ensure_all_finite' in 1.6 and will be removed in 1.8.\n"}
,{"stream_name":"stderr","time":488.132490222,"data":"  warnings.warn(\n"}
,{"stream_name":"stderr","time":488.132492502,"data":"fatal: not a git repository (or any parent up to mount point /kaggle)\n"}
,{"stream_name":"stderr","time":488.13249482,"data":"Stopping at filesystem boundary (GIT_DISCOVERY_ACROSS_FILESYSTEM not set).\n"}
,{"stream_name":"stdout","time":488.221112459,"data":"🎯 Regression variable price had no extreme outliers.\n"}
,{"stream_name":"stdout","time":488.221149861,"data":"Fitting E5ColumnEncoder for column course_instr with model intfloat/e5-small-v2 for 2430 texts\n"}
,{"stream_name":"stdout","time":490.248222194,"data":"🔍 [PCA variance] course_instr: 0.413\n"}
,{"stream_name":"stdout","time":490.248272657,"data":"Fitting E5ColumnEncoder for column course_name with model intfloat/e5-small-v2 for 2430 texts\n"}
,{"stream_name":"stdout","time":492.520974612,"data":"🔍 [PCA variance] course_name: 0.445\n"}
,{"stream_name":"stdout","time":496.492699499,"data":"🔭 67 features → tabm  [tabular: 7 | txt_emb: 60]\n"}
,{"stream_name":"stderr","time":496.493516368,"data":"/usr/local/lib/python3.12/dist-packages/sklearn/utils/deprecation.py:151: FutureWarning: 'force_all_finite' was renamed to 'ensure_all_finite' in 1.6 and will be removed in 1.8.\n"}
,{"stream_name":"stderr","time":496.493533425,"data":"  warnings.warn(\n"}
,{"stream_name":"stderr","time":496.493538166,"data":"/usr/local/lib/python3.12/dist-packages/sklearn/utils/deprecation.py:151: FutureWarning: 'force_all_finite' was renamed to 'ensure_all_finite' in 1.6 and will be removed in 1.8.\n"}
,{"stream_name":"stderr","time":496.493554011,"data":"  warnings.warn(\n"}
,{"stream_name":"stderr","time":496.493558305,"data":"\n"}
,{"stream_name":"stderr","time":496.49362026,"data":"/usr/local/lib/python3.12/dist-packages/sklearn/utils/deprecation.py:151: FutureWarning: 'force_all_finite' was renamed to 'ensure_all_finite' in 1.6 and will be removed in 1.8.\n"}
,{"stream_name":"stderr","time":496.49363467,"data":"  warnings.warn(\n"}
,{"stream_name":"stderr","time":496.493638308,"data":"/usr/local/lib/python3.12/dist-packages/sklearn/utils/deprecation.py:151: FutureWarning: 'force_all_finite' was renamed to 'ensure_all_finite' in 1.6 and will be removed in 1.8.\n"}
,{"stream_name":"stderr","time":496.493642678,"data":"  warnings.warn(\n"}
,{"stream_name":"stderr","time":510.636832051,"data":"fatal: not a git repository (or any parent up to mount point /kaggle)\n"}
,{"stream_name":"stderr","time":510.636889691,"data":"Stopping at filesystem boundary (GIT_DISCOVERY_ACROSS_FILESYSTEM not set).\n"}
,{"stream_name":"stdout","time":510.643662812,"data":"🆔 Could not get the current commit hash.\n"}
,{"stream_name":"stdout","time":510.643686142,"data":"Scored 0.5847 on dataset REG_TEXT_EDU_UDEMY_ACADEMY, fold 1 in 22 seconds. Multimodal state: all 🔥\n"}
,{"stream_name":"stdout","time":510.643692054,"data":"  REG_TEXT_EDU_UDEMY_ACA/tabm/all/f1                   = 0.5847  (22.5s)\n"}
,{"stream_name":"stdout","time":510.715312352,"data":"🎯 Regression variable price had no extreme outliers.\n"}
,{"stream_name":"stdout","time":510.7153518,"data":"[ft] epochs=10, max_length capped by tar_cache\n"}
,{"stream_name":"stderr","time":510.754368382,"data":"/usr/local/lib/python3.12/dist-packages/sklearn/utils/deprecation.py:151: FutureWarning: 'force_all_finite' was renamed to 'ensure_all_finite' in 1.6 and will be removed in 1.8.\n"}
,{"stream_name":"stderr","time":510.754408543,"data":"  warnings.warn(\n"}
,{"stream_name":"stderr","time":510.754413229,"data":"fatal: not a git repository (or any parent up to mount point /kaggle)\n"}
,{"stream_name":"stderr","time":510.754416608,"data":"Stopping at filesystem boundary (GIT_DISCOVERY_ACROSS_FILESYSTEM not set).\n"}
,{"stream_name":"stderr","time":510.754420251,"data":"\n"}
,{"stream_name":"stderr","time":510.75442365,"data":"/usr/local/lib/python3.12/dist-packages/sklearn/utils/deprecation.py:151: FutureWarning: 'force_all_finite' was renamed to 'ensure_all_finite' in 1.6 and will be removed in 1.8.\n"}
,{"stream_name":"stderr","time":510.75442705,"data":"  warnings.warn(\n"}
,{"stream_name":"stderr","time":510.754430061,"data":"fatal: not a git repository (or any parent up to mount point /kaggle)\n"}
,{"stream_name":"stderr","time":510.754433096,"data":"Stopping at filesystem boundary (GIT_DISCOVERY_ACROSS_FILESYSTEM not set).\n"}
,{"stream_name":"stdout","time":511.528692659,"data":"Finetuning single E5 (intfloat/e5-small-v2) for 2 columns with 4374 train examples (passage: col_name: col_val)\n"}
,{"stream_name":"stderr","time":512.215786525,"data":"BertModel LOAD REPORT from: intfloat/e5-small-v2\n"}
,{"stream_name":"stderr","time":512.215821266,"data":"Key                     | Status     |  | \n"}
,{"stream_name":"stderr","time":512.215825612,"data":"------------------------+------------+--+-\n"}
,{"stream_name":"stderr","time":512.215829163,"data":"embeddings.position_ids | UNEXPECTED |  | \n"}
,{"stream_name":"stderr","time":512.215834424,"data":"\n"}
,{"stream_name":"stderr","time":512.215841227,"data":"Notes:\n"}
,{"stream_name":"stderr","time":512.215843886,"data":"- UNEXPECTED\t:can be ignored when loading from different task/architecture; not ok if you expect identical arch.\n"}
,{"stream_name":"stderr","time":512.215846605,"data":"\n"}
,{"stream_name":"stderr","time":512.21584874,"data":"BertModel LOAD REPORT from: intfloat/e5-small-v2\n"}
,{"stream_name":"stderr","time":512.21585114,"data":"Key                     | Status     |  | \n"}
,{"stream_name":"stderr","time":512.215853518,"data":"------------------------+------------+--+-\n"}
,{"stream_name":"stderr","time":512.215855981,"data":"embeddings.position_ids | UNEXPECTED |  | \n"}
,{"stream_name":"stderr","time":512.21585834,"data":"\n"}
,{"stream_name":"stderr","time":512.215860581,"data":"Notes:\n"}
,{"stream_name":"stderr","time":512.215862805,"data":"- UNEXPECTED\t:can be ignored when loading from different task/architecture; not ok if you expect identical arch.\n"}
,{"stream_name":"stdout","time":513.277558555,"data":"[tar_cache] hit df6f03af1bb3 -- skipping E5 fine-tuning (4374 train examples)\n"}
,{"stream_name":"stdout","time":515.402182334,"data":"🔍 [PCA variance] course_instr: 0.445\n"}
,{"stream_name":"stdout","time":517.716377834,"data":"🔍 [PCA variance] course_name: 0.461\n"}
,{"stream_name":"stdout","time":521.972018734,"data":"🔭 67 features → tabm  [tabular: 7 | txt_emb: 60]\n"}
,{"stream_name":"stderr","time":521.972945945,"data":"/usr/local/lib/python3.12/dist-packages/sklearn/utils/deprecation.py:151: FutureWarning: 'force_all_finite' was renamed to 'ensure_all_finite' in 1.6 and will be removed in 1.8.\n"}
,{"stream_name":"stderr","time":521.973021034,"data":"  warnings.warn(\n"}
,{"stream_name":"stderr","time":521.973028296,"data":"/usr/local/lib/python3.12/dist-packages/sklearn/utils/deprecation.py:151: FutureWarning: 'force_all_finite' was renamed to 'ensure_all_finite' in 1.6 and will be removed in 1.8.\n"}
,{"stream_name":"stderr","time":521.973032621,"data":"  warnings.warn(\n"}
,{"stream_name":"stderr","time":521.973036105,"data":"\n"}
,{"stream_name":"stderr","time":521.973039363,"data":"/usr/local/lib/python3.12/dist-packages/sklearn/utils/deprecation.py:151: FutureWarning: 'force_all_finite' was renamed to 'ensure_all_finite' in 1.6 and will be removed in 1.8.\n"}
,{"stream_name":"stderr","time":521.973043181,"data":"  warnings.warn(\n"}
,{"stream_name":"stderr","time":521.973046542,"data":"/usr/local/lib/python3.12/dist-packages/sklearn/utils/deprecation.py:151: FutureWarning: 'force_all_finite' was renamed to 'ensure_all_finite' in 1.6 and will be removed in 1.8.\n"}
,{"stream_name":"stderr","time":521.97305211,"data":"  warnings.warn(\n"}
,{"stream_name":"stderr","time":545.758719009,"data":"fatal: not a git repository (or any parent up to mount point /kaggle)\n"}
,{"stream_name":"stderr","time":545.758759416,"data":"Stopping at filesystem boundary (GIT_DISCOVERY_ACROSS_FILESYSTEM not set).\n"}
,{"stream_name":"stdout","time":545.810603277,"data":"🆔 Could not get the current commit hash.\n"}
,{"stream_name":"stdout","time":545.81066081,"data":"Scored 0.5699 on dataset REG_TEXT_EDU_UDEMY_ACADEMY, fold 1 in 35 seconds. Multimodal state: all 🔥\n"}
,{"stream_name":"stdout","time":545.810667301,"data":"  REG_TEXT_EDU_UDEMY_ACA/tabm/ft/f1                    = 0.5699  (35.1s)\n"}
,{"stream_name":"stderr","time":545.911255001,"data":"/usr/local/lib/python3.12/dist-packages/sklearn/utils/deprecation.py:151: FutureWarning: 'force_all_finite' was renamed to 'ensure_all_finite' in 1.6 and will be removed in 1.8.\n"}
,{"stream_name":"stderr","time":545.911293614,"data":"  warnings.warn(\n"}
,{"stream_name":"stderr","time":545.911299624,"data":"fatal: not a git repository (or any parent up to mount point /kaggle)\n"}
,{"stream_name":"stderr","time":545.911303506,"data":"Stopping at filesystem boundary (GIT_DISCOVERY_ACROSS_FILESYSTEM not set).\n"}
,{"stream_name":"stderr","time":545.911307568,"data":"\n"}
,{"stream_name":"stderr","time":545.911311909,"data":"/usr/local/lib/python3.12/dist-packages/sklearn/utils/deprecation.py:151: FutureWarning: 'force_all_finite' was renamed to 'ensure_all_finite' in 1.6 and will be removed in 1.8.\n"}
,{"stream_name":"stderr","time":545.911316523,"data":"  warnings.warn(\n"}
,{"stream_name":"stderr","time":545.911320465,"data":"fatal: not a git repository (or any parent up to mount point /kaggle)\n"}
,{"stream_name":"stderr","time":545.911325014,"data":"Stopping at filesystem boundary (GIT_DISCOVERY_ACROSS_FILESYSTEM not set).\n"}
,{"stream_name":"stdout","time":545.961061639,"data":"🎯 Regression variable price had no extreme outliers.\n"}
,{"stream_name":"stdout","time":545.961096324,"data":"🔭 7 features → light  [tabular: 7]\n"}
,{"stream_name":"stdout","time":546.062396448,"data":"🔥 Feature importances: price_dis               0.3499\n"}
,{"stream_name":"stdout","time":546.062435448,"data":"course_lectures         0.1698\n"}
,{"stream_name":"stdout","time":546.062438816,"data":"course_enrollmenters    0.1610\n"}
,{"stream_name":"stdout","time":546.062441275,"data":"coures_reviews          0.1527\n"}
,{"stream_name":"stdout","time":546.062443817,"data":"course_totalHourse      0.0859\n"}
,{"stream_name":"stdout","time":546.062446415,"data":"course_rating           0.0678\n"}
,{"stream_name":"stdout","time":546.062448629,"data":"course_level            0.0129\n"}
,{"stream_name":"stdout","time":546.062450833,"data":"dtype: float64\n"}
,{"stream_name":"stderr","time":546.872148627,"data":"fatal: not a git repository (or any parent up to mount point /kaggle)\n"}
,{"stream_name":"stderr","time":546.872187529,"data":"Stopping at filesystem boundary (GIT_DISCOVERY_ACROSS_FILESYSTEM not set).\n"}
,{"stream_name":"stdout","time":546.878200428,"data":"🆔 Could not get the current commit hash.\n"}
,{"stream_name":"stdout","time":546.878223352,"data":"Scored 0.2396 on dataset REG_TEXT_EDU_UDEMY_ACADEMY, fold 2 in 1 seconds. Multimodal state: no_text 😶\n"}
,{"stream_name":"stdout","time":546.878227971,"data":"  REG_TEXT_EDU_UDEMY_ACA/light/no_text/f2              = 0.2396  (1.0s)\n"}
,{"stream_name":"stderr","time":547.075434627,"data":"fatal: not a git repository (or any parent up to mount point /kaggle)\n"}
,{"stream_name":"stderr","time":547.075485073,"data":"Stopping at filesystem boundary (GIT_DISCOVERY_ACROSS_FILESYSTEM not set).\n"}
,{"stream_name":"stderr","time":547.075491257,"data":"\n"}
,{"stream_name":"stderr","time":547.075494549,"data":"fatal: not a git repository (or any parent up to mount point /kaggle)\n"}
,{"stream_name":"stderr","time":547.075498494,"data":"Stopping at filesystem boundary (GIT_DISCOVERY_ACROSS_FILESYSTEM not set).\n"}
,{"stream_name":"stdout","time":547.076205774,"data":"🎯 Regression variable price had no extreme outliers.\n"}
,{"stream_name":"stdout","time":547.076231587,"data":"Fitting E5ColumnEncoder for column course_instr with model intfloat/e5-small-v2 for 2430 texts\n"}
,{"stream_name":"stdout","time":548.864542487,"data":"🔍 [PCA variance] course_instr: 0.414\n"}
,{"stream_name":"stdout","time":548.864590302,"data":"Fitting E5ColumnEncoder for column course_name with model intfloat/e5-small-v2 for 2430 texts\n"}
,{"stream_name":"stdout","time":550.538245267,"data":"🔍 [PCA variance] course_name: 0.442\n"}
,{"stream_name":"stdout","time":554.246850055,"data":"🔭 60 features → light  [tabular: 0 | txt_emb: 60]\n"}
,{"stream_name":"stdout","time":554.711355988,"data":"🔥 Feature importances: course_instr_txt    0.5943\n"}
,{"stream_name":"stdout","time":554.711412568,"data":"course_name_txt     0.4057\n"}
,{"stream_name":"stdout","time":554.711418353,"data":"dtype: float64\n"}
,{"stream_name":"stderr","time":555.462964393,"data":"fatal: not a git repository (or any parent up to mount point /kaggle)\n"}
,{"stream_name":"stderr","time":555.463004935,"data":"Stopping at filesystem boundary (GIT_DISCOVERY_ACROSS_FILESYSTEM not set).\n"}
,{"stream_name":"stdout","time":555.470291894,"data":"🆔 Could not get the current commit hash.\n"}
,{"stream_name":"stdout","time":555.470314782,"data":"Scored 0.1947 on dataset REG_TEXT_EDU_UDEMY_ACADEMY, fold 2 in 8 seconds. Multimodal state: text_only 📝\n"}
,{"stream_name":"stdout","time":555.470319539,"data":"  REG_TEXT_EDU_UDEMY_ACA/light/text_only/f2            = 0.1947  (8.5s)\n"}
,{"stream_name":"stderr","time":556.049123907,"data":"fatal: not a git repository (or any parent up to mount point /kaggle)\n"}
,{"stream_name":"stderr","time":556.04916205,"data":"Stopping at filesystem boundary (GIT_DISCOVERY_ACROSS_FILESYSTEM not set).\n"}
,{"stream_name":"stderr","time":556.049167715,"data":"\n"}
,{"stream_name":"stderr","time":556.049171376,"data":"fatal: not a git repository (or any parent up to mount point /kaggle)\n"}
,{"stream_name":"stderr","time":556.049175006,"data":"Stopping at filesystem boundary (GIT_DISCOVERY_ACROSS_FILESYSTEM not set).\n"}
,{"stream_name":"stdout","time":556.050079055,"data":"🎯 Regression variable price had no extreme outliers.\n"}
,{"stream_name":"stdout","time":556.050100745,"data":"Fitting E5ColumnEncoder for column course_instr with model intfloat/e5-small-v2 for 2430 texts\n"}
,{"stream_name":"stdout","time":557.878301832,"data":"🔍 [PCA variance] course_instr: 0.414\n"}
,{"stream_name":"stdout","time":557.878363329,"data":"Fitting E5ColumnEncoder for column course_name with model intfloat/e5-small-v2 for 2430 texts\n"}
,{"stream_name":"stdout","time":559.839697416,"data":"🔍 [PCA variance] course_name: 0.442\n"}
,{"stream_name":"stdout","time":563.640455837,"data":"🔭 67 features → light  [tabular: 7 | txt_emb: 60]\n"}
,{"stream_name":"stdout","time":564.128909137,"data":"🔥 Feature importances: course_instr_txt        0.4213\n"}
,{"stream_name":"stdout","time":564.1289794,"data":"price_dis               0.2380\n"}
,{"stream_name":"stdout","time":564.128987018,"data":"course_name_txt         0.2360\n"}
,{"stream_name":"stdout","time":564.128991741,"data":"course_lectures         0.0441\n"}
,{"stream_name":"stdout","time":564.128995842,"data":"coures_reviews          0.0348\n"}
,{"stream_name":"stdout","time":564.129000504,"data":"course_totalHourse      0.0116\n"}
,{"stream_name":"stdout","time":564.129004457,"data":"course_enrollmenters    0.0106\n"}
,{"stream_name":"stdout","time":564.129008353,"data":"course_rating           0.0032\n"}
,{"stream_name":"stdout","time":564.129029466,"data":"course_level            0.0004\n"}
,{"stream_name":"stdout","time":564.129033531,"data":"dtype: float64\n"}
,{"stream_name":"stderr","time":564.644516669,"data":"fatal: not a git repository (or any parent up to mount point /kaggle)\n"}
,{"stream_name":"stderr","time":564.644558751,"data":"Stopping at filesystem boundary (GIT_DISCOVERY_ACROSS_FILESYSTEM not set).\n"}
,{"stream_name":"stdout","time":564.651631354,"data":"🆔 Could not get the current commit hash.\n"}
,{"stream_name":"stdout","time":564.651657605,"data":"Scored 0.4233 on dataset REG_TEXT_EDU_UDEMY_ACADEMY, fold 2 in 9 seconds. Multimodal state: all 🔥\n"}
,{"stream_name":"stdout","time":564.651662384,"data":"  REG_TEXT_EDU_UDEMY_ACA/light/all/f2                  = 0.4233  (9.1s)\n"}
,{"stream_name":"stdout","time":564.729943337,"data":"🎯 Regression variable price had no extreme outliers.\n"}
,{"stream_name":"stdout","time":564.729990706,"data":"[ft] epochs=10, max_length capped by tar_cache\n"}
,{"stream_name":"stderr","time":564.861753675,"data":"fatal: not a git repository (or any parent up to mount point /kaggle)\n"}
,{"stream_name":"stderr","time":564.861803053,"data":"Stopping at filesystem boundary (GIT_DISCOVERY_ACROSS_FILESYSTEM not set).\n"}
,{"stream_name":"stderr","time":564.861809309,"data":"\n"}
,{"stream_name":"stderr","time":564.861813276,"data":"fatal: not a git repository (or any parent up to mount point /kaggle)\n"}
,{"stream_name":"stderr","time":564.86181867,"data":"Stopping at filesystem boundary (GIT_DISCOVERY_ACROSS_FILESYSTEM not set).\n"}
,{"stream_name":"stdout","time":565.548721913,"data":"Finetuning single E5 (intfloat/e5-small-v2) for 2 columns with 4374 train examples (passage: col_name: col_val)\n"}
,{"stream_name":"stdout","time":565.807487492,"data":"[Dataset] train: n=4374, val: n=486\n"}
,{"stream_name":"stdout","time":565.807529699,"data":"[Dataset] train_y.shape=(4374,), val_y.shape=(486,) (y = labels)\n"}
,{"stream_name":"stdout","time":565.807535667,"data":"[Steps] batch_size=256 → 18 steps/epoch → 180 total steps (10 epochs)\n"}
,{"stream_name":"stderr","time":566.254636278,"data":"BertModel LOAD REPORT from: intfloat/e5-small-v2\n"}
,{"stream_name":"stderr","time":566.254684821,"data":"Key                     | Status     |  | \n"}
,{"stream_name":"stderr","time":566.254688689,"data":"------------------------+------------+--+-\n"}
,{"stream_name":"stderr","time":566.254691115,"data":"embeddings.position_ids | UNEXPECTED |  | \n"}
,{"stream_name":"stderr","time":566.25469351,"data":"\n"}
,{"stream_name":"stderr","time":566.254696202,"data":"Notes:\n"}
,{"stream_name":"stderr","time":566.254698532,"data":"- UNEXPECTED\t:can be ignored when loading from different task/architecture; not ok if you expect identical arch.\n"}
,{"stream_name":"stderr","time":566.254701292,"data":"\n"}
,{"stream_name":"stderr","time":566.254703654,"data":"BertModel LOAD REPORT from: intfloat/e5-small-v2\n"}
,{"stream_name":"stderr","time":566.254705987,"data":"Key                     | Status     |  | \n"}
,{"stream_name":"stderr","time":566.254708305,"data":"------------------------+------------+--+-\n"}
,{"stream_name":"stderr","time":566.254710519,"data":"embeddings.position_ids | UNEXPECTED |  | \n"}
,{"stream_name":"stderr","time":566.254712817,"data":"\n"}
,{"stream_name":"stderr","time":566.254714956,"data":"Notes:\n"}
,{"stream_name":"stderr","time":566.254717167,"data":"- UNEXPECTED\t:can be ignored when loading from different task/architecture; not ok if you expect identical arch.\n"}
,{"stream_name":"stdout","time":567.055988573,"data":"🦜 Doing LoRA on last 3 layers of intfloat/e5-small-v2 with rank 16\n"}
,{"stream_name":"stdout","time":567.056053309,"data":"[Trainable parameters per layer (E5)]\n"}
,{"stream_name":"stdout","time":567.0560582,"data":"  layer.9: 110,592\n"}
,{"stream_name":"stdout","time":567.056061213,"data":"  layer.10: 110,592\n"}
,{"stream_name":"stdout","time":567.056063649,"data":"  layer.11: 110,592\n"}
,{"stream_name":"stdout","time":567.056066084,"data":"  head: 3,465\n"}
,{"stream_name":"stdout","time":567.056068473,"data":"  total trainable: 335,241  (frozen: 33,360,000)\n"}
,{"stream_name":"stderr","time":623.229020384,"data":"BertModel LOAD REPORT from: intfloat/e5-small-v2\n"}
,{"stream_name":"stderr","time":623.229067336,"data":"Key                     | Status     |  | \n"}
,{"stream_name":"stderr","time":623.229072937,"data":"------------------------+------------+--+-\n"}
,{"stream_name":"stderr","time":623.229077555,"data":"embeddings.position_ids | UNEXPECTED |  | \n"}
,{"stream_name":"stderr","time":623.229082066,"data":"\n"}
,{"stream_name":"stderr","time":623.22908816,"data":"Notes:\n"}
,{"stream_name":"stderr","time":623.229095956,"data":"- UNEXPECTED\t:can be ignored when loading from different task/architecture; not ok if you expect identical arch.\n"}
,{"stream_name":"stderr","time":623.229099839,"data":"\n"}
,{"stream_name":"stderr","time":623.229102937,"data":"BertModel LOAD REPORT from: intfloat/e5-small-v2\n"}
,{"stream_name":"stderr","time":623.229105973,"data":"Key                     | Status     |  | \n"}
,{"stream_name":"stderr","time":623.229108971,"data":"------------------------+------------+--+-\n"}
,{"stream_name":"stderr","time":623.229112121,"data":"embeddings.position_ids | UNEXPECTED |  | \n"}
,{"stream_name":"stderr","time":623.229115098,"data":"\n"}
,{"stream_name":"stderr","time":623.229118025,"data":"Notes:\n"}
,{"stream_name":"stderr","time":623.229120944,"data":"- UNEXPECTED\t:can be ignored when loading from different task/architecture; not ok if you expect identical arch.\n"}
,{"stream_name":"stdout","time":626.27204967,"data":"🔍 [PCA variance] course_instr: 0.439\n"}
,{"stream_name":"stdout","time":628.272442687,"data":"🔍 [PCA variance] course_name: 0.466\n"}
,{"stream_name":"stdout","time":632.383278262,"data":"🔭 67 features → light  [tabular: 7 | txt_emb: 60]\n"}
,{"stream_name":"stdout","time":632.878269511,"data":"🔥 Feature importances: course_instr_txt        0.4365\n"}
,{"stream_name":"stdout","time":632.878334165,"data":"price_dis               0.2339\n"}
,{"stream_name":"stdout","time":632.878342309,"data":"course_name_txt         0.2194\n"}
,{"stream_name":"stdout","time":632.878347896,"data":"course_lectures         0.0520\n"}
,{"stream_name":"stdout","time":632.878352846,"data":"coures_reviews          0.0375\n"}
,{"stream_name":"stdout","time":632.87835782,"data":"course_totalHourse      0.0090\n"}
,{"stream_name":"stdout","time":632.878362175,"data":"course_enrollmenters    0.0086\n"}
,{"stream_name":"stdout","time":632.878366384,"data":"course_rating           0.0016\n"}
,{"stream_name":"stdout","time":632.878370557,"data":"course_level            0.0015\n"}
,{"stream_name":"stdout","time":632.878374869,"data":"dtype: float64\n"}
,{"stream_name":"stderr","time":633.258660837,"data":"fatal: not a git repository (or any parent up to mount point /kaggle)\n"}
,{"stream_name":"stderr","time":633.258700703,"data":"Stopping at filesystem boundary (GIT_DISCOVERY_ACROSS_FILESYSTEM not set).\n"}
,{"stream_name":"stdout","time":633.282019586,"data":"🆔 Could not get the current commit hash.\n"}
,{"stream_name":"stdout","time":633.282058672,"data":"Scored 0.4520 on dataset REG_TEXT_EDU_UDEMY_ACADEMY, fold 2 in 68 seconds. Multimodal state: all 🔥\n"}
,{"stream_name":"stdout","time":633.282076584,"data":"  REG_TEXT_EDU_UDEMY_ACA/light/ft/f2                   = 0.4520  (68.5s)\n"}
,{"stream_name":"stderr","time":633.462746739,"data":"fatal: not a git repository (or any parent up to mount point /kaggle)\n"}
,{"stream_name":"stderr","time":633.462785058,"data":"Stopping at filesystem boundary (GIT_DISCOVERY_ACROSS_FILESYSTEM not set).\n"}
,{"stream_name":"stderr","time":633.46295411,"data":"\n"}
,{"stream_name":"stderr","time":633.462968069,"data":"fatal: not a git repository (or any parent up to mount point /kaggle)\n"}
,{"stream_name":"stderr","time":633.462992479,"data":"Stopping at filesystem boundary (GIT_DISCOVERY_ACROSS_FILESYSTEM not set).\n"}
,{"stream_name":"stdout","time":633.464715282,"data":"🎯 Regression variable price had no extreme outliers.\n"}
,{"stream_name":"stdout","time":633.464733563,"data":"🔭 7 features → cat  [tabular: 7]\n"}
,{"stream_name":"stderr","time":635.38060015,"data":"fatal: not a git repository (or any parent up to mount point /kaggle)\n"}
,{"stream_name":"stderr","time":635.380643559,"data":"Stopping at filesystem boundary (GIT_DISCOVERY_ACROSS_FILESYSTEM not set).\n"}
,{"stream_name":"stdout","time":635.386477511,"data":"🆔 Could not get the current commit hash.\n"}
,{"stream_name":"stdout","time":635.386507824,"data":"Scored 0.3266 on dataset REG_TEXT_EDU_UDEMY_ACADEMY, fold 2 in 2 seconds. Multimodal state: no_text 😶\n"}
,{"stream_name":"stdout","time":635.386518253,"data":"  REG_TEXT_EDU_UDEMY_ACA/cat/no_text/f2                = 0.3266  (2.0s)\n"}
,{"stream_name":"stderr","time":635.584805108,"data":"fatal: not a git repository (or any parent up to mount point /kaggle)\n"}
,{"stream_name":"stderr","time":635.584844397,"data":"Stopping at filesystem boundary (GIT_DISCOVERY_ACROSS_FILESYSTEM not set).\n"}
,{"stream_name":"stderr","time":635.584848139,"data":"\n"}
,{"stream_name":"stderr","time":635.584850574,"data":"fatal: not a git repository (or any parent up to mount point /kaggle)\n"}
,{"stream_name":"stderr","time":635.584853411,"data":"Stopping at filesystem boundary (GIT_DISCOVERY_ACROSS_FILESYSTEM not set).\n"}
,{"stream_name":"stdout","time":635.585750656,"data":"🎯 Regression variable price had no extreme outliers.\n"}
,{"stream_name":"stdout","time":635.585781991,"data":"Fitting E5ColumnEncoder for column course_instr with model intfloat/e5-small-v2 for 2430 texts\n"}
,{"stream_name":"stdout","time":637.541175466,"data":"🔍 [PCA variance] course_instr: 0.414\n"}
,{"stream_name":"stdout","time":637.541209622,"data":"Fitting E5ColumnEncoder for column course_name with model intfloat/e5-small-v2 for 2430 texts\n"}
,{"stream_name":"stdout","time":639.592631903,"data":"🔍 [PCA variance] course_name: 0.442\n"}
,{"stream_name":"stdout","time":643.345532704,"data":"🔭 60 features → cat  [tabular: 0 | txt_emb: 60]\n"}
,{"stream_name":"stderr","time":657.4723174,"data":"fatal: not a git repository (or any parent up to mount point /kaggle)\n"}
,{"stream_name":"stderr","time":657.472373695,"data":"Stopping at filesystem boundary (GIT_DISCOVERY_ACROSS_FILESYSTEM not set).\n"}
,{"stream_name":"stdout","time":657.47960868,"data":"🆔 Could not get the current commit hash.\n"}
,{"stream_name":"stdout","time":657.47964034,"data":"Scored 0.1758 on dataset REG_TEXT_EDU_UDEMY_ACADEMY, fold 2 in 22 seconds. Multimodal state: text_only 📝\n"}
,{"stream_name":"stdout","time":657.47964501,"data":"  REG_TEXT_EDU_UDEMY_ACA/cat/text_only/f2              = 0.1758  (22.0s)\n"}
,{"stream_name":"stderr","time":657.674829787,"data":"fatal: not a git repository (or any parent up to mount point /kaggle)\n"}
,{"stream_name":"stderr","time":657.67490592,"data":"Stopping at filesystem boundary (GIT_DISCOVERY_ACROSS_FILESYSTEM not set).\n"}
,{"stream_name":"stderr","time":657.674912363,"data":"\n"}
,{"stream_name":"stderr","time":657.674916712,"data":"fatal: not a git repository (or any parent up to mount point /kaggle)\n"}
,{"stream_name":"stderr","time":657.674920514,"data":"Stopping at filesystem boundary (GIT_DISCOVERY_ACROSS_FILESYSTEM not set).\n"}
,{"stream_name":"stdout","time":657.675668954,"data":"🎯 Regression variable price had no extreme outliers.\n"}
,{"stream_name":"stdout","time":657.675714713,"data":"Fitting E5ColumnEncoder for column course_instr with model intfloat/e5-small-v2 for 2430 texts\n"}
,{"stream_name":"stdout","time":659.703521439,"data":"🔍 [PCA variance] course_instr: 0.414\n"}
,{"stream_name":"stdout","time":659.703595707,"data":"Fitting E5ColumnEncoder for column course_name with model intfloat/e5-small-v2 for 2430 texts\n"}
,{"stream_name":"stdout","time":661.606457907,"data":"🔍 [PCA variance] course_name: 0.442\n"}
,{"stream_name":"stdout","time":665.794098932,"data":"🔭 67 features → cat  [tabular: 7 | txt_emb: 60]\n"}
,{"stream_name":"stderr","time":686.268594559,"data":"fatal: not a git repository (or any parent up to mount point /kaggle)\n"}
,{"stream_name":"stderr","time":686.268648047,"data":"Stopping at filesystem boundary (GIT_DISCOVERY_ACROSS_FILESYSTEM not set).\n"}
,{"stream_name":"stdout","time":686.29799479,"data":"🆔 Could not get the current commit hash.\n"}
,{"stream_name":"stdout","time":686.298035977,"data":"Scored 0.4676 on dataset REG_TEXT_EDU_UDEMY_ACADEMY, fold 2 in 28 seconds. Multimodal state: all 🔥\n"}
,{"stream_name":"stdout","time":686.298043617,"data":"  REG_TEXT_EDU_UDEMY_ACA/cat/all/f2                    = 0.4676  (28.7s)\n"}
,{"stream_name":"stdout","time":686.341418362,"data":"🎯 Regression variable price had no extreme outliers.\n"}
,{"stream_name":"stdout","time":686.341463108,"data":"[ft] epochs=10, max_length capped by tar_cache\n"}
,{"stream_name":"stderr","time":686.478265506,"data":"fatal: not a git repository (or any parent up to mount point /kaggle)\n"}
,{"stream_name":"stderr","time":686.478311042,"data":"Stopping at filesystem boundary (GIT_DISCOVERY_ACROSS_FILESYSTEM not set).\n"}
,{"stream_name":"stderr","time":686.478318952,"data":"\n"}
,{"stream_name":"stderr","time":686.478324834,"data":"fatal: not a git repository (or any parent up to mount point /kaggle)\n"}
,{"stream_name":"stderr","time":686.478331523,"data":"Stopping at filesystem boundary (GIT_DISCOVERY_ACROSS_FILESYSTEM not set).\n"}
,{"stream_name":"stdout","time":687.187228887,"data":"Finetuning single E5 (intfloat/e5-small-v2) for 2 columns with 4374 train examples (passage: col_name: col_val)\n"}
,{"stream_name":"stderr","time":687.905747144,"data":"BertModel LOAD REPORT from: intfloat/e5-small-v2\n"}
,{"stream_name":"stderr","time":687.905789314,"data":"Key                     | Status     |  | \n"}
,{"stream_name":"stderr","time":687.90579628,"data":"------------------------+------------+--+-\n"}
,{"stream_name":"stderr","time":687.905804527,"data":"embeddings.position_ids | UNEXPECTED |  | \n"}
,{"stream_name":"stderr","time":687.905808377,"data":"\n"}
,{"stream_name":"stderr","time":687.905811313,"data":"Notes:\n"}
,{"stream_name":"stderr","time":687.90581437,"data":"- UNEXPECTED\t:can be ignored when loading from different task/architecture; not ok if you expect identical arch.\n"}
,{"stream_name":"stderr","time":687.905818162,"data":"\n"}
,{"stream_name":"stderr","time":687.905821105,"data":"BertModel LOAD REPORT from: intfloat/e5-small-v2\n"}
,{"stream_name":"stderr","time":687.905860458,"data":"Key                     | Status     |  | \n"}
,{"stream_name":"stderr","time":687.905864903,"data":"------------------------+------------+--+-\n"}
,{"stream_name":"stderr","time":687.905868381,"data":"embeddings.position_ids | UNEXPECTED |  | \n"}
,{"stream_name":"stderr","time":687.905872464,"data":"\n"}
,{"stream_name":"stderr","time":687.905876162,"data":"Notes:\n"}
,{"stream_name":"stderr","time":687.905879428,"data":"- UNEXPECTED\t:can be ignored when loading from different task/architecture; not ok if you expect identical arch.\n"}
,{"stream_name":"stdout","time":688.957092525,"data":"[tar_cache] hit 71300c587a19 -- skipping E5 fine-tuning (4374 train examples)\n"}
,{"stream_name":"stdout","time":690.919375906,"data":"🔍 [PCA variance] course_instr: 0.439\n"}
,{"stream_name":"stdout","time":692.73605489,"data":"🔍 [PCA variance] course_name: 0.466\n"}
,{"stream_name":"stdout","time":696.880436928,"data":"🔭 67 features → cat  [tabular: 7 | txt_emb: 60]\n"}
,{"stream_name":"stderr","time":717.391371068,"data":"fatal: not a git repository (or any parent up to mount point /kaggle)\n"}
,{"stream_name":"stderr","time":717.391423054,"data":"Stopping at filesystem boundary (GIT_DISCOVERY_ACROSS_FILESYSTEM not set).\n"}
,{"stream_name":"stdout","time":717.429600872,"data":"🆔 Could not get the current commit hash.\n"}
,{"stream_name":"stdout","time":717.429648602,"data":"Scored 0.4807 on dataset REG_TEXT_EDU_UDEMY_ACADEMY, fold 2 in 31 seconds. Multimodal state: all 🔥\n"}
,{"stream_name":"stdout","time":717.429655891,"data":"  REG_TEXT_EDU_UDEMY_ACA/cat/ft/f2                     = 0.4807  (31.1s)\n"}
,{"stream_name":"stderr","time":717.594553021,"data":"fatal: not a git repository (or any parent up to mount point /kaggle)\n"}
,{"stream_name":"stderr","time":717.594620005,"data":"Stopping at filesystem boundary (GIT_DISCOVERY_ACROSS_FILESYSTEM not set).\n"}
,{"stream_name":"stderr","time":717.594626975,"data":"/usr/local/lib/python3.12/dist-packages/sklearn/utils/deprecation.py:151: FutureWarning: 'force_all_finite' was renamed to 'ensure_all_finite' in 1.6 and will be removed in 1.8.\n"}
,{"stream_name":"stderr","time":717.594632539,"data":"  warnings.warn(\n"}
,{"stream_name":"stderr","time":717.594637257,"data":"/usr/local/lib/python3.12/dist-packages/sklearn/utils/deprecation.py:151: FutureWarning: 'force_all_finite' was renamed to 'ensure_all_finite' in 1.6 and will be removed in 1.8.\n"}
,{"stream_name":"stderr","time":717.59464241,"data":"  warnings.warn(\n"}
,{"stream_name":"stderr","time":717.594647795,"data":"\n"}
,{"stream_name":"stderr","time":717.594652473,"data":"fatal: not a git repository (or any parent up to mount point /kaggle)\n"}
,{"stream_name":"stderr","time":717.594658203,"data":"Stopping at filesystem boundary (GIT_DISCOVERY_ACROSS_FILESYSTEM not set).\n"}
,{"stream_name":"stderr","time":717.594663411,"data":"/usr/local/lib/python3.12/dist-packages/sklearn/utils/deprecation.py:151: FutureWarning: 'force_all_finite' was renamed to 'ensure_all_finite' in 1.6 and will be removed in 1.8.\n"}
,{"stream_name":"stderr","time":717.594668947,"data":"  warnings.warn(\n"}
,{"stream_name":"stderr","time":717.594673718,"data":"/usr/local/lib/python3.12/dist-packages/sklearn/utils/deprecation.py:151: FutureWarning: 'force_all_finite' was renamed to 'ensure_all_finite' in 1.6 and will be removed in 1.8.\n"}
,{"stream_name":"stderr","time":717.594678574,"data":"  warnings.warn(\n"}
,{"stream_name":"stdout","time":717.595770627,"data":"🎯 Regression variable price had no extreme outliers.\n"}
,{"stream_name":"stdout","time":717.595805044,"data":"🔭 7 features → tabm  [tabular: 7]\n"}
,{"stream_name":"stderr","time":721.187208115,"data":"/usr/local/lib/python3.12/dist-packages/sklearn/utils/deprecation.py:151: FutureWarning: 'force_all_finite' was renamed to 'ensure_all_finite' in 1.6 and will be removed in 1.8.\n"}
,{"stream_name":"stderr","time":721.187238357,"data":"  warnings.warn(\n"}
,{"stream_name":"stderr","time":721.187243247,"data":"\n"}
,{"stream_name":"stderr","time":721.187247494,"data":"/usr/local/lib/python3.12/dist-packages/sklearn/utils/deprecation.py:151: FutureWarning: 'force_all_finite' was renamed to 'ensure_all_finite' in 1.6 and will be removed in 1.8.\n"}
,{"stream_name":"stderr","time":721.187252217,"data":"  warnings.warn(\n"}
,{"stream_name":"stderr","time":721.48950682,"data":"fatal: not a git repository (or any parent up to mount point /kaggle)\n"}
,{"stream_name":"stderr","time":721.489553033,"data":"Stopping at filesystem boundary (GIT_DISCOVERY_ACROSS_FILESYSTEM not set).\n"}
,{"stream_name":"stdout","time":721.4952239,"data":"🆔 Could not get the current commit hash.\n"}
,{"stream_name":"stdout","time":721.495247566,"data":"Scored 0.2895 on dataset REG_TEXT_EDU_UDEMY_ACADEMY, fold 2 in 4 seconds. Multimodal state: no_text 😶\n"}
,{"stream_name":"stdout","time":721.495258829,"data":"  REG_TEXT_EDU_UDEMY_ACA/tabm/no_text/f2               = 0.2895  (4.0s)\n"}
,{"stream_name":"stderr","time":721.692694874,"data":"fatal: not a git repository (or any parent up to mount point /kaggle)\n"}
,{"stream_name":"stderr","time":721.692734621,"data":"Stopping at filesystem boundary (GIT_DISCOVERY_ACROSS_FILESYSTEM not set).\n"}
,{"stream_name":"stderr","time":721.692740597,"data":"\n"}
,{"stream_name":"stderr","time":721.692744591,"data":"fatal: not a git repository (or any parent up to mount point /kaggle)\n"}
,{"stream_name":"stderr","time":721.692748396,"data":"Stopping at filesystem boundary (GIT_DISCOVERY_ACROSS_FILESYSTEM not set).\n"}
,{"stream_name":"stdout","time":721.693635834,"data":"🎯 Regression variable price had no extreme outliers.\n"}
,{"stream_name":"stdout","time":721.693659978,"data":"Fitting E5ColumnEncoder for column course_instr with model intfloat/e5-small-v2 for 2430 texts\n"}
,{"stream_name":"stdout","time":723.725899472,"data":"🔍 [PCA variance] course_instr: 0.414\n"}
,{"stream_name":"stdout","time":723.725994814,"data":"Fitting E5ColumnEncoder for column course_name with model intfloat/e5-small-v2 for 2430 texts\n"}
,{"stream_name":"stdout","time":725.585829372,"data":"🔍 [PCA variance] course_name: 0.442\n"}
,{"stream_name":"stdout","time":729.386413443,"data":"🔭 60 features → tabm  [tabular: 0 | txt_emb: 60]\n"}
,{"stream_name":"stderr","time":729.38732358,"data":"/usr/local/lib/python3.12/dist-packages/sklearn/utils/deprecation.py:151: FutureWarning: 'force_all_finite' was renamed to 'ensure_all_finite' in 1.6 and will be removed in 1.8.\n"}
,{"stream_name":"stderr","time":729.387350739,"data":"  warnings.warn(\n"}
,{"stream_name":"stderr","time":729.387354922,"data":"/usr/local/lib/python3.12/dist-packages/sklearn/utils/deprecation.py:151: FutureWarning: 'force_all_finite' was renamed to 'ensure_all_finite' in 1.6 and will be removed in 1.8.\n"}
,{"stream_name":"stderr","time":729.387370519,"data":"  warnings.warn(\n"}
,{"stream_name":"stderr","time":729.387375906,"data":"\n"}
,{"stream_name":"stderr","time":729.387380525,"data":"/usr/local/lib/python3.12/dist-packages/sklearn/utils/deprecation.py:151: FutureWarning: 'force_all_finite' was renamed to 'ensure_all_finite' in 1.6 and will be removed in 1.8.\n"}
,{"stream_name":"stderr","time":729.387386322,"data":"  warnings.warn(\n"}
,{"stream_name":"stderr","time":729.387391386,"data":"/usr/local/lib/python3.12/dist-packages/sklearn/utils/deprecation.py:151: FutureWarning: 'force_all_finite' was renamed to 'ensure_all_finite' in 1.6 and will be removed in 1.8.\n"}
,{"stream_name":"stderr","time":729.387407914,"data":"  warnings.warn(\n"}
,{"stream_name":"stderr","time":734.084549193,"data":"fatal: not a git repository (or any parent up to mount point /kaggle)\n"}
,{"stream_name":"stderr","time":734.084605447,"data":"Stopping at filesystem boundary (GIT_DISCOVERY_ACROSS_FILESYSTEM not set).\n"}
,{"stream_name":"stdout","time":734.090711473,"data":"🆔 Could not get the current commit hash.\n"}
,{"stream_name":"stdout","time":734.090733851,"data":"Scored 0.1918 on dataset REG_TEXT_EDU_UDEMY_ACADEMY, fold 2 in 12 seconds. Multimodal state: text_only 📝\n"}
,{"stream_name":"stdout","time":734.09073918,"data":"  REG_TEXT_EDU_UDEMY_ACA/tabm/text_only/f2             = 0.1918  (12.5s)\n"}
,{"stream_name":"stderr","time":734.228457544,"data":"/usr/local/lib/python3.12/dist-packages/sklearn/utils/deprecation.py:151: FutureWarning: 'force_all_finite' was renamed to 'ensure_all_finite' in 1.6 and will be removed in 1.8.\n"}
,{"stream_name":"stderr","time":734.228512717,"data":"  warnings.warn(\n"}
,{"stream_name":"stderr","time":734.228518574,"data":"fatal: not a git repository (or any parent up to mount point /kaggle)\n"}
,{"stream_name":"stderr","time":734.228522715,"data":"Stopping at filesystem boundary (GIT_DISCOVERY_ACROSS_FILESYSTEM not set).\n"}
,{"stream_name":"stderr","time":734.228527044,"data":"\n"}
,{"stream_name":"stderr","time":734.228531122,"data":"/usr/local/lib/python3.12/dist-packages/sklearn/utils/deprecation.py:151: FutureWarning: 'force_all_finite' was renamed to 'ensure_all_finite' in 1.6 and will be removed in 1.8.\n"}
,{"stream_name":"stderr","time":734.228535186,"data":"  warnings.warn(\n"}
,{"stream_name":"stderr","time":734.228539381,"data":"fatal: not a git repository (or any parent up to mount point /kaggle)\n"}
,{"stream_name":"stderr","time":734.228543087,"data":"Stopping at filesystem boundary (GIT_DISCOVERY_ACROSS_FILESYSTEM not set).\n"}
,{"stream_name":"stdout","time":734.288862333,"data":"🎯 Regression variable price had no extreme outliers.\n"}
,{"stream_name":"stdout","time":734.288916932,"data":"Fitting E5ColumnEncoder for column course_instr with model intfloat/e5-small-v2 for 2430 texts\n"}
,{"stream_name":"stdout","time":736.307090047,"data":"🔍 [PCA variance] course_instr: 0.414\n"}
,{"stream_name":"stdout","time":736.307153545,"data":"Fitting E5ColumnEncoder for column course_name with model intfloat/e5-small-v2 for 2430 texts\n"}
,{"stream_name":"stdout","time":738.495065063,"data":"🔍 [PCA variance] course_name: 0.442\n"}
,{"stream_name":"stdout","time":742.393381458,"data":"🔭 67 features → tabm  [tabular: 7 | txt_emb: 60]\n"}
,{"stream_name":"stderr","time":742.394542484,"data":"/usr/local/lib/python3.12/dist-packages/sklearn/utils/deprecation.py:151: FutureWarning: 'force_all_finite' was renamed to 'ensure_all_finite' in 1.6 and will be removed in 1.8.\n"}
,{"stream_name":"stderr","time":742.394596277,"data":"  warnings.warn(\n"}
,{"stream_name":"stderr","time":742.394604207,"data":"/usr/local/lib/python3.12/dist-packages/sklearn/utils/deprecation.py:151: FutureWarning: 'force_all_finite' was renamed to 'ensure_all_finite' in 1.6 and will be removed in 1.8.\n"}
,{"stream_name":"stderr","time":742.394614179,"data":"  warnings.warn(\n"}
,{"stream_name":"stderr","time":742.39461742,"data":"\n"}
,{"stream_name":"stderr","time":742.394620524,"data":"/usr/local/lib/python3.12/dist-packages/sklearn/utils/deprecation.py:151: FutureWarning: 'force_all_finite' was renamed to 'ensure_all_finite' in 1.6 and will be removed in 1.8.\n"}
,{"stream_name":"stderr","time":742.394624194,"data":"  warnings.warn(\n"}
,{"stream_name":"stderr","time":742.394640697,"data":"/usr/local/lib/python3.12/dist-packages/sklearn/utils/deprecation.py:151: FutureWarning: 'force_all_finite' was renamed to 'ensure_all_finite' in 1.6 and will be removed in 1.8.\n"}
,{"stream_name":"stderr","time":742.394736056,"data":"  warnings.warn(\n"}
,{"stream_name":"stderr","time":757.026546016,"data":"fatal: not a git repository (or any parent up to mount point /kaggle)\n"}
,{"stream_name":"stderr","time":757.026610059,"data":"Stopping at filesystem boundary (GIT_DISCOVERY_ACROSS_FILESYSTEM not set).\n"}
,{"stream_name":"stdout","time":757.061029149,"data":"🆔 Could not get the current commit hash.\n"}
,{"stream_name":"stdout","time":757.061056269,"data":"Scored 0.5147 on dataset REG_TEXT_EDU_UDEMY_ACADEMY, fold 2 in 22 seconds. Multimodal state: all 🔥\n"}
,{"stream_name":"stdout","time":757.061061612,"data":"  REG_TEXT_EDU_UDEMY_ACA/tabm/all/f2                   = 0.5147  (22.9s)\n"}
,{"stream_name":"stdout","time":757.11901608,"data":"🎯 Regression variable price had no extreme outliers.\n"}
,{"stream_name":"stdout","time":757.119062409,"data":"[ft] epochs=10, max_length capped by tar_cache\n"}
,{"stream_name":"stderr","time":757.159523344,"data":"/usr/local/lib/python3.12/dist-packages/sklearn/utils/deprecation.py:151: FutureWarning: 'force_all_finite' was renamed to 'ensure_all_finite' in 1.6 and will be removed in 1.8.\n"}
,{"stream_name":"stderr","time":757.159581515,"data":"  warnings.warn(\n"}
,{"stream_name":"stderr","time":757.159590271,"data":"fatal: not a git repository (or any parent up to mount point /kaggle)\n"}
,{"stream_name":"stderr","time":757.159595181,"data":"Stopping at filesystem boundary (GIT_DISCOVERY_ACROSS_FILESYSTEM not set).\n"}
,{"stream_name":"stderr","time":757.159600124,"data":"\n"}
,{"stream_name":"stderr","time":757.159605032,"data":"/usr/local/lib/python3.12/dist-packages/sklearn/utils/deprecation.py:151: FutureWarning: 'force_all_finite' was renamed to 'ensure_all_finite' in 1.6 and will be removed in 1.8.\n"}
,{"stream_name":"stderr","time":757.159609927,"data":"  warnings.warn(\n"}
,{"stream_name":"stderr","time":757.159614603,"data":"fatal: not a git repository (or any parent up to mount point /kaggle)\n"}
,{"stream_name":"stderr","time":757.159619009,"data":"Stopping at filesystem boundary (GIT_DISCOVERY_ACROSS_FILESYSTEM not set).\n"}
,{"stream_name":"stdout","time":757.935809195,"data":"Finetuning single E5 (intfloat/e5-small-v2) for 2 columns with 4374 train examples (passage: col_name: col_val)\n"}
,{"stream_name":"stderr","time":758.640878639,"data":"BertModel LOAD REPORT from: intfloat/e5-small-v2\n"}
,{"stream_name":"stderr","time":758.640951332,"data":"Key                     | Status     |  | \n"}
,{"stream_name":"stderr","time":758.640978961,"data":"------------------------+------------+--+-\n"}
,{"stream_name":"stderr","time":758.640985241,"data":"embeddings.position_ids | UNEXPECTED |  | \n"}
,{"stream_name":"stderr","time":758.640991241,"data":"\n"}
,{"stream_name":"stderr","time":758.640996661,"data":"Notes:\n"}
,{"stream_name":"stderr","time":758.64101099,"data":"- UNEXPECTED\t:can be ignored when loading from different task/architecture; not ok if you expect identical arch.\n"}
,{"stream_name":"stderr","time":758.641016802,"data":"\n"}
,{"stream_name":"stderr","time":758.641021482,"data":"BertModel LOAD REPORT from: intfloat/e5-small-v2\n"}
,{"stream_name":"stderr","time":758.641026521,"data":"Key                     | Status     |  | \n"}
,{"stream_name":"stderr","time":758.641037257,"data":"------------------------+------------+--+-\n"}
,{"stream_name":"stderr","time":758.641040923,"data":"embeddings.position_ids | UNEXPECTED |  | \n"}
,{"stream_name":"stderr","time":758.641059103,"data":"\n"}
,{"stream_name":"stderr","time":758.641079282,"data":"Notes:\n"}
,{"stream_name":"stderr","time":758.641083779,"data":"- UNEXPECTED\t:can be ignored when loading from different task/architecture; not ok if you expect identical arch.\n"}
,{"stream_name":"stdout","time":759.682474206,"data":"[tar_cache] hit 71300c587a19 -- skipping E5 fine-tuning (4374 train examples)\n"}
,{"stream_name":"stdout","time":761.813727478,"data":"🔍 [PCA variance] course_instr: 0.439\n"}
,{"stream_name":"stdout","time":763.708946372,"data":"🔍 [PCA variance] course_name: 0.466\n"}
,{"stream_name":"stdout","time":767.789122122,"data":"🔭 67 features → tabm  [tabular: 7 | txt_emb: 60]\n"}
,{"stream_name":"stderr","time":767.790023897,"data":"/usr/local/lib/python3.12/dist-packages/sklearn/utils/deprecation.py:151: FutureWarning: 'force_all_finite' was renamed to 'ensure_all_finite' in 1.6 and will be removed in 1.8.\n"}
,{"stream_name":"stderr","time":767.790227586,"data":"  warnings.warn(\n"}
,{"stream_name":"stderr","time":767.790239867,"data":"/usr/local/lib/python3.12/dist-packages/sklearn/utils/deprecation.py:151: FutureWarning: 'force_all_finite' was renamed to 'ensure_all_finite' in 1.6 and will be removed in 1.8.\n"}
,{"stream_name":"stderr","time":767.790246067,"data":"  warnings.warn(\n"}
,{"stream_name":"stderr","time":767.79025045,"data":"\n"}
,{"stream_name":"stderr","time":767.790255441,"data":"/usr/local/lib/python3.12/dist-packages/sklearn/utils/deprecation.py:151: FutureWarning: 'force_all_finite' was renamed to 'ensure_all_finite' in 1.6 and will be removed in 1.8.\n"}
,{"stream_name":"stderr","time":767.790264102,"data":"  warnings.warn(\n"}
,{"stream_name":"stderr","time":767.790268102,"data":"/usr/local/lib/python3.12/dist-packages/sklearn/utils/deprecation.py:151: FutureWarning: 'force_all_finite' was renamed to 'ensure_all_finite' in 1.6 and will be removed in 1.8.\n"}
,{"stream_name":"stderr","time":767.790272732,"data":"  warnings.warn(\n"}
,{"stream_name":"stderr","time":775.816127697,"data":"/usr/local/lib/python3.12/dist-packages/sklearn/utils/deprecation.py:151: FutureWarning: 'force_all_finite' was renamed to 'ensure_all_finite' in 1.6 and will be removed in 1.8.\n"}
,{"stream_name":"stderr","time":775.816186124,"data":"  warnings.warn(\n"}
,{"stream_name":"stderr","time":775.816191681,"data":"\n"}
,{"stream_name":"stderr","time":775.816195296,"data":"/usr/local/lib/python3.12/dist-packages/sklearn/utils/deprecation.py:151: FutureWarning: 'force_all_finite' was renamed to 'ensure_all_finite' in 1.6 and will be removed in 1.8.\n"}
,{"stream_name":"stderr","time":775.816199018,"data":"  warnings.warn(\n"}
,{"stream_name":"stderr","time":776.153539529,"data":"fatal: not a git repository (or any parent up to mount point /kaggle)\n"}
,{"stream_name":"stderr","time":776.153616254,"data":"Stopping at filesystem boundary (GIT_DISCOVERY_ACROSS_FILESYSTEM not set).\n"}
,{"stream_name":"stdout","time":776.167401029,"data":"🆔 Could not get the current commit hash.\n"}
,{"stream_name":"stdout","time":776.167451893,"data":"Scored 0.4958 on dataset REG_TEXT_EDU_UDEMY_ACADEMY, fold 2 in 19 seconds. Multimodal state: all 🔥\n"}
,{"stream_name":"stdout","time":776.167459265,"data":"  REG_TEXT_EDU_UDEMY_ACA/tabm/ft/f2                    = 0.4958  (19.0s)\n"}
,{"stream_name":"stderr","time":776.351371772,"data":"fatal: not a git repository (or any parent up to mount point /kaggle)\n"}
,{"stream_name":"stderr","time":776.351417709,"data":"Stopping at filesystem boundary (GIT_DISCOVERY_ACROSS_FILESYSTEM not set).\n"}
,{"stream_name":"stderr","time":776.351425936,"data":"\n"}
,{"stream_name":"stderr","time":776.351449777,"data":"fatal: not a git repository (or any parent up to mount point /kaggle)\n"}
,{"stream_name":"stderr","time":776.351454295,"data":"Stopping at filesystem boundary (GIT_DISCOVERY_ACROSS_FILESYSTEM not set).\n"}
,{"stream_name":"stdout","time":776.355833195,"data":"🎯 Regression variable price had no extreme outliers.\n"}
,{"stream_name":"stdout","time":776.355872357,"data":"🔭 7 features → light  [tabular: 7]\n"}
,{"stream_name":"stdout","time":776.355877733,"data":"🔥 Feature importances: price_dis               0.3435\n"}
,{"stream_name":"stdout","time":776.35588139,"data":"course_lectures         0.1726\n"}
,{"stream_name":"stdout","time":776.355885369,"data":"course_enrollmenters    0.1718\n"}
,{"stream_name":"stdout","time":776.355888635,"data":"coures_reviews          0.1430\n"}
,{"stream_name":"stdout","time":776.35589201,"data":"course_totalHourse      0.0827\n"}
,{"stream_name":"stdout","time":776.35589506,"data":"course_rating           0.0716\n"}
,{"stream_name":"stdout","time":776.355898623,"data":"course_level            0.0148\n"}
,{"stream_name":"stdout","time":776.355902004,"data":"dtype: float64\n"}
,{"stream_name":"stderr","time":777.235775087,"data":"fatal: not a git repository (or any parent up to mount point /kaggle)\n"}
,{"stream_name":"stderr","time":777.235812287,"data":"Stopping at filesystem boundary (GIT_DISCOVERY_ACROSS_FILESYSTEM not set).\n"}
,{"stream_name":"stdout","time":777.241709148,"data":"🆔 Could not get the current commit hash.\n"}
,{"stream_name":"stdout","time":777.241739764,"data":"Scored 0.2503 on dataset REG_TEXT_EDU_UDEMY_ACADEMY, fold 3 in 1 seconds. Multimodal state: no_text 😶\n"}
,{"stream_name":"stdout","time":777.241744992,"data":"  REG_TEXT_EDU_UDEMY_ACA/light/no_text/f3              = 0.2503  (1.0s)\n"}
,{"stream_name":"stderr","time":777.439040453,"data":"fatal: not a git repository (or any parent up to mount point /kaggle)\n"}
,{"stream_name":"stderr","time":777.439079128,"data":"Stopping at filesystem boundary (GIT_DISCOVERY_ACROSS_FILESYSTEM not set).\n"}
,{"stream_name":"stderr","time":777.439084331,"data":"\n"}
,{"stream_name":"stderr","time":777.439087911,"data":"fatal: not a git repository (or any parent up to mount point /kaggle)\n"}
,{"stream_name":"stderr","time":777.439091593,"data":"Stopping at filesystem boundary (GIT_DISCOVERY_ACROSS_FILESYSTEM not set).\n"}
,{"stream_name":"stdout","time":777.440032304,"data":"🎯 Regression variable price had no extreme outliers.\n"}
,{"stream_name":"stdout","time":777.440084126,"data":"Fitting E5ColumnEncoder for column course_instr with model intfloat/e5-small-v2 for 2430 texts\n"}
,{"stream_name":"stdout","time":779.595653991,"data":"🔍 [PCA variance] course_instr: 0.412\n"}
,{"stream_name":"stdout","time":779.59570289,"data":"Fitting E5ColumnEncoder for column course_name with model intfloat/e5-small-v2 for 2430 texts\n"}
,{"stream_name":"stdout","time":781.663412823,"data":"🔍 [PCA variance] course_name: 0.442\n"}
,{"stream_name":"stdout","time":785.561910195,"data":"🔭 60 features → light  [tabular: 0 | txt_emb: 60]\n"}
,{"stream_name":"stdout","time":786.016167661,"data":"🔥 Feature importances: course_instr_txt    0.5724\n"}
,{"stream_name":"stdout","time":786.016219934,"data":"course_name_txt     0.4276\n"}
,{"stream_name":"stdout","time":786.016225222,"data":"dtype: float64\n"}
,{"stream_name":"stderr","time":786.320933358,"data":"fatal: not a git repository (or any parent up to mount point /kaggle)\n"}
,{"stream_name":"stderr","time":786.320982385,"data":"Stopping at filesystem boundary (GIT_DISCOVERY_ACROSS_FILESYSTEM not set).\n"}
,{"stream_name":"stdout","time":786.330977935,"data":"🆔 Could not get the current commit hash.\n"}
,{"stream_name":"stdout","time":786.330996837,"data":"Scored 0.2570 on dataset REG_TEXT_EDU_UDEMY_ACADEMY, fold 3 in 9 seconds. Multimodal state: text_only 📝\n"}
,{"stream_name":"stdout","time":786.331001723,"data":"  REG_TEXT_EDU_UDEMY_ACA/light/text_only/f3            = 0.2570  (9.0s)\n"}
,{"stream_name":"stderr","time":786.524040955,"data":"fatal: not a git repository (or any parent up to mount point /kaggle)\n"}
,{"stream_name":"stderr","time":786.524115313,"data":"Stopping at filesystem boundary (GIT_DISCOVERY_ACROSS_FILESYSTEM not set).\n"}
,{"stream_name":"stderr","time":786.52412242,"data":"\n"}
,{"stream_name":"stderr","time":786.524126458,"data":"fatal: not a git repository (or any parent up to mount point /kaggle)\n"}
,{"stream_name":"stderr","time":786.524130658,"data":"Stopping at filesystem boundary (GIT_DISCOVERY_ACROSS_FILESYSTEM not set).\n"}
,{"stream_name":"stdout","time":786.52531255,"data":"🎯 Regression variable price had no extreme outliers.\n"}
,{"stream_name":"stdout","time":786.525334494,"data":"Fitting E5ColumnEncoder for column course_instr with model intfloat/e5-small-v2 for 2430 texts\n"}
,{"stream_name":"stdout","time":788.966584872,"data":"🔍 [PCA variance] course_instr: 0.412\n"}
,{"stream_name":"stdout","time":788.966617992,"data":"Fitting E5ColumnEncoder for column course_name with model intfloat/e5-small-v2 for 2430 texts\n"}
,{"stream_name":"stdout","time":790.80237753,"data":"🔍 [PCA variance] course_name: 0.442\n"}
,{"stream_name":"stdout","time":794.671473487,"data":"🔭 67 features → light  [tabular: 7 | txt_emb: 60]\n"}
,{"stream_name":"stdout","time":795.166970156,"data":"🔥 Feature importances: course_instr_txt        0.4151\n"}
,{"stream_name":"stdout","time":795.167034164,"data":"course_name_txt         0.2410\n"}
,{"stream_name":"stdout","time":795.167042791,"data":"price_dis               0.2332\n"}
,{"stream_name":"stdout","time":795.167049406,"data":"course_lectures         0.0456\n"}
,{"stream_name":"stdout","time":795.167055585,"data":"coures_reviews          0.0392\n"}
,{"stream_name":"stdout","time":795.167061003,"data":"course_enrollmenters    0.0139\n"}
,{"stream_name":"stdout","time":795.167065987,"data":"course_totalHourse      0.0072\n"}
,{"stream_name":"stdout","time":795.167071179,"data":"course_rating           0.0023\n"}
,{"stream_name":"stdout","time":795.167076163,"data":"course_level            0.0023\n"}
,{"stream_name":"stdout","time":795.16708344,"data":"dtype: float64\n"}
,{"stream_name":"stderr","time":795.934356768,"data":"fatal: not a git repository (or any parent up to mount point /kaggle)\n"}
,{"stream_name":"stderr","time":795.934392621,"data":"Stopping at filesystem boundary (GIT_DISCOVERY_ACROSS_FILESYSTEM not set).\n"}
,{"stream_name":"stdout","time":795.941185828,"data":"🆔 Could not get the current commit hash.\n"}
,{"stream_name":"stdout","time":795.94121163,"data":"Scored 0.4808 on dataset REG_TEXT_EDU_UDEMY_ACADEMY, fold 3 in 9 seconds. Multimodal state: all 🔥\n"}
,{"stream_name":"stdout","time":795.941355443,"data":"  REG_TEXT_EDU_UDEMY_ACA/light/all/f3                  = 0.4808  (9.5s)\n"}
,{"stream_name":"stdout","time":796.017031736,"data":"🎯 Regression variable price had no extreme outliers.\n"}
,{"stream_name":"stdout","time":796.017076922,"data":"[ft] epochs=10, max_length capped by tar_cache\n"}
,{"stream_name":"stderr","time":796.144930451,"data":"fatal: not a git repository (or any parent up to mount point /kaggle)\n"}
,{"stream_name":"stderr","time":796.144980854,"data":"Stopping at filesystem boundary (GIT_DISCOVERY_ACROSS_FILESYSTEM not set).\n"}
,{"stream_name":"stderr","time":796.145000246,"data":"\n"}
,{"stream_name":"stderr","time":796.145003324,"data":"fatal: not a git repository (or any parent up to mount point /kaggle)\n"}
,{"stream_name":"stderr","time":796.145005924,"data":"Stopping at filesystem boundary (GIT_DISCOVERY_ACROSS_FILESYSTEM not set).\n"}
,{"stream_name":"stdout","time":796.81346042,"data":"Finetuning single E5 (intfloat/e5-small-v2) for 2 columns with 4374 train examples (passage: col_name: col_val)\n"}
,{"stream_name":"stdout","time":797.075712622,"data":"[Dataset] train: n=4374, val: n=486\n"}
,{"stream_name":"stdout","time":797.075755793,"data":"[Dataset] train_y.shape=(4374,), val_y.shape=(486,) (y = labels)\n"}
,{"stream_name":"stdout","time":797.075775961,"data":"[Steps] batch_size=256 → 18 steps/epoch → 180 total steps (10 epochs)\n"}
,{"stream_name":"stderr","time":797.549590853,"data":"BertModel LOAD REPORT from: intfloat/e5-small-v2\n"}
,{"stream_name":"stderr","time":797.549658078,"data":"Key                     | Status     |  | \n"}
,{"stream_name":"stderr","time":797.549664325,"data":"------------------------+------------+--+-\n"}
,{"stream_name":"stderr","time":797.549668924,"data":"embeddings.position_ids | UNEXPECTED |  | \n"}
,{"stream_name":"stderr","time":797.549672709,"data":"\n"}
,{"stream_name":"stderr","time":797.549676216,"data":"Notes:\n"}
,{"stream_name":"stderr","time":797.549679649,"data":"- UNEXPECTED\t:can be ignored when loading from different task/architecture; not ok if you expect identical arch.\n"}
,{"stream_name":"stderr","time":797.549684673,"data":"\n"}
,{"stream_name":"stderr","time":797.549688567,"data":"BertModel LOAD REPORT from: intfloat/e5-small-v2\n"}
,{"stream_name":"stderr","time":797.549692308,"data":"Key                     | Status     |  | \n"}
,{"stream_name":"stderr","time":797.549696266,"data":"------------------------+------------+--+-\n"}
,{"stream_name":"stderr","time":797.549700258,"data":"embeddings.position_ids | UNEXPECTED |  | \n"}
,{"stream_name":"stderr","time":797.549703878,"data":"\n"}
,{"stream_name":"stderr","time":797.549706859,"data":"Notes:\n"}
,{"stream_name":"stderr","time":797.549710068,"data":"- UNEXPECTED\t:can be ignored when loading from different task/architecture; not ok if you expect identical arch.\n"}
,{"stream_name":"stdout","time":798.317671837,"data":"🦜 Doing LoRA on last 3 layers of intfloat/e5-small-v2 with rank 16\n"}
,{"stream_name":"stdout","time":798.317715732,"data":"[Trainable parameters per layer (E5)]\n"}
,{"stream_name":"stdout","time":798.317722957,"data":"  layer.9: 110,592\n"}
,{"stream_name":"stdout","time":798.317726962,"data":"  layer.10: 110,592\n"}
,{"stream_name":"stdout","time":798.317732158,"data":"  layer.11: 110,592\n"}
,{"stream_name":"stdout","time":798.317736026,"data":"  head: 3,465\n"}
,{"stream_name":"stdout","time":798.317739649,"data":"  total trainable: 335,241  (frozen: 33,360,000)\n"}
,{"stream_name":"stderr","time":854.795537628,"data":"BertModel LOAD REPORT from: intfloat/e5-small-v2\n"}
,{"stream_name":"stderr","time":854.795618119,"data":"Key                     | Status     |  | \n"}
,{"stream_name":"stderr","time":854.795632632,"data":"------------------------+------------+--+-\n"}
,{"stream_name":"stderr","time":854.795636584,"data":"embeddings.position_ids | UNEXPECTED |  | \n"}
,{"stream_name":"stderr","time":854.795639934,"data":"\n"}
,{"stream_name":"stderr","time":854.79564318,"data":"Notes:\n"}
,{"stream_name":"stderr","time":854.795646412,"data":"- UNEXPECTED\t:can be ignored when loading from different task/architecture; not ok if you expect identical arch.\n"}
,{"stream_name":"stderr","time":854.79566357,"data":"\n"}
,{"stream_name":"stderr","time":854.79566628,"data":"BertModel LOAD REPORT from: intfloat/e5-small-v2\n"}
,{"stream_name":"stderr","time":854.79566892,"data":"Key                     | Status     |  | \n"}
,{"stream_name":"stderr","time":854.795671341,"data":"------------------------+------------+--+-\n"}
,{"stream_name":"stderr","time":854.795673807,"data":"embeddings.position_ids | UNEXPECTED |  | \n"}
,{"stream_name":"stderr","time":854.795676172,"data":"\n"}
,{"stream_name":"stderr","time":854.795678588,"data":"Notes:\n"}
,{"stream_name":"stderr","time":854.795681068,"data":"- UNEXPECTED\t:can be ignored when loading from different task/architecture; not ok if you expect identical arch.\n"}
,{"stream_name":"stdout","time":857.903107588,"data":"🔍 [PCA variance] course_instr: 0.435\n"}
,{"stream_name":"stdout","time":860.159220553,"data":"🔍 [PCA variance] course_name: 0.459\n"}
,{"stream_name":"stdout","time":864.48821395,"data":"🔭 67 features → light  [tabular: 7 | txt_emb: 60]\n"}
,{"stream_name":"stdout","time":864.979923874,"data":"🔥 Feature importances: course_instr_txt        0.4166\n"}
,{"stream_name":"stdout","time":864.979980793,"data":"price_dis               0.2339\n"}
,{"stream_name":"stdout","time":864.979985821,"data":"course_name_txt         0.2312\n"}
,{"stream_name":"stdout","time":864.979989039,"data":"course_lectures         0.0515\n"}
,{"stream_name":"stdout","time":864.979992247,"data":"coures_reviews          0.0324\n"}
,{"stream_name":"stdout","time":864.979995454,"data":"course_enrollmenters    0.0211\n"}
,{"stream_name":"stdout","time":864.979998607,"data":"course_totalHourse      0.0081\n"}
,{"stream_name":"stdout","time":864.980001721,"data":"course_rating           0.0033\n"}
,{"stream_name":"stdout","time":864.980004714,"data":"course_level            0.0019\n"}
,{"stream_name":"stdout","time":864.980007721,"data":"dtype: float64\n"}
,{"stream_name":"stderr","time":865.6602112959999,"data":"fatal: not a git repository (or any parent up to mount point /kaggle)\n"}
,{"stream_name":"stderr","time":865.660248344,"data":"Stopping at filesystem boundary (GIT_DISCOVERY_ACROSS_FILESYSTEM not set).\n"}
,{"stream_name":"stdout","time":865.68118942,"data":"🆔 Could not get the current commit hash.\n"}
,{"stream_name":"stdout","time":865.681221981,"data":"Scored 0.4329 on dataset REG_TEXT_EDU_UDEMY_ACADEMY, fold 3 in 69 seconds. Multimodal state: all 🔥\n"}
,{"stream_name":"stdout","time":865.681229198,"data":"  REG_TEXT_EDU_UDEMY_ACA/light/ft/f3                   = 0.4329  (69.7s)\n"}
,{"stream_name":"stderr","time":865.864309364,"data":"fatal: not a git repository (or any parent up to mount point /kaggle)\n"}
,{"stream_name":"stderr","time":865.864350255,"data":"Stopping at filesystem boundary (GIT_DISCOVERY_ACROSS_FILESYSTEM not set).\n"}
,{"stream_name":"stderr","time":865.864357971,"data":"\n"}
,{"stream_name":"stderr","time":865.864368581,"data":"fatal: not a git repository (or any parent up to mount point /kaggle)\n"}
,{"stream_name":"stderr","time":865.864374345,"data":"Stopping at filesystem boundary (GIT_DISCOVERY_ACROSS_FILESYSTEM not set).\n"}
,{"stream_name":"stdout","time":865.865468146,"data":"🎯 Regression variable price had no extreme outliers.\n"}
,{"stream_name":"stdout","time":865.865485677,"data":"🔭 7 features → cat  [tabular: 7]\n"}
,{"stream_name":"stderr","time":868.272106971,"data":"fatal: not a git repository (or any parent up to mount point /kaggle)\n"}
,{"stream_name":"stderr","time":868.272151145,"data":"Stopping at filesystem boundary (GIT_DISCOVERY_ACROSS_FILESYSTEM not set).\n"}
,{"stream_name":"stdout","time":868.277930562,"data":"🆔 Could not get the current commit hash.\n"}
,{"stream_name":"stdout","time":868.277951942,"data":"Scored 0.2545 on dataset REG_TEXT_EDU_UDEMY_ACADEMY, fold 3 in 2 seconds. Multimodal state: no_text 😶\n"}
,{"stream_name":"stdout","time":868.277956596,"data":"  REG_TEXT_EDU_UDEMY_ACA/cat/no_text/f3                = 0.2545  (2.5s)\n"}
,{"stream_name":"stderr","time":868.476433414,"data":"fatal: not a git repository (or any parent up to mount point /kaggle)\n"}
,{"stream_name":"stderr","time":868.476474324,"data":"Stopping at filesystem boundary (GIT_DISCOVERY_ACROSS_FILESYSTEM not set).\n"}
,{"stream_name":"stderr","time":868.476478852,"data":"\n"}
,{"stream_name":"stderr","time":868.476482249,"data":"fatal: not a git repository (or any parent up to mount point /kaggle)\n"}
,{"stream_name":"stderr","time":868.476485944,"data":"Stopping at filesystem boundary (GIT_DISCOVERY_ACROSS_FILESYSTEM not set).\n"}
,{"stream_name":"stdout","time":868.477207391,"data":"🎯 Regression variable price had no extreme outliers.\n"}
,{"stream_name":"stdout","time":868.477231042,"data":"Fitting E5ColumnEncoder for column course_instr with model intfloat/e5-small-v2 for 2430 texts\n"}
,{"stream_name":"stdout","time":870.525325585,"data":"🔍 [PCA variance] course_instr: 0.412\n"}
,{"stream_name":"stdout","time":870.525397416,"data":"Fitting E5ColumnEncoder for column course_name with model intfloat/e5-small-v2 for 2430 texts\n"}
,{"stream_name":"stdout","time":872.652244841,"data":"🔍 [PCA variance] course_name: 0.442\n"}
,{"stream_name":"stdout","time":876.554888631,"data":"🔭 60 features → cat  [tabular: 0 | txt_emb: 60]\n"}
,{"stream_name":"stderr","time":884.369186055,"data":"fatal: not a git repository (or any parent up to mount point /kaggle)\n"}
,{"stream_name":"stderr","time":884.369239892,"data":"Stopping at filesystem boundary (GIT_DISCOVERY_ACROSS_FILESYSTEM not set).\n"}
,{"stream_name":"stdout","time":884.392654597,"data":"🆔 Could not get the current commit hash.\n"}
,{"stream_name":"stdout","time":884.392683229,"data":"Scored 0.2423 on dataset REG_TEXT_EDU_UDEMY_ACADEMY, fold 3 in 16 seconds. Multimodal state: text_only 📝\n"}
,{"stream_name":"stdout","time":884.392688795,"data":"  REG_TEXT_EDU_UDEMY_ACA/cat/text_only/f3              = 0.2423  (16.0s)\n"}
,{"stream_name":"stderr","time":884.573685383,"data":"fatal: not a git repository (or any parent up to mount point /kaggle)\n"}
,{"stream_name":"stderr","time":884.573722856,"data":"Stopping at filesystem boundary (GIT_DISCOVERY_ACROSS_FILESYSTEM not set).\n"}
,{"stream_name":"stderr","time":884.573729265,"data":"\n"}
,{"stream_name":"stderr","time":884.573733483,"data":"fatal: not a git repository (or any parent up to mount point /kaggle)\n"}
,{"stream_name":"stderr","time":884.573737999,"data":"Stopping at filesystem boundary (GIT_DISCOVERY_ACROSS_FILESYSTEM not set).\n"}
,{"stream_name":"stdout","time":884.574546143,"data":"🎯 Regression variable price had no extreme outliers.\n"}
,{"stream_name":"stdout","time":884.57458748,"data":"Fitting E5ColumnEncoder for column course_instr with model intfloat/e5-small-v2 for 2430 texts\n"}
,{"stream_name":"stdout","time":886.495052657,"data":"🔍 [PCA variance] course_instr: 0.412\n"}
,{"stream_name":"stdout","time":886.495095406,"data":"Fitting E5ColumnEncoder for column course_name with model intfloat/e5-small-v2 for 2430 texts\n"}
,{"stream_name":"stdout","time":888.382871832,"data":"🔍 [PCA variance] course_name: 0.442\n"}
,{"stream_name":"stdout","time":892.749136443,"data":"🔭 67 features → cat  [tabular: 7 | txt_emb: 60]\n"}
,{"stream_name":"stderr","time":911.683969229,"data":"fatal: not a git repository (or any parent up to mount point /kaggle)\n"}
,{"stream_name":"stderr","time":911.684036956,"data":"Stopping at filesystem boundary (GIT_DISCOVERY_ACROSS_FILESYSTEM not set).\n"}
,{"stream_name":"stdout","time":911.690736992,"data":"🆔 Could not get the current commit hash.\n"}
,{"stream_name":"stdout","time":911.690785089,"data":"Scored 0.4660 on dataset REG_TEXT_EDU_UDEMY_ACADEMY, fold 3 in 27 seconds. Multimodal state: all 🔥\n"}
,{"stream_name":"stdout","time":911.690791427,"data":"  REG_TEXT_EDU_UDEMY_ACA/cat/all/f3                    = 0.4660  (27.3s)\n"}
,{"stream_name":"stdout","time":911.746953527,"data":"🎯 Regression variable price had no extreme outliers.\n"}
,{"stream_name":"stdout","time":911.746997611,"data":"[ft] epochs=10, max_length capped by tar_cache\n"}
,{"stream_name":"stderr","time":911.886960738,"data":"fatal: not a git repository (or any parent up to mount point /kaggle)\n"}
,{"stream_name":"stderr","time":911.887021977,"data":"Stopping at filesystem boundary (GIT_DISCOVERY_ACROSS_FILESYSTEM not set).\n"}
,{"stream_name":"stderr","time":911.887028396,"data":"\n"}
,{"stream_name":"stderr","time":911.887032471,"data":"fatal: not a git repository (or any parent up to mount point /kaggle)\n"}
,{"stream_name":"stderr","time":911.887036711,"data":"Stopping at filesystem boundary (GIT_DISCOVERY_ACROSS_FILESYSTEM not set).\n"}
,{"stream_name":"stdout","time":912.562088263,"data":"Finetuning single E5 (intfloat/e5-small-v2) for 2 columns with 4374 train examples (passage: col_name: col_val)\n"}
,{"stream_name":"stderr","time":913.250414039,"data":"BertModel LOAD REPORT from: intfloat/e5-small-v2\n"}
,{"stream_name":"stderr","time":913.250464311,"data":"Key                     | Status     |  | \n"}
,{"stream_name":"stderr","time":913.250469749,"data":"------------------------+------------+--+-\n"}
,{"stream_name":"stderr","time":913.250473674,"data":"embeddings.position_ids | UNEXPECTED |  | \n"}
,{"stream_name":"stderr","time":913.250477993,"data":"\n"}
,{"stream_name":"stderr","time":913.250482639,"data":"Notes:\n"}
,{"stream_name":"stderr","time":913.250485704,"data":"- UNEXPECTED\t:can be ignored when loading from different task/architecture; not ok if you expect identical arch.\n"}
,{"stream_name":"stderr","time":913.250490581,"data":"\n"}
,{"stream_name":"stderr","time":913.250494326,"data":"BertModel LOAD REPORT from: intfloat/e5-small-v2\n"}
,{"stream_name":"stderr","time":913.250497707,"data":"Key                     | Status     |  | \n"}
,{"stream_name":"stderr","time":913.250501221,"data":"------------------------+------------+--+-\n"}
,{"stream_name":"stderr","time":913.250504659,"data":"embeddings.position_ids | UNEXPECTED |  | \n"}
,{"stream_name":"stderr","time":913.250508048,"data":"\n"}
,{"stream_name":"stderr","time":913.250511391,"data":"Notes:\n"}
,{"stream_name":"stderr","time":913.250514728,"data":"- UNEXPECTED\t:can be ignored when loading from different task/architecture; not ok if you expect identical arch.\n"}
,{"stream_name":"stdout","time":914.287814148,"data":"[tar_cache] hit 6993accdadd4 -- skipping E5 fine-tuning (4374 train examples)\n"}
,{"stream_name":"stdout","time":916.489585878,"data":"🔍 [PCA variance] course_instr: 0.435\n"}
,{"stream_name":"stdout","time":918.737602103,"data":"🔍 [PCA variance] course_name: 0.459\n"}
,{"stream_name":"stdout","time":923.158775814,"data":"🔭 67 features → cat  [tabular: 7 | txt_emb: 60]\n"}
,{"stream_name":"stderr","time":943.296875943,"data":"fatal: not a git repository (or any parent up to mount point /kaggle)\n"}
,{"stream_name":"stderr","time":943.296927734,"data":"Stopping at filesystem boundary (GIT_DISCOVERY_ACROSS_FILESYSTEM not set).\n"}
,{"stream_name":"stdout","time":943.312247256,"data":"🆔 Could not get the current commit hash.\n"}
,{"stream_name":"stdout","time":943.312276666,"data":"Scored 0.4729 on dataset REG_TEXT_EDU_UDEMY_ACADEMY, fold 3 in 31 seconds. Multimodal state: all 🔥\n"}
,{"stream_name":"stdout","time":943.312281997,"data":"  REG_TEXT_EDU_UDEMY_ACA/cat/ft/f3                     = 0.4729  (31.6s)\n"}
,{"stream_name":"stderr","time":943.499477585,"data":"fatal: not a git repository (or any parent up to mount point /kaggle)\n"}
,{"stream_name":"stderr","time":943.499515493,"data":"Stopping at filesystem boundary (GIT_DISCOVERY_ACROSS_FILESYSTEM not set).\n"}
,{"stream_name":"stderr","time":943.499520361,"data":"/usr/local/lib/python3.12/dist-packages/sklearn/utils/deprecation.py:151: FutureWarning: 'force_all_finite' was renamed to 'ensure_all_finite' in 1.6 and will be removed in 1.8.\n"}
,{"stream_name":"stderr","time":943.499524727,"data":"  warnings.warn(\n"}
,{"stream_name":"stderr","time":943.499528464,"data":"/usr/local/lib/python3.12/dist-packages/sklearn/utils/deprecation.py:151: FutureWarning: 'force_all_finite' was renamed to 'ensure_all_finite' in 1.6 and will be removed in 1.8.\n"}
,{"stream_name":"stderr","time":943.499532509,"data":"  warnings.warn(\n"}
,{"stream_name":"stderr","time":943.499535993,"data":"\n"}
,{"stream_name":"stderr","time":943.499539468,"data":"fatal: not a git repository (or any parent up to mount point /kaggle)\n"}
,{"stream_name":"stderr","time":943.499543312,"data":"Stopping at filesystem boundary (GIT_DISCOVERY_ACROSS_FILESYSTEM not set).\n"}
,{"stream_name":"stderr","time":943.499547037,"data":"/usr/local/lib/python3.12/dist-packages/sklearn/utils/deprecation.py:151: FutureWarning: 'force_all_finite' was renamed to 'ensure_all_finite' in 1.6 and will be removed in 1.8.\n"}
,{"stream_name":"stderr","time":943.499551111,"data":"  warnings.warn(\n"}
,{"stream_name":"stderr","time":943.499554701,"data":"/usr/local/lib/python3.12/dist-packages/sklearn/utils/deprecation.py:151: FutureWarning: 'force_all_finite' was renamed to 'ensure_all_finite' in 1.6 and will be removed in 1.8.\n"}
,{"stream_name":"stderr","time":943.499558867,"data":"  warnings.warn(\n"}
,{"stream_name":"stdout","time":943.500552734,"data":"🎯 Regression variable price had no extreme outliers.\n"}
,{"stream_name":"stdout","time":943.500593569,"data":"🔭 7 features → tabm  [tabular: 7]\n"}
,{"stream_name":"stderr","time":947.100434744,"data":"/usr/local/lib/python3.12/dist-packages/sklearn/utils/deprecation.py:151: FutureWarning: 'force_all_finite' was renamed to 'ensure_all_finite' in 1.6 and will be removed in 1.8.\n"}
,{"stream_name":"stderr","time":947.100495225,"data":"  warnings.warn(\n"}
,{"stream_name":"stderr","time":947.100501433,"data":"\n"}
,{"stream_name":"stderr","time":947.100505741,"data":"/usr/local/lib/python3.12/dist-packages/sklearn/utils/deprecation.py:151: FutureWarning: 'force_all_finite' was renamed to 'ensure_all_finite' in 1.6 and will be removed in 1.8.\n"}
,{"stream_name":"stderr","time":947.100510466,"data":"  warnings.warn(\n"}
,{"stream_name":"stderr","time":947.383086262,"data":"fatal: not a git repository (or any parent up to mount point /kaggle)\n"}
,{"stream_name":"stderr","time":947.383128147,"data":"Stopping at filesystem boundary (GIT_DISCOVERY_ACROSS_FILESYSTEM not set).\n"}
,{"stream_name":"stdout","time":947.389333952,"data":"🆔 Could not get the current commit hash.\n"}
,{"stream_name":"stdout","time":947.389364484,"data":"Scored 0.2576 on dataset REG_TEXT_EDU_UDEMY_ACADEMY, fold 3 in 4 seconds. Multimodal state: no_text 😶\n"}
,{"stream_name":"stdout","time":947.389369186,"data":"  REG_TEXT_EDU_UDEMY_ACA/tabm/no_text/f3               = 0.2576  (4.0s)\n"}
,{"stream_name":"stderr","time":947.586489904,"data":"fatal: not a git repository (or any parent up to mount point /kaggle)\n"}
,{"stream_name":"stderr","time":947.586526489,"data":"Stopping at filesystem boundary (GIT_DISCOVERY_ACROSS_FILESYSTEM not set).\n"}
,{"stream_name":"stderr","time":947.586531033,"data":"\n"}
,{"stream_name":"stderr","time":947.586534833,"data":"fatal: not a git repository (or any parent up to mount point /kaggle)\n"}
,{"stream_name":"stderr","time":947.58653851,"data":"Stopping at filesystem boundary (GIT_DISCOVERY_ACROSS_FILESYSTEM not set).\n"}
,{"stream_name":"stdout","time":947.587414002,"data":"🎯 Regression variable price had no extreme outliers.\n"}
,{"stream_name":"stdout","time":947.587432285,"data":"Fitting E5ColumnEncoder for column course_instr with model intfloat/e5-small-v2 for 2430 texts\n"}
,{"stream_name":"stdout","time":949.556274567,"data":"🔍 [PCA variance] course_instr: 0.412\n"}
,{"stream_name":"stdout","time":949.556350478,"data":"Fitting E5ColumnEncoder for column course_name with model intfloat/e5-small-v2 for 2430 texts\n"}
,{"stream_name":"stdout","time":951.556821728,"data":"🔍 [PCA variance] course_name: 0.442\n"}
,{"stream_name":"stdout","time":955.41706173,"data":"🔭 60 features → tabm  [tabular: 0 | txt_emb: 60]\n"}
,{"stream_name":"stderr","time":955.418101444,"data":"/usr/local/lib/python3.12/dist-packages/sklearn/utils/deprecation.py:151: FutureWarning: 'force_all_finite' was renamed to 'ensure_all_finite' in 1.6 and will be removed in 1.8.\n"}
,{"stream_name":"stderr","time":955.41812977,"data":"  warnings.warn(\n"}
,{"stream_name":"stderr","time":955.418136009,"data":"/usr/local/lib/python3.12/dist-packages/sklearn/utils/deprecation.py:151: FutureWarning: 'force_all_finite' was renamed to 'ensure_all_finite' in 1.6 and will be removed in 1.8.\n"}
,{"stream_name":"stderr","time":955.418142147,"data":"  warnings.warn(\n"}
,{"stream_name":"stderr","time":955.418146592,"data":"\n"}
,{"stream_name":"stderr","time":955.418150958,"data":"/usr/local/lib/python3.12/dist-packages/sklearn/utils/deprecation.py:151: FutureWarning: 'force_all_finite' was renamed to 'ensure_all_finite' in 1.6 and will be removed in 1.8.\n"}
,{"stream_name":"stderr","time":955.418157612,"data":"  warnings.warn(\n"}
,{"stream_name":"stderr","time":955.418162019,"data":"/usr/local/lib/python3.12/dist-packages/sklearn/utils/deprecation.py:151: FutureWarning: 'force_all_finite' was renamed to 'ensure_all_finite' in 1.6 and will be removed in 1.8.\n"}
,{"stream_name":"stderr","time":955.41816871,"data":"  warnings.warn(\n"}
,{"stream_name":"stderr","time":960.469642041,"data":"fatal: not a git repository (or any parent up to mount point /kaggle)\n"}
,{"stream_name":"stderr","time":960.469678936,"data":"Stopping at filesystem boundary (GIT_DISCOVERY_ACROSS_FILESYSTEM not set).\n"}
,{"stream_name":"stdout","time":960.476001524,"data":"🆔 Could not get the current commit hash.\n"}
,{"stream_name":"stdout","time":960.476057871,"data":"Scored 0.2783 on dataset REG_TEXT_EDU_UDEMY_ACADEMY, fold 3 in 13 seconds. Multimodal state: text_only 📝\n"}
,{"stream_name":"stdout","time":960.476064014,"data":"  REG_TEXT_EDU_UDEMY_ACA/tabm/text_only/f3             = 0.2783  (13.0s)\n"}
,{"stream_name":"stderr","time":960.617528392,"data":"/usr/local/lib/python3.12/dist-packages/sklearn/utils/deprecation.py:151: FutureWarning: 'force_all_finite' was renamed to 'ensure_all_finite' in 1.6 and will be removed in 1.8.\n"}
,{"stream_name":"stderr","time":960.617569452,"data":"  warnings.warn(\n"}
,{"stream_name":"stderr","time":960.617596251,"data":"fatal: not a git repository (or any parent up to mount point /kaggle)\n"}
,{"stream_name":"stderr","time":960.617619833,"data":"Stopping at filesystem boundary (GIT_DISCOVERY_ACROSS_FILESYSTEM not set).\n"}
,{"stream_name":"stderr","time":960.6176241,"data":"\n"}
,{"stream_name":"stderr","time":960.617627385,"data":"/usr/local/lib/python3.12/dist-packages/sklearn/utils/deprecation.py:151: FutureWarning: 'force_all_finite' was renamed to 'ensure_all_finite' in 1.6 and will be removed in 1.8.\n"}
,{"stream_name":"stderr","time":960.617631191,"data":"  warnings.warn(\n"}
,{"stream_name":"stderr","time":960.61763625,"data":"fatal: not a git repository (or any parent up to mount point /kaggle)\n"}
,{"stream_name":"stderr","time":960.617643041,"data":"Stopping at filesystem boundary (GIT_DISCOVERY_ACROSS_FILESYSTEM not set).\n"}
,{"stream_name":"stdout","time":960.6711067,"data":"🎯 Regression variable price had no extreme outliers.\n"}
,{"stream_name":"stdout","time":960.671163241,"data":"Fitting E5ColumnEncoder for column course_instr with model intfloat/e5-small-v2 for 2430 texts\n"}
,{"stream_name":"stdout","time":963.216708032,"data":"🔍 [PCA variance] course_instr: 0.412\n"}
,{"stream_name":"stdout","time":963.216779772,"data":"Fitting E5ColumnEncoder for column course_name with model intfloat/e5-small-v2 for 2430 texts\n"}
,{"stream_name":"stdout","time":965.107196388,"data":"🔍 [PCA variance] course_name: 0.442\n"}
,{"stream_name":"stdout","time":969.052124294,"data":"🔭 67 features → tabm  [tabular: 7 | txt_emb: 60]\n"}
,{"stream_name":"stderr","time":969.05305374,"data":"/usr/local/lib/python3.12/dist-packages/sklearn/utils/deprecation.py:151: FutureWarning: 'force_all_finite' was renamed to 'ensure_all_finite' in 1.6 and will be removed in 1.8.\n"}
,{"stream_name":"stderr","time":969.053091705,"data":"  warnings.warn(\n"}
,{"stream_name":"stderr","time":969.053098853,"data":"/usr/local/lib/python3.12/dist-packages/sklearn/utils/deprecation.py:151: FutureWarning: 'force_all_finite' was renamed to 'ensure_all_finite' in 1.6 and will be removed in 1.8.\n"}
,{"stream_name":"stderr","time":969.053103708,"data":"  warnings.warn(\n"}
,{"stream_name":"stderr","time":969.053107902,"data":"\n"}
,{"stream_name":"stderr","time":969.053112089,"data":"/usr/local/lib/python3.12/dist-packages/sklearn/utils/deprecation.py:151: FutureWarning: 'force_all_finite' was renamed to 'ensure_all_finite' in 1.6 and will be removed in 1.8.\n"}
,{"stream_name":"stderr","time":969.053116884,"data":"  warnings.warn(\n"}
,{"stream_name":"stderr","time":969.053120918,"data":"/usr/local/lib/python3.12/dist-packages/sklearn/utils/deprecation.py:151: FutureWarning: 'force_all_finite' was renamed to 'ensure_all_finite' in 1.6 and will be removed in 1.8.\n"}
,{"stream_name":"stderr","time":969.053125922,"data":"  warnings.warn(\n"}
,{"stream_name":"stderr","time":981.414530108,"data":"/usr/local/lib/python3.12/dist-packages/sklearn/utils/deprecation.py:151: FutureWarning: 'force_all_finite' was renamed to 'ensure_all_finite' in 1.6 and will be removed in 1.8.\n"}
,{"stream_name":"stderr","time":981.414598583,"data":"  warnings.warn(\n"}
,{"stream_name":"stderr","time":981.414613753,"data":"\n"}
,{"stream_name":"stderr","time":981.414619125,"data":"/usr/local/lib/python3.12/dist-packages/sklearn/utils/deprecation.py:151: FutureWarning: 'force_all_finite' was renamed to 'ensure_all_finite' in 1.6 and will be removed in 1.8.\n"}
,{"stream_name":"stderr","time":981.414626929,"data":"  warnings.warn(\n"}
,{"stream_name":"stderr","time":981.748685151,"data":"fatal: not a git repository (or any parent up to mount point /kaggle)\n"}
,{"stream_name":"stderr","time":981.748729271,"data":"Stopping at filesystem boundary (GIT_DISCOVERY_ACROSS_FILESYSTEM not set).\n"}
,{"stream_name":"stdout","time":981.754183981,"data":"🆔 Could not get the current commit hash.\n"}
,{"stream_name":"stdout","time":981.75421588,"data":"Scored 0.4672 on dataset REG_TEXT_EDU_UDEMY_ACADEMY, fold 3 in 21 seconds. Multimodal state: all 🔥\n"}
,{"stream_name":"stdout","time":981.75422214,"data":"  REG_TEXT_EDU_UDEMY_ACA/tabm/all/f3                   = 0.4672  (21.2s)\n"}
,{"stream_name":"stdout","time":981.809065352,"data":"🎯 Regression variable price had no extreme outliers.\n"}
,{"stream_name":"stdout","time":981.809110157,"data":"[ft] epochs=10, max_length capped by tar_cache\n"}
,{"stream_name":"stderr","time":981.951610324,"data":"fatal: not a git repository (or any parent up to mount point /kaggle)\n"}
,{"stream_name":"stderr","time":981.951653997,"data":"Stopping at filesystem boundary (GIT_DISCOVERY_ACROSS_FILESYSTEM not set).\n"}
,{"stream_name":"stderr","time":981.951658337,"data":"\n"}
,{"stream_name":"stderr","time":981.951675127,"data":"fatal: not a git repository (or any parent up to mount point /kaggle)\n"}
,{"stream_name":"stderr","time":981.951679494,"data":"Stopping at filesystem boundary (GIT_DISCOVERY_ACROSS_FILESYSTEM not set).\n"}
,{"stream_name":"stdout","time":982.628296557,"data":"Finetuning single E5 (intfloat/e5-small-v2) for 2 columns with 4374 train examples (passage: col_name: col_val)\n"}
,{"stream_name":"stderr","time":983.334319513,"data":"BertModel LOAD REPORT from: intfloat/e5-small-v2\n"}
,{"stream_name":"stderr","time":983.334372686,"data":"Key                     | Status     |  | \n"}
,{"stream_name":"stderr","time":983.334390876,"data":"------------------------+------------+--+-\n"}
,{"stream_name":"stderr","time":983.334395229,"data":"embeddings.position_ids | UNEXPECTED |  | \n"}
,{"stream_name":"stderr","time":983.334399015,"data":"\n"}
,{"stream_name":"stderr","time":983.334403124,"data":"Notes:\n"}
,{"stream_name":"stderr","time":983.334407194,"data":"- UNEXPECTED\t:can be ignored when loading from different task/architecture; not ok if you expect identical arch.\n"}
,{"stream_name":"stderr","time":983.334411876,"data":"\n"}
,{"stream_name":"stderr","time":983.334415672,"data":"BertModel LOAD REPORT from: intfloat/e5-small-v2\n"}
,{"stream_name":"stderr","time":983.334419361,"data":"Key                     | Status     |  | \n"}
,{"stream_name":"stderr","time":983.334422556,"data":"------------------------+------------+--+-\n"}
,{"stream_name":"stderr","time":983.33442629,"data":"embeddings.position_ids | UNEXPECTED |  | \n"}
,{"stream_name":"stderr","time":983.334430259,"data":"\n"}
,{"stream_name":"stderr","time":983.334433723,"data":"Notes:\n"}
,{"stream_name":"stderr","time":983.334437614,"data":"- UNEXPECTED\t:can be ignored when loading from different task/architecture; not ok if you expect identical arch.\n"}
,{"stream_name":"stdout","time":984.400606653,"data":"[tar_cache] hit 6993accdadd4 -- skipping E5 fine-tuning (4374 train examples)\n"}
,{"stream_name":"stdout","time":986.618420081,"data":"🔍 [PCA variance] course_instr: 0.435\n"}
,{"stream_name":"stdout","time":988.673862732,"data":"🔍 [PCA variance] course_name: 0.459\n"}
,{"stream_name":"stdout","time":992.982779465,"data":"🔭 67 features → tabm  [tabular: 7 | txt_emb: 60]\n"}
,{"stream_name":"stderr","time":992.983941497,"data":"/usr/local/lib/python3.12/dist-packages/sklearn/utils/deprecation.py:151: FutureWarning: 'force_all_finite' was renamed to 'ensure_all_finite' in 1.6 and will be removed in 1.8.\n"}
,{"stream_name":"stderr","time":992.983967244,"data":"  warnings.warn(\n"}
,{"stream_name":"stderr","time":992.983981904,"data":"/usr/local/lib/python3.12/dist-packages/sklearn/utils/deprecation.py:151: FutureWarning: 'force_all_finite' was renamed to 'ensure_all_finite' in 1.6 and will be removed in 1.8.\n"}
,{"stream_name":"stderr","time":992.984005275,"data":"  warnings.warn(\n"}
,{"stream_name":"stderr","time":992.984009253,"data":"\n"}
,{"stream_name":"stderr","time":992.984012846,"data":"/usr/local/lib/python3.12/dist-packages/sklearn/utils/deprecation.py:151: FutureWarning: 'force_all_finite' was renamed to 'ensure_all_finite' in 1.6 and will be removed in 1.8.\n"}
,{"stream_name":"stderr","time":992.984016767,"data":"  warnings.warn(\n"}
,{"stream_name":"stderr","time":992.984020387,"data":"/usr/local/lib/python3.12/dist-packages/sklearn/utils/deprecation.py:151: FutureWarning: 'force_all_finite' was renamed to 'ensure_all_finite' in 1.6 and will be removed in 1.8.\n"}
,{"stream_name":"stderr","time":992.984024194,"data":"  warnings.warn(\n"}
,{"stream_name":"stderr","time":1009.516686005,"data":"/usr/local/lib/python3.12/dist-packages/sklearn/utils/deprecation.py:151: FutureWarning: 'force_all_finite' was renamed to 'ensure_all_finite' in 1.6 and will be removed in 1.8.\n"}
,{"stream_name":"stderr","time":1009.51673985,"data":"  warnings.warn(\n"}
,{"stream_name":"stderr","time":1009.516745095,"data":"\n"}
,{"stream_name":"stderr","time":1009.516748446,"data":"/usr/local/lib/python3.12/dist-packages/sklearn/utils/deprecation.py:151: FutureWarning: 'force_all_finite' was renamed to 'ensure_all_finite' in 1.6 and will be removed in 1.8.\n"}
,{"stream_name":"stderr","time":1009.516752146,"data":"  warnings.warn(\n"}
,{"stream_name":"stderr","time":1009.846284122,"data":"fatal: not a git repository (or any parent up to mount point /kaggle)\n"}
,{"stream_name":"stderr","time":1009.846333739,"data":"Stopping at filesystem boundary (GIT_DISCOVERY_ACROSS_FILESYSTEM not set).\n"}
,{"stream_name":"stdout","time":1009.860320298,"data":"🆔 Could not get the current commit hash.\n"}
,{"stream_name":"stdout","time":1009.860360699,"data":"Scored 0.4572 on dataset REG_TEXT_EDU_UDEMY_ACADEMY, fold 3 in 28 seconds. Multimodal state: all 🔥\n"}
,{"stream_name":"stdout","time":1009.860366389,"data":"  REG_TEXT_EDU_UDEMY_ACA/tabm/ft/f3                    = 0.4572  (28.0s)\n"}
,{"stream_name":"stderr","time":1010.046531966,"data":"fatal: not a git repository (or any parent up to mount point /kaggle)\n"}
,{"stream_name":"stderr","time":1010.04659789,"data":"Stopping at filesystem boundary (GIT_DISCOVERY_ACROSS_FILESYSTEM not set).\n"}
,{"stream_name":"stderr","time":1010.046605916,"data":"\n"}
,{"stream_name":"stderr","time":1010.04661052,"data":"fatal: not a git repository (or any parent up to mount point /kaggle)\n"}
,{"stream_name":"stderr","time":1010.046615081,"data":"Stopping at filesystem boundary (GIT_DISCOVERY_ACROSS_FILESYSTEM not set).\n"}
,{"stream_name":"stdout","time":1010.04918116,"data":"🎯 Regression variable price had no extreme outliers.\n"}
,{"stream_name":"stdout","time":1010.049207621,"data":"🔭 7 features → light  [tabular: 7]\n"}
,{"stream_name":"stdout","time":1010.049212446,"data":"🔥 Feature importances: price_dis               0.3395\n"}
,{"stream_name":"stdout","time":1010.049216409,"data":"course_lectures         0.1768\n"}
,{"stream_name":"stdout","time":1010.049227267,"data":"coures_reviews          0.1697\n"}
,{"stream_name":"stdout","time":1010.049231111,"data":"course_enrollmenters    0.1454\n"}
,{"stream_name":"stdout","time":1010.04923507,"data":"course_totalHourse      0.0937\n"}
,{"stream_name":"stdout","time":1010.049238977,"data":"course_rating           0.0613\n"}
,{"stream_name":"stdout","time":1010.049242771,"data":"course_level            0.0135\n"}
,{"stream_name":"stdout","time":1010.049246877,"data":"dtype: float64\n"}
,{"stream_name":"stderr","time":1010.928619759,"data":"fatal: not a git repository (or any parent up to mount point /kaggle)\n"}
,{"stream_name":"stderr","time":1010.928686509,"data":"Stopping at filesystem boundary (GIT_DISCOVERY_ACROSS_FILESYSTEM not set).\n"}
,{"stream_name":"stdout","time":1010.934300021,"data":"🆔 Could not get the current commit hash.\n"}
,{"stream_name":"stdout","time":1010.934337014,"data":"Scored 0.2197 on dataset REG_TEXT_EDU_UDEMY_ACADEMY, fold 4 in 1 seconds. Multimodal state: no_text 😶\n"}
,{"stream_name":"stdout","time":1010.934344292,"data":"  REG_TEXT_EDU_UDEMY_ACA/light/no_text/f4              = 0.2197  (1.0s)\n"}
,{"stream_name":"stderr","time":1011.131501461,"data":"fatal: not a git repository (or any parent up to mount point /kaggle)\n"}
,{"stream_name":"stderr","time":1011.131537855,"data":"Stopping at filesystem boundary (GIT_DISCOVERY_ACROSS_FILESYSTEM not set).\n"}
,{"stream_name":"stderr","time":1011.131542649,"data":"\n"}
,{"stream_name":"stderr","time":1011.131546247,"data":"fatal: not a git repository (or any parent up to mount point /kaggle)\n"}
,{"stream_name":"stderr","time":1011.131549913,"data":"Stopping at filesystem boundary (GIT_DISCOVERY_ACROSS_FILESYSTEM not set).\n"}
,{"stream_name":"stdout","time":1011.132625921,"data":"🎯 Regression variable price had no extreme outliers.\n"}
,{"stream_name":"stdout","time":1011.132641495,"data":"Fitting E5ColumnEncoder for column course_instr with model intfloat/e5-small-v2 for 2430 texts\n"}
,{"stream_name":"stdout","time":1013.257536033,"data":"🔍 [PCA variance] course_instr: 0.413\n"}
,{"stream_name":"stdout","time":1013.257584578,"data":"Fitting E5ColumnEncoder for column course_name with model intfloat/e5-small-v2 for 2430 texts\n"}
,{"stream_name":"stdout","time":1015.074855503,"data":"🔍 [PCA variance] course_name: 0.441\n"}
,{"stream_name":"stdout","time":1018.942210791,"data":"🔭 60 features → light  [tabular: 0 | txt_emb: 60]\n"}
,{"stream_name":"stdout","time":1019.381268121,"data":"🔥 Feature importances: course_instr_txt    0.5901\n"}
,{"stream_name":"stdout","time":1019.381326677,"data":"course_name_txt     0.4099\n"}
,{"stream_name":"stdout","time":1019.381333821,"data":"dtype: float64\n"}
,{"stream_name":"stderr","time":1020.008146706,"data":"fatal: not a git repository (or any parent up to mount point /kaggle)\n"}
,{"stream_name":"stderr","time":1020.008186073,"data":"Stopping at filesystem boundary (GIT_DISCOVERY_ACROSS_FILESYSTEM not set).\n"}
,{"stream_name":"stdout","time":1020.019839969,"data":"🆔 Could not get the current commit hash.\n"}
,{"stream_name":"stdout","time":1020.01986427,"data":"Scored 0.0854 on dataset REG_TEXT_EDU_UDEMY_ACADEMY, fold 4 in 9 seconds. Multimodal state: text_only 📝\n"}
,{"stream_name":"stdout","time":1020.019870061,"data":"  REG_TEXT_EDU_UDEMY_ACA/light/text_only/f4            = 0.0854  (9.0s)\n"}
,{"stream_name":"stderr","time":1020.590392315,"data":"fatal: not a git repository (or any parent up to mount point /kaggle)\n"}
,{"stream_name":"stderr","time":1020.590440068,"data":"Stopping at filesystem boundary (GIT_DISCOVERY_ACROSS_FILESYSTEM not set).\n"}
,{"stream_name":"stderr","time":1020.590444987,"data":"\n"}
,{"stream_name":"stderr","time":1020.590449075,"data":"fatal: not a git repository (or any parent up to mount point /kaggle)\n"}
,{"stream_name":"stderr","time":1020.59046762,"data":"Stopping at filesystem boundary (GIT_DISCOVERY_ACROSS_FILESYSTEM not set).\n"}
,{"stream_name":"stdout","time":1020.591395657,"data":"🎯 Regression variable price had no extreme outliers.\n"}
,{"stream_name":"stdout","time":1020.591418655,"data":"Fitting E5ColumnEncoder for column course_instr with model intfloat/e5-small-v2 for 2430 texts\n"}
,{"stream_name":"stdout","time":1022.422379576,"data":"🔍 [PCA variance] course_instr: 0.413\n"}
,{"stream_name":"stdout","time":1022.422443667,"data":"Fitting E5ColumnEncoder for column course_name with model intfloat/e5-small-v2 for 2430 texts\n"}
,{"stream_name":"stdout","time":1024.350744799,"data":"🔍 [PCA variance] course_name: 0.441\n"}
,{"stream_name":"stdout","time":1028.242549202,"data":"🔭 67 features → light  [tabular: 7 | txt_emb: 60]\n"}
,{"stream_name":"stdout","time":1028.729654661,"data":"🔥 Feature importances: course_instr_txt        0.4418\n"}
,{"stream_name":"stdout","time":1028.729710105,"data":"price_dis               0.2336\n"}
,{"stream_name":"stdout","time":1028.729717326,"data":"course_name_txt         0.2167\n"}
,{"stream_name":"stdout","time":1028.729722831,"data":"course_lectures         0.0449\n"}
,{"stream_name":"stdout","time":1028.729727357,"data":"coures_reviews          0.0409\n"}
,{"stream_name":"stdout","time":1028.729732044,"data":"course_enrollmenters    0.0127\n"}
,{"stream_name":"stdout","time":1028.729736852,"data":"course_totalHourse      0.0070\n"}
,{"stream_name":"stdout","time":1028.729741091,"data":"course_rating           0.0020\n"}
,{"stream_name":"stdout","time":1028.72974487,"data":"course_level            0.0003\n"}
,{"stream_name":"stdout","time":1028.729749367,"data":"dtype: float64\n"}
,{"stream_name":"stderr","time":1029.15795761,"data":"fatal: not a git repository (or any parent up to mount point /kaggle)\n"}
,{"stream_name":"stderr","time":1029.158051095,"data":"Stopping at filesystem boundary (GIT_DISCOVERY_ACROSS_FILESYSTEM not set).\n"}
,{"stream_name":"stdout","time":1029.165992044,"data":"🆔 Could not get the current commit hash.\n"}
,{"stream_name":"stdout","time":1029.166062615,"data":"Scored 0.4252 on dataset REG_TEXT_EDU_UDEMY_ACADEMY, fold 4 in 9 seconds. Multimodal state: all 🔥\n"}
,{"stream_name":"stdout","time":1029.166070203,"data":"  REG_TEXT_EDU_UDEMY_ACA/light/all/f4                  = 0.4252  (9.1s)\n"}
,{"stream_name":"stdout","time":1029.232749854,"data":"🎯 Regression variable price had no extreme outliers.\n"}
,{"stream_name":"stdout","time":1029.2328083,"data":"[ft] epochs=10, max_length capped by tar_cache\n"}
,{"stream_name":"stderr","time":1029.36069524,"data":"fatal: not a git repository (or any parent up to mount point /kaggle)\n"}
,{"stream_name":"stderr","time":1029.360760314,"data":"Stopping at filesystem boundary (GIT_DISCOVERY_ACROSS_FILESYSTEM not set).\n"}
,{"stream_name":"stderr","time":1029.36076796,"data":"\n"}
,{"stream_name":"stderr","time":1029.360773328,"data":"fatal: not a git repository (or any parent up to mount point /kaggle)\n"}
,{"stream_name":"stderr","time":1029.360778862,"data":"Stopping at filesystem boundary (GIT_DISCOVERY_ACROSS_FILESYSTEM not set).\n"}
,{"stream_name":"stdout","time":1030.042586214,"data":"Finetuning single E5 (intfloat/e5-small-v2) for 2 columns with 4374 train examples (passage: col_name: col_val)\n"}
,{"stream_name":"stdout","time":1030.299862317,"data":"[Dataset] train: n=4374, val: n=486\n"}
,{"stream_name":"stdout","time":1030.299897153,"data":"[Dataset] train_y.shape=(4374,), val_y.shape=(486,) (y = labels)\n"}
,{"stream_name":"stdout","time":1030.299903209,"data":"[Steps] batch_size=256 → 18 steps/epoch → 180 total steps (10 epochs)\n"}
,{"stream_name":"stderr","time":1030.753151663,"data":"BertModel LOAD REPORT from: intfloat/e5-small-v2\n"}
,{"stream_name":"stderr","time":1030.753214595,"data":"Key                     | Status     |  | \n"}
,{"stream_name":"stderr","time":1030.753221981,"data":"------------------------+------------+--+-\n"}
,{"stream_name":"stderr","time":1030.753227537,"data":"embeddings.position_ids | UNEXPECTED |  | \n"}
,{"stream_name":"stderr","time":1030.753252899,"data":"\n"}
,{"stream_name":"stderr","time":1030.753257253,"data":"Notes:\n"}
,{"stream_name":"stderr","time":1030.753260593,"data":"- UNEXPECTED\t:can be ignored when loading from different task/architecture; not ok if you expect identical arch.\n"}
,{"stream_name":"stderr","time":1030.753264194,"data":"\n"}
,{"stream_name":"stderr","time":1030.753267765,"data":"BertModel LOAD REPORT from: intfloat/e5-small-v2\n"}
,{"stream_name":"stderr","time":1030.753271183,"data":"Key                     | Status     |  | \n"}
,{"stream_name":"stderr","time":1030.753274897,"data":"------------------------+------------+--+-\n"}
,{"stream_name":"stderr","time":1030.753278584,"data":"embeddings.position_ids | UNEXPECTED |  | \n"}
,{"stream_name":"stderr","time":1030.753281759,"data":"\n"}
,{"stream_name":"stderr","time":1030.753284906,"data":"Notes:\n"}
,{"stream_name":"stderr","time":1030.753288306,"data":"- UNEXPECTED\t:can be ignored when loading from different task/architecture; not ok if you expect identical arch.\n"}
,{"stream_name":"stdout","time":1031.547836737,"data":"🦜 Doing LoRA on last 3 layers of intfloat/e5-small-v2 with rank 16\n"}
,{"stream_name":"stdout","time":1031.547895375,"data":"[Trainable parameters per layer (E5)]\n"}
,{"stream_name":"stdout","time":1031.547901351,"data":"  layer.9: 110,592\n"}
,{"stream_name":"stdout","time":1031.547905862,"data":"  layer.10: 110,592\n"}
,{"stream_name":"stdout","time":1031.547909597,"data":"  layer.11: 110,592\n"}
,{"stream_name":"stdout","time":1031.547912907,"data":"  head: 3,465\n"}
,{"stream_name":"stdout","time":1031.547916626,"data":"  total trainable: 335,241  (frozen: 33,360,000)\n"}
,{"stream_name":"stderr","time":1087.775917601,"data":"BertModel LOAD REPORT from: intfloat/e5-small-v2\n"}
,{"stream_name":"stderr","time":1087.77597686,"data":"Key                     | Status     |  | \n"}
,{"stream_name":"stderr","time":1087.775982529,"data":"------------------------+------------+--+-\n"}
,{"stream_name":"stderr","time":1087.775985961,"data":"embeddings.position_ids | UNEXPECTED |  | \n"}
,{"stream_name":"stderr","time":1087.77598911,"data":"\n"}
,{"stream_name":"stderr","time":1087.77599211,"data":"Notes:\n"}
,{"stream_name":"stderr","time":1087.775995249,"data":"- UNEXPECTED\t:can be ignored when loading from different task/architecture; not ok if you expect identical arch.\n"}
,{"stream_name":"stderr","time":1087.77599891,"data":"\n"}
,{"stream_name":"stderr","time":1087.776001739,"data":"BertModel LOAD REPORT from: intfloat/e5-small-v2\n"}
,{"stream_name":"stderr","time":1087.77600476,"data":"Key                     | Status     |  | \n"}
,{"stream_name":"stderr","time":1087.776007763,"data":"------------------------+------------+--+-\n"}
,{"stream_name":"stderr","time":1087.776010945,"data":"embeddings.position_ids | UNEXPECTED |  | \n"}
,{"stream_name":"stderr","time":1087.776013877,"data":"\n"}
,{"stream_name":"stderr","time":1087.77601681,"data":"Notes:\n"}
,{"stream_name":"stderr","time":1087.776019709,"data":"- UNEXPECTED\t:can be ignored when loading from different task/architecture; not ok if you expect identical arch.\n"}
,{"stream_name":"stdout","time":1090.759924971,"data":"🔍 [PCA variance] course_instr: 0.432\n"}
,{"stream_name":"stdout","time":1093.123332588,"data":"🔍 [PCA variance] course_name: 0.454\n"}
,{"stream_name":"stdout","time":1097.444461665,"data":"🔭 67 features → light  [tabular: 7 | txt_emb: 60]\n"}
,{"stream_name":"stdout","time":1097.919720029,"data":"🔥 Feature importances: course_instr_txt        0.4360\n"}
,{"stream_name":"stdout","time":1097.919794266,"data":"price_dis               0.2331\n"}
,{"stream_name":"stdout","time":1097.919800982,"data":"course_name_txt         0.2319\n"}
,{"stream_name":"stdout","time":1097.919804887,"data":"coures_reviews          0.0411\n"}
,{"stream_name":"stdout","time":1097.919808207,"data":"course_lectures         0.0407\n"}
,{"stream_name":"stdout","time":1097.919811733,"data":"course_enrollmenters    0.0103\n"}
,{"stream_name":"stdout","time":1097.919815034,"data":"course_totalHourse      0.0059\n"}
,{"stream_name":"stdout","time":1097.919818341,"data":"course_rating           0.0010\n"}
,{"stream_name":"stdout","time":1097.919821611,"data":"course_level            0.0000\n"}
,{"stream_name":"stdout","time":1097.919825078,"data":"dtype: float64\n"}
,{"stream_name":"stderr","time":1098.316391002,"data":"fatal: not a git repository (or any parent up to mount point /kaggle)\n"}
,{"stream_name":"stderr","time":1098.31642684,"data":"Stopping at filesystem boundary (GIT_DISCOVERY_ACROSS_FILESYSTEM not set).\n"}
,{"stream_name":"stdout","time":1098.341672306,"data":"🆔 Could not get the current commit hash.\n"}
,{"stream_name":"stdout","time":1098.341738051,"data":"Scored 0.4329 on dataset REG_TEXT_EDU_UDEMY_ACADEMY, fold 4 in 69 seconds. Multimodal state: all 🔥\n"}
,{"stream_name":"stdout","time":1098.341742882,"data":"  REG_TEXT_EDU_UDEMY_ACA/light/ft/f4                   = 0.4329  (69.1s)\n"}
,{"stream_name":"stderr","time":1098.521782086,"data":"fatal: not a git repository (or any parent up to mount point /kaggle)\n"}
,{"stream_name":"stderr","time":1098.521823527,"data":"Stopping at filesystem boundary (GIT_DISCOVERY_ACROSS_FILESYSTEM not set).\n"}
,{"stream_name":"stderr","time":1098.521827677,"data":"\n"}
,{"stream_name":"stderr","time":1098.521830662,"data":"fatal: not a git repository (or any parent up to mount point /kaggle)\n"}
,{"stream_name":"stderr","time":1098.522021317,"data":"Stopping at filesystem boundary (GIT_DISCOVERY_ACROSS_FILESYSTEM not set).\n"}
,{"stream_name":"stdout","time":1098.522709322,"data":"🎯 Regression variable price had no extreme outliers.\n"}
,{"stream_name":"stdout","time":1098.522729092,"data":"🔭 7 features → cat  [tabular: 7]\n"}
,{"stream_name":"stderr","time":1100.931326431,"data":"fatal: not a git repository (or any parent up to mount point /kaggle)\n"}
,{"stream_name":"stderr","time":1100.931364063,"data":"Stopping at filesystem boundary (GIT_DISCOVERY_ACROSS_FILESYSTEM not set).\n"}
,{"stream_name":"stdout","time":1100.937629552,"data":"🆔 Could not get the current commit hash.\n"}
,{"stream_name":"stdout","time":1100.937656075,"data":"Scored 0.2525 on dataset REG_TEXT_EDU_UDEMY_ACADEMY, fold 4 in 2 seconds. Multimodal state: no_text 😶\n"}
,{"stream_name":"stdout","time":1100.937663719,"data":"  REG_TEXT_EDU_UDEMY_ACA/cat/no_text/f4                = 0.2525  (2.5s)\n"}
,{"stream_name":"stderr","time":1101.135221085,"data":"fatal: not a git repository (or any parent up to mount point /kaggle)\n"}
,{"stream_name":"stderr","time":1101.135272843,"data":"Stopping at filesystem boundary (GIT_DISCOVERY_ACROSS_FILESYSTEM not set).\n"}
,{"stream_name":"stderr","time":1101.135280306,"data":"\n"}
,{"stream_name":"stderr","time":1101.135284818,"data":"fatal: not a git repository (or any parent up to mount point /kaggle)\n"}
,{"stream_name":"stderr","time":1101.135289439,"data":"Stopping at filesystem boundary (GIT_DISCOVERY_ACROSS_FILESYSTEM not set).\n"}
,{"stream_name":"stdout","time":1101.136042473,"data":"🎯 Regression variable price had no extreme outliers.\n"}
,{"stream_name":"stdout","time":1101.136064771,"data":"Fitting E5ColumnEncoder for column course_instr with model intfloat/e5-small-v2 for 2430 texts\n"}
,{"stream_name":"stdout","time":1103.337412513,"data":"🔍 [PCA variance] course_instr: 0.413\n"}
,{"stream_name":"stdout","time":1103.33745947,"data":"Fitting E5ColumnEncoder for column course_name with model intfloat/e5-small-v2 for 2430 texts\n"}
,{"stream_name":"stdout","time":1105.227322057,"data":"🔍 [PCA variance] course_name: 0.441\n"}
,{"stream_name":"stdout","time":1109.091628816,"data":"🔭 60 features → cat  [tabular: 0 | txt_emb: 60]\n"}
,{"stream_name":"stderr","time":1121.139951577,"data":"fatal: not a git repository (or any parent up to mount point /kaggle)\n"}
,{"stream_name":"stderr","time":1121.140020334,"data":"Stopping at filesystem boundary (GIT_DISCOVERY_ACROSS_FILESYSTEM not set).\n"}
,{"stream_name":"stdout","time":1121.147127485,"data":"🆔 Could not get the current commit hash.\n"}
,{"stream_name":"stdout","time":1121.147150536,"data":"Scored 0.1145 on dataset REG_TEXT_EDU_UDEMY_ACADEMY, fold 4 in 20 seconds. Multimodal state: text_only 📝\n"}
,{"stream_name":"stdout","time":1121.147156596,"data":"  REG_TEXT_EDU_UDEMY_ACA/cat/text_only/f4              = 0.1145  (20.2s)\n"}
,{"stream_name":"stdout","time":1121.343425363,"data":"🎯 Regression variable price had no extreme outliers.\n"}
,{"stream_name":"stdout","time":1121.343465991,"data":"Fitting E5ColumnEncoder for column course_instr with model intfloat/e5-small-v2 for 2430 texts\n"}
,{"stream_name":"stderr","time":1121.344495597,"data":"fatal: not a git repository (or any parent up to mount point /kaggle)\n"}
,{"stream_name":"stderr","time":1121.344523078,"data":"Stopping at filesystem boundary (GIT_DISCOVERY_ACROSS_FILESYSTEM not set).\n"}
,{"stream_name":"stderr","time":1121.344529781,"data":"\n"}
,{"stream_name":"stderr","time":1121.344534954,"data":"fatal: not a git repository (or any parent up to mount point /kaggle)\n"}
,{"stream_name":"stderr","time":1121.344539698,"data":"Stopping at filesystem boundary (GIT_DISCOVERY_ACROSS_FILESYSTEM not set).\n"}
,{"stream_name":"stdout","time":1123.526608713,"data":"🔍 [PCA variance] course_instr: 0.413\n"}
,{"stream_name":"stdout","time":1123.526654923,"data":"Fitting E5ColumnEncoder for column course_name with model intfloat/e5-small-v2 for 2430 texts\n"}
,{"stream_name":"stdout","time":1125.704592645,"data":"🔍 [PCA variance] course_name: 0.441\n"}
,{"stream_name":"stdout","time":1129.610519739,"data":"🔭 67 features → cat  [tabular: 7 | txt_emb: 60]\n"}
,{"stream_name":"stderr","time":1149.309443508,"data":"fatal: not a git repository (or any parent up to mount point /kaggle)\n"}
,{"stream_name":"stderr","time":1149.309524211,"data":"Stopping at filesystem boundary (GIT_DISCOVERY_ACROSS_FILESYSTEM not set).\n"}
,{"stream_name":"stdout","time":1149.351178521,"data":"🆔 Could not get the current commit hash.\n"}
,{"stream_name":"stdout","time":1149.351214186,"data":"Scored 0.4058 on dataset REG_TEXT_EDU_UDEMY_ACADEMY, fold 4 in 28 seconds. Multimodal state: all 🔥\n"}
,{"stream_name":"stdout","time":1149.351220121,"data":"  REG_TEXT_EDU_UDEMY_ACA/cat/all/f4                    = 0.4058  (28.1s)\n"}
,{"stream_name":"stdout","time":1149.427158158,"data":"🎯 Regression variable price had no extreme outliers.\n"}
,{"stream_name":"stdout","time":1149.427196415,"data":"[ft] epochs=10, max_length capped by tar_cache\n"}
,{"stream_name":"stderr","time":1149.54329894,"data":"fatal: not a git repository (or any parent up to mount point /kaggle)\n"}
,{"stream_name":"stderr","time":1149.543347368,"data":"Stopping at filesystem boundary (GIT_DISCOVERY_ACROSS_FILESYSTEM not set).\n"}
,{"stream_name":"stderr","time":1149.543352283,"data":"\n"}
,{"stream_name":"stderr","time":1149.543355588,"data":"fatal: not a git repository (or any parent up to mount point /kaggle)\n"}
,{"stream_name":"stderr","time":1149.543387769,"data":"Stopping at filesystem boundary (GIT_DISCOVERY_ACROSS_FILESYSTEM not set).\n"}
,{"stream_name":"stdout","time":1150.588719469,"data":"Finetuning single E5 (intfloat/e5-small-v2) for 2 columns with 4374 train examples (passage: col_name: col_val)\n"}
,{"stream_name":"stderr","time":1151.406126565,"data":"BertModel LOAD REPORT from: intfloat/e5-small-v2\n"}
,{"stream_name":"stderr","time":1151.406161918,"data":"Key                     | Status     |  | \n"}
,{"stream_name":"stderr","time":1151.406165168,"data":"------------------------+------------+--+-\n"}
,{"stream_name":"stderr","time":1151.406167751,"data":"embeddings.position_ids | UNEXPECTED |  | \n"}
,{"stream_name":"stderr","time":1151.406170102,"data":"\n"}
,{"stream_name":"stderr","time":1151.406172452,"data":"Notes:\n"}
,{"stream_name":"stderr","time":1151.406174782,"data":"- UNEXPECTED\t:can be ignored when loading from different task/architecture; not ok if you expect identical arch.\n"}
,{"stream_name":"stderr","time":1151.406177743,"data":"\n"}
,{"stream_name":"stderr","time":1151.406179903,"data":"BertModel LOAD REPORT from: intfloat/e5-small-v2\n"}
,{"stream_name":"stderr","time":1151.406182219,"data":"Key                     | Status     |  | \n"}
,{"stream_name":"stderr","time":1151.40618444,"data":"------------------------+------------+--+-\n"}
,{"stream_name":"stderr","time":1151.40618682,"data":"embeddings.position_ids | UNEXPECTED |  | \n"}
,{"stream_name":"stderr","time":1151.40618906,"data":"\n"}
,{"stream_name":"stderr","time":1151.406191307,"data":"Notes:\n"}
,{"stream_name":"stderr","time":1151.406193522,"data":"- UNEXPECTED\t:can be ignored when loading from different task/architecture; not ok if you expect identical arch.\n"}
,{"stream_name":"stdout","time":1152.450343658,"data":"[tar_cache] hit 096fb792fc15 -- skipping E5 fine-tuning (4374 train examples)\n"}
,{"stream_name":"stdout","time":1154.737812678,"data":"🔍 [PCA variance] course_instr: 0.432\n"}
,{"stream_name":"stdout","time":1156.859731201,"data":"🔍 [PCA variance] course_name: 0.454\n"}
,{"stream_name":"stdout","time":1161.245487367,"data":"🔭 67 features → cat  [tabular: 7 | txt_emb: 60]\n"}
,{"stream_name":"stderr","time":1178.133511557,"data":"fatal: not a git repository (or any parent up to mount point /kaggle)\n"}
,{"stream_name":"stderr","time":1178.13355656,"data":"Stopping at filesystem boundary (GIT_DISCOVERY_ACROSS_FILESYSTEM not set).\n"}
,{"stream_name":"stdout","time":1178.148537476,"data":"🆔 Could not get the current commit hash.\n"}
,{"stream_name":"stdout","time":1178.148590873,"data":"Scored 0.4476 on dataset REG_TEXT_EDU_UDEMY_ACADEMY, fold 4 in 28 seconds. Multimodal state: all 🔥\n"}
,{"stream_name":"stdout","time":1178.148598434,"data":"  REG_TEXT_EDU_UDEMY_ACA/cat/ft/f4                     = 0.4476  (28.7s)\n"}
,{"stream_name":"stderr","time":1178.336654438,"data":"fatal: not a git repository (or any parent up to mount point /kaggle)\n"}
,{"stream_name":"stderr","time":1178.336692457,"data":"Stopping at filesystem boundary (GIT_DISCOVERY_ACROSS_FILESYSTEM not set).\n"}
,{"stream_name":"stderr","time":1178.336698879,"data":"/usr/local/lib/python3.12/dist-packages/sklearn/utils/deprecation.py:151: FutureWarning: 'force_all_finite' was renamed to 'ensure_all_finite' in 1.6 and will be removed in 1.8.\n"}
,{"stream_name":"stderr","time":1178.336704815,"data":"  warnings.warn(\n"}
,{"stream_name":"stderr","time":1178.336709366,"data":"/usr/local/lib/python3.12/dist-packages/sklearn/utils/deprecation.py:151: FutureWarning: 'force_all_finite' was renamed to 'ensure_all_finite' in 1.6 and will be removed in 1.8.\n"}
,{"stream_name":"stderr","time":1178.336733094,"data":"  warnings.warn(\n"}
,{"stream_name":"stderr","time":1178.336737076,"data":"\n"}
,{"stream_name":"stderr","time":1178.336741131,"data":"fatal: not a git repository (or any parent up to mount point /kaggle)\n"}
,{"stream_name":"stderr","time":1178.336744813,"data":"Stopping at filesystem boundary (GIT_DISCOVERY_ACROSS_FILESYSTEM not set).\n"}
,{"stream_name":"stderr","time":1178.336749158,"data":"/usr/local/lib/python3.12/dist-packages/sklearn/utils/deprecation.py:151: FutureWarning: 'force_all_finite' was renamed to 'ensure_all_finite' in 1.6 and will be removed in 1.8.\n"}
,{"stream_name":"stderr","time":1178.336753406,"data":"  warnings.warn(\n"}
,{"stream_name":"stderr","time":1178.336756883,"data":"/usr/local/lib/python3.12/dist-packages/sklearn/utils/deprecation.py:151: FutureWarning: 'force_all_finite' was renamed to 'ensure_all_finite' in 1.6 and will be removed in 1.8.\n"}
,{"stream_name":"stderr","time":1178.336760624,"data":"  warnings.warn(\n"}
,{"stream_name":"stdout","time":1178.337698361,"data":"🎯 Regression variable price had no extreme outliers.\n"}
,{"stream_name":"stdout","time":1178.337748368,"data":"🔭 7 features → tabm  [tabular: 7]\n"}
,{"stream_name":"stderr","time":1182.437224514,"data":"/usr/local/lib/python3.12/dist-packages/sklearn/utils/deprecation.py:151: FutureWarning: 'force_all_finite' was renamed to 'ensure_all_finite' in 1.6 and will be removed in 1.8.\n"}
,{"stream_name":"stderr","time":1182.437263196,"data":"  warnings.warn(\n"}
,{"stream_name":"stderr","time":1182.437268553,"data":"\n"}
,{"stream_name":"stderr","time":1182.437272319,"data":"/usr/local/lib/python3.12/dist-packages/sklearn/utils/deprecation.py:151: FutureWarning: 'force_all_finite' was renamed to 'ensure_all_finite' in 1.6 and will be removed in 1.8.\n"}
,{"stream_name":"stderr","time":1182.437277226,"data":"  warnings.warn(\n"}
,{"stream_name":"stderr","time":1182.71663047,"data":"fatal: not a git repository (or any parent up to mount point /kaggle)\n"}
,{"stream_name":"stderr","time":1182.71666963,"data":"Stopping at filesystem boundary (GIT_DISCOVERY_ACROSS_FILESYSTEM not set).\n"}
,{"stream_name":"stdout","time":1182.722866927,"data":"🆔 Could not get the current commit hash.\n"}
,{"stream_name":"stdout","time":1182.722888387,"data":"Scored 0.2880 on dataset REG_TEXT_EDU_UDEMY_ACADEMY, fold 4 in 4 seconds. Multimodal state: no_text 😶\n"}
,{"stream_name":"stdout","time":1182.72289334,"data":"  REG_TEXT_EDU_UDEMY_ACA/tabm/no_text/f4               = 0.2880  (4.5s)\n"}
,{"stream_name":"stderr","time":1182.919695936,"data":"fatal: not a git repository (or any parent up to mount point /kaggle)\n"}
,{"stream_name":"stderr","time":1182.919734695,"data":"Stopping at filesystem boundary (GIT_DISCOVERY_ACROSS_FILESYSTEM not set).\n"}
,{"stream_name":"stderr","time":1182.91973986,"data":"\n"}
,{"stream_name":"stderr","time":1182.919743496,"data":"fatal: not a git repository (or any parent up to mount point /kaggle)\n"}
,{"stream_name":"stderr","time":1182.919747209,"data":"Stopping at filesystem boundary (GIT_DISCOVERY_ACROSS_FILESYSTEM not set).\n"}
,{"stream_name":"stdout","time":1182.920531619,"data":"🎯 Regression variable price had no extreme outliers.\n"}
,{"stream_name":"stdout","time":1182.920548348,"data":"Fitting E5ColumnEncoder for column course_instr with model intfloat/e5-small-v2 for 2430 texts\n"}
,{"stream_name":"stdout","time":1184.945580769,"data":"🔍 [PCA variance] course_instr: 0.413\n"}
,{"stream_name":"stdout","time":1184.945634754,"data":"Fitting E5ColumnEncoder for column course_name with model intfloat/e5-small-v2 for 2430 texts\n"}
,{"stream_name":"stdout","time":1186.846802334,"data":"🔍 [PCA variance] course_name: 0.441\n"}
,{"stream_name":"stdout","time":1190.735723232,"data":"🔭 60 features → tabm  [tabular: 0 | txt_emb: 60]\n"}
,{"stream_name":"stderr","time":1190.7366757,"data":"/usr/local/lib/python3.12/dist-packages/sklearn/utils/deprecation.py:151: FutureWarning: 'force_all_finite' was renamed to 'ensure_all_finite' in 1.6 and will be removed in 1.8.\n"}
,{"stream_name":"stderr","time":1190.736702141,"data":"  warnings.warn(\n"}
,{"stream_name":"stderr","time":1190.736708543,"data":"/usr/local/lib/python3.12/dist-packages/sklearn/utils/deprecation.py:151: FutureWarning: 'force_all_finite' was renamed to 'ensure_all_finite' in 1.6 and will be removed in 1.8.\n"}
,{"stream_name":"stderr","time":1190.736879326,"data":"  warnings.warn(\n"}
,{"stream_name":"stderr","time":1190.736915473,"data":"\n"}
,{"stream_name":"stderr","time":1190.736921682,"data":"/usr/local/lib/python3.12/dist-packages/sklearn/utils/deprecation.py:151: FutureWarning: 'force_all_finite' was renamed to 'ensure_all_finite' in 1.6 and will be removed in 1.8.\n"}
,{"stream_name":"stderr","time":1190.736927396,"data":"  warnings.warn(\n"}
,{"stream_name":"stderr","time":1190.736932482,"data":"/usr/local/lib/python3.12/dist-packages/sklearn/utils/deprecation.py:151: FutureWarning: 'force_all_finite' was renamed to 'ensure_all_finite' in 1.6 and will be removed in 1.8.\n"}
,{"stream_name":"stderr","time":1190.73693847,"data":"  warnings.warn(\n"}
,{"stream_name":"stderr","time":1197.299164393,"data":"fatal: not a git repository (or any parent up to mount point /kaggle)\n"}
,{"stream_name":"stderr","time":1197.299210125,"data":"Stopping at filesystem boundary (GIT_DISCOVERY_ACROSS_FILESYSTEM not set).\n"}
,{"stream_name":"stdout","time":1197.305347208,"data":"🆔 Could not get the current commit hash.\n"}
,{"stream_name":"stdout","time":1197.305384017,"data":"Scored 0.1009 on dataset REG_TEXT_EDU_UDEMY_ACADEMY, fold 4 in 14 seconds. Multimodal state: text_only 📝\n"}
,{"stream_name":"stdout","time":1197.305395783,"data":"  REG_TEXT_EDU_UDEMY_ACA/tabm/text_only/f4             = 0.1009  (14.5s)\n"}
,{"stream_name":"stderr","time":1197.421723938,"data":"/usr/local/lib/python3.12/dist-packages/sklearn/utils/deprecation.py:151: FutureWarning: 'force_all_finite' was renamed to 'ensure_all_finite' in 1.6 and will be removed in 1.8.\n"}
,{"stream_name":"stderr","time":1197.421761781,"data":"  warnings.warn(\n"}
,{"stream_name":"stderr","time":1197.421767749,"data":"fatal: not a git repository (or any parent up to mount point /kaggle)\n"}
,{"stream_name":"stderr","time":1197.421773123,"data":"Stopping at filesystem boundary (GIT_DISCOVERY_ACROSS_FILESYSTEM not set).\n"}
,{"stream_name":"stderr","time":1197.421778396,"data":"\n"}
,{"stream_name":"stderr","time":1197.421783607,"data":"/usr/local/lib/python3.12/dist-packages/sklearn/utils/deprecation.py:151: FutureWarning: 'force_all_finite' was renamed to 'ensure_all_finite' in 1.6 and will be removed in 1.8.\n"}
,{"stream_name":"stderr","time":1197.421789415,"data":"  warnings.warn(\n"}
,{"stream_name":"stderr","time":1197.42179455,"data":"fatal: not a git repository (or any parent up to mount point /kaggle)\n"}
,{"stream_name":"stderr","time":1197.421800626,"data":"Stopping at filesystem boundary (GIT_DISCOVERY_ACROSS_FILESYSTEM not set).\n"}
,{"stream_name":"stdout","time":1197.510621777,"data":"🎯 Regression variable price had no extreme outliers.\n"}
,{"stream_name":"stdout","time":1197.510668646,"data":"Fitting E5ColumnEncoder for column course_instr with model intfloat/e5-small-v2 for 2430 texts\n"}
,{"stream_name":"stdout","time":1199.559415676,"data":"🔍 [PCA variance] course_instr: 0.413\n"}
,{"stream_name":"stdout","time":1199.559464599,"data":"Fitting E5ColumnEncoder for column course_name with model intfloat/e5-small-v2 for 2430 texts\n"}
,{"stream_name":"stdout","time":1201.937528471,"data":"🔍 [PCA variance] course_name: 0.441\n"}
,{"stream_name":"stdout","time":1205.851361965,"data":"🔭 67 features → tabm  [tabular: 7 | txt_emb: 60]\n"}
,{"stream_name":"stderr","time":1205.852274637,"data":"/usr/local/lib/python3.12/dist-packages/sklearn/utils/deprecation.py:151: FutureWarning: 'force_all_finite' was renamed to 'ensure_all_finite' in 1.6 and will be removed in 1.8.\n"}
,{"stream_name":"stderr","time":1205.852306526,"data":"  warnings.warn(\n"}
,{"stream_name":"stderr","time":1205.852313122,"data":"/usr/local/lib/python3.12/dist-packages/sklearn/utils/deprecation.py:151: FutureWarning: 'force_all_finite' was renamed to 'ensure_all_finite' in 1.6 and will be removed in 1.8.\n"}
,{"stream_name":"stderr","time":1205.852318648,"data":"  warnings.warn(\n"}
,{"stream_name":"stderr","time":1205.852323081,"data":"\n"}
,{"stream_name":"stderr","time":1205.852327371,"data":"/usr/local/lib/python3.12/dist-packages/sklearn/utils/deprecation.py:151: FutureWarning: 'force_all_finite' was renamed to 'ensure_all_finite' in 1.6 and will be removed in 1.8.\n"}
,{"stream_name":"stderr","time":1205.852337472,"data":"  warnings.warn(\n"}
,{"stream_name":"stderr","time":1205.852355933,"data":"/usr/local/lib/python3.12/dist-packages/sklearn/utils/deprecation.py:151: FutureWarning: 'force_all_finite' was renamed to 'ensure_all_finite' in 1.6 and will be removed in 1.8.\n"}
,{"stream_name":"stderr","time":1205.852361476,"data":"  warnings.warn(\n"}
,{"stream_name":"stderr","time":1214.45678258,"data":"fatal: not a git repository (or any parent up to mount point /kaggle)\n"}
,{"stream_name":"stderr","time":1214.456845931,"data":"Stopping at filesystem boundary (GIT_DISCOVERY_ACROSS_FILESYSTEM not set).\n"}
,{"stream_name":"stdout","time":1214.514230505,"data":"🆔 Could not get the current commit hash.\n"}
,{"stream_name":"stdout","time":1214.514258529,"data":"Scored 0.4110 on dataset REG_TEXT_EDU_UDEMY_ACADEMY, fold 4 in 17 seconds. Multimodal state: all 🔥\n"}
,{"stream_name":"stdout","time":1214.514264579,"data":"  REG_TEXT_EDU_UDEMY_ACA/tabm/all/f4                   = 0.4110  (17.1s)\n"}
,{"stream_name":"stdout","time":1214.547462839,"data":"🎯 Regression variable price had no extreme outliers.\n"}
,{"stream_name":"stdout","time":1214.547502633,"data":"[ft] epochs=10, max_length capped by tar_cache\n"}
,{"stream_name":"stderr","time":1214.58801404,"data":"/usr/local/lib/python3.12/dist-packages/sklearn/utils/deprecation.py:151: FutureWarning: 'force_all_finite' was renamed to 'ensure_all_finite' in 1.6 and will be removed in 1.8.\n"}
,{"stream_name":"stderr","time":1214.588048695,"data":"  warnings.warn(\n"}
,{"stream_name":"stderr","time":1214.588054642,"data":"fatal: not a git repository (or any parent up to mount point /kaggle)\n"}
,{"stream_name":"stderr","time":1214.588059997,"data":"Stopping at filesystem boundary (GIT_DISCOVERY_ACROSS_FILESYSTEM not set).\n"}
,{"stream_name":"stderr","time":1214.588064723,"data":"\n"}
,{"stream_name":"stderr","time":1214.588069868,"data":"/usr/local/lib/python3.12/dist-packages/sklearn/utils/deprecation.py:151: FutureWarning: 'force_all_finite' was renamed to 'ensure_all_finite' in 1.6 and will be removed in 1.8.\n"}
,{"stream_name":"stderr","time":1214.588075503,"data":"  warnings.warn(\n"}
,{"stream_name":"stderr","time":1214.588080545,"data":"fatal: not a git repository (or any parent up to mount point /kaggle)\n"}
,{"stream_name":"stderr","time":1214.588084962,"data":"Stopping at filesystem boundary (GIT_DISCOVERY_ACROSS_FILESYSTEM not set).\n"}
,{"stream_name":"stdout","time":1215.376195113,"data":"Finetuning single E5 (intfloat/e5-small-v2) for 2 columns with 4374 train examples (passage: col_name: col_val)\n"}
,{"stream_name":"stderr","time":1216.078881457,"data":"BertModel LOAD REPORT from: intfloat/e5-small-v2\n"}
,{"stream_name":"stderr","time":1216.078929079,"data":"Key                     | Status     |  | \n"}
,{"stream_name":"stderr","time":1216.078933125,"data":"------------------------+------------+--+-\n"}
,{"stream_name":"stderr","time":1216.078935706,"data":"embeddings.position_ids | UNEXPECTED |  | \n"}
,{"stream_name":"stderr","time":1216.078938043,"data":"\n"}
,{"stream_name":"stderr","time":1216.078940302,"data":"Notes:\n"}
,{"stream_name":"stderr","time":1216.078942618,"data":"- UNEXPECTED\t:can be ignored when loading from different task/architecture; not ok if you expect identical arch.\n"}
,{"stream_name":"stderr","time":1216.078945928,"data":"\n"}
,{"stream_name":"stderr","time":1216.078948165,"data":"BertModel LOAD REPORT from: intfloat/e5-small-v2\n"}
,{"stream_name":"stderr","time":1216.078950471,"data":"Key                     | Status     |  | \n"}
,{"stream_name":"stderr","time":1216.078952712,"data":"------------------------+------------+--+-\n"}
,{"stream_name":"stderr","time":1216.078955015,"data":"embeddings.position_ids | UNEXPECTED |  | \n"}
,{"stream_name":"stderr","time":1216.078957256,"data":"\n"}
,{"stream_name":"stderr","time":1216.078959392,"data":"Notes:\n"}
,{"stream_name":"stderr","time":1216.078961599,"data":"- UNEXPECTED\t:can be ignored when loading from different task/architecture; not ok if you expect identical arch.\n"}
,{"stream_name":"stdout","time":1217.104348619,"data":"[tar_cache] hit 096fb792fc15 -- skipping E5 fine-tuning (4374 train examples)\n"}
,{"stream_name":"stdout","time":1219.260399273,"data":"🔍 [PCA variance] course_instr: 0.432\n"}
,{"stream_name":"stdout","time":1221.372171337,"data":"🔍 [PCA variance] course_name: 0.454\n"}
,{"stream_name":"stdout","time":1225.689314045,"data":"🔭 67 features → tabm  [tabular: 7 | txt_emb: 60]\n"}
,{"stream_name":"stderr","time":1225.690456593,"data":"/usr/local/lib/python3.12/dist-packages/sklearn/utils/deprecation.py:151: FutureWarning: 'force_all_finite' was renamed to 'ensure_all_finite' in 1.6 and will be removed in 1.8.\n"}
,{"stream_name":"stderr","time":1225.690482634,"data":"  warnings.warn(\n"}
,{"stream_name":"stderr","time":1225.69048911,"data":"/usr/local/lib/python3.12/dist-packages/sklearn/utils/deprecation.py:151: FutureWarning: 'force_all_finite' was renamed to 'ensure_all_finite' in 1.6 and will be removed in 1.8.\n"}
,{"stream_name":"stderr","time":1225.690495127,"data":"  warnings.warn(\n"}
,{"stream_name":"stderr","time":1225.690500177,"data":"\n"}
,{"stream_name":"stderr","time":1225.690504454,"data":"/usr/local/lib/python3.12/dist-packages/sklearn/utils/deprecation.py:151: FutureWarning: 'force_all_finite' was renamed to 'ensure_all_finite' in 1.6 and will be removed in 1.8.\n"}
,{"stream_name":"stderr","time":1225.690509237,"data":"  warnings.warn(\n"}
,{"stream_name":"stderr","time":1225.690513667,"data":"/usr/local/lib/python3.12/dist-packages/sklearn/utils/deprecation.py:151: FutureWarning: 'force_all_finite' was renamed to 'ensure_all_finite' in 1.6 and will be removed in 1.8.\n"}
,{"stream_name":"stderr","time":1225.69052322,"data":"  warnings.warn(\n"}
,{"stream_name":"stderr","time":1237.086640947,"data":"fatal: not a git repository (or any parent up to mount point /kaggle)\n"}
,{"stream_name":"stderr","time":1237.086741483,"data":"Stopping at filesystem boundary (GIT_DISCOVERY_ACROSS_FILESYSTEM not set).\n"}
,{"stream_name":"stdout","time":1237.105851618,"data":"🆔 Could not get the current commit hash.\n"}
,{"stream_name":"stdout","time":1237.105873085,"data":"Scored 0.4177 on dataset REG_TEXT_EDU_UDEMY_ACADEMY, fold 4 in 22 seconds. Multimodal state: all 🔥\n"}
,{"stream_name":"stdout","time":1237.105905126,"data":"  REG_TEXT_EDU_UDEMY_ACA/tabm/ft/f4                    = 0.4177  (22.6s)\n"}
,{"stream_name":"stdout","time":1237.142741076,"data":"\n"}
,{"stream_name":"stdout","time":1237.142759304,"data":"[tar_cache] {'hits': 10, 'misses': 5, 'corrupt': 0} -- 10 of 15 ft runs reused an encoder instead of fine-tuning it again\n"}
,{"stream_name":"stdout","time":1237.142763767,"data":"\n"}
,{"stream_name":"stdout","time":1237.142767128,"data":"================ REG_TEXT_EDU_UDEMY_ACADEMY ================\n"}
,{"stream_name":"stdout","time":1237.142770678,"data":"state    all     ft  no_text  text_only  D_Joint  D_Awareness\n"}
,{"stream_name":"stdout","time":1237.142774186,"data":"model                                                        \n"}
,{"stream_name":"stdout","time":1237.142777786,"data":"cat    0.480  0.501    0.297      0.210    0.183        0.021\n"}
,{"stream_name":"stdout","time":1237.142781254,"data":"light  0.479  0.474    0.261      0.212    0.218       -0.005\n"}
,{"stream_name":"stdout","time":1237.142785444,"data":"tabm   0.504  0.492    0.298      0.221    0.206       -0.012\n"}
,{"stream_name":"stdout","time":1237.142788861,"data":"folds: [np.int64(0), np.int64(1), np.int64(2), np.int64(3), np.int64(4)]\n"}
,{"stream_name":"stdout","time":1237.142792318,"data":"\n"}
,{"stream_name":"stdout","time":1237.142795475,"data":"wrote /kaggle/working/tar_results.csv\n"}
,{"stream_name":"stderr","time":1237.144137855,"data":"/usr/local/lib/python3.12/dist-packages/sklearn/utils/deprecation.py:151: FutureWarning: 'force_all_finite' was renamed to 'ensure_all_finite' in 1.6 and will be removed in 1.8.\n"}
,{"stream_name":"stderr","time":1237.144153927,"data":"  warnings.warn(\n"}
,{"stream_name":"stderr","time":1237.14415791,"data":"fatal: not a git repository (or any parent up to mount point /kaggle)\n"}
,{"stream_name":"stderr","time":1237.144161623,"data":"Stopping at filesystem boundary (GIT_DISCOVERY_ACROSS_FILESYSTEM not set).\n"}
,{"stream_name":"stderr","time":1237.144165268,"data":"\n"}
,{"stream_name":"stderr","time":1237.144447689,"data":"/usr/local/lib/python3.12/dist-packages/sklearn/utils/deprecation.py:151: FutureWarning: 'force_all_finite' was renamed to 'ensure_all_finite' in 1.6 and will be removed in 1.8.\n"}
,{"stream_name":"stderr","time":1237.144455568,"data":"  warnings.warn(\n"}
,{"stream_name":"stderr","time":1237.144459043,"data":"fatal: not a git repository (or any parent up to mount point /kaggle)\n"}
,{"stream_name":"stderr","time":1237.144462697,"data":"Stopping at filesystem boundary (GIT_DISCOVERY_ACROSS_FILESYSTEM not set).\n"}
,{"stream_name":"stderr","time":1242.399810403,"data":"/usr/local/lib/python3.12/dist-packages/mistune.py:435: SyntaxWarning: invalid escape sequence '\\|'\n"}
,{"stream_name":"stderr","time":1242.399850979,"data":"  cells[i][c] = re.sub('\\\\\\\\\\|', '|', cell)\n"}
,{"stream_name":"stderr","time":1242.544832294,"data":"/usr/local/lib/python3.12/dist-packages/nbconvert/filters/filter_links.py:36: SyntaxWarning: invalid escape sequence '\\_'\n"}
,{"stream_name":"stderr","time":1242.544874046,"data":"  text = re.sub(r'_', '\\_', text) # Escape underscores in display text\n"}
,{"stream_name":"stderr","time":1243.120072698,"data":"[NbConvertApp] Converting notebook __notebook__.ipynb to notebook\n"}
,{"stream_name":"stderr","time":1243.586884195,"data":"[NbConvertApp] Writing 456883 bytes to __notebook__.ipynb\n"}
,{"stream_name":"stderr","time":1245.968292767,"data":"[NbConvertApp] Converting notebook __notebook__.ipynb to html\n"}
,{"stream_name":"stderr","time":1246.933770018,"data":"[NbConvertApp] Writing 714890 bytes to __results__.html\n"}
]