"Name","test_score","fold","multimodal_state","model","Created","dataset","Runtime","train_peak_gpu_gb","train_peak_cpu_gb"
"tabpfnv2_REG_IMAGE_AMAZON_BEST_SELLER_4","0.6236359854949095","4","ft","TabPFN-v2 🤯","2026-04-06T23:35:06.000Z","REG_IMAGE_AMAZON_BEST_SELLER","180","2.15216064453125","7.093269348144531"
"tabpfnv2_REG_IMAGE_AMAZON_BEST_SELLER_4","0.6127354736276336","4","all","TabPFN-v2 🤯","2026-04-06T23:34:14.000Z","REG_IMAGE_AMAZON_BEST_SELLER","48","1.75762939453125","3.2644119262695312"
"tabpfnv2p5_REG_IMAGE_AMAZON_BEST_SELLER_4","0.6251017616747264","4","ft","TabPFN-v2p5 🇩🇪","2026-04-06T23:34:08.000Z","REG_IMAGE_AMAZON_BEST_SELLER","127","2.15216064453125","7.026634216308594"
"tabpfnv2p5_REG_IMAGE_AMAZON_BEST_SELLER_4","0.6269553571254529","4","all","TabPFN-v2p5 🇩🇪","2026-04-06T23:26:24.000Z","REG_IMAGE_AMAZON_BEST_SELLER","464","5.48419189453125","3.2707366943359375"
"tabm_REG_IMAGE_AMAZON_BEST_SELLER_4","0.6029076537620233","4","ft","TabM Ⓜ️","2026-04-06T23:22:19.000Z","REG_IMAGE_AMAZON_BEST_SELLER","703","5.48419189453125","6.741455078125"
"tabm_REG_IMAGE_AMAZON_BEST_SELLER_4","0.5754913947530095","4","all","TabM Ⓜ️","2026-04-06T23:21:31.000Z","REG_IMAGE_AMAZON_BEST_SELLER","44","1.45684814453125","3.15496826171875"
"cat_REG_IMAGE_AMAZON_BEST_SELLER_4","0.5932503933190587","4","ft","CatBoost 😸","2026-04-06T23:20:56.000Z","REG_IMAGE_AMAZON_BEST_SELLER","759","5.46466064453125","6.662956237792969"
"cat_REG_IMAGE_AMAZON_BEST_SELLER_4","0.536941712265101","4","all","CatBoost 😸","2026-04-06T23:20:33.000Z","REG_IMAGE_AMAZON_BEST_SELLER","46","5.46466064453125","3.1849441528320312"
"light_REG_IMAGE_AMAZON_BEST_SELLER_4","0.5856565420046553","4","ft","LightGBM 💡","2026-04-06T23:19:31.000Z","REG_IMAGE_AMAZON_BEST_SELLER","114","5.46466064453125","6.653511047363281"
"light_REG_IMAGE_AMAZON_BEST_SELLER_4","0.5182645204480817","4","all","LightGBM 💡","2026-04-06T23:18:54.000Z","REG_IMAGE_AMAZON_BEST_SELLER","35","1.43145751953125","3.076904296875"
"tabpfnv2_REG_IMAGE_AMAZON_BEST_SELLER_3","0.5708868518684577","3","ft","TabPFN-v2 🤯","2026-04-06T23:17:53.000Z","REG_IMAGE_AMAZON_BEST_SELLER","163","5.46466064453125","7.025779724121094"
"tabpfnv2_REG_IMAGE_AMAZON_BEST_SELLER_3","0.5923552509650097","3","all","TabPFN-v2 🤯","2026-04-06T23:17:03.000Z","REG_IMAGE_AMAZON_BEST_SELLER","42","1.43145751953125","3.270618438720703"
"tabpfnv2p5_REG_IMAGE_AMAZON_BEST_SELLER_3","0.5911928407896547","3","ft","TabPFN-v2p5 🇩🇪","2026-04-06T23:16:42.000Z","REG_IMAGE_AMAZON_BEST_SELLER","163","5.48419189453125","7.010292053222656"
"tabpfnv2p5_REG_IMAGE_AMAZON_BEST_SELLER_3","0.6351071183321595","3","all","TabPFN-v2p5 🇩🇪","2026-04-06T23:16:13.000Z","REG_IMAGE_AMAZON_BEST_SELLER","45","5.48419189453125","3.22705078125"
"tabm_REG_IMAGE_AMAZON_BEST_SELLER_3","0.5465710840956868","3","ft","TabM Ⓜ️","2026-04-06T23:15:13.000Z","REG_IMAGE_AMAZON_BEST_SELLER","103","5.48419189453125","6.689487457275391"
"tabm_REG_IMAGE_AMAZON_BEST_SELLER_3","0.5910666580171583","3","all","TabM Ⓜ️","2026-04-06T23:14:23.000Z","REG_IMAGE_AMAZON_BEST_SELLER","46","1.43145751953125","3.087249755859375"
"cat_REG_IMAGE_AMAZON_BEST_SELLER_3","0.5486686482641578","3","ft","CatBoost 😸","2026-04-06T23:13:55.000Z","REG_IMAGE_AMAZON_BEST_SELLER","140","5.46466064453125","6.8236846923828125"
"cat_REG_IMAGE_AMAZON_BEST_SELLER_3","0.5156327687222022","3","all","CatBoost 😸","2026-04-06T23:13:17.000Z","REG_IMAGE_AMAZON_BEST_SELLER","50","1.43145751953125","2.987682342529297"
"light_REG_IMAGE_AMAZON_BEST_SELLER_3","0.5298631732602432","3","ft","LightGBM 💡","2026-04-06T23:12:22.000Z","REG_IMAGE_AMAZON_BEST_SELLER","116","1.43145751953125","6.631351470947266"
"light_REG_IMAGE_AMAZON_BEST_SELLER_3","0.46030106735432275","3","all","LightGBM 💡","2026-04-06T23:11:37.000Z","REG_IMAGE_AMAZON_BEST_SELLER","38","1.43145751953125","3.1003952026367188"
"tabpfnv2_REG_IMAGE_AMAZON_BEST_SELLER_2","0.5318910465803861","2","ft","TabPFN-v2 🤯","2026-04-06T23:10:41.000Z","REG_IMAGE_AMAZON_BEST_SELLER","164","2.24591064453125","7.0080108642578125"
"tabpfnv2_REG_IMAGE_AMAZON_BEST_SELLER_2","0.5464467416027768","2","all","TabPFN-v2 🤯","2026-04-06T23:10:12.000Z","REG_IMAGE_AMAZON_BEST_SELLER","38","1.43145751953125","3.2971458435058594"
"tabpfnv2p5_REG_IMAGE_AMAZON_BEST_SELLER_2","0.5567659044880178","2","ft","TabPFN-v2p5 🇩🇪","2026-04-06T23:09:19.000Z","REG_IMAGE_AMAZON_BEST_SELLER","177","5.48419189453125","7.052219390869141"
"tabpfnv2p5_REG_IMAGE_AMAZON_BEST_SELLER_2","0.5559980053370954","2","all","TabPFN-v2p5 🇩🇪","2026-04-06T23:08:32.000Z","REG_IMAGE_AMAZON_BEST_SELLER","40","5.46466064453125","3.2659149169921875"
"tabm_REG_IMAGE_AMAZON_BEST_SELLER_2","0.5766182610342523","2","ft","TabM Ⓜ️","2026-04-06T23:08:12.000Z","REG_IMAGE_AMAZON_BEST_SELLER","117","5.48419189453125","6.725166320800781"
"tabm_REG_IMAGE_AMAZON_BEST_SELLER_2","0.4903931427265916","2","all","TabM Ⓜ️","2026-04-06T23:07:40.000Z","REG_IMAGE_AMAZON_BEST_SELLER","50","5.46466064453125","3.166553497314453"
"cat_REG_IMAGE_AMAZON_BEST_SELLER_2","0.5336002465356211","2","ft","CatBoost 😸","2026-04-06T23:06:22.000Z","REG_IMAGE_AMAZON_BEST_SELLER","107","5.46466064453125","6.880168914794922"
"cat_REG_IMAGE_AMAZON_BEST_SELLER_2","0.4810936627057062","2","all","CatBoost 😸","2026-04-06T23:06:05.000Z","REG_IMAGE_AMAZON_BEST_SELLER","38","1.54473876953125","3.2135162353515625"
"light_REG_IMAGE_AMAZON_BEST_SELLER_2","0.5075562327052503","2","ft","LightGBM 💡","2026-04-06T23:05:15.000Z","REG_IMAGE_AMAZON_BEST_SELLER","154","5.50762939453125","6.6473236083984375"
"light_REG_IMAGE_AMAZON_BEST_SELLER_2","0.44477825629209145","2","all","LightGBM 💡","2026-04-06T23:04:28.000Z","REG_IMAGE_AMAZON_BEST_SELLER","40","5.47442626953125","3.0643539428710938"
"tabpfnv2_REG_IMAGE_AMAZON_BEST_SELLER_1","0.5850811456702176","1","ft","TabPFN-v2 🤯","2026-04-06T23:04:00.000Z","REG_IMAGE_AMAZON_BEST_SELLER","119","5.47442626953125","6.824504852294922"
"tabpfnv2_REG_IMAGE_AMAZON_BEST_SELLER_1","0.5805790052224651","1","all","TabPFN-v2 🤯","2026-04-06T23:03:18.000Z","REG_IMAGE_AMAZON_BEST_SELLER","39","1.43145751953125","3.221477508544922"
"tabpfnv2p5_REG_IMAGE_AMAZON_BEST_SELLER_1","0.5919832863683933","1","ft","TabPFN-v2p5 🇩🇪","2026-04-06T23:02:12.000Z","REG_IMAGE_AMAZON_BEST_SELLER","129","2.24591064453125","7.080028533935547"
"tabpfnv2p5_REG_IMAGE_AMAZON_BEST_SELLER_1","0.6049611292721373","1","all","TabPFN-v2p5 🇩🇪","2026-04-06T23:01:29.000Z","REG_IMAGE_AMAZON_BEST_SELLER","38","1.45684814453125","3.3017539978027344"
"tabm_REG_IMAGE_AMAZON_BEST_SELLER_1","0.5617333970042073","1","ft","TabM Ⓜ️","2026-04-06T23:01:11.000Z","REG_IMAGE_AMAZON_BEST_SELLER","160","1.75762939453125","6.7653961181640625"
"tabm_REG_IMAGE_AMAZON_BEST_SELLER_1","0.5363797424867345","1","all","TabM Ⓜ️","2026-04-06T23:00:32.000Z","REG_IMAGE_AMAZON_BEST_SELLER","55","5.46466064453125","3.17132568359375"
"cat_REG_IMAGE_AMAZON_BEST_SELLER_1","0.5644464515319132","1","ft","CatBoost 😸","2026-04-06T22:59:11.000Z","REG_IMAGE_AMAZON_BEST_SELLER","128","5.46466064453125","6.856437683105469"
"cat_REG_IMAGE_AMAZON_BEST_SELLER_1","0.49660912897178655","1","all","CatBoost 😸","2026-04-06T22:58:54.000Z","REG_IMAGE_AMAZON_BEST_SELLER","66","5.46466064453125","3.3188934326171875"
"light_REG_IMAGE_AMAZON_BEST_SELLER_1","0.5413129409012707","1","ft","LightGBM 💡","2026-04-06T22:58:00.000Z","REG_IMAGE_AMAZON_BEST_SELLER","144","5.50762939453125","6.739402770996094"
"light_REG_IMAGE_AMAZON_BEST_SELLER_1","0.46848407669958425","1","all","LightGBM 💡","2026-04-06T22:57:19.000Z","REG_IMAGE_AMAZON_BEST_SELLER","42","5.47442626953125","3.210193634033203"
"tabpfnv2_REG_IMAGE_AMAZON_BEST_SELLER_0","0.5799158790713963","0","ft","TabPFN-v2 🤯","2026-04-06T22:56:28.000Z","REG_IMAGE_AMAZON_BEST_SELLER","140","5.47442626953125","7.047962188720703"
"tabpfnv2_REG_IMAGE_AMAZON_BEST_SELLER_0","0.6456463970474953","0","all","TabPFN-v2 🤯","2026-04-06T22:55:41.000Z","REG_IMAGE_AMAZON_BEST_SELLER","42","1.43145751953125","3.069225311279297"
"tabpfnv2p5_REG_IMAGE_AMAZON_BEST_SELLER_0","0.5873912722830461","0","ft","TabPFN-v2p5 🇩🇪","2026-04-06T22:54:41.000Z","REG_IMAGE_AMAZON_BEST_SELLER","177","5.47442626953125","7.005821228027344"
"tabpfnv2p5_REG_IMAGE_AMAZON_BEST_SELLER_0","0.6695542393552912","0","all","TabPFN-v2p5 🇩🇪","2026-04-06T22:53:50.000Z","REG_IMAGE_AMAZON_BEST_SELLER","41","1.43145751953125","3.2997398376464844"
"tabm_REG_IMAGE_AMAZON_BEST_SELLER_0","0.6323788841926573","0","ft","TabM Ⓜ️","2026-04-06T22:53:18.000Z","REG_IMAGE_AMAZON_BEST_SELLER","166","5.46466064453125","6.571388244628906"
"tabm_REG_IMAGE_AMAZON_BEST_SELLER_0","0.6237204602496568","0","all","TabM Ⓜ️","2026-04-06T22:52:49.000Z","REG_IMAGE_AMAZON_BEST_SELLER","49","5.46466064453125","2.946739196777344"
"cat_REG_IMAGE_AMAZON_BEST_SELLER_0","0.6119412816066834","0","ft","CatBoost 😸","2026-04-06T22:51:50.000Z","REG_IMAGE_AMAZON_BEST_SELLER","116","5.46466064453125","6.745281219482422"
"cat_REG_IMAGE_AMAZON_BEST_SELLER_0","0.5960760665983362","0","all","CatBoost 😸","2026-04-06T22:50:52.000Z","REG_IMAGE_AMAZON_BEST_SELLER","51","1.43145751953125","3.1096763610839844"
"light_REG_IMAGE_AMAZON_BEST_SELLER_0","0.6074260336976972","0","ft","LightGBM 💡","2026-04-06T22:50:43.000Z","REG_IMAGE_AMAZON_BEST_SELLER","120","5.46466064453125","6.693454742431641"
"light_REG_IMAGE_AMAZON_BEST_SELLER_0","0.5350131713406655","0","all","LightGBM 💡","2026-04-06T22:49:58.000Z","REG_IMAGE_AMAZON_BEST_SELLER","43","0.652587890625","3.102771759033203"
"tabpfnv2_BIN_IMAGE_SOCIAL_FACEBOOK_HATEFUL_MEME_4","0.7470648303448129","4","ft","TabPFN-v2 🤯","2026-04-04T14:15:14.000Z","BIN_IMAGE_SOCIAL_FACEBOOK_HATEFUL_MEME","480","8.20269775390625","14.837989807128906"
"tabpfnv2_BIN_IMAGE_SOCIAL_FACEBOOK_HATEFUL_MEME_4","0.7437341601367189","4","all","TabPFN-v2 🤯","2026-04-04T14:13:00.000Z","BIN_IMAGE_SOCIAL_FACEBOOK_HATEFUL_MEME","289","3.67340087890625","7.334621429443359"
"tabpfnv2p5_BIN_IMAGE_SOCIAL_FACEBOOK_HATEFUL_MEME_4","0.7582975751451051","4","ft","TabPFN-v2p5 🇩🇪","2026-04-04T14:10:46.000Z","BIN_IMAGE_SOCIAL_FACEBOOK_HATEFUL_MEME","491","8.40386962890625","15.126495361328123"
"tabpfnv2p5_BIN_IMAGE_SOCIAL_FACEBOOK_HATEFUL_MEME_4","0.7542208771382162","4","all","TabPFN-v2p5 🇩🇪","2026-04-04T14:10:10.000Z","BIN_IMAGE_SOCIAL_FACEBOOK_HATEFUL_MEME","272","3.69683837890625","7.349521636962891"
"tabm_BIN_IMAGE_SOCIAL_FACEBOOK_HATEFUL_MEME_4","0.760927190861424","4","ft","TabM Ⓜ️","2026-04-04T14:07:23.000Z","BIN_IMAGE_SOCIAL_FACEBOOK_HATEFUL_MEME","539","26.60894775390625","14.48660659790039"
"tabm_BIN_IMAGE_SOCIAL_FACEBOOK_HATEFUL_MEME_4","0.7645197644456908","4","all","TabM Ⓜ️","2026-04-04T14:06:04.000Z","BIN_IMAGE_SOCIAL_FACEBOOK_HATEFUL_MEME","258","4.51715087890625","6.799114227294922"
"cat_BIN_IMAGE_SOCIAL_FACEBOOK_HATEFUL_MEME_4","0.7316945412987234","4","ft","CatBoost 😸","2026-04-04T14:03:16.000Z","BIN_IMAGE_SOCIAL_FACEBOOK_HATEFUL_MEME","468","5.46856689453125","14.30389404296875"
"cat_BIN_IMAGE_SOCIAL_FACEBOOK_HATEFUL_MEME_4","0.729556986470971","4","all","CatBoost 😸","2026-04-04T14:02:41.000Z","BIN_IMAGE_SOCIAL_FACEBOOK_HATEFUL_MEME","255","16.2640380859375","6.956260681152344"
"light_BIN_IMAGE_SOCIAL_FACEBOOK_HATEFUL_MEME_4","0.7041285495843936","4","ft","LightGBM 💡","2026-04-04T14:01:09.000Z","BIN_IMAGE_SOCIAL_FACEBOOK_HATEFUL_MEME","443","7.58355712890625","13.848342895507812"
"light_BIN_IMAGE_SOCIAL_FACEBOOK_HATEFUL_MEME_4","0.7071285337114618","4","all","LightGBM 💡","2026-04-04T13:58:17.000Z","BIN_IMAGE_SOCIAL_FACEBOOK_HATEFUL_MEME","272","1.43145751953125","6.913341522216797"
"tabpfnv2_BIN_IMAGE_SOCIAL_FACEBOOK_HATEFUL_MEME_3","0.7708874556219278","3","ft","TabPFN-v2 🤯","2026-04-04T13:57:38.000Z","BIN_IMAGE_SOCIAL_FACEBOOK_HATEFUL_MEME","489","8.20269775390625","14.832454681396484"
"tabpfnv2_BIN_IMAGE_SOCIAL_FACEBOOK_HATEFUL_MEME_3","0.7531547452129883","3","all","TabPFN-v2 🤯","2026-04-04T13:56:01.000Z","BIN_IMAGE_SOCIAL_FACEBOOK_HATEFUL_MEME","287","3.67340087890625","7.341083526611328"
"tabpfnv2p5_BIN_IMAGE_SOCIAL_FACEBOOK_HATEFUL_MEME_3","0.7998264559446776","3","ft","TabPFN-v2p5 🇩🇪","2026-04-04T13:53:26.000Z","BIN_IMAGE_SOCIAL_FACEBOOK_HATEFUL_MEME","489","8.40386962890625","15.12640380859375"
"tabpfnv2p5_BIN_IMAGE_SOCIAL_FACEBOOK_HATEFUL_MEME_3","0.7756810810524812","3","all","TabPFN-v2p5 🇩🇪","2026-04-04T13:52:39.000Z","BIN_IMAGE_SOCIAL_FACEBOOK_HATEFUL_MEME","272","3.69683837890625","7.343196868896484"
"tabm_BIN_IMAGE_SOCIAL_FACEBOOK_HATEFUL_MEME_3","0.7972285860921371","3","ft","TabM Ⓜ️","2026-04-04T13:50:32.000Z","BIN_IMAGE_SOCIAL_FACEBOOK_HATEFUL_MEME","462","5.48223876953125","14.282493591308594"
"tabm_BIN_IMAGE_SOCIAL_FACEBOOK_HATEFUL_MEME_3","0.7745197115359178","3","all","TabM Ⓜ️","2026-04-04T13:48:38.000Z","BIN_IMAGE_SOCIAL_FACEBOOK_HATEFUL_MEME","259","4.51715087890625","6.785182952880859"
"cat_BIN_IMAGE_SOCIAL_FACEBOOK_HATEFUL_MEME_3","0.7601917450172222","3","ft","CatBoost 😸","2026-04-04T13:46:24.000Z","BIN_IMAGE_SOCIAL_FACEBOOK_HATEFUL_MEME","419","18.3343505859375","14.696403503417969"
"cat_BIN_IMAGE_SOCIAL_FACEBOOK_HATEFUL_MEME_3","0.7424934259607092","3","all","CatBoost 😸","2026-04-04T13:45:33.000Z","BIN_IMAGE_SOCIAL_FACEBOOK_HATEFUL_MEME","274","1.43145751953125","7.110080718994141"
"light_BIN_IMAGE_SOCIAL_FACEBOOK_HATEFUL_MEME_3","0.7580330262802842","3","ft","LightGBM 💡","2026-04-04T13:44:15.000Z","BIN_IMAGE_SOCIAL_FACEBOOK_HATEFUL_MEME","440","7.58355712890625","13.850200653076172"
"light_BIN_IMAGE_SOCIAL_FACEBOOK_HATEFUL_MEME_3","0.7322765488013291","3","all","LightGBM 💡","2026-04-04T13:42:18.000Z","BIN_IMAGE_SOCIAL_FACEBOOK_HATEFUL_MEME","226","1.63787841796875","6.888191223144531"
"tabpfnv2_BIN_IMAGE_SOCIAL_FACEBOOK_HATEFUL_MEME_2","0.7577658319268152","2","ft","TabPFN-v2 🤯","2026-04-04T13:40:22.000Z","BIN_IMAGE_SOCIAL_FACEBOOK_HATEFUL_MEME","475","8.20269775390625","14.823654174804688"
"tabpfnv2_BIN_IMAGE_SOCIAL_FACEBOOK_HATEFUL_MEME_2","0.7557631970201216","2","all","TabPFN-v2 🤯","2026-04-04T13:39:12.000Z","BIN_IMAGE_SOCIAL_FACEBOOK_HATEFUL_MEME","282","3.67340087890625","7.310394287109375"
"tabpfnv2p5_BIN_IMAGE_SOCIAL_FACEBOOK_HATEFUL_MEME_2","0.7866148856355258","2","ft","TabPFN-v2p5 🇩🇪","2026-04-04T13:36:22.000Z","BIN_IMAGE_SOCIAL_FACEBOOK_HATEFUL_MEME","471","6.54254150390625","15.106853485107422"
"tabpfnv2p5_BIN_IMAGE_SOCIAL_FACEBOOK_HATEFUL_MEME_2","0.782236601922741","2","all","TabPFN-v2p5 🇩🇪","2026-04-04T13:34:30.000Z","BIN_IMAGE_SOCIAL_FACEBOOK_HATEFUL_MEME","274","3.67340087890625","7.380302429199219"
"tabm_BIN_IMAGE_SOCIAL_FACEBOOK_HATEFUL_MEME_2","0.7924878704345479","2","ft","TabM Ⓜ️","2026-04-04T13:32:50.000Z","BIN_IMAGE_SOCIAL_FACEBOOK_HATEFUL_MEME","463","5.48223876953125","14.02517318725586"
"light_BIN_IMAGE_SOCIAL_FACEBOOK_HATEFUL_MEME_0","0.7443452680144549","0","ft","LightGBM 💡","2026-04-04T13:32:31.000Z","BIN_IMAGE_SOCIAL_FACEBOOK_HATEFUL_MEME","441","4.51910400390625","13.840675354003906"
"light_BIN_IMAGE_SOCIAL_FACEBOOK_HATEFUL_MEME_0","0.7346892344484951","0","all","LightGBM 💡","2026-04-04T13:31:44.000Z","BIN_IMAGE_SOCIAL_FACEBOOK_HATEFUL_MEME","253","2.63433837890625","6.811107635498047"
"tabm_BIN_IMAGE_SOCIAL_FACEBOOK_HATEFUL_MEME_2","0.7887259855767959","2","all","TabM Ⓜ️","2026-04-04T13:30:08.000Z","BIN_IMAGE_SOCIAL_FACEBOOK_HATEFUL_MEME","256","3.69488525390625","6.827720642089844"
"cat_BIN_IMAGE_SOCIAL_FACEBOOK_HATEFUL_MEME_2","0.7528531595070925","2","ft","CatBoost 😸","2026-04-04T13:27:50.000Z","BIN_IMAGE_SOCIAL_FACEBOOK_HATEFUL_MEME","387","5.67498779296875","14.71892547607422"
"cat_BIN_IMAGE_SOCIAL_FACEBOOK_HATEFUL_MEME_2","0.7587631811471898","2","all","CatBoost 😸","2026-04-04T13:27:07.000Z","BIN_IMAGE_SOCIAL_FACEBOOK_HATEFUL_MEME","252","2.50347900390625","6.802532196044922"
"light_BIN_IMAGE_SOCIAL_FACEBOOK_HATEFUL_MEME_2","0.7418373447759536","2","ft","LightGBM 💡","2026-04-04T13:24:46.000Z","BIN_IMAGE_SOCIAL_FACEBOOK_HATEFUL_MEME","442","7.63433837890625","13.91606903076172"
"light_BIN_IMAGE_SOCIAL_FACEBOOK_HATEFUL_MEME_2","0.7512605753408712","2","all","LightGBM 💡","2026-04-04T13:23:41.000Z","BIN_IMAGE_SOCIAL_FACEBOOK_HATEFUL_MEME","271","1.43145751953125","6.928951263427734"
"tabpfnv2_BIN_IMAGE_SOCIAL_FACEBOOK_HATEFUL_MEME_1","0.7690461955227749","1","ft","TabPFN-v2 🤯","2026-04-04T13:20:10.000Z","BIN_IMAGE_SOCIAL_FACEBOOK_HATEFUL_MEME","436","5.67303466796875","15.41635513305664"
"tabpfnv2_BIN_IMAGE_SOCIAL_FACEBOOK_HATEFUL_MEME_1","0.7479510690419628","1","all","TabPFN-v2 🤯","2026-04-04T13:19:42.000Z","BIN_IMAGE_SOCIAL_FACEBOOK_HATEFUL_MEME","284","7.58160400390625","7.348274230957031"
"tabpfnv2p5_BIN_IMAGE_SOCIAL_FACEBOOK_HATEFUL_MEME_1","0.7665885365685896","1","ft","TabPFN-v2p5 🇩🇪","2026-04-04T13:17:26.000Z","BIN_IMAGE_SOCIAL_FACEBOOK_HATEFUL_MEME","501","7.58160400390625","14.81087875366211"
"tabpfnv2p5_BIN_IMAGE_SOCIAL_FACEBOOK_HATEFUL_MEME_1","0.7643478076835571","1","all","TabPFN-v2p5 🇩🇪","2026-04-04T13:15:38.000Z","BIN_IMAGE_SOCIAL_FACEBOOK_HATEFUL_MEME","247","1.63787841796875","7.472587585449219"
"tabm_BIN_IMAGE_SOCIAL_FACEBOOK_HATEFUL_MEME_1","0.7831598774609658","1","ft","TabM Ⓜ️","2026-04-04T13:13:57.000Z","BIN_IMAGE_SOCIAL_FACEBOOK_HATEFUL_MEME","481","6.42535400390625","14.157829284667969"
"tabm_BIN_IMAGE_SOCIAL_FACEBOOK_HATEFUL_MEME_1","0.7685091613271887","1","all","TabM Ⓜ️","2026-04-04T13:12:43.000Z","BIN_IMAGE_SOCIAL_FACEBOOK_HATEFUL_MEME","255","3.69488525390625","6.783626556396484"
"cat_BIN_IMAGE_SOCIAL_FACEBOOK_HATEFUL_MEME_1","0.7492605859228259","1","ft","CatBoost 😸","2026-04-04T13:11:08.000Z","BIN_IMAGE_SOCIAL_FACEBOOK_HATEFUL_MEME","457","5.46856689453125","14.29336929321289"
"cat_BIN_IMAGE_SOCIAL_FACEBOOK_HATEFUL_MEME_1","0.7327209908942282","1","all","CatBoost 😸","2026-04-04T13:09:15.000Z","BIN_IMAGE_SOCIAL_FACEBOOK_HATEFUL_MEME","256","2.50347900390625","6.78338623046875"
"light_BIN_IMAGE_SOCIAL_FACEBOOK_HATEFUL_MEME_1","0.7467632446389172","1","ft","LightGBM 💡","2026-04-04T13:07:41.000Z","BIN_IMAGE_SOCIAL_FACEBOOK_HATEFUL_MEME","460","10.60504150390625","13.890514373779297"
"light_BIN_IMAGE_SOCIAL_FACEBOOK_HATEFUL_MEME_1","0.7215041190258252","1","all","LightGBM 💡","2026-04-04T13:06:09.000Z","BIN_IMAGE_SOCIAL_FACEBOOK_HATEFUL_MEME","271","1.43145751953125","6.918792724609375"
"tabpfnv2_BIN_IMAGE_SOCIAL_FACEBOOK_HATEFUL_MEME_0","0.7835408278263079","0","ft","TabPFN-v2 🤯","2026-04-04T13:04:22.000Z","BIN_IMAGE_SOCIAL_FACEBOOK_HATEFUL_MEME","495","7.58160400390625","14.800697326660156"
"tabpfnv2_BIN_IMAGE_SOCIAL_FACEBOOK_HATEFUL_MEME_0","0.7678451436764885","0","all","TabPFN-v2 🤯","2026-04-04T13:02:33.000Z","BIN_IMAGE_SOCIAL_FACEBOOK_HATEFUL_MEME","285","7.58160400390625","7.374298095703125"
"tabpfnv2p5_BIN_IMAGE_SOCIAL_FACEBOOK_HATEFUL_MEME_0","0.7934746377003296","0","ft","TabPFN-v2p5 🇩🇪","2026-04-04T13:00:55.000Z","BIN_IMAGE_SOCIAL_FACEBOOK_HATEFUL_MEME","419","5.67303466796875","15.42282485961914"
"tabpfnv2p5_BIN_IMAGE_SOCIAL_FACEBOOK_HATEFUL_MEME_0","0.7787604298389956","0","all","TabPFN-v2p5 🇩🇪","2026-04-04T12:59:40.000Z","BIN_IMAGE_SOCIAL_FACEBOOK_HATEFUL_MEME","277","3.67340087890625","7.262664794921875"
"tabm_BIN_IMAGE_SOCIAL_FACEBOOK_HATEFUL_MEME_0","0.7877577367315516","0","ft","TabM Ⓜ️","2026-04-04T12:55:03.000Z","BIN_IMAGE_SOCIAL_FACEBOOK_HATEFUL_MEME","443","3.70660400390625","13.903968811035156"
"tabm_BIN_IMAGE_SOCIAL_FACEBOOK_HATEFUL_MEME_0","0.7708953920878725","0","all","TabM Ⓜ️","2026-04-04T12:54:50.000Z","BIN_IMAGE_SOCIAL_FACEBOOK_HATEFUL_MEME","385","1.50372314453125","6.942531585693359"
"cat_BIN_IMAGE_SOCIAL_FACEBOOK_HATEFUL_MEME_0","0.7617102555012936","0","ft","CatBoost 😸","2026-04-04T12:54:47.000Z","BIN_IMAGE_SOCIAL_FACEBOOK_HATEFUL_MEME","545","11.06597900390625","14.183242797851562"
"cat_BIN_IMAGE_SOCIAL_FACEBOOK_HATEFUL_MEME_0","0.7453822995645526","0","all","CatBoost 😸","2026-04-04T12:50:46.000Z","BIN_IMAGE_SOCIAL_FACEBOOK_HATEFUL_MEME","247","3.67340087890625","6.775093078613281"
"tabpfnv2p5_MUL_IMAGE_CBIS_DDSM_3","0.9202447060575164","3","ft","TabPFN-v2p5 🇩🇪","2026-04-02T12:49:13.000Z","MUL_IMAGE_CBIS_DDSM","433","26.84942626953125","5.092857360839844"
"tabpfnv2p5_MUL_IMAGE_CBIS_DDSM_3","0.8983440814676432","3","all","TabPFN-v2p5 🇩🇪","2026-04-02T12:44:28.000Z","MUL_IMAGE_CBIS_DDSM","257","26.84942626953125","2.7769622802734375"
"tabpfnv2_MUL_IMAGE_CBIS_DDSM_4","0.8901348385003358","4","ft","TabPFN-v2 🤯","2026-04-02T12:37:56.000Z","MUL_IMAGE_CBIS_DDSM","436","2.62652587890625","4.93505859375"
"tabpfnv2_MUL_IMAGE_CBIS_DDSM_4","0.8712746089887881","4","all","TabPFN-v2 🤯","2026-04-02T12:37:22.000Z","MUL_IMAGE_CBIS_DDSM","253","2.93121337890625","2.6374778747558594"
"tabpfnv2p5_MUL_IMAGE_CBIS_DDSM_4","0.8980414058609585","4","ft","TabPFN-v2p5 🇩🇪","2026-04-02T12:36:04.000Z","MUL_IMAGE_CBIS_DDSM","434","26.84942626953125","5.073944091796875"
"tabpfnv2p5_MUL_IMAGE_CBIS_DDSM_4","0.8812596190629216","4","all","TabPFN-v2p5 🇩🇪","2026-04-02T12:33:17.000Z","MUL_IMAGE_CBIS_DDSM","256","2.39996337890625","2.670124053955078"
"tabpfnv2_MUL_IMAGE_CBIS_DDSM_3","0.9129217111371216","3","ft","TabPFN-v2 🤯","2026-04-02T12:32:54.000Z","MUL_IMAGE_CBIS_DDSM","426","26.84942626953125","5.086750030517578"
"tabm_MUL_IMAGE_CBIS_DDSM_4","0.8967490273911607","4","ft","TabM Ⓜ️","2026-04-02T12:30:56.000Z","MUL_IMAGE_CBIS_DDSM","364","0.45465087890625","4.941753387451172"
"tabm_MUL_IMAGE_CBIS_DDSM_4","0.8678696075741779","4","all","TabM Ⓜ️","2026-04-02T12:29:00.000Z","MUL_IMAGE_CBIS_DDSM","250","3.77691650390625","2.5425987243652344"
"cat_MUL_IMAGE_CBIS_DDSM_4","0.8830444099050018","4","ft","CatBoost 😸","2026-04-02T12:28:47.000Z","MUL_IMAGE_CBIS_DDSM","411","26.84942626953125","5.763172149658203"
"tabpfnv2_MUL_IMAGE_CBIS_DDSM_3","0.894346080729665","3","all","TabPFN-v2 🤯","2026-04-02T12:28:09.000Z","MUL_IMAGE_CBIS_DDSM","256","26.84942626953125","2.7769851684570312"
"cat_MUL_IMAGE_CBIS_DDSM_4","0.8518441440274175","4","all","CatBoost 😸","2026-04-02T12:24:47.000Z","MUL_IMAGE_CBIS_DDSM","249","5.37261962890625","3.056194305419922"
"light_MUL_IMAGE_CBIS_DDSM_4","0.8917596367734646","4","ft","LightGBM 💡","2026-04-02T12:24:32.000Z","MUL_IMAGE_CBIS_DDSM","360","0.45465087890625","4.957324981689453"
"light_MUL_IMAGE_CBIS_DDSM_4","0.8394095395761794","4","all","LightGBM 💡","2026-04-02T12:24:29.000Z","MUL_IMAGE_CBIS_DDSM","245","2.93121337890625","2.5260543823242188"
"tabm_MUL_IMAGE_CBIS_DDSM_3","0.9117237623403596","3","ft","TabM Ⓜ️","2026-04-02T12:02:50.000Z","MUL_IMAGE_CBIS_DDSM","357","5.28125","5.0149383544921875"
"tabm_MUL_IMAGE_CBIS_DDSM_3","0.8875360115830058","3","all","TabM Ⓜ️","2026-04-02T12:02:26.000Z","MUL_IMAGE_CBIS_DDSM","252","27.6497802734375","2.6799163818359375"
"cat_MUL_IMAGE_CBIS_DDSM_3","0.9058368054347908","3","ft","CatBoost 😸","2026-04-02T11:59:04.000Z","MUL_IMAGE_CBIS_DDSM","404","27.6282958984375","5.775409698486328"
"cat_MUL_IMAGE_CBIS_DDSM_3","0.881043868141046","3","all","CatBoost 😸","2026-04-02T11:58:43.000Z","MUL_IMAGE_CBIS_DDSM","227","1.234375","3.3313140869140625"
"light_MUL_IMAGE_CBIS_DDSM_3","0.8935685915346984","3","ft","LightGBM 💡","2026-04-02T11:56:10.000Z","MUL_IMAGE_CBIS_DDSM","426","10.01715087890625","4.881622314453125"
"light_MUL_IMAGE_CBIS_DDSM_3","0.8676299441179938","3","all","LightGBM 💡","2026-04-02T11:54:57.000Z","MUL_IMAGE_CBIS_DDSM","222","1.234375","2.6607818603515625"
"tabpfnv2_MUL_IMAGE_CBIS_DDSM_2","0.8876410498130187","2","ft","TabPFN-v2 🤯","2026-04-02T11:53:58.000Z","MUL_IMAGE_CBIS_DDSM","418","7.57965087890625","4.918033599853516"
"tabpfnv2_MUL_IMAGE_CBIS_DDSM_2","0.863618047157855","2","all","TabPFN-v2 🤯","2026-04-02T11:51:31.000Z","MUL_IMAGE_CBIS_DDSM","257","2.84918212890625","2.6045494079589844"
"tabpfnv2p5_MUL_IMAGE_CBIS_DDSM_2","0.8828476925735596","2","ft","TabPFN-v2p5 🇩🇪","2026-04-02T11:50:27.000Z","MUL_IMAGE_CBIS_DDSM","456","31.6634521484375","5.100433349609375"
"tabpfnv2p5_MUL_IMAGE_CBIS_DDSM_2","0.8735286579014626","2","all","TabPFN-v2p5 🇩🇪","2026-04-02T11:49:25.000Z","MUL_IMAGE_CBIS_DDSM","251","3.67340087890625","2.6150436401367188"
"tabm_MUL_IMAGE_CBIS_DDSM_2","0.8877637234812534","2","ft","TabM Ⓜ️","2026-04-02T11:47:09.000Z","MUL_IMAGE_CBIS_DDSM","427","31.6634521484375","4.9493865966796875"
"tabm_MUL_IMAGE_CBIS_DDSM_2","0.8730443101861003","2","all","TabM Ⓜ️","2026-04-02T11:45:47.000Z","MUL_IMAGE_CBIS_DDSM","252","27.6497802734375","2.6908607482910156"
"cat_MUL_IMAGE_CBIS_DDSM_2","0.8713888569924341","2","ft","CatBoost 😸","2026-04-02T11:44:20.000Z","MUL_IMAGE_CBIS_DDSM","426","6.75347900390625","5.306583404541016"
"cat_MUL_IMAGE_CBIS_DDSM_2","0.826072828908329","2","all","CatBoost 😸","2026-04-02T11:43:22.000Z","MUL_IMAGE_CBIS_DDSM","226","1.234375","3.219257354736328"
"cat_MUL_IMAGE_GLAUCOMA_SMDG_2","0.9220976737860122","2","all","CatBoost 😸","2026-04-02T11:36:39.000Z","MUL_IMAGE_GLAUCOMA_SMDG","176","32.43841552734375","11.508594512939451"
"light_MUL_IMAGE_CBIS_DDSM_2","0.8703596299067451","2","ft","LightGBM 💡","2026-04-02T11:32:26.000Z","MUL_IMAGE_CBIS_DDSM","425","7.49566650390625","4.824306488037109"
"light_MUL_IMAGE_CBIS_DDSM_2","0.7848838569488374","2","all","LightGBM 💡","2026-04-02T11:31:19.000Z","MUL_IMAGE_CBIS_DDSM","245","31.7161865234375","2.6569900512695312"
"tabpfnv2_MUL_IMAGE_CBIS_DDSM_1","0.9035851221515764","1","ft","TabPFN-v2 🤯","2026-04-02T11:29:24.000Z","MUL_IMAGE_CBIS_DDSM","374","5.26953125","5.075542449951172"
"tabpfnv2_MUL_IMAGE_CBIS_DDSM_1","0.8811349870397471","1","all","TabPFN-v2 🤯","2026-04-02T11:27:52.000Z","MUL_IMAGE_CBIS_DDSM","255","2.84918212890625","2.644569396972656"
"tabpfnv2p5_MUL_IMAGE_CBIS_DDSM_1","0.9114907470860476","1","ft","TabPFN-v2p5 🇩🇪","2026-04-02T11:26:47.000Z","MUL_IMAGE_CBIS_DDSM","444","31.6634521484375","5.079761505126953"
"tabpfnv2p5_MUL_IMAGE_CBIS_DDSM_1","0.888681694615826","1","all","TabPFN-v2p5 🇩🇪","2026-04-02T11:25:17.000Z","MUL_IMAGE_CBIS_DDSM","226","1.234375","2.7499237060546875"
"tabm_MUL_IMAGE_CBIS_DDSM_1","0.8854572566046586","1","ft","TabM Ⓜ️","2026-04-02T11:22:56.000Z","MUL_IMAGE_CBIS_DDSM","400","7.59136962890625","4.812091827392578"
"tabm_MUL_IMAGE_CBIS_DDSM_1","0.8817094386959945","1","all","TabM Ⓜ️","2026-04-02T11:22:29.000Z","MUL_IMAGE_CBIS_DDSM","251","27.6497802734375","2.6751785278320312"
"cat_MUL_IMAGE_CBIS_DDSM_1","0.8925256940265621","1","ft","CatBoost 😸","2026-04-02T11:19:44.000Z","MUL_IMAGE_CBIS_DDSM","401","27.6282958984375","5.720283508300781"
"cat_MUL_IMAGE_CBIS_DDSM_1","0.8681982710237788","1","all","CatBoost 😸","2026-04-02T11:19:22.000Z","MUL_IMAGE_CBIS_DDSM","253","2.50347900390625","2.9249229431152344"
"light_MUL_IMAGE_CBIS_DDSM_1","0.8770684333438179","1","ft","LightGBM 💡","2026-04-02T11:15:50.000Z","MUL_IMAGE_CBIS_DDSM","403","7.57769775390625","4.783599853515625"
"light_MUL_IMAGE_CBIS_DDSM_1","0.8421590076239033","1","all","LightGBM 💡","2026-04-02T11:15:10.000Z","MUL_IMAGE_CBIS_DDSM","248","31.7161865234375","2.6822967529296875"
"tabpfnv2_MUL_IMAGE_CBIS_DDSM_0","0.8979738080003532","0","ft","TabPFN-v2 🤯","2026-04-02T11:14:58.000Z","MUL_IMAGE_CBIS_DDSM","387","5.26953125","5.075328826904297"
"tabpfnv2_MUL_IMAGE_CBIS_DDSM_0","0.8631329252373703","0","all","TabPFN-v2 🤯","2026-04-02T11:10:46.000Z","MUL_IMAGE_CBIS_DDSM","249","1.234375","2.702545166015625"
"tabpfnv2p5_MUL_IMAGE_CBIS_DDSM_0","0.8961156966755698","0","ft","TabPFN-v2p5 🇩🇪","2026-04-02T11:10:25.000Z","MUL_IMAGE_CBIS_DDSM","458","31.6634521484375","5.11334228515625"
"tabpfnv2p5_MUL_IMAGE_CBIS_DDSM_0","0.8675587837098192","0","all","TabPFN-v2p5 🇩🇪","2026-04-02T11:10:22.000Z","MUL_IMAGE_CBIS_DDSM","277","2.50347900390625","2.65283203125"
"tabpfnv2_MUL_IMAGE_GLAUCOMA_SMDG_4","0.9142879857889926","4","ft","TabPFN-v2 🤯","2026-04-02T10:42:21.000Z","MUL_IMAGE_GLAUCOMA_SMDG","355","0.45782470703125","25.20738220214844"
"tabpfnv2_MUL_IMAGE_GLAUCOMA_SMDG_4","0.9172872180106512","4","all","TabPFN-v2 🤯","2026-04-02T10:40:19.000Z","MUL_IMAGE_GLAUCOMA_SMDG","181","4.48004150390625","11.89250946044922"
"tabpfnv2p5_MUL_IMAGE_GLAUCOMA_SMDG_4","0.9300364291895364","4","ft","TabPFN-v2p5 🇩🇪","2026-04-02T10:39:41.000Z","MUL_IMAGE_GLAUCOMA_SMDG","491","31.6673583984375","25.019237518310547"
"tabpfnv2p5_MUL_IMAGE_GLAUCOMA_SMDG_4","0.9329051778817218","4","all","TabPFN-v2p5 🇩🇪","2026-04-02T10:38:27.000Z","MUL_IMAGE_GLAUCOMA_SMDG","170","31.6654052734375","11.92922592163086"
"tabm_MUL_IMAGE_GLAUCOMA_SMDG_4","0.9144066019895454","4","ft","TabM Ⓜ️","2026-04-02T10:37:08.000Z","MUL_IMAGE_GLAUCOMA_SMDG","401","31.6673583984375","22.94866943359375"
"tabm_MUL_IMAGE_GLAUCOMA_SMDG_4","0.922737835253018","4","all","TabM Ⓜ️","2026-04-02T10:35:54.000Z","MUL_IMAGE_GLAUCOMA_SMDG","134","1.3203125","10.936386108398438"
"tabm_MUL_IMAGE_CBIS_DDSM_0","0.897890623356932","0","ft","TabM Ⓜ️","2026-04-02T10:35:00.000Z","MUL_IMAGE_CBIS_DDSM","4301","32.43841552734375","5.0599365234375"
"tabm_MUL_IMAGE_CBIS_DDSM_0","0.8401867256334534","0","all","TabM Ⓜ️","2026-04-02T10:34:37.000Z","MUL_IMAGE_CBIS_DDSM","4123","1.255859375","2.626422882080078"
"cat_MUL_IMAGE_GLAUCOMA_SMDG_4","0.9162195227272684","4","ft","CatBoost 😸","2026-04-02T10:34:17.000Z","MUL_IMAGE_GLAUCOMA_SMDG","354","8.39019775390625","23.142860412597656"
"cat_MUL_IMAGE_CBIS_DDSM_0","0.8795793543598258","0","ft","CatBoost 😸","2026-04-02T10:33:43.000Z","MUL_IMAGE_CBIS_DDSM","4291","7.57769775390625","5.3499298095703125"
"cat_MUL_IMAGE_CBIS_DDSM_0","0.8120795199592283","0","all","CatBoost 😸","2026-04-02T10:33:33.000Z","MUL_IMAGE_CBIS_DDSM","3965","2.17108154296875","3.3100814819335938"
"cat_MUL_IMAGE_GLAUCOMA_SMDG_4","0.9077262975849202","4","all","CatBoost 😸","2026-04-02T10:33:32.000Z","MUL_IMAGE_GLAUCOMA_SMDG","138","1.234375","11.245113372802734"
"light_MUL_IMAGE_CBIS_DDSM_0","0.8862129487721961","0","ft","LightGBM 💡","2026-04-02T10:33:23.000Z","MUL_IMAGE_CBIS_DDSM","4089","32.43841552734375","4.958499908447266"
"light_MUL_IMAGE_CBIS_DDSM_0","0.7993914087962092","0","all","LightGBM 💡","2026-04-02T10:33:12.000Z","MUL_IMAGE_CBIS_DDSM","3887","4.31402587890625","2.4906692504882812"
"light_MUL_IMAGE_GLAUCOMA_SMDG_4","0.9008261799648808","4","ft","LightGBM 💡","2026-04-02T10:31:33.000Z","MUL_IMAGE_GLAUCOMA_SMDG","482","31.6654052734375","23.14956283569336"
"light_MUL_IMAGE_GLAUCOMA_SMDG_4","0.9187510792659218","4","all","LightGBM 💡","2026-04-02T10:31:10.000Z","MUL_IMAGE_GLAUCOMA_SMDG","128","1.234375","10.944747924804688"
"tabpfnv2_MUL_IMAGE_GLAUCOMA_SMDG_3","0.9544028337308996","3","ft","TabPFN-v2 🤯","2026-04-02T10:29:42.000Z","MUL_IMAGE_GLAUCOMA_SMDG","418","31.6790771484375","24.76959991455078"
"tabpfnv2_MUL_IMAGE_GLAUCOMA_SMDG_3","0.952152822683346","3","all","TabPFN-v2 🤯","2026-04-02T10:26:59.000Z","MUL_IMAGE_GLAUCOMA_SMDG","179","31.6654052734375","11.945060729980469"
"tabpfnv2p5_MUL_IMAGE_GLAUCOMA_SMDG_3","0.9553314897843428","3","ft","TabPFN-v2p5 🇩🇪","2026-04-02T10:24:52.000Z","MUL_IMAGE_GLAUCOMA_SMDG","369","5.2734375","25.271270751953125"
"tabpfnv2p5_MUL_IMAGE_GLAUCOMA_SMDG_3","0.957374600437002","3","all","TabPFN-v2p5 🇩🇪","2026-04-02T10:23:54.000Z","MUL_IMAGE_GLAUCOMA_SMDG","169","31.6654052734375","12.029544830322266"
"tabm_MUL_IMAGE_GLAUCOMA_SMDG_3","0.9472389258088088","3","ft","TabM Ⓜ️","2026-04-02T10:23:24.000Z","MUL_IMAGE_GLAUCOMA_SMDG","461","31.6790771484375","23.194721221923828"
"tabm_MUL_IMAGE_GLAUCOMA_SMDG_3","0.9543740077087642","3","all","TabM Ⓜ️","2026-04-02T10:22:30.000Z","MUL_IMAGE_GLAUCOMA_SMDG","137","1.3203125","10.950347900390623"
"cat_MUL_IMAGE_GLAUCOMA_SMDG_3","0.9523136652979044","3","ft","CatBoost 😸","2026-04-02T10:22:04.000Z","MUL_IMAGE_GLAUCOMA_SMDG","330","5.2734375","23.87842559814453"
"cat_MUL_IMAGE_GLAUCOMA_SMDG_3","0.9522268223813845","3","all","CatBoost 😸","2026-04-02T10:19:42.000Z","MUL_IMAGE_GLAUCOMA_SMDG","134","1.16796875","11.26337432861328"
"light_MUL_IMAGE_GLAUCOMA_SMDG_3","0.943758484107358","3","ft","LightGBM 💡","2026-04-02T10:17:46.000Z","MUL_IMAGE_GLAUCOMA_SMDG","363","34.5111083984375","22.83953857421875"
"light_MUL_IMAGE_GLAUCOMA_SMDG_3","0.9421840501801124","3","all","LightGBM 💡","2026-04-02T10:17:25.000Z","MUL_IMAGE_GLAUCOMA_SMDG","130","0.45782470703125","10.94536590576172"
"tabpfnv2_MUL_IMAGE_GLAUCOMA_SMDG_2","0.9508115685618446","2","ft","TabPFN-v2 🤯","2026-04-02T10:15:30.000Z","MUL_IMAGE_GLAUCOMA_SMDG","442","31.6673583984375","24.996028900146484"
"tabpfnv2_MUL_IMAGE_GLAUCOMA_SMDG_2","0.9242074301657798","2","all","TabPFN-v2 🤯","2026-04-02T10:13:26.000Z","MUL_IMAGE_GLAUCOMA_SMDG","177","4.48004150390625","11.90335464477539"
"tabpfnv2p5_MUL_IMAGE_GLAUCOMA_SMDG_2","0.9532160632619844","2","ft","TabPFN-v2p5 🇩🇪","2026-04-02T10:11:59.000Z","MUL_IMAGE_GLAUCOMA_SMDG","314","0.45782470703125","25.243183135986328"
"tabpfnv2p5_MUL_IMAGE_GLAUCOMA_SMDG_2","0.9409993939381454","2","all","TabPFN-v2p5 🇩🇪","2026-04-02T10:11:28.000Z","MUL_IMAGE_GLAUCOMA_SMDG","177","27.7884521484375","11.962532043457031"
"tabm_MUL_IMAGE_GLAUCOMA_SMDG_2","0.9497063470194872","2","ft","TabM Ⓜ️","2026-04-02T10:10:35.000Z","MUL_IMAGE_GLAUCOMA_SMDG","403","31.6673583984375","22.940074920654297"
"tabm_MUL_IMAGE_GLAUCOMA_SMDG_2","0.9086966072874192","2","all","TabM Ⓜ️","2026-04-02T10:09:11.000Z","MUL_IMAGE_GLAUCOMA_SMDG","185","27.7142333984375","10.989253997802734"
"cat_MUL_IMAGE_GLAUCOMA_SMDG_2","0.9509123275662612","2","ft","CatBoost 😸","2026-04-02T10:05:57.000Z","MUL_IMAGE_GLAUCOMA_SMDG","355","5.271484375","23.999000549316406"
"light_MUL_IMAGE_GLAUCOMA_SMDG_2","0.9427337608392966","2","ft","LightGBM 💡","2026-04-02T10:05:41.000Z","MUL_IMAGE_GLAUCOMA_SMDG","368","5.271484375","23.33438491821289"
"light_MUL_IMAGE_GLAUCOMA_SMDG_2","0.8838081196915182","2","all","LightGBM 💡","2026-04-02T10:05:32.000Z","MUL_IMAGE_GLAUCOMA_SMDG","279","6.23785400390625","10.852386474609377"
"light_MUL_IMAGE_HUBMAP_HPA_0","0.952545769452502","0","ft","LightGBM 💡","2026-04-02T08:29:36.000Z","MUL_IMAGE_HUBMAP_HPA","852","5.302734375","23.360210418701172"
"light_MUL_IMAGE_HUBMAP_HPA_0","0.9481772393611272","0","all","LightGBM 💡","2026-04-02T08:29:07.000Z","MUL_IMAGE_HUBMAP_HPA","490","1.42144775390625","11.072345733642578"
"tabpfnv2_MUL_IMAGE_GLAUCOMA_SMDG_1","0.931045649800144","1","ft","TabPFN-v2 🤯","2026-04-02T01:03:50.000Z","MUL_IMAGE_GLAUCOMA_SMDG","1287","6.51678466796875","23.97964859008789"
"tabpfnv2_MUL_IMAGE_GLAUCOMA_SMDG_1","0.9206454421788852","1","all","TabPFN-v2 🤯","2026-04-02T00:59:58.000Z","MUL_IMAGE_GLAUCOMA_SMDG","200","5.01129150390625","11.895889282226562"
"tabpfnv2p5_MUL_IMAGE_GLAUCOMA_SMDG_1","0.9382362250430484","1","ft","TabPFN-v2p5 🇩🇪","2026-04-02T00:50:07.000Z","MUL_IMAGE_GLAUCOMA_SMDG","812","6.51678466796875","25.265430450439453"
"tabpfnv2p5_MUL_IMAGE_GLAUCOMA_SMDG_1","0.9304889165425456","1","all","TabPFN-v2p5 🇩🇪","2026-04-02T00:44:15.000Z","MUL_IMAGE_GLAUCOMA_SMDG","177","1.10699462890625","11.88848114013672"
"tabm_MUL_IMAGE_GLAUCOMA_SMDG_1","0.930831353712405","1","ft","TabM Ⓜ️","2026-04-02T00:38:57.000Z","MUL_IMAGE_GLAUCOMA_SMDG","660","6.51678466796875","23.332916259765625"
"tabm_MUL_IMAGE_GLAUCOMA_SMDG_1","0.9279255995712918","1","all","TabM Ⓜ️","2026-04-02T00:34:33.000Z","MUL_IMAGE_GLAUCOMA_SMDG","231","6.51678466796875","10.929794311523438"
"cat_MUL_IMAGE_GLAUCOMA_SMDG_1","0.9279501492738492","1","ft","CatBoost 😸","2026-04-02T00:21:17.000Z","MUL_IMAGE_GLAUCOMA_SMDG","563","6.51678466796875","23.71103286743164"
"cat_MUL_IMAGE_GLAUCOMA_SMDG_1","0.9271387347264968","1","all","CatBoost 😸","2026-04-02T00:15:42.000Z","MUL_IMAGE_GLAUCOMA_SMDG","293","2.48358154296875","11.36104965209961"
"light_MUL_IMAGE_GLAUCOMA_SMDG_1","0.9296812128813488","1","ft","LightGBM 💡","2026-04-02T00:01:12.000Z","MUL_IMAGE_GLAUCOMA_SMDG","586","2.84100341796875","23.386207580566406"
"light_MUL_IMAGE_GLAUCOMA_SMDG_1","0.921248587291388","1","all","LightGBM 💡","2026-04-01T23:55:52.000Z","MUL_IMAGE_GLAUCOMA_SMDG","291","6.56951904296875","10.945003509521484"
"tabpfnv2_MUL_IMAGE_GLAUCOMA_SMDG_0","0.933212773575019","0","ft","TabPFN-v2 🤯","2026-04-01T23:33:31.000Z","MUL_IMAGE_GLAUCOMA_SMDG","863","6.51678466796875","24.905628204345703"
"tabpfnv2_MUL_IMAGE_GLAUCOMA_SMDG_0","0.9060078466415415","0","all","TabPFN-v2 🤯","2026-04-01T23:17:07.000Z","MUL_IMAGE_GLAUCOMA_SMDG","237","7.4476318359375","11.811450958251951"
"tabpfnv2p5_MUL_IMAGE_GLAUCOMA_SMDG_0","0.9447874590983912","0","ft","TabPFN-v2p5 🇩🇪","2026-04-01T23:07:47.000Z","MUL_IMAGE_GLAUCOMA_SMDG","5530","5.01129150390625","24.22579574584961"
"tabpfnv2p5_MUL_IMAGE_GLAUCOMA_SMDG_0","0.9290059280807004","0","all","TabPFN-v2p5 🇩🇪","2026-04-01T22:55:07.000Z","MUL_IMAGE_GLAUCOMA_SMDG","180","5.01129150390625","11.89511489868164"
"tabm_MUL_IMAGE_GLAUCOMA_SMDG_0","0.9376906832476098","0","ft","TabM Ⓜ️","2026-04-01T22:51:17.000Z","MUL_IMAGE_GLAUCOMA_SMDG","1295","8.95037841796875","23.325199127197266"
"tabm_MUL_IMAGE_GLAUCOMA_SMDG_0","0.9162653173270936","0","all","TabM Ⓜ️","2026-04-01T22:48:07.000Z","MUL_IMAGE_GLAUCOMA_SMDG","184","8.95037841796875","10.75711441040039"
"cat_MUL_IMAGE_GLAUCOMA_SMDG_0","0.9312364472050992","0","ft","CatBoost 😸","2026-04-01T22:42:58.000Z","MUL_IMAGE_GLAUCOMA_SMDG","473","5.01129150390625","23.282272338867188"
"tabpfnv2_MUL_IMAGE_HUBMAP_HPA_4","0.9735508326404082","4","ft","TabPFN-v2 🤯","2026-04-01T22:40:46.000Z","MUL_IMAGE_HUBMAP_HPA","597","1.52716064453125","24.816265106201172"
"cat_MUL_IMAGE_GLAUCOMA_SMDG_0","0.9127716606693892","0","all","CatBoost 😸","2026-04-01T22:39:43.000Z","MUL_IMAGE_GLAUCOMA_SMDG","165","5.01129150390625","10.969207763671877"
"tabpfnv2_MUL_IMAGE_HUBMAP_HPA_4","0.957340170387744","4","all","TabPFN-v2 🤯","2026-04-01T22:34:33.000Z","MUL_IMAGE_HUBMAP_HPA","305","1.43145751953125","12.236076354980469"
"light_MUL_IMAGE_GLAUCOMA_SMDG_0","0.9385794673215728","0","ft","LightGBM 💡","2026-04-01T22:30:34.000Z","MUL_IMAGE_GLAUCOMA_SMDG","867","9.6761474609375","23.29180908203125"
"tabpfnv2p5_MUL_IMAGE_HUBMAP_HPA_4","0.9756083848286348","4","ft","TabPFN-v2p5 🇩🇪","2026-04-01T22:29:55.000Z","MUL_IMAGE_HUBMAP_HPA","641","1.43145751953125","24.40937042236328"
"light_MUL_IMAGE_GLAUCOMA_SMDG_0","0.8834917726375476","0","all","LightGBM 💡","2026-04-01T22:29:49.000Z","MUL_IMAGE_GLAUCOMA_SMDG","422","1.33551025390625","10.76895523071289"
"tabpfnv2p5_MUL_IMAGE_HUBMAP_HPA_4","0.9697961937988872","4","all","TabPFN-v2p5 🇩🇪","2026-04-01T22:24:38.000Z","MUL_IMAGE_HUBMAP_HPA","296","5.46270751953125","12.239738464355469"
"tabm_MUL_IMAGE_HUBMAP_HPA_4","0.9707856042401228","4","ft","TabM Ⓜ️","2026-04-01T22:19:31.000Z","MUL_IMAGE_HUBMAP_HPA","562","5.46270751953125","22.914905548095703"
"tabm_MUL_IMAGE_HUBMAP_HPA_4","0.970003237209246","4","all","TabM Ⓜ️","2026-04-01T22:14:40.000Z","MUL_IMAGE_HUBMAP_HPA","281","5.46270751953125","11.214595794677734"
"cat_MUL_IMAGE_HUBMAP_HPA_4","0.9647189699237542","4","ft","CatBoost 😸","2026-04-01T22:10:05.000Z","MUL_IMAGE_HUBMAP_HPA","561","5.46270751953125","24.566909790039062"
"cat_MUL_IMAGE_HUBMAP_HPA_4","0.9560576483486294","4","all","CatBoost 😸","2026-04-01T22:04:40.000Z","MUL_IMAGE_HUBMAP_HPA","318","5.46270751953125","12.983592987060549"
"light_MUL_IMAGE_HUBMAP_HPA_4","0.9566403653668658","4","ft","LightGBM 💡","2026-04-01T22:00:00.000Z","MUL_IMAGE_HUBMAP_HPA","534","5.46270751953125","22.609161376953125"
"light_MUL_IMAGE_HUBMAP_HPA_4","0.9446730193417184","4","all","LightGBM 💡","2026-04-01T21:55:33.000Z","MUL_IMAGE_HUBMAP_HPA","259","5.46270751953125","11.23458480834961"
"tabpfnv2_MUL_IMAGE_HUBMAP_HPA_3","0.9729014257308416","3","ft","TabPFN-v2 🤯","2026-04-01T21:50:12.000Z","MUL_IMAGE_HUBMAP_HPA","582","5.46270751953125","24.75491714477539"
"tabpfnv2_MUL_IMAGE_HUBMAP_HPA_3","0.9527980537430772","3","all","TabPFN-v2 🤯","2026-04-01T21:45:28.000Z","MUL_IMAGE_HUBMAP_HPA","277","0.652587890625","12.305912017822266"
"tabpfnv2p5_MUL_IMAGE_HUBMAP_HPA_3","0.9769201558688796","3","ft","TabPFN-v2p5 🇩🇪","2026-04-01T21:40:32.000Z","MUL_IMAGE_HUBMAP_HPA","563","0.652587890625","24.80795669555664"
"tabpfnv2p5_MUL_IMAGE_HUBMAP_HPA_3","0.9653449692796584","3","all","TabPFN-v2p5 🇩🇪","2026-04-01T21:35:53.000Z","MUL_IMAGE_HUBMAP_HPA","267","0.652587890625","12.290302276611328"
"tabm_MUL_IMAGE_HUBMAP_HPA_3","0.9708144663690964","3","ft","TabM Ⓜ️","2026-04-01T21:31:08.000Z","MUL_IMAGE_HUBMAP_HPA","541","0.652587890625","22.920982360839844"
"tabm_MUL_IMAGE_HUBMAP_HPA_3","0.9661598089800552","3","all","TabM Ⓜ️","2026-04-01T21:26:29.000Z","MUL_IMAGE_HUBMAP_HPA","260","0.652587890625","11.105113983154297"
"cat_MUL_IMAGE_HUBMAP_HPA_3","0.965684115218439","3","ft","CatBoost 😸","2026-04-01T21:21:49.000Z","MUL_IMAGE_HUBMAP_HPA","555","0.652587890625","24.80799865722656"
"cat_MUL_IMAGE_HUBMAP_HPA_3","0.9515390458839612","3","all","CatBoost 😸","2026-04-01T21:16:43.000Z","MUL_IMAGE_HUBMAP_HPA","285","0.652587890625","12.927593231201172"
"light_MUL_IMAGE_HUBMAP_HPA_3","0.9571929733907736","3","ft","LightGBM 💡","2026-04-01T21:12:17.000Z","MUL_IMAGE_HUBMAP_HPA","539","0.652587890625","22.85120391845703"
"light_MUL_IMAGE_HUBMAP_HPA_3","0.9385083201442012","3","all","LightGBM 💡","2026-04-01T21:07:53.000Z","MUL_IMAGE_HUBMAP_HPA","251","0.652587890625","11.160369873046877"
"tabpfnv2_MUL_IMAGE_HUBMAP_HPA_2","0.9761999720456072","2","ft","TabPFN-v2 🤯","2026-04-01T21:02:48.000Z","MUL_IMAGE_HUBMAP_HPA","565","0.652587890625","24.76078414916992"
"tabpfnv2_MUL_IMAGE_HUBMAP_HPA_2","0.9584938263501348","2","all","TabPFN-v2 🤯","2026-04-01T20:57:54.000Z","MUL_IMAGE_HUBMAP_HPA","270","0.652587890625","12.231754302978516"
"tabpfnv2p5_MUL_IMAGE_HUBMAP_HPA_2","0.97928949272217","2","ft","TabPFN-v2p5 🇩🇪","2026-04-01T20:53:16.000Z","MUL_IMAGE_HUBMAP_HPA","568","0.652587890625","24.834148406982425"
"tabpfnv2p5_MUL_IMAGE_HUBMAP_HPA_2","0.970647474337899","2","all","TabPFN-v2p5 🇩🇪","2026-04-01T20:50:16.000Z","MUL_IMAGE_HUBMAP_HPA","268","0.652587890625","12.289363861083984"
"tabm_MUL_IMAGE_HUBMAP_HPA_2","0.9719128898233708","2","ft","TabM Ⓜ️","2026-04-01T20:42:45.000Z","MUL_IMAGE_HUBMAP_HPA","515","0.652587890625","22.861980438232425"
"tabm_MUL_IMAGE_HUBMAP_HPA_2","0.9709315615421276","2","all","TabM Ⓜ️","2026-04-01T20:36:40.000Z","MUL_IMAGE_HUBMAP_HPA","258","0.652587890625","11.132568359375"
"cat_MUL_IMAGE_HUBMAP_HPA_2","0.9655020796712253","2","ft","CatBoost 😸","2026-04-01T20:24:30.000Z","MUL_IMAGE_HUBMAP_HPA","529","0.652587890625","24.887310028076172"
"cat_MUL_IMAGE_HUBMAP_HPA_2","0.9569640726236676","2","all","CatBoost 😸","2026-04-01T20:17:20.000Z","MUL_IMAGE_HUBMAP_HPA","285","0.652587890625","12.988670349121094"
"light_MUL_IMAGE_HUBMAP_HPA_2","0.9602661625682448","2","ft","LightGBM 💡","2026-04-01T20:05:56.000Z","MUL_IMAGE_HUBMAP_HPA","501","0.652587890625","22.91022491455078"
"light_MUL_IMAGE_HUBMAP_HPA_2","0.9482069426176674","2","all","LightGBM 💡","2026-04-01T20:00:02.000Z","MUL_IMAGE_HUBMAP_HPA","250","0.652587890625","11.19082260131836"
"tabpfnv2_MUL_IMAGE_HUBMAP_HPA_1","0.9765059444618568","1","ft","TabPFN-v2 🤯","2026-04-01T19:47:17.000Z","MUL_IMAGE_HUBMAP_HPA","564","0.652587890625","24.83423614501953"
"tabpfnv2_MUL_IMAGE_HUBMAP_HPA_1","0.9584687611984504","1","all","TabPFN-v2 🤯","2026-04-01T19:40:31.000Z","MUL_IMAGE_HUBMAP_HPA","272","0.652587890625","12.257640838623049"
"tabpfnv2p5_MUL_IMAGE_HUBMAP_HPA_1","0.979418831251312","1","ft","TabPFN-v2p5 🇩🇪","2026-04-01T19:27:58.000Z","MUL_IMAGE_HUBMAP_HPA","561","0.652587890625","24.672061920166016"
"tabpfnv2p5_MUL_IMAGE_HUBMAP_HPA_1","0.968707893921552","1","all","TabPFN-v2p5 🇩🇪","2026-04-01T19:21:31.000Z","MUL_IMAGE_HUBMAP_HPA","268","0.652587890625","12.236320495605469"
"tabm_MUL_IMAGE_HUBMAP_HPA_1","0.9715872454272206","1","ft","TabM Ⓜ️","2026-04-01T19:09:21.000Z","MUL_IMAGE_HUBMAP_HPA","527","0.652587890625","22.77309799194336"
"tabm_MUL_IMAGE_HUBMAP_HPA_1","0.964367939984137","1","all","TabM Ⓜ️","2026-04-01T19:03:21.000Z","MUL_IMAGE_HUBMAP_HPA","254","0.652587890625","11.23065948486328"
"cat_MUL_IMAGE_HUBMAP_HPA_1","0.9657474348689464","1","ft","CatBoost 😸","2026-04-01T18:50:47.000Z","MUL_IMAGE_HUBMAP_HPA","539","0.652587890625","24.793716430664062"
"cat_MUL_IMAGE_HUBMAP_HPA_1","0.95533043499008","1","all","CatBoost 😸","2026-04-01T18:43:48.000Z","MUL_IMAGE_HUBMAP_HPA","296","0.652587890625","12.974178314208984"
"light_MUL_IMAGE_HUBMAP_HPA_1","0.9564072735789362","1","ft","LightGBM 💡","2026-04-01T18:31:47.000Z","MUL_IMAGE_HUBMAP_HPA","521","0.652587890625","22.77480697631836"
"light_MUL_IMAGE_HUBMAP_HPA_1","0.9442033275219832","1","all","LightGBM 💡","2026-04-01T18:25:48.000Z","MUL_IMAGE_HUBMAP_HPA","250","0.652587890625","11.168697357177734"
"tabpfnv2_MUL_IMAGE_HUBMAP_HPA_0","0.9734989017924376","0","ft","TabPFN-v2 🤯","2026-04-01T18:13:08.000Z","MUL_IMAGE_HUBMAP_HPA","564","0.652587890625","24.83306884765625"
"tabpfnv2_MUL_IMAGE_HUBMAP_HPA_0","0.9595366376290996","0","all","TabPFN-v2 🤯","2026-04-01T18:06:26.000Z","MUL_IMAGE_HUBMAP_HPA","269","0.652587890625","12.237014770507812"
"tabpfnv2p5_MUL_IMAGE_HUBMAP_HPA_0","0.9765421281624012","0","ft","TabPFN-v2p5 🇩🇪","2026-04-01T17:53:32.000Z","MUL_IMAGE_HUBMAP_HPA","562","0.652587890625","24.83531951904297"
"tabpfnv2p5_MUL_IMAGE_HUBMAP_HPA_0","0.9711714623174812","0","all","TabPFN-v2p5 🇩🇪","2026-04-01T17:47:02.000Z","MUL_IMAGE_HUBMAP_HPA","276","0.652587890625","12.293148040771484"
"tabm_MUL_IMAGE_HUBMAP_HPA_0","0.9710420770427396","0","ft","TabM Ⓜ️","2026-04-01T17:34:20.000Z","MUL_IMAGE_HUBMAP_HPA","567","0.652587890625","22.963294982910156"
"tabm_MUL_IMAGE_HUBMAP_HPA_0","0.9710224674986826","0","all","TabM Ⓜ️","2026-04-01T17:27:49.000Z","MUL_IMAGE_HUBMAP_HPA","269","0.652587890625","11.159725189208984"
"cat_MUL_IMAGE_HUBMAP_HPA_0","0.9649966838155744","0","ft","CatBoost 😸","2026-04-01T17:14:53.000Z","MUL_IMAGE_HUBMAP_HPA","572","0.652587890625","24.79147720336914"
"cat_MUL_IMAGE_HUBMAP_HPA_0","0.9597425557684544","0","all","CatBoost 😸","2026-04-01T17:07:37.000Z","MUL_IMAGE_HUBMAP_HPA","311","1.43145751953125","12.928531646728516"
"tabpfnv2_MUL_IMAGE_PETFINDER_4","0.8443062310319462","4","ft","TabPFN-v2 🤯","2026-03-30T22:35:28.000Z","MUL_IMAGE_PETFINDER","517","33.16778564453125","17.327472686767578"
"tabpfnv2_MUL_IMAGE_PETFINDER_4","0.8416544279332676","4","all","TabPFN-v2 🤯","2026-03-30T22:23:43.000Z","MUL_IMAGE_PETFINDER","385","33.16778564453125","8.665752410888672"
"tabpfnv2p5_MUL_IMAGE_PETFINDER_4","0.8523061496043538","4","ft","TabPFN-v2p5 🇩🇪","2026-03-30T22:13:24.000Z","MUL_IMAGE_PETFINDER","518","33.16778564453125","17.062763214111328"
"tabpfnv2p5_MUL_IMAGE_PETFINDER_4","0.8496407809489671","4","all","TabPFN-v2p5 🇩🇪","2026-03-30T22:01:50.000Z","MUL_IMAGE_PETFINDER","377","33.16778564453125","8.653472900390625"
"tabm_MUL_IMAGE_PETFINDER_4","0.8512961077588032","4","ft","TabM Ⓜ️","2026-03-30T21:52:18.000Z","MUL_IMAGE_PETFINDER","478","33.16778564453125","16.061878204345703"
"tabm_MUL_IMAGE_PETFINDER_4","0.8450966661177568","4","all","TabM Ⓜ️","2026-03-30T21:41:27.000Z","MUL_IMAGE_PETFINDER","344","33.16778564453125","8.012718200683594"
"cat_MUL_IMAGE_PETFINDER_4","0.8418954056012138","4","ft","CatBoost 😸","2026-03-30T21:31:18.000Z","MUL_IMAGE_PETFINDER","512","33.16778564453125","17.277259826660156"
"cat_MUL_IMAGE_PETFINDER_4","0.829667374547241","4","all","CatBoost 😸","2026-03-30T21:19:48.000Z","MUL_IMAGE_PETFINDER","377","33.16778564453125","9.360965728759766"
"light_MUL_IMAGE_PETFINDER_4","0.8287474138663494","4","ft","LightGBM 💡","2026-03-30T21:10:28.000Z","MUL_IMAGE_PETFINDER","467","33.16778564453125","15.79022979736328"
"light_MUL_IMAGE_PETFINDER_4","0.8120207345122616","4","all","LightGBM 💡","2026-03-30T20:59:58.000Z","MUL_IMAGE_PETFINDER","341","33.16778564453125","8.04757308959961"
"tabpfnv2_MUL_IMAGE_PETFINDER_3","0.8527671360584828","3","ft","TabPFN-v2 🤯","2026-03-30T20:49:53.000Z","MUL_IMAGE_PETFINDER","502","33.16778564453125","16.914047241210938"
"tabpfnv2_MUL_IMAGE_PETFINDER_3","0.8448585142510139","3","all","TabPFN-v2 🤯","2026-03-30T20:38:10.000Z","MUL_IMAGE_PETFINDER","383","33.16778564453125","8.618202209472656"
"tabpfnv2p5_MUL_IMAGE_PETFINDER_3","0.8610235963858187","3","ft","TabPFN-v2p5 🇩🇪","2026-03-30T20:28:10.000Z","MUL_IMAGE_PETFINDER","498","33.16778564453125","16.921730041503906"
"tabpfnv2p5_MUL_IMAGE_PETFINDER_3","0.8559860422413802","3","all","TabPFN-v2p5 🇩🇪","2026-03-30T20:16:31.000Z","MUL_IMAGE_PETFINDER","379","33.16778564453125","8.566192626953125"
"tabm_MUL_IMAGE_PETFINDER_3","0.852284920678587","3","ft","TabM Ⓜ️","2026-03-30T20:07:08.000Z","MUL_IMAGE_PETFINDER","466","33.16778564453125","15.857181549072266"
"tabm_MUL_IMAGE_PETFINDER_3","0.8408769704711626","3","all","TabM Ⓜ️","2026-03-30T19:56:30.000Z","MUL_IMAGE_PETFINDER","343","33.16778564453125","7.862682342529297"
"cat_MUL_IMAGE_PETFINDER_3","0.8462227549157562","3","ft","CatBoost 😸","2026-03-30T19:46:25.000Z","MUL_IMAGE_PETFINDER","509","33.16778564453125","16.908611297607422"
"cat_MUL_IMAGE_PETFINDER_3","0.8406730945132832","3","all","CatBoost 😸","2026-03-30T19:34:35.000Z","MUL_IMAGE_PETFINDER","395","33.16778564453125","9.00985336303711"
"light_MUL_IMAGE_PETFINDER_3","0.8336714769690567","3","ft","LightGBM 💡","2026-03-30T19:25:03.000Z","MUL_IMAGE_PETFINDER","473","33.16778564453125","15.861824035644531"
"light_MUL_IMAGE_PETFINDER_3","0.820122368051122","3","all","LightGBM 💡","2026-03-30T19:14:33.000Z","MUL_IMAGE_PETFINDER","339","33.16778564453125","7.975967407226563"
"tabpfnv2_MUL_IMAGE_PETFINDER_2","0.8426385400495873","2","ft","TabPFN-v2 🤯","2026-03-30T19:04:03.000Z","MUL_IMAGE_PETFINDER","527","33.16778564453125","16.927204132080078"
"tabpfnv2_MUL_IMAGE_PETFINDER_2","0.8373322206237521","2","all","TabPFN-v2 🤯","2026-03-30T18:52:18.000Z","MUL_IMAGE_PETFINDER","385","33.16778564453125","8.582771301269531"
"tabpfnv2p5_MUL_IMAGE_PETFINDER_2","0.8512893717528237","2","ft","TabPFN-v2p5 🇩🇪","2026-03-30T18:42:01.000Z","MUL_IMAGE_PETFINDER","516","33.16778564453125","16.92538833618164"
"tabpfnv2p5_MUL_IMAGE_PETFINDER_2","0.8479078668190521","2","all","TabPFN-v2p5 🇩🇪","2026-03-30T18:28:42.000Z","MUL_IMAGE_PETFINDER","481","33.16778564453125","8.628925323486328"
"tabm_MUL_IMAGE_PETFINDER_2","0.8461756337792301","2","ft","TabM Ⓜ️","2026-03-30T18:18:42.000Z","MUL_IMAGE_PETFINDER","495","33.16778564453125","15.877273559570312"
"tabm_MUL_IMAGE_PETFINDER_2","0.8411736495965891","2","all","TabM Ⓜ️","2026-03-30T18:07:50.000Z","MUL_IMAGE_PETFINDER","354","33.16778564453125","8.027339935302734"
"cat_MUL_IMAGE_PETFINDER_2","0.8340292118665935","2","ft","CatBoost 😸","2026-03-30T17:57:40.000Z","MUL_IMAGE_PETFINDER","512","33.16778564453125","17.378173828125"
"cat_MUL_IMAGE_PETFINDER_2","0.8246003700512421","2","all","CatBoost 😸","2026-03-30T17:44:40.000Z","MUL_IMAGE_PETFINDER","441","33.16778564453125","8.579898834228516"
"light_MUL_IMAGE_PETFINDER_2","0.8247989938140623","2","ft","LightGBM 💡","2026-03-30T17:34:36.000Z","MUL_IMAGE_PETFINDER","498","33.16778564453125","15.601432800292969"
"tabpfnv2_REG_IMAGE_MKPHOTO_BOTS_4","0.37278905845865895","4","ft","TabPFN-v2 🤯","2026-03-30T17:25:28.000Z","REG_IMAGE_MKPHOTO_BOTS","273","33.16778564453125","17.863433837890625"
"light_MUL_IMAGE_PETFINDER_2","0.8031043479622385","2","all","LightGBM 💡","2026-03-30T17:23:55.000Z","MUL_IMAGE_PETFINDER","352","33.16778564453125","7.9960479736328125"
"tabpfnv2_REG_IMAGE_MKPHOTO_BOTS_4","0.3704566445170277","4","all","TabPFN-v2 🤯","2026-03-30T17:20:58.000Z","REG_IMAGE_MKPHOTO_BOTS","121","33.16778564453125","8.602603912353516"
"tabpfnv2p5_REG_IMAGE_MKPHOTO_BOTS_4","0.37873359092243464","4","ft","TabPFN-v2p5 🇩🇪","2026-03-30T17:14:23.000Z","REG_IMAGE_MKPHOTO_BOTS","264","33.16778564453125","17.61505889892578"
"tabpfnv2_MUL_IMAGE_PETFINDER_1","0.846620737895432","1","ft","TabPFN-v2 🤯","2026-03-30T17:13:09.000Z","MUL_IMAGE_PETFINDER","534","33.16778564453125","17.109359741210938"
"tabpfnv2p5_REG_IMAGE_MKPHOTO_BOTS_4","0.420255352217485","4","all","TabPFN-v2p5 🇩🇪","2026-03-30T17:10:05.000Z","REG_IMAGE_MKPHOTO_BOTS","120","33.16778564453125","8.622787475585938"
"tabm_REG_IMAGE_MKPHOTO_BOTS_4","0.40193117574150394","4","ft","TabM Ⓜ️","2026-03-30T17:03:23.000Z","REG_IMAGE_MKPHOTO_BOTS","268","33.16778564453125","16.777942657470703"
"tabm_REG_IMAGE_MKPHOTO_BOTS_4","0.39476165076278014","4","all","TabM Ⓜ️","2026-03-30T17:01:08.000Z","REG_IMAGE_MKPHOTO_BOTS","99","33.16778564453125","7.923931121826172"
"tabpfnv2_MUL_IMAGE_PETFINDER_1","0.8387463045927134","1","all","TabPFN-v2 🤯","2026-03-30T17:00:58.000Z","MUL_IMAGE_PETFINDER","397","33.16778564453125","8.553791046142578"
"cat_REG_IMAGE_MKPHOTO_BOTS_4","0.39102773937375057","4","ft","CatBoost 😸","2026-03-30T16:54:37.000Z","REG_IMAGE_MKPHOTO_BOTS","266","33.16778564453125","17.615161895751953"
"cat_REG_IMAGE_MKPHOTO_BOTS_4","0.36809103695482537","4","all","CatBoost 😸","2026-03-30T16:52:09.000Z","REG_IMAGE_MKPHOTO_BOTS","118","33.16778564453125","8.818290710449219"
"tabpfnv2p5_MUL_IMAGE_PETFINDER_1","0.8546427739649571","1","ft","TabPFN-v2p5 🇩🇪","2026-03-30T16:49:53.000Z","MUL_IMAGE_PETFINDER","538","33.16778564453125","17.07647705078125"
"light_REG_IMAGE_MKPHOTO_BOTS_4","0.33458399351428225","4","ft","LightGBM 💡","2026-03-30T16:45:59.000Z","REG_IMAGE_MKPHOTO_BOTS","257","33.16778564453125","16.694435119628906"
"light_REG_IMAGE_MKPHOTO_BOTS_4","0.34068116344126875","4","all","LightGBM 💡","2026-03-30T16:43:50.000Z","REG_IMAGE_MKPHOTO_BOTS","105","33.16778564453125","7.9932098388671875"
"tabpfnv2p5_MUL_IMAGE_PETFINDER_1","0.8502037865092646","1","all","TabPFN-v2p5 🇩🇪","2026-03-30T16:37:39.000Z","MUL_IMAGE_PETFINDER","405","33.16778564453125","8.620445251464844"
"tabpfnv2_REG_IMAGE_MKPHOTO_BOTS_3","0.3488913551984534","3","ft","TabPFN-v2 🤯","2026-03-30T16:36:57.000Z","REG_IMAGE_MKPHOTO_BOTS","301","33.16778564453125","17.815567016601562"
"tabpfnv2_REG_IMAGE_MKPHOTO_BOTS_3","0.30002221232757853","3","all","TabPFN-v2 🤯","2026-03-30T16:32:25.000Z","REG_IMAGE_MKPHOTO_BOTS","121","33.16778564453125","8.602951049804688"
"tabm_MUL_IMAGE_PETFINDER_1","0.8502736051160045","1","ft","TabM Ⓜ️","2026-03-30T16:27:36.000Z","MUL_IMAGE_PETFINDER","508","33.16778564453125","15.584434509277344"
"tabpfnv2p5_REG_IMAGE_MKPHOTO_BOTS_3","0.37532933797030577","3","ft","TabPFN-v2p5 🇩🇪","2026-03-30T16:25:20.000Z","REG_IMAGE_MKPHOTO_BOTS","310","33.16778564453125","17.777786254882812"
"tabpfnv2p5_REG_IMAGE_MKPHOTO_BOTS_3","0.3525385192895846","3","all","TabPFN-v2p5 🇩🇪","2026-03-30T16:21:10.000Z","REG_IMAGE_MKPHOTO_BOTS","101","33.16778564453125","8.729503631591797"
"tabm_MUL_IMAGE_PETFINDER_1","0.8460341278941377","1","all","TabM Ⓜ️","2026-03-30T16:16:44.000Z","MUL_IMAGE_PETFINDER","355","33.16778564453125","8.02288818359375"
"tabm_REG_IMAGE_MKPHOTO_BOTS_3","0.3518351061934941","3","ft","TabM Ⓜ️","2026-03-30T16:15:09.000Z","REG_IMAGE_MKPHOTO_BOTS","225","33.16778564453125","16.485702514648438"
"tabm_REG_IMAGE_MKPHOTO_BOTS_3","0.33633039824092714","3","all","TabM Ⓜ️","2026-03-30T16:12:49.000Z","REG_IMAGE_MKPHOTO_BOTS","104","33.16778564453125","7.990509033203125"
"tabpfnv2_MUL_IMAGE_CHEXPERT_4","0.8155834092979203","4","ft","TabPFN-v2 🤯","2026-03-30T16:11:02.000Z","MUL_IMAGE_CHEXPERT","234","0.45465087890625","13.52078628540039"
"tabpfnv2_MUL_IMAGE_CHEXPERT_4","0.7878107427506","4","all","TabPFN-v2 🤯","2026-03-30T16:09:25.000Z","MUL_IMAGE_CHEXPERT","72","0.45465087890625","6.396728515625"
"cat_REG_IMAGE_MKPHOTO_BOTS_3","0.3850488196737121","3","ft","CatBoost 😸","2026-03-30T16:07:09.000Z","REG_IMAGE_MKPHOTO_BOTS","225","33.16778564453125","17.34789276123047"
"cat_MUL_IMAGE_PETFINDER_1","0.8415616249962369","1","ft","CatBoost 😸","2026-03-30T16:06:19.000Z","MUL_IMAGE_PETFINDER","517","33.16778564453125","17.40964126586914"
"cat_REG_IMAGE_MKPHOTO_BOTS_3","0.3786782639389501","3","all","CatBoost 😸","2026-03-30T16:04:40.000Z","REG_IMAGE_MKPHOTO_BOTS","115","33.16778564453125","8.78823471069336"
"tabpfnv2p5_MUL_IMAGE_CHEXPERT_4","0.8186543378736326","4","ft","TabPFN-v2p5 🇩🇪","2026-03-30T16:04:12.000Z","MUL_IMAGE_CHEXPERT","232","0.45465087890625","13.516464233398438"
"tabpfnv2p5_MUL_IMAGE_CHEXPERT_4","0.7964832199900393","4","all","TabPFN-v2p5 🇩🇪","2026-03-30T16:02:29.000Z","MUL_IMAGE_CHEXPERT","72","0.45465087890625","6.30609130859375"
"light_REG_IMAGE_MKPHOTO_BOTS_3","0.3643347931591563","3","ft","LightGBM 💡","2026-03-30T15:58:55.000Z","REG_IMAGE_MKPHOTO_BOTS","243","33.16778564453125","16.44255828857422"
"tabm_MUL_IMAGE_CHEXPERT_4","0.7957322480773539","4","ft","TabM Ⓜ️","2026-03-30T15:58:09.000Z","MUL_IMAGE_CHEXPERT","185","0.45465087890625","12.803218841552734"
"light_REG_IMAGE_MKPHOTO_BOTS_3","0.3374852690303366","3","all","LightGBM 💡","2026-03-30T15:56:57.000Z","REG_IMAGE_MKPHOTO_BOTS","90","33.16778564453125","7.946300506591797"
"tabm_MUL_IMAGE_CHEXPERT_4","0.7557470016692355","4","all","TabM Ⓜ️","2026-03-30T15:56:37.000Z","MUL_IMAGE_CHEXPERT","64","0.45465087890625","6.000522613525391"
"cat_MUL_IMAGE_PETFINDER_1","0.8374552913155169","1","all","CatBoost 😸","2026-03-30T15:53:37.000Z","MUL_IMAGE_PETFINDER","410","33.16778564453125","9.152790069580078"
"cat_MUL_IMAGE_CHEXPERT_4","0.8054333779163177","4","ft","CatBoost 😸","2026-03-30T15:52:16.000Z","MUL_IMAGE_CHEXPERT","185","0.45465087890625","13.485248565673828"
"tabpfnv2_REG_IMAGE_MKPHOTO_BOTS_2","0.34713472871565676","2","ft","TabPFN-v2 🤯","2026-03-30T15:50:50.000Z","REG_IMAGE_MKPHOTO_BOTS","248","33.16778564453125","17.666427612304688"
"cat_MUL_IMAGE_CHEXPERT_4","0.7765652226146557","4","all","CatBoost 😸","2026-03-30T15:50:44.000Z","MUL_IMAGE_CHEXPERT","64","0.45465087890625","6.498313903808594"
"tabpfnv2_REG_IMAGE_MKPHOTO_BOTS_2","0.3177687544863602","2","all","TabPFN-v2 🤯","2026-03-30T15:46:39.000Z","REG_IMAGE_MKPHOTO_BOTS","103","33.16778564453125","8.64007568359375"
"light_MUL_IMAGE_CHEXPERT_4","0.802114209269459","4","ft","LightGBM 💡","2026-03-30T15:46:34.000Z","MUL_IMAGE_CHEXPERT","181","0.45465087890625","12.793571472167969"
"light_MUL_IMAGE_CHEXPERT_4","0.7793228375831972","4","all","LightGBM 💡","2026-03-30T15:45:12.000Z","MUL_IMAGE_CHEXPERT","61","0.45465087890625","5.867500305175781"
"light_MUL_IMAGE_PETFINDER_1","0.8323367239130582","1","ft","LightGBM 💡","2026-03-30T15:43:31.000Z","MUL_IMAGE_PETFINDER","500","33.16778564453125","15.832164764404297"
"tabpfnv2_MUL_IMAGE_CHEXPERT_3","0.8218215041423241","3","ft","TabPFN-v2 🤯","2026-03-30T15:40:24.000Z","MUL_IMAGE_CHEXPERT","204","0.45465087890625","13.516624450683594"
"tabpfnv2p5_REG_IMAGE_MKPHOTO_BOTS_2","0.3557662988293059","2","ft","TabPFN-v2p5 🇩🇪","2026-03-30T15:39:55.000Z","REG_IMAGE_MKPHOTO_BOTS","274","33.16778564453125","17.645553588867188"
"tabpfnv2_MUL_IMAGE_CHEXPERT_3","0.7923872713085606","3","all","TabPFN-v2 🤯","2026-03-30T15:38:46.000Z","MUL_IMAGE_CHEXPERT","72","0.45465087890625","6.425518035888672"
"tabpfnv2p5_REG_IMAGE_MKPHOTO_BOTS_2","0.36742188332813486","2","all","TabPFN-v2p5 🇩🇪","2026-03-30T15:35:50.000Z","REG_IMAGE_MKPHOTO_BOTS","106","33.16778564453125","8.640892028808594"
"tabpfnv2p5_MUL_IMAGE_CHEXPERT_3","0.8234210186410323","3","ft","TabPFN-v2p5 🇩🇪","2026-03-30T15:33:59.000Z","MUL_IMAGE_CHEXPERT","204","0.45465087890625","13.48699188232422"
"light_MUL_IMAGE_PETFINDER_1","0.8131745358523259","1","all","LightGBM 💡","2026-03-30T15:32:28.000Z","MUL_IMAGE_PETFINDER","361","33.16778564453125","7.861625671386719"
"tabpfnv2p5_MUL_IMAGE_CHEXPERT_3","0.791945155748417","3","all","TabPFN-v2p5 🇩🇪","2026-03-30T15:32:22.000Z","MUL_IMAGE_CHEXPERT","69","0.45465087890625","6.348072052001953"
"tabm_REG_IMAGE_MKPHOTO_BOTS_2","0.3514923005043985","2","ft","TabM Ⓜ️","2026-03-30T15:29:33.000Z","REG_IMAGE_MKPHOTO_BOTS","241","33.16778564453125","16.820781707763672"
"tabm_MUL_IMAGE_CHEXPERT_3","0.7895109160865399","3","ft","TabM Ⓜ️","2026-03-30T15:28:17.000Z","MUL_IMAGE_CHEXPERT","169","0.45465087890625","12.820186614990234"
"tabm_REG_IMAGE_MKPHOTO_BOTS_2","0.33556324113553837","2","all","TabM Ⓜ️","2026-03-30T15:27:29.000Z","REG_IMAGE_MKPHOTO_BOTS","97","33.16778564453125","7.952789306640625"
"tabm_MUL_IMAGE_CHEXPERT_3","0.7464487457203083","3","all","TabM Ⓜ️","2026-03-30T15:26:45.000Z","MUL_IMAGE_CHEXPERT","64","0.45465087890625","5.963741302490234"
"cat_MUL_IMAGE_CHEXPERT_3","0.8060033281125151","3","ft","CatBoost 😸","2026-03-30T15:22:40.000Z","MUL_IMAGE_CHEXPERT","170","0.45465087890625","13.486038208007812"
"tabpfnv2_MUL_IMAGE_PETFINDER_0","0.8388276158038296","0","ft","TabPFN-v2 🤯","2026-03-30T15:21:56.000Z","MUL_IMAGE_PETFINDER","524","33.16778564453125","17.282894134521484"
"cat_REG_IMAGE_MKPHOTO_BOTS_2","0.3590481533087444","2","ft","CatBoost 😸","2026-03-30T15:21:27.000Z","REG_IMAGE_MKPHOTO_BOTS","231","33.16778564453125","17.51272964477539"
"cat_MUL_IMAGE_CHEXPERT_3","0.7745719162936776","3","all","CatBoost 😸","2026-03-30T15:21:08.000Z","MUL_IMAGE_CHEXPERT","66","0.45465087890625","6.624481201171875"
"cat_REG_IMAGE_MKPHOTO_BOTS_2","0.34032233765572373","2","all","CatBoost 😸","2026-03-30T15:19:18.000Z","REG_IMAGE_MKPHOTO_BOTS","103","33.16778564453125","8.770702362060547"
"light_MUL_IMAGE_CHEXPERT_3","0.8027211928247406","3","ft","LightGBM 💡","2026-03-30T15:17:08.000Z","MUL_IMAGE_CHEXPERT","166","0.45465087890625","12.835952758789062"
"light_MUL_IMAGE_CHEXPERT_3","0.7642337199689958","3","all","LightGBM 💡","2026-03-30T15:15:47.000Z","MUL_IMAGE_CHEXPERT","61","0.45465087890625","5.945949554443359"
"light_REG_IMAGE_MKPHOTO_BOTS_2","0.32872893833989447","2","ft","LightGBM 💡","2026-03-30T15:13:58.000Z","REG_IMAGE_MKPHOTO_BOTS","220","33.16778564453125","16.80567169189453"
"light_REG_IMAGE_MKPHOTO_BOTS_2","0.3260454473920392","2","all","LightGBM 💡","2026-03-30T15:11:54.000Z","REG_IMAGE_MKPHOTO_BOTS","97","33.16778564453125","8.001815795898438"
"tabpfnv2_MUL_IMAGE_CHEXPERT_2","0.8307690676950763","2","ft","TabPFN-v2 🤯","2026-03-30T15:10:32.000Z","MUL_IMAGE_CHEXPERT","232","0.45465087890625","13.508197784423828"
"tabpfnv2_MUL_IMAGE_PETFINDER_0","0.8307580993875812","0","all","TabPFN-v2 🤯","2026-03-30T15:09:49.000Z","MUL_IMAGE_PETFINDER","399","33.16778564453125","8.594512939453125"
"tabpfnv2_MUL_IMAGE_CHEXPERT_2","0.7866539019092066","2","all","TabPFN-v2 🤯","2026-03-30T15:08:44.000Z","MUL_IMAGE_CHEXPERT","71","0.45465087890625","6.3487548828125"
"tabpfnv2_REG_IMAGE_MKPHOTO_BOTS_1","0.3782554284162577","1","ft","TabPFN-v2 🤯","2026-03-30T15:04:34.000Z","REG_IMAGE_MKPHOTO_BOTS","325","33.16778564453125","17.597457885742188"
"tabpfnv2p5_MUL_IMAGE_CHEXPERT_2","0.8320173102446792","2","ft","TabPFN-v2p5 🇩🇪","2026-03-30T15:03:27.000Z","MUL_IMAGE_CHEXPERT","243","0.45465087890625","13.503650665283203"
"tabpfnv2p5_MUL_IMAGE_CHEXPERT_2","0.7883326883832574","2","all","TabPFN-v2p5 🇩🇪","2026-03-30T15:01:50.000Z","MUL_IMAGE_CHEXPERT","69","0.45465087890625","6.333526611328125"
"tabpfnv2_REG_IMAGE_MKPHOTO_BOTS_1","0.34235829323762745","1","all","TabPFN-v2 🤯","2026-03-30T15:00:30.000Z","REG_IMAGE_MKPHOTO_BOTS","103","33.16778564453125","8.643383026123047"
"tabpfnv2p5_MUL_IMAGE_PETFINDER_0","0.8472244799425965","0","ft","TabPFN-v2p5 🇩🇪","2026-03-30T14:59:25.000Z","MUL_IMAGE_PETFINDER","518","33.16778564453125","17.01102066040039"
"tabm_MUL_IMAGE_CHEXPERT_2","0.7996146518498497","2","ft","TabM Ⓜ️","2026-03-30T14:57:01.000Z","MUL_IMAGE_CHEXPERT","212","0.45465087890625","12.832054138183594"
"tabm_MUL_IMAGE_CHEXPERT_2","0.7561261876297672","2","all","TabM Ⓜ️","2026-03-30T14:55:22.000Z","MUL_IMAGE_CHEXPERT","70","0.45465087890625","5.889518737792969"
"tabpfnv2p5_REG_IMAGE_MKPHOTO_BOTS_1","0.3975237368220174","1","ft","TabPFN-v2p5 🇩🇪","2026-03-30T14:54:12.000Z","REG_IMAGE_MKPHOTO_BOTS","263","33.16778564453125","17.61220932006836"
"cat_MUL_IMAGE_CHEXPERT_2","0.8150064466111374","2","ft","CatBoost 😸","2026-03-30T14:50:28.000Z","MUL_IMAGE_CHEXPERT","218","0.45465087890625","13.429557800292969"
"tabpfnv2p5_REG_IMAGE_MKPHOTO_BOTS_1","0.3714252196273089","1","all","TabPFN-v2p5 🇩🇪","2026-03-30T14:50:01.000Z","REG_IMAGE_MKPHOTO_BOTS","113","33.16778564453125","8.661853790283203"
"cat_MUL_IMAGE_CHEXPERT_2","0.7806644465184442","2","all","CatBoost 😸","2026-03-30T14:48:35.000Z","MUL_IMAGE_CHEXPERT","70","0.45465087890625","6.427402496337891"
"tabpfnv2p5_MUL_IMAGE_PETFINDER_0","0.8419407190579622","0","all","TabPFN-v2p5 🇩🇪","2026-03-30T14:47:01.000Z","MUL_IMAGE_PETFINDER","403","33.16778564453125","8.649398803710938"
"tabm_REG_IMAGE_MKPHOTO_BOTS_1","0.371320599521038","1","ft","TabM Ⓜ️","2026-03-30T14:43:53.000Z","REG_IMAGE_MKPHOTO_BOTS","246","38.0345458984375","16.804401397705078"
"tabpfnv2_BIN_IMAGE_MAMMOGRAPHY_CMMD_4","0.7911367595818815","4","ft","TabPFN-v2 🤯","2026-03-30T14:43:48.000Z","BIN_IMAGE_MAMMOGRAPHY_CMMD","221","5.26953125","26.733402252197266"
"light_MUL_IMAGE_CHEXPERT_2","0.8125193859099813","2","ft","LightGBM 💡","2026-03-30T14:42:59.000Z","MUL_IMAGE_CHEXPERT","240","5.26953125","12.83365249633789"
"tabpfnv2_BIN_IMAGE_MAMMOGRAPHY_CMMD_4","0.7991398083623694","4","all","TabPFN-v2 🤯","2026-03-30T14:42:16.000Z","BIN_IMAGE_MAMMOGRAPHY_CMMD","116","1.10699462890625","13.435165405273438"
"light_MUL_IMAGE_CHEXPERT_2","0.7702671909917053","2","all","LightGBM 💡","2026-03-30T14:41:26.000Z","MUL_IMAGE_CHEXPERT","64","1.234375","5.931346893310547"
"tabm_REG_IMAGE_MKPHOTO_BOTS_1","0.3603827931545482","1","all","TabM Ⓜ️","2026-03-30T14:41:21.000Z","REG_IMAGE_MKPHOTO_BOTS","115","37.9818115234375","8.001235961914062"
"tabpfnv2p5_BIN_IMAGE_MAMMOGRAPHY_CMMD_4","0.8078941637630661","4","ft","TabPFN-v2p5 🇩🇪","2026-03-30T14:40:56.000Z","BIN_IMAGE_MAMMOGRAPHY_CMMD","338","37.9818115234375","26.724777221679688"
"tabpfnv2p5_BIN_IMAGE_MAMMOGRAPHY_CMMD_4","0.8054769163763065","4","all","TabPFN-v2p5 🇩🇪","2026-03-30T14:40:18.000Z","BIN_IMAGE_MAMMOGRAPHY_CMMD","112","1.10699462890625","13.4658203125"
"tabm_BIN_IMAGE_MAMMOGRAPHY_CMMD_4","0.7617160278745645","4","ft","TabM Ⓜ️","2026-03-30T14:37:56.000Z","BIN_IMAGE_MAMMOGRAPHY_CMMD","215","5.28125","24.487300872802734"
"tabpfnv2_MUL_IMAGE_CHEXPERT_1","0.8156198323998444","1","ft","TabPFN-v2 🤯","2026-03-30T14:36:49.000Z","MUL_IMAGE_CHEXPERT","182","5.265625","13.533798217773438"
"tabm_BIN_IMAGE_MAMMOGRAPHY_CMMD_4","0.7598432055749128","4","all","TabM Ⓜ️","2026-03-30T14:36:24.000Z","BIN_IMAGE_MAMMOGRAPHY_CMMD","113","1.12847900390625","12.342979431152344"
"cat_BIN_IMAGE_MAMMOGRAPHY_CMMD_4","0.7729747386759582","4","ft","CatBoost 😸","2026-03-30T14:35:21.000Z","BIN_IMAGE_MAMMOGRAPHY_CMMD","306","37.9779052734375","25.542911529541016"
"tabm_MUL_IMAGE_PETFINDER_0","0.8390916086873426","0","ft","TabM Ⓜ️","2026-03-30T14:35:09.000Z","MUL_IMAGE_PETFINDER","565","37.9818115234375","15.658897399902344"
"tabpfnv2_MUL_IMAGE_CHEXPERT_1","0.773567173171486","1","all","TabPFN-v2 🤯","2026-03-30T14:35:01.000Z","MUL_IMAGE_CHEXPERT","79","5.265625","6.4584197998046875"
"cat_REG_IMAGE_MKPHOTO_BOTS_1","0.3829693284120778","1","ft","CatBoost 😸","2026-03-30T14:34:48.000Z","REG_IMAGE_MKPHOTO_BOTS","277","37.9779052734375","17.653831481933594"
"cat_BIN_IMAGE_MAMMOGRAPHY_CMMD_4","0.748845818815331","4","all","CatBoost 😸","2026-03-30T14:34:16.000Z","BIN_IMAGE_MAMMOGRAPHY_CMMD","123","1.10699462890625","12.59585189819336"
"cat_REG_IMAGE_MKPHOTO_BOTS_1","0.36316341062104585","1","all","CatBoost 😸","2026-03-30T14:32:28.000Z","REG_IMAGE_MKPHOTO_BOTS","110","33.9466552734375","8.619430541992188"
"light_BIN_IMAGE_MAMMOGRAPHY_CMMD_4","0.7422038327526133","4","ft","LightGBM 💡","2026-03-30T14:32:19.000Z","BIN_IMAGE_MAMMOGRAPHY_CMMD","209","5.265625","24.45720672607422"
"tabpfnv2p5_MUL_IMAGE_CHEXPERT_1","0.8166239382979318","1","ft","TabPFN-v2p5 🇩🇪","2026-03-30T14:30:34.000Z","MUL_IMAGE_CHEXPERT","185","5.265625","13.536766052246094"
"light_BIN_IMAGE_MAMMOGRAPHY_CMMD_4","0.74470818815331","4","all","LightGBM 💡","2026-03-30T14:30:21.000Z","BIN_IMAGE_MAMMOGRAPHY_CMMD","134","33.9466552734375","12.282207489013672"
"tabpfnv2_BIN_IMAGE_MAMMOGRAPHY_CMMD_3","0.795241724738676","3","ft","TabPFN-v2 🤯","2026-03-30T14:28:52.000Z","BIN_IMAGE_MAMMOGRAPHY_CMMD","318","5.01324462890625","26.841148376464844"
"tabpfnv2p5_MUL_IMAGE_CHEXPERT_1","0.7776570225633757","1","all","TabPFN-v2p5 🇩🇪","2026-03-30T14:28:41.000Z","MUL_IMAGE_CHEXPERT","84","5.26953125","6.351127624511719"
"tabpfnv2_BIN_IMAGE_MAMMOGRAPHY_CMMD_3","0.7881641986062717","3","all","TabPFN-v2 🤯","2026-03-30T14:27:50.000Z","BIN_IMAGE_MAMMOGRAPHY_CMMD","144","33.9466552734375","13.54616928100586"
"tabpfnv2p5_BIN_IMAGE_MAMMOGRAPHY_CMMD_3","0.7993358013937282","3","ft","TabPFN-v2p5 🇩🇪","2026-03-30T14:26:16.000Z","BIN_IMAGE_MAMMOGRAPHY_CMMD","230","5.26953125","26.882476806640625"
"light_REG_IMAGE_MKPHOTO_BOTS_1","0.3732484528970178","1","ft","LightGBM 💡","2026-03-30T14:26:13.000Z","REG_IMAGE_MKPHOTO_BOTS","250","37.9935302734375","16.472064971923828"
"tabpfnv2p5_BIN_IMAGE_MAMMOGRAPHY_CMMD_3","0.782262630662021","3","all","TabPFN-v2p5 🇩🇪","2026-03-30T14:24:35.000Z","BIN_IMAGE_MAMMOGRAPHY_CMMD","95","1.234375","13.577045440673828"
"light_REG_IMAGE_MKPHOTO_BOTS_1","0.3236809840455549","1","all","LightGBM 💡","2026-03-30T14:24:15.000Z","REG_IMAGE_MKPHOTO_BOTS","91","37.9779052734375","7.983623504638672"
"tabm_MUL_IMAGE_CHEXPERT_1","0.7876858612446066","1","ft","TabM Ⓜ️","2026-03-30T14:24:10.000Z","MUL_IMAGE_CHEXPERT","189","5.26953125","12.845439910888672"
"tabm_MUL_IMAGE_PETFINDER_0","0.8385545250925166","0","all","TabM Ⓜ️","2026-03-30T14:23:38.000Z","MUL_IMAGE_PETFINDER","376","37.9935302734375","7.91925048828125"
"tabm_BIN_IMAGE_MAMMOGRAPHY_CMMD_3","0.7491942508710803","3","ft","TabM Ⓜ️","2026-03-30T14:23:31.000Z","BIN_IMAGE_MAMMOGRAPHY_CMMD","253","37.9935302734375","24.53717041015625"
"tabm_BIN_IMAGE_MAMMOGRAPHY_CMMD_3","0.7526567944250872","3","all","TabM Ⓜ️","2026-03-30T14:22:58.000Z","BIN_IMAGE_MAMMOGRAPHY_CMMD","91","1.255859375","12.425655364990234"
"tabm_MUL_IMAGE_CHEXPERT_1","0.7377787048909782","1","all","TabM Ⓜ️","2026-03-30T14:22:32.000Z","MUL_IMAGE_CHEXPERT","67","5.265625","5.961860656738281"
"cat_BIN_IMAGE_MAMMOGRAPHY_CMMD_3","0.7425522648083624","3","ft","CatBoost 😸","2026-03-30T14:19:31.000Z","BIN_IMAGE_MAMMOGRAPHY_CMMD","201","5.265625","25.181819915771484"
"cat_BIN_IMAGE_MAMMOGRAPHY_CMMD_3","0.7354747386759583","3","all","CatBoost 😸","2026-03-30T14:18:46.000Z","BIN_IMAGE_MAMMOGRAPHY_CMMD","111","33.9466552734375","13.493938446044922"
"cat_MUL_IMAGE_CHEXPERT_1","0.8085577177743022","1","ft","CatBoost 😸","2026-03-30T14:18:06.000Z","MUL_IMAGE_CHEXPERT","189","5.265625","13.411556243896484"
"tabpfnv2_REG_IMAGE_MKPHOTO_BOTS_0","0.3635670350679385","0","ft","TabPFN-v2 🤯","2026-03-30T14:17:36.000Z","REG_IMAGE_MKPHOTO_BOTS","281","38.6614990234375","17.86758041381836"
"light_BIN_IMAGE_MAMMOGRAPHY_CMMD_3","0.7269599303135889","3","ft","LightGBM 💡","2026-03-30T14:17:25.000Z","BIN_IMAGE_MAMMOGRAPHY_CMMD","356","5.01129150390625","24.294628143310547"
"cat_MUL_IMAGE_CHEXPERT_1","0.7637870183261644","1","all","CatBoost 😸","2026-03-30T14:16:35.000Z","MUL_IMAGE_CHEXPERT","67","1.234375","6.508838653564453"
"light_BIN_IMAGE_MAMMOGRAPHY_CMMD_3","0.7313588850174216","3","all","LightGBM 💡","2026-03-30T14:15:41.000Z","BIN_IMAGE_MAMMOGRAPHY_CMMD","91","1.234375","12.38864517211914"
"tabpfnv2_BIN_IMAGE_MAMMOGRAPHY_CMMD_2","0.8100065331010453","2","ft","TabPFN-v2 🤯","2026-03-30T14:13:50.000Z","BIN_IMAGE_MAMMOGRAPHY_CMMD","292","37.9818115234375","27.01478576660156"
"tabpfnv2_REG_IMAGE_MKPHOTO_BOTS_0","0.28475004801104575","0","all","TabPFN-v2 🤯","2026-03-30T14:13:37.000Z","REG_IMAGE_MKPHOTO_BOTS","103","37.9818115234375","8.592491149902344"
"cat_MUL_IMAGE_PETFINDER_0","0.8320147757180612","0","ft","CatBoost 😸","2026-03-30T14:12:35.000Z","MUL_IMAGE_PETFINDER","561","38.6614990234375","17.287620544433594"
"light_MUL_IMAGE_CHEXPERT_1","0.805489226930519","1","ft","LightGBM 💡","2026-03-30T14:12:14.000Z","MUL_IMAGE_CHEXPERT","185","2.478515625","12.806438446044922"
"tabpfnv2_BIN_IMAGE_MAMMOGRAPHY_CMMD_2","0.7979965156794424","2","all","TabPFN-v2 🤯","2026-03-30T14:11:56.000Z","BIN_IMAGE_MAMMOGRAPHY_CMMD","95","1.234375","13.744060516357422"
"tabpfnv2p5_BIN_IMAGE_MAMMOGRAPHY_CMMD_2","0.8208623693379792","2","ft","TabPFN-v2p5 🇩🇪","2026-03-30T14:11:15.000Z","BIN_IMAGE_MAMMOGRAPHY_CMMD","360","5.01324462890625","26.95730972290039"
"light_MUL_IMAGE_CHEXPERT_1","0.7629073821488133","1","all","LightGBM 💡","2026-03-30T14:10:48.000Z","MUL_IMAGE_CHEXPERT","65","5.28125","5.946399688720703"
"tabpfnv2p5_BIN_IMAGE_MAMMOGRAPHY_CMMD_2","0.8028963414634146","2","all","TabPFN-v2p5 🇩🇪","2026-03-30T14:09:30.000Z","BIN_IMAGE_MAMMOGRAPHY_CMMD","119","33.9466552734375","13.683185577392578"
"tabm_BIN_IMAGE_MAMMOGRAPHY_CMMD_2","0.7345601045296167","2","ft","TabM Ⓜ️","2026-03-30T14:08:18.000Z","BIN_IMAGE_MAMMOGRAPHY_CMMD","213","5.28125","24.598682403564453"
"tabpfnv2p5_REG_IMAGE_MKPHOTO_BOTS_0","0.3707212988048145","0","ft","TabPFN-v2p5 🇩🇪","2026-03-30T14:07:04.000Z","REG_IMAGE_MKPHOTO_BOTS","263","37.9779052734375","17.82550048828125"
"tabm_BIN_IMAGE_MAMMOGRAPHY_CMMD_2","0.7708841463414634","2","all","TabM Ⓜ️","2026-03-30T14:06:27.000Z","BIN_IMAGE_MAMMOGRAPHY_CMMD","120","1.12847900390625","12.300682067871094"
"tabpfnv2_MUL_IMAGE_CHEXPERT_0","0.8157364766166664","0","ft","TabPFN-v2 🤯","2026-03-30T14:05:46.000Z","MUL_IMAGE_CHEXPERT","213","5.265625","13.561897277832031"
"cat_BIN_IMAGE_MAMMOGRAPHY_CMMD_2","0.7607796167247387","2","ft","CatBoost 😸","2026-03-30T14:05:24.000Z","BIN_IMAGE_MAMMOGRAPHY_CMMD","5180","7.58160400390625","24.69470977783203"
"cat_BIN_IMAGE_MAMMOGRAPHY_CMMD_2","0.7576655052264807","2","all","CatBoost 😸","2026-03-30T14:04:39.000Z","BIN_IMAGE_MAMMOGRAPHY_CMMD","93","1.234375","13.080371856689451"
"light_BIN_IMAGE_MAMMOGRAPHY_CMMD_2","0.7505226480836236","2","ft","LightGBM 💡","2026-03-30T14:04:33.000Z","BIN_IMAGE_MAMMOGRAPHY_CMMD","291","37.9779052734375","24.61041259765625"
"tabpfnv2_MUL_IMAGE_CHEXPERT_0","0.7756794809258895","0","all","TabPFN-v2 🤯","2026-03-30T14:03:58.000Z","MUL_IMAGE_CHEXPERT","79","5.94921875","6.344203948974609"
"light_BIN_IMAGE_MAMMOGRAPHY_CMMD_2","0.7361933797909408","2","all","LightGBM 💡","2026-03-30T14:02:31.000Z","BIN_IMAGE_MAMMOGRAPHY_CMMD","118","33.9466552734375","12.397796630859377"
"tabpfnv2p5_REG_IMAGE_MKPHOTO_BOTS_0","0.33994554161340695","0","all","TabPFN-v2p5 🇩🇪","2026-03-30T14:02:23.000Z","REG_IMAGE_MKPHOTO_BOTS","104","33.9466552734375","8.593379974365234"
"tabpfnv2_BIN_IMAGE_MAMMOGRAPHY_CMMD_1","0.791648519163763","1","ft","TabPFN-v2 🤯","2026-03-30T14:00:36.000Z","BIN_IMAGE_MAMMOGRAPHY_CMMD","237","5.26953125","26.537105560302734"
"cat_MUL_IMAGE_PETFINDER_0","0.8279841564160215","0","all","CatBoost 😸","2026-03-30T14:00:04.000Z","MUL_IMAGE_PETFINDER","422","38.0345458984375","9.350902557373049"
"tabpfnv2_BIN_IMAGE_MAMMOGRAPHY_CMMD_1","0.8011106271777004","1","all","TabPFN-v2 🤯","2026-03-30T13:59:08.000Z","BIN_IMAGE_MAMMOGRAPHY_CMMD","298","3.67340087890625","12.962303161621094"
"tabpfnv2p5_MUL_IMAGE_CHEXPERT_0","0.8178307467758383","0","ft","TabPFN-v2p5 🇩🇪","2026-03-30T13:59:07.000Z","MUL_IMAGE_CHEXPERT","209","5.26953125","13.521102905273438"
"tabpfnv2p5_BIN_IMAGE_MAMMOGRAPHY_CMMD_1","0.8045296167247387","1","ft","TabPFN-v2p5 🇩🇪","2026-03-30T13:57:30.000Z","BIN_IMAGE_MAMMOGRAPHY_CMMD","295","37.9818115234375","26.84808349609375"
"tabpfnv2p5_MUL_IMAGE_CHEXPERT_0","0.7788123477920686","0","all","TabPFN-v2p5 🇩🇪","2026-03-30T13:57:26.000Z","MUL_IMAGE_CHEXPERT","76","5.28125","6.409725189208984"
"tabm_REG_IMAGE_MKPHOTO_BOTS_0","0.3314265298443553","0","ft","TabM Ⓜ️","2026-03-30T13:56:39.000Z","REG_IMAGE_MKPHOTO_BOTS","230","37.9818115234375","16.763511657714844"
"tabpfnv2p5_BIN_IMAGE_MAMMOGRAPHY_CMMD_1","0.7987151567944251","1","all","TabPFN-v2p5 🇩🇪","2026-03-30T13:55:07.000Z","BIN_IMAGE_MAMMOGRAPHY_CMMD","117","33.9466552734375","13.638195037841797"
"tabm_REG_IMAGE_MKPHOTO_BOTS_0","0.26959042553804635","0","all","TabM Ⓜ️","2026-03-30T13:54:21.000Z","REG_IMAGE_MKPHOTO_BOTS","111","34.0423583984375","7.813865661621094"
"tabm_BIN_IMAGE_MAMMOGRAPHY_CMMD_1","0.721406794425087","1","ft","TabM Ⓜ️","2026-03-30T13:54:15.000Z","BIN_IMAGE_MAMMOGRAPHY_CMMD","250","5.28125","24.63736343383789"
"tabm_MUL_IMAGE_CHEXPERT_0","0.7778401838753863","0","ft","TabM Ⓜ️","2026-03-30T13:53:17.000Z","MUL_IMAGE_CHEXPERT","175","5.265625","12.738750457763672"
"tabm_BIN_IMAGE_MAMMOGRAPHY_CMMD_1","0.7638501742160279","1","all","TabM Ⓜ️","2026-03-30T13:53:00.000Z","BIN_IMAGE_MAMMOGRAPHY_CMMD","124","33.9681396484375","12.460525512695312"
"cat_BIN_IMAGE_MAMMOGRAPHY_CMMD_1","0.7635017421602787","1","ft","CatBoost 😸","2026-03-30T13:52:44.000Z","BIN_IMAGE_MAMMOGRAPHY_CMMD","474","5.01129150390625","24.060222625732425"
"tabm_MUL_IMAGE_CHEXPERT_0","0.7364363594541595","0","all","TabM Ⓜ️","2026-03-30T13:51:40.000Z","MUL_IMAGE_CHEXPERT","66","5.265625","5.957981109619141"
"cat_BIN_IMAGE_MAMMOGRAPHY_CMMD_1","0.7446864111498257","1","all","CatBoost 😸","2026-03-30T13:50:52.000Z","BIN_IMAGE_MAMMOGRAPHY_CMMD","120","33.9466552734375","13.526920318603516"
"light_MUL_IMAGE_PETFINDER_0","0.8199806481124975","0","ft","LightGBM 💡","2026-03-30T13:50:03.000Z","MUL_IMAGE_PETFINDER","504","34.2435302734375","15.899215698242188"
"light_BIN_IMAGE_MAMMOGRAPHY_CMMD_1","0.7123475609756096","1","ft","LightGBM 💡","2026-03-30T13:49:39.000Z","BIN_IMAGE_MAMMOGRAPHY_CMMD","247","5.265625","24.631309509277344"
"light_BIN_IMAGE_MAMMOGRAPHY_CMMD_1","0.7440984320557491","1","all","LightGBM 💡","2026-03-30T13:48:56.000Z","BIN_IMAGE_MAMMOGRAPHY_CMMD","107","33.9466552734375","12.392929077148438"
"cat_REG_IMAGE_MKPHOTO_BOTS_0","0.35492703417459415","0","ft","CatBoost 😸","2026-03-30T13:48:47.000Z","REG_IMAGE_MKPHOTO_BOTS","229","33.9466552734375","17.434669494628906"
"tabpfnv2_BIN_IMAGE_MAMMOGRAPHY_CMMD_0","0.8358449477351916","0","ft","TabPFN-v2 🤯","2026-03-30T13:48:36.000Z","BIN_IMAGE_MAMMOGRAPHY_CMMD","255","7.58160400390625","26.354644775390625"
"cat_MUL_IMAGE_CHEXPERT_0","0.799919305017601","0","ft","CatBoost 😸","2026-03-30T13:47:32.000Z","MUL_IMAGE_CHEXPERT","172","5.322265625","13.416667938232422"
"tabpfnv2_BIN_IMAGE_MAMMOGRAPHY_CMMD_0","0.8249673344947736","0","all","TabPFN-v2 🤯","2026-03-30T13:46:48.000Z","BIN_IMAGE_MAMMOGRAPHY_CMMD","120","33.9466552734375","13.578208923339844"
"cat_REG_IMAGE_MKPHOTO_BOTS_0","0.2992429727707412","0","all","CatBoost 😸","2026-03-30T13:46:40.000Z","REG_IMAGE_MKPHOTO_BOTS","99","33.9466552734375","8.549301147460938"
"cat_MUL_IMAGE_CHEXPERT_0","0.7713041927083135","0","all","CatBoost 😸","2026-03-30T13:45:56.000Z","MUL_IMAGE_CHEXPERT","68","5.26953125","6.446025848388672"
"tabpfnv2p5_BIN_IMAGE_MAMMOGRAPHY_CMMD_0","0.8521232578397213","0","ft","TabPFN-v2p5 🇩🇪","2026-03-30T13:45:32.000Z","BIN_IMAGE_MAMMOGRAPHY_CMMD","222","5.26953125","26.979724884033203"
"tabpfnv2p5_BIN_IMAGE_MAMMOGRAPHY_CMMD_0","0.8330901567944251","0","all","TabPFN-v2p5 🇩🇪","2026-03-30T13:44:46.000Z","BIN_IMAGE_MAMMOGRAPHY_CMMD","119","33.9466552734375","13.58405303955078"
"tabm_BIN_IMAGE_MAMMOGRAPHY_CMMD_0","0.7995644599303137","0","ft","TabM Ⓜ️","2026-03-30T13:43:20.000Z","BIN_IMAGE_MAMMOGRAPHY_CMMD","310","7.59332275390625","24.089740753173828"
"light_MUL_IMAGE_CHEXPERT_0","0.802769316858465","0","ft","LightGBM 💡","2026-03-30T13:41:58.000Z","MUL_IMAGE_CHEXPERT","169","1.234375","12.794288635253906"
"tabm_BIN_IMAGE_MAMMOGRAPHY_CMMD_0","0.7698824041811847","0","all","TabM Ⓜ️","2026-03-30T13:41:39.000Z","BIN_IMAGE_MAMMOGRAPHY_CMMD","94","3.69488525390625","12.205997467041016"
"cat_BIN_IMAGE_MAMMOGRAPHY_CMMD_0","0.8177918118466898","0","ft","CatBoost 😸","2026-03-30T13:41:30.000Z","BIN_IMAGE_MAMMOGRAPHY_CMMD","311","5.01129150390625","24.68716049194336"
"light_REG_IMAGE_MKPHOTO_BOTS_0","0.3165995000686187","0","ft","LightGBM 💡","2026-03-30T13:41:06.000Z","REG_IMAGE_MKPHOTO_BOTS","231","37.9779052734375","16.48459243774414"
"cat_BIN_IMAGE_MAMMOGRAPHY_CMMD_0","0.7813588850174216","0","all","CatBoost 😸","2026-03-30T13:39:49.000Z","BIN_IMAGE_MAMMOGRAPHY_CMMD","93","1.10699462890625","12.622821807861328"
"light_MUL_IMAGE_CHEXPERT_0","0.7625879056579575","0","all","LightGBM 💡","2026-03-30T13:38:52.000Z","MUL_IMAGE_CHEXPERT","162","1.234375","5.946067810058594"
"light_BIN_IMAGE_MAMMOGRAPHY_CMMD_0","0.7910060975609756","0","ft","LightGBM 💡","2026-03-30T13:38:48.000Z","BIN_IMAGE_MAMMOGRAPHY_CMMD","354","37.9779052734375","24.55213928222656"
"light_REG_IMAGE_MKPHOTO_BOTS_0","0.28319955188512","0","all","LightGBM 💡","2026-03-30T13:38:47.000Z","REG_IMAGE_MKPHOTO_BOTS","116","37.9779052734375","7.980365753173828"
"light_MUL_IMAGE_PETFINDER_0","0.8064851851382446","0","all","LightGBM 💡","2026-03-30T13:38:47.000Z","MUL_IMAGE_PETFINDER","377","37.9779052734375","7.973304748535156"
"light_BIN_IMAGE_MAMMOGRAPHY_CMMD_0","0.7505879790940767","0","all","LightGBM 💡","2026-03-30T13:38:43.000Z","BIN_IMAGE_MAMMOGRAPHY_CMMD","155","3.67340087890625","12.255935668945312"
"tabpfnv2_BIN_IMAGE_CELEBA_ATTRACTIVENESS_4","0.9215424959803736","4","ft","TabPFN-v2 🤯","2026-03-30T10:58:52.000Z","BIN_IMAGE_CELEBA_ATTRACTIVENESS","230","2.93121337890625","7.547763824462891"
"tabpfnv2_BIN_IMAGE_CELEBA_ATTRACTIVENESS_4","0.9128133782771084","4","all","TabPFN-v2 🤯","2026-03-30T10:56:50.000Z","BIN_IMAGE_CELEBA_ATTRACTIVENESS","85","2.93121337890625","3.368316650390625"
"tabpfnv2p5_BIN_IMAGE_CELEBA_ATTRACTIVENESS_4","0.9226470803054816","4","ft","TabPFN-v2p5 🇩🇪","2026-03-30T10:51:42.000Z","BIN_IMAGE_CELEBA_ATTRACTIVENESS","222","2.93121337890625","7.179222106933594"
"tabpfnv2p5_BIN_IMAGE_CELEBA_ATTRACTIVENESS_4","0.9148729677999662","4","all","TabPFN-v2p5 🇩🇪","2026-03-30T10:49:51.000Z","BIN_IMAGE_CELEBA_ATTRACTIVENESS","80","2.93121337890625","3.2570724487304688"
"tabm_BIN_IMAGE_CELEBA_ATTRACTIVENESS_4","0.9194263765531968","4","ft","TabM Ⓜ️","2026-03-30T10:45:14.000Z","BIN_IMAGE_CELEBA_ATTRACTIVENESS","209","2.93121337890625","7.198871612548828"
"tabm_BIN_IMAGE_CELEBA_ATTRACTIVENESS_4","0.9134382088124618","4","all","TabM Ⓜ️","2026-03-30T10:43:49.000Z","BIN_IMAGE_CELEBA_ATTRACTIVENESS","60","2.93121337890625","3.102752685546875"
"cat_BIN_IMAGE_CELEBA_ATTRACTIVENESS_4","0.9184238462146476","4","ft","CatBoost 😸","2026-03-30T10:39:12.000Z","BIN_IMAGE_CELEBA_ATTRACTIVENESS","207","2.93121337890625","7.229248046875"
"cat_BIN_IMAGE_CELEBA_ATTRACTIVENESS_4","0.9109478914345688","4","all","CatBoost 😸","2026-03-30T10:37:50.000Z","BIN_IMAGE_CELEBA_ATTRACTIVENESS","57","2.93121337890625","3.1980209350585938"
"light_BIN_IMAGE_CELEBA_ATTRACTIVENESS_4","0.9177264773064951","4","ft","LightGBM 💡","2026-03-30T10:33:22.000Z","BIN_IMAGE_CELEBA_ATTRACTIVENESS","205","2.93121337890625","7.220348358154297"
"light_BIN_IMAGE_CELEBA_ATTRACTIVENESS_4","0.9050437681533532","4","all","LightGBM 💡","2026-03-30T10:32:03.000Z","BIN_IMAGE_CELEBA_ATTRACTIVENESS","60","2.93121337890625","3.164794921875"
"tabpfnv2_BIN_IMAGE_CELEBA_ATTRACTIVENESS_3","0.9065715763638964","3","ft","TabPFN-v2 🤯","2026-03-30T10:25:50.000Z","BIN_IMAGE_CELEBA_ATTRACTIVENESS","292","2.93121337890625","7.394573211669922"
"tabpfnv2_BIN_IMAGE_CELEBA_ATTRACTIVENESS_3","0.904754114926796","3","all","TabPFN-v2 🤯","2026-03-30T10:23:46.000Z","BIN_IMAGE_CELEBA_ATTRACTIVENESS","89","2.93121337890625","3.5042877197265625"
"tabpfnv2p5_BIN_IMAGE_CELEBA_ATTRACTIVENESS_3","0.9072294243654891","3","ft","TabPFN-v2p5 🇩🇪","2026-03-30T10:17:42.000Z","BIN_IMAGE_CELEBA_ATTRACTIVENESS","286","2.93121337890625","7.543586730957031"
"tabpfnv2p5_BIN_IMAGE_CELEBA_ATTRACTIVENESS_3","0.9048771800282348","3","all","TabPFN-v2p5 🇩🇪","2026-03-30T10:15:46.000Z","BIN_IMAGE_CELEBA_ATTRACTIVENESS","78","2.93121337890625","3.3581809997558594"
"tabpfnv2_REG_IMAGE_FASHION_HNM_CONSUMER_AGE_4","0.6640192442787585","4","ft","TabPFN-v2 🤯","2026-03-30T10:13:02.000Z","REG_IMAGE_FASHION_HNM_CONSUMER_AGE","747","0.45465087890625","5.770931243896484"
"tabm_BIN_IMAGE_CELEBA_ATTRACTIVENESS_3","0.9115992359958418","3","ft","TabM Ⓜ️","2026-03-30T10:11:01.000Z","BIN_IMAGE_CELEBA_ATTRACTIVENESS","211","2.93121337890625","7.271953582763672"
"tabm_BIN_IMAGE_CELEBA_ATTRACTIVENESS_3","0.9026665105840992","3","all","TabM Ⓜ️","2026-03-30T10:09:35.000Z","BIN_IMAGE_CELEBA_ATTRACTIVENESS","60","2.93121337890625","3.30721664428711"
"cat_BIN_IMAGE_CELEBA_ATTRACTIVENESS_3","0.9092259805437076","3","ft","CatBoost 😸","2026-03-30T10:04:45.000Z","BIN_IMAGE_CELEBA_ATTRACTIVENESS","218","8.32965087890625","7.285751342773437"
"cat_BIN_IMAGE_CELEBA_ATTRACTIVENESS_3","0.8977759234635122","3","all","CatBoost 😸","2026-03-30T10:03:15.000Z","BIN_IMAGE_CELEBA_ATTRACTIVENESS","63","3.98785400390625","3.23065185546875"
"light_BIN_IMAGE_CELEBA_ATTRACTIVENESS_3","0.9048936887613548","3","ft","LightGBM 💡","2026-03-30T09:58:32.000Z","BIN_IMAGE_CELEBA_ATTRACTIVENESS","215","7.57965087890625","7.221534729003906"
"light_BIN_IMAGE_CELEBA_ATTRACTIVENESS_3","0.8922099790789328","3","all","LightGBM 💡","2026-03-30T09:56:57.000Z","BIN_IMAGE_CELEBA_ATTRACTIVENESS","61","7.62652587890625","3.2905807495117188"
"tabpfnv2_BIN_IMAGE_CELEBA_ATTRACTIVENESS_2","0.9201537613397486","2","ft","TabPFN-v2 🤯","2026-03-30T09:52:04.000Z","BIN_IMAGE_CELEBA_ATTRACTIVENESS","204","7.61676025390625","7.229351043701172"
"tabpfnv2_REG_IMAGE_FASHION_HNM_CONSUMER_AGE_4","0.6207992396251576","4","all","TabPFN-v2 🤯","2026-03-30T09:51:39.000Z","REG_IMAGE_FASHION_HNM_CONSUMER_AGE","719","19.908203125","2.8533668518066406"
"tabpfnv2_BIN_IMAGE_CELEBA_ATTRACTIVENESS_2","0.9120834921673564","2","all","TabPFN-v2 🤯","2026-03-30T09:49:46.000Z","BIN_IMAGE_CELEBA_ATTRACTIVENESS","99","3.73785400390625","3.17928695678711"
"tabpfnv2p5_BIN_IMAGE_CELEBA_ATTRACTIVENESS_2","0.9202583166495076","2","ft","TabPFN-v2p5 🇩🇪","2026-03-30T09:45:17.000Z","BIN_IMAGE_CELEBA_ATTRACTIVENESS","186","7.61676025390625","7.2353057861328125"
"tabpfnv2p5_BIN_IMAGE_CELEBA_ATTRACTIVENESS_2","0.9138324173487776","2","all","TabPFN-v2p5 🇩🇪","2026-03-30T09:42:52.000Z","BIN_IMAGE_CELEBA_ATTRACTIVENESS","102","3.98785400390625","3.469696044921875"
"tabm_BIN_IMAGE_CELEBA_ATTRACTIVENESS_2","0.9199076311368714","2","ft","TabM Ⓜ️","2026-03-30T09:38:16.000Z","BIN_IMAGE_CELEBA_ATTRACTIVENESS","188","7.57965087890625","7.200065612792969"
"tabm_BIN_IMAGE_CELEBA_ATTRACTIVENESS_2","0.910666742706892","2","all","TabM Ⓜ️","2026-03-30T09:36:33.000Z","BIN_IMAGE_CELEBA_ATTRACTIVENESS","65","3.72613525390625","3.168773651123047"
"tabpfnv2p5_REG_IMAGE_FASHION_HNM_CONSUMER_AGE_4","0.6776469535915082","4","ft","TabPFN-v2p5 🇩🇪","2026-03-30T09:35:37.000Z","REG_IMAGE_FASHION_HNM_CONSUMER_AGE","759","19.908203125","5.694877624511719"
"cat_BIN_IMAGE_CELEBA_ATTRACTIVENESS_2","0.9169490660559436","2","ft","CatBoost 😸","2026-03-30T09:32:12.000Z","BIN_IMAGE_CELEBA_ATTRACTIVENESS","177","7.57965087890625","7.348670959472656"
"cat_BIN_IMAGE_CELEBA_ATTRACTIVENESS_2","0.9055410312055076","2","all","CatBoost 😸","2026-03-30T09:30:23.000Z","BIN_IMAGE_CELEBA_ATTRACTIVENESS","82","7.62652587890625","3.193958282470703"
"light_BIN_IMAGE_CELEBA_ATTRACTIVENESS_2","0.913422200343982","2","ft","LightGBM 💡","2026-03-30T09:26:15.000Z","BIN_IMAGE_CELEBA_ATTRACTIVENESS","176","4.01129150390625","7.187660217285156"
"light_BIN_IMAGE_CELEBA_ATTRACTIVENESS_2","0.8991896713361369","2","all","LightGBM 💡","2026-03-30T09:24:41.000Z","BIN_IMAGE_CELEBA_ATTRACTIVENESS","62","7.61676025390625","3.2038841247558594"
"tabpfnv2_BIN_IMAGE_CELEBA_ATTRACTIVENESS_1","0.9096917269235424","1","ft","TabPFN-v2 🤯","2026-03-30T09:18:19.000Z","BIN_IMAGE_CELEBA_ATTRACTIVENESS","282","7.61676025390625","7.298927307128906"
"tabpfnv2_BIN_IMAGE_CELEBA_ATTRACTIVENESS_1","0.9028396021495372","1","all","TabPFN-v2 🤯","2026-03-30T09:15:55.000Z","BIN_IMAGE_CELEBA_ATTRACTIVENESS","104","3.98785400390625","3.295734405517578"
"tabpfnv2p5_REG_IMAGE_FASHION_HNM_CONSUMER_AGE_4","0.6435263728834657","4","all","TabPFN-v2p5 🇩🇪","2026-03-30T09:15:51.000Z","REG_IMAGE_FASHION_HNM_CONSUMER_AGE","654","19.908203125","2.8888893127441406"
"tabpfnv2p5_BIN_IMAGE_CELEBA_ATTRACTIVENESS_1","0.9107873064851306","1","ft","TabPFN-v2p5 🇩🇪","2026-03-30T09:09:51.000Z","BIN_IMAGE_CELEBA_ATTRACTIVENESS","276","7.57965087890625","7.34613037109375"
"tabpfnv2p5_BIN_IMAGE_CELEBA_ATTRACTIVENESS_1","0.9037926062887268","1","all","TabPFN-v2p5 🇩🇪","2026-03-30T09:07:37.000Z","BIN_IMAGE_CELEBA_ATTRACTIVENESS","93","7.61090087890625","3.441246032714844"
"tabm_BIN_IMAGE_CELEBA_ATTRACTIVENESS_1","0.9114101359619238","1","ft","TabM Ⓜ️","2026-03-30T09:02:24.000Z","BIN_IMAGE_CELEBA_ATTRACTIVENESS","219","7.62652587890625","7.229286193847656"
"tabm_REG_IMAGE_FASHION_HNM_CONSUMER_AGE_4","0.6623529862043864","4","ft","TabM Ⓜ️","2026-03-30T09:00:47.000Z","REG_IMAGE_FASHION_HNM_CONSUMER_AGE","706","19.908203125","5.724262237548828"
"tabm_BIN_IMAGE_CELEBA_ATTRACTIVENESS_1","0.8953956643064181","1","all","TabM Ⓜ️","2026-03-30T09:00:39.000Z","BIN_IMAGE_CELEBA_ATTRACTIVENESS","64","7.57769775390625","3.2199478149414062"
"cat_BIN_IMAGE_CELEBA_ATTRACTIVENESS_1","0.9106817506460918","1","ft","CatBoost 😸","2026-03-30T08:55:51.000Z","BIN_IMAGE_CELEBA_ATTRACTIVENESS","212","7.61676025390625","7.464973449707031"
"cat_BIN_IMAGE_CELEBA_ATTRACTIVENESS_1","0.900082143453887","1","all","CatBoost 😸","2026-03-30T08:54:13.000Z","BIN_IMAGE_CELEBA_ATTRACTIVENESS","67","3.99371337890625","3.0329742431640625"
"light_BIN_IMAGE_CELEBA_ATTRACTIVENESS_1","0.9053939534013494","1","ft","LightGBM 💡","2026-03-30T08:49:19.000Z","BIN_IMAGE_CELEBA_ATTRACTIVENESS","213","7.61676025390625","7.288654327392578"
"light_BIN_IMAGE_CELEBA_ATTRACTIVENESS_1","0.8944071413777888","1","all","LightGBM 💡","2026-03-30T08:47:44.000Z","BIN_IMAGE_CELEBA_ATTRACTIVENESS","59","3.71051025390625","3.2951927185058594"
"tabm_REG_IMAGE_FASHION_HNM_CONSUMER_AGE_4","0.6367856074867579","4","all","TabM Ⓜ️","2026-03-30T08:43:17.000Z","REG_IMAGE_FASHION_HNM_CONSUMER_AGE","574","19.908203125","2.7669715881347656"
"tabpfnv2_BIN_IMAGE_CELEBA_ATTRACTIVENESS_0","0.9140315226754954","0","ft","TabPFN-v2 🤯","2026-03-30T08:41:30.000Z","BIN_IMAGE_CELEBA_ATTRACTIVENESS","241","7.65972900390625","7.380245208740234"
"tabpfnv2_BIN_IMAGE_CELEBA_ATTRACTIVENESS_0","0.9091389344963484","0","all","TabPFN-v2 🤯","2026-03-30T08:39:18.000Z","BIN_IMAGE_CELEBA_ATTRACTIVENESS","93","7.57965087890625","3.3034019470214844"
"tabpfnv2p5_BIN_IMAGE_CELEBA_ATTRACTIVENESS_0","0.9153367131212412","0","ft","TabPFN-v2p5 🇩🇪","2026-03-30T08:34:05.000Z","BIN_IMAGE_CELEBA_ATTRACTIVENESS","227","7.62652587890625","7.286174774169922"
"tabpfnv2p5_BIN_IMAGE_CELEBA_ATTRACTIVENESS_0","0.9095156337702645","0","all","TabPFN-v2p5 🇩🇪","2026-03-30T08:32:04.000Z","BIN_IMAGE_CELEBA_ATTRACTIVENESS","83","7.61676025390625","3.133506774902344"
"cat_REG_IMAGE_FASHION_HNM_CONSUMER_AGE_4","0.6570731528028049","4","ft","CatBoost 😸","2026-03-30T08:27:13.000Z","REG_IMAGE_FASHION_HNM_CONSUMER_AGE","743","19.908203125","6.68389892578125"
"tabm_BIN_IMAGE_CELEBA_ATTRACTIVENESS_0","0.9133991881705424","0","ft","TabM Ⓜ️","2026-03-30T08:27:08.000Z","BIN_IMAGE_CELEBA_ATTRACTIVENESS","219","7.61676025390625","7.328861236572266"
"tabm_BIN_IMAGE_CELEBA_ATTRACTIVENESS_0","0.9107417824028912","0","all","TabM Ⓜ️","2026-03-30T08:25:37.000Z","BIN_IMAGE_CELEBA_ATTRACTIVENESS","62","7.57769775390625","3.1610107421875"
"cat_BIN_IMAGE_CELEBA_ATTRACTIVENESS_0","0.9117203000387206","0","ft","CatBoost 😸","2026-03-30T08:20:54.000Z","BIN_IMAGE_CELEBA_ATTRACTIVENESS","212","8.32965087890625","7.5307159423828125"
"cat_BIN_IMAGE_CELEBA_ATTRACTIVENESS_0","0.9027225402237784","0","all","CatBoost 😸","2026-03-30T08:19:28.000Z","BIN_IMAGE_CELEBA_ATTRACTIVENESS","62","5.12457275390625","3.4769287109375"
"light_BIN_IMAGE_CELEBA_ATTRACTIVENESS_0","0.9061973784131806","0","ft","LightGBM 💡","2026-03-30T08:14:45.000Z","BIN_IMAGE_CELEBA_ATTRACTIVENESS","210","7.65972900390625","7.27288818359375"
"light_BIN_IMAGE_CELEBA_ATTRACTIVENESS_0","0.8972896662334374","0","all","LightGBM 💡","2026-03-30T08:12:43.000Z","BIN_IMAGE_CELEBA_ATTRACTIVENESS","101","3.98785400390625","3.200489044189453"
"cat_REG_IMAGE_FASHION_HNM_CONSUMER_AGE_4","0.616372267164678","4","all","CatBoost 😸","2026-03-30T08:08:42.000Z","REG_IMAGE_FASHION_HNM_CONSUMER_AGE","609","19.908203125","3.67142105102539"
"light_REG_IMAGE_FASHION_HNM_CONSUMER_AGE_4","0.6486430165342132","4","ft","LightGBM 💡","2026-03-30T07:53:39.000Z","REG_IMAGE_FASHION_HNM_CONSUMER_AGE","705","19.908203125","5.69189453125"
"light_REG_IMAGE_FASHION_HNM_CONSUMER_AGE_4","0.5973322085617477","4","all","LightGBM 💡","2026-03-30T07:36:43.000Z","REG_IMAGE_FASHION_HNM_CONSUMER_AGE","540","19.908203125","2.5983963012695312"
"tabpfnv2_REG_IMAGE_FASHION_HNM_CONSUMER_AGE_3","0.6342445564235522","3","ft","TabPFN-v2 🤯","2026-03-30T07:21:23.000Z","REG_IMAGE_FASHION_HNM_CONSUMER_AGE","720","19.908203125","5.849418640136719"
"tabpfnv2_REG_IMAGE_FASHION_HNM_CONSUMER_AGE_3","0.5994900357107511","3","all","TabPFN-v2 🤯","2026-03-30T07:05:23.000Z","REG_IMAGE_FASHION_HNM_CONSUMER_AGE","516","19.908203125","2.826454162597656"
"tabpfnv2p5_REG_IMAGE_FASHION_HNM_CONSUMER_AGE_3","0.6542815161010391","3","ft","TabPFN-v2p5 🇩🇪","2026-03-30T06:50:48.000Z","REG_IMAGE_FASHION_HNM_CONSUMER_AGE","713","19.908203125","5.6203765869140625"
"tabpfnv2p5_REG_IMAGE_FASHION_HNM_CONSUMER_AGE_3","0.6149711649585174","3","all","TabPFN-v2p5 🇩🇪","2026-03-30T06:35:04.000Z","REG_IMAGE_FASHION_HNM_CONSUMER_AGE","497","19.908203125","2.821380615234375"
"tabm_REG_IMAGE_FASHION_HNM_CONSUMER_AGE_3","0.6474718661313215","3","ft","TabM Ⓜ️","2026-03-30T06:22:51.000Z","REG_IMAGE_FASHION_HNM_CONSUMER_AGE","577","19.908203125","5.761497497558594"
"tabm_REG_IMAGE_FASHION_HNM_CONSUMER_AGE_3","0.6108179304625697","3","all","TabM Ⓜ️","2026-03-30T06:08:00.000Z","REG_IMAGE_FASHION_HNM_CONSUMER_AGE","489","19.908203125","2.7725181579589844"
"cat_REG_IMAGE_FASHION_HNM_CONSUMER_AGE_3","0.6427726993416562","3","ft","CatBoost 😸","2026-03-30T05:54:59.000Z","REG_IMAGE_FASHION_HNM_CONSUMER_AGE","611","19.908203125","6.628368377685547"
"cat_REG_IMAGE_FASHION_HNM_CONSUMER_AGE_3","0.5961128203962751","3","all","CatBoost 😸","2026-03-30T05:40:04.000Z","REG_IMAGE_FASHION_HNM_CONSUMER_AGE","482","19.908203125","3.3904762268066406"
"light_REG_IMAGE_FASHION_HNM_CONSUMER_AGE_3","0.624149435155413","3","ft","LightGBM 💡","2026-03-30T05:27:04.000Z","REG_IMAGE_FASHION_HNM_CONSUMER_AGE","603","19.908203125","5.842876434326172"
"light_REG_IMAGE_FASHION_HNM_CONSUMER_AGE_3","0.5729164936286868","3","all","LightGBM 💡","2026-03-30T05:13:48.000Z","REG_IMAGE_FASHION_HNM_CONSUMER_AGE","426","19.908203125","2.7797317504882812"
"tabpfnv2_MUL_IMAGE_JUSTIN_INSTAGRAM_POSTS_4","0.9828871931630936","4","ft","TabPFN-v2 🤯","2026-03-30T05:02:49.000Z","MUL_IMAGE_JUSTIN_INSTAGRAM_POSTS","677","33.16778564453125","64.3382682800293"
"tabpfnv2_MUL_IMAGE_JUSTIN_INSTAGRAM_POSTS_4","0.989076055640826","4","all","TabPFN-v2 🤯","2026-03-30T04:58:02.000Z","MUL_IMAGE_JUSTIN_INSTAGRAM_POSTS","255","33.16778564453125","33.208106994628906"
"tabpfnv2_REG_IMAGE_FASHION_HNM_CONSUMER_AGE_2","0.6346499296405297","2","ft","TabPFN-v2 🤯","2026-03-30T04:55:50.000Z","REG_IMAGE_FASHION_HNM_CONSUMER_AGE","900","19.908203125","5.732780456542969"
"tabpfnv2p5_MUL_IMAGE_JUSTIN_INSTAGRAM_POSTS_4","0.9880635918564996","4","ft","TabPFN-v2p5 🇩🇪","2026-03-30T04:42:16.000Z","MUL_IMAGE_JUSTIN_INSTAGRAM_POSTS","683","33.16778564453125","64.14696502685547"
"tabpfnv2p5_MUL_IMAGE_JUSTIN_INSTAGRAM_POSTS_4","0.9899980466613938","4","all","TabPFN-v2p5 🇩🇪","2026-03-30T04:37:28.000Z","MUL_IMAGE_JUSTIN_INSTAGRAM_POSTS","261","33.16778564453125","33.34562301635742"
"tabpfnv2_REG_IMAGE_FASHION_HNM_CONSUMER_AGE_2","0.616232835824442","2","all","TabPFN-v2 🤯","2026-03-30T04:36:16.000Z","REG_IMAGE_FASHION_HNM_CONSUMER_AGE","625","19.908203125","2.9047889709472656"
"tabm_MUL_IMAGE_JUSTIN_INSTAGRAM_POSTS_4","0.987631344616442","4","ft","TabM Ⓜ️","2026-03-30T04:23:36.000Z","MUL_IMAGE_JUSTIN_INSTAGRAM_POSTS","569","33.16778564453125","58.46681594848633"
"tabm_MUL_IMAGE_JUSTIN_INSTAGRAM_POSTS_4","0.9881227530939464","4","all","TabM Ⓜ️","2026-03-30T04:18:57.000Z","MUL_IMAGE_JUSTIN_INSTAGRAM_POSTS","247","33.16778564453125","30.168865203857425"
"tabpfnv2p5_REG_IMAGE_FASHION_HNM_CONSUMER_AGE_2","0.6419214447025872","2","ft","TabPFN-v2p5 🇩🇪","2026-03-30T04:18:55.000Z","REG_IMAGE_FASHION_HNM_CONSUMER_AGE","870","19.908203125","5.7391204833984375"
"cat_MUL_IMAGE_JUSTIN_INSTAGRAM_POSTS_4","0.9872372684959456","4","ft","CatBoost 😸","2026-03-30T04:05:15.000Z","MUL_IMAGE_JUSTIN_INSTAGRAM_POSTS","566","33.16778564453125","58.77122497558594"
"cat_MUL_IMAGE_JUSTIN_INSTAGRAM_POSTS_4","0.988199756267675","4","all","CatBoost 😸","2026-03-30T04:00:29.000Z","MUL_IMAGE_JUSTIN_INSTAGRAM_POSTS","252","33.16778564453125","30.317672729492188"
"tabpfnv2p5_REG_IMAGE_FASHION_HNM_CONSUMER_AGE_2","0.6292963537297956","2","all","TabPFN-v2p5 🇩🇪","2026-03-30T03:59:39.000Z","REG_IMAGE_FASHION_HNM_CONSUMER_AGE","624","19.908203125","2.9038009643554688"
"tabm_REG_IMAGE_FASHION_HNM_CONSUMER_AGE_2","0.6366094577277726","2","ft","TabM Ⓜ️","2026-03-30T03:47:08.000Z","REG_IMAGE_FASHION_HNM_CONSUMER_AGE","587","19.908203125","5.7728118896484375"
"light_MUL_IMAGE_JUSTIN_INSTAGRAM_POSTS_4","0.9881014705456034","4","ft","LightGBM 💡","2026-03-30T03:47:02.000Z","MUL_IMAGE_JUSTIN_INSTAGRAM_POSTS","561","33.16778564453125","58.53802108764648"
"light_MUL_IMAGE_JUSTIN_INSTAGRAM_POSTS_4","0.9845667707459128","4","all","LightGBM 💡","2026-03-30T03:42:40.000Z","MUL_IMAGE_JUSTIN_INSTAGRAM_POSTS","237","33.16778564453125","30.256591796875"
"tabm_REG_IMAGE_FASHION_HNM_CONSUMER_AGE_2","0.6233342595412252","2","all","TabM Ⓜ️","2026-03-30T03:32:49.000Z","REG_IMAGE_FASHION_HNM_CONSUMER_AGE","470","19.908203125","2.8323707580566406"
"tabpfnv2_MUL_IMAGE_JUSTIN_INSTAGRAM_POSTS_3","0.9895195100343888","3","ft","TabPFN-v2 🤯","2026-03-30T03:27:59.000Z","MUL_IMAGE_JUSTIN_INSTAGRAM_POSTS","612","33.16778564453125","64.12548828125"
"tabpfnv2_MUL_IMAGE_JUSTIN_INSTAGRAM_POSTS_3","0.9718965229582824","3","all","TabPFN-v2 🤯","2026-03-30T03:23:15.000Z","MUL_IMAGE_JUSTIN_INSTAGRAM_POSTS","258","33.16778564453125","33.3032112121582"
"cat_REG_IMAGE_FASHION_HNM_CONSUMER_AGE_2","0.6315729993043269","2","ft","CatBoost 😸","2026-03-30T03:20:26.000Z","REG_IMAGE_FASHION_HNM_CONSUMER_AGE","578","19.908203125","6.537540435791016"
"tabpfnv2p5_MUL_IMAGE_JUSTIN_INSTAGRAM_POSTS_3","0.9904991796389846","3","ft","TabPFN-v2p5 🇩🇪","2026-03-30T03:08:39.000Z","MUL_IMAGE_JUSTIN_INSTAGRAM_POSTS","610","33.16778564453125","64.16351318359375"
"cat_REG_IMAGE_FASHION_HNM_CONSUMER_AGE_2","0.5958292366820377","2","all","CatBoost 😸","2026-03-30T03:04:29.000Z","REG_IMAGE_FASHION_HNM_CONSUMER_AGE","536","19.908203125","3.340362548828125"
"tabpfnv2p5_MUL_IMAGE_JUSTIN_INSTAGRAM_POSTS_3","0.9769687561295928","3","all","TabPFN-v2p5 🇩🇪","2026-03-30T03:03:55.000Z","MUL_IMAGE_JUSTIN_INSTAGRAM_POSTS","257","33.16778564453125","33.13786697387695"
"light_REG_IMAGE_FASHION_HNM_CONSUMER_AGE_2","0.6125603270783135","2","ft","LightGBM 💡","2026-03-30T02:52:21.000Z","REG_IMAGE_FASHION_HNM_CONSUMER_AGE","550","19.908203125","5.84625244140625"
"tabm_MUL_IMAGE_JUSTIN_INSTAGRAM_POSTS_3","0.9848782774116752","3","ft","TabM Ⓜ️","2026-03-30T02:50:02.000Z","MUL_IMAGE_JUSTIN_INSTAGRAM_POSTS","572","33.16778564453125","58.65535736083984"
"tabm_MUL_IMAGE_JUSTIN_INSTAGRAM_POSTS_3","0.9589187676211904","3","all","TabM Ⓜ️","2026-03-30T02:45:12.000Z","MUL_IMAGE_JUSTIN_INSTAGRAM_POSTS","250","33.16778564453125","30.143863677978516"
"light_REG_IMAGE_FASHION_HNM_CONSUMER_AGE_2","0.5812150776581886","2","all","LightGBM 💡","2026-03-30T02:38:38.000Z","REG_IMAGE_FASHION_HNM_CONSUMER_AGE","448","19.908203125","2.841907501220703"
"cat_MUL_IMAGE_JUSTIN_INSTAGRAM_POSTS_3","0.9877344467138526","3","ft","CatBoost 😸","2026-03-30T02:31:32.000Z","MUL_IMAGE_JUSTIN_INSTAGRAM_POSTS","560","33.16778564453125","58.55698776245117"
"cat_MUL_IMAGE_JUSTIN_INSTAGRAM_POSTS_3","0.9614260424190636","3","all","CatBoost 😸","2026-03-30T02:27:04.000Z","MUL_IMAGE_JUSTIN_INSTAGRAM_POSTS","242","33.16778564453125","30.179916381835938"
"tabpfnv2_REG_IMAGE_FASHION_HNM_CONSUMER_AGE_1","0.6235853880162125","1","ft","TabPFN-v2 🤯","2026-03-30T02:21:32.000Z","REG_IMAGE_FASHION_HNM_CONSUMER_AGE","829","23.74920654296875","5.707862854003906"
"light_MUL_IMAGE_JUSTIN_INSTAGRAM_POSTS_3","0.984220007260114","3","ft","LightGBM 💡","2026-03-30T02:13:37.000Z","MUL_IMAGE_JUSTIN_INSTAGRAM_POSTS","561","33.16778564453125","58.57389831542969"
"light_MUL_IMAGE_JUSTIN_INSTAGRAM_POSTS_3","0.9684415062188844","3","all","LightGBM 💡","2026-03-30T02:09:09.000Z","MUL_IMAGE_JUSTIN_INSTAGRAM_POSTS","240","33.16778564453125","30.03411865234375"
"tabpfnv2_REG_IMAGE_PAINTING_PRICE_4","0.2911443837937766","4","ft","TabPFN-v2 🤯","2026-03-30T02:02:06.000Z","REG_IMAGE_PAINTING_PRICE","1015","24.74920654296875","53.35511016845703"
"tabpfnv2_REG_IMAGE_FASHION_HNM_CONSUMER_AGE_1","0.589466851786961","1","all","TabPFN-v2 🤯","2026-03-30T02:01:24.000Z","REG_IMAGE_FASHION_HNM_CONSUMER_AGE","648","24.74920654296875","2.865009307861328"
"tabpfnv2_MUL_IMAGE_JUSTIN_INSTAGRAM_POSTS_2","0.9820743345296516","2","ft","TabPFN-v2 🤯","2026-03-30T01:54:22.000Z","MUL_IMAGE_JUSTIN_INSTAGRAM_POSTS","619","33.16778564453125","64.16973495483398"
"tabpfnv2_MUL_IMAGE_JUSTIN_INSTAGRAM_POSTS_2","0.9827819086135764","2","all","TabPFN-v2 🤯","2026-03-30T01:49:38.000Z","MUL_IMAGE_JUSTIN_INSTAGRAM_POSTS","258","33.16778564453125","32.92814254760742"
"tabpfnv2_REG_IMAGE_PAINTING_PRICE_4","0.2978669106119306","4","all","TabPFN-v2 🤯","2026-03-30T01:44:40.000Z","REG_IMAGE_PAINTING_PRICE","659","21.02264404296875","27.95862197875977"
"tabpfnv2p5_REG_IMAGE_FASHION_HNM_CONSUMER_AGE_1","0.6345224300265311","1","ft","TabPFN-v2p5 🇩🇪","2026-03-30T01:42:45.000Z","REG_IMAGE_FASHION_HNM_CONSUMER_AGE","842","29.10858154296875","5.649559020996094"
"tabpfnv2p5_MUL_IMAGE_JUSTIN_INSTAGRAM_POSTS_2","0.9881545988919462","2","ft","TabPFN-v2p5 🇩🇪","2026-03-30T01:34:59.000Z","MUL_IMAGE_JUSTIN_INSTAGRAM_POSTS","611","33.16778564453125","64.37599182128906"
"tabpfnv2p5_MUL_IMAGE_JUSTIN_INSTAGRAM_POSTS_2","0.9911740582599956","2","all","TabPFN-v2p5 🇩🇪","2026-03-30T01:30:15.000Z","MUL_IMAGE_JUSTIN_INSTAGRAM_POSTS","254","33.16778564453125","33.13801574707031"
"tabpfnv2p5_REG_IMAGE_FASHION_HNM_CONSUMER_AGE_1","0.5971973795565139","1","all","TabPFN-v2p5 🇩🇪","2026-03-30T01:22:52.000Z","REG_IMAGE_FASHION_HNM_CONSUMER_AGE","665","24.74920654296875","2.899974822998047"
"tabpfnv2p5_REG_IMAGE_PAINTING_PRICE_4","0.3451468051107919","4","ft","TabPFN-v2p5 🇩🇪","2026-03-30T01:21:29.000Z","REG_IMAGE_PAINTING_PRICE","1000","24.74920654296875","53.324119567871094"
"tabm_MUL_IMAGE_JUSTIN_INSTAGRAM_POSTS_2","0.98381295876841","2","ft","TabM Ⓜ️","2026-03-30T01:16:28.000Z","MUL_IMAGE_JUSTIN_INSTAGRAM_POSTS","567","33.16778564453125","58.84375"
"tabm_MUL_IMAGE_JUSTIN_INSTAGRAM_POSTS_2","0.9806960225261022","2","all","TabM Ⓜ️","2026-03-30T01:11:49.000Z","MUL_IMAGE_JUSTIN_INSTAGRAM_POSTS","245","33.16778564453125","30.230384826660156"
"tabm_REG_IMAGE_FASHION_HNM_CONSUMER_AGE_1","0.6243784395924098","1","ft","TabM Ⓜ️","2026-03-30T01:06:01.000Z","REG_IMAGE_FASHION_HNM_CONSUMER_AGE","831","39.51678466796875","5.710315704345703"
"tabpfnv2p5_REG_IMAGE_PAINTING_PRICE_4","0.35988007922473486","4","all","TabPFN-v2p5 🇩🇪","2026-03-30T01:05:52.000Z","REG_IMAGE_PAINTING_PRICE","633","21.02264404296875","27.989410400390625"
"cat_MUL_IMAGE_JUSTIN_INSTAGRAM_POSTS_2","0.9789377162356974","2","ft","CatBoost 😸","2026-03-30T00:58:17.000Z","MUL_IMAGE_JUSTIN_INSTAGRAM_POSTS","567","33.16778564453125","58.78609085083008"
"cat_MUL_IMAGE_JUSTIN_INSTAGRAM_POSTS_2","0.9804560052897424","2","all","CatBoost 😸","2026-03-30T00:53:44.000Z","MUL_IMAGE_JUSTIN_INSTAGRAM_POSTS","247","33.16778564453125","30.200176239013672"
"tabm_REG_IMAGE_FASHION_HNM_CONSUMER_AGE_1","0.5949750811055174","1","all","TabM Ⓜ️","2026-03-30T00:47:46.000Z","REG_IMAGE_FASHION_HNM_CONSUMER_AGE","596","15.79412841796875","2.751331329345703"
"tabm_REG_IMAGE_PAINTING_PRICE_4","0.3824852576916242","4","ft","TabM Ⓜ️","2026-03-30T00:46:04.000Z","REG_IMAGE_PAINTING_PRICE","820","15.80780029296875","48.60329055786133"
"light_MUL_IMAGE_JUSTIN_INSTAGRAM_POSTS_2","0.9793357701179056","2","ft","LightGBM 💡","2026-03-30T00:40:18.000Z","MUL_IMAGE_JUSTIN_INSTAGRAM_POSTS","558","33.16778564453125","58.92133712768555"
"light_MUL_IMAGE_JUSTIN_INSTAGRAM_POSTS_2","0.9808003931811096","2","all","LightGBM 💡","2026-03-30T00:36:01.000Z","MUL_IMAGE_JUSTIN_INSTAGRAM_POSTS","238","33.16778564453125","30.39578628540039"
"tabm_REG_IMAGE_PAINTING_PRICE_4","0.3733891458103876","4","all","TabM Ⓜ️","2026-03-30T00:34:08.000Z","REG_IMAGE_PAINTING_PRICE","501","11.44842529296875","25.40087890625"
"cat_REG_IMAGE_FASHION_HNM_CONSUMER_AGE_1","0.6199914078281414","1","ft","CatBoost 😸","2026-03-30T00:32:57.000Z","REG_IMAGE_FASHION_HNM_CONSUMER_AGE","755","11.44842529296875","6.704803466796875"
"tabpfnv2_MUL_IMAGE_FLOWERS_BOUQUETS_GIRLFRIEND_TASTE_4","0.6773010166140021","4","ft","TabPFN-v2 🤯","2026-03-30T00:22:08.000Z","MUL_IMAGE_FLOWERS_BOUQUETS_GIRLFRIEND_TASTE","82","38.0111083984375","3.430286407470703"
"tabpfnv2_MUL_IMAGE_JUSTIN_INSTAGRAM_POSTS_1","0.984873456566894","1","ft","TabPFN-v2 🤯","2026-03-30T00:21:27.000Z","MUL_IMAGE_JUSTIN_INSTAGRAM_POSTS","612","38.0462646484375","64.26807403564453"
"tabpfnv2_MUL_IMAGE_FLOWERS_BOUQUETS_GIRLFRIEND_TASTE_4","0.6525517039882467","4","all","TabPFN-v2 🤯","2026-03-30T00:21:09.000Z","MUL_IMAGE_FLOWERS_BOUQUETS_GIRLFRIEND_TASTE","27","34.2845458984375","2.4759368896484375"
"tabpfnv2p5_MUL_IMAGE_FLOWERS_BOUQUETS_GIRLFRIEND_TASTE_4","0.675330425349099","4","ft","TabPFN-v2p5 🇩🇪","2026-03-30T00:19:13.000Z","MUL_IMAGE_FLOWERS_BOUQUETS_GIRLFRIEND_TASTE","83","38.0111083984375","3.5382156372070312"
"tabpfnv2p5_MUL_IMAGE_FLOWERS_BOUQUETS_GIRLFRIEND_TASTE_4","0.6410967258735016","4","all","TabPFN-v2p5 🇩🇪","2026-03-30T00:18:14.000Z","MUL_IMAGE_FLOWERS_BOUQUETS_GIRLFRIEND_TASTE","29","34.2845458984375","2.426666259765625"
"tabm_MUL_IMAGE_FLOWERS_BOUQUETS_GIRLFRIEND_TASTE_4","0.6248214496185363","4","ft","TabM Ⓜ️","2026-03-30T00:16:54.000Z","MUL_IMAGE_FLOWERS_BOUQUETS_GIRLFRIEND_TASTE","50","38.0208740234375","3.39303207397461"
"tabpfnv2_MUL_IMAGE_JUSTIN_INSTAGRAM_POSTS_1","0.9639573450199675","1","all","TabPFN-v2 🤯","2026-03-30T00:16:38.000Z","MUL_IMAGE_JUSTIN_INSTAGRAM_POSTS","264","38.0618896484375","33.31401443481445"
"tabm_MUL_IMAGE_FLOWERS_BOUQUETS_GIRLFRIEND_TASTE_4","0.6005416572174895","4","all","TabM Ⓜ️","2026-03-30T00:15:55.000Z","MUL_IMAGE_FLOWERS_BOUQUETS_GIRLFRIEND_TASTE","29","34.3040771484375","2.7454071044921875"
"cat_MUL_IMAGE_FLOWERS_BOUQUETS_GIRLFRIEND_TASTE_4","0.5724562600797894","4","ft","CatBoost 😸","2026-03-30T00:14:30.000Z","MUL_IMAGE_FLOWERS_BOUQUETS_GIRLFRIEND_TASTE","53","38.0111083984375","3.4916954040527344"
"cat_REG_IMAGE_PAINTING_PRICE_4","0.35570982288224584","4","ft","CatBoost 😸","2026-03-30T00:14:26.000Z","REG_IMAGE_PAINTING_PRICE","820","15.15155029296875","48.93718719482422"
"cat_REG_IMAGE_FASHION_HNM_CONSUMER_AGE_1","0.5793248482898607","1","all","CatBoost 😸","2026-03-30T00:14:18.000Z","REG_IMAGE_FASHION_HNM_CONSUMER_AGE","584","15.15155029296875","3.5281982421875"
"cat_MUL_IMAGE_FLOWERS_BOUQUETS_GIRLFRIEND_TASTE_4","0.5746808397649129","4","all","CatBoost 😸","2026-03-30T00:13:32.000Z","MUL_IMAGE_FLOWERS_BOUQUETS_GIRLFRIEND_TASTE","29","34.2845458984375","2.5625228881835938"
"light_MUL_IMAGE_FLOWERS_BOUQUETS_GIRLFRIEND_TASTE_4","0.604959468982943","4","ft","LightGBM 💡","2026-03-30T00:12:07.000Z","MUL_IMAGE_FLOWERS_BOUQUETS_GIRLFRIEND_TASTE","52","38.0111083984375","3.193248748779297"
"light_MUL_IMAGE_FLOWERS_BOUQUETS_GIRLFRIEND_TASTE_4","0.5652171557950415","4","all","LightGBM 💡","2026-03-30T00:11:09.000Z","MUL_IMAGE_FLOWERS_BOUQUETS_GIRLFRIEND_TASTE","26","34.2845458984375","2.8090133666992188"
"tabpfnv2_MUL_IMAGE_FLOWERS_BOUQUETS_GIRLFRIEND_TASTE_3","0.6611649670693512","3","ft","TabPFN-v2 🤯","2026-03-30T00:09:23.000Z","MUL_IMAGE_FLOWERS_BOUQUETS_GIRLFRIEND_TASTE","74","38.0111083984375","3.43179702758789"
"tabpfnv2_MUL_IMAGE_FLOWERS_BOUQUETS_GIRLFRIEND_TASTE_3","0.65325316734279","3","all","TabPFN-v2 🤯","2026-03-30T00:08:24.000Z","MUL_IMAGE_FLOWERS_BOUQUETS_GIRLFRIEND_TASTE","27","34.2845458984375","2.7891578674316406"
"tabpfnv2p5_MUL_IMAGE_FLOWERS_BOUQUETS_GIRLFRIEND_TASTE_3","0.6599312820077526","3","ft","TabPFN-v2p5 🇩🇪","2026-03-30T00:06:33.000Z","MUL_IMAGE_FLOWERS_BOUQUETS_GIRLFRIEND_TASTE","78","38.0111083984375","3.5367202758789062"
"tabpfnv2p5_MUL_IMAGE_FLOWERS_BOUQUETS_GIRLFRIEND_TASTE_3","0.661002538532089","3","all","TabPFN-v2p5 🇩🇪","2026-03-30T00:05:29.000Z","MUL_IMAGE_FLOWERS_BOUQUETS_GIRLFRIEND_TASTE","30","34.2845458984375","2.5332679748535156"
"tabm_MUL_IMAGE_FLOWERS_BOUQUETS_GIRLFRIEND_TASTE_3","0.6068666617018448","3","ft","TabM Ⓜ️","2026-03-30T00:03:39.000Z","MUL_IMAGE_FLOWERS_BOUQUETS_GIRLFRIEND_TASTE","77","38.0130615234375","3.311363220214844"
"tabm_MUL_IMAGE_FLOWERS_BOUQUETS_GIRLFRIEND_TASTE_3","0.6293788930075556","3","all","TabM Ⓜ️","2026-03-30T00:02:40.000Z","MUL_IMAGE_FLOWERS_BOUQUETS_GIRLFRIEND_TASTE","26","34.3040771484375","2.646190643310547"
"cat_REG_IMAGE_PAINTING_PRICE_4","0.3443847824833467","4","all","CatBoost 😸","2026-03-30T00:01:47.000Z","REG_IMAGE_PAINTING_PRICE","535","11.42498779296875","25.462364196777344"
"tabpfnv2p5_MUL_IMAGE_JUSTIN_INSTAGRAM_POSTS_1","0.9853511975642676","1","ft","TabPFN-v2p5 🇩🇪","2026-03-30T00:01:38.000Z","MUL_IMAGE_JUSTIN_INSTAGRAM_POSTS","626","38.0618896484375","64.30012130737305"
"cat_MUL_IMAGE_FLOWERS_BOUQUETS_GIRLFRIEND_TASTE_3","0.635048973536432","3","ft","CatBoost 😸","2026-03-30T00:00:48.000Z","MUL_IMAGE_FLOWERS_BOUQUETS_GIRLFRIEND_TASTE","81","38.0111083984375","3.456756591796875"
"cat_MUL_IMAGE_FLOWERS_BOUQUETS_GIRLFRIEND_TASTE_3","0.652593621605303","3","all","CatBoost 😸","2026-03-29T23:59:50.000Z","MUL_IMAGE_FLOWERS_BOUQUETS_GIRLFRIEND_TASTE","28","34.2845458984375","2.917316436767578"
"light_REG_IMAGE_FASHION_HNM_CONSUMER_AGE_1","0.6103196145225784","1","ft","LightGBM 💡","2026-03-29T23:58:42.000Z","REG_IMAGE_FASHION_HNM_CONSUMER_AGE","776","11.42498779296875","5.740528106689453"
"light_MUL_IMAGE_FLOWERS_BOUQUETS_GIRLFRIEND_TASTE_3","0.6231429946363909","3","ft","LightGBM 💡","2026-03-29T23:58:04.000Z","MUL_IMAGE_FLOWERS_BOUQUETS_GIRLFRIEND_TASTE","77","38.0111083984375","3.261199951171875"
"light_MUL_IMAGE_FLOWERS_BOUQUETS_GIRLFRIEND_TASTE_3","0.6265930714309738","3","all","LightGBM 💡","2026-03-29T23:57:11.000Z","MUL_IMAGE_FLOWERS_BOUQUETS_GIRLFRIEND_TASTE","25","34.2845458984375","2.5517807006835938"
"tabpfnv2p5_MUL_IMAGE_JUSTIN_INSTAGRAM_POSTS_1","0.9752930066107248","1","all","TabPFN-v2p5 🇩🇪","2026-03-29T23:56:49.000Z","MUL_IMAGE_JUSTIN_INSTAGRAM_POSTS","262","38.0111083984375","33.127227783203125"
"tabpfnv2_MUL_IMAGE_FLOWERS_BOUQUETS_GIRLFRIEND_TASTE_2","0.7154772199760407","2","ft","TabPFN-v2 🤯","2026-03-29T23:55:40.000Z","MUL_IMAGE_FLOWERS_BOUQUETS_GIRLFRIEND_TASTE","56","38.0111083984375","3.5087623596191406"
"tabpfnv2_MUL_IMAGE_FLOWERS_BOUQUETS_GIRLFRIEND_TASTE_2","0.6920658784611616","2","all","TabPFN-v2 🤯","2026-03-29T23:54:42.000Z","MUL_IMAGE_FLOWERS_BOUQUETS_GIRLFRIEND_TASTE","27","34.2845458984375","2.4563674926757812"
"tabpfnv2p5_MUL_IMAGE_FLOWERS_BOUQUETS_GIRLFRIEND_TASTE_2","0.7009853425246599","2","ft","TabPFN-v2p5 🇩🇪","2026-03-29T23:53:17.000Z","MUL_IMAGE_FLOWERS_BOUQUETS_GIRLFRIEND_TASTE","54","38.0111083984375","3.598224639892578"
"tabpfnv2p5_MUL_IMAGE_FLOWERS_BOUQUETS_GIRLFRIEND_TASTE_2","0.7073351101523132","2","all","TabPFN-v2p5 🇩🇪","2026-03-29T23:52:19.000Z","MUL_IMAGE_FLOWERS_BOUQUETS_GIRLFRIEND_TASTE","27","34.2845458984375","2.4306106567382812"
"tabm_MUL_IMAGE_FLOWERS_BOUQUETS_GIRLFRIEND_TASTE_2","0.6290421287687935","2","ft","TabM Ⓜ️","2026-03-29T23:50:49.000Z","MUL_IMAGE_FLOWERS_BOUQUETS_GIRLFRIEND_TASTE","60","38.0208740234375","3.21371078491211"
"tabm_MUL_IMAGE_FLOWERS_BOUQUETS_GIRLFRIEND_TASTE_2","0.6312381662003471","2","all","TabM Ⓜ️","2026-03-29T23:49:55.000Z","MUL_IMAGE_FLOWERS_BOUQUETS_GIRLFRIEND_TASTE","26","34.3040771484375","2.5599212646484375"
"cat_MUL_IMAGE_FLOWERS_BOUQUETS_GIRLFRIEND_TASTE_2","0.6830111785365948","2","ft","CatBoost 😸","2026-03-29T23:48:25.000Z","MUL_IMAGE_FLOWERS_BOUQUETS_GIRLFRIEND_TASTE","59","38.0111083984375","3.743125915527344"
"cat_MUL_IMAGE_FLOWERS_BOUQUETS_GIRLFRIEND_TASTE_2","0.6696261312586784","2","all","CatBoost 😸","2026-03-29T23:47:32.000Z","MUL_IMAGE_FLOWERS_BOUQUETS_GIRLFRIEND_TASTE","26","34.2845458984375","2.8852500915527344"
"light_MUL_IMAGE_FLOWERS_BOUQUETS_GIRLFRIEND_TASTE_2","0.6447605287054788","2","ft","LightGBM 💡","2026-03-29T23:46:02.000Z","MUL_IMAGE_FLOWERS_BOUQUETS_GIRLFRIEND_TASTE","59","38.0111083984375","3.4063873291015625"
"light_MUL_IMAGE_FLOWERS_BOUQUETS_GIRLFRIEND_TASTE_2","0.6591405014416668","2","all","LightGBM 💡","2026-03-29T23:45:08.000Z","MUL_IMAGE_FLOWERS_BOUQUETS_GIRLFRIEND_TASTE","26","34.2845458984375","2.4954376220703125"
"tabpfnv2_MUL_IMAGE_FLOWERS_BOUQUETS_GIRLFRIEND_TASTE_1","0.6496046836954716","1","ft","TabPFN-v2 🤯","2026-03-29T23:43:28.000Z","MUL_IMAGE_FLOWERS_BOUQUETS_GIRLFRIEND_TASTE","71","38.0111083984375","3.408313751220703"
"light_REG_IMAGE_PAINTING_PRICE_4","0.3251067158401315","4","ft","LightGBM 💡","2026-03-29T23:43:06.000Z","REG_IMAGE_PAINTING_PRICE","807","15.14959716796875","48.88338088989258"
"tabm_MUL_IMAGE_JUSTIN_INSTAGRAM_POSTS_1","0.9713620406844724","1","ft","TabM Ⓜ️","2026-03-29T23:42:35.000Z","MUL_IMAGE_JUSTIN_INSTAGRAM_POSTS","585","38.0462646484375","58.406883239746094"
"tabpfnv2_MUL_IMAGE_FLOWERS_BOUQUETS_GIRLFRIEND_TASTE_1","0.6410977526573809","1","all","TabPFN-v2 🤯","2026-03-29T23:42:34.000Z","MUL_IMAGE_FLOWERS_BOUQUETS_GIRLFRIEND_TASTE","28","34.2845458984375","2.4198646545410156"
"light_REG_IMAGE_FASHION_HNM_CONSUMER_AGE_1","0.561542774343496","1","all","LightGBM 💡","2026-03-29T23:41:30.000Z","REG_IMAGE_FASHION_HNM_CONSUMER_AGE","556","15.11834716796875","2.835834503173828"
"tabpfnv2p5_MUL_IMAGE_FLOWERS_BOUQUETS_GIRLFRIEND_TASTE_1","0.6360899759045986","1","ft","TabPFN-v2p5 🇩🇪","2026-03-29T23:40:47.000Z","MUL_IMAGE_FLOWERS_BOUQUETS_GIRLFRIEND_TASTE","74","38.0111083984375","3.7620811462402344"
"tabpfnv2p5_MUL_IMAGE_FLOWERS_BOUQUETS_GIRLFRIEND_TASTE_1","0.6322012399108681","1","all","TabPFN-v2p5 🇩🇪","2026-03-29T23:39:47.000Z","MUL_IMAGE_FLOWERS_BOUQUETS_GIRLFRIEND_TASTE","27","34.2845458984375","2.544200897216797"
"tabm_MUL_IMAGE_FLOWERS_BOUQUETS_GIRLFRIEND_TASTE_1","0.5801553462189146","1","ft","TabM Ⓜ️","2026-03-29T23:37:56.000Z","MUL_IMAGE_FLOWERS_BOUQUETS_GIRLFRIEND_TASTE","79","38.0208740234375","3.42733383178711"
"tabm_MUL_IMAGE_JUSTIN_INSTAGRAM_POSTS_1","0.967501396082176","1","all","TabM Ⓜ️","2026-03-29T23:37:39.000Z","MUL_IMAGE_JUSTIN_INSTAGRAM_POSTS","257","38.0208740234375","30.181377410888672"
"tabm_MUL_IMAGE_FLOWERS_BOUQUETS_GIRLFRIEND_TASTE_1","0.5467319576372572","1","all","TabM Ⓜ️","2026-03-29T23:37:02.000Z","MUL_IMAGE_FLOWERS_BOUQUETS_GIRLFRIEND_TASTE","29","34.3040771484375","2.57958984375"
"cat_MUL_IMAGE_FLOWERS_BOUQUETS_GIRLFRIEND_TASTE_1","0.585778341098208","1","ft","CatBoost 😸","2026-03-29T23:35:12.000Z","MUL_IMAGE_FLOWERS_BOUQUETS_GIRLFRIEND_TASTE","80","38.0111083984375","3.472007751464844"
"cat_MUL_IMAGE_FLOWERS_BOUQUETS_GIRLFRIEND_TASTE_1","0.5887451560555611","1","all","CatBoost 😸","2026-03-29T23:34:19.000Z","MUL_IMAGE_FLOWERS_BOUQUETS_GIRLFRIEND_TASTE","26","34.2845458984375","2.915283203125"
"light_REG_IMAGE_PAINTING_PRICE_4","0.3095849477322532","4","all","LightGBM 💡","2026-03-29T23:33:55.000Z","REG_IMAGE_PAINTING_PRICE","330","1.99139404296875","25.358848571777344"
"light_MUL_IMAGE_FLOWERS_BOUQUETS_GIRLFRIEND_TASTE_1","0.5996414400198806","1","ft","LightGBM 💡","2026-03-29T23:32:22.000Z","MUL_IMAGE_FLOWERS_BOUQUETS_GIRLFRIEND_TASTE","84","38.0111083984375","3.2482337951660156"
"light_MUL_IMAGE_FLOWERS_BOUQUETS_GIRLFRIEND_TASTE_1","0.5938803008281643","1","all","LightGBM 💡","2026-03-29T23:31:29.000Z","MUL_IMAGE_FLOWERS_BOUQUETS_GIRLFRIEND_TASTE","26","34.2845458984375","2.55447769165039"
"tabpfnv2_REG_IMAGE_FASHION_HNM_CONSUMER_AGE_0","0.6513500493027488","0","ft","TabPFN-v2 🤯","2026-03-29T23:31:00.000Z","REG_IMAGE_FASHION_HNM_CONSUMER_AGE","462","4.298828125","5.774131774902344"
"tabpfnv2_MUL_IMAGE_FLOWERS_BOUQUETS_GIRLFRIEND_TASTE_0","0.6360272321278425","0","ft","TabPFN-v2 🤯","2026-03-29T23:29:58.000Z","MUL_IMAGE_FLOWERS_BOUQUETS_GIRLFRIEND_TASTE","57","38.0111083984375","3.3978919982910156"
"tabpfnv2_MUL_IMAGE_FLOWERS_BOUQUETS_GIRLFRIEND_TASTE_0","0.6511623506215903","0","all","TabPFN-v2 🤯","2026-03-29T23:29:00.000Z","MUL_IMAGE_FLOWERS_BOUQUETS_GIRLFRIEND_TASTE","27","34.2845458984375","2.40597152709961"
"tabpfnv2p5_MUL_IMAGE_FLOWERS_BOUQUETS_GIRLFRIEND_TASTE_0","0.6343222526250829","0","ft","TabPFN-v2p5 🇩🇪","2026-03-29T23:27:30.000Z","MUL_IMAGE_FLOWERS_BOUQUETS_GIRLFRIEND_TASTE","57","38.0111083984375","3.76016616821289"
"tabpfnv2p5_MUL_IMAGE_FLOWERS_BOUQUETS_GIRLFRIEND_TASTE_0","0.6398333994108412","0","all","TabPFN-v2p5 🇩🇪","2026-03-29T23:26:31.000Z","MUL_IMAGE_FLOWERS_BOUQUETS_GIRLFRIEND_TASTE","27","34.2845458984375","2.7496910095214844"
"tabm_MUL_IMAGE_FLOWERS_BOUQUETS_GIRLFRIEND_TASTE_0","0.6330152666669869","0","ft","TabM Ⓜ️","2026-03-29T23:24:40.000Z","MUL_IMAGE_FLOWERS_BOUQUETS_GIRLFRIEND_TASTE","77","38.0208740234375","3.2801551818847656"
"cat_MUL_IMAGE_JUSTIN_INSTAGRAM_POSTS_1","0.97776100156902","1","ft","CatBoost 😸","2026-03-29T23:23:47.000Z","MUL_IMAGE_JUSTIN_INSTAGRAM_POSTS","570","38.0618896484375","58.45392608642578"
"tabm_MUL_IMAGE_FLOWERS_BOUQUETS_GIRLFRIEND_TASTE_0","0.6048187240915044","0","all","TabM Ⓜ️","2026-03-29T23:23:47.000Z","MUL_IMAGE_FLOWERS_BOUQUETS_GIRLFRIEND_TASTE","26","34.2845458984375","2.5471649169921875"
"cat_MUL_IMAGE_FLOWERS_BOUQUETS_GIRLFRIEND_TASTE_0","0.7000347415810234","0","ft","CatBoost 😸","2026-03-29T23:21:56.000Z","MUL_IMAGE_FLOWERS_BOUQUETS_GIRLFRIEND_TASTE","82","38.0111083984375","3.4141197204589844"
"cat_MUL_IMAGE_FLOWERS_BOUQUETS_GIRLFRIEND_TASTE_0","0.6365398767282785","0","all","CatBoost 😸","2026-03-29T23:21:03.000Z","MUL_IMAGE_FLOWERS_BOUQUETS_GIRLFRIEND_TASTE","26","34.2845458984375","2.9177703857421875"
"tabpfnv2_REG_IMAGE_FASHION_HNM_CONSUMER_AGE_0","0.5974661897553604","0","all","TabPFN-v2 🤯","2026-03-29T23:20:06.000Z","REG_IMAGE_FASHION_HNM_CONSUMER_AGE","350","5.271484375","2.8486328125"
"tabpfnv2_REG_IMAGE_PAINTING_PRICE_3","0.1831745410518272","3","ft","TabPFN-v2 🤯","2026-03-29T23:19:32.000Z","REG_IMAGE_PAINTING_PRICE","638","5.30078125","53.02537536621094"
"light_MUL_IMAGE_FLOWERS_BOUQUETS_GIRLFRIEND_TASTE_0","0.6943336171556482","0","ft","LightGBM 💡","2026-03-29T23:19:12.000Z","MUL_IMAGE_FLOWERS_BOUQUETS_GIRLFRIEND_TASTE","76","38.0111083984375","3.5783119201660156"
"cat_MUL_IMAGE_JUSTIN_INSTAGRAM_POSTS_1","0.9673065011123232","1","all","CatBoost 😸","2026-03-29T23:19:04.000Z","MUL_IMAGE_JUSTIN_INSTAGRAM_POSTS","250","38.0111083984375","30.15963363647461"
"light_MUL_IMAGE_FLOWERS_BOUQUETS_GIRLFRIEND_TASTE_0","0.609780130262511","0","all","LightGBM 💡","2026-03-29T23:18:13.000Z","MUL_IMAGE_FLOWERS_BOUQUETS_GIRLFRIEND_TASTE","27","34.2845458984375","2.54766845703125"
"tabpfnv2_REG_IMAGE_KHAADI_CLOTHES_4","0.9219822287559508","4","ft","TabPFN-v2 🤯","2026-03-29T23:15:47.000Z","REG_IMAGE_KHAADI_CLOTHES","223","7.60894775390625","5.980014801025391"
"tabpfnv2_REG_IMAGE_KHAADI_CLOTHES_4","0.6886069774627686","4","all","TabPFN-v2 🤯","2026-03-29T23:14:54.000Z","REG_IMAGE_KHAADI_CLOTHES","27","3.98785400390625","4.234321594238281"
"tabpfnv2p5_REG_IMAGE_KHAADI_CLOTHES_4","0.9384321570396424","4","ft","TabPFN-v2p5 🇩🇪","2026-03-29T23:10:42.000Z","REG_IMAGE_KHAADI_CLOTHES","223","7.60894775390625","5.444572448730469"
"tabpfnv2p5_REG_IMAGE_FASHION_HNM_CONSUMER_AGE_0","0.6586384032304659","0","ft","TabPFN-v2p5 🇩🇪","2026-03-29T23:10:40.000Z","REG_IMAGE_FASHION_HNM_CONSUMER_AGE","451","39.77734375","5.678981781005859"
"tabpfnv2p5_REG_IMAGE_KHAADI_CLOTHES_4","-1.634943962097168","4","all","TabPFN-v2p5 🇩🇪","2026-03-29T23:09:49.000Z","REG_IMAGE_KHAADI_CLOTHES","26","3.98785400390625","4.369087219238281"
"tabpfnv2_REG_IMAGE_PAINTING_PRICE_3","0.18608720204683304","3","all","TabPFN-v2 🤯","2026-03-29T23:09:19.000Z","REG_IMAGE_PAINTING_PRICE","395","1.572265625","27.873741149902344"
"tabm_REG_IMAGE_KHAADI_CLOTHES_4","0.9474869966506958","4","ft","TabM Ⓜ️","2026-03-29T23:06:24.000Z","REG_IMAGE_KHAADI_CLOTHES","174","7.62066650390625","5.714206695556641"
"light_MUL_IMAGE_JUSTIN_INSTAGRAM_POSTS_1","0.9791715189261654","1","ft","LightGBM 💡","2026-03-29T23:05:33.000Z","MUL_IMAGE_JUSTIN_INSTAGRAM_POSTS","557","33.16778564453125","58.605743408203125"
"tabm_REG_IMAGE_KHAADI_CLOTHES_4","0.8939542770385742","4","all","TabM Ⓜ️","2026-03-29T23:05:30.000Z","REG_IMAGE_KHAADI_CLOTHES","26","4.00738525390625","4.0718231201171875"
"cat_REG_IMAGE_KHAADI_CLOTHES_4","0.8929407116017766","4","ft","CatBoost 😸","2026-03-29T23:01:59.000Z","REG_IMAGE_KHAADI_CLOTHES","177","7.60894775390625","5.9862213134765625"
"light_MUL_IMAGE_JUSTIN_INSTAGRAM_POSTS_1","0.958533114542168","1","all","LightGBM 💡","2026-03-29T23:01:11.000Z","MUL_IMAGE_JUSTIN_INSTAGRAM_POSTS","236","33.16778564453125","30.20779800415039"
"cat_REG_IMAGE_KHAADI_CLOTHES_4","0.6397374300046387","4","all","CatBoost 😸","2026-03-29T23:01:06.000Z","REG_IMAGE_KHAADI_CLOTHES","28","3.98785400390625","4.218997955322266"
"tabpfnv2p5_REG_IMAGE_FASHION_HNM_CONSUMER_AGE_0","0.6100656993462309","0","all","TabPFN-v2p5 🇩🇪","2026-03-29T22:59:45.000Z","REG_IMAGE_FASHION_HNM_CONSUMER_AGE","358","5.30078125","2.82632827758789"
"light_REG_IMAGE_KHAADI_CLOTHES_4","0.8882697824930116","4","ft","LightGBM 💡","2026-03-29T22:57:41.000Z","REG_IMAGE_KHAADI_CLOTHES","174","7.60894775390625","5.5521240234375"
"light_REG_IMAGE_KHAADI_CLOTHES_4","0.7028086582552255","4","all","LightGBM 💡","2026-03-29T22:56:48.000Z","REG_IMAGE_KHAADI_CLOTHES","25","3.98785400390625","3.6049537658691406"
"tabpfnv2p5_REG_IMAGE_PAINTING_PRICE_3","0.30215303828496765","3","ft","TabPFN-v2p5 🇩🇪","2026-03-29T22:55:28.000Z","REG_IMAGE_PAINTING_PRICE","621","5.30078125","53.07186126708984"
"tabpfnv2_REG_IMAGE_KHAADI_CLOTHES_3","0.4581458568572998","3","ft","TabPFN-v2 🤯","2026-03-29T22:53:28.000Z","REG_IMAGE_KHAADI_CLOTHES","170","7.60894775390625","5.837848663330078"
"tabpfnv2_REG_IMAGE_KHAADI_CLOTHES_3","0.7601202726364136","3","all","TabPFN-v2 🤯","2026-03-29T22:52:35.000Z","REG_IMAGE_KHAADI_CLOTHES","26","3.98785400390625","4.124500274658203"
"tabm_REG_IMAGE_FASHION_HNM_CONSUMER_AGE_0","0.6495639751394087","0","ft","TabM Ⓜ️","2026-03-29T22:51:13.000Z","REG_IMAGE_FASHION_HNM_CONSUMER_AGE","404","27.0625","5.800884246826172"
"tabpfnv2p5_REG_IMAGE_KHAADI_CLOTHES_3","0.7164120078086853","3","ft","TabPFN-v2p5 🇩🇪","2026-03-29T22:49:10.000Z","REG_IMAGE_KHAADI_CLOTHES","174","7.60894775390625","5.178337097167969"
"tabpfnv2p5_REG_IMAGE_KHAADI_CLOTHES_3","0.6328285336494446","3","all","TabPFN-v2p5 🇩🇪","2026-03-29T22:48:17.000Z","REG_IMAGE_KHAADI_CLOTHES","26","3.98785400390625","4.433448791503906"
"tabpfnv2p5_REG_IMAGE_PAINTING_PRICE_3","0.2956502795042498","3","all","TabPFN-v2p5 🇩🇪","2026-03-29T22:45:52.000Z","REG_IMAGE_PAINTING_PRICE","363","1.572265625","27.896202087402344"
"tabpfnv2_MUL_IMAGE_JUSTIN_INSTAGRAM_POSTS_0","0.9849959547765132","0","ft","TabPFN-v2 🤯","2026-03-29T22:45:03.000Z","MUL_IMAGE_JUSTIN_INSTAGRAM_POSTS","698","33.16778564453125","64.29780197143555"
"tabm_REG_IMAGE_KHAADI_CLOTHES_3","0.5263205766677856","3","ft","TabM Ⓜ️","2026-03-29T22:44:26.000Z","REG_IMAGE_KHAADI_CLOTHES","199","7.62066650390625","5.5435791015625"
"tabpfnv2_REG_IMAGE_LETTERBOXD_MOVIES_4","0.4837315268544733","4","ft","TabPFN-v2 🤯","2026-03-29T22:44:10.000Z","REG_IMAGE_LETTERBOXD_MOVIES","547","33.16778564453125","10.330909729003906"
"tabm_REG_IMAGE_KHAADI_CLOTHES_3","0.0010707378387451172","3","all","TabM Ⓜ️","2026-03-29T22:43:32.000Z","REG_IMAGE_KHAADI_CLOTHES","25","4.00738525390625","4.106060028076172"
"tabm_REG_IMAGE_FASHION_HNM_CONSUMER_AGE_0","0.6036334436655939","0","all","TabM Ⓜ️","2026-03-29T22:41:32.000Z","REG_IMAGE_FASHION_HNM_CONSUMER_AGE","306","5.314453125","2.83651351928711"
"tabpfnv2_MUL_IMAGE_JUSTIN_INSTAGRAM_POSTS_0","0.9728481802366932","0","all","TabPFN-v2 🤯","2026-03-29T22:39:58.000Z","MUL_IMAGE_JUSTIN_INSTAGRAM_POSTS","278","33.16778564453125","33.189857482910156"
"cat_REG_IMAGE_KHAADI_CLOTHES_3","-0.011497960768320992","3","ft","CatBoost 😸","2026-03-29T22:39:37.000Z","REG_IMAGE_KHAADI_CLOTHES","203","7.60894775390625","5.417240142822266"
"cat_REG_IMAGE_KHAADI_CLOTHES_3","-0.33926657364582113","3","all","CatBoost 😸","2026-03-29T22:38:43.000Z","REG_IMAGE_KHAADI_CLOTHES","27","3.98785400390625","4.097618103027344"
"tabpfnv2_REG_IMAGE_MANGO_MASS_NET_ESTIMATION_4","0.7133464202003679","4","ft","TabPFN-v2 🤯","2026-03-29T22:36:33.000Z","REG_IMAGE_MANGO_MASS_NET_ESTIMATION","91","7.58160400390625","2.66387939453125"
"tabpfnv2_REG_IMAGE_MANGO_MASS_NET_ESTIMATION_4","0.5619251617946308","4","all","TabPFN-v2 🤯","2026-03-29T22:35:49.000Z","REG_IMAGE_MANGO_MASS_NET_ESTIMATION","17","7.58160400390625","1.8210334777832031"
"light_REG_IMAGE_KHAADI_CLOTHES_3","-0.7787911383451738","3","ft","LightGBM 💡","2026-03-29T22:34:47.000Z","REG_IMAGE_KHAADI_CLOTHES","206","7.60894775390625","5.60272216796875"
"tabpfnv2_REG_IMAGE_LETTERBOXD_MOVIES_4","0.47016722730149385","4","all","TabPFN-v2 🤯","2026-03-29T22:34:03.000Z","REG_IMAGE_LETTERBOXD_MOVIES","340","33.16778564453125","5.081592559814453"
"light_REG_IMAGE_KHAADI_CLOTHES_3","-0.5490440355376887","3","all","LightGBM 💡","2026-03-29T22:33:54.000Z","REG_IMAGE_KHAADI_CLOTHES","25","3.98785400390625","4.221275329589844"
"tabpfnv2p5_REG_IMAGE_MANGO_MASS_NET_ESTIMATION_4","0.679767036751369","4","ft","TabPFN-v2p5 🇩🇪","2026-03-29T22:33:53.000Z","REG_IMAGE_MANGO_MASS_NET_ESTIMATION","90","7.58160400390625","2.635387420654297"
"tabpfnv2p5_REG_IMAGE_MANGO_MASS_NET_ESTIMATION_4","0.5828192185657826","4","all","TabPFN-v2p5 🇩🇪","2026-03-29T22:33:10.000Z","REG_IMAGE_MANGO_MASS_NET_ESTIMATION","17","7.64996337890625","1.789264678955078"
"tabm_REG_IMAGE_PAINTING_PRICE_3","0.226591227464472","3","ft","TabM Ⓜ️","2026-03-29T22:33:03.000Z","REG_IMAGE_PAINTING_PRICE","575","5.314453125","48.25254821777344"
"cat_REG_IMAGE_FASHION_HNM_CONSUMER_AGE_0","0.6402724377730353","0","ft","CatBoost 😸","2026-03-29T22:32:48.000Z","REG_IMAGE_FASHION_HNM_CONSUMER_AGE","411","5.30078125","6.666828155517578"
"tabm_REG_IMAGE_MANGO_MASS_NET_ESTIMATION_4","0.7526265651887399","4","ft","TabM Ⓜ️","2026-03-29T22:31:09.000Z","REG_IMAGE_MANGO_MASS_NET_ESTIMATION","96","7.58746337890625","2.67232894897461"
"tabm_REG_IMAGE_MANGO_MASS_NET_ESTIMATION_4","0.6149912816390648","4","all","TabM Ⓜ️","2026-03-29T22:30:31.000Z","REG_IMAGE_MANGO_MASS_NET_ESTIMATION","16","3.17926025390625","1.8295135498046875"
"tabpfnv2_REG_IMAGE_KHAADI_CLOTHES_2","0.9280577898025512","2","ft","TabPFN-v2 🤯","2026-03-29T22:30:28.000Z","REG_IMAGE_KHAADI_CLOTHES","176","7.60894775390625","5.8762054443359375"
"tabpfnv2_REG_IMAGE_KHAADI_CLOTHES_2","0.608345627784729","2","all","TabPFN-v2 🤯","2026-03-29T22:29:29.000Z","REG_IMAGE_KHAADI_CLOTHES","30","3.98785400390625","4.625885009765625"
"cat_REG_IMAGE_MANGO_MASS_NET_ESTIMATION_4","0.7149844394101558","4","ft","CatBoost 😸","2026-03-29T22:28:24.000Z","REG_IMAGE_MANGO_MASS_NET_ESTIMATION","98","7.65386962890625","2.8267784118652344"
"cat_REG_IMAGE_MANGO_MASS_NET_ESTIMATION_4","0.5030948056292363","4","all","CatBoost 😸","2026-03-29T22:27:46.000Z","REG_IMAGE_MANGO_MASS_NET_ESTIMATION","19","7.58746337890625","1.942218780517578"
"tabpfnv2p5_REG_IMAGE_KHAADI_CLOTHES_2","0.8947189450263977","2","ft","TabPFN-v2p5 🇩🇪","2026-03-29T22:26:04.000Z","REG_IMAGE_KHAADI_CLOTHES","175","7.60894775390625","5.742649078369141"
"light_REG_IMAGE_MANGO_MASS_NET_ESTIMATION_4","0.6957082283733291","4","ft","LightGBM 💡","2026-03-29T22:25:45.000Z","REG_IMAGE_MANGO_MASS_NET_ESTIMATION","94","7.58746337890625","2.56707763671875"
"light_REG_IMAGE_MANGO_MASS_NET_ESTIMATION_4","0.4853932389677813","4","all","LightGBM 💡","2026-03-29T22:25:07.000Z","REG_IMAGE_MANGO_MASS_NET_ESTIMATION","17","3.67340087890625","1.7963104248046875"
"tabpfnv2p5_REG_IMAGE_KHAADI_CLOTHES_2","0.6713062524795532","2","all","TabPFN-v2p5 🇩🇪","2026-03-29T22:25:06.000Z","REG_IMAGE_KHAADI_CLOTHES","29","3.98785400390625","4.419319152832031"
"tabm_REG_IMAGE_PAINTING_PRICE_3","0.2347792860491963","3","all","TabM Ⓜ️","2026-03-29T22:24:55.000Z","REG_IMAGE_PAINTING_PRICE","325","1.595703125","25.27892684936523"
"tabpfnv2p5_REG_IMAGE_LETTERBOXD_MOVIES_4","0.497965861717506","4","ft","TabPFN-v2p5 🇩🇪","2026-03-29T22:23:34.000Z","REG_IMAGE_LETTERBOXD_MOVIES","535","33.16778564453125","10.315311431884766"
"tabpfnv2p5_MUL_IMAGE_JUSTIN_INSTAGRAM_POSTS_0","0.9867098883990316","0","ft","TabPFN-v2p5 🇩🇪","2026-03-29T22:23:29.000Z","MUL_IMAGE_JUSTIN_INSTAGRAM_POSTS","701","33.16778564453125","64.62953567504883"
"tabpfnv2_REG_IMAGE_MANGO_MASS_NET_ESTIMATION_3","0.6853062222531484","3","ft","TabPFN-v2 🤯","2026-03-29T22:22:50.000Z","REG_IMAGE_MANGO_MASS_NET_ESTIMATION","108","7.62066650390625","2.575889587402344"
"cat_REG_IMAGE_FASHION_HNM_CONSUMER_AGE_0","0.5830243306284117","0","all","CatBoost 😸","2026-03-29T22:22:36.000Z","REG_IMAGE_FASHION_HNM_CONSUMER_AGE","320","1.572265625","3.4287757873535156"
"tabpfnv2_REG_IMAGE_MANGO_MASS_NET_ESTIMATION_3","0.5662726002996836","3","all","TabPFN-v2 🤯","2026-03-29T22:22:13.000Z","REG_IMAGE_MANGO_MASS_NET_ESTIMATION","17","7.58160400390625","1.8201942443847656"
"tabm_REG_IMAGE_KHAADI_CLOTHES_2","0.8673427700996399","2","ft","TabM Ⓜ️","2026-03-29T22:21:46.000Z","REG_IMAGE_KHAADI_CLOTHES","169","7.62066650390625","5.9371490478515625"
"tabm_REG_IMAGE_KHAADI_CLOTHES_2","0.573613166809082","2","all","TabM Ⓜ️","2026-03-29T22:20:46.000Z","REG_IMAGE_KHAADI_CLOTHES","29","3.98980712890625","4.106842041015625"
"tabpfnv2p5_REG_IMAGE_MANGO_MASS_NET_ESTIMATION_3","0.68585508037184","3","ft","TabPFN-v2p5 🇩🇪","2026-03-29T22:19:55.000Z","REG_IMAGE_MANGO_MASS_NET_ESTIMATION","109","7.60894775390625","2.6470947265625"
"tabpfnv2p5_REG_IMAGE_MANGO_MASS_NET_ESTIMATION_3","0.5859632091381612","3","all","TabPFN-v2p5 🇩🇪","2026-03-29T22:19:12.000Z","REG_IMAGE_MANGO_MASS_NET_ESTIMATION","16","7.58160400390625","1.7398643493652344"
"tabpfnv2p5_MUL_IMAGE_JUSTIN_INSTAGRAM_POSTS_0","0.978269309828118","0","all","TabPFN-v2p5 🇩🇪","2026-03-29T22:18:19.000Z","MUL_IMAGE_JUSTIN_INSTAGRAM_POSTS","285","33.16778564453125","33.12278747558594"
"cat_REG_IMAGE_KHAADI_CLOTHES_2","0.830052984684982","2","ft","CatBoost 😸","2026-03-29T22:17:20.000Z","REG_IMAGE_KHAADI_CLOTHES","174","7.60894775390625","5.5530242919921875"
"tabm_REG_IMAGE_MANGO_MASS_NET_ESTIMATION_3","0.6592028304016597","3","ft","TabM Ⓜ️","2026-03-29T22:17:11.000Z","REG_IMAGE_MANGO_MASS_NET_ESTIMATION","93","7.58160400390625","2.6045608520507812"
"tabm_REG_IMAGE_MANGO_MASS_NET_ESTIMATION_3","0.5090124019428837","3","all","TabM Ⓜ️","2026-03-29T22:16:33.000Z","REG_IMAGE_MANGO_MASS_NET_ESTIMATION","18","3.98785400390625","1.8486328125"
"cat_REG_IMAGE_KHAADI_CLOTHES_2","0.2879926857433409","2","all","CatBoost 😸","2026-03-29T22:16:22.000Z","REG_IMAGE_KHAADI_CLOTHES","31","3.98785400390625","4.415485382080078"
"cat_REG_IMAGE_MANGO_MASS_NET_ESTIMATION_3","0.6809348030330074","3","ft","CatBoost 😸","2026-03-29T22:14:26.000Z","REG_IMAGE_MANGO_MASS_NET_ESTIMATION","96","7.60894775390625","2.691143035888672"
"light_REG_IMAGE_FASHION_HNM_CONSUMER_AGE_0","0.6445470669837787","0","ft","LightGBM 💡","2026-03-29T22:14:16.000Z","REG_IMAGE_FASHION_HNM_CONSUMER_AGE","391","5.30078125","5.750720977783203"
"cat_REG_IMAGE_MANGO_MASS_NET_ESTIMATION_3","0.46701258265522416","3","all","CatBoost 😸","2026-03-29T22:13:44.000Z","REG_IMAGE_MANGO_MASS_NET_ESTIMATION","19","7.58160400390625","2.0053062438964844"
"tabpfnv2p5_REG_IMAGE_LETTERBOXD_MOVIES_4","0.4876410052798703","4","all","TabPFN-v2p5 🇩🇪","2026-03-29T22:13:26.000Z","REG_IMAGE_LETTERBOXD_MOVIES","335","33.16778564453125","5.044593811035156"
"light_REG_IMAGE_KHAADI_CLOTHES_2","0.8607571123985888","2","ft","LightGBM 💡","2026-03-29T22:12:57.000Z","REG_IMAGE_KHAADI_CLOTHES","170","7.60894775390625","5.523399353027344"
"cat_REG_IMAGE_PAINTING_PRICE_3","0.20027054810776912","3","ft","CatBoost 😸","2026-03-29T22:12:06.000Z","REG_IMAGE_PAINTING_PRICE","566","5.30078125","48.50429916381836"
"light_REG_IMAGE_KHAADI_CLOTHES_2","0.11983554709624278","2","all","LightGBM 💡","2026-03-29T22:12:03.000Z","REG_IMAGE_KHAADI_CLOTHES","26","3.98785400390625","4.216266632080078"
"light_REG_IMAGE_MANGO_MASS_NET_ESTIMATION_3","0.6620894265167077","3","ft","LightGBM 💡","2026-03-29T22:11:43.000Z","REG_IMAGE_MANGO_MASS_NET_ESTIMATION","92","3.98785400390625","2.580726623535156"
"light_REG_IMAGE_MANGO_MASS_NET_ESTIMATION_3","0.4406518545260611","3","all","LightGBM 💡","2026-03-29T22:11:05.000Z","REG_IMAGE_MANGO_MASS_NET_ESTIMATION","16","7.58746337890625","1.7266807556152344"
"tabpfnv2_REG_IMAGE_KHAADI_CLOTHES_1","0.8368045091629028","1","ft","TabPFN-v2 🤯","2026-03-29T22:08:54.000Z","REG_IMAGE_KHAADI_CLOTHES","157","7.60894775390625","6.263515472412109"
"tabpfnv2_REG_IMAGE_MANGO_MASS_NET_ESTIMATION_2","0.7214921365787023","2","ft","TabPFN-v2 🤯","2026-03-29T22:08:48.000Z","REG_IMAGE_MANGO_MASS_NET_ESTIMATION","110","7.58746337890625","2.582195281982422"
"tabpfnv2_REG_IMAGE_MANGO_MASS_NET_ESTIMATION_2","0.57418657977538","2","all","TabPFN-v2 🤯","2026-03-29T22:08:10.000Z","REG_IMAGE_MANGO_MASS_NET_ESTIMATION","17","4.02691650390625","1.8060150146484375"
"tabpfnv2_REG_IMAGE_KHAADI_CLOTHES_1","0.8825501799583435","1","all","TabPFN-v2 🤯","2026-03-29T22:07:55.000Z","REG_IMAGE_KHAADI_CLOTHES","30","3.98785400390625","4.03076171875"
"tabpfnv2p5_REG_IMAGE_MANGO_MASS_NET_ESTIMATION_2","0.728977069715715","2","ft","TabPFN-v2p5 🇩🇪","2026-03-29T22:05:53.000Z","REG_IMAGE_MANGO_MASS_NET_ESTIMATION","109","7.65386962890625","2.633289337158203"
"tabpfnv2p5_REG_IMAGE_MANGO_MASS_NET_ESTIMATION_2","0.5979408485586909","2","all","TabPFN-v2p5 🇩🇪","2026-03-29T22:05:10.000Z","REG_IMAGE_MANGO_MASS_NET_ESTIMATION","17","7.58746337890625","1.7283287048339844"
"tabpfnv2p5_REG_IMAGE_KHAADI_CLOTHES_1","0.8917673230171204","1","ft","TabPFN-v2p5 🇩🇪","2026-03-29T22:04:41.000Z","REG_IMAGE_KHAADI_CLOTHES","161","7.60894775390625","5.824817657470703"
"tabpfnv2p5_REG_IMAGE_KHAADI_CLOTHES_1","0.9452314972877502","1","all","TabPFN-v2p5 🇩🇪","2026-03-29T22:03:47.000Z","REG_IMAGE_KHAADI_CLOTHES","29","3.98785400390625","4.221107482910156"
"tabm_REG_IMAGE_LETTERBOXD_MOVIES_4","0.4841195703917319","4","ft","TabM Ⓜ️","2026-03-29T22:03:44.000Z","REG_IMAGE_LETTERBOXD_MOVIES","481","33.16778564453125","9.875946044921877"
"tabm_REG_IMAGE_MANGO_MASS_NET_ESTIMATION_2","0.6288415275093147","2","ft","TabM Ⓜ️","2026-03-29T22:03:35.000Z","REG_IMAGE_MANGO_MASS_NET_ESTIMATION","71","4.02886962890625","2.657032012939453"
"tabm_MUL_IMAGE_JUSTIN_INSTAGRAM_POSTS_0","0.97841265521403","0","ft","TabM Ⓜ️","2026-03-29T22:03:14.000Z","MUL_IMAGE_JUSTIN_INSTAGRAM_POSTS","619","33.16778564453125","58.31829071044922"
"tabm_REG_IMAGE_MANGO_MASS_NET_ESTIMATION_2","0.5782716444329967","2","all","TabM Ⓜ️","2026-03-29T22:02:58.000Z","REG_IMAGE_MANGO_MASS_NET_ESTIMATION","17","7.62261962890625","1.817241668701172"
"cat_REG_IMAGE_MANGO_MASS_NET_ESTIMATION_2","0.6460071720367582","2","ft","CatBoost 😸","2026-03-29T22:01:17.000Z","REG_IMAGE_MANGO_MASS_NET_ESTIMATION","74","7.58160400390625","2.739910125732422"
"cat_REG_IMAGE_MANGO_MASS_NET_ESTIMATION_2","0.5587550571022638","2","all","CatBoost 😸","2026-03-29T22:00:39.000Z","REG_IMAGE_MANGO_MASS_NET_ESTIMATION","19","7.58160400390625","2.002880096435547"
"tabm_REG_IMAGE_KHAADI_CLOTHES_1","0.8323423862457275","1","ft","TabM Ⓜ️","2026-03-29T22:00:12.000Z","REG_IMAGE_KHAADI_CLOTHES","181","7.62261962890625","5.802314758300781"
"tabm_REG_IMAGE_KHAADI_CLOTHES_1","0.789222776889801","1","all","TabM Ⓜ️","2026-03-29T21:59:18.000Z","REG_IMAGE_KHAADI_CLOTHES","27","4.00738525390625","3.988487243652344"
"light_REG_IMAGE_MANGO_MASS_NET_ESTIMATION_2","0.6612116211098633","2","ft","LightGBM 💡","2026-03-29T21:59:04.000Z","REG_IMAGE_MANGO_MASS_NET_ESTIMATION","71","4.00738525390625","2.617908477783203"
"light_REG_IMAGE_MANGO_MASS_NET_ESTIMATION_2","0.5331223693849348","2","all","LightGBM 💡","2026-03-29T21:58:27.000Z","REG_IMAGE_MANGO_MASS_NET_ESTIMATION","15","7.60894775390625","1.735687255859375"
"tabm_MUL_IMAGE_JUSTIN_INSTAGRAM_POSTS_0","0.9595651043909326","0","all","TabM Ⓜ️","2026-03-29T21:57:53.000Z","MUL_IMAGE_JUSTIN_INSTAGRAM_POSTS","280","33.16778564453125","30.164241790771484"
"tabpfnv2_REG_IMAGE_MANGO_MASS_NET_ESTIMATION_1","0.6626335543267221","1","ft","TabPFN-v2 🤯","2026-03-29T21:56:25.000Z","REG_IMAGE_MANGO_MASS_NET_ESTIMATION","92","7.58160400390625","2.6442222595214844"
"tabpfnv2_REG_IMAGE_MANGO_MASS_NET_ESTIMATION_1","0.5932873279649886","1","all","TabPFN-v2 🤯","2026-03-29T21:55:48.000Z","REG_IMAGE_MANGO_MASS_NET_ESTIMATION","17","7.58160400390625","1.8422355651855469"
"cat_REG_IMAGE_KHAADI_CLOTHES_1","0.5971522819329517","1","ft","CatBoost 😸","2026-03-29T21:55:42.000Z","REG_IMAGE_KHAADI_CLOTHES","177","7.60894775390625","5.929222106933594"
"cat_REG_IMAGE_KHAADI_CLOTHES_1","0.4590108922555015","1","all","CatBoost 😸","2026-03-29T21:54:44.000Z","REG_IMAGE_KHAADI_CLOTHES","31","3.98785400390625","4.144763946533203"
"tabm_REG_IMAGE_LETTERBOXD_MOVIES_4","0.4690253991040399","4","all","TabM Ⓜ️","2026-03-29T21:54:24.000Z","REG_IMAGE_LETTERBOXD_MOVIES","294","33.16778564453125","4.759616851806641"
"tabpfnv2p5_REG_IMAGE_MANGO_MASS_NET_ESTIMATION_1","0.6704397034600365","1","ft","TabPFN-v2p5 🇩🇪","2026-03-29T21:53:47.000Z","REG_IMAGE_MANGO_MASS_NET_ESTIMATION","94","7.60894775390625","2.6513023376464844"
"tabpfnv2p5_REG_IMAGE_MANGO_MASS_NET_ESTIMATION_1","0.6117849896219116","1","all","TabPFN-v2p5 🇩🇪","2026-03-29T21:53:04.000Z","REG_IMAGE_MANGO_MASS_NET_ESTIMATION","16","7.58160400390625","1.790191650390625"
"light_REG_IMAGE_KHAADI_CLOTHES_1","0.5273866103338904","1","ft","LightGBM 💡","2026-03-29T21:51:14.000Z","REG_IMAGE_KHAADI_CLOTHES","179","7.60894775390625","4.540863037109375"
"tabm_REG_IMAGE_MANGO_MASS_NET_ESTIMATION_1","0.6613656508564841","1","ft","TabM Ⓜ️","2026-03-29T21:50:47.000Z","REG_IMAGE_MANGO_MASS_NET_ESTIMATION","108","7.58160400390625","2.5204010009765625"
"light_REG_IMAGE_KHAADI_CLOTHES_1","0.44269667656013056","1","all","LightGBM 💡","2026-03-29T21:50:20.000Z","REG_IMAGE_KHAADI_CLOTHES","27","3.98785400390625","4.44940185546875"
"tabm_REG_IMAGE_MANGO_MASS_NET_ESTIMATION_1","0.5670939060889897","1","all","TabM Ⓜ️","2026-03-29T21:50:09.000Z","REG_IMAGE_MANGO_MASS_NET_ESTIMATION","16","2.93121337890625","1.8240966796875"
"cat_REG_IMAGE_MANGO_MASS_NET_ESTIMATION_1","0.6469129908486483","1","ft","CatBoost 😸","2026-03-29T21:47:52.000Z","REG_IMAGE_MANGO_MASS_NET_ESTIMATION","108","7.60894775390625","2.6936988830566406"
"cat_REG_IMAGE_MANGO_MASS_NET_ESTIMATION_1","0.5516572309628246","1","all","CatBoost 😸","2026-03-29T21:47:14.000Z","REG_IMAGE_MANGO_MASS_NET_ESTIMATION","17","7.58746337890625","1.8258628845214844"
"tabpfnv2_REG_IMAGE_KHAADI_CLOTHES_0","0.8327112197875977","0","ft","TabPFN-v2 🤯","2026-03-29T21:47:06.000Z","REG_IMAGE_KHAADI_CLOTHES","156","7.60894775390625","5.050933837890625"
"tabpfnv2_REG_IMAGE_KHAADI_CLOTHES_0","0.8749740719795227","0","all","TabPFN-v2 🤯","2026-03-29T21:46:12.000Z","REG_IMAGE_KHAADI_CLOTHES","29","3.98785400390625","4.131889343261719"
"light_REG_IMAGE_FASHION_HNM_CONSUMER_AGE_0","0.5563559605293948","0","all","LightGBM 💡","2026-03-29T21:45:44.000Z","REG_IMAGE_FASHION_HNM_CONSUMER_AGE","1447","21.03631591796875","2.822582244873047"
"cat_REG_IMAGE_LETTERBOXD_MOVIES_4","0.4634436288146119","4","ft","CatBoost 😸","2026-03-29T21:45:09.000Z","REG_IMAGE_LETTERBOXD_MOVIES","468","33.16778564453125","10.914932250976562"
"light_REG_IMAGE_MANGO_MASS_NET_ESTIMATION_1","0.6745938879976798","1","ft","LightGBM 💡","2026-03-29T21:44:57.000Z","REG_IMAGE_MANGO_MASS_NET_ESTIMATION","110","7.65386962890625","2.541179656982422"
"light_REG_IMAGE_MANGO_MASS_NET_ESTIMATION_1","0.5347820363696376","1","all","LightGBM 💡","2026-03-29T21:44:19.000Z","REG_IMAGE_MANGO_MASS_NET_ESTIMATION","16","7.58746337890625","1.7154541015625"
"cat_REG_IMAGE_PAINTING_PRICE_3","0.20683223027362563","3","all","CatBoost 😸","2026-03-29T21:43:45.000Z","REG_IMAGE_PAINTING_PRICE","1541","21.03631591796875","25.48426818847656"
"cat_MUL_IMAGE_JUSTIN_INSTAGRAM_POSTS_0","0.980753777482078","0","ft","CatBoost 😸","2026-03-29T21:43:07.000Z","MUL_IMAGE_JUSTIN_INSTAGRAM_POSTS","615","33.16778564453125","58.59032440185547"
"tabpfnv2p5_REG_IMAGE_KHAADI_CLOTHES_0","0.08694702386856079","0","ft","TabPFN-v2p5 🇩🇪","2026-03-29T21:43:03.000Z","REG_IMAGE_KHAADI_CLOTHES","152","7.60894775390625","5.877094268798828"
"tabpfnv2p5_REG_IMAGE_KHAADI_CLOTHES_0","0.5556467175483704","0","all","TabPFN-v2p5 🇩🇪","2026-03-29T21:42:10.000Z","REG_IMAGE_KHAADI_CLOTHES","27","3.98785400390625","3.6375770568847656"
"tabpfnv2_REG_IMAGE_MANGO_MASS_NET_ESTIMATION_0","0.6687490569072689","0","ft","TabPFN-v2 🤯","2026-03-29T21:42:01.000Z","REG_IMAGE_MANGO_MASS_NET_ESTIMATION","110","7.58746337890625","2.657188415527344"
"tabpfnv2_REG_IMAGE_MANGO_MASS_NET_ESTIMATION_0","0.5686223969828983","0","all","TabPFN-v2 🤯","2026-03-29T21:41:18.000Z","REG_IMAGE_MANGO_MASS_NET_ESTIMATION","20","7.60894775390625","1.8544654846191408"
"tabm_REG_IMAGE_KHAADI_CLOTHES_0","0.9480673670768738","0","ft","TabM Ⓜ️","2026-03-29T21:39:22.000Z","REG_IMAGE_KHAADI_CLOTHES","138","7.62066650390625","6.00665283203125"
"tabpfnv2p5_REG_IMAGE_MANGO_MASS_NET_ESTIMATION_0","0.696744527499233","0","ft","TabPFN-v2p5 🇩🇪","2026-03-29T21:39:02.000Z","REG_IMAGE_MANGO_MASS_NET_ESTIMATION","109","7.58160400390625","2.597759246826172"
"tabm_REG_IMAGE_KHAADI_CLOTHES_0","0.8415991067886353","0","all","TabM Ⓜ️","2026-03-29T21:38:28.000Z","REG_IMAGE_KHAADI_CLOTHES","27","4.00738525390625","4.506427764892578"
"tabpfnv2p5_REG_IMAGE_MANGO_MASS_NET_ESTIMATION_0","0.6194771464143297","0","all","TabPFN-v2p5 🇩🇪","2026-03-29T21:38:19.000Z","REG_IMAGE_MANGO_MASS_NET_ESTIMATION","18","2.93121337890625","1.8359603881835935"
"cat_MUL_IMAGE_JUSTIN_INSTAGRAM_POSTS_0","0.9640871014136144","0","all","CatBoost 😸","2026-03-29T21:38:03.000Z","MUL_IMAGE_JUSTIN_INSTAGRAM_POSTS","274","33.16778564453125","30.157817840576172"
"tabm_REG_IMAGE_MANGO_MASS_NET_ESTIMATION_0","0.577293122090116","0","ft","TabM Ⓜ️","2026-03-29T21:36:28.000Z","REG_IMAGE_MANGO_MASS_NET_ESTIMATION","82","7.60894775390625","2.53561019897461"
"cat_REG_IMAGE_LETTERBOXD_MOVIES_4","0.4640373520967429","4","all","CatBoost 😸","2026-03-29T21:35:54.000Z","REG_IMAGE_LETTERBOXD_MOVIES","305","33.16778564453125","5.716606140136719"
"tabm_REG_IMAGE_MANGO_MASS_NET_ESTIMATION_0","0.5940904347072923","0","all","TabM Ⓜ️","2026-03-29T21:35:50.000Z","REG_IMAGE_MANGO_MASS_NET_ESTIMATION","17","7.58160400390625","1.832927703857422"
"cat_REG_IMAGE_KHAADI_CLOTHES_0","0.9342614515548152","0","ft","CatBoost 😸","2026-03-29T21:35:34.000Z","REG_IMAGE_KHAADI_CLOTHES","141","7.60894775390625","5.801414489746094"
"cat_REG_IMAGE_KHAADI_CLOTHES_0","0.6717612873544296","0","all","CatBoost 😸","2026-03-29T21:34:35.000Z","REG_IMAGE_KHAADI_CLOTHES","31","3.98785400390625","4.108497619628906"
"cat_REG_IMAGE_MANGO_MASS_NET_ESTIMATION_0","0.5435676000427327","0","ft","CatBoost 😸","2026-03-29T21:33:59.000Z","REG_IMAGE_MANGO_MASS_NET_ESTIMATION","86","3.98785400390625","2.68121337890625"
"cat_REG_IMAGE_MANGO_MASS_NET_ESTIMATION_0","0.46081098969796286","0","all","CatBoost 😸","2026-03-29T21:33:17.000Z","REG_IMAGE_MANGO_MASS_NET_ESTIMATION","20","7.58160400390625","1.908916473388672"
"light_REG_IMAGE_KHAADI_CLOTHES_0","0.9080243716585822","0","ft","LightGBM 💡","2026-03-29T21:31:47.000Z","REG_IMAGE_KHAADI_CLOTHES","139","7.60894775390625","4.632568359375"
"light_REG_IMAGE_MANGO_MASS_NET_ESTIMATION_0","0.4983828173356032","0","ft","LightGBM 💡","2026-03-29T21:31:31.000Z","REG_IMAGE_MANGO_MASS_NET_ESTIMATION","81","7.58160400390625","2.565502166748047"
"light_REG_IMAGE_MANGO_MASS_NET_ESTIMATION_0","0.4253825401114012","0","all","LightGBM 💡","2026-03-29T21:30:49.000Z","REG_IMAGE_MANGO_MASS_NET_ESTIMATION","20","3.23980712890625","1.7326736450195312"
"light_REG_IMAGE_KHAADI_CLOTHES_0","0.6948798794515958","0","all","LightGBM 💡","2026-03-29T21:30:49.000Z","REG_IMAGE_KHAADI_CLOTHES","33","3.98785400390625","3.884014129638672"
"light_REG_IMAGE_PAINTING_PRICE_3","0.23205766368280767","3","ft","LightGBM 💡","2026-03-29T21:27:54.000Z","REG_IMAGE_PAINTING_PRICE","687","15.80780029296875","48.83072662353515"
"light_REG_IMAGE_LETTERBOXD_MOVIES_4","0.4410467800560687","4","ft","LightGBM 💡","2026-03-29T21:27:10.000Z","REG_IMAGE_LETTERBOXD_MOVIES","429","33.16778564453125","9.82394790649414"
"light_MUL_IMAGE_JUSTIN_INSTAGRAM_POSTS_0","0.982912157349358","0","ft","LightGBM 💡","2026-03-29T21:23:34.000Z","MUL_IMAGE_JUSTIN_INSTAGRAM_POSTS","603","33.16778564453125","58.63875579833984"
"light_REG_IMAGE_PAINTING_PRICE_3","0.21070824180305991","3","all","LightGBM 💡","2026-03-29T21:19:16.000Z","REG_IMAGE_PAINTING_PRICE","367","21.02264404296875","25.381858825683594"
"light_MUL_IMAGE_JUSTIN_INSTAGRAM_POSTS_0","0.9670207218598026","0","all","LightGBM 💡","2026-03-29T21:18:51.000Z","MUL_IMAGE_JUSTIN_INSTAGRAM_POSTS","260","33.16778564453125","30.01132583618164"
"light_REG_IMAGE_LETTERBOXD_MOVIES_4","0.4420476488523022","4","all","LightGBM 💡","2026-03-29T21:17:59.000Z","REG_IMAGE_LETTERBOXD_MOVIES","288","33.16778564453125","4.728797912597656"
"tabpfnv2_REG_IMAGE_LETTERBOXD_MOVIES_3","0.5057137585136982","3","ft","TabPFN-v2 🤯","2026-03-29T21:09:14.000Z","REG_IMAGE_LETTERBOXD_MOVIES","422","33.16778564453125","10.36313247680664"
"tabpfnv2_REG_IMAGE_LETTERBOXD_MOVIES_3","0.5076222750619857","3","all","TabPFN-v2 🤯","2026-03-29T20:59:58.000Z","REG_IMAGE_LETTERBOXD_MOVIES","309","33.16778564453125","5.013057708740234"
"tabpfnv2_REG_IMAGE_PAINTING_PRICE_2","0.2668948494581339","2","ft","TabPFN-v2 🤯","2026-03-29T20:55:43.000Z","REG_IMAGE_PAINTING_PRICE","1009","15.79217529296875","53.39094924926758"
"tabpfnv2p5_REG_IMAGE_LETTERBOXD_MOVIES_3","0.5193953835709729","3","ft","TabPFN-v2p5 🇩🇪","2026-03-29T20:51:24.000Z","REG_IMAGE_LETTERBOXD_MOVIES","416","33.16778564453125","10.3197021484375"
"tabpfnv2_REG_IMAGE_PAINTING_PRICE_2","0.2935295927407322","2","all","TabPFN-v2 🤯","2026-03-29T20:46:22.000Z","REG_IMAGE_PAINTING_PRICE","365","1.572265625","28.032657623291016"
"tabpfnv2p5_REG_IMAGE_LETTERBOXD_MOVIES_3","0.5178718129038267","3","all","TabPFN-v2p5 🇩🇪","2026-03-29T20:42:18.000Z","REG_IMAGE_LETTERBOXD_MOVIES","304","33.16778564453125","5.063850402832031"
"tabm_REG_IMAGE_LETTERBOXD_MOVIES_3","0.49592679125443817","3","ft","TabM Ⓜ️","2026-03-29T20:34:26.000Z","REG_IMAGE_LETTERBOXD_MOVIES","379","33.16778564453125","9.8907470703125"
"tabpfnv2p5_REG_IMAGE_PAINTING_PRICE_2","0.30909906509587226","2","ft","TabPFN-v2p5 🇩🇪","2026-03-29T20:33:20.000Z","REG_IMAGE_PAINTING_PRICE","572","5.30078125","53.113338470458984"
"tabm_REG_IMAGE_LETTERBOXD_MOVIES_3","0.5033229217285105","3","all","TabM Ⓜ️","2026-03-29T20:26:11.000Z","REG_IMAGE_LETTERBOXD_MOVIES","276","33.16778564453125","4.787715911865234"
"tabpfnv2p5_REG_IMAGE_PAINTING_PRICE_2","0.3039145586079153","2","all","TabPFN-v2p5 🇩🇪","2026-03-29T20:24:26.000Z","REG_IMAGE_PAINTING_PRICE","347","1.572265625","28.066490173339844"
"cat_REG_IMAGE_LETTERBOXD_MOVIES_3","0.47129976952671215","3","ft","CatBoost 😸","2026-03-29T20:18:14.000Z","REG_IMAGE_LETTERBOXD_MOVIES","386","33.16778564453125","11.005374908447266"
"tabm_REG_IMAGE_PAINTING_PRICE_2","0.25788512645143946","2","ft","TabM Ⓜ️","2026-03-29T20:12:13.000Z","REG_IMAGE_PAINTING_PRICE","541","5.314453125","48.26545715332031"
"tabpfnv2_REG_IMAGE_AMAZON_PACKAGES_4","0.587991760962177","4","ft","TabPFN-v2 🤯","2026-03-29T20:11:59.000Z","REG_IMAGE_AMAZON_PACKAGES","315","5.26953125","21.25836181640625"
"cat_REG_IMAGE_LETTERBOXD_MOVIES_3","0.48489065863432623","3","all","CatBoost 😸","2026-03-29T20:09:45.000Z","REG_IMAGE_LETTERBOXD_MOVIES","282","33.16778564453125","5.937080383300781"
"tabpfnv2_REG_IMAGE_AMAZON_PACKAGES_4","0.5453476629733998","4","all","TabPFN-v2 🤯","2026-03-29T20:07:15.000Z","REG_IMAGE_AMAZON_PACKAGES","176","1.595703125","10.597965240478516"
"tabm_REG_IMAGE_PAINTING_PRICE_2","0.28451967907944786","2","all","TabM Ⓜ️","2026-03-29T20:03:57.000Z","REG_IMAGE_PAINTING_PRICE","332","1.595703125","25.28575897216797"
"light_REG_IMAGE_LETTERBOXD_MOVIES_3","0.4686126824850816","3","ft","LightGBM 💡","2026-03-29T20:01:58.000Z","REG_IMAGE_LETTERBOXD_MOVIES","376","33.16778564453125","9.823455810546877"
"tabpfnv2p5_REG_IMAGE_AMAZON_PACKAGES_4","0.5950099074846682","4","ft","TabPFN-v2p5 🇩🇪","2026-03-29T20:00:26.000Z","REG_IMAGE_AMAZON_PACKAGES","306","5.30078125","21.223064422607425"
"tabpfnv2p5_REG_IMAGE_AMAZON_PACKAGES_4","0.5553033064922601","4","all","TabPFN-v2p5 🇩🇪","2026-03-29T19:55:54.000Z","REG_IMAGE_AMAZON_PACKAGES","174","5.30078125","10.543224334716797"
"light_REG_IMAGE_LETTERBOXD_MOVIES_3","0.4648110861807879","3","all","LightGBM 💡","2026-03-29T19:53:56.000Z","REG_IMAGE_LETTERBOXD_MOVIES","268","33.16778564453125","4.763519287109375"
"cat_REG_IMAGE_PAINTING_PRICE_2","0.2482479159009028","2","ft","CatBoost 😸","2026-03-29T19:51:45.000Z","REG_IMAGE_PAINTING_PRICE","531","5.30078125","48.45254898071289"
"tabm_REG_IMAGE_AMAZON_PACKAGES_4","0.5872250009138524","4","ft","TabM Ⓜ️","2026-03-29T19:49:31.000Z","REG_IMAGE_AMAZON_PACKAGES","287","5.26953125","19.722496032714844"
"tabm_REG_IMAGE_AMAZON_PACKAGES_4","0.5485778250304015","4","all","TabM Ⓜ️","2026-03-29T19:45:23.000Z","REG_IMAGE_AMAZON_PACKAGES","154","1.572265625","9.848220825195312"
"tabpfnv2_REG_IMAGE_LETTERBOXD_MOVIES_2","0.437505366259093","2","ft","TabPFN-v2 🤯","2026-03-29T19:45:11.000Z","REG_IMAGE_LETTERBOXD_MOVIES","423","33.16778564453125","10.329940795898438"
"cat_REG_IMAGE_PAINTING_PRICE_2","0.24005446013070963","2","all","CatBoost 😸","2026-03-29T19:43:42.000Z","REG_IMAGE_PAINTING_PRICE","325","1.572265625","25.430431365966797"
"cat_REG_IMAGE_AMAZON_PACKAGES_4","0.54992237139092","4","ft","CatBoost 😸","2026-03-29T19:39:01.000Z","REG_IMAGE_AMAZON_PACKAGES","288","5.30078125","19.83218765258789"
"tabpfnv2_REG_IMAGE_LETTERBOXD_MOVIES_2","0.4397944830168121","2","all","TabPFN-v2 🤯","2026-03-29T19:35:55.000Z","REG_IMAGE_LETTERBOXD_MOVIES","310","33.16778564453125","5.082481384277344"
"cat_REG_IMAGE_AMAZON_PACKAGES_4","0.5244940035641712","4","all","CatBoost 😸","2026-03-29T19:34:49.000Z","REG_IMAGE_AMAZON_PACKAGES","155","5.30078125","9.971996307373049"
"light_REG_IMAGE_PAINTING_PRICE_2","0.23027288018068248","2","ft","LightGBM 💡","2026-03-29T19:31:39.000Z","REG_IMAGE_PAINTING_PRICE","529","5.30078125","48.28074645996094"
"light_REG_IMAGE_AMAZON_PACKAGES_4","0.5506222402366902","4","ft","LightGBM 💡","2026-03-29T19:28:31.000Z","REG_IMAGE_AMAZON_PACKAGES","283","5.26953125","19.643394470214844"
"tabpfnv2p5_REG_IMAGE_LETTERBOXD_MOVIES_2","0.4563670998599764","2","ft","TabPFN-v2p5 🇩🇪","2026-03-29T19:27:16.000Z","REG_IMAGE_LETTERBOXD_MOVIES","418","33.16778564453125","10.324417114257812"
"light_REG_IMAGE_AMAZON_PACKAGES_4","0.4983635995430133","4","all","LightGBM 💡","2026-03-29T19:24:35.000Z","REG_IMAGE_AMAZON_PACKAGES","149","1.572265625","9.793041229248049"
"light_REG_IMAGE_PAINTING_PRICE_2","0.23893388094565748","2","all","LightGBM 💡","2026-03-29T19:23:47.000Z","REG_IMAGE_PAINTING_PRICE","319","1.572265625","25.375648498535156"
"tabpfnv2p5_REG_IMAGE_LETTERBOXD_MOVIES_2","0.4569605467467027","2","all","TabPFN-v2p5 🇩🇪","2026-03-29T19:18:11.000Z","REG_IMAGE_LETTERBOXD_MOVIES","304","33.16778564453125","5.034648895263672"
"tabpfnv2_REG_IMAGE_AMAZON_PACKAGES_3","0.6346821444019326","3","ft","TabPFN-v2 🤯","2026-03-29T19:17:24.000Z","REG_IMAGE_AMAZON_PACKAGES","319","43.34765625","21.314922332763672"
"tabpfnv2_REG_IMAGE_AMAZON_PACKAGES_3","0.571979077217065","3","all","TabPFN-v2 🤯","2026-03-29T19:12:29.000Z","REG_IMAGE_AMAZON_PACKAGES","185","5.30078125","10.576068878173828"
"tabm_REG_IMAGE_LETTERBOXD_MOVIES_2","0.4509315840876312","2","ft","TabM Ⓜ️","2026-03-29T19:10:24.000Z","REG_IMAGE_LETTERBOXD_MOVIES","378","33.16778564453125","9.88455581665039"
"tabpfnv2_REG_IMAGE_PAINTING_PRICE_1","0.27900352045126575","1","ft","TabPFN-v2 🤯","2026-03-29T19:08:56.000Z","REG_IMAGE_PAINTING_PRICE","660","5.30078125","53.05827713012695"
"tabpfnv2p5_REG_IMAGE_AMAZON_PACKAGES_3","0.6527347086846497","3","ft","TabPFN-v2p5 🇩🇪","2026-03-29T19:05:29.000Z","REG_IMAGE_AMAZON_PACKAGES","320","36.427734375","21.358287811279297"
"tabm_REG_IMAGE_LETTERBOXD_MOVIES_2","0.4395770934655212","2","all","TabM Ⓜ️","2026-03-29T19:01:54.000Z","REG_IMAGE_LETTERBOXD_MOVIES","284","33.16778564453125","4.742809295654297"
"tabpfnv2p5_REG_IMAGE_AMAZON_PACKAGES_3","0.5970434945988832","3","all","TabPFN-v2p5 🇩🇪","2026-03-29T19:00:56.000Z","REG_IMAGE_AMAZON_PACKAGES","174","1.572265625","10.607383728027344"
"tabpfnv2_REG_IMAGE_PAINTING_PRICE_1","0.2714373467116289","1","all","TabPFN-v2 🤯","2026-03-29T18:58:22.000Z","REG_IMAGE_PAINTING_PRICE","390","1.572265625","28.06148910522461"
"cat_REG_IMAGE_LETTERBOXD_MOVIES_2","0.42823758475925033","2","ft","CatBoost 😸","2026-03-29T18:54:13.000Z","REG_IMAGE_LETTERBOXD_MOVIES","371","33.16778564453125","11.015262603759766"
"tabm_REG_IMAGE_AMAZON_PACKAGES_3","0.6322326189361557","3","ft","TabM Ⓜ️","2026-03-29T18:54:13.000Z","REG_IMAGE_AMAZON_PACKAGES","303","35.732421875","19.876728057861328"
"tabm_REG_IMAGE_AMAZON_PACKAGES_3","0.5817911086187066","3","all","TabM Ⓜ️","2026-03-29T18:50:05.000Z","REG_IMAGE_AMAZON_PACKAGES","152","5.30078125","9.95236587524414"
"cat_REG_IMAGE_LETTERBOXD_MOVIES_2","0.415311635119771","2","all","CatBoost 😸","2026-03-29T18:45:29.000Z","REG_IMAGE_LETTERBOXD_MOVIES","286","33.16778564453125","5.902782440185547"
"tabpfnv2p5_REG_IMAGE_PAINTING_PRICE_1","0.3386427115510847","1","ft","TabPFN-v2p5 🇩🇪","2026-03-29T18:44:23.000Z","REG_IMAGE_PAINTING_PRICE","620","5.30078125","53.025386810302734"
"cat_REG_IMAGE_AMAZON_PACKAGES_3","0.6232852178300812","3","ft","CatBoost 😸","2026-03-29T18:43:22.000Z","REG_IMAGE_AMAZON_PACKAGES","308","27.4453125","20.027729034423828"
"tabpfnv2_MUL_IMAGE_ZOOSCAN_ZOOPLANKTON_4","0.9852010845357412","4","ft","TabPFN-v2 🤯","2026-03-29T18:42:25.000Z","MUL_IMAGE_ZOOSCAN_ZOOPLANKTON","259","33.16778564453125","7.423526763916016"
"tabpfnv2_MUL_IMAGE_ZOOSCAN_ZOOPLANKTON_4","0.981380629649552","4","all","TabPFN-v2 🤯","2026-03-29T18:40:39.000Z","MUL_IMAGE_ZOOSCAN_ZOOPLANKTON","76","33.16778564453125","3.4122543334960938"
"cat_REG_IMAGE_AMAZON_PACKAGES_3","0.5506792996989938","3","all","CatBoost 😸","2026-03-29T18:39:14.000Z","REG_IMAGE_AMAZON_PACKAGES","153","32.212890625","10.081722259521484"
"light_REG_IMAGE_LETTERBOXD_MOVIES_2","0.4130086146194024","2","ft","LightGBM 💡","2026-03-29T18:37:57.000Z","REG_IMAGE_LETTERBOXD_MOVIES","362","33.16778564453125","9.812824249267578"
"tabpfnv2p5_MUL_IMAGE_ZOOSCAN_ZOOPLANKTON_4","0.9869533068609851","4","ft","TabPFN-v2p5 🇩🇪","2026-03-29T18:35:04.000Z","MUL_IMAGE_ZOOSCAN_ZOOPLANKTON","254","33.16778564453125","7.420276641845703"
"tabpfnv2p5_REG_IMAGE_PAINTING_PRICE_1","0.32884336154534555","1","all","TabPFN-v2p5 🇩🇪","2026-03-29T18:34:41.000Z","REG_IMAGE_PAINTING_PRICE","382","1.572265625","28.03435516357422"
"tabpfnv2p5_MUL_IMAGE_ZOOSCAN_ZOOPLANKTON_4","0.9864538878660166","4","all","TabPFN-v2p5 🇩🇪","2026-03-29T18:33:23.000Z","MUL_IMAGE_ZOOSCAN_ZOOPLANKTON","75","33.16778564453125","3.389556884765625"
"light_REG_IMAGE_AMAZON_PACKAGES_3","0.6002556089753438","3","ft","LightGBM 💡","2026-03-29T18:32:37.000Z","REG_IMAGE_AMAZON_PACKAGES","301","1.572265625","19.83655548095703"
"light_REG_IMAGE_LETTERBOXD_MOVIES_2","0.4124220659960072","2","all","LightGBM 💡","2026-03-29T18:29:39.000Z","REG_IMAGE_LETTERBOXD_MOVIES","275","33.16778564453125","4.765235900878906"
"light_REG_IMAGE_AMAZON_PACKAGES_3","0.5405515444880535","3","all","LightGBM 💡","2026-03-29T18:28:41.000Z","REG_IMAGE_AMAZON_PACKAGES","149","5.314453125","9.880935668945312"
"tabm_MUL_IMAGE_ZOOSCAN_ZOOPLANKTON_4","0.9857169067092184","4","ft","TabM Ⓜ️","2026-03-29T18:28:08.000Z","MUL_IMAGE_ZOOSCAN_ZOOPLANKTON","236","33.16778564453125","7.332706451416016"
"tabm_MUL_IMAGE_ZOOSCAN_ZOOPLANKTON_4","0.9837309343995564","4","all","TabM Ⓜ️","2026-03-29T18:26:27.000Z","MUL_IMAGE_ZOOSCAN_ZOOPLANKTON","71","33.16778564453125","3.230743408203125"
"tabm_REG_IMAGE_PAINTING_PRICE_1","0.3081340022051735","1","ft","TabM Ⓜ️","2026-03-29T18:22:17.000Z","REG_IMAGE_PAINTING_PRICE","544","5.314453125","48.159393310546875"
"tabpfnv2_REG_IMAGE_AMAZON_PACKAGES_2","0.6336684516425726","2","ft","TabPFN-v2 🤯","2026-03-29T18:21:04.000Z","REG_IMAGE_AMAZON_PACKAGES","344","5.26953125","21.2506103515625"
"cat_MUL_IMAGE_ZOOSCAN_ZOOPLANKTON_4","0.9849743103083248","4","ft","CatBoost 😸","2026-03-29T18:21:02.000Z","MUL_IMAGE_ZOOSCAN_ZOOPLANKTON","236","33.16778564453125","9.028335571289062"
"tabpfnv2_REG_IMAGE_LETTERBOXD_MOVIES_1","0.4300196065541927","1","ft","TabPFN-v2 🤯","2026-03-29T18:20:49.000Z","REG_IMAGE_LETTERBOXD_MOVIES","431","33.16778564453125","10.329708099365234"
"cat_MUL_IMAGE_ZOOSCAN_ZOOPLANKTON_4","0.9805328426791886","4","all","CatBoost 😸","2026-03-29T18:19:00.000Z","MUL_IMAGE_ZOOSCAN_ZOOPLANKTON","87","33.16778564453125","4.846538543701172"
"tabpfnv2_REG_IMAGE_AMAZON_PACKAGES_2","0.5790150565795829","2","all","TabPFN-v2 🤯","2026-03-29T18:16:21.000Z","REG_IMAGE_AMAZON_PACKAGES","173","1.572265625","10.542888641357422"
"tabm_REG_IMAGE_PAINTING_PRICE_1","0.33691759961379997","1","all","TabM Ⓜ️","2026-03-29T18:14:05.000Z","REG_IMAGE_PAINTING_PRICE","330","1.595703125","25.47353744506836"
"light_MUL_IMAGE_ZOOSCAN_ZOOPLANKTON_4","0.9804564129807084","4","ft","LightGBM 💡","2026-03-29T18:13:56.000Z","MUL_IMAGE_ZOOSCAN_ZOOPLANKTON","228","33.16778564453125","7.312046051025391"
"light_MUL_IMAGE_ZOOSCAN_ZOOPLANKTON_4","0.9744424885285012","4","all","LightGBM 💡","2026-03-29T18:12:26.000Z","MUL_IMAGE_ZOOSCAN_ZOOPLANKTON","63","33.16778564453125","3.197093963623047"
"tabpfnv2_REG_IMAGE_LETTERBOXD_MOVIES_1","0.4306419221662988","1","all","TabPFN-v2 🤯","2026-03-29T18:11:18.000Z","REG_IMAGE_LETTERBOXD_MOVIES","312","33.16778564453125","5.058540344238281"
"tabpfnv2p5_REG_IMAGE_AMAZON_PACKAGES_2","0.6427582866652379","2","ft","TabPFN-v2p5 🇩🇪","2026-03-29T18:08:55.000Z","REG_IMAGE_AMAZON_PACKAGES","343","5.30078125","21.19432830810547"
"tabpfnv2_MUL_IMAGE_ZOOSCAN_ZOOPLANKTON_3","0.9849880646187774","3","ft","TabPFN-v2 🤯","2026-03-29T18:06:45.000Z","MUL_IMAGE_ZOOSCAN_ZOOPLANKTON","255","33.16778564453125","7.446689605712891"
"tabpfnv2_MUL_IMAGE_ZOOSCAN_ZOOPLANKTON_3","0.9823589113769776","3","all","TabPFN-v2 🤯","2026-03-29T18:05:05.000Z","MUL_IMAGE_ZOOSCAN_ZOOPLANKTON","76","33.16778564453125","3.394012451171875"
"tabpfnv2p5_REG_IMAGE_AMAZON_PACKAGES_2","0.5938327462726152","2","all","TabPFN-v2p5 🇩🇪","2026-03-29T18:04:22.000Z","REG_IMAGE_AMAZON_PACKAGES","171","5.26953125","10.578426361083984"
"tabpfnv2p5_REG_IMAGE_LETTERBOXD_MOVIES_1","0.4489392474831879","1","ft","TabPFN-v2p5 🇩🇪","2026-03-29T18:02:31.000Z","REG_IMAGE_LETTERBOXD_MOVIES","423","33.16778564453125","10.323020935058594"
"cat_REG_IMAGE_PAINTING_PRICE_1","0.3069406203442082","1","ft","CatBoost 😸","2026-03-29T18:01:52.000Z","REG_IMAGE_PAINTING_PRICE","530","5.30078125","48.3433837890625"
"tabpfnv2p5_MUL_IMAGE_ZOOSCAN_ZOOPLANKTON_3","0.987837168663592","3","ft","TabPFN-v2p5 🇩🇪","2026-03-29T17:59:23.000Z","MUL_IMAGE_ZOOSCAN_ZOOPLANKTON","255","33.16778564453125","7.457756042480469"
"tabpfnv2p5_MUL_IMAGE_ZOOSCAN_ZOOPLANKTON_3","0.987381494701122","3","all","TabPFN-v2p5 🇩🇪","2026-03-29T17:57:43.000Z","MUL_IMAGE_ZOOSCAN_ZOOPLANKTON","75","33.16778564453125","3.3481712341308594"
"tabm_REG_IMAGE_AMAZON_PACKAGES_2","0.6696605514320229","2","ft","TabM Ⓜ️","2026-03-29T17:57:38.000Z","REG_IMAGE_AMAZON_PACKAGES","306","1.572265625","19.705856323242188"
"cat_REG_IMAGE_PAINTING_PRICE_1","0.2591866821310742","1","all","CatBoost 😸","2026-03-29T17:53:55.000Z","REG_IMAGE_PAINTING_PRICE","320","1.572265625","25.629959106445312"
"tabm_REG_IMAGE_AMAZON_PACKAGES_2","0.6054967442326795","2","all","TabM Ⓜ️","2026-03-29T17:53:26.000Z","REG_IMAGE_AMAZON_PACKAGES","157","1.572265625","9.836322784423828"
"tabpfnv2p5_REG_IMAGE_LETTERBOXD_MOVIES_1","0.44552598263836873","1","all","TabPFN-v2p5 🇩🇪","2026-03-29T17:53:15.000Z","REG_IMAGE_LETTERBOXD_MOVIES","311","33.16778564453125","5.073982238769531"
"tabm_MUL_IMAGE_ZOOSCAN_ZOOPLANKTON_3","0.9860959979287508","3","ft","TabM Ⓜ️","2026-03-29T17:52:39.000Z","MUL_IMAGE_ZOOSCAN_ZOOPLANKTON","221","33.16778564453125","7.342754364013672"
"tabm_MUL_IMAGE_ZOOSCAN_ZOOPLANKTON_3","0.9851976173837256","3","all","TabM Ⓜ️","2026-03-29T17:50:58.000Z","MUL_IMAGE_ZOOSCAN_ZOOPLANKTON","70","33.16778564453125","3.23311996459961"
"cat_REG_IMAGE_AMAZON_PACKAGES_2","0.6353751638290805","2","ft","CatBoost 😸","2026-03-29T17:46:53.000Z","REG_IMAGE_AMAZON_PACKAGES","298","5.30078125","19.88022232055664"
"cat_MUL_IMAGE_ZOOSCAN_ZOOPLANKTON_3","0.9839781849477108","3","ft","CatBoost 😸","2026-03-29T17:45:54.000Z","MUL_IMAGE_ZOOSCAN_ZOOPLANKTON","222","33.16778564453125","9.082942962646484"
"tabm_REG_IMAGE_LETTERBOXD_MOVIES_1","0.4371075980846749","1","ft","TabM Ⓜ️","2026-03-29T17:44:52.000Z","REG_IMAGE_LETTERBOXD_MOVIES","410","33.16778564453125","9.884521484375"
"cat_MUL_IMAGE_ZOOSCAN_ZOOPLANKTON_3","0.9809026069945338","3","all","CatBoost 😸","2026-03-29T17:43:53.000Z","MUL_IMAGE_ZOOSCAN_ZOOPLANKTON","84","33.16778564453125","4.859230041503906"
"cat_REG_IMAGE_AMAZON_PACKAGES_2","0.552854767860905","2","all","CatBoost 😸","2026-03-29T17:42:51.000Z","REG_IMAGE_AMAZON_PACKAGES","155","5.26953125","9.985668182373049"
"light_REG_IMAGE_PAINTING_PRICE_1","0.30475186253563924","1","ft","LightGBM 💡","2026-03-29T17:41:47.000Z","REG_IMAGE_PAINTING_PRICE","528","5.30078125","48.1345329284668"
"light_MUL_IMAGE_ZOOSCAN_ZOOPLANKTON_3","0.984593623963932","3","ft","LightGBM 💡","2026-03-29T17:39:09.000Z","MUL_IMAGE_ZOOSCAN_ZOOPLANKTON","211","33.16778564453125","7.314418792724609"
"light_MUL_IMAGE_ZOOSCAN_ZOOPLANKTON_3","0.9757772559587056","3","all","LightGBM 💡","2026-03-29T17:37:39.000Z","MUL_IMAGE_ZOOSCAN_ZOOPLANKTON","63","33.16778564453125","3.2416305541992188"
"light_REG_IMAGE_AMAZON_PACKAGES_2","0.6295156912959629","2","ft","LightGBM 💡","2026-03-29T17:36:23.000Z","REG_IMAGE_AMAZON_PACKAGES","297","1.572265625","19.671924591064453"
"tabm_REG_IMAGE_LETTERBOXD_MOVIES_1","0.4358448570419472","1","all","TabM Ⓜ️","2026-03-29T17:36:17.000Z","REG_IMAGE_LETTERBOXD_MOVIES","284","33.16778564453125","4.756954193115234"
"light_REG_IMAGE_PAINTING_PRICE_1","0.281699394086975","1","all","LightGBM 💡","2026-03-29T17:33:55.000Z","REG_IMAGE_PAINTING_PRICE","318","1.572265625","25.41271209716797"
"light_REG_IMAGE_AMAZON_PACKAGES_2","0.52635502127908","2","all","LightGBM 💡","2026-03-29T17:32:27.000Z","REG_IMAGE_AMAZON_PACKAGES","149","4.298828125","9.816650390625"
"tabpfnv2_MUL_IMAGE_ZOOSCAN_ZOOPLANKTON_2","0.9874898408977336","2","ft","TabPFN-v2 🤯","2026-03-29T17:31:06.000Z","MUL_IMAGE_ZOOSCAN_ZOOPLANKTON","307","33.16778564453125","7.503963470458984"
"tabpfnv2_MUL_IMAGE_ZOOSCAN_ZOOPLANKTON_2","0.9858259680867294","2","all","TabPFN-v2 🤯","2026-03-29T17:29:15.000Z","MUL_IMAGE_ZOOSCAN_ZOOPLANKTON","77","33.16778564453125","3.4474639892578125"
"cat_REG_IMAGE_LETTERBOXD_MOVIES_1","0.4229629299254215","1","ft","CatBoost 😸","2026-03-29T17:27:59.000Z","REG_IMAGE_LETTERBOXD_MOVIES","405","33.16778564453125","10.999465942382812"
"tabpfnv2_REG_IMAGE_AMAZON_PACKAGES_1","0.5202051551482814","1","ft","TabPFN-v2 🤯","2026-03-29T17:24:51.000Z","REG_IMAGE_AMAZON_PACKAGES","346","42.916015625","21.290687561035156"
"tabpfnv2p5_MUL_IMAGE_ZOOSCAN_ZOOPLANKTON_2","0.989053356483782","2","ft","TabPFN-v2p5 🇩🇪","2026-03-29T17:22:46.000Z","MUL_IMAGE_ZOOSCAN_ZOOPLANKTON","311","33.16778564453125","7.4363250732421875"
"tabpfnv2p5_MUL_IMAGE_ZOOSCAN_ZOOPLANKTON_2","0.9904345779614546","2","all","TabPFN-v2p5 🇩🇪","2026-03-29T17:21:06.000Z","MUL_IMAGE_ZOOSCAN_ZOOPLANKTON","75","33.16778564453125","3.40542984008789"
"tabpfnv2_REG_IMAGE_AMAZON_PACKAGES_1","0.4699948258479037","1","all","TabPFN-v2 🤯","2026-03-29T17:19:57.000Z","REG_IMAGE_AMAZON_PACKAGES","185","5.271484375","10.614627838134766"
"cat_REG_IMAGE_LETTERBOXD_MOVIES_1","0.4120884430037619","1","all","CatBoost 😸","2026-03-29T17:19:19.000Z","REG_IMAGE_LETTERBOXD_MOVIES","289","33.16778564453125","5.790031433105469"
"tabpfnv2_REG_IMAGE_PAINTING_PRICE_0","0.4092127761649301","0","ft","TabPFN-v2 🤯","2026-03-29T17:18:44.000Z","REG_IMAGE_PAINTING_PRICE","686","5.30078125","53.15176010131836"
"tabm_MUL_IMAGE_ZOOSCAN_ZOOPLANKTON_2","0.987074205041312","2","ft","TabM Ⓜ️","2026-03-29T17:15:09.000Z","MUL_IMAGE_ZOOSCAN_ZOOPLANKTON","277","33.16778564453125","7.347770690917969"
"tabm_MUL_IMAGE_ZOOSCAN_ZOOPLANKTON_2","0.98865138999795","2","all","TabM Ⓜ️","2026-03-29T17:13:28.000Z","MUL_IMAGE_ZOOSCAN_ZOOPLANKTON","69","33.16778564453125","3.24093246459961"
"tabpfnv2p5_REG_IMAGE_AMAZON_PACKAGES_1","0.5269055193571579","1","ft","TabPFN-v2p5 🇩🇪","2026-03-29T17:12:52.000Z","REG_IMAGE_AMAZON_PACKAGES","326","39.681640625","21.310199737548828"
"light_REG_IMAGE_LETTERBOXD_MOVIES_1","0.4117096978206114","1","ft","LightGBM 💡","2026-03-29T17:11:17.000Z","REG_IMAGE_LETTERBOXD_MOVIES","390","33.16778564453125","9.832042694091797"
"tabpfnv2p5_REG_IMAGE_AMAZON_PACKAGES_1","0.4740426035176314","1","all","TabPFN-v2p5 🇩🇪","2026-03-29T17:08:19.000Z","REG_IMAGE_AMAZON_PACKAGES","173","1.572265625","10.594799041748049"
"tabpfnv2_REG_IMAGE_PAINTING_PRICE_0","0.4011007338827567","0","all","TabPFN-v2 🤯","2026-03-29T17:08:16.000Z","REG_IMAGE_PAINTING_PRICE","397","1.572265625","28.06087875366211"
"cat_MUL_IMAGE_ZOOSCAN_ZOOPLANKTON_2","0.9829044112896456","2","ft","CatBoost 😸","2026-03-29T17:07:21.000Z","MUL_IMAGE_ZOOSCAN_ZOOPLANKTON","278","33.16778564453125","9.141109466552734"
"cat_MUL_IMAGE_ZOOSCAN_ZOOPLANKTON_2","0.9847346522574012","2","all","CatBoost 😸","2026-03-29T17:05:19.000Z","MUL_IMAGE_ZOOSCAN_ZOOPLANKTON","85","33.16778564453125","4.9197235107421875"
"light_REG_IMAGE_LETTERBOXD_MOVIES_1","0.4171843683548528","1","all","LightGBM 💡","2026-03-29T17:02:59.000Z","REG_IMAGE_LETTERBOXD_MOVIES","280","33.16778564453125","4.790630340576172"
"tabm_REG_IMAGE_AMAZON_PACKAGES_1","0.5203586610890147","1","ft","TabM Ⓜ️","2026-03-29T17:02:06.000Z","REG_IMAGE_AMAZON_PACKAGES","277","35.2265625","19.626426696777344"
"light_MUL_IMAGE_ZOOSCAN_ZOOPLANKTON_2","0.9818682279517784","2","ft","LightGBM 💡","2026-03-29T16:59:27.000Z","MUL_IMAGE_ZOOSCAN_ZOOPLANKTON","276","33.16778564453125","7.346275329589844"
"tabm_REG_IMAGE_AMAZON_PACKAGES_1","0.46715804341190936","1","all","TabM Ⓜ️","2026-03-29T16:57:58.000Z","REG_IMAGE_AMAZON_PACKAGES","155","5.30078125","9.782772064208984"
"light_MUL_IMAGE_ZOOSCAN_ZOOPLANKTON_2","0.981476014267758","2","all","LightGBM 💡","2026-03-29T16:57:57.000Z","MUL_IMAGE_ZOOSCAN_ZOOPLANKTON","62","33.16778564453125","3.2184066772460938"
"tabpfnv2_REG_IMAGE_LETTERBOXD_MOVIES_0","0.5056309316260997","0","ft","TabPFN-v2 🤯","2026-03-29T16:54:25.000Z","REG_IMAGE_LETTERBOXD_MOVIES","412","33.16778564453125","10.370338439941406"
"tabpfnv2p5_REG_IMAGE_PAINTING_PRICE_0","0.44830363337813706","0","ft","TabPFN-v2p5 🇩🇪","2026-03-29T16:54:13.000Z","REG_IMAGE_PAINTING_PRICE","633","5.30078125","53.14070510864258"
"tabpfnv2_MUL_IMAGE_ZOOSCAN_ZOOPLANKTON_1","0.9838545410747076","1","ft","TabPFN-v2 🤯","2026-03-29T16:52:21.000Z","MUL_IMAGE_ZOOSCAN_ZOOPLANKTON","256","33.16778564453125","7.539119720458984"
"cat_REG_IMAGE_AMAZON_PACKAGES_1","0.5084454676405998","1","ft","CatBoost 😸","2026-03-29T16:51:46.000Z","REG_IMAGE_AMAZON_PACKAGES","274","26.94140625","19.74963760375977"
"tabpfnv2_MUL_IMAGE_ZOOSCAN_ZOOPLANKTON_1","0.9833151900423271","1","all","TabPFN-v2 🤯","2026-03-29T16:50:35.000Z","MUL_IMAGE_ZOOSCAN_ZOOPLANKTON","73","33.16778564453125","3.4376258850097656"
"cat_REG_IMAGE_AMAZON_PACKAGES_1","0.4451126766305809","1","all","CatBoost 😸","2026-03-29T16:47:19.000Z","REG_IMAGE_AMAZON_PACKAGES","176","1.572265625","9.92829132080078"
"tabpfnv2p5_MUL_IMAGE_ZOOSCAN_ZOOPLANKTON_1","0.987115053867456","1","ft","TabPFN-v2p5 🇩🇪","2026-03-29T16:44:59.000Z","MUL_IMAGE_ZOOSCAN_ZOOPLANKTON","256","33.16778564453125","7.468700408935547"
"tabpfnv2_REG_IMAGE_LETTERBOXD_MOVIES_0","0.4980942818382736","0","all","TabPFN-v2 🤯","2026-03-29T16:44:58.000Z","REG_IMAGE_LETTERBOXD_MOVIES","316","33.16778564453125","5.066032409667969"
"tabpfnv2p5_REG_IMAGE_PAINTING_PRICE_0","0.43523139539908207","0","all","TabPFN-v2p5 🇩🇪","2026-03-29T16:44:21.000Z","REG_IMAGE_PAINTING_PRICE","389","1.572265625","28.12822723388672"
"tabpfnv2p5_MUL_IMAGE_ZOOSCAN_ZOOPLANKTON_1","0.9871153718012726","1","all","TabPFN-v2p5 🇩🇪","2026-03-29T16:43:13.000Z","MUL_IMAGE_ZOOSCAN_ZOOPLANKTON","74","33.16778564453125","3.4110069274902344"
"light_REG_IMAGE_AMAZON_PACKAGES_1","0.4981437484653257","1","ft","LightGBM 💡","2026-03-29T16:41:17.000Z","REG_IMAGE_AMAZON_PACKAGES","270","1.39453125","19.58236312866211"
"tabm_MUL_IMAGE_ZOOSCAN_ZOOPLANKTON_1","0.986825590709542","1","ft","TabM Ⓜ️","2026-03-29T16:37:58.000Z","MUL_IMAGE_ZOOSCAN_ZOOPLANKTON","233","33.16778564453125","7.369258880615234"
"light_REG_IMAGE_AMAZON_PACKAGES_1","0.4062081889451138","1","all","LightGBM 💡","2026-03-29T16:37:20.000Z","REG_IMAGE_AMAZON_PACKAGES","149","5.30078125","9.732994079589844"
"tabpfnv2p5_REG_IMAGE_LETTERBOXD_MOVIES_0","0.519648075855336","0","ft","TabPFN-v2p5 🇩🇪","2026-03-29T16:36:34.000Z","REG_IMAGE_LETTERBOXD_MOVIES","405","33.16778564453125","10.283802032470703"
"tabm_MUL_IMAGE_ZOOSCAN_ZOOPLANKTON_1","0.9852861342895152","1","all","TabM Ⓜ️","2026-03-29T16:36:12.000Z","MUL_IMAGE_ZOOSCAN_ZOOPLANKTON","75","33.16778564453125","3.2657432556152344"
"tabm_REG_IMAGE_PAINTING_PRICE_0","0.451914065671147","0","ft","TabM Ⓜ️","2026-03-29T16:31:52.000Z","REG_IMAGE_PAINTING_PRICE","540","5.314453125","48.52993392944336"
"cat_MUL_IMAGE_ZOOSCAN_ZOOPLANKTON_1","0.983062604790754","1","ft","CatBoost 😸","2026-03-29T16:30:52.000Z","MUL_IMAGE_ZOOSCAN_ZOOPLANKTON","235","33.16778564453125","9.092864990234377"
"tabpfnv2_REG_IMAGE_AMAZON_PACKAGES_0","0.6151335041402111","0","ft","TabPFN-v2 🤯","2026-03-29T16:30:15.000Z","REG_IMAGE_AMAZON_PACKAGES","315","5.26953125","21.453113555908203"
"cat_MUL_IMAGE_ZOOSCAN_ZOOPLANKTON_1","0.9823170532513475","1","all","CatBoost 😸","2026-03-29T16:28:51.000Z","MUL_IMAGE_ZOOSCAN_ZOOPLANKTON","83","33.16778564453125","4.939060211181641"
"tabpfnv2p5_REG_IMAGE_LETTERBOXD_MOVIES_0","0.5104226371929266","0","all","TabPFN-v2p5 🇩🇪","2026-03-29T16:27:08.000Z","REG_IMAGE_LETTERBOXD_MOVIES","312","33.16778564453125","5.081317901611328"
"tabpfnv2_REG_IMAGE_AMAZON_PACKAGES_0","0.5773882340357721","0","all","TabPFN-v2 🤯","2026-03-29T16:25:32.000Z","REG_IMAGE_AMAZON_PACKAGES","174","1.572265625","10.602043151855469"
"light_MUL_IMAGE_ZOOSCAN_ZOOPLANKTON_1","0.9824713692099216","1","ft","LightGBM 💡","2026-03-29T16:23:47.000Z","MUL_IMAGE_ZOOSCAN_ZOOPLANKTON","229","33.16778564453125","7.340240478515625"
"tabm_REG_IMAGE_PAINTING_PRICE_0","0.39830413937028375","0","all","TabM Ⓜ️","2026-03-29T16:23:45.000Z","REG_IMAGE_PAINTING_PRICE","322","1.595703125","25.32974624633789"
"light_MUL_IMAGE_ZOOSCAN_ZOOPLANKTON_1","0.9779818024029404","1","all","LightGBM 💡","2026-03-29T16:22:16.000Z","MUL_IMAGE_ZOOSCAN_ZOOPLANKTON","64","33.16778564453125","3.2569618225097656"
"tabm_REG_IMAGE_LETTERBOXD_MOVIES_0","0.5002121497406993","0","ft","TabM Ⓜ️","2026-03-29T16:19:27.000Z","REG_IMAGE_LETTERBOXD_MOVIES","368","33.16778564453125","9.833465576171877"
"tabpfnv2p5_REG_IMAGE_AMAZON_PACKAGES_0","0.6194593248563572","0","ft","TabPFN-v2p5 🇩🇪","2026-03-29T16:18:48.000Z","REG_IMAGE_AMAZON_PACKAGES","302","5.30078125","21.47277069091797"
"tabpfnv2_MUL_IMAGE_ZOOSCAN_ZOOPLANKTON_0","0.9860670030265684","0","ft","TabPFN-v2 🤯","2026-03-29T16:15:32.000Z","MUL_IMAGE_ZOOSCAN_ZOOPLANKTON","323","33.16778564453125","7.471809387207031"
"tabpfnv2p5_REG_IMAGE_AMAZON_PACKAGES_0","0.5875635330579985","0","all","TabPFN-v2p5 🇩🇪","2026-03-29T16:14:15.000Z","REG_IMAGE_AMAZON_PACKAGES","172","5.30078125","10.646194458007812"
"tabpfnv2_MUL_IMAGE_ZOOSCAN_ZOOPLANKTON_0","0.984841389457668","0","all","TabPFN-v2 🤯","2026-03-29T16:13:46.000Z","MUL_IMAGE_ZOOSCAN_ZOOPLANKTON","76","33.16778564453125","3.3854408264160156"
"cat_REG_IMAGE_PAINTING_PRICE_0","0.3660501935561771","0","ft","CatBoost 😸","2026-03-29T16:11:31.000Z","REG_IMAGE_PAINTING_PRICE","526","5.30078125","48.73200225830078"
"tabm_REG_IMAGE_LETTERBOXD_MOVIES_0","0.48737431758203176","0","all","TabM Ⓜ️","2026-03-29T16:11:03.000Z","REG_IMAGE_LETTERBOXD_MOVIES","280","33.16778564453125","4.773822784423828"
"tabm_REG_IMAGE_AMAZON_PACKAGES_0","0.6035124080077052","0","ft","TabM Ⓜ️","2026-03-29T16:08:17.000Z","REG_IMAGE_AMAZON_PACKAGES","259","1.572265625","20.084815979003903"
"tabpfnv2p5_MUL_IMAGE_ZOOSCAN_ZOOPLANKTON_0","0.9891284504631396","0","ft","TabPFN-v2p5 🇩🇪","2026-03-29T16:07:06.000Z","MUL_IMAGE_ZOOSCAN_ZOOPLANKTON","319","33.16778564453125","7.448017120361328"
"tabpfnv2p5_MUL_IMAGE_ZOOSCAN_ZOOPLANKTON_0","0.988394425082355","0","all","TabPFN-v2p5 🇩🇪","2026-03-29T16:05:26.000Z","MUL_IMAGE_ZOOSCAN_ZOOPLANKTON","75","33.16778564453125","3.3315963745117188"
"tabm_REG_IMAGE_AMAZON_PACKAGES_0","0.5827612462289942","0","all","TabM Ⓜ️","2026-03-29T16:04:09.000Z","REG_IMAGE_AMAZON_PACKAGES","153","1.572265625","9.98740005493164"
"cat_REG_IMAGE_PAINTING_PRICE_0","0.3237211922071189","0","all","CatBoost 😸","2026-03-29T16:03:35.000Z","REG_IMAGE_PAINTING_PRICE","319","1.572265625","25.50333023071289"
"cat_REG_IMAGE_LETTERBOXD_MOVIES_0","0.47030451389413697","0","ft","CatBoost 😸","2026-03-29T16:03:22.000Z","REG_IMAGE_LETTERBOXD_MOVIES","372","33.16778564453125","10.955726623535156"
"tabm_MUL_IMAGE_ZOOSCAN_ZOOPLANKTON_0","0.988831074126369","0","ft","TabM Ⓜ️","2026-03-29T15:59:39.000Z","MUL_IMAGE_ZOOSCAN_ZOOPLANKTON","263","33.16778564453125","7.340614318847656"
"cat_REG_IMAGE_AMAZON_PACKAGES_0","0.5887617856239894","0","ft","CatBoost 😸","2026-03-29T15:58:13.000Z","REG_IMAGE_AMAZON_PACKAGES","261","5.30078125","20.151622772216797"
"tabm_MUL_IMAGE_ZOOSCAN_ZOOPLANKTON_0","0.9865253379702128","0","all","TabM Ⓜ️","2026-03-29T15:57:58.000Z","MUL_IMAGE_ZOOSCAN_ZOOPLANKTON","69","33.16778564453125","3.233680725097656"
"cat_REG_IMAGE_LETTERBOXD_MOVIES_0","0.4626391609025091","0","all","CatBoost 😸","2026-03-29T15:54:47.000Z","REG_IMAGE_LETTERBOXD_MOVIES","291","33.16778564453125","5.869194030761719"
"cat_REG_IMAGE_AMAZON_PACKAGES_0","0.5538854008347461","0","all","CatBoost 😸","2026-03-29T15:54:06.000Z","REG_IMAGE_AMAZON_PACKAGES","153","5.26953125","10.07086944580078"
"cat_MUL_IMAGE_ZOOSCAN_ZOOPLANKTON_0","0.987415420968029","0","ft","CatBoost 😸","2026-03-29T15:52:12.000Z","MUL_IMAGE_ZOOSCAN_ZOOPLANKTON","264","33.16778564453125","9.174446105957031"
"light_REG_IMAGE_PAINTING_PRICE_0","0.3222101884122265","0","ft","LightGBM 💡","2026-03-29T15:51:27.000Z","REG_IMAGE_PAINTING_PRICE","525","5.30078125","48.48598861694336"
"cat_MUL_IMAGE_ZOOSCAN_ZOOPLANKTON_0","0.9841347451318164","0","all","CatBoost 😸","2026-03-29T15:50:11.000Z","MUL_IMAGE_ZOOSCAN_ZOOPLANKTON","86","33.16778564453125","5.035591125488281"
"light_REG_IMAGE_AMAZON_PACKAGES_0","0.568162194501297","0","ft","LightGBM 💡","2026-03-29T15:48:24.000Z","REG_IMAGE_AMAZON_PACKAGES","252","1.572265625","20.038124084472656"
"light_REG_IMAGE_LETTERBOXD_MOVIES_0","0.4583982797792936","0","ft","LightGBM 💡","2026-03-29T15:47:16.000Z","REG_IMAGE_LETTERBOXD_MOVIES","364","33.16778564453125","9.82986068725586"
"light_MUL_IMAGE_ZOOSCAN_ZOOPLANKTON_0","0.982902531318727","0","ft","LightGBM 💡","2026-03-29T15:44:39.000Z","MUL_IMAGE_ZOOSCAN_ZOOPLANKTON","257","33.16778564453125","7.328102111816406"
"light_MUL_IMAGE_ZOOSCAN_ZOOPLANKTON_0","0.9795674976879408","0","all","LightGBM 💡","2026-03-29T15:42:38.000Z","MUL_IMAGE_ZOOSCAN_ZOOPLANKTON","96","33.16778564453125","3.2166595458984375"
"light_REG_IMAGE_AMAZON_PACKAGES_0","0.5244934492382879","0","all","LightGBM 💡","2026-03-29T15:42:37.000Z","REG_IMAGE_AMAZON_PACKAGES","259","1.572265625","9.87399673461914"
"light_REG_IMAGE_PAINTING_PRICE_0","0.30518464926549704","0","all","LightGBM 💡","2026-03-29T15:42:37.000Z","REG_IMAGE_PAINTING_PRICE","376","1.572265625","25.34406280517578"
"light_REG_IMAGE_LETTERBOXD_MOVIES_0","0.47169786824375126","0","all","LightGBM 💡","2026-03-29T15:39:21.000Z","REG_IMAGE_LETTERBOXD_MOVIES","354","33.16778564453125","4.76812744140625"
"tabpfnv2_MUL_IMAGE_CSGO_SKIN_PRICE_4","0.8702684298525611","4","ft","TabPFN-v2 🤯","2026-03-28T23:53:59.000Z","MUL_IMAGE_CSGO_SKIN_PRICE","162","4.9716796875","4.353645324707031"
"tabpfnv2_MUL_IMAGE_CSGO_SKIN_PRICE_4","0.8940285757713939","4","all","TabPFN-v2 🤯","2026-03-28T23:52:23.000Z","MUL_IMAGE_CSGO_SKIN_PRICE","57","1.3017578125","2.680999755859375"
"tabpfnv2p5_MUL_IMAGE_CSGO_SKIN_PRICE_4","0.8722945736434108","4","ft","TabPFN-v2p5 🇩🇪","2026-03-28T23:48:30.000Z","MUL_IMAGE_CSGO_SKIN_PRICE","167","4.9716796875","4.445529937744141"
"tabpfnv2p5_MUL_IMAGE_CSGO_SKIN_PRICE_4","0.9009423924608604","4","all","TabPFN-v2p5 🇩🇪","2026-03-28T23:46:54.000Z","MUL_IMAGE_CSGO_SKIN_PRICE","57","1.3017578125","2.737457275390625"
"tabm_MUL_IMAGE_CSGO_SKIN_PRICE_4","0.8499230886152912","4","ft","TabM Ⓜ️","2026-03-28T23:42:55.000Z","MUL_IMAGE_CSGO_SKIN_PRICE","181","4.9892578125","4.05078125"
"tabm_MUL_IMAGE_CSGO_SKIN_PRICE_4","0.8622243502051985","4","all","TabM Ⓜ️","2026-03-28T23:41:22.000Z","MUL_IMAGE_CSGO_SKIN_PRICE","56","1.3251953125","2.7288894653320312"
"cat_MUL_IMAGE_CSGO_SKIN_PRICE_4","0.8595941632466939","4","ft","CatBoost 😸","2026-03-28T23:36:37.000Z","MUL_IMAGE_CSGO_SKIN_PRICE","209","4.9716796875","4.032955169677734"
"cat_MUL_IMAGE_CSGO_SKIN_PRICE_4","0.8572400060799513","4","all","CatBoost 😸","2026-03-28T23:34:02.000Z","MUL_IMAGE_CSGO_SKIN_PRICE","103","1.3017578125","2.6335411071777344"
"light_MUL_IMAGE_CSGO_SKIN_PRICE_4","0.7909469524243806","4","ft","LightGBM 💡","2026-03-28T23:29:57.000Z","MUL_IMAGE_CSGO_SKIN_PRICE","185","4.9716796875","4.054065704345703"
"light_MUL_IMAGE_CSGO_SKIN_PRICE_4","0.8097321781425748","4","all","LightGBM 💡","2026-03-28T23:28:26.000Z","MUL_IMAGE_CSGO_SKIN_PRICE","55","1.3017578125","2.7367477416992188"
"tabpfnv2_MUL_IMAGE_CSGO_SKIN_PRICE_3","0.8819784161726707","3","ft","TabPFN-v2 🤯","2026-03-28T23:24:25.000Z","MUL_IMAGE_CSGO_SKIN_PRICE","181","4.9716796875","4.346088409423828"
"tabpfnv2_MUL_IMAGE_CSGO_SKIN_PRICE_3","0.8961936464508282","3","all","TabPFN-v2 🤯","2026-03-28T23:22:48.000Z","MUL_IMAGE_CSGO_SKIN_PRICE","57","1.3017578125","2.7544937133789062"
"tabpfnv2p5_MUL_IMAGE_CSGO_SKIN_PRICE_3","0.8786538987688098","3","ft","TabPFN-v2p5 🇩🇪","2026-03-28T23:18:48.000Z","MUL_IMAGE_CSGO_SKIN_PRICE","181","4.9716796875","4.3487396240234375"
"tabpfnv2p5_MUL_IMAGE_CSGO_SKIN_PRICE_3","0.9010402796777623","3","all","TabPFN-v2p5 🇩🇪","2026-03-28T23:17:12.000Z","MUL_IMAGE_CSGO_SKIN_PRICE","58","1.3017578125","2.8464431762695312"
"tabm_MUL_IMAGE_CSGO_SKIN_PRICE_3","0.8651685666514668","3","ft","TabM Ⓜ️","2026-03-28T23:13:30.000Z","MUL_IMAGE_CSGO_SKIN_PRICE","163","4.9892578125","4.128780364990234"
"tabm_MUL_IMAGE_CSGO_SKIN_PRICE_3","0.8209770481836145","3","all","TabM Ⓜ️","2026-03-28T23:11:58.000Z","MUL_IMAGE_CSGO_SKIN_PRICE","54","1.3251953125","2.746044158935547"
"cat_MUL_IMAGE_CSGO_SKIN_PRICE_3","0.8716318589451284","3","ft","CatBoost 😸","2026-03-28T23:07:38.000Z","MUL_IMAGE_CSGO_SKIN_PRICE","184","4.9716796875","4.025012969970703"
"cat_MUL_IMAGE_CSGO_SKIN_PRICE_3","0.8405955312357503","3","all","CatBoost 😸","2026-03-28T23:05:19.000Z","MUL_IMAGE_CSGO_SKIN_PRICE","87","1.3017578125","2.7490501403808594"
"light_MUL_IMAGE_CSGO_SKIN_PRICE_3","0.8458139534883721","3","ft","LightGBM 💡","2026-03-28T23:01:36.000Z","MUL_IMAGE_CSGO_SKIN_PRICE","162","4.9716796875","4.007389068603516"
"light_MUL_IMAGE_CSGO_SKIN_PRICE_3","0.8309335765313877","3","all","LightGBM 💡","2026-03-28T22:59:59.000Z","MUL_IMAGE_CSGO_SKIN_PRICE","56","1.3017578125","2.662036895751953"
"tabpfnv2_MUL_IMAGE_CSGO_SKIN_PRICE_2","0.9089633682930538","2","ft","TabPFN-v2 🤯","2026-03-28T22:56:27.000Z","MUL_IMAGE_CSGO_SKIN_PRICE","150","4.9716796875","4.3166046142578125"
"tabpfnv2_MUL_IMAGE_CSGO_SKIN_PRICE_2","0.9092281501747984","2","all","TabPFN-v2 🤯","2026-03-28T22:54:50.000Z","MUL_IMAGE_CSGO_SKIN_PRICE","58","1.3017578125","2.679729461669922"
"tabpfnv2p5_MUL_IMAGE_CSGO_SKIN_PRICE_2","0.913736434108527","2","ft","TabPFN-v2p5 🇩🇪","2026-03-28T22:51:18.000Z","MUL_IMAGE_CSGO_SKIN_PRICE","146","4.9716796875","4.353363037109375"
"tabpfnv2p5_MUL_IMAGE_CSGO_SKIN_PRICE_2","0.91031007751938","2","all","TabPFN-v2p5 🇩🇪","2026-03-28T22:49:36.000Z","MUL_IMAGE_CSGO_SKIN_PRICE","57","1.3017578125","2.8100509643554688"
"tabm_MUL_IMAGE_CSGO_SKIN_PRICE_2","0.8770855753153974","2","ft","TabM Ⓜ️","2026-03-28T22:45:54.000Z","MUL_IMAGE_CSGO_SKIN_PRICE","165","4.9892578125","3.9569778442382817"
"tabm_MUL_IMAGE_CSGO_SKIN_PRICE_2","0.871734914120687","2","all","TabM Ⓜ️","2026-03-28T22:44:23.000Z","MUL_IMAGE_CSGO_SKIN_PRICE","55","1.3251953125","2.69173812866211"
"cat_MUL_IMAGE_CSGO_SKIN_PRICE_2","0.8807809697522421","2","ft","CatBoost 😸","2026-03-28T22:39:58.000Z","MUL_IMAGE_CSGO_SKIN_PRICE","194","4.9716796875","3.949230194091797"
"cat_MUL_IMAGE_CSGO_SKIN_PRICE_2","0.8699911840705274","2","all","CatBoost 😸","2026-03-28T22:37:34.000Z","MUL_IMAGE_CSGO_SKIN_PRICE","88","1.3017578125","2.666362762451172"
"light_MUL_IMAGE_CSGO_SKIN_PRICE_2","0.8295962912296702","2","ft","LightGBM 💡","2026-03-28T22:33:46.000Z","MUL_IMAGE_CSGO_SKIN_PRICE","164","4.9716796875","4.065681457519531"
"light_MUL_IMAGE_CSGO_SKIN_PRICE_2","0.8133081015351877","2","all","LightGBM 💡","2026-03-28T22:32:15.000Z","MUL_IMAGE_CSGO_SKIN_PRICE","56","1.3017578125","2.5801429748535156"
"tabpfnv2_MUL_IMAGE_CSGO_SKIN_PRICE_1","0.8668703450372396","1","ft","TabPFN-v2 🤯","2026-03-28T22:27:58.000Z","MUL_IMAGE_CSGO_SKIN_PRICE","197","4.9716796875","4.2424774169921875"
"tabpfnv2_MUL_IMAGE_CSGO_SKIN_PRICE_1","0.8938908648730811","1","all","TabPFN-v2 🤯","2026-03-28T22:26:22.000Z","MUL_IMAGE_CSGO_SKIN_PRICE","56","1.3017578125","2.8833770751953125"
"tabpfnv2p5_MUL_IMAGE_CSGO_SKIN_PRICE_1","0.8673293813649492","1","ft","TabPFN-v2p5 🇩🇪","2026-03-28T22:22:07.000Z","MUL_IMAGE_CSGO_SKIN_PRICE","196","4.9716796875","4.376739501953125"
"tabpfnv2p5_MUL_IMAGE_CSGO_SKIN_PRICE_1","0.9052406140750874","1","all","TabPFN-v2p5 🇩🇪","2026-03-28T22:20:30.000Z","MUL_IMAGE_CSGO_SKIN_PRICE","58","1.3017578125","2.8050003051757812"
"tabm_MUL_IMAGE_CSGO_SKIN_PRICE_1","0.8483599331205349","1","ft","TabM Ⓜ️","2026-03-28T22:16:42.000Z","MUL_IMAGE_CSGO_SKIN_PRICE","171","4.9892578125","4.054347991943359"
"tabm_MUL_IMAGE_CSGO_SKIN_PRICE_1","0.8560404316765465","1","all","TabM Ⓜ️","2026-03-28T22:15:10.000Z","MUL_IMAGE_CSGO_SKIN_PRICE","54","1.3251953125","2.5724449157714844"
"cat_MUL_IMAGE_CSGO_SKIN_PRICE_1","0.8801684146526828","1","ft","CatBoost 😸","2026-03-28T22:10:46.000Z","MUL_IMAGE_CSGO_SKIN_PRICE","197","4.9716796875","3.999755859375"
"cat_MUL_IMAGE_CSGO_SKIN_PRICE_1","0.8566244110047119","1","all","CatBoost 😸","2026-03-28T22:08:12.000Z","MUL_IMAGE_CSGO_SKIN_PRICE","102","1.3017578125","2.719226837158203"
"light_MUL_IMAGE_CSGO_SKIN_PRICE_1","0.8326994984040128","1","ft","LightGBM 💡","2026-03-28T22:04:19.000Z","MUL_IMAGE_CSGO_SKIN_PRICE","174","4.9716796875","4.081611633300781"
"light_MUL_IMAGE_CSGO_SKIN_PRICE_1","0.8160732634138927","1","all","LightGBM 💡","2026-03-28T22:02:47.000Z","MUL_IMAGE_CSGO_SKIN_PRICE","55","1.3017578125","2.7612533569335938"
"tabpfnv2_MUL_IMAGE_CSGO_SKIN_PRICE_0","0.9062477580179358","0","ft","TabPFN-v2 🤯","2026-03-28T21:59:12.000Z","MUL_IMAGE_CSGO_SKIN_PRICE","151","4.9716796875","4.392765045166016"
"tabpfnv2_MUL_IMAGE_CSGO_SKIN_PRICE_0","0.9134819881440948","0","all","TabPFN-v2 🤯","2026-03-28T21:57:36.000Z","MUL_IMAGE_CSGO_SKIN_PRICE","57","1.3017578125","2.646221160888672"
"tabpfnv2p5_MUL_IMAGE_CSGO_SKIN_PRICE_0","0.9119230886152913","0","ft","TabPFN-v2p5 🇩🇪","2026-03-28T21:54:03.000Z","MUL_IMAGE_CSGO_SKIN_PRICE","152","4.9716796875","4.418270111083984"
"tabpfnv2p5_MUL_IMAGE_CSGO_SKIN_PRICE_0","0.9220595835233318","0","all","TabPFN-v2p5 🇩🇪","2026-03-28T21:52:31.000Z","MUL_IMAGE_CSGO_SKIN_PRICE","56","1.3017578125","2.62215805053711"
"tabm_MUL_IMAGE_CSGO_SKIN_PRICE_0","0.8562675178598571","0","ft","TabM Ⓜ️","2026-03-28T21:48:42.000Z","MUL_IMAGE_CSGO_SKIN_PRICE","168","4.9892578125","4.0703277587890625"
"tabm_MUL_IMAGE_CSGO_SKIN_PRICE_0","0.7955345797233622","0","all","TabM Ⓜ️","2026-03-28T21:47:11.000Z","MUL_IMAGE_CSGO_SKIN_PRICE","52","1.3232421875","2.707427978515625"
"cat_MUL_IMAGE_CSGO_SKIN_PRICE_0","0.8821504787961697","0","ft","CatBoost 😸","2026-03-28T21:42:41.000Z","MUL_IMAGE_CSGO_SKIN_PRICE","192","4.9716796875","3.95724105834961"
"cat_MUL_IMAGE_CSGO_SKIN_PRICE_0","0.8821492628058977","0","all","CatBoost 😸","2026-03-28T21:40:25.000Z","MUL_IMAGE_CSGO_SKIN_PRICE","85","1.3017578125","2.642860412597656"
"light_MUL_IMAGE_CSGO_SKIN_PRICE_0","0.8619817601459188","0","ft","LightGBM 💡","2026-03-28T21:36:25.000Z","MUL_IMAGE_CSGO_SKIN_PRICE","183","4.9716796875","4.048347473144531"
"light_MUL_IMAGE_CSGO_SKIN_PRICE_0","0.839843137254902","0","all","LightGBM 💡","2026-03-28T21:32:06.000Z","MUL_IMAGE_CSGO_SKIN_PRICE","91","1.3017578125","2.717132568359375"