"Name","test_score","fold","Created","dataset","model","multimodal_state","dino_model","Runtime","train_peak_gpu_gb","train_peak_cpu_gb"
"tabm_REG_IMAGE_AMAZON_BEST_SELLER_2","0.5884311706439457","2","2026-04-08T06:33:22.000Z","REG_IMAGE_AMAZON_BEST_SELLER","TabM Ⓜ️","ft","dino-large","358","17.71270751953125","6.845470428466797"
"tabm_REG_IMAGE_AMAZON_BEST_SELLER_2","0.5884582227717862","2","2026-04-08T06:31:47.000Z","REG_IMAGE_AMAZON_BEST_SELLER","TabM Ⓜ️","all","dino-large","93","3.14825439453125","3.108192443847656"
"cat_REG_IMAGE_AMAZON_BEST_SELLER_2","0.5986500172556102","2","2026-04-08T06:25:46.000Z","REG_IMAGE_AMAZON_BEST_SELLER","CatBoost 😸","ft","dino-large","356","17.69708251953125","6.880584716796875"
"tabpfnv2_REG_IMAGE_AMAZON_BEST_SELLER_4","0.6933831389128832","4","2026-04-08T06:02:22.000Z","REG_IMAGE_AMAZON_BEST_SELLER","TabPFN-v2 🤯","all","dino-large","92","3.12091064453125","3.15213394165039"
"tabm_REG_IMAGE_AMAZON_BEST_SELLER_4","0.6358895612207727","4","2026-04-08T06:00:47.000Z","REG_IMAGE_AMAZON_BEST_SELLER","TabM Ⓜ️","all","dino-large","91","3.14825439453125","3.018096923828125"
"cat_REG_IMAGE_AMAZON_BEST_SELLER_4","0.6852691431427077","4","2026-04-08T05:55:13.000Z","REG_IMAGE_AMAZON_BEST_SELLER","CatBoost 😸","ft","dino-large","327","17.69708251953125","6.741092681884766"
"light_REG_IMAGE_AMAZON_BEST_SELLER_4","0.6584437579926039","4","2026-04-08T05:49:43.000Z","REG_IMAGE_AMAZON_BEST_SELLER","LightGBM 💡","ft","dino-large","322","17.69708251953125","6.6522064208984375"
"tabpfnv2_REG_IMAGE_AMAZON_BEST_SELLER_3","0.6633543284642072","3","2026-04-08T05:43:10.000Z","REG_IMAGE_AMAZON_BEST_SELLER","TabPFN-v2 🤯","ft","dino-large","387","14.01739501953125","7.1131744384765625"
"tabpfnv2_REG_IMAGE_AMAZON_BEST_SELLER_3","0.6624258681552291","3","2026-04-08T05:41:36.000Z","REG_IMAGE_AMAZON_BEST_SELLER","TabPFN-v2 🤯","all","dino-large","92","3.12091064453125","3.2573509216308594"
"light_REG_IMAGE_AMAZON_BEST_SELLER_3","0.5623582814721626","3","2026-04-08T05:40:06.000Z","REG_IMAGE_AMAZON_BEST_SELLER","LightGBM 💡","all","dino-large","86","3.12091064453125","3.1051788330078125"
"tabpfnv2_REG_IMAGE_AMAZON_BEST_SELLER_2","0.5805383044689659","2","2026-04-08T05:33:34.000Z","REG_IMAGE_AMAZON_BEST_SELLER","TabPFN-v2 🤯","ft","dino-large","387","14.01739501953125","7.048728942871094"
"tabpfnv2p5_REG_IMAGE_AMAZON_BEST_SELLER_2","0.603754631653043","2","2026-04-08T05:27:02.000Z","REG_IMAGE_AMAZON_BEST_SELLER","TabPFN-v2p5 🇩🇪","ft","dino-large","385","14.01739501953125","7.0614013671875"
"cat_REG_IMAGE_AMAZON_BEST_SELLER_2","0.5761322193787262","2","2026-04-08T05:25:28.000Z","REG_IMAGE_AMAZON_BEST_SELLER","CatBoost 😸","all","dino-large","89","3.12091064453125","2.991436004638672"
"cat_REG_IMAGE_AMAZON_BEST_SELLER_3","0.6754859984011659","3","2026-04-08T03:35:21.000Z","REG_IMAGE_AMAZON_BEST_SELLER","CatBoost 😸","ft","dino-large","357","17.69708251953125","7.195888519287109"
"tabpfnv2p5_REG_IMAGE_AMAZON_BEST_SELLER_3","0.685469373250066","3","2026-04-08T02:35:31.000Z","REG_IMAGE_AMAZON_BEST_SELLER","TabPFN-v2p5 🇩🇪","ft","dino-large","385","14.01739501953125","7.209110260009766"
"light_REG_IMAGE_AMAZON_BEST_SELLER_2","0.5469580778767578","2","2026-04-08T02:25:17.000Z","REG_IMAGE_AMAZON_BEST_SELLER","LightGBM 💡","ft","dino-large","3954","17.69708251953125","6.7783050537109375"
"tabpfnv2p5_REG_IMAGE_AMAZON_BEST_SELLER_1","0.6615731631693579","1","2026-04-08T02:25:00.000Z","REG_IMAGE_AMAZON_BEST_SELLER","TabPFN-v2p5 🇩🇪","ft","dino-large","387","14.01739501953125","7.085071563720703"
"tabpfnv2_REG_IMAGE_AMAZON_BEST_SELLER_2","0.6231822943412615","2","2026-04-08T01:26:05.000Z","REG_IMAGE_AMAZON_BEST_SELLER","TabPFN-v2 🤯","all","dino-large","92","3.12091064453125","3.1244659423828125"
"cat_REG_IMAGE_AMAZON_BEST_SELLER_4","0.6370806747018765","4","2026-04-08T00:36:09.000Z","REG_IMAGE_AMAZON_BEST_SELLER","CatBoost 😸","all","dino-large","88","3.12091064453125","3.003520965576172"
"tabpfnv2p5_REG_IMAGE_AMAZON_BEST_SELLER_2","0.6380086631497882","2","2026-04-08T00:25:50.000Z","REG_IMAGE_AMAZON_BEST_SELLER","TabPFN-v2p5 🇩🇪","all","dino-large","92","3.12091064453125","3.2031211853027344"
"light_REG_IMAGE_AMAZON_BEST_SELLER_4","0.6137222695784819","4","2026-04-07T23:35:53.000Z","REG_IMAGE_AMAZON_BEST_SELLER","LightGBM 💡","all","dino-large","86","3.12091064453125","3.0821762084960938"
"tabm_REG_IMAGE_AMAZON_BEST_SELLER_4","0.6667606452600647","4","2026-04-07T22:36:58.000Z","REG_IMAGE_AMAZON_BEST_SELLER","TabM Ⓜ️","ft","dino-large","324","17.71270751953125","6.773933410644531"
"tabpfnv2p5_REG_IMAGE_AMAZON_BEST_SELLER_3","0.6997170563209119","3","2026-04-07T22:35:24.000Z","REG_IMAGE_AMAZON_BEST_SELLER","TabPFN-v2p5 🇩🇪","all","dino-large","89","3.12091064453125","3.31024169921875"
"tabpfnv2_REG_IMAGE_AMAZON_BEST_SELLER_1","0.6664941761735934","1","2026-04-07T22:25:09.000Z","REG_IMAGE_AMAZON_BEST_SELLER","TabPFN-v2 🤯","ft","dino-large","380","14.01739501953125","7.042713165283203"
"tabm_REG_IMAGE_AMAZON_BEST_SELLER_3","0.6166991803672282","3","2026-04-07T21:35:24.000Z","REG_IMAGE_AMAZON_BEST_SELLER","TabM Ⓜ️","all","dino-large","89","3.14825439453125","3.1201858520507812"
"tabpfnv2p5_REG_IMAGE_AMAZON_BEST_SELLER_1","0.69220752642146","1","2026-04-07T21:24:53.000Z","REG_IMAGE_AMAZON_BEST_SELLER","TabPFN-v2p5 🇩🇪","all","dino-large","91","3.12091064453125","3.1712379455566406"
"tabpfnv2p5_REG_IMAGE_AMAZON_BEST_SELLER_4","0.6947520894455443","4","2026-04-07T20:41:17.000Z","REG_IMAGE_AMAZON_BEST_SELLER","TabPFN-v2p5 🇩🇪","ft","dino-large","383","14.01739501953125","7.175079345703125"
"tabm_REG_IMAGE_AMAZON_BEST_SELLER_3","0.6478970323861377","3","2026-04-07T20:35:22.000Z","REG_IMAGE_AMAZON_BEST_SELLER","TabM Ⓜ️","ft","dino-large","352","17.71270751953125","6.79107666015625"
"tabpfnv2_REG_IMAGE_AMAZON_BEST_SELLER_1","0.6779969985199212","1","2026-04-07T20:25:01.000Z","REG_IMAGE_AMAZON_BEST_SELLER","TabPFN-v2 🤯","all","dino-large","91","3.12091064453125","3.2501373291015625"
"tabpfnv2_REG_IMAGE_AMAZON_BEST_SELLER_4","0.6750892625594747","4","2026-04-07T19:36:06.000Z","REG_IMAGE_AMAZON_BEST_SELLER","TabPFN-v2 🤯","ft","dino-large","385","14.01739501953125","7.076416015625"
"cat_REG_IMAGE_AMAZON_BEST_SELLER_3","0.6073819026500438","3","2026-04-07T19:34:31.000Z","REG_IMAGE_AMAZON_BEST_SELLER","CatBoost 😸","all","dino-large","89","3.12091064453125","3.183910369873047"
"light_REG_IMAGE_AMAZON_BEST_SELLER_2","0.5437737274931396","2","2026-04-07T19:25:09.000Z","REG_IMAGE_AMAZON_BEST_SELLER","LightGBM 💡","all","dino-large","85","3.12091064453125","3.101085662841797"
"tabpfnv2p5_REG_IMAGE_AMAZON_BEST_SELLER_4","0.716395988270713","4","2026-04-07T18:35:13.000Z","REG_IMAGE_AMAZON_BEST_SELLER","TabPFN-v2p5 🇩🇪","all","dino-large","91","3.12091064453125","3.252849578857422"
"light_REG_IMAGE_AMAZON_BEST_SELLER_3","0.675979151016794","3","2026-04-07T18:29:18.000Z","REG_IMAGE_AMAZON_BEST_SELLER","LightGBM 💡","ft","dino-large","350","17.69708251953125","6.925945281982422"
"tabm_REG_IMAGE_AMAZON_BEST_SELLER_1","0.6626090192335753","1","2026-04-07T18:23:16.000Z","REG_IMAGE_AMAZON_BEST_SELLER","TabM Ⓜ️","ft","dino-large","354","17.71270751953125","6.851966857910156"
"tabm_REG_IMAGE_AMAZON_BEST_SELLER_1","0.6496807353535026","1","2026-04-07T18:21:42.000Z","REG_IMAGE_AMAZON_BEST_SELLER","TabM Ⓜ️","all","dino-large","90","3.14825439453125","3.1091842651367188"
"cat_REG_IMAGE_AMAZON_BEST_SELLER_1","0.6431044491156663","1","2026-04-07T18:15:31.000Z","REG_IMAGE_AMAZON_BEST_SELLER","CatBoost 😸","ft","dino-large","363","17.69708251953125","7.055347442626953"
"cat_REG_IMAGE_AMAZON_BEST_SELLER_1","0.6437336147462478","1","2026-04-07T18:13:56.000Z","REG_IMAGE_AMAZON_BEST_SELLER","CatBoost 😸","all","dino-large","90","3.12091064453125","3.225780487060547"
"light_REG_IMAGE_AMAZON_BEST_SELLER_1","0.6322488169871816","1","2026-04-07T18:08:00.000Z","REG_IMAGE_AMAZON_BEST_SELLER","LightGBM 💡","ft","dino-large","353","17.69708251953125","6.786685943603516"
"light_REG_IMAGE_AMAZON_BEST_SELLER_1","0.6330327809157943","1","2026-04-07T18:06:31.000Z","REG_IMAGE_AMAZON_BEST_SELLER","LightGBM 💡","all","dino-large","86","3.12091064453125","3.111438751220703"
"tabpfnv2_REG_IMAGE_AMAZON_BEST_SELLER_0","0.6720380831015751","0","2026-04-07T17:59:59.000Z","REG_IMAGE_AMAZON_BEST_SELLER","TabPFN-v2 🤯","ft","dino-large","389","14.01739501953125","7.078105926513672"
"tabpfnv2_REG_IMAGE_AMAZON_BEST_SELLER_0","0.7212823382754769","0","2026-04-07T17:58:19.000Z","REG_IMAGE_AMAZON_BEST_SELLER","TabPFN-v2 🤯","all","dino-large","94","3.12091064453125","3.1972923278808594"
"tabpfnv2p5_REG_IMAGE_AMAZON_BEST_SELLER_0","0.6961414683177767","0","2026-04-07T17:51:42.000Z","REG_IMAGE_AMAZON_BEST_SELLER","TabPFN-v2p5 🇩🇪","ft","dino-large","392","14.01739501953125","7.022281646728516"
"tabpfnv2p5_REG_IMAGE_AMAZON_BEST_SELLER_0","0.7427755493187551","0","2026-04-07T17:50:07.000Z","REG_IMAGE_AMAZON_BEST_SELLER","TabPFN-v2p5 🇩🇪","all","dino-large","92","3.12091064453125","3.1727523803710938"
"tabm_REG_IMAGE_AMAZON_BEST_SELLER_0","0.6903528744570855","0","2026-04-07T17:44:38.000Z","REG_IMAGE_AMAZON_BEST_SELLER","TabM Ⓜ️","ft","dino-large","324","17.71270751953125","6.84588623046875"
"tabm_REG_IMAGE_AMAZON_BEST_SELLER_0","0.7011124422118058","0","2026-04-07T17:42:58.000Z","REG_IMAGE_AMAZON_BEST_SELLER","TabM Ⓜ️","all","dino-large","94","3.14825439453125","3.173179626464844"
"cat_REG_IMAGE_AMAZON_BEST_SELLER_0","0.7216060819951702","0","2026-04-07T17:37:34.000Z","REG_IMAGE_AMAZON_BEST_SELLER","CatBoost 😸","ft","dino-large","319","17.69708251953125","7.037815093994141"
"cat_REG_IMAGE_AMAZON_BEST_SELLER_0","0.6661325128334382","0","2026-04-07T17:35:59.000Z","REG_IMAGE_AMAZON_BEST_SELLER","CatBoost 😸","all","dino-large","88","3.12091064453125","3.231487274169922"
"light_REG_IMAGE_AMAZON_BEST_SELLER_0","0.6835940923560835","0","2026-04-07T17:30:40.000Z","REG_IMAGE_AMAZON_BEST_SELLER","LightGBM 💡","ft","dino-large","316","17.69708251953125","6.829669952392578"
"light_REG_IMAGE_AMAZON_BEST_SELLER_0","0.6445357035552723","0","2026-04-07T17:29:10.000Z","REG_IMAGE_AMAZON_BEST_SELLER","LightGBM 💡","all","dino-large","86","3.12091064453125","3.1443862915039062"
"tabpfnv2_BIN_IMAGE_HATEFUL_MEME_4","0.7440939465928752","4","2026-04-07T10:17:17.000Z","BIN_IMAGE_HATEFUL_MEME","TabPFN-v2 🤯","ft","dino-large","1089","15.84161376953125","15.527366638183594"
"light_BIN_IMAGE_HATEFUL_MEME_2","0.7608742810884598","2","2026-04-07T10:08:53.000Z","BIN_IMAGE_HATEFUL_MEME","LightGBM 💡","all","dino-large","410","3.12091064453125","6.7753753662109375"
"tabpfnv2_BIN_IMAGE_HATEFUL_MEME_4","0.7475965735631029","4","2026-04-07T01:30:30.000Z","BIN_IMAGE_HATEFUL_MEME","TabPFN-v2 🤯","all","dino-large","527","3.16949462890625","7.919013977050781"
"tabpfnv2p5_BIN_IMAGE_HATEFUL_MEME_4","0.7622155438331015","4","2026-04-07T01:30:29.000Z","BIN_IMAGE_HATEFUL_MEME","TabPFN-v2p5 🇩🇪","ft","dino-large","1056","15.73590087890625","15.983989715576172"
"tabpfnv2p5_BIN_IMAGE_HATEFUL_MEME_4","0.7570092221734276","4","2026-04-07T01:30:28.000Z","BIN_IMAGE_HATEFUL_MEME","TabPFN-v2p5 🇩🇪","all","dino-large","526","3.16949462890625","7.926506042480469"
"tabm_BIN_IMAGE_HATEFUL_MEME_4","0.761371632954323","4","2026-04-07T01:30:27.000Z","BIN_IMAGE_HATEFUL_MEME","TabM Ⓜ️","all","dino-large","507","3.19683837890625","7.414203643798828"
"cat_BIN_IMAGE_HATEFUL_MEME_4","0.7292606917423717","4","2026-04-07T01:30:27.000Z","BIN_IMAGE_HATEFUL_MEME","CatBoost 😸","ft","dino-large","1046","17.66168212890625","15.032939910888672"
"tabm_BIN_IMAGE_HATEFUL_MEME_4","0.7610859201803165","4","2026-04-07T01:30:27.000Z","BIN_IMAGE_HATEFUL_MEME","TabM Ⓜ️","ft","dino-large","1046","17.67730712890625","15.038410186767578"
"cat_BIN_IMAGE_HATEFUL_MEME_4","0.7395675155157909","4","2026-04-07T01:30:26.000Z","BIN_IMAGE_HATEFUL_MEME","CatBoost 😸","all","dino-large","504","3.16949462890625","7.323036193847656"
"tabpfnv2_BIN_IMAGE_HATEFUL_MEME_3","0.7716123195115369","3","2026-04-07T01:30:25.000Z","BIN_IMAGE_HATEFUL_MEME","TabPFN-v2 🤯","ft","dino-large","1130","15.73590087890625","15.922016143798828"
"light_BIN_IMAGE_HATEFUL_MEME_4","0.719747514563415","4","2026-04-07T01:30:25.000Z","BIN_IMAGE_HATEFUL_MEME","LightGBM 💡","ft","dino-large","1045","17.66168212890625","14.944580078125"
"light_BIN_IMAGE_HATEFUL_MEME_4","0.7242765911291476","4","2026-04-07T01:30:25.000Z","BIN_IMAGE_HATEFUL_MEME","LightGBM 💡","all","dino-large","499","3.16949462890625","7.354461669921875"
"tabpfnv2_BIN_IMAGE_HATEFUL_MEME_3","0.766771075285316","3","2026-04-07T01:30:25.000Z","BIN_IMAGE_HATEFUL_MEME","TabPFN-v2 🤯","all","dino-large","530","3.16949462890625","7.905364990234375"
"tabpfnv2p5_BIN_IMAGE_HATEFUL_MEME_3","0.7843529928413078","3","2026-04-07T01:30:19.000Z","BIN_IMAGE_HATEFUL_MEME","TabPFN-v2p5 🇩🇪","ft","dino-large","1135","15.73590087890625","15.934234619140623"
"tabpfnv2p5_BIN_IMAGE_HATEFUL_MEME_3","0.788842387077317","3","2026-04-07T01:29:28.000Z","BIN_IMAGE_HATEFUL_MEME","TabPFN-v2p5 🇩🇪","all","dino-large","530","3.16949462890625","7.990821838378906"
"tabm_BIN_IMAGE_HATEFUL_MEME_3","0.7908794133364374","3","2026-04-07T01:29:25.000Z","BIN_IMAGE_HATEFUL_MEME","TabM Ⓜ️","ft","dino-large","1048","17.67730712890625","15.048797607421877"
"tabm_BIN_IMAGE_HATEFUL_MEME_3","0.786784196909011","3","2026-04-07T01:29:25.000Z","BIN_IMAGE_HATEFUL_MEME","TabM Ⓜ️","all","dino-large","504","3.19683837890625","7.367984771728516"
"cat_BIN_IMAGE_HATEFUL_MEME_3","0.7596573563102841","3","2026-04-07T01:29:20.000Z","BIN_IMAGE_HATEFUL_MEME","CatBoost 😸","ft","dino-large","1050","17.66168212890625","15.094036102294922"
"cat_BIN_IMAGE_HATEFUL_MEME_3","0.7411865545684944","3","2026-04-07T01:29:13.000Z","BIN_IMAGE_HATEFUL_MEME","CatBoost 😸","all","dino-large","502","3.16949462890625","7.369087219238281"
"light_BIN_IMAGE_HATEFUL_MEME_3","0.762477447209274","3","2026-04-07T01:29:12.000Z","BIN_IMAGE_HATEFUL_MEME","LightGBM 💡","ft","dino-large","1046","17.66168212890625","14.989974975585938"
"light_BIN_IMAGE_HATEFUL_MEME_3","0.7298109533811991","3","2026-04-07T01:29:11.000Z","BIN_IMAGE_HATEFUL_MEME","LightGBM 💡","all","dino-large","498","3.16949462890625","7.373035430908203"
"tabpfnv2_BIN_IMAGE_HATEFUL_MEME_2","0.7669165771609674","2","2026-04-07T01:29:09.000Z","BIN_IMAGE_HATEFUL_MEME","TabPFN-v2 🤯","ft","dino-large","1130","15.73590087890625","15.915164947509766"
"tabpfnv2_BIN_IMAGE_HATEFUL_MEME_2","0.7794588388421226","2","2026-04-07T01:29:08.000Z","BIN_IMAGE_HATEFUL_MEME","TabPFN-v2 🤯","all","dino-large","527","3.16949462890625","7.984958648681641"
"tabpfnv2p5_BIN_IMAGE_HATEFUL_MEME_2","0.7905487272554113","2","2026-04-07T01:29:08.000Z","BIN_IMAGE_HATEFUL_MEME","TabPFN-v2p5 🇩🇪","ft","dino-large","1129","15.73590087890625","15.966434478759766"
"tabpfnv2p5_BIN_IMAGE_HATEFUL_MEME_2","0.8013529028946936","2","2026-04-07T01:29:06.000Z","BIN_IMAGE_HATEFUL_MEME","TabPFN-v2p5 🇩🇪","all","dino-large","527","3.16949462890625","7.973735809326172"
"tabm_BIN_IMAGE_HATEFUL_MEME_2","0.7982021259146777","2","2026-04-07T01:28:59.000Z","BIN_IMAGE_HATEFUL_MEME","TabM Ⓜ️","ft","dino-large","1049","17.67730712890625","14.91048812866211"
"tabm_BIN_IMAGE_HATEFUL_MEME_2","0.7940328358051015","2","2026-04-07T01:28:57.000Z","BIN_IMAGE_HATEFUL_MEME","TabM Ⓜ️","all","dino-large","504","3.19683837890625","7.375312805175781"
"cat_BIN_IMAGE_HATEFUL_MEME_2","0.7647419854921402","2","2026-04-07T01:28:46.000Z","BIN_IMAGE_HATEFUL_MEME","CatBoost 😸","ft","dino-large","1049","17.66168212890625","14.93264389038086"
"cat_BIN_IMAGE_HATEFUL_MEME_2","0.7694985740816187","2","2026-04-07T01:28:37.000Z","BIN_IMAGE_HATEFUL_MEME","CatBoost 😸","all","dino-large","503","3.16949462890625","7.365932464599609"
"light_BIN_IMAGE_HATEFUL_MEME_2","0.7706467161549411","2","2026-04-07T01:28:35.000Z","BIN_IMAGE_HATEFUL_MEME","LightGBM 💡","ft","dino-large","1051","17.66168212890625","14.90361785888672"
"tabpfnv2p5_BIN_IMAGE_HATEFUL_MEME_0","0.7989031804064529","0","2026-04-06T20:13:12.000Z","BIN_IMAGE_HATEFUL_MEME","TabPFN-v2p5 🇩🇪","ft","dino-large","1037","27.42535400390625","15.456062316894531"
"tabpfnv2_BIN_IMAGE_HATEFUL_MEME_1","0.781575229760689","1","2026-04-06T19:38:27.000Z","BIN_IMAGE_HATEFUL_MEME","TabPFN-v2 🤯","ft","dino-large","2078","43.71246337890625","15.510536193847656"
"tabpfnv2_BIN_IMAGE_HATEFUL_MEME_1","0.7653425114152835","1","2026-04-06T19:26:27.000Z","BIN_IMAGE_HATEFUL_MEME","TabPFN-v2 🤯","all","dino-large","717","22.84332275390625","7.483936309814453"
"tabpfnv2p5_BIN_IMAGE_HATEFUL_MEME_1","0.79159898624875","1","2026-04-06T18:52:56.000Z","BIN_IMAGE_HATEFUL_MEME","TabPFN-v2p5 🇩🇪","ft","dino-large","2006","27.5179443359375","15.422618865966797"
"tabpfnv2p5_BIN_IMAGE_HATEFUL_MEME_1","0.7831651684382622","1","2026-04-06T18:41:28.000Z","BIN_IMAGE_HATEFUL_MEME","TabPFN-v2p5 🇩🇪","all","dino-large","682","14.93707275390625","7.441654205322266"
"tabm_BIN_IMAGE_HATEFUL_MEME_1","0.7900011111052323","1","2026-04-06T18:07:37.000Z","BIN_IMAGE_HATEFUL_MEME","TabM Ⓜ️","ft","dino-large","2023","30.66168212890625","14.540630340576172"
"tabm_BIN_IMAGE_HATEFUL_MEME_1","0.7883238713022682","1","2026-04-06T17:56:30.000Z","BIN_IMAGE_HATEFUL_MEME","TabM Ⓜ️","all","dino-large","661","16.03082275390625","6.926609039306641"
"cat_BIN_IMAGE_HATEFUL_MEME_1","0.7768794874101195","1","2026-04-06T17:23:15.000Z","BIN_IMAGE_HATEFUL_MEME","CatBoost 😸","ft","dino-large","1988","30.64605712890625","14.706783294677734"
"cat_BIN_IMAGE_HATEFUL_MEME_1","0.7548848947889164","1","2026-04-06T17:12:55.000Z","BIN_IMAGE_HATEFUL_MEME","CatBoost 😸","all","dino-large","615","11.51910400390625","6.991474151611328"
"light_BIN_IMAGE_HATEFUL_MEME_1","0.7603769292225967","1","2026-04-06T16:43:55.000Z","BIN_IMAGE_HATEFUL_MEME","LightGBM 💡","ft","dino-large","1735","26.78082275390625","14.533878326416016"
"light_BIN_IMAGE_HATEFUL_MEME_1","0.7464087491600574","1","2026-04-06T16:33:39.000Z","BIN_IMAGE_HATEFUL_MEME","LightGBM 💡","all","dino-large","611","16.23199462890625","6.923286437988281"
"tabpfnv2_BIN_IMAGE_HATEFUL_MEME_0","0.7930963328236359","0","2026-04-06T16:06:37.000Z","BIN_IMAGE_HATEFUL_MEME","TabPFN-v2 🤯","ft","dino-large","1617","24.23590087890625","15.482749938964844"
"tabpfnv2_BIN_IMAGE_HATEFUL_MEME_0","0.7756837265411294","0","2026-04-06T15:56:24.000Z","BIN_IMAGE_HATEFUL_MEME","TabPFN-v2 🤯","all","dino-large","607","16.23004150390625","7.508583068847656"
"tabpfnv2p5_BIN_IMAGE_HATEFUL_MEME_0","0.785411188300591","0","2026-04-06T14:33:51.000Z","BIN_IMAGE_HATEFUL_MEME","TabPFN-v2p5 🇩🇪","all","dino-large","645","18.7991943359375","7.446147918701172"
"tabm_BIN_IMAGE_HATEFUL_MEME_0","0.797292077819694","0","2026-04-06T14:02:30.000Z","BIN_IMAGE_HATEFUL_MEME","TabM Ⓜ️","ft","dino-large","1878","34.44293212890625","14.538009643554688"
"tabm_BIN_IMAGE_HATEFUL_MEME_0","0.8010275077909641","0","2026-04-06T13:51:48.000Z","BIN_IMAGE_HATEFUL_MEME","TabM Ⓜ️","all","dino-large","637","19.82769775390625","6.905002593994141"
"cat_BIN_IMAGE_HATEFUL_MEME_0","0.7703186755625632","0","2026-04-06T13:21:35.000Z","BIN_IMAGE_HATEFUL_MEME","CatBoost 😸","ft","dino-large","1808","37.89410400390625","14.771312713623049"
"cat_BIN_IMAGE_HATEFUL_MEME_0","0.7583663578499584","0","2026-04-06T13:11:07.000Z","BIN_IMAGE_HATEFUL_MEME","CatBoost 😸","all","dino-large","624","26.78472900390625","6.955532073974609"
"light_BIN_IMAGE_HATEFUL_MEME_0","0.7545780181057242","0","2026-04-06T12:40:18.000Z","BIN_IMAGE_HATEFUL_MEME","LightGBM 💡","ft","dino-large","1841","41.48590087890625","14.52749252319336"
"light_BIN_IMAGE_HATEFUL_MEME_0","0.7408532229988201","0","2026-04-06T12:30:07.000Z","BIN_IMAGE_HATEFUL_MEME","LightGBM 💡","all","dino-large","607","11.27301025390625","6.920116424560547"
"tabpfnv2p5_MUL_IMAGE_JUSTIN_INSTAGRAM_4","0.9894911168539784","4","2026-04-02T22:32:49.000Z","MUL_IMAGE_JUSTIN_INSTAGRAM","TabPFN-v2p5 🇩🇪","ft","dino-large","2175","14.8291015625","23.62129592895508"
"tabpfnv2_MUL_IMAGE_JUSTIN_INSTAGRAM_4","0.988654358508712","4","2026-04-02T22:32:32.000Z","MUL_IMAGE_JUSTIN_INSTAGRAM","TabPFN-v2 🤯","ft","dino-large","2170","14.8291015625","23.579914093017575"
"tabpfnv2_MUL_IMAGE_GLAUCOMA_SMDG_4","0.9329939065433058","4","2026-04-02T22:02:12.000Z","MUL_IMAGE_GLAUCOMA_SMDG","TabPFN-v2 🤯","ft","dino-large","1612","14.8291015625","24.879955291748047"
"tabpfnv2_MUL_IMAGE_GLAUCOMA_SMDG_4","0.9176000981837188","4","2026-04-02T22:00:27.000Z","MUL_IMAGE_GLAUCOMA_SMDG","TabPFN-v2 🤯","all","dino-large","524","2.6572265625","11.856700897216797"
"tabpfnv2p5_MUL_IMAGE_JUSTIN_INSTAGRAM_3","0.9926805844961706","3","2026-04-02T21:56:06.000Z","MUL_IMAGE_JUSTIN_INSTAGRAM","TabPFN-v2p5 🇩🇪","ft","dino-large","2194","14.8291015625","23.598369598388672"
"tabpfnv2_MUL_IMAGE_JUSTIN_INSTAGRAM_3","0.9930012644890708","3","2026-04-02T21:55:44.000Z","MUL_IMAGE_JUSTIN_INSTAGRAM","TabPFN-v2 🤯","ft","dino-large","2199","14.8291015625","23.62455368041992"
"tabpfnv2p5_MUL_IMAGE_GLAUCOMA_SMDG_4","0.928854944027892","4","2026-04-02T21:54:33.000Z","MUL_IMAGE_GLAUCOMA_SMDG","TabPFN-v2p5 🇩🇪","ft","dino-large","1628","14.8291015625","24.70409393310547"
"tabpfnv2p5_MUL_IMAGE_GLAUCOMA_SMDG_4","0.9410396740528292","4","2026-04-02T21:52:58.000Z","MUL_IMAGE_GLAUCOMA_SMDG","TabPFN-v2p5 🇩🇪","all","dino-large","546","2.6572265625","11.868999481201172"
"tabm_MUL_IMAGE_GLAUCOMA_SMDG_4","0.9274403433296348","4","2026-04-02T21:52:50.000Z","MUL_IMAGE_GLAUCOMA_SMDG","TabM Ⓜ️","ft","dino-large","1412","16.7431640625","22.886531829833984"
"tabm_MUL_IMAGE_GLAUCOMA_SMDG_4","0.925102184520216","4","2026-04-02T21:51:56.000Z","MUL_IMAGE_GLAUCOMA_SMDG","TabM Ⓜ️","all","dino-large","510","2.6845703125","10.784778594970703"
"cat_MUL_IMAGE_GLAUCOMA_SMDG_4","0.9227229174131188","4","2026-04-02T21:51:16.000Z","MUL_IMAGE_GLAUCOMA_SMDG","CatBoost 😸","ft","dino-large","1470","16.7294921875","22.9384765625"
"cat_MUL_IMAGE_GLAUCOMA_SMDG_4","0.9269246517477994","4","2026-04-02T21:50:12.000Z","MUL_IMAGE_GLAUCOMA_SMDG","CatBoost 😸","all","dino-large","524","2.6572265625","10.77617645263672"
"light_MUL_IMAGE_GLAUCOMA_SMDG_4","0.9128391477343204","4","2026-04-02T21:47:22.000Z","MUL_IMAGE_GLAUCOMA_SMDG","LightGBM 💡","ft","dino-large","1491","16.7294921875","23.03127670288086"
"light_MUL_IMAGE_GLAUCOMA_SMDG_4","0.9328399409587766","4","2026-04-02T21:43:34.000Z","MUL_IMAGE_GLAUCOMA_SMDG","LightGBM 💡","all","dino-large","495","2.6572265625","10.779899597167969"
"tabpfnv2_MUL_IMAGE_GLAUCOMA_SMDG_3","0.9605887467744983","3","2026-04-02T21:42:36.000Z","MUL_IMAGE_GLAUCOMA_SMDG","TabPFN-v2 🤯","ft","dino-large","1810","14.8291015625","24.998794555664062"
"tabpfnv2_MUL_IMAGE_GLAUCOMA_SMDG_3","0.9500015775371802","3","2026-04-02T21:42:27.000Z","MUL_IMAGE_GLAUCOMA_SMDG","TabPFN-v2 🤯","all","dino-large","522","2.6572265625","11.867847442626951"
"tabpfnv2p5_MUL_IMAGE_GLAUCOMA_SMDG_3","0.9620495414051552","3","2026-04-02T21:40:01.000Z","MUL_IMAGE_GLAUCOMA_SMDG","TabPFN-v2p5 🇩🇪","ft","dino-large","1796","14.8291015625","24.919105529785156"
"tabpfnv2p5_MUL_IMAGE_GLAUCOMA_SMDG_3","0.952502791921181","3","2026-04-02T21:38:28.000Z","MUL_IMAGE_GLAUCOMA_SMDG","TabPFN-v2p5 🇩🇪","all","dino-large","529","2.6572265625","11.867794036865234"
"tabm_MUL_IMAGE_GLAUCOMA_SMDG_3","0.9647864360256758","3","2026-04-02T21:37:47.000Z","MUL_IMAGE_GLAUCOMA_SMDG","TabM Ⓜ️","ft","dino-large","1355","16.7431640625","22.936988830566406"
"tabm_MUL_IMAGE_GLAUCOMA_SMDG_3","0.9471404503077214","3","2026-04-02T21:35:54.000Z","MUL_IMAGE_GLAUCOMA_SMDG","TabM Ⓜ️","all","dino-large","500","2.6845703125","10.76006317138672"
"cat_MUL_IMAGE_GLAUCOMA_SMDG_3","0.9581859396041986","3","2026-04-02T21:34:57.000Z","MUL_IMAGE_GLAUCOMA_SMDG","CatBoost 😸","ft","dino-large","1639","16.7294921875","22.95897674560547"
"cat_MUL_IMAGE_GLAUCOMA_SMDG_3","0.9447925574672236","3","2026-04-02T21:33:39.000Z","MUL_IMAGE_GLAUCOMA_SMDG","CatBoost 😸","all","dino-large","523","2.6572265625","10.751163482666016"
"light_MUL_IMAGE_GLAUCOMA_SMDG_3","0.9553223239663724","3","2026-04-02T21:33:14.000Z","MUL_IMAGE_GLAUCOMA_SMDG","LightGBM 💡","ft","dino-large","1168","16.7294921875","22.978519439697266"
"light_MUL_IMAGE_GLAUCOMA_SMDG_3","0.9387123556744208","3","2026-04-02T21:31:34.000Z","MUL_IMAGE_GLAUCOMA_SMDG","LightGBM 💡","all","dino-large","500","2.6572265625","10.767677307128906"
"tabpfnv2_MUL_IMAGE_GLAUCOMA_SMDG_2","0.9597400904065342","2","2026-04-02T21:29:39.000Z","MUL_IMAGE_GLAUCOMA_SMDG","TabPFN-v2 🤯","ft","dino-large","1619","14.8291015625","24.763900756835938"
"tabpfnv2_MUL_IMAGE_GLAUCOMA_SMDG_2","0.9336925217434487","2","2026-04-02T21:29:09.000Z","MUL_IMAGE_GLAUCOMA_SMDG","TabPFN-v2 🤯","all","dino-large","511","2.6572265625","11.864269256591797"
"tabpfnv2p5_MUL_IMAGE_GLAUCOMA_SMDG_2","0.9612230652793312","2","2026-04-02T21:27:24.000Z","MUL_IMAGE_GLAUCOMA_SMDG","TabPFN-v2p5 🇩🇪","ft","dino-large","1527","14.8291015625","24.920116424560547"
"tabpfnv2p5_MUL_IMAGE_GLAUCOMA_SMDG_2","0.9495641258178424","2","2026-04-02T21:27:11.000Z","MUL_IMAGE_GLAUCOMA_SMDG","TabPFN-v2p5 🇩🇪","all","dino-large","515","2.6572265625","11.84697723388672"
"tabm_MUL_IMAGE_GLAUCOMA_SMDG_2","0.955065035945777","2","2026-04-02T21:26:50.000Z","MUL_IMAGE_GLAUCOMA_SMDG","TabM Ⓜ️","ft","dino-large","1656","16.7431640625","22.90528106689453"
"tabm_MUL_IMAGE_GLAUCOMA_SMDG_2","0.9447229436498592","2","2026-04-02T21:24:30.000Z","MUL_IMAGE_GLAUCOMA_SMDG","TabM Ⓜ️","all","dino-large","515","2.6845703125","10.778697967529297"
"cat_MUL_IMAGE_GLAUCOMA_SMDG_2","0.9539984942104964","2","2026-04-02T21:22:45.000Z","MUL_IMAGE_GLAUCOMA_SMDG","CatBoost 😸","ft","dino-large","1640","16.7294921875","23.03496551513672"
"cat_MUL_IMAGE_GLAUCOMA_SMDG_2","0.9348497274751908","2","2026-04-02T21:20:45.000Z","MUL_IMAGE_GLAUCOMA_SMDG","CatBoost 😸","all","dino-large","529","2.6572265625","10.785823822021484"
"tabpfnv2p5_MUL_IMAGE_JUSTIN_INSTAGRAM_2","0.9851908788934016","2","2026-04-02T21:19:35.000Z","MUL_IMAGE_JUSTIN_INSTAGRAM","TabPFN-v2p5 🇩🇪","ft","dino-large","2182","14.8291015625","23.65786361694336"
"tabpfnv2_MUL_IMAGE_JUSTIN_INSTAGRAM_2","0.98293054002696","2","2026-04-02T21:19:17.000Z","MUL_IMAGE_JUSTIN_INSTAGRAM","TabPFN-v2 🤯","ft","dino-large","2180","14.8291015625","23.67321014404297"
"light_MUL_IMAGE_GLAUCOMA_SMDG_2","0.9531219364588148","2","2026-04-02T21:19:04.000Z","MUL_IMAGE_GLAUCOMA_SMDG","LightGBM 💡","ft","dino-large","1461","16.7294921875","23.028125762939453"
"light_MUL_IMAGE_GLAUCOMA_SMDG_2","0.9276684297087644","2","2026-04-02T21:18:59.000Z","MUL_IMAGE_GLAUCOMA_SMDG","LightGBM 💡","all","dino-large","487","2.6572265625","10.77399444580078"
"tabpfnv2_MUL_IMAGE_GLAUCOMA_SMDG_1","0.9390659576573328","1","2026-04-02T21:15:56.000Z","MUL_IMAGE_GLAUCOMA_SMDG","TabPFN-v2 🤯","ft","dino-large","1593","14.8291015625","24.78449249267578"
"tabpfnv2_MUL_IMAGE_GLAUCOMA_SMDG_1","0.9048828113422082","1","2026-04-02T21:13:57.000Z","MUL_IMAGE_GLAUCOMA_SMDG","TabPFN-v2 🤯","all","dino-large","519","2.6572265625","11.878948211669922"
"tabpfnv2p5_MUL_IMAGE_GLAUCOMA_SMDG_1","0.9537132929685987","1","2026-04-02T21:13:27.000Z","MUL_IMAGE_GLAUCOMA_SMDG","TabPFN-v2p5 🇩🇪","ft","dino-large","1494","14.8291015625","24.86663055419922"
"tabpfnv2p5_MUL_IMAGE_GLAUCOMA_SMDG_1","0.9231501270973712","1","2026-04-02T21:11:51.000Z","MUL_IMAGE_GLAUCOMA_SMDG","TabPFN-v2p5 🇩🇪","all","dino-large","525","2.6572265625","11.860782623291016"
"tabm_MUL_IMAGE_GLAUCOMA_SMDG_1","0.9466771555365704","1","2026-04-02T21:10:58.000Z","MUL_IMAGE_GLAUCOMA_SMDG","TabM Ⓜ️","ft","dino-large","1434","16.7431640625","22.874053955078125"
"tabm_MUL_IMAGE_GLAUCOMA_SMDG_1","0.9007999398000708","1","2026-04-02T21:10:42.000Z","MUL_IMAGE_GLAUCOMA_SMDG","TabM Ⓜ️","all","dino-large","494","2.6845703125","10.774581909179688"
"cat_MUL_IMAGE_GLAUCOMA_SMDG_1","0.9452837018509838","1","2026-04-02T21:09:30.000Z","MUL_IMAGE_GLAUCOMA_SMDG","CatBoost 😸","ft","dino-large","1318","16.7294921875","22.98010635375977"
"cat_MUL_IMAGE_GLAUCOMA_SMDG_1","0.9037719242752876","1","2026-04-02T21:07:01.000Z","MUL_IMAGE_GLAUCOMA_SMDG","CatBoost 😸","all","dino-large","528","2.6572265625","10.819923400878906"
"light_MUL_IMAGE_GLAUCOMA_SMDG_1","0.9390401404996416","1","2026-04-02T21:06:48.000Z","MUL_IMAGE_GLAUCOMA_SMDG","LightGBM 💡","ft","dino-large","1605","16.7294921875","23.024803161621097"
"light_MUL_IMAGE_GLAUCOMA_SMDG_1","0.905930136319804","1","2026-04-02T21:05:40.000Z","MUL_IMAGE_GLAUCOMA_SMDG","LightGBM 💡","all","dino-large","491","2.6572265625","10.77350616455078"
"tabpfnv2_MUL_IMAGE_GLAUCOMA_SMDG_0","0.9373442644496536","0","2026-04-02T21:04:06.000Z","MUL_IMAGE_GLAUCOMA_SMDG","TabPFN-v2 🤯","ft","dino-large","1214","14.8291015625","24.83129119873047"
"tabpfnv2_MUL_IMAGE_GLAUCOMA_SMDG_0","0.9196614655294948","0","2026-04-02T21:03:08.000Z","MUL_IMAGE_GLAUCOMA_SMDG","TabPFN-v2 🤯","all","dino-large","515","2.6572265625","11.868377685546877"
"tabpfnv2p5_MUL_IMAGE_GLAUCOMA_SMDG_0","0.9532253581918284","0","2026-04-02T21:03:06.000Z","MUL_IMAGE_GLAUCOMA_SMDG","TabPFN-v2p5 🇩🇪","ft","dino-large","1556","14.8291015625","24.753925323486328"
"tabpfnv2p5_MUL_IMAGE_GLAUCOMA_SMDG_0","0.9398318394676064","0","2026-04-02T21:02:25.000Z","MUL_IMAGE_GLAUCOMA_SMDG","TabPFN-v2p5 🇩🇪","all","dino-large","507","2.6572265625","11.851932525634766"
"tabm_MUL_IMAGE_GLAUCOMA_SMDG_0","0.9434144449894996","0","2026-04-02T21:01:54.000Z","MUL_IMAGE_GLAUCOMA_SMDG","TabM Ⓜ️","ft","dino-large","1489","16.7431640625","22.995376586914062"
"tabm_MUL_IMAGE_GLAUCOMA_SMDG_0","0.9271096281560216","0","2026-04-02T21:00:46.000Z","MUL_IMAGE_GLAUCOMA_SMDG","TabM Ⓜ️","all","dino-large","517","2.6845703125","10.781551361083984"
"cat_MUL_IMAGE_GLAUCOMA_SMDG_0","0.9426830455504576","0","2026-04-02T20:59:36.000Z","MUL_IMAGE_GLAUCOMA_SMDG","CatBoost 😸","ft","dino-large","1661","16.7294921875","22.923809051513672"
"cat_MUL_IMAGE_GLAUCOMA_SMDG_0","0.9148342900671552","0","2026-04-02T20:58:22.000Z","MUL_IMAGE_GLAUCOMA_SMDG","CatBoost 😸","all","dino-large","510","2.6572265625","10.769481658935549"
"light_MUL_IMAGE_GLAUCOMA_SMDG_0","0.94076467916965","0","2026-04-02T20:55:50.000Z","MUL_IMAGE_GLAUCOMA_SMDG","LightGBM 💡","ft","dino-large","1389","16.7294921875","22.97393798828125"
"light_MUL_IMAGE_GLAUCOMA_SMDG_0","0.9073123886294584","0","2026-04-02T20:54:57.000Z","MUL_IMAGE_GLAUCOMA_SMDG","LightGBM 💡","all","dino-large","485","2.6572265625","10.776870727539062"
"tabpfnv2_MUL_IMAGE_CBIS_DDSM_4","0.9060691817404845","4","2026-04-02T20:53:35.000Z","MUL_IMAGE_CBIS_DDSM","TabPFN-v2 🤯","ft","dino-large","1186","15.5009765625","4.896450042724609"
"tabpfnv2_MUL_IMAGE_CBIS_DDSM_4","0.8696267644832383","4","2026-04-02T20:52:52.000Z","MUL_IMAGE_CBIS_DDSM","TabPFN-v2 🤯","all","dino-large","669","2.6572265625","2.5720672607421875"
"tabpfnv2p5_MUL_IMAGE_CBIS_DDSM_4","0.9125713448444484","4","2026-04-02T20:51:32.000Z","MUL_IMAGE_CBIS_DDSM","TabPFN-v2p5 🇩🇪","ft","dino-large","1144","15.5009765625","4.909847259521484"
"tabpfnv2p5_MUL_IMAGE_CBIS_DDSM_4","0.8780628941676015","4","2026-04-02T20:51:01.000Z","MUL_IMAGE_CBIS_DDSM","TabPFN-v2p5 🇩🇪","all","dino-large","647","2.6572265625","2.51236343383789"
"tabm_MUL_IMAGE_CBIS_DDSM_4","0.9069113629659068","4","2026-04-02T20:48:32.000Z","MUL_IMAGE_CBIS_DDSM","TabM Ⓜ️","ft","dino-large","1091","17.5439453125","4.878746032714844"
"tabm_MUL_IMAGE_CBIS_DDSM_4","0.8457485238155633","4","2026-04-02T20:48:02.000Z","MUL_IMAGE_CBIS_DDSM","TabM Ⓜ️","all","dino-large","687","2.6826171875","2.4515533447265625"
"cat_MUL_IMAGE_CBIS_DDSM_4","0.8976722577510861","4","2026-04-02T20:46:45.000Z","MUL_IMAGE_CBIS_DDSM","CatBoost 😸","ft","dino-large","1127","17.5302734375","4.994304656982422"
"cat_MUL_IMAGE_CBIS_DDSM_4","0.8325890497072216","4","2026-04-02T20:45:17.000Z","MUL_IMAGE_CBIS_DDSM","CatBoost 😸","all","dino-large","629","2.6572265625","2.6967697143554688"
"light_MUL_IMAGE_CBIS_DDSM_4","0.9033537721155308","4","2026-04-02T20:44:18.000Z","MUL_IMAGE_CBIS_DDSM","LightGBM 💡","ft","dino-large","1081","17.5302734375","4.9286041259765625"
"light_MUL_IMAGE_CBIS_DDSM_4","0.8262167646465559","4","2026-04-02T20:43:43.000Z","MUL_IMAGE_CBIS_DDSM","LightGBM 💡","all","dino-large","584","2.6572265625","2.425952911376953"
"tabpfnv2p5_MUL_IMAGE_JUSTIN_INSTAGRAM_1","0.985903835327658","1","2026-04-02T20:43:25.000Z","MUL_IMAGE_JUSTIN_INSTAGRAM","TabPFN-v2p5 🇩🇪","ft","dino-large","2146","14.8291015625","23.55556869506836"
"tabpfnv2_MUL_IMAGE_JUSTIN_INSTAGRAM_1","0.9850299563210044","1","2026-04-02T20:43:24.000Z","MUL_IMAGE_JUSTIN_INSTAGRAM","TabPFN-v2 🤯","ft","dino-large","2161","14.8291015625","23.53839874267578"
"tabpfnv2_MUL_IMAGE_CBIS_DDSM_3","0.9336833996439752","3","2026-04-02T20:43:13.000Z","MUL_IMAGE_CBIS_DDSM","TabPFN-v2 🤯","ft","dino-large","1185","15.5009765625","4.895343780517578"
"tabpfnv2_MUL_IMAGE_CBIS_DDSM_3","0.9041871554054122","3","2026-04-02T20:42:23.000Z","MUL_IMAGE_CBIS_DDSM","TabPFN-v2 🤯","all","dino-large","625","2.6572265625","2.5354537963867188"
"tabpfnv2p5_MUL_IMAGE_CBIS_DDSM_3","0.940873059663887","3","2026-04-02T20:40:01.000Z","MUL_IMAGE_CBIS_DDSM","TabPFN-v2p5 🇩🇪","ft","dino-large","1239","15.5009765625","4.903522491455078"
"tabpfnv2p5_MUL_IMAGE_CBIS_DDSM_3","0.9096323317982448","3","2026-04-02T20:39:56.000Z","MUL_IMAGE_CBIS_DDSM","TabPFN-v2p5 🇩🇪","all","dino-large","657","2.6572265625","2.5697021484375"
"tabm_MUL_IMAGE_CBIS_DDSM_3","0.9053649843359765","3","2026-04-02T20:39:32.000Z","MUL_IMAGE_CBIS_DDSM","TabM Ⓜ️","ft","dino-large","1125","17.5439453125","4.932502746582031"
"tabm_MUL_IMAGE_CBIS_DDSM_3","0.8980236980852669","3","2026-04-02T20:36:53.000Z","MUL_IMAGE_CBIS_DDSM","TabM Ⓜ️","all","dino-large","589","2.6826171875","2.4508514404296875"
"cat_MUL_IMAGE_CBIS_DDSM_3","0.9151448719016042","3","2026-04-02T20:36:33.000Z","MUL_IMAGE_CBIS_DDSM","CatBoost 😸","ft","dino-large","1095","17.5302734375","4.96441650390625"
"cat_MUL_IMAGE_CBIS_DDSM_3","0.8666888349455268","3","2026-04-02T20:34:01.000Z","MUL_IMAGE_CBIS_DDSM","CatBoost 😸","all","dino-large","609","2.6572265625","2.6339759826660156"
"light_MUL_IMAGE_CBIS_DDSM_3","0.9093703549998716","3","2026-04-02T20:33:34.000Z","MUL_IMAGE_CBIS_DDSM","LightGBM 💡","ft","dino-large","1073","17.5302734375","4.916690826416016"
"light_MUL_IMAGE_CBIS_DDSM_3","0.8363542923530206","3","2026-04-02T20:32:19.000Z","MUL_IMAGE_CBIS_DDSM","LightGBM 💡","all","dino-large","649","2.6572265625","2.461265563964844"
"tabpfnv2_MUL_IMAGE_CBIS_DDSM_2","0.8959363082948008","2","2026-04-02T20:30:33.000Z","MUL_IMAGE_CBIS_DDSM","TabPFN-v2 🤯","ft","dino-large","1075","15.5009765625","4.902984619140625"
"tabpfnv2_MUL_IMAGE_CBIS_DDSM_2","0.889729401643286","2","2026-04-02T20:29:12.000Z","MUL_IMAGE_CBIS_DDSM","TabPFN-v2 🤯","all","dino-large","639","2.6572265625","2.571704864501953"
"tabpfnv2p5_MUL_IMAGE_CBIS_DDSM_2","0.9042895203532492","2","2026-04-02T20:29:11.000Z","MUL_IMAGE_CBIS_DDSM","TabPFN-v2p5 🇩🇪","ft","dino-large","1126","15.5009765625","5.027629852294922"
"tabpfnv2p5_MUL_IMAGE_CBIS_DDSM_2","0.8985488668058614","2","2026-04-02T20:26:41.000Z","MUL_IMAGE_CBIS_DDSM","TabPFN-v2p5 🇩🇪","all","dino-large","606","2.6572265625","2.5551719665527344"
"tabm_MUL_IMAGE_CBIS_DDSM_2","0.8908134844656304","2","2026-04-02T20:26:26.000Z","MUL_IMAGE_CBIS_DDSM","TabM Ⓜ️","ft","dino-large","1124","17.5439453125","4.797153472900391"
"tabm_MUL_IMAGE_CBIS_DDSM_2","0.8796859953260092","2","2026-04-02T20:26:05.000Z","MUL_IMAGE_CBIS_DDSM","TabM Ⓜ️","all","dino-large","623","2.6826171875","2.46194839477539"
"cat_MUL_IMAGE_CBIS_DDSM_2","0.8870905132641578","2","2026-04-02T20:24:43.000Z","MUL_IMAGE_CBIS_DDSM","CatBoost 😸","ft","dino-large","1135","17.5302734375","5.042869567871094"
"cat_MUL_IMAGE_CBIS_DDSM_2","0.8599284370265234","2","2026-04-02T20:23:11.000Z","MUL_IMAGE_CBIS_DDSM","CatBoost 😸","all","dino-large","620","2.6572265625","2.646240234375"
"light_MUL_IMAGE_CBIS_DDSM_2","0.8884552546433325","2","2026-04-02T20:21:20.000Z","MUL_IMAGE_CBIS_DDSM","LightGBM 💡","ft","dino-large","1116","17.5302734375","4.984172821044922"
"light_MUL_IMAGE_CBIS_DDSM_2","0.8454155765312856","2","2026-04-02T20:20:47.000Z","MUL_IMAGE_CBIS_DDSM","LightGBM 💡","all","dino-large","579","2.6572265625","2.4579925537109375"
"tabpfnv2_MUL_IMAGE_CBIS_DDSM_1","0.9329304240639982","1","2026-04-02T20:18:50.000Z","MUL_IMAGE_CBIS_DDSM","TabPFN-v2 🤯","ft","dino-large","1404","15.5009765625","4.898891448974609"
"tabpfnv2_MUL_IMAGE_CBIS_DDSM_1","0.8818416483847062","1","2026-04-02T20:18:02.000Z","MUL_IMAGE_CBIS_DDSM","TabPFN-v2 🤯","all","dino-large","664","2.6572265625","2.55157470703125"
"tabpfnv2p5_MUL_IMAGE_CBIS_DDSM_1","0.9382572372279264","1","2026-04-02T20:17:55.000Z","MUL_IMAGE_CBIS_DDSM","TabPFN-v2p5 🇩🇪","ft","dino-large","1288","15.5009765625","4.961132049560547"
"tabpfnv2p5_MUL_IMAGE_CBIS_DDSM_1","0.8921682090957194","1","2026-04-02T20:16:08.000Z","MUL_IMAGE_CBIS_DDSM","TabPFN-v2p5 🇩🇪","all","dino-large","613","2.6572265625","2.547576904296875"
"tabm_MUL_IMAGE_CBIS_DDSM_1","0.925814518308866","1","2026-04-02T20:16:02.000Z","MUL_IMAGE_CBIS_DDSM","TabM Ⓜ️","ft","dino-large","1075","17.5439453125","4.835990905761719"
"tabm_MUL_IMAGE_CBIS_DDSM_1","0.8794170293686827","1","2026-04-02T20:14:20.000Z","MUL_IMAGE_CBIS_DDSM","TabM Ⓜ️","all","dino-large","616","2.6826171875","2.476970672607422"
"cat_MUL_IMAGE_CBIS_DDSM_1","0.9192785252520204","1","2026-04-02T20:14:04.000Z","MUL_IMAGE_CBIS_DDSM","CatBoost 😸","ft","dino-large","1087","17.5302734375","5.000892639160156"
"cat_MUL_IMAGE_CBIS_DDSM_1","0.8700225485603377","1","2026-04-02T20:06:33.000Z","MUL_IMAGE_CBIS_DDSM","CatBoost 😸","all","dino-large","676","2.6572265625","2.9494400024414062"
"tabpfnv2p5_MUL_IMAGE_JUSTIN_INSTAGRAM_0","0.9910062061870526","0","2026-04-02T20:06:32.000Z","MUL_IMAGE_JUSTIN_INSTAGRAM","TabPFN-v2p5 🇩🇪","ft","dino-large","2202","14.8291015625","23.65920639038086"
"light_MUL_IMAGE_CBIS_DDSM_1","0.9099393851812198","1","2026-04-02T20:06:32.000Z","MUL_IMAGE_CBIS_DDSM","LightGBM 💡","ft","dino-large","1167","17.5302734375","4.912025451660156"
"tabpfnv2_MUL_IMAGE_CBIS_DDSM_0","0.9200069947905952","0","2026-04-02T20:06:32.000Z","MUL_IMAGE_CBIS_DDSM","TabPFN-v2 🤯","ft","dino-large","1351","15.5009765625","5.363533020019531"
"tabpfnv2_MUL_IMAGE_JUSTIN_INSTAGRAM_0","0.9882896020886152","0","2026-04-02T20:06:32.000Z","MUL_IMAGE_JUSTIN_INSTAGRAM","TabPFN-v2 🤯","ft","dino-large","2204","14.8291015625","23.648597717285156"
"light_MUL_IMAGE_CBIS_DDSM_1","0.8541822610230702","1","2026-04-02T20:06:32.000Z","MUL_IMAGE_CBIS_DDSM","LightGBM 💡","all","dino-large","730","2.6572265625","2.478851318359375"
"tabpfnv2_MUL_IMAGE_CBIS_DDSM_0","0.8837124529935101","0","2026-04-02T20:06:31.000Z","MUL_IMAGE_CBIS_DDSM","TabPFN-v2 🤯","all","dino-large","684","2.6572265625","2.646759033203125"
"tabpfnv2p5_MUL_IMAGE_CBIS_DDSM_0","0.884093226511572","0","2026-04-02T20:05:30.000Z","MUL_IMAGE_CBIS_DDSM","TabPFN-v2p5 🇩🇪","all","dino-large","626","2.6572265625","2.744342803955078"
"tabpfnv2p5_MUL_IMAGE_CBIS_DDSM_0","0.9237963815962524","0","2026-04-02T20:05:30.000Z","MUL_IMAGE_CBIS_DDSM","TabPFN-v2p5 🇩🇪","ft","dino-large","1267","15.5009765625","4.922634124755859"
"tabm_MUL_IMAGE_CBIS_DDSM_0","0.9040464848543496","0","2026-04-02T20:05:29.000Z","MUL_IMAGE_CBIS_DDSM","TabM Ⓜ️","ft","dino-large","1057","17.5439453125","4.966075897216797"
"tabm_MUL_IMAGE_CBIS_DDSM_0","0.8718856547145941","0","2026-04-02T20:05:29.000Z","MUL_IMAGE_CBIS_DDSM","TabM Ⓜ️","all","dino-large","635","2.6826171875","2.6468238830566406"
"cat_MUL_IMAGE_CBIS_DDSM_0","0.8919883415398979","0","2026-04-02T20:02:54.000Z","MUL_IMAGE_CBIS_DDSM","CatBoost 😸","ft","dino-large","1066","17.5302734375","5.025058746337891"
"cat_MUL_IMAGE_CBIS_DDSM_0","0.8627811270511824","0","2026-04-02T20:02:54.000Z","MUL_IMAGE_CBIS_DDSM","CatBoost 😸","all","dino-large","665","2.6572265625","2.6579627990722656"
"light_MUL_IMAGE_CBIS_DDSM_0","0.8441734921681628","0","2026-04-02T20:02:50.000Z","MUL_IMAGE_CBIS_DDSM","LightGBM 💡","all","dino-large","682","2.6572265625","2.4788665771484375"
"light_MUL_IMAGE_CBIS_DDSM_0","0.8871980473310764","0","2026-04-02T20:02:50.000Z","MUL_IMAGE_CBIS_DDSM","LightGBM 💡","ft","dino-large","1104","17.5302734375","4.954444885253906"
"tabpfnv2_REG_IMAGE_MKPHOTO_BOTS_4","0.4482453521012997","4","2026-04-02T03:27:39.000Z","REG_IMAGE_MKPHOTO_BOTS","TabPFN-v2 🤯","ft","dino-large","984","14.8291015625","17.592151641845703"
"tabpfnv2_REG_IMAGE_MKPHOTO_BOTS_4","0.4224357639175236","4","2026-04-02T03:23:41.000Z","REG_IMAGE_MKPHOTO_BOTS","TabPFN-v2 🤯","all","dino-large","331","2.6572265625","8.45648193359375"
"tabpfnv2p5_REG_IMAGE_MKPHOTO_BOTS_4","0.4865970969769492","4","2026-04-02T03:19:06.000Z","REG_IMAGE_MKPHOTO_BOTS","TabPFN-v2p5 🇩🇪","ft","dino-large","921","14.8291015625","17.594165802001953"
"tabpfnv2p5_REG_IMAGE_MKPHOTO_BOTS_4","0.4724487316786432","4","2026-04-02T03:14:15.000Z","REG_IMAGE_MKPHOTO_BOTS","TabPFN-v2p5 🇩🇪","all","dino-large","329","2.6572265625","8.485572814941406"
"tabm_REG_IMAGE_MKPHOTO_BOTS_4","0.43779243653065936","4","2026-04-02T03:10:28.000Z","REG_IMAGE_MKPHOTO_BOTS","TabM Ⓜ️","ft","dino-large","844","16.7431640625","16.539505004882812"
"tabm_REG_IMAGE_MKPHOTO_BOTS_4","0.4355376223930229","4","2026-04-02T03:08:36.000Z","REG_IMAGE_MKPHOTO_BOTS","TabM Ⓜ️","all","dino-large","301","2.6826171875","7.776390075683594"
"cat_REG_IMAGE_MKPHOTO_BOTS_4","0.4541068609623615","4","2026-04-02T03:07:47.000Z","REG_IMAGE_MKPHOTO_BOTS","CatBoost 😸","ft","dino-large","945","16.7294921875","16.591026306152344"
"cat_REG_IMAGE_MKPHOTO_BOTS_4","0.38899866146807327","4","2026-04-02T03:05:18.000Z","REG_IMAGE_MKPHOTO_BOTS","CatBoost 😸","all","dino-large","304","2.6572265625","7.813056945800781"
"light_REG_IMAGE_MKPHOTO_BOTS_4","0.40700985692604574","4","2026-04-02T03:04:47.000Z","REG_IMAGE_MKPHOTO_BOTS","LightGBM 💡","ft","dino-large","851","16.7294921875","16.481964111328125"
"light_REG_IMAGE_MKPHOTO_BOTS_4","0.3974067221855361","4","2026-04-02T03:02:48.000Z","REG_IMAGE_MKPHOTO_BOTS","LightGBM 💡","all","dino-large","296","2.6572265625","7.793350219726563"
"tabpfnv2_REG_IMAGE_MKPHOTO_BOTS_3","0.3726377528895277","3","2026-04-02T02:58:41.000Z","REG_IMAGE_MKPHOTO_BOTS","TabPFN-v2 🤯","ft","dino-large","928","14.8291015625","17.669189453125"
"tabpfnv2_REG_IMAGE_MKPHOTO_BOTS_3","0.3370813578985997","3","2026-04-02T02:58:39.000Z","REG_IMAGE_MKPHOTO_BOTS","TabPFN-v2 🤯","all","dino-large","360","2.6572265625","8.433490753173828"
"tabpfnv2p5_REG_IMAGE_MKPHOTO_BOTS_3","0.4035256904145027","3","2026-04-02T02:53:18.000Z","REG_IMAGE_MKPHOTO_BOTS","TabPFN-v2p5 🇩🇪","ft","dino-large","909","14.8291015625","17.714046478271484"
"tabpfnv2p5_REG_IMAGE_MKPHOTO_BOTS_3","0.3674800336621794","3","2026-04-02T02:53:15.000Z","REG_IMAGE_MKPHOTO_BOTS","TabPFN-v2p5 🇩🇪","all","dino-large","328","2.6572265625","8.465164184570312"
"tabm_REG_IMAGE_MKPHOTO_BOTS_3","0.38248061228539165","3","2026-04-02T02:50:58.000Z","REG_IMAGE_MKPHOTO_BOTS","TabM Ⓜ️","ft","dino-large","851","16.7431640625","16.500885009765625"
"tabm_REG_IMAGE_MKPHOTO_BOTS_3","0.3502395816803826","3","2026-04-02T02:49:20.000Z","REG_IMAGE_MKPHOTO_BOTS","TabM Ⓜ️","all","dino-large","307","2.6845703125","7.801628112792969"
"cat_REG_IMAGE_MKPHOTO_BOTS_3","0.42347297313523447","3","2026-04-02T02:48:32.000Z","REG_IMAGE_MKPHOTO_BOTS","CatBoost 😸","ft","dino-large","849","16.7294921875","16.537673950195312"
"cat_REG_IMAGE_MKPHOTO_BOTS_3","0.34455749889401843","3","2026-04-02T02:47:57.000Z","REG_IMAGE_MKPHOTO_BOTS","CatBoost 😸","all","dino-large","316","2.6572265625","7.788967132568359"
"light_REG_IMAGE_MKPHOTO_BOTS_3","0.41732213930009177","3","2026-04-02T02:47:03.000Z","REG_IMAGE_MKPHOTO_BOTS","LightGBM 💡","ft","dino-large","839","16.7294921875","16.495677947998047"
"light_REG_IMAGE_MKPHOTO_BOTS_3","0.3382010094763136","3","2026-04-02T02:42:42.000Z","REG_IMAGE_MKPHOTO_BOTS","LightGBM 💡","all","dino-large","307","2.6572265625","7.767662048339844"
"tabpfnv2_REG_IMAGE_MKPHOTO_BOTS_2","0.3880060966754134","2","2026-04-02T02:42:41.000Z","REG_IMAGE_MKPHOTO_BOTS","TabPFN-v2 🤯","ft","dino-large","950","14.8291015625","17.743961334228516"
"tabpfnv2_REG_IMAGE_MKPHOTO_BOTS_2","0.3612333748331345","2","2026-04-02T02:42:29.000Z","REG_IMAGE_MKPHOTO_BOTS","TabPFN-v2 🤯","all","dino-large","2704","2.6572265625","8.516456604003906"
"tabpfnv2p5_REG_IMAGE_MKPHOTO_BOTS_2","0.4074755809863606","2","2026-04-02T02:41:30.000Z","REG_IMAGE_MKPHOTO_BOTS","TabPFN-v2p5 🇩🇪","ft","dino-large","1021","14.8291015625","17.70865249633789"
"tabpfnv2p5_REG_IMAGE_MKPHOTO_BOTS_2","0.402311032960652","2","2026-04-02T02:41:21.000Z","REG_IMAGE_MKPHOTO_BOTS","TabPFN-v2p5 🇩🇪","all","dino-large","334","2.6572265625","8.503910064697266"
"tabm_REG_IMAGE_MKPHOTO_BOTS_2","0.37671197446098337","2","2026-04-02T02:40:28.000Z","REG_IMAGE_MKPHOTO_BOTS","TabM Ⓜ️","ft","dino-large","760","16.7431640625","16.586429595947266"
"tabm_REG_IMAGE_MKPHOTO_BOTS_2","0.37411086893146495","2","2026-04-02T02:39:22.000Z","REG_IMAGE_MKPHOTO_BOTS","TabM Ⓜ️","all","dino-large","318","2.6845703125","7.796775817871094"
"cat_REG_IMAGE_MKPHOTO_BOTS_2","0.3853742618177245","2","2026-04-02T02:37:35.000Z","REG_IMAGE_MKPHOTO_BOTS","CatBoost 😸","ft","dino-large","795","16.7294921875","16.59511947631836"
"cat_REG_IMAGE_MKPHOTO_BOTS_2","0.3706125010966214","2","2026-04-02T02:37:05.000Z","REG_IMAGE_MKPHOTO_BOTS","CatBoost 😸","all","dino-large","333","2.6572265625","7.812309265136719"
"light_REG_IMAGE_MKPHOTO_BOTS_2","0.3494640581245797","2","2026-04-02T02:36:38.000Z","REG_IMAGE_MKPHOTO_BOTS","LightGBM 💡","ft","dino-large","756","16.7294921875","16.624507904052734"
"light_REG_IMAGE_MKPHOTO_BOTS_2","0.34088388510073797","2","2026-04-02T02:35:52.000Z","REG_IMAGE_MKPHOTO_BOTS","LightGBM 💡","all","dino-large","335","2.6572265625","7.799346923828125"
"tabpfnv2_REG_IMAGE_MKPHOTO_BOTS_1","0.3670473696951726","1","2026-04-02T02:34:16.000Z","REG_IMAGE_MKPHOTO_BOTS","TabPFN-v2 🤯","ft","dino-large","847","14.8291015625","17.620227813720703"
"tabpfnv2_REG_IMAGE_MKPHOTO_BOTS_1","0.3771401639502493","1","2026-04-02T02:34:15.000Z","REG_IMAGE_MKPHOTO_BOTS","TabPFN-v2 🤯","all","dino-large","368","2.6572265625","8.473033905029297"
"tabpfnv2p5_REG_IMAGE_MKPHOTO_BOTS_1","0.4033694693411457","1","2026-04-02T02:33:51.000Z","REG_IMAGE_MKPHOTO_BOTS","TabPFN-v2p5 🇩🇪","ft","dino-large","901","14.8291015625","17.671165466308594"
"tabpfnv2p5_REG_IMAGE_MKPHOTO_BOTS_1","0.4148601362485214","1","2026-04-02T02:33:25.000Z","REG_IMAGE_MKPHOTO_BOTS","TabPFN-v2p5 🇩🇪","all","dino-large","351","2.6572265625","8.429523468017578"
"tabm_REG_IMAGE_MKPHOTO_BOTS_1","0.40379026137495955","1","2026-04-02T02:31:53.000Z","REG_IMAGE_MKPHOTO_BOTS","TabM Ⓜ️","ft","dino-large","861","16.7431640625","16.55270004272461"
"tabm_REG_IMAGE_MKPHOTO_BOTS_1","0.4048969212363168","1","2026-04-02T02:31:17.000Z","REG_IMAGE_MKPHOTO_BOTS","TabM Ⓜ️","all","dino-large","315","2.6845703125","7.776912689208984"
"cat_REG_IMAGE_MKPHOTO_BOTS_1","0.4104149418443499","1","2026-04-02T02:30:08.000Z","REG_IMAGE_MKPHOTO_BOTS","CatBoost 😸","ft","dino-large","873","16.7294921875","16.556262969970703"
"cat_REG_IMAGE_MKPHOTO_BOTS_1","0.36194704894125695","1","2026-04-02T02:28:56.000Z","REG_IMAGE_MKPHOTO_BOTS","CatBoost 😸","all","dino-large","332","2.6572265625","7.814670562744141"
"light_REG_IMAGE_MKPHOTO_BOTS_1","0.4051834929100192","1","2026-04-02T02:28:09.000Z","REG_IMAGE_MKPHOTO_BOTS","LightGBM 💡","ft","dino-large","916","16.7294921875","16.498641967773438"
"light_REG_IMAGE_MKPHOTO_BOTS_1","0.3557504573893949","1","2026-04-02T02:27:59.000Z","REG_IMAGE_MKPHOTO_BOTS","LightGBM 💡","all","dino-large","318","2.6572265625","7.812175750732422"
"tabpfnv2_REG_IMAGE_MKPHOTO_BOTS_0","0.3990431181201172","0","2026-04-02T02:26:30.000Z","REG_IMAGE_MKPHOTO_BOTS","TabPFN-v2 🤯","ft","dino-large","964","14.8291015625","17.638137817382812"
"tabpfnv2_REG_IMAGE_MKPHOTO_BOTS_0","0.35111035255130174","0","2026-04-02T02:26:11.000Z","REG_IMAGE_MKPHOTO_BOTS","TabPFN-v2 🤯","all","dino-large","335","2.6572265625","8.45907211303711"
"tabpfnv2p5_REG_IMAGE_MKPHOTO_BOTS_0","0.4216443470122994","0","2026-04-02T02:25:24.000Z","REG_IMAGE_MKPHOTO_BOTS","TabPFN-v2p5 🇩🇪","ft","dino-large","949","14.8291015625","17.653961181640625"
"tabpfnv2p5_REG_IMAGE_MKPHOTO_BOTS_0","0.4068685490201363","0","2026-04-02T02:24:32.000Z","REG_IMAGE_MKPHOTO_BOTS","TabPFN-v2p5 🇩🇪","all","dino-large","332","2.6572265625","8.481639862060547"
"tabm_REG_IMAGE_MKPHOTO_BOTS_0","0.3860393785675107","0","2026-04-02T02:24:12.000Z","REG_IMAGE_MKPHOTO_BOTS","TabM Ⓜ️","ft","dino-large","798","16.7431640625","16.54135513305664"
"tabm_REG_IMAGE_MKPHOTO_BOTS_0","0.3643496416291728","0","2026-04-02T02:23:36.000Z","REG_IMAGE_MKPHOTO_BOTS","TabM Ⓜ️","all","dino-large","316","2.6845703125","7.775596618652344"
"cat_REG_IMAGE_MKPHOTO_BOTS_0","0.3719575620185366","0","2026-04-02T02:23:26.000Z","REG_IMAGE_MKPHOTO_BOTS","CatBoost 😸","ft","dino-large","813","16.7294921875","16.607646942138672"
"cat_REG_IMAGE_MKPHOTO_BOTS_0","0.3308730002933524","0","2026-04-02T02:22:38.000Z","REG_IMAGE_MKPHOTO_BOTS","CatBoost 😸","all","dino-large","323","2.6572265625","7.783878326416016"
"light_REG_IMAGE_MKPHOTO_BOTS_0","0.37825875352319305","0","2026-04-02T02:21:24.000Z","REG_IMAGE_MKPHOTO_BOTS","LightGBM 💡","ft","dino-large","763","16.7294921875","16.471580505371094"
"light_REG_IMAGE_MKPHOTO_BOTS_0","0.3345034634179511","0","2026-04-02T02:17:08.000Z","REG_IMAGE_MKPHOTO_BOTS","LightGBM 💡","all","dino-large","323","2.6572265625","7.792766571044922"
"tabpfnv2_MUL_IMAGE_PETFINDER_4","0.8755038958174524","4","2026-04-02T02:16:42.000Z","MUL_IMAGE_PETFINDER","TabPFN-v2 🤯","ft","dino-large","1143","14.8486328125","17.27017593383789"
"tabpfnv2_MUL_IMAGE_PETFINDER_4","0.8702315037029178","4","2026-04-02T02:16:29.000Z","MUL_IMAGE_PETFINDER","TabPFN-v2 🤯","all","dino-large","574","2.6884765625","8.43344497680664"
"tabpfnv2p5_MUL_IMAGE_PETFINDER_4","0.8806479578175483","4","2026-04-02T02:16:25.000Z","MUL_IMAGE_PETFINDER","TabPFN-v2p5 🇩🇪","ft","dino-large","1061","14.8486328125","17.2562255859375"
"tabpfnv2p5_MUL_IMAGE_PETFINDER_4","0.8746391061641334","4","2026-04-02T02:15:42.000Z","MUL_IMAGE_PETFINDER","TabPFN-v2p5 🇩🇪","all","dino-large","576","2.6884765625","8.457817077636719"
"tabm_MUL_IMAGE_PETFINDER_4","0.8782577244687012","4","2026-04-02T02:14:57.000Z","MUL_IMAGE_PETFINDER","TabM Ⓜ️","ft","dino-large","975","16.7763671875","16.104137420654297"
"tabm_MUL_IMAGE_PETFINDER_4","0.8709117239730768","4","2026-04-02T02:14:10.000Z","MUL_IMAGE_PETFINDER","TabM Ⓜ️","all","dino-large","548","2.7177734375","7.806392669677734"
"cat_MUL_IMAGE_PETFINDER_4","0.8707695905198602","4","2026-04-02T02:13:41.000Z","MUL_IMAGE_PETFINDER","CatBoost 😸","ft","dino-large","1204","16.7548828125","16.58871841430664"
"cat_MUL_IMAGE_PETFINDER_4","0.8624290486210399","4","2026-04-02T02:11:47.000Z","MUL_IMAGE_PETFINDER","CatBoost 😸","all","dino-large","759","2.6884765625","8.13504409790039"
"light_MUL_IMAGE_PETFINDER_4","0.8613786925550712","4","2026-04-02T02:11:28.000Z","MUL_IMAGE_PETFINDER","LightGBM 💡","ft","dino-large","983","16.7548828125","16.096920013427734"
"light_MUL_IMAGE_PETFINDER_4","0.8501100116324531","4","2026-04-02T02:07:34.000Z","MUL_IMAGE_PETFINDER","LightGBM 💡","all","dino-large","530","2.6884765625","7.815853118896484"
"tabpfnv2_MUL_IMAGE_PETFINDER_3","0.8763342193332515","3","2026-04-02T02:06:02.000Z","MUL_IMAGE_PETFINDER","TabPFN-v2 🤯","ft","dino-large","1080","14.8486328125","16.935203552246094"
"tabpfnv2_MUL_IMAGE_PETFINDER_3","0.8726089803123518","3","2026-04-02T02:05:54.000Z","MUL_IMAGE_PETFINDER","TabPFN-v2 🤯","all","dino-large","580","2.6884765625","8.391914367675781"
"tabpfnv2p5_MUL_IMAGE_PETFINDER_3","0.8815074073395626","3","2026-04-02T02:05:31.000Z","MUL_IMAGE_PETFINDER","TabPFN-v2p5 🇩🇪","ft","dino-large","1077","14.8486328125","16.888259887695312"
"tabpfnv2p5_MUL_IMAGE_PETFINDER_3","0.8786529536595439","3","2026-04-02T02:05:25.000Z","MUL_IMAGE_PETFINDER","TabPFN-v2p5 🇩🇪","all","dino-large","566","2.6884765625","8.323299407958984"
"tabm_MUL_IMAGE_PETFINDER_3","0.8792538549199056","3","2026-04-02T02:04:53.000Z","MUL_IMAGE_PETFINDER","TabM Ⓜ️","ft","dino-large","985","16.7763671875","15.920886993408203"
"tabm_MUL_IMAGE_PETFINDER_3","0.8771227343755965","3","2026-04-02T02:04:38.000Z","MUL_IMAGE_PETFINDER","TabM Ⓜ️","all","dino-large","565","2.7177734375","7.744316101074219"
"cat_MUL_IMAGE_PETFINDER_3","0.8724640527151553","3","2026-04-02T02:04:23.000Z","MUL_IMAGE_PETFINDER","CatBoost 😸","ft","dino-large","1318","16.7548828125","16.411380767822266"
"cat_MUL_IMAGE_PETFINDER_3","0.8654068995214497","3","2026-04-02T02:03:18.000Z","MUL_IMAGE_PETFINDER","CatBoost 😸","all","dino-large","796","2.6884765625","8.021709442138672"
"light_MUL_IMAGE_PETFINDER_3","0.8633107338590571","3","2026-04-02T01:57:10.000Z","MUL_IMAGE_PETFINDER","LightGBM 💡","ft","dino-large","983","16.7548828125","15.916885375976562"
"light_MUL_IMAGE_PETFINDER_3","0.8496631601283573","3","2026-04-02T01:56:54.000Z","MUL_IMAGE_PETFINDER","LightGBM 💡","all","dino-large","535","2.6884765625","7.732975006103516"
"tabpfnv2_MUL_IMAGE_PETFINDER_2","0.8685653489898658","2","2026-04-02T01:55:59.000Z","MUL_IMAGE_PETFINDER","TabPFN-v2 🤯","ft","dino-large","1260","14.8486328125","16.879688262939453"
"tabpfnv2_MUL_IMAGE_PETFINDER_2","0.8648884615072551","2","2026-04-02T01:55:38.000Z","MUL_IMAGE_PETFINDER","TabPFN-v2 🤯","all","dino-large","587","2.6884765625","8.325309753417969"
"tabpfnv2p5_MUL_IMAGE_PETFINDER_2","0.8730753208208213","2","2026-04-02T01:55:22.000Z","MUL_IMAGE_PETFINDER","TabPFN-v2p5 🇩🇪","ft","dino-large","1254","14.8486328125","16.881607055664062"
"tabpfnv2p5_MUL_IMAGE_PETFINDER_2","0.8731796437957158","2","2026-04-02T01:54:36.000Z","MUL_IMAGE_PETFINDER","TabPFN-v2p5 🇩🇪","all","dino-large","583","2.6884765625","8.371875762939453"
"tabm_MUL_IMAGE_PETFINDER_2","0.8755117258126669","2","2026-04-02T01:54:05.000Z","MUL_IMAGE_PETFINDER","TabM Ⓜ️","ft","dino-large","1035","16.7763671875","15.939788818359377"
"tabm_MUL_IMAGE_PETFINDER_2","0.8692062951758184","2","2026-04-02T01:53:54.000Z","MUL_IMAGE_PETFINDER","TabM Ⓜ️","all","dino-large","570","2.7177734375","7.745410919189453"
"cat_MUL_IMAGE_PETFINDER_2","0.8671761826446739","2","2026-04-02T01:51:47.000Z","MUL_IMAGE_PETFINDER","CatBoost 😸","ft","dino-large","1195","16.7548828125","16.412643432617188"
"cat_MUL_IMAGE_PETFINDER_2","0.8620719710900678","2","2026-04-02T01:51:41.000Z","MUL_IMAGE_PETFINDER","CatBoost 😸","all","dino-large","783","2.6884765625","8.201011657714844"
"light_MUL_IMAGE_PETFINDER_2","0.8633035292221134","2","2026-04-02T01:51:02.000Z","MUL_IMAGE_PETFINDER","LightGBM 💡","ft","dino-large","983","16.7548828125","15.933609008789062"
"light_MUL_IMAGE_PETFINDER_2","0.8476719971965587","2","2026-04-02T01:48:10.000Z","MUL_IMAGE_PETFINDER","LightGBM 💡","all","dino-large","533","2.6884765625","7.741672515869141"
"tabpfnv2_MUL_IMAGE_PETFINDER_1","0.8709147380455962","1","2026-04-02T01:47:51.000Z","MUL_IMAGE_PETFINDER","TabPFN-v2 🤯","ft","dino-large","1081","14.8486328125","16.989662170410156"
"tabpfnv2_MUL_IMAGE_PETFINDER_1","0.8644704113881869","1","2026-04-02T01:46:56.000Z","MUL_IMAGE_PETFINDER","TabPFN-v2 🤯","all","dino-large","592","2.6884765625","8.366008758544922"
"tabpfnv2p5_MUL_IMAGE_PETFINDER_1","0.8777357927571225","1","2026-04-02T01:46:40.000Z","MUL_IMAGE_PETFINDER","TabPFN-v2p5 🇩🇪","ft","dino-large","3340","14.8486328125","17.004467010498047"
"tabpfnv2p5_MUL_IMAGE_PETFINDER_1","0.8719066798913527","1","2026-04-02T01:46:16.000Z","MUL_IMAGE_PETFINDER","TabPFN-v2p5 🇩🇪","all","dino-large","576","2.6884765625","8.433578491210938"
"tabm_MUL_IMAGE_PETFINDER_1","0.8731477136458154","1","2026-04-02T01:45:35.000Z","MUL_IMAGE_PETFINDER","TabM Ⓜ️","ft","dino-large","1184","16.7763671875","15.902908325195312"
"tabm_MUL_IMAGE_PETFINDER_1","0.8706533313001146","1","2026-04-02T01:42:31.000Z","MUL_IMAGE_PETFINDER","TabM Ⓜ️","all","dino-large","551","2.7177734375","7.705303192138672"
"cat_MUL_IMAGE_PETFINDER_1","0.8688737183227186","1","2026-04-02T01:40:55.000Z","MUL_IMAGE_PETFINDER","CatBoost 😸","ft","dino-large","1337","16.7548828125","16.428752899169922"
"cat_MUL_IMAGE_PETFINDER_1","0.8633130077687778","1","2026-04-02T01:39:29.000Z","MUL_IMAGE_PETFINDER","CatBoost 😸","all","dino-large","900","2.6884765625","8.115089416503906"
"light_MUL_IMAGE_PETFINDER_1","0.8595268480963103","1","2026-04-02T01:37:18.000Z","MUL_IMAGE_PETFINDER","LightGBM 💡","ft","dino-large","1094","16.7548828125","15.90206527709961"
"light_MUL_IMAGE_PETFINDER_1","0.8536500885558336","1","2026-04-02T01:37:05.000Z","MUL_IMAGE_PETFINDER","LightGBM 💡","all","dino-large","543","2.6884765625","7.720603942871094"
"tabpfnv2_MUL_IMAGE_PETFINDER_0","0.8653116503817543","0","2026-04-02T01:36:46.000Z","MUL_IMAGE_PETFINDER","TabPFN-v2 🤯","ft","dino-large","1105","14.8486328125","17.23611831665039"
"tabpfnv2_MUL_IMAGE_PETFINDER_0","0.8621773651278644","0","2026-04-02T01:36:32.000Z","MUL_IMAGE_PETFINDER","TabPFN-v2 🤯","all","dino-large","616","2.6884765625","8.385746002197266"
"tabpfnv2p5_MUL_IMAGE_PETFINDER_0","0.8702531941047158","0","2026-04-02T01:36:06.000Z","MUL_IMAGE_PETFINDER","TabPFN-v2p5 🇩🇪","ft","dino-large","1069","14.8486328125","17.210311889648438"
"tabpfnv2p5_MUL_IMAGE_PETFINDER_0","0.8669710005277282","0","2026-04-02T01:36:04.000Z","MUL_IMAGE_PETFINDER","TabPFN-v2p5 🇩🇪","all","dino-large","564","2.6884765625","8.378585815429688"
"tabm_MUL_IMAGE_PETFINDER_0","0.8709126590675593","0","2026-04-02T01:32:52.000Z","MUL_IMAGE_PETFINDER","TabM Ⓜ️","ft","dino-large","1084","16.7763671875","16.005996704101562"
"tabm_MUL_IMAGE_PETFINDER_0","0.8648912594370723","0","2026-04-02T01:27:31.000Z","MUL_IMAGE_PETFINDER","TabM Ⓜ️","all","dino-large","549","2.7177734375","7.754444122314453"
"cat_MUL_IMAGE_PETFINDER_0","0.8636821373808551","0","2026-04-02T01:26:08.000Z","MUL_IMAGE_PETFINDER","CatBoost 😸","ft","dino-large","1295","16.7548828125","16.529163360595703"
"cat_MUL_IMAGE_PETFINDER_0","0.8549975118158978","0","2026-04-02T01:25:46.000Z","MUL_IMAGE_PETFINDER","CatBoost 😸","all","dino-large","809","2.6884765625","8.114982604980469"
"light_MUL_IMAGE_PETFINDER_0","0.8536799300633015","0","2026-04-02T01:24:11.000Z","MUL_IMAGE_PETFINDER","LightGBM 💡","ft","dino-large","1091","16.7548828125","15.998023986816406"
"light_MUL_IMAGE_PETFINDER_0","0.8420806469634654","0","2026-04-02T01:23:21.000Z","MUL_IMAGE_PETFINDER","LightGBM 💡","all","dino-large","566","2.6884765625","7.766162872314453"
"tabpfnv2_REG_IMAGE_PAINTING_PRICE_4","0.2849537305018911","4","2026-04-02T01:23:11.000Z","REG_IMAGE_PAINTING_PRICE","TabPFN-v2 🤯","ft","dino-large","1833","14.8466796875","53.2867546081543"
"tabpfnv2_REG_IMAGE_PAINTING_PRICE_4","0.2845560972100184","4","2026-04-02T01:22:38.000Z","REG_IMAGE_PAINTING_PRICE","TabPFN-v2 🤯","all","dino-large","872","2.6884765625","27.73935317993164"
"tabpfnv2p5_REG_IMAGE_PAINTING_PRICE_4","0.3879368217228082","4","2026-04-02T01:21:06.000Z","REG_IMAGE_PAINTING_PRICE","TabPFN-v2p5 🇩🇪","ft","dino-large","1756","14.8466796875","53.33942413330078"
"tabpfnv2p5_REG_IMAGE_PAINTING_PRICE_4","0.39919830915966126","4","2026-04-02T01:21:03.000Z","REG_IMAGE_PAINTING_PRICE","TabPFN-v2p5 🇩🇪","all","dino-large","853","2.6884765625","27.78853225708008"
"tabm_REG_IMAGE_PAINTING_PRICE_4","0.3890194629768835","4","2026-04-02T01:19:46.000Z","REG_IMAGE_PAINTING_PRICE","TabM Ⓜ️","ft","dino-large","1695","16.7744140625","48.647743225097656"
"tabm_REG_IMAGE_PAINTING_PRICE_4","0.29399963378479754","4","2026-04-02T01:14:04.000Z","REG_IMAGE_PAINTING_PRICE","TabM Ⓜ️","all","dino-large","800","2.7138671875","25.230403900146484"
"cat_REG_IMAGE_PAINTING_PRICE_4","0.312690545192589","4","2026-04-02T01:10:29.000Z","REG_IMAGE_PAINTING_PRICE","CatBoost 😸","ft","dino-large","1728","16.7548828125","48.93888854980469"
"cat_REG_IMAGE_PAINTING_PRICE_4","0.3308393892527546","4","2026-04-02T01:10:24.000Z","REG_IMAGE_PAINTING_PRICE","CatBoost 😸","all","dino-large","914","2.6884765625","25.21643447875977"
"light_REG_IMAGE_PAINTING_PRICE_4","0.3035588390655587","4","2026-04-02T01:09:17.000Z","REG_IMAGE_PAINTING_PRICE","LightGBM 💡","ft","dino-large","1597","16.7548828125","48.90879440307617"
"light_REG_IMAGE_PAINTING_PRICE_4","0.30793390675390186","4","2026-04-02T01:09:12.000Z","REG_IMAGE_PAINTING_PRICE","LightGBM 💡","all","dino-large","839","2.6884765625","25.287078857421875"
"tabpfnv2_REG_IMAGE_PAINTING_PRICE_3","0.19265771865943537","3","2026-04-02T01:08:23.000Z","REG_IMAGE_PAINTING_PRICE","TabPFN-v2 🤯","ft","dino-large","1710","14.8466796875","53.12734603881836"
"tabpfnv2_REG_IMAGE_PAINTING_PRICE_3","0.18029496163149727","3","2026-04-02T01:08:05.000Z","REG_IMAGE_PAINTING_PRICE","TabPFN-v2 🤯","all","dino-large","898","2.6884765625","27.653881072998047"
"tabpfnv2p5_REG_IMAGE_PAINTING_PRICE_3","0.29815622952722154","3","2026-04-02T01:07:40.000Z","REG_IMAGE_PAINTING_PRICE","TabPFN-v2p5 🇩🇪","ft","dino-large","1694","14.8466796875","53.226680755615234"
"tabpfnv2p5_REG_IMAGE_PAINTING_PRICE_3","0.38821878118621655","3","2026-04-02T01:06:39.000Z","REG_IMAGE_PAINTING_PRICE","TabPFN-v2p5 🇩🇪","all","dino-large","858","2.6884765625","27.743976593017575"
"tabm_REG_IMAGE_PAINTING_PRICE_3","0.27983542400339023","3","2026-04-02T00:57:28.000Z","REG_IMAGE_PAINTING_PRICE","TabM Ⓜ️","ft","dino-large","1637","16.7744140625","48.706546783447266"
"tabm_REG_IMAGE_PAINTING_PRICE_3","0.377458170210911","3","2026-04-02T00:56:58.000Z","REG_IMAGE_PAINTING_PRICE","TabM Ⓜ️","all","dino-large","801","2.7138671875","25.187744140625"
"cat_REG_IMAGE_PAINTING_PRICE_3","0.21334047764537567","3","2026-04-02T00:56:36.000Z","REG_IMAGE_PAINTING_PRICE","CatBoost 😸","ft","dino-large","1644","16.7548828125","48.730079650878906"
"cat_REG_IMAGE_PAINTING_PRICE_3","0.24960380911986557","3","2026-04-02T00:55:30.000Z","REG_IMAGE_PAINTING_PRICE","CatBoost 😸","all","dino-large","794","2.6884765625","25.18447494506836"
"light_REG_IMAGE_PAINTING_PRICE_3","0.20748542101299072","3","2026-04-02T00:55:15.000Z","REG_IMAGE_PAINTING_PRICE","LightGBM 💡","ft","dino-large","1632","16.7548828125","48.679786682128906"
"light_REG_IMAGE_PAINTING_PRICE_3","0.2928119165984091","3","2026-04-02T00:53:48.000Z","REG_IMAGE_PAINTING_PRICE","LightGBM 💡","all","dino-large","824","2.6884765625","25.217220306396484"
"tabpfnv2_REG_IMAGE_PAINTING_PRICE_2","0.2550132686413702","2","2026-04-02T00:52:55.000Z","REG_IMAGE_PAINTING_PRICE","TabPFN-v2 🤯","ft","dino-large","1680","14.8466796875","53.340850830078125"
"tabpfnv2_REG_IMAGE_PAINTING_PRICE_2","0.2669125329295844","2","2026-04-02T00:52:36.000Z","REG_IMAGE_PAINTING_PRICE","TabPFN-v2 🤯","all","dino-large","940","2.6884765625","27.90195083618164"
"tabpfnv2p5_REG_IMAGE_PAINTING_PRICE_2","0.2884887500627056","2","2026-04-02T00:51:04.000Z","REG_IMAGE_PAINTING_PRICE","TabPFN-v2p5 🇩🇪","ft","dino-large","1711","14.8466796875","53.288387298583984"
"tabpfnv2p5_REG_IMAGE_PAINTING_PRICE_2","0.31846445275328716","2","2026-04-02T00:48:24.000Z","REG_IMAGE_PAINTING_PRICE","TabPFN-v2p5 🇩🇪","all","dino-large","3491","2.6884765625","27.85845947265625"
"tabm_REG_IMAGE_PAINTING_PRICE_2","0.27539102827402584","2","2026-04-02T00:47:03.000Z","REG_IMAGE_PAINTING_PRICE","TabM Ⓜ️","ft","dino-large","1540","16.7744140625","48.579368591308594"
"tabm_REG_IMAGE_PAINTING_PRICE_2","0.3061544935437954","2","2026-04-02T00:43:51.000Z","REG_IMAGE_PAINTING_PRICE","TabM Ⓜ️","all","dino-large","809","2.7138671875","25.121658325195312"
"cat_REG_IMAGE_PAINTING_PRICE_2","0.2930129434726575","2","2026-04-02T00:43:03.000Z","REG_IMAGE_PAINTING_PRICE","CatBoost 😸","ft","dino-large","1498","16.7548828125","48.8172721862793"
"cat_REG_IMAGE_PAINTING_PRICE_2","0.28336804865952936","2","2026-04-02T00:42:53.000Z","REG_IMAGE_PAINTING_PRICE","CatBoost 😸","all","dino-large","815","2.6884765625","25.271629333496097"
"light_REG_IMAGE_PAINTING_PRICE_2","0.26789360044311694","2","2026-04-02T00:42:29.000Z","REG_IMAGE_PAINTING_PRICE","LightGBM 💡","ft","dino-large","1521","16.7548828125","48.55178451538086"
"light_REG_IMAGE_PAINTING_PRICE_2","0.26062397107901647","2","2026-04-02T00:39:29.000Z","REG_IMAGE_PAINTING_PRICE","LightGBM 💡","all","dino-large","776","2.6884765625","25.100753784179688"
"tabpfnv2_REG_IMAGE_PAINTING_PRICE_1","0.26789644018929504","1","2026-04-02T00:38:56.000Z","REG_IMAGE_PAINTING_PRICE","TabPFN-v2 🤯","ft","dino-large","1737","14.8466796875","53.28656768798828"
"tabpfnv2_REG_IMAGE_PAINTING_PRICE_1","0.2788429592703303","1","2026-04-02T00:38:26.000Z","REG_IMAGE_PAINTING_PRICE","TabPFN-v2 🤯","all","dino-large","862","2.6884765625","27.776206970214844"
"tabpfnv2p5_REG_IMAGE_PAINTING_PRICE_1","0.36731575916477144","1","2026-04-02T00:36:13.000Z","REG_IMAGE_PAINTING_PRICE","TabPFN-v2p5 🇩🇪","ft","dino-large","1815","14.8466796875","53.30389404296875"
"tabpfnv2p5_REG_IMAGE_PAINTING_PRICE_1","0.33391297216609717","1","2026-04-02T00:32:28.000Z","REG_IMAGE_PAINTING_PRICE","TabPFN-v2p5 🇩🇪","all","dino-large","865","2.6884765625","27.886810302734375"
"tabm_REG_IMAGE_PAINTING_PRICE_1","0.32238142273706893","1","2026-04-02T00:30:31.000Z","REG_IMAGE_PAINTING_PRICE","TabM Ⓜ️","ft","dino-large","1580","16.7744140625","48.499237060546875"
"tabm_REG_IMAGE_PAINTING_PRICE_1","0.408434234165833","1","2026-04-02T00:29:53.000Z","REG_IMAGE_PAINTING_PRICE","TabM Ⓜ️","all","dino-large","781","2.7138671875","25.271427154541016"
"cat_REG_IMAGE_PAINTING_PRICE_1","0.27507727999922926","1","2026-04-02T00:28:27.000Z","REG_IMAGE_PAINTING_PRICE","CatBoost 😸","ft","dino-large","1597","16.7548828125","48.499881744384766"
"cat_REG_IMAGE_PAINTING_PRICE_1","0.3288027270621804","1","2026-04-02T00:28:26.000Z","REG_IMAGE_PAINTING_PRICE","CatBoost 😸","all","dino-large","833","2.6884765625","25.27248764038086"
"light_REG_IMAGE_PAINTING_PRICE_1","0.29423697918949754","1","2026-04-02T00:26:20.000Z","REG_IMAGE_PAINTING_PRICE","LightGBM 💡","ft","dino-large","1498","16.7548828125","48.66889572143555"
"light_REG_IMAGE_PAINTING_PRICE_1","0.2891898675734188","1","2026-04-02T00:26:13.000Z","REG_IMAGE_PAINTING_PRICE","LightGBM 💡","all","dino-large","789","2.6884765625","25.30697250366211"
"tabpfnv2_REG_IMAGE_PAINTING_PRICE_0","0.3862681211379714","0","2026-04-02T00:25:09.000Z","REG_IMAGE_PAINTING_PRICE","TabPFN-v2 🤯","ft","dino-large","1812","14.8466796875","53.28059387207031"
"tabpfnv2_REG_IMAGE_PAINTING_PRICE_0","0.38038511055583846","0","2026-04-02T00:23:39.000Z","REG_IMAGE_PAINTING_PRICE","TabPFN-v2 🤯","all","dino-large","912","2.6884765625","27.849857330322266"
"tabpfnv2p5_REG_IMAGE_PAINTING_PRICE_0","0.4426346971905074","0","2026-04-02T00:20:37.000Z","REG_IMAGE_PAINTING_PRICE","TabPFN-v2p5 🇩🇪","ft","dino-large","1815","14.8466796875","53.33122634887695"
"tabpfnv2p5_REG_IMAGE_PAINTING_PRICE_0","0.4156770124396584","0","2026-04-02T00:19:33.000Z","REG_IMAGE_PAINTING_PRICE","TabPFN-v2p5 🇩🇪","all","dino-large","994","2.6884765625","27.9095458984375"
"tabm_REG_IMAGE_PAINTING_PRICE_0","0.446671444349365","0","2026-04-02T00:18:13.000Z","REG_IMAGE_PAINTING_PRICE","TabM Ⓜ️","ft","dino-large","1530","16.7744140625","48.87759017944336"
"tabm_REG_IMAGE_PAINTING_PRICE_0","0.3814553295326707","0","2026-04-02T00:17:15.000Z","REG_IMAGE_PAINTING_PRICE","TabM Ⓜ️","all","dino-large","790","2.7138671875","25.18450927734375"
"cat_REG_IMAGE_PAINTING_PRICE_0","0.3694228024258781","0","2026-04-02T00:15:39.000Z","REG_IMAGE_PAINTING_PRICE","CatBoost 😸","ft","dino-large","1549","16.7548828125","48.79931640625"
"cat_REG_IMAGE_PAINTING_PRICE_0","0.3890949268124023","0","2026-04-02T00:13:46.000Z","REG_IMAGE_PAINTING_PRICE","CatBoost 😸","all","dino-large","873","2.6884765625","25.180587768554688"
"light_REG_IMAGE_PAINTING_PRICE_0","0.30073015051709606","0","2026-04-02T00:13:09.000Z","REG_IMAGE_PAINTING_PRICE","LightGBM 💡","ft","dino-large","1505","16.7548828125","48.704341888427734"
"light_REG_IMAGE_PAINTING_PRICE_0","0.3066279123466803","0","2026-04-02T00:11:43.000Z","REG_IMAGE_PAINTING_PRICE","LightGBM 💡","all","dino-large","799","2.6884765625","25.176666259765625"
"tabpfnv2_MUL_IMAGE_JUSTIN_INSTAGRAM_4","0.9720378048141252","4","2026-04-02T00:08:50.000Z","MUL_IMAGE_JUSTIN_INSTAGRAM","TabPFN-v2 🤯","all","dino-large","882","2.6572265625","33.123809814453125"
"tabpfnv2p5_MUL_IMAGE_JUSTIN_INSTAGRAM_4","0.9830036549007812","4","2026-04-02T00:06:55.000Z","MUL_IMAGE_JUSTIN_INSTAGRAM","TabPFN-v2p5 🇩🇪","all","dino-large","814","2.6572265625","33.14866256713867"
"tabm_MUL_IMAGE_JUSTIN_INSTAGRAM_4","0.9872530262642036","4","2026-04-02T00:05:14.000Z","MUL_IMAGE_JUSTIN_INSTAGRAM","TabM Ⓜ️","ft","dino-large","1626","16.7451171875","58.89632797241211"
"tabm_MUL_IMAGE_JUSTIN_INSTAGRAM_4","0.9814094460310252","4","2026-04-02T00:04:26.000Z","MUL_IMAGE_JUSTIN_INSTAGRAM","TabM Ⓜ️","all","dino-large","763","2.6845703125","30.000171661376953"
"cat_MUL_IMAGE_JUSTIN_INSTAGRAM_4","0.98709441658513","4","2026-04-02T00:03:22.000Z","MUL_IMAGE_JUSTIN_INSTAGRAM","CatBoost 😸","ft","dino-large","1579","16.7294921875","58.969852447509766"
"cat_MUL_IMAGE_JUSTIN_INSTAGRAM_4","0.9745636447081928","4","2026-04-02T00:03:15.000Z","MUL_IMAGE_JUSTIN_INSTAGRAM","CatBoost 😸","all","dino-large","736","2.6572265625","30.036785125732425"
"light_MUL_IMAGE_JUSTIN_INSTAGRAM_4","0.9830720631181464","4","2026-04-02T00:00:13.000Z","MUL_IMAGE_JUSTIN_INSTAGRAM","LightGBM 💡","ft","dino-large","1554","16.7294921875","58.94490051269531"
"light_MUL_IMAGE_JUSTIN_INSTAGRAM_4","0.9795211339889932","4","2026-04-01T23:59:25.000Z","MUL_IMAGE_JUSTIN_INSTAGRAM","LightGBM 💡","all","dino-large","733","2.6572265625","30.237060546875"
"tabpfnv2_MUL_IMAGE_JUSTIN_INSTAGRAM_3","0.9606448821848916","3","2026-04-01T23:55:45.000Z","MUL_IMAGE_JUSTIN_INSTAGRAM","TabPFN-v2 🤯","all","dino-large","812","2.6572265625","33.07273483276367"
"tabpfnv2p5_MUL_IMAGE_JUSTIN_INSTAGRAM_3","0.9644579164899576","3","2026-04-01T23:54:31.000Z","MUL_IMAGE_JUSTIN_INSTAGRAM","TabPFN-v2p5 🇩🇪","all","dino-large","844","2.6572265625","33.03910827636719"
"tabm_MUL_IMAGE_JUSTIN_INSTAGRAM_3","0.988582462355053","3","2026-04-01T23:53:23.000Z","MUL_IMAGE_JUSTIN_INSTAGRAM","TabM Ⓜ️","ft","dino-large","1559","16.7451171875","58.8495979309082"
"tabm_MUL_IMAGE_JUSTIN_INSTAGRAM_3","0.9584478594613504","3","2026-04-01T23:51:57.000Z","MUL_IMAGE_JUSTIN_INSTAGRAM","TabM Ⓜ️","all","dino-large","741","2.6845703125","30.104503631591797"
"cat_MUL_IMAGE_JUSTIN_INSTAGRAM_3","0.9882790401245634","3","2026-04-01T23:51:38.000Z","MUL_IMAGE_JUSTIN_INSTAGRAM","CatBoost 😸","ft","dino-large","3395","16.7275390625","58.39997863769531"
"cat_MUL_IMAGE_JUSTIN_INSTAGRAM_3","0.9589329071784668","3","2026-04-01T23:51:14.000Z","MUL_IMAGE_JUSTIN_INSTAGRAM","CatBoost 😸","all","dino-large","723","2.6572265625","30.214271545410156"
"light_MUL_IMAGE_JUSTIN_INSTAGRAM_3","0.9893762753385952","3","2026-04-01T23:50:49.000Z","MUL_IMAGE_JUSTIN_INSTAGRAM","LightGBM 💡","ft","dino-large","1635","16.7294921875","58.84223937988281"
"light_MUL_IMAGE_JUSTIN_INSTAGRAM_3","0.9573649816962928","3","2026-04-01T23:48:46.000Z","MUL_IMAGE_JUSTIN_INSTAGRAM","LightGBM 💡","all","dino-large","681","2.6572265625","30.227863311767575"
"tabpfnv2_MUL_IMAGE_JUSTIN_INSTAGRAM_2","0.9733318924922753","2","2026-04-01T23:43:06.000Z","MUL_IMAGE_JUSTIN_INSTAGRAM","TabPFN-v2 🤯","all","dino-large","752","2.6572265625","33.12883377075195"
"tabpfnv2p5_MUL_IMAGE_JUSTIN_INSTAGRAM_2","0.980007538983094","2","2026-04-01T23:41:20.000Z","MUL_IMAGE_JUSTIN_INSTAGRAM","TabPFN-v2p5 🇩🇪","all","dino-large","779","2.6572265625","33.090457916259766"
"tabm_MUL_IMAGE_JUSTIN_INSTAGRAM_2","0.9830621062788264","2","2026-04-01T23:40:06.000Z","MUL_IMAGE_JUSTIN_INSTAGRAM","TabM Ⓜ️","ft","dino-large","1700","16.7451171875","59.16522216796875"
"tabm_MUL_IMAGE_JUSTIN_INSTAGRAM_2","0.979703160012679","2","2026-04-01T23:39:31.000Z","MUL_IMAGE_JUSTIN_INSTAGRAM","TabM Ⓜ️","all","dino-large","694","2.6845703125","30.169445037841797"
"cat_MUL_IMAGE_JUSTIN_INSTAGRAM_2","0.9814057725673055","2","2026-04-01T23:39:03.000Z","MUL_IMAGE_JUSTIN_INSTAGRAM","CatBoost 😸","ft","dino-large","1559","16.7294921875","59.12063217163086"
"cat_MUL_IMAGE_JUSTIN_INSTAGRAM_2","0.97266919939791","2","2026-04-01T23:37:59.000Z","MUL_IMAGE_JUSTIN_INSTAGRAM","CatBoost 😸","all","dino-large","761","2.6572265625","30.18688583374023"
"light_MUL_IMAGE_JUSTIN_INSTAGRAM_2","0.980550866603424","2","2026-04-01T23:37:51.000Z","MUL_IMAGE_JUSTIN_INSTAGRAM","LightGBM 💡","ft","dino-large","1511","16.7294921875","59.14334487915039"
"light_MUL_IMAGE_JUSTIN_INSTAGRAM_2","0.9721777502852478","2","2026-04-01T23:37:12.000Z","MUL_IMAGE_JUSTIN_INSTAGRAM","LightGBM 💡","all","dino-large","687","2.6572265625","30.16379165649414"
"tabpfnv2_MUL_IMAGE_JUSTIN_INSTAGRAM_1","0.9612973671251284","1","2026-04-01T23:33:58.000Z","MUL_IMAGE_JUSTIN_INSTAGRAM","TabPFN-v2 🤯","all","dino-large","783","2.6572265625","33.29508590698242"
"tabpfnv2p5_MUL_IMAGE_JUSTIN_INSTAGRAM_1","0.9681007711339448","1","2026-04-01T23:30:11.000Z","MUL_IMAGE_JUSTIN_INSTAGRAM","TabPFN-v2p5 🇩🇪","all","dino-large","766","2.6572265625","33.15349578857422"
"tabm_MUL_IMAGE_JUSTIN_INSTAGRAM_1","0.9832886474772052","1","2026-04-01T23:28:33.000Z","MUL_IMAGE_JUSTIN_INSTAGRAM","TabM Ⓜ️","ft","dino-large","1618","16.7451171875","58.854217529296875"
"tabm_MUL_IMAGE_JUSTIN_INSTAGRAM_1","0.9630115849998008","1","2026-04-01T23:27:32.000Z","MUL_IMAGE_JUSTIN_INSTAGRAM","TabM Ⓜ️","all","dino-large","744","2.6845703125","30.12902069091797"
"cat_MUL_IMAGE_JUSTIN_INSTAGRAM_1","0.9803821151617328","1","2026-04-01T23:26:21.000Z","MUL_IMAGE_JUSTIN_INSTAGRAM","CatBoost 😸","ft","dino-large","1612","16.7294921875","58.832176208496094"
"cat_MUL_IMAGE_JUSTIN_INSTAGRAM_1","0.9557831302598688","1","2026-04-01T23:25:36.000Z","MUL_IMAGE_JUSTIN_INSTAGRAM","CatBoost 😸","all","dino-large","734","2.6572265625","30.231792449951172"
"light_MUL_IMAGE_JUSTIN_INSTAGRAM_1","0.9798258826551158","1","2026-04-01T23:23:46.000Z","MUL_IMAGE_JUSTIN_INSTAGRAM","LightGBM 💡","ft","dino-large","1678","16.7294921875","58.754398345947266"
"light_MUL_IMAGE_JUSTIN_INSTAGRAM_1","0.955670640077066","1","2026-04-01T23:22:59.000Z","MUL_IMAGE_JUSTIN_INSTAGRAM","LightGBM 💡","all","dino-large","727","2.6572265625","30.04645538330078"
"tabpfnv2_MUL_IMAGE_JUSTIN_INSTAGRAM_0","0.9603292853108708","0","2026-04-01T23:20:53.000Z","MUL_IMAGE_JUSTIN_INSTAGRAM","TabPFN-v2 🤯","all","dino-large","775","2.6572265625","33.22022247314453"
"tabpfnv2p5_MUL_IMAGE_JUSTIN_INSTAGRAM_0","0.9693687723533384","0","2026-04-01T23:17:28.000Z","MUL_IMAGE_JUSTIN_INSTAGRAM","TabPFN-v2p5 🇩🇪","all","dino-large","753","2.6572265625","33.003028869628906"
"tabm_MUL_IMAGE_JUSTIN_INSTAGRAM_0","0.986941658201554","0","2026-04-01T23:16:22.000Z","MUL_IMAGE_JUSTIN_INSTAGRAM","TabM Ⓜ️","ft","dino-large","1524","16.7451171875","58.6546516418457"
"tabm_MUL_IMAGE_JUSTIN_INSTAGRAM_0","0.947127163988504","0","2026-04-01T23:16:00.000Z","MUL_IMAGE_JUSTIN_INSTAGRAM","TabM Ⓜ️","all","dino-large","743","2.6845703125","30.046348571777344"
"cat_MUL_IMAGE_JUSTIN_INSTAGRAM_0","0.9850752695304192","0","2026-04-01T23:14:03.000Z","MUL_IMAGE_JUSTIN_INSTAGRAM","CatBoost 😸","ft","dino-large","1555","16.7294921875","58.66609191894531"
"cat_MUL_IMAGE_JUSTIN_INSTAGRAM_0","0.9573588503910224","0","2026-04-01T23:12:42.000Z","MUL_IMAGE_JUSTIN_INSTAGRAM","CatBoost 😸","all","dino-large","764","2.6572265625","30.005088806152344"
"light_MUL_IMAGE_JUSTIN_INSTAGRAM_0","0.9870169481033146","0","2026-04-01T23:11:31.000Z","MUL_IMAGE_JUSTIN_INSTAGRAM","LightGBM 💡","ft","dino-large","1530","16.7294921875","58.68769836425781"
"light_MUL_IMAGE_JUSTIN_INSTAGRAM_0","0.9509533664380818","0","2026-04-01T23:10:43.000Z","MUL_IMAGE_JUSTIN_INSTAGRAM","LightGBM 💡","all","dino-large","727","2.6572265625","29.98166275024414"
"tabpfnv2_MUL_IMAGE_HUBMAP_HPA_4","0.9814232860889138","4","2026-04-01T23:10:02.000Z","MUL_IMAGE_HUBMAP_HPA","TabPFN-v2 🤯","ft","dino-large","1734","14.8486328125","24.67739486694336"
"tabpfnv2_MUL_IMAGE_HUBMAP_HPA_4","0.9564448688641456","4","2026-04-01T23:05:14.000Z","MUL_IMAGE_HUBMAP_HPA","TabPFN-v2 🤯","all","dino-large","724","2.6884765625","12.175670623779297"
"tabpfnv2p5_MUL_IMAGE_HUBMAP_HPA_4","0.98453973514135","4","2026-04-01T23:01:45.000Z","MUL_IMAGE_HUBMAP_HPA","TabPFN-v2p5 🇩🇪","ft","dino-large","1753","14.8486328125","24.722457885742188"
"tabpfnv2p5_MUL_IMAGE_HUBMAP_HPA_4","0.9699534060472336","4","2026-04-01T23:01:22.000Z","MUL_IMAGE_HUBMAP_HPA","TabPFN-v2p5 🇩🇪","all","dino-large","673","2.6884765625","12.142433166503906"
"tabm_MUL_IMAGE_HUBMAP_HPA_4","0.9779807369158476","4","2026-04-01T23:00:28.000Z","MUL_IMAGE_HUBMAP_HPA","TabM Ⓜ️","ft","dino-large","1543","16.7763671875","22.979942321777344"
"tabm_MUL_IMAGE_HUBMAP_HPA_4","0.9704623695963324","4","2026-04-01T22:59:27.000Z","MUL_IMAGE_HUBMAP_HPA","TabM Ⓜ️","all","dino-large","629","2.7158203125","11.10300064086914"
"cat_MUL_IMAGE_HUBMAP_HPA_4","0.9710978041761128","4","2026-04-01T22:58:26.000Z","MUL_IMAGE_HUBMAP_HPA","CatBoost 😸","ft","dino-large","1736","16.7548828125","22.6715087890625"
"cat_MUL_IMAGE_HUBMAP_HPA_4","0.954982048411104","4","2026-04-01T22:55:55.000Z","MUL_IMAGE_HUBMAP_HPA","CatBoost 😸","all","dino-large","879","2.6884765625","11.111385345458984"
"light_MUL_IMAGE_HUBMAP_HPA_4","0.9619430725678274","4","2026-04-01T22:55:51.000Z","MUL_IMAGE_HUBMAP_HPA","LightGBM 💡","ft","dino-large","1575","16.7548828125","22.947593688964844"
"light_MUL_IMAGE_HUBMAP_HPA_4","0.9428387497987114","4","2026-04-01T22:54:46.000Z","MUL_IMAGE_HUBMAP_HPA","LightGBM 💡","all","dino-large","622","2.6884765625","11.091438293457031"
"tabpfnv2_MUL_IMAGE_HUBMAP_HPA_3","0.9781452242875224","3","2026-04-01T22:51:07.000Z","MUL_IMAGE_HUBMAP_HPA","TabPFN-v2 🤯","ft","dino-large","1848","14.8486328125","24.568321228027344"
"tabpfnv2_MUL_IMAGE_HUBMAP_HPA_3","0.9526130199638588","3","2026-04-01T22:50:24.000Z","MUL_IMAGE_HUBMAP_HPA","TabPFN-v2 🤯","all","dino-large","672","2.6884765625","12.173324584960938"
"tabpfnv2p5_MUL_IMAGE_HUBMAP_HPA_3","0.9812754827232648","3","2026-04-01T22:50:00.000Z","MUL_IMAGE_HUBMAP_HPA","TabPFN-v2p5 🇩🇪","ft","dino-large","1843","14.8486328125","24.753631591796875"
"tabpfnv2p5_MUL_IMAGE_HUBMAP_HPA_3","0.9672878062755424","3","2026-04-01T22:49:09.000Z","MUL_IMAGE_HUBMAP_HPA","TabPFN-v2p5 🇩🇪","all","dino-large","654","2.6884765625","12.1689453125"
"tabm_MUL_IMAGE_HUBMAP_HPA_3","0.9747385053065374","3","2026-04-01T22:46:51.000Z","MUL_IMAGE_HUBMAP_HPA","TabM Ⓜ️","ft","dino-large","1741","16.7763671875","22.978740692138672"
"tabm_MUL_IMAGE_HUBMAP_HPA_3","0.967279919509731","3","2026-04-01T22:45:23.000Z","MUL_IMAGE_HUBMAP_HPA","TabM Ⓜ️","all","dino-large","624","2.7158203125","11.11709976196289"
"cat_MUL_IMAGE_HUBMAP_HPA_3","0.9689518699257018","3","2026-04-01T22:44:02.000Z","MUL_IMAGE_HUBMAP_HPA","CatBoost 😸","ft","dino-large","1796","16.7548828125","22.999217987060547"
"cat_MUL_IMAGE_HUBMAP_HPA_3","0.9527753468106812","3","2026-04-01T22:44:01.000Z","MUL_IMAGE_HUBMAP_HPA","CatBoost 😸","all","dino-large","860","2.6884765625","11.02545166015625"
"light_MUL_IMAGE_HUBMAP_HPA_3","0.960793498350496","3","2026-04-01T22:43:56.000Z","MUL_IMAGE_HUBMAP_HPA","LightGBM 💡","ft","dino-large","1647","16.7548828125","22.916973114013672"
"light_MUL_IMAGE_HUBMAP_HPA_3","0.942787956738336","3","2026-04-01T22:43:37.000Z","MUL_IMAGE_HUBMAP_HPA","LightGBM 💡","all","dino-large","660","2.6884765625","11.083290100097656"
"tabpfnv2_MUL_IMAGE_HUBMAP_HPA_2","0.9772812065153176","2","2026-04-01T22:43:22.000Z","MUL_IMAGE_HUBMAP_HPA","TabPFN-v2 🤯","ft","dino-large","2220","14.8486328125","24.68954086303711"
"tabpfnv2_MUL_IMAGE_HUBMAP_HPA_2","0.9605479590636194","2","2026-04-01T22:39:13.000Z","MUL_IMAGE_HUBMAP_HPA","TabPFN-v2 🤯","all","dino-large","663","2.6884765625","12.17483901977539"
"tabpfnv2p5_MUL_IMAGE_HUBMAP_HPA_2","0.979152288248952","2","2026-04-01T22:39:01.000Z","MUL_IMAGE_HUBMAP_HPA","TabPFN-v2p5 🇩🇪","ft","dino-large","2235","14.8486328125","24.654991149902344"
"tabpfnv2p5_MUL_IMAGE_HUBMAP_HPA_2","0.9702320022953742","2","2026-04-01T22:33:05.000Z","MUL_IMAGE_HUBMAP_HPA","TabPFN-v2p5 🇩🇪","all","dino-large","645","2.6884765625","12.161758422851562"
"tabm_MUL_IMAGE_HUBMAP_HPA_2","0.9754636279601938","2","2026-04-01T22:32:58.000Z","MUL_IMAGE_HUBMAP_HPA","TabM Ⓜ️","ft","dino-large","1643","16.7763671875","22.940284729003903"
"tabm_MUL_IMAGE_HUBMAP_HPA_2","0.9692324509494104","2","2026-04-01T22:32:42.000Z","MUL_IMAGE_HUBMAP_HPA","TabM Ⓜ️","all","dino-large","634","2.7158203125","11.080516815185549"
"cat_MUL_IMAGE_HUBMAP_HPA_2","0.9725282260735042","2","2026-04-01T22:30:24.000Z","MUL_IMAGE_HUBMAP_HPA","CatBoost 😸","ft","dino-large","1737","16.7548828125","23.006977081298828"
"cat_MUL_IMAGE_HUBMAP_HPA_2","0.9543207828165594","2","2026-04-01T22:29:21.000Z","MUL_IMAGE_HUBMAP_HPA","CatBoost 😸","all","dino-large","872","2.6884765625","11.10976791381836"
"light_MUL_IMAGE_HUBMAP_HPA_2","0.9660927327105312","2","2026-04-01T22:27:41.000Z","MUL_IMAGE_HUBMAP_HPA","LightGBM 💡","ft","dino-large","1615","16.7548828125","22.939002990722656"
"light_MUL_IMAGE_HUBMAP_HPA_2","0.9445850507345712","2","2026-04-01T22:22:37.000Z","MUL_IMAGE_HUBMAP_HPA","LightGBM 💡","all","dino-large","620","2.6884765625","11.057025909423828"
"tabpfnv2_MUL_IMAGE_HUBMAP_HPA_1","0.9810484875375206","1","2026-04-01T22:21:47.000Z","MUL_IMAGE_HUBMAP_HPA","TabPFN-v2 🤯","ft","dino-large","1752","14.8486328125","24.730487823486328"
"tabpfnv2_MUL_IMAGE_HUBMAP_HPA_1","0.9574010943728244","1","2026-04-01T22:20:31.000Z","MUL_IMAGE_HUBMAP_HPA","TabPFN-v2 🤯","all","dino-large","668","2.6884765625","12.149967193603516"
"tabpfnv2p5_MUL_IMAGE_HUBMAP_HPA_1","0.983990163034424","1","2026-04-01T22:20:10.000Z","MUL_IMAGE_HUBMAP_HPA","TabPFN-v2p5 🇩🇪","ft","dino-large","1732","14.8486328125","24.789142608642575"
"tabpfnv2p5_MUL_IMAGE_HUBMAP_HPA_1","0.9699304160968554","1","2026-04-01T22:19:03.000Z","MUL_IMAGE_HUBMAP_HPA","TabPFN-v2p5 🇩🇪","all","dino-large","674","2.6884765625","12.138587951660156"
"tabm_MUL_IMAGE_HUBMAP_HPA_1","0.9749940326533976","1","2026-04-01T22:18:34.000Z","MUL_IMAGE_HUBMAP_HPA","TabM Ⓜ️","ft","dino-large","1876","16.7763671875","22.992435455322266"
"tabm_MUL_IMAGE_HUBMAP_HPA_1","0.9702386190204466","1","2026-04-01T22:15:56.000Z","MUL_IMAGE_HUBMAP_HPA","TabM Ⓜ️","all","dino-large","624","2.7158203125","11.089351654052734"
"cat_MUL_IMAGE_HUBMAP_HPA_1","0.970521879445576","1","2026-04-01T22:14:00.000Z","MUL_IMAGE_HUBMAP_HPA","CatBoost 😸","ft","dino-large","1883","16.7548828125","22.975757598876953"
"cat_MUL_IMAGE_HUBMAP_HPA_1","0.954376271527378","1","2026-04-01T22:13:36.000Z","MUL_IMAGE_HUBMAP_HPA","CatBoost 😸","all","dino-large","858","2.6884765625","11.076412200927734"
"light_MUL_IMAGE_HUBMAP_HPA_1","0.96157543082499","1","2026-04-01T22:12:59.000Z","MUL_IMAGE_HUBMAP_HPA","LightGBM 💡","ft","dino-large","1829","16.7548828125","22.650959014892575"
"light_MUL_IMAGE_HUBMAP_HPA_1","0.9432772354184084","1","2026-04-01T22:11:13.000Z","MUL_IMAGE_HUBMAP_HPA","LightGBM 💡","all","dino-large","609","2.6884765625","11.07126235961914"
"tabpfnv2_MUL_IMAGE_HUBMAP_HPA_0","0.9807229044903688","0","2026-04-01T22:11:09.000Z","MUL_IMAGE_HUBMAP_HPA","TabPFN-v2 🤯","ft","dino-large","1978","14.8486328125","24.780067443847656"
"tabpfnv2_MUL_IMAGE_HUBMAP_HPA_0","0.9565926427415846","0","2026-04-01T22:10:26.000Z","MUL_IMAGE_HUBMAP_HPA","TabPFN-v2 🤯","all","dino-large","677","2.6884765625","12.169647216796877"
"tabpfnv2p5_MUL_IMAGE_HUBMAP_HPA_0","0.9834583703825434","0","2026-04-01T22:09:48.000Z","MUL_IMAGE_HUBMAP_HPA","TabPFN-v2p5 🇩🇪","ft","dino-large","2046","14.8486328125","24.780208587646484"
"tabpfnv2p5_MUL_IMAGE_HUBMAP_HPA_0","0.9690278243646376","0","2026-04-01T22:09:05.000Z","MUL_IMAGE_HUBMAP_HPA","TabPFN-v2p5 🇩🇪","all","dino-large","657","2.6884765625","12.169967651367188"
"tabm_MUL_IMAGE_HUBMAP_HPA_0","0.9760040487125234","0","2026-04-01T22:07:57.000Z","MUL_IMAGE_HUBMAP_HPA","TabM Ⓜ️","ft","dino-large","1857","16.7763671875","23.09026336669922"
"tabm_MUL_IMAGE_HUBMAP_HPA_0","0.968209807905742","0","2026-04-01T22:07:55.000Z","MUL_IMAGE_HUBMAP_HPA","TabM Ⓜ️","all","dino-large","632","2.7158203125","11.036785125732422"
"cat_MUL_IMAGE_HUBMAP_HPA_0","0.9714906393929904","0","2026-04-01T22:07:22.000Z","MUL_IMAGE_HUBMAP_HPA","CatBoost 😸","ft","dino-large","1902","16.7548828125","22.88536071777344"
"cat_MUL_IMAGE_HUBMAP_HPA_0","0.9549600424877276","0","2026-04-01T22:06:12.000Z","MUL_IMAGE_HUBMAP_HPA","CatBoost 😸","all","dino-large","853","2.6884765625","11.087825775146484"
"light_MUL_IMAGE_HUBMAP_HPA_0","0.9614353123692572","0","2026-04-01T22:03:03.000Z","MUL_IMAGE_HUBMAP_HPA","LightGBM 💡","ft","dino-large","1772","16.7548828125","22.98522567749023"
"light_MUL_IMAGE_HUBMAP_HPA_0","0.9426889462068064","0","2026-04-01T22:02:52.000Z","MUL_IMAGE_HUBMAP_HPA","LightGBM 💡","all","dino-large","638","2.6884765625","11.083816528320312"
"tabpfnv2_MUL_IMAGE_CHEXPERT_4","0.8184905722604393","4","2026-04-01T22:00:54.000Z","MUL_IMAGE_CHEXPERT","TabPFN-v2 🤯","ft","dino-large","1009","14.8291015625","13.426692962646484"
"tabpfnv2_MUL_IMAGE_CHEXPERT_4","0.7905126500201308","4","2026-04-01T22:00:41.000Z","MUL_IMAGE_CHEXPERT","TabPFN-v2 🤯","all","dino-large","324","2.6572265625","6.255725860595703"
"tabpfnv2p5_MUL_IMAGE_CHEXPERT_4","0.8212899633690903","4","2026-04-01T21:59:15.000Z","MUL_IMAGE_CHEXPERT","TabPFN-v2p5 🇩🇪","ft","dino-large","993","14.8291015625","13.424888610839844"
"tabpfnv2p5_MUL_IMAGE_CHEXPERT_4","0.7941793006987666","4","2026-04-01T21:57:22.000Z","MUL_IMAGE_CHEXPERT","TabPFN-v2p5 🇩🇪","all","dino-large","335","2.6572265625","6.243648529052734"
"tabm_MUL_IMAGE_CHEXPERT_4","0.7940691588813215","4","2026-04-01T21:57:21.000Z","MUL_IMAGE_CHEXPERT","TabM Ⓜ️","ft","dino-large","992","16.7451171875","12.71261215209961"
"tabm_MUL_IMAGE_CHEXPERT_4","0.7530395752993658","4","2026-04-01T21:57:00.000Z","MUL_IMAGE_CHEXPERT","TabM Ⓜ️","all","dino-large","344","2.6845703125","5.7941436767578125"
"cat_MUL_IMAGE_CHEXPERT_4","0.8108498684194237","4","2026-04-01T21:56:12.000Z","MUL_IMAGE_CHEXPERT","CatBoost 😸","ft","dino-large","998","16.7294921875","12.853260040283203"
"cat_MUL_IMAGE_CHEXPERT_4","0.7803743303141508","4","2026-04-01T21:55:21.000Z","MUL_IMAGE_CHEXPERT","CatBoost 😸","all","dino-large","312","2.6572265625","5.765571594238281"
"light_MUL_IMAGE_CHEXPERT_4","0.8134385120257842","4","2026-04-01T21:55:00.000Z","MUL_IMAGE_CHEXPERT","LightGBM 💡","ft","dino-large","964","16.7294921875","12.712425231933594"
"light_MUL_IMAGE_CHEXPERT_4","0.7706062577074334","4","2026-04-01T21:54:11.000Z","MUL_IMAGE_CHEXPERT","LightGBM 💡","all","dino-large","297","2.6572265625","5.784343719482422"
"tabpfnv2_MUL_IMAGE_CHEXPERT_3","0.8210715254045322","3","2026-04-01T21:53:32.000Z","MUL_IMAGE_CHEXPERT","TabPFN-v2 🤯","ft","dino-large","1053","14.8291015625","13.449520111083984"
"tabpfnv2_MUL_IMAGE_CHEXPERT_3","0.7957307699426788","3","2026-04-01T21:51:50.000Z","MUL_IMAGE_CHEXPERT","TabPFN-v2 🤯","all","dino-large","305","2.6572265625","6.2224273681640625"
"tabpfnv2p5_MUL_IMAGE_CHEXPERT_3","0.8246132828041559","3","2026-04-01T21:51:48.000Z","MUL_IMAGE_CHEXPERT","TabPFN-v2p5 🇩🇪","ft","dino-large","1070","14.8291015625","13.418113708496094"
"tabpfnv2p5_MUL_IMAGE_CHEXPERT_3","0.7959187857082162","3","2026-04-01T21:51:09.000Z","MUL_IMAGE_CHEXPERT","TabPFN-v2p5 🇩🇪","all","dino-large","295","2.6572265625","6.243782043457031"
"tabm_MUL_IMAGE_CHEXPERT_3","0.7866483166091486","3","2026-04-01T21:51:02.000Z","MUL_IMAGE_CHEXPERT","TabM Ⓜ️","ft","dino-large","1155","16.7451171875","12.787097930908203"
"tabm_MUL_IMAGE_CHEXPERT_3","0.7494783621820661","3","2026-04-01T21:50:16.000Z","MUL_IMAGE_CHEXPERT","TabM Ⓜ️","all","dino-large","277","2.6845703125","5.77862548828125"
"cat_MUL_IMAGE_CHEXPERT_3","0.8086456980553725","3","2026-04-01T21:49:24.000Z","MUL_IMAGE_CHEXPERT","CatBoost 😸","ft","dino-large","1170","16.7294921875","12.86771011352539"
"cat_MUL_IMAGE_CHEXPERT_3","0.7720535764537656","3","2026-04-01T21:49:05.000Z","MUL_IMAGE_CHEXPERT","CatBoost 😸","all","dino-large","299","2.6572265625","5.879890441894531"
"light_MUL_IMAGE_CHEXPERT_3","0.8072446165299416","3","2026-04-01T21:48:36.000Z","MUL_IMAGE_CHEXPERT","LightGBM 💡","ft","dino-large","1152","16.7294921875","12.80828094482422"
"light_MUL_IMAGE_CHEXPERT_3","0.7719199741269973","3","2026-04-01T21:46:19.000Z","MUL_IMAGE_CHEXPERT","LightGBM 💡","all","dino-large","285","2.6572265625","5.7623138427734375"
"tabpfnv2_MUL_IMAGE_CHEXPERT_2","0.823446447729978","2","2026-04-01T21:45:50.000Z","MUL_IMAGE_CHEXPERT","TabPFN-v2 🤯","ft","dino-large","1283","14.8291015625","13.432300567626951"
"tabpfnv2_MUL_IMAGE_CHEXPERT_2","0.7874215793392532","2","2026-04-01T21:45:05.000Z","MUL_IMAGE_CHEXPERT","TabPFN-v2 🤯","all","dino-large","303","2.6572265625","6.2456512451171875"
"tabpfnv2p5_MUL_IMAGE_CHEXPERT_2","0.8257580722242671","2","2026-04-01T21:44:25.000Z","MUL_IMAGE_CHEXPERT","TabPFN-v2p5 🇩🇪","ft","dino-large","1305","14.8291015625","13.42868423461914"
"tabpfnv2p5_MUL_IMAGE_CHEXPERT_2","0.7888851322799105","2","2026-04-01T21:44:08.000Z","MUL_IMAGE_CHEXPERT","TabPFN-v2p5 🇩🇪","all","dino-large","312","2.6572265625","6.230701446533203"
"tabm_MUL_IMAGE_CHEXPERT_2","0.79742355311599","2","2026-04-01T21:44:00.000Z","MUL_IMAGE_CHEXPERT","TabM Ⓜ️","ft","dino-large","1009","16.7451171875","12.670700073242188"
"tabm_MUL_IMAGE_CHEXPERT_2","0.7490426473583353","2","2026-04-01T21:43:15.000Z","MUL_IMAGE_CHEXPERT","TabM Ⓜ️","all","dino-large","314","2.6845703125","5.769718170166016"
"cat_MUL_IMAGE_CHEXPERT_2","0.8102194356798252","2","2026-04-01T21:40:54.000Z","MUL_IMAGE_CHEXPERT","CatBoost 😸","ft","dino-large","980","16.7294921875","12.8145751953125"
"cat_MUL_IMAGE_CHEXPERT_2","0.7803305815077431","2","2026-04-01T21:39:26.000Z","MUL_IMAGE_CHEXPERT","CatBoost 😸","all","dino-large","295","2.6572265625","5.851932525634766"
"light_MUL_IMAGE_CHEXPERT_2","0.8030221493468988","2","2026-04-01T21:39:19.000Z","MUL_IMAGE_CHEXPERT","LightGBM 💡","ft","dino-large","1005","16.7294921875","12.746334075927734"
"light_MUL_IMAGE_CHEXPERT_2","0.7682049749820502","2","2026-04-01T21:38:55.000Z","MUL_IMAGE_CHEXPERT","LightGBM 💡","all","dino-large","293","2.6572265625","5.796192169189453"
"tabpfnv2_MUL_IMAGE_CHEXPERT_1","0.8232619899088345","1","2026-04-01T21:37:03.000Z","MUL_IMAGE_CHEXPERT","TabPFN-v2 🤯","ft","dino-large","1089","14.8291015625","13.462398529052734"
"tabpfnv2_MUL_IMAGE_CHEXPERT_1","0.7708616231634333","1","2026-04-01T21:36:49.000Z","MUL_IMAGE_CHEXPERT","TabPFN-v2 🤯","all","dino-large","309","2.6572265625","6.224445343017578"
"tabpfnv2p5_MUL_IMAGE_CHEXPERT_1","0.8222369448575831","1","2026-04-01T21:35:57.000Z","MUL_IMAGE_CHEXPERT","TabPFN-v2p5 🇩🇪","ft","dino-large","1048","14.8291015625","13.400684356689451"
"tabpfnv2p5_MUL_IMAGE_CHEXPERT_1","0.7705285010217344","1","2026-04-01T21:35:43.000Z","MUL_IMAGE_CHEXPERT","TabPFN-v2p5 🇩🇪","all","dino-large","302","2.6572265625","6.175270080566406"
"tabm_MUL_IMAGE_CHEXPERT_1","0.7817338625893826","1","2026-04-01T21:35:05.000Z","MUL_IMAGE_CHEXPERT","TabM Ⓜ️","ft","dino-large","995","16.7451171875","12.699478149414062"
"tabm_MUL_IMAGE_CHEXPERT_1","0.7329255003005595","1","2026-04-01T21:34:27.000Z","MUL_IMAGE_CHEXPERT","TabM Ⓜ️","all","dino-large","293","2.6845703125","5.765270233154297"
"cat_MUL_IMAGE_CHEXPERT_1","0.8033700223570212","1","2026-04-01T21:34:25.000Z","MUL_IMAGE_CHEXPERT","CatBoost 😸","ft","dino-large","990","16.7294921875","12.885913848876951"
"cat_MUL_IMAGE_CHEXPERT_1","0.7570720314563723","1","2026-04-01T21:33:45.000Z","MUL_IMAGE_CHEXPERT","CatBoost 😸","all","dino-large","305","2.6572265625","5.852813720703125"
"light_MUL_IMAGE_CHEXPERT_1","0.8047393281699122","1","2026-04-01T21:33:12.000Z","MUL_IMAGE_CHEXPERT","LightGBM 💡","ft","dino-large","1111","16.7294921875","12.73004150390625"
"light_MUL_IMAGE_CHEXPERT_1","0.7477962056680907","1","2026-04-01T21:31:40.000Z","MUL_IMAGE_CHEXPERT","LightGBM 💡","all","dino-large","304","2.6572265625","5.7992401123046875"
"tabpfnv2_MUL_IMAGE_CHEXPERT_0","0.8084690411702039","0","2026-04-01T21:30:47.000Z","MUL_IMAGE_CHEXPERT","TabPFN-v2 🤯","ft","dino-large","1088","14.8291015625","13.387184143066406"
"tabpfnv2_MUL_IMAGE_CHEXPERT_0","0.7735895460385823","0","2026-04-01T21:29:06.000Z","MUL_IMAGE_CHEXPERT","TabPFN-v2 🤯","all","dino-large","316","2.6572265625","6.2162628173828125"
"tabpfnv2p5_MUL_IMAGE_CHEXPERT_0","0.8097016835590966","0","2026-04-01T21:28:34.000Z","MUL_IMAGE_CHEXPERT","TabPFN-v2p5 🇩🇪","ft","dino-large","1058","14.8291015625","13.435256958007812"
"tabpfnv2p5_MUL_IMAGE_CHEXPERT_0","0.7798157143838704","0","2026-04-01T21:28:19.000Z","MUL_IMAGE_CHEXPERT","TabPFN-v2p5 🇩🇪","all","dino-large","320","2.6572265625","6.227993011474609"
"tabm_MUL_IMAGE_CHEXPERT_0","0.7775442570702644","0","2026-04-01T21:27:30.000Z","MUL_IMAGE_CHEXPERT","TabM Ⓜ️","ft","dino-large","1048","16.7451171875","12.667400360107422"
"tabm_MUL_IMAGE_CHEXPERT_0","0.7264148951829655","0","2026-04-01T21:26:30.000Z","MUL_IMAGE_CHEXPERT","TabM Ⓜ️","all","dino-large","305","2.6845703125","5.755790710449219"
"cat_MUL_IMAGE_CHEXPERT_0","0.7953237153031153","0","2026-04-01T21:26:20.000Z","MUL_IMAGE_CHEXPERT","CatBoost 😸","ft","dino-large","1162","16.7294921875","12.77407455444336"
"cat_MUL_IMAGE_CHEXPERT_0","0.7682817287964676","0","2026-04-01T21:25:42.000Z","MUL_IMAGE_CHEXPERT","CatBoost 😸","all","dino-large","299","2.6572265625","5.842033386230469"
"light_MUL_IMAGE_CHEXPERT_0","0.7899869736241785","0","2026-04-01T21:25:25.000Z","MUL_IMAGE_CHEXPERT","LightGBM 💡","ft","dino-large","1114","16.7294921875","12.69390106201172"
"light_MUL_IMAGE_CHEXPERT_0","0.7599299162895466","0","2026-04-01T21:24:12.000Z","MUL_IMAGE_CHEXPERT","LightGBM 💡","all","dino-large","288","2.6572265625","5.783069610595703"
"tabpfnv2_BIN_IMAGE_MAMMOGRAPHY_CMMD_4","0.7940004355400698","4","2026-04-01T21:24:04.000Z","BIN_IMAGE_MAMMOGRAPHY_CMMD","TabPFN-v2 🤯","ft","dino-large","907","16.4716796875","27.277435302734375"
"tabpfnv2_BIN_IMAGE_MAMMOGRAPHY_CMMD_4","0.7810757839721255","4","2026-04-01T21:23:18.000Z","BIN_IMAGE_MAMMOGRAPHY_CMMD","TabPFN-v2 🤯","all","dino-large","308","2.6572265625","13.40363311767578"
"tabpfnv2p5_BIN_IMAGE_MAMMOGRAPHY_CMMD_4","0.7966790069686411","4","2026-04-01T21:21:14.000Z","BIN_IMAGE_MAMMOGRAPHY_CMMD","TabPFN-v2p5 🇩🇪","ft","dino-large","876","16.4716796875","27.25108337402344"
"tabpfnv2p5_BIN_IMAGE_MAMMOGRAPHY_CMMD_4","0.778266550522648","4","2026-04-01T21:21:04.000Z","BIN_IMAGE_MAMMOGRAPHY_CMMD","TabPFN-v2p5 🇩🇪","all","dino-large","321","2.6572265625","13.397777557373049"
"tabm_BIN_IMAGE_MAMMOGRAPHY_CMMD_4","0.7650696864111498","4","2026-04-01T21:20:45.000Z","BIN_IMAGE_MAMMOGRAPHY_CMMD","TabM Ⓜ️","ft","dino-large","970","17.5517578125","24.61627960205078"
"tabm_BIN_IMAGE_MAMMOGRAPHY_CMMD_4","0.7358231707317073","4","2026-04-01T21:19:04.000Z","BIN_IMAGE_MAMMOGRAPHY_CMMD","TabM Ⓜ️","all","dino-large","295","2.6826171875","12.180419921875"
"cat_BIN_IMAGE_MAMMOGRAPHY_CMMD_4","0.7637195121951219","4","2026-04-01T21:18:56.000Z","BIN_IMAGE_MAMMOGRAPHY_CMMD","CatBoost 😸","ft","dino-large","922","17.5400390625","24.953388214111328"
"cat_BIN_IMAGE_MAMMOGRAPHY_CMMD_4","0.7427047038327527","4","2026-04-01T21:18:50.000Z","BIN_IMAGE_MAMMOGRAPHY_CMMD","CatBoost 😸","all","dino-large","315","2.6572265625","12.27718734741211"
"light_BIN_IMAGE_MAMMOGRAPHY_CMMD_4","0.7576655052264809","4","2026-04-01T21:18:47.000Z","BIN_IMAGE_MAMMOGRAPHY_CMMD","LightGBM 💡","ft","dino-large","967","17.5380859375","24.607494354248047"
"light_BIN_IMAGE_MAMMOGRAPHY_CMMD_4","0.7238893728222997","4","2026-04-01T21:18:18.000Z","BIN_IMAGE_MAMMOGRAPHY_CMMD","LightGBM 💡","all","dino-large","292","2.6572265625","12.20920181274414"
"tabpfnv2_BIN_IMAGE_MAMMOGRAPHY_CMMD_3","0.7913327526132404","3","2026-04-01T21:17:15.000Z","BIN_IMAGE_MAMMOGRAPHY_CMMD","TabPFN-v2 🤯","ft","dino-large","1098","16.4716796875","27.298442840576172"
"tabpfnv2_BIN_IMAGE_MAMMOGRAPHY_CMMD_3","0.7947517421602788","3","2026-04-01T21:15:59.000Z","BIN_IMAGE_MAMMOGRAPHY_CMMD","TabPFN-v2 🤯","all","dino-large","308","2.6572265625","13.460891723632812"
"tabpfnv2p5_BIN_IMAGE_MAMMOGRAPHY_CMMD_3","0.8207970383275263","3","2026-04-01T21:15:03.000Z","BIN_IMAGE_MAMMOGRAPHY_CMMD","TabPFN-v2p5 🇩🇪","ft","dino-large","1080","16.4716796875","27.330360412597656"
"tabpfnv2p5_BIN_IMAGE_MAMMOGRAPHY_CMMD_3","0.7918445121951219","3","2026-04-01T21:14:56.000Z","BIN_IMAGE_MAMMOGRAPHY_CMMD","TabPFN-v2p5 🇩🇪","all","dino-large","359","2.6572265625","13.45849609375"
"tabm_BIN_IMAGE_MAMMOGRAPHY_CMMD_3","0.7510235191637631","3","2026-04-01T21:13:54.000Z","BIN_IMAGE_MAMMOGRAPHY_CMMD","TabM Ⓜ️","ft","dino-large","736","17.5517578125","24.53548812866211"
"tabm_BIN_IMAGE_MAMMOGRAPHY_CMMD_3","0.7292682926829268","3","2026-04-01T21:13:50.000Z","BIN_IMAGE_MAMMOGRAPHY_CMMD","TabM Ⓜ️","all","dino-large","294","2.6826171875","12.352676391601562"
"cat_BIN_IMAGE_MAMMOGRAPHY_CMMD_3","0.7514590592334495","3","2026-04-01T21:13:33.000Z","BIN_IMAGE_MAMMOGRAPHY_CMMD","CatBoost 😸","ft","dino-large","720","17.5380859375","24.83810043334961"
"cat_BIN_IMAGE_MAMMOGRAPHY_CMMD_3","0.7410496515679442","3","2026-04-01T21:13:21.000Z","BIN_IMAGE_MAMMOGRAPHY_CMMD","CatBoost 😸","all","dino-large","317","2.6572265625","12.353397369384766"
"light_BIN_IMAGE_MAMMOGRAPHY_CMMD_3","0.7513066202090593","3","2026-04-01T21:13:04.000Z","BIN_IMAGE_MAMMOGRAPHY_CMMD","LightGBM 💡","ft","dino-large","733","17.5380859375","24.51231384277344"
"light_BIN_IMAGE_MAMMOGRAPHY_CMMD_3","0.7417465156794424","3","2026-04-01T21:12:15.000Z","BIN_IMAGE_MAMMOGRAPHY_CMMD","LightGBM 💡","all","dino-large","293","2.6572265625","12.282947540283203"
"tabpfnv2_BIN_IMAGE_MAMMOGRAPHY_CMMD_2","0.8181075783972125","2","2026-04-01T21:11:45.000Z","BIN_IMAGE_MAMMOGRAPHY_CMMD","TabPFN-v2 🤯","ft","dino-large","938","16.4716796875","27.439449310302734"
"tabpfnv2_BIN_IMAGE_MAMMOGRAPHY_CMMD_2","0.7922364982578397","2","2026-04-01T21:09:15.000Z","BIN_IMAGE_MAMMOGRAPHY_CMMD","TabPFN-v2 🤯","all","dino-large","332","2.6572265625","13.63900375366211"
"tabpfnv2p5_BIN_IMAGE_MAMMOGRAPHY_CMMD_2","0.8304224738675958","2","2026-04-01T21:09:09.000Z","BIN_IMAGE_MAMMOGRAPHY_CMMD","TabPFN-v2p5 🇩🇪","ft","dino-large","1140","16.4716796875","27.459373474121097"
"tabpfnv2p5_BIN_IMAGE_MAMMOGRAPHY_CMMD_2","0.8005662020905924","2","2026-04-01T21:08:09.000Z","BIN_IMAGE_MAMMOGRAPHY_CMMD","TabPFN-v2p5 🇩🇪","all","dino-large","334","2.6572265625","13.61474609375"
"tabm_BIN_IMAGE_MAMMOGRAPHY_CMMD_2","0.7248040069686411","2","2026-04-01T21:07:36.000Z","BIN_IMAGE_MAMMOGRAPHY_CMMD","TabM Ⓜ️","ft","dino-large","680","17.5537109375","25.074604034423828"
"tabm_BIN_IMAGE_MAMMOGRAPHY_CMMD_2","0.7410714285714286","2","2026-04-01T21:07:15.000Z","BIN_IMAGE_MAMMOGRAPHY_CMMD","TabM Ⓜ️","all","dino-large","292","2.6826171875","12.2562255859375"
"cat_BIN_IMAGE_MAMMOGRAPHY_CMMD_2","0.7710365853658535","2","2026-04-01T21:06:49.000Z","BIN_IMAGE_MAMMOGRAPHY_CMMD","CatBoost 😸","ft","dino-large","680","17.5400390625","25.144065856933594"
"cat_BIN_IMAGE_MAMMOGRAPHY_CMMD_2","0.7583188153310104","2","2026-04-01T21:06:45.000Z","BIN_IMAGE_MAMMOGRAPHY_CMMD","CatBoost 😸","all","dino-large","296","2.6572265625","12.252113342285156"
"light_BIN_IMAGE_MAMMOGRAPHY_CMMD_2","0.7602134146341464","2","2026-04-01T21:04:46.000Z","BIN_IMAGE_MAMMOGRAPHY_CMMD","LightGBM 💡","ft","dino-large","667","17.5400390625","25.060657501220703"
"light_BIN_IMAGE_MAMMOGRAPHY_CMMD_2","0.7472778745644599","2","2026-04-01T21:03:38.000Z","BIN_IMAGE_MAMMOGRAPHY_CMMD","LightGBM 💡","all","dino-large","324","2.6572265625","12.315650939941406"
"tabpfnv2_BIN_IMAGE_MAMMOGRAPHY_CMMD_1","0.7831990418118467","1","2026-04-01T21:03:19.000Z","BIN_IMAGE_MAMMOGRAPHY_CMMD","TabPFN-v2 🤯","ft","dino-large","1036","16.4697265625","27.08380126953125"
"tabpfnv2_BIN_IMAGE_MAMMOGRAPHY_CMMD_1","0.7963523519163762","1","2026-04-01T21:03:17.000Z","BIN_IMAGE_MAMMOGRAPHY_CMMD","TabPFN-v2 🤯","all","dino-large","350","2.6572265625","13.533546447753906"
"tabpfnv2p5_BIN_IMAGE_MAMMOGRAPHY_CMMD_1","0.8003593205574914","1","2026-04-01T21:02:28.000Z","BIN_IMAGE_MAMMOGRAPHY_CMMD","TabPFN-v2p5 🇩🇪","ft","dino-large","977","16.4716796875","27.324298858642575"
"tabpfnv2p5_BIN_IMAGE_MAMMOGRAPHY_CMMD_1","0.7990527003484321","1","2026-04-01T21:01:33.000Z","BIN_IMAGE_MAMMOGRAPHY_CMMD","TabPFN-v2p5 🇩🇪","all","dino-large","308","2.6572265625","13.526954650878906"
"tabm_BIN_IMAGE_MAMMOGRAPHY_CMMD_1","0.7548562717770035","1","2026-04-01T20:59:54.000Z","BIN_IMAGE_MAMMOGRAPHY_CMMD","TabM Ⓜ️","ft","dino-large","903","17.5517578125","24.776535034179688"
"tabm_BIN_IMAGE_MAMMOGRAPHY_CMMD_1","0.7526785714285715","1","2026-04-01T20:59:45.000Z","BIN_IMAGE_MAMMOGRAPHY_CMMD","TabM Ⓜ️","all","dino-large","296","2.6826171875","12.271263122558594"
"cat_BIN_IMAGE_MAMMOGRAPHY_CMMD_1","0.7418336236933798","1","2026-04-01T20:57:05.000Z","BIN_IMAGE_MAMMOGRAPHY_CMMD","CatBoost 😸","all","dino-large","368","2.6572265625","12.388668060302734"
"cat_BIN_IMAGE_MAMMOGRAPHY_CMMD_1","0.7449477351916376","1","2026-04-01T20:57:05.000Z","BIN_IMAGE_MAMMOGRAPHY_CMMD","CatBoost 😸","ft","dino-large","979","17.5380859375","24.86478805541992"
"light_BIN_IMAGE_MAMMOGRAPHY_CMMD_1","0.7253266550522648","1","2026-04-01T20:57:04.000Z","BIN_IMAGE_MAMMOGRAPHY_CMMD","LightGBM 💡","ft","dino-large","1001","17.5380859375","24.76702880859375"
"light_BIN_IMAGE_MAMMOGRAPHY_CMMD_1","0.7327526132404181","1","2026-04-01T20:57:04.000Z","BIN_IMAGE_MAMMOGRAPHY_CMMD","LightGBM 💡","all","dino-large","364","2.6572265625","12.32748794555664"
"tabpfnv2p5_BIN_IMAGE_MAMMOGRAPHY_CMMD_0","0.8494229094076653","0","2026-04-01T20:57:03.000Z","BIN_IMAGE_MAMMOGRAPHY_CMMD","TabPFN-v2p5 🇩🇪","ft","dino-large","952","16.4697265625","27.05584716796875"
"tabpfnv2_BIN_IMAGE_MAMMOGRAPHY_CMMD_0","0.819022212543554","0","2026-04-01T20:57:03.000Z","BIN_IMAGE_MAMMOGRAPHY_CMMD","TabPFN-v2 🤯","all","dino-large","386","2.6572265625","13.47909164428711"
"tabpfnv2_BIN_IMAGE_MAMMOGRAPHY_CMMD_0","0.8336236933797909","0","2026-04-01T20:57:03.000Z","BIN_IMAGE_MAMMOGRAPHY_CMMD","TabPFN-v2 🤯","ft","dino-large","967","16.4697265625","27.05556869506836"
"tabpfnv2p5_BIN_IMAGE_MAMMOGRAPHY_CMMD_0","0.8440331010452962","0","2026-04-01T20:56:47.000Z","BIN_IMAGE_MAMMOGRAPHY_CMMD","TabPFN-v2p5 🇩🇪","all","dino-large","337","2.6572265625","13.549427032470703"
"cat_BIN_IMAGE_MAMMOGRAPHY_CMMD_0","0.8217116724738677","0","2026-04-01T20:54:34.000Z","BIN_IMAGE_MAMMOGRAPHY_CMMD","CatBoost 😸","ft","dino-large","773","17.5400390625","25.174850463867188"
"tabm_BIN_IMAGE_MAMMOGRAPHY_CMMD_0","0.7474303135888503","0","2026-04-01T20:54:34.000Z","BIN_IMAGE_MAMMOGRAPHY_CMMD","TabM Ⓜ️","all","dino-large","312","2.6826171875","12.363174438476562"
"tabm_BIN_IMAGE_MAMMOGRAPHY_CMMD_0","0.7520034843205575","0","2026-04-01T20:54:34.000Z","BIN_IMAGE_MAMMOGRAPHY_CMMD","TabM Ⓜ️","ft","dino-large","754","17.5537109375","25.10657119750977"
"cat_BIN_IMAGE_MAMMOGRAPHY_CMMD_0","0.7843423344947735","0","2026-04-01T20:54:25.000Z","BIN_IMAGE_MAMMOGRAPHY_CMMD","CatBoost 😸","all","dino-large","315","2.6572265625","12.404544830322266"
"light_BIN_IMAGE_MAMMOGRAPHY_CMMD_0","0.7947517421602788","0","2026-04-01T20:54:24.000Z","BIN_IMAGE_MAMMOGRAPHY_CMMD","LightGBM 💡","ft","dino-large","736","17.5400390625","25.050552368164062"
"light_BIN_IMAGE_MAMMOGRAPHY_CMMD_0","0.7677700348432056","0","2026-04-01T20:54:24.000Z","BIN_IMAGE_MAMMOGRAPHY_CMMD","LightGBM 💡","all","dino-large","426","2.6572265625","12.374393463134766"
"tabpfnv2_REG_IMAGE_HNM_FASHION_4","0.30854999937371996","4","2026-04-01T20:48:34.000Z","REG_IMAGE_HNM_FASHION","TabPFN-v2 🤯","ft","dino-large","1042","14.8486328125","5.970088958740234"
"tabpfnv2_REG_IMAGE_HNM_FASHION_4","0.29189503083263757","4","2026-04-01T19:19:57.000Z","REG_IMAGE_HNM_FASHION","TabPFN-v2 🤯","all","dino-large","1233","2.6884765625","2.594444274902344"
"tabpfnv2p5_REG_IMAGE_FASHION_HNM_CONSUMER_AGE_4","0.670873200048757","4","2026-03-30T14:07:32.000Z","REG_IMAGE_FASHION_HNM_CONSUMER_AGE","TabPFN-v2p5 🇩🇪","ft","dino-large","1325","14.8486328125","5.82293701171875"
"tabpfnv2p5_REG_IMAGE_FASHION_HNM_CONSUMER_AGE_4","0.654749848255749","4","2026-03-30T14:00:46.000Z","REG_IMAGE_FASHION_HNM_CONSUMER_AGE","TabPFN-v2p5 🇩🇪","all","dino-large","853","2.6884765625","2.6487998962402344"
"tabm_REG_IMAGE_FASHION_HNM_CONSUMER_AGE_4","0.6657431821312698","4","2026-03-30T13:57:51.000Z","REG_IMAGE_FASHION_HNM_CONSUMER_AGE","TabM Ⓜ️","ft","dino-large","1254","16.7763671875","5.926399230957031"
"tabm_REG_IMAGE_FASHION_HNM_CONSUMER_AGE_4","0.6513152613519604","4","2026-03-30T13:50:28.000Z","REG_IMAGE_FASHION_HNM_CONSUMER_AGE","TabM Ⓜ️","all","dino-large","770","2.7158203125","2.571979522705078"
"cat_REG_IMAGE_FASHION_HNM_CONSUMER_AGE_4","0.6606385608845957","4","2026-03-30T13:46:23.000Z","REG_IMAGE_FASHION_HNM_CONSUMER_AGE","CatBoost 😸","ft","dino-large","1261","16.7548828125","5.957500457763672"
"cat_REG_IMAGE_FASHION_HNM_CONSUMER_AGE_4","0.6315062654885493","4","2026-03-30T13:43:10.000Z","REG_IMAGE_FASHION_HNM_CONSUMER_AGE","CatBoost 😸","all","dino-large","875","2.6884765625","2.93490219116211"
"light_REG_IMAGE_FASHION_HNM_CONSUMER_AGE_4","0.6435181805720838","4","2026-03-30T13:40:22.000Z","REG_IMAGE_FASHION_HNM_CONSUMER_AGE","LightGBM 💡","ft","dino-large","1196","16.7548828125","5.913482666015625"
"light_REG_IMAGE_FASHION_HNM_CONSUMER_AGE_4","0.6049413366491871","4","2026-03-30T13:39:33.000Z","REG_IMAGE_FASHION_HNM_CONSUMER_AGE","LightGBM 💡","all","dino-large","783","2.6884765625","2.5556488037109375"
"tabpfnv2_REG_IMAGE_FASHION_HNM_CONSUMER_AGE_3","0.6433776757288234","3","2026-03-30T13:38:02.000Z","REG_IMAGE_FASHION_HNM_CONSUMER_AGE","TabPFN-v2 🤯","ft","dino-large","1356","14.8486328125","5.761669158935547"
"tabpfnv2_REG_IMAGE_FASHION_HNM_CONSUMER_AGE_3","0.6153063170616899","3","2026-03-30T13:33:07.000Z","REG_IMAGE_FASHION_HNM_CONSUMER_AGE","TabPFN-v2 🤯","all","dino-large","792","2.6884765625","2.6014366149902344"
"tabpfnv2p5_REG_IMAGE_FASHION_HNM_CONSUMER_AGE_3","0.6599199958521913","3","2026-03-30T13:28:05.000Z","REG_IMAGE_FASHION_HNM_CONSUMER_AGE","TabPFN-v2p5 🇩🇪","ft","dino-large","1338","14.8486328125","5.813743591308594"
"tabpfnv2p5_REG_IMAGE_FASHION_HNM_CONSUMER_AGE_3","0.639332566695424","3","2026-03-30T13:25:43.000Z","REG_IMAGE_FASHION_HNM_CONSUMER_AGE","TabPFN-v2p5 🇩🇪","all","dino-large","776","2.6884765625","2.624847412109375"
"tabm_REG_IMAGE_FASHION_HNM_CONSUMER_AGE_3","0.6428500607125422","3","2026-03-30T13:21:16.000Z","REG_IMAGE_FASHION_HNM_CONSUMER_AGE","TabM Ⓜ️","ft","dino-large","1307","16.7763671875","5.901134490966797"
"tabm_REG_IMAGE_FASHION_HNM_CONSUMER_AGE_3","0.6202341702586757","3","2026-03-30T13:19:51.000Z","REG_IMAGE_FASHION_HNM_CONSUMER_AGE","TabM Ⓜ️","all","dino-large","834","2.7177734375","2.491138458251953"
"cat_REG_IMAGE_FASHION_HNM_CONSUMER_AGE_3","0.6427080644436176","3","2026-03-30T13:18:39.000Z","REG_IMAGE_FASHION_HNM_CONSUMER_AGE","CatBoost 😸","ft","dino-large","1296","16.7548828125","6.167186737060547"
"cat_REG_IMAGE_FASHION_HNM_CONSUMER_AGE_3","0.616330252415062","3","2026-03-30T13:16:01.000Z","REG_IMAGE_FASHION_HNM_CONSUMER_AGE","CatBoost 😸","all","dino-large","830","2.6884765625","2.7131423950195312"
"light_REG_IMAGE_FASHION_HNM_CONSUMER_AGE_3","0.6240770055611778","3","2026-03-30T13:15:48.000Z","REG_IMAGE_FASHION_HNM_CONSUMER_AGE","LightGBM 💡","ft","dino-large","1330","16.7548828125","5.920139312744141"
"light_REG_IMAGE_FASHION_HNM_CONSUMER_AGE_3","0.5982757067585576","3","2026-03-30T13:13:18.000Z","REG_IMAGE_FASHION_HNM_CONSUMER_AGE","LightGBM 💡","all","dino-large","883","2.6884765625","2.573596954345703"
"tabpfnv2_REG_IMAGE_FASHION_HNM_CONSUMER_AGE_2","0.6360716068129111","2","2026-03-30T13:12:54.000Z","REG_IMAGE_FASHION_HNM_CONSUMER_AGE","TabPFN-v2 🤯","ft","dino-large","1590","14.8486328125","5.605632781982422"
"tabpfnv2_REG_IMAGE_FASHION_HNM_CONSUMER_AGE_2","0.6143038427516929","2","2026-03-30T13:10:18.000Z","REG_IMAGE_FASHION_HNM_CONSUMER_AGE","TabPFN-v2 🤯","all","dino-large","950","2.6884765625","2.689300537109375"
"tabpfnv2p5_REG_IMAGE_FASHION_HNM_CONSUMER_AGE_2","0.6450682304222812","2","2026-03-30T13:09:48.000Z","REG_IMAGE_FASHION_HNM_CONSUMER_AGE","TabPFN-v2p5 🇩🇪","ft","dino-large","1388","14.8486328125","5.783802032470703"
"tabpfnv2p5_REG_IMAGE_FASHION_HNM_CONSUMER_AGE_2","0.6286690356771201","2","2026-03-30T13:06:10.000Z","REG_IMAGE_FASHION_HNM_CONSUMER_AGE","TabPFN-v2p5 🇩🇪","all","dino-large","746","2.6884765625","2.5949630737304688"
"tabm_REG_IMAGE_FASHION_HNM_CONSUMER_AGE_2","0.6355661129172524","2","2026-03-30T13:06:01.000Z","REG_IMAGE_FASHION_HNM_CONSUMER_AGE","TabM Ⓜ️","ft","dino-large","1171","16.7763671875","5.922416687011719"
"tabm_REG_IMAGE_FASHION_HNM_CONSUMER_AGE_2","0.6207824039028926","2","2026-03-30T13:05:32.000Z","REG_IMAGE_FASHION_HNM_CONSUMER_AGE","TabM Ⓜ️","all","dino-large","620","2.7177734375","2.509559631347656"
"cat_REG_IMAGE_FASHION_HNM_CONSUMER_AGE_2","0.6244689597616503","2","2026-03-30T13:04:54.000Z","REG_IMAGE_FASHION_HNM_CONSUMER_AGE","CatBoost 😸","ft","dino-large","1192","16.7548828125","5.936820983886719"
"cat_REG_IMAGE_FASHION_HNM_CONSUMER_AGE_2","0.5998014284932374","2","2026-03-30T13:04:25.000Z","REG_IMAGE_FASHION_HNM_CONSUMER_AGE","CatBoost 😸","all","dino-large","694","2.6884765625","2.78683090209961"
"light_REG_IMAGE_FASHION_HNM_CONSUMER_AGE_2","0.6076995940569525","2","2026-03-30T13:01:51.000Z","REG_IMAGE_FASHION_HNM_CONSUMER_AGE","LightGBM 💡","ft","dino-large","1157","16.7548828125","5.851531982421875"
"light_REG_IMAGE_FASHION_HNM_CONSUMER_AGE_2","0.5790111603010382","2","2026-03-30T13:00:49.000Z","REG_IMAGE_FASHION_HNM_CONSUMER_AGE","LightGBM 💡","all","dino-large","565","2.6884765625","2.544963836669922"
"tabpfnv2_REG_IMAGE_FASHION_HNM_CONSUMER_AGE_1","0.6280939429969177","1","2026-03-30T12:57:50.000Z","REG_IMAGE_FASHION_HNM_CONSUMER_AGE","TabPFN-v2 🤯","ft","dino-large","1315","14.8486328125","5.8736572265625"
"tabpfnv2_REG_IMAGE_FASHION_HNM_CONSUMER_AGE_1","0.5936587616816233","1","2026-03-30T12:57:46.000Z","REG_IMAGE_FASHION_HNM_CONSUMER_AGE","TabPFN-v2 🤯","all","dino-large","927","2.6884765625","2.8921852111816406"
"tabpfnv2p5_REG_IMAGE_FASHION_HNM_CONSUMER_AGE_1","0.6332329272384136","1","2026-03-30T12:56:53.000Z","REG_IMAGE_FASHION_HNM_CONSUMER_AGE","TabPFN-v2p5 🇩🇪","ft","dino-large","1242","14.8486328125","5.758174896240234"
"tabpfnv2p5_REG_IMAGE_FASHION_HNM_CONSUMER_AGE_1","0.601700736096139","1","2026-03-30T12:56:43.000Z","REG_IMAGE_FASHION_HNM_CONSUMER_AGE","TabPFN-v2p5 🇩🇪","all","dino-large","712","2.6884765625","2.687023162841797"
"tabm_REG_IMAGE_FASHION_HNM_CONSUMER_AGE_1","0.6279879929081611","1","2026-03-30T12:56:19.000Z","REG_IMAGE_FASHION_HNM_CONSUMER_AGE","TabM Ⓜ️","ft","dino-large","1164","16.7763671875","5.9945068359375"
"tabm_REG_IMAGE_FASHION_HNM_CONSUMER_AGE_1","0.6093633428601286","1","2026-03-30T12:54:39.000Z","REG_IMAGE_FASHION_HNM_CONSUMER_AGE","TabM Ⓜ️","all","dino-large","931","2.7158203125","2.5779800415039062"
"cat_REG_IMAGE_FASHION_HNM_CONSUMER_AGE_1","0.625270126260749","1","2026-03-30T12:53:39.000Z","REG_IMAGE_FASHION_HNM_CONSUMER_AGE","CatBoost 😸","ft","dino-large","2446","16.7548828125","6.098590850830078"
"cat_REG_IMAGE_FASHION_HNM_CONSUMER_AGE_1","0.5946962766217165","1","2026-03-30T12:51:59.000Z","REG_IMAGE_FASHION_HNM_CONSUMER_AGE","CatBoost 😸","all","dino-large","767","2.6884765625","2.7978782653808594"
"light_REG_IMAGE_FASHION_HNM_CONSUMER_AGE_1","0.6162579912600465","1","2026-03-30T12:51:54.000Z","REG_IMAGE_FASHION_HNM_CONSUMER_AGE","LightGBM 💡","ft","dino-large","1251","16.7548828125","5.916515350341797"
"light_REG_IMAGE_FASHION_HNM_CONSUMER_AGE_1","0.571764489388135","1","2026-03-30T12:50:16.000Z","REG_IMAGE_FASHION_HNM_CONSUMER_AGE","LightGBM 💡","all","dino-large","626","2.6884765625","2.553455352783203"
"tabpfnv2_REG_IMAGE_FASHION_HNM_CONSUMER_AGE_0","0.6501674279428944","0","2026-03-30T12:50:03.000Z","REG_IMAGE_FASHION_HNM_CONSUMER_AGE","TabPFN-v2 🤯","ft","dino-large","1156","14.8486328125","5.603218078613281"
"tabpfnv2_REG_IMAGE_FASHION_HNM_CONSUMER_AGE_0","0.617692694061263","0","2026-03-30T12:48:42.000Z","REG_IMAGE_FASHION_HNM_CONSUMER_AGE","TabPFN-v2 🤯","all","dino-large","703","2.6884765625","2.6295394897460938"
"tabpfnv2p5_REG_IMAGE_FASHION_HNM_CONSUMER_AGE_0","0.6592207430295738","0","2026-03-30T12:46:33.000Z","REG_IMAGE_FASHION_HNM_CONSUMER_AGE","TabPFN-v2p5 🇩🇪","ft","dino-large","1164","14.8486328125","5.82049560546875"
"tabpfnv2p5_REG_IMAGE_FASHION_HNM_CONSUMER_AGE_0","0.642255396137257","0","2026-03-30T12:46:33.000Z","REG_IMAGE_FASHION_HNM_CONSUMER_AGE","TabPFN-v2p5 🇩🇪","all","dino-large","606","2.6884765625","2.584331512451172"
"tabm_REG_IMAGE_FASHION_HNM_CONSUMER_AGE_0","0.6445685698406758","0","2026-03-30T12:46:31.000Z","REG_IMAGE_FASHION_HNM_CONSUMER_AGE","TabM Ⓜ️","ft","dino-large","1174","16.7763671875","5.952972412109375"
"tabm_REG_IMAGE_FASHION_HNM_CONSUMER_AGE_0","0.6249893368597943","0","2026-03-30T12:45:49.000Z","REG_IMAGE_FASHION_HNM_CONSUMER_AGE","TabM Ⓜ️","all","dino-large","656","2.7177734375","2.602092742919922"
"cat_REG_IMAGE_FASHION_HNM_CONSUMER_AGE_0","0.6316616861645468","0","2026-03-30T12:45:06.000Z","REG_IMAGE_FASHION_HNM_CONSUMER_AGE","CatBoost 😸","ft","dino-large","1218","16.7548828125","5.922817230224609"
"cat_REG_IMAGE_FASHION_HNM_CONSUMER_AGE_0","0.6036139813376384","0","2026-03-30T12:44:40.000Z","REG_IMAGE_FASHION_HNM_CONSUMER_AGE","CatBoost 😸","all","dino-large","786","2.6884765625","2.81170654296875"
"light_REG_IMAGE_FASHION_HNM_CONSUMER_AGE_0","0.6168497841185179","0","2026-03-30T12:44:32.000Z","REG_IMAGE_FASHION_HNM_CONSUMER_AGE","LightGBM 💡","ft","dino-large","1187","16.7548828125","5.9756317138671875"
"light_REG_IMAGE_FASHION_HNM_CONSUMER_AGE_0","0.5965486967069724","0","2026-03-30T12:43:09.000Z","REG_IMAGE_FASHION_HNM_CONSUMER_AGE","LightGBM 💡","all","dino-large","802","2.6884765625","2.5556411743164062"
"tabpfnv2_BIN_IMAGE_CELEBA_ATTRACTIVENESS_4","0.9176729489900158","4","2026-03-30T12:42:26.000Z","BIN_IMAGE_CELEBA_ATTRACTIVENESS","TabPFN-v2 🤯","ft","dino-large","730","14.8310546875","7.244800567626953"
"tabpfnv2_BIN_IMAGE_CELEBA_ATTRACTIVENESS_4","0.9084035454755566","4","2026-03-30T12:42:10.000Z","BIN_IMAGE_CELEBA_ATTRACTIVENESS","TabPFN-v2 🤯","all","dino-large","259","2.6572265625","3.256084442138672"
"tabpfnv2p5_BIN_IMAGE_CELEBA_ATTRACTIVENESS_4","0.9179616016872924","4","2026-03-30T12:41:46.000Z","BIN_IMAGE_CELEBA_ATTRACTIVENESS","TabPFN-v2p5 🇩🇪","ft","dino-large","765","14.8310546875","7.165378570556641"
"tabpfnv2p5_BIN_IMAGE_CELEBA_ATTRACTIVENESS_4","0.90993535580322","4","2026-03-30T12:41:26.000Z","BIN_IMAGE_CELEBA_ATTRACTIVENESS","TabPFN-v2p5 🇩🇪","all","dino-large","260","2.6572265625","3.3106231689453125"
"tabm_BIN_IMAGE_CELEBA_ATTRACTIVENESS_4","0.9195914638843948","4","2026-03-30T12:40:40.000Z","BIN_IMAGE_CELEBA_ATTRACTIVENESS","TabM Ⓜ️","ft","dino-large","671","15.8720703125","7.1815948486328125"
"tabm_BIN_IMAGE_CELEBA_ATTRACTIVENESS_4","0.9076631538083646","4","2026-03-30T12:40:04.000Z","BIN_IMAGE_CELEBA_ATTRACTIVENESS","TabM Ⓜ️","all","dino-large","260","2.6845703125","3.274761199951172"
"cat_BIN_IMAGE_CELEBA_ATTRACTIVENESS_4","0.9163117289045906","4","2026-03-30T12:39:08.000Z","BIN_IMAGE_CELEBA_ATTRACTIVENESS","CatBoost 😸","ft","dino-large","659","15.8583984375","7.166500091552734"
"cat_BIN_IMAGE_CELEBA_ATTRACTIVENESS_4","0.9044814706979992","4","2026-03-30T12:38:32.000Z","BIN_IMAGE_CELEBA_ATTRACTIVENESS","CatBoost 😸","all","dino-large","364","2.6572265625","3.1673507690429688"
"light_BIN_IMAGE_CELEBA_ATTRACTIVENESS_4","0.9126437885641504","4","2026-03-30T12:38:19.000Z","BIN_IMAGE_CELEBA_ATTRACTIVENESS","LightGBM 💡","ft","dino-large","696","15.8583984375","7.200233459472656"
"light_BIN_IMAGE_CELEBA_ATTRACTIVENESS_4","0.9002282207287654","4","2026-03-30T12:37:46.000Z","BIN_IMAGE_CELEBA_ATTRACTIVENESS","LightGBM 💡","all","dino-large","259","2.6572265625","3.1310348510742188"
"tabpfnv2_BIN_IMAGE_CELEBA_ATTRACTIVENESS_3","0.9124356784739128","3","2026-03-30T12:37:46.000Z","BIN_IMAGE_CELEBA_ATTRACTIVENESS","TabPFN-v2 🤯","ft","dino-large","839","14.8310546875","7.425727844238281"
"tabpfnv2_BIN_IMAGE_CELEBA_ATTRACTIVENESS_3","0.9024068732359418","3","2026-03-30T12:35:35.000Z","BIN_IMAGE_CELEBA_ATTRACTIVENESS","TabPFN-v2 🤯","all","dino-large","405","2.6572265625","3.2448654174804688"
"tabpfnv2p5_BIN_IMAGE_CELEBA_ATTRACTIVENESS_3","0.912231070236155","3","2026-03-30T12:35:00.000Z","BIN_IMAGE_CELEBA_ATTRACTIVENESS","TabPFN-v2p5 🇩🇪","ft","dino-large","816","14.8310546875","7.278312683105469"
"tabpfnv2p5_BIN_IMAGE_CELEBA_ATTRACTIVENESS_3","0.90257296109642","3","2026-03-30T12:34:58.000Z","BIN_IMAGE_CELEBA_ATTRACTIVENESS","TabPFN-v2p5 🇩🇪","all","dino-large","335","2.6572265625","3.297252655029297"
"tabm_BIN_IMAGE_CELEBA_ATTRACTIVENESS_3","0.9125367319311916","3","2026-03-30T12:33:40.000Z","BIN_IMAGE_CELEBA_ATTRACTIVENESS","TabM Ⓜ️","ft","dino-large","765","15.8720703125","7.167560577392578"
"tabm_BIN_IMAGE_CELEBA_ATTRACTIVENESS_3","0.9008905711121185","3","2026-03-30T12:33:39.000Z","BIN_IMAGE_CELEBA_ATTRACTIVENESS","TabM Ⓜ️","all","dino-large","272","2.6845703125","3.0569305419921875"
"cat_BIN_IMAGE_CELEBA_ATTRACTIVENESS_3","0.9106807501168118","3","2026-03-30T12:32:33.000Z","BIN_IMAGE_CELEBA_ATTRACTIVENESS","CatBoost 😸","ft","dino-large","744","15.8583984375","7.155891418457031"
"cat_BIN_IMAGE_CELEBA_ATTRACTIVENESS_3","0.8996509153342118","3","2026-03-30T12:32:30.000Z","BIN_IMAGE_CELEBA_ATTRACTIVENESS","CatBoost 😸","all","dino-large","241","2.6572265625","3.2123756408691406"
"light_BIN_IMAGE_CELEBA_ATTRACTIVENESS_3","0.9041633023869629","3","2026-03-30T12:32:29.000Z","BIN_IMAGE_CELEBA_ATTRACTIVENESS","LightGBM 💡","ft","dino-large","756","15.8583984375","7.182647705078125"
"light_BIN_IMAGE_CELEBA_ATTRACTIVENESS_3","0.8960069876964915","3","2026-03-30T12:32:10.000Z","BIN_IMAGE_CELEBA_ATTRACTIVENESS","LightGBM 💡","all","dino-large","259","2.6572265625","3.1533432006835938"
"tabpfnv2_BIN_IMAGE_CELEBA_ATTRACTIVENESS_2","0.9244795496817816","2","2026-03-30T12:30:58.000Z","BIN_IMAGE_CELEBA_ATTRACTIVENESS","TabPFN-v2 🤯","ft","dino-large","722","14.8310546875","7.30975341796875"
"tabpfnv2_BIN_IMAGE_CELEBA_ATTRACTIVENESS_2","0.910473640555854","2","2026-03-30T12:29:26.000Z","BIN_IMAGE_CELEBA_ATTRACTIVENESS","TabPFN-v2 🤯","all","dino-large","258","2.6572265625","3.2634048461914062"
"tabpfnv2p5_BIN_IMAGE_CELEBA_ATTRACTIVENESS_2","0.9246971648001792","2","2026-03-30T12:28:31.000Z","BIN_IMAGE_CELEBA_ATTRACTIVENESS","TabPFN-v2p5 🇩🇪","ft","dino-large","789","14.8310546875","7.317344665527344"
"tabpfnv2p5_BIN_IMAGE_CELEBA_ATTRACTIVENESS_2","0.9110714568006476","2","2026-03-30T12:28:07.000Z","BIN_IMAGE_CELEBA_ATTRACTIVENESS","TabPFN-v2p5 🇩🇪","all","dino-large","255","2.6572265625","3.287311553955078"
"tabm_BIN_IMAGE_CELEBA_ATTRACTIVENESS_2","0.9233914740897936","2","2026-03-30T12:27:14.000Z","BIN_IMAGE_CELEBA_ATTRACTIVENESS","TabM Ⓜ️","ft","dino-large","843","15.8720703125","7.241794586181641"
"tabm_BIN_IMAGE_CELEBA_ATTRACTIVENESS_2","0.89705554238192","2","2026-03-30T12:26:44.000Z","BIN_IMAGE_CELEBA_ATTRACTIVENESS","TabM Ⓜ️","all","dino-large","330","2.6845703125","3.0813140869140625"
"cat_BIN_IMAGE_CELEBA_ATTRACTIVENESS_2","0.921515481689814","2","2026-03-30T12:26:28.000Z","BIN_IMAGE_CELEBA_ATTRACTIVENESS","CatBoost 😸","ft","dino-large","743","15.8583984375","7.113094329833984"
"cat_BIN_IMAGE_CELEBA_ATTRACTIVENESS_2","0.9070558325354112","2","2026-03-30T12:26:24.000Z","BIN_IMAGE_CELEBA_ATTRACTIVENESS","CatBoost 😸","all","dino-large","269","2.6572265625","3.039756774902344"
"light_BIN_IMAGE_CELEBA_ATTRACTIVENESS_2","0.9142656465270128","2","2026-03-30T12:26:19.000Z","BIN_IMAGE_CELEBA_ATTRACTIVENESS","LightGBM 💡","ft","dino-large","762","15.8583984375","7.289222717285156"
"light_BIN_IMAGE_CELEBA_ATTRACTIVENESS_2","0.905155827432712","2","2026-03-30T12:25:24.000Z","BIN_IMAGE_CELEBA_ATTRACTIVENESS","LightGBM 💡","all","dino-large","238","2.6572265625","2.9866943359375"
"tabpfnv2_BIN_IMAGE_CELEBA_ATTRACTIVENESS_1","0.9140835501980548","1","2026-03-30T12:24:40.000Z","BIN_IMAGE_CELEBA_ATTRACTIVENESS","TabPFN-v2 🤯","ft","dino-large","728","14.8310546875","7.27813720703125"
"tabpfnv2_BIN_IMAGE_CELEBA_ATTRACTIVENESS_1","0.9024338875265016","1","2026-03-30T12:23:39.000Z","BIN_IMAGE_CELEBA_ATTRACTIVENESS","TabPFN-v2 🤯","all","dino-large","261","2.6572265625","3.2680435180664062"
"tabpfnv2p5_BIN_IMAGE_CELEBA_ATTRACTIVENESS_1","0.9136268085817396","1","2026-03-30T12:23:19.000Z","BIN_IMAGE_CELEBA_ATTRACTIVENESS","TabPFN-v2p5 🇩🇪","ft","dino-large","727","14.8310546875","7.279609680175781"
"tabpfnv2p5_BIN_IMAGE_CELEBA_ATTRACTIVENESS_1","0.9041928180007224","1","2026-03-30T12:22:36.000Z","BIN_IMAGE_CELEBA_ATTRACTIVENESS","TabPFN-v2p5 🇩🇪","all","dino-large","276","2.6572265625","3.237266540527344"
"tabm_BIN_IMAGE_CELEBA_ATTRACTIVENESS_1","0.912519722933432","1","2026-03-30T12:22:03.000Z","BIN_IMAGE_CELEBA_ATTRACTIVENESS","TabM Ⓜ️","ft","dino-large","771","15.8720703125","7.2857666015625"
"tabm_BIN_IMAGE_CELEBA_ATTRACTIVENESS_1","0.8990796131153381","1","2026-03-30T12:21:27.000Z","BIN_IMAGE_CELEBA_ATTRACTIVENESS","TabM Ⓜ️","all","dino-large","244","2.6845703125","3.048370361328125"
"cat_BIN_IMAGE_CELEBA_ATTRACTIVENESS_1","0.9058692048093442","1","2026-03-30T12:20:27.000Z","BIN_IMAGE_CELEBA_ATTRACTIVENESS","CatBoost 😸","ft","dino-large","783","15.8583984375","7.138664245605469"
"cat_BIN_IMAGE_CELEBA_ATTRACTIVENESS_1","0.8963161512440081","1","2026-03-30T12:20:07.000Z","BIN_IMAGE_CELEBA_ATTRACTIVENESS","CatBoost 😸","all","dino-large","266","2.6572265625","3.222381591796875"
"light_BIN_IMAGE_CELEBA_ATTRACTIVENESS_1","0.9032828366205724","1","2026-03-30T12:19:47.000Z","BIN_IMAGE_CELEBA_ATTRACTIVENESS","LightGBM 💡","ft","dino-large","760","15.8583984375","7.160541534423828"
"light_BIN_IMAGE_CELEBA_ATTRACTIVENESS_1","0.8887991747634498","1","2026-03-30T12:19:00.000Z","BIN_IMAGE_CELEBA_ATTRACTIVENESS","LightGBM 💡","all","dino-large","271","2.6572265625","3.103168487548828"
"tabpfnv2_BIN_IMAGE_CELEBA_ATTRACTIVENESS_0","0.9151356067359632","0","2026-03-30T12:18:44.000Z","BIN_IMAGE_CELEBA_ATTRACTIVENESS","TabPFN-v2 🤯","ft","dino-large","820","14.8310546875","7.289169311523437"
"tabpfnv2_BIN_IMAGE_CELEBA_ATTRACTIVENESS_0","0.9055465341165476","0","2026-03-30T12:18:35.000Z","BIN_IMAGE_CELEBA_ATTRACTIVENESS","TabPFN-v2 🤯","all","dino-large","279","2.6572265625","3.3069496154785156"
"tabpfnv2p5_BIN_IMAGE_CELEBA_ATTRACTIVENESS_0","0.9154092514940404","0","2026-03-30T12:18:32.000Z","BIN_IMAGE_CELEBA_ATTRACTIVENESS","TabPFN-v2p5 🇩🇪","ft","dino-large","809","14.8310546875","7.235996246337891"
"tabpfnv2p5_BIN_IMAGE_CELEBA_ATTRACTIVENESS_0","0.9074415365728472","0","2026-03-30T12:16:43.000Z","BIN_IMAGE_CELEBA_ATTRACTIVENESS","TabPFN-v2p5 🇩🇪","all","dino-large","279","2.6572265625","3.2630882263183594"
"tabm_BIN_IMAGE_CELEBA_ATTRACTIVENESS_0","0.9145938201308492","0","2026-03-30T12:15:34.000Z","BIN_IMAGE_CELEBA_ATTRACTIVENESS","TabM Ⓜ️","ft","dino-large","666","15.8720703125","7.350410461425781"
"tabm_BIN_IMAGE_CELEBA_ATTRACTIVENESS_0","0.907804228436843","0","2026-03-30T12:14:38.000Z","BIN_IMAGE_CELEBA_ATTRACTIVENESS","TabM Ⓜ️","all","dino-large","241","2.6845703125","3.28622055053711"
"cat_BIN_IMAGE_CELEBA_ATTRACTIVENESS_0","0.910019400262739","0","2026-03-30T12:14:37.000Z","BIN_IMAGE_CELEBA_ATTRACTIVENESS","CatBoost 😸","ft","dino-large","698","15.8583984375","7.250804901123047"
"cat_BIN_IMAGE_CELEBA_ATTRACTIVENESS_0","0.9053939534013492","0","2026-03-30T12:13:43.000Z","BIN_IMAGE_CELEBA_ATTRACTIVENESS","CatBoost 😸","all","dino-large","285","2.6572265625","3.117694854736328"
"light_BIN_IMAGE_CELEBA_ATTRACTIVENESS_0","0.9036910525668078","0","2026-03-30T12:13:40.000Z","BIN_IMAGE_CELEBA_ATTRACTIVENESS","LightGBM 💡","ft","dino-large","674","15.8583984375","7.2374267578125"
"light_BIN_IMAGE_CELEBA_ATTRACTIVENESS_0","0.8984142611441454","0","2026-03-30T12:13:39.000Z","BIN_IMAGE_CELEBA_ATTRACTIVENESS","LightGBM 💡","all","dino-large","238","2.6572265625","3.0842018127441406"
"tabpfnv2_REG_IMAGE_MANGO_MASS_4","0.5964545688946689","4","2026-03-30T11:46:15.000Z","REG_IMAGE_MANGO_MASS","TabPFN-v2 🤯","ft","dino-large","249","16.2646484375","3.434101104736328"
"tabpfnv2_REG_IMAGE_MANGO_MASS_4","0.5557902911029291","4","2026-03-30T11:46:15.000Z","REG_IMAGE_MANGO_MASS","TabPFN-v2 🤯","all","dino-large","88","2.6572265625","1.7831382751464844"
"tabpfnv2p5_REG_IMAGE_MANGO_MASS_4","0.5756217759399114","4","2026-03-30T11:46:12.000Z","REG_IMAGE_MANGO_MASS","TabPFN-v2p5 🇩🇪","ft","dino-large","192","16.2646484375","3.355995178222656"
"tabpfnv2p5_REG_IMAGE_MANGO_MASS_4","0.5543815261104114","4","2026-03-30T11:45:52.000Z","REG_IMAGE_MANGO_MASS","TabPFN-v2p5 🇩🇪","all","dino-large","53","2.6572265625","2.0929946899414062"
"tabm_REG_IMAGE_MANGO_MASS_4","0.62199537666333","4","2026-03-30T11:45:24.000Z","REG_IMAGE_MANGO_MASS","TabM Ⓜ️","ft","dino-large","158","15.6025390625","3.339683532714844"
"tabm_REG_IMAGE_MANGO_MASS_4","0.5628564841149754","4","2026-03-30T11:45:09.000Z","REG_IMAGE_MANGO_MASS","TabM Ⓜ️","all","dino-large","33","2.6787109375","1.8291778564453125"
"cat_REG_IMAGE_MANGO_MASS_4","0.5393782293939662","4","2026-03-30T11:45:01.000Z","REG_IMAGE_MANGO_MASS","CatBoost 😸","all","dino-large","77","2.6572265625","1.7542762756347656"
"cat_REG_IMAGE_MANGO_MASS_4","0.512405133997575","4","2026-03-30T11:45:01.000Z","REG_IMAGE_MANGO_MASS","CatBoost 😸","ft","dino-large","148","15.5908203125","3.3270912170410156"
"light_REG_IMAGE_MANGO_MASS_4","0.5121862536077129","4","2026-03-30T11:44:23.000Z","REG_IMAGE_MANGO_MASS","LightGBM 💡","ft","dino-large","147","15.5908203125","3.3727989196777344"
"light_REG_IMAGE_MANGO_MASS_4","0.5654025566775018","4","2026-03-30T11:44:13.000Z","REG_IMAGE_MANGO_MASS","LightGBM 💡","all","dino-large","43","2.6572265625","1.7164459228515625"
"tabpfnv2_REG_IMAGE_MANGO_MASS_3","0.5752355965021718","3","2026-03-30T11:43:42.000Z","REG_IMAGE_MANGO_MASS","TabPFN-v2 🤯","ft","dino-large","200","16.2646484375","3.35211181640625"
"tabpfnv2_REG_IMAGE_MANGO_MASS_3","0.510098379328479","3","2026-03-30T11:43:38.000Z","REG_IMAGE_MANGO_MASS","TabPFN-v2 🤯","all","dino-large","98","2.6572265625","1.7965431213378906"
"tabpfnv2p5_REG_IMAGE_MANGO_MASS_3","0.5876788635447241","3","2026-03-30T11:43:21.000Z","REG_IMAGE_MANGO_MASS","TabPFN-v2p5 🇩🇪","ft","dino-large","238","16.2646484375","3.3743209838867188"
"tabpfnv2p5_REG_IMAGE_MANGO_MASS_3","0.4862990906125126","3","2026-03-30T11:43:15.000Z","REG_IMAGE_MANGO_MASS","TabPFN-v2p5 🇩🇪","all","dino-large","54","2.6572265625","1.8016891479492188"
"tabm_REG_IMAGE_MANGO_MASS_3","0.6702692551028623","3","2026-03-30T11:43:10.000Z","REG_IMAGE_MANGO_MASS","TabM Ⓜ️","ft","dino-large","209","15.6025390625","3.33084487915039"
"tabm_REG_IMAGE_MANGO_MASS_3","0.6112641111726291","3","2026-03-30T11:43:02.000Z","REG_IMAGE_MANGO_MASS","TabM Ⓜ️","all","dino-large","34","2.6806640625","1.7884407043457031"
"cat_REG_IMAGE_MANGO_MASS_3","0.6283447479199222","3","2026-03-30T11:42:32.000Z","REG_IMAGE_MANGO_MASS","CatBoost 😸","ft","dino-large","213","15.5908203125","3.4036407470703125"
"cat_REG_IMAGE_MANGO_MASS_3","0.45616767270944103","3","2026-03-30T11:42:19.000Z","REG_IMAGE_MANGO_MASS","CatBoost 😸","all","dino-large","37","2.6572265625","1.7634124755859375"
"light_REG_IMAGE_MANGO_MASS_3","0.5465350009574717","3","2026-03-30T11:41:39.000Z","REG_IMAGE_MANGO_MASS","LightGBM 💡","ft","dino-large","204","15.5908203125","3.34000015258789"
"light_REG_IMAGE_MANGO_MASS_3","0.41325500010685257","3","2026-03-30T11:41:37.000Z","REG_IMAGE_MANGO_MASS","LightGBM 💡","all","dino-large","40","2.6572265625","1.721588134765625"
"tabpfnv2_REG_IMAGE_MANGO_MASS_2","0.5686292808177917","2","2026-03-30T11:41:35.000Z","REG_IMAGE_MANGO_MASS","TabPFN-v2 🤯","ft","dino-large","169","16.2646484375","3.35567855834961"
"tabpfnv2_REG_IMAGE_MANGO_MASS_2","0.6454672393406022","2","2026-03-30T11:40:47.000Z","REG_IMAGE_MANGO_MASS","TabPFN-v2 🤯","all","dino-large","36","2.6572265625","1.7577476501464844"
"tabpfnv2p5_REG_IMAGE_MANGO_MASS_2","0.5774804117914761","2","2026-03-30T11:40:40.000Z","REG_IMAGE_MANGO_MASS","TabPFN-v2p5 🇩🇪","ft","dino-large","169","16.2646484375","3.2386322021484375"
"tabpfnv2p5_REG_IMAGE_MANGO_MASS_2","0.6401097827881743","2","2026-03-30T11:40:39.000Z","REG_IMAGE_MANGO_MASS","TabPFN-v2p5 🇩🇪","all","dino-large","53","2.6572265625","1.7897300720214844"
"tabm_REG_IMAGE_MANGO_MASS_2","0.6288184362342766","2","2026-03-30T11:40:11.000Z","REG_IMAGE_MANGO_MASS","TabM Ⓜ️","ft","dino-large","194","15.6025390625","3.33975601196289"
"tabm_REG_IMAGE_MANGO_MASS_2","0.6065283390134201","2","2026-03-30T11:40:10.000Z","REG_IMAGE_MANGO_MASS","TabM Ⓜ️","all","dino-large","32","2.6806640625","1.7672386169433594"
"cat_REG_IMAGE_MANGO_MASS_2","0.5698346558162759","2","2026-03-30T11:40:04.000Z","REG_IMAGE_MANGO_MASS","CatBoost 😸","ft","dino-large","223","15.5908203125","3.3854217529296875"
"cat_REG_IMAGE_MANGO_MASS_2","0.5415371956819184","2","2026-03-30T11:39:52.000Z","REG_IMAGE_MANGO_MASS","CatBoost 😸","all","dino-large","42","2.6572265625","1.6983909606933594"
"light_REG_IMAGE_MANGO_MASS_2","0.5534032949806692","2","2026-03-30T11:39:39.000Z","REG_IMAGE_MANGO_MASS","LightGBM 💡","ft","dino-large","204","15.5908203125","3.3399429321289062"
"light_REG_IMAGE_MANGO_MASS_2","0.5782143760680756","2","2026-03-30T11:39:27.000Z","REG_IMAGE_MANGO_MASS","LightGBM 💡","all","dino-large","33","2.6572265625","1.7833099365234375"
"tabpfnv2_REG_IMAGE_MANGO_MASS_1","0.4589395914990272","1","2026-03-30T11:39:23.000Z","REG_IMAGE_MANGO_MASS","TabPFN-v2 🤯","ft","dino-large","180","16.2646484375","3.385101318359375"
"tabpfnv2_REG_IMAGE_MANGO_MASS_1","0.5932990296249337","1","2026-03-30T11:38:56.000Z","REG_IMAGE_MANGO_MASS","TabPFN-v2 🤯","all","dino-large","38","2.6572265625","1.7473106384277344"
"tabpfnv2p5_REG_IMAGE_MANGO_MASS_1","0.4817501411590699","1","2026-03-30T11:38:51.000Z","REG_IMAGE_MANGO_MASS","TabPFN-v2p5 🇩🇪","ft","dino-large","160","16.2646484375","3.316253662109375"
"tabpfnv2p5_REG_IMAGE_MANGO_MASS_1","0.6263412716220258","1","2026-03-30T11:38:43.000Z","REG_IMAGE_MANGO_MASS","TabPFN-v2p5 🇩🇪","all","dino-large","37","2.6572265625","1.7359275817871094"
"tabm_REG_IMAGE_MANGO_MASS_1","0.7009541499647975","1","2026-03-30T11:38:09.000Z","REG_IMAGE_MANGO_MASS","TabM Ⓜ️","ft","dino-large","230","15.6005859375","3.4601097106933594"
"tabm_REG_IMAGE_MANGO_MASS_1","0.5277122304830885","1","2026-03-30T11:38:00.000Z","REG_IMAGE_MANGO_MASS","TabM Ⓜ️","all","dino-large","36","2.6806640625","1.7893142700195312"
"cat_REG_IMAGE_MANGO_MASS_1","0.6964223438576107","1","2026-03-30T11:37:44.000Z","REG_IMAGE_MANGO_MASS","CatBoost 😸","ft","dino-large","234","15.5908203125","3.3325653076171875"
"cat_REG_IMAGE_MANGO_MASS_1","0.6026405311404133","1","2026-03-30T11:37:42.000Z","REG_IMAGE_MANGO_MASS","CatBoost 😸","all","dino-large","66","2.6572265625","1.7287940979003906"
"light_REG_IMAGE_MANGO_MASS_1","0.7182593544271749","1","2026-03-30T11:37:39.000Z","REG_IMAGE_MANGO_MASS","LightGBM 💡","ft","dino-large","229","15.5908203125","3.341552734375"
"light_REG_IMAGE_MANGO_MASS_1","0.5768563729893904","1","2026-03-30T11:37:07.000Z","REG_IMAGE_MANGO_MASS","LightGBM 💡","all","dino-large","32","2.6572265625","1.73455810546875"
"tabpfnv2_REG_IMAGE_MANGO_MASS_0","0.5036045888652076","0","2026-03-30T11:36:41.000Z","REG_IMAGE_MANGO_MASS","TabPFN-v2 🤯","ft","dino-large","204","16.2646484375","3.3532028198242188"
"tabpfnv2_REG_IMAGE_MANGO_MASS_0","0.379329787937852","0","2026-03-30T11:36:11.000Z","REG_IMAGE_MANGO_MASS","TabPFN-v2 🤯","all","dino-large","49","2.6572265625","1.7181549072265625"
"tabpfnv2p5_REG_IMAGE_MANGO_MASS_0","0.47607886500398866","0","2026-03-30T11:35:46.000Z","REG_IMAGE_MANGO_MASS","TabPFN-v2p5 🇩🇪","ft","dino-large","215","16.2646484375","3.34664535522461"
"tabpfnv2p5_REG_IMAGE_MANGO_MASS_0","0.3853329660333764","0","2026-03-30T11:35:23.000Z","REG_IMAGE_MANGO_MASS","TabPFN-v2p5 🇩🇪","all","dino-large","36","2.6572265625","1.7856941223144531"
"tabm_REG_IMAGE_MANGO_MASS_0","0.6377934944829942","0","2026-03-30T11:35:02.000Z","REG_IMAGE_MANGO_MASS","TabM Ⓜ️","ft","dino-large","223","15.6025390625","3.3740196228027344"
"tabm_REG_IMAGE_MANGO_MASS_0","0.4089256782118609","0","2026-03-30T11:34:44.000Z","REG_IMAGE_MANGO_MASS","TabM Ⓜ️","all","dino-large","36","2.6806640625","1.6995849609375"
"cat_REG_IMAGE_MANGO_MASS_0","0.44256559732068","0","2026-03-30T11:34:27.000Z","REG_IMAGE_MANGO_MASS","CatBoost 😸","all","dino-large","74","2.6572265625","1.7934646606445312"
"cat_REG_IMAGE_MANGO_MASS_0","0.542118451569032","0","2026-03-30T11:34:27.000Z","REG_IMAGE_MANGO_MASS","CatBoost 😸","ft","dino-large","218","15.5908203125","3.4825706481933594"
"light_REG_IMAGE_MANGO_MASS_0","0.46157574253235367","0","2026-03-30T11:33:59.000Z","REG_IMAGE_MANGO_MASS","LightGBM 💡","ft","dino-large","213","15.5908203125","3.3414993286132812"
"light_REG_IMAGE_MANGO_MASS_0","0.4338590493103144","0","2026-03-30T11:33:00.000Z","REG_IMAGE_MANGO_MASS","LightGBM 💡","all","dino-large","51","2.6572265625","1.7210731506347656"
"tabpfnv2_REG_IMAGE_LETTERBOXD_MOVIES_4","0.4848106738373187","4","2026-03-30T11:31:26.000Z","REG_IMAGE_LETTERBOXD_MOVIES","TabPFN-v2 🤯","ft","dino-large","1020","14.8486328125","10.119426727294922"
"tabpfnv2_REG_IMAGE_LETTERBOXD_MOVIES_4","0.4809044760446025","4","2026-03-30T11:31:07.000Z","REG_IMAGE_LETTERBOXD_MOVIES","TabPFN-v2 🤯","all","dino-large","538","2.6884765625","4.8471221923828125"
"tabpfnv2p5_REG_IMAGE_LETTERBOXD_MOVIES_4","0.4969423451266064","4","2026-03-30T11:31:06.000Z","REG_IMAGE_LETTERBOXD_MOVIES","TabPFN-v2p5 🇩🇪","ft","dino-large","1002","14.8486328125","10.115142822265623"
"tabpfnv2p5_REG_IMAGE_LETTERBOXD_MOVIES_4","0.5042113939565187","4","2026-03-30T11:29:27.000Z","REG_IMAGE_LETTERBOXD_MOVIES","TabPFN-v2p5 🇩🇪","all","dino-large","506","2.6884765625","4.831306457519531"
"tabm_REG_IMAGE_LETTERBOXD_MOVIES_4","0.4832442419160162","4","2026-03-30T11:28:32.000Z","REG_IMAGE_LETTERBOXD_MOVIES","TabM Ⓜ️","ft","dino-large","946","16.7744140625","9.717262268066406"
"tabm_REG_IMAGE_LETTERBOXD_MOVIES_4","0.4840399247633097","4","2026-03-30T11:28:26.000Z","REG_IMAGE_LETTERBOXD_MOVIES","TabM Ⓜ️","all","dino-large","489","2.7138671875","4.584663391113281"
"cat_REG_IMAGE_LETTERBOXD_MOVIES_4","0.4705106621256604","4","2026-03-30T11:27:35.000Z","REG_IMAGE_LETTERBOXD_MOVIES","CatBoost 😸","ft","dino-large","960","16.7548828125","10.035388946533203"
"cat_REG_IMAGE_LETTERBOXD_MOVIES_4","0.4597735988791089","4","2026-03-30T11:26:05.000Z","REG_IMAGE_LETTERBOXD_MOVIES","CatBoost 😸","all","dino-large","513","2.6884765625","4.713710784912109"
"light_REG_IMAGE_LETTERBOXD_MOVIES_4","0.4468711252387987","4","2026-03-30T11:24:43.000Z","REG_IMAGE_LETTERBOXD_MOVIES","LightGBM 💡","ft","dino-large","903","16.7548828125","9.711944580078123"
"light_REG_IMAGE_LETTERBOXD_MOVIES_4","0.4362111535628288","4","2026-03-30T11:23:26.000Z","REG_IMAGE_LETTERBOXD_MOVIES","LightGBM 💡","all","dino-large","473","2.6884765625","4.558650970458984"
"tabpfnv2_REG_IMAGE_LETTERBOXD_MOVIES_3","0.5241147279136265","3","2026-03-30T11:22:44.000Z","REG_IMAGE_LETTERBOXD_MOVIES","TabPFN-v2 🤯","ft","dino-large","924","14.8486328125","10.10500717163086"
"tabpfnv2_REG_IMAGE_LETTERBOXD_MOVIES_3","0.5170954257605914","3","2026-03-30T11:22:17.000Z","REG_IMAGE_LETTERBOXD_MOVIES","TabPFN-v2 🤯","all","dino-large","523","2.6884765625","4.84014892578125"
"tabpfnv2p5_REG_IMAGE_LETTERBOXD_MOVIES_3","0.5347459341600304","3","2026-03-30T11:20:27.000Z","REG_IMAGE_LETTERBOXD_MOVIES","TabPFN-v2p5 🇩🇪","ft","dino-large","936","14.8486328125","10.154258728027344"
"tabpfnv2p5_REG_IMAGE_LETTERBOXD_MOVIES_3","0.5320115064708224","3","2026-03-30T11:19:51.000Z","REG_IMAGE_LETTERBOXD_MOVIES","TabPFN-v2p5 🇩🇪","all","dino-large","516","2.6884765625","4.850376129150391"
"tabm_REG_IMAGE_LETTERBOXD_MOVIES_3","0.5207147872170658","3","2026-03-30T11:19:10.000Z","REG_IMAGE_LETTERBOXD_MOVIES","TabM Ⓜ️","ft","dino-large","911","16.7744140625","9.723957061767578"
"tabm_REG_IMAGE_LETTERBOXD_MOVIES_3","0.5147447174230364","3","2026-03-30T11:18:37.000Z","REG_IMAGE_LETTERBOXD_MOVIES","TabM Ⓜ️","all","dino-large","463","2.7138671875","4.534305572509766"
"cat_REG_IMAGE_LETTERBOXD_MOVIES_3","0.49854564842189775","3","2026-03-30T11:16:44.000Z","REG_IMAGE_LETTERBOXD_MOVIES","CatBoost 😸","ft","dino-large","994","16.7548828125","9.881561279296877"
"cat_REG_IMAGE_LETTERBOXD_MOVIES_3","0.486817417146015","3","2026-03-30T11:16:41.000Z","REG_IMAGE_LETTERBOXD_MOVIES","CatBoost 😸","all","dino-large","2151","2.6884765625","4.799343109130859"
"light_REG_IMAGE_LETTERBOXD_MOVIES_3","0.4789615636431932","3","2026-03-30T11:16:35.000Z","REG_IMAGE_LETTERBOXD_MOVIES","LightGBM 💡","ft","dino-large","909","16.7548828125","9.732402801513672"
"light_REG_IMAGE_LETTERBOXD_MOVIES_3","0.4721091813222449","3","2026-03-30T11:16:33.000Z","REG_IMAGE_LETTERBOXD_MOVIES","LightGBM 💡","all","dino-large","483","2.6884765625","4.572887420654297"
"tabpfnv2_REG_IMAGE_LETTERBOXD_MOVIES_2","0.4624958468382128","2","2026-03-30T11:15:54.000Z","REG_IMAGE_LETTERBOXD_MOVIES","TabPFN-v2 🤯","ft","dino-large","1011","14.8486328125","10.110671997070312"
"tabpfnv2_REG_IMAGE_LETTERBOXD_MOVIES_2","0.4693533095944683","2","2026-03-30T11:14:00.000Z","REG_IMAGE_LETTERBOXD_MOVIES","TabPFN-v2 🤯","all","dino-large","521","2.6884765625","4.858081817626953"
"tabpfnv2p5_REG_IMAGE_LETTERBOXD_MOVIES_2","0.4710630416600843","2","2026-03-30T11:13:49.000Z","REG_IMAGE_LETTERBOXD_MOVIES","TabPFN-v2p5 🇩🇪","ft","dino-large","1030","14.8486328125","10.142505645751951"
"tabpfnv2p5_REG_IMAGE_LETTERBOXD_MOVIES_2","0.4816851942527165","2","2026-03-30T11:13:23.000Z","REG_IMAGE_LETTERBOXD_MOVIES","TabPFN-v2p5 🇩🇪","all","dino-large","528","2.6884765625","4.896903991699219"
"tabm_REG_IMAGE_LETTERBOXD_MOVIES_2","0.46875171921293446","2","2026-03-30T11:11:47.000Z","REG_IMAGE_LETTERBOXD_MOVIES","TabM Ⓜ️","ft","dino-large","1054","16.7744140625","9.730133056640623"
"tabm_REG_IMAGE_LETTERBOXD_MOVIES_2","0.4670238192319597","2","2026-03-30T11:11:10.000Z","REG_IMAGE_LETTERBOXD_MOVIES","TabM Ⓜ️","all","dino-large","515","2.7138671875","4.584968566894531"
"cat_REG_IMAGE_LETTERBOXD_MOVIES_2","0.4468948499657917","2","2026-03-30T11:10:39.000Z","REG_IMAGE_LETTERBOXD_MOVIES","CatBoost 😸","ft","dino-large","986","16.7548828125","10.012908935546877"
"cat_REG_IMAGE_LETTERBOXD_MOVIES_2","0.4478421748809413","2","2026-03-30T11:10:21.000Z","REG_IMAGE_LETTERBOXD_MOVIES","CatBoost 😸","all","dino-large","523","2.6884765625","4.848030090332031"
"light_REG_IMAGE_LETTERBOXD_MOVIES_2","0.43702207005786886","2","2026-03-30T11:09:31.000Z","REG_IMAGE_LETTERBOXD_MOVIES","LightGBM 💡","ft","dino-large","987","16.7548828125","9.74628448486328"
"light_REG_IMAGE_LETTERBOXD_MOVIES_2","0.4419421197028012","2","2026-03-30T11:08:44.000Z","REG_IMAGE_LETTERBOXD_MOVIES","LightGBM 💡","all","dino-large","466","2.6884765625","4.547237396240234"
"tabpfnv2_REG_IMAGE_LETTERBOXD_MOVIES_1","0.4575541147360731","1","2026-03-30T11:07:44.000Z","REG_IMAGE_LETTERBOXD_MOVIES","TabPFN-v2 🤯","ft","dino-large","934","14.8486328125","10.110729217529297"
"tabpfnv2_REG_IMAGE_LETTERBOXD_MOVIES_1","0.4516426726960364","1","2026-03-30T11:06:36.000Z","REG_IMAGE_LETTERBOXD_MOVIES","TabPFN-v2 🤯","all","dino-large","521","2.6884765625","4.860748291015625"
"tabpfnv2p5_REG_IMAGE_LETTERBOXD_MOVIES_1","0.4754702827801266","1","2026-03-30T11:03:28.000Z","REG_IMAGE_LETTERBOXD_MOVIES","TabPFN-v2p5 🇩🇪","ft","dino-large","902","14.8486328125","10.112159729003906"
"tabpfnv2p5_REG_IMAGE_LETTERBOXD_MOVIES_1","0.4673868114492952","1","2026-03-30T11:02:59.000Z","REG_IMAGE_LETTERBOXD_MOVIES","TabPFN-v2p5 🇩🇪","all","dino-large","544","2.6884765625","4.851207733154297"
"tabm_REG_IMAGE_LETTERBOXD_MOVIES_1","0.46308944650965744","1","2026-03-30T10:59:47.000Z","REG_IMAGE_LETTERBOXD_MOVIES","TabM Ⓜ️","ft","dino-large","1009","16.7744140625","9.709861755371094"
"tabm_REG_IMAGE_LETTERBOXD_MOVIES_1","0.4562744571019359","1","2026-03-30T10:59:21.000Z","REG_IMAGE_LETTERBOXD_MOVIES","TabM Ⓜ️","all","dino-large","600","2.7138671875","4.5645294189453125"
"cat_REG_IMAGE_LETTERBOXD_MOVIES_1","0.4501187429329554","1","2026-03-30T10:59:14.000Z","REG_IMAGE_LETTERBOXD_MOVIES","CatBoost 😸","ft","dino-large","993","16.7548828125","10.026115417480469"
"cat_REG_IMAGE_LETTERBOXD_MOVIES_1","0.4394609500063311","1","2026-03-30T10:58:44.000Z","REG_IMAGE_LETTERBOXD_MOVIES","CatBoost 😸","all","dino-large","543","2.6884765625","4.670066833496094"
"light_REG_IMAGE_LETTERBOXD_MOVIES_1","0.4397425441976454","1","2026-03-30T10:58:23.000Z","REG_IMAGE_LETTERBOXD_MOVIES","LightGBM 💡","ft","dino-large","1243","16.7548828125","9.728233337402344"
"light_REG_IMAGE_LETTERBOXD_MOVIES_1","0.43108442425499993","1","2026-03-30T10:57:57.000Z","REG_IMAGE_LETTERBOXD_MOVIES","LightGBM 💡","all","dino-large","512","2.6884765625","4.532958984375"
"tabpfnv2_REG_IMAGE_LETTERBOXD_MOVIES_0","0.5232055363440662","0","2026-03-30T10:57:52.000Z","REG_IMAGE_LETTERBOXD_MOVIES","TabPFN-v2 🤯","ft","dino-large","962","14.8486328125","10.099021911621094"
"tabpfnv2_REG_IMAGE_LETTERBOXD_MOVIES_0","0.5123550034754139","0","2026-03-30T10:57:03.000Z","REG_IMAGE_LETTERBOXD_MOVIES","TabPFN-v2 🤯","all","dino-large","697","2.6884765625","4.847560882568359"
"tabpfnv2p5_REG_IMAGE_LETTERBOXD_MOVIES_0","0.5289371310535278","0","2026-03-30T10:56:43.000Z","REG_IMAGE_LETTERBOXD_MOVIES","TabPFN-v2p5 🇩🇪","ft","dino-large","916","14.8486328125","10.101802825927734"
"tabpfnv2p5_REG_IMAGE_LETTERBOXD_MOVIES_0","0.5259996448080313","0","2026-03-30T10:55:37.000Z","REG_IMAGE_LETTERBOXD_MOVIES","TabPFN-v2p5 🇩🇪","all","dino-large","721","2.6884765625","4.86700439453125"
"tabm_REG_IMAGE_LETTERBOXD_MOVIES_0","0.5119763388100842","0","2026-03-30T10:55:02.000Z","REG_IMAGE_LETTERBOXD_MOVIES","TabM Ⓜ️","ft","dino-large","932","16.7744140625","9.71442413330078"
"tabm_REG_IMAGE_LETTERBOXD_MOVIES_0","0.514763377419883","0","2026-03-30T10:54:15.000Z","REG_IMAGE_LETTERBOXD_MOVIES","TabM Ⓜ️","all","dino-large","1338","2.7138671875","4.5721893310546875"
"cat_REG_IMAGE_LETTERBOXD_MOVIES_0","0.4754544618471177","0","2026-03-30T10:54:09.000Z","REG_IMAGE_LETTERBOXD_MOVIES","CatBoost 😸","ft","dino-large","981","16.7548828125","10.012733459472656"
"cat_REG_IMAGE_LETTERBOXD_MOVIES_0","0.48380945643441253","0","2026-03-30T10:54:01.000Z","REG_IMAGE_LETTERBOXD_MOVIES","CatBoost 😸","all","dino-large","532","2.6884765625","4.757678985595703"
"light_REG_IMAGE_LETTERBOXD_MOVIES_0","0.4761654465900498","0","2026-03-30T10:53:43.000Z","REG_IMAGE_LETTERBOXD_MOVIES","LightGBM 💡","ft","dino-large","923","16.7548828125","9.710880279541016"
"light_REG_IMAGE_LETTERBOXD_MOVIES_0","0.4877765532260754","0","2026-03-30T10:53:32.000Z","REG_IMAGE_LETTERBOXD_MOVIES","LightGBM 💡","all","dino-large","590","2.6884765625","4.529399871826172"
"tabpfnv2_REG_IMAGE_KHAADI_CLOTHES_4","0.8990150690078735","4","2026-03-30T10:53:09.000Z","REG_IMAGE_KHAADI_CLOTHES","TabPFN-v2 🤯","ft","dino-large","331","14.0458984375","5.781192779541016"
"tabpfnv2_REG_IMAGE_KHAADI_CLOTHES_4","0.9027602076530457","4","2026-03-30T10:52:56.000Z","REG_IMAGE_KHAADI_CLOTHES","TabPFN-v2 🤯","all","dino-large","67","2.6884765625","4.4316558837890625"
"tabpfnv2p5_REG_IMAGE_KHAADI_CLOTHES_4","0.9600534439086914","4","2026-03-30T10:52:53.000Z","REG_IMAGE_KHAADI_CLOTHES","TabPFN-v2p5 🇩🇪","ft","dino-large","296","14.0458984375","6.096675872802734"
"tabpfnv2p5_REG_IMAGE_KHAADI_CLOTHES_4","0.9393531680107116","4","2026-03-30T10:52:47.000Z","REG_IMAGE_KHAADI_CLOTHES","TabPFN-v2p5 🇩🇪","all","dino-large","91","2.6884765625","4.2663726806640625"
"tabm_REG_IMAGE_KHAADI_CLOTHES_4","0.9244455695152284","4","2026-03-30T10:52:35.000Z","REG_IMAGE_KHAADI_CLOTHES","TabM Ⓜ️","ft","dino-large","428","13.4345703125","5.519199371337891"
"tabm_REG_IMAGE_KHAADI_CLOTHES_4","0.9479255676269532","4","2026-03-30T10:52:31.000Z","REG_IMAGE_KHAADI_CLOTHES","TabM Ⓜ️","all","dino-large","65","2.7099609375","4.230583190917969"
"cat_REG_IMAGE_KHAADI_CLOTHES_4","0.9016480142749768","4","2026-03-30T10:52:25.000Z","REG_IMAGE_KHAADI_CLOTHES","CatBoost 😸","ft","dino-large","408","13.4189453125","5.8150787353515625"
"cat_REG_IMAGE_KHAADI_CLOTHES_4","0.8574622851602958","4","2026-03-30T10:52:07.000Z","REG_IMAGE_KHAADI_CLOTHES","CatBoost 😸","all","dino-large","81","2.6884765625","4.4865264892578125"
"light_REG_IMAGE_KHAADI_CLOTHES_4","0.908229502711772","4","2026-03-30T10:51:51.000Z","REG_IMAGE_KHAADI_CLOTHES","LightGBM 💡","ft","dino-large","437","13.4189453125","5.5119476318359375"
"light_REG_IMAGE_KHAADI_CLOTHES_4","0.7024568567171723","4","2026-03-30T10:51:28.000Z","REG_IMAGE_KHAADI_CLOTHES","LightGBM 💡","all","dino-large","54","2.6884765625","4.034587860107422"
"tabpfnv2_REG_IMAGE_KHAADI_CLOTHES_3","0.3879477381706238","3","2026-03-30T10:51:14.000Z","REG_IMAGE_KHAADI_CLOTHES","TabPFN-v2 🤯","ft","dino-large","390","14.0458984375","5.838710784912109"
"tabpfnv2_REG_IMAGE_KHAADI_CLOTHES_3","-0.3956131935119629","3","2026-03-30T10:51:11.000Z","REG_IMAGE_KHAADI_CLOTHES","TabPFN-v2 🤯","all","dino-large","77","2.6884765625","4.627368927001953"
"tabpfnv2p5_REG_IMAGE_KHAADI_CLOTHES_3","0.6249710321426392","3","2026-03-30T10:50:44.000Z","REG_IMAGE_KHAADI_CLOTHES","TabPFN-v2p5 🇩🇪","ft","dino-large","455","14.0458984375","5.981952667236328"
"tabpfnv2p5_REG_IMAGE_KHAADI_CLOTHES_3","-1.9788422584533691","3","2026-03-30T10:50:35.000Z","REG_IMAGE_KHAADI_CLOTHES","TabPFN-v2p5 🇩🇪","all","dino-large","127","2.6884765625","4.201663970947266"
"tabm_REG_IMAGE_KHAADI_CLOTHES_3","-1.5065491199493408","3","2026-03-30T10:50:23.000Z","REG_IMAGE_KHAADI_CLOTHES","TabM Ⓜ️","ft","dino-large","213","13.4345703125","5.889400482177734"
"tabm_REG_IMAGE_KHAADI_CLOTHES_3","-0.816821813583374","3","2026-03-30T10:50:03.000Z","REG_IMAGE_KHAADI_CLOTHES","TabM Ⓜ️","all","dino-large","51","2.7099609375","4.012596130371094"
"cat_REG_IMAGE_KHAADI_CLOTHES_3","-0.7437518682925097","3","2026-03-30T10:49:12.000Z","REG_IMAGE_KHAADI_CLOTHES","CatBoost 😸","ft","dino-large","233","13.4189453125","5.6585693359375"
"cat_REG_IMAGE_KHAADI_CLOTHES_3","-1.6501825202028422","3","2026-03-30T10:49:11.000Z","REG_IMAGE_KHAADI_CLOTHES","CatBoost 😸","all","dino-large","79","2.6884765625","4.102439880371094"
"light_REG_IMAGE_KHAADI_CLOTHES_3","-0.47047649235386024","3","2026-03-30T10:49:10.000Z","REG_IMAGE_KHAADI_CLOTHES","LightGBM 💡","ft","dino-large","219","13.4189453125","5.524372100830078"
"light_REG_IMAGE_KHAADI_CLOTHES_3","-2.99172501239841","3","2026-03-30T10:49:03.000Z","REG_IMAGE_KHAADI_CLOTHES","LightGBM 💡","all","dino-large","53","2.6884765625","4.1013336181640625"
"tabpfnv2_REG_IMAGE_KHAADI_CLOTHES_2","0.8630502223968506","2","2026-03-30T10:48:43.000Z","REG_IMAGE_KHAADI_CLOTHES","TabPFN-v2 🤯","ft","dino-large","370","14.0458984375","5.8957366943359375"
"tabpfnv2_REG_IMAGE_KHAADI_CLOTHES_2","0.5816976428031921","2","2026-03-30T10:47:59.000Z","REG_IMAGE_KHAADI_CLOTHES","TabPFN-v2 🤯","all","dino-large","58","2.6884765625","4.634006500244141"
"tabpfnv2p5_REG_IMAGE_KHAADI_CLOTHES_2","0.4902229905128479","2","2026-03-30T10:47:58.000Z","REG_IMAGE_KHAADI_CLOTHES","TabPFN-v2p5 🇩🇪","ft","dino-large","369","14.0458984375","5.853309631347656"
"tabpfnv2p5_REG_IMAGE_KHAADI_CLOTHES_2","0.25334322452545166","2","2026-03-30T10:47:45.000Z","REG_IMAGE_KHAADI_CLOTHES","TabPFN-v2p5 🇩🇪","all","dino-large","77","2.6884765625","4.539573669433594"
"tabm_REG_IMAGE_KHAADI_CLOTHES_2","0.5010494589805603","2","2026-03-30T10:47:19.000Z","REG_IMAGE_KHAADI_CLOTHES","TabM Ⓜ️","ft","dino-large","577","13.4345703125","5.626060485839844"
"tabm_REG_IMAGE_KHAADI_CLOTHES_2","0.4853098392486572","2","2026-03-30T10:46:50.000Z","REG_IMAGE_KHAADI_CLOTHES","TabM Ⓜ️","all","dino-large","61","2.7099609375","4.233192443847656"
"cat_REG_IMAGE_KHAADI_CLOTHES_2","0.9125823201001076","2","2026-03-30T10:46:45.000Z","REG_IMAGE_KHAADI_CLOTHES","CatBoost 😸","ft","dino-large","340","13.4189453125","5.461627960205078"
"cat_REG_IMAGE_KHAADI_CLOTHES_2","0.31076008653074205","2","2026-03-30T10:46:44.000Z","REG_IMAGE_KHAADI_CLOTHES","CatBoost 😸","all","dino-large","116","2.6884765625","4.253391265869141"
"light_REG_IMAGE_KHAADI_CLOTHES_2","0.6517663042101328","2","2026-03-30T10:45:42.000Z","REG_IMAGE_KHAADI_CLOTHES","LightGBM 💡","ft","dino-large","361","13.4189453125","5.77044677734375"
"light_REG_IMAGE_KHAADI_CLOTHES_2","0.28914789849900924","2","2026-03-30T10:45:15.000Z","REG_IMAGE_KHAADI_CLOTHES","LightGBM 💡","all","dino-large","60","2.6884765625","4.458347320556641"
"tabpfnv2_REG_IMAGE_KHAADI_CLOTHES_1","0.8232001066207886","1","2026-03-30T10:45:06.000Z","REG_IMAGE_KHAADI_CLOTHES","TabPFN-v2 🤯","ft","dino-large","311","14.0458984375","6.0884857177734375"
"tabpfnv2_REG_IMAGE_KHAADI_CLOTHES_1","0.8889836668968201","1","2026-03-30T10:45:05.000Z","REG_IMAGE_KHAADI_CLOTHES","TabPFN-v2 🤯","all","dino-large","57","2.6884765625","4.27789306640625"
"tabpfnv2p5_REG_IMAGE_KHAADI_CLOTHES_1","0.907739758491516","1","2026-03-30T10:45:00.000Z","REG_IMAGE_KHAADI_CLOTHES","TabPFN-v2p5 🇩🇪","ft","dino-large","335","14.0458984375","5.949993133544922"
"tabpfnv2p5_REG_IMAGE_KHAADI_CLOTHES_1","0.7208730578422546","1","2026-03-30T10:44:24.000Z","REG_IMAGE_KHAADI_CLOTHES","TabPFN-v2p5 🇩🇪","all","dino-large","56","2.6884765625","4.405139923095703"
"tabm_REG_IMAGE_KHAADI_CLOTHES_1","0.8460008502006531","1","2026-03-30T10:44:09.000Z","REG_IMAGE_KHAADI_CLOTHES","TabM Ⓜ️","ft","dino-large","345","13.4345703125","5.425701141357422"
"tabm_REG_IMAGE_KHAADI_CLOTHES_1","0.792031466960907","1","2026-03-30T10:43:27.000Z","REG_IMAGE_KHAADI_CLOTHES","TabM Ⓜ️","all","dino-large","52","2.7099609375","4.464500427246094"
"cat_REG_IMAGE_KHAADI_CLOTHES_1","0.7350234509343441","1","2026-03-30T10:43:07.000Z","REG_IMAGE_KHAADI_CLOTHES","CatBoost 😸","ft","dino-large","406","13.4189453125","5.901409149169922"
"cat_REG_IMAGE_KHAADI_CLOTHES_1","0.4693528321972448","1","2026-03-30T10:43:05.000Z","REG_IMAGE_KHAADI_CLOTHES","CatBoost 😸","all","dino-large","58","2.6884765625","4.427528381347656"
"light_REG_IMAGE_KHAADI_CLOTHES_1","0.5023043872711856","1","2026-03-30T10:42:36.000Z","REG_IMAGE_KHAADI_CLOTHES","LightGBM 💡","ft","dino-large","390","13.4189453125","6.014873504638672"
"light_REG_IMAGE_KHAADI_CLOTHES_1","0.38010330930031455","1","2026-03-30T10:42:31.000Z","REG_IMAGE_KHAADI_CLOTHES","LightGBM 💡","all","dino-large","54","2.6884765625","4.138484954833984"
"tabpfnv2_REG_IMAGE_KHAADI_CLOTHES_0","0.8613439202308655","0","2026-03-30T10:42:16.000Z","REG_IMAGE_KHAADI_CLOTHES","TabPFN-v2 🤯","ft","dino-large","267","14.0458984375","5.8230133056640625"
"tabpfnv2_REG_IMAGE_KHAADI_CLOTHES_0","0.9086164832115172","0","2026-03-30T10:42:15.000Z","REG_IMAGE_KHAADI_CLOTHES","TabPFN-v2 🤯","all","dino-large","67","2.6884765625","4.430027008056641"
"tabpfnv2p5_REG_IMAGE_KHAADI_CLOTHES_0","0.758317232131958","0","2026-03-30T10:42:09.000Z","REG_IMAGE_KHAADI_CLOTHES","TabPFN-v2p5 🇩🇪","ft","dino-large","252","14.0458984375","6.135456085205078"
"tabpfnv2p5_REG_IMAGE_KHAADI_CLOTHES_0","0.8805481195449829","0","2026-03-30T10:40:58.000Z","REG_IMAGE_KHAADI_CLOTHES","TabPFN-v2p5 🇩🇪","all","dino-large","73","2.6884765625","4.225498199462891"
"tabm_REG_IMAGE_KHAADI_CLOTHES_0","0.8222217559814453","0","2026-03-30T10:40:56.000Z","REG_IMAGE_KHAADI_CLOTHES","TabM Ⓜ️","ft","dino-large","342","13.4345703125","5.532108306884766"
"tabm_REG_IMAGE_KHAADI_CLOTHES_0","0.8683505654335022","0","2026-03-30T10:39:54.000Z","REG_IMAGE_KHAADI_CLOTHES","TabM Ⓜ️","all","dino-large","53","2.7099609375","4.120399475097656"
"cat_REG_IMAGE_KHAADI_CLOTHES_0","0.911485516029146","0","2026-03-30T10:38:51.000Z","REG_IMAGE_KHAADI_CLOTHES","CatBoost 😸","ft","dino-large","326","13.4189453125","5.808624267578125"
"cat_REG_IMAGE_KHAADI_CLOTHES_0","0.71747486727802","0","2026-03-30T10:38:34.000Z","REG_IMAGE_KHAADI_CLOTHES","CatBoost 😸","all","dino-large","67","2.6884765625","4.199871063232422"
"light_REG_IMAGE_KHAADI_CLOTHES_0","0.8230390373868071","0","2026-03-30T10:37:49.000Z","REG_IMAGE_KHAADI_CLOTHES","LightGBM 💡","ft","dino-large","313","13.4189453125","5.873958587646484"
"light_REG_IMAGE_KHAADI_CLOTHES_0","0.5305508974891","0","2026-03-30T10:37:35.000Z","REG_IMAGE_KHAADI_CLOTHES","LightGBM 💡","all","dino-large","53","2.6884765625","4.028045654296875"
"tabpfnv2_REG_IMAGE_AMAZON_PACKAGES_4","0.6301820799853635","4","2026-03-30T10:37:24.000Z","REG_IMAGE_AMAZON_PACKAGES","TabPFN-v2 🤯","ft","dino-large","1150","14.8486328125","21.043548583984375"
"tabpfnv2_REG_IMAGE_AMAZON_PACKAGES_4","0.5742351513412856","4","2026-03-30T10:34:21.000Z","REG_IMAGE_AMAZON_PACKAGES","TabPFN-v2 🤯","all","dino-large","459","2.6884765625","10.42300796508789"
"tabpfnv2p5_REG_IMAGE_AMAZON_PACKAGES_4","0.6260640440798884","4","2026-03-30T10:33:10.000Z","REG_IMAGE_AMAZON_PACKAGES","TabPFN-v2p5 🇩🇪","ft","dino-large","1173","14.8486328125","21.14053726196289"
"tabpfnv2p5_REG_IMAGE_AMAZON_PACKAGES_4","0.5869785505650859","4","2026-03-30T10:33:07.000Z","REG_IMAGE_AMAZON_PACKAGES","TabPFN-v2p5 🇩🇪","all","dino-large","463","2.6884765625","10.413127899169922"
"tabm_REG_IMAGE_AMAZON_PACKAGES_4","0.6261837254323737","4","2026-03-30T10:32:36.000Z","REG_IMAGE_AMAZON_PACKAGES","TabM Ⓜ️","ft","dino-large","1123","16.7724609375","19.702808380126953"
"tabm_REG_IMAGE_AMAZON_PACKAGES_4","0.566004723579007","4","2026-03-30T10:31:46.000Z","REG_IMAGE_AMAZON_PACKAGES","TabM Ⓜ️","all","dino-large","419","2.7119140625","9.673820495605469"
"cat_REG_IMAGE_AMAZON_PACKAGES_4","0.6066090685192289","4","2026-03-30T10:30:39.000Z","REG_IMAGE_AMAZON_PACKAGES","CatBoost 😸","ft","dino-large","1104","16.7548828125","19.684974670410156"
"cat_REG_IMAGE_AMAZON_PACKAGES_4","0.5512330218677858","4","2026-03-30T10:29:51.000Z","REG_IMAGE_AMAZON_PACKAGES","CatBoost 😸","all","dino-large","446","2.6884765625","9.643482208251951"
"light_REG_IMAGE_AMAZON_PACKAGES_4","0.6062767127268305","4","2026-03-30T10:27:05.000Z","REG_IMAGE_AMAZON_PACKAGES","LightGBM 💡","ft","dino-large","1072","16.7548828125","19.613204956054688"
"light_REG_IMAGE_AMAZON_PACKAGES_4","0.5363299545908744","4","2026-03-30T10:26:10.000Z","REG_IMAGE_AMAZON_PACKAGES","LightGBM 💡","all","dino-large","413","2.6884765625","9.633758544921877"
"tabpfnv2_REG_IMAGE_AMAZON_PACKAGES_3","0.6559886376606774","3","2026-03-30T10:25:27.000Z","REG_IMAGE_AMAZON_PACKAGES","TabPFN-v2 🤯","ft","dino-large","1051","14.8486328125","21.108173370361328"
"tabpfnv2_REG_IMAGE_AMAZON_PACKAGES_3","0.5977607037223802","3","2026-03-30T10:24:50.000Z","REG_IMAGE_AMAZON_PACKAGES","TabPFN-v2 🤯","all","dino-large","428","2.6884765625","10.44305419921875"
"tabpfnv2p5_REG_IMAGE_AMAZON_PACKAGES_3","0.6783401789000465","3","2026-03-30T10:24:29.000Z","REG_IMAGE_AMAZON_PACKAGES","TabPFN-v2p5 🇩🇪","ft","dino-large","1075","14.8486328125","21.098072052001953"
"tabpfnv2p5_REG_IMAGE_AMAZON_PACKAGES_3","0.6239841321649257","3","2026-03-30T10:23:35.000Z","REG_IMAGE_AMAZON_PACKAGES","TabPFN-v2p5 🇩🇪","all","dino-large","433","2.6884765625","10.449901580810549"
"tabm_REG_IMAGE_AMAZON_PACKAGES_3","0.6571724129561128","3","2026-03-30T10:22:08.000Z","REG_IMAGE_AMAZON_PACKAGES","TabM Ⓜ️","ft","dino-large","1059","16.7724609375","19.81043243408203"
"tabm_REG_IMAGE_AMAZON_PACKAGES_3","0.5911372187400417","3","2026-03-30T10:22:03.000Z","REG_IMAGE_AMAZON_PACKAGES","TabM Ⓜ️","all","dino-large","434","2.7119140625","9.78439712524414"
"cat_REG_IMAGE_AMAZON_PACKAGES_3","0.637334202549878","3","2026-03-30T10:21:36.000Z","REG_IMAGE_AMAZON_PACKAGES","CatBoost 😸","ft","dino-large","1087","16.7548828125","19.75430679321289"
"cat_REG_IMAGE_AMAZON_PACKAGES_3","0.5632918938508203","3","2026-03-30T10:19:40.000Z","REG_IMAGE_AMAZON_PACKAGES","CatBoost 😸","all","dino-large","438","2.6884765625","9.756351470947266"
"light_REG_IMAGE_AMAZON_PACKAGES_3","0.6456551052052708","3","2026-03-30T10:19:28.000Z","REG_IMAGE_AMAZON_PACKAGES","LightGBM 💡","ft","dino-large","1081","16.7548828125","19.739444732666016"
"light_REG_IMAGE_AMAZON_PACKAGES_3","0.5428958538947815","3","2026-03-30T10:18:48.000Z","REG_IMAGE_AMAZON_PACKAGES","LightGBM 💡","all","dino-large","436","2.6884765625","9.716022491455078"
"tabpfnv2_REG_IMAGE_AMAZON_PACKAGES_2","0.6572912559874782","2","2026-03-30T10:18:29.000Z","REG_IMAGE_AMAZON_PACKAGES","TabPFN-v2 🤯","ft","dino-large","1151","14.8486328125","21.034259796142575"
"tabpfnv2_REG_IMAGE_AMAZON_PACKAGES_2","0.601555452188354","2","2026-03-30T10:16:50.000Z","REG_IMAGE_AMAZON_PACKAGES","TabPFN-v2 🤯","all","dino-large","454","2.6884765625","10.419570922851562"
"tabpfnv2p5_REG_IMAGE_AMAZON_PACKAGES_2","0.6702188382145061","2","2026-03-30T10:16:46.000Z","REG_IMAGE_AMAZON_PACKAGES","TabPFN-v2p5 🇩🇪","ft","dino-large","1048","14.8486328125","21.02273941040039"
"tabpfnv2p5_REG_IMAGE_AMAZON_PACKAGES_2","0.6248617259290472","2","2026-03-30T10:14:44.000Z","REG_IMAGE_AMAZON_PACKAGES","TabPFN-v2p5 🇩🇪","all","dino-large","437","2.6884765625","10.381065368652344"
"tabm_REG_IMAGE_AMAZON_PACKAGES_2","0.6794245341110552","2","2026-03-30T10:13:52.000Z","REG_IMAGE_AMAZON_PACKAGES","TabM Ⓜ️","ft","dino-large","1065","16.7724609375","19.663013458251953"
"tabm_REG_IMAGE_AMAZON_PACKAGES_2","0.6106269166479937","2","2026-03-30T10:13:35.000Z","REG_IMAGE_AMAZON_PACKAGES","TabM Ⓜ️","all","dino-large","500","2.7119140625","9.681640625"
"cat_REG_IMAGE_AMAZON_PACKAGES_2","0.6569163892526916","2","2026-03-30T10:13:28.000Z","REG_IMAGE_AMAZON_PACKAGES","CatBoost 😸","ft","dino-large","1897","16.7548828125","19.700443267822266"
"cat_REG_IMAGE_AMAZON_PACKAGES_2","0.5931425980506995","2","2026-03-30T10:12:27.000Z","REG_IMAGE_AMAZON_PACKAGES","CatBoost 😸","all","dino-large","429","2.6884765625","9.65072250366211"
"light_REG_IMAGE_AMAZON_PACKAGES_2","0.6537302084434411","2","2026-03-30T10:11:47.000Z","REG_IMAGE_AMAZON_PACKAGES","LightGBM 💡","ft","dino-large","1074","16.7548828125","19.724613189697266"
"light_REG_IMAGE_AMAZON_PACKAGES_2","0.5620992537025397","2","2026-03-30T10:07:54.000Z","REG_IMAGE_AMAZON_PACKAGES","LightGBM 💡","all","dino-large","530","2.6884765625","9.70132064819336"
"tabpfnv2_REG_IMAGE_AMAZON_PACKAGES_1","0.5297188333877859","1","2026-03-30T10:07:05.000Z","REG_IMAGE_AMAZON_PACKAGES","TabPFN-v2 🤯","ft","dino-large","1057","14.8486328125","21.069503784179688"
"tabpfnv2_REG_IMAGE_AMAZON_PACKAGES_1","0.4844263001620087","1","2026-03-30T10:07:04.000Z","REG_IMAGE_AMAZON_PACKAGES","TabPFN-v2 🤯","all","dino-large","450","2.6884765625","10.44416046142578"
"tabpfnv2p5_REG_IMAGE_AMAZON_PACKAGES_1","0.5311376090152176","1","2026-03-30T10:06:55.000Z","REG_IMAGE_AMAZON_PACKAGES","TabPFN-v2p5 🇩🇪","ft","dino-large","1037","14.8486328125","21.06549835205078"
"tabpfnv2p5_REG_IMAGE_AMAZON_PACKAGES_1","0.4892600986314352","1","2026-03-30T10:05:51.000Z","REG_IMAGE_AMAZON_PACKAGES","TabPFN-v2p5 🇩🇪","all","dino-large","457","2.6884765625","10.452068328857422"
"tabm_REG_IMAGE_AMAZON_PACKAGES_1","0.5187697965430598","1","2026-03-30T10:03:28.000Z","REG_IMAGE_AMAZON_PACKAGES","TabM Ⓜ️","ft","dino-large","2484","16.7724609375","19.68365478515625"
"tabm_REG_IMAGE_AMAZON_PACKAGES_1","0.4905935469814264","1","2026-03-30T10:03:17.000Z","REG_IMAGE_AMAZON_PACKAGES","TabM Ⓜ️","all","dino-large","428","2.7119140625","9.654956817626951"
"cat_REG_IMAGE_AMAZON_PACKAGES_1","0.5191201855662276","1","2026-03-30T10:03:11.000Z","REG_IMAGE_AMAZON_PACKAGES","CatBoost 😸","ft","dino-large","1215","16.7548828125","19.58744430541992"
"cat_REG_IMAGE_AMAZON_PACKAGES_1","0.4556742115154446","1","2026-03-30T10:02:43.000Z","REG_IMAGE_AMAZON_PACKAGES","CatBoost 😸","all","dino-large","939","2.6884765625","9.652687072753906"
"light_REG_IMAGE_AMAZON_PACKAGES_1","0.5148978829071323","1","2026-03-30T10:02:17.000Z","REG_IMAGE_AMAZON_PACKAGES","LightGBM 💡","ft","dino-large","1150","16.7548828125","19.518646240234375"
"light_REG_IMAGE_AMAZON_PACKAGES_1","0.4519045944676212","1","2026-03-30T10:00:00.000Z","REG_IMAGE_AMAZON_PACKAGES","LightGBM 💡","all","dino-large","421","2.6884765625","9.686580657958984"
"tabpfnv2_REG_IMAGE_AMAZON_PACKAGES_0","0.6291301015988595","0","2026-03-30T09:59:57.000Z","REG_IMAGE_AMAZON_PACKAGES","TabPFN-v2 🤯","ft","dino-large","1161","14.8486328125","21.260684967041016"
"tabpfnv2_REG_IMAGE_AMAZON_PACKAGES_0","0.5816146939751426","0","2026-03-30T09:59:34.000Z","REG_IMAGE_AMAZON_PACKAGES","TabPFN-v2 🤯","all","dino-large","436","2.6884765625","10.478015899658203"
"tabpfnv2p5_REG_IMAGE_AMAZON_PACKAGES_0","0.6286506215888804","0","2026-03-30T09:58:32.000Z","REG_IMAGE_AMAZON_PACKAGES","TabPFN-v2p5 🇩🇪","ft","dino-large","1205","14.8486328125","21.282005310058594"
"tabpfnv2p5_REG_IMAGE_AMAZON_PACKAGES_0","0.5795942393952745","0","2026-03-30T09:57:38.000Z","REG_IMAGE_AMAZON_PACKAGES","TabPFN-v2p5 🇩🇪","all","dino-large","488","2.6884765625","10.526779174804688"
"tabm_REG_IMAGE_AMAZON_PACKAGES_0","0.6115088394790689","0","2026-03-30T09:56:31.000Z","REG_IMAGE_AMAZON_PACKAGES","TabM Ⓜ️","ft","dino-large","1203","16.7724609375","19.90078353881836"
"tabm_REG_IMAGE_AMAZON_PACKAGES_0","0.5755640735456797","0","2026-03-30T09:55:24.000Z","REG_IMAGE_AMAZON_PACKAGES","TabM Ⓜ️","all","dino-large","407","2.7119140625","9.81326675415039"
"cat_REG_IMAGE_AMAZON_PACKAGES_0","0.6167215263935586","0","2026-03-30T09:54:16.000Z","REG_IMAGE_AMAZON_PACKAGES","CatBoost 😸","ft","dino-large","1166","16.7548828125","19.869232177734375"
"cat_REG_IMAGE_AMAZON_PACKAGES_0","0.5695410080934098","0","2026-03-30T09:52:39.000Z","REG_IMAGE_AMAZON_PACKAGES","CatBoost 😸","all","dino-large","435","2.6884765625","9.803722381591797"
"light_REG_IMAGE_AMAZON_PACKAGES_0","0.5967079794585699","0","2026-03-30T09:52:12.000Z","REG_IMAGE_AMAZON_PACKAGES","LightGBM 💡","ft","dino-large","1137","16.7548828125","19.779781341552734"
"light_REG_IMAGE_AMAZON_PACKAGES_0","0.5357386392103294","0","2026-03-30T09:51:36.000Z","REG_IMAGE_AMAZON_PACKAGES","LightGBM 💡","all","dino-large","423","2.6884765625","9.72076416015625"
"tabpfnv2_MUL_IMAGE_ZOOSCAN_ZOOPLANKTON_4","0.990141111894115","4","2026-03-30T09:51:13.000Z","MUL_IMAGE_ZOOSCAN_ZOOPLANKTON","TabPFN-v2 🤯","ft","dino-large","1326","14.8291015625","7.274883270263672"
"tabpfnv2_MUL_IMAGE_ZOOSCAN_ZOOPLANKTON_4","0.9854889347478034","4","2026-03-30T09:50:38.000Z","MUL_IMAGE_ZOOSCAN_ZOOPLANKTON","TabPFN-v2 🤯","all","dino-large","281","2.6572265625","3.22745132446289"
"tabpfnv2p5_MUL_IMAGE_ZOOSCAN_ZOOPLANKTON_4","0.9925507273259492","4","2026-03-30T09:49:50.000Z","MUL_IMAGE_ZOOSCAN_ZOOPLANKTON","TabPFN-v2p5 🇩🇪","ft","dino-large","982","14.8291015625","7.280105590820312"
"tabpfnv2p5_MUL_IMAGE_ZOOSCAN_ZOOPLANKTON_4","0.9889044236074956","4","2026-03-30T09:48:01.000Z","MUL_IMAGE_ZOOSCAN_ZOOPLANKTON","TabPFN-v2p5 🇩🇪","all","dino-large","299","2.6572265625","3.1997718811035156"
"tabm_MUL_IMAGE_ZOOSCAN_ZOOPLANKTON_4","0.9887326408070956","4","2026-03-30T09:47:50.000Z","MUL_IMAGE_ZOOSCAN_ZOOPLANKTON","TabM Ⓜ️","ft","dino-large","921","16.7470703125","7.184886932373047"
"tabm_MUL_IMAGE_ZOOSCAN_ZOOPLANKTON_4","0.988518734427404","4","2026-03-30T09:46:53.000Z","MUL_IMAGE_ZOOSCAN_ZOOPLANKTON","TabM Ⓜ️","all","dino-large","274","2.6865234375","3.037609100341797"
"cat_MUL_IMAGE_ZOOSCAN_ZOOPLANKTON_4","0.9893286004006414","4","2026-03-30T09:46:28.000Z","MUL_IMAGE_ZOOSCAN_ZOOPLANKTON","CatBoost 😸","ft","dino-large","997","16.7294921875","7.196933746337891"
"cat_MUL_IMAGE_ZOOSCAN_ZOOPLANKTON_4","0.9847891489557276","4","2026-03-30T09:46:10.000Z","MUL_IMAGE_ZOOSCAN_ZOOPLANKTON","CatBoost 😸","all","dino-large","353","2.6572265625","3.0747642517089844"
"light_MUL_IMAGE_ZOOSCAN_ZOOPLANKTON_4","0.9859504921549236","4","2026-03-30T09:45:09.000Z","MUL_IMAGE_ZOOSCAN_ZOOPLANKTON","LightGBM 💡","ft","dino-large","964","16.7294921875","7.1464691162109375"
"light_MUL_IMAGE_ZOOSCAN_ZOOPLANKTON_4","0.9808587375903776","4","2026-03-30T09:44:37.000Z","MUL_IMAGE_ZOOSCAN_ZOOPLANKTON","LightGBM 💡","all","dino-large","304","2.6572265625","3.03976058959961"
"tabpfnv2_MUL_IMAGE_ZOOSCAN_ZOOPLANKTON_3","0.9921234315995888","3","2026-03-30T09:44:25.000Z","MUL_IMAGE_ZOOSCAN_ZOOPLANKTON","TabPFN-v2 🤯","ft","dino-large","903","14.8291015625","7.303844451904297"
"tabpfnv2_MUL_IMAGE_ZOOSCAN_ZOOPLANKTON_3","0.9853215306585668","3","2026-03-30T09:43:27.000Z","MUL_IMAGE_ZOOSCAN_ZOOPLANKTON","TabPFN-v2 🤯","all","dino-large","269","2.6572265625","3.209400177001953"
"tabpfnv2p5_MUL_IMAGE_ZOOSCAN_ZOOPLANKTON_3","0.9931546736670408","3","2026-03-30T09:40:37.000Z","MUL_IMAGE_ZOOSCAN_ZOOPLANKTON","TabPFN-v2p5 🇩🇪","ft","dino-large","937","14.8291015625","7.2577972412109375"
"tabpfnv2p5_MUL_IMAGE_ZOOSCAN_ZOOPLANKTON_3","0.9893777504293402","3","2026-03-30T09:40:02.000Z","MUL_IMAGE_ZOOSCAN_ZOOPLANKTON","TabPFN-v2p5 🇩🇪","all","dino-large","377","2.6572265625","3.2466583251953125"
"tabm_MUL_IMAGE_ZOOSCAN_ZOOPLANKTON_3","0.991691080308365","3","2026-03-30T09:39:35.000Z","MUL_IMAGE_ZOOSCAN_ZOOPLANKTON","TabM Ⓜ️","ft","dino-large","935","16.7470703125","7.192935943603516"
"tabm_MUL_IMAGE_ZOOSCAN_ZOOPLANKTON_3","0.9876934763848332","3","2026-03-30T09:39:26.000Z","MUL_IMAGE_ZOOSCAN_ZOOPLANKTON","TabM Ⓜ️","all","dino-large","303","2.6865234375","3.0433197021484375"
"cat_MUL_IMAGE_ZOOSCAN_ZOOPLANKTON_3","0.9901535000557412","3","2026-03-30T09:38:48.000Z","MUL_IMAGE_ZOOSCAN_ZOOPLANKTON","CatBoost 😸","ft","dino-large","1080","16.7294921875","7.192024230957031"
"cat_MUL_IMAGE_ZOOSCAN_ZOOPLANKTON_3","0.9835495861879188","3","2026-03-30T09:37:38.000Z","MUL_IMAGE_ZOOSCAN_ZOOPLANKTON","CatBoost 😸","all","dino-large","445","2.6572265625","3.1029319763183594"
"light_MUL_IMAGE_ZOOSCAN_ZOOPLANKTON_3","0.9890777945013476","3","2026-03-30T09:35:19.000Z","MUL_IMAGE_ZOOSCAN_ZOOPLANKTON","LightGBM 💡","ft","dino-large","968","16.7294921875","7.190959930419922"
"light_MUL_IMAGE_ZOOSCAN_ZOOPLANKTON_3","0.9803966791980784","3","2026-03-30T09:33:45.000Z","MUL_IMAGE_ZOOSCAN_ZOOPLANKTON","LightGBM 💡","all","dino-large","347","2.6572265625","3.0314369201660156"
"tabpfnv2_MUL_IMAGE_ZOOSCAN_ZOOPLANKTON_2","0.9923582238274432","2","2026-03-30T09:33:31.000Z","MUL_IMAGE_ZOOSCAN_ZOOPLANKTON","TabPFN-v2 🤯","ft","dino-large","943","14.8291015625","7.3332061767578125"
"tabpfnv2_MUL_IMAGE_ZOOSCAN_ZOOPLANKTON_2","0.988384131151345","2","2026-03-30T09:33:08.000Z","MUL_IMAGE_ZOOSCAN_ZOOPLANKTON","TabPFN-v2 🤯","all","dino-large","369","2.6572265625","3.2321319580078125"
"tabpfnv2p5_MUL_IMAGE_ZOOSCAN_ZOOPLANKTON_2","0.9944615144314352","2","2026-03-30T09:32:04.000Z","MUL_IMAGE_ZOOSCAN_ZOOPLANKTON","TabPFN-v2p5 🇩🇪","ft","dino-large","935","14.8291015625","7.309440612792969"
"tabpfnv2p5_MUL_IMAGE_ZOOSCAN_ZOOPLANKTON_2","0.9921934750642568","2","2026-03-30T09:30:50.000Z","MUL_IMAGE_ZOOSCAN_ZOOPLANKTON","TabPFN-v2p5 🇩🇪","all","dino-large","264","2.6572265625","3.1852760314941406"
"tabm_MUL_IMAGE_ZOOSCAN_ZOOPLANKTON_2","0.9907510703458132","2","2026-03-30T09:30:11.000Z","MUL_IMAGE_ZOOSCAN_ZOOPLANKTON","TabM Ⓜ️","ft","dino-large","994","16.7470703125","7.212265014648437"
"tabm_MUL_IMAGE_ZOOSCAN_ZOOPLANKTON_2","0.9907271143122844","2","2026-03-30T09:29:06.000Z","MUL_IMAGE_ZOOSCAN_ZOOPLANKTON","TabM Ⓜ️","all","dino-large","261","2.6865234375","3.0498199462890625"
"cat_MUL_IMAGE_ZOOSCAN_ZOOPLANKTON_2","0.9908076445217144","2","2026-03-30T09:28:47.000Z","MUL_IMAGE_ZOOSCAN_ZOOPLANKTON","CatBoost 😸","ft","dino-large","1036","16.7294921875","7.223846435546875"
"cat_MUL_IMAGE_ZOOSCAN_ZOOPLANKTON_2","0.9869854103175284","2","2026-03-30T09:27:41.000Z","MUL_IMAGE_ZOOSCAN_ZOOPLANKTON","CatBoost 😸","all","dino-large","357","2.6572265625","3.1113510131835938"
"light_MUL_IMAGE_ZOOSCAN_ZOOPLANKTON_2","0.9885689179658532","2","2026-03-30T09:27:23.000Z","MUL_IMAGE_ZOOSCAN_ZOOPLANKTON","LightGBM 💡","ft","dino-large","1017","16.7294921875","7.240470886230469"
"light_MUL_IMAGE_ZOOSCAN_ZOOPLANKTON_2","0.9835763440613948","2","2026-03-30T09:25:49.000Z","MUL_IMAGE_ZOOSCAN_ZOOPLANKTON","LightGBM 💡","all","dino-large","296","2.6572265625","3.056049346923828"
"tabpfnv2_MUL_IMAGE_ZOOSCAN_ZOOPLANKTON_1","0.9916215115202264","1","2026-03-30T09:25:45.000Z","MUL_IMAGE_ZOOSCAN_ZOOPLANKTON","TabPFN-v2 🤯","ft","dino-large","1520","14.8291015625","7.3586578369140625"
"tabpfnv2_MUL_IMAGE_ZOOSCAN_ZOOPLANKTON_1","0.9870735746843704","1","2026-03-30T09:25:41.000Z","MUL_IMAGE_ZOOSCAN_ZOOPLANKTON","TabPFN-v2 🤯","all","dino-large","263","2.6572265625","3.244373321533203"
"tabpfnv2p5_MUL_IMAGE_ZOOSCAN_ZOOPLANKTON_1","0.9924632515516796","1","2026-03-30T09:24:41.000Z","MUL_IMAGE_ZOOSCAN_ZOOPLANKTON","TabPFN-v2p5 🇩🇪","ft","dino-large","1118","14.8291015625","7.328075408935547"
"tabpfnv2p5_MUL_IMAGE_ZOOSCAN_ZOOPLANKTON_1","0.9900544949313252","1","2026-03-30T09:24:19.000Z","MUL_IMAGE_ZOOSCAN_ZOOPLANKTON","TabPFN-v2p5 🇩🇪","all","dino-large","279","2.6572265625","3.1944541931152344"
"tabm_MUL_IMAGE_ZOOSCAN_ZOOPLANKTON_1","0.9915646194346764","1","2026-03-30T09:22:17.000Z","MUL_IMAGE_ZOOSCAN_ZOOPLANKTON","TabM Ⓜ️","ft","dino-large","984","16.7470703125","7.191505432128906"
"tabm_MUL_IMAGE_ZOOSCAN_ZOOPLANKTON_1","0.9886345997826418","1","2026-03-30T09:21:48.000Z","MUL_IMAGE_ZOOSCAN_ZOOPLANKTON","TabM Ⓜ️","all","dino-large","258","2.6865234375","3.0400924682617188"
"cat_MUL_IMAGE_ZOOSCAN_ZOOPLANKTON_1","0.9901801444390416","1","2026-03-30T09:21:28.000Z","MUL_IMAGE_ZOOSCAN_ZOOPLANKTON","CatBoost 😸","ft","dino-large","1006","16.7294921875","7.230186462402344"
"cat_MUL_IMAGE_ZOOSCAN_ZOOPLANKTON_1","0.9850167942876048","1","2026-03-30T09:21:15.000Z","MUL_IMAGE_ZOOSCAN_ZOOPLANKTON","CatBoost 😸","all","dino-large","378","2.6572265625","3.148090362548828"
"light_MUL_IMAGE_ZOOSCAN_ZOOPLANKTON_1","0.9876634602643324","1","2026-03-30T09:20:38.000Z","MUL_IMAGE_ZOOSCAN_ZOOPLANKTON","LightGBM 💡","ft","dino-large","1013","16.7294921875","7.218528747558594"
"light_MUL_IMAGE_ZOOSCAN_ZOOPLANKTON_1","0.9829694973605144","1","2026-03-30T09:20:22.000Z","MUL_IMAGE_ZOOSCAN_ZOOPLANKTON","LightGBM 💡","all","dino-large","313","2.6572265625","3.070228576660156"
"tabpfnv2_MUL_IMAGE_ZOOSCAN_ZOOPLANKTON_0","0.9922952409091608","0","2026-03-30T09:18:56.000Z","MUL_IMAGE_ZOOSCAN_ZOOPLANKTON","TabPFN-v2 🤯","ft","dino-large","1297","14.8291015625","7.289241790771484"
"tabpfnv2_MUL_IMAGE_ZOOSCAN_ZOOPLANKTON_0","0.9877829836880924","0","2026-03-30T09:18:54.000Z","MUL_IMAGE_ZOOSCAN_ZOOPLANKTON","TabPFN-v2 🤯","all","dino-large","339","2.6572265625","3.2414588928222656"
"tabpfnv2p5_MUL_IMAGE_ZOOSCAN_ZOOPLANKTON_0","0.9942709906234116","0","2026-03-30T09:18:20.000Z","MUL_IMAGE_ZOOSCAN_ZOOPLANKTON","TabPFN-v2p5 🇩🇪","ft","dino-large","2616","14.8291015625","7.311630249023437"
"tabpfnv2p5_MUL_IMAGE_ZOOSCAN_ZOOPLANKTON_0","0.9906316665132252","0","2026-03-30T09:18:08.000Z","MUL_IMAGE_ZOOSCAN_ZOOPLANKTON","TabPFN-v2p5 🇩🇪","all","dino-large","367","2.6572265625","3.1975555419921875"
"tabm_MUL_IMAGE_ZOOSCAN_ZOOPLANKTON_0","0.9930866020987956","0","2026-03-30T09:17:01.000Z","MUL_IMAGE_ZOOSCAN_ZOOPLANKTON","TabM Ⓜ️","ft","dino-large","896","16.7470703125","7.2226409912109375"
"tabm_MUL_IMAGE_ZOOSCAN_ZOOPLANKTON_0","0.9905830057050228","0","2026-03-30T09:16:58.000Z","MUL_IMAGE_ZOOSCAN_ZOOPLANKTON","TabM Ⓜ️","all","dino-large","283","2.6865234375","3.0273513793945312"
"cat_MUL_IMAGE_ZOOSCAN_ZOOPLANKTON_0","0.992418704752543","0","2026-03-30T09:16:19.000Z","MUL_IMAGE_ZOOSCAN_ZOOPLANKTON","CatBoost 😸","ft","dino-large","906","16.7294921875","7.186744689941406"
"cat_MUL_IMAGE_ZOOSCAN_ZOOPLANKTON_0","0.9883310682999432","0","2026-03-30T09:15:18.000Z","MUL_IMAGE_ZOOSCAN_ZOOPLANKTON","CatBoost 😸","all","dino-large","363","2.6572265625","3.0622711181640625"
"light_MUL_IMAGE_ZOOSCAN_ZOOPLANKTON_0","0.9900636197476972","0","2026-03-30T09:14:22.000Z","MUL_IMAGE_ZOOSCAN_ZOOPLANKTON","LightGBM 💡","ft","dino-large","858","16.7294921875","7.222541809082031"
"light_MUL_IMAGE_ZOOSCAN_ZOOPLANKTON_0","0.9864919269544272","0","2026-03-30T09:14:18.000Z","MUL_IMAGE_ZOOSCAN_ZOOPLANKTON","LightGBM 💡","all","dino-large","286","2.6572265625","3.009632110595703"
"tabpfnv2_MUL_IMAGE_FLOWER_BOUQUETS_4","0.6631530402460203","4","2026-03-30T08:53:09.000Z","MUL_IMAGE_FLOWER_BOUQUETS","TabPFN-v2 🤯","ft","dino-large","186","16.9541015625","4.026111602783203"
"tabpfnv2_MUL_IMAGE_FLOWER_BOUQUETS_4","0.668754864564465","4","2026-03-30T08:52:43.000Z","MUL_IMAGE_FLOWER_BOUQUETS","TabPFN-v2 🤯","all","dino-large","61","2.6884765625","2.57818603515625"
"tabpfnv2p5_MUL_IMAGE_FLOWER_BOUQUETS_4","0.6645053437498498","4","2026-03-30T08:52:31.000Z","MUL_IMAGE_FLOWER_BOUQUETS","TabPFN-v2p5 🇩🇪","ft","dino-large","189","16.9541015625","4.002849578857422"
"tabpfnv2p5_MUL_IMAGE_FLOWER_BOUQUETS_4","0.6566696478419841","4","2026-03-30T08:52:15.000Z","MUL_IMAGE_FLOWER_BOUQUETS","TabPFN-v2p5 🇩🇪","all","dino-large","86","2.6884765625","2.6079177856445312"
"tabm_MUL_IMAGE_FLOWER_BOUQUETS_4","0.6155187027641246","4","2026-03-30T08:52:05.000Z","MUL_IMAGE_FLOWER_BOUQUETS","TabM Ⓜ️","ft","dino-large","112","16.2255859375","3.632232666015625"
"tabm_MUL_IMAGE_FLOWER_BOUQUETS_4","0.6221328275354358","4","2026-03-30T08:51:58.000Z","MUL_IMAGE_FLOWER_BOUQUETS","TabM Ⓜ️","all","dino-large","53","2.7099609375","2.5421905517578125"
"cat_MUL_IMAGE_FLOWER_BOUQUETS_4","0.6061884393189332","4","2026-03-30T08:51:54.000Z","MUL_IMAGE_FLOWER_BOUQUETS","CatBoost 😸","ft","dino-large","149","16.2119140625","3.691078186035156"
"cat_MUL_IMAGE_FLOWER_BOUQUETS_4","0.6266068110682428","4","2026-03-30T08:51:50.000Z","MUL_IMAGE_FLOWER_BOUQUETS","CatBoost 😸","all","dino-large","77","2.6884765625","2.492443084716797"
"light_MUL_IMAGE_FLOWER_BOUQUETS_4","0.6585846806284932","4","2026-03-30T08:51:46.000Z","MUL_IMAGE_FLOWER_BOUQUETS","LightGBM 💡","all","dino-large","48","2.6884765625","2.5406036376953125"
"light_MUL_IMAGE_FLOWER_BOUQUETS_4","0.623621768061141","4","2026-03-30T08:51:46.000Z","MUL_IMAGE_FLOWER_BOUQUETS","LightGBM 💡","ft","dino-large","112","16.2119140625","3.676372528076172"
"tabpfnv2_MUL_IMAGE_FLOWER_BOUQUETS_3","0.694917323971708","3","2026-03-30T08:50:56.000Z","MUL_IMAGE_FLOWER_BOUQUETS","TabPFN-v2 🤯","ft","dino-large","165","16.9541015625","3.869365692138672"
"tabpfnv2_MUL_IMAGE_FLOWER_BOUQUETS_3","0.6765894397705718","3","2026-03-30T08:50:55.000Z","MUL_IMAGE_FLOWER_BOUQUETS","TabPFN-v2 🤯","all","dino-large","75","2.6884765625","2.5769271850585938"
"tabpfnv2p5_MUL_IMAGE_FLOWER_BOUQUETS_3","0.68917696378723","3","2026-03-30T08:50:54.000Z","MUL_IMAGE_FLOWER_BOUQUETS","TabPFN-v2p5 🇩🇪","ft","dino-large","165","16.9541015625","3.875335693359375"
"tabpfnv2p5_MUL_IMAGE_FLOWER_BOUQUETS_3","0.6760722172440541","3","2026-03-30T08:50:53.000Z","MUL_IMAGE_FLOWER_BOUQUETS","TabPFN-v2p5 🇩🇪","all","dino-large","58","2.6884765625","2.5721282958984375"
"tabm_MUL_IMAGE_FLOWER_BOUQUETS_3","0.6754791492163857","3","2026-03-30T08:50:47.000Z","MUL_IMAGE_FLOWER_BOUQUETS","TabM Ⓜ️","ft","dino-large","135","16.2138671875","3.964412689208984"
"cat_MUL_IMAGE_FLOWER_BOUQUETS_3","0.6512287540859683","3","2026-03-30T08:50:45.000Z","MUL_IMAGE_FLOWER_BOUQUETS","CatBoost 😸","ft","dino-large","147","16.2119140625","3.9346923828125"
"tabm_MUL_IMAGE_FLOWER_BOUQUETS_3","0.651300832768785","3","2026-03-30T08:50:45.000Z","MUL_IMAGE_FLOWER_BOUQUETS","TabM Ⓜ️","all","dino-large","53","2.7099609375","2.5612106323242188"
"cat_MUL_IMAGE_FLOWER_BOUQUETS_3","0.6368057029653867","3","2026-03-30T08:50:44.000Z","MUL_IMAGE_FLOWER_BOUQUETS","CatBoost 😸","all","dino-large","74","2.6884765625","2.5156822204589844"
"light_MUL_IMAGE_FLOWER_BOUQUETS_3","0.6001804904656736","3","2026-03-30T08:50:19.000Z","MUL_IMAGE_FLOWER_BOUQUETS","LightGBM 💡","ft","dino-large","133","16.2119140625","3.684162139892578"
"light_MUL_IMAGE_FLOWER_BOUQUETS_3","0.5947143926181107","3","2026-03-30T08:49:53.000Z","MUL_IMAGE_FLOWER_BOUQUETS","LightGBM 💡","all","dino-large","54","2.6884765625","2.5573577880859375"
"tabpfnv2_MUL_IMAGE_FLOWER_BOUQUETS_2","0.6827783536570717","2","2026-03-30T08:49:49.000Z","MUL_IMAGE_FLOWER_BOUQUETS","TabPFN-v2 🤯","ft","dino-large","156","16.9541015625","3.922870635986328"
"tabpfnv2_MUL_IMAGE_FLOWER_BOUQUETS_2","0.7146961569342812","2","2026-03-30T08:49:48.000Z","MUL_IMAGE_FLOWER_BOUQUETS","TabPFN-v2 🤯","all","dino-large","56","2.6884765625","2.545494079589844"
"tabpfnv2p5_MUL_IMAGE_FLOWER_BOUQUETS_2","0.68199392667492","2","2026-03-30T08:49:39.000Z","MUL_IMAGE_FLOWER_BOUQUETS","TabPFN-v2p5 🇩🇪","ft","dino-large","148","16.9541015625","4.076591491699219"
"tabpfnv2p5_MUL_IMAGE_FLOWER_BOUQUETS_2","0.715579524273975","2","2026-03-30T08:49:38.000Z","MUL_IMAGE_FLOWER_BOUQUETS","TabPFN-v2p5 🇩🇪","all","dino-large","69","2.6884765625","2.6296157836914062"
"tabm_MUL_IMAGE_FLOWER_BOUQUETS_2","0.6714392388020579","2","2026-03-30T08:49:30.000Z","MUL_IMAGE_FLOWER_BOUQUETS","TabM Ⓜ️","ft","dino-large","137","16.2255859375","3.8084030151367183"
"tabm_MUL_IMAGE_FLOWER_BOUQUETS_2","0.6260685673526127","2","2026-03-30T08:49:19.000Z","MUL_IMAGE_FLOWER_BOUQUETS","TabM Ⓜ️","all","dino-large","56","2.7099609375","2.5473670959472656"
"cat_MUL_IMAGE_FLOWER_BOUQUETS_2","0.6847375368024091","2","2026-03-30T08:49:16.000Z","MUL_IMAGE_FLOWER_BOUQUETS","CatBoost 😸","ft","dino-large","144","16.2119140625","3.6821250915527344"
"cat_MUL_IMAGE_FLOWER_BOUQUETS_2","0.6875873439617891","2","2026-03-30T08:48:47.000Z","MUL_IMAGE_FLOWER_BOUQUETS","CatBoost 😸","all","dino-large","57","2.6884765625","2.529529571533203"
"light_MUL_IMAGE_FLOWER_BOUQUETS_2","0.6711346986593381","2","2026-03-30T08:48:40.000Z","MUL_IMAGE_FLOWER_BOUQUETS","LightGBM 💡","ft","dino-large","131","16.2119140625","3.690616607666016"
"light_MUL_IMAGE_FLOWER_BOUQUETS_2","0.7041567188053037","2","2026-03-30T08:48:39.000Z","MUL_IMAGE_FLOWER_BOUQUETS","LightGBM 💡","all","dino-large","56","2.6884765625","2.4929428100585938"
"tabpfnv2_MUL_IMAGE_FLOWER_BOUQUETS_1","0.6189318555180792","1","2026-03-30T08:48:10.000Z","MUL_IMAGE_FLOWER_BOUQUETS","TabPFN-v2 🤯","ft","dino-large","150","16.9541015625","4.108680725097656"
"tabpfnv2_MUL_IMAGE_FLOWER_BOUQUETS_1","0.6393920643595727","1","2026-03-30T08:48:05.000Z","MUL_IMAGE_FLOWER_BOUQUETS","TabPFN-v2 🤯","all","dino-large","66","2.6884765625","2.5708656311035156"
"tabpfnv2p5_MUL_IMAGE_FLOWER_BOUQUETS_1","0.6144559375799109","1","2026-03-30T08:47:41.000Z","MUL_IMAGE_FLOWER_BOUQUETS","TabPFN-v2p5 🇩🇪","ft","dino-large","242","16.9541015625","3.8253021240234375"
"tabpfnv2p5_MUL_IMAGE_FLOWER_BOUQUETS_1","0.6394777333212682","1","2026-03-30T08:47:35.000Z","MUL_IMAGE_FLOWER_BOUQUETS","TabPFN-v2p5 🇩🇪","all","dino-large","56","2.6884765625","2.533153533935547"
"tabm_MUL_IMAGE_FLOWER_BOUQUETS_1","0.5913163572194648","1","2026-03-30T08:47:33.000Z","MUL_IMAGE_FLOWER_BOUQUETS","TabM Ⓜ️","ft","dino-large","278","16.2119140625","3.915668487548828"
"tabm_MUL_IMAGE_FLOWER_BOUQUETS_1","0.5712019427401225","1","2026-03-30T08:47:27.000Z","MUL_IMAGE_FLOWER_BOUQUETS","TabM Ⓜ️","all","dino-large","67","2.7099609375","2.5867996215820312"
"cat_MUL_IMAGE_FLOWER_BOUQUETS_1","0.5671601309058023","1","2026-03-30T08:47:26.000Z","MUL_IMAGE_FLOWER_BOUQUETS","CatBoost 😸","ft","dino-large","192","16.2119140625","3.719867706298828"
"cat_MUL_IMAGE_FLOWER_BOUQUETS_1","0.6055413370532128","1","2026-03-30T08:47:24.000Z","MUL_IMAGE_FLOWER_BOUQUETS","CatBoost 😸","all","dino-large","79","2.6884765625","2.529144287109375"
"light_MUL_IMAGE_FLOWER_BOUQUETS_1","0.5858657871725019","1","2026-03-30T08:47:23.000Z","MUL_IMAGE_FLOWER_BOUQUETS","LightGBM 💡","ft","dino-large","196","16.2119140625","3.869415283203125"
"light_MUL_IMAGE_FLOWER_BOUQUETS_1","0.6048938737168205","1","2026-03-30T08:47:22.000Z","MUL_IMAGE_FLOWER_BOUQUETS","LightGBM 💡","all","dino-large","124","2.6884765625","2.631999969482422"
"tabpfnv2_MUL_IMAGE_FLOWER_BOUQUETS_0","0.6402335032450182","0","2026-03-30T08:47:21.000Z","MUL_IMAGE_FLOWER_BOUQUETS","TabPFN-v2 🤯","ft","dino-large","139","16.9541015625","3.901893615722656"
"tabpfnv2_MUL_IMAGE_FLOWER_BOUQUETS_0","0.622692688979537","0","2026-03-30T08:46:47.000Z","MUL_IMAGE_FLOWER_BOUQUETS","TabPFN-v2 🤯","all","dino-large","72","2.6884765625","2.70330810546875"
"tabpfnv2p5_MUL_IMAGE_FLOWER_BOUQUETS_0","0.6376082079715821","0","2026-03-30T08:46:44.000Z","MUL_IMAGE_FLOWER_BOUQUETS","TabPFN-v2p5 🇩🇪","ft","dino-large","146","16.9541015625","3.8036956787109375"
"tabpfnv2p5_MUL_IMAGE_FLOWER_BOUQUETS_0","0.6408081762207456","0","2026-03-30T08:46:43.000Z","MUL_IMAGE_FLOWER_BOUQUETS","TabPFN-v2p5 🇩🇪","all","dino-large","76","2.6884765625","2.64261245727539"
"tabm_MUL_IMAGE_FLOWER_BOUQUETS_0","0.6403941274832784","0","2026-03-30T08:46:43.000Z","MUL_IMAGE_FLOWER_BOUQUETS","TabM Ⓜ️","ft","dino-large","181","16.2119140625","3.729923248291016"
"tabm_MUL_IMAGE_FLOWER_BOUQUETS_0","0.6170694418953021","0","2026-03-30T08:46:15.000Z","MUL_IMAGE_FLOWER_BOUQUETS","TabM Ⓜ️","all","dino-large","83","2.6923828125","2.5776329040527344"
"cat_MUL_IMAGE_FLOWER_BOUQUETS_0","0.6855035653159682","0","2026-03-30T08:45:47.000Z","MUL_IMAGE_FLOWER_BOUQUETS","CatBoost 😸","ft","dino-large","290","16.2119140625","3.684497833251953"
"cat_MUL_IMAGE_FLOWER_BOUQUETS_0","0.6968809797808966","0","2026-03-30T08:44:52.000Z","MUL_IMAGE_FLOWER_BOUQUETS","CatBoost 😸","all","dino-large","74","2.6884765625","2.5523223876953125"
"light_MUL_IMAGE_FLOWER_BOUQUETS_0","0.6904097772556707","0","2026-03-30T08:44:29.000Z","MUL_IMAGE_FLOWER_BOUQUETS","LightGBM 💡","ft","dino-large","181","16.2119140625","3.764591217041016"
"light_MUL_IMAGE_FLOWER_BOUQUETS_0","0.6417809447602179","0","2026-03-30T08:44:29.000Z","MUL_IMAGE_FLOWER_BOUQUETS","LightGBM 💡","all","dino-large","71","2.6884765625","2.5528411865234375"
"tabpfnv2_MUL_IMAGE_CSGO_SKIN_PRICE_4","0.8919361605107159","4","2026-03-29T01:14:56.000Z","MUL_IMAGE_CSGO_SKIN_PRICE","TabPFN-v2 🤯","ft","dino-large","217","13.6865234375","4.400562286376953"
"tabpfnv2_MUL_IMAGE_CSGO_SKIN_PRICE_4","0.8874090287277703","4","2026-03-29T01:13:10.000Z","MUL_IMAGE_CSGO_SKIN_PRICE","TabPFN-v2 🤯","all","dino-large","69","2.6884765625","2.6426963806152344"
"tabpfnv2p5_MUL_IMAGE_CSGO_SKIN_PRICE_4","0.8935695394436844","4","2026-03-29T01:08:14.000Z","MUL_IMAGE_CSGO_SKIN_PRICE","TabPFN-v2p5 🇩🇪","ft","dino-large","219","13.6865234375","4.387855529785156"
"tabpfnv2p5_MUL_IMAGE_CSGO_SKIN_PRICE_4","0.8910129198966409","4","2026-03-29T01:06:27.000Z","MUL_IMAGE_CSGO_SKIN_PRICE","TabPFN-v2p5 🇩🇪","all","dino-large","69","2.6884765625","2.8158950805664062"
"tabm_MUL_IMAGE_CSGO_SKIN_PRICE_4","0.8676087551299589","4","2026-03-29T01:00:39.000Z","MUL_IMAGE_CSGO_SKIN_PRICE","TabM Ⓜ️","ft","dino-large","278","16.2998046875","4.186679840087891"
"tabm_MUL_IMAGE_CSGO_SKIN_PRICE_4","0.8493768049855601","4","2026-03-29T00:58:57.000Z","MUL_IMAGE_CSGO_SKIN_PRICE","TabM Ⓜ️","all","dino-large","67","2.7138671875","2.67431640625"
"cat_MUL_IMAGE_CSGO_SKIN_PRICE_4","0.8680425596595228","4","2026-03-29T00:52:37.000Z","MUL_IMAGE_CSGO_SKIN_PRICE","CatBoost 😸","ft","dino-large","299","16.2802734375","4.185825347900391"
"cat_MUL_IMAGE_CSGO_SKIN_PRICE_4","0.8375555555555556","4","2026-03-29T00:50:02.000Z","MUL_IMAGE_CSGO_SKIN_PRICE","CatBoost 😸","all","dino-large","96","2.6884765625","2.6585464477539062"
"light_MUL_IMAGE_CSGO_SKIN_PRICE_4","0.8080702234382124","4","2026-03-29T00:44:13.000Z","MUL_IMAGE_CSGO_SKIN_PRICE","LightGBM 💡","ft","dino-large","279","16.2802734375","4.182136535644531"
"light_MUL_IMAGE_CSGO_SKIN_PRICE_4","0.7912849977200184","4","2026-03-29T00:42:26.000Z","MUL_IMAGE_CSGO_SKIN_PRICE","LightGBM 💡","all","dino-large","68","2.6884765625","2.7357444763183594"
"tabpfnv2_MUL_IMAGE_CSGO_SKIN_PRICE_3","0.90321568627451","3","2026-03-29T00:36:42.000Z","MUL_IMAGE_CSGO_SKIN_PRICE","TabPFN-v2 🤯","ft","dino-large","267","13.6865234375","4.394317626953125"
"tabpfnv2_MUL_IMAGE_CSGO_SKIN_PRICE_3","0.8908943608451132","3","2026-03-29T00:34:56.000Z","MUL_IMAGE_CSGO_SKIN_PRICE","TabPFN-v2 🤯","all","dino-large","69","2.6884765625","2.786052703857422"
"tabpfnv2p5_MUL_IMAGE_CSGO_SKIN_PRICE_3","0.8985256117951057","3","2026-03-29T00:29:12.000Z","MUL_IMAGE_CSGO_SKIN_PRICE","TabPFN-v2p5 🇩🇪","ft","dino-large","267","13.6865234375","4.475040435791016"
"tabpfnv2p5_MUL_IMAGE_CSGO_SKIN_PRICE_3","0.8873272533819729","3","2026-03-29T00:27:20.000Z","MUL_IMAGE_CSGO_SKIN_PRICE","TabPFN-v2p5 🇩🇪","all","dino-large","69","2.6884765625","2.7961158752441406"
"tabm_MUL_IMAGE_CSGO_SKIN_PRICE_3","0.8489472564219487","3","2026-03-29T00:21:21.000Z","MUL_IMAGE_CSGO_SKIN_PRICE","TabM Ⓜ️","ft","dino-large","286","16.2998046875","4.190792083740234"
"tabm_MUL_IMAGE_CSGO_SKIN_PRICE_3","0.8589755281957745","3","2026-03-29T00:19:38.000Z","MUL_IMAGE_CSGO_SKIN_PRICE","TabM Ⓜ️","all","dino-large","67","2.7138671875","2.661357879638672"
"cat_MUL_IMAGE_CSGO_SKIN_PRICE_3","0.869094087247302","3","2026-03-29T00:13:03.000Z","MUL_IMAGE_CSGO_SKIN_PRICE","CatBoost 😸","ft","dino-large","315","16.2802734375","4.236217498779297"
"cat_MUL_IMAGE_CSGO_SKIN_PRICE_3","0.8520501595987232","3","2026-03-29T00:10:23.000Z","MUL_IMAGE_CSGO_SKIN_PRICE","CatBoost 😸","all","dino-large","107","2.6884765625","2.749927520751953"
"light_MUL_IMAGE_CSGO_SKIN_PRICE_3","0.8480437756497947","3","2026-03-29T00:04:20.000Z","MUL_IMAGE_CSGO_SKIN_PRICE","LightGBM 💡","ft","dino-large","295","16.2802734375","4.187580108642578"
"light_MUL_IMAGE_CSGO_SKIN_PRICE_3","0.8117197142422861","3","2026-03-29T00:02:33.000Z","MUL_IMAGE_CSGO_SKIN_PRICE","LightGBM 💡","all","dino-large","68","2.6884765625","2.735759735107422"
"tabpfnv2_MUL_IMAGE_CSGO_SKIN_PRICE_2","0.9000781273749808","2","2026-03-28T23:56:17.000Z","MUL_IMAGE_CSGO_SKIN_PRICE","TabPFN-v2 🤯","ft","dino-large","301","13.6865234375","4.3878021240234375"
"tabpfnv2_MUL_IMAGE_CSGO_SKIN_PRICE_2","0.9013102295181638","2","2026-03-28T23:54:30.000Z","MUL_IMAGE_CSGO_SKIN_PRICE","TabPFN-v2 🤯","all","dino-large","70","2.6884765625","2.8123626708984375"
"tabpfnv2p5_MUL_IMAGE_CSGO_SKIN_PRICE_2","0.905529715762274","2","2026-03-28T23:47:38.000Z","MUL_IMAGE_CSGO_SKIN_PRICE","TabPFN-v2p5 🇩🇪","ft","dino-large","335","13.6865234375","4.430290222167969"
"tabpfnv2p5_MUL_IMAGE_CSGO_SKIN_PRICE_2","0.9024246846025232","2","2026-03-28T23:45:51.000Z","MUL_IMAGE_CSGO_SKIN_PRICE","TabPFN-v2p5 🇩🇪","all","dino-large","69","2.6884765625","2.714263916015625"
"tabm_MUL_IMAGE_CSGO_SKIN_PRICE_2","0.8579872321021431","2","2026-03-28T23:40:13.000Z","MUL_IMAGE_CSGO_SKIN_PRICE","TabM Ⓜ️","ft","dino-large","265","16.2998046875","4.172954559326172"
"tabm_MUL_IMAGE_CSGO_SKIN_PRICE_2","0.8572980696154431","2","2026-03-28T23:38:25.000Z","MUL_IMAGE_CSGO_SKIN_PRICE","TabM Ⓜ️","all","dino-large","68","2.7138671875","2.665630340576172"
"cat_MUL_IMAGE_CSGO_SKIN_PRICE_2","0.8680741754065968","2","2026-03-28T23:32:04.000Z","MUL_IMAGE_CSGO_SKIN_PRICE","CatBoost 😸","ft","dino-large","297","16.2802734375","4.176212310791016"
"cat_MUL_IMAGE_CSGO_SKIN_PRICE_2","0.863873537011704","2","2026-03-28T23:29:29.000Z","MUL_IMAGE_CSGO_SKIN_PRICE","CatBoost 😸","all","dino-large","96","2.6884765625","2.6659622192382812"
"light_MUL_IMAGE_CSGO_SKIN_PRICE_2","0.8436124031007752","2","2026-03-28T23:23:50.000Z","MUL_IMAGE_CSGO_SKIN_PRICE","LightGBM 💡","ft","dino-large","268","16.2802734375","4.199409484863281"
"light_MUL_IMAGE_CSGO_SKIN_PRICE_2","0.8101063991488069","2","2026-03-28T23:22:02.000Z","MUL_IMAGE_CSGO_SKIN_PRICE","LightGBM 💡","all","dino-large","68","2.6884765625","2.772846221923828"
"tabpfnv2_MUL_IMAGE_CSGO_SKIN_PRICE_1","0.8797735218118256","1","2026-03-28T23:15:08.000Z","MUL_IMAGE_CSGO_SKIN_PRICE","TabPFN-v2 🤯","ft","dino-large","337","13.6865234375","4.443595886230469"
"tabpfnv2_MUL_IMAGE_CSGO_SKIN_PRICE_1","0.9010421036631708","1","2026-03-28T23:13:21.000Z","MUL_IMAGE_CSGO_SKIN_PRICE","TabPFN-v2 🤯","all","dino-large","70","2.6884765625","2.844196319580078"
"tabpfnv2p5_MUL_IMAGE_CSGO_SKIN_PRICE_1","0.8771737346101232","1","2026-03-28T23:06:29.000Z","MUL_IMAGE_CSGO_SKIN_PRICE","TabPFN-v2p5 🇩🇪","ft","dino-large","335","13.6865234375","4.476524353027344"
"tabpfnv2p5_MUL_IMAGE_CSGO_SKIN_PRICE_1","0.9064444444444444","1","2026-03-28T23:04:43.000Z","MUL_IMAGE_CSGO_SKIN_PRICE","TabPFN-v2p5 🇩🇪","all","dino-large","69","2.6884765625","2.893238067626953"
"tabm_MUL_IMAGE_CSGO_SKIN_PRICE_1","0.8665709074327406","1","2026-03-28T22:58:42.000Z","MUL_IMAGE_CSGO_SKIN_PRICE","TabM Ⓜ️","ft","dino-large","290","16.2998046875","4.202323913574219"
"tabm_MUL_IMAGE_CSGO_SKIN_PRICE_1","0.837799057607539","1","2026-03-28T22:56:55.000Z","MUL_IMAGE_CSGO_SKIN_PRICE","TabM Ⓜ️","all","dino-large","67","2.7138671875","2.6400718688964844"
"cat_MUL_IMAGE_CSGO_SKIN_PRICE_1","0.8847344581243348","1","2026-03-28T22:50:20.000Z","MUL_IMAGE_CSGO_SKIN_PRICE","CatBoost 😸","ft","dino-large","314","16.2802734375","4.222770690917969"
"cat_MUL_IMAGE_CSGO_SKIN_PRICE_1","0.8661538227694179","1","2026-03-28T22:47:46.000Z","MUL_IMAGE_CSGO_SKIN_PRICE","CatBoost 😸","all","dino-large","102","2.6884765625","2.6741943359375"
"light_MUL_IMAGE_CSGO_SKIN_PRICE_1","0.8458777929776561","1","2026-03-28T22:41:48.000Z","MUL_IMAGE_CSGO_SKIN_PRICE","LightGBM 💡","ft","dino-large","289","16.2802734375","4.162696838378906"
"light_MUL_IMAGE_CSGO_SKIN_PRICE_1","0.8269430004559963","1","2026-03-28T22:40:01.000Z","MUL_IMAGE_CSGO_SKIN_PRICE","LightGBM 💡","all","dino-large","69","2.6884765625","2.6791000366210938"
"tabpfnv2_MUL_IMAGE_CSGO_SKIN_PRICE_0","0.913389572883417","0","2026-03-28T22:33:49.000Z","MUL_IMAGE_CSGO_SKIN_PRICE","TabPFN-v2 🤯","ft","dino-large","298","13.6865234375","4.377784729003906"
"tabpfnv2_MUL_IMAGE_CSGO_SKIN_PRICE_0","0.9096625626994984","0","2026-03-28T22:32:02.000Z","MUL_IMAGE_CSGO_SKIN_PRICE","TabPFN-v2 🤯","all","dino-large","70","2.6884765625","2.8078880310058594"
"tabpfnv2p5_MUL_IMAGE_CSGO_SKIN_PRICE_0","0.911156406748746","0","2026-03-28T22:25:50.000Z","MUL_IMAGE_CSGO_SKIN_PRICE","TabPFN-v2p5 🇩🇪","ft","dino-large","295","13.6865234375","4.382514953613281"
"tabpfnv2p5_MUL_IMAGE_CSGO_SKIN_PRICE_0","0.9085481076151392","0","2026-03-28T22:24:03.000Z","MUL_IMAGE_CSGO_SKIN_PRICE","TabPFN-v2p5 🇩🇪","all","dino-large","71","2.6884765625","2.7358970642089844"
"tabm_MUL_IMAGE_CSGO_SKIN_PRICE_0","0.884325885392917","0","2026-03-28T22:18:29.000Z","MUL_IMAGE_CSGO_SKIN_PRICE","TabM Ⓜ️","ft","dino-large","264","16.2998046875","4.164340972900391"
"tabm_MUL_IMAGE_CSGO_SKIN_PRICE_0","0.8883781729746161","0","2026-03-28T22:16:41.000Z","MUL_IMAGE_CSGO_SKIN_PRICE","TabM Ⓜ️","all","dino-large","70","2.7138671875","2.734699249267578"
"cat_MUL_IMAGE_CSGO_SKIN_PRICE_0","0.8894044687642498","0","2026-03-28T22:10:32.000Z","MUL_IMAGE_CSGO_SKIN_PRICE","CatBoost 😸","ft","dino-large","292","16.2802734375","4.220195770263672"
"cat_MUL_IMAGE_CSGO_SKIN_PRICE_0","0.8827751937984496","0","2026-03-28T22:08:03.000Z","MUL_IMAGE_CSGO_SKIN_PRICE","CatBoost 😸","all","dino-large","97","2.6884765625","2.691070556640625"
"light_MUL_IMAGE_CSGO_SKIN_PRICE_0","0.8768071135430915","0","2026-03-28T22:02:28.000Z","MUL_IMAGE_CSGO_SKIN_PRICE","LightGBM 💡","ft","dino-large","265","16.2802734375","4.2337646484375"
"light_MUL_IMAGE_CSGO_SKIN_PRICE_0","0.8492545979632162","0","2026-03-28T22:00:24.000Z","MUL_IMAGE_CSGO_SKIN_PRICE","LightGBM 💡","all","dino-large","85","2.6884765625","2.7938003540039062"