"Name","test_score","fold","multimodal_state","model","Created","dataset","Runtime","State","train_peak_cpu_gb","train_peak_gpu_gb"
"tabpfnv2p5_MUL_TEXT_US_ACCIDENTS_4","0.989482915268196","4","ft","TabPFN-v2p5 🇩🇪","2026-04-03T10:17:50.000Z","MUL_TEXT_US_ACCIDENTS","3207","finished","2.11917495727539","17.1025390625"
"tabpfnv2p5_REG_TEXT_MONTGOMERY_SALARIES_2","0.9885803464047728","2","ft","TabPFN-v2p5 🇩🇪","2026-04-03T19:38:30.000Z","REG_TEXT_MONTGOMERY_SALARIES","2705","finished","1.8620452880859375","21.7197265625"
"tabpfnv2p5_REG_TEXT_MONTGOMERY_SALARIES_3","0.9884818747130756","3","ft","TabPFN-v2p5 🇩🇪","2026-04-03T20:01:13.000Z","REG_TEXT_MONTGOMERY_SALARIES","3481","finished","1.8818092346191408","21.7197265625"
"tabpfnv2_REG_TEXT_MONTGOMERY_SALARIES_3","0.9883011409454716","3","ft","TabPFN-v2 🤯","2026-04-03T20:03:28.000Z","REG_TEXT_MONTGOMERY_SALARIES","3480","finished","1.8892669677734375","21.7197265625"
"tabpfnv2p5_REG_TEXT_MONTGOMERY_SALARIES_2","0.9882653495207798","2","all","TabPFN-v2p5 🇩🇪","2026-04-03T19:38:28.000Z","REG_TEXT_MONTGOMERY_SALARIES","238","finished","1.7005996704101562","1.0986328125"
"tabpfnv2p5_REG_TEXT_MONTGOMERY_SALARIES_0","0.988012525703326","0","ft","TabPFN-v2p5 🇩🇪","2026-04-03T19:10:19.000Z","REG_TEXT_MONTGOMERY_SALARIES","2987","finished","1.844135284423828","21.7197265625"
"tabpfnv2_MUL_TEXT_US_ACCIDENTS_4","0.987145729172204","4","ft","TabPFN-v2 🤯","2026-04-03T10:25:36.000Z","MUL_TEXT_US_ACCIDENTS","3222","finished","2.21976089477539","17.1025390625"
"tabpfnv2_REG_TEXT_MONTGOMERY_SALARIES_3","0.986542233928404","3","all","TabPFN-v2 🤯","2026-04-03T20:02:26.000Z","REG_TEXT_MONTGOMERY_SALARIES","254","finished","2.7161941528320312","1.0986328125"
"tabm_REG_TEXT_MONTGOMERY_SALARIES_2","0.9864863720948286","2","ft","TabM Ⓜ️","2026-04-03T19:35:23.000Z","REG_TEXT_MONTGOMERY_SALARIES","2879","finished","1.8276252746582031","16.7958984375"
"tabpfnv2p5_REG_TEXT_MONTGOMERY_SALARIES_3","0.9857046702375942","3","all","TabPFN-v2p5 🇩🇪","2026-04-03T20:00:57.000Z","REG_TEXT_MONTGOMERY_SALARIES","238","finished","1.6910247802734375","1.0986328125"
"tabpfnv2p5_REG_TEXT_MONTGOMERY_SALARIES_0","0.985447214672531","0","all","TabPFN-v2p5 🇩🇪","2026-04-03T19:07:05.000Z","REG_TEXT_MONTGOMERY_SALARIES","262","finished","1.699176788330078","1.0986328125"
"tabpfnv2p5_MUL_TEXT_US_ACCIDENTS_0","0.9852071951513588","0","ft","TabPFN-v2p5 🇩🇪","2026-04-03T08:20:18.000Z","MUL_TEXT_US_ACCIDENTS","5730","finished","2.1197547912597656","17.1025390625"
"tabpfnv2_REG_TEXT_MONTGOMERY_SALARIES_0","0.9850003224975616","0","ft","TabPFN-v2 🤯","2026-04-03T19:13:51.000Z","REG_TEXT_MONTGOMERY_SALARIES","3034","finished","2.835742950439453","21.7197265625"
"tabm_REG_TEXT_MONTGOMERY_SALARIES_0","0.9849829822137172","0","ft","TabM Ⓜ️","2026-04-03T19:06:14.000Z","REG_TEXT_MONTGOMERY_SALARIES","1884","finished","1.853599548339844","16.7958984375"
"tabm_REG_TEXT_MONTGOMERY_SALARIES_2","0.9848453890334248","2","all","TabM Ⓜ️","2026-04-03T19:34:38.000Z","REG_TEXT_MONTGOMERY_SALARIES","227","finished","1.7502670288085938","1.1748046875"
"tabm_REG_TEXT_MONTGOMERY_SALARIES_3","0.9845575000501616","3","ft","TabM Ⓜ️","2026-04-03T19:59:59.000Z","REG_TEXT_MONTGOMERY_SALARIES","3159","finished","1.82818603515625","16.7958984375"
"tabm_MUL_TEXT_US_ACCIDENTS_4","0.9845166427971096","4","ft","TabM Ⓜ️","2026-04-03T10:08:42.000Z","MUL_TEXT_US_ACCIDENTS","4944","finished","1.881507873535156","20.7509765625"
"tabpfnv2p5_MUL_TEXT_US_ACCIDENTS_4","0.9844890775795728","4","all","TabPFN-v2p5 🇩🇪","2026-04-03T10:14:58.000Z","MUL_TEXT_US_ACCIDENTS","632","finished","1.9499549865722656","1.0986328125"
"cat_MUL_TEXT_US_ACCIDENTS_4","0.9839564215754608","4","ft","CatBoost 😸","2026-04-03T10:06:20.000Z","MUL_TEXT_US_ACCIDENTS","5062","finished","2.2586097717285156","20.7353515625"
"cat_REG_TEXT_MONTGOMERY_SALARIES_0","0.9839557078860668","0","ft","CatBoost 😸","2026-04-03T19:02:02.000Z","REG_TEXT_MONTGOMERY_SALARIES","1910","finished","1.969764709472656","16.7861328125"
"tabm_MUL_TEXT_WINE_REVIEW_4","0.983838163984338","4","ft","TabM Ⓜ️","2026-04-03T03:44:36.000Z","MUL_TEXT_WINE_REVIEW","2770","finished","1.7789230346679688","15.9169921875"
"tabm_MUL_TEXT_WINE_REVIEW_2","0.9836900786038568","2","ft","TabM Ⓜ️","2026-04-03T03:05:00.000Z","MUL_TEXT_WINE_REVIEW","2659","finished","1.810077667236328","15.9150390625"
"tabm_REG_TEXT_MONTGOMERY_SALARIES_0","0.9835949532961082","0","all","TabM Ⓜ️","2026-04-03T19:06:08.000Z","REG_TEXT_MONTGOMERY_SALARIES","244","finished","1.7789421081542969","1.1748046875"
"tabpfnv2_MUL_TEXT_US_ACCIDENTS_1","0.9832171692316912","1","ft","TabPFN-v2 🤯","2026-04-03T08:56:30.000Z","MUL_TEXT_US_ACCIDENTS","4227","finished","2.238861083984375","17.1025390625"
"tabpfnv2_REG_TEXT_MONTGOMERY_SALARIES_0","0.9830788556147724","0","all","TabPFN-v2 🤯","2026-04-03T19:13:27.000Z","REG_TEXT_MONTGOMERY_SALARIES","251","finished","2.271862030029297","1.0986328125"
"cat_REG_TEXT_MONTGOMERY_SALARIES_3","0.9829117872130656","3","ft","CatBoost 😸","2026-04-03T19:56:00.000Z","REG_TEXT_MONTGOMERY_SALARIES","3166","finished","1.9726409912109375","16.7861328125"
"tabpfnv2_MUL_TEXT_US_ACCIDENTS_0","0.982771681278946","0","ft","TabPFN-v2 🤯","2026-04-03T08:26:28.000Z","MUL_TEXT_US_ACCIDENTS","5769","finished","2.2303237915039062","17.1025390625"
"tabpfnv2p5_MUL_TEXT_US_ACCIDENTS_0","0.9827628882773558","0","all","TabPFN-v2p5 🇩🇪","2026-04-03T08:20:06.000Z","MUL_TEXT_US_ACCIDENTS","631","finished","1.9473609924316408","1.0986328125"
"cat_MUL_TEXT_WINE_REVIEW_4","0.9826700712936774","4","ft","CatBoost 😸","2026-04-03T03:38:07.000Z","MUL_TEXT_WINE_REVIEW","3087","finished","2.0262985229492188","15.9072265625"
"light_MUL_TEXT_US_ACCIDENTS_4","0.9825921983925524","4","ft","LightGBM 💡","2026-04-03T10:03:10.000Z","MUL_TEXT_US_ACCIDENTS","4958","finished","1.8574104309082031","20.7353515625"
"tabm_MUL_TEXT_WINE_REVIEW_3","0.9824613908370916","3","ft","TabM Ⓜ️","2026-04-03T03:18:09.000Z","MUL_TEXT_WINE_REVIEW","2086","finished","1.7927284240722656","15.9169921875"
"tabm_REG_TEXT_MONTGOMERY_SALARIES_3","0.9821304144972663","3","all","TabM Ⓜ️","2026-04-03T19:59:33.000Z","REG_TEXT_MONTGOMERY_SALARIES","232","finished","1.7475128173828125","1.1748046875"
"cat_MUL_TEXT_WINE_REVIEW_3","0.9820413538206678","3","ft","CatBoost 😸","2026-04-03T03:12:57.000Z","MUL_TEXT_WINE_REVIEW","2564","finished","2.02139663696289","15.9072265625"
"cat_MUL_TEXT_WINE_REVIEW_2","0.9817398341896002","2","ft","CatBoost 😸","2026-04-03T03:02:57.000Z","MUL_TEXT_WINE_REVIEW","2949","finished","2.0411643981933594","15.9072265625"
"tabm_MUL_TEXT_WINE_REVIEW_1","0.9817058131992138","1","ft","TabM Ⓜ️","2026-04-03T02:54:50.000Z","MUL_TEXT_WINE_REVIEW","2755","finished","1.7744178771972656","15.9169921875"
"cat_REG_TEXT_MONTGOMERY_SALARIES_0","0.9814263322193396","0","all","CatBoost 😸","2026-04-03T19:01:28.000Z","REG_TEXT_MONTGOMERY_SALARIES","288","finished","1.9017486572265625","1.0986328125"
"light_REG_TEXT_MONTGOMERY_SALARIES_0","0.9811580717218736","0","ft","LightGBM 💡","2026-04-03T18:59:28.000Z","REG_TEXT_MONTGOMERY_SALARIES","1843","finished","1.735248565673828","16.7861328125"
"cat_MUL_TEXT_WINE_REVIEW_1","0.9808372086998622","1","ft","CatBoost 😸","2026-04-03T02:47:04.000Z","MUL_TEXT_WINE_REVIEW","3058","finished","2.0153045654296875","15.9072265625"
"tabpfnv2_MUL_TEXT_US_ACCIDENTS_4","0.980829056175702","4","all","TabPFN-v2 🤯","2026-04-03T10:20:12.000Z","MUL_TEXT_US_ACCIDENTS","650","finished","2.05303955078125","1.0986328125"
"tabm_MUL_TEXT_WINE_REVIEW_0","0.9807050834286398","0","ft","TabM Ⓜ️","2026-04-03T02:23:30.000Z","MUL_TEXT_WINE_REVIEW","2758","finished","1.7710456848144531","15.9150390625"
"tabm_MUL_TEXT_US_ACCIDENTS_0","0.9803972247439164","0","ft","TabM Ⓜ️","2026-04-03T08:16:14.000Z","MUL_TEXT_US_ACCIDENTS","4034","finished","1.8766822814941408","20.7490234375"
"tabm_MUL_TEXT_WINE_REVIEW_2","0.98035016159972","2","all","TabM Ⓜ️","2026-04-03T03:04:44.000Z","MUL_TEXT_WINE_REVIEW","156","finished","1.7310333251953125","1.1845703125"
"tabpfnv2p5_REG_TEXT_MONTGOMERY_SALARIES_4","0.9803230074052904","4","ft","TabPFN-v2p5 🇩🇪","2026-04-03T20:17:06.000Z","REG_TEXT_MONTGOMERY_SALARIES","3647","finished","1.8620033264160156","21.7197265625"
"tabpfnv2p5_MUL_TEXT_US_ACCIDENTS_1","0.9800503284197384","1","ft","TabPFN-v2p5 🇩🇪","2026-04-03T08:51:03.000Z","MUL_TEXT_US_ACCIDENTS","4207","finished","2.1240806579589844","17.1025390625"
"cat_MUL_TEXT_WINE_REVIEW_0","0.9800370471049392","0","ft","CatBoost 😸","2026-04-03T02:17:37.000Z","MUL_TEXT_WINE_REVIEW","3183","finished","2.024944305419922","15.9072265625"
"tabpfnv2p5_MUL_TEXT_US_ACCIDENTS_3","0.9798168647378318","3","ft","TabPFN-v2p5 🇩🇪","2026-04-03T09:55:36.000Z","MUL_TEXT_US_ACCIDENTS","3209","finished","2.1195831298828125","17.1025390625"
"tabm_MUL_TEXT_WINE_REVIEW_4","0.9793748921820786","4","all","TabM Ⓜ️","2026-04-03T03:41:34.000Z","MUL_TEXT_WINE_REVIEW","155","finished","1.7340049743652344","1.1845703125"
"light_REG_TEXT_MONTGOMERY_SALARIES_0","0.9790721300098124","0","all","LightGBM 💡","2026-04-03T18:59:15.000Z","REG_TEXT_MONTGOMERY_SALARIES","215","finished","1.509845733642578","1.0986328125"
"light_REG_TEXT_MONTGOMERY_SALARIES_3","0.9789370260381391","3","ft","LightGBM 💡","2026-04-03T19:53:48.000Z","REG_TEXT_MONTGOMERY_SALARIES","3121","finished","1.735809326171875","16.7861328125"
"light_MUL_TEXT_WINE_REVIEW_4","0.9789239145482108","4","ft","LightGBM 💡","2026-04-03T03:27:34.000Z","MUL_TEXT_WINE_REVIEW","2766","finished","1.784759521484375","15.9072265625"
"cat_REG_TEXT_MONTGOMERY_SALARIES_3","0.9786893870889656","3","all","CatBoost 😸","2026-04-03T19:55:11.000Z","REG_TEXT_MONTGOMERY_SALARIES","281","finished","1.8909835815429688","1.0986328125"
"light_MUL_TEXT_US_ACCIDENTS_0","0.9784505875798024","0","ft","LightGBM 💡","2026-04-03T08:04:12.000Z","MUL_TEXT_US_ACCIDENTS","4026","finished","1.8172645568847656","20.7353515625"
"cat_MUL_TEXT_US_ACCIDENTS_0","0.9783033087622208","0","ft","CatBoost 😸","2026-04-03T08:15:27.000Z","MUL_TEXT_US_ACCIDENTS","4161","finished","2.2262649536132812","20.7353515625"
"tabpfnv2_REG_TEXT_MONTGOMERY_SALARIES_4","0.978104777580418","4","ft","TabPFN-v2 🤯","2026-04-03T20:20:50.000Z","REG_TEXT_MONTGOMERY_SALARIES","3669","finished","2.4428443908691406","21.7197265625"
"light_MUL_TEXT_US_ACCIDENTS_2","0.9780238494583542","2","ft","LightGBM 💡","2026-04-03T09:02:36.000Z","MUL_TEXT_US_ACCIDENTS","5423","finished","1.870586395263672","20.7353515625"
"tabpfnv2_MUL_TEXT_US_ACCIDENTS_3","0.9778422720655","3","ft","TabPFN-v2 🤯","2026-04-03T09:58:25.000Z","MUL_TEXT_US_ACCIDENTS","3215","finished","2.2310867309570312","17.1025390625"
"tabpfnv2_MUL_TEXT_US_ACCIDENTS_0","0.97771605439887","0","all","TabPFN-v2 🤯","2026-04-03T08:26:27.000Z","MUL_TEXT_US_ACCIDENTS","645","finished","2.052265167236328","1.0986328125"
"tabpfnv2_MUL_TEXT_US_ACCIDENTS_2","0.9774230814352244","2","ft","TabPFN-v2 🤯","2026-04-03T09:21:13.000Z","MUL_TEXT_US_ACCIDENTS","6027","finished","2.2757492065429688","17.1025390625"
"tabm_MUL_TEXT_WINE_REVIEW_3","0.977036833068626","3","all","TabM Ⓜ️","2026-04-03T03:15:27.000Z","MUL_TEXT_WINE_REVIEW","159","finished","1.727497100830078","1.1845703125"
"light_REG_TEXT_MONTGOMERY_SALARIES_3","0.9769851821087272","3","all","LightGBM 💡","2026-04-03T19:50:07.000Z","REG_TEXT_MONTGOMERY_SALARIES","215","finished","1.5109367370605469","1.0986328125"
"tabpfnv2p5_MUL_TEXT_US_ACCIDENTS_2","0.976922231312052","2","ft","TabPFN-v2p5 🇩🇪","2026-04-03T09:17:42.000Z","MUL_TEXT_US_ACCIDENTS","5987","finished","2.120807647705078","17.1025390625"
"tabpfnv2p5_MUL_TEXT_US_ACCIDENTS_1","0.9769150486926248","1","all","TabPFN-v2p5 🇩🇪","2026-04-03T08:50:32.000Z","MUL_TEXT_US_ACCIDENTS","630","finished","1.9553489685058592","1.0986328125"
"tabm_MUL_TEXT_WINE_REVIEW_0","0.9768339912057944","0","all","TabM Ⓜ️","2026-04-03T02:20:47.000Z","MUL_TEXT_WINE_REVIEW","156","finished","1.7276382446289062","1.1845703125"
"tabm_MUL_TEXT_WINE_REVIEW_1","0.9768070746316913","1","all","TabM Ⓜ️","2026-04-03T02:52:08.000Z","MUL_TEXT_WINE_REVIEW","158","finished","1.7263565063476562","1.1845703125"
"tabpfnv2p5_MUL_TEXT_US_ACCIDENTS_3","0.9764960577098551","3","all","TabPFN-v2p5 🇩🇪","2026-04-03T09:47:22.000Z","MUL_TEXT_US_ACCIDENTS","628","finished","1.9479217529296875","1.0986328125"
"cat_MUL_TEXT_WINE_REVIEW_2","0.976299538474834","2","all","CatBoost 😸","2026-04-03T03:01:53.000Z","MUL_TEXT_WINE_REVIEW","674","finished","1.8790855407714844","1.0986328125"
"cat_MUL_TEXT_US_ACCIDENTS_2","0.9762755512369514","2","ft","CatBoost 😸","2026-04-03T09:05:35.000Z","MUL_TEXT_US_ACCIDENTS","5521","finished","2.2446327209472656","20.7353515625"
"cat_REG_TEXT_MONTGOMERY_SALARIES_2","0.9761519789379802","2","ft","CatBoost 😸","2026-04-03T19:32:27.000Z","REG_TEXT_MONTGOMERY_SALARIES","2907","finished","2.0713424682617188","16.7861328125"
"tabpfnv2_MUL_TEXT_US_ACCIDENTS_2","0.9760890726928968","2","all","TabPFN-v2 🤯","2026-04-03T09:20:37.000Z","MUL_TEXT_US_ACCIDENTS","652","finished","2.06246566772461","1.0986328125"
"light_MUL_TEXT_WINE_REVIEW_3","0.9759549072859462","3","ft","LightGBM 💡","2026-04-03T03:10:47.000Z","MUL_TEXT_WINE_REVIEW","2085","finished","1.7855949401855469","15.9072265625"
"tabm_MUL_TEXT_US_ACCIDENTS_4","0.9756583174127376","4","all","TabM Ⓜ️","2026-04-03T10:07:47.000Z","MUL_TEXT_US_ACCIDENTS","579","finished","1.8213958740234375","1.1279296875"
"cat_MUL_TEXT_WINE_REVIEW_4","0.9754405838394404","4","all","CatBoost 😸","2026-04-03T03:32:18.000Z","MUL_TEXT_WINE_REVIEW","734","finished","1.9058990478515625","1.0986328125"
"tabpfnv2p5_REG_TEXT_MONTGOMERY_SALARIES_4","0.9754361203556714","4","all","TabPFN-v2p5 🇩🇪","2026-04-03T20:16:44.000Z","REG_TEXT_MONTGOMERY_SALARIES","240","finished","1.6959800720214844","1.0986328125"
"light_MUL_TEXT_WINE_REVIEW_2","0.9751581887130264","2","ft","LightGBM 💡","2026-04-03T03:00:34.000Z","MUL_TEXT_WINE_REVIEW","2657","finished","1.7820777893066406","15.9072265625"
"cat_MUL_TEXT_US_ACCIDENTS_2","0.9749495648876516","2","all","CatBoost 😸","2026-04-03T09:03:30.000Z","MUL_TEXT_US_ACCIDENTS","872","finished","2.059162139892578","1.0986328125"
"tabpfnv2p5_MUL_TEXT_US_ACCIDENTS_2","0.9749246854769568","2","all","TabPFN-v2p5 🇩🇪","2026-04-03T09:14:04.000Z","MUL_TEXT_US_ACCIDENTS","629","finished","1.9482383728027344","1.0986328125"
"tabm_REG_TEXT_MONTGOMERY_SALARIES_4","0.9745998095451632","4","ft","TabM Ⓜ️","2026-04-03T20:15:14.000Z","REG_TEXT_MONTGOMERY_SALARIES","3656","finished","1.8257102966308592","16.7958984375"
"cat_MUL_TEXT_US_ACCIDENTS_4","0.9742606754186428","4","all","CatBoost 😸","2026-04-03T10:04:31.000Z","MUL_TEXT_US_ACCIDENTS","796","finished","2.0511627197265625","1.0986328125"
"cat_MUL_TEXT_WINE_REVIEW_1","0.974256879502789","1","all","CatBoost 😸","2026-04-03T02:44:47.000Z","MUL_TEXT_WINE_REVIEW","635","finished","1.8862342834472656","1.0986328125"
"cat_REG_TEXT_MONTGOMERY_SALARIES_2","0.9742366293221923","2","all","CatBoost 😸","2026-04-03T19:31:00.000Z","REG_TEXT_MONTGOMERY_SALARIES","259","finished","1.6615867614746094","1.0986328125"
"light_MUL_TEXT_WINE_REVIEW_1","0.9740780392552572","1","ft","LightGBM 💡","2026-04-03T02:40:40.000Z","MUL_TEXT_WINE_REVIEW","2765","finished","1.7835121154785156","15.9072265625"
"tabm_MUL_TEXT_US_ACCIDENTS_0","0.9739912755450888","0","all","TabM Ⓜ️","2026-04-03T08:16:04.000Z","MUL_TEXT_US_ACCIDENTS","578","finished","1.8267936706542969","1.1279296875"
"cat_MUL_TEXT_WINE_REVIEW_3","0.9739780145521624","3","all","CatBoost 😸","2026-04-03T03:11:50.000Z","MUL_TEXT_WINE_REVIEW","757","finished","1.8828468322753904","1.0986328125"
"tabpfnv2p5_REG_TEXT_MONTGOMERY_SALARIES_1","0.9736463430762884","1","ft","TabPFN-v2p5 🇩🇪","2026-04-03T19:23:04.000Z","REG_TEXT_MONTGOMERY_SALARIES","3090","finished","1.8662452697753904","21.7197265625"
"tabpfnv2_REG_TEXT_MONTGOMERY_SALARIES_4","0.9732746437696272","4","all","TabPFN-v2 🤯","2026-04-03T20:20:40.000Z","REG_TEXT_MONTGOMERY_SALARIES","256","finished","2.714344024658203","1.0986328125"
"cat_MUL_TEXT_US_ACCIDENTS_1","0.9732713101140912","1","ft","CatBoost 😸","2026-04-03T08:42:46.000Z","MUL_TEXT_US_ACCIDENTS","4858","finished","2.2328147888183594","20.7353515625"
"tabpfnv2_MUL_TEXT_US_ACCIDENTS_3","0.973183289713096","3","all","TabPFN-v2 🤯","2026-04-03T09:57:54.000Z","MUL_TEXT_US_ACCIDENTS","645","finished","2.0725784301757812","1.0986328125"
"cat_MUL_TEXT_WINE_REVIEW_0","0.973164082411096","0","all","CatBoost 😸","2026-04-03T02:17:05.000Z","MUL_TEXT_WINE_REVIEW","741","finished","1.8849105834960935","1.0986328125"
"tabpfnv2_MUL_TEXT_US_ACCIDENTS_1","0.9727674254969386","1","all","TabPFN-v2 🤯","2026-04-03T08:51:51.000Z","MUL_TEXT_US_ACCIDENTS","649","finished","2.0566482543945312","1.0986328125"
"cat_MUL_TEXT_US_ACCIDENTS_3","0.972321314297206","3","ft","CatBoost 😸","2026-04-03T09:31:36.000Z","MUL_TEXT_US_ACCIDENTS","4831","finished","2.2631988525390625","20.7353515625"
"cat_REG_TEXT_MONTGOMERY_SALARIES_4","0.971873183731494","4","ft","CatBoost 😸","2026-04-03T20:10:23.000Z","REG_TEXT_MONTGOMERY_SALARIES","3690","finished","2.05633544921875","16.7861328125"
"cat_MUL_TEXT_US_ACCIDENTS_0","0.971724137677231","0","all","CatBoost 😸","2026-04-03T08:06:51.000Z","MUL_TEXT_US_ACCIDENTS","757","finished","2.0587921142578125","1.0986328125"
"light_MUL_TEXT_WINE_REVIEW_0","0.9713850269145188","0","ft","LightGBM 💡","2026-04-03T02:14:58.000Z","MUL_TEXT_WINE_REVIEW","2766","finished","1.7860069274902344","15.9072265625"
"light_REG_TEXT_MONTGOMERY_SALARIES_2","0.9712422014575764","2","ft","LightGBM 💡","2026-04-03T19:28:46.000Z","REG_TEXT_MONTGOMERY_SALARIES","2863","finished","1.7520027160644531","16.7861328125"
"tabpfnv2_REG_TEXT_MONTGOMERY_SALARIES_2","0.9711339790388008","2","ft","TabPFN-v2 🤯","2026-04-03T19:43:51.000Z","REG_TEXT_MONTGOMERY_SALARIES","2722","finished","2.7783432006835938","21.7197265625"
"light_MUL_TEXT_US_ACCIDENTS_0","0.9708241561017192","0","all","LightGBM 💡","2026-04-03T08:03:57.000Z","MUL_TEXT_US_ACCIDENTS","722","finished","1.6702766418457031","1.0986328125"
"tabm_MUL_TEXT_US_ACCIDENTS_2","0.9707990607862044","2","all","TabM Ⓜ️","2026-04-03T09:10:17.000Z","MUL_TEXT_US_ACCIDENTS","582","finished","1.823223114013672","1.1279296875"
"light_REG_TEXT_MONTGOMERY_SALARIES_2","0.9707064828259336","2","all","LightGBM 💡","2026-04-03T19:28:26.000Z","REG_TEXT_MONTGOMERY_SALARIES","233","finished","1.5385208129882812","1.0986328125"
"light_MUL_TEXT_US_ACCIDENTS_3","0.970638237287602","3","ft","LightGBM 💡","2026-04-03T09:24:55.000Z","MUL_TEXT_US_ACCIDENTS","4720","finished","1.81500244140625","20.7353515625"
"light_MUL_TEXT_US_ACCIDENTS_4","0.9701072876074162","4","all","LightGBM 💡","2026-04-03T10:03:04.000Z","MUL_TEXT_US_ACCIDENTS","578","finished","1.6424903869628906","1.0986328125"
"tabpfnv2_REG_TEXT_MONTGOMERY_SALARIES_2","0.9695842480870004","2","all","TabPFN-v2 🤯","2026-04-03T19:43:12.000Z","REG_TEXT_MONTGOMERY_SALARIES","258","finished","2.697681427001953","1.0986328125"
"cat_REG_TEXT_MONTGOMERY_SALARIES_4","0.9695559785599054","4","all","CatBoost 😸","2026-04-03T20:09:05.000Z","REG_TEXT_MONTGOMERY_SALARIES","259","finished","1.8204421997070312","1.0986328125"
"tabpfnv2_REG_TEXT_MONTGOMERY_SALARIES_1","0.9692044893926453","1","ft","TabPFN-v2 🤯","2026-04-03T19:24:29.000Z","REG_TEXT_MONTGOMERY_SALARIES","3111","finished","2.878257751464844","21.7197265625"
"tabm_MUL_TEXT_US_ACCIDENTS_1","0.9691635642553256","1","all","TabM Ⓜ️","2026-04-03T08:46:43.000Z","MUL_TEXT_US_ACCIDENTS","582","finished","1.8245353698730469","1.1279296875"
"light_MUL_TEXT_US_ACCIDENTS_1","0.9687859134753825","1","all","LightGBM 💡","2026-04-03T08:32:44.000Z","MUL_TEXT_US_ACCIDENTS","595","finished","1.6685523986816406","1.0986328125"
"cat_MUL_TEXT_US_ACCIDENTS_1","0.9685235995808974","1","all","CatBoost 😸","2026-04-03T08:37:59.000Z","MUL_TEXT_US_ACCIDENTS","782","finished","2.068572998046875","1.0986328125"
"light_MUL_TEXT_US_ACCIDENTS_1","0.9685224878936578","1","ft","LightGBM 💡","2026-04-03T08:36:44.000Z","MUL_TEXT_US_ACCIDENTS","4729","finished","1.8289031982421875","20.7353515625"
"light_REG_TEXT_MONTGOMERY_SALARIES_4","0.968487137619172","4","ft","LightGBM 💡","2026-04-03T20:05:26.000Z","REG_TEXT_MONTGOMERY_SALARIES","3632","finished","1.7478561401367188","16.7861328125"
"tabm_REG_TEXT_MONTGOMERY_SALARIES_4","0.9683288081390932","4","all","TabM Ⓜ️","2026-04-03T20:14:59.000Z","REG_TEXT_MONTGOMERY_SALARIES","255","finished","1.7838020324707031","1.1748046875"
"light_REG_TEXT_MONTGOMERY_SALARIES_4","0.968228737373608","4","all","LightGBM 💡","2026-04-03T20:04:59.000Z","REG_TEXT_MONTGOMERY_SALARIES","215","finished","1.5084266662597656","1.0986328125"
"tabm_MUL_TEXT_US_ACCIDENTS_3","0.9674063770802384","3","ft","TabM Ⓜ️","2026-04-03T09:39:16.000Z","MUL_TEXT_US_ACCIDENTS","4721","finished","1.8800048828125","20.7490234375"
"light_MUL_TEXT_WINE_REVIEW_4","0.9672509023650744","4","all","LightGBM 💡","2026-04-03T03:27:25.000Z","MUL_TEXT_WINE_REVIEW","159","finished","1.5304069519042969","1.0986328125"
"tabm_MUL_TEXT_US_ACCIDENTS_1","0.9663373409095944","1","ft","TabM Ⓜ️","2026-04-03T08:47:23.000Z","MUL_TEXT_US_ACCIDENTS","4734","finished","1.911338806152344","20.7490234375"
"light_MUL_TEXT_WINE_REVIEW_1","0.9655814417640348","1","all","LightGBM 💡","2026-04-03T02:37:53.000Z","MUL_TEXT_WINE_REVIEW","160","finished","1.5295257568359375","1.0986328125"
"cat_MUL_TEXT_SPOTIFY_GENRES_4","0.9655702304607424","4","ft","CatBoost 😸","2026-04-03T07:38:55.000Z","MUL_TEXT_SPOTIFY_GENRES","5605","finished","2.5888595581054688","21.3447265625"
"tabm_MUL_TEXT_US_ACCIDENTS_3","0.965481978067566","3","all","TabM Ⓜ️","2026-04-03T09:35:01.000Z","MUL_TEXT_US_ACCIDENTS","577","finished","1.8260459899902344","1.1279296875"
"light_MUL_TEXT_WINE_REVIEW_3","0.9652708846420376","3","all","LightGBM 💡","2026-04-03T03:10:15.000Z","MUL_TEXT_WINE_REVIEW","159","finished","1.534709930419922","1.0986328125"
"cat_MUL_TEXT_SPOTIFY_GENRES_0","0.9649895490937046","0","ft","CatBoost 😸","2026-04-03T06:11:05.000Z","MUL_TEXT_SPOTIFY_GENRES","6509","finished","2.5892486572265625","21.3447265625"
"cat_MUL_TEXT_SPOTIFY_GENRES_3","0.9644800267370816","3","ft","CatBoost 😸","2026-04-03T07:22:12.000Z","MUL_TEXT_SPOTIFY_GENRES","5814","finished","2.6113510131835938","21.3447265625"
"tabm_REG_TEXT_MONTGOMERY_SALARIES_1","0.9642476166022974","1","ft","TabM Ⓜ️","2026-04-03T19:20:27.000Z","REG_TEXT_MONTGOMERY_SALARIES","2474","finished","1.8543548583984375","16.7958984375"
"light_MUL_TEXT_WINE_REVIEW_0","0.9641964008861488","0","all","LightGBM 💡","2026-04-03T02:14:34.000Z","MUL_TEXT_WINE_REVIEW","177","finished","1.5601692199707031","1.0986328125"
"cat_MUL_TEXT_US_ACCIDENTS_3","0.9639137799928856","3","all","CatBoost 😸","2026-04-03T09:26:27.000Z","MUL_TEXT_US_ACCIDENTS","766","finished","2.0584259033203125","1.0986328125"
"tabm_MUL_TEXT_SPOTIFY_GENRES_0","0.9636959663226456","0","ft","TabM Ⓜ️","2026-04-03T06:13:42.000Z","MUL_TEXT_SPOTIFY_GENRES","4105","finished","1.8207893371582031","21.3544921875"
"light_MUL_TEXT_WINE_REVIEW_2","0.963678116524292","2","all","LightGBM 💡","2026-04-03T02:59:39.000Z","MUL_TEXT_WINE_REVIEW","159","finished","1.5376853942871094","1.0986328125"
"cat_MUL_TEXT_SPOTIFY_GENRES_2","0.9636580978001128","2","ft","CatBoost 😸","2026-04-03T06:27:24.000Z","MUL_TEXT_SPOTIFY_GENRES","5693","finished","2.592601776123047","21.3447265625"
"light_REG_TEXT_MONTGOMERY_SALARIES_1","0.9633666018523712","1","ft","LightGBM 💡","2026-04-03T19:15:17.000Z","REG_TEXT_MONTGOMERY_SALARIES","2439","finished","1.7393836975097656","16.7861328125"
"tabm_MUL_TEXT_SPOTIFY_GENRES_4","0.962992066846707","4","ft","TabM Ⓜ️","2026-04-03T07:42:23.000Z","MUL_TEXT_SPOTIFY_GENRES","4085","finished","1.7824363708496094","21.3544921875"
"cat_REG_TEXT_MONTGOMERY_SALARIES_1","0.9625839866340083","1","ft","CatBoost 😸","2026-04-03T19:17:39.000Z","REG_TEXT_MONTGOMERY_SALARIES","2486","finished","1.9607887268066408","16.7861328125"
"tabm_MUL_TEXT_SPOTIFY_GENRES_3","0.96238272589111","3","ft","TabM Ⓜ️","2026-04-03T07:28:23.000Z","MUL_TEXT_SPOTIFY_GENRES","4096","finished","1.7917022705078125","21.3544921875"
"tabm_MUL_TEXT_SPOTIFY_GENRES_2","0.962316575184763","2","ft","TabM Ⓜ️","2026-04-03T06:34:08.000Z","MUL_TEXT_SPOTIFY_GENRES","4088","finished","1.7862510681152344","21.3544921875"
"light_MUL_TEXT_US_ACCIDENTS_2","0.9622058811115456","2","all","LightGBM 💡","2026-04-03T08:59:53.000Z","MUL_TEXT_US_ACCIDENTS","578","finished","1.645263671875","1.0986328125"
"tabpfnv2p5_BIN_TEXT_FAKE_JOB_POSTING_2","0.9616423872180452","2","all","TabPFN-v2p5 🇩🇪","2026-04-02T23:41:27.000Z","BIN_TEXT_FAKE_JOB_POSTING","243","finished","1.673309326171875","1.0986328125"
"cat_MUL_TEXT_SPOTIFY_GENRES_0","0.9612303646693776","0","all","CatBoost 😸","2026-04-03T06:11:00.000Z","MUL_TEXT_SPOTIFY_GENRES","2617","finished","2.4682655334472656","1.0986328125"
"tabm_MUL_TEXT_SPOTIFY_GENRES_4","0.961102499009658","4","all","TabM Ⓜ️","2026-04-03T07:41:03.000Z","MUL_TEXT_SPOTIFY_GENRES","219","finished","1.7307090759277344","1.1845703125"
"cat_MUL_TEXT_SPOTIFY_GENRES_1","0.9610352284847036","1","ft","CatBoost 😸","2026-04-03T06:19:04.000Z","MUL_TEXT_SPOTIFY_GENRES","6260","finished","2.634929656982422","21.3447265625"
"cat_MUL_TEXT_SPOTIFY_GENRES_4","0.9609820977716144","4","all","CatBoost 😸","2026-04-03T07:38:28.000Z","MUL_TEXT_SPOTIFY_GENRES","2218","finished","2.41830062866211","1.0986328125"
"cat_MUL_TEXT_SPOTIFY_GENRES_3","0.9607689358606414","3","all","CatBoost 😸","2026-04-03T07:19:16.000Z","MUL_TEXT_SPOTIFY_GENRES","2436","finished","2.4697189331054688","1.0986328125"
"tabm_MUL_TEXT_SPOTIFY_GENRES_3","0.960388871504114","3","all","TabM Ⓜ️","2026-04-03T07:28:10.000Z","MUL_TEXT_SPOTIFY_GENRES","219","finished","1.7311363220214844","1.1845703125"
"tabm_MUL_TEXT_SPOTIFY_GENRES_1","0.9602157195943948","1","ft","TabM Ⓜ️","2026-04-03T06:19:55.000Z","MUL_TEXT_SPOTIFY_GENRES","4091","finished","1.786518096923828","21.3544921875"
"cat_MUL_TEXT_SPOTIFY_GENRES_2","0.9599136226972744","2","all","CatBoost 😸","2026-04-03T06:27:03.000Z","MUL_TEXT_SPOTIFY_GENRES","2626","finished","2.4213180541992188","1.0986328125"
"tabm_MUL_TEXT_SPOTIFY_GENRES_0","0.9597419051028228","0","all","TabM Ⓜ️","2026-04-03T06:13:34.000Z","MUL_TEXT_SPOTIFY_GENRES","214","finished","1.729694366455078","1.1845703125"
"tabpfnv2p5_REG_TEXT_MONTGOMERY_SALARIES_1","0.9597058078953296","1","all","TabPFN-v2p5 🇩🇪","2026-04-03T19:22:30.000Z","REG_TEXT_MONTGOMERY_SALARIES","241","finished","1.6981201171875","1.0986328125"
"light_MUL_TEXT_US_ACCIDENTS_3","0.9590204469840264","3","all","LightGBM 💡","2026-04-03T09:24:38.000Z","MUL_TEXT_US_ACCIDENTS","575","finished","1.6534156799316406","1.0986328125"
"tabm_MUL_TEXT_SPOTIFY_GENRES_2","0.9587911882189126","2","all","TabM Ⓜ️","2026-04-03T06:30:22.000Z","MUL_TEXT_SPOTIFY_GENRES","220","finished","1.7347183227539062","1.1845703125"
"cat_MUL_TEXT_SPOTIFY_GENRES_1","0.9572802831353272","1","all","CatBoost 😸","2026-04-03T06:19:02.000Z","MUL_TEXT_SPOTIFY_GENRES","2514","finished","2.464893341064453","1.0986328125"
"tabm_MUL_TEXT_SPOTIFY_GENRES_1","0.9561021577270632","1","all","TabM Ⓜ️","2026-04-03T06:19:42.000Z","MUL_TEXT_SPOTIFY_GENRES","217","finished","1.7340736389160156","1.1845703125"
"tabpfnv2_REG_TEXT_MONTGOMERY_SALARIES_1","0.9556703497593612","1","all","TabPFN-v2 🤯","2026-04-03T19:24:08.000Z","REG_TEXT_MONTGOMERY_SALARIES","253","finished","2.484111785888672","1.0986328125"
"tabm_REG_TEXT_MONTGOMERY_SALARIES_1","0.9545554256361948","1","all","TabM Ⓜ️","2026-04-03T19:19:55.000Z","REG_TEXT_MONTGOMERY_SALARIES","228","finished","1.7483406066894531","1.1748046875"
"cat_REG_TEXT_MONTGOMERY_SALARIES_1","0.9537292540315674","1","all","CatBoost 😸","2026-04-03T19:17:22.000Z","REG_TEXT_MONTGOMERY_SALARIES","260","finished","1.8577537536621096","1.0986328125"
"tabm_BIN_TEXT_FAKE_JOB_POSTING_3","0.9519942434210528","3","all","TabM Ⓜ️","2026-04-02T23:50:26.000Z","BIN_TEXT_FAKE_JOB_POSTING","231","finished","1.7357101440429688","1.1845703125"
"tabpfnv2p5_BIN_TEXT_FAKE_JOB_POSTING_0","0.950415589755639","0","all","TabPFN-v2p5 🇩🇪","2026-04-02T23:27:21.000Z","BIN_TEXT_FAKE_JOB_POSTING","243","finished","1.6778068542480469","1.0986328125"
"tabpfnv2p5_BIN_TEXT_FAKE_JOB_POSTING_3","0.9500851738721804","3","all","TabPFN-v2p5 🇩🇪","2026-04-02T23:55:05.000Z","BIN_TEXT_FAKE_JOB_POSTING","243","finished","1.6758079528808594","1.0986328125"
"light_REG_TEXT_MONTGOMERY_SALARIES_1","0.9495039842635208","1","all","LightGBM 💡","2026-04-03T19:14:50.000Z","REG_TEXT_MONTGOMERY_SALARIES","215","finished","1.5098304748535156","1.0986328125"
"tabpfnv2_BIN_TEXT_JIGSAW_TOXICITY_4","0.9490236386808428","4","ft","TabPFN-v2 🤯","2026-04-02T22:27:46.000Z","BIN_TEXT_JIGSAW_TOXICITY","995","finished","1.9096183776855469","17.7705078125"
"tabpfnv2p5_REG_TEXT_BABIES_PRICES_1","0.9479998787792464","1","all","TabPFN-v2p5 🇩🇪","2026-04-03T10:59:09.000Z","REG_TEXT_BABIES_PRICES","141","finished","1.608978271484375","1.1044921875"
"tabpfnv2p5_REG_TEXT_BABIES_PRICES_1","0.9478234218048318","1","ft","TabPFN-v2p5 🇩🇪","2026-04-03T11:00:03.000Z","REG_TEXT_BABIES_PRICES","2776","finished","1.79052734375","16.9619140625"
"tabpfnv2p5_BIN_TEXT_JIGSAW_TOXICITY_4","0.9467976919988128","4","ft","TabPFN-v2p5 🇩🇪","2026-04-02T22:25:15.000Z","BIN_TEXT_JIGSAW_TOXICITY","981","finished","1.8700408935546875","17.7705078125"
"tabm_BIN_TEXT_JIGSAW_TOXICITY_4","0.9454774000942754","4","ft","TabM Ⓜ️","2026-04-02T22:24:00.000Z","BIN_TEXT_JIGSAW_TOXICITY","993","finished","1.8214378356933592","15.2841796875"
"tabm_BIN_TEXT_FAKE_JOB_POSTING_3","0.9444901315789472","3","ft","TabM Ⓜ️","2026-04-02T23:53:29.000Z","BIN_TEXT_FAKE_JOB_POSTING","1091","finished","1.8017044067382812","21.1376953125"
"tabpfnv2p5_BIN_TEXT_FAKE_JOB_POSTING_2","0.9444313909774436","2","ft","TabPFN-v2p5 🇩🇪","2026-04-02T23:41:39.000Z","BIN_TEXT_FAKE_JOB_POSTING","1620","finished","1.8598365783691408","18.8779296875"
"tabm_MUL_TEXT_US_ACCIDENTS_2","0.9441330875250152","2","ft","TabM Ⓜ️","2026-04-03T09:12:26.000Z","MUL_TEXT_US_ACCIDENTS","5397","finished","1.8839454650878904","20.7490234375"
"tabm_BIN_TEXT_JIGSAW_TOXICITY_3","0.9431990781961976","3","ft","TabM Ⓜ️","2026-04-02T22:17:48.000Z","BIN_TEXT_JIGSAW_TOXICITY","995","finished","1.8283424377441408","15.2841796875"
"cat_BIN_TEXT_JIGSAW_TOXICITY_4","0.9420075420311108","4","ft","CatBoost 😸","2026-04-02T22:22:55.000Z","BIN_TEXT_JIGSAW_TOXICITY","995","finished","1.8115386962890625","15.2744140625"
"tabm_REG_TEXT_BABIES_PRICES_1","0.9419306667920456","1","ft","TabM Ⓜ️","2026-04-03T10:58:04.000Z","REG_TEXT_BABIES_PRICES","2537","finished","1.8174095153808592","20.8642578125"
"tabpfnv2_BIN_TEXT_FAKE_JOB_POSTING_2","0.941420935150376","2","ft","TabPFN-v2 🤯","2026-04-02T23:45:28.000Z","BIN_TEXT_FAKE_JOB_POSTING","1648","finished","1.9113616943359375","18.8779296875"
"tabpfnv2p5_BIN_TEXT_JIGSAW_TOXICITY_3","0.9411040695542868","3","ft","TabPFN-v2p5 🇩🇪","2026-04-02T22:19:05.000Z","BIN_TEXT_JIGSAW_TOXICITY","1041","finished","1.8766517639160156","17.7705078125"
"tabpfnv2p5_BIN_TEXT_FAKE_JOB_POSTING_3","0.9407527608082707","3","ft","TabPFN-v2p5 🇩🇪","2026-04-02T23:55:08.000Z","BIN_TEXT_FAKE_JOB_POSTING","1622","finished","1.8525848388671875","18.8779296875"
"tabm_REG_TEXT_BABIES_PRICES_1","0.9407279757602522","1","all","TabM Ⓜ️","2026-04-03T10:57:36.000Z","REG_TEXT_BABIES_PRICES","141","finished","1.7436752319335938","1.1240234375"
"tabm_BIN_TEXT_FAKE_JOB_POSTING_0","0.9402314379699248","0","all","TabM Ⓜ️","2026-04-02T23:24:33.000Z","BIN_TEXT_FAKE_JOB_POSTING","233","finished","1.7361335754394531","1.1845703125"
"tabpfnv2_BIN_TEXT_JIGSAW_TOXICITY_3","0.9400456537299884","3","ft","TabPFN-v2 🤯","2026-04-02T22:19:58.000Z","BIN_TEXT_JIGSAW_TOXICITY","1039","finished","1.896453857421875","17.7705078125"
"tabpfnv2_BIN_TEXT_FAKE_JOB_POSTING_2","0.9388069783834586","2","all","TabPFN-v2 🤯","2026-04-02T23:45:04.000Z","BIN_TEXT_FAKE_JOB_POSTING","270","finished","1.7038917541503906","1.0986328125"
"tabpfnv2_BIN_TEXT_JIGSAW_TOXICITY_2","0.9370493549119224","2","ft","TabPFN-v2 🤯","2026-04-02T22:14:09.000Z","BIN_TEXT_JIGSAW_TOXICITY","1157","finished","1.8988761901855469","17.7705078125"
"tabpfnv2p5_BIN_TEXT_FAKE_JOB_POSTING_1","0.9367730850563912","1","all","TabPFN-v2p5 🇩🇪","2026-04-02T23:34:35.000Z","BIN_TEXT_FAKE_JOB_POSTING","242","finished","1.672199249267578","1.0986328125"
"tabm_MUL_TEXT_PRODUCT_SENTIMENT_3","0.9362099145462356","3","ft","TabM Ⓜ️","2026-04-03T00:25:08.000Z","MUL_TEXT_PRODUCT_SENTIMENT","512","finished","1.7143783569335938","18.9013671875"
"tabpfnv2p5_BIN_TEXT_JIGSAW_TOXICITY_2","0.9353886241030744","2","ft","TabPFN-v2p5 🇩🇪","2026-04-02T22:11:29.000Z","BIN_TEXT_JIGSAW_TOXICITY","1154","finished","1.8752098083496096","17.7705078125"
"tabpfnv2_REG_TEXT_BABIES_PRICES_1","0.9352735342938986","1","all","TabPFN-v2 🤯","2026-04-03T11:01:58.000Z","REG_TEXT_BABIES_PRICES","149","finished","1.6424407958984375","1.1044921875"
"tabm_BIN_TEXT_FAKE_JOB_POSTING_4","0.9351210056390976","4","ft","TabM Ⓜ️","2026-04-03T00:02:25.000Z","BIN_TEXT_FAKE_JOB_POSTING","1477","finished","1.8017501831054688","21.1376953125"
"tabpfnv2_MUL_TEXT_PRODUCT_SENTIMENT_3","0.9349781245445334","3","ft","TabPFN-v2 🤯","2026-04-03T00:25:56.000Z","MUL_TEXT_PRODUCT_SENTIMENT","511","finished","1.7363853454589844","17.0595703125"
"cat_REG_TEXT_BABIES_PRICES_1","0.934436444736227","1","ft","CatBoost 😸","2026-04-03T10:53:43.000Z","REG_TEXT_BABIES_PRICES","2559","finished","1.9751434326171875","20.8525390625"
"tabpfnv2p5_MUL_TEXT_PRODUCT_SENTIMENT_3","0.9336490846109242","3","ft","TabPFN-v2p5 🇩🇪","2026-04-03T00:25:34.000Z","MUL_TEXT_PRODUCT_SENTIMENT","510","finished","1.7417831420898438","17.0595703125"
"tabpfnv2p5_MUL_TEXT_PRODUCT_SENTIMENT_1","0.9335996019700096","1","ft","TabPFN-v2p5 🇩🇪","2026-04-03T00:15:10.000Z","MUL_TEXT_PRODUCT_SENTIMENT","554","finished","1.7370986938476562","17.0595703125"
"tabm_BIN_TEXT_FAKE_JOB_POSTING_0","0.933564379699248","0","ft","TabM Ⓜ️","2026-04-02T23:24:49.000Z","BIN_TEXT_FAKE_JOB_POSTING","1322","finished","1.7995643615722656","21.1376953125"
"light_BIN_TEXT_FAKE_JOB_POSTING_0","0.9330210291353384","0","ft","LightGBM 💡","2026-04-02T23:19:20.000Z","BIN_TEXT_FAKE_JOB_POSTING","1313","finished","1.7894401550292969","21.1279296875"
"tabpfnv2p5_BIN_TEXT_JIGSAW_TOXICITY_1","0.9323857783830024","1","ft","TabPFN-v2p5 🇩🇪","2026-04-02T22:02:13.000Z","BIN_TEXT_JIGSAW_TOXICITY","1037","finished","1.8770637512207031","17.7705078125"
"cat_MUL_TEXT_PRODUCT_SENTIMENT_3","0.9323302626190962","3","ft","CatBoost 😸","2026-04-03T00:24:47.000Z","MUL_TEXT_PRODUCT_SENTIMENT","513","finished","1.7403526306152344","18.8955078125"
"light_BIN_TEXT_JIGSAW_TOXICITY_4","0.9318205625098204","4","ft","LightGBM 💡","2026-04-02T22:21:28.000Z","BIN_TEXT_JIGSAW_TOXICITY","1036","finished","1.826030731201172","15.2744140625"
"tabm_BIN_TEXT_JIGSAW_TOXICITY_2","0.9317943749017964","2","ft","TabM Ⓜ️","2026-04-02T22:10:24.000Z","BIN_TEXT_JIGSAW_TOXICITY","702","finished","1.860137939453125","15.2841796875"
"cat_BIN_TEXT_JIGSAW_TOXICITY_3","0.9317419996857488","3","ft","CatBoost 😸","2026-04-02T22:17:01.000Z","BIN_TEXT_JIGSAW_TOXICITY","1016","finished","1.839111328125","15.2744140625"
"tabpfnv2_BIN_TEXT_FAKE_JOB_POSTING_0","0.9308990249060152","0","all","TabPFN-v2 🤯","2026-04-02T23:28:33.000Z","BIN_TEXT_FAKE_JOB_POSTING","248","finished","1.702373504638672","1.0986328125"
"light_BIN_TEXT_JIGSAW_TOXICITY_3","0.930786151992877","3","ft","LightGBM 💡","2026-04-02T22:15:33.000Z","BIN_TEXT_JIGSAW_TOXICITY","991","finished","1.8106460571289065","15.2744140625"
"tabpfnv2p5_MUL_TEXT_MICHELIN_RESTAURANTS_2","0.930477429551146","2","ft","TabPFN-v2p5 🇩🇪","2026-04-03T01:33:11.000Z","MUL_TEXT_MICHELIN_RESTAURANTS","3360","finished","1.9959869384765625","20.8525390625"
"tabpfnv2p5_REG_TEXT_BABIES_PRICES_0","0.9298723531476716","0","ft","TabPFN-v2p5 🇩🇪","2026-04-03T10:43:41.000Z","REG_TEXT_BABIES_PRICES","2780","finished","1.76690673828125","16.9619140625"
"tabpfnv2p5_MUL_TEXT_PRODUCT_SENTIMENT_2","0.9296616019810224","2","ft","TabPFN-v2p5 🇩🇪","2026-04-03T00:21:30.000Z","MUL_TEXT_PRODUCT_SENTIMENT","480","finished","1.7605018615722656","17.0595703125"
"cat_BIN_TEXT_FAKE_JOB_POSTING_3","0.9289385573308272","3","all","CatBoost 😸","2026-04-02T23:48:12.000Z","BIN_TEXT_FAKE_JOB_POSTING","248","finished","1.7310142517089844","1.0986328125"
"cat_BIN_TEXT_JIGSAW_TOXICITY_2","0.9289181026205066","2","ft","CatBoost 😸","2026-04-02T22:07:28.000Z","BIN_TEXT_JIGSAW_TOXICITY","691","finished","1.8237533569335935","15.2744140625"
"tabpfnv2_BIN_TEXT_JIGSAW_TOXICITY_0","0.9288351751950976","0","ft","TabPFN-v2 🤯","2026-04-02T21:23:16.000Z","BIN_TEXT_JIGSAW_TOXICITY","1221","finished","1.9118499755859375","17.7705078125"
"light_BIN_TEXT_FAKE_JOB_POSTING_4","0.9288210761278196","4","ft","LightGBM 💡","2026-04-02T23:59:01.000Z","BIN_TEXT_FAKE_JOB_POSTING","1491","finished","1.7977752685546875","21.1279296875"
"tabpfnv2_BIN_TEXT_FAKE_JOB_POSTING_0","0.9286007988721804","0","ft","TabPFN-v2 🤯","2026-04-02T23:29:00.000Z","BIN_TEXT_FAKE_JOB_POSTING","1681","finished","1.9157600402832031","18.8779296875"
"tabpfnv2_BIN_TEXT_JIGSAW_TOXICITY_1","0.9283878035580232","1","ft","TabPFN-v2 🤯","2026-04-02T22:03:55.000Z","BIN_TEXT_JIGSAW_TOXICITY","1043","finished","1.8957633972167969","17.7705078125"
"light_BIN_TEXT_FAKE_JOB_POSTING_2","0.9273085056390976","2","all","LightGBM 💡","2026-04-02T23:37:15.000Z","BIN_TEXT_FAKE_JOB_POSTING","224","finished","1.557086944580078","1.0986328125"
"tabpfnv2p5_BIN_TEXT_FAKE_JOB_POSTING_4","0.9271836818609024","4","all","TabPFN-v2p5 🇩🇪","2026-04-03T00:04:31.000Z","BIN_TEXT_FAKE_JOB_POSTING","244","finished","1.6706275939941406","1.0986328125"
"tabm_BIN_TEXT_FAKE_JOB_POSTING_1","0.9269707471804512","1","all","TabM Ⓜ️","2026-04-02T23:32:57.000Z","BIN_TEXT_FAKE_JOB_POSTING","230","finished","1.7381248474121094","1.1845703125"
"tabpfnv2p5_BIN_TEXT_JIGSAW_TOXICITY_0","0.9268274585799332","0","ft","TabPFN-v2p5 🇩🇪","2026-04-02T20:57:32.000Z","BIN_TEXT_JIGSAW_TOXICITY","1216","finished","1.871685028076172","17.7705078125"
"tabm_MUL_TEXT_MICHELIN_RESTAURANTS_2","0.92663712397804","2","ft","TabM Ⓜ️","2026-04-03T01:27:13.000Z","MUL_TEXT_MICHELIN_RESTAURANTS","2409","finished","1.8139572143554688","19.7138671875"
"tabpfnv2_MUL_TEXT_PRODUCT_SENTIMENT_1","0.9265624544565152","1","ft","TabPFN-v2 🤯","2026-04-03T00:16:28.000Z","MUL_TEXT_PRODUCT_SENTIMENT","551","finished","1.736328125","17.0595703125"
"cat_BIN_TEXT_FAKE_JOB_POSTING_0","0.9265008223684212","0","ft","CatBoost 😸","2026-04-02T23:23:13.000Z","BIN_TEXT_FAKE_JOB_POSTING","1333","finished","1.8815383911132812","21.1279296875"
"cat_MUL_TEXT_PRODUCT_SENTIMENT_2","0.926487616663215","2","ft","CatBoost 😸","2026-04-03T00:18:52.000Z","MUL_TEXT_PRODUCT_SENTIMENT","373","finished","1.71881103515625","18.8955078125"
"tabpfnv2p5_BIN_TEXT_FAKE_JOB_POSTING_0","0.9264273966165412","0","ft","TabPFN-v2p5 🇩🇪","2026-04-02T23:27:28.000Z","BIN_TEXT_FAKE_JOB_POSTING","1654","finished","1.8531379699707031","18.8779296875"
"tabpfnv2_MUL_TEXT_MICHELIN_RESTAURANTS_2","0.9261194109561236","2","ft","TabPFN-v2 🤯","2026-04-03T01:37:23.000Z","MUL_TEXT_MICHELIN_RESTAURANTS","3367","finished","2.010669708251953","20.8525390625"
"tabm_BIN_TEXT_FAKE_JOB_POSTING_2","0.9259574718045112","2","all","TabM Ⓜ️","2026-04-02T23:39:57.000Z","BIN_TEXT_FAKE_JOB_POSTING","229","finished","1.7351112365722656","1.1845703125"
"tabpfnv2p5_MUL_TEXT_MICHELIN_RESTAURANTS_0","0.9256836967364288","0","ft","TabPFN-v2p5 🇩🇪","2026-04-03T01:06:12.000Z","MUL_TEXT_MICHELIN_RESTAURANTS","3745","finished","1.9658050537109375","20.8525390625"
"light_BIN_TEXT_JIGSAW_TOXICITY_2","0.9254133277466436","2","ft","LightGBM 💡","2026-04-02T22:04:50.000Z","BIN_TEXT_JIGSAW_TOXICITY","676","finished","1.8289756774902344","15.2744140625"
"tabpfnv2_REG_TEXT_BABIES_PRICES_1","0.9253309438182868","1","ft","TabPFN-v2 🤯","2026-04-03T11:02:05.000Z","REG_TEXT_BABIES_PRICES","2788","finished","1.7986183166503906","16.9619140625"
"tabpfnv2p5_MUL_TEXT_MICHELIN_RESTAURANTS_4","0.9247838791253772","4","ft","TabPFN-v2p5 🇩🇪","2026-04-03T02:09:34.000Z","MUL_TEXT_MICHELIN_RESTAURANTS","3340","finished","1.9646987915039065","20.8525390625"
"light_BIN_TEXT_FAKE_JOB_POSTING_0","0.9245917528195488","0","all","LightGBM 💡","2026-04-02T23:19:04.000Z","BIN_TEXT_FAKE_JOB_POSTING","224","finished","1.568603515625","1.0986328125"
"tabm_BIN_TEXT_JIGSAW_TOXICITY_1","0.9243265420136524","1","ft","TabM Ⓜ️","2026-04-02T21:58:37.000Z","BIN_TEXT_JIGSAW_TOXICITY","683","finished","1.831138610839844","15.2841796875"
"tabpfnv2p5_REG_TEXT_BABIES_PRICES_3","0.924273662322556","3","ft","TabPFN-v2p5 🇩🇪","2026-04-03T11:33:56.000Z","REG_TEXT_BABIES_PRICES","2778","finished","1.7721595764160156","16.9619140625"
"tabpfnv2_MUL_TEXT_PRODUCT_SENTIMENT_3","0.9239962768285336","3","all","TabPFN-v2 🤯","2026-04-03T00:25:44.000Z","MUL_TEXT_PRODUCT_SENTIMENT","52","finished","1.510234832763672","1.0986328125"
"tabm_MUL_TEXT_PRODUCT_SENTIMENT_2","0.923449481765625","2","ft","TabM Ⓜ️","2026-04-03T00:20:11.000Z","MUL_TEXT_PRODUCT_SENTIMENT","360","finished","1.7299919128417969","18.9033203125"
"tabpfnv2_MUL_TEXT_MICHELIN_RESTAURANTS_4","0.9231002661099884","4","ft","TabPFN-v2 🤯","2026-04-03T02:11:38.000Z","MUL_TEXT_MICHELIN_RESTAURANTS","3395","finished","2.04092788696289","20.8525390625"
"light_BIN_TEXT_FAKE_JOB_POSTING_3","0.9230204417293232","3","ft","LightGBM 💡","2026-04-02T23:46:54.000Z","BIN_TEXT_FAKE_JOB_POSTING","1089","finished","1.7880935668945312","21.1279296875"
"tabpfnv2p5_MUL_TEXT_MICHELIN_RESTAURANTS_1","0.9229313148920836","1","ft","TabPFN-v2p5 🇩🇪","2026-04-03T01:14:45.000Z","MUL_TEXT_MICHELIN_RESTAURANTS","2506","finished","1.9974479675292969","20.8525390625"
"tabm_REG_TEXT_BABIES_PRICES_0","0.9227178130958448","0","ft","TabM Ⓜ️","2026-04-03T10:42:14.000Z","REG_TEXT_BABIES_PRICES","2525","finished","1.8210906982421875","20.8623046875"
"tabm_MUL_TEXT_MICHELIN_RESTAURANTS_4","0.9223652800081904","4","ft","TabM Ⓜ️","2026-04-03T02:08:41.000Z","MUL_TEXT_MICHELIN_RESTAURANTS","2868","finished","1.8175010681152344","19.7138671875"
"tabpfnv2p5_MUL_TEXT_MICHELIN_RESTAURANTS_2","0.9223523177086654","2","all","TabPFN-v2p5 🇩🇪","2026-04-03T01:30:03.000Z","MUL_TEXT_MICHELIN_RESTAURANTS","436","finished","1.768901824951172","1.0986328125"
"tabm_BIN_TEXT_FAKE_JOB_POSTING_4","0.9211847979323308","4","all","TabM Ⓜ️","2026-04-03T00:02:19.000Z","BIN_TEXT_FAKE_JOB_POSTING","232","finished","1.7360572814941406","1.1845703125"
"tabpfnv2_MUL_TEXT_PRODUCT_SENTIMENT_2","0.9210434756932422","2","ft","TabPFN-v2 🤯","2026-04-03T00:22:19.000Z","MUL_TEXT_PRODUCT_SENTIMENT","441","finished","1.701496124267578","17.0595703125"
"tabpfnv2p5_REG_TEXT_BABIES_PRICES_2","0.9210191525922108","2","ft","TabPFN-v2p5 🇩🇪","2026-04-03T11:20:38.000Z","REG_TEXT_BABIES_PRICES","2781","finished","1.782489776611328","16.9619140625"
"tabpfnv2p5_MUL_TEXT_MICHELIN_RESTAURANTS_3","0.9205242223766372","3","ft","TabPFN-v2p5 🇩🇪","2026-04-03T01:59:39.000Z","MUL_TEXT_MICHELIN_RESTAURANTS","2657","finished","1.9660568237304688","20.8525390625"
"tabpfnv2p5_MUL_TEXT_PRODUCT_SENTIMENT_2","0.9200492440507004","2","all","TabPFN-v2p5 🇩🇪","2026-04-03T00:21:05.000Z","MUL_TEXT_PRODUCT_SENTIMENT","54","finished","1.5364112854003906","1.0986328125"
"cat_MUL_TEXT_PRODUCT_SENTIMENT_4","0.919995931555325","4","ft","CatBoost 😸","2026-04-03T00:27:03.000Z","MUL_TEXT_PRODUCT_SENTIMENT","432","finished","1.7393875122070312","18.8955078125"
"cat_MUL_TEXT_MICHELIN_RESTAURANTS_2","0.9199266356593956","2","ft","CatBoost 😸","2026-04-03T01:24:22.000Z","MUL_TEXT_MICHELIN_RESTAURANTS","2474","finished","2.2755813598632812","19.7041015625"
"tabpfnv2_MUL_TEXT_MICHELIN_RESTAURANTS_0","0.9198446089509948","0","ft","TabPFN-v2 🤯","2026-04-03T01:08:28.000Z","MUL_TEXT_MICHELIN_RESTAURANTS","3711","finished","2.0107574462890625","20.8525390625"
"cat_BIN_TEXT_FAKE_JOB_POSTING_3","0.9197897086466164","3","ft","CatBoost 😸","2026-04-02T23:49:37.000Z","BIN_TEXT_FAKE_JOB_POSTING","1102","finished","1.8859100341796875","21.1279296875"
"cat_BIN_TEXT_FAKE_JOB_POSTING_2","0.9197162828947368","2","ft","CatBoost 😸","2026-04-02T23:38:41.000Z","BIN_TEXT_FAKE_JOB_POSTING","1482","finished","1.94580078125","21.1279296875"
"tabpfnv2_BIN_TEXT_FAKE_JOB_POSTING_3","0.9195988016917294","3","ft","TabPFN-v2 🤯","2026-04-02T23:57:09.000Z","BIN_TEXT_FAKE_JOB_POSTING","1630","finished","1.8932151794433592","18.8779296875"
"tabpfnv2p5_MUL_TEXT_PRODUCT_SENTIMENT_1","0.9195879582662936","1","all","TabPFN-v2p5 🇩🇪","2026-04-03T00:15:08.000Z","MUL_TEXT_PRODUCT_SENTIMENT","53","finished","1.537822723388672","1.0986328125"
"light_BIN_TEXT_FAKE_JOB_POSTING_3","0.9192023026315788","3","all","LightGBM 💡","2026-04-02T23:45:53.000Z","BIN_TEXT_FAKE_JOB_POSTING","223","finished","1.567413330078125","1.0986328125"
"cat_MUL_TEXT_MICHELIN_RESTAURANTS_0","0.9191443485650728","0","ft","CatBoost 😸","2026-04-03T01:00:41.000Z","MUL_TEXT_MICHELIN_RESTAURANTS","3533","finished","2.277099609375","19.7041015625"
"tabm_MUL_TEXT_MICHELIN_RESTAURANTS_0","0.9191293074223934","0","ft","TabM Ⓜ️","2026-04-03T01:03:54.000Z","MUL_TEXT_MICHELIN_RESTAURANTS","3480","finished","1.8148307800292969","19.7138671875"
"tabpfnv2p5_BIN_TEXT_FAKE_JOB_POSTING_4","0.918952655075188","4","ft","TabPFN-v2p5 🇩🇪","2026-04-03T00:05:06.000Z","BIN_TEXT_FAKE_JOB_POSTING","1644","finished","1.9072990417480469","18.8779296875"
"light_REG_TEXT_BABIES_PRICES_1","0.9188615175561304","1","ft","LightGBM 💡","2026-04-03T10:52:04.000Z","REG_TEXT_BABIES_PRICES","2508","finished","1.7490768432617188","20.8525390625"
"cat_MUL_TEXT_PRODUCT_SENTIMENT_2","0.9187652127467446","2","all","CatBoost 😸","2026-04-03T00:18:40.000Z","MUL_TEXT_PRODUCT_SENTIMENT","59","finished","1.4945335388183594","1.0986328125"
"tabm_MUL_TEXT_PRODUCT_SENTIMENT_4","0.9187075180569072","4","ft","TabM Ⓜ️","2026-04-03T00:27:34.000Z","MUL_TEXT_PRODUCT_SENTIMENT","429","finished","1.7388801574707031","18.9033203125"
"tabpfnv2_MUL_TEXT_WOMEN_CLOTHING_REVIEW_2","0.9185869737564204","2","ft","TabPFN-v2 🤯","2026-04-03T00:45:11.000Z","MUL_TEXT_WOMEN_CLOTHING_REVIEW","1231","finished","1.822296142578125","17.8056640625"
"tabpfnv2p5_MUL_TEXT_PRODUCT_SENTIMENT_3","0.918412885677348","3","all","TabPFN-v2p5 🇩🇪","2026-04-03T00:25:31.000Z","MUL_TEXT_PRODUCT_SENTIMENT","52","finished","1.5359573364257812","1.0986328125"
"tabpfnv2p5_MUL_TEXT_WOMEN_CLOTHING_REVIEW_2","0.9182704900336476","2","ft","TabPFN-v2p5 🇩🇪","2026-04-03T00:42:10.000Z","MUL_TEXT_WOMEN_CLOTHING_REVIEW","1206","finished","1.7738990783691406","17.8056640625"
"tabm_MUL_TEXT_MICHELIN_RESTAURANTS_3","0.9180793034117916","3","ft","TabM Ⓜ️","2026-04-03T01:56:36.000Z","MUL_TEXT_MICHELIN_RESTAURANTS","4080","finished","1.8173370361328125","19.7138671875"
"tabpfnv2_MUL_TEXT_PRODUCT_SENTIMENT_0","0.917993790123654","0","ft","TabPFN-v2 🤯","2026-04-03T00:11:32.000Z","MUL_TEXT_PRODUCT_SENTIMENT","433","finished","1.7547988891601562","17.0595703125"
"cat_BIN_TEXT_FAKE_JOB_POSTING_2","0.9176456766917294","2","all","CatBoost 😸","2026-04-02T23:38:37.000Z","BIN_TEXT_FAKE_JOB_POSTING","246","finished","1.7097816467285156","1.0986328125"
"cat_BIN_TEXT_JIGSAW_TOXICITY_1","0.9175090347247684","1","ft","CatBoost 😸","2026-04-02T21:52:04.000Z","BIN_TEXT_JIGSAW_TOXICITY","713","finished","1.8668060302734375","15.2744140625"
"tabm_BIN_TEXT_JIGSAW_TOXICITY_0","0.917465388711395","0","ft","TabM Ⓜ️","2026-04-02T20:42:21.000Z","BIN_TEXT_JIGSAW_TOXICITY","682","finished","1.8155517578125","15.2841796875"
"tabm_MUL_TEXT_MICHELIN_RESTAURANTS_2","0.9172485270265582","2","all","TabM Ⓜ️","2026-04-03T01:27:07.000Z","MUL_TEXT_MICHELIN_RESTAURANTS","406","finished","1.7507247924804688","1.1240234375"
"tabm_MUL_TEXT_WOMEN_CLOTHING_REVIEW_2","0.9171235272222348","2","ft","TabM Ⓜ️","2026-04-03T00:39:55.000Z","MUL_TEXT_WOMEN_CLOTHING_REVIEW","941","finished","1.7587356567382812","15.9169921875"
"tabpfnv2_MUL_TEXT_MICHELIN_RESTAURANTS_2","0.9168075560906268","2","all","TabPFN-v2 🤯","2026-04-03T01:36:20.000Z","MUL_TEXT_MICHELIN_RESTAURANTS","446","finished","1.836669921875","1.0986328125"
"tabpfnv2_MUL_TEXT_PRODUCT_SENTIMENT_4","0.9167254576009054","4","ft","TabPFN-v2 🤯","2026-04-03T00:30:02.000Z","MUL_TEXT_PRODUCT_SENTIMENT","326","finished","1.720378875732422","17.0595703125"
"tabpfnv2p5_BIN_TEXT_FAKE_JOB_POSTING_1","0.9166984844924811","1","ft","TabPFN-v2p5 🇩🇪","2026-04-02T23:34:47.000Z","BIN_TEXT_FAKE_JOB_POSTING","1626","finished","1.8513221740722656","18.8779296875"
"tabpfnv2p5_MUL_TEXT_PRODUCT_SENTIMENT_0","0.916556796873826","0","all","TabPFN-v2p5 🇩🇪","2026-04-03T00:10:08.000Z","MUL_TEXT_PRODUCT_SENTIMENT","53","finished","1.54083251953125","1.0986328125"
"light_BIN_TEXT_JIGSAW_TOXICITY_1","0.9165313640252098","1","ft","LightGBM 💡","2026-04-02T21:45:53.000Z","BIN_TEXT_JIGSAW_TOXICITY","698","finished","1.847206115722656","15.2744140625"
"tabpfnv2p5_MUL_TEXT_PRODUCT_SENTIMENT_0","0.916363136720606","0","ft","TabPFN-v2p5 🇩🇪","2026-04-03T00:10:19.000Z","MUL_TEXT_PRODUCT_SENTIMENT","558","finished","1.7662467956542969","17.0595703125"
"cat_MUL_TEXT_MICHELIN_RESTAURANTS_1","0.916252988470458","1","ft","CatBoost 😸","2026-04-03T01:12:28.000Z","MUL_TEXT_MICHELIN_RESTAURANTS","2469","finished","2.218101501464844","19.7041015625"
"light_MUL_TEXT_MICHELIN_RESTAURANTS_2","0.916245126654342","2","ft","LightGBM 💡","2026-04-03T01:21:33.000Z","MUL_TEXT_MICHELIN_RESTAURANTS","2434","finished","1.809608459472656","19.7041015625"
"tabpfnv2_MUL_TEXT_MICHELIN_RESTAURANTS_3","0.916223656322385","3","ft","TabPFN-v2 🤯","2026-04-03T02:02:00.000Z","MUL_TEXT_MICHELIN_RESTAURANTS","2698","finished","2.017120361328125","20.8525390625"
"cat_MUL_TEXT_PRODUCT_SENTIMENT_1","0.9159557226967624","1","ft","CatBoost 😸","2026-04-03T00:13:23.000Z","MUL_TEXT_PRODUCT_SENTIMENT","317","finished","1.7492599487304688","18.8955078125"
"tabpfnv2p5_MUL_TEXT_PRODUCT_SENTIMENT_4","0.9158099805252212","4","all","TabPFN-v2p5 🇩🇪","2026-04-03T00:28:28.000Z","MUL_TEXT_PRODUCT_SENTIMENT","105","finished","1.5663185119628906","1.0986328125"
"tabm_MUL_TEXT_MICHELIN_RESTAURANTS_1","0.915495082814821","1","ft","TabM Ⓜ️","2026-04-03T01:13:24.000Z","MUL_TEXT_MICHELIN_RESTAURANTS","2407","finished","1.8064842224121096","19.7138671875"
"tabpfnv2p5_MUL_TEXT_MICHELIN_RESTAURANTS_4","0.9152502610599502","4","all","TabPFN-v2p5 🇩🇪","2026-04-03T02:09:03.000Z","MUL_TEXT_MICHELIN_RESTAURANTS","436","finished","1.7660789489746094","1.0986328125"
"cat_MUL_TEXT_MICHELIN_RESTAURANTS_4","0.914715014598658","4","ft","CatBoost 😸","2026-04-03T02:05:43.000Z","MUL_TEXT_MICHELIN_RESTAURANTS","2952","finished","2.2852821350097656","19.7041015625"
"tabpfnv2p5_MUL_TEXT_WOMEN_CLOTHING_REVIEW_2","0.9145653350288668","2","all","TabPFN-v2p5 🇩🇪","2026-04-03T00:40:45.000Z","MUL_TEXT_WOMEN_CLOTHING_REVIEW","164","finished","1.6032066345214844","1.0986328125"
"tabpfnv2p5_MUL_TEXT_MICHELIN_RESTAURANTS_0","0.9144856900704144","0","all","TabPFN-v2p5 🇩🇪","2026-04-03T01:06:01.000Z","MUL_TEXT_MICHELIN_RESTAURANTS","436","finished","1.7671165466308594","1.0986328125"
"cat_MUL_TEXT_WOMEN_CLOTHING_REVIEW_2","0.914315039362484","2","ft","CatBoost 😸","2026-04-03T00:38:50.000Z","MUL_TEXT_WOMEN_CLOTHING_REVIEW","975","finished","2.01898193359375","15.9072265625"
"tabpfnv2_MUL_TEXT_MICHELIN_RESTAURANTS_1","0.9143114858817964","1","ft","TabPFN-v2 🤯","2026-04-03T01:17:58.000Z","MUL_TEXT_MICHELIN_RESTAURANTS","2540","finished","2.069446563720703","20.8525390625"
"tabpfnv2_MUL_TEXT_PRODUCT_SENTIMENT_2","0.9141508372491992","2","all","TabPFN-v2 🤯","2026-04-03T00:22:18.000Z","MUL_TEXT_PRODUCT_SENTIMENT","103","finished","1.541912078857422","1.0986328125"
"tabpfnv2p5_REG_TEXT_BABIES_PRICES_2","0.9140259195384354","2","all","TabPFN-v2p5 🇩🇪","2026-04-03T11:20:25.000Z","REG_TEXT_BABIES_PRICES","140","finished","1.6102294921875","1.1044921875"
"tabpfnv2p5_MUL_TEXT_WOMEN_CLOTHING_REVIEW_0","0.913786128054902","0","ft","TabPFN-v2p5 🇩🇪","2026-04-03T00:33:34.000Z","MUL_TEXT_WOMEN_CLOTHING_REVIEW","1147","finished","1.7757606506347656","17.8056640625"
"cat_BIN_TEXT_JIGSAW_TOXICITY_0","0.9136638209465948","0","ft","CatBoost 😸","2026-04-02T20:25:46.000Z","BIN_TEXT_JIGSAW_TOXICITY","689","finished","1.8108444213867188","15.2744140625"
"tabm_REG_TEXT_BABIES_PRICES_3","0.9136556274385425","3","all","TabM Ⓜ️","2026-04-03T11:31:10.000Z","REG_TEXT_BABIES_PRICES","134","finished","1.7393875122070312","1.1240234375"
"cat_MUL_TEXT_MICHELIN_RESTAURANTS_3","0.913586552259493","3","ft","CatBoost 😸","2026-04-03T01:53:42.000Z","MUL_TEXT_MICHELIN_RESTAURANTS","4148","finished","2.2069740295410156","19.7041015625"
"tabm_MUL_TEXT_WOMEN_CLOTHING_REVIEW_0","0.9135581238752526","0","ft","TabM Ⓜ️","2026-04-03T00:33:04.000Z","MUL_TEXT_WOMEN_CLOTHING_REVIEW","993","finished","1.7523155212402344","15.9169921875"
"tabpfnv2p5_MUL_TEXT_PRODUCT_SENTIMENT_4","0.9134798024582168","4","ft","TabPFN-v2p5 🇩🇪","2026-04-03T00:28:53.000Z","MUL_TEXT_PRODUCT_SENTIMENT","394","finished","1.7436981201171875","17.0595703125"
"tabpfnv2_MUL_TEXT_WOMEN_CLOTHING_REVIEW_0","0.913437295204216","0","ft","TabPFN-v2 🤯","2026-04-03T00:33:59.000Z","MUL_TEXT_WOMEN_CLOTHING_REVIEW","1150","finished","1.8016891479492188","17.8056640625"
"tabpfnv2p5_MUL_TEXT_MICHELIN_RESTAURANTS_1","0.9133493279825312","1","all","TabPFN-v2p5 🇩🇪","2026-04-03T01:14:19.000Z","MUL_TEXT_MICHELIN_RESTAURANTS","440","finished","1.7681808471679688","1.0986328125"
"cat_REG_TEXT_BABIES_PRICES_1","0.9133264565083082","1","all","CatBoost 😸","2026-04-03T10:52:57.000Z","REG_TEXT_BABIES_PRICES","169","finished","1.7497520446777344","1.0986328125"
"tabpfnv2_MUL_TEXT_WOMEN_CLOTHING_REVIEW_2","0.9130928274573364","2","all","TabPFN-v2 🤯","2026-04-03T00:44:23.000Z","MUL_TEXT_WOMEN_CLOTHING_REVIEW","164","finished","1.627887725830078","1.0986328125"
"tabm_MUL_TEXT_PRODUCT_SENTIMENT_2","0.913067982153923","2","all","TabM Ⓜ️","2026-04-03T00:19:46.000Z","MUL_TEXT_PRODUCT_SENTIMENT","51","finished","1.6601943969726562","1.1201171875"
"tabm_MUL_TEXT_MICHELIN_RESTAURANTS_0","0.9127047665545348","0","all","TabM Ⓜ️","2026-04-03T01:03:05.000Z","MUL_TEXT_MICHELIN_RESTAURANTS","403","finished","1.7492141723632812","1.1240234375"
"tabm_BIN_TEXT_FAKE_JOB_POSTING_2","0.9126380404135338","2","ft","TabM Ⓜ️","2026-04-02T23:40:36.000Z","BIN_TEXT_FAKE_JOB_POSTING","1480","finished","1.7999839782714844","21.1376953125"
"tabpfnv2_MUL_TEXT_WOMEN_CLOTHING_REVIEW_1","0.9125078237676584","1","ft","TabPFN-v2 🤯","2026-04-03T00:36:57.000Z","MUL_TEXT_WOMEN_CLOTHING_REVIEW","981","finished","1.793598175048828","17.8056640625"
"tabpfnv2p5_REG_TEXT_BABIES_PRICES_4","0.9124354754014744","4","ft","TabPFN-v2p5 🇩🇪","2026-04-03T11:46:26.000Z","REG_TEXT_BABIES_PRICES","2776","finished","1.7626876831054688","16.9619140625"
"tabpfnv2_MUL_TEXT_PRODUCT_SENTIMENT_0","0.9123889045506028","0","all","TabPFN-v2 🤯","2026-04-03T00:11:27.000Z","MUL_TEXT_PRODUCT_SENTIMENT","53","finished","1.5127944946289062","1.0986328125"
"tabpfnv2_MUL_TEXT_PRODUCT_SENTIMENT_1","0.912157043598033","1","all","TabPFN-v2 🤯","2026-04-03T00:16:20.000Z","MUL_TEXT_PRODUCT_SENTIMENT","53","finished","1.5152473449707031","1.0986328125"
"tabm_MUL_TEXT_WOMEN_CLOTHING_REVIEW_2","0.9117601663537492","2","all","TabM Ⓜ️","2026-04-03T00:39:34.000Z","MUL_TEXT_WOMEN_CLOTHING_REVIEW","153","finished","1.7085418701171875","1.1845703125"
"tabpfnv2p5_MUL_TEXT_WOMEN_CLOTHING_REVIEW_1","0.9113525155499816","1","ft","TabPFN-v2p5 🇩🇪","2026-04-03T00:36:19.000Z","MUL_TEXT_WOMEN_CLOTHING_REVIEW","977","finished","1.7847251892089844","17.8056640625"
"tabpfnv2_REG_TEXT_BABIES_PRICES_2","0.9109768141338266","2","all","TabPFN-v2 🤯","2026-04-03T11:23:34.000Z","REG_TEXT_BABIES_PRICES","148","finished","1.6464767456054688","1.1044921875"
"tabm_MUL_TEXT_MICHELIN_RESTAURANTS_4","0.9109441735077258","4","all","TabM Ⓜ️","2026-04-03T02:07:39.000Z","MUL_TEXT_MICHELIN_RESTAURANTS","434","finished","1.751220703125","1.1240234375"
"light_MUL_TEXT_WOMEN_CLOTHING_REVIEW_0","0.910920536624824","0","ft","LightGBM 💡","2026-04-03T00:30:27.000Z","MUL_TEXT_WOMEN_CLOTHING_REVIEW","1008","finished","1.7982292175292969","15.9072265625"
"tabpfnv2_MUL_TEXT_WOMEN_CLOTHING_REVIEW_4","0.9108399014634354","4","ft","TabPFN-v2 🤯","2026-04-03T00:57:27.000Z","MUL_TEXT_WOMEN_CLOTHING_REVIEW","1725","finished","1.7939453125","17.8056640625"
"cat_MUL_TEXT_WOMEN_CLOTHING_REVIEW_0","0.9107655955880404","0","ft","CatBoost 😸","2026-04-03T00:31:24.000Z","MUL_TEXT_WOMEN_CLOTHING_REVIEW","1025","finished","1.9147720336914065","15.9072265625"
"tabm_MUL_TEXT_WOMEN_CLOTHING_REVIEW_4","0.9107024591959064","4","ft","TabM Ⓜ️","2026-04-03T00:56:39.000Z","MUL_TEXT_WOMEN_CLOTHING_REVIEW","994","finished","1.7533493041992188","15.9169921875"
"tabpfnv2_REG_TEXT_BABIES_PRICES_0","0.9106884459336768","0","ft","TabPFN-v2 🤯","2026-04-03T10:49:11.000Z","REG_TEXT_BABIES_PRICES","2797","finished","1.801551818847656","16.9619140625"
"light_MUL_TEXT_MICHELIN_RESTAURANTS_0","0.9106579356340928","0","ft","LightGBM 💡","2026-04-03T00:59:16.000Z","MUL_TEXT_MICHELIN_RESTAURANTS","3480","finished","1.8008384704589844","19.7041015625"
"tabpfnv2p5_MUL_TEXT_WOMEN_CLOTHING_REVIEW_4","0.9106201526537726","4","ft","TabPFN-v2p5 🇩🇪","2026-04-03T00:56:54.000Z","MUL_TEXT_WOMEN_CLOTHING_REVIEW","1815","finished","1.770599365234375","17.8056640625"
"tabpfnv2p5_MUL_TEXT_MICHELIN_RESTAURANTS_3","0.910602464617848","3","all","TabPFN-v2p5 🇩🇪","2026-04-03T01:58:05.000Z","MUL_TEXT_MICHELIN_RESTAURANTS","435","finished","1.7670822143554688","1.0986328125"
"light_BIN_TEXT_FAKE_JOB_POSTING_2","0.910596804511278","2","ft","LightGBM 💡","2026-04-02T23:37:44.000Z","BIN_TEXT_FAKE_JOB_POSTING","1560","finished","1.786602020263672","21.1279296875"
"tabpfnv2p5_MUL_TEXT_WOMEN_CLOTHING_REVIEW_0","0.9105913676954523","0","all","TabPFN-v2p5 🇩🇪","2026-04-03T00:33:31.000Z","MUL_TEXT_WOMEN_CLOTHING_REVIEW","162","finished","1.61016845703125","1.0986328125"
"tabm_MUL_TEXT_MICHELIN_RESTAURANTS_3","0.910472659453351","3","all","TabM Ⓜ️","2026-04-03T01:56:33.000Z","MUL_TEXT_MICHELIN_RESTAURANTS","402","finished","1.7552413940429688","1.1240234375"
"tabpfnv2p5_REG_TEXT_BABIES_PRICES_0","0.9104131990065044","0","all","TabPFN-v2p5 🇩🇪","2026-04-03T10:43:12.000Z","REG_TEXT_BABIES_PRICES","141","finished","1.6092491149902344","1.1044921875"
"tabpfnv2_MUL_TEXT_PRODUCT_SENTIMENT_4","0.910305198362244","4","all","TabPFN-v2 🤯","2026-04-03T00:29:52.000Z","MUL_TEXT_PRODUCT_SENTIMENT","70","finished","1.540424346923828","1.0986328125"
"cat_MUL_TEXT_WOMEN_CLOTHING_REVIEW_1","0.9100600966892618","1","ft","CatBoost 😸","2026-04-03T00:34:50.000Z","MUL_TEXT_WOMEN_CLOTHING_REVIEW","1128","finished","1.9438591003417969","15.9072265625"
"light_MUL_TEXT_WOMEN_CLOTHING_REVIEW_2","0.9095417564888604","2","ft","LightGBM 💡","2026-04-03T00:38:07.000Z","MUL_TEXT_WOMEN_CLOTHING_REVIEW","940","finished","1.7575912475585938","15.9072265625"
"tabpfnv2_MUL_TEXT_WOMEN_CLOTHING_REVIEW_0","0.9094366072076232","0","all","TabPFN-v2 🤯","2026-04-03T00:33:46.000Z","MUL_TEXT_WOMEN_CLOTHING_REVIEW","165","finished","1.6227035522460938","1.0986328125"
"tabpfnv2_BIN_TEXT_FAKE_JOB_POSTING_3","0.9094146499060152","3","all","TabPFN-v2 🤯","2026-04-02T23:56:45.000Z","BIN_TEXT_FAKE_JOB_POSTING","249","finished","1.7017707824707031","1.0986328125"
"light_BIN_TEXT_JIGSAW_TOXICITY_0","0.909342865622654","0","ft","LightGBM 💡","2026-04-02T20:10:45.000Z","BIN_TEXT_JIGSAW_TOXICITY","682","finished","1.8239212036132812","15.2744140625"
"cat_BIN_TEXT_FAKE_JOB_POSTING_4","0.9092898261278196","4","ft","CatBoost 😸","2026-04-03T00:01:01.000Z","BIN_TEXT_FAKE_JOB_POSTING","1490","finished","1.9138107299804688","21.1279296875"
"tabm_MUL_TEXT_PRODUCT_SENTIMENT_0","0.9092733325488538","0","ft","TabM Ⓜ️","2026-04-03T00:09:42.000Z","MUL_TEXT_PRODUCT_SENTIMENT","416","finished","1.742156982421875","18.9013671875"
"tabm_MUL_TEXT_MICHELIN_RESTAURANTS_1","0.9087704078041344","1","all","TabM Ⓜ️","2026-04-03T01:13:17.000Z","MUL_TEXT_MICHELIN_RESTAURANTS","405","finished","1.7473869323730469","1.1240234375"
"cat_MUL_TEXT_WOMEN_CLOTHING_REVIEW_4","0.9083147657473656","4","ft","CatBoost 😸","2026-04-03T00:55:58.000Z","MUL_TEXT_WOMEN_CLOTHING_REVIEW","1021","finished","1.9910163879394531","15.9072265625"
"tabpfnv2p5_MUL_TEXT_WOMEN_CLOTHING_REVIEW_1","0.9083028915932612","1","all","TabPFN-v2p5 🇩🇪","2026-04-03T00:36:03.000Z","MUL_TEXT_WOMEN_CLOTHING_REVIEW","162","finished","1.6117591857910156","1.0986328125"
"light_MUL_TEXT_PRODUCT_SENTIMENT_2","0.9082642210571856","2","ft","LightGBM 💡","2026-04-03T00:17:53.000Z","MUL_TEXT_PRODUCT_SENTIMENT","382","finished","1.7701301574707031","18.8955078125"
"cat_MUL_TEXT_MICHELIN_RESTAURANTS_2","0.908149007205249","2","all","CatBoost 😸","2026-04-03T01:24:11.000Z","MUL_TEXT_MICHELIN_RESTAURANTS","468","finished","2.1091575622558594","1.0986328125"
"tabpfnv2_MUL_TEXT_MICHELIN_RESTAURANTS_4","0.9081005954686754","4","all","TabPFN-v2 🤯","2026-04-03T02:10:43.000Z","MUL_TEXT_MICHELIN_RESTAURANTS","449","finished","1.8377113342285156","1.0986328125"
"light_MUL_TEXT_PRODUCT_SENTIMENT_1","0.908040963309294","1","ft","LightGBM 💡","2026-04-03T00:12:22.000Z","MUL_TEXT_PRODUCT_SENTIMENT","309","finished","1.7134780883789062","18.8955078125"
"tabm_MUL_TEXT_PRODUCT_SENTIMENT_1","0.9079852244113712","1","ft","TabM Ⓜ️","2026-04-03T00:14:26.000Z","MUL_TEXT_PRODUCT_SENTIMENT","312","finished","1.7419052124023438","18.9013671875"
"tabpfnv2p5_MUL_TEXT_WOMEN_CLOTHING_REVIEW_3","0.9079441768769158","3","ft","TabPFN-v2p5 🇩🇪","2026-04-03T00:53:13.000Z","MUL_TEXT_WOMEN_CLOTHING_REVIEW","1147","finished","1.7744407653808594","17.8056640625"
"cat_MUL_TEXT_WOMEN_CLOTHING_REVIEW_2","0.9078194101256664","2","all","CatBoost 😸","2026-04-03T00:38:30.000Z","MUL_TEXT_WOMEN_CLOTHING_REVIEW","216","finished","1.7571792602539062","1.0986328125"
"tabpfnv2_MUL_TEXT_WOMEN_CLOTHING_REVIEW_3","0.9076127578758724","3","ft","TabPFN-v2 🤯","2026-04-03T00:53:53.000Z","MUL_TEXT_WOMEN_CLOTHING_REVIEW","1155","finished","1.7982406616210938","17.8056640625"
"tabpfnv2_MUL_TEXT_WOMEN_CLOTHING_REVIEW_1","0.9074067244257368","1","all","TabPFN-v2 🤯","2026-04-03T00:36:46.000Z","MUL_TEXT_WOMEN_CLOTHING_REVIEW","183","finished","1.6539306640625","1.0986328125"
"cat_MUL_TEXT_MICHELIN_RESTAURANTS_0","0.907294109532134","0","all","CatBoost 😸","2026-04-03T01:00:20.000Z","MUL_TEXT_MICHELIN_RESTAURANTS","471","finished","2.068950653076172","1.0986328125"
"tabm_MUL_TEXT_WOMEN_CLOTHING_REVIEW_3","0.9072636680593658","3","ft","TabM Ⓜ️","2026-04-03T00:52:41.000Z","MUL_TEXT_WOMEN_CLOTHING_REVIEW","942","finished","1.762226104736328","15.9169921875"
"tabpfnv2p5_MUL_TEXT_WOMEN_CLOTHING_REVIEW_4","0.9069145664034892","4","all","TabPFN-v2p5 🇩🇪","2026-04-03T00:56:50.000Z","MUL_TEXT_WOMEN_CLOTHING_REVIEW","180","finished","1.6397590637207031","1.0986328125"
"tabm_MUL_TEXT_WOMEN_CLOTHING_REVIEW_1","0.9068882187289498","1","all","TabM Ⓜ️","2026-04-03T00:35:30.000Z","MUL_TEXT_WOMEN_CLOTHING_REVIEW","154","finished","1.7092132568359375","1.1845703125"
"light_MUL_TEXT_SPOTIFY_GENRES_4","0.9068773838858896","4","ft","LightGBM 💡","2026-04-03T07:36:19.000Z","MUL_TEXT_SPOTIFY_GENRES","4142","finished","1.7833633422851562","21.3447265625"
"tabpfnv2p5_REG_TEXT_SCIMAGOJR_IMPACT_1","0.906701683998108","1","ft","TabPFN-v2p5 🇩🇪","2026-04-03T21:13:20.000Z","REG_TEXT_SCIMAGOJR_IMPACT","6372","finished","2.138591766357422","18.2275390625"
"tabpfnv2_MUL_TEXT_WOMEN_CLOTHING_REVIEW_4","0.9065988912075008","4","all","TabPFN-v2 🤯","2026-04-03T00:57:27.000Z","MUL_TEXT_WOMEN_CLOTHING_REVIEW","165","finished","1.6264190673828125","1.0986328125"
"tabpfnv2_BIN_TEXT_FAKE_JOB_POSTING_1","0.9063895089285714","1","all","TabPFN-v2 🤯","2026-04-02T23:36:24.000Z","BIN_TEXT_FAKE_JOB_POSTING","248","finished","1.7004852294921875","1.0986328125"
"tabpfnv2_MUL_TEXT_MICHELIN_RESTAURANTS_0","0.9063031108246552","0","all","TabPFN-v2 🤯","2026-04-03T01:08:16.000Z","MUL_TEXT_MICHELIN_RESTAURANTS","448","finished","1.8392601013183592","1.0986328125"
"tabm_MUL_TEXT_WOMEN_CLOTHING_REVIEW_1","0.9062006467695228","1","ft","TabM Ⓜ️","2026-04-03T00:35:32.000Z","MUL_TEXT_WOMEN_CLOTHING_REVIEW","1099","finished","1.7558937072753906","15.9169921875"
"tabm_MUL_TEXT_WOMEN_CLOTHING_REVIEW_3","0.9057746757318228","3","all","TabM Ⓜ️","2026-04-03T00:50:48.000Z","MUL_TEXT_WOMEN_CLOTHING_REVIEW","152","finished","1.7092437744140625","1.1845703125"
"tabm_MUL_TEXT_WOMEN_CLOTHING_REVIEW_0","0.9055783027292188","0","all","TabM Ⓜ️","2026-04-03T00:32:59.000Z","MUL_TEXT_WOMEN_CLOTHING_REVIEW","155","finished","1.7100830078125","1.1845703125"
"tabpfnv2p5_MUL_TEXT_WOMEN_CLOTHING_REVIEW_3","0.9054452783918088","3","all","TabPFN-v2p5 🇩🇪","2026-04-03T00:53:10.000Z","MUL_TEXT_WOMEN_CLOTHING_REVIEW","163","finished","1.6098709106445312","1.0986328125"
"light_MUL_TEXT_PRODUCT_SENTIMENT_3","0.9053637828370314","3","ft","LightGBM 💡","2026-04-03T00:24:20.000Z","MUL_TEXT_PRODUCT_SENTIMENT","505","finished","1.7346305847167969","18.8955078125"
"tabm_BIN_TEXT_FAKE_JOB_POSTING_1","0.9053542058270676","1","ft","TabM Ⓜ️","2026-04-02T23:33:06.000Z","BIN_TEXT_FAKE_JOB_POSTING","1477","finished","1.7983894348144531","21.1376953125"
"tabpfnv2_REG_TEXT_BABIES_PRICES_2","0.905318017554204","2","ft","TabPFN-v2 🤯","2026-04-03T11:24:23.000Z","REG_TEXT_BABIES_PRICES","2787","finished","1.801227569580078","16.9619140625"
"tabpfnv2p5_REG_TEXT_SCIMAGOJR_IMPACT_1","0.9052921533584596","1","all","TabPFN-v2p5 🇩🇪","2026-04-03T21:12:30.000Z","REG_TEXT_SCIMAGOJR_IMPACT","696","finished","1.937335968017578","1.0986328125"
"tabpfnv2p5_REG_TEXT_BABIES_PRICES_4","0.9048747126347206","4","all","TabPFN-v2p5 🇩🇪","2026-04-03T11:46:24.000Z","REG_TEXT_BABIES_PRICES","141","finished","1.6126251220703125","1.1044921875"
"cat_MUL_TEXT_WOMEN_CLOTHING_REVIEW_0","0.9048007523264818","0","all","CatBoost 😸","2026-04-03T00:31:05.000Z","MUL_TEXT_WOMEN_CLOTHING_REVIEW","191","finished","1.748249053955078","1.0986328125"
"tabpfnv2_MUL_TEXT_MICHELIN_RESTAURANTS_1","0.9044206206905164","1","all","TabPFN-v2 🤯","2026-04-03T01:16:42.000Z","MUL_TEXT_MICHELIN_RESTAURANTS","445","finished","1.838275909423828","1.0986328125"
"cat_MUL_TEXT_MICHELIN_RESTAURANTS_1","0.9043823204644534","1","all","CatBoost 😸","2026-04-03T01:12:11.000Z","MUL_TEXT_MICHELIN_RESTAURANTS","466","finished","2.031414031982422","1.0986328125"
"tabpfnv2_REG_TEXT_BABIES_PRICES_0","0.9041977060095202","0","all","TabPFN-v2 🤯","2026-04-03T10:48:17.000Z","REG_TEXT_BABIES_PRICES","149","finished","1.6466636657714844","1.1044921875"
"tabm_MUL_TEXT_WOMEN_CLOTHING_REVIEW_4","0.9040716792857364","4","all","TabM Ⓜ️","2026-04-03T00:56:03.000Z","MUL_TEXT_WOMEN_CLOTHING_REVIEW","153","finished","1.7098541259765625","1.1845703125"
"tabpfnv2_MUL_TEXT_WOMEN_CLOTHING_REVIEW_3","0.9039864983484204","3","all","TabPFN-v2 🤯","2026-04-03T00:53:46.000Z","MUL_TEXT_WOMEN_CLOTHING_REVIEW","166","finished","1.6189537048339844","1.0986328125"
"tabpfnv2_BIN_TEXT_FAKE_JOB_POSTING_1","0.9035259046052632","1","ft","TabPFN-v2 🤯","2026-04-02T23:36:29.000Z","BIN_TEXT_FAKE_JOB_POSTING","1627","finished","1.882781982421875","18.8779296875"
"tabm_MUL_TEXT_PRODUCT_SENTIMENT_0","0.9033117729551096","0","all","TabM Ⓜ️","2026-04-03T00:09:03.000Z","MUL_TEXT_PRODUCT_SENTIMENT","51","finished","1.6603965759277344","1.1201171875"
"cat_MUL_TEXT_WOMEN_CLOTHING_REVIEW_3","0.903278486292287","3","ft","CatBoost 😸","2026-04-03T00:49:43.000Z","MUL_TEXT_WOMEN_CLOTHING_REVIEW","974","finished","1.899078369140625","15.9072265625"
"tabpfnv2_REG_TEXT_BABIES_PRICES_3","0.9031758329797428","3","ft","TabPFN-v2 🤯","2026-04-03T11:35:54.000Z","REG_TEXT_BABIES_PRICES","2798","finished","1.7994232177734375","16.9619140625"
"cat_MUL_TEXT_MICHELIN_RESTAURANTS_3","0.9027109657646106","3","all","CatBoost 😸","2026-04-03T01:53:41.000Z","MUL_TEXT_MICHELIN_RESTAURANTS","481","finished","2.004688262939453","1.0986328125"
"cat_MUL_TEXT_MICHELIN_RESTAURANTS_4","0.9026785542316892","4","all","CatBoost 😸","2026-04-03T02:04:04.000Z","MUL_TEXT_MICHELIN_RESTAURANTS","492","finished","1.9842262268066408","1.0986328125"
"light_MUL_TEXT_MICHELIN_RESTAURANTS_2","0.9026544660091153","2","all","LightGBM 💡","2026-04-03T01:20:45.000Z","MUL_TEXT_MICHELIN_RESTAURANTS","401","finished","1.5640830993652344","1.0986328125"
"cat_REG_TEXT_BABIES_PRICES_0","0.9026057798397192","0","ft","CatBoost 😸","2026-04-03T10:37:44.000Z","REG_TEXT_BABIES_PRICES","2554","finished","1.930938720703125","20.8525390625"
"tabpfnv2_MUL_TEXT_MICHELIN_RESTAURANTS_3","0.9025436991615898","3","all","TabPFN-v2 🤯","2026-04-03T02:01:05.000Z","MUL_TEXT_MICHELIN_RESTAURANTS","449","finished","1.8377723693847656","1.0986328125"
"tabpfnv2p5_REG_TEXT_SCIMAGOJR_IMPACT_0","0.9023543000221252","0","ft","TabPFN-v2p5 🇩🇪","2026-04-03T20:43:10.000Z","REG_TEXT_SCIMAGOJR_IMPACT","6099","finished","2.10784912109375","18.2275390625"
"light_MUL_TEXT_SPOTIFY_GENRES_2","0.902255340008485","2","ft","LightGBM 💡","2026-04-03T06:26:41.000Z","MUL_TEXT_SPOTIFY_GENRES","4153","finished","1.875896453857422","21.3447265625"
"light_MUL_TEXT_WOMEN_CLOTHING_REVIEW_4","0.9021135898322744","4","ft","LightGBM 💡","2026-04-03T00:54:34.000Z","MUL_TEXT_WOMEN_CLOTHING_REVIEW","1008","finished","1.7472877502441406","15.9072265625"
"light_MUL_TEXT_MICHELIN_RESTAURANTS_3","0.9020399775904752","3","ft","LightGBM 💡","2026-04-03T01:50:27.000Z","MUL_TEXT_MICHELIN_RESTAURANTS","4098","finished","1.7564697265625","19.7041015625"
"tabm_MUL_TEXT_PRODUCT_SENTIMENT_4","0.9019824316319068","4","all","TabM Ⓜ️","2026-04-03T00:27:30.000Z","MUL_TEXT_PRODUCT_SENTIMENT","50","finished","1.6606941223144531","1.1201171875"
"light_MUL_TEXT_SPOTIFY_GENRES_3","0.901965726110272","3","ft","LightGBM 💡","2026-04-03T07:17:41.000Z","MUL_TEXT_SPOTIFY_GENRES","4123","finished","1.867218017578125","21.3447265625"
"light_MUL_TEXT_SPOTIFY_GENRES_4","0.9016764796937374","4","all","LightGBM 💡","2026-04-03T07:35:58.000Z","MUL_TEXT_SPOTIFY_GENRES","259","finished","1.6180877685546875","1.0986328125"
"cat_MUL_TEXT_PRODUCT_SENTIMENT_4","0.9014415033768406","4","all","CatBoost 😸","2026-04-03T00:27:00.000Z","MUL_TEXT_PRODUCT_SENTIMENT","57","finished","1.4986572265625","1.0986328125"
"light_MUL_TEXT_SPOTIFY_GENRES_0","0.9013881569319916","0","ft","LightGBM 💡","2026-04-03T06:09:44.000Z","MUL_TEXT_SPOTIFY_GENRES","4125","finished","1.7851791381835938","21.3447265625"
"cat_MUL_TEXT_WOMEN_CLOTHING_REVIEW_1","0.9012352931856312","1","all","CatBoost 😸","2026-04-03T00:34:48.000Z","MUL_TEXT_WOMEN_CLOTHING_REVIEW","194","finished","1.7215080261230469","1.0986328125"
"light_MUL_TEXT_WOMEN_CLOTHING_REVIEW_1","0.9010313726658288","1","ft","LightGBM 💡","2026-04-03T00:34:22.000Z","MUL_TEXT_WOMEN_CLOTHING_REVIEW","1097","finished","1.7495574951171875","15.9072265625"
"cat_MUL_TEXT_WOMEN_CLOTHING_REVIEW_4","0.9009836279109956","4","all","CatBoost 😸","2026-04-03T00:55:40.000Z","MUL_TEXT_WOMEN_CLOTHING_REVIEW","192","finished","1.8035621643066408","1.0986328125"
"tabpfnv2_REG_TEXT_SCIMAGOJR_IMPACT_0","0.9007797837257384","0","ft","TabPFN-v2 🤯","2026-04-03T20:48:51.000Z","REG_TEXT_SCIMAGOJR_IMPACT","6123","finished","2.25286865234375","18.2275390625"
"cat_MUL_TEXT_PRODUCT_SENTIMENT_3","0.9001052640937716","3","all","CatBoost 😸","2026-04-03T00:24:41.000Z","MUL_TEXT_PRODUCT_SENTIMENT","57","finished","1.4936256408691406","1.0986328125"
"light_MUL_TEXT_PRODUCT_SENTIMENT_4","0.9000989691086764","4","ft","LightGBM 💡","2026-04-03T00:26:28.000Z","MUL_TEXT_PRODUCT_SENTIMENT","425","finished","1.7315216064453125","18.8955078125"
"light_MUL_TEXT_WOMEN_CLOTHING_REVIEW_0","0.899790994693301","0","all","LightGBM 💡","2026-04-03T00:30:27.000Z","MUL_TEXT_WOMEN_CLOTHING_REVIEW","150","finished","1.511676788330078","1.0986328125"
"light_MUL_TEXT_MICHELIN_RESTAURANTS_1","0.899751387422566","1","ft","LightGBM 💡","2026-04-03T01:10:07.000Z","MUL_TEXT_MICHELIN_RESTAURANTS","2413","finished","1.7457351684570312","19.7041015625"
"light_MUL_TEXT_WOMEN_CLOTHING_REVIEW_2","0.899666995032085","2","all","LightGBM 💡","2026-04-03T00:37:25.000Z","MUL_TEXT_WOMEN_CLOTHING_REVIEW","150","finished","1.5136566162109375","1.0986328125"
"tabpfnv2_BIN_TEXT_FAKE_JOB_POSTING_4","0.8996196546052632","4","ft","TabPFN-v2 🤯","2026-04-03T00:05:31.000Z","BIN_TEXT_FAKE_JOB_POSTING","1677","finished","1.9187583923339844","18.8779296875"
"light_BIN_TEXT_FAKE_JOB_POSTING_1","0.8994801456766918","1","ft","LightGBM 💡","2026-04-02T23:30:11.000Z","BIN_TEXT_FAKE_JOB_POSTING","1469","finished","1.7766761779785156","21.1279296875"
"light_MUL_TEXT_MICHELIN_RESTAURANTS_0","0.8990736723346325","0","all","LightGBM 💡","2026-04-03T00:59:01.000Z","MUL_TEXT_MICHELIN_RESTAURANTS","403","finished","1.5669021606445312","1.0986328125"
"cat_MUL_TEXT_WOMEN_CLOTHING_REVIEW_3","0.898971351535096","3","all","CatBoost 😸","2026-04-03T00:49:16.000Z","MUL_TEXT_WOMEN_CLOTHING_REVIEW","189","finished","1.7224044799804688","1.0986328125"
"tabpfnv2_REG_TEXT_BABIES_PRICES_4","0.8988185300739655","4","all","TabPFN-v2 🤯","2026-04-03T11:48:57.000Z","REG_TEXT_BABIES_PRICES","149","finished","1.6430397033691406","1.1044921875"
"tabm_REG_TEXT_BABIES_PRICES_2","0.8985167984212272","2","all","TabM Ⓜ️","2026-04-03T11:17:33.000Z","REG_TEXT_BABIES_PRICES","137","finished","1.7424392700195312","1.1240234375"
"light_REG_TEXT_BABIES_PRICES_1","0.898023910120968","1","all","LightGBM 💡","2026-04-03T10:51:32.000Z","REG_TEXT_BABIES_PRICES","128","finished","1.4818572998046875","1.0986328125"
"light_MUL_TEXT_PRODUCT_SENTIMENT_2","0.8977414712372032","2","all","LightGBM 💡","2026-04-03T00:17:40.000Z","MUL_TEXT_PRODUCT_SENTIMENT","49","finished","1.4579391479492188","1.0986328125"
"tabpfnv2_REG_TEXT_BABIES_PRICES_4","0.8973868007257356","4","ft","TabPFN-v2 🤯","2026-04-03T11:49:15.000Z","REG_TEXT_BABIES_PRICES","2785","finished","1.7979774475097656","16.9619140625"
"light_MUL_TEXT_SPOTIFY_GENRES_0","0.8972368292737644","0","all","LightGBM 💡","2026-04-03T06:09:26.000Z","MUL_TEXT_SPOTIFY_GENRES","602","finished","1.73583984375","1.0986328125"
"light_MUL_TEXT_MICHELIN_RESTAURANTS_3","0.8969807052348289","3","all","LightGBM 💡","2026-04-03T01:44:33.000Z","MUL_TEXT_MICHELIN_RESTAURANTS","523","finished","1.5677833557128906","1.0986328125"
"light_MUL_TEXT_WOMEN_CLOTHING_REVIEW_1","0.89659533942711","1","all","LightGBM 💡","2026-04-03T00:34:20.000Z","MUL_TEXT_WOMEN_CLOTHING_REVIEW","151","finished","1.5107879638671875","1.0986328125"
"light_MUL_TEXT_SPOTIFY_GENRES_1","0.8965479905840478","1","ft","LightGBM 💡","2026-04-03T06:18:17.000Z","MUL_TEXT_SPOTIFY_GENRES","4157","finished","1.898174285888672","21.3447265625"
"light_MUL_TEXT_SPOTIFY_GENRES_2","0.8964067497574958","2","all","LightGBM 💡","2026-04-03T06:25:12.000Z","MUL_TEXT_SPOTIFY_GENRES","261","finished","1.6274299621582031","1.0986328125"
"light_MUL_TEXT_SPOTIFY_GENRES_3","0.8963043734580325","3","all","LightGBM 💡","2026-04-03T07:13:04.000Z","MUL_TEXT_SPOTIFY_GENRES","274","finished","1.69232177734375","1.0986328125"
"tabpfnv2_REG_TEXT_SCIMAGOJR_IMPACT_0","0.8962192535400391","0","all","TabPFN-v2 🤯","2026-04-03T20:47:27.000Z","REG_TEXT_SCIMAGOJR_IMPACT","745","finished","2.309886932373047","1.0986328125"
"cat_MUL_TEXT_PRODUCT_SENTIMENT_1","0.895891918195852","1","all","CatBoost 😸","2026-04-03T00:13:05.000Z","MUL_TEXT_PRODUCT_SENTIMENT","61","finished","1.495319366455078","1.0986328125"
"cat_BIN_TEXT_FAKE_JOB_POSTING_4","0.895735432330827","4","all","CatBoost 😸","2026-04-02T23:59:54.000Z","BIN_TEXT_FAKE_JOB_POSTING","246","finished","1.7047691345214844","1.0986328125"
"light_MUL_TEXT_MICHELIN_RESTAURANTS_1","0.8955586874444125","1","all","LightGBM 💡","2026-04-03T01:09:54.000Z","MUL_TEXT_MICHELIN_RESTAURANTS","402","finished","1.5635032653808594","1.0986328125"
"tabpfnv2p5_REG_TEXT_SCIMAGOJR_IMPACT_0","0.8951468467712402","0","all","TabPFN-v2p5 🇩🇪","2026-04-03T20:42:08.000Z","REG_TEXT_SCIMAGOJR_IMPACT","720","finished","1.981365203857422","1.0986328125"
"light_MUL_TEXT_WOMEN_CLOTHING_REVIEW_3","0.8947475939372345","3","all","LightGBM 💡","2026-04-03T00:47:33.000Z","MUL_TEXT_WOMEN_CLOTHING_REVIEW","149","finished","1.515094757080078","1.0986328125"
"light_MUL_TEXT_WOMEN_CLOTHING_REVIEW_3","0.8943104018043082","3","ft","LightGBM 💡","2026-04-03T00:47:42.000Z","MUL_TEXT_WOMEN_CLOTHING_REVIEW","965","finished","1.741119384765625","15.9072265625"
"tabpfnv2p5_REG_TEXT_BABIES_PRICES_3","0.8941917931139363","3","all","TabPFN-v2p5 🇩🇪","2026-04-03T11:33:32.000Z","REG_TEXT_BABIES_PRICES","141","finished","1.6163711547851562","1.1044921875"
"cat_BIN_TEXT_FAKE_JOB_POSTING_1","0.8941347509398496","1","all","CatBoost 😸","2026-04-02T23:31:31.000Z","BIN_TEXT_FAKE_JOB_POSTING","247","finished","1.7698211669921875","1.0986328125"
"light_MUL_TEXT_MICHELIN_RESTAURANTS_4","0.8939560333621044","4","all","LightGBM 💡","2026-04-03T02:03:12.000Z","MUL_TEXT_MICHELIN_RESTAURANTS","401","finished","1.5648345947265625","1.0986328125"
"light_MUL_TEXT_SPOTIFY_GENRES_1","0.8938534358105512","1","all","LightGBM 💡","2026-04-03T06:17:57.000Z","MUL_TEXT_SPOTIFY_GENRES","258","finished","1.6162643432617188","1.0986328125"
"tabm_MUL_TEXT_PRODUCT_SENTIMENT_1","0.8934976533469206","1","all","TabM Ⓜ️","2026-04-03T00:14:13.000Z","MUL_TEXT_PRODUCT_SENTIMENT","50","finished","1.659870147705078","1.1201171875"
"light_MUL_TEXT_WOMEN_CLOTHING_REVIEW_4","0.8931484938517078","4","all","LightGBM 💡","2026-04-03T00:54:17.000Z","MUL_TEXT_WOMEN_CLOTHING_REVIEW","150","finished","1.5113143920898438","1.0986328125"
"cat_BIN_TEXT_FAKE_JOB_POSTING_0","0.8926221804511278","0","all","CatBoost 😸","2026-04-02T23:22:55.000Z","BIN_TEXT_FAKE_JOB_POSTING","244","finished","1.7197990417480469","1.0986328125"
"tabm_REG_TEXT_BABIES_PRICES_3","0.8917702525492878","3","ft","TabM Ⓜ️","2026-04-03T11:31:29.000Z","REG_TEXT_BABIES_PRICES","2526","finished","1.8208274841308592","20.8623046875"
"tabpfnv2p5_REG_TEXT_SCIMAGOJR_IMPACT_4","0.8910460472106934","4","all","TabPFN-v2p5 🇩🇪","2026-04-03T22:53:19.000Z","REG_TEXT_SCIMAGOJR_IMPACT","696","finished","1.942108154296875","1.0986328125"
"tabm_REG_TEXT_SCIMAGOJR_IMPACT_0","0.8902333974838257","0","all","TabM Ⓜ️","2026-04-03T20:33:30.000Z","REG_TEXT_SCIMAGOJR_IMPACT","575","finished","1.815147399902344","1.1259765625"
"tabm_REG_TEXT_SCIMAGOJR_IMPACT_1","0.8895706534385681","1","ft","TabM Ⓜ️","2026-04-03T21:06:49.000Z","REG_TEXT_SCIMAGOJR_IMPACT","4734","finished","1.9056129455566408","17.1123046875"
"light_BIN_TEXT_FAKE_JOB_POSTING_1","0.8888480968045113","1","all","LightGBM 💡","2026-04-02T23:30:02.000Z","BIN_TEXT_FAKE_JOB_POSTING","223","finished","1.5693359375","1.0986328125"
"tabm_REG_TEXT_BABIES_PRICES_2","0.8887900740134694","2","ft","TabM Ⓜ️","2026-04-03T11:19:26.000Z","REG_TEXT_BABIES_PRICES","2525","finished","1.8226890563964844","20.8623046875"
"cat_REG_TEXT_SCIMAGOJR_IMPACT_0","0.8883265288232477","0","ft","CatBoost 😸","2026-04-03T20:27:04.000Z","REG_TEXT_SCIMAGOJR_IMPACT","5046","finished","2.049884796142578","20.7353515625"
"tabm_REG_TEXT_BABIES_PRICES_0","0.8881788940470504","0","all","TabM Ⓜ️","2026-04-03T10:39:52.000Z","REG_TEXT_BABIES_PRICES","136","finished","1.7405433654785156","1.1240234375"
"tabpfnv2p5_REG_TEXT_SCIMAGOJR_IMPACT_4","0.8869866132736206","4","ft","TabPFN-v2p5 🇩🇪","2026-04-03T22:54:35.000Z","REG_TEXT_SCIMAGOJR_IMPACT","7492","finished","2.1186752319335938","18.2275390625"
"light_BIN_TEXT_FAKE_JOB_POSTING_4","0.8863222509398497","4","all","LightGBM 💡","2026-04-02T23:58:12.000Z","BIN_TEXT_FAKE_JOB_POSTING","224","finished","1.5692138671875","1.0986328125"
"tabpfnv2p5_REG_TEXT_SCIMAGOJR_IMPACT_2","0.8857244253158569","2","ft","TabPFN-v2p5 🇩🇪","2026-04-03T21:42:31.000Z","REG_TEXT_SCIMAGOJR_IMPACT","4207","finished","2.0823974609375","17.1025390625"
"tabm_REG_TEXT_SCIMAGOJR_IMPACT_1","0.8854573965072632","1","all","TabM Ⓜ️","2026-04-03T21:06:36.000Z","REG_TEXT_SCIMAGOJR_IMPACT","640","finished","1.8137550354003904","1.1240234375"
"cat_REG_TEXT_SCIMAGOJR_IMPACT_0","0.8845929885909122","0","all","CatBoost 😸","2026-04-03T20:26:31.000Z","REG_TEXT_SCIMAGOJR_IMPACT","644","finished","1.8220558166503904","1.0986328125"
"cat_REG_TEXT_BABIES_PRICES_2","0.8839909651360367","2","ft","CatBoost 😸","2026-04-03T11:14:59.000Z","REG_TEXT_BABIES_PRICES","2553","finished","1.909385681152344","20.8525390625"
"cat_BIN_TEXT_FAKE_JOB_POSTING_1","0.8838110902255639","1","ft","CatBoost 😸","2026-04-02T23:31:34.000Z","BIN_TEXT_FAKE_JOB_POSTING","1486","finished","1.9100379943847656","21.1279296875"
"light_MUL_TEXT_PRODUCT_SENTIMENT_1","0.8832734264049811","1","all","LightGBM 💡","2026-04-03T00:12:08.000Z","MUL_TEXT_PRODUCT_SENTIMENT","50","finished","1.4612045288085938","1.0986328125"
"tabpfnv2p5_REG_TEXT_SCIMAGOJR_IMPACT_2","0.8831735849380493","2","all","TabPFN-v2p5 🇩🇪","2026-04-03T21:42:12.000Z","REG_TEXT_SCIMAGOJR_IMPACT","630","finished","1.9094505310058592","1.0986328125"
"tabm_REG_TEXT_SCIMAGOJR_IMPACT_4","0.8827437162399292","4","ft","TabM Ⓜ️","2026-04-03T22:49:25.000Z","REG_TEXT_SCIMAGOJR_IMPACT","5734","finished","1.9033851623535156","17.1123046875"
"cat_MUL_TEXT_PRODUCT_SENTIMENT_0","0.8826418787197658","0","all","CatBoost 😸","2026-04-03T00:07:50.000Z","MUL_TEXT_PRODUCT_SENTIMENT","58","finished","1.4952125549316406","1.0986328125"
"light_MUL_TEXT_MICHELIN_RESTAURANTS_4","0.8823097103021761","4","ft","LightGBM 💡","2026-04-03T02:03:14.000Z","MUL_TEXT_MICHELIN_RESTAURANTS","2885","finished","1.8079147338867188","19.7041015625"
"tabm_REG_TEXT_SCIMAGOJR_IMPACT_0","0.8820919394493103","0","ft","TabM Ⓜ️","2026-04-03T20:35:14.000Z","REG_TEXT_SCIMAGOJR_IMPACT","4959","finished","1.9296836853027344","20.7490234375"
"tabm_MUL_TEXT_PRODUCT_SENTIMENT_3","0.8818801276343945","3","all","TabM Ⓜ️","2026-04-03T00:25:00.000Z","MUL_TEXT_PRODUCT_SENTIMENT","72","finished","1.6879959106445312","1.1201171875"
"tabpfnv2_BIN_TEXT_FAKE_JOB_POSTING_4","0.8817992246240602","4","all","TabPFN-v2 🤯","2026-04-03T00:05:31.000Z","BIN_TEXT_FAKE_JOB_POSTING","247","finished","1.705402374267578","1.0986328125"
"tabpfnv2_REG_TEXT_SCIMAGOJR_IMPACT_3","0.8810123205184937","3","ft","TabPFN-v2 🤯","2026-04-03T22:31:01.000Z","REG_TEXT_SCIMAGOJR_IMPACT","8099","finished","2.62215805053711","18.2275390625"
"tabm_REG_TEXT_SCIMAGOJR_IMPACT_4","0.8807348608970642","4","all","TabM Ⓜ️","2026-04-03T22:48:15.000Z","REG_TEXT_SCIMAGOJR_IMPACT","645","finished","1.824554443359375","1.1240234375"
"cat_REG_TEXT_SCIMAGOJR_IMPACT_1","0.8803044356444832","1","ft","CatBoost 😸","2026-04-03T21:01:43.000Z","REG_TEXT_SCIMAGOJR_IMPACT","4810","finished","1.9662933349609375","17.1025390625"
"cat_REG_TEXT_SCIMAGOJR_IMPACT_4","0.8801622787154907","4","ft","CatBoost 😸","2026-04-03T22:45:03.000Z","REG_TEXT_SCIMAGOJR_IMPACT","5802","finished","1.9580307006835935","17.1025390625"
"cat_REG_TEXT_BABIES_PRICES_0","0.8790328890770237","0","all","CatBoost 😸","2026-04-03T10:35:55.000Z","REG_TEXT_BABIES_PRICES","187","finished","1.7221755981445312","1.0986328125"
"cat_REG_TEXT_BABIES_PRICES_3","0.8787229381782433","3","all","CatBoost 😸","2026-04-03T11:29:09.000Z","REG_TEXT_BABIES_PRICES","168","finished","1.694355010986328","1.0986328125"
"light_REG_TEXT_BABIES_PRICES_0","0.8784038863650271","0","ft","LightGBM 💡","2026-04-03T10:33:06.000Z","REG_TEXT_BABIES_PRICES","2510","finished","1.7442398071289062","20.8525390625"
"tabpfnv2_REG_TEXT_SCIMAGOJR_IMPACT_1","0.8774994611740112","1","ft","TabPFN-v2 🤯","2026-04-03T21:17:51.000Z","REG_TEXT_SCIMAGOJR_IMPACT","6481","finished","2.401336669921875","18.2275390625"
"tabpfnv2_REG_TEXT_BABIES_PRICES_3","0.8774898334007535","3","all","TabPFN-v2 🤯","2026-04-03T11:35:19.000Z","REG_TEXT_BABIES_PRICES","149","finished","1.6413116455078125","1.1044921875"
"tabm_REG_TEXT_SCIMAGOJR_IMPACT_3","0.8769735097885132","3","ft","TabM Ⓜ️","2026-04-03T22:18:23.000Z","REG_TEXT_SCIMAGOJR_IMPACT","4481","finished","1.909019470214844","17.1123046875"
"light_REG_TEXT_SCIMAGOJR_IMPACT_0","0.8766275432996259","0","ft","LightGBM 💡","2026-04-03T20:23:43.000Z","REG_TEXT_SCIMAGOJR_IMPACT","4938","finished","1.7877311706542969","20.7353515625"
"tabpfnv2_REG_TEXT_SCIMAGOJR_IMPACT_3","0.8764578700065613","3","all","TabPFN-v2 🤯","2026-04-03T22:29:50.000Z","REG_TEXT_SCIMAGOJR_IMPACT","748","finished","2.338947296142578","1.0986328125"
"light_REG_TEXT_BABIES_PRICES_2","0.8763939924412127","2","ft","LightGBM 💡","2026-04-03T11:08:51.000Z","REG_TEXT_BABIES_PRICES","2530","finished","1.7760009765625","20.8525390625"
"tabm_REG_TEXT_SCIMAGOJR_IMPACT_2","0.8759537935256958","2","all","TabM Ⓜ️","2026-04-03T21:32:51.000Z","REG_TEXT_SCIMAGOJR_IMPACT","575","finished","1.8153839111328125","1.1259765625"
"tabpfnv2_REG_TEXT_SCIMAGOJR_IMPACT_2","0.874548077583313","2","all","TabPFN-v2 🤯","2026-04-03T21:51:13.000Z","REG_TEXT_SCIMAGOJR_IMPACT","679","finished","2.80718994140625","1.0986328125"
"tabpfnv2_REG_TEXT_SCIMAGOJR_IMPACT_1","0.8744851350784302","1","all","TabPFN-v2 🤯","2026-04-03T21:17:35.000Z","REG_TEXT_SCIMAGOJR_IMPACT","747","finished","2.3950958251953125","1.0986328125"
"cat_MUL_TEXT_PRODUCT_SENTIMENT_0","0.8740072176270559","0","ft","CatBoost 😸","2026-04-03T00:08:05.000Z","MUL_TEXT_PRODUCT_SENTIMENT","419","finished","1.741455078125","18.8955078125"
"light_REG_TEXT_SCIMAGOJR_IMPACT_0","0.8738286471337704","0","all","LightGBM 💡","2026-04-03T20:23:28.000Z","REG_TEXT_SCIMAGOJR_IMPACT","577","finished","1.5696792602539062","1.0986328125"
"cat_REG_TEXT_BABIES_PRICES_3","0.8736704582377628","3","ft","CatBoost 😸","2026-04-03T11:30:07.000Z","REG_TEXT_BABIES_PRICES","2555","finished","1.918861389160156","20.8525390625"
"tabpfnv2_REG_TEXT_SCIMAGOJR_IMPACT_4","0.8732097148895264","4","ft","TabPFN-v2 🤯","2026-04-03T23:00:09.000Z","REG_TEXT_SCIMAGOJR_IMPACT","7555","finished","2.6457443237304688","18.2275390625"
"light_MUL_TEXT_PRODUCT_SENTIMENT_4","0.8723084199346527","4","all","LightGBM 💡","2026-04-03T00:26:20.000Z","MUL_TEXT_PRODUCT_SENTIMENT","49","finished","1.4597053527832031","1.0986328125"
"cat_REG_TEXT_SCIMAGOJR_IMPACT_1","0.872139025378756","1","all","CatBoost 😸","2026-04-03T21:01:34.000Z","REG_TEXT_SCIMAGOJR_IMPACT","702","finished","1.7649650573730469","1.0986328125"
"cat_REG_TEXT_BABIES_PRICES_4","0.8710307314839416","4","ft","CatBoost 😸","2026-04-03T11:40:24.000Z","REG_TEXT_BABIES_PRICES","1855","finished","1.9423255920410156","20.8525390625"
"tabpfnv2p5_REG_TEXT_ZOMATO_RESTAURANTS_4","0.8707053417199868","4","all","TabPFN-v2p5 🇩🇪","2026-04-03T17:27:35.000Z","REG_TEXT_ZOMATO_RESTAURANTS","864","finished","2.4788665771484375","1.0986328125"
"tabpfnv2p5_REG_TEXT_ZOMATO_RESTAURANTS_4","0.8703799477098149","4","ft","TabPFN-v2p5 🇩🇪","2026-04-03T17:28:08.000Z","REG_TEXT_ZOMATO_RESTAURANTS","9078","finished","2.636913299560547","15.7998046875"
"cat_REG_TEXT_SCIMAGOJR_IMPACT_4","0.8698424548661965","4","all","CatBoost 😸","2026-04-03T22:42:49.000Z","REG_TEXT_SCIMAGOJR_IMPACT","703","finished","1.8615989685058592","1.0986328125"
"tabpfnv2p5_REG_TEXT_ZOMATO_RESTAURANTS_3","0.8689938950609163","3","all","TabPFN-v2p5 🇩🇪","2026-04-03T16:42:32.000Z","REG_TEXT_ZOMATO_RESTAURANTS","871","finished","2.4924888610839844","1.0986328125"
"tabm_REG_TEXT_BABIES_PRICES_4","0.8685751224260279","4","ft","TabM Ⓜ️","2026-04-03T11:41:54.000Z","REG_TEXT_BABIES_PRICES","1803","finished","1.8202362060546875","20.8623046875"
"tabpfnv2p5_REG_TEXT_ZOMATO_RESTAURANTS_1","0.8682869439055787","1","all","TabPFN-v2p5 🇩🇪","2026-04-03T14:37:12.000Z","REG_TEXT_ZOMATO_RESTAURANTS","880","finished","2.481971740722656","1.0986328125"
"tabpfnv2_REG_TEXT_SCIMAGOJR_IMPACT_4","0.8681476712226868","4","all","TabPFN-v2 🤯","2026-04-03T22:59:57.000Z","REG_TEXT_SCIMAGOJR_IMPACT","869","finished","2.2547836303710938","1.0986328125"
"tabpfnv2p5_REG_TEXT_ZOMATO_RESTAURANTS_1","0.868122413702469","1","ft","TabPFN-v2p5 🇩🇪","2026-04-03T14:37:23.000Z","REG_TEXT_ZOMATO_RESTAURANTS","10871","finished","2.663654327392578","15.7998046875"
"tabpfnv2p5_REG_TEXT_BOOK_READABILITY_2","0.8674802455637449","2","ft","TabPFN-v2p5 🇩🇪","2026-04-03T23:59:49.000Z","REG_TEXT_BOOK_READABILITY","2330","finished","1.8286056518554688","21.0869140625"
"tabm_REG_TEXT_SCIMAGOJR_IMPACT_2","0.8674246072769165","2","ft","TabM Ⓜ️","2026-04-03T21:36:15.000Z","REG_TEXT_SCIMAGOJR_IMPACT","4489","finished","1.90008544921875","20.7490234375"
"light_MUL_TEXT_PRODUCT_SENTIMENT_3","0.8665056789252554","3","all","LightGBM 💡","2026-04-03T00:24:19.000Z","MUL_TEXT_PRODUCT_SENTIMENT","49","finished","1.4586296081542969","1.0986328125"
"light_REG_TEXT_SCIMAGOJR_IMPACT_1","0.8664949752982862","1","ft","LightGBM 💡","2026-04-03T20:57:29.000Z","REG_TEXT_SCIMAGOJR_IMPACT","4720","finished","1.7589149475097656","17.1025390625"
"light_REG_TEXT_BABIES_PRICES_0","0.8664817034958381","0","all","LightGBM 💡","2026-04-03T10:31:49.000Z","REG_TEXT_BABIES_PRICES","128","finished","1.4803619384765625","1.0986328125"
"tabpfnv2p5_REG_TEXT_ZOMATO_RESTAURANTS_0","0.8660369014714351","0","ft","TabPFN-v2p5 🇩🇪","2026-04-03T14:11:20.000Z","REG_TEXT_ZOMATO_RESTAURANTS","8106","finished","2.6458168029785156","15.7998046875"
"tabpfnv2_REG_TEXT_SCIMAGOJR_IMPACT_2","0.8658467531204224","2","ft","TabPFN-v2 🤯","2026-04-03T21:51:18.000Z","REG_TEXT_SCIMAGOJR_IMPACT","4271","finished","2.8912429809570312","17.1025390625"
"light_REG_TEXT_SCIMAGOJR_IMPACT_4","0.8656126186041245","4","ft","LightGBM 💡","2026-04-03T22:37:26.000Z","REG_TEXT_SCIMAGOJR_IMPACT","5735","finished","1.7799110412597656","17.1025390625"
"light_REG_TEXT_SCIMAGOJR_IMPACT_1","0.8656001121408988","1","all","LightGBM 💡","2026-04-03T20:55:10.000Z","REG_TEXT_SCIMAGOJR_IMPACT","651","finished","1.5933914184570312","1.0986328125"
"light_REG_TEXT_SCIMAGOJR_IMPACT_4","0.8650887251115866","4","all","LightGBM 💡","2026-04-03T22:37:00.000Z","REG_TEXT_SCIMAGOJR_IMPACT","634","finished","1.6044921875","1.0986328125"
"cat_REG_TEXT_SCIMAGOJR_IMPACT_2","0.8644552660952114","2","ft","CatBoost 😸","2026-04-03T21:30:08.000Z","REG_TEXT_SCIMAGOJR_IMPACT","4586","finished","1.9630851745605469","20.7353515625"
"tabm_REG_TEXT_SCIMAGOJR_IMPACT_3","0.8644300699234009","3","all","TabM Ⓜ️","2026-04-03T22:16:51.000Z","REG_TEXT_SCIMAGOJR_IMPACT","636","finished","1.8139152526855469","1.1240234375"
"light_REG_TEXT_BOOK_READABILITY_2","0.8630503527393897","2","ft","LightGBM 💡","2026-04-03T23:48:19.000Z","REG_TEXT_BOOK_READABILITY","2971","finished","1.7451133728027344","21.3154296875"
"tabpfnv2p5_BIN_TEXT_JIGSAW_TOXICITY_4","0.8618450915693361","4","all","TabPFN-v2p5 🇩🇪","2026-04-02T22:24:53.000Z","BIN_TEXT_JIGSAW_TOXICITY","168","finished","1.7092170715332031","1.0986328125"
"cat_REG_TEXT_SCIMAGOJR_IMPACT_3","0.8614076266219588","3","ft","CatBoost 😸","2026-04-03T22:09:17.000Z","REG_TEXT_SCIMAGOJR_IMPACT","4560","finished","1.985881805419922","17.1025390625"
"tabpfnv2_REG_TEXT_BOOK_READABILITY_2","0.8604841797199341","2","ft","TabPFN-v2 🤯","2026-04-04T00:03:11.000Z","REG_TEXT_BOOK_READABILITY","2432","finished","1.8505859375","21.0869140625"
"light_MUL_TEXT_PRODUCT_SENTIMENT_0","0.860151166596246","0","ft","LightGBM 💡","2026-04-03T00:07:07.000Z","MUL_TEXT_PRODUCT_SENTIMENT","412","finished","1.7168235778808594","18.8955078125"
"tabm_BIN_TEXT_JIGSAW_TOXICITY_4","0.8598308280521657","4","all","TabM Ⓜ️","2026-04-02T22:23:43.000Z","BIN_TEXT_JIGSAW_TOXICITY","157","finished","1.7683601379394531","1.1845703125"
"tabpfnv2p5_REG_TEXT_ZOMATO_RESTAURANTS_0","0.8593890501234929","0","all","TabPFN-v2p5 🇩🇪","2026-04-03T14:10:21.000Z","REG_TEXT_ZOMATO_RESTAURANTS","869","finished","2.4790687561035156","1.0986328125"
"tabpfnv2p5_REG_TEXT_ZOMATO_RESTAURANTS_3","0.8592765818154171","3","ft","TabPFN-v2p5 🇩🇪","2026-04-03T16:42:53.000Z","REG_TEXT_ZOMATO_RESTAURANTS","10854","finished","2.5519447326660156","15.7998046875"
"tabpfnv2_BIN_TEXT_JIGSAW_TOXICITY_4","0.8584843485396043","4","all","TabPFN-v2 🤯","2026-04-02T22:27:10.000Z","BIN_TEXT_JIGSAW_TOXICITY","172","finished","1.7239875793457031","1.0986328125"
"cat_REG_TEXT_SCIMAGOJR_IMPACT_2","0.8584330993415799","2","all","CatBoost 😸","2026-04-03T21:28:22.000Z","REG_TEXT_SCIMAGOJR_IMPACT","643","finished","1.79888916015625","1.0986328125"
"tabm_REG_TEXT_BABIES_PRICES_4","0.8582575759642247","4","all","TabM Ⓜ️","2026-04-03T11:41:51.000Z","REG_TEXT_BABIES_PRICES","224","finished","1.742839813232422","1.1240234375"
"tabpfnv2p5_REG_TEXT_ZOMATO_RESTAURANTS_2","0.8581248546842613","2","all","TabPFN-v2p5 🇩🇪","2026-04-03T14:59:21.000Z","REG_TEXT_ZOMATO_RESTAURANTS","886","finished","2.5120391845703125","1.0986328125"
"light_REG_TEXT_SCIMAGOJR_IMPACT_2","0.8578712319752274","2","ft","LightGBM 💡","2026-04-03T21:22:05.000Z","REG_TEXT_SCIMAGOJR_IMPACT","4486","finished","1.7844352722167969","20.7353515625"
"tabpfnv2p5_REG_TEXT_SCIMAGOJR_IMPACT_3","0.8576161861419678","3","ft","TabPFN-v2p5 🇩🇪","2026-04-03T22:25:23.000Z","REG_TEXT_SCIMAGOJR_IMPACT","8062","finished","2.1130218505859375","18.2275390625"
"light_REG_TEXT_BABIES_PRICES_3","0.8570448054575324","3","ft","LightGBM 💡","2026-04-03T11:27:59.000Z","REG_TEXT_BABIES_PRICES","2529","finished","1.7816543579101562","20.8525390625"
"cat_REG_TEXT_BABIES_PRICES_2","0.8566563296292018","2","all","CatBoost 😸","2026-04-03T11:13:37.000Z","REG_TEXT_BABIES_PRICES","187","finished","1.7700080871582031","1.0986328125"
"light_REG_TEXT_SCIMAGOJR_IMPACT_3","0.8564442353329362","3","ft","LightGBM 💡","2026-04-03T21:57:57.000Z","REG_TEXT_SCIMAGOJR_IMPACT","4470","finished","1.7855796813964844","17.1025390625"
"tabm_REG_TEXT_ZOMATO_RESTAURANTS_0","0.855841305979272","0","ft","TabM Ⓜ️","2026-04-03T14:05:16.000Z","REG_TEXT_ZOMATO_RESTAURANTS","9478","finished","2.478668212890625","18.8388671875"
"cat_REG_TEXT_BOOK_READABILITY_4","0.8550997534854278","4","ft","CatBoost 😸","2026-04-04T00:37:08.000Z","REG_TEXT_BOOK_READABILITY","1943","finished","2.130653381347656","21.3154296875"
"tabm_REG_TEXT_ZOMATO_RESTAURANTS_3","0.8550077440113305","3","ft","TabM Ⓜ️","2026-04-03T16:38:31.000Z","REG_TEXT_ZOMATO_RESTAURANTS","8210","finished","2.427753448486328","18.8388671875"
"cat_REG_TEXT_SCIMAGOJR_IMPACT_3","0.8549633090020756","3","all","CatBoost 😸","2026-04-03T22:06:31.000Z","REG_TEXT_SCIMAGOJR_IMPACT","705","finished","1.7631568908691406","1.0986328125"
"tabpfnv2p5_REG_TEXT_BOOK_READABILITY_2","0.8543824796150183","2","all","TabPFN-v2p5 🇩🇪","2026-04-03T23:59:42.000Z","REG_TEXT_BOOK_READABILITY","205","finished","1.6783447265625","1.0986328125"
"tabm_REG_TEXT_ZOMATO_RESTAURANTS_4","0.8526751128202702","4","ft","TabM Ⓜ️","2026-04-03T17:15:24.000Z","REG_TEXT_ZOMATO_RESTAURANTS","4477","finished","2.5024681091308594","18.8388671875"
"light_REG_TEXT_BABIES_PRICES_4","0.8514141233343827","4","ft","LightGBM 💡","2026-04-03T11:37:52.000Z","REG_TEXT_BABIES_PRICES","1798","finished","1.7315101623535156","20.8525390625"
"light_REG_TEXT_BABIES_PRICES_3","0.851048867766376","3","all","LightGBM 💡","2026-04-03T11:26:15.000Z","REG_TEXT_BABIES_PRICES","128","finished","1.478778839111328","1.0986328125"
"tabm_REG_TEXT_ZOMATO_RESTAURANTS_3","0.8503801520040002","3","all","TabM Ⓜ️","2026-04-03T16:37:37.000Z","REG_TEXT_ZOMATO_RESTAURANTS","828","finished","2.2814674377441406","1.1259765625"
"tabm_REG_TEXT_ZOMATO_RESTAURANTS_1","0.8500838498566949","1","ft","TabM Ⓜ️","2026-04-03T14:34:10.000Z","REG_TEXT_ZOMATO_RESTAURANTS","8623","finished","2.4439239501953125","18.8388671875"
"light_REG_TEXT_SCIMAGOJR_IMPACT_3","0.8496250062268041","3","all","LightGBM 💡","2026-04-03T21:57:13.000Z","REG_TEXT_SCIMAGOJR_IMPACT","631","finished","1.5982742309570312","1.0986328125"
"cat_BIN_TEXT_JIGSAW_TOXICITY_4","0.8494212538626722","4","all","CatBoost 😸","2026-04-02T22:22:32.000Z","BIN_TEXT_JIGSAW_TOXICITY","159","finished","1.5853347778320312","1.0986328125"
"tabm_REG_TEXT_ZOMATO_RESTAURANTS_1","0.8494011904109917","1","all","TabM Ⓜ️","2026-04-03T14:33:58.000Z","REG_TEXT_ZOMATO_RESTAURANTS","826","finished","2.2706832885742188","1.1259765625"
"cat_REG_TEXT_BOOK_READABILITY_2","0.8489552253123811","2","ft","CatBoost 😸","2026-04-03T23:53:41.000Z","REG_TEXT_BOOK_READABILITY","2997","finished","1.9020233154296875","21.3154296875"
"tabm_REG_TEXT_BOOK_READABILITY_4","0.8481107329580813","4","ft","TabM Ⓜ️","2026-04-04T00:40:20.000Z","REG_TEXT_BOOK_READABILITY","1930","finished","1.835918426513672","21.3232421875"
"light_REG_TEXT_SCIMAGOJR_IMPACT_2","0.8469586324022635","2","all","LightGBM 💡","2026-04-03T21:21:21.000Z","REG_TEXT_SCIMAGOJR_IMPACT","570","finished","1.561920166015625","1.0986328125"
"tabm_REG_TEXT_ZOMATO_RESTAURANTS_2","0.8452047869639638","2","ft","TabM Ⓜ️","2026-04-03T14:56:43.000Z","REG_TEXT_ZOMATO_RESTAURANTS","9859","finished","2.4873809814453125","18.8388671875"
"cat_REG_TEXT_ZOMATO_RESTAURANTS_4","0.8451727351021248","4","ft","CatBoost 😸","2026-04-03T17:01:11.000Z","REG_TEXT_ZOMATO_RESTAURANTS","4486","finished","2.8235931396484375","18.8251953125"
"tabpfnv2p5_REG_TEXT_ZOMATO_RESTAURANTS_2","0.8451205060693731","2","ft","TabPFN-v2p5 🇩🇪","2026-04-03T15:04:14.000Z","REG_TEXT_ZOMATO_RESTAURANTS","10910","finished","2.5597610473632812","15.7998046875"
"light_REG_TEXT_BOOK_READABILITY_4","0.844930067013647","4","ft","LightGBM 💡","2026-04-04T00:31:42.000Z","REG_TEXT_BOOK_READABILITY","1926","finished","1.7445831298828125","21.3154296875"
"tabpfnv2p5_REG_TEXT_BOOK_READABILITY_4","0.8445677968642666","4","ft","TabPFN-v2p5 🇩🇪","2026-04-04T00:43:17.000Z","REG_TEXT_BOOK_READABILITY","1667","finished","1.8436546325683592","21.0869140625"
"tabm_REG_TEXT_ZOMATO_RESTAURANTS_4","0.8437609708163125","4","all","TabM Ⓜ️","2026-04-03T17:11:25.000Z","REG_TEXT_ZOMATO_RESTAURANTS","828","finished","2.2810707092285156","1.1259765625"
"tabm_REG_TEXT_BOOK_READABILITY_2","0.8434328662481309","2","ft","TabM Ⓜ️","2026-04-03T23:55:41.000Z","REG_TEXT_BOOK_READABILITY","2965","finished","1.8055267333984375","21.3232421875"
"cat_REG_TEXT_ZOMATO_RESTAURANTS_3","0.843279425352054","3","ft","CatBoost 😸","2026-04-03T16:33:23.000Z","REG_TEXT_ZOMATO_RESTAURANTS","8251","finished","2.7575416564941406","18.8251953125"
"tabpfnv2p5_MUL_TEXT_DATA_SCIENTIST_SALARY_4","0.8429840842197778","4","all","TabPFN-v2p5 🇩🇪","2026-04-03T05:05:24.000Z","MUL_TEXT_DATA_SCIENTIST_SALARY","350","finished","1.725421905517578","1.0986328125"
"tabpfnv2_REG_TEXT_BOOK_READABILITY_2","0.8428314574969895","2","all","TabPFN-v2 🤯","2026-04-04T00:01:42.000Z","REG_TEXT_BOOK_READABILITY","209","finished","1.694011688232422","1.0986328125"
"tabpfnv2p5_MUL_TEXT_DATA_SCIENTIST_SALARY_2","0.8424210827240194","2","ft","TabPFN-v2p5 🇩🇪","2026-04-03T04:34:21.000Z","MUL_TEXT_DATA_SCIENTIST_SALARY","3198","finished","1.8929786682128904","20.5712890625"
"tabm_MUL_TEXT_DATA_SCIENTIST_SALARY_2","0.8423657084485551","2","ft","TabM Ⓜ️","2026-04-03T04:33:15.000Z","MUL_TEXT_DATA_SCIENTIST_SALARY","2637","finished","1.7741470336914062","16.5869140625"
"tabpfnv2p5_MUL_TEXT_DATA_SCIENTIST_SALARY_4","0.8416724188559352","4","ft","TabPFN-v2p5 🇩🇪","2026-04-03T05:07:17.000Z","MUL_TEXT_DATA_SCIENTIST_SALARY","3487","finished","1.8985595703125","20.5712890625"
"tabm_MUL_TEXT_DATA_SCIENTIST_SALARY_4","0.8415018458292077","4","all","TabM Ⓜ️","2026-04-03T04:59:12.000Z","MUL_TEXT_DATA_SCIENTIST_SALARY","323","finished","1.7172813415527344","1.1865234375"
"cat_REG_TEXT_ZOMATO_RESTAURANTS_0","0.8414018717604228","0","ft","CatBoost 😸","2026-04-03T13:59:36.000Z","REG_TEXT_ZOMATO_RESTAURANTS","9531","finished","2.7493247985839844","18.8251953125"
"cat_REG_TEXT_BOOK_READABILITY_4","0.8409454062291742","4","all","CatBoost 😸","2026-04-04T00:36:02.000Z","REG_TEXT_BOOK_READABILITY","233","finished","1.7698860168457031","1.0986328125"
"tabpfnv2p5_BIN_TEXT_JIGSAW_TOXICITY_2","0.840567660049931","2","all","TabPFN-v2p5 🇩🇪","2026-04-02T22:11:16.000Z","BIN_TEXT_JIGSAW_TOXICITY","189","finished","1.7449951171875","1.0986328125"
"tabpfnv2p5_MUL_TEXT_DATA_SCIENTIST_SALARY_2","0.840503376203987","2","all","TabPFN-v2p5 🇩🇪","2026-04-03T04:34:11.000Z","MUL_TEXT_DATA_SCIENTIST_SALARY","352","finished","1.71795654296875","1.0986328125"
"tabpfnv2_REG_TEXT_BOOK_READABILITY_1","0.8399246321620599","1","ft","TabPFN-v2 🤯","2026-04-03T23:44:24.000Z","REG_TEXT_BOOK_READABILITY","2102","finished","1.8509559631347656","21.0869140625"
"cat_REG_TEXT_BOOK_READABILITY_2","0.8398999010276287","2","all","CatBoost 😸","2026-04-03T23:51:46.000Z","REG_TEXT_BOOK_READABILITY","233","finished","1.6682662963867188","1.0986328125"
"tabm_REG_TEXT_ZOMATO_RESTAURANTS_0","0.8395216385839801","0","all","TabM Ⓜ️","2026-04-03T14:04:37.000Z","REG_TEXT_ZOMATO_RESTAURANTS","843","finished","2.279380798339844","1.1259765625"
"tabpfnv2p5_MUL_TEXT_DATA_SCIENTIST_SALARY_3","0.8394180866157406","3","ft","TabPFN-v2p5 🇩🇪","2026-04-03T04:46:07.000Z","MUL_TEXT_DATA_SCIENTIST_SALARY","3343","finished","1.8720588684082031","20.5712890625"
"tabpfnv2p5_REG_TEXT_BOOK_READABILITY_1","0.8393921491422935","1","all","TabPFN-v2p5 🇩🇪","2026-04-03T23:37:23.000Z","REG_TEXT_BOOK_READABILITY","199","finished","1.6722450256347656","1.0986328125"
"cat_REG_TEXT_ZOMATO_RESTAURANTS_1","0.8390067010218025","1","ft","CatBoost 😸","2026-04-03T14:31:13.000Z","REG_TEXT_ZOMATO_RESTAURANTS","8678","finished","2.7540969848632812","18.8251953125"
"tabm_MUL_TEXT_DATA_SCIENTIST_SALARY_2","0.8383923648241111","2","all","TabM Ⓜ️","2026-04-03T04:31:34.000Z","MUL_TEXT_DATA_SCIENTIST_SALARY","328","finished","1.722148895263672","1.1865234375"
"tabpfnv2_REG_TEXT_BOOK_READABILITY_4","0.8383754416209267","4","ft","TabPFN-v2 🤯","2026-04-04T00:44:11.000Z","REG_TEXT_BOOK_READABILITY","1684","finished","1.8495941162109375","21.0869140625"
"light_MUL_TEXT_PRODUCT_SENTIMENT_0","0.8383638975593984","0","all","LightGBM 💡","2026-04-03T00:06:37.000Z","MUL_TEXT_PRODUCT_SENTIMENT","49","finished","1.4595565795898438","1.0986328125"
"tabm_REG_TEXT_ZOMATO_RESTAURANTS_2","0.8378171770008633","2","all","TabM Ⓜ️","2026-04-03T14:53:03.000Z","REG_TEXT_ZOMATO_RESTAURANTS","824","finished","2.2909507751464844","1.1259765625"
"tabm_MUL_TEXT_DATA_SCIENTIST_SALARY_3","0.8376299153630358","3","ft","TabM Ⓜ️","2026-04-03T04:44:52.000Z","MUL_TEXT_DATA_SCIENTIST_SALARY","2789","finished","1.809001922607422","16.5869140625"
"tabpfnv2p5_REG_TEXT_BOOK_READABILITY_1","0.8372681244935778","1","ft","TabPFN-v2p5 🇩🇪","2026-04-03T23:40:25.000Z","REG_TEXT_BOOK_READABILITY","2048","finished","1.869171142578125","21.0869140625"
"tabpfnv2_MUL_TEXT_DATA_SCIENTIST_SALARY_4","0.8367228038060603","4","all","TabPFN-v2 🤯","2026-04-03T05:13:39.000Z","MUL_TEXT_DATA_SCIENTIST_SALARY","379","finished","1.7858047485351562","1.0986328125"
"tabm_MUL_TEXT_DATA_SCIENTIST_SALARY_4","0.8366459567737237","4","ft","TabM Ⓜ️","2026-04-03T05:02:41.000Z","MUL_TEXT_DATA_SCIENTIST_SALARY","2635","finished","1.7719650268554688","16.5869140625"
"tabm_BIN_TEXT_JIGSAW_TOXICITY_3","0.8364103772761396","3","all","TabM Ⓜ️","2026-04-02T22:17:36.000Z","BIN_TEXT_JIGSAW_TOXICITY","174","finished","1.7975196838378906","1.1845703125"
"tabpfnv2p5_REG_TEXT_BOOK_READABILITY_0","0.8361354490231826","0","ft","TabPFN-v2p5 🇩🇪","2026-04-03T23:14:57.000Z","REG_TEXT_BOOK_READABILITY","2401","finished","1.8411369323730469","21.0869140625"
"tabpfnv2p5_MUL_TEXT_DATA_SCIENTIST_SALARY_1","0.8361152212635005","1","ft","TabPFN-v2p5 🇩🇪","2026-04-03T04:13:45.000Z","MUL_TEXT_DATA_SCIENTIST_SALARY","3625","finished","1.869586944580078","20.5712890625"
"tabm_MUL_TEXT_DATA_SCIENTIST_SALARY_3","0.8358325182917402","3","all","TabM Ⓜ️","2026-04-03T04:44:49.000Z","MUL_TEXT_DATA_SCIENTIST_SALARY","328","finished","1.718292236328125","1.1865234375"
"tabpfnv2_MUL_TEXT_DATA_SCIENTIST_SALARY_4","0.8353410124249908","4","ft","TabPFN-v2 🤯","2026-04-03T05:14:16.000Z","MUL_TEXT_DATA_SCIENTIST_SALARY","3491","finished","1.9288864135742188","20.5712890625"
"cat_REG_TEXT_BOOK_READABILITY_3","0.8350331643652419","3","ft","CatBoost 😸","2026-04-04T00:13:58.000Z","REG_TEXT_BOOK_READABILITY","1688","finished","2.033538818359375","21.3154296875"
"tabpfnv2p5_BIN_TEXT_JIGSAW_TOXICITY_3","0.8345990677211543","3","all","TabPFN-v2p5 🇩🇪","2026-04-02T22:18:56.000Z","BIN_TEXT_JIGSAW_TOXICITY","167","finished","1.7094345092773438","1.0986328125"
"tabpfnv2p5_REG_TEXT_BOOK_READABILITY_3","0.8345536418785084","3","ft","TabPFN-v2p5 🇩🇪","2026-04-04T00:21:57.000Z","REG_TEXT_BOOK_READABILITY","2391","finished","1.833099365234375","21.0869140625"
"tabpfnv2p5_MUL_TEXT_DATA_SCIENTIST_SALARY_1","0.8342027088034166","1","all","TabPFN-v2p5 🇩🇪","2026-04-03T04:13:26.000Z","MUL_TEXT_DATA_SCIENTIST_SALARY","370","finished","1.7556724548339844","1.0986328125"
"tabpfnv2p5_MUL_TEXT_DATA_SCIENTIST_SALARY_0","0.8341165792845461","0","ft","TabPFN-v2p5 🇩🇪","2026-04-03T03:55:50.000Z","MUL_TEXT_DATA_SCIENTIST_SALARY","2784","finished","1.891448974609375","20.5712890625"
"tabpfnv2_REG_TEXT_BOOK_READABILITY_4","0.8338727621684334","4","all","TabPFN-v2 🤯","2026-04-04T00:43:49.000Z","REG_TEXT_BOOK_READABILITY","289","finished","1.7002639770507812","1.0986328125"
"tabpfnv2p5_MUL_TEXT_DATA_SCIENTIST_SALARY_3","0.8338472833963024","3","all","TabPFN-v2p5 🇩🇪","2026-04-03T04:45:51.000Z","MUL_TEXT_DATA_SCIENTIST_SALARY","351","finished","1.703754425048828","1.0986328125"
"tabpfnv2_MUL_TEXT_DATA_SCIENTIST_SALARY_3","0.8337849293045528","3","ft","TabPFN-v2 🤯","2026-04-03T04:49:28.000Z","MUL_TEXT_DATA_SCIENTIST_SALARY","3358","finished","1.92626953125","20.5712890625"
"cat_MUL_TEXT_DATA_SCIENTIST_SALARY_2","0.8334917817023101","2","ft","CatBoost 😸","2026-04-03T04:29:40.000Z","MUL_TEXT_DATA_SCIENTIST_SALARY","2680","finished","2.15475082397461","16.5751953125"
"tabpfnv2_MUL_TEXT_DATA_SCIENTIST_SALARY_2","0.8333489798735072","2","all","TabPFN-v2 🤯","2026-04-03T04:37:09.000Z","MUL_TEXT_DATA_SCIENTIST_SALARY","362","finished","1.7603912353515625","1.0986328125"
"tabm_REG_TEXT_BOOK_READABILITY_4","0.8331997962486832","4","all","TabM Ⓜ️","2026-04-04T00:40:03.000Z","REG_TEXT_BOOK_READABILITY","188","finished","1.7324600219726562","1.1201171875"
"tabpfnv2p5_MUL_TEXT_DATA_SCIENTIST_SALARY_0","0.8331592072106865","0","all","TabPFN-v2p5 🇩🇪","2026-04-03T03:55:49.000Z","MUL_TEXT_DATA_SCIENTIST_SALARY","350","finished","1.7156105041503906","1.0986328125"
"cat_REG_TEXT_ZOMATO_RESTAURANTS_2","0.8329378915602517","2","ft","CatBoost 😸","2026-04-03T14:50:18.000Z","REG_TEXT_ZOMATO_RESTAURANTS","9865","finished","2.72518539428711","18.8251953125"
"tabpfnv2_REG_TEXT_BOOK_READABILITY_1","0.8327661957336073","1","all","TabPFN-v2 🤯","2026-04-03T23:44:04.000Z","REG_TEXT_BOOK_READABILITY","208","finished","1.694438934326172","1.0986328125"
"tabm_REG_TEXT_BOOK_READABILITY_3","0.8327631157717793","3","ft","TabM Ⓜ️","2026-04-04T00:19:26.000Z","REG_TEXT_BOOK_READABILITY","1664","finished","1.840660095214844","21.3232421875"
"tabm_MUL_TEXT_DATA_SCIENTIST_SALARY_0","0.8326984527122923","0","all","TabM Ⓜ️","2026-04-03T03:53:29.000Z","MUL_TEXT_DATA_SCIENTIST_SALARY","345","finished","1.7487106323242188","1.1884765625"
"tabm_MUL_TEXT_DATA_SCIENTIST_SALARY_1","0.8325162930021214","1","ft","TabM Ⓜ️","2026-04-03T04:10:37.000Z","MUL_TEXT_DATA_SCIENTIST_SALARY","2633","finished","1.7746009826660156","16.5869140625"
"tabm_MUL_TEXT_DATA_SCIENTIST_SALARY_0","0.8320356434284198","0","ft","TabM Ⓜ️","2026-04-03T03:53:44.000Z","MUL_TEXT_DATA_SCIENTIST_SALARY","2641","finished","1.7804832458496094","16.5869140625"
"cat_REG_TEXT_BABIES_PRICES_4","0.8319699081523556","4","all","CatBoost 😸","2026-04-03T11:38:59.000Z","REG_TEXT_BABIES_PRICES","167","finished","1.6920928955078125","1.0986328125"
"light_BIN_TEXT_JIGSAW_TOXICITY_4","0.8318886502906824","4","all","LightGBM 💡","2026-04-02T22:21:22.000Z","BIN_TEXT_JIGSAW_TOXICITY","151","finished","1.579753875732422","1.0986328125"
"tabm_MUL_TEXT_DATA_SCIENTIST_SALARY_1","0.8317066942137724","1","all","TabM Ⓜ️","2026-04-03T04:05:53.000Z","MUL_TEXT_DATA_SCIENTIST_SALARY","328","finished","1.7192611694335938","1.1865234375"
"light_REG_TEXT_BABIES_PRICES_2","0.8313336737738153","2","all","LightGBM 💡","2026-04-03T11:05:13.000Z","REG_TEXT_BABIES_PRICES","128","finished","1.4787559509277344","1.0986328125"
"cat_MUL_TEXT_DATA_SCIENTIST_SALARY_4","0.831162652253604","4","ft","CatBoost 😸","2026-04-03T04:56:15.000Z","MUL_TEXT_DATA_SCIENTIST_SALARY","2681","finished","2.273296356201172","16.5751953125"
"tabpfnv2_MUL_TEXT_DATA_SCIENTIST_SALARY_2","0.8309327120160989","2","ft","TabPFN-v2 🤯","2026-04-03T04:37:18.000Z","MUL_TEXT_DATA_SCIENTIST_SALARY","3212","finished","1.92694091796875","20.5712890625"
"cat_MUL_TEXT_DATA_SCIENTIST_SALARY_3","0.8306160198932416","3","ft","CatBoost 😸","2026-04-03T04:42:20.000Z","MUL_TEXT_DATA_SCIENTIST_SALARY","2821","finished","2.1524505615234375","16.5751953125"
"light_REG_TEXT_BOOK_READABILITY_2","0.8301110636373057","2","all","LightGBM 💡","2026-04-03T23:48:11.000Z","REG_TEXT_BOOK_READABILITY","183","finished","1.5039329528808594","1.0986328125"
"tabpfnv2p5_REG_TEXT_BOOK_READABILITY_4","0.8299116776425518","4","all","TabPFN-v2p5 🇩🇪","2026-04-04T00:42:36.000Z","REG_TEXT_BOOK_READABILITY","198","finished","1.6703109741210938","1.0986328125"
"cat_REG_TEXT_ZOMATO_RESTAURANTS_2","0.8289452640520776","2","all","CatBoost 😸","2026-04-03T14:49:31.000Z","REG_TEXT_ZOMATO_RESTAURANTS","876","finished","2.5268020629882812","1.0986328125"
"cat_BIN_TEXT_JIGSAW_TOXICITY_2","0.8288727107665985","2","all","CatBoost 😸","2026-04-02T22:07:09.000Z","BIN_TEXT_JIGSAW_TOXICITY","159","finished","1.5878677368164062","1.0986328125"
"tabpfnv2p5_BIN_TEXT_JIGSAW_TOXICITY_1","0.8287068559157806","1","all","TabPFN-v2p5 🇩🇪","2026-04-02T22:01:01.000Z","BIN_TEXT_JIGSAW_TOXICITY","169","finished","1.6995277404785156","1.0986328125"
"tabpfnv2_BIN_TEXT_JIGSAW_TOXICITY_2","0.8285169957576075","2","all","TabPFN-v2 🤯","2026-04-02T22:14:07.000Z","BIN_TEXT_JIGSAW_TOXICITY","192","finished","1.7835960388183594","1.0986328125"
"tabpfnv2_MUL_TEXT_DATA_SCIENTIST_SALARY_1","0.8283820930904753","1","ft","TabPFN-v2 🤯","2026-04-03T04:17:30.000Z","MUL_TEXT_DATA_SCIENTIST_SALARY","3644","finished","1.926494598388672","20.5712890625"
"cat_REG_TEXT_ZOMATO_RESTAURANTS_3","0.827531384749283","3","all","CatBoost 😸","2026-04-03T16:27:31.000Z","REG_TEXT_ZOMATO_RESTAURANTS","867","finished","2.486072540283203","1.0986328125"
"cat_MUL_TEXT_DATA_SCIENTIST_SALARY_4","0.8274907536021926","4","all","CatBoost 😸","2026-04-03T04:56:04.000Z","MUL_TEXT_DATA_SCIENTIST_SALARY","392","finished","2.12435531616211","1.0986328125"
"tabpfnv2_MUL_TEXT_DATA_SCIENTIST_SALARY_0","0.8274412980517893","0","all","TabPFN-v2 🤯","2026-04-03T03:58:10.000Z","MUL_TEXT_DATA_SCIENTIST_SALARY","360","finished","1.7556648254394531","1.0986328125"
"tabpfnv2_MUL_TEXT_DATA_SCIENTIST_SALARY_3","0.8271525134933904","3","all","TabPFN-v2 🤯","2026-04-03T04:49:21.000Z","MUL_TEXT_DATA_SCIENTIST_SALARY","364","finished","1.758625030517578","1.0986328125"
"tabpfnv2p5_REG_TEXT_BOOK_READABILITY_3","0.8270255797537046","3","all","TabPFN-v2p5 🇩🇪","2026-04-04T00:21:49.000Z","REG_TEXT_BOOK_READABILITY","198","finished","1.6784629821777344","1.0986328125"
"tabpfnv2p5_REG_TEXT_SCIMAGOJR_IMPACT_3","0.8266887664794922","3","all","TabPFN-v2p5 🇩🇪","2026-04-03T22:24:55.000Z","REG_TEXT_SCIMAGOJR_IMPACT","694","finished","1.9402732849121096","1.0986328125"
"tabpfnv2_REG_TEXT_BOOK_READABILITY_0","0.826502173798343","0","ft","TabPFN-v2 🤯","2026-04-03T23:19:08.000Z","REG_TEXT_BOOK_READABILITY","2429","finished","1.8514556884765625","21.0869140625"
"cat_REG_TEXT_ZOMATO_RESTAURANTS_4","0.8261186729316076","4","all","CatBoost 😸","2026-04-03T17:00:46.000Z","REG_TEXT_ZOMATO_RESTAURANTS","873","finished","2.4862594604492188","1.0986328125"
"light_REG_TEXT_BOOK_READABILITY_4","0.8256442327758531","4","all","LightGBM 💡","2026-04-04T00:29:21.000Z","REG_TEXT_BOOK_READABILITY","184","finished","1.5048103332519531","1.0986328125"
"tabpfnv2_REG_TEXT_BOOK_READABILITY_3","0.8255308893501033","3","ft","TabPFN-v2 🤯","2026-04-04T00:25:32.000Z","REG_TEXT_BOOK_READABILITY","2402","finished","1.8511848449707031","21.0869140625"
"tabpfnv2_MUL_TEXT_DATA_SCIENTIST_SALARY_0","0.8254446501895712","0","ft","TabPFN-v2 🤯","2026-04-03T03:58:25.000Z","MUL_TEXT_DATA_SCIENTIST_SALARY","2781","finished","1.9311408996582031","20.5712890625"
"tabm_REG_TEXT_BOOK_READABILITY_3","0.8251668141072751","3","all","TabM Ⓜ️","2026-04-04T00:18:22.000Z","REG_TEXT_BOOK_READABILITY","184","finished","1.7335090637207031","1.1201171875"
"tabpfnv2_MUL_TEXT_DATA_SCIENTIST_SALARY_1","0.8249147617256484","1","all","TabPFN-v2 🤯","2026-04-03T04:15:20.000Z","MUL_TEXT_DATA_SCIENTIST_SALARY","361","finished","1.7602195739746094","1.0986328125"
"cat_MUL_TEXT_DATA_SCIENTIST_SALARY_0","0.8243097408435257","0","ft","CatBoost 😸","2026-04-03T03:52:00.000Z","MUL_TEXT_DATA_SCIENTIST_SALARY","2691","finished","2.305377960205078","16.5751953125"
"cat_REG_TEXT_ZOMATO_RESTAURANTS_1","0.8240804859765006","1","all","CatBoost 😸","2026-04-03T14:27:50.000Z","REG_TEXT_ZOMATO_RESTAURANTS","860","finished","2.458324432373047","1.0986328125"
"tabpfnv2_BIN_TEXT_JIGSAW_TOXICITY_3","0.8238665130326994","3","all","TabPFN-v2 🤯","2026-04-02T22:19:56.000Z","BIN_TEXT_JIGSAW_TOXICITY","172","finished","1.7567672729492188","1.0986328125"
"cat_BIN_TEXT_JIGSAW_TOXICITY_3","0.8235348033310637","3","all","CatBoost 😸","2026-04-02T22:16:53.000Z","BIN_TEXT_JIGSAW_TOXICITY","157","finished","1.5878067016601562","1.0986328125"
"light_REG_TEXT_BOOK_READABILITY_3","0.8235095844750813","3","ft","LightGBM 💡","2026-04-04T00:08:10.000Z","REG_TEXT_BOOK_READABILITY","1642","finished","1.7452049255371094","21.3154296875"
"tabm_REG_TEXT_BOOK_READABILITY_2","0.8231752722461821","2","all","TabM Ⓜ️","2026-04-03T23:55:41.000Z","REG_TEXT_BOOK_READABILITY","219","finished","1.735504150390625","1.1201171875"
"cat_MUL_TEXT_DATA_SCIENTIST_SALARY_1","0.8226317702036193","1","ft","CatBoost 😸","2026-04-03T04:04:17.000Z","MUL_TEXT_DATA_SCIENTIST_SALARY","2686","finished","2.14937973022461","16.5751953125"
"tabpfnv2_REG_TEXT_BOOK_READABILITY_3","0.8211470204466963","3","all","TabPFN-v2 🤯","2026-04-04T00:25:14.000Z","REG_TEXT_BOOK_READABILITY","208","finished","1.6995582580566406","1.0986328125"
"cat_MUL_TEXT_DATA_SCIENTIST_SALARY_3","0.8204165526555727","3","all","CatBoost 😸","2026-04-03T04:40:49.000Z","MUL_TEXT_DATA_SCIENTIST_SALARY","379","finished","1.9778327941894531","1.0986328125"
"tabpfnv2p5_REG_TEXT_VANCOUVER_SALARIES_4","0.819962938599664","4","ft","TabPFN-v2p5 🇩🇪","2026-04-03T18:56:57.000Z","REG_TEXT_VANCOUVER_SALARIES","1563","finished","1.822002410888672","17.8056640625"
"cat_MUL_TEXT_DATA_SCIENTIST_SALARY_2","0.8199022790780385","2","all","CatBoost 😸","2026-04-03T04:26:43.000Z","MUL_TEXT_DATA_SCIENTIST_SALARY","386","finished","2.0917434692382812","1.0986328125"
"cat_REG_TEXT_ZOMATO_RESTAURANTS_0","0.818909584764638","0","all","CatBoost 😸","2026-04-03T13:58:56.000Z","REG_TEXT_ZOMATO_RESTAURANTS","872","finished","2.511913299560547","1.0986328125"
"cat_REG_TEXT_BOOK_READABILITY_0","0.8176807524473507","0","ft","CatBoost 😸","2026-04-03T23:09:09.000Z","REG_TEXT_BOOK_READABILITY","1919","finished","2.01749038696289","21.3154296875"
"cat_MUL_TEXT_DATA_SCIENTIST_SALARY_1","0.8171170879316958","1","all","CatBoost 😸","2026-04-03T04:04:16.000Z","MUL_TEXT_DATA_SCIENTIST_SALARY","374","finished","2.184223175048828","1.0986328125"
"cat_MUL_TEXT_DATA_SCIENTIST_SALARY_0","0.8168462753356943","0","all","CatBoost 😸","2026-04-03T03:51:42.000Z","MUL_TEXT_DATA_SCIENTIST_SALARY","378","finished","1.9765357971191408","1.0986328125"
"light_REG_TEXT_BOOK_READABILITY_0","0.816755646918963","0","ft","LightGBM 💡","2026-04-03T23:04:59.000Z","REG_TEXT_BOOK_READABILITY","1838","finished","1.7611236572265625","21.3154296875"
"cat_REG_TEXT_VANCOUVER_SALARIES_4","0.8167482440992839","4","ft","CatBoost 😸","2026-04-03T18:53:34.000Z","REG_TEXT_VANCOUVER_SALARIES","1382","finished","1.901329040527344","15.9072265625"
"tabm_REG_TEXT_BOOK_READABILITY_1","0.816496365548432","1","all","TabM Ⓜ️","2026-04-03T23:33:42.000Z","REG_TEXT_BOOK_READABILITY","188","finished","1.7358169555664062","1.1201171875"
"cat_REG_TEXT_BOOK_READABILITY_3","0.8152577763636183","3","all","CatBoost 😸","2026-04-04T00:13:35.000Z","REG_TEXT_BOOK_READABILITY","224","finished","1.93218994140625","1.0986328125"
"tabpfnv2p5_REG_TEXT_VANCOUVER_SALARIES_0","0.8147933190727935","0","ft","TabPFN-v2p5 🇩🇪","2026-04-03T17:55:39.000Z","REG_TEXT_VANCOUVER_SALARIES","1598","finished","1.7806663513183594","17.8056640625"
"tabm_BIN_TEXT_JIGSAW_TOXICITY_1","0.8141421812531643","1","all","TabM Ⓜ️","2026-04-02T21:57:56.000Z","BIN_TEXT_JIGSAW_TOXICITY","158","finished","1.7668838500976562","1.1845703125"
"light_MUL_TEXT_DATA_SCIENTIST_SALARY_2","0.8119693513770053","2","ft","LightGBM 💡","2026-04-03T04:22:53.000Z","MUL_TEXT_DATA_SCIENTIST_SALARY","2660","finished","1.75616455078125","16.5751953125"
"light_REG_TEXT_ZOMATO_RESTAURANTS_0","0.8119411077650192","0","ft","LightGBM 💡","2026-04-03T13:56:48.000Z","REG_TEXT_ZOMATO_RESTAURANTS","9470","finished","2.454631805419922","18.8251953125"
"cat_REG_TEXT_BOOK_READABILITY_1","0.8105162947990179","1","all","CatBoost 😸","2026-04-03T23:26:33.000Z","REG_TEXT_BOOK_READABILITY","231","finished","1.9544410705566408","1.0986328125"
"tabpfnv2p5_REG_TEXT_VANCOUVER_SALARIES_4","0.8101070190476496","4","all","TabPFN-v2p5 🇩🇪","2026-04-03T18:56:32.000Z","REG_TEXT_VANCOUVER_SALARIES","156","finished","1.6295814514160156","1.0986328125"
"light_MUL_TEXT_DATA_SCIENTIST_SALARY_1","0.809575279684715","1","ft","LightGBM 💡","2026-04-03T04:01:11.000Z","MUL_TEXT_DATA_SCIENTIST_SALARY","2655","finished","1.7903327941894531","16.5751953125"
"tabpfnv2p5_REG_TEXT_BOOK_READABILITY_0","0.8093854007005645","0","all","TabPFN-v2p5 🇩🇪","2026-04-03T23:14:31.000Z","REG_TEXT_BOOK_READABILITY","242","finished","1.6750221252441406","1.0986328125"
"tabpfnv2_BIN_TEXT_JIGSAW_TOXICITY_1","0.8091228897152534","1","all","TabPFN-v2 🤯","2026-04-02T22:03:49.000Z","BIN_TEXT_JIGSAW_TOXICITY","171","finished","1.7477149963378906","1.0986328125"
"light_BIN_TEXT_JIGSAW_TOXICITY_2","0.8087300755948951","2","all","LightGBM 💡","2026-04-02T22:04:24.000Z","BIN_TEXT_JIGSAW_TOXICITY","152","finished","1.5783157348632812","1.0986328125"
"light_REG_TEXT_BOOK_READABILITY_3","0.8081711237202648","3","all","LightGBM 💡","2026-04-04T00:07:20.000Z","REG_TEXT_BOOK_READABILITY","202","finished","1.5335006713867188","1.0986328125"
"light_REG_TEXT_BOOK_READABILITY_1","0.8076957662375965","1","all","LightGBM 💡","2026-04-03T23:23:04.000Z","REG_TEXT_BOOK_READABILITY","183","finished","1.501251220703125","1.0986328125"
"light_REG_TEXT_ZOMATO_RESTAURANTS_4","0.8073511444607427","4","ft","LightGBM 💡","2026-04-03T16:57:10.000Z","REG_TEXT_ZOMATO_RESTAURANTS","4432","finished","2.445293426513672","18.8251953125"
"light_MUL_TEXT_DATA_SCIENTIST_SALARY_3","0.8072559985227153","3","ft","LightGBM 💡","2026-04-03T04:38:48.000Z","MUL_TEXT_DATA_SCIENTIST_SALARY","2765","finished","1.756622314453125","16.5751953125"
"cat_BIN_TEXT_JIGSAW_TOXICITY_1","0.8069144014385725","1","all","CatBoost 😸","2026-04-02T21:48:05.000Z","BIN_TEXT_JIGSAW_TOXICITY","161","finished","1.6037826538085938","1.0986328125"
"light_MUL_TEXT_DATA_SCIENTIST_SALARY_4","0.8068822737664111","4","ft","LightGBM 💡","2026-04-03T04:51:46.000Z","MUL_TEXT_DATA_SCIENTIST_SALARY","2638","finished","1.7510490417480469","16.5751953125"
"light_REG_TEXT_ZOMATO_RESTAURANTS_1","0.8063038217651752","1","ft","LightGBM 💡","2026-04-03T14:19:31.000Z","REG_TEXT_ZOMATO_RESTAURANTS","8567","finished","2.439647674560547","18.8251953125"
"tabpfnv2p5_REG_TEXT_VANCOUVER_SALARIES_0","0.8051551460174036","0","all","TabPFN-v2p5 🇩🇪","2026-04-03T17:52:56.000Z","REG_TEXT_VANCOUVER_SALARIES","158","finished","1.6252670288085938","1.0986328125"
"tabm_BIN_TEXT_JIGSAW_TOXICITY_0","0.8043218282442081","0","all","TabM Ⓜ️","2026-04-02T20:39:22.000Z","BIN_TEXT_JIGSAW_TOXICITY","175","finished","1.8060836791992188","1.1845703125"
"tabpfnv2_REG_TEXT_BOOK_READABILITY_0","0.8040462260558023","0","all","TabPFN-v2 🤯","2026-04-03T23:19:03.000Z","REG_TEXT_BOOK_READABILITY","207","finished","1.6911735534667969","1.0986328125"
"tabpfnv2p5_BIN_TEXT_JIGSAW_TOXICITY_0","0.8036911433509663","0","all","TabPFN-v2p5 🇩🇪","2026-04-02T20:54:39.000Z","BIN_TEXT_JIGSAW_TOXICITY","168","finished","1.7084236145019531","1.0986328125"
"light_MUL_TEXT_DATA_SCIENTIST_SALARY_4","0.8033200272638082","4","all","LightGBM 💡","2026-04-03T04:51:07.000Z","MUL_TEXT_DATA_SCIENTIST_SALARY","325","finished","1.5364990234375","1.0986328125"
"light_REG_TEXT_ZOMATO_RESTAURANTS_3","0.8032825848512983","3","ft","LightGBM 💡","2026-04-03T15:40:47.000Z","REG_TEXT_ZOMATO_RESTAURANTS","8193","finished","2.4157257080078125","18.8251953125"
"light_MUL_TEXT_DATA_SCIENTIST_SALARY_0","0.8028299813771597","0","ft","LightGBM 💡","2026-04-03T03:49:34.000Z","MUL_TEXT_DATA_SCIENTIST_SALARY","2636","finished","1.7398719787597656","16.5751953125"
"light_MUL_TEXT_DATA_SCIENTIST_SALARY_3","0.8010843601084185","3","all","LightGBM 💡","2026-04-03T04:38:14.000Z","MUL_TEXT_DATA_SCIENTIST_SALARY","324","finished","1.5381317138671875","1.0986328125"
"light_MUL_TEXT_DATA_SCIENTIST_SALARY_1","0.8005063760047197","1","all","LightGBM 💡","2026-04-03T03:59:41.000Z","MUL_TEXT_DATA_SCIENTIST_SALARY","327","finished","1.5344314575195312","1.0986328125"
"tabm_REG_TEXT_BOOK_READABILITY_0","0.7999967145068738","0","ft","TabM Ⓜ️","2026-04-03T23:13:15.000Z","REG_TEXT_BOOK_READABILITY","1841","finished","1.808197021484375","21.3232421875"
"tabpfnv2p5_REG_TEXT_VANCOUVER_SALARIES_3","0.7999167102962065","3","all","TabPFN-v2p5 🇩🇪","2026-04-03T18:46:02.000Z","REG_TEXT_VANCOUVER_SALARIES","157","finished","1.6307640075683594","1.0986328125"
"tabpfnv2p5_REG_TEXT_VANCOUVER_SALARIES_3","0.7992910331091005","3","ft","TabPFN-v2p5 🇩🇪","2026-04-03T18:48:19.000Z","REG_TEXT_VANCOUVER_SALARIES","1543","finished","1.7902336120605469","17.8056640625"
"light_MUL_TEXT_DATA_SCIENTIST_SALARY_2","0.7979549480646769","2","all","LightGBM 💡","2026-04-03T04:20:30.000Z","MUL_TEXT_DATA_SCIENTIST_SALARY","326","finished","1.5350456237792969","1.0986328125"
"tabm_REG_TEXT_VANCOUVER_SALARIES_4","0.7973307167393286","4","ft","TabM Ⓜ️","2026-04-03T18:54:55.000Z","REG_TEXT_VANCOUVER_SALARIES","1357","finished","1.822784423828125","15.9150390625"
"light_REG_TEXT_VANCOUVER_SALARIES_4","0.7966264677346306","4","ft","LightGBM 💡","2026-04-03T18:50:59.000Z","REG_TEXT_VANCOUVER_SALARIES","1341","finished","1.7506065368652344","15.9072265625"
"cat_REG_TEXT_VANCOUVER_SALARIES_0","0.7964217990461979","0","ft","CatBoost 😸","2026-04-03T17:44:31.000Z","REG_TEXT_VANCOUVER_SALARIES","1420","finished","1.9411468505859375","15.9072265625"
"light_MUL_TEXT_DATA_SCIENTIST_SALARY_0","0.7960723846405071","0","all","LightGBM 💡","2026-04-03T03:49:26.000Z","MUL_TEXT_DATA_SCIENTIST_SALARY","328","finished","1.5380325317382812","1.0986328125"
"light_REG_TEXT_ZOMATO_RESTAURANTS_2","0.7957765463966406","2","ft","LightGBM 💡","2026-04-03T14:44:14.000Z","REG_TEXT_ZOMATO_RESTAURANTS","9795","finished","2.4544448852539062","18.8251953125"
"tabpfnv2_BIN_TEXT_JIGSAW_TOXICITY_0","0.7946367778767087","0","all","TabPFN-v2 🤯","2026-04-02T21:19:57.000Z","BIN_TEXT_JIGSAW_TOXICITY","191","finished","1.7710113525390625","1.0986328125"
"tabm_REG_TEXT_BOOK_READABILITY_1","0.7932480815549593","1","ft","TabM Ⓜ️","2026-04-03T23:33:58.000Z","REG_TEXT_BOOK_READABILITY","1515","finished","1.8055458068847656","21.3232421875"
"tabm_REG_TEXT_VANCOUVER_SALARIES_3","0.7919885468598761","3","ft","TabM Ⓜ️","2026-04-03T18:44:34.000Z","REG_TEXT_VANCOUVER_SALARIES","1147","finished","1.821796417236328","15.9150390625"
"cat_REG_TEXT_BOOK_READABILITY_1","0.7905443960462911","1","ft","CatBoost 😸","2026-04-03T23:28:33.000Z","REG_TEXT_BOOK_READABILITY","1535","finished","1.9428749084472656","21.3154296875"
"light_REG_TEXT_BABIES_PRICES_4","0.7905067731440908","4","all","LightGBM 💡","2026-04-03T11:36:30.000Z","REG_TEXT_BABIES_PRICES","128","finished","1.4828987121582031","1.0986328125"
"cat_REG_TEXT_BOOK_READABILITY_0","0.7899482704451865","0","all","CatBoost 😸","2026-04-03T23:06:46.000Z","REG_TEXT_BOOK_READABILITY","231","finished","1.776470184326172","1.0986328125"
"tabm_REG_TEXT_VANCOUVER_SALARIES_0","0.7891948405261979","0","ft","TabM Ⓜ️","2026-04-03T17:51:06.000Z","REG_TEXT_VANCOUVER_SALARIES","1405","finished","1.8211555480957031","15.9150390625"
"light_REG_TEXT_VANCOUVER_SALARIES_0","0.788298243267078","0","ft","LightGBM 💡","2026-04-03T17:42:10.000Z","REG_TEXT_VANCOUVER_SALARIES","1394","finished","1.7380294799804688","15.9072265625"
"cat_REG_TEXT_VANCOUVER_SALARIES_3","0.7881958632925768","3","ft","CatBoost 😸","2026-04-03T18:38:09.000Z","REG_TEXT_VANCOUVER_SALARIES","1156","finished","1.7611312866210938","15.9072265625"
"light_BIN_TEXT_JIGSAW_TOXICITY_3","0.7876097697236334","3","all","LightGBM 💡","2026-04-02T22:14:57.000Z","BIN_TEXT_JIGSAW_TOXICITY","152","finished","1.5768928527832031","1.0986328125"
"tabpfnv2_REG_TEXT_VANCOUVER_SALARIES_4","0.7875702119689869","4","ft","TabPFN-v2 🤯","2026-04-03T18:58:05.000Z","REG_TEXT_VANCOUVER_SALARIES","1555","finished","1.800212860107422","17.8056640625"
"cat_REG_TEXT_VANCOUVER_SALARIES_0","0.785138046706261","0","all","CatBoost 😸","2026-04-03T17:44:08.000Z","REG_TEXT_VANCOUVER_SALARIES","167","finished","1.6846885681152344","1.0986328125"
"light_BIN_TEXT_JIGSAW_TOXICITY_1","0.7849735505158959","1","all","LightGBM 💡","2026-04-02T21:44:34.000Z","BIN_TEXT_JIGSAW_TOXICITY","152","finished","1.5780754089355469","1.0986328125"
"tabm_REG_TEXT_BOOK_READABILITY_0","0.7841406688663213","0","all","TabM Ⓜ️","2026-04-03T23:12:30.000Z","REG_TEXT_BOOK_READABILITY","188","finished","1.7363166809082031","1.1201171875"
"light_REG_TEXT_ZOMATO_RESTAURANTS_1","0.7841231949429687","1","all","LightGBM 💡","2026-04-03T14:19:18.000Z","REG_TEXT_ZOMATO_RESTAURANTS","819","finished","2.1742897033691406","1.0986328125"
"cat_BIN_TEXT_JIGSAW_TOXICITY_0","0.7835114090678957","0","all","CatBoost 😸","2026-04-02T20:23:04.000Z","BIN_TEXT_JIGSAW_TOXICITY","159","finished","1.5882682800292969","1.0986328125"
"tabpfnv2_REG_TEXT_VANCOUVER_SALARIES_0","0.7824763188794008","0","ft","TabPFN-v2 🤯","2026-04-03T18:02:28.000Z","REG_TEXT_VANCOUVER_SALARIES","1610","finished","1.8103981018066408","17.8056640625"
"tabpfnv2p5_REG_TEXT_VANCOUVER_SALARIES_1","0.7820993358759007","1","ft","TabPFN-v2p5 🇩🇪","2026-04-03T18:15:51.000Z","REG_TEXT_VANCOUVER_SALARIES","1943","finished","1.7901115417480469","17.8056640625"
"light_REG_TEXT_ZOMATO_RESTAURANTS_0","0.7816504357047218","0","all","LightGBM 💡","2026-04-03T13:55:57.000Z","REG_TEXT_ZOMATO_RESTAURANTS","805","finished","2.1780014038085938","1.0986328125"
"cat_REG_TEXT_VANCOUVER_SALARIES_4","0.7799673815845569","4","all","CatBoost 😸","2026-04-03T18:52:59.000Z","REG_TEXT_VANCOUVER_SALARIES","165","finished","1.6353225708007812","1.0986328125"
"light_REG_TEXT_ZOMATO_RESTAURANTS_3","0.7798107744191183","3","all","LightGBM 💡","2026-04-03T15:26:50.000Z","REG_TEXT_ZOMATO_RESTAURANTS","833","finished","2.1581382751464844","1.0986328125"
"tabm_REG_TEXT_VANCOUVER_SALARIES_4","0.7783972652180329","4","all","TabM Ⓜ️","2026-04-03T18:54:39.000Z","REG_TEXT_VANCOUVER_SALARIES","155","finished","1.748809814453125","1.1826171875"
"light_REG_TEXT_BOOK_READABILITY_0","0.7780282551849658","0","all","LightGBM 💡","2026-04-03T23:03:15.000Z","REG_TEXT_BOOK_READABILITY","184","finished","1.5038909912109375","1.0986328125"
"tabpfnv2p5_REG_TEXT_VANCOUVER_SALARIES_1","0.7775963037460546","1","all","TabPFN-v2p5 🇩🇪","2026-04-03T18:15:23.000Z","REG_TEXT_VANCOUVER_SALARIES","157","finished","1.627582550048828","1.0986328125"
"tabm_REG_TEXT_VANCOUVER_SALARIES_0","0.7763763012102297","0","all","TabM Ⓜ️","2026-04-03T17:47:44.000Z","REG_TEXT_VANCOUVER_SALARIES","151","finished","1.748748779296875","1.1826171875"
"light_BIN_TEXT_JIGSAW_TOXICITY_0","0.7757947939035249","0","all","LightGBM 💡","2026-04-02T20:07:47.000Z","BIN_TEXT_JIGSAW_TOXICITY","170","finished","1.6087875366210938","1.0986328125"
"light_REG_TEXT_ZOMATO_RESTAURANTS_2","0.7750622602608991","2","all","LightGBM 💡","2026-04-03T14:43:17.000Z","REG_TEXT_ZOMATO_RESTAURANTS","805","finished","2.1907005310058594","1.0986328125"
"light_REG_TEXT_BOOK_READABILITY_1","0.7743010916400019","1","ft","LightGBM 💡","2026-04-03T23:23:10.000Z","REG_TEXT_BOOK_READABILITY","1507","finished","1.7621231079101562","21.3154296875"
"cat_REG_TEXT_VANCOUVER_SALARIES_1","0.7740691451464219","1","ft","CatBoost 😸","2026-04-03T18:09:49.000Z","REG_TEXT_VANCOUVER_SALARIES","1433","finished","1.7706146240234375","15.9072265625"
"tabpfnv2_REG_TEXT_VANCOUVER_SALARIES_4","0.7727868149127939","4","all","TabPFN-v2 🤯","2026-04-03T18:57:47.000Z","REG_TEXT_VANCOUVER_SALARIES","165","finished","1.650482177734375","1.0986328125"
"tabpfnv2p5_REG_TEXT_VANCOUVER_SALARIES_2","0.7721658766513023","2","ft","TabPFN-v2p5 🇩🇪","2026-04-03T18:30:43.000Z","REG_TEXT_VANCOUVER_SALARIES","1498","finished","1.7878150939941406","17.8056640625"
"tabpfnv2p5_BIN_TEXT_KICKSTARTER_FUNDING_2","0.7720927159926472","2","ft","TabPFN-v2p5 🇩🇪","2026-04-02T22:57:57.000Z","BIN_TEXT_KICKSTARTER_FUNDING","1757","finished","1.9769210815429688","20.3173828125"
"tabpfnv2_REG_TEXT_VANCOUVER_SALARIES_0","0.7719769197086663","0","all","TabPFN-v2 🤯","2026-04-03T17:59:19.000Z","REG_TEXT_VANCOUVER_SALARIES","186","finished","1.6778221130371094","1.0986328125"
"tabm_REG_TEXT_VANCOUVER_SALARIES_3","0.7706594625968683","3","all","TabM Ⓜ️","2026-04-03T18:42:41.000Z","REG_TEXT_VANCOUVER_SALARIES","152","finished","1.7511215209960938","1.1826171875"
"light_REG_TEXT_VANCOUVER_SALARIES_3","0.7703657895758572","3","ft","LightGBM 💡","2026-04-03T18:35:17.000Z","REG_TEXT_VANCOUVER_SALARIES","1135","finished","1.7475242614746094","15.9072265625"
"cat_REG_TEXT_VANCOUVER_SALARIES_3","0.7703527630771544","3","all","CatBoost 😸","2026-04-03T18:37:38.000Z","REG_TEXT_VANCOUVER_SALARIES","166","finished","1.7179489135742188","1.0986328125"
"light_REG_TEXT_ZOMATO_RESTAURANTS_4","0.7702431362552823","4","all","LightGBM 💡","2026-04-03T16:56:56.000Z","REG_TEXT_ZOMATO_RESTAURANTS","805","finished","2.2160720825195312","1.0986328125"
"tabpfnv2p5_REG_TEXT_VANCOUVER_SALARIES_2","0.7693000555576311","2","all","TabPFN-v2p5 🇩🇪","2026-04-03T18:30:29.000Z","REG_TEXT_VANCOUVER_SALARIES","157","finished","1.625591278076172","1.0986328125"
"tabpfnv2_REG_TEXT_VANCOUVER_SALARIES_3","0.7662555360634307","3","ft","TabPFN-v2 🤯","2026-04-03T18:49:21.000Z","REG_TEXT_VANCOUVER_SALARIES","1548","finished","1.8180656433105469","17.8056640625"
"tabm_REG_TEXT_VANCOUVER_SALARIES_1","0.7646834752475918","1","ft","TabM Ⓜ️","2026-04-03T18:14:38.000Z","REG_TEXT_VANCOUVER_SALARIES","1408","finished","1.821739196777344","15.9150390625"
"cat_REG_TEXT_VANCOUVER_SALARIES_2","0.7631226369373876","2","ft","CatBoost 😸","2026-04-03T18:23:13.000Z","REG_TEXT_VANCOUVER_SALARIES","1542","finished","1.8830642700195312","15.9072265625"
"tabpfnv2_BIN_TEXT_KICKSTARTER_FUNDING_2","0.7615624999999999","2","ft","TabPFN-v2 🤯","2026-04-02T22:59:42.000Z","BIN_TEXT_KICKSTARTER_FUNDING","1663","finished","1.997051239013672","20.3173828125"
"tabm_BIN_TEXT_KICKSTARTER_FUNDING_2","0.7614326746323529","2","all","TabM Ⓜ️","2026-04-02T22:55:36.000Z","BIN_TEXT_KICKSTARTER_FUNDING","337","finished","1.7781143188476562","1.1865234375"
"tabpfnv2p5_BIN_TEXT_KICKSTARTER_FUNDING_2","0.7607508042279412","2","all","TabPFN-v2p5 🇩🇪","2026-04-02T22:57:46.000Z","BIN_TEXT_KICKSTARTER_FUNDING","367","finished","1.7907943725585938","1.0986328125"
"light_REG_TEXT_VANCOUVER_SALARIES_4","0.7602483831543013","4","all","LightGBM 💡","2026-04-03T18:50:11.000Z","REG_TEXT_VANCOUVER_SALARIES","142","finished","1.5008430480957031","1.0986328125"
"cat_BIN_TEXT_KICKSTARTER_FUNDING_2","0.7602286305147059","2","ft","CatBoost 😸","2026-04-02T22:51:50.000Z","BIN_TEXT_KICKSTARTER_FUNDING","1260","finished","1.9910659790039065","16.6318359375"
"tabm_BIN_TEXT_KICKSTARTER_FUNDING_0","0.7598000919117647","0","ft","TabM Ⓜ️","2026-04-02T22:34:14.000Z","BIN_TEXT_KICKSTARTER_FUNDING","1501","finished","1.8261032104492188","16.6337890625"
"light_REG_TEXT_VANCOUVER_SALARIES_2","0.7590916654526491","2","ft","LightGBM 💡","2026-04-03T18:19:35.000Z","REG_TEXT_VANCOUVER_SALARIES","1495","finished","1.7431182861328125","15.9072265625"
"tabm_BIN_TEXT_KICKSTARTER_FUNDING_2","0.7584524356617647","2","ft","TabM Ⓜ️","2026-04-02T22:55:52.000Z","BIN_TEXT_KICKSTARTER_FUNDING","1249","finished","1.8300018310546875","16.6337890625"
"tabm_REG_TEXT_VANCOUVER_SALARIES_1","0.7566825516906635","1","all","TabM Ⓜ️","2026-04-03T18:14:10.000Z","REG_TEXT_VANCOUVER_SALARIES","153","finished","1.74847412109375","1.1826171875"
"light_REG_TEXT_VANCOUVER_SALARIES_1","0.7561321006204582","1","ft","LightGBM 💡","2026-04-03T18:06:13.000Z","REG_TEXT_VANCOUVER_SALARIES","1394","finished","1.745868682861328","15.9072265625"
"tabm_BIN_TEXT_KICKSTARTER_FUNDING_3","0.7558972886029413","3","ft","TabM Ⓜ️","2026-04-02T23:06:48.000Z","BIN_TEXT_KICKSTARTER_FUNDING","1399","finished","1.824848175048828","16.6337890625"
"tabpfnv2_REG_TEXT_ZOMATO_RESTAURANTS_3","0.755513372385286","3","ft","TabPFN-v2 🤯","2026-04-03T16:51:31.000Z","REG_TEXT_ZOMATO_RESTAURANTS","10971","finished","2.8044586181640625","15.7998046875"
"tabpfnv2_REG_TEXT_VANCOUVER_SALARIES_3","0.7540889515004642","3","all","TabPFN-v2 🤯","2026-04-03T18:49:06.000Z","REG_TEXT_VANCOUVER_SALARIES","166","finished","1.645671844482422","1.0986328125"
"tabpfnv2p5_BIN_TEXT_KICKSTARTER_FUNDING_3","0.753971737132353","3","ft","TabPFN-v2p5 🇩🇪","2026-04-02T23:09:07.000Z","BIN_TEXT_KICKSTARTER_FUNDING","1229","finished","1.9424591064453125","20.3173828125"
"tabpfnv2p5_BIN_TEXT_KICKSTARTER_FUNDING_0","0.7539142922794119","0","ft","TabPFN-v2p5 🇩🇪","2026-04-02T22:36:07.000Z","BIN_TEXT_KICKSTARTER_FUNDING","1232","finished","1.9305343627929688","20.3173828125"
"light_BIN_TEXT_KICKSTARTER_FUNDING_2","0.7526401654411765","2","ft","LightGBM 💡","2026-04-02T22:48:06.000Z","BIN_TEXT_KICKSTARTER_FUNDING","1258","finished","1.794952392578125","16.6318359375"
"tabm_REG_TEXT_VANCOUVER_SALARIES_2","0.7526343206015751","2","ft","TabM Ⓜ️","2026-04-03T18:29:23.000Z","REG_TEXT_VANCOUVER_SALARIES","1505","finished","1.82147216796875","15.9150390625"
"light_REG_TEXT_VANCOUVER_SALARIES_0","0.7523879550617134","0","all","LightGBM 💡","2026-04-03T17:42:04.000Z","REG_TEXT_VANCOUVER_SALARIES","142","finished","1.5009536743164062","1.0986328125"
"light_REG_TEXT_VANCOUVER_SALARIES_3","0.7520895677191656","3","all","LightGBM 💡","2026-04-03T18:34:29.000Z","REG_TEXT_VANCOUVER_SALARIES","143","finished","1.506103515625","1.0986328125"
"tabpfnv2_REG_TEXT_VANCOUVER_SALARIES_2","0.7519985513258527","2","all","TabPFN-v2 🤯","2026-04-03T18:32:29.000Z","REG_TEXT_VANCOUVER_SALARIES","165","finished","1.6446418762207031","1.0986328125"
"tabpfnv2_REG_TEXT_VANCOUVER_SALARIES_2","0.7513290170646392","2","ft","TabPFN-v2 🤯","2026-04-03T18:33:12.000Z","REG_TEXT_VANCOUVER_SALARIES","1512","finished","1.8155479431152344","17.8056640625"
"tabm_BIN_TEXT_KICKSTARTER_FUNDING_0","0.7510529641544118","0","all","TabM Ⓜ️","2026-04-02T22:34:02.000Z","BIN_TEXT_KICKSTARTER_FUNDING","336","finished","1.7726364135742188","1.1865234375"
"tabpfnv2p5_BIN_TEXT_KICKSTARTER_FUNDING_1","0.7508789062500001","1","ft","TabPFN-v2p5 🇩🇪","2026-04-02T22:44:25.000Z","BIN_TEXT_KICKSTARTER_FUNDING","1660","finished","1.9708480834960935","20.3173828125"
"tabpfnv2_REG_TEXT_ZOMATO_RESTAURANTS_0","0.7507787706542922","0","ft","TabPFN-v2 🤯","2026-04-03T14:18:03.000Z","REG_TEXT_ZOMATO_RESTAURANTS","8117","finished","2.6975326538085938","15.7998046875"
"cat_REG_TEXT_VANCOUVER_SALARIES_1","0.7497283488837618","1","all","CatBoost 😸","2026-04-03T18:09:00.000Z","REG_TEXT_VANCOUVER_SALARIES","169","finished","1.6270866394042969","1.0986328125"
"tabpfnv2_REG_TEXT_VANCOUVER_SALARIES_1","0.7475067463260869","1","ft","TabPFN-v2 🤯","2026-04-03T18:16:47.000Z","REG_TEXT_VANCOUVER_SALARIES","1957","finished","1.8087081909179688","17.8056640625"
"light_BIN_TEXT_KICKSTARTER_FUNDING_0","0.7470048253676471","0","ft","LightGBM 💡","2026-04-02T22:30:50.000Z","BIN_TEXT_KICKSTARTER_FUNDING","1496","finished","1.7797317504882812","16.6318359375"
"tabm_REG_TEXT_VANCOUVER_SALARIES_2","0.7469598348187115","2","all","TabM Ⓜ️","2026-04-03T18:27:50.000Z","REG_TEXT_VANCOUVER_SALARIES","168","finished","1.7809677124023438","1.1826171875"
"cat_BIN_TEXT_KICKSTARTER_FUNDING_0","0.74677734375","0","ft","CatBoost 😸","2026-04-02T22:32:07.000Z","BIN_TEXT_KICKSTARTER_FUNDING","1512","finished","2.036827087402344","16.6318359375"
"light_BIN_TEXT_KICKSTARTER_FUNDING_3","0.7460857077205882","3","ft","LightGBM 💡","2026-04-02T23:01:16.000Z","BIN_TEXT_KICKSTARTER_FUNDING","1371","finished","1.7641677856445312","16.6318359375"
"tabpfnv2_BIN_TEXT_KICKSTARTER_FUNDING_2","0.7452159926470588","2","all","TabPFN-v2 🤯","2026-04-02T22:59:38.000Z","BIN_TEXT_KICKSTARTER_FUNDING","423","finished","1.85382080078125","1.0986328125"
"tabpfnv2_BIN_TEXT_KICKSTARTER_FUNDING_0","0.745126953125","0","ft","TabPFN-v2 🤯","2026-04-02T22:37:37.000Z","BIN_TEXT_KICKSTARTER_FUNDING","1371","finished","1.993988037109375","20.3173828125"
"cat_BIN_TEXT_KICKSTARTER_FUNDING_2","0.7447150735294118","2","all","CatBoost 😸","2026-04-02T22:51:19.000Z","BIN_TEXT_KICKSTARTER_FUNDING","366","finished","1.8137664794921875","1.0986328125"
"tabpfnv2_REG_TEXT_ZOMATO_RESTAURANTS_1","0.7444926317217897","1","ft","TabPFN-v2 🤯","2026-04-03T14:41:36.000Z","REG_TEXT_ZOMATO_RESTAURANTS","10903","finished","2.7090492248535156","15.7998046875"
"tabpfnv2p5_BIN_TEXT_KICKSTARTER_FUNDING_1","0.74447265625","1","all","TabPFN-v2p5 🇩🇪","2026-04-02T22:44:24.000Z","BIN_TEXT_KICKSTARTER_FUNDING","364","finished","1.755401611328125","1.0986328125"
"cat_BIN_TEXT_KICKSTARTER_FUNDING_3","0.7444554227941177","3","ft","CatBoost 😸","2026-04-02T23:03:58.000Z","BIN_TEXT_KICKSTARTER_FUNDING","1393","finished","2.0684890747070312","16.6318359375"
"tabpfnv2p5_BIN_TEXT_KICKSTARTER_FUNDING_0","0.7441986443014705","0","all","TabPFN-v2p5 🇩🇪","2026-04-02T22:35:12.000Z","BIN_TEXT_KICKSTARTER_FUNDING","364","finished","1.7675933837890625","1.0986328125"
"tabm_BIN_TEXT_KICKSTARTER_FUNDING_4","0.7413258272058822","4","all","TabM Ⓜ️","2026-04-02T23:13:18.000Z","BIN_TEXT_KICKSTARTER_FUNDING","335","finished","1.7719802856445312","1.1865234375"
"tabpfnv2_BIN_TEXT_KICKSTARTER_FUNDING_1","0.740768612132353","1","ft","TabPFN-v2 🤯","2026-04-02T22:45:25.000Z","BIN_TEXT_KICKSTARTER_FUNDING","1665","finished","1.9888153076171875","20.3173828125"
"tabm_BIN_TEXT_KICKSTARTER_FUNDING_1","0.7407272518382353","1","ft","TabM Ⓜ️","2026-04-02T22:42:13.000Z","BIN_TEXT_KICKSTARTER_FUNDING","1398","finished","1.8580169677734375","16.6337890625"
"tabpfnv2_REG_TEXT_ZOMATO_RESTAURANTS_2","0.7404192944625209","2","ft","TabPFN-v2 🤯","2026-04-03T15:14:16.000Z","REG_TEXT_ZOMATO_RESTAURANTS","10890","finished","2.730751037597656","15.7998046875"
"tabm_BIN_TEXT_KICKSTARTER_FUNDING_4","0.7390728400735295","4","ft","TabM Ⓜ️","2026-04-02T23:13:35.000Z","BIN_TEXT_KICKSTARTER_FUNDING","1371","finished","1.8254661560058592","16.6337890625"
"tabpfnv2_BIN_TEXT_KICKSTARTER_FUNDING_3","0.7378751148897058","3","ft","TabPFN-v2 🤯","2026-04-02T23:10:22.000Z","BIN_TEXT_KICKSTARTER_FUNDING","1330","finished","2.0312461853027344","20.3173828125"
"cat_BIN_TEXT_KICKSTARTER_FUNDING_1","0.736803768382353","1","ft","CatBoost 😸","2026-04-02T22:40:04.000Z","BIN_TEXT_KICKSTARTER_FUNDING","1386","finished","1.89093017578125","16.6318359375"
"tabpfnv2p5_BIN_TEXT_KICKSTARTER_FUNDING_3","0.7362017463235294","3","all","TabPFN-v2p5 🇩🇪","2026-04-02T23:07:59.000Z","BIN_TEXT_KICKSTARTER_FUNDING","363","finished","1.7667083740234375","1.0986328125"
"cat_REG_TEXT_VANCOUVER_SALARIES_2","0.7357038194130365","2","all","CatBoost 😸","2026-04-03T18:22:44.000Z","REG_TEXT_VANCOUVER_SALARIES","166","finished","1.650299072265625","1.0986328125"
"light_BIN_TEXT_KICKSTARTER_FUNDING_2","0.7348012408088236","2","all","LightGBM 💡","2026-04-02T22:47:46.000Z","BIN_TEXT_KICKSTARTER_FUNDING","333","finished","1.5889549255371094","1.0986328125"
"tabm_BIN_TEXT_KICKSTARTER_FUNDING_3","0.7332996323529413","3","all","TabM Ⓜ️","2026-04-02T23:05:57.000Z","BIN_TEXT_KICKSTARTER_FUNDING","337","finished","1.7732887268066406","1.1865234375"
"tabpfnv2p5_BIN_TEXT_KICKSTARTER_FUNDING_4","0.7324149816176471","4","all","TabPFN-v2p5 🇩🇪","2026-04-02T23:14:50.000Z","BIN_TEXT_KICKSTARTER_FUNDING","362","finished","1.7551765441894531","1.0986328125"
"cat_BIN_TEXT_KICKSTARTER_FUNDING_0","0.7312293198529412","0","all","CatBoost 😸","2026-04-02T22:31:46.000Z","BIN_TEXT_KICKSTARTER_FUNDING","347","finished","1.8095169067382812","1.0986328125"
"tabpfnv2_REG_TEXT_ZOMATO_RESTAURANTS_4","0.7302579817873799","4","ft","TabPFN-v2 🤯","2026-04-03T17:38:40.000Z","REG_TEXT_ZOMATO_RESTAURANTS","9120","finished","2.9221115112304688","15.7998046875"
"cat_BIN_TEXT_KICKSTARTER_FUNDING_1","0.7297127757352939","1","all","CatBoost 😸","2026-04-02T22:39:57.000Z","BIN_TEXT_KICKSTARTER_FUNDING","367","finished","1.8480110168457031","1.0986328125"
"cat_BIN_TEXT_KICKSTARTER_FUNDING_4","0.729387637867647","4","ft","CatBoost 😸","2026-04-02T23:12:30.000Z","BIN_TEXT_KICKSTARTER_FUNDING","1397","finished","1.973163604736328","16.6318359375"
"tabpfnv2p5_BIN_TEXT_KICKSTARTER_FUNDING_4","0.7280141314338235","4","ft","TabPFN-v2p5 🇩🇪","2026-04-02T23:17:12.000Z","BIN_TEXT_KICKSTARTER_FUNDING","1232","finished","1.9590911865234375","20.3173828125"
"light_BIN_TEXT_KICKSTARTER_FUNDING_1","0.7271691176470588","1","ft","LightGBM 💡","2026-04-02T22:39:10.000Z","BIN_TEXT_KICKSTARTER_FUNDING","1372","finished","1.7655677795410156","16.6318359375"
"tabpfnv2_REG_TEXT_ZOMATO_RESTAURANTS_3","0.7261659928349398","3","all","TabPFN-v2 🤯","2026-04-03T16:46:08.000Z","REG_TEXT_ZOMATO_RESTAURANTS","898","finished","2.604351043701172","1.0986328125"
"tabpfnv2_REG_TEXT_VANCOUVER_SALARIES_1","0.726013398839449","1","all","TabPFN-v2 🤯","2026-04-03T18:16:47.000Z","REG_TEXT_VANCOUVER_SALARIES","165","finished","1.6543006896972656","1.0986328125"
"light_REG_TEXT_VANCOUVER_SALARIES_1","0.725961571815537","1","all","LightGBM 💡","2026-04-03T18:06:10.000Z","REG_TEXT_VANCOUVER_SALARIES","142","finished","1.5003929138183594","1.0986328125"
"tabpfnv2_REG_TEXT_ZOMATO_RESTAURANTS_0","0.7259078968556854","0","all","TabPFN-v2 🤯","2026-04-03T14:14:34.000Z","REG_TEXT_ZOMATO_RESTAURANTS","903","finished","2.5211410522460938","1.0986328125"
"tabpfnv2_BIN_TEXT_KICKSTARTER_FUNDING_4","0.7246794577205884","4","ft","TabPFN-v2 🤯","2026-04-02T23:18:30.000Z","BIN_TEXT_KICKSTARTER_FUNDING","1240","finished","1.9983253479003904","20.3173828125"
"tabpfnv2_BIN_TEXT_KICKSTARTER_FUNDING_1","0.7245502068014706","1","all","TabPFN-v2 🤯","2026-04-02T22:45:18.000Z","BIN_TEXT_KICKSTARTER_FUNDING","387","finished","1.8596725463867188","1.0986328125"
"tabpfnv2_BIN_TEXT_KICKSTARTER_FUNDING_0","0.722551700367647","0","all","TabPFN-v2 🤯","2026-04-02T22:37:24.000Z","BIN_TEXT_KICKSTARTER_FUNDING","371","finished","1.8224143981933592","1.0986328125"
"light_BIN_TEXT_KICKSTARTER_FUNDING_4","0.7223678768382353","4","ft","LightGBM 💡","2026-04-02T23:11:52.000Z","BIN_TEXT_KICKSTARTER_FUNDING","1371","finished","1.7968368530273438","16.6318359375"
"cat_BIN_TEXT_KICKSTARTER_FUNDING_4","0.7205215992647059","4","all","CatBoost 😸","2026-04-02T23:12:23.000Z","BIN_TEXT_KICKSTARTER_FUNDING","361","finished","1.781940460205078","1.0986328125"
"light_BIN_TEXT_KICKSTARTER_FUNDING_0","0.7203216911764706","0","all","LightGBM 💡","2026-04-02T22:30:31.000Z","BIN_TEXT_KICKSTARTER_FUNDING","332","finished","1.5864181518554688","1.0986328125"
"cat_BIN_TEXT_KICKSTARTER_FUNDING_3","0.7199241727941176","3","all","CatBoost 😸","2026-04-02T23:03:15.000Z","BIN_TEXT_KICKSTARTER_FUNDING","356","finished","1.8464889526367188","1.0986328125"
"tabpfnv2_BIN_TEXT_KICKSTARTER_FUNDING_3","0.7188803998161766","3","all","TabPFN-v2 🤯","2026-04-02T23:10:00.000Z","BIN_TEXT_KICKSTARTER_FUNDING","373","finished","1.81622314453125","1.0986328125"
"light_REG_TEXT_VANCOUVER_SALARIES_2","0.7159660578201654","2","all","LightGBM 💡","2026-04-03T18:18:49.000Z","REG_TEXT_VANCOUVER_SALARIES","141","finished","1.5047950744628906","1.0986328125"
"tabpfnv2_REG_TEXT_ZOMATO_RESTAURANTS_2","0.7136564499286909","2","all","TabPFN-v2 🤯","2026-04-03T15:09:26.000Z","REG_TEXT_ZOMATO_RESTAURANTS","973","finished","2.70663070678711","1.0986328125"
"tabpfnv2_REG_TEXT_ZOMATO_RESTAURANTS_1","0.7124281787079636","1","all","TabPFN-v2 🤯","2026-04-03T14:40:06.000Z","REG_TEXT_ZOMATO_RESTAURANTS","896","finished","2.5163497924804688","1.0986328125"
"tabm_BIN_TEXT_KICKSTARTER_FUNDING_1","0.7122575827205881","1","all","TabM Ⓜ️","2026-04-02T22:41:44.000Z","BIN_TEXT_KICKSTARTER_FUNDING","335","finished","1.784992218017578","1.1865234375"
"tabpfnv2_BIN_TEXT_KICKSTARTER_FUNDING_4","0.7116205193014706","4","all","TabPFN-v2 🤯","2026-04-02T23:18:11.000Z","BIN_TEXT_KICKSTARTER_FUNDING","372","finished","1.8287506103515625","1.0986328125"
"light_BIN_TEXT_KICKSTARTER_FUNDING_3","0.7099057904411765","3","all","LightGBM 💡","2026-04-02T23:01:16.000Z","BIN_TEXT_KICKSTARTER_FUNDING","421","finished","1.587787628173828","1.0986328125"
"light_BIN_TEXT_KICKSTARTER_FUNDING_1","0.7086638327205882","1","all","LightGBM 💡","2026-04-02T22:39:07.000Z","BIN_TEXT_KICKSTARTER_FUNDING","332","finished","1.5885696411132812","1.0986328125"
"tabpfnv2_REG_TEXT_ZOMATO_RESTAURANTS_4","0.700870110708772","4","all","TabPFN-v2 🤯","2026-04-03T17:35:51.000Z","REG_TEXT_ZOMATO_RESTAURANTS","908","finished","2.751007080078125","1.0986328125"
"light_BIN_TEXT_KICKSTARTER_FUNDING_4","0.7006755514705881","4","all","LightGBM 💡","2026-04-02T23:11:37.000Z","BIN_TEXT_KICKSTARTER_FUNDING","332","finished","1.588115692138672","1.0986328125"
"tabm_BIN_TEXT_JIGSAW_TOXICITY_2","0.6818249271111577","2","all","TabM Ⓜ️","2026-04-02T22:10:12.000Z","BIN_TEXT_JIGSAW_TOXICITY","157","finished","1.7661361694335938","1.1845703125"
"tabm_REG_TEXT_VIDEO_GAMES_SALES_1","0.629651967781028","1","ft","TabM Ⓜ️","2026-04-04T02:59:37.000Z","REG_TEXT_VIDEO_GAMES_SALES","1143","finished","1.8206558227539065","15.9150390625"
"tabpfnv2p5_REG_TEXT_BOOK_PRICE_0","0.6199794936149778","0","all","TabPFN-v2p5 🇩🇪","2026-04-03T12:04:09.000Z","REG_TEXT_BOOK_PRICE","178","finished","1.6408615112304688","1.0986328125"
"tabpfnv2p5_REG_TEXT_ROTTEN_TOMATOES_1","0.6161363454477351","1","ft","TabPFN-v2p5 🇩🇪","2026-04-04T01:14:17.000Z","REG_TEXT_ROTTEN_TOMATOES","3182","finished","2.03668212890625","19.0244140625"
"tabpfnv2p5_REG_TEXT_ROTTEN_TOMATOES_1","0.61188797957248","1","all","TabPFN-v2p5 🇩🇪","2026-04-04T01:13:56.000Z","REG_TEXT_ROTTEN_TOMATOES","560","finished","1.8774375915527344","1.0986328125"
"tabpfnv2_REG_TEXT_ROTTEN_TOMATOES_1","0.6006219150751374","1","ft","TabPFN-v2 🤯","2026-04-04T01:18:47.000Z","REG_TEXT_ROTTEN_TOMATOES","3401","finished","2.1738967895507812","19.0244140625"
"tabm_REG_TEXT_ROTTEN_TOMATOES_1","0.599824636089423","1","ft","TabM Ⓜ️","2026-04-04T01:12:37.000Z","REG_TEXT_ROTTEN_TOMATOES","2470","finished","1.856361389160156","15.8896484375"
"tabm_REG_TEXT_VIDEO_GAMES_SALES_1","0.5976109360244635","1","all","TabM Ⓜ️","2026-04-04T02:58:33.000Z","REG_TEXT_VIDEO_GAMES_SALES","173","finished","1.7523422241210938","1.1845703125"
"tabm_REG_TEXT_VIDEO_GAMES_SALES_2","0.5931691629626157","2","all","TabM Ⓜ️","2026-04-04T03:08:27.000Z","REG_TEXT_VIDEO_GAMES_SALES","155","finished","1.7515869140625","1.1845703125"
"tabm_REG_TEXT_ROTTEN_TOMATOES_1","0.5929092399389077","1","all","TabM Ⓜ️","2026-04-04T01:12:22.000Z","REG_TEXT_ROTTEN_TOMATOES","522","finished","1.776775360107422","1.1240234375"
"tabpfnv2p5_REG_TEXT_ROTTEN_TOMATOES_0","0.5906335449505111","0","ft","TabPFN-v2p5 🇩🇪","2026-04-04T00:58:11.000Z","REG_TEXT_ROTTEN_TOMATOES","3666","finished","2.0440635681152344","19.0244140625"
"tabpfnv2_REG_TEXT_ROTTEN_TOMATOES_1","0.5886473548136051","1","all","TabPFN-v2 🤯","2026-04-04T01:18:10.000Z","REG_TEXT_ROTTEN_TOMATOES","601","finished","1.9936637878417969","1.0986328125"
"tabm_REG_TEXT_BOOK_PRICE_1","0.5857410213094272","1","ft","TabM Ⓜ️","2026-04-03T12:13:22.000Z","REG_TEXT_BOOK_PRICE","1414","finished","1.8391265869140625","17.2841796875"
"tabpfnv2p5_REG_TEXT_ROTTEN_TOMATOES_2","0.5845261812618856","2","ft","TabPFN-v2p5 🇩🇪","2026-04-04T01:41:06.000Z","REG_TEXT_ROTTEN_TOMATOES","4135","finished","2.0445709228515625","19.0244140625"
"tabm_REG_TEXT_BOOK_PRICE_0","0.5834345928630047","0","all","TabM Ⓜ️","2026-04-03T12:00:33.000Z","REG_TEXT_BOOK_PRICE","169","finished","1.7293815612792969","1.1181640625"
"tabm_REG_TEXT_VIDEO_GAMES_SALES_2","0.5803130224177016","2","ft","TabM Ⓜ️","2026-04-04T03:11:00.000Z","REG_TEXT_VIDEO_GAMES_SALES","929","finished","1.8210296630859375","15.9150390625"
"cat_REG_TEXT_BOOK_PRICE_1","0.5799502074859735","1","ft","CatBoost 😸","2026-04-03T12:11:32.000Z","REG_TEXT_BOOK_PRICE","1428","finished","1.826629638671875","17.2783203125"
"tabm_REG_TEXT_BOOK_PRICE_1","0.5796717826582629","1","all","TabM Ⓜ️","2026-04-03T12:12:23.000Z","REG_TEXT_BOOK_PRICE","168","finished","1.7265548706054688","1.1181640625"
"cat_REG_TEXT_BOOK_PRICE_1","0.5796265495618038","1","all","CatBoost 😸","2026-04-03T12:11:32.000Z","REG_TEXT_BOOK_PRICE","300","finished","1.6198158264160156","1.1044921875"
"cat_REG_TEXT_BOOK_PRICE_0","0.5792585140353868","0","ft","CatBoost 😸","2026-04-03T11:57:36.000Z","REG_TEXT_BOOK_PRICE","1194","finished","1.8120651245117188","17.2783203125"
"cat_REG_TEXT_ROTTEN_TOMATOES_1","0.5769222454363132","1","ft","CatBoost 😸","2026-04-04T01:08:59.000Z","REG_TEXT_ROTTEN_TOMATOES","2534","finished","1.8042716979980469","15.8837890625"
"tabpfnv2p5_REG_TEXT_BOOK_PRICE_1","0.5758102084205341","1","all","TabPFN-v2p5 🇩🇪","2026-04-03T12:14:04.000Z","REG_TEXT_BOOK_PRICE","181","finished","1.6311531066894531","1.0986328125"
"tabpfnv2p5_REG_TEXT_BOOK_PRICE_2","0.5712832279232751","2","all","TabPFN-v2p5 🇩🇪","2026-04-03T12:21:52.000Z","REG_TEXT_BOOK_PRICE","177","finished","1.6301612854003906","1.0986328125"
"tabpfnv2_REG_TEXT_ROTTEN_TOMATOES_2","0.5682808023882957","2","ft","TabPFN-v2 🤯","2026-04-04T01:46:40.000Z","REG_TEXT_ROTTEN_TOMATOES","4200","finished","2.1762161254882812","19.0244140625"
"cat_REG_TEXT_BOOK_PRICE_2","0.568201935447767","2","ft","CatBoost 😸","2026-04-03T12:20:21.000Z","REG_TEXT_BOOK_PRICE","1209","finished","1.8177528381347656","17.2783203125"
"tabm_REG_TEXT_VIDEO_GAMES_SALES_0","0.5631043158447895","0","all","TabM Ⓜ️","2026-04-04T02:43:28.000Z","REG_TEXT_VIDEO_GAMES_SALES","166","finished","1.751983642578125","1.1845703125"
"tabpfnv2p5_REG_TEXT_BOOK_PRICE_0","0.5624856053891091","0","ft","TabPFN-v2p5 🇩🇪","2026-04-03T12:07:02.000Z","REG_TEXT_BOOK_PRICE","1281","finished","1.817829132080078","21.9716796875"
"tabpfnv2_REG_TEXT_ROTTEN_TOMATOES_0","0.562262776013584","0","ft","TabPFN-v2 🤯","2026-04-04T01:01:54.000Z","REG_TEXT_ROTTEN_TOMATOES","3723","finished","2.1440658569335938","19.0244140625"
"tabpfnv2p5_REG_TEXT_ROTTEN_TOMATOES_2","0.5621416764897117","2","all","TabPFN-v2p5 🇩🇪","2026-04-04T01:39:51.000Z","REG_TEXT_ROTTEN_TOMATOES","559","finished","1.8612823486328125","1.0986328125"
"cat_REG_TEXT_ROTTEN_TOMATOES_1","0.560818438947507","1","all","CatBoost 😸","2026-04-04T01:08:25.000Z","REG_TEXT_ROTTEN_TOMATOES","582","finished","1.630146026611328","1.0986328125"
"tabm_REG_TEXT_BOOK_PRICE_2","0.5607380188263659","2","all","TabM Ⓜ️","2026-04-03T12:20:51.000Z","REG_TEXT_BOOK_PRICE","183","finished","1.7564239501953125","1.1181640625"
"tabpfnv2p5_REG_TEXT_ROTTEN_TOMATOES_3","0.5599059288000197","3","ft","TabPFN-v2p5 🇩🇪","2026-04-04T02:04:01.000Z","REG_TEXT_ROTTEN_TOMATOES","2475","finished","2.0351600646972656","19.0244140625"
"light_REG_TEXT_VIDEO_GAMES_SALES_0","0.5587081782121397","0","ft","LightGBM 💡","2026-04-04T02:36:52.000Z","REG_TEXT_VIDEO_GAMES_SALES","1598","finished","1.736713409423828","15.9072265625"
"tabpfnv2_REG_TEXT_BOOK_PRICE_0","0.5581469927896094","0","all","TabPFN-v2 🤯","2026-04-03T12:08:18.000Z","REG_TEXT_BOOK_PRICE","187","finished","1.6510467529296875","1.0986328125"
"tabpfnv2p5_REG_TEXT_ROTTEN_TOMATOES_0","0.5579760128568851","0","all","TabPFN-v2p5 🇩🇪","2026-04-04T00:57:40.000Z","REG_TEXT_ROTTEN_TOMATOES","562","finished","1.874176025390625","1.0986328125"
"tabm_REG_TEXT_BOOK_PRICE_3","0.5578273824607862","3","ft","TabM Ⓜ️","2026-04-03T12:32:49.000Z","REG_TEXT_BOOK_PRICE","1164","finished","1.8040771484375","17.2841796875"
"light_REG_TEXT_BOOK_PRICE_1","0.5556948549601202","1","ft","LightGBM 💡","2026-04-03T12:11:04.000Z","REG_TEXT_BOOK_PRICE","1391","finished","1.7273330688476562","17.2783203125"
"tabpfnv2p5_REG_TEXT_BOOK_PRICE_3","0.5551102379880121","3","ft","TabPFN-v2p5 🇩🇪","2026-04-03T12:34:19.000Z","REG_TEXT_BOOK_PRICE","2118","finished","1.8241920471191408","21.9716796875"
"cat_REG_TEXT_BOOK_PRICE_0","0.5550532693888099","0","all","CatBoost 😸","2026-04-03T11:56:11.000Z","REG_TEXT_BOOK_PRICE","215","finished","1.7616462707519531","1.1044921875"
"tabpfnv2p5_REG_TEXT_BOOK_PRICE_2","0.5550382934539773","2","ft","TabPFN-v2p5 🇩🇪","2026-04-03T12:23:41.000Z","REG_TEXT_BOOK_PRICE","1344","finished","1.8005828857421875","21.9716796875"
"tabm_REG_TEXT_BOOK_PRICE_0","0.5548340307258552","0","ft","TabM Ⓜ️","2026-04-03T12:01:38.000Z","REG_TEXT_BOOK_PRICE","1167","finished","1.8039207458496096","17.2841796875"
"light_REG_TEXT_BOOK_PRICE_0","0.5520792385858688","0","ft","LightGBM 💡","2026-04-03T11:51:51.000Z","REG_TEXT_BOOK_PRICE","1157","finished","1.7208213806152344","17.2783203125"
"cat_REG_TEXT_BOOK_PRICE_3","0.5513349238898865","3","ft","CatBoost 😸","2026-04-03T12:30:36.000Z","REG_TEXT_BOOK_PRICE","1196","finished","1.7938499450683594","17.2783203125"
"tabm_REG_TEXT_BOOK_PRICE_3","0.5506775531929371","3","all","TabM Ⓜ️","2026-04-03T12:31:24.000Z","REG_TEXT_BOOK_PRICE","164","finished","1.727508544921875","1.1181640625"
"tabm_REG_TEXT_BOOK_PRICE_4","0.5493706336209687","4","ft","TabM Ⓜ️","2026-04-03T12:40:34.000Z","REG_TEXT_BOOK_PRICE","1462","finished","1.8061447143554688","17.2841796875"
"tabpfnv2p5_REG_TEXT_BOOK_PRICE_1","0.5491750025343181","1","ft","TabPFN-v2p5 🇩🇪","2026-04-03T12:14:10.000Z","REG_TEXT_BOOK_PRICE","1816","finished","1.8415069580078125","21.9716796875"
"light_REG_TEXT_BOOK_PRICE_2","0.5483029479959846","2","ft","LightGBM 💡","2026-04-03T12:18:25.000Z","REG_TEXT_BOOK_PRICE","1175","finished","1.7891502380371094","17.2783203125"
"tabm_REG_TEXT_BOOK_PRICE_2","0.5479770553565899","2","ft","TabM Ⓜ️","2026-04-03T12:21:04.000Z","REG_TEXT_BOOK_PRICE","1161","finished","1.8032188415527344","17.2841796875"
"tabpfnv2_REG_TEXT_ROTTEN_TOMATOES_0","0.5463209949622515","0","all","TabPFN-v2 🤯","2026-04-04T01:01:24.000Z","REG_TEXT_ROTTEN_TOMATOES","692","finished","1.9663200378417969","1.0986328125"
"cat_REG_TEXT_BOOK_PRICE_4","0.5455773688499318","4","ft","CatBoost 😸","2026-04-03T12:38:06.000Z","REG_TEXT_BOOK_PRICE","1484","finished","1.7962989807128906","17.2783203125"
"light_REG_TEXT_ROTTEN_TOMATOES_1","0.5451903023241171","1","ft","LightGBM 💡","2026-04-04T01:05:41.000Z","REG_TEXT_ROTTEN_TOMATOES","2455","finished","1.756610870361328","15.8837890625"
"tabpfnv2p5_REG_TEXT_BOOK_PRICE_4","0.5436932732669211","4","all","TabPFN-v2p5 🇩🇪","2026-04-03T12:41:18.000Z","REG_TEXT_BOOK_PRICE","176","finished","1.6309051513671875","1.0986328125"
"tabpfnv2p5_REG_TEXT_ROTTEN_TOMATOES_3","0.5399736080888238","3","all","TabPFN-v2p5 🇩🇪","2026-04-04T02:03:00.000Z","REG_TEXT_ROTTEN_TOMATOES","562","finished","1.8750038146972656","1.0986328125"
"tabpfnv2_REG_TEXT_ROTTEN_TOMATOES_3","0.5399574090779562","3","ft","TabPFN-v2 🤯","2026-04-04T02:07:08.000Z","REG_TEXT_ROTTEN_TOMATOES","2545","finished","2.135143280029297","19.0244140625"
"tabm_REG_TEXT_ROTTEN_TOMATOES_2","0.5391473107868652","2","all","TabM Ⓜ️","2026-04-04T01:32:24.000Z","REG_TEXT_ROTTEN_TOMATOES","518","finished","1.777252197265625","1.1240234375"
"tabpfnv2_REG_TEXT_ROTTEN_TOMATOES_2","0.5374986888880549","2","all","TabPFN-v2 🤯","2026-04-04T01:46:39.000Z","REG_TEXT_ROTTEN_TOMATOES","604","finished","1.984294891357422","1.0986328125"
"tabpfnv2p5_REG_TEXT_BOOK_PRICE_3","0.5374772903804163","3","all","TabPFN-v2p5 🇩🇪","2026-04-03T12:34:11.000Z","REG_TEXT_BOOK_PRICE","175","finished","1.6302986145019531","1.0986328125"
"tabpfnv2_REG_TEXT_BOOK_PRICE_0","0.5373785276610592","0","ft","TabPFN-v2 🤯","2026-04-03T12:08:43.000Z","REG_TEXT_BOOK_PRICE","1310","finished","1.8454856872558592","21.9716796875"
"cat_REG_TEXT_BOOK_PRICE_2","0.5350050182155878","2","all","CatBoost 😸","2026-04-03T12:20:17.000Z","REG_TEXT_BOOK_PRICE","197","finished","1.6606407165527344","1.1044921875"
"light_REG_TEXT_BOOK_PRICE_4","0.534385115504169","4","ft","LightGBM 💡","2026-04-03T12:37:07.000Z","REG_TEXT_BOOK_PRICE","1453","finished","1.756084442138672","17.2783203125"
"light_REG_TEXT_BOOK_PRICE_3","0.5333497744699142","3","ft","LightGBM 💡","2026-04-03T12:27:34.000Z","REG_TEXT_BOOK_PRICE","1157","finished","1.751728057861328","17.2783203125"
"tabm_REG_TEXT_ROTTEN_TOMATOES_0","0.5333299036628044","0","all","TabM Ⓜ️","2026-04-04T00:49:28.000Z","REG_TEXT_ROTTEN_TOMATOES","517","finished","1.7711029052734375","1.1240234375"
"light_REG_TEXT_BOOK_PRICE_2","0.532525105238161","2","all","LightGBM 💡","2026-04-03T12:17:34.000Z","REG_TEXT_BOOK_PRICE","161","finished","1.5032196044921875","1.1044921875"
"tabpfnv2p5_REG_TEXT_BOOK_PRICE_4","0.5322881015394589","4","ft","TabPFN-v2p5 🇩🇪","2026-04-03T12:42:17.000Z","REG_TEXT_BOOK_PRICE","1650","finished","1.8417396545410156","21.9716796875"
"tabpfnv2_REG_TEXT_BOOK_PRICE_2","0.531526509467665","2","all","TabPFN-v2 🤯","2026-04-03T12:24:20.000Z","REG_TEXT_BOOK_PRICE","186","finished","1.650848388671875","1.0986328125"
"cat_REG_TEXT_BOOK_PRICE_4","0.5300672784011509","4","all","CatBoost 😸","2026-04-03T12:37:57.000Z","REG_TEXT_BOOK_PRICE","198","finished","1.6525650024414062","1.1044921875"
"tabpfnv2_REG_TEXT_BOOK_PRICE_3","0.5257300877295337","3","ft","TabPFN-v2 🤯","2026-04-03T12:35:47.000Z","REG_TEXT_BOOK_PRICE","2128","finished","1.8150405883789065","21.9716796875"
"cat_REG_TEXT_ROTTEN_TOMATOES_3","0.5250140277639388","3","ft","CatBoost 😸","2026-04-04T01:56:14.000Z","REG_TEXT_ROTTEN_TOMATOES","3615","finished","1.83636474609375","15.8837890625"
"tabm_REG_TEXT_BOOK_PRICE_4","0.524832512536545","4","all","TabM Ⓜ️","2026-04-03T12:40:25.000Z","REG_TEXT_BOOK_PRICE","214","finished","1.7574958801269531","1.1181640625"
"light_REG_TEXT_ROTTEN_TOMATOES_1","0.5248272316130814","1","all","LightGBM 💡","2026-04-04T01:05:39.000Z","REG_TEXT_ROTTEN_TOMATOES","512","finished","1.5649795532226562","1.0986328125"
"tabpfnv2_REG_TEXT_BOOK_PRICE_2","0.5237444805189","2","ft","TabPFN-v2 🤯","2026-04-03T12:24:56.000Z","REG_TEXT_BOOK_PRICE","1358","finished","1.8183441162109375","21.9716796875"
"tabm_REG_TEXT_ROTTEN_TOMATOES_0","0.5235503455980833","0","ft","TabM Ⓜ️","2026-04-04T00:55:22.000Z","REG_TEXT_ROTTEN_TOMATOES","3519","finished","1.8570022583007812","15.8896484375"
"tabpfnv2_REG_TEXT_ROTTEN_TOMATOES_3","0.5227613298400808","3","all","TabPFN-v2 🤯","2026-04-04T02:06:43.000Z","REG_TEXT_ROTTEN_TOMATOES","600","finished","1.968589782714844","1.0986328125"
"tabm_REG_TEXT_ROTTEN_TOMATOES_2","0.5208710560042096","2","ft","TabM Ⓜ️","2026-04-04T01:32:42.000Z","REG_TEXT_ROTTEN_TOMATOES","3144","finished","1.8599929809570312","15.8896484375"
"tabpfnv2_REG_TEXT_BOOK_PRICE_1","0.5200702967116273","1","ft","TabPFN-v2 🤯","2026-04-03T12:16:00.000Z","REG_TEXT_BOOK_PRICE","1810","finished","1.8175811767578125","21.9716796875"
"light_REG_TEXT_VIDEO_GAMES_SALES_1","0.5188510761054654","1","ft","LightGBM 💡","2026-04-04T02:55:06.000Z","REG_TEXT_VIDEO_GAMES_SALES","1151","finished","1.787822723388672","15.9072265625"
"cat_REG_TEXT_ROTTEN_TOMATOES_0","0.5177779673592546","0","all","CatBoost 😸","2026-04-04T00:47:18.000Z","REG_TEXT_ROTTEN_TOMATOES","589","finished","1.6454391479492188","1.0986328125"
"cat_REG_TEXT_BOOK_PRICE_3","0.516893433454283","3","all","CatBoost 😸","2026-04-03T12:30:21.000Z","REG_TEXT_BOOK_PRICE","197","finished","1.6178627014160156","1.1044921875"
"tabm_REG_TEXT_ROTTEN_TOMATOES_3","0.5142341670950517","3","ft","TabM Ⓜ️","2026-04-04T01:59:25.000Z","REG_TEXT_ROTTEN_TOMATOES","3643","finished","1.8610687255859375","15.8896484375"
"cat_REG_TEXT_ROTTEN_TOMATOES_0","0.5141422837540194","0","ft","CatBoost 😸","2026-04-04T00:47:29.000Z","REG_TEXT_ROTTEN_TOMATOES","3592","finished","1.801860809326172","15.8837890625"
"tabpfnv2p5_REG_TEXT_ROTTEN_TOMATOES_4","0.51192872676401","4","ft","TabPFN-v2p5 🇩🇪","2026-04-04T02:25:10.000Z","REG_TEXT_ROTTEN_TOMATOES","3108","finished","2.0447349548339844","19.0244140625"
"light_REG_TEXT_BOOK_PRICE_1","0.5110394125663769","1","all","LightGBM 💡","2026-04-03T12:10:57.000Z","REG_TEXT_BOOK_PRICE","163","finished","1.5001678466796875","1.1044921875"
"cat_REG_TEXT_ROTTEN_TOMATOES_2","0.5108926613312925","2","ft","CatBoost 😸","2026-04-04T01:28:16.000Z","REG_TEXT_ROTTEN_TOMATOES","3174","finished","1.8285446166992188","15.8837890625"
"tabpfnv2p5_REG_TEXT_MERCARI_MARKETPLACE_2","0.5101520160939668","2","all","TabPFN-v2p5 🇩🇪","2026-04-03T13:18:35.000Z","REG_TEXT_MERCARI_MARKETPLACE","432","finished","1.860595703125","1.0986328125"
"light_REG_TEXT_BOOK_PRICE_0","0.5098945450261501","0","all","LightGBM 💡","2026-04-03T11:51:31.000Z","REG_TEXT_BOOK_PRICE","162","finished","1.5022125244140625","1.1044921875"
"tabm_REG_TEXT_ROTTEN_TOMATOES_3","0.5088712310372244","3","all","TabM Ⓜ️","2026-04-04T01:57:59.000Z","REG_TEXT_ROTTEN_TOMATOES","519","finished","1.7720413208007812","1.1240234375"
"light_REG_TEXT_ROTTEN_TOMATOES_3","0.5086470626537736","3","ft","LightGBM 💡","2026-04-04T01:51:19.000Z","REG_TEXT_ROTTEN_TOMATOES","3520","finished","1.7417030334472656","15.8837890625"
"tabpfnv2p5_REG_TEXT_ROTTEN_TOMATOES_4","0.5068270129055544","4","all","TabPFN-v2p5 🇩🇪","2026-04-04T02:24:28.000Z","REG_TEXT_ROTTEN_TOMATOES","562","finished","1.874786376953125","1.0986328125"
"cat_REG_TEXT_ROTTEN_TOMATOES_2","0.5062592537861642","2","all","CatBoost 😸","2026-04-04T01:25:43.000Z","REG_TEXT_ROTTEN_TOMATOES","589","finished","1.6207847595214844","1.0986328125"
"cat_REG_TEXT_ROTTEN_TOMATOES_3","0.5048879616738908","3","all","CatBoost 😸","2026-04-04T01:54:28.000Z","REG_TEXT_ROTTEN_TOMATOES","590","finished","1.6274299621582031","1.0986328125"
"tabpfnv2_REG_TEXT_BOOK_PRICE_4","0.5030382209190087","4","ft","TabPFN-v2 🤯","2026-04-03T12:44:22.000Z","REG_TEXT_BOOK_PRICE","1610","finished","1.815277099609375","21.9716796875"
"tabpfnv2_REG_TEXT_BOOK_PRICE_1","0.5020731862928698","1","all","TabPFN-v2 🤯","2026-04-03T12:15:37.000Z","REG_TEXT_BOOK_PRICE","185","finished","1.6505393981933594","1.0986328125"
"light_REG_TEXT_ROTTEN_TOMATOES_0","0.5008822390088339","0","all","LightGBM 💡","2026-04-04T00:46:05.000Z","REG_TEXT_ROTTEN_TOMATOES","510","finished","1.568450927734375","1.0986328125"
"tabpfnv2p5_REG_TEXT_MERCARI_MARKETPLACE_2","0.500563164001892","2","ft","TabPFN-v2p5 🇩🇪","2026-04-03T13:19:07.000Z","REG_TEXT_MERCARI_MARKETPLACE","2319","finished","2.0291709899902344","20.8525390625"
"tabm_REG_TEXT_MERCARI_MARKETPLACE_2","0.5002526022832186","2","ft","TabM Ⓜ️","2026-04-03T13:13:56.000Z","REG_TEXT_MERCARI_MARKETPLACE","2255","finished","1.8974075317382812","19.7158203125"
"cat_REG_TEXT_VIDEO_GAMES_SALES_0","0.4998599134924911","0","ft","CatBoost 😸","2026-04-04T02:40:15.000Z","REG_TEXT_VIDEO_GAMES_SALES","1627","finished","1.9003143310546875","15.9072265625"
"cat_REG_TEXT_VIDEO_GAMES_SALES_3","0.4984691242327717","3","ft","CatBoost 😸","2026-04-04T03:19:34.000Z","REG_TEXT_VIDEO_GAMES_SALES","1158","finished","1.9136276245117188","15.9072265625"
"light_REG_TEXT_ROTTEN_TOMATOES_2","0.49572997644765093","2","ft","LightGBM 💡","2026-04-04T01:23:14.000Z","REG_TEXT_ROTTEN_TOMATOES","3119","finished","1.7847633361816406","15.8837890625"
"tabpfnv2p5_REG_TEXT_MERCARI_MARKETPLACE_4","0.4940897950285157","4","all","TabPFN-v2p5 🇩🇪","2026-04-03T13:52:22.000Z","REG_TEXT_MERCARI_MARKETPLACE","430","finished","1.8816452026367188","1.0986328125"
"tabm_REG_TEXT_VIDEO_GAMES_SALES_0","0.4920154120434051","0","ft","TabM Ⓜ️","2026-04-04T02:44:13.000Z","REG_TEXT_VIDEO_GAMES_SALES","1600","finished","1.821205139160156","15.9150390625"
"tabpfnv2_REG_TEXT_ROTTEN_TOMATOES_4","0.4915775081142087","4","all","TabPFN-v2 🤯","2026-04-04T02:28:33.000Z","REG_TEXT_ROTTEN_TOMATOES","616","finished","1.9696998596191408","1.0986328125"
"tabpfnv2p5_REG_TEXT_VIDEO_GAMES_SALES_1","0.4896869176725483","1","ft","TabPFN-v2p5 🇩🇪","2026-04-04T03:00:45.000Z","REG_TEXT_VIDEO_GAMES_SALES","1834","finished","1.7829666137695312","17.8056640625"
"light_REG_TEXT_ROTTEN_TOMATOES_0","0.48928153199546254","0","ft","LightGBM 💡","2026-04-04T00:46:32.000Z","REG_TEXT_ROTTEN_TOMATOES","3520","finished","1.737060546875","15.8837890625"
"tabpfnv2_REG_TEXT_ROTTEN_TOMATOES_4","0.4861955401537317","4","ft","TabPFN-v2 🤯","2026-04-04T02:28:47.000Z","REG_TEXT_ROTTEN_TOMATOES","3052","finished","2.190196990966797","19.0244140625"
"tabm_REG_TEXT_MERCARI_MARKETPLACE_2","0.48569869583844183","2","all","TabM Ⓜ️","2026-04-03T13:13:53.000Z","REG_TEXT_MERCARI_MARKETPLACE","400","finished","1.8065185546875","1.1240234375"
"tabm_REG_TEXT_MERCARI_MARKETPLACE_4","0.48564759358916054","4","ft","TabM Ⓜ️","2026-04-03T13:51:06.000Z","REG_TEXT_MERCARI_MARKETPLACE","3027","finished","1.920856475830078","19.7158203125"
"cat_REG_TEXT_MERCARI_MARKETPLACE_2","0.4833542965093771","2","ft","CatBoost 😸","2026-04-03T13:11:36.000Z","REG_TEXT_MERCARI_MARKETPLACE","2279","finished","1.889240264892578","19.7041015625"
"tabm_REG_TEXT_ROTTEN_TOMATOES_4","0.48254141328310174","4","all","TabM Ⓜ️","2026-04-04T02:18:27.000Z","REG_TEXT_ROTTEN_TOMATOES","600","finished","1.7744026184082031","1.1240234375"
"tabm_REG_TEXT_ROTTEN_TOMATOES_4","0.4824279938823337","4","ft","TabM Ⓜ️","2026-04-04T02:19:33.000Z","REG_TEXT_ROTTEN_TOMATOES","2900","finished","1.8942604064941408","15.8896484375"
"tabpfnv2p5_REG_TEXT_MERCARI_MARKETPLACE_4","0.4812396278234032","4","ft","TabPFN-v2p5 🇩🇪","2026-04-03T13:52:24.000Z","REG_TEXT_MERCARI_MARKETPLACE","2487","finished","2.02279281616211","20.8525390625"
"tabpfnv2_REG_TEXT_BOOK_PRICE_4","0.47942485367225585","4","all","TabPFN-v2 🤯","2026-04-03T12:44:05.000Z","REG_TEXT_BOOK_PRICE","186","finished","1.6631965637207031","1.0986328125"
"tabpfnv2_REG_TEXT_BOOK_PRICE_3","0.4780891423808149","3","all","TabPFN-v2 🤯","2026-04-03T12:35:43.000Z","REG_TEXT_BOOK_PRICE","187","finished","1.6634407043457031","1.0986328125"
"cat_REG_TEXT_ROTTEN_TOMATOES_4","0.47800480057621375","4","ft","CatBoost 😸","2026-04-04T02:15:47.000Z","REG_TEXT_ROTTEN_TOMATOES","2962","finished","1.8198280334472656","15.8837890625"
"tabm_REG_TEXT_MERCARI_MARKETPLACE_0","0.4764591519720536","0","ft","TabM Ⓜ️","2026-04-03T12:47:37.000Z","REG_TEXT_MERCARI_MARKETPLACE","3009","finished","1.8974380493164065","19.7158203125"
"light_REG_TEXT_BOOK_PRICE_3","0.4763947578458926","3","all","LightGBM 💡","2026-04-03T12:27:12.000Z","REG_TEXT_BOOK_PRICE","161","finished","1.5018386840820312","1.1044921875"
"light_REG_TEXT_BOOK_PRICE_4","0.47280118619992106","4","all","LightGBM 💡","2026-04-03T12:37:04.000Z","REG_TEXT_BOOK_PRICE","161","finished","1.5015411376953125","1.1044921875"
"tabm_REG_TEXT_MERCARI_MARKETPLACE_4","0.47193001665143985","4","all","TabM Ⓜ️","2026-04-03T13:50:05.000Z","REG_TEXT_MERCARI_MARKETPLACE","396","finished","1.8142776489257812","1.1240234375"
"tabpfnv2p5_REG_TEXT_VIDEO_GAMES_SALES_1","0.47072787932482185","1","all","TabPFN-v2p5 🇩🇪","2026-04-04T03:00:40.000Z","REG_TEXT_VIDEO_GAMES_SALES","155","finished","1.626251220703125","1.0986328125"
"light_REG_TEXT_ROTTEN_TOMATOES_3","0.4704162635804926","3","all","LightGBM 💡","2026-04-04T01:50:55.000Z","REG_TEXT_ROTTEN_TOMATOES","545","finished","1.5982093811035156","1.0986328125"
"tabpfnv2p5_REG_TEXT_MERCARI_MARKETPLACE_0","0.4695395516651952","0","ft","TabPFN-v2p5 🇩🇪","2026-04-03T12:50:38.000Z","REG_TEXT_MERCARI_MARKETPLACE","3190","finished","2.0489273071289062","20.8525390625"
"tabpfnv2p5_REG_TEXT_MERCARI_MARKETPLACE_0","0.46931580603080303","0","all","TabPFN-v2p5 🇩🇪","2026-04-03T12:48:24.000Z","REG_TEXT_MERCARI_MARKETPLACE","430","finished","1.8592414855957031","1.0986328125"
"cat_REG_TEXT_MERCARI_MARKETPLACE_2","0.4674362776138222","2","all","CatBoost 😸","2026-04-03T13:11:16.000Z","REG_TEXT_MERCARI_MARKETPLACE","435","finished","1.699848175048828","1.0986328125"
"cat_REG_TEXT_VIDEO_GAMES_SALES_2","0.4626123984096133","2","ft","CatBoost 😸","2026-04-04T03:07:18.000Z","REG_TEXT_VIDEO_GAMES_SALES","956","finished","1.9403190612792969","15.9072265625"
"light_REG_TEXT_MERCARI_MARKETPLACE_2","0.461253252320051","2","ft","LightGBM 💡","2026-04-03T13:10:17.000Z","REG_TEXT_MERCARI_MARKETPLACE","2243","finished","1.7790565490722656","19.7041015625"
"cat_REG_TEXT_MERCARI_MARKETPLACE_0","0.46121869134711146","0","ft","CatBoost 😸","2026-04-03T12:46:46.000Z","REG_TEXT_MERCARI_MARKETPLACE","3060","finished","1.846275329589844","19.7041015625"
"tabm_REG_TEXT_MERCARI_MARKETPLACE_0","0.46031686359779456","0","all","TabM Ⓜ️","2026-04-03T12:47:18.000Z","REG_TEXT_MERCARI_MARKETPLACE","407","finished","1.812091827392578","1.1240234375"
"tabpfnv2_REG_TEXT_MERCARI_MARKETPLACE_2","0.45929540516183887","2","ft","TabPFN-v2 🤯","2026-04-03T13:25:55.000Z","REG_TEXT_MERCARI_MARKETPLACE","2355","finished","2.06661605834961","20.8525390625"
"tabpfnv2p5_REG_TEXT_VIDEO_GAMES_SALES_0","0.4589880887046289","0","ft","TabPFN-v2p5 🇩🇪","2026-04-04T02:49:17.000Z","REG_TEXT_VIDEO_GAMES_SALES","1444","finished","1.8180160522460935","17.8056640625"
"cat_REG_TEXT_MERCARI_MARKETPLACE_4","0.4589183211004453","4","ft","CatBoost 😸","2026-04-03T13:48:06.000Z","REG_TEXT_MERCARI_MARKETPLACE","3051","finished","1.8816604614257812","19.7041015625"
"light_REG_TEXT_ROTTEN_TOMATOES_4","0.45776099543032","4","ft","LightGBM 💡","2026-04-04T02:12:29.000Z","REG_TEXT_ROTTEN_TOMATOES","2889","finished","1.7430953979492188","15.8837890625"
"light_REG_TEXT_ROTTEN_TOMATOES_2","0.4556556449653528","2","all","LightGBM 💡","2026-04-04T01:22:51.000Z","REG_TEXT_ROTTEN_TOMATOES","587","finished","1.5645408630371094","1.0986328125"
"cat_REG_TEXT_ROTTEN_TOMATOES_4","0.4525374474253286","4","all","CatBoost 😸","2026-04-04T02:15:36.000Z","REG_TEXT_ROTTEN_TOMATOES","659","finished","1.6257095336914062","1.0986328125"
"tabpfnv2p5_REG_TEXT_MERCARI_MARKETPLACE_3","0.4517706285879688","3","ft","TabPFN-v2p5 🇩🇪","2026-04-03T13:39:47.000Z","REG_TEXT_MERCARI_MARKETPLACE","3859","finished","2.082439422607422","20.8525390625"
"tabpfnv2p5_REG_TEXT_VIDEO_GAMES_SALES_3","0.45039589734148033","3","ft","TabPFN-v2p5 🇩🇪","2026-04-04T03:23:34.000Z","REG_TEXT_VIDEO_GAMES_SALES","1080","finished","1.7903404235839844","17.8056640625"
"cat_REG_TEXT_MERCARI_MARKETPLACE_4","0.4496277283299185","4","all","CatBoost 😸","2026-04-03T13:47:59.000Z","REG_TEXT_MERCARI_MARKETPLACE","431","finished","1.6967735290527344","1.0986328125"
"tabpfnv2p5_REG_TEXT_VIDEO_GAMES_SALES_0","0.4474860582123852","0","all","TabPFN-v2p5 🇩🇪","2026-04-04T02:46:52.000Z","REG_TEXT_VIDEO_GAMES_SALES","167","finished","1.6249008178710938","1.0986328125"
"tabm_REG_TEXT_MERCARI_MARKETPLACE_3","0.4472726587517729","3","ft","TabM Ⓜ️","2026-04-03T13:38:40.000Z","REG_TEXT_MERCARI_MARKETPLACE","2420","finished","1.9255523681640625","19.7158203125"
"tabpfnv2_REG_TEXT_MERCARI_MARKETPLACE_4","0.44722542546725974","4","ft","TabPFN-v2 🤯","2026-04-03T13:54:26.000Z","REG_TEXT_MERCARI_MARKETPLACE","2527","finished","2.051422119140625","20.8525390625"
"tabpfnv2p5_REG_TEXT_MERCARI_MARKETPLACE_1","0.4469033122795132","1","all","TabPFN-v2p5 🇩🇪","2026-04-03T13:03:39.000Z","REG_TEXT_MERCARI_MARKETPLACE","430","finished","1.8565940856933592","1.0986328125"
"tabpfnv2p5_REG_TEXT_MERCARI_MARKETPLACE_3","0.44566571996991466","3","all","TabPFN-v2p5 🇩🇪","2026-04-03T13:39:31.000Z","REG_TEXT_MERCARI_MARKETPLACE","430","finished","1.854408264160156","1.0986328125"
"tabpfnv2p5_REG_TEXT_MERCARI_MARKETPLACE_1","0.4439959040681972","1","ft","TabPFN-v2p5 🇩🇪","2026-04-03T13:05:02.000Z","REG_TEXT_MERCARI_MARKETPLACE","2656","finished","2.0488853454589844","20.8525390625"
"tabm_REG_TEXT_MERCARI_MARKETPLACE_1","0.4431052372269296","1","ft","TabM Ⓜ️","2026-04-03T13:01:49.000Z","REG_TEXT_MERCARI_MARKETPLACE","2098","finished","1.8956375122070312","19.7158203125"
"tabpfnv2_REG_TEXT_MERCARI_MARKETPLACE_2","0.4429176678103883","2","all","TabPFN-v2 🤯","2026-04-03T13:21:19.000Z","REG_TEXT_MERCARI_MARKETPLACE","454","finished","1.8922882080078125","1.0986328125"
"tabm_REG_TEXT_VIDEO_GAMES_SALES_4","0.4421207178892613","4","ft","TabM Ⓜ️","2026-04-04T03:40:21.000Z","REG_TEXT_VIDEO_GAMES_SALES","1831","finished","1.8194732666015625","15.9169921875"
"tabpfnv2_REG_TEXT_MERCARI_MARKETPLACE_4","0.4412872792278136","4","all","TabPFN-v2 🤯","2026-04-03T13:54:23.000Z","REG_TEXT_MERCARI_MARKETPLACE","456","finished","1.879920959472656","1.0986328125"
"tabpfnv2p5_REG_TEXT_VIDEO_GAMES_SALES_3","0.4398539331217718","3","all","TabPFN-v2p5 🇩🇪","2026-04-04T03:22:43.000Z","REG_TEXT_VIDEO_GAMES_SALES","155","finished","1.6284217834472656","1.0986328125"
"light_REG_TEXT_MERCARI_MARKETPLACE_4","0.4392493628614996","4","ft","LightGBM 💡","2026-04-03T13:46:45.000Z","REG_TEXT_MERCARI_MARKETPLACE","3007","finished","1.7493553161621094","19.7041015625"
"cat_REG_TEXT_MERCARI_MARKETPLACE_0","0.43822072321432937","0","all","CatBoost 😸","2026-04-03T12:46:31.000Z","REG_TEXT_MERCARI_MARKETPLACE","432","finished","1.6641731262207031","1.0986328125"
"light_REG_TEXT_MERCARI_MARKETPLACE_2","0.43809717468032394","2","all","LightGBM 💡","2026-04-03T13:10:03.000Z","REG_TEXT_MERCARI_MARKETPLACE","389","finished","1.5663185119628906","1.0986328125"
"tabpfnv2_REG_TEXT_MERCARI_MARKETPLACE_0","0.43678318477418054","0","ft","TabPFN-v2 🤯","2026-04-03T12:52:20.000Z","REG_TEXT_MERCARI_MARKETPLACE","3197","finished","2.063526153564453","20.8525390625"
"light_REG_TEXT_VIDEO_GAMES_SALES_3","0.4357310423419411","3","ft","LightGBM 💡","2026-04-04T03:17:38.000Z","REG_TEXT_VIDEO_GAMES_SALES","1142","finished","1.7260780334472656","15.9072265625"
"light_REG_TEXT_MERCARI_MARKETPLACE_4","0.43520462732602594","4","all","LightGBM 💡","2026-04-03T13:45:58.000Z","REG_TEXT_MERCARI_MARKETPLACE","392","finished","1.5720062255859375","1.0986328125"
"cat_REG_TEXT_MERCARI_MARKETPLACE_3","0.43472026149491705","3","ft","CatBoost 😸","2026-04-03T13:37:22.000Z","REG_TEXT_MERCARI_MARKETPLACE","2435","finished","1.8813323974609375","19.7041015625"
"light_REG_TEXT_ROTTEN_TOMATOES_4","0.4339268096427079","4","all","LightGBM 💡","2026-04-04T02:09:34.000Z","REG_TEXT_ROTTEN_TOMATOES","528","finished","1.5667800903320312","1.0986328125"
"tabm_REG_TEXT_MERCARI_MARKETPLACE_1","0.4335390045921871","1","all","TabM Ⓜ️","2026-04-03T13:01:47.000Z","REG_TEXT_MERCARI_MARKETPLACE","398","finished","1.8059654235839844","1.1240234375"
"light_REG_TEXT_MERCARI_MARKETPLACE_3","0.43223592700908287","3","ft","LightGBM 💡","2026-04-03T13:30:55.000Z","REG_TEXT_MERCARI_MARKETPLACE","2421","finished","1.7787590026855469","19.7041015625"
"light_REG_TEXT_MERCARI_MARKETPLACE_0","0.4301838573096751","0","ft","LightGBM 💡","2026-04-03T12:45:53.000Z","REG_TEXT_MERCARI_MARKETPLACE","3031","finished","1.7900161743164062","19.7041015625"
"tabpfnv2_REG_TEXT_MERCARI_MARKETPLACE_3","0.4175863720123786","3","ft","TabPFN-v2 🤯","2026-04-03T13:44:36.000Z","REG_TEXT_MERCARI_MARKETPLACE","3890","finished","2.065998077392578","20.8525390625"
"cat_REG_TEXT_VIDEO_GAMES_SALES_1","0.4169549706950236","1","ft","CatBoost 😸","2026-04-04T02:56:57.000Z","REG_TEXT_VIDEO_GAMES_SALES","1157","finished","1.8740768432617188","15.9072265625"
"tabm_REG_TEXT_MERCARI_MARKETPLACE_3","0.4162594457703044","3","all","TabM Ⓜ️","2026-04-03T13:37:54.000Z","REG_TEXT_MERCARI_MARKETPLACE","399","finished","1.8119850158691408","1.1240234375"
"light_REG_TEXT_VIDEO_GAMES_SALES_0","0.4144549537009713","0","all","LightGBM 💡","2026-04-04T02:34:25.000Z","REG_TEXT_VIDEO_GAMES_SALES","141","finished","1.502197265625","1.0986328125"
"tabpfnv2_REG_TEXT_MERCARI_MARKETPLACE_0","0.4134218013009006","0","all","TabPFN-v2 🤯","2026-04-03T12:52:12.000Z","REG_TEXT_MERCARI_MARKETPLACE","455","finished","1.879486083984375","1.0986328125"
"cat_REG_TEXT_MERCARI_MARKETPLACE_3","0.413408571441541","3","all","CatBoost 😸","2026-04-03T13:36:55.000Z","REG_TEXT_MERCARI_MARKETPLACE","435","finished","1.7081069946289062","1.0986328125"
"light_REG_TEXT_VIDEO_GAMES_SALES_1","0.4121290941850002","1","all","LightGBM 💡","2026-04-04T02:54:38.000Z","REG_TEXT_VIDEO_GAMES_SALES","147","finished","1.5026931762695312","1.0986328125"
"cat_REG_TEXT_MERCARI_MARKETPLACE_1","0.4116059748370106","1","all","CatBoost 😸","2026-04-03T12:56:21.000Z","REG_TEXT_MERCARI_MARKETPLACE","431","finished","1.6712799072265625","1.0986328125"
"cat_REG_TEXT_MERCARI_MARKETPLACE_1","0.4112123503094925","1","ft","CatBoost 😸","2026-04-03T12:59:52.000Z","REG_TEXT_MERCARI_MARKETPLACE","2134","finished","1.8993072509765625","19.7041015625"
"cat_REG_TEXT_VIDEO_GAMES_SALES_0","0.4089695328701918","0","all","CatBoost 😸","2026-04-04T02:39:16.000Z","REG_TEXT_VIDEO_GAMES_SALES","170","finished","1.687641143798828","1.0986328125"
"tabpfnv2_REG_TEXT_MERCARI_MARKETPLACE_1","0.4059004345678155","1","ft","TabPFN-v2 🤯","2026-04-03T13:08:28.000Z","REG_TEXT_MERCARI_MARKETPLACE","2729","finished","2.061439514160156","20.8525390625"
"light_REG_TEXT_VIDEO_GAMES_SALES_3","0.4049368687415138","3","all","LightGBM 💡","2026-04-04T03:17:07.000Z","REG_TEXT_VIDEO_GAMES_SALES","141","finished","1.500713348388672","1.0986328125"
"cat_REG_TEXT_VIDEO_GAMES_SALES_2","0.40334410923703246","2","all","CatBoost 😸","2026-04-04T03:06:43.000Z","REG_TEXT_VIDEO_GAMES_SALES","166","finished","1.672119140625","1.0986328125"
"cat_REG_TEXT_VIDEO_GAMES_SALES_1","0.4023806220078501","1","all","CatBoost 😸","2026-04-04T02:56:44.000Z","REG_TEXT_VIDEO_GAMES_SALES","167","finished","1.6644172668457031","1.0986328125"
"light_REG_TEXT_MERCARI_MARKETPLACE_0","0.4023408105750047","0","all","LightGBM 💡","2026-04-03T12:44:57.000Z","REG_TEXT_MERCARI_MARKETPLACE","388","finished","1.5716819763183594","1.0986328125"
"tabpfnv2_REG_TEXT_MERCARI_MARKETPLACE_1","0.3979275902198661","1","all","TabPFN-v2 🤯","2026-04-03T13:06:13.000Z","REG_TEXT_MERCARI_MARKETPLACE","453","finished","1.889564514160156","1.0986328125"
"light_REG_TEXT_MERCARI_MARKETPLACE_1","0.39776861888465687","1","ft","LightGBM 💡","2026-04-03T12:55:14.000Z","REG_TEXT_MERCARI_MARKETPLACE","2107","finished","1.7878684997558594","19.7041015625"
"tabpfnv2_REG_TEXT_MERCARI_MARKETPLACE_3","0.3899607597450311","3","all","TabPFN-v2 🤯","2026-04-03T13:44:17.000Z","REG_TEXT_MERCARI_MARKETPLACE","485","finished","1.8856048583984375","1.0986328125"
"light_REG_TEXT_MERCARI_MARKETPLACE_3","0.3870533276948606","3","all","LightGBM 💡","2026-04-03T13:30:49.000Z","REG_TEXT_MERCARI_MARKETPLACE","390","finished","1.5776901245117188","1.0986328125"
"tabm_REG_TEXT_VIDEO_GAMES_SALES_3","0.38453473255417","3","ft","TabM Ⓜ️","2026-04-04T03:21:17.000Z","REG_TEXT_VIDEO_GAMES_SALES","1140","finished","1.8212814331054688","15.9150390625"
"light_REG_TEXT_MERCARI_MARKETPLACE_1","0.3845171611761581","1","all","LightGBM 💡","2026-04-03T12:54:55.000Z","REG_TEXT_MERCARI_MARKETPLACE","390","finished","1.564922332763672","1.0986328125"
"light_REG_TEXT_VIDEO_GAMES_SALES_2","0.3649038779137087","2","all","LightGBM 💡","2026-04-04T03:04:51.000Z","REG_TEXT_VIDEO_GAMES_SALES","140","finished","1.5026512145996094","1.0986328125"
"light_REG_TEXT_VIDEO_GAMES_SALES_2","0.3617978331767001","2","ft","LightGBM 💡","2026-04-04T03:05:16.000Z","REG_TEXT_VIDEO_GAMES_SALES","928","finished","1.7490005493164062","15.9072265625"
"tabpfnv2p5_REG_TEXT_VIDEO_GAMES_SALES_2","0.3576963976915004","2","ft","TabPFN-v2p5 🇩🇪","2026-04-04T03:13:51.000Z","REG_TEXT_VIDEO_GAMES_SALES","1310","finished","1.782367706298828","17.8056640625"
"tabpfnv2_REG_TEXT_VIDEO_GAMES_SALES_1","0.35487968136047054","1","ft","TabPFN-v2 🤯","2026-04-04T03:03:22.000Z","REG_TEXT_VIDEO_GAMES_SALES","1839","finished","1.7995376586914062","17.8056640625"
"tabpfnv2p5_REG_TEXT_VIDEO_GAMES_SALES_2","0.3520084177299071","2","all","TabPFN-v2p5 🇩🇪","2026-04-04T03:13:42.000Z","REG_TEXT_VIDEO_GAMES_SALES","154","finished","1.6252098083496094","1.0986328125"
"tabpfnv2p5_REG_TEXT_VIDEO_GAMES_SALES_4","0.3494307305605643","4","ft","TabPFN-v2p5 🇩🇪","2026-04-04T03:42:12.000Z","REG_TEXT_VIDEO_GAMES_SALES","1082","finished","1.7957382202148438","17.8056640625"
"tabm_REG_TEXT_VIDEO_GAMES_SALES_3","0.34276256815716344","3","all","TabM Ⓜ️","2026-04-04T03:21:06.000Z","REG_TEXT_VIDEO_GAMES_SALES","143","finished","1.7485389709472656","1.1845703125"
"tabpfnv2_REG_TEXT_VIDEO_GAMES_SALES_0","0.33650676359792364","0","all","TabPFN-v2 🤯","2026-04-04T02:50:43.000Z","REG_TEXT_VIDEO_GAMES_SALES","165","finished","1.6419563293457031","1.0986328125"
"cat_REG_TEXT_VIDEO_GAMES_SALES_3","0.3343745040991867","3","all","CatBoost 😸","2026-04-04T03:19:28.000Z","REG_TEXT_VIDEO_GAMES_SALES","165","finished","1.7224388122558594","1.0986328125"
"tabpfnv2_REG_TEXT_VIDEO_GAMES_SALES_1","0.33407106063600034","1","all","TabPFN-v2 🤯","2026-04-04T03:02:37.000Z","REG_TEXT_VIDEO_GAMES_SALES","163","finished","1.6428260803222656","1.0986328125"
"tabpfnv2_REG_TEXT_VIDEO_GAMES_SALES_0","0.33297763133153757","0","ft","TabPFN-v2 🤯","2026-04-04T02:51:20.000Z","REG_TEXT_VIDEO_GAMES_SALES","1467","finished","1.842632293701172","17.8056640625"
"tabm_REG_TEXT_VIDEO_GAMES_SALES_4","0.3264382136233688","4","all","TabM Ⓜ️","2026-04-04T03:39:27.000Z","REG_TEXT_VIDEO_GAMES_SALES","145","finished","1.7479896545410156","1.1845703125"
"tabpfnv2_REG_TEXT_VIDEO_GAMES_SALES_3","0.32033391906958664","3","ft","TabPFN-v2 🤯","2026-04-04T03:26:35.000Z","REG_TEXT_VIDEO_GAMES_SALES","1088","finished","1.7963180541992188","17.8056640625"
"tabpfnv2_REG_TEXT_VIDEO_GAMES_SALES_3","0.3193146769107652","3","all","TabPFN-v2 🤯","2026-04-04T03:25:57.000Z","REG_TEXT_VIDEO_GAMES_SALES","164","finished","1.6358680725097656","1.0986328125"
"tabpfnv2p5_REG_TEXT_VIDEO_GAMES_SALES_4","0.31910678940045345","4","all","TabPFN-v2p5 🇩🇪","2026-04-04T03:41:59.000Z","REG_TEXT_VIDEO_GAMES_SALES","155","finished","1.6262435913085938","1.0986328125"
"tabpfnv2_REG_TEXT_VIDEO_GAMES_SALES_4","0.24663275608420657","4","ft","TabPFN-v2 🤯","2026-04-04T03:50:47.000Z","REG_TEXT_VIDEO_GAMES_SALES","1088","finished","1.8073883056640625","17.8056640625"
"light_REG_TEXT_VIDEO_GAMES_SALES_4","0.23865563273097368","4","ft","LightGBM 💡","2026-04-04T03:30:21.000Z","REG_TEXT_VIDEO_GAMES_SALES","1815","finished","1.7492141723632812","15.9072265625"
"tabpfnv2_REG_TEXT_VIDEO_GAMES_SALES_4","0.23639982587043895","4","all","TabPFN-v2 🤯","2026-04-04T03:47:59.000Z","REG_TEXT_VIDEO_GAMES_SALES","163","finished","1.6467399597167969","1.0986328125"
"tabpfnv2_REG_TEXT_VIDEO_GAMES_SALES_2","0.23345544550442543","2","ft","TabPFN-v2 🤯","2026-04-04T03:16:21.000Z","REG_TEXT_VIDEO_GAMES_SALES","1318","finished","1.7943496704101562","17.8056640625"
"tabpfnv2_REG_TEXT_VIDEO_GAMES_SALES_2","0.22209632053078587","2","all","TabPFN-v2 🤯","2026-04-04T03:16:19.000Z","REG_TEXT_VIDEO_GAMES_SALES","162","finished","1.6427764892578125","1.0986328125"
"cat_REG_TEXT_VIDEO_GAMES_SALES_4","0.21548256946093455","4","ft","CatBoost 😸","2026-04-04T03:38:26.000Z","REG_TEXT_VIDEO_GAMES_SALES","1832","finished","1.8668365478515625","15.9072265625"
"light_REG_TEXT_VIDEO_GAMES_SALES_4","0.1960732380027066","4","all","LightGBM 💡","2026-04-04T03:29:23.000Z","REG_TEXT_VIDEO_GAMES_SALES","140","finished","1.5006828308105469","1.0986328125"
"cat_REG_TEXT_VIDEO_GAMES_SALES_4","0.0767464449682782","4","all","CatBoost 😸","2026-04-04T03:36:08.000Z","REG_TEXT_VIDEO_GAMES_SALES","165","finished","1.6333580017089844","1.0986328125"
"tabpfnv2p5_MUL_TEXT_WINE_REVIEW_4","","","ft","","2026-04-03T03:45:40.000Z","","2908","failed","",""
"tabpfnv2p5_MUL_TEXT_SPOTIFY_GENRES_0","","","all","","2026-04-03T06:14:31.000Z","","196","failed","",""
"tabpfnv2_MUL_TEXT_WINE_REVIEW_2","","","all","","2026-04-03T03:08:40.000Z","","140","failed","",""
"tabpfnv2p5_MUL_TEXT_WINE_REVIEW_3","","","all","","2026-04-03T03:22:30.000Z","","142","failed","",""
"tabpfnv2p5_MUL_TEXT_WINE_REVIEW_2","","","all","","2026-04-03T03:06:01.000Z","","142","failed","",""
"tabpfnv2_MUL_TEXT_SPOTIFY_GENRES_1","","","ft","","2026-04-03T06:24:09.000Z","","4482","failed","",""
"tabpfnv2_MUL_TEXT_SPOTIFY_GENRES_0","","","ft","","2026-04-03T06:16:31.000Z","","4498","failed","",""
"tabpfnv2p5_MUL_TEXT_SPOTIFY_GENRES_4","","","ft","","2026-04-03T07:50:21.000Z","","4508","failed","",""
"tabpfnv2_MUL_TEXT_WINE_REVIEW_3","","","all","","2026-04-03T03:24:57.000Z","","142","failed","",""
"tabpfnv2_MUL_TEXT_WINE_REVIEW_0","","","all","","2026-04-03T02:33:11.000Z","","141","failed","",""
"tabpfnv2_MUL_TEXT_WINE_REVIEW_1","","","ft","","2026-04-03T02:58:12.000Z","","3032","failed","",""
"tabpfnv2_MUL_TEXT_SPOTIFY_GENRES_2","","","ft","","2026-04-03T07:05:04.000Z","","4496","failed","",""
"tabpfnv2_MUL_TEXT_SPOTIFY_GENRES_2","","","all","","2026-04-03T07:01:44.000Z","","196","failed","",""
"tabpfnv2p5_MUL_TEXT_WINE_REVIEW_4","","","all","","2026-04-03T03:45:39.000Z","","140","failed","",""
"tabpfnv2p5_MUL_TEXT_SPOTIFY_GENRES_1","","","ft","","2026-04-03T06:20:55.000Z","","4490","failed","",""
"tabpfnv2_MUL_TEXT_SPOTIFY_GENRES_4","","","all","","2026-04-03T08:02:28.000Z","","213","failed","",""
"tabpfnv2_MUL_TEXT_SPOTIFY_GENRES_3","","","all","","2026-04-03T07:32:38.000Z","","196","failed","",""
"tabpfnv2_MUL_TEXT_WINE_REVIEW_1","","","all","","2026-04-03T02:58:07.000Z","","141","failed","",""
"tabpfnv2_MUL_TEXT_SPOTIFY_GENRES_4","","","ft","","2026-04-03T08:02:34.000Z","","4501","failed","",""
"tabpfnv2_MUL_TEXT_WINE_REVIEW_0","","","ft","","2026-04-03T02:33:34.000Z","","3026","failed","",""
"tabpfnv2p5_MUL_TEXT_WINE_REVIEW_1","","","ft","","2026-04-03T02:56:35.000Z","","3059","failed","",""
"tabpfnv2_MUL_TEXT_WINE_REVIEW_4","","","all","","2026-04-03T03:46:46.000Z","","141","failed","",""
"tabpfnv2p5_MUL_TEXT_WINE_REVIEW_1","","","all","","2026-04-03T02:55:45.000Z","","141","failed","",""
"tabpfnv2p5_MUL_TEXT_SPOTIFY_GENRES_3","","","all","","2026-04-03T07:30:25.000Z","","196","failed","",""
"tabpfnv2p5_MUL_TEXT_WINE_REVIEW_0","","","all","","2026-04-03T02:30:00.000Z","","143","failed","",""
"tabpfnv2_MUL_TEXT_SPOTIFY_GENRES_1","","","all","","2026-04-03T06:23:22.000Z","","195","failed","",""
"tabpfnv2_MUL_TEXT_SPOTIFY_GENRES_0","","","all","","2026-04-03T06:15:41.000Z","","194","failed","",""
"tabpfnv2p5_MUL_TEXT_WINE_REVIEW_3","","","ft","","2026-04-03T03:24:05.000Z","","3026","failed","",""
"tabpfnv2p5_MUL_TEXT_SPOTIFY_GENRES_3","","","ft","","2026-04-03T07:31:35.000Z","","4480","failed","",""
"tabpfnv2p5_MUL_TEXT_SPOTIFY_GENRES_2","","","ft","","2026-04-03T07:00:35.000Z","","4488","failed","",""
"tabpfnv2_MUL_TEXT_WINE_REVIEW_3","","","ft","","2026-04-03T03:26:32.000Z","","3052","failed","",""
"tabpfnv2_MUL_TEXT_WINE_REVIEW_4","","","ft","","2026-04-03T03:47:39.000Z","","2908","failed","",""
"tabpfnv2p5_MUL_TEXT_SPOTIFY_GENRES_2","","","all","","2026-04-03T06:57:16.000Z","","194","failed","",""
"tabpfnv2p5_MUL_TEXT_WINE_REVIEW_0","","","ft","","2026-04-03T02:30:59.000Z","","3042","failed","",""
"tabpfnv2p5_MUL_TEXT_SPOTIFY_GENRES_4","","","all","","2026-04-03T07:45:33.000Z","","196","failed","",""
"tabpfnv2p5_MUL_TEXT_WINE_REVIEW_2","","","ft","","2026-04-03T03:07:27.000Z","","3017","failed","",""
"tabpfnv2p5_MUL_TEXT_SPOTIFY_GENRES_1","","","all","","2026-04-03T06:20:35.000Z","","211","failed","",""
"tabpfnv2_MUL_TEXT_WINE_REVIEW_2","","","ft","","2026-04-03T03:08:50.000Z","","3025","failed","",""
"tabpfnv2_MUL_TEXT_SPOTIFY_GENRES_3","","","ft","","2026-04-03T07:33:44.000Z","","4482","failed","",""
"tabpfnv2p5_MUL_TEXT_SPOTIFY_GENRES_0","","","ft","","2026-04-03T06:14:54.000Z","","4481","failed","",""