"Name","test_score","fold","multimodal_state","model","Created","dataset","Runtime","e5_model","train_peak_cpu_gb","train_peak_gpu_gb"
"tabpfnv2p5_REG_TEXT_ROTTEN_TOMATOES_3","0.5848476965303648","3","ft","TabPFN-v2p5 🇩🇪","2026-04-08T23:58:36.000Z","REG_TEXT_ROTTEN_TOMATOES","21919","e5-large","3.0836219787597656","44.9857177734375"
"cat_REG_TEXT_VIDEO_GAMES_SALES_2","0.3485657348449056","2","ft","CatBoost 😸","2026-04-08T23:55:00.000Z","REG_TEXT_VIDEO_GAMES_SALES","8431","e5-large","3.1511001586914062","44.9857177734375"
"tabpfnv2_REG_TEXT_VIDEO_GAMES_SALES_4","0.27010931657462345","4","ft","TabPFN-v2 🤯","2026-04-08T22:21:37.000Z","REG_TEXT_VIDEO_GAMES_SALES","4865","e5-large","3.0989418029785156","39.5517578125"
"tabpfnv2_REG_TEXT_VIDEO_GAMES_SALES_4","0.2537683504646653","4","all","TabPFN-v2 🤯","2026-04-08T22:20:22.000Z","REG_TEXT_VIDEO_GAMES_SALES","852","e5-large","1.714763641357422","3.39019775390625"
"tabpfnv2p5_REG_TEXT_VIDEO_GAMES_SALES_4","0.3842894898015934","4","ft","TabPFN-v2p5 🇩🇪","2026-04-08T22:19:38.000Z","REG_TEXT_VIDEO_GAMES_SALES","4883","e5-large","3.239776611328125","39.5830078125"
"tabpfnv2p5_REG_TEXT_VIDEO_GAMES_SALES_4","0.3548315796504695","4","all","TabPFN-v2p5 🇩🇪","2026-04-08T22:16:57.000Z","REG_TEXT_VIDEO_GAMES_SALES","844","e5-large","1.785114288330078","3.39019775390625"
"tabm_REG_TEXT_VIDEO_GAMES_SALES_4","0.3343994330372292","4","ft","TabM Ⓜ️","2026-04-08T22:14:22.000Z","REG_TEXT_VIDEO_GAMES_SALES","5214","e5-large","3.1893463134765625","39.5810546875"
"tabm_REG_TEXT_VIDEO_GAMES_SALES_4","0.3459357144889973","4","all","TabM Ⓜ️","2026-04-08T22:14:02.000Z","REG_TEXT_VIDEO_GAMES_SALES","814","e5-large","1.8383522033691408","3.41754150390625"
"cat_REG_TEXT_VIDEO_GAMES_SALES_4","0.28673008611250184","4","ft","CatBoost 😸","2026-04-08T22:11:31.000Z","REG_TEXT_VIDEO_GAMES_SALES","5241","e5-large","3.233501434326172","39.5810546875"
"cat_REG_TEXT_VIDEO_GAMES_SALES_4","0.27441393506890643","4","all","CatBoost 😸","2026-04-08T22:08:42.000Z","REG_TEXT_VIDEO_GAMES_SALES","813","e5-large","1.7541847229003906","3.39019775390625"
"light_REG_TEXT_VIDEO_GAMES_SALES_4","0.27484784197682777","4","ft","LightGBM 💡","2026-04-08T22:08:08.000Z","REG_TEXT_VIDEO_GAMES_SALES","5226","e5-large","2.9967803955078125","39.99761962890625"
"light_REG_TEXT_VIDEO_GAMES_SALES_4","0.2983216701132859","4","all","LightGBM 💡","2026-04-08T22:07:23.000Z","REG_TEXT_VIDEO_GAMES_SALES","846","e5-large","1.6686172485351562","2.8779296875"
"tabpfnv2_REG_TEXT_VIDEO_GAMES_SALES_3","0.3460658990400238","3","ft","TabPFN-v2 🤯","2026-04-08T22:04:53.000Z","REG_TEXT_VIDEO_GAMES_SALES","5773","e5-large","3.2115516662597656","39.5517578125"
"tabpfnv2_REG_TEXT_VIDEO_GAMES_SALES_3","0.3047975622235406","3","all","TabPFN-v2 🤯","2026-04-08T22:04:52.000Z","REG_TEXT_VIDEO_GAMES_SALES","881","e5-large","2.29434585571289","2.8779296875"
"tabpfnv2p5_REG_TEXT_VIDEO_GAMES_SALES_3","0.4219049566343088","3","ft","TabPFN-v2p5 🇩🇪","2026-04-08T22:03:45.000Z","REG_TEXT_VIDEO_GAMES_SALES","5762","e5-large","2.9817581176757812","39.99761962890625"
"tabpfnv2p5_REG_TEXT_VIDEO_GAMES_SALES_3","0.4181425077770602","3","all","TabPFN-v2p5 🇩🇪","2026-04-08T21:53:59.000Z","REG_TEXT_VIDEO_GAMES_SALES","846","e5-large","1.7847404479980469","3.39019775390625"
"tabm_REG_TEXT_VIDEO_GAMES_SALES_3","0.5718743905903674","3","ft","TabM Ⓜ️","2026-04-08T21:51:07.000Z","REG_TEXT_VIDEO_GAMES_SALES","4041","e5-large","2.9954261779785156","39.99761962890625"
"tabm_REG_TEXT_VIDEO_GAMES_SALES_3","0.3206346220002979","3","all","TabM Ⓜ️","2026-04-08T21:50:59.000Z","REG_TEXT_VIDEO_GAMES_SALES","830","e5-large","2.1946563720703125","2.9052734375"
"cat_REG_TEXT_VIDEO_GAMES_SALES_3","0.4321660058441906","3","ft","CatBoost 😸","2026-04-08T21:44:37.000Z","REG_TEXT_VIDEO_GAMES_SALES","4047","e5-large","3.11751937866211","39.5810546875"
"cat_REG_TEXT_VIDEO_GAMES_SALES_3","0.38194198329419937","3","all","CatBoost 😸","2026-04-08T21:37:29.000Z","REG_TEXT_VIDEO_GAMES_SALES","814","e5-large","1.9285545349121096","3.39019775390625"
"light_REG_TEXT_VIDEO_GAMES_SALES_3","0.3669573928210974","3","ft","LightGBM 💡","2026-04-08T21:33:54.000Z","REG_TEXT_VIDEO_GAMES_SALES","4019","e5-large","3.1353759765625","39.5341796875"
"light_REG_TEXT_VIDEO_GAMES_SALES_3","0.3319867083942434","3","all","LightGBM 💡","2026-04-08T21:30:34.000Z","REG_TEXT_VIDEO_GAMES_SALES","837","e5-large","2.267444610595703","2.8779296875"
"tabpfnv2_REG_TEXT_VIDEO_GAMES_SALES_2","0.2433516323857572","2","ft","TabPFN-v2 🤯","2026-04-08T21:24:44.000Z","REG_TEXT_VIDEO_GAMES_SALES","6207","e5-large","2.9951400756835938","39.99761962890625"
"tabpfnv2_REG_TEXT_VIDEO_GAMES_SALES_2","0.21505618376716465","2","all","TabPFN-v2 🤯","2026-04-08T21:23:10.000Z","REG_TEXT_VIDEO_GAMES_SALES","852","e5-large","1.7079925537109375","3.39019775390625"
"tabpfnv2p5_REG_TEXT_VIDEO_GAMES_SALES_2","0.3123825031209504","2","ft","TabPFN-v2p5 🇩🇪","2026-04-08T21:21:00.000Z","REG_TEXT_VIDEO_GAMES_SALES","6218","e5-large","2.8779067993164062","39.99761962890625"
"tabpfnv2p5_REG_TEXT_VIDEO_GAMES_SALES_2","0.28130879865284975","2","all","TabPFN-v2p5 🇩🇪","2026-04-08T21:19:15.000Z","REG_TEXT_VIDEO_GAMES_SALES","874","e5-large","1.927764892578125","2.8779296875"
"tabm_REG_TEXT_VIDEO_GAMES_SALES_2","0.3858170711597758","2","ft","TabM Ⓜ️","2026-04-08T21:16:27.000Z","REG_TEXT_VIDEO_GAMES_SALES","6044","e5-large","2.8370361328125","39.99761962890625"
"tabm_REG_TEXT_VIDEO_GAMES_SALES_2","0.4349904473535795","2","all","TabM Ⓜ️","2026-04-08T21:16:26.000Z","REG_TEXT_VIDEO_GAMES_SALES","845","e5-large","2.2984352111816406","2.9052734375"
"cat_REG_TEXT_VIDEO_GAMES_SALES_2","0.27645364494541713","2","all","CatBoost 😸","2026-04-08T21:09:32.000Z","REG_TEXT_VIDEO_GAMES_SALES","813","e5-large","1.8928718566894531","3.39019775390625"
"light_REG_TEXT_VIDEO_GAMES_SALES_2","0.3262580793320582","2","ft","LightGBM 💡","2026-04-08T21:08:59.000Z","REG_TEXT_VIDEO_GAMES_SALES","5997","e5-large","2.8890914916992188","39.5810546875"
"light_REG_TEXT_VIDEO_GAMES_SALES_2","0.25039323608002395","2","all","LightGBM 💡","2026-04-08T21:07:34.000Z","REG_TEXT_VIDEO_GAMES_SALES","801","e5-large","1.6432876586914062","3.39019775390625"
"tabpfnv2_REG_TEXT_VIDEO_GAMES_SALES_1","0.3603709405552492","1","ft","TabPFN-v2 🤯","2026-04-08T21:04:30.000Z","REG_TEXT_VIDEO_GAMES_SALES","6684","e5-large","3.15372085571289","39.5830078125"
"tabpfnv2_REG_TEXT_VIDEO_GAMES_SALES_1","0.32700726982751427","1","all","TabPFN-v2 🤯","2026-04-08T21:01:15.000Z","REG_TEXT_VIDEO_GAMES_SALES","906","e5-large","2.1719398498535156","2.8779296875"
"tabpfnv2p5_REG_TEXT_VIDEO_GAMES_SALES_1","0.4535051138019395","1","ft","TabPFN-v2p5 🇩🇪","2026-04-08T20:58:20.000Z","REG_TEXT_VIDEO_GAMES_SALES","6635","e5-large","2.90374755859375","39.5517578125"
"tabpfnv2p5_REG_TEXT_VIDEO_GAMES_SALES_1","0.4183467773622171","1","all","TabPFN-v2p5 🇩🇪","2026-04-08T20:55:00.000Z","REG_TEXT_VIDEO_GAMES_SALES","873","e5-large","1.7079505920410156","2.8779296875"
"tabm_REG_TEXT_VIDEO_GAMES_SALES_1","0.5741636467018901","1","ft","TabM Ⓜ️","2026-04-08T20:52:50.000Z","REG_TEXT_VIDEO_GAMES_SALES","5249","e5-large","2.9655189514160156","39.99761962890625"
"tabm_REG_TEXT_VIDEO_GAMES_SALES_1","0.4132017505247906","1","all","TabM Ⓜ️","2026-04-08T20:50:11.000Z","REG_TEXT_VIDEO_GAMES_SALES","854","e5-large","1.7478408813476562","2.9052734375"
"cat_REG_TEXT_VIDEO_GAMES_SALES_1","0.4681297798909914","1","ft","CatBoost 😸","2026-04-08T20:49:45.000Z","REG_TEXT_VIDEO_GAMES_SALES","5225","e5-large","2.95218276977539","39.99761962890625"
"cat_REG_TEXT_VIDEO_GAMES_SALES_1","0.263225526871383","1","all","CatBoost 😸","2026-04-08T20:46:56.000Z","REG_TEXT_VIDEO_GAMES_SALES","852","e5-large","1.8268928527832031","2.8779296875"
"light_REG_TEXT_VIDEO_GAMES_SALES_1","0.5117363596805292","1","ft","LightGBM 💡","2026-04-08T20:41:38.000Z","REG_TEXT_VIDEO_GAMES_SALES","5219","e5-large","2.9950218200683594","39.99761962890625"
"light_REG_TEXT_VIDEO_GAMES_SALES_1","0.2799680227557406","1","all","LightGBM 💡","2026-04-08T20:39:28.000Z","REG_TEXT_VIDEO_GAMES_SALES","800","e5-large","1.6930503845214844","3.39019775390625"
"tabpfnv2_REG_TEXT_VIDEO_GAMES_SALES_0","0.35097742751804073","0","ft","TabPFN-v2 🤯","2026-04-08T20:36:57.000Z","REG_TEXT_VIDEO_GAMES_SALES","6644","e5-large","2.9062767028808594","39.5517578125"
"tabpfnv2_REG_TEXT_VIDEO_GAMES_SALES_0","0.31496291480381533","0","all","TabPFN-v2 🤯","2026-04-08T20:35:31.000Z","REG_TEXT_VIDEO_GAMES_SALES","849","e5-large","2.3646392822265625","3.39019775390625"
"tabpfnv2p5_REG_TEXT_VIDEO_GAMES_SALES_0","0.42085421016743","0","ft","TabPFN-v2p5 🇩🇪","2026-04-08T20:33:45.000Z","REG_TEXT_VIDEO_GAMES_SALES","6616","e5-large","3.1615638732910156","39.5517578125"
"tabpfnv2p5_REG_TEXT_VIDEO_GAMES_SALES_0","0.4279377189754209","0","all","TabPFN-v2p5 🇩🇪","2026-04-08T20:31:51.000Z","REG_TEXT_VIDEO_GAMES_SALES","901","e5-large","1.7191314697265625","2.8779296875"
"tabm_REG_TEXT_VIDEO_GAMES_SALES_0","0.4738734079980583","0","ft","TabM Ⓜ️","2026-04-08T20:29:53.000Z","REG_TEXT_VIDEO_GAMES_SALES","5625","e5-large","2.984657287597656","39.99761962890625"
"tabm_REG_TEXT_VIDEO_GAMES_SALES_0","0.4582706159568921","0","all","TabM Ⓜ️","2026-04-08T20:26:01.000Z","REG_TEXT_VIDEO_GAMES_SALES","804","e5-large","1.8620643615722656","3.41754150390625"
"cat_REG_TEXT_VIDEO_GAMES_SALES_0","0.4659258974181956","0","ft","CatBoost 😸","2026-04-08T20:19:51.000Z","REG_TEXT_VIDEO_GAMES_SALES","5642","e5-large","2.985485076904297","39.99761962890625"
"cat_REG_TEXT_VIDEO_GAMES_SALES_0","0.44521322999844015","0","all","CatBoost 😸","2026-04-08T20:19:10.000Z","REG_TEXT_VIDEO_GAMES_SALES","869","e5-large","2.3159828186035156","2.8779296875"
"light_REG_TEXT_VIDEO_GAMES_SALES_0","0.3754560073915514","0","ft","LightGBM 💡","2026-04-08T20:17:46.000Z","REG_TEXT_VIDEO_GAMES_SALES","5591","e5-large","3.0894813537597656","39.5810546875"
"light_REG_TEXT_VIDEO_GAMES_SALES_0","0.36809734925322257","0","all","LightGBM 💡","2026-04-08T20:16:27.000Z","REG_TEXT_VIDEO_GAMES_SALES","800","e5-large","1.9166145324707031","3.39019775390625"
"tabpfnv2_REG_TEXT_ROTTEN_TOMATOES_4","0.5253636980965413","4","ft","TabPFN-v2 🤯","2026-04-08T20:05:45.000Z","REG_TEXT_ROTTEN_TOMATOES","16448","e5-large","3.0278358459472656","39.99761962890625"
"tabpfnv2_REG_TEXT_ROTTEN_TOMATOES_4","0.492141407884736","4","all","TabPFN-v2 🤯","2026-04-08T19:58:41.000Z","REG_TEXT_ROTTEN_TOMATOES","3576","e5-large","2.2609405517578125","2.8779296875"
"tabpfnv2p5_REG_TEXT_ROTTEN_TOMATOES_4","0.5474250572448713","4","ft","TabPFN-v2p5 🇩🇪","2026-04-08T19:58:37.000Z","REG_TEXT_ROTTEN_TOMATOES","16390","e5-large","3.1923866271972656","39.5849609375"
"tabpfnv2p5_REG_TEXT_ROTTEN_TOMATOES_4","0.5318855703325989","4","all","TabPFN-v2p5 🇩🇪","2026-04-08T19:48:43.000Z","REG_TEXT_ROTTEN_TOMATOES","3683","e5-large","2.2143707275390625","2.8779296875"
"tabm_REG_TEXT_ROTTEN_TOMATOES_4","0.5268522985598021","4","ft","TabM Ⓜ️","2026-04-08T19:48:30.000Z","REG_TEXT_ROTTEN_TOMATOES","13256","e5-large","2.9974632263183594","39.99761962890625"
"tabm_REG_TEXT_ROTTEN_TOMATOES_4","0.47599150170131965","4","all","TabM Ⓜ️","2026-04-08T19:32:11.000Z","REG_TEXT_ROTTEN_TOMATOES","3225","e5-large","1.935955047607422","3.41949462890625"
"cat_REG_TEXT_ROTTEN_TOMATOES_4","0.5132215378936551","4","ft","CatBoost 😸","2026-04-08T19:05:21.000Z","REG_TEXT_ROTTEN_TOMATOES","13325","e5-large","3.05316162109375","39.5830078125"
"cat_REG_TEXT_ROTTEN_TOMATOES_4","0.47885841428895715","4","all","CatBoost 😸","2026-04-08T18:54:16.000Z","REG_TEXT_ROTTEN_TOMATOES","3250","e5-large","1.7065811157226562","3.39019775390625"
"light_REG_TEXT_ROTTEN_TOMATOES_4","0.4802493114390569","4","ft","LightGBM 💡","2026-04-08T18:46:43.000Z","REG_TEXT_ROTTEN_TOMATOES","13248","e5-large","3.0270957946777344","39.99761962890625"
"light_REG_TEXT_ROTTEN_TOMATOES_4","0.4483578059624016","4","all","LightGBM 💡","2026-04-08T18:38:25.000Z","REG_TEXT_ROTTEN_TOMATOES","3223","e5-large","1.731964111328125","3.39019775390625"
"tabpfnv2_REG_TEXT_ROTTEN_TOMATOES_3","0.5682171917465582","3","ft","TabPFN-v2 🤯","2026-04-08T18:08:03.000Z","REG_TEXT_ROTTEN_TOMATOES","16448","e5-large","3.0185699462890625","39.99761962890625"
"tabpfnv2_REG_TEXT_ROTTEN_TOMATOES_3","0.5397952673017766","3","all","TabPFN-v2 🤯","2026-04-08T18:06:21.000Z","REG_TEXT_ROTTEN_TOMATOES","3534","e5-large","2.0678062438964844","2.8779296875"
"tabpfnv2p5_REG_TEXT_ROTTEN_TOMATOES_3","0.5818655884634436","3","all","TabPFN-v2p5 🇩🇪","2026-04-08T17:57:35.000Z","REG_TEXT_ROTTEN_TOMATOES","3395","e5-large","2.0289878845214844","3.39019775390625"
"tabm_REG_TEXT_ROTTEN_TOMATOES_3","0.5601379573631025","3","ft","TabM Ⓜ️","2026-04-08T17:57:17.000Z","REG_TEXT_ROTTEN_TOMATOES","16561","e5-large","3.168994903564453","39.5810546875"
"tabm_REG_TEXT_ROTTEN_TOMATOES_3","0.5329781147389946","3","all","TabM Ⓜ️","2026-04-08T17:52:59.000Z","REG_TEXT_ROTTEN_TOMATOES","3218","e5-large","1.8658294677734375","3.41949462890625"
"cat_REG_TEXT_ROTTEN_TOMATOES_3","0.5499277682584734","3","ft","CatBoost 😸","2026-04-08T17:48:41.000Z","REG_TEXT_ROTTEN_TOMATOES","16612","e5-large","3.0228004455566406","39.99761962890625"
"cat_REG_TEXT_ROTTEN_TOMATOES_3","0.5272937255566401","3","all","CatBoost 😸","2026-04-08T17:44:03.000Z","REG_TEXT_ROTTEN_TOMATOES","3257","e5-large","1.7111167907714844","3.39019775390625"
"light_REG_TEXT_ROTTEN_TOMATOES_3","0.5194246494616148","3","ft","LightGBM 💡","2026-04-08T17:36:15.000Z","REG_TEXT_ROTTEN_TOMATOES","16659","e5-large","2.99051284790039","39.99761962890625"
"light_REG_TEXT_ROTTEN_TOMATOES_3","0.5050086117448093","3","all","LightGBM 💡","2026-04-08T17:14:20.000Z","REG_TEXT_ROTTEN_TOMATOES","3218","e5-large","1.73675537109375","3.39019775390625"
"tabpfnv2_REG_TEXT_ROTTEN_TOMATOES_2","0.6001350058199479","2","ft","TabPFN-v2 🤯","2026-04-08T17:08:22.000Z","REG_TEXT_ROTTEN_TOMATOES","18354","e5-large","2.95406723022461","39.5849609375"
"tabpfnv2_REG_TEXT_ROTTEN_TOMATOES_2","0.5768583572721323","2","all","TabPFN-v2 🤯","2026-04-08T17:07:18.000Z","REG_TEXT_ROTTEN_TOMATOES","3538","e5-large","2.0588111877441406","2.8779296875"
"tabpfnv2p5_REG_TEXT_ROTTEN_TOMATOES_2","0.6293841104016475","2","ft","TabPFN-v2p5 🇩🇪","2026-04-08T17:07:05.000Z","REG_TEXT_ROTTEN_TOMATOES","18193","e5-large","2.9527511596679688","39.5849609375"
"tabpfnv2p5_REG_TEXT_ROTTEN_TOMATOES_2","0.6174584039793142","2","all","TabPFN-v2p5 🇩🇪","2026-04-08T17:00:50.000Z","REG_TEXT_ROTTEN_TOMATOES","3399","e5-large","2.082965850830078","3.39019775390625"
"tabm_REG_TEXT_ROTTEN_TOMATOES_2","0.5906511387039122","2","ft","TabM Ⓜ️","2026-04-08T17:00:36.000Z","REG_TEXT_ROTTEN_TOMATOES","14896","e5-large","2.933452606201172","39.5830078125"
"tabm_REG_TEXT_ROTTEN_TOMATOES_2","0.5636672211449669","2","all","TabM Ⓜ️","2026-04-08T17:00:10.000Z","REG_TEXT_ROTTEN_TOMATOES","3326","e5-large","1.8725929260253904","2.9072265625"
"cat_REG_TEXT_ROTTEN_TOMATOES_2","0.5808252543999061","2","ft","CatBoost 😸","2026-04-08T16:59:16.000Z","REG_TEXT_ROTTEN_TOMATOES","15010","e5-large","2.9957046508789062","39.99761962890625"
"cat_REG_TEXT_ROTTEN_TOMATOES_2","0.5267031925050121","2","all","CatBoost 😸","2026-04-08T16:58:48.000Z","REG_TEXT_ROTTEN_TOMATOES","3247","e5-large","1.7733268737792969","3.39019775390625"
"light_REG_TEXT_ROTTEN_TOMATOES_2","0.5814743120714226","2","ft","LightGBM 💡","2026-04-08T16:58:29.000Z","REG_TEXT_ROTTEN_TOMATOES","14939","e5-large","2.940399169921875","39.99761962890625"
"light_REG_TEXT_ROTTEN_TOMATOES_2","0.5022026693832099","2","all","LightGBM 💡","2026-04-08T16:55:02.000Z","REG_TEXT_ROTTEN_TOMATOES","3216","e5-large","2.3355484008789062","3.39019775390625"
"tabpfnv2_REG_TEXT_ROTTEN_TOMATOES_1","0.6685509140169281","1","ft","TabPFN-v2 🤯","2026-04-08T16:50:16.000Z","REG_TEXT_ROTTEN_TOMATOES","16464","e5-large","2.893951416015625","39.99761962890625"
"tabpfnv2_REG_TEXT_ROTTEN_TOMATOES_1","0.6150591564131787","1","all","TabPFN-v2 🤯","2026-04-08T16:46:49.000Z","REG_TEXT_ROTTEN_TOMATOES","3428","e5-large","2.0321083068847656","3.39019775390625"
"tabpfnv2p5_REG_TEXT_ROTTEN_TOMATOES_1","0.6800276555192393","1","ft","TabPFN-v2p5 🇩🇪","2026-04-08T16:46:02.000Z","REG_TEXT_ROTTEN_TOMATOES","16388","e5-large","2.923809051513672","39.5849609375"
"tabpfnv2_REG_TEXT_ZOMATO_RESTAURANTS_2","0.7712407597608821","2","ft","TabPFN-v2 🤯","2026-04-08T16:45:15.000Z","REG_TEXT_ZOMATO_RESTAURANTS","80154","e5-large","3.5567665100097656","39.99761962890625"
"tabpfnv2p5_REG_TEXT_ROTTEN_TOMATOES_1","0.6180413957995576","1","all","TabPFN-v2p5 🇩🇪","2026-04-08T16:39:14.000Z","REG_TEXT_ROTTEN_TOMATOES","3414","e5-large","2.03023910522461","3.39019775390625"
"tabm_REG_TEXT_ROTTEN_TOMATOES_1","0.6225432019028785","1","ft","TabM Ⓜ️","2026-04-08T16:21:41.000Z","REG_TEXT_ROTTEN_TOMATOES","15002","e5-large","3.184398651123047","39.5830078125"
"tabm_REG_TEXT_ROTTEN_TOMATOES_1","0.6069977871961989","1","all","TabM Ⓜ️","2026-04-08T16:12:31.000Z","REG_TEXT_ROTTEN_TOMATOES","3347","e5-large","2.1384506225585938","2.9072265625"
"cat_REG_TEXT_ROTTEN_TOMATOES_1","0.618142071054617","1","ft","CatBoost 😸","2026-04-08T16:10:39.000Z","REG_TEXT_ROTTEN_TOMATOES","14946","e5-large","3.0032424926757812","39.99761962890625"
"cat_REG_TEXT_ROTTEN_TOMATOES_1","0.5834182379112405","1","all","CatBoost 😸","2026-04-08T16:10:35.000Z","REG_TEXT_ROTTEN_TOMATOES","3384","e5-large","2.0642547607421875","2.8779296875"
"light_REG_TEXT_ROTTEN_TOMATOES_1","0.6049105472202493","1","ft","LightGBM 💡","2026-04-08T16:09:36.000Z","REG_TEXT_ROTTEN_TOMATOES","14882","e5-large","3.1479530334472656","39.5830078125"
"light_REG_TEXT_ROTTEN_TOMATOES_1","0.5833740175200073","1","all","LightGBM 💡","2026-04-08T16:04:37.000Z","REG_TEXT_ROTTEN_TOMATOES","3227","e5-large","1.7424697875976562","3.39019775390625"
"tabpfnv2_REG_TEXT_ROTTEN_TOMATOES_0","0.5991385944914445","0","ft","TabPFN-v2 🤯","2026-04-08T16:01:50.000Z","REG_TEXT_ROTTEN_TOMATOES","16503","e5-large","2.9527816772460938","39.5849609375"
"tabpfnv2_REG_TEXT_ROTTEN_TOMATOES_0","0.5658012902307621","0","all","TabPFN-v2 🤯","2026-04-08T16:01:42.000Z","REG_TEXT_ROTTEN_TOMATOES","3418","e5-large","2.147106170654297","3.39019775390625"
"tabpfnv2p5_REG_TEXT_ROTTEN_TOMATOES_0","0.6166188850165004","0","ft","TabPFN-v2p5 🇩🇪","2026-04-08T16:01:37.000Z","REG_TEXT_ROTTEN_TOMATOES","16426","e5-large","2.9817428588867188","39.99761962890625"
"tabpfnv2p5_REG_TEXT_ROTTEN_TOMATOES_0","0.5983257687378014","0","all","TabPFN-v2p5 🇩🇪","2026-04-08T15:53:35.000Z","REG_TEXT_ROTTEN_TOMATOES","3394","e5-large","1.9741134643554688","3.39019775390625"
"tabm_REG_TEXT_ROTTEN_TOMATOES_0","0.5721584486000786","0","ft","TabM Ⓜ️","2026-04-08T15:42:20.000Z","REG_TEXT_ROTTEN_TOMATOES","16533","e5-large","4.009120941162109","39.5830078125"
"tabm_REG_TEXT_ROTTEN_TOMATOES_0","0.5569519825073568","0","all","TabM Ⓜ️","2026-04-08T15:24:18.000Z","REG_TEXT_ROTTEN_TOMATOES","3343","e5-large","2.353954315185547","2.9072265625"
"cat_REG_TEXT_ROTTEN_TOMATOES_0","0.5746207561450491","0","ft","CatBoost 😸","2026-04-08T15:20:52.000Z","REG_TEXT_ROTTEN_TOMATOES","16663","e5-large","2.853233337402344","39.5830078125"
"cat_REG_TEXT_ROTTEN_TOMATOES_0","0.5432530077431138","0","all","CatBoost 😸","2026-04-08T15:13:07.000Z","REG_TEXT_ROTTEN_TOMATOES","3383","e5-large","1.7299346923828125","2.8779296875"
"light_REG_TEXT_ROTTEN_TOMATOES_0","0.5573373382128244","0","ft","LightGBM 💡","2026-04-08T15:10:19.000Z","REG_TEXT_ROTTEN_TOMATOES","16697","e5-large","3.0414581298828125","39.5810546875"
"light_REG_TEXT_ROTTEN_TOMATOES_0","0.5404633899280824","0","all","LightGBM 💡","2026-04-08T15:07:59.000Z","REG_TEXT_ROTTEN_TOMATOES","3213","e5-large","1.7412185668945312","3.39019775390625"
"tabpfnv2_REG_TEXT_BOOK_READABILITY_4","0.851305328075264","4","ft","TabPFN-v2 🤯","2026-04-08T15:02:37.000Z","REG_TEXT_BOOK_READABILITY","7896","e5-large","3.0330047607421875","39.99761962890625"
"tabpfnv2_REG_TEXT_BOOK_READABILITY_4","0.8302652726284663","4","all","TabPFN-v2 🤯","2026-04-08T15:02:20.000Z","REG_TEXT_BOOK_READABILITY","1108","e5-large","1.7593650817871094","2.8779296875"
"tabpfnv2p5_REG_TEXT_BOOK_READABILITY_4","0.8548649402036048","4","ft","TabPFN-v2p5 🇩🇪","2026-04-08T14:56:13.000Z","REG_TEXT_BOOK_READABILITY","7856","e5-large","2.9985122680664062","39.5751953125"
"tabpfnv2p5_REG_TEXT_BOOK_READABILITY_4","0.8335938734078417","4","all","TabPFN-v2p5 🇩🇪","2026-04-08T14:54:48.000Z","REG_TEXT_BOOK_READABILITY","1093","e5-large","1.7128639221191406","2.8779296875"
"tabm_REG_TEXT_BOOK_READABILITY_4","0.8501491523215714","4","ft","TabM Ⓜ️","2026-04-08T14:54:19.000Z","REG_TEXT_BOOK_READABILITY","6651","e5-large","2.9677886962890625","39.99761962890625"
"tabm_REG_TEXT_BOOK_READABILITY_4","0.8330997838208906","4","all","TabM Ⓜ️","2026-04-08T14:52:21.000Z","REG_TEXT_BOOK_READABILITY","1073","e5-large","2.0765380859375","2.9052734375"
"cat_REG_TEXT_BOOK_READABILITY_4","0.8643063100576385","4","ft","CatBoost 😸","2026-04-08T14:51:49.000Z","REG_TEXT_BOOK_READABILITY","7694","e5-large","2.915477752685547","39.5556640625"
"cat_REG_TEXT_BOOK_READABILITY_4","0.8450282223497264","4","all","CatBoost 😸","2026-04-08T14:44:20.000Z","REG_TEXT_BOOK_READABILITY","1074","e5-large","1.8295211791992188","2.8779296875"
"light_REG_TEXT_BOOK_READABILITY_4","0.850507178784419","4","ft","LightGBM 💡","2026-04-08T14:38:48.000Z","REG_TEXT_BOOK_READABILITY","7678","e5-large","2.9925804138183594","39.99761962890625"
"light_REG_TEXT_BOOK_READABILITY_4","0.8394616290078564","4","all","LightGBM 💡","2026-04-08T14:37:39.000Z","REG_TEXT_BOOK_READABILITY","996","e5-large","1.6735801696777344","3.39019775390625"
"tabpfnv2_REG_TEXT_BOOK_READABILITY_3","0.8357400883149015","3","ft","TabPFN-v2 🤯","2026-04-08T14:34:41.000Z","REG_TEXT_BOOK_READABILITY","7876","e5-large","2.9117202758789062","39.5341796875"
"tabpfnv2_REG_TEXT_BOOK_READABILITY_3","0.8276754693493308","3","all","TabPFN-v2 🤯","2026-04-08T14:31:24.000Z","REG_TEXT_BOOK_READABILITY","1253","e5-large","1.95098876953125","2.8779296875"
"tabpfnv2p5_REG_TEXT_BOOK_READABILITY_3","0.8365471052892414","3","ft","TabPFN-v2p5 🇩🇪","2026-04-08T14:27:10.000Z","REG_TEXT_BOOK_READABILITY","7918","e5-large","2.99151611328125","39.99761962890625"
"tabpfnv2p5_REG_TEXT_BOOK_READABILITY_3","0.8463439624344956","3","all","TabPFN-v2p5 🇩🇪","2026-04-08T14:21:11.000Z","REG_TEXT_BOOK_READABILITY","1055","e5-large","1.7942733764648438","3.39019775390625"
"tabm_REG_TEXT_BOOK_READABILITY_3","0.8355969305229707","3","ft","TabM Ⓜ️","2026-04-08T14:20:01.000Z","REG_TEXT_BOOK_READABILITY","6628","e5-large","2.8222808837890625","39.5556640625"
"tabm_REG_TEXT_BOOK_READABILITY_3","0.8451556292761128","3","all","TabM Ⓜ️","2026-04-08T14:17:24.000Z","REG_TEXT_BOOK_READABILITY","1034","e5-large","1.7519989013671875","2.9052734375"
"cat_REG_TEXT_BOOK_READABILITY_3","0.8498037924320665","3","ft","CatBoost 😸","2026-04-08T14:11:38.000Z","REG_TEXT_BOOK_READABILITY","6777","e5-large","2.9193763732910156","39.99761962890625"
"cat_REG_TEXT_BOOK_READABILITY_3","0.8321557181307188","3","all","CatBoost 😸","2026-04-08T14:07:59.000Z","REG_TEXT_BOOK_READABILITY","1143","e5-large","1.9137039184570312","3.39019775390625"
"light_REG_TEXT_BOOK_READABILITY_3","0.8322599216216043","3","ft","LightGBM 💡","2026-04-08T14:04:34.000Z","REG_TEXT_BOOK_READABILITY","10225","e5-large","3.0040435791015625","39.99761962890625"
"light_REG_TEXT_BOOK_READABILITY_3","0.797613928754312","3","all","LightGBM 💡","2026-04-08T14:04:29.000Z","REG_TEXT_BOOK_READABILITY","997","e5-large","1.6610145568847656","3.39019775390625"
"tabpfnv2_REG_TEXT_BOOK_READABILITY_2","0.8908106764020517","2","ft","TabPFN-v2 🤯","2026-04-08T14:01:53.000Z","REG_TEXT_BOOK_READABILITY","10716","e5-large","3.0826416015625","39.5478515625"
"tabpfnv2_REG_TEXT_BOOK_READABILITY_2","0.8424227051176916","2","all","TabPFN-v2 🤯","2026-04-08T14:01:33.000Z","REG_TEXT_BOOK_READABILITY","1101","e5-large","1.7287483215332031","2.8779296875"
"tabpfnv2p5_REG_TEXT_BOOK_READABILITY_2","0.9017154721343508","2","ft","TabPFN-v2p5 🇩🇪","2026-04-08T13:59:36.000Z","REG_TEXT_BOOK_READABILITY","10775","e5-large","3.0125274658203125","39.99761962890625"
"tabpfnv2p5_REG_TEXT_BOOK_READABILITY_2","0.8547279101970662","2","all","TabPFN-v2p5 🇩🇪","2026-04-08T13:59:07.000Z","REG_TEXT_BOOK_READABILITY","1092","e5-large","1.9818801879882812","2.8779296875"
"tabm_REG_TEXT_BOOK_READABILITY_2","0.8629773123250736","2","ft","TabM Ⓜ️","2026-04-08T13:56:23.000Z","REG_TEXT_BOOK_READABILITY","8164","e5-large","3.1530990600585938","39.5556640625"
"tabm_REG_TEXT_BOOK_READABILITY_2","0.8297987665424693","2","all","TabM Ⓜ️","2026-04-08T13:54:56.000Z","REG_TEXT_BOOK_READABILITY","999","e5-large","1.8369064331054688","3.41558837890625"
"cat_REG_TEXT_BOOK_READABILITY_2","0.8702564969345604","2","ft","CatBoost 😸","2026-04-08T13:53:43.000Z","REG_TEXT_BOOK_READABILITY","8212","e5-large","2.9885215759277344","39.99761962890625"
"cat_REG_TEXT_BOOK_READABILITY_2","0.8334326630561335","2","all","CatBoost 😸","2026-04-08T13:50:52.000Z","REG_TEXT_BOOK_READABILITY","1024","e5-large","2.1247024536132812","3.39019775390625"
"light_REG_TEXT_BOOK_READABILITY_2","0.8726022224892184","2","ft","LightGBM 💡","2026-04-08T13:45:23.000Z","REG_TEXT_BOOK_READABILITY","8176","e5-large","3.014190673828125","39.99761962890625"
"light_REG_TEXT_BOOK_READABILITY_2","0.8301998893881136","2","all","LightGBM 💡","2026-04-08T13:44:20.000Z","REG_TEXT_BOOK_READABILITY","1030","e5-large","1.9863014221191408","2.8779296875"
"tabpfnv2_REG_TEXT_BOOK_READABILITY_1","0.8501918786874623","1","ft","TabPFN-v2 🤯","2026-04-08T13:39:30.000Z","REG_TEXT_BOOK_READABILITY","7364","e5-large","3.2646751403808594","39.5810546875"
"tabpfnv2_REG_TEXT_BOOK_READABILITY_1","0.8382127597613639","1","all","TabPFN-v2 🤯","2026-04-08T13:27:41.000Z","REG_TEXT_BOOK_READABILITY","1056","e5-large","1.8262367248535156","3.39019775390625"
"light_REG_TEXT_SCIMAGOJR_IMPACT_4","0.8783643727235908","4","ft","LightGBM 💡","2026-04-08T13:26:27.000Z","REG_TEXT_SCIMAGOJR_IMPACT","23955","e5-large","3.035289764404297","39.99761962890625"
"tabpfnv2p5_REG_TEXT_BOOK_READABILITY_1","0.8513183660107091","1","ft","TabPFN-v2p5 🇩🇪","2026-04-08T13:21:48.000Z","REG_TEXT_BOOK_READABILITY","7343","e5-large","2.8778762817382812","39.5361328125"
"tabpfnv2p5_REG_TEXT_BOOK_READABILITY_1","0.8474834053760827","1","all","TabPFN-v2p5 🇩🇪","2026-04-08T13:21:14.000Z","REG_TEXT_BOOK_READABILITY","1092","e5-large","2.0353469848632812","2.8779296875"
"tabm_REG_TEXT_BOOK_READABILITY_1","0.8103835207734139","1","ft","TabM Ⓜ️","2026-04-08T13:20:15.000Z","REG_TEXT_BOOK_READABILITY","6138","e5-large","3.014076232910156","39.99761962890625"
"tabm_REG_TEXT_BOOK_READABILITY_1","0.8091065149175662","1","all","TabM Ⓜ️","2026-04-08T13:03:57.000Z","REG_TEXT_BOOK_READABILITY","1035","e5-large","1.7561111450195312","2.9052734375"
"cat_REG_TEXT_BOOK_READABILITY_1","0.8114270871555047","1","ft","CatBoost 😸","2026-04-08T12:55:06.000Z","REG_TEXT_BOOK_READABILITY","6149","e5-large","3.0572433471679688","39.99761962890625"
"cat_REG_TEXT_BOOK_READABILITY_1","0.8144169592171482","1","all","CatBoost 😸","2026-04-08T12:38:09.000Z","REG_TEXT_BOOK_READABILITY","1012","e5-large","1.8565521240234375","3.39019775390625"
"light_REG_TEXT_BOOK_READABILITY_1","0.8165811663087907","1","ft","LightGBM 💡","2026-04-08T12:22:15.000Z","REG_TEXT_BOOK_READABILITY","6134","e5-large","2.9354896545410156","39.99761962890625"
"light_REG_TEXT_BOOK_READABILITY_1","0.796613048824504","1","all","LightGBM 💡","2026-04-08T12:21:26.000Z","REG_TEXT_BOOK_READABILITY","999","e5-large","2.2904510498046875","3.39019775390625"
"tabpfnv2_REG_TEXT_BOOK_READABILITY_0","0.8273967319971378","0","ft","TabPFN-v2 🤯","2026-04-08T12:12:35.000Z","REG_TEXT_BOOK_READABILITY","9548","e5-large","2.9926910400390625","39.5830078125"
"tabpfnv2_REG_TEXT_BOOK_READABILITY_0","0.8007718928850687","0","all","TabPFN-v2 🤯","2026-04-08T11:53:59.000Z","REG_TEXT_BOOK_READABILITY","1109","e5-large","1.998687744140625","2.8779296875"
"tabpfnv2p5_REG_TEXT_BOOK_READABILITY_0","0.8314641880580176","0","ft","TabPFN-v2p5 🇩🇪","2026-04-08T11:43:15.000Z","REG_TEXT_BOOK_READABILITY","8471","e5-large","3.0592269897460938","39.99761962890625"
"tabpfnv2p5_REG_TEXT_BOOK_READABILITY_0","0.8145494452018935","0","all","TabPFN-v2p5 🇩🇪","2026-04-08T11:34:24.000Z","REG_TEXT_BOOK_READABILITY","1168","e5-large","1.7251014709472656","2.8779296875"
"tabm_REG_TEXT_BOOK_READABILITY_0","0.7934715969767215","0","ft","TabM Ⓜ️","2026-04-08T11:21:54.000Z","REG_TEXT_BOOK_READABILITY","6118","e5-large","2.8911666870117188","39.5458984375"
"tabm_REG_TEXT_BOOK_READABILITY_0","0.7880855849674298","0","all","TabM Ⓜ️","2026-04-08T11:17:06.000Z","REG_TEXT_BOOK_READABILITY","1036","e5-large","1.9216346740722656","2.9052734375"
"cat_REG_TEXT_SCIMAGOJR_IMPACT_3","0.8566668708415199","3","ft","CatBoost 😸","2026-04-08T11:08:35.000Z","REG_TEXT_SCIMAGOJR_IMPACT","31796","e5-large","3.184589385986328","39.5654296875"
"tabpfnv2p5_REG_TEXT_SCIMAGOJR_IMPACT_1","0.9066932797431946","1","ft","TabPFN-v2p5 🇩🇪","2026-04-08T11:05:15.000Z","REG_TEXT_SCIMAGOJR_IMPACT","33068","e5-large","3.0461502075195312","39.99761962890625"
"cat_REG_TEXT_ZOMATO_RESTAURANTS_1","0.8319905143646232","1","ft","CatBoost 😸","2026-04-08T11:02:59.000Z","REG_TEXT_ZOMATO_RESTAURANTS","46435","e5-large","3.598915100097656","39.99761962890625"
"tabpfnv2_REG_TEXT_ZOMATO_RESTAURANTS_0","0.7704798813200098","0","ft","TabPFN-v2 🤯","2026-04-08T11:02:02.000Z","REG_TEXT_ZOMATO_RESTAURANTS","80591","e5-large","3.58001708984375","39.99761962890625"
"cat_REG_TEXT_BOOK_READABILITY_0","0.8120646590994346","0","ft","CatBoost 😸","2026-04-08T08:17:05.000Z","REG_TEXT_BOOK_READABILITY","8212","e5-large","2.961212158203125","39.99761962890625"
"cat_REG_TEXT_BOOK_READABILITY_0","0.7968074751421688","0","all","CatBoost 😸","2026-04-08T08:14:18.000Z","REG_TEXT_BOOK_READABILITY","1025","e5-large","2.353984832763672","3.39019775390625"
"tabpfnv2_REG_TEXT_ZOMATO_RESTAURANTS_4","0.7745608094287457","4","ft","TabPFN-v2 🤯","2026-04-08T08:05:35.000Z","REG_TEXT_ZOMATO_RESTAURANTS","78850","e5-large","3.550189971923828","39.99761962890625"
"tabpfnv2p5_REG_TEXT_ZOMATO_RESTAURANTS_1","0.850475973154726","1","ft","TabPFN-v2p5 🇩🇪","2026-04-08T08:02:31.000Z","REG_TEXT_ZOMATO_RESTAURANTS","64759","e5-large","3.8124771118164062","39.5810546875"
"light_REG_TEXT_BOOK_READABILITY_0","0.7877257816837757","0","ft","LightGBM 💡","2026-04-08T06:15:23.000Z","REG_TEXT_BOOK_READABILITY","6145","e5-large","2.89794921875","39.5517578125"
"light_REG_TEXT_BOOK_READABILITY_0","0.7844817973409053","0","all","LightGBM 💡","2026-04-08T06:13:12.000Z","REG_TEXT_BOOK_READABILITY","997","e5-large","1.6603050231933594","3.39019775390625"
"tabpfnv2_REG_TEXT_SCIMAGOJR_IMPACT_4","0.8729537725448608","4","ft","TabPFN-v2 🤯","2026-04-08T05:56:51.000Z","REG_TEXT_SCIMAGOJR_IMPACT","33062","e5-large","3.0327377319335938","39.99761962890625"
"tabpfnv2_REG_TEXT_SCIMAGOJR_IMPACT_4","0.8800870180130005","4","all","TabPFN-v2 🤯","2026-04-08T05:52:56.000Z","REG_TEXT_SCIMAGOJR_IMPACT","4261","e5-large","2.261634826660156","3.39019775390625"
"tabpfnv2p5_REG_TEXT_SCIMAGOJR_IMPACT_4","0.8930568695068359","4","ft","TabPFN-v2p5 🇩🇪","2026-04-08T05:49:10.000Z","REG_TEXT_SCIMAGOJR_IMPACT","32815","e5-large","3.1010704040527344","39.5185546875"
"tabpfnv2p5_REG_TEXT_SCIMAGOJR_IMPACT_4","0.8979629278182983","4","all","TabPFN-v2p5 🇩🇪","2026-04-08T05:45:56.000Z","REG_TEXT_SCIMAGOJR_IMPACT","4338","e5-large","2.1026153564453125","2.8779296875"
"tabm_REG_TEXT_SCIMAGOJR_IMPACT_4","0.8888844847679138","4","ft","TabM Ⓜ️","2026-04-08T05:42:42.000Z","REG_TEXT_SCIMAGOJR_IMPACT","23968","e5-large","3.0290260314941406","39.99761962890625"
"tabm_REG_TEXT_SCIMAGOJR_IMPACT_4","0.8854672908782959","4","all","TabM Ⓜ️","2026-04-08T05:42:07.000Z","REG_TEXT_SCIMAGOJR_IMPACT","4144","e5-large","2.021099090576172","2.9072265625"
"cat_REG_TEXT_SCIMAGOJR_IMPACT_4","0.8779768469328444","4","ft","CatBoost 😸","2026-04-08T05:41:03.000Z","REG_TEXT_SCIMAGOJR_IMPACT","24018","e5-large","3.0028724670410156","39.99761962890625"
"cat_REG_TEXT_SCIMAGOJR_IMPACT_4","0.8738289544796357","4","all","CatBoost 😸","2026-04-08T05:17:41.000Z","REG_TEXT_SCIMAGOJR_IMPACT","4041","e5-large","2.012237548828125","3.39019775390625"
"light_REG_TEXT_SCIMAGOJR_IMPACT_4","0.8611099014963256","4","all","LightGBM 💡","2026-04-08T05:06:16.000Z","REG_TEXT_SCIMAGOJR_IMPACT","4014","e5-large","1.7901039123535156","3.39019775390625"
"tabpfnv2_REG_TEXT_SCIMAGOJR_IMPACT_3","0.8839349746704102","3","ft","TabPFN-v2 🤯","2026-04-08T04:53:55.000Z","REG_TEXT_SCIMAGOJR_IMPACT","32870","e5-large","3.23651123046875","39.5498046875"
"tabpfnv2_REG_TEXT_SCIMAGOJR_IMPACT_3","0.8803996443748474","3","all","TabPFN-v2 🤯","2026-04-08T04:45:48.000Z","REG_TEXT_SCIMAGOJR_IMPACT","4255","e5-large","2.3271636962890625","3.39019775390625"
"tabpfnv2p5_REG_TEXT_SCIMAGOJR_IMPACT_3","0.8614504337310791","3","ft","TabPFN-v2p5 🇩🇪","2026-04-08T04:42:48.000Z","REG_TEXT_SCIMAGOJR_IMPACT","33050","e5-large","3.0163345336914062","39.99761962890625"
"tabpfnv2p5_REG_TEXT_SCIMAGOJR_IMPACT_3","0.8615602254867554","3","all","TabPFN-v2p5 🇩🇪","2026-04-08T04:36:19.000Z","REG_TEXT_SCIMAGOJR_IMPACT","4362","e5-large","2.0103111267089844","2.8779296875"
"tabm_REG_TEXT_SCIMAGOJR_IMPACT_3","0.883165717124939","3","ft","TabM Ⓜ️","2026-04-08T04:34:26.000Z","REG_TEXT_SCIMAGOJR_IMPACT","31915","e5-large","3.0195541381835938","39.99761962890625"
"tabm_REG_TEXT_SCIMAGOJR_IMPACT_3","0.885164201259613","3","all","TabM Ⓜ️","2026-04-08T04:33:58.000Z","REG_TEXT_SCIMAGOJR_IMPACT","4019","e5-large","2.224994659423828","3.41949462890625"
"tabpfnv2p5_REG_TEXT_SCIMAGOJR_IMPACT_2","0.8889357447624207","2","ft","TabPFN-v2p5 🇩🇪","2026-04-08T04:31:17.000Z","REG_TEXT_SCIMAGOJR_IMPACT","31730","e5-large","3.012012481689453","39.99761962890625"
"cat_REG_TEXT_SCIMAGOJR_IMPACT_1","0.8830830943792658","1","ft","CatBoost 😸","2026-04-08T04:29:30.000Z","REG_TEXT_SCIMAGOJR_IMPACT","26021","e5-large","2.9547157287597656","39.99761962890625"
"tabm_REG_TEXT_ZOMATO_RESTAURANTS_3","0.854215613672934","3","ft","TabM Ⓜ️","2026-04-08T04:29:04.000Z","REG_TEXT_ZOMATO_RESTAURANTS","60435","e5-large","3.5984039306640625","39.99761962890625"
"cat_REG_TEXT_SCIMAGOJR_IMPACT_0","0.8894940872056376","0","ft","CatBoost 😸","2026-04-08T03:07:44.000Z","REG_TEXT_SCIMAGOJR_IMPACT","27171","e5-large","3.0629234313964844","39.99761962890625"
"tabpfnv2_REG_TEXT_SCIMAGOJR_IMPACT_1","0.878467857837677","1","ft","TabPFN-v2 🤯","2026-04-08T00:21:06.000Z","REG_TEXT_SCIMAGOJR_IMPACT","32848","e5-large","3.1892242431640625","39.5498046875"
"light_REG_TEXT_SCIMAGOJR_IMPACT_1","0.8703782158272668","1","ft","LightGBM 💡","2026-04-07T23:22:43.000Z","REG_TEXT_SCIMAGOJR_IMPACT","26045","e5-large","3.1925697326660156","39.5654296875"
"tabm_REG_TEXT_SCIMAGOJR_IMPACT_0","0.8902983665466309","0","ft","TabM Ⓜ️","2026-04-07T22:57:16.000Z","REG_TEXT_SCIMAGOJR_IMPACT","26993","e5-large","3.043739318847656","39.99761962890625"
"tabpfnv2p5_REG_TEXT_ZOMATO_RESTAURANTS_4","0.8466742368879513","4","ft","TabPFN-v2p5 🇩🇪","2026-04-07T22:52:05.000Z","REG_TEXT_ZOMATO_RESTAURANTS","78566","e5-large","3.5714111328125","39.99761962890625"
"tabpfnv2_REG_TEXT_ZOMATO_RESTAURANTS_3","0.774168720154878","3","ft","TabPFN-v2 🤯","2026-04-07T22:46:11.000Z","REG_TEXT_ZOMATO_RESTAURANTS","61639","e5-large","3.5537033081054688","39.99761962890625"
"tabpfnv2p5_REG_TEXT_ZOMATO_RESTAURANTS_0","0.8563881071482934","0","ft","TabPFN-v2p5 🇩🇪","2026-04-07T22:41:10.000Z","REG_TEXT_ZOMATO_RESTAURANTS","80024","e5-large","3.8207778930664062","39.5810546875"
"tabm_REG_TEXT_ZOMATO_RESTAURANTS_0","0.8445422085309453","0","ft","TabM Ⓜ️","2026-04-07T22:39:01.000Z","REG_TEXT_ZOMATO_RESTAURANTS","69794","e5-large","3.5874671936035156","39.5615234375"
"cat_REG_TEXT_SCIMAGOJR_IMPACT_3","0.8569087616243439","3","all","CatBoost 😸","2026-04-07T21:02:30.000Z","REG_TEXT_SCIMAGOJR_IMPACT","4191","e5-large","1.8876609802246096","2.8779296875"
"light_REG_TEXT_SCIMAGOJR_IMPACT_3","0.8550223163790844","3","ft","LightGBM 💡","2026-04-07T20:57:20.000Z","REG_TEXT_SCIMAGOJR_IMPACT","31709","e5-large","3.161731719970703","39.5810546875"
"light_REG_TEXT_SCIMAGOJR_IMPACT_3","0.852911580457623","3","all","LightGBM 💡","2026-04-07T20:55:25.000Z","REG_TEXT_SCIMAGOJR_IMPACT","4106","e5-large","1.751750946044922","2.8779296875"
"tabpfnv2_REG_TEXT_SCIMAGOJR_IMPACT_2","0.8787010312080383","2","ft","TabPFN-v2 🤯","2026-04-07T20:53:49.000Z","REG_TEXT_SCIMAGOJR_IMPACT","31728","e5-large","3.0896987915039062","39.99761962890625"
"tabpfnv2_REG_TEXT_SCIMAGOJR_IMPACT_2","0.8810651898384094","2","all","TabPFN-v2 🤯","2026-04-07T20:49:41.000Z","REG_TEXT_SCIMAGOJR_IMPACT","3837","e5-large","2.361431121826172","3.39019775390625"
"tabpfnv2p5_REG_TEXT_SCIMAGOJR_IMPACT_2","0.8959057331085205","2","all","TabPFN-v2p5 🇩🇪","2026-04-07T20:48:19.000Z","REG_TEXT_SCIMAGOJR_IMPACT","3813","e5-large","1.9898529052734375","3.39019775390625"
"tabm_REG_TEXT_SCIMAGOJR_IMPACT_2","0.881051778793335","2","ft","TabM Ⓜ️","2026-04-07T20:48:10.000Z","REG_TEXT_SCIMAGOJR_IMPACT","23411","e5-large","3.018596649169922","39.99761962890625"
"tabm_REG_TEXT_SCIMAGOJR_IMPACT_2","0.8732851147651672","2","all","TabM Ⓜ️","2026-04-07T20:45:45.000Z","REG_TEXT_SCIMAGOJR_IMPACT","3612","e5-large","2.352436065673828","3.42144775390625"
"cat_REG_TEXT_SCIMAGOJR_IMPACT_2","0.8670899251495743","2","ft","CatBoost 😸","2026-04-07T20:44:53.000Z","REG_TEXT_SCIMAGOJR_IMPACT","23316","e5-large","3.0477867126464844","39.5751953125"
"cat_REG_TEXT_SCIMAGOJR_IMPACT_2","0.867037990579119","2","all","CatBoost 😸","2026-04-07T20:43:16.000Z","REG_TEXT_SCIMAGOJR_IMPACT","3771","e5-large","1.9327049255371096","2.8779296875"
"light_REG_TEXT_SCIMAGOJR_IMPACT_2","0.8481613488421965","2","ft","LightGBM 💡","2026-04-07T20:41:44.000Z","REG_TEXT_SCIMAGOJR_IMPACT","23406","e5-large","2.975360870361328","39.99761962890625"
"light_REG_TEXT_SCIMAGOJR_IMPACT_2","0.855420367005598","2","all","LightGBM 💡","2026-04-07T20:39:27.000Z","REG_TEXT_SCIMAGOJR_IMPACT","3609","e5-large","1.6666183471679688","3.39019775390625"
"tabpfnv2_REG_TEXT_SCIMAGOJR_IMPACT_1","0.880364179611206","1","all","TabPFN-v2 🤯","2026-04-07T19:38:37.000Z","REG_TEXT_SCIMAGOJR_IMPACT","4261","e5-large","2.3593521118164062","3.39019775390625"
"tabpfnv2p5_REG_TEXT_SCIMAGOJR_IMPACT_1","0.906874418258667","1","all","TabPFN-v2p5 🇩🇪","2026-04-07T19:19:06.000Z","REG_TEXT_SCIMAGOJR_IMPACT","4625","e5-large","2.0889129638671875","2.8779296875"
"tabpfnv2_REG_TEXT_SCIMAGOJR_IMPACT_0","0.8982546925544739","0","all","TabPFN-v2 🤯","2026-04-07T19:17:41.000Z","REG_TEXT_SCIMAGOJR_IMPACT","4271","e5-large","2.623554229736328","3.39019775390625"
"tabpfnv2p5_REG_TEXT_SCIMAGOJR_IMPACT_0","0.8972269892692566","0","all","TabPFN-v2p5 🇩🇪","2026-04-07T19:03:00.000Z","REG_TEXT_SCIMAGOJR_IMPACT","4218","e5-large","2.373340606689453","3.39019775390625"
"tabpfnv2_REG_TEXT_MONTGOMERY_SALARIES_2","0.9699403742944808","2","all","TabPFN-v2 🤯","2026-04-07T18:52:47.000Z","REG_TEXT_MONTGOMERY_SALARIES","1573","e5-large","2.2718734741210938","2.8779296875"
"cat_REG_TEXT_ZOMATO_RESTAURANTS_4","0.83466405021196","4","ft","CatBoost 😸","2026-04-07T18:39:18.000Z","REG_TEXT_ZOMATO_RESTAURANTS","59018","e5-large","3.555213928222656","39.99761962890625"
"cat_REG_TEXT_ZOMATO_RESTAURANTS_3","0.836265508809555","3","ft","CatBoost 😸","2026-04-07T18:39:17.000Z","REG_TEXT_ZOMATO_RESTAURANTS","59862","e5-large","3.6974563598632817","39.5849609375"
"light_REG_TEXT_ZOMATO_RESTAURANTS_1","0.8072370895888579","1","ft","LightGBM 💡","2026-04-07T18:38:31.000Z","REG_TEXT_ZOMATO_RESTAURANTS","46558","e5-large","3.57681655883789","39.99761962890625"
"tabpfnv2p5_REG_TEXT_MERCARI_MARKETPLACE_0","0.4790942842577044","0","ft","TabPFN-v2p5 🇩🇪","2026-04-07T18:33:46.000Z","REG_TEXT_MERCARI_MARKETPLACE","10587","e5-large","3.0276947021484375","39.99761962890625"
"tabpfnv2p5_REG_TEXT_BABIES_PRICES_4","0.9107751689428222","4","ft","TabPFN-v2p5 🇩🇪","2026-04-07T18:32:20.000Z","REG_TEXT_BABIES_PRICES","17418","e5-large","3.237213134765625","39.5537109375"
"cat_REG_TEXT_BABIES_PRICES_1","0.9316603897533576","1","ft","CatBoost 😸","2026-04-07T18:32:15.000Z","REG_TEXT_BABIES_PRICES","13601","e5-large","2.91424560546875","39.5556640625"
"tabm_MUL_TEXT_US_ACCIDENTS_1","0.9694437311274544","1","ft","TabM Ⓜ️","2026-04-07T18:32:01.000Z","MUL_TEXT_US_ACCIDENTS","30532","e5-large","2.9782676696777344","39.99761962890625"
"tabpfnv2p5_MUL_TEXT_US_ACCIDENTS_0","0.9835185771517106","0","ft","TabPFN-v2p5 🇩🇪","2026-04-07T18:19:04.000Z","MUL_TEXT_US_ACCIDENTS","27618","e5-large","3.041675567626953","39.99761962890625"
"tabm_REG_TEXT_SCIMAGOJR_IMPACT_1","0.8903544545173645","1","ft","TabM Ⓜ️","2026-04-07T17:13:12.000Z","REG_TEXT_SCIMAGOJR_IMPACT","25871","e5-large","3.073291778564453","39.5810546875"
"tabm_REG_TEXT_SCIMAGOJR_IMPACT_1","0.8935449719429016","1","all","TabM Ⓜ️","2026-04-07T17:11:47.000Z","REG_TEXT_SCIMAGOJR_IMPACT","4032","e5-large","2.126110076904297","3.41949462890625"
"cat_REG_TEXT_SCIMAGOJR_IMPACT_1","0.8916193921427016","1","all","CatBoost 😸","2026-04-07T17:10:21.000Z","REG_TEXT_SCIMAGOJR_IMPACT","4045","e5-large","2.19437026977539","3.39019775390625"
"light_REG_TEXT_SCIMAGOJR_IMPACT_1","0.8729231683241181","1","all","LightGBM 💡","2026-04-07T16:50:25.000Z","REG_TEXT_SCIMAGOJR_IMPACT","4014","e5-large","2.33560562133789","3.39019775390625"
"tabpfnv2_REG_TEXT_SCIMAGOJR_IMPACT_0","0.9038403630256652","0","ft","TabPFN-v2 🤯","2026-04-07T16:39:18.000Z","REG_TEXT_SCIMAGOJR_IMPACT","22008","e5-large","3.0605621337890625","39.99761962890625"
"tabpfnv2p5_REG_TEXT_SCIMAGOJR_IMPACT_0","0.9012343287467957","0","ft","TabPFN-v2p5 🇩🇪","2026-04-07T16:31:09.000Z","REG_TEXT_SCIMAGOJR_IMPACT","21899","e5-large","2.997386932373047","39.5498046875"
"tabm_REG_TEXT_SCIMAGOJR_IMPACT_0","0.8903781175613403","0","all","TabM Ⓜ️","2026-04-07T16:27:00.000Z","REG_TEXT_SCIMAGOJR_IMPACT","3617","e5-large","1.9005813598632812","3.42144775390625"
"cat_REG_TEXT_SCIMAGOJR_IMPACT_0","0.8875405618939891","0","all","CatBoost 😸","2026-04-07T16:09:20.000Z","REG_TEXT_SCIMAGOJR_IMPACT","3826","e5-large","1.969806671142578","2.8779296875"
"tabpfnv2p5_REG_TEXT_MONTGOMERY_SALARIES_1","0.9726396490159356","1","ft","TabPFN-v2p5 🇩🇪","2026-04-07T15:59:41.000Z","REG_TEXT_MONTGOMERY_SALARIES","12466","e5-large","2.954456329345703","39.99761962890625"
"tabpfnv2_REG_TEXT_MONTGOMERY_SALARIES_0","0.9846824250599344","0","ft","TabPFN-v2 🤯","2026-04-07T15:53:02.000Z","REG_TEXT_MONTGOMERY_SALARIES","17501","e5-large","2.946300506591797","39.5849609375"
"cat_REG_TEXT_MONTGOMERY_SALARIES_0","0.9826026860257844","0","ft","CatBoost 😸","2026-04-07T15:46:09.000Z","REG_TEXT_MONTGOMERY_SALARIES","14499","e5-large","3.0228004455566406","39.99761962890625"
"tabpfnv2_REG_TEXT_VANCOUVER_SALARIES_3","0.7705728349322102","3","ft","TabPFN-v2 🤯","2026-04-07T15:23:20.000Z","REG_TEXT_VANCOUVER_SALARIES","7975","e5-large","3.168811798095703","39.5517578125"
"tabpfnv2_REG_TEXT_VANCOUVER_SALARIES_1","0.747333696871221","1","ft","TabPFN-v2 🤯","2026-04-07T15:20:06.000Z","REG_TEXT_VANCOUVER_SALARIES","6695","e5-large","2.9602012634277344","39.99761962890625"
"tabpfnv2p5_REG_TEXT_ZOMATO_RESTAURANTS_3","0.8538267611357812","3","ft","TabPFN-v2p5 🇩🇪","2026-04-07T15:02:22.000Z","REG_TEXT_ZOMATO_RESTAURANTS","61909","e5-large","3.6357688903808594","39.99761962890625"
"cat_REG_TEXT_MERCARI_MARKETPLACE_4","0.4960635126886894","4","ft","CatBoost 😸","2026-04-07T14:30:50.000Z","REG_TEXT_MERCARI_MARKETPLACE","15710","e5-large","3.1279449462890625","39.5419921875"
"light_REG_TEXT_MERCARI_MARKETPLACE_3","0.4268368133083856","3","ft","LightGBM 💡","2026-04-07T14:28:44.000Z","REG_TEXT_MERCARI_MARKETPLACE","10900","e5-large","2.9653282165527344","39.99761962890625"
"tabm_REG_TEXT_MERCARI_MARKETPLACE_2","0.5244381655572441","2","ft","TabM Ⓜ️","2026-04-07T14:27:07.000Z","REG_TEXT_MERCARI_MARKETPLACE","10836","e5-large","3.1792221069335938","39.99761962890625"
"tabm_REG_TEXT_MERCARI_MARKETPLACE_2","0.4813573615906085","2","all","TabM Ⓜ️","2026-04-07T14:21:44.000Z","REG_TEXT_MERCARI_MARKETPLACE","2431","e5-large","1.9171791076660156","3.42144775390625"
"cat_REG_TEXT_MERCARI_MARKETPLACE_2","0.5069392349040658","2","ft","CatBoost 😸","2026-04-07T12:22:15.000Z","REG_TEXT_MERCARI_MARKETPLACE","10861","e5-large","3.2386474609375","39.5830078125"
"tabpfnv2_REG_TEXT_MERCARI_MARKETPLACE_0","0.4404045239536344","0","ft","TabPFN-v2 🤯","2026-04-07T11:44:45.000Z","REG_TEXT_MERCARI_MARKETPLACE","10699","e5-large","2.93697738647461","39.5556640625"
"tabpfnv2_REG_TEXT_MERCARI_MARKETPLACE_0","0.4228110930159814","0","all","TabPFN-v2 🤯","2026-04-07T11:44:12.000Z","REG_TEXT_MERCARI_MARKETPLACE","2575","e5-large","2.0312538146972656","3.39019775390625"
"tabm_REG_TEXT_MERCARI_MARKETPLACE_0","0.48862046541679705","0","ft","TabM Ⓜ️","2026-04-07T11:38:42.000Z","REG_TEXT_MERCARI_MARKETPLACE","13280","e5-large","3.09029769897461","39.99761962890625"
"cat_REG_TEXT_MERCARI_MARKETPLACE_0","0.4659706642721262","0","ft","CatBoost 😸","2026-04-07T11:38:09.000Z","REG_TEXT_MERCARI_MARKETPLACE","13258","e5-large","3.1359329223632812","39.99761962890625"
"tabpfnv2p5_REG_TEXT_BOOK_PRICE_3","0.5903685952555219","3","ft","TabPFN-v2p5 🇩🇪","2026-04-07T11:36:09.000Z","REG_TEXT_BOOK_PRICE","7483","e5-large","3.026042938232422","39.99761962890625"
"tabm_REG_TEXT_BOOK_PRICE_3","0.574865618714022","3","ft","TabM Ⓜ️","2026-04-07T11:36:09.000Z","REG_TEXT_BOOK_PRICE","5789","e5-large","3.1048851013183594","39.99761962890625"
"tabpfnv2p5_REG_TEXT_BOOK_PRICE_2","0.60699772621575","2","ft","TabPFN-v2p5 🇩🇪","2026-04-07T11:36:07.000Z","REG_TEXT_BOOK_PRICE","6473","e5-large","2.998451232910156","39.99761962890625"
"cat_REG_TEXT_BOOK_PRICE_3","0.5916384100638037","3","ft","CatBoost 😸","2026-04-07T11:36:07.000Z","REG_TEXT_BOOK_PRICE","5808","e5-large","2.983966827392578","39.99761962890625"
"tabpfnv2_REG_TEXT_BABIES_PRICES_4","0.9171108427748365","4","ft","TabPFN-v2 🤯","2026-04-07T11:34:54.000Z","REG_TEXT_BABIES_PRICES","17522","e5-large","3.686100006103515","39.99761962890625"
"tabpfnv2p5_REG_TEXT_BABIES_PRICES_4","0.8843931447215562","4","all","TabPFN-v2p5 🇩🇪","2026-04-07T11:22:14.000Z","REG_TEXT_BABIES_PRICES","756","e5-large","1.7468185424804688","3.39215087890625"
"light_REG_TEXT_BABIES_PRICES_1","0.92727094844225","1","ft","LightGBM 💡","2026-04-07T11:10:29.000Z","REG_TEXT_BABIES_PRICES","13639","e5-large","2.9672889709472656","39.99761962890625"
"tabpfnv2_REG_TEXT_BABIES_PRICES_0","0.9190722927133932","0","ft","TabPFN-v2 🤯","2026-04-07T11:09:34.000Z","REG_TEXT_BABIES_PRICES","20447","e5-large","3.020160675048828","39.99761962890625"
"cat_REG_TEXT_BABIES_PRICES_0","0.8962049299951098","0","ft","CatBoost 😸","2026-04-07T11:07:45.000Z","REG_TEXT_BABIES_PRICES","11451","e5-large","3.03665542602539","39.99761962890625"
"tabpfnv2p5_MUL_TEXT_US_ACCIDENTS_4","0.990654693451998","4","ft","TabPFN-v2p5 🇩🇪","2026-04-07T10:50:40.000Z","MUL_TEXT_US_ACCIDENTS","23515","e5-large","3.1912078857421875","39.99761962890625"
"light_REG_TEXT_BABIES_PRICES_0","0.8824348516776263","0","ft","LightGBM 💡","2026-04-07T10:50:40.000Z","REG_TEXT_BABIES_PRICES","11488","e5-large","3.025066375732422","39.99761962890625"
"tabpfnv2p5_MUL_TEXT_US_ACCIDENTS_4","0.9855906479869292","4","all","TabPFN-v2p5 🇩🇪","2026-04-07T10:37:10.000Z","MUL_TEXT_US_ACCIDENTS","4048","e5-large","2.1072044372558594","2.8779296875"
"tabm_MUL_TEXT_US_ACCIDENTS_4","0.9830870316637248","4","ft","TabM Ⓜ️","2026-04-07T10:10:00.000Z","MUL_TEXT_US_ACCIDENTS","26902","e5-large","3.283252716064453","39.5712890625"
"tabm_MUL_TEXT_US_ACCIDENTS_4","0.977562875145965","4","all","TabM Ⓜ️","2026-04-07T09:32:04.000Z","MUL_TEXT_US_ACCIDENTS","3901","e5-large","2.3138275146484375","2.9111328125"
"tabpfnv2_MUL_TEXT_US_ACCIDENTS_3","0.977307783883022","3","ft","TabPFN-v2 🤯","2026-04-07T09:32:02.000Z","MUL_TEXT_US_ACCIDENTS","23829","e5-large","3.1674232482910156","39.5791015625"
"cat_MUL_TEXT_US_ACCIDENTS_3","0.97435263627455","3","ft","CatBoost 😸","2026-04-07T09:31:29.000Z","MUL_TEXT_US_ACCIDENTS","30569","e5-large","3.2789268493652344","39.5830078125"
"tabpfnv2p5_MUL_TEXT_US_ACCIDENTS_1","0.9781697851845376","1","ft","TabPFN-v2p5 🇩🇪","2026-04-07T09:27:38.000Z","MUL_TEXT_US_ACCIDENTS","23515","e5-large","3.06549072265625","39.99761962890625"
"light_MUL_TEXT_US_ACCIDENTS_1","0.9669358298304878","1","ft","LightGBM 💡","2026-04-07T09:23:21.000Z","MUL_TEXT_US_ACCIDENTS","30503","e5-large","3.1051559448242188","39.99761962890625"
"tabpfnv2_MUL_TEXT_US_ACCIDENTS_0","0.9785262861426748","0","ft","TabPFN-v2 🤯","2026-04-07T09:20:08.000Z","MUL_TEXT_US_ACCIDENTS","27564","e5-large","2.9322433471679688","39.5810546875"
"tabm_MUL_TEXT_US_ACCIDENTS_0","0.9769741943949168","0","ft","TabM Ⓜ️","2026-04-07T09:12:48.000Z","MUL_TEXT_US_ACCIDENTS","28729","e5-large","3.0114479064941406","39.99761962890625"
"light_REG_TEXT_SCIMAGOJR_IMPACT_0","0.8798680225586359","0","ft","LightGBM 💡","2026-04-07T09:09:16.000Z","REG_TEXT_SCIMAGOJR_IMPACT","26995","e5-large","3.0160140991210938","39.99761962890625"
"light_REG_TEXT_SCIMAGOJR_IMPACT_0","0.8720449002427003","0","all","LightGBM 💡","2026-04-07T09:07:57.000Z","REG_TEXT_SCIMAGOJR_IMPACT","3717","e5-large","1.5953140258789062","2.8779296875"
"tabpfnv2_REG_TEXT_MONTGOMERY_SALARIES_4","0.9802873556182644","4","ft","TabPFN-v2 🤯","2026-04-07T09:04:54.000Z","REG_TEXT_MONTGOMERY_SALARIES","14693","e5-large","3.0228958129882812","39.99761962890625"
"tabpfnv2_REG_TEXT_MONTGOMERY_SALARIES_4","0.9737298631047994","4","all","TabPFN-v2 🤯","2026-04-07T09:02:09.000Z","REG_TEXT_MONTGOMERY_SALARIES","1372","e5-large","2.14520263671875","3.39019775390625"
"tabpfnv2p5_REG_TEXT_MONTGOMERY_SALARIES_4","0.981606406980454","4","ft","TabPFN-v2p5 🇩🇪","2026-04-07T09:01:46.000Z","REG_TEXT_MONTGOMERY_SALARIES","14701","e5-large","3.012615203857422","39.99761962890625"
"tabpfnv2p5_REG_TEXT_MONTGOMERY_SALARIES_4","0.9766635466901056","4","all","TabPFN-v2p5 🇩🇪","2026-04-07T09:00:36.000Z","REG_TEXT_MONTGOMERY_SALARIES","1359","e5-large","1.9478912353515625","3.39019775390625"
"tabm_REG_TEXT_MONTGOMERY_SALARIES_4","0.9728444307297788","4","ft","TabM Ⓜ️","2026-04-07T08:58:44.000Z","REG_TEXT_MONTGOMERY_SALARIES","12603","e5-large","2.9730682373046875","39.5654296875"
"tabm_REG_TEXT_MONTGOMERY_SALARIES_4","0.9693134861481258","4","all","TabM Ⓜ️","2026-04-07T08:57:43.000Z","REG_TEXT_MONTGOMERY_SALARIES","1337","e5-large","2.187164306640625","2.9091796875"
"cat_REG_TEXT_MONTGOMERY_SALARIES_4","0.9735508358993156","4","ft","CatBoost 😸","2026-04-07T08:56:00.000Z","REG_TEXT_MONTGOMERY_SALARIES","12627","e5-large","2.945152282714844","39.5654296875"
"cat_REG_TEXT_MONTGOMERY_SALARIES_4","0.9701585488859998","4","all","CatBoost 😸","2026-04-07T08:55:02.000Z","REG_TEXT_MONTGOMERY_SALARIES","1306","e5-large","1.914703369140625","3.39019775390625"
"light_REG_TEXT_MONTGOMERY_SALARIES_4","0.9685625101093114","4","ft","LightGBM 💡","2026-04-07T08:51:45.000Z","REG_TEXT_MONTGOMERY_SALARIES","12624","e5-large","3.104534149169922","39.5498046875"
"light_REG_TEXT_MONTGOMERY_SALARIES_4","0.9700363775691702","4","all","LightGBM 💡","2026-04-07T08:51:16.000Z","REG_TEXT_MONTGOMERY_SALARIES","1285","e5-large","1.9221420288085935","3.39019775390625"
"tabpfnv2_REG_TEXT_MONTGOMERY_SALARIES_3","0.9859974305069348","3","ft","TabPFN-v2 🤯","2026-04-07T08:43:32.000Z","REG_TEXT_MONTGOMERY_SALARIES","14690","e5-large","2.9796142578125","39.99761962890625"
"tabpfnv2_REG_TEXT_MONTGOMERY_SALARIES_3","0.9862821970709033","3","all","TabPFN-v2 🤯","2026-04-07T08:42:04.000Z","REG_TEXT_MONTGOMERY_SALARIES","1367","e5-large","2.4110679626464844","3.39019775390625"
"tabpfnv2p5_REG_TEXT_MONTGOMERY_SALARIES_3","0.9879075568518844","3","ft","TabPFN-v2p5 🇩🇪","2026-04-07T08:39:23.000Z","REG_TEXT_MONTGOMERY_SALARIES","14683","e5-large","2.990947723388672","39.99761962890625"
"tabpfnv2p5_REG_TEXT_MONTGOMERY_SALARIES_3","0.9866593551363262","3","all","TabPFN-v2p5 🇩🇪","2026-04-07T08:39:00.000Z","REG_TEXT_MONTGOMERY_SALARIES","1363","e5-large","1.9012451171875","3.39019775390625"
"tabm_REG_TEXT_MONTGOMERY_SALARIES_3","0.9845968572869512","3","ft","TabM Ⓜ️","2026-04-07T08:35:37.000Z","REG_TEXT_MONTGOMERY_SALARIES","15147","e5-large","2.9826812744140625","39.99761962890625"
"tabm_REG_TEXT_MONTGOMERY_SALARIES_3","0.9824596744727676","3","all","TabM Ⓜ️","2026-04-07T08:35:18.000Z","REG_TEXT_MONTGOMERY_SALARIES","1341","e5-large","2.0158424377441406","2.9091796875"
"cat_REG_TEXT_MONTGOMERY_SALARIES_3","0.9817104931797866","3","ft","CatBoost 😸","2026-04-07T08:34:48.000Z","REG_TEXT_MONTGOMERY_SALARIES","15289","e5-large","2.854766845703125","39.5654296875"
"cat_REG_TEXT_MONTGOMERY_SALARIES_3","0.9795833539934172","3","all","CatBoost 😸","2026-04-07T08:33:11.000Z","REG_TEXT_MONTGOMERY_SALARIES","1306","e5-large","1.9008827209472656","3.39019775390625"
"light_REG_TEXT_MONTGOMERY_SALARIES_3","0.9799479471179208","3","ft","LightGBM 💡","2026-04-07T08:29:28.000Z","REG_TEXT_MONTGOMERY_SALARIES","15200","e5-large","2.9927978515625","39.99761962890625"
"light_REG_TEXT_MONTGOMERY_SALARIES_3","0.9773126626607492","3","all","LightGBM 💡","2026-04-07T08:29:16.000Z","REG_TEXT_MONTGOMERY_SALARIES","1323","e5-large","2.2584800720214844","2.8779296875"
"tabpfnv2_REG_TEXT_MONTGOMERY_SALARIES_2","0.9707309161710964","2","ft","TabPFN-v2 🤯","2026-04-07T08:25:47.000Z","REG_TEXT_MONTGOMERY_SALARIES","16184","e5-large","2.9439620971679688","39.99761962890625"
"tabpfnv2p5_REG_TEXT_MONTGOMERY_SALARIES_2","0.9889107281435976","2","ft","TabPFN-v2p5 🇩🇪","2026-04-07T08:23:48.000Z","REG_TEXT_MONTGOMERY_SALARIES","16046","e5-large","2.9095535278320312","39.5849609375"
"tabpfnv2p5_REG_TEXT_MONTGOMERY_SALARIES_2","0.988817152765792","2","all","TabPFN-v2p5 🇩🇪","2026-04-07T08:19:18.000Z","REG_TEXT_MONTGOMERY_SALARIES","1358","e5-large","1.9046707153320312","3.39019775390625"
"tabm_REG_TEXT_MONTGOMERY_SALARIES_2","0.9862005345268736","2","ft","TabM Ⓜ️","2026-04-07T08:14:38.000Z","REG_TEXT_MONTGOMERY_SALARIES","10545","e5-large","2.997814178466797","39.99761962890625"
"tabm_REG_TEXT_MONTGOMERY_SALARIES_2","0.9865127618406534","2","all","TabM Ⓜ️","2026-04-07T08:13:55.000Z","REG_TEXT_MONTGOMERY_SALARIES","1299","e5-large","1.8820648193359375","3.42144775390625"
"cat_REG_TEXT_MONTGOMERY_SALARIES_2","0.9747642038374268","2","ft","CatBoost 😸","2026-04-07T08:12:56.000Z","REG_TEXT_MONTGOMERY_SALARIES","10593","e5-large","3.0487289428710938","39.99761962890625"
"cat_REG_TEXT_MONTGOMERY_SALARIES_2","0.9737719348741772","2","all","CatBoost 😸","2026-04-07T08:12:29.000Z","REG_TEXT_MONTGOMERY_SALARIES","1365","e5-large","1.729167938232422","2.8779296875"
"light_REG_TEXT_MONTGOMERY_SALARIES_2","0.9772497390675856","2","ft","LightGBM 💡","2026-04-07T08:12:08.000Z","REG_TEXT_MONTGOMERY_SALARIES","10533","e5-large","2.988941192626953","39.99761962890625"
"light_REG_TEXT_MONTGOMERY_SALARIES_2","0.9735979789511302","2","all","LightGBM 💡","2026-04-07T08:11:41.000Z","REG_TEXT_MONTGOMERY_SALARIES","1286","e5-large","1.749004364013672","3.39019775390625"
"tabpfnv2_REG_TEXT_MONTGOMERY_SALARIES_1","0.969398804681774","1","ft","TabPFN-v2 🤯","2026-04-07T08:10:12.000Z","REG_TEXT_MONTGOMERY_SALARIES","12471","e5-large","2.9406661987304688","39.99761962890625"
"tabpfnv2_REG_TEXT_MONTGOMERY_SALARIES_1","0.960964309018174","1","all","TabPFN-v2 🤯","2026-04-07T08:06:26.000Z","REG_TEXT_MONTGOMERY_SALARIES","1376","e5-large","1.8902587890625","3.39019775390625"
"tabpfnv2p5_REG_TEXT_MONTGOMERY_SALARIES_1","0.9652193132614628","1","all","TabPFN-v2p5 🇩🇪","2026-04-07T08:01:44.000Z","REG_TEXT_MONTGOMERY_SALARIES","1362","e5-large","1.918292999267578","3.39019775390625"
"tabm_REG_TEXT_MONTGOMERY_SALARIES_1","0.9665117139868356","1","ft","TabM Ⓜ️","2026-04-07T07:59:20.000Z","REG_TEXT_MONTGOMERY_SALARIES","12516","e5-large","2.9811363220214844","39.99761962890625"
"tabm_REG_TEXT_MONTGOMERY_SALARIES_1","0.9587912479203546","1","all","TabM Ⓜ️","2026-04-07T07:57:40.000Z","REG_TEXT_MONTGOMERY_SALARIES","1294","e5-large","1.845294952392578","3.42144775390625"
"cat_REG_TEXT_MONTGOMERY_SALARIES_1","0.9601358843276016","1","ft","CatBoost 😸","2026-04-07T07:53:22.000Z","REG_TEXT_MONTGOMERY_SALARIES","12527","e5-large","2.970134735107422","39.99761962890625"
"cat_REG_TEXT_MONTGOMERY_SALARIES_1","0.9552051132567214","1","all","CatBoost 😸","2026-04-07T07:52:47.000Z","REG_TEXT_MONTGOMERY_SALARIES","1308","e5-large","2.227397918701172","3.39019775390625"
"light_REG_TEXT_MONTGOMERY_SALARIES_1","0.9592607460308062","1","ft","LightGBM 💡","2026-04-07T07:51:35.000Z","REG_TEXT_MONTGOMERY_SALARIES","12575","e5-large","2.980255126953125","39.99761962890625"
"light_REG_TEXT_MONTGOMERY_SALARIES_1","0.9503883230337792","1","all","LightGBM 💡","2026-04-07T07:51:21.000Z","REG_TEXT_MONTGOMERY_SALARIES","1289","e5-large","1.71905517578125","3.39019775390625"
"tabpfnv2_REG_TEXT_MONTGOMERY_SALARIES_0","0.9833456157060054","0","all","TabPFN-v2 🤯","2026-04-07T07:47:19.000Z","REG_TEXT_MONTGOMERY_SALARIES","1369","e5-large","2.2760276794433594","3.39019775390625"
"tabpfnv2p5_REG_TEXT_MONTGOMERY_SALARIES_0","0.9880894537411712","0","ft","TabPFN-v2p5 🇩🇪","2026-04-07T07:44:19.000Z","REG_TEXT_MONTGOMERY_SALARIES","17480","e5-large","3.01510238647461","39.5849609375"
"tabpfnv2p5_REG_TEXT_MONTGOMERY_SALARIES_0","0.985698804839195","0","all","TabPFN-v2p5 🇩🇪","2026-04-07T07:43:33.000Z","REG_TEXT_MONTGOMERY_SALARIES","1368","e5-large","1.7678375244140625","3.39019775390625"
"tabm_REG_TEXT_MONTGOMERY_SALARIES_0","0.9839501613465552","0","ft","TabM Ⓜ️","2026-04-07T07:40:21.000Z","REG_TEXT_MONTGOMERY_SALARIES","14512","e5-large","3.00235366821289","39.99761962890625"
"tabm_REG_TEXT_MONTGOMERY_SALARIES_0","0.9823191285343384","0","all","TabM Ⓜ️","2026-04-07T07:40:08.000Z","REG_TEXT_MONTGOMERY_SALARIES","1294","e5-large","1.8782463073730469","3.41949462890625"
"cat_REG_TEXT_MONTGOMERY_SALARIES_0","0.9799197729155692","0","all","CatBoost 😸","2026-04-07T07:37:27.000Z","REG_TEXT_MONTGOMERY_SALARIES","1307","e5-large","1.8218650817871096","3.39019775390625"
"light_REG_TEXT_MONTGOMERY_SALARIES_0","0.9758637924146196","0","ft","LightGBM 💡","2026-04-07T07:36:21.000Z","REG_TEXT_MONTGOMERY_SALARIES","14538","e5-large","2.961505889892578","39.99761962890625"
"light_REG_TEXT_MONTGOMERY_SALARIES_0","0.9789014145536368","0","all","LightGBM 💡","2026-04-07T07:36:11.000Z","REG_TEXT_MONTGOMERY_SALARIES","1284","e5-large","1.7146072387695312","3.39019775390625"
"tabpfnv2_REG_TEXT_VANCOUVER_SALARIES_4","0.7845641941961438","4","ft","TabPFN-v2 🤯","2026-04-07T07:32:56.000Z","REG_TEXT_VANCOUVER_SALARIES","5776","e5-large","2.9875335693359375","39.99761962890625"
"tabpfnv2_REG_TEXT_VANCOUVER_SALARIES_4","0.7726587739726937","4","all","TabPFN-v2 🤯","2026-04-07T07:32:49.000Z","REG_TEXT_VANCOUVER_SALARIES","863","e5-large","1.9450569152832031","3.39019775390625"
"tabpfnv2p5_REG_TEXT_VANCOUVER_SALARIES_4","0.8206478322842843","4","ft","TabPFN-v2p5 🇩🇪","2026-04-07T07:31:36.000Z","REG_TEXT_VANCOUVER_SALARIES","5775","e5-large","2.916473388671875","39.5830078125"
"tabpfnv2p5_REG_TEXT_VANCOUVER_SALARIES_4","0.8115103630308954","4","all","TabPFN-v2p5 🇩🇪","2026-04-07T07:29:07.000Z","REG_TEXT_VANCOUVER_SALARIES","863","e5-large","1.7811241149902344","3.39019775390625"
"tabm_REG_TEXT_VANCOUVER_SALARIES_4","0.7899258351697575","4","ft","TabM Ⓜ️","2026-04-07T07:27:58.000Z","REG_TEXT_VANCOUVER_SALARIES","5649","e5-large","2.9989547729492188","39.99761962890625"
"tabm_REG_TEXT_VANCOUVER_SALARIES_4","0.7814926419564467","4","all","TabM Ⓜ️","2026-04-07T07:26:24.000Z","REG_TEXT_VANCOUVER_SALARIES","820","e5-large","1.86871337890625","3.41754150390625"
"cat_REG_TEXT_VANCOUVER_SALARIES_4","0.8026981413381169","4","ft","CatBoost 😸","2026-04-07T07:26:23.000Z","REG_TEXT_VANCOUVER_SALARIES","5647","e5-large","2.9706344604492188","39.99761962890625"
"cat_REG_TEXT_VANCOUVER_SALARIES_4","0.7847556383173282","4","all","CatBoost 😸","2026-04-07T07:26:03.000Z","REG_TEXT_VANCOUVER_SALARIES","826","e5-large","1.7985153198242188","3.39019775390625"
"light_REG_TEXT_VANCOUVER_SALARIES_4","0.7912583361731457","4","ft","LightGBM 💡","2026-04-07T07:25:13.000Z","REG_TEXT_VANCOUVER_SALARIES","5605","e5-large","2.9294967651367188","39.5810546875"
"light_REG_TEXT_VANCOUVER_SALARIES_4","0.766213976687625","4","all","LightGBM 💡","2026-04-07T07:19:20.000Z","REG_TEXT_VANCOUVER_SALARIES","811","e5-large","1.6922645568847656","3.39019775390625"
"tabpfnv2_REG_TEXT_VANCOUVER_SALARIES_3","0.7458422060284429","3","all","TabPFN-v2 🤯","2026-04-07T07:16:32.000Z","REG_TEXT_VANCOUVER_SALARIES","899","e5-large","2.191509246826172","2.8779296875"
"tabpfnv2p5_REG_TEXT_VANCOUVER_SALARIES_3","0.8033067178891815","3","ft","TabPFN-v2p5 🇩🇪","2026-04-07T07:14:04.000Z","REG_TEXT_VANCOUVER_SALARIES","8007","e5-large","2.993125915527344","39.99761962890625"
"tabpfnv2p5_REG_TEXT_VANCOUVER_SALARIES_3","0.8096459852605875","3","all","TabPFN-v2p5 🇩🇪","2026-04-07T07:11:59.000Z","REG_TEXT_VANCOUVER_SALARIES","859","e5-large","1.772663116455078","3.39019775390625"
"tabm_REG_TEXT_VANCOUVER_SALARIES_3","0.7919921242230424","3","ft","TabM Ⓜ️","2026-04-07T07:10:30.000Z","REG_TEXT_VANCOUVER_SALARIES","6041","e5-large","2.96475601196289","39.99761962890625"
"tabm_REG_TEXT_VANCOUVER_SALARIES_3","0.7705980440171002","3","all","TabM Ⓜ️","2026-04-07T07:00:19.000Z","REG_TEXT_VANCOUVER_SALARIES","819","e5-large","1.837909698486328","3.41754150390625"
"cat_REG_TEXT_VANCOUVER_SALARIES_3","0.7934692060428788","3","ft","CatBoost 😸","2026-04-07T06:57:27.000Z","REG_TEXT_VANCOUVER_SALARIES","6089","e5-large","2.9999351501464844","39.99761962890625"
"cat_REG_TEXT_VANCOUVER_SALARIES_3","0.7725116318891697","3","all","CatBoost 😸","2026-04-07T06:54:45.000Z","REG_TEXT_VANCOUVER_SALARIES","943","e5-large","2.118072509765625","3.39019775390625"
"light_REG_TEXT_VANCOUVER_SALARIES_3","0.761304017306226","3","ft","LightGBM 💡","2026-04-07T06:52:34.000Z","REG_TEXT_VANCOUVER_SALARIES","6131","e5-large","2.9600372314453125","39.5341796875"
"light_REG_TEXT_VANCOUVER_SALARIES_3","0.748191419155759","3","all","LightGBM 💡","2026-04-07T06:46:44.000Z","REG_TEXT_VANCOUVER_SALARIES","813","e5-large","1.6473541259765625","3.39019775390625"
"tabpfnv2_REG_TEXT_VANCOUVER_SALARIES_2","0.7442941242725725","2","ft","TabPFN-v2 🤯","2026-04-07T06:44:51.000Z","REG_TEXT_VANCOUVER_SALARIES","7115","e5-large","2.85806655883789","39.99761962890625"
"tabpfnv2_REG_TEXT_VANCOUVER_SALARIES_2","0.7393351171307003","2","all","TabPFN-v2 🤯","2026-04-07T06:42:57.000Z","REG_TEXT_VANCOUVER_SALARIES","868","e5-large","1.8329086303710935","3.39019775390625"
"tabpfnv2p5_REG_TEXT_VANCOUVER_SALARIES_2","0.7659206546296369","2","ft","TabPFN-v2p5 🇩🇪","2026-04-07T06:40:41.000Z","REG_TEXT_VANCOUVER_SALARIES","7115","e5-large","2.9898223876953125","39.99761962890625"
"tabpfnv2p5_REG_TEXT_VANCOUVER_SALARIES_2","0.7616797567987307","2","all","TabPFN-v2p5 🇩🇪","2026-04-07T06:40:20.000Z","REG_TEXT_VANCOUVER_SALARIES","859","e5-large","1.9273147583007812","3.39019775390625"
"tabm_REG_TEXT_VANCOUVER_SALARIES_2","0.7505381970607461","2","ft","TabM Ⓜ️","2026-04-07T06:35:47.000Z","REG_TEXT_VANCOUVER_SALARIES","6807","e5-large","3.1452674865722656","39.5810546875"
"tabm_REG_TEXT_VANCOUVER_SALARIES_2","0.7403393804616656","2","all","TabM Ⓜ️","2026-04-07T06:32:59.000Z","REG_TEXT_VANCOUVER_SALARIES","820","e5-large","1.870380401611328","3.41754150390625"
"cat_REG_TEXT_VANCOUVER_SALARIES_2","0.7531984804148877","2","ft","CatBoost 😸","2026-04-07T06:31:26.000Z","REG_TEXT_VANCOUVER_SALARIES","6855","e5-large","3.0040283203125","39.99761962890625"
"cat_REG_TEXT_VANCOUVER_SALARIES_2","0.7291397576555845","2","all","CatBoost 😸","2026-04-07T06:31:02.000Z","REG_TEXT_VANCOUVER_SALARIES","824","e5-large","1.7556610107421875","3.39019775390625"
"light_REG_TEXT_VANCOUVER_SALARIES_2","0.7414137646400567","2","ft","LightGBM 💡","2026-04-07T06:30:13.000Z","REG_TEXT_VANCOUVER_SALARIES","6811","e5-large","2.907817840576172","39.5341796875"
"light_REG_TEXT_VANCOUVER_SALARIES_2","0.718868193774041","2","all","LightGBM 💡","2026-04-07T06:29:18.000Z","REG_TEXT_VANCOUVER_SALARIES","814","e5-large","1.6863555908203125","3.39019775390625"
"tabpfnv2_REG_TEXT_VANCOUVER_SALARIES_1","0.7095702036890681","1","all","TabPFN-v2 🤯","2026-04-07T06:26:07.000Z","REG_TEXT_VANCOUVER_SALARIES","867","e5-large","1.7455673217773438","3.39019775390625"
"tabpfnv2p5_REG_TEXT_VANCOUVER_SALARIES_1","0.7870856917065459","1","ft","TabPFN-v2p5 🇩🇪","2026-04-07T06:21:54.000Z","REG_TEXT_VANCOUVER_SALARIES","6626","e5-large","2.859405517578125","39.5830078125"
"tabpfnv2p5_REG_TEXT_VANCOUVER_SALARIES_1","0.7760226575652751","1","all","TabPFN-v2p5 🇩🇪","2026-04-07T06:20:54.000Z","REG_TEXT_VANCOUVER_SALARIES","888","e5-large","1.6308097839355469","2.8779296875"
"tabm_REG_TEXT_VANCOUVER_SALARIES_1","0.7599847233937482","1","ft","TabM Ⓜ️","2026-04-07T06:19:44.000Z","REG_TEXT_VANCOUVER_SALARIES","6848","e5-large","2.830028533935547","39.99761962890625"
"tabm_REG_TEXT_VANCOUVER_SALARIES_1","0.7529803220971487","1","all","TabM Ⓜ️","2026-04-07T06:19:12.000Z","REG_TEXT_VANCOUVER_SALARIES","822","e5-large","1.8751182556152344","3.41754150390625"
"cat_REG_TEXT_VANCOUVER_SALARIES_1","0.7663383173174318","1","ft","CatBoost 😸","2026-04-07T06:17:48.000Z","REG_TEXT_VANCOUVER_SALARIES","6855","e5-large","3.0031661987304688","39.99761962890625"
"cat_REG_TEXT_VANCOUVER_SALARIES_1","0.7505782598938828","1","all","CatBoost 😸","2026-04-07T06:17:36.000Z","REG_TEXT_VANCOUVER_SALARIES","824","e5-large","1.763019561767578","3.39019775390625"
"light_REG_TEXT_VANCOUVER_SALARIES_1","0.766378501602049","1","ft","LightGBM 💡","2026-04-07T06:17:33.000Z","REG_TEXT_VANCOUVER_SALARIES","6845","e5-large","3.012836456298828","39.99761962890625"
"light_REG_TEXT_VANCOUVER_SALARIES_1","0.7325101499552474","1","all","LightGBM 💡","2026-04-07T06:17:26.000Z","REG_TEXT_VANCOUVER_SALARIES","813","e5-large","1.686809539794922","3.39019775390625"
"tabpfnv2_REG_TEXT_VANCOUVER_SALARIES_0","0.7781739918402275","0","ft","TabPFN-v2 🤯","2026-04-07T06:16:20.000Z","REG_TEXT_VANCOUVER_SALARIES","5781","e5-large","2.980663299560547","39.99761962890625"
"tabpfnv2_REG_TEXT_VANCOUVER_SALARIES_0","0.775962313699879","0","all","TabPFN-v2 🤯","2026-04-07T06:14:54.000Z","REG_TEXT_VANCOUVER_SALARIES","914","e5-large","2.052989959716797","2.8779296875"
"tabpfnv2p5_REG_TEXT_VANCOUVER_SALARIES_0","0.8066170270091634","0","ft","TabPFN-v2p5 🇩🇪","2026-04-07T06:14:47.000Z","REG_TEXT_VANCOUVER_SALARIES","5783","e5-large","2.9889678955078125","39.99761962890625"
"tabpfnv2p5_REG_TEXT_VANCOUVER_SALARIES_0","0.8060568094653013","0","all","TabPFN-v2p5 🇩🇪","2026-04-07T06:11:39.000Z","REG_TEXT_VANCOUVER_SALARIES","863","e5-large","1.7396240234375","3.39019775390625"
"tabm_REG_TEXT_VANCOUVER_SALARIES_0","0.7810318849828332","0","ft","TabM Ⓜ️","2026-04-07T06:10:00.000Z","REG_TEXT_VANCOUVER_SALARIES","5244","e5-large","3.0448455810546875","39.99761962890625"
"tabm_REG_TEXT_VANCOUVER_SALARIES_0","0.7873934885496431","0","all","TabM Ⓜ️","2026-04-07T06:06:38.000Z","REG_TEXT_VANCOUVER_SALARIES","853","e5-large","1.7489776611328125","2.9052734375"
"cat_REG_TEXT_VANCOUVER_SALARIES_0","0.7945116356250379","0","ft","CatBoost 😸","2026-04-07T06:05:18.000Z","REG_TEXT_VANCOUVER_SALARIES","5246","e5-large","3.059654235839844","39.99761962890625"
"cat_REG_TEXT_VANCOUVER_SALARIES_0","0.7839534313989789","0","all","CatBoost 😸","2026-04-07T05:59:02.000Z","REG_TEXT_VANCOUVER_SALARIES","863","e5-large","2.041362762451172","2.8779296875"
"light_REG_TEXT_VANCOUVER_SALARIES_0","0.7786243663843799","0","ft","LightGBM 💡","2026-04-07T05:58:14.000Z","REG_TEXT_VANCOUVER_SALARIES","5215","e5-large","3.1006851196289062","39.5654296875"
"light_REG_TEXT_VANCOUVER_SALARIES_0","0.758722025457506","0","all","LightGBM 💡","2026-04-07T05:56:24.000Z","REG_TEXT_VANCOUVER_SALARIES","813","e5-large","1.6639900207519531","3.39019775390625"
"tabpfnv2_REG_TEXT_ZOMATO_RESTAURANTS_4","0.7231151423659414","4","all","TabPFN-v2 🤯","2026-04-07T05:54:47.000Z","REG_TEXT_ZOMATO_RESTAURANTS","3460","e5-large","2.636756896972656","2.8779296875"
"tabpfnv2p5_REG_TEXT_ZOMATO_RESTAURANTS_4","0.8733421272714883","4","all","TabPFN-v2p5 🇩🇪","2026-04-07T05:46:45.000Z","REG_TEXT_ZOMATO_RESTAURANTS","3211","e5-large","2.7855148315429688","3.39019775390625"
"tabm_REG_TEXT_ZOMATO_RESTAURANTS_4","0.8489520693300108","4","ft","TabM Ⓜ️","2026-04-07T05:41:20.000Z","REG_TEXT_ZOMATO_RESTAURANTS","59005","e5-large","3.6006546020507812","39.99761962890625"
"tabm_REG_TEXT_ZOMATO_RESTAURANTS_4","0.8487792126094464","4","all","TabM Ⓜ️","2026-04-07T05:38:18.000Z","REG_TEXT_ZOMATO_RESTAURANTS","3055","e5-large","2.4984169006347656","3.42340087890625"
"cat_REG_TEXT_ZOMATO_RESTAURANTS_4","0.8353048957730397","4","all","CatBoost 😸","2026-04-07T05:31:52.000Z","REG_TEXT_ZOMATO_RESTAURANTS","3318","e5-large","2.6541786193847656","2.8779296875"
"light_REG_TEXT_ZOMATO_RESTAURANTS_4","0.8085490456498078","4","ft","LightGBM 💡","2026-04-07T05:28:38.000Z","REG_TEXT_ZOMATO_RESTAURANTS","72964","e5-large","3.580188751220703","39.99761962890625"
"light_REG_TEXT_ZOMATO_RESTAURANTS_4","0.7936836009768676","4","all","LightGBM 💡","2026-04-07T05:28:21.000Z","REG_TEXT_ZOMATO_RESTAURANTS","3048","e5-large","2.3211097717285156","3.39019775390625"
"tabpfnv2_REG_TEXT_ZOMATO_RESTAURANTS_3","0.7474183098116136","3","all","TabPFN-v2 🤯","2026-04-07T05:24:23.000Z","REG_TEXT_ZOMATO_RESTAURANTS","3445","e5-large","2.6560592651367188","2.8779296875"
"tabpfnv2p5_REG_TEXT_ZOMATO_RESTAURANTS_3","0.8713490735738856","3","all","TabPFN-v2p5 🇩🇪","2026-04-07T05:20:54.000Z","REG_TEXT_ZOMATO_RESTAURANTS","3229","e5-large","2.710975646972656","3.39019775390625"
"tabm_REG_TEXT_ZOMATO_RESTAURANTS_3","0.8558709471848958","3","all","TabM Ⓜ️","2026-04-07T05:20:21.000Z","REG_TEXT_ZOMATO_RESTAURANTS","3076","e5-large","2.7423248291015625","3.42340087890625"
"cat_REG_TEXT_ZOMATO_RESTAURANTS_3","0.8345439033828888","3","all","CatBoost 😸","2026-04-07T05:11:38.000Z","REG_TEXT_ZOMATO_RESTAURANTS","3296","e5-large","2.519115447998047","2.8779296875"
"light_REG_TEXT_ZOMATO_RESTAURANTS_3","0.809958432139793","3","ft","LightGBM 💡","2026-04-07T05:03:48.000Z","REG_TEXT_ZOMATO_RESTAURANTS","60379","e5-large","3.6119651794433594","39.99761962890625"
"light_REG_TEXT_ZOMATO_RESTAURANTS_3","0.7974938194962623","3","all","LightGBM 💡","2026-04-07T05:01:53.000Z","REG_TEXT_ZOMATO_RESTAURANTS","3096","e5-large","2.3375511169433594","3.39019775390625"
"tabpfnv2_REG_TEXT_ZOMATO_RESTAURANTS_2","0.7398113400575728","2","all","TabPFN-v2 🤯","2026-04-07T04:57:51.000Z","REG_TEXT_ZOMATO_RESTAURANTS","3457","e5-large","2.55411148071289","2.8779296875"
"tabpfnv2p5_REG_TEXT_ZOMATO_RESTAURANTS_2","0.8449285901951991","2","ft","TabPFN-v2p5 🇩🇪","2026-04-07T04:53:36.000Z","REG_TEXT_ZOMATO_RESTAURANTS","69375","e5-large","3.5456809997558594","39.5810546875"
"tabpfnv2p5_REG_TEXT_ZOMATO_RESTAURANTS_2","0.8605217086790243","2","all","TabPFN-v2p5 🇩🇪","2026-04-07T04:47:39.000Z","REG_TEXT_ZOMATO_RESTAURANTS","3215","e5-large","2.5835952758789062","3.39019775390625"
"tabm_REG_TEXT_ZOMATO_RESTAURANTS_2","0.8437435032947052","2","ft","TabM Ⓜ️","2026-04-07T04:45:22.000Z","REG_TEXT_ZOMATO_RESTAURANTS","59107","e5-large","3.6067123413085938","39.99761962890625"
"tabm_REG_TEXT_ZOMATO_RESTAURANTS_2","0.8482008510475594","2","all","TabM Ⓜ️","2026-04-07T04:42:51.000Z","REG_TEXT_ZOMATO_RESTAURANTS","3051","e5-large","2.4835205078125","3.42340087890625"
"cat_REG_TEXT_ZOMATO_RESTAURANTS_2","0.823897749717815","2","ft","CatBoost 😸","2026-04-07T04:41:47.000Z","REG_TEXT_ZOMATO_RESTAURANTS","58835","e5-large","3.6990966796875","39.5615234375"
"cat_REG_TEXT_ZOMATO_RESTAURANTS_2","0.8316273180549689","2","all","CatBoost 😸","2026-04-07T04:36:25.000Z","REG_TEXT_ZOMATO_RESTAURANTS","3320","e5-large","2.5295982360839844","2.8779296875"
"light_REG_TEXT_ZOMATO_RESTAURANTS_2","0.8035169258200316","2","ft","LightGBM 💡","2026-04-07T04:34:01.000Z","REG_TEXT_ZOMATO_RESTAURANTS","33814","e5-large","3.5561752319335938","39.99761962890625"
"light_REG_TEXT_ZOMATO_RESTAURANTS_2","0.7856845847192344","2","all","LightGBM 💡","2026-04-07T04:29:08.000Z","REG_TEXT_ZOMATO_RESTAURANTS","3042","e5-large","2.384296417236328","3.39019775390625"
"tabpfnv2_REG_TEXT_ZOMATO_RESTAURANTS_1","0.7703282729358794","1","ft","TabPFN-v2 🤯","2026-04-07T04:16:03.000Z","REG_TEXT_ZOMATO_RESTAURANTS","74356","e5-large","3.5589523315429688","39.99761962890625"
"tabpfnv2_REG_TEXT_ZOMATO_RESTAURANTS_1","0.7212081499746797","1","all","TabPFN-v2 🤯","2026-04-07T04:14:23.000Z","REG_TEXT_ZOMATO_RESTAURANTS","3430","e5-large","2.7418060302734375","2.8779296875"
"tabpfnv2p5_REG_TEXT_ZOMATO_RESTAURANTS_1","0.8723110247711233","1","all","TabPFN-v2p5 🇩🇪","2026-04-07T04:10:22.000Z","REG_TEXT_ZOMATO_RESTAURANTS","3200","e5-large","2.83380126953125","3.39019775390625"
"tabm_REG_TEXT_ZOMATO_RESTAURANTS_1","0.8437832551511906","1","ft","TabM Ⓜ️","2026-04-07T04:10:12.000Z","REG_TEXT_ZOMATO_RESTAURANTS","72868","e5-large","3.5731163024902344","39.99761962890625"
"tabm_REG_TEXT_ZOMATO_RESTAURANTS_1","0.8553065137130582","1","all","TabM Ⓜ️","2026-04-07T04:09:55.000Z","REG_TEXT_ZOMATO_RESTAURANTS","3114","e5-large","2.679798126220703","3.42340087890625"
"cat_REG_TEXT_ZOMATO_RESTAURANTS_1","0.8360344510775348","1","all","CatBoost 😸","2026-04-07T04:03:02.000Z","REG_TEXT_ZOMATO_RESTAURANTS","3289","e5-large","2.6186561584472656","2.8779296875"
"light_REG_TEXT_ZOMATO_RESTAURANTS_1","0.79912582171539","1","all","LightGBM 💡","2026-04-07T03:56:47.000Z","REG_TEXT_ZOMATO_RESTAURANTS","3047","e5-large","2.337718963623047","3.39019775390625"
"tabpfnv2_REG_TEXT_ZOMATO_RESTAURANTS_0","0.7415112706844896","0","all","TabPFN-v2 🤯","2026-04-07T03:53:04.000Z","REG_TEXT_ZOMATO_RESTAURANTS","3555","e5-large","2.702472686767578","2.8779296875"
"tabpfnv2p5_REG_TEXT_ZOMATO_RESTAURANTS_0","0.8666084154257117","0","all","TabPFN-v2p5 🇩🇪","2026-04-07T03:51:37.000Z","REG_TEXT_ZOMATO_RESTAURANTS","3220","e5-large","2.7244300842285156","3.39019775390625"
"tabm_REG_TEXT_ZOMATO_RESTAURANTS_0","0.8468788642407724","0","all","TabM Ⓜ️","2026-04-07T03:46:48.000Z","REG_TEXT_ZOMATO_RESTAURANTS","3295","e5-large","2.393798828125","2.9111328125"
"cat_REG_TEXT_ZOMATO_RESTAURANTS_0","0.8287710852472521","0","ft","CatBoost 😸","2026-04-07T03:43:08.000Z","REG_TEXT_ZOMATO_RESTAURANTS","50601","e5-large","3.5503578186035156","39.99761962890625"
"cat_REG_TEXT_ZOMATO_RESTAURANTS_0","0.8340328659144874","0","all","CatBoost 😸","2026-04-07T03:42:48.000Z","REG_TEXT_ZOMATO_RESTAURANTS","3070","e5-large","2.6093711853027344","3.39019775390625"
"light_REG_TEXT_ZOMATO_RESTAURANTS_0","0.7978486011344843","0","ft","LightGBM 💡","2026-04-07T03:41:00.000Z","REG_TEXT_ZOMATO_RESTAURANTS","58459","e5-large","3.7593765258789062","39.5615234375"
"light_REG_TEXT_ZOMATO_RESTAURANTS_0","0.7910823369185205","0","all","LightGBM 💡","2026-04-07T03:38:16.000Z","REG_TEXT_ZOMATO_RESTAURANTS","3047","e5-large","2.3291282653808594","3.39019775390625"
"tabpfnv2_REG_TEXT_MERCARI_MARKETPLACE_4","0.4834176940935475","4","ft","TabPFN-v2 🤯","2026-04-07T03:36:46.000Z","REG_TEXT_MERCARI_MARKETPLACE","14607","e5-large","2.9821624755859375","39.99761962890625"
"tabpfnv2_REG_TEXT_MERCARI_MARKETPLACE_4","0.4650054755537778","4","all","TabPFN-v2 🤯","2026-04-07T03:33:13.000Z","REG_TEXT_MERCARI_MARKETPLACE","2563","e5-large","2.0059814453125","3.39019775390625"
"tabpfnv2p5_REG_TEXT_MERCARI_MARKETPLACE_4","0.51496792474734","4","ft","TabPFN-v2p5 🇩🇪","2026-04-07T03:32:55.000Z","REG_TEXT_MERCARI_MARKETPLACE","14600","e5-large","3.0132064819335938","39.99761962890625"
"tabpfnv2p5_REG_TEXT_MERCARI_MARKETPLACE_4","0.5101183161057383","4","all","TabPFN-v2p5 🇩🇪","2026-04-07T03:30:42.000Z","REG_TEXT_MERCARI_MARKETPLACE","2616","e5-large","2.236736297607422","2.8779296875"
"tabm_REG_TEXT_MERCARI_MARKETPLACE_4","0.5165020222457183","4","ft","TabM Ⓜ️","2026-04-07T03:30:02.000Z","REG_TEXT_MERCARI_MARKETPLACE","15673","e5-large","3.015716552734375","39.99761962890625"
"tabm_REG_TEXT_MERCARI_MARKETPLACE_4","0.4870035089526882","4","all","TabM Ⓜ️","2026-04-07T03:29:56.000Z","REG_TEXT_MERCARI_MARKETPLACE","2421","e5-large","1.95001220703125","3.41949462890625"
"cat_REG_TEXT_MERCARI_MARKETPLACE_4","0.4674471739015989","4","all","CatBoost 😸","2026-04-07T03:29:36.000Z","REG_TEXT_MERCARI_MARKETPLACE","2429","e5-large","1.88519287109375","3.39019775390625"
"light_REG_TEXT_MERCARI_MARKETPLACE_4","0.4765884580663616","4","ft","LightGBM 💡","2026-04-07T03:29:31.000Z","REG_TEXT_MERCARI_MARKETPLACE","15721","e5-large","3.064434051513672","39.99761962890625"
"light_REG_TEXT_MERCARI_MARKETPLACE_4","0.4562499605657918","4","all","LightGBM 💡","2026-04-07T03:29:24.000Z","REG_TEXT_MERCARI_MARKETPLACE","2423","e5-large","1.7235183715820312","3.39019775390625"
"tabpfnv2_REG_TEXT_MERCARI_MARKETPLACE_3","0.44603341569651345","3","ft","TabPFN-v2 🤯","2026-04-07T03:27:51.000Z","REG_TEXT_MERCARI_MARKETPLACE","15927","e5-large","3.010395050048828","39.99761962890625"
"tabpfnv2_REG_TEXT_MERCARI_MARKETPLACE_3","0.4101539420568684","3","all","TabPFN-v2 🤯","2026-04-07T03:27:45.000Z","REG_TEXT_MERCARI_MARKETPLACE","2559","e5-large","2.130016326904297","3.39019775390625"
"tabpfnv2p5_REG_TEXT_MERCARI_MARKETPLACE_3","0.4671461159596476","3","ft","TabPFN-v2p5 🇩🇪","2026-04-07T03:20:17.000Z","REG_TEXT_MERCARI_MARKETPLACE","15834","e5-large","3.021869659423828","39.5556640625"
"tabpfnv2p5_REG_TEXT_MERCARI_MARKETPLACE_3","0.462392396288141","3","all","TabPFN-v2p5 🇩🇪","2026-04-07T03:19:26.000Z","REG_TEXT_MERCARI_MARKETPLACE","2612","e5-large","2.1063499450683594","2.8779296875"
"tabm_REG_TEXT_MERCARI_MARKETPLACE_3","0.4586082990288992","3","ft","TabM Ⓜ️","2026-04-07T03:19:09.000Z","REG_TEXT_MERCARI_MARKETPLACE","10830","e5-large","3.0047607421875","39.99761962890625"
"tabm_REG_TEXT_MERCARI_MARKETPLACE_3","0.4224391919940842","3","all","TabM Ⓜ️","2026-04-07T03:18:25.000Z","REG_TEXT_MERCARI_MARKETPLACE","2417","e5-large","1.9405479431152344","3.41949462890625"
"cat_REG_TEXT_MERCARI_MARKETPLACE_3","0.45422776226391137","3","ft","CatBoost 😸","2026-04-07T03:16:32.000Z","REG_TEXT_MERCARI_MARKETPLACE","10859","e5-large","2.9897537231445312","39.99761962890625"
"cat_REG_TEXT_MERCARI_MARKETPLACE_3","0.4167879809099776","3","all","CatBoost 😸","2026-04-07T03:16:05.000Z","REG_TEXT_MERCARI_MARKETPLACE","2437","e5-large","1.7747573852539062","3.39019775390625"
"light_REG_TEXT_MERCARI_MARKETPLACE_3","0.38602365986526954","3","all","LightGBM 💡","2026-04-07T03:12:50.000Z","REG_TEXT_MERCARI_MARKETPLACE","2415","e5-large","1.754535675048828","3.39019775390625"
"tabpfnv2_REG_TEXT_MERCARI_MARKETPLACE_2","0.49066581733735826","2","ft","TabPFN-v2 🤯","2026-04-07T03:11:34.000Z","REG_TEXT_MERCARI_MARKETPLACE","14689","e5-large","3.086750030517578","39.5556640625"
"tabpfnv2_REG_TEXT_MERCARI_MARKETPLACE_2","0.44892559364735607","2","all","TabPFN-v2 🤯","2026-04-07T03:08:53.000Z","REG_TEXT_MERCARI_MARKETPLACE","2648","e5-large","2.0407257080078125","2.8779296875"
"tabpfnv2p5_REG_TEXT_MERCARI_MARKETPLACE_2","0.5275586844384406","2","ft","TabPFN-v2p5 🇩🇪","2026-04-07T03:02:19.000Z","REG_TEXT_MERCARI_MARKETPLACE","14508","e5-large","2.9975814819335938","39.5556640625"
"tabpfnv2p5_REG_TEXT_MERCARI_MARKETPLACE_2","0.5003470542646322","2","all","TabPFN-v2p5 🇩🇪","2026-04-07T02:57:20.000Z","REG_TEXT_MERCARI_MARKETPLACE","2617","e5-large","1.8795928955078125","2.8779296875"
"cat_REG_TEXT_MERCARI_MARKETPLACE_2","0.4774221203565657","2","all","CatBoost 😸","2026-04-07T02:56:07.000Z","REG_TEXT_MERCARI_MARKETPLACE","2435","e5-large","1.7396774291992188","3.39019775390625"
"light_REG_TEXT_MERCARI_MARKETPLACE_2","0.4807376114549534","2","ft","LightGBM 💡","2026-04-07T02:55:46.000Z","REG_TEXT_MERCARI_MARKETPLACE","10834","e5-large","2.9677085876464844","39.99761962890625"
"light_REG_TEXT_MERCARI_MARKETPLACE_2","0.4366666969495884","2","all","LightGBM 💡","2026-04-07T02:47:31.000Z","REG_TEXT_MERCARI_MARKETPLACE","2408","e5-large","1.7737998962402344","3.39019775390625"
"tabpfnv2_REG_TEXT_MERCARI_MARKETPLACE_1","0.41538710866746453","1","ft","TabPFN-v2 🤯","2026-04-07T02:46:27.000Z","REG_TEXT_MERCARI_MARKETPLACE","11928","e5-large","3.0033645629882812","39.99761962890625"
"tabpfnv2_REG_TEXT_MERCARI_MARKETPLACE_1","0.41359401944563734","1","all","TabPFN-v2 🤯","2026-04-07T02:46:19.000Z","REG_TEXT_MERCARI_MARKETPLACE","2660","e5-large","2.158946990966797","2.8779296875"
"tabpfnv2p5_REG_TEXT_MERCARI_MARKETPLACE_1","0.45463383852270367","1","ft","TabPFN-v2p5 🇩🇪","2026-04-07T02:41:03.000Z","REG_TEXT_MERCARI_MARKETPLACE","11873","e5-large","2.9345741271972656","39.5556640625"
"tabpfnv2p5_REG_TEXT_MERCARI_MARKETPLACE_1","0.4636809425712391","1","all","TabPFN-v2p5 🇩🇪","2026-04-07T02:35:50.000Z","REG_TEXT_MERCARI_MARKETPLACE","2551","e5-large","1.9881553649902344","3.39019775390625"
"tabm_REG_TEXT_MERCARI_MARKETPLACE_1","0.4450477306721968","1","ft","TabM Ⓜ️","2026-04-07T02:35:35.000Z","REG_TEXT_MERCARI_MARKETPLACE","13241","e5-large","2.8916168212890625","39.99761962890625"
"tabm_REG_TEXT_MERCARI_MARKETPLACE_1","0.4390773286365949","1","all","TabM Ⓜ️","2026-04-07T02:29:56.000Z","REG_TEXT_MERCARI_MARKETPLACE","2495","e5-large","1.95184326171875","2.9072265625"
"cat_REG_TEXT_MERCARI_MARKETPLACE_1","0.4300955921099546","1","ft","CatBoost 😸","2026-04-07T02:17:10.000Z","REG_TEXT_MERCARI_MARKETPLACE","12066","e5-large","3.0531234741210938","39.99761962890625"
"cat_REG_TEXT_MERCARI_MARKETPLACE_1","0.41989385085414765","1","all","CatBoost 😸","2026-04-07T02:15:28.000Z","REG_TEXT_MERCARI_MARKETPLACE","2434","e5-large","1.8638343811035156","3.39019775390625"
"light_REG_TEXT_MERCARI_MARKETPLACE_1","0.3890349403935952","1","all","LightGBM 💡","2026-04-07T02:15:27.000Z","REG_TEXT_MERCARI_MARKETPLACE","2414","e5-large","1.700359344482422","3.39019775390625"
"light_REG_TEXT_MERCARI_MARKETPLACE_1","0.40953826150417183","1","ft","LightGBM 💡","2026-04-07T02:15:27.000Z","REG_TEXT_MERCARI_MARKETPLACE","13156","e5-large","2.929637908935547","39.5830078125"
"tabpfnv2p5_REG_TEXT_MERCARI_MARKETPLACE_0","0.46952250649888416","0","all","TabPFN-v2p5 🇩🇪","2026-04-07T02:13:16.000Z","REG_TEXT_MERCARI_MARKETPLACE","2636","e5-large","2.2406539916992188","2.8779296875"
"tabm_REG_TEXT_MERCARI_MARKETPLACE_0","0.46507583647436435","0","all","TabM Ⓜ️","2026-04-07T02:11:55.000Z","REG_TEXT_MERCARI_MARKETPLACE","2493","e5-large","1.8139076232910156","2.9091796875"
"cat_REG_TEXT_MERCARI_MARKETPLACE_0","0.4455167442077427","0","all","CatBoost 😸","2026-04-07T02:06:55.000Z","REG_TEXT_MERCARI_MARKETPLACE","2432","e5-large","1.7770423889160156","3.39019775390625"
"light_REG_TEXT_MERCARI_MARKETPLACE_0","0.43690087811072753","0","ft","LightGBM 💡","2026-04-07T02:06:12.000Z","REG_TEXT_MERCARI_MARKETPLACE","13230","e5-large","3.0713119506835938","39.99761962890625"
"light_REG_TEXT_MERCARI_MARKETPLACE_0","0.41614217744481174","0","all","LightGBM 💡","2026-04-07T02:06:07.000Z","REG_TEXT_MERCARI_MARKETPLACE","2415","e5-large","1.7202415466308594","3.39019775390625"
"tabpfnv2_REG_TEXT_BOOK_PRICE_4","0.5153742036084785","4","ft","TabPFN-v2 🤯","2026-04-07T02:03:38.000Z","REG_TEXT_BOOK_PRICE","6477","e5-large","2.910808563232422","39.99761962890625"
"tabpfnv2_REG_TEXT_BOOK_PRICE_4","0.5097423819665803","4","all","TabPFN-v2 🤯","2026-04-07T02:02:25.000Z","REG_TEXT_BOOK_PRICE","1987","e5-large","1.769855499267578","3.39019775390625"
"tabpfnv2p5_REG_TEXT_BOOK_PRICE_4","0.5626423864691737","4","ft","TabPFN-v2p5 🇩🇪","2026-04-07T02:02:09.000Z","REG_TEXT_BOOK_PRICE","6456","e5-large","2.984355926513672","39.99761962890625"
"tabpfnv2p5_REG_TEXT_BOOK_PRICE_4","0.5702533995535505","4","all","TabPFN-v2p5 🇩🇪","2026-04-07T02:01:34.000Z","REG_TEXT_BOOK_PRICE","931","e5-large","1.7628898620605469","3.39019775390625"
"tabm_REG_TEXT_BOOK_PRICE_4","0.5423323367142857","4","ft","TabM Ⓜ️","2026-04-07T02:00:41.000Z","REG_TEXT_BOOK_PRICE","5346","e5-large","2.9641189575195312","39.99761962890625"
"tabm_REG_TEXT_BOOK_PRICE_4","0.531788143075816","4","all","TabM Ⓜ️","2026-04-07T02:00:39.000Z","REG_TEXT_BOOK_PRICE","884","e5-large","1.821735382080078","3.41558837890625"
"cat_REG_TEXT_BOOK_PRICE_4","0.5529260969298988","4","ft","CatBoost 😸","2026-04-07T02:00:36.000Z","REG_TEXT_BOOK_PRICE","5362","e5-large","2.938831329345703","39.99761962890625"
"cat_REG_TEXT_BOOK_PRICE_4","0.537946504340672","4","all","CatBoost 😸","2026-04-07T02:00:29.000Z","REG_TEXT_BOOK_PRICE","894","e5-large","1.9434738159179688","3.39215087890625"
"light_REG_TEXT_BOOK_PRICE_4","0.5241238017910819","4","ft","LightGBM 💡","2026-04-07T02:00:06.000Z","REG_TEXT_BOOK_PRICE","5361","e5-large","2.852039337158203","39.99761962890625"
"light_REG_TEXT_BOOK_PRICE_4","0.5009426928133933","4","all","LightGBM 💡","2026-04-07T01:59:14.000Z","REG_TEXT_BOOK_PRICE","879","e5-large","2.069053649902344","3.39215087890625"
"tabpfnv2_REG_TEXT_BOOK_PRICE_3","0.5630160051630062","3","ft","TabPFN-v2 🤯","2026-04-07T01:59:07.000Z","REG_TEXT_BOOK_PRICE","7461","e5-large","2.954845428466797","39.99761962890625"
"tabpfnv2_REG_TEXT_BOOK_PRICE_3","0.531003397907126","3","all","TabPFN-v2 🤯","2026-04-07T01:59:07.000Z","REG_TEXT_BOOK_PRICE","950","e5-large","1.9465789794921875","3.39019775390625"
"tabpfnv2p5_REG_TEXT_BOOK_PRICE_3","0.5668758912496772","3","all","TabPFN-v2p5 🇩🇪","2026-04-07T01:58:19.000Z","REG_TEXT_BOOK_PRICE","942","e5-large","2.1820602416992188","3.39019775390625"
"tabm_REG_TEXT_BOOK_PRICE_3","0.5677341076401371","3","all","TabM Ⓜ️","2026-04-07T01:58:12.000Z","REG_TEXT_BOOK_PRICE","897","e5-large","2.1375274658203125","3.41558837890625"
"cat_REG_TEXT_BOOK_PRICE_3","0.5359700981260349","3","all","CatBoost 😸","2026-04-07T01:56:00.000Z","REG_TEXT_BOOK_PRICE","950","e5-large","1.7185401916503906","2.8798828125"
"light_REG_TEXT_BOOK_PRICE_3","0.5610445185769777","3","ft","LightGBM 💡","2026-04-07T01:51:34.000Z","REG_TEXT_BOOK_PRICE","5773","e5-large","2.8904571533203125","39.99761962890625"
"light_REG_TEXT_BOOK_PRICE_3","0.5276316012735294","3","all","LightGBM 💡","2026-04-07T01:50:58.000Z","REG_TEXT_BOOK_PRICE","4671","e5-large","2.0088462829589844","2.8798828125"
"tabpfnv2_REG_TEXT_BOOK_PRICE_2","0.56754031343345","2","ft","TabPFN-v2 🤯","2026-04-07T01:50:11.000Z","REG_TEXT_BOOK_PRICE","6477","e5-large","3.0044708251953125","39.99761962890625"
"tabpfnv2_REG_TEXT_BOOK_PRICE_2","0.5488225392422137","2","all","TabPFN-v2 🤯","2026-04-07T01:50:07.000Z","REG_TEXT_BOOK_PRICE","954","e5-large","2.117271423339844","3.39019775390625"
"tabpfnv2p5_REG_TEXT_BOOK_PRICE_2","0.5822969916999765","2","all","TabPFN-v2p5 🇩🇪","2026-04-07T01:50:05.000Z","REG_TEXT_BOOK_PRICE","1006","e5-large","1.829181671142578","3.39019775390625"
"tabm_REG_TEXT_BOOK_PRICE_2","0.5712027077377457","2","ft","TabM Ⓜ️","2026-04-07T01:50:04.000Z","REG_TEXT_BOOK_PRICE","5343","e5-large","2.9836997985839844","39.99761962890625"
"tabm_REG_TEXT_BOOK_PRICE_2","0.5713510051821491","2","all","TabM Ⓜ️","2026-04-07T01:50:01.000Z","REG_TEXT_BOOK_PRICE","965","e5-large","1.871551513671875","3.41558837890625"
"cat_REG_TEXT_BOOK_PRICE_2","0.5870679461424422","2","ft","CatBoost 😸","2026-04-07T01:47:24.000Z","REG_TEXT_BOOK_PRICE","5346","e5-large","2.9624786376953125","39.99761962890625"
"cat_REG_TEXT_BOOK_PRICE_2","0.5371207200274852","2","all","CatBoost 😸","2026-04-07T01:47:18.000Z","REG_TEXT_BOOK_PRICE","901","e5-large","1.6647377014160156","3.39215087890625"
"light_REG_TEXT_BOOK_PRICE_2","0.5759613545365494","2","ft","LightGBM 💡","2026-04-07T01:47:03.000Z","REG_TEXT_BOOK_PRICE","5339","e5-large","2.9153480529785156","39.99761962890625"
"light_REG_TEXT_BOOK_PRICE_2","0.5184531303939804","2","all","LightGBM 💡","2026-04-07T01:46:48.000Z","REG_TEXT_BOOK_PRICE","883","e5-large","1.610595703125","3.39215087890625"
"tabpfnv2_REG_TEXT_BOOK_PRICE_1","0.5803969855139297","1","ft","TabPFN-v2 🤯","2026-04-07T01:46:48.000Z","REG_TEXT_BOOK_PRICE","7485","e5-large","2.9660110473632812","39.99761962890625"
"tabpfnv2p5_REG_TEXT_BOOK_PRICE_1","0.6185441628868871","1","ft","TabPFN-v2p5 🇩🇪","2026-04-07T01:46:40.000Z","REG_TEXT_BOOK_PRICE","6963","e5-large","2.998302459716797","39.99761962890625"
"tabpfnv2_REG_TEXT_BOOK_PRICE_1","0.5229745895654767","1","all","TabPFN-v2 🤯","2026-04-07T01:46:40.000Z","REG_TEXT_BOOK_PRICE","1011","e5-large","1.8034439086914065","3.39019775390625"
"tabpfnv2p5_REG_TEXT_BOOK_PRICE_1","0.5919053613462705","1","all","TabPFN-v2p5 🇩🇪","2026-04-07T01:46:33.000Z","REG_TEXT_BOOK_PRICE","932","e5-large","1.7747116088867188","3.39019775390625"
"tabm_REG_TEXT_BOOK_PRICE_1","0.6138487453054362","1","ft","TabM Ⓜ️","2026-04-07T01:45:53.000Z","REG_TEXT_BOOK_PRICE","6216","e5-large","2.9885711669921875","39.99761962890625"
"tabm_REG_TEXT_BOOK_PRICE_1","0.5851226059110226","1","all","TabM Ⓜ️","2026-04-07T01:45:52.000Z","REG_TEXT_BOOK_PRICE","883","e5-large","1.8113555908203125","3.41558837890625"
"cat_REG_TEXT_BOOK_PRICE_1","0.5892718965225607","1","ft","CatBoost 😸","2026-04-07T01:45:48.000Z","REG_TEXT_BOOK_PRICE","6242","e5-large","3.017040252685547","39.99761962890625"
"cat_REG_TEXT_BOOK_PRICE_1","0.5679868431021958","1","all","CatBoost 😸","2026-04-07T01:45:34.000Z","REG_TEXT_BOOK_PRICE","897","e5-large","1.6918258666992188","3.39215087890625"
"light_REG_TEXT_BOOK_PRICE_1","0.5545124438279547","1","ft","LightGBM 💡","2026-04-07T01:45:27.000Z","REG_TEXT_BOOK_PRICE","6229","e5-large","2.963348388671875","39.99761962890625"
"light_REG_TEXT_BOOK_PRICE_1","0.5211315897119492","1","all","LightGBM 💡","2026-04-07T01:45:18.000Z","REG_TEXT_BOOK_PRICE","885","e5-large","1.612262725830078","3.39215087890625"
"tabpfnv2_REG_TEXT_BOOK_PRICE_0","0.6001240035047749","0","ft","TabPFN-v2 🤯","2026-04-07T01:45:03.000Z","REG_TEXT_BOOK_PRICE","6487","e5-large","2.976726531982422","39.99761962890625"
"tabpfnv2_REG_TEXT_BOOK_PRICE_0","0.5780697188625163","0","all","TabPFN-v2 🤯","2026-04-07T01:45:00.000Z","REG_TEXT_BOOK_PRICE","936","e5-large","1.7397232055664062","3.39019775390625"
"tabpfnv2p5_REG_TEXT_BOOK_PRICE_0","0.6258345322053835","0","ft","TabPFN-v2p5 🇩🇪","2026-04-07T01:44:54.000Z","REG_TEXT_BOOK_PRICE","6474","e5-large","2.9639244079589844","39.99761962890625"
"tabpfnv2p5_REG_TEXT_BOOK_PRICE_0","0.6050809570517278","0","all","TabPFN-v2p5 🇩🇪","2026-04-07T01:44:53.000Z","REG_TEXT_BOOK_PRICE","928","e5-large","2.0571022033691406","3.39019775390625"
"tabm_REG_TEXT_BOOK_PRICE_0","0.6146837323580256","0","ft","TabM Ⓜ️","2026-04-07T01:44:36.000Z","REG_TEXT_BOOK_PRICE","5357","e5-large","2.9539642333984375","39.99761962890625"
"tabm_REG_TEXT_BOOK_PRICE_0","0.5914881126460982","0","all","TabM Ⓜ️","2026-04-07T01:44:22.000Z","REG_TEXT_BOOK_PRICE","883","e5-large","2.0849571228027344","3.41558837890625"
"cat_REG_TEXT_BOOK_PRICE_0","0.6099373083996794","0","ft","CatBoost 😸","2026-04-07T01:44:17.000Z","REG_TEXT_BOOK_PRICE","7126","e5-large","2.9637374877929688","39.99761962890625"
"cat_REG_TEXT_BOOK_PRICE_0","0.5706579469447611","0","all","CatBoost 😸","2026-04-07T01:44:14.000Z","REG_TEXT_BOOK_PRICE","895","e5-large","1.9619178771972656","3.39215087890625"
"light_REG_TEXT_BOOK_PRICE_0","0.5926012516674445","0","ft","LightGBM 💡","2026-04-07T01:43:56.000Z","REG_TEXT_BOOK_PRICE","5330","e5-large","2.9934654235839844","39.99761962890625"
"light_REG_TEXT_BOOK_PRICE_0","0.5408660550180031","0","all","LightGBM 💡","2026-04-07T01:40:40.000Z","REG_TEXT_BOOK_PRICE","915","e5-large","1.5454330444335938","2.8798828125"
"tabpfnv2_REG_TEXT_BABIES_PRICES_4","0.8873221485162386","4","all","TabPFN-v2 🤯","2026-04-07T01:38:36.000Z","REG_TEXT_BABIES_PRICES","772","e5-large","1.9938507080078125","3.39215087890625"
"tabm_REG_TEXT_BABIES_PRICES_4","0.8752472788247964","4","ft","TabM Ⓜ️","2026-04-07T01:34:31.000Z","REG_TEXT_BABIES_PRICES","16972","e5-large","3.023998260498047","39.99761962890625"
"tabm_REG_TEXT_BABIES_PRICES_4","0.855651441922974","4","all","TabM Ⓜ️","2026-04-07T01:34:30.000Z","REG_TEXT_BABIES_PRICES","735","e5-large","2.018291473388672","3.41949462890625"
"cat_REG_TEXT_BABIES_PRICES_4","0.8186305780988404","4","all","CatBoost 😸","2026-04-07T01:34:29.000Z","REG_TEXT_BABIES_PRICES","746","e5-large","2.2761001586914062","3.39019775390625"
"cat_REG_TEXT_BABIES_PRICES_4","0.8887422875307833","4","ft","CatBoost 😸","2026-04-07T01:34:29.000Z","REG_TEXT_BABIES_PRICES","16993","e5-large","2.992046356201172","39.99761962890625"
"light_REG_TEXT_BABIES_PRICES_4","0.8701322438872499","4","ft","LightGBM 💡","2026-04-07T01:34:28.000Z","REG_TEXT_BABIES_PRICES","16980","e5-large","3.01705551147461","39.99761962890625"
"light_REG_TEXT_BABIES_PRICES_4","0.7730165915404483","4","all","LightGBM 💡","2026-04-07T01:34:27.000Z","REG_TEXT_BABIES_PRICES","730","e5-large","1.8944168090820312","3.39019775390625"
"tabpfnv2_REG_TEXT_BABIES_PRICES_3","0.8912117232452077","3","all","TabPFN-v2 🤯","2026-04-07T01:34:25.000Z","REG_TEXT_BABIES_PRICES","775","e5-large","2.0537185668945312","3.39215087890625"
"tabpfnv2p5_REG_TEXT_BABIES_PRICES_3","0.927183801893493","3","ft","TabPFN-v2p5 🇩🇪","2026-04-07T01:34:25.000Z","REG_TEXT_BABIES_PRICES","21276","e5-large","2.9834671020507812","39.99761962890625"
"tabpfnv2_REG_TEXT_BABIES_PRICES_3","0.8946835131989022","3","ft","TabPFN-v2 🤯","2026-04-07T01:34:25.000Z","REG_TEXT_BABIES_PRICES","21210","e5-large","3.0083465576171875","39.99761962890625"
"tabpfnv2p5_REG_TEXT_BABIES_PRICES_3","0.9051333392253296","3","all","TabPFN-v2p5 🇩🇪","2026-04-07T01:34:24.000Z","REG_TEXT_BABIES_PRICES","770","e5-large","2.145008087158203","3.39215087890625"
"tabm_REG_TEXT_BABIES_PRICES_3","0.941197860178436","3","ft","TabM Ⓜ️","2026-04-07T01:34:23.000Z","REG_TEXT_BABIES_PRICES","14031","e5-large","3.0214576721191406","39.99761962890625"
"tabm_REG_TEXT_BABIES_PRICES_3","0.9191220977228328","3","all","TabM Ⓜ️","2026-04-07T01:34:21.000Z","REG_TEXT_BABIES_PRICES","732","e5-large","1.915809631347656","3.41949462890625"
"cat_REG_TEXT_BABIES_PRICES_3","0.8593740945627462","3","all","CatBoost 😸","2026-04-07T01:34:21.000Z","REG_TEXT_BABIES_PRICES","745","e5-large","2.2801742553710938","3.39019775390625"
"cat_REG_TEXT_BABIES_PRICES_3","0.9024543402486424","3","ft","CatBoost 😸","2026-04-07T01:34:21.000Z","REG_TEXT_BABIES_PRICES","14050","e5-large","3.000770568847656","39.99761962890625"
"light_REG_TEXT_BABIES_PRICES_3","0.8150431102170596","3","all","LightGBM 💡","2026-04-07T01:34:20.000Z","REG_TEXT_BABIES_PRICES","727","e5-large","2.1723594665527344","3.39019775390625"
"light_REG_TEXT_BABIES_PRICES_3","0.8562314075781876","3","ft","LightGBM 💡","2026-04-07T01:34:20.000Z","REG_TEXT_BABIES_PRICES","14034","e5-large","2.965991973876953","39.99761962890625"
"tabpfnv2_REG_TEXT_BABIES_PRICES_2","0.9239849897022652","2","ft","TabPFN-v2 🤯","2026-04-07T01:33:06.000Z","REG_TEXT_BABIES_PRICES","21192","e5-large","3.0532455444335938","39.99761962890625"
"tabpfnv2_REG_TEXT_BABIES_PRICES_2","0.8990807671496532","2","all","TabPFN-v2 🤯","2026-04-07T01:32:59.000Z","REG_TEXT_BABIES_PRICES","770","e5-large","1.916973114013672","3.39215087890625"
"tabpfnv2p5_REG_TEXT_BABIES_PRICES_2","0.9086515060832576","2","ft","TabPFN-v2p5 🇩🇪","2026-04-07T01:32:59.000Z","REG_TEXT_BABIES_PRICES","21179","e5-large","3.00048828125","39.99761962890625"
"tabpfnv2p5_REG_TEXT_BABIES_PRICES_2","0.9071072348266512","2","all","TabPFN-v2p5 🇩🇪","2026-04-07T01:32:58.000Z","REG_TEXT_BABIES_PRICES","767","e5-large","1.8258323669433592","3.39215087890625"
"tabm_REG_TEXT_BABIES_PRICES_2","0.9172472173194796","2","ft","TabM Ⓜ️","2026-04-07T01:32:56.000Z","REG_TEXT_BABIES_PRICES","13674","e5-large","3.065235137939453","39.99761962890625"
"cat_REG_TEXT_BABIES_PRICES_2","0.8884511560587132","2","ft","CatBoost 😸","2026-04-07T01:32:55.000Z","REG_TEXT_BABIES_PRICES","13726","e5-large","3.0087242126464844","39.99761962890625"
"tabm_REG_TEXT_BABIES_PRICES_2","0.8812108852847675","2","all","TabM Ⓜ️","2026-04-07T01:32:55.000Z","REG_TEXT_BABIES_PRICES","738","e5-large","1.9021110534667969","3.41949462890625"
"cat_REG_TEXT_BABIES_PRICES_2","0.8502980227941295","2","all","CatBoost 😸","2026-04-07T01:32:53.000Z","REG_TEXT_BABIES_PRICES","748","e5-large","2.0582199096679688","3.39019775390625"
"light_REG_TEXT_BABIES_PRICES_2","0.8913590807778476","2","ft","LightGBM 💡","2026-04-07T01:32:52.000Z","REG_TEXT_BABIES_PRICES","13677","e5-large","3.025318145751953","39.99761962890625"
"light_REG_TEXT_BABIES_PRICES_2","0.8311618912887528","2","all","LightGBM 💡","2026-04-07T01:32:51.000Z","REG_TEXT_BABIES_PRICES","727","e5-large","2.139312744140625","3.39019775390625"
"tabpfnv2_REG_TEXT_BABIES_PRICES_1","0.93722382759208","1","all","TabPFN-v2 🤯","2026-04-07T01:32:49.000Z","REG_TEXT_BABIES_PRICES","775","e5-large","1.956951141357422","3.39215087890625"
"tabpfnv2_REG_TEXT_BABIES_PRICES_1","0.9227773255064172","1","ft","TabPFN-v2 🤯","2026-04-07T01:32:49.000Z","REG_TEXT_BABIES_PRICES","20783","e5-large","3.04547119140625","39.99761962890625"
"tabpfnv2p5_REG_TEXT_BABIES_PRICES_1","0.9483989827124616","1","ft","TabPFN-v2p5 🇩🇪","2026-04-07T01:32:42.000Z","REG_TEXT_BABIES_PRICES","20772","e5-large","3.079700469970703","39.99761962890625"
"tabpfnv2p5_REG_TEXT_BABIES_PRICES_1","0.9447768428874052","1","all","TabPFN-v2p5 🇩🇪","2026-04-07T01:32:39.000Z","REG_TEXT_BABIES_PRICES","769","e5-large","1.9130096435546875","3.39215087890625"
"tabm_REG_TEXT_BABIES_PRICES_1","0.9425902639267412","1","ft","TabM Ⓜ️","2026-04-07T01:32:34.000Z","REG_TEXT_BABIES_PRICES","13664","e5-large","2.9313926696777344","39.99761962890625"
"tabm_REG_TEXT_BABIES_PRICES_1","0.9361815574891696","1","all","TabM Ⓜ️","2026-04-07T01:32:31.000Z","REG_TEXT_BABIES_PRICES","739","e5-large","1.889862060546875","3.41949462890625"
"cat_REG_TEXT_BABIES_PRICES_1","0.8996473561939948","1","all","CatBoost 😸","2026-04-07T01:32:09.000Z","REG_TEXT_BABIES_PRICES","743","e5-large","2.162036895751953","3.39019775390625"
"light_REG_TEXT_BABIES_PRICES_1","0.8944705650227821","1","all","LightGBM 💡","2026-04-07T01:32:05.000Z","REG_TEXT_BABIES_PRICES","726","e5-large","2.3997955322265625","3.39019775390625"
"tabpfnv2_REG_TEXT_BABIES_PRICES_0","0.9107880729240424","0","all","TabPFN-v2 🤯","2026-04-07T01:32:03.000Z","REG_TEXT_BABIES_PRICES","775","e5-large","1.8197975158691408","3.39215087890625"
"tabpfnv2p5_REG_TEXT_BABIES_PRICES_0","0.9406105592281016","0","ft","TabPFN-v2p5 🇩🇪","2026-04-07T01:32:02.000Z","REG_TEXT_BABIES_PRICES","20393","e5-large","2.987438201904297","39.99761962890625"
"tabm_REG_TEXT_BABIES_PRICES_0","0.9168539727393528","0","ft","TabM Ⓜ️","2026-04-07T01:32:00.000Z","REG_TEXT_BABIES_PRICES","11444","e5-large","3.036022186279297","39.99761962890625"
"tabpfnv2p5_REG_TEXT_BABIES_PRICES_0","0.9255342689094506","0","all","TabPFN-v2p5 🇩🇪","2026-04-07T01:32:00.000Z","REG_TEXT_BABIES_PRICES","769","e5-large","2.289783477783203","3.39215087890625"
"tabm_REG_TEXT_BABIES_PRICES_0","0.893833896922598","0","all","TabM Ⓜ️","2026-04-07T01:31:57.000Z","REG_TEXT_BABIES_PRICES","733","e5-large","2.2223587036132812","3.41949462890625"
"cat_REG_TEXT_BABIES_PRICES_0","0.8638179100553973","0","all","CatBoost 😸","2026-04-07T01:31:55.000Z","REG_TEXT_BABIES_PRICES","742","e5-large","2.044025421142578","3.39019775390625"
"light_REG_TEXT_BABIES_PRICES_0","0.8503335203706682","0","all","LightGBM 💡","2026-04-07T01:31:45.000Z","REG_TEXT_BABIES_PRICES","726","e5-large","1.8560867309570312","3.39019775390625"
"tabpfnv2_MUL_TEXT_US_ACCIDENTS_4","0.9890080399636216","4","ft","TabPFN-v2 🤯","2026-04-07T01:31:44.000Z","MUL_TEXT_US_ACCIDENTS","23538","e5-large","3.154460906982422","39.99761962890625"
"tabpfnv2_MUL_TEXT_US_ACCIDENTS_4","0.9827831851701316","4","all","TabPFN-v2 🤯","2026-04-07T01:31:39.000Z","MUL_TEXT_US_ACCIDENTS","3844","e5-large","2.466205596923828","3.39019775390625"
"cat_MUL_TEXT_US_ACCIDENTS_4","0.9849538623622572","4","ft","CatBoost 😸","2026-04-07T01:27:52.000Z","MUL_TEXT_US_ACCIDENTS","26882","e5-large","2.967201232910156","39.5830078125"
"cat_MUL_TEXT_US_ACCIDENTS_4","0.9785627552188536","4","all","CatBoost 😸","2026-04-07T01:24:12.000Z","MUL_TEXT_US_ACCIDENTS","3935","e5-large","2.0924034118652344","2.8779296875"
"light_MUL_TEXT_US_ACCIDENTS_4","0.9849699367429352","4","ft","LightGBM 💡","2026-04-07T01:23:31.000Z","MUL_TEXT_US_ACCIDENTS","26887","e5-large","3.092021942138672","39.5849609375"
"light_MUL_TEXT_US_ACCIDENTS_4","0.9758258423801852","4","all","LightGBM 💡","2026-04-07T01:13:16.000Z","MUL_TEXT_US_ACCIDENTS","3724","e5-large","1.8829421997070312","2.8779296875"
"tabpfnv2_MUL_TEXT_US_ACCIDENTS_3","0.9686106890598636","3","all","TabPFN-v2 🤯","2026-04-07T00:34:51.000Z","MUL_TEXT_US_ACCIDENTS","3942","e5-large","2.2171897888183594","2.8779296875"
"tabm_MUL_TEXT_US_ACCIDENTS_2","0.9658916852078036","2","all","TabM Ⓜ️","2026-04-06T23:32:17.000Z","MUL_TEXT_US_ACCIDENTS","3747","e5-large","1.861431121826172","2.9111328125"
"cat_MUL_TEXT_US_ACCIDENTS_2","0.9796920837172144","2","ft","CatBoost 😸","2026-04-06T23:28:44.000Z","MUL_TEXT_US_ACCIDENTS","23366","e5-large","3.000804901123047","39.5849609375"
"cat_MUL_TEXT_US_ACCIDENTS_2","0.9754251024889892","2","all","CatBoost 😸","2026-04-06T23:25:26.000Z","MUL_TEXT_US_ACCIDENTS","3971","e5-large","2.060588836669922","2.8779296875"
"light_MUL_TEXT_US_ACCIDENTS_2","0.9687091238331876","2","ft","LightGBM 💡","2026-04-06T22:30:24.000Z","MUL_TEXT_US_ACCIDENTS","23242","e5-large","3.1788063049316406","39.5771484375"
"light_MUL_TEXT_US_ACCIDENTS_2","0.9630841911393436","2","all","LightGBM 💡","2026-04-06T22:23:34.000Z","MUL_TEXT_US_ACCIDENTS","3707","e5-large","1.849994659423828","2.8779296875"
"tabpfnv2_MUL_TEXT_US_ACCIDENTS_1","0.9769796341664296","1","ft","TabPFN-v2 🤯","2026-04-06T22:00:50.000Z","MUL_TEXT_US_ACCIDENTS","23728","e5-large","2.9879112243652344","39.5810546875"
"cat_MUL_TEXT_US_ACCIDENTS_1","0.9769998466558196","1","ft","CatBoost 😸","2026-04-06T20:56:46.000Z","MUL_TEXT_US_ACCIDENTS","30448","e5-large","3.2755088806152344","39.5849609375"
"cat_MUL_TEXT_US_ACCIDENTS_0","0.978132371708492","0","ft","CatBoost 😸","2026-04-06T19:21:55.000Z","MUL_TEXT_US_ACCIDENTS","28647","e5-large","3.1651649475097656","39.5458984375"
"light_MUL_TEXT_US_ACCIDENTS_0","0.97367593635765","0","ft","LightGBM 💡","2026-04-06T19:06:12.000Z","MUL_TEXT_US_ACCIDENTS","28561","e5-large","2.9628829956054688","39.5732421875"
"tabpfnv2p5_MUL_TEXT_US_ACCIDENTS_3","0.9784529052285535","3","ft","TabPFN-v2p5 🇩🇪","2026-04-06T18:33:22.000Z","MUL_TEXT_US_ACCIDENTS","23645","e5-large","3.0146751403808594","39.5654296875"
"tabpfnv2p5_MUL_TEXT_US_ACCIDENTS_3","0.9764410985185276","3","all","TabPFN-v2p5 🇩🇪","2026-04-06T18:16:25.000Z","MUL_TEXT_US_ACCIDENTS","3922","e5-large","2.3121490478515625","2.8779296875"
"tabm_MUL_TEXT_US_ACCIDENTS_3","0.9673217406519814","3","ft","TabM Ⓜ️","2026-04-06T18:15:25.000Z","MUL_TEXT_US_ACCIDENTS","30334","e5-large","2.94158935546875","39.5849609375"
"tabm_MUL_TEXT_US_ACCIDENTS_3","0.9658150874163935","3","all","TabM Ⓜ️","2026-04-06T18:04:07.000Z","MUL_TEXT_US_ACCIDENTS","3722","e5-large","2.299236297607422","2.9111328125"
"cat_MUL_TEXT_US_ACCIDENTS_3","0.969976742052151","3","all","CatBoost 😸","2026-04-06T17:10:02.000Z","MUL_TEXT_US_ACCIDENTS","3920","e5-large","2.1724815368652344","2.8779296875"
"light_MUL_TEXT_US_ACCIDENTS_3","0.9663639275698626","3","ft","LightGBM 💡","2026-04-06T17:02:40.000Z","MUL_TEXT_US_ACCIDENTS","30307","e5-large","3.0343017578125","39.5732421875"
"light_MUL_TEXT_US_ACCIDENTS_3","0.9677781593508986","3","all","LightGBM 💡","2026-04-06T17:01:56.000Z","MUL_TEXT_US_ACCIDENTS","3727","e5-large","2.25384521484375","2.8779296875"
"tabpfnv2_MUL_TEXT_US_ACCIDENTS_2","0.9765749741179128","2","ft","TabPFN-v2 🤯","2026-04-06T16:54:14.000Z","MUL_TEXT_US_ACCIDENTS","23663","e5-large","3.013195037841797","39.5654296875"
"tabpfnv2_MUL_TEXT_US_ACCIDENTS_2","0.976257062887182","2","all","TabPFN-v2 🤯","2026-04-06T15:57:07.000Z","MUL_TEXT_US_ACCIDENTS","3926","e5-large","2.2072677612304688","2.8779296875"
"tabpfnv2p5_MUL_TEXT_US_ACCIDENTS_2","0.9752016263263684","2","ft","TabPFN-v2p5 🇩🇪","2026-04-06T15:56:30.000Z","MUL_TEXT_US_ACCIDENTS","23627","e5-large","3.15350341796875","39.5654296875"
"tabpfnv2p5_MUL_TEXT_US_ACCIDENTS_2","0.9777898816762528","2","all","TabPFN-v2p5 🇩🇪","2026-04-06T15:56:07.000Z","MUL_TEXT_US_ACCIDENTS","3943","e5-large","2.103260040283203","2.8779296875"
"tabm_MUL_TEXT_US_ACCIDENTS_2","0.9700496922988756","2","ft","TabM Ⓜ️","2026-04-06T15:55:55.000Z","MUL_TEXT_US_ACCIDENTS","23253","e5-large","3.05672836303711","39.5849609375"
"tabpfnv2_MUL_TEXT_US_ACCIDENTS_1","0.975291497428266","1","all","TabPFN-v2 🤯","2026-04-06T13:42:22.000Z","MUL_TEXT_US_ACCIDENTS","3929","e5-large","2.3027915954589844","2.8779296875"
"tabpfnv2p5_MUL_TEXT_US_ACCIDENTS_1","0.9810309238753012","1","all","TabPFN-v2p5 🇩🇪","2026-04-06T13:24:02.000Z","MUL_TEXT_US_ACCIDENTS","3906","e5-large","2.1152305603027344","2.8779296875"
"tabm_MUL_TEXT_US_ACCIDENTS_1","0.9752343471534154","1","all","TabM Ⓜ️","2026-04-06T13:00:48.000Z","MUL_TEXT_US_ACCIDENTS","3714","e5-large","1.9550247192382812","2.9111328125"
"cat_MUL_TEXT_US_ACCIDENTS_1","0.9700924726550296","1","all","CatBoost 😸","2026-04-06T12:19:27.000Z","MUL_TEXT_US_ACCIDENTS","3870","e5-large","2.1851730346679688","2.8779296875"
"light_MUL_TEXT_US_ACCIDENTS_1","0.9705492769343018","1","all","LightGBM 💡","2026-04-06T11:17:40.000Z","MUL_TEXT_US_ACCIDENTS","3703","e5-large","1.7652015686035156","2.8779296875"
"tabpfnv2_MUL_TEXT_US_ACCIDENTS_0","0.977023703136815","0","all","TabPFN-v2 🤯","2026-04-06T10:36:04.000Z","MUL_TEXT_US_ACCIDENTS","3934","e5-large","2.2313232421875","2.8779296875"
"tabpfnv2p5_MUL_TEXT_US_ACCIDENTS_0","0.9806335147899036","0","all","TabPFN-v2p5 🇩🇪","2026-04-06T10:12:28.000Z","MUL_TEXT_US_ACCIDENTS","3906","e5-large","2.3585243225097656","2.8779296875"
"tabm_MUL_TEXT_US_ACCIDENTS_0","0.970884805687954","0","all","TabM Ⓜ️","2026-04-06T09:32:15.000Z","MUL_TEXT_US_ACCIDENTS","3824","e5-large","2.29190444946289","2.9111328125"
"cat_MUL_TEXT_US_ACCIDENTS_0","0.975158342212644","0","all","CatBoost 😸","2026-04-06T09:15:59.000Z","MUL_TEXT_US_ACCIDENTS","3850","e5-large","2.0598907470703125","2.8779296875"
"light_MUL_TEXT_US_ACCIDENTS_0","0.9737867320460912","0","all","LightGBM 💡","2026-04-06T09:10:40.000Z","MUL_TEXT_US_ACCIDENTS","3703","e5-large","1.8412513732910156","2.8779296875"
"tabm_MUL_TEXT_SPOTIFY_GENRES_4","0.9685731506211164","4","ft","TabM Ⓜ️","2026-04-06T08:43:12.000Z","MUL_TEXT_SPOTIFY_GENRES","19205","e5-large","2.9810523986816406","39.5830078125"
"tabm_MUL_TEXT_SPOTIFY_GENRES_4","0.969089022339942","4","all","TabM Ⓜ️","2026-04-06T08:30:20.000Z","MUL_TEXT_SPOTIFY_GENRES","1291","e5-large","2.415966033935547","2.9072265625"
"cat_MUL_TEXT_SPOTIFY_GENRES_4","0.9707922280946696","4","ft","CatBoost 😸","2026-04-06T08:23:07.000Z","MUL_TEXT_SPOTIFY_GENRES","20539","e5-large","2.9492225646972656","39.5830078125"
"cat_MUL_TEXT_SPOTIFY_GENRES_4","0.968608655692384","4","all","CatBoost 😸","2026-04-06T08:12:46.000Z","MUL_TEXT_SPOTIFY_GENRES","3656","e5-large","2.445209503173828","2.8779296875"
"light_MUL_TEXT_SPOTIFY_GENRES_4","0.9071607714701132","4","ft","LightGBM 💡","2026-04-06T07:56:48.000Z","MUL_TEXT_SPOTIFY_GENRES","19237","e5-large","3.1079063415527344","39.5830078125"
"light_MUL_TEXT_SPOTIFY_GENRES_4","0.9088380111744716","4","all","LightGBM 💡","2026-04-06T07:51:00.000Z","MUL_TEXT_SPOTIFY_GENRES","1299","e5-large","1.738933563232422","2.8779296875"
"tabm_MUL_TEXT_SPOTIFY_GENRES_3","0.9691499285360397","3","ft","TabM Ⓜ️","2026-04-06T06:58:57.000Z","MUL_TEXT_SPOTIFY_GENRES","23269","e5-large","3.284412384033203","39.5830078125"
"tabm_MUL_TEXT_SPOTIFY_GENRES_3","0.9681834733403674","3","all","TabM Ⓜ️","2026-04-06T06:43:46.000Z","MUL_TEXT_SPOTIFY_GENRES","1263","e5-large","1.7802352905273438","2.9072265625"
"cat_MUL_TEXT_SPOTIFY_GENRES_3","0.9697690815555028","3","ft","CatBoost 😸","2026-04-06T06:43:10.000Z","MUL_TEXT_SPOTIFY_GENRES","25145","e5-large","2.983875274658203","39.5830078125"
"cat_MUL_TEXT_SPOTIFY_GENRES_3","0.9680062906416302","3","all","CatBoost 😸","2026-04-06T06:33:45.000Z","MUL_TEXT_SPOTIFY_GENRES","3348","e5-large","2.56951904296875","2.8779296875"
"light_MUL_TEXT_SPOTIFY_GENRES_3","0.9123650511678536","3","ft","LightGBM 💡","2026-04-06T04:08:17.000Z","MUL_TEXT_SPOTIFY_GENRES","23335","e5-large","3.1403732299804688","39.5830078125"
"light_MUL_TEXT_SPOTIFY_GENRES_3","0.9062090524221248","3","all","LightGBM 💡","2026-04-06T03:46:14.000Z","MUL_TEXT_SPOTIFY_GENRES","1319","e5-large","1.7291793823242188","2.8779296875"
"tabm_MUL_TEXT_SPOTIFY_GENRES_2","0.9682048090275004","2","ft","TabM Ⓜ️","2026-04-06T03:00:05.000Z","MUL_TEXT_SPOTIFY_GENRES","20905","e5-large","3.1357192993164062","39.5830078125"
"tabm_MUL_TEXT_SPOTIFY_GENRES_2","0.9680145911719223","2","all","TabM Ⓜ️","2026-04-06T02:57:49.000Z","MUL_TEXT_SPOTIFY_GENRES","1257","e5-large","1.7303123474121094","2.9072265625"
"cat_MUL_TEXT_SPOTIFY_GENRES_2","0.9700779914966408","2","ft","CatBoost 😸","2026-04-06T02:46:03.000Z","MUL_TEXT_SPOTIFY_GENRES","22746","e5-large","3.2792320251464844","39.5830078125"
"cat_MUL_TEXT_SPOTIFY_GENRES_2","0.9685048517732614","2","all","CatBoost 😸","2026-04-06T02:41:45.000Z","MUL_TEXT_SPOTIFY_GENRES","3336","e5-large","2.568737030029297","2.8779296875"
"light_MUL_TEXT_SPOTIFY_GENRES_2","0.9088764723677444","2","ft","LightGBM 💡","2026-04-06T02:38:41.000Z","MUL_TEXT_SPOTIFY_GENRES","21016","e5-large","2.944477081298828","39.5830078125"
"light_MUL_TEXT_SPOTIFY_GENRES_2","0.9058758953748804","2","all","LightGBM 💡","2026-04-06T02:37:59.000Z","MUL_TEXT_SPOTIFY_GENRES","1318","e5-large","1.73150634765625","2.8779296875"
"tabm_MUL_TEXT_SPOTIFY_GENRES_1","0.9684000739604072","1","ft","TabM Ⓜ️","2026-04-06T02:16:10.000Z","MUL_TEXT_SPOTIFY_GENRES","20364","e5-large","2.940265655517578","39.5830078125"
"tabm_MUL_TEXT_SPOTIFY_GENRES_1","0.9664513260922774","1","all","TabM Ⓜ️","2026-04-06T02:13:04.000Z","MUL_TEXT_SPOTIFY_GENRES","1255","e5-large","1.7768516540527344","2.9072265625"
"cat_MUL_TEXT_SPOTIFY_GENRES_1","0.9687458239042472","1","ft","CatBoost 😸","2026-04-06T02:12:48.000Z","MUL_TEXT_SPOTIFY_GENRES","22214","e5-large","2.989337921142578","39.5791015625"
"cat_MUL_TEXT_SPOTIFY_GENRES_1","0.96559309829342","1","all","CatBoost 😸","2026-04-06T02:05:20.000Z","MUL_TEXT_SPOTIFY_GENRES","3585","e5-large","2.495399475097656","2.8779296875"
"light_MUL_TEXT_SPOTIFY_GENRES_1","0.9028117790394904","1","ft","LightGBM 💡","2026-04-06T02:05:01.000Z","MUL_TEXT_SPOTIFY_GENRES","20339","e5-large","3.1045684814453125","39.5830078125"
"light_MUL_TEXT_SPOTIFY_GENRES_1","0.9013955934552996","1","all","LightGBM 💡","2026-04-06T02:03:10.000Z","MUL_TEXT_SPOTIFY_GENRES","1302","e5-large","2.331092834472656","2.8779296875"
"tabm_MUL_TEXT_SPOTIFY_GENRES_0","0.9662895710050085","0","ft","TabM Ⓜ️","2026-04-06T01:40:17.000Z","MUL_TEXT_SPOTIFY_GENRES","19115","e5-large","3.0680007934570312","39.5849609375"
"tabm_MUL_TEXT_SPOTIFY_GENRES_0","0.9672551644365068","0","all","TabM Ⓜ️","2026-04-06T01:38:15.000Z","MUL_TEXT_SPOTIFY_GENRES","1261","e5-large","1.7757415771484375","2.9072265625"
"cat_MUL_TEXT_SPOTIFY_GENRES_0","0.9696835823791796","0","ft","CatBoost 😸","2026-04-06T01:27:04.000Z","MUL_TEXT_SPOTIFY_GENRES","21821","e5-large","3.1655006408691406","39.5830078125"
"cat_MUL_TEXT_SPOTIFY_GENRES_0","0.9672007173471326","0","all","CatBoost 😸","2026-04-06T01:23:40.000Z","MUL_TEXT_SPOTIFY_GENRES","3304","e5-large","2.622802734375","2.8779296875"
"light_MUL_TEXT_SPOTIFY_GENRES_0","0.9119665943144832","0","ft","LightGBM 💡","2026-04-06T01:23:06.000Z","MUL_TEXT_SPOTIFY_GENRES","19233","e5-large","2.969329833984375","39.5830078125"
"light_MUL_TEXT_SPOTIFY_GENRES_0","0.903437036112448","0","all","LightGBM 💡","2026-04-06T01:18:31.000Z","MUL_TEXT_SPOTIFY_GENRES","1302","e5-large","1.7748756408691406","2.8779296875"
"tabpfnv2_MUL_TEXT_DATA_SCIENTIST_SALARY_4","0.8394886833699008","4","ft","TabPFN-v2 🤯","2026-04-05T20:30:22.000Z","MUL_TEXT_DATA_SCIENTIST_SALARY","15378","e5-large","3.115436553955078","39.5849609375"
"tabpfnv2_MUL_TEXT_DATA_SCIENTIST_SALARY_4","0.8364314349670989","4","all","TabPFN-v2 🤯","2026-04-05T20:22:15.000Z","MUL_TEXT_DATA_SCIENTIST_SALARY","2148","e5-large","1.9937896728515625","2.8779296875"
"tabpfnv2p5_MUL_TEXT_DATA_SCIENTIST_SALARY_4","0.8476345829192174","4","ft","TabPFN-v2p5 🇩🇪","2026-04-05T20:14:25.000Z","MUL_TEXT_DATA_SCIENTIST_SALARY","15308","e5-large","2.910625457763672","39.5810546875"
"tabpfnv2p5_MUL_TEXT_DATA_SCIENTIST_SALARY_4","0.843185393020943","4","all","TabPFN-v2p5 🇩🇪","2026-04-05T19:59:31.000Z","MUL_TEXT_DATA_SCIENTIST_SALARY","2160","e5-large","1.7849807739257812","2.8779296875"
"tabm_MUL_TEXT_DATA_SCIENTIST_SALARY_4","0.8440619223720759","4","ft","TabM Ⓜ️","2026-04-05T19:58:48.000Z","MUL_TEXT_DATA_SCIENTIST_SALARY","12040","e5-large","3.210681915283203","39.5263671875"
"tabm_MUL_TEXT_DATA_SCIENTIST_SALARY_4","0.8404426489831431","4","all","TabM Ⓜ️","2026-04-05T19:57:25.000Z","MUL_TEXT_DATA_SCIENTIST_SALARY","2035","e5-large","2.1348876953125","2.9091796875"
"cat_MUL_TEXT_DATA_SCIENTIST_SALARY_4","0.8361828729318038","4","ft","CatBoost 😸","2026-04-05T19:49:14.000Z","MUL_TEXT_DATA_SCIENTIST_SALARY","12044","e5-large","2.825767517089844","39.5263671875"
"cat_MUL_TEXT_DATA_SCIENTIST_SALARY_4","0.8298903096767057","4","all","CatBoost 😸","2026-04-05T19:39:42.000Z","MUL_TEXT_DATA_SCIENTIST_SALARY","2077","e5-large","2.0866012573242188","2.8779296875"
"light_MUL_TEXT_DATA_SCIENTIST_SALARY_4","0.8124428121897201","4","ft","LightGBM 💡","2026-04-05T19:25:29.000Z","MUL_TEXT_DATA_SCIENTIST_SALARY","12025","e5-large","3.0052757263183594","39.5263671875"
"light_MUL_TEXT_DATA_SCIENTIST_SALARY_4","0.8068678504811514","4","all","LightGBM 💡","2026-04-05T19:24:53.000Z","MUL_TEXT_DATA_SCIENTIST_SALARY","2072","e5-large","2.03753662109375","2.8779296875"
"tabpfnv2_MUL_TEXT_DATA_SCIENTIST_SALARY_3","0.8374222096820536","3","ft","TabPFN-v2 🤯","2026-04-05T19:22:58.000Z","MUL_TEXT_DATA_SCIENTIST_SALARY","18619","e5-large","3.10577392578125","39.5712890625"
"tabpfnv2_MUL_TEXT_DATA_SCIENTIST_SALARY_3","0.8279963727617424","3","all","TabPFN-v2 🤯","2026-04-05T19:22:46.000Z","MUL_TEXT_DATA_SCIENTIST_SALARY","2155","e5-large","1.989463806152344","2.8779296875"
"tabpfnv2p5_MUL_TEXT_DATA_SCIENTIST_SALARY_3","0.8424016944757899","3","ft","TabPFN-v2p5 🇩🇪","2026-04-05T19:15:17.000Z","MUL_TEXT_DATA_SCIENTIST_SALARY","18597","e5-large","2.8995361328125","39.5712890625"
"tabpfnv2p5_MUL_TEXT_DATA_SCIENTIST_SALARY_3","0.8372487511592152","3","all","TabPFN-v2p5 🇩🇪","2026-04-05T19:13:33.000Z","MUL_TEXT_DATA_SCIENTIST_SALARY","2136","e5-large","1.728313446044922","2.8779296875"
"tabm_MUL_TEXT_DATA_SCIENTIST_SALARY_3","0.8425724777885897","3","ft","TabM Ⓜ️","2026-04-05T19:06:25.000Z","MUL_TEXT_DATA_SCIENTIST_SALARY","12987","e5-large","3.055400848388672","39.5263671875"
"tabm_MUL_TEXT_DATA_SCIENTIST_SALARY_3","0.834513807533237","3","all","TabM Ⓜ️","2026-04-05T18:49:26.000Z","MUL_TEXT_DATA_SCIENTIST_SALARY","2033","e5-large","2.2422103881835938","2.9091796875"
"cat_MUL_TEXT_DATA_SCIENTIST_SALARY_3","0.8304161313856371","3","ft","CatBoost 😸","2026-04-05T18:40:21.000Z","MUL_TEXT_DATA_SCIENTIST_SALARY","13042","e5-large","3.1428451538085938","39.5498046875"
"cat_MUL_TEXT_DATA_SCIENTIST_SALARY_3","0.8176556076054124","3","all","CatBoost 😸","2026-04-05T18:38:50.000Z","MUL_TEXT_DATA_SCIENTIST_SALARY","2079","e5-large","2.0689163208007812","2.8779296875"
"light_MUL_TEXT_DATA_SCIENTIST_SALARY_3","0.8071518584253085","3","ft","LightGBM 💡","2026-04-05T18:22:33.000Z","MUL_TEXT_DATA_SCIENTIST_SALARY","13009","e5-large","3.2431106567382812","39.5263671875"
"light_MUL_TEXT_DATA_SCIENTIST_SALARY_3","0.7943376895097418","3","all","LightGBM 💡","2026-04-05T18:15:29.000Z","MUL_TEXT_DATA_SCIENTIST_SALARY","2031","e5-large","2.197296142578125","2.8779296875"
"tabpfnv2_MUL_TEXT_DATA_SCIENTIST_SALARY_2","0.8398941178361667","2","ft","TabPFN-v2 🤯","2026-04-05T17:59:21.000Z","MUL_TEXT_DATA_SCIENTIST_SALARY","20850","e5-large","2.955455780029297","39.5712890625"
"tabpfnv2_MUL_TEXT_DATA_SCIENTIST_SALARY_2","0.8357614015533278","2","all","TabPFN-v2 🤯","2026-04-05T17:39:27.000Z","MUL_TEXT_DATA_SCIENTIST_SALARY","2154","e5-large","2.0888519287109375","2.8779296875"
"tabpfnv2p5_MUL_TEXT_DATA_SCIENTIST_SALARY_2","0.8447343986950419","2","ft","TabPFN-v2p5 🇩🇪","2026-04-05T17:28:33.000Z","MUL_TEXT_DATA_SCIENTIST_SALARY","20775","e5-large","3.22845458984375","39.5712890625"
"tabpfnv2p5_MUL_TEXT_DATA_SCIENTIST_SALARY_2","0.8419346575897771","2","all","TabPFN-v2p5 🇩🇪","2026-04-05T17:03:40.000Z","MUL_TEXT_DATA_SCIENTIST_SALARY","2140","e5-large","2.073448181152344","2.8779296875"
"tabm_MUL_TEXT_DATA_SCIENTIST_SALARY_2","0.8439666041227977","2","ft","TabM Ⓜ️","2026-04-05T17:01:21.000Z","MUL_TEXT_DATA_SCIENTIST_SALARY","12047","e5-large","3.238391876220703","39.5419921875"
"tabm_MUL_TEXT_DATA_SCIENTIST_SALARY_2","0.8381667941322917","2","all","TabM Ⓜ️","2026-04-05T16:54:15.000Z","MUL_TEXT_DATA_SCIENTIST_SALARY","2053","e5-large","2.0035476684570312","2.9091796875"
"cat_MUL_TEXT_DATA_SCIENTIST_SALARY_2","0.8347839839329875","2","ft","CatBoost 😸","2026-04-05T16:36:25.000Z","MUL_TEXT_DATA_SCIENTIST_SALARY","12053","e5-large","3.0516357421875","39.5263671875"
"cat_MUL_TEXT_DATA_SCIENTIST_SALARY_2","0.8219538526512634","2","all","CatBoost 😸","2026-04-05T16:28:51.000Z","MUL_TEXT_DATA_SCIENTIST_SALARY","2083","e5-large","2.1499252319335938","2.8779296875"
"light_MUL_TEXT_DATA_SCIENTIST_SALARY_2","0.8120957860632309","2","ft","LightGBM 💡","2026-04-05T16:19:48.000Z","MUL_TEXT_DATA_SCIENTIST_SALARY","11987","e5-large","2.8883018493652344","39.5498046875"
"light_MUL_TEXT_DATA_SCIENTIST_SALARY_2","0.7956892911096741","2","all","LightGBM 💡","2026-04-05T16:18:59.000Z","MUL_TEXT_DATA_SCIENTIST_SALARY","2029","e5-large","2.2345046997070312","2.8779296875"
"tabpfnv2_MUL_TEXT_DATA_SCIENTIST_SALARY_1","0.8302362355600295","1","ft","TabPFN-v2 🤯","2026-04-05T16:07:49.000Z","MUL_TEXT_DATA_SCIENTIST_SALARY","16519","e5-large","3.2088088989257812","39.5712890625"
"tabpfnv2_MUL_TEXT_DATA_SCIENTIST_SALARY_1","0.8259879688954989","1","all","TabPFN-v2 🤯","2026-04-05T16:00:27.000Z","MUL_TEXT_DATA_SCIENTIST_SALARY","2155","e5-large","2.01605224609375","2.8779296875"
"tabpfnv2p5_MUL_TEXT_DATA_SCIENTIST_SALARY_1","0.8363685379350477","1","ft","TabPFN-v2p5 🇩🇪","2026-04-05T15:55:37.000Z","MUL_TEXT_DATA_SCIENTIST_SALARY","16476","e5-large","3.2428016662597656","39.5810546875"
"tabpfnv2p5_MUL_TEXT_DATA_SCIENTIST_SALARY_1","0.8345413586060828","1","all","TabPFN-v2p5 🇩🇪","2026-04-05T15:53:07.000Z","MUL_TEXT_DATA_SCIENTIST_SALARY","2139","e5-large","1.9906272888183592","2.8779296875"
"tabm_MUL_TEXT_DATA_SCIENTIST_SALARY_1","0.8265034337913629","1","ft","TabM Ⓜ️","2026-04-05T15:47:42.000Z","MUL_TEXT_DATA_SCIENTIST_SALARY","12974","e5-large","2.9602699279785156","39.5498046875"
"tabm_MUL_TEXT_DATA_SCIENTIST_SALARY_1","0.8321657946334713","1","all","TabM Ⓜ️","2026-04-05T15:45:56.000Z","MUL_TEXT_DATA_SCIENTIST_SALARY","2028","e5-large","1.7728195190429688","2.9091796875"
"cat_MUL_TEXT_DATA_SCIENTIST_SALARY_1","0.8254511729746298","1","ft","CatBoost 😸","2026-04-05T15:45:34.000Z","MUL_TEXT_DATA_SCIENTIST_SALARY","13040","e5-large","3.1347579956054688","39.5498046875"
"cat_MUL_TEXT_DATA_SCIENTIST_SALARY_1","0.8166370406196163","1","all","CatBoost 😸","2026-04-05T15:44:08.000Z","MUL_TEXT_DATA_SCIENTIST_SALARY","2084","e5-large","2.2035560607910156","2.8779296875"
"light_MUL_TEXT_DATA_SCIENTIST_SALARY_1","0.8119874057456881","1","ft","LightGBM 💡","2026-04-05T15:36:59.000Z","MUL_TEXT_DATA_SCIENTIST_SALARY","12999","e5-large","3.06771469116211","39.5498046875"
"light_MUL_TEXT_DATA_SCIENTIST_SALARY_1","0.7961846537921584","1","all","LightGBM 💡","2026-04-05T15:33:48.000Z","MUL_TEXT_DATA_SCIENTIST_SALARY","2038","e5-large","2.3091964721679688","2.8779296875"
"tabpfnv2_MUL_TEXT_DATA_SCIENTIST_SALARY_0","0.8337535392616514","0","ft","TabPFN-v2 🤯","2026-04-05T15:23:59.000Z","MUL_TEXT_DATA_SCIENTIST_SALARY","14319","e5-large","3.219158172607422","39.5849609375"
"tabpfnv2_MUL_TEXT_DATA_SCIENTIST_SALARY_0","0.8315675425195003","0","all","TabPFN-v2 🤯","2026-04-05T15:09:47.000Z","MUL_TEXT_DATA_SCIENTIST_SALARY","2164","e5-large","2.229473114013672","2.8779296875"
"tabpfnv2p5_MUL_TEXT_DATA_SCIENTIST_SALARY_0","0.8400777341389651","0","ft","TabPFN-v2p5 🇩🇪","2026-04-05T15:09:20.000Z","MUL_TEXT_DATA_SCIENTIST_SALARY","14221","e5-large","3.2059249877929688","39.5537109375"
"tabpfnv2p5_MUL_TEXT_DATA_SCIENTIST_SALARY_0","0.8374757675106318","0","all","TabPFN-v2p5 🇩🇪","2026-04-05T15:08:27.000Z","MUL_TEXT_DATA_SCIENTIST_SALARY","2138","e5-large","2.1453895568847656","2.8779296875"
"tabm_MUL_TEXT_DATA_SCIENTIST_SALARY_0","0.8374582891736718","0","ft","TabM Ⓜ️","2026-04-05T15:03:38.000Z","MUL_TEXT_DATA_SCIENTIST_SALARY","12996","e5-large","2.9150466918945312","39.5419921875"
"tabm_MUL_TEXT_DATA_SCIENTIST_SALARY_0","0.8369169123751353","0","all","TabM Ⓜ️","2026-04-05T15:03:02.000Z","MUL_TEXT_DATA_SCIENTIST_SALARY","2032","e5-large","2.244468688964844","2.9091796875"
"cat_MUL_TEXT_DATA_SCIENTIST_SALARY_0","0.8276158544122253","0","ft","CatBoost 😸","2026-04-05T15:01:11.000Z","MUL_TEXT_DATA_SCIENTIST_SALARY","13051","e5-large","2.939380645751953","39.5263671875"
"cat_MUL_TEXT_DATA_SCIENTIST_SALARY_0","0.8196693848805725","0","all","CatBoost 😸","2026-04-05T14:47:37.000Z","MUL_TEXT_DATA_SCIENTIST_SALARY","2094","e5-large","2.0031776428222656","2.8779296875"
"light_MUL_TEXT_DATA_SCIENTIST_SALARY_0","0.8041512874910826","0","ft","LightGBM 💡","2026-04-05T14:44:33.000Z","MUL_TEXT_DATA_SCIENTIST_SALARY","12994","e5-large","2.9068565368652344","39.5498046875"
"light_MUL_TEXT_DATA_SCIENTIST_SALARY_0","0.8011801159179908","0","all","LightGBM 💡","2026-04-05T14:35:23.000Z","MUL_TEXT_DATA_SCIENTIST_SALARY","2030","e5-large","1.965190887451172","2.8779296875"
"tabm_MUL_TEXT_WINE_REVIEW_4","0.982831608345358","4","ft","TabM Ⓜ️","2026-04-05T13:18:35.000Z","MUL_TEXT_WINE_REVIEW","8816","e5-large","2.9967269897460938","39.5341796875"
"tabm_MUL_TEXT_WINE_REVIEW_4","0.981122893603412","4","all","TabM Ⓜ️","2026-04-05T13:06:42.000Z","MUL_TEXT_WINE_REVIEW","849","e5-large","2.3520774841308594","2.9052734375"
"cat_MUL_TEXT_WINE_REVIEW_4","0.9831326853386396","4","ft","CatBoost 😸","2026-04-05T13:01:27.000Z","MUL_TEXT_WINE_REVIEW","9136","e5-large","3.1976852416992188","39.5810546875"
"cat_MUL_TEXT_WINE_REVIEW_4","0.9779722798420204","4","all","CatBoost 😸","2026-04-05T12:37:13.000Z","MUL_TEXT_WINE_REVIEW","1448","e5-large","2.27920913696289","2.8779296875"
"light_MUL_TEXT_WINE_REVIEW_4","0.97655104292404","4","ft","LightGBM 💡","2026-04-05T12:32:57.000Z","MUL_TEXT_WINE_REVIEW","8795","e5-large","2.935020446777344","39.5810546875"
"light_MUL_TEXT_WINE_REVIEW_4","0.9673220121599478","4","all","LightGBM 💡","2026-04-05T12:22:51.000Z","MUL_TEXT_WINE_REVIEW","859","e5-large","2.1118240356445312","2.8779296875"
"tabm_MUL_TEXT_WINE_REVIEW_3","0.9847439687999664","3","ft","TabM Ⓜ️","2026-04-05T12:02:34.000Z","MUL_TEXT_WINE_REVIEW","11155","e5-large","2.943187713623047","39.5810546875"
"tabm_MUL_TEXT_WINE_REVIEW_3","0.979169328838296","3","all","TabM Ⓜ️","2026-04-05T11:54:15.000Z","MUL_TEXT_WINE_REVIEW","852","e5-large","1.801044464111328","2.9052734375"
"cat_MUL_TEXT_WINE_REVIEW_3","0.9822507869467704","3","ft","CatBoost 😸","2026-04-05T11:53:10.000Z","MUL_TEXT_WINE_REVIEW","11713","e5-large","3.122325897216797","39.5810546875"
"cat_MUL_TEXT_WINE_REVIEW_3","0.9778823261446402","3","all","CatBoost 😸","2026-04-05T11:44:17.000Z","MUL_TEXT_WINE_REVIEW","1389","e5-large","2.1140365600585938","2.8779296875"
"light_MUL_TEXT_WINE_REVIEW_3","0.9783779417657076","3","ft","LightGBM 💡","2026-04-05T11:40:26.000Z","MUL_TEXT_WINE_REVIEW","11226","e5-large","3.18841552734375","39.5341796875"
"light_MUL_TEXT_WINE_REVIEW_3","0.967775446434568","3","all","LightGBM 💡","2026-04-05T11:38:48.000Z","MUL_TEXT_WINE_REVIEW","856","e5-large","1.597808837890625","2.8779296875"
"tabm_MUL_TEXT_WINE_REVIEW_2","0.984789491995698","2","ft","TabM Ⓜ️","2026-04-05T11:17:32.000Z","MUL_TEXT_WINE_REVIEW","13561","e5-large","3.10897445678711","39.5810546875"
"tabm_MUL_TEXT_WINE_REVIEW_2","0.9812635630624562","2","all","TabM Ⓜ️","2026-04-05T11:14:15.000Z","MUL_TEXT_WINE_REVIEW","902","e5-large","1.857257843017578","2.9072265625"
"cat_MUL_TEXT_WINE_REVIEW_2","0.9824704703733124","2","ft","CatBoost 😸","2026-04-05T11:10:49.000Z","MUL_TEXT_WINE_REVIEW","13928","e5-large","3.1651535034179688","39.5810546875"
"cat_MUL_TEXT_WINE_REVIEW_2","0.9783487426802376","2","all","CatBoost 😸","2026-04-05T11:07:39.000Z","MUL_TEXT_WINE_REVIEW","1415","e5-large","1.908843994140625","2.8779296875"
"light_MUL_TEXT_WINE_REVIEW_2","0.9740584338178034","2","ft","LightGBM 💡","2026-04-05T10:58:20.000Z","MUL_TEXT_WINE_REVIEW","13569","e5-large","3.0234222412109375","39.5810546875"
"light_MUL_TEXT_WINE_REVIEW_2","0.9686067206574562","2","all","LightGBM 💡","2026-04-05T10:53:01.000Z","MUL_TEXT_WINE_REVIEW","875","e5-large","2.3486328125","2.8779296875"
"tabm_MUL_TEXT_WINE_REVIEW_1","0.9842425206948164","1","ft","TabM Ⓜ️","2026-04-05T10:25:09.000Z","MUL_TEXT_WINE_REVIEW","10399","e5-large","3.1749038696289062","39.5810546875"
"tabm_MUL_TEXT_WINE_REVIEW_1","0.9804523731129072","1","all","TabM Ⓜ️","2026-04-05T10:10:53.000Z","MUL_TEXT_WINE_REVIEW","852","e5-large","2.0687332153320312","2.9052734375"
"cat_MUL_TEXT_WINE_REVIEW_1","0.9821901009260496","1","ft","CatBoost 😸","2026-04-05T10:06:26.000Z","MUL_TEXT_WINE_REVIEW","10813","e5-large","2.9357337951660156","39.5341796875"
"cat_MUL_TEXT_WINE_REVIEW_1","0.9772926268948808","1","all","CatBoost 😸","2026-04-05T09:46:04.000Z","MUL_TEXT_WINE_REVIEW","1480","e5-large","2.3042678833007812","2.8779296875"
"light_MUL_TEXT_WINE_REVIEW_1","0.9762396938363228","1","ft","LightGBM 💡","2026-04-05T09:29:05.000Z","MUL_TEXT_WINE_REVIEW","10423","e5-large","3.172527313232422","39.5654296875"
"light_MUL_TEXT_WINE_REVIEW_1","0.9670386038050466","1","all","LightGBM 💡","2026-04-05T09:14:43.000Z","MUL_TEXT_WINE_REVIEW","857","e5-large","1.6422882080078125","2.8779296875"
"tabm_MUL_TEXT_WINE_REVIEW_0","0.9810451950629382","0","ft","TabM Ⓜ️","2026-04-05T08:31:49.000Z","MUL_TEXT_WINE_REVIEW","9605","e5-large","2.9183349609375","39.5341796875"
"tabm_MUL_TEXT_WINE_REVIEW_0","0.9773035576570046","0","all","TabM Ⓜ️","2026-04-05T08:31:10.000Z","MUL_TEXT_WINE_REVIEW","856","e5-large","1.7663917541503906","2.9072265625"
"cat_MUL_TEXT_WINE_REVIEW_0","0.9795923818840602","0","ft","CatBoost 😸","2026-04-05T08:12:32.000Z","MUL_TEXT_WINE_REVIEW","9941","e5-large","2.9282913208007812","39.5810546875"
"cat_MUL_TEXT_WINE_REVIEW_0","0.9758516482515356","0","all","CatBoost 😸","2026-04-05T08:06:58.000Z","MUL_TEXT_WINE_REVIEW","1488","e5-large","2.273643493652344","2.8779296875"
"light_MUL_TEXT_WINE_REVIEW_0","0.9717820536121278","0","ft","LightGBM 💡","2026-04-05T07:53:15.000Z","MUL_TEXT_WINE_REVIEW","9588","e5-large","3.237998962402344","39.5810546875"
"light_MUL_TEXT_WINE_REVIEW_0","0.9646964649478008","0","all","LightGBM 💡","2026-04-05T07:38:57.000Z","MUL_TEXT_WINE_REVIEW","855","e5-large","1.6444664001464844","2.8779296875"
"tabpfnv2_MUL_TEXT_MICHELIN_RESTAURANTS_4","0.92391239893348","4","ft","TabPFN-v2 🤯","2026-04-05T07:37:34.000Z","MUL_TEXT_MICHELIN_RESTAURANTS","14563","e5-large","3.1998023986816406","39.5556640625"
"tabpfnv2_MUL_TEXT_MICHELIN_RESTAURANTS_4","0.9171446490127017","4","all","TabPFN-v2 🤯","2026-04-05T07:28:40.000Z","MUL_TEXT_MICHELIN_RESTAURANTS","2626","e5-large","2.03143310546875","2.8779296875"
"tabpfnv2p5_MUL_TEXT_MICHELIN_RESTAURANTS_4","0.9275089837639818","4","ft","TabPFN-v2p5 🇩🇪","2026-04-05T07:27:30.000Z","MUL_TEXT_MICHELIN_RESTAURANTS","14476","e5-large","3.099037170410156","39.5556640625"
"tabpfnv2p5_MUL_TEXT_MICHELIN_RESTAURANTS_4","0.9209110262053564","4","all","TabPFN-v2p5 🇩🇪","2026-04-05T07:23:10.000Z","MUL_TEXT_MICHELIN_RESTAURANTS","2625","e5-large","1.7971305847167969","2.8779296875"
"tabm_MUL_TEXT_MICHELIN_RESTAURANTS_4","0.9222888197414314","4","ft","TabM Ⓜ️","2026-04-05T07:06:26.000Z","MUL_TEXT_MICHELIN_RESTAURANTS","15526","e5-large","2.9963836669921875","39.5849609375"
"tabm_MUL_TEXT_MICHELIN_RESTAURANTS_4","0.9143506341411516","4","all","TabM Ⓜ️","2026-04-05T06:57:31.000Z","MUL_TEXT_MICHELIN_RESTAURANTS","2481","e5-large","2.2981033325195312","2.9072265625"
"cat_MUL_TEXT_MICHELIN_RESTAURANTS_4","0.9179283327515624","4","ft","CatBoost 😸","2026-04-05T06:57:22.000Z","MUL_TEXT_MICHELIN_RESTAURANTS","15602","e5-large","2.8414306640625","39.5849609375"
"cat_MUL_TEXT_MICHELIN_RESTAURANTS_4","0.9045902293505558","4","all","CatBoost 😸","2026-04-05T06:54:39.000Z","MUL_TEXT_MICHELIN_RESTAURANTS","2568","e5-large","2.2715377807617188","2.8779296875"
"light_MUL_TEXT_MICHELIN_RESTAURANTS_4","0.9044991389739656","4","ft","LightGBM 💡","2026-04-05T06:51:51.000Z","MUL_TEXT_MICHELIN_RESTAURANTS","15530","e5-large","2.951690673828125","39.5810546875"
"light_MUL_TEXT_MICHELIN_RESTAURANTS_4","0.8887895868645737","4","all","LightGBM 💡","2026-04-05T06:47:09.000Z","MUL_TEXT_MICHELIN_RESTAURANTS","2486","e5-large","2.3756332397460938","2.8779296875"
"tabpfnv2_MUL_TEXT_MICHELIN_RESTAURANTS_3","0.9195661046189224","3","ft","TabPFN-v2 🤯","2026-04-05T06:46:54.000Z","MUL_TEXT_MICHELIN_RESTAURANTS","18434","e5-large","3.304241180419922","39.5556640625"
"tabpfnv2_MUL_TEXT_MICHELIN_RESTAURANTS_3","0.9105711085315514","3","all","TabPFN-v2 🤯","2026-04-05T06:43:42.000Z","MUL_TEXT_MICHELIN_RESTAURANTS","2623","e5-large","1.9736671447753904","2.8779296875"
"tabpfnv2p5_MUL_TEXT_MICHELIN_RESTAURANTS_3","0.9237410481996732","3","ft","TabPFN-v2p5 🇩🇪","2026-04-05T06:42:03.000Z","MUL_TEXT_MICHELIN_RESTAURANTS","13264","e5-large","3.119220733642578","39.5556640625"
"tabpfnv2p5_MUL_TEXT_MICHELIN_RESTAURANTS_3","0.9167582001087063","3","all","TabPFN-v2p5 🇩🇪","2026-04-05T06:39:38.000Z","MUL_TEXT_MICHELIN_RESTAURANTS","2608","e5-large","1.8710784912109375","2.8779296875"
"tabm_MUL_TEXT_MICHELIN_RESTAURANTS_3","0.9216310580881586","3","ft","TabM Ⓜ️","2026-04-05T06:26:05.000Z","MUL_TEXT_MICHELIN_RESTAURANTS","15597","e5-large","3.248027801513672","39.5791015625"
"tabm_MUL_TEXT_MICHELIN_RESTAURANTS_3","0.9155517342244376","3","all","TabM Ⓜ️","2026-04-05T06:15:29.000Z","MUL_TEXT_MICHELIN_RESTAURANTS","2509","e5-large","2.280433654785156","2.9072265625"
"cat_MUL_TEXT_MICHELIN_RESTAURANTS_3","0.9179059874197506","3","ft","CatBoost 😸","2026-04-05T05:45:50.000Z","MUL_TEXT_MICHELIN_RESTAURANTS","15633","e5-large","3.0206947326660156","39.5810546875"
"cat_MUL_TEXT_MICHELIN_RESTAURANTS_3","0.9068213090748498","3","all","CatBoost 😸","2026-04-05T05:43:05.000Z","MUL_TEXT_MICHELIN_RESTAURANTS","2578","e5-large","2.366424560546875","2.8779296875"
"light_MUL_TEXT_MICHELIN_RESTAURANTS_3","0.90385527629229","3","ft","LightGBM 💡","2026-04-05T05:25:36.000Z","MUL_TEXT_MICHELIN_RESTAURANTS","15537","e5-large","3.1793899536132812","39.5810546875"
"light_MUL_TEXT_MICHELIN_RESTAURANTS_3","0.891382381747994","3","all","LightGBM 💡","2026-04-05T04:44:15.000Z","MUL_TEXT_MICHELIN_RESTAURANTS","2478","e5-large","1.6092567443847656","2.8779296875"
"tabpfnv2_MUL_TEXT_MICHELIN_RESTAURANTS_2","0.928220223150178","2","ft","TabPFN-v2 🤯","2026-04-05T04:27:23.000Z","MUL_TEXT_MICHELIN_RESTAURANTS","17234","e5-large","3.1707077026367188","39.5556640625"
"tabpfnv2_MUL_TEXT_MICHELIN_RESTAURANTS_2","0.9219651588339964","2","all","TabPFN-v2 🤯","2026-04-05T04:00:30.000Z","MUL_TEXT_MICHELIN_RESTAURANTS","2622","e5-large","2.1975555419921875","2.8779296875"
"tabpfnv2p5_MUL_TEXT_MICHELIN_RESTAURANTS_2","0.9329857666389711","2","ft","TabPFN-v2p5 🇩🇪","2026-04-05T03:46:18.000Z","MUL_TEXT_MICHELIN_RESTAURANTS","17085","e5-large","2.90433120727539","39.5556640625"
"tabpfnv2p5_MUL_TEXT_MICHELIN_RESTAURANTS_2","0.9279521100175474","2","all","TabPFN-v2p5 🇩🇪","2026-04-05T03:41:54.000Z","MUL_TEXT_MICHELIN_RESTAURANTS","2622","e5-large","2.2664566040039062","2.8779296875"
"tabm_MUL_TEXT_MICHELIN_RESTAURANTS_2","0.9304596653449764","2","ft","TabM Ⓜ️","2026-04-05T03:34:57.000Z","MUL_TEXT_MICHELIN_RESTAURANTS","17881","e5-large","3.2050552368164062","39.5810546875"
"tabm_MUL_TEXT_MICHELIN_RESTAURANTS_2","0.9216209278392052","2","all","TabM Ⓜ️","2026-04-05T03:19:00.000Z","MUL_TEXT_MICHELIN_RESTAURANTS","2484","e5-large","1.7957878112792969","2.9072265625"
"cat_MUL_TEXT_MICHELIN_RESTAURANTS_2","0.92537579881838","2","ft","CatBoost 😸","2026-04-05T03:06:21.000Z","MUL_TEXT_MICHELIN_RESTAURANTS","13240","e5-large","3.356708526611328","39.5341796875"
"cat_MUL_TEXT_MICHELIN_RESTAURANTS_2","0.9112344360531316","2","all","CatBoost 😸","2026-04-05T03:03:51.000Z","MUL_TEXT_MICHELIN_RESTAURANTS","2543","e5-large","2.043865203857422","2.8779296875"
"light_MUL_TEXT_MICHELIN_RESTAURANTS_2","0.9186981665742208","2","ft","LightGBM 💡","2026-04-05T03:02:20.000Z","MUL_TEXT_MICHELIN_RESTAURANTS","13178","e5-large","3.258373260498047","39.5791015625"
"light_MUL_TEXT_MICHELIN_RESTAURANTS_2","0.887931749561551","2","all","LightGBM 💡","2026-04-05T03:00:18.000Z","MUL_TEXT_MICHELIN_RESTAURANTS","2489","e5-large","2.264049530029297","2.8779296875"
"tabpfnv2_MUL_TEXT_MICHELIN_RESTAURANTS_1","0.916344706759854","1","ft","TabPFN-v2 🤯","2026-04-05T02:55:32.000Z","MUL_TEXT_MICHELIN_RESTAURANTS","14513","e5-large","3.294910430908203","39.5556640625"
"tabpfnv2_MUL_TEXT_MICHELIN_RESTAURANTS_1","0.9069396130547612","1","all","TabPFN-v2 🤯","2026-04-05T02:51:13.000Z","MUL_TEXT_MICHELIN_RESTAURANTS","2617","e5-large","2.3432083129882812","2.8779296875"
"tabpfnv2p5_MUL_TEXT_MICHELIN_RESTAURANTS_1","0.9254776407790044","1","ft","TabPFN-v2p5 🇩🇪","2026-04-05T02:50:25.000Z","MUL_TEXT_MICHELIN_RESTAURANTS","14478","e5-large","3.2515716552734375","39.5556640625"
"tabpfnv2p5_MUL_TEXT_MICHELIN_RESTAURANTS_1","0.9152706545435124","1","all","TabPFN-v2p5 🇩🇪","2026-04-05T02:35:24.000Z","MUL_TEXT_MICHELIN_RESTAURANTS","2610","e5-large","2.1581077575683594","2.8779296875"
"tabm_MUL_TEXT_MICHELIN_RESTAURANTS_1","0.9191938755476224","1","ft","TabM Ⓜ️","2026-04-05T02:28:22.000Z","MUL_TEXT_MICHELIN_RESTAURANTS","15507","e5-large","3.2206878662109375","39.5810546875"
"tabm_MUL_TEXT_MICHELIN_RESTAURANTS_1","0.9155163265272316","1","all","TabM Ⓜ️","2026-04-05T02:24:50.000Z","MUL_TEXT_MICHELIN_RESTAURANTS","2484","e5-large","2.1626968383789062","2.9072265625"
"cat_MUL_TEXT_MICHELIN_RESTAURANTS_1","0.9169180637472129","1","ft","CatBoost 😸","2026-04-05T02:23:57.000Z","MUL_TEXT_MICHELIN_RESTAURANTS","15581","e5-large","3.280120849609375","39.5478515625"
"cat_MUL_TEXT_MICHELIN_RESTAURANTS_1","0.9083677162052016","1","all","CatBoost 😸","2026-04-05T02:21:17.000Z","MUL_TEXT_MICHELIN_RESTAURANTS","2549","e5-large","2.16366195678711","2.8779296875"
"light_MUL_TEXT_MICHELIN_RESTAURANTS_1","0.9020841486268392","1","ft","LightGBM 💡","2026-04-05T02:20:39.000Z","MUL_TEXT_MICHELIN_RESTAURANTS","15531","e5-large","3.2069854736328125","39.5810546875"
"light_MUL_TEXT_MICHELIN_RESTAURANTS_1","0.900292007835572","1","all","LightGBM 💡","2026-04-05T02:20:27.000Z","MUL_TEXT_MICHELIN_RESTAURANTS","2509","e5-large","2.3338699340820312","2.8779296875"
"tabpfnv2_MUL_TEXT_MICHELIN_RESTAURANTS_0","0.9215873545027132","0","ft","TabPFN-v2 🤯","2026-04-05T02:20:18.000Z","MUL_TEXT_MICHELIN_RESTAURANTS","17159","e5-large","3.1331214904785156","39.5556640625"
"tabpfnv2_MUL_TEXT_MICHELIN_RESTAURANTS_0","0.9117596034374608","0","all","TabPFN-v2 🤯","2026-04-05T02:16:20.000Z","MUL_TEXT_MICHELIN_RESTAURANTS","2632","e5-large","2.227508544921875","2.8779296875"
"tabpfnv2p5_MUL_TEXT_MICHELIN_RESTAURANTS_0","0.927483141375894","0","ft","TabPFN-v2p5 🇩🇪","2026-04-05T02:08:35.000Z","MUL_TEXT_MICHELIN_RESTAURANTS","17158","e5-large","3.2638626098632812","39.5810546875"
"tabpfnv2p5_MUL_TEXT_MICHELIN_RESTAURANTS_0","0.9200516516363172","0","all","TabPFN-v2p5 🇩🇪","2026-04-05T02:07:22.000Z","MUL_TEXT_MICHELIN_RESTAURANTS","2625","e5-large","2.3392066955566406","2.8779296875"
"tabm_MUL_TEXT_MICHELIN_RESTAURANTS_0","0.9244236814970712","0","ft","TabM Ⓜ️","2026-04-05T01:54:53.000Z","MUL_TEXT_MICHELIN_RESTAURANTS","15529","e5-large","2.993572235107422","39.5400390625"
"tabm_MUL_TEXT_MICHELIN_RESTAURANTS_0","0.9137328492393428","0","all","TabM Ⓜ️","2026-04-05T01:53:59.000Z","MUL_TEXT_MICHELIN_RESTAURANTS","2479","e5-large","2.1688194274902344","2.9072265625"
"cat_MUL_TEXT_MICHELIN_RESTAURANTS_0","0.9227934535196088","0","ft","CatBoost 😸","2026-04-05T01:25:24.000Z","MUL_TEXT_MICHELIN_RESTAURANTS","15620","e5-large","3.0471229553222656","39.5810546875"
"cat_MUL_TEXT_MICHELIN_RESTAURANTS_0","0.9093098546760444","0","all","CatBoost 😸","2026-04-05T01:23:18.000Z","MUL_TEXT_MICHELIN_RESTAURANTS","2546","e5-large","2.0102691650390625","2.8779296875"
"light_MUL_TEXT_MICHELIN_RESTAURANTS_0","0.918766099417561","0","ft","LightGBM 💡","2026-04-05T01:22:51.000Z","MUL_TEXT_MICHELIN_RESTAURANTS","15610","e5-large","3.202850341796875","39.5810546875"
"light_MUL_TEXT_MICHELIN_RESTAURANTS_0","0.8935549129467913","0","all","LightGBM 💡","2026-04-05T01:13:18.000Z","MUL_TEXT_MICHELIN_RESTAURANTS","2489","e5-large","2.291706085205078","2.8779296875"
"tabpfnv2_MUL_TEXT_WOMEN_CLOTHING_REVIEW_4","0.915159509360987","4","ft","TabPFN-v2 🤯","2026-04-05T01:12:12.000Z","MUL_TEXT_WOMEN_CLOTHING_REVIEW","6195","e5-large","2.9648513793945312","39.5498046875"
"tabpfnv2_MUL_TEXT_WOMEN_CLOTHING_REVIEW_4","0.9112961191278984","4","all","TabPFN-v2 🤯","2026-04-05T01:08:25.000Z","MUL_TEXT_WOMEN_CLOTHING_REVIEW","889","e5-large","2.313392639160156","2.8779296875"
"tabpfnv2p5_MUL_TEXT_WOMEN_CLOTHING_REVIEW_4","0.9160447873636016","4","ft","TabPFN-v2p5 🇩🇪","2026-04-05T01:07:01.000Z","MUL_TEXT_WOMEN_CLOTHING_REVIEW","6196","e5-large","3.05167007446289","39.5498046875"
"tabpfnv2p5_MUL_TEXT_WOMEN_CLOTHING_REVIEW_4","0.9133484877062952","4","all","TabPFN-v2p5 🇩🇪","2026-04-05T01:06:15.000Z","MUL_TEXT_WOMEN_CLOTHING_REVIEW","893","e5-large","2.303619384765625","2.8779296875"
"tabm_MUL_TEXT_WOMEN_CLOTHING_REVIEW_4","0.9143448809972888","4","ft","TabM Ⓜ️","2026-04-05T01:01:23.000Z","MUL_TEXT_WOMEN_CLOTHING_REVIEW","5214","e5-large","2.965679168701172","39.5322265625"
"tabm_MUL_TEXT_WOMEN_CLOTHING_REVIEW_4","0.908796260578165","4","all","TabM Ⓜ️","2026-04-05T00:59:07.000Z","MUL_TEXT_WOMEN_CLOTHING_REVIEW","848","e5-large","2.2512969970703125","2.9072265625"
"cat_MUL_TEXT_WOMEN_CLOTHING_REVIEW_4","0.9130346220686798","4","ft","CatBoost 😸","2026-04-05T00:53:45.000Z","MUL_TEXT_WOMEN_CLOTHING_REVIEW","5248","e5-large","3.041210174560547","39.5322265625"
"cat_MUL_TEXT_WOMEN_CLOTHING_REVIEW_4","0.9088987091575924","4","all","CatBoost 😸","2026-04-05T00:53:43.000Z","MUL_TEXT_WOMEN_CLOTHING_REVIEW","878","e5-large","2.2760467529296875","2.8779296875"
"light_MUL_TEXT_WOMEN_CLOTHING_REVIEW_4","0.9103956545984546","4","ft","LightGBM 💡","2026-04-05T00:52:46.000Z","MUL_TEXT_WOMEN_CLOTHING_REVIEW","5257","e5-large","2.946613311767578","39.5322265625"
"light_MUL_TEXT_WOMEN_CLOTHING_REVIEW_4","0.9023344981378182","4","all","LightGBM 💡","2026-04-05T00:52:04.000Z","MUL_TEXT_WOMEN_CLOTHING_REVIEW","844","e5-large","2.3071212768554688","2.8779296875"
"tabpfnv2_MUL_TEXT_WOMEN_CLOTHING_REVIEW_3","0.9139748331772786","3","ft","TabPFN-v2 🤯","2026-04-05T00:47:55.000Z","MUL_TEXT_WOMEN_CLOTHING_REVIEW","5756","e5-large","3.111438751220703","39.5498046875"
"tabpfnv2_MUL_TEXT_WOMEN_CLOTHING_REVIEW_3","0.9086666001526756","3","all","TabPFN-v2 🤯","2026-04-05T00:46:30.000Z","MUL_TEXT_WOMEN_CLOTHING_REVIEW","889","e5-large","2.0150375366210938","2.8779296875"
"tabpfnv2p5_MUL_TEXT_WOMEN_CLOTHING_REVIEW_3","0.913433579707986","3","ft","TabPFN-v2p5 🇩🇪","2026-04-05T00:44:30.000Z","MUL_TEXT_WOMEN_CLOTHING_REVIEW","5763","e5-large","3.1344070434570312","39.5810546875"
"tabpfnv2p5_MUL_TEXT_WOMEN_CLOTHING_REVIEW_3","0.909890299888332","3","all","TabPFN-v2p5 🇩🇪","2026-04-05T00:44:09.000Z","MUL_TEXT_WOMEN_CLOTHING_REVIEW","894","e5-large","2.17374038696289","2.8779296875"
"tabm_MUL_TEXT_WOMEN_CLOTHING_REVIEW_3","0.9130570764844542","3","ft","TabM Ⓜ️","2026-04-05T00:44:06.000Z","MUL_TEXT_WOMEN_CLOTHING_REVIEW","6037","e5-large","3.0861778259277344","39.5791015625"
"tabm_MUL_TEXT_WOMEN_CLOTHING_REVIEW_3","0.9082969002109168","3","all","TabM Ⓜ️","2026-04-05T00:39:32.000Z","MUL_TEXT_WOMEN_CLOTHING_REVIEW","845","e5-large","2.3294906616210938","2.9072265625"
"cat_MUL_TEXT_WOMEN_CLOTHING_REVIEW_3","0.9093404137470416","3","ft","CatBoost 😸","2026-04-05T00:38:03.000Z","MUL_TEXT_WOMEN_CLOTHING_REVIEW","6051","e5-large","3.0352935791015625","39.5322265625"
"cat_MUL_TEXT_WOMEN_CLOTHING_REVIEW_3","0.9058339522916384","3","all","CatBoost 😸","2026-04-05T00:37:11.000Z","MUL_TEXT_WOMEN_CLOTHING_REVIEW","886","e5-large","1.8544273376464844","2.8779296875"
"light_MUL_TEXT_WOMEN_CLOTHING_REVIEW_3","0.9028014996522682","3","ft","LightGBM 💡","2026-04-05T00:35:37.000Z","MUL_TEXT_WOMEN_CLOTHING_REVIEW","6037","e5-large","2.972797393798828","39.5322265625"
"light_MUL_TEXT_WOMEN_CLOTHING_REVIEW_3","0.8988698718906869","3","all","LightGBM 💡","2026-04-05T00:33:48.000Z","MUL_TEXT_WOMEN_CLOTHING_REVIEW","842","e5-large","2.309398651123047","2.8779296875"
"tabpfnv2_MUL_TEXT_WOMEN_CLOTHING_REVIEW_2","0.9229220950786792","2","ft","TabPFN-v2 🤯","2026-04-05T00:32:14.000Z","MUL_TEXT_WOMEN_CLOTHING_REVIEW","5777","e5-large","2.9296226501464844","39.5498046875"
"tabpfnv2_MUL_TEXT_WOMEN_CLOTHING_REVIEW_2","0.9206052145681785","2","all","TabPFN-v2 🤯","2026-04-05T00:29:01.000Z","MUL_TEXT_WOMEN_CLOTHING_REVIEW","903","e5-large","1.9750289916992188","2.8779296875"
"tabpfnv2p5_MUL_TEXT_WOMEN_CLOTHING_REVIEW_2","0.9236008849979026","2","ft","TabPFN-v2p5 🇩🇪","2026-04-05T00:17:52.000Z","MUL_TEXT_WOMEN_CLOTHING_REVIEW","5759","e5-large","3.0216751098632812","39.5498046875"
"tabpfnv2p5_MUL_TEXT_WOMEN_CLOTHING_REVIEW_2","0.9221539265053768","2","all","TabPFN-v2p5 🇩🇪","2026-04-05T00:14:03.000Z","MUL_TEXT_WOMEN_CLOTHING_REVIEW","893","e5-large","1.7101287841796875","2.8779296875"
"tabm_MUL_TEXT_WOMEN_CLOTHING_REVIEW_2","0.9228614531248313","2","ft","TabM Ⓜ️","2026-04-05T00:04:42.000Z","MUL_TEXT_WOMEN_CLOTHING_REVIEW","4837","e5-large","2.8445358276367188","39.5322265625"
"tabm_MUL_TEXT_WOMEN_CLOTHING_REVIEW_2","0.9212607908556456","2","all","TabM Ⓜ️","2026-04-04T23:59:47.000Z","MUL_TEXT_WOMEN_CLOTHING_REVIEW","850","e5-large","2.048839569091797","2.9072265625"
"cat_MUL_TEXT_WOMEN_CLOTHING_REVIEW_2","0.9191480459564136","2","ft","CatBoost 😸","2026-04-04T23:51:06.000Z","MUL_TEXT_WOMEN_CLOTHING_REVIEW","4860","e5-large","3.2167282104492188","39.5791015625"
"cat_MUL_TEXT_WOMEN_CLOTHING_REVIEW_2","0.9161968543348148","2","all","CatBoost 😸","2026-04-04T23:49:29.000Z","MUL_TEXT_WOMEN_CLOTHING_REVIEW","908","e5-large","2.13570785522461","2.8779296875"
"light_MUL_TEXT_WOMEN_CLOTHING_REVIEW_2","0.9091666008509174","2","ft","LightGBM 💡","2026-04-04T23:46:30.000Z","MUL_TEXT_WOMEN_CLOTHING_REVIEW","4825","e5-large","2.9006500244140625","39.5322265625"
"light_MUL_TEXT_WOMEN_CLOTHING_REVIEW_2","0.908078395286967","2","all","LightGBM 💡","2026-04-04T23:45:15.000Z","MUL_TEXT_WOMEN_CLOTHING_REVIEW","864","e5-large","2.1415367126464844","2.8779296875"
"tabpfnv2_MUL_TEXT_WOMEN_CLOTHING_REVIEW_1","0.9164517586736648","1","ft","TabPFN-v2 🤯","2026-04-04T23:39:41.000Z","MUL_TEXT_WOMEN_CLOTHING_REVIEW","4005","e5-large","3.112464904785156","39.5498046875"
"tabpfnv2_MUL_TEXT_WOMEN_CLOTHING_REVIEW_1","0.9131555459288552","1","all","TabPFN-v2 🤯","2026-04-04T23:36:09.000Z","MUL_TEXT_WOMEN_CLOTHING_REVIEW","891","e5-large","1.8103981018066408","2.8779296875"
"tabpfnv2p5_MUL_TEXT_WOMEN_CLOTHING_REVIEW_1","0.9163237114473398","1","ft","TabPFN-v2p5 🇩🇪","2026-04-04T23:35:53.000Z","MUL_TEXT_WOMEN_CLOTHING_REVIEW","3996","e5-large","2.906963348388672","39.5498046875"
"tabpfnv2p5_MUL_TEXT_WOMEN_CLOTHING_REVIEW_1","0.9145621693325892","1","all","TabPFN-v2p5 🇩🇪","2026-04-04T23:33:01.000Z","MUL_TEXT_WOMEN_CLOTHING_REVIEW","894","e5-large","2.150043487548828","2.8779296875"
"tabm_MUL_TEXT_WOMEN_CLOTHING_REVIEW_1","0.9176700231766232","1","ft","TabM Ⓜ️","2026-04-04T23:32:58.000Z","MUL_TEXT_WOMEN_CLOTHING_REVIEW","4841","e5-large","2.84427261352539","39.5322265625"
"tabm_MUL_TEXT_WOMEN_CLOTHING_REVIEW_1","0.9129719150755468","1","all","TabM Ⓜ️","2026-04-04T23:32:04.000Z","MUL_TEXT_WOMEN_CLOTHING_REVIEW","863","e5-large","2.2650604248046875","2.9072265625"
"cat_MUL_TEXT_WOMEN_CLOTHING_REVIEW_1","0.9126736086256432","1","ft","CatBoost 😸","2026-04-04T23:31:26.000Z","MUL_TEXT_WOMEN_CLOTHING_REVIEW","4873","e5-large","3.216358184814453","39.5791015625"
"cat_MUL_TEXT_WOMEN_CLOTHING_REVIEW_1","0.909612069958253","1","all","CatBoost 😸","2026-04-04T23:28:53.000Z","MUL_TEXT_WOMEN_CLOTHING_REVIEW","882","e5-large","1.8629074096679688","2.8779296875"
"light_MUL_TEXT_WOMEN_CLOTHING_REVIEW_1","0.9052786636016554","1","ft","LightGBM 💡","2026-04-04T23:23:58.000Z","MUL_TEXT_WOMEN_CLOTHING_REVIEW","4825","e5-large","2.977703094482422","39.5322265625"
"light_MUL_TEXT_WOMEN_CLOTHING_REVIEW_1","0.9036926963578183","1","all","LightGBM 💡","2026-04-04T23:23:38.000Z","MUL_TEXT_WOMEN_CLOTHING_REVIEW","864","e5-large","1.6247634887695312","2.8779296875"
"tabpfnv2_MUL_TEXT_WOMEN_CLOTHING_REVIEW_0","0.9212009984671988","0","ft","TabPFN-v2 🤯","2026-04-04T23:21:21.000Z","MUL_TEXT_WOMEN_CLOTHING_REVIEW","4451","e5-large","3.196441650390625","39.5498046875"
"tabpfnv2_MUL_TEXT_WOMEN_CLOTHING_REVIEW_0","0.9166159513959332","0","all","TabPFN-v2 🤯","2026-04-04T23:20:55.000Z","MUL_TEXT_WOMEN_CLOTHING_REVIEW","894","e5-large","1.725933074951172","2.8779296875"
"tabpfnv2p5_MUL_TEXT_WOMEN_CLOTHING_REVIEW_0","0.9210385637952806","0","ft","TabPFN-v2p5 🇩🇪","2026-04-04T23:19:47.000Z","MUL_TEXT_WOMEN_CLOTHING_REVIEW","4434","e5-large","3.2570266723632812","39.5498046875"
"tabpfnv2p5_MUL_TEXT_WOMEN_CLOTHING_REVIEW_0","0.9179854773630328","0","all","TabPFN-v2p5 🇩🇪","2026-04-04T23:16:51.000Z","MUL_TEXT_WOMEN_CLOTHING_REVIEW","889","e5-large","1.757854461669922","2.8779296875"
"tabm_MUL_TEXT_WOMEN_CLOTHING_REVIEW_0","0.9208061793074028","0","ft","TabM Ⓜ️","2026-04-04T23:12:29.000Z","MUL_TEXT_WOMEN_CLOTHING_REVIEW","5218","e5-large","3.242755889892578","39.5791015625"
"tabm_MUL_TEXT_WOMEN_CLOTHING_REVIEW_0","0.917421193444936","0","all","TabM Ⓜ️","2026-04-04T23:09:17.000Z","MUL_TEXT_WOMEN_CLOTHING_REVIEW","855","e5-large","1.7736701965332031","2.9072265625"
"cat_MUL_TEXT_WOMEN_CLOTHING_REVIEW_0","0.917495239849914","0","ft","CatBoost 😸","2026-04-04T23:09:09.000Z","MUL_TEXT_WOMEN_CLOTHING_REVIEW","5277","e5-large","2.911243438720703","39.5791015625"
"cat_MUL_TEXT_WOMEN_CLOTHING_REVIEW_0","0.913373215666552","0","all","CatBoost 😸","2026-04-04T23:06:02.000Z","MUL_TEXT_WOMEN_CLOTHING_REVIEW","886","e5-large","2.2673606872558594","2.8779296875"
"light_MUL_TEXT_WOMEN_CLOTHING_REVIEW_0","0.9133697293112228","0","ft","LightGBM 💡","2026-04-04T23:04:49.000Z","MUL_TEXT_WOMEN_CLOTHING_REVIEW","5239","e5-large","2.960956573486328","39.5791015625"
"light_MUL_TEXT_WOMEN_CLOTHING_REVIEW_0","0.9095432609274584","0","all","LightGBM 💡","2026-04-04T23:02:46.000Z","MUL_TEXT_WOMEN_CLOTHING_REVIEW","841","e5-large","1.6308708190917969","2.8779296875"
"tabpfnv2_MUL_TEXT_PRODUCT_SENTIMENT_4","0.9337923472454775","4","ft","TabPFN-v2 🤯","2026-04-04T23:02:24.000Z","MUL_TEXT_PRODUCT_SENTIMENT","2018","e5-large","3.236248016357422","39.5341796875"
"tabpfnv2_MUL_TEXT_PRODUCT_SENTIMENT_4","0.9240516175656484","4","all","TabPFN-v2 🤯","2026-04-04T23:00:49.000Z","MUL_TEXT_PRODUCT_SENTIMENT","233","e5-large","2.003276824951172","2.8779296875"
"tabpfnv2p5_MUL_TEXT_PRODUCT_SENTIMENT_4","0.9357781621058152","4","ft","TabPFN-v2p5 🇩🇪","2026-04-04T22:59:32.000Z","MUL_TEXT_PRODUCT_SENTIMENT","2005","e5-large","3.030902862548828","39.5341796875"
"tabpfnv2p5_MUL_TEXT_PRODUCT_SENTIMENT_4","0.9258964285501168","4","all","TabPFN-v2p5 🇩🇪","2026-04-04T22:59:06.000Z","MUL_TEXT_PRODUCT_SENTIMENT","214","e5-large","2.09481430053711","2.8779296875"
"tabm_MUL_TEXT_PRODUCT_SENTIMENT_4","0.9321680762820296","4","ft","TabM Ⓜ️","2026-04-04T22:57:41.000Z","MUL_TEXT_PRODUCT_SENTIMENT","2020","e5-large","3.1706275939941406","39.5634765625"
"tabm_MUL_TEXT_PRODUCT_SENTIMENT_4","0.9290707294474346","4","all","TabM Ⓜ️","2026-04-04T22:57:19.000Z","MUL_TEXT_PRODUCT_SENTIMENT","204","e5-large","2.0787506103515625","2.9052734375"
"cat_MUL_TEXT_PRODUCT_SENTIMENT_4","0.9271657083681196","4","ft","CatBoost 😸","2026-04-04T22:56:55.000Z","MUL_TEXT_PRODUCT_SENTIMENT","2023","e5-large","3.2114944458007812","39.5595703125"
"cat_MUL_TEXT_PRODUCT_SENTIMENT_4","0.9136048037584668","4","all","CatBoost 😸","2026-04-04T22:55:58.000Z","MUL_TEXT_PRODUCT_SENTIMENT","211","e5-large","1.7901039123535156","2.8779296875"
"light_MUL_TEXT_PRODUCT_SENTIMENT_4","0.8959096261497367","4","ft","LightGBM 💡","2026-04-04T22:55:07.000Z","MUL_TEXT_PRODUCT_SENTIMENT","2022","e5-large","3.061992645263672","39.5595703125"
"light_MUL_TEXT_PRODUCT_SENTIMENT_4","0.9078050961979636","4","all","LightGBM 💡","2026-04-04T22:53:50.000Z","MUL_TEXT_PRODUCT_SENTIMENT","203","e5-large","1.8653602600097656","2.8779296875"
"tabpfnv2_MUL_TEXT_PRODUCT_SENTIMENT_3","0.9433518769510292","3","ft","TabPFN-v2 🤯","2026-04-04T22:53:41.000Z","MUL_TEXT_PRODUCT_SENTIMENT","1809","e5-large","3.167236328125","39.5341796875"
"tabpfnv2_MUL_TEXT_PRODUCT_SENTIMENT_3","0.928902521991286","3","all","TabPFN-v2 🤯","2026-04-04T22:53:35.000Z","MUL_TEXT_PRODUCT_SENTIMENT","345","e5-large","1.6293830871582031","2.8779296875"
"tabpfnv2p5_MUL_TEXT_PRODUCT_SENTIMENT_3","0.945827464801522","3","ft","TabPFN-v2p5 🇩🇪","2026-04-04T22:51:14.000Z","MUL_TEXT_PRODUCT_SENTIMENT","1801","e5-large","3.1937217712402344","39.5341796875"
"tabpfnv2p5_MUL_TEXT_PRODUCT_SENTIMENT_3","0.9325177912767344","3","all","TabPFN-v2p5 🇩🇪","2026-04-04T22:49:56.000Z","MUL_TEXT_PRODUCT_SENTIMENT","215","e5-large","1.8753890991210935","2.8779296875"
"tabm_MUL_TEXT_PRODUCT_SENTIMENT_3","0.9381544634126294","3","ft","TabM Ⓜ️","2026-04-04T22:46:00.000Z","MUL_TEXT_PRODUCT_SENTIMENT","2020","e5-large","3.1597824096679688","39.5634765625"
"tabm_MUL_TEXT_PRODUCT_SENTIMENT_3","0.9238666740795428","3","all","TabM Ⓜ️","2026-04-04T22:42:05.000Z","MUL_TEXT_PRODUCT_SENTIMENT","228","e5-large","2.0640220642089844","2.9052734375"
"cat_MUL_TEXT_PRODUCT_SENTIMENT_3","0.9254621850665212","3","ft","CatBoost 😸","2026-04-04T22:38:48.000Z","MUL_TEXT_PRODUCT_SENTIMENT","2017","e5-large","3.2246360778808594","39.5595703125"
"cat_MUL_TEXT_PRODUCT_SENTIMENT_3","0.9126330150711092","3","all","CatBoost 😸","2026-04-04T22:36:51.000Z","MUL_TEXT_PRODUCT_SENTIMENT","216","e5-large","1.5203399658203125","2.8779296875"
"light_MUL_TEXT_PRODUCT_SENTIMENT_3","0.913874707630863","3","ft","LightGBM 💡","2026-04-04T22:35:31.000Z","MUL_TEXT_PRODUCT_SENTIMENT","2021","e5-large","3.133769989013672","39.5595703125"
"light_MUL_TEXT_PRODUCT_SENTIMENT_3","0.9192706188455976","3","all","LightGBM 💡","2026-04-04T22:33:22.000Z","MUL_TEXT_PRODUCT_SENTIMENT","206","e5-large","1.5110092163085938","2.8779296875"
"tabpfnv2_MUL_TEXT_PRODUCT_SENTIMENT_2","0.92299260385389","2","ft","TabPFN-v2 🤯","2026-04-04T22:31:55.000Z","MUL_TEXT_PRODUCT_SENTIMENT","2229","e5-large","3.226085662841797","39.5341796875"
"tabpfnv2_MUL_TEXT_PRODUCT_SENTIMENT_2","0.9231643562499028","2","all","TabPFN-v2 🤯","2026-04-04T22:31:46.000Z","MUL_TEXT_PRODUCT_SENTIMENT","221","e5-large","1.5309066772460938","2.8779296875"
"tabpfnv2p5_MUL_TEXT_PRODUCT_SENTIMENT_2","0.92898692006026","2","ft","TabPFN-v2p5 🇩🇪","2026-04-04T22:28:59.000Z","MUL_TEXT_PRODUCT_SENTIMENT","2219","e5-large","3.036945343017578","39.5341796875"
"tabpfnv2p5_MUL_TEXT_PRODUCT_SENTIMENT_2","0.9276049234363548","2","all","TabPFN-v2p5 🇩🇪","2026-04-04T22:27:56.000Z","MUL_TEXT_PRODUCT_SENTIMENT","223","e5-large","1.920013427734375","2.8779296875"
"tabm_MUL_TEXT_PRODUCT_SENTIMENT_2","0.9203491916815024","2","ft","TabM Ⓜ️","2026-04-04T22:26:58.000Z","MUL_TEXT_PRODUCT_SENTIMENT","1836","e5-large","3.1668243408203125","39.5615234375"
"tabm_MUL_TEXT_PRODUCT_SENTIMENT_2","0.9261227335556724","2","all","TabM Ⓜ️","2026-04-04T22:25:30.000Z","MUL_TEXT_PRODUCT_SENTIMENT","205","e5-large","1.659698486328125","2.9052734375"
"cat_MUL_TEXT_PRODUCT_SENTIMENT_2","0.9217802472130884","2","ft","CatBoost 😸","2026-04-04T22:23:18.000Z","MUL_TEXT_PRODUCT_SENTIMENT","1828","e5-large","3.239360809326172","39.5576171875"
"cat_MUL_TEXT_PRODUCT_SENTIMENT_2","0.926676295472742","2","all","CatBoost 😸","2026-04-04T22:21:50.000Z","MUL_TEXT_PRODUCT_SENTIMENT","214","e5-large","1.6026649475097656","2.8779296875"
"light_MUL_TEXT_PRODUCT_SENTIMENT_2","0.92655474427345","2","ft","LightGBM 💡","2026-04-04T22:20:37.000Z","MUL_TEXT_PRODUCT_SENTIMENT","1829","e5-large","3.2022705078125","39.5576171875"
"light_MUL_TEXT_PRODUCT_SENTIMENT_2","0.9129687495773452","2","all","LightGBM 💡","2026-04-04T22:19:49.000Z","MUL_TEXT_PRODUCT_SENTIMENT","201","e5-large","1.7099151611328125","2.8779296875"
"tabpfnv2_MUL_TEXT_PRODUCT_SENTIMENT_1","0.9463065828728432","1","ft","TabPFN-v2 🤯","2026-04-04T22:16:59.000Z","MUL_TEXT_PRODUCT_SENTIMENT","2523","e5-large","3.1941909790039062","39.5341796875"
"tabpfnv2_MUL_TEXT_PRODUCT_SENTIMENT_1","0.9345623081775388","1","all","TabPFN-v2 🤯","2026-04-04T22:16:42.000Z","MUL_TEXT_PRODUCT_SENTIMENT","231","e5-large","1.6249618530273438","2.8779296875"
"tabpfnv2p5_MUL_TEXT_PRODUCT_SENTIMENT_1","0.9464671886620116","1","ft","TabPFN-v2p5 🇩🇪","2026-04-04T22:13:45.000Z","MUL_TEXT_PRODUCT_SENTIMENT","2527","e5-large","3.0539283752441406","39.5341796875"
"tabpfnv2p5_MUL_TEXT_PRODUCT_SENTIMENT_1","0.9401815804290732","1","all","TabPFN-v2p5 🇩🇪","2026-04-04T22:10:05.000Z","MUL_TEXT_PRODUCT_SENTIMENT","213","e5-large","1.5691871643066406","2.8779296875"
"tabm_MUL_TEXT_PRODUCT_SENTIMENT_1","0.944011974086725","1","ft","TabM Ⓜ️","2026-04-04T22:07:31.000Z","MUL_TEXT_PRODUCT_SENTIMENT","1543","e5-large","2.948314666748047","39.5556640625"
"tabm_MUL_TEXT_PRODUCT_SENTIMENT_1","0.9013441466695212","1","all","TabM Ⓜ️","2026-04-04T22:06:39.000Z","MUL_TEXT_PRODUCT_SENTIMENT","203","e5-large","1.6603546142578125","2.9052734375"
"cat_MUL_TEXT_PRODUCT_SENTIMENT_1","0.9424585806890018","1","ft","CatBoost 😸","2026-04-04T22:05:47.000Z","MUL_TEXT_PRODUCT_SENTIMENT","1559","e5-large","3.0892257690429688","39.5517578125"
"cat_MUL_TEXT_PRODUCT_SENTIMENT_1","0.9219158599099698","1","all","CatBoost 😸","2026-04-04T22:03:04.000Z","MUL_TEXT_PRODUCT_SENTIMENT","212","e5-large","1.5105743408203125","2.8779296875"
"light_MUL_TEXT_PRODUCT_SENTIMENT_1","0.949213727915452","1","ft","LightGBM 💡","2026-04-04T22:02:06.000Z","MUL_TEXT_PRODUCT_SENTIMENT","1546","e5-large","3.1832923889160156","39.5517578125"
"light_MUL_TEXT_PRODUCT_SENTIMENT_1","0.9209432948864168","1","all","LightGBM 💡","2026-04-04T21:56:31.000Z","MUL_TEXT_PRODUCT_SENTIMENT","330","e5-large","1.4859161376953125","2.8779296875"
"tabpfnv2_MUL_TEXT_PRODUCT_SENTIMENT_0","0.9308793413103532","0","ft","TabPFN-v2 🤯","2026-04-04T21:52:57.000Z","MUL_TEXT_PRODUCT_SENTIMENT","2033","e5-large","3.1615982055664062","39.5341796875"
"tabpfnv2_MUL_TEXT_PRODUCT_SENTIMENT_0","0.92114633190827","0","all","TabPFN-v2 🤯","2026-04-04T21:52:10.000Z","MUL_TEXT_PRODUCT_SENTIMENT","256","e5-large","2.0880126953125","2.8779296875"
"tabpfnv2p5_MUL_TEXT_PRODUCT_SENTIMENT_0","0.9394902100122108","0","ft","TabPFN-v2p5 🇩🇪","2026-04-04T21:48:19.000Z","MUL_TEXT_PRODUCT_SENTIMENT","2004","e5-large","2.8926239013671875","39.5341796875"
"tabpfnv2p5_MUL_TEXT_PRODUCT_SENTIMENT_0","0.923564794799947","0","all","TabPFN-v2p5 🇩🇪","2026-04-04T21:46:25.000Z","MUL_TEXT_PRODUCT_SENTIMENT","214","e5-large","1.7457389831542969","2.8779296875"
"tabm_MUL_TEXT_PRODUCT_SENTIMENT_0","0.9295188109015542","0","ft","TabM Ⓜ️","2026-04-04T21:44:57.000Z","MUL_TEXT_PRODUCT_SENTIMENT","1917","e5-large","3.1204910278320312","39.5634765625"
"tabm_MUL_TEXT_PRODUCT_SENTIMENT_0","0.9236797682473812","0","all","TabM Ⓜ️","2026-04-04T21:42:56.000Z","MUL_TEXT_PRODUCT_SENTIMENT","206","e5-large","1.7092514038085938","2.9052734375"
"cat_MUL_TEXT_PRODUCT_SENTIMENT_0","0.9234973203324552","0","ft","CatBoost 😸","2026-04-04T21:42:50.000Z","MUL_TEXT_PRODUCT_SENTIMENT","1930","e5-large","3.092369079589844","39.5595703125"
"cat_MUL_TEXT_PRODUCT_SENTIMENT_0","0.9021668337185286","0","all","CatBoost 😸","2026-04-04T21:39:21.000Z","MUL_TEXT_PRODUCT_SENTIMENT","211","e5-large","1.558349609375","2.8779296875"
"light_MUL_TEXT_PRODUCT_SENTIMENT_0","0.9150148722552134","0","ft","LightGBM 💡","2026-04-04T21:35:24.000Z","MUL_TEXT_PRODUCT_SENTIMENT","1923","e5-large","3.1703872680664062","39.5595703125"
"light_MUL_TEXT_PRODUCT_SENTIMENT_0","0.9244170466864874","0","all","LightGBM 💡","2026-04-04T21:31:54.000Z","MUL_TEXT_PRODUCT_SENTIMENT","203","e5-large","1.900920867919922","2.8779296875"
"tabpfnv2_BIN_TEXT_FAKE_JOB_POSTING_4","0.9115586818609024","4","ft","TabPFN-v2 🤯","2026-04-04T21:31:06.000Z","BIN_TEXT_FAKE_JOB_POSTING","11211","e5-large","2.9773216247558594","39.5849609375"
"tabpfnv2_BIN_TEXT_FAKE_JOB_POSTING_4","0.8620036419172932","4","all","TabPFN-v2 🤯","2026-04-04T21:17:25.000Z","BIN_TEXT_FAKE_JOB_POSTING","1309","e5-large","1.7580299377441406","2.8779296875"
"tabpfnv2p5_BIN_TEXT_FAKE_JOB_POSTING_4","0.9181449718045112","4","ft","TabPFN-v2p5 🇩🇪","2026-04-04T21:10:28.000Z","BIN_TEXT_FAKE_JOB_POSTING","11239","e5-large","3.12445068359375","39.5849609375"
"tabpfnv2p5_BIN_TEXT_FAKE_JOB_POSTING_4","0.9195106907894736","4","all","TabPFN-v2p5 🇩🇪","2026-04-04T21:09:54.000Z","BIN_TEXT_FAKE_JOB_POSTING","1313","e5-large","1.6837844848632812","2.8779296875"
"tabm_BIN_TEXT_FAKE_JOB_POSTING_4","0.86765742481203","4","ft","TabM Ⓜ️","2026-04-04T20:56:46.000Z","BIN_TEXT_FAKE_JOB_POSTING","7201","e5-large","3.210742950439453","39.5576171875"
"tabm_BIN_TEXT_FAKE_JOB_POSTING_4","0.8892739661654134","4","all","TabM Ⓜ️","2026-04-04T20:56:36.000Z","BIN_TEXT_FAKE_JOB_POSTING","1241","e5-large","2.3066978454589844","2.9052734375"
"cat_BIN_TEXT_FAKE_JOB_POSTING_4","0.8685385338345865","4","ft","CatBoost 😸","2026-04-04T20:51:52.000Z","BIN_TEXT_FAKE_JOB_POSTING","7214","e5-large","3.08780288696289","39.5576171875"
"cat_BIN_TEXT_FAKE_JOB_POSTING_4","0.8671581296992482","4","all","CatBoost 😸","2026-04-04T20:48:01.000Z","BIN_TEXT_FAKE_JOB_POSTING","1258","e5-large","1.8079071044921875","2.8779296875"
"light_BIN_TEXT_FAKE_JOB_POSTING_4","0.8637952302631579","4","ft","LightGBM 💡","2026-04-04T20:38:49.000Z","BIN_TEXT_FAKE_JOB_POSTING","7193","e5-large","3.270233154296875","39.5576171875"
"light_BIN_TEXT_FAKE_JOB_POSTING_4","0.8507254464285714","4","all","LightGBM 💡","2026-04-04T20:36:08.000Z","BIN_TEXT_FAKE_JOB_POSTING","1231","e5-large","1.6157493591308594","2.8779296875"
"tabpfnv2_BIN_TEXT_FAKE_JOB_POSTING_3","0.9366482612781954","3","ft","TabPFN-v2 🤯","2026-04-04T20:32:01.000Z","BIN_TEXT_FAKE_JOB_POSTING","8578","e5-large","3.1091957092285156","39.5517578125"
"tabpfnv2_BIN_TEXT_FAKE_JOB_POSTING_3","0.9326759281015036","3","all","TabPFN-v2 🤯","2026-04-04T20:30:02.000Z","BIN_TEXT_FAKE_JOB_POSTING","1305","e5-large","1.7981529235839844","2.8779296875"
"tabpfnv2p5_BIN_TEXT_FAKE_JOB_POSTING_3","0.95601797462406","3","ft","TabPFN-v2p5 🇩🇪","2026-04-04T20:26:34.000Z","BIN_TEXT_FAKE_JOB_POSTING","8596","e5-large","3.093963623046875","39.5634765625"
"tabpfnv2p5_BIN_TEXT_FAKE_JOB_POSTING_3","0.9588668937969924","3","all","TabPFN-v2p5 🇩🇪","2026-04-04T20:26:16.000Z","BIN_TEXT_FAKE_JOB_POSTING","1299","e5-large","1.6622238159179688","2.8779296875"
"tabm_BIN_TEXT_FAKE_JOB_POSTING_3","0.9671199483082706","3","ft","TabM Ⓜ️","2026-04-04T20:22:15.000Z","BIN_TEXT_FAKE_JOB_POSTING","6046","e5-large","3.029155731201172","39.5576171875"
"tabm_BIN_TEXT_FAKE_JOB_POSTING_3","0.947236254699248","3","all","TabM Ⓜ️","2026-04-04T20:17:44.000Z","BIN_TEXT_FAKE_JOB_POSTING","1258","e5-large","2.3858680725097656","2.9052734375"
"cat_BIN_TEXT_FAKE_JOB_POSTING_3","0.9399964755639098","3","ft","CatBoost 😸","2026-04-04T20:09:44.000Z","BIN_TEXT_FAKE_JOB_POSTING","6054","e5-large","2.863300323486328","39.5576171875"
"cat_BIN_TEXT_FAKE_JOB_POSTING_3","0.928953242481203","3","all","CatBoost 😸","2026-04-04T20:09:03.000Z","BIN_TEXT_FAKE_JOB_POSTING","1252","e5-large","1.79052734375","2.8779296875"
"light_BIN_TEXT_FAKE_JOB_POSTING_3","0.9484991776315788","3","ft","LightGBM 💡","2026-04-04T20:07:43.000Z","BIN_TEXT_FAKE_JOB_POSTING","6030","e5-large","3.161579132080078","39.5576171875"
"light_BIN_TEXT_FAKE_JOB_POSTING_3","0.9400258458646618","3","all","LightGBM 💡","2026-04-04T20:05:43.000Z","BIN_TEXT_FAKE_JOB_POSTING","1230","e5-large","1.6318473815917969","2.8779296875"
"tabpfnv2_BIN_TEXT_FAKE_JOB_POSTING_2","0.9100534539473684","2","ft","TabPFN-v2 🤯","2026-04-04T20:03:42.000Z","BIN_TEXT_FAKE_JOB_POSTING","7318","e5-large","2.9865646362304688","39.5615234375"
"tabpfnv2_BIN_TEXT_FAKE_JOB_POSTING_2","0.9374192316729324","2","all","TabPFN-v2 🤯","2026-04-04T19:44:03.000Z","BIN_TEXT_FAKE_JOB_POSTING","1319","e5-large","1.7459487915039062","2.8779296875"
"tabpfnv2p5_BIN_TEXT_FAKE_JOB_POSTING_2","0.9382562852443608","2","ft","TabPFN-v2p5 🇩🇪","2026-04-04T19:43:55.000Z","BIN_TEXT_FAKE_JOB_POSTING","7255","e5-large","3.1536941528320312","39.5654296875"
"tabpfnv2p5_BIN_TEXT_FAKE_JOB_POSTING_2","0.9528533247180452","2","all","TabPFN-v2p5 🇩🇪","2026-04-04T19:41:18.000Z","BIN_TEXT_FAKE_JOB_POSTING","1337","e5-large","1.716064453125","2.8779296875"
"tabm_BIN_TEXT_FAKE_JOB_POSTING_2","0.9268532659774436","2","ft","TabM Ⓜ️","2026-04-04T19:40:01.000Z","BIN_TEXT_FAKE_JOB_POSTING","9584","e5-large","3.184406280517578","39.5576171875"
"tabm_BIN_TEXT_FAKE_JOB_POSTING_2","0.934313322368421","2","all","TabM Ⓜ️","2026-04-04T19:23:15.000Z","BIN_TEXT_FAKE_JOB_POSTING","1237","e5-large","1.7522048950195312","2.9052734375"
"cat_BIN_TEXT_FAKE_JOB_POSTING_2","0.8840313674812029","2","ft","CatBoost 😸","2026-04-04T19:22:12.000Z","BIN_TEXT_FAKE_JOB_POSTING","8432","e5-large","3.1963844299316406","39.5576171875"
"cat_BIN_TEXT_FAKE_JOB_POSTING_2","0.9129904840225564","2","all","CatBoost 😸","2026-04-04T19:19:08.000Z","BIN_TEXT_FAKE_JOB_POSTING","1249","e5-large","2.2501068115234375","2.8779296875"
"light_BIN_TEXT_FAKE_JOB_POSTING_2","0.9151785714285716","2","ft","LightGBM 💡","2026-04-04T19:11:22.000Z","BIN_TEXT_FAKE_JOB_POSTING","8378","e5-large","3.2831802368164062","39.5576171875"
"light_BIN_TEXT_FAKE_JOB_POSTING_2","0.9246211231203008","2","all","LightGBM 💡","2026-04-04T19:01:29.000Z","BIN_TEXT_FAKE_JOB_POSTING","1236","e5-large","1.62933349609375","2.8779296875"
"tabpfnv2_BIN_TEXT_FAKE_JOB_POSTING_1","0.8819607612781954","1","ft","TabPFN-v2 🤯","2026-04-04T18:57:25.000Z","BIN_TEXT_FAKE_JOB_POSTING","7941","e5-large","3.266315460205078","39.5439453125"
"tabpfnv2_BIN_TEXT_FAKE_JOB_POSTING_1","0.9284833176691728","1","all","TabPFN-v2 🤯","2026-04-04T18:49:32.000Z","BIN_TEXT_FAKE_JOB_POSTING","1304","e5-large","1.6970291137695312","2.8779296875"
"tabpfnv2p5_BIN_TEXT_FAKE_JOB_POSTING_1","0.9006769854323309","1","ft","TabPFN-v2p5 🇩🇪","2026-04-04T18:44:41.000Z","BIN_TEXT_FAKE_JOB_POSTING","7911","e5-large","3.181926727294922","39.5634765625"
"tabpfnv2p5_BIN_TEXT_FAKE_JOB_POSTING_1","0.944100975093985","1","all","TabPFN-v2p5 🇩🇪","2026-04-04T18:35:14.000Z","BIN_TEXT_FAKE_JOB_POSTING","1326","e5-large","2.02828598022461","2.8779296875"
"tabm_BIN_TEXT_FAKE_JOB_POSTING_1","0.8920347744360901","1","ft","TabM Ⓜ️","2026-04-04T18:31:54.000Z","BIN_TEXT_FAKE_JOB_POSTING","7202","e5-large","3.206493377685547","39.5576171875"
"tabm_BIN_TEXT_FAKE_JOB_POSTING_1","0.9323455122180452","1","all","TabM Ⓜ️","2026-04-04T18:23:57.000Z","BIN_TEXT_FAKE_JOB_POSTING","1240","e5-large","1.7350502014160156","2.9052734375"
"cat_BIN_TEXT_FAKE_JOB_POSTING_1","0.868171405075188","1","ft","CatBoost 😸","2026-04-04T18:20:09.000Z","BIN_TEXT_FAKE_JOB_POSTING","7225","e5-large","3.2435264587402344","39.5576171875"
"cat_BIN_TEXT_FAKE_JOB_POSTING_1","0.9179100093984964","1","all","CatBoost 😸","2026-04-04T18:12:24.000Z","BIN_TEXT_FAKE_JOB_POSTING","1268","e5-large","1.735015869140625","2.8779296875"
"light_BIN_TEXT_FAKE_JOB_POSTING_1","0.8670847039473685","1","ft","LightGBM 💡","2026-04-04T18:09:01.000Z","BIN_TEXT_FAKE_JOB_POSTING","7197","e5-large","3.01937484741211","39.5576171875"
"light_BIN_TEXT_FAKE_JOB_POSTING_1","0.902857730263158","1","all","LightGBM 💡","2026-04-04T18:02:59.000Z","BIN_TEXT_FAKE_JOB_POSTING","1252","e5-large","1.64825439453125","2.8779296875"
"tabpfnv2_BIN_TEXT_FAKE_JOB_POSTING_0","0.9242393092105264","0","ft","TabPFN-v2 🤯","2026-04-04T18:02:10.000Z","BIN_TEXT_FAKE_JOB_POSTING","9234","e5-large","3.2142181396484375","39.5634765625"
"tabpfnv2_BIN_TEXT_FAKE_JOB_POSTING_0","0.9143929158834586","0","all","TabPFN-v2 🤯","2026-04-04T17:58:17.000Z","BIN_TEXT_FAKE_JOB_POSTING","1305","e5-large","1.6957244873046875","2.8779296875"
"tabpfnv2p5_BIN_TEXT_FAKE_JOB_POSTING_0","0.9222788416353384","0","ft","TabPFN-v2p5 🇩🇪","2026-04-04T17:52:12.000Z","BIN_TEXT_FAKE_JOB_POSTING","9258","e5-large","3.004676818847656","39.5556640625"
"tabpfnv2p5_BIN_TEXT_FAKE_JOB_POSTING_0","0.953609609962406","0","all","TabPFN-v2p5 🇩🇪","2026-04-04T17:47:14.000Z","BIN_TEXT_FAKE_JOB_POSTING","1301","e5-large","1.700603485107422","2.8779296875"
"tabm_BIN_TEXT_FAKE_JOB_POSTING_0","0.9200687265037594","0","ft","TabM Ⓜ️","2026-04-04T17:46:27.000Z","BIN_TEXT_FAKE_JOB_POSTING","8977","e5-large","3.2142906188964844","39.5576171875"
"tabm_BIN_TEXT_FAKE_JOB_POSTING_0","0.9506285244360902","0","all","TabM Ⓜ️","2026-04-04T17:40:36.000Z","BIN_TEXT_FAKE_JOB_POSTING","1242","e5-large","1.760528564453125","2.9052734375"
"cat_BIN_TEXT_FAKE_JOB_POSTING_0","0.9046640037593984","0","ft","CatBoost 😸","2026-04-04T17:39:19.000Z","BIN_TEXT_FAKE_JOB_POSTING","9019","e5-large","2.8300132751464844","39.5576171875"
"cat_BIN_TEXT_FAKE_JOB_POSTING_0","0.8994507753759398","0","all","CatBoost 😸","2026-04-04T17:37:18.000Z","BIN_TEXT_FAKE_JOB_POSTING","1252","e5-large","1.7235984802246094","2.8779296875"
"light_BIN_TEXT_FAKE_JOB_POSTING_0","0.9382489426691728","0","ft","LightGBM 💡","2026-04-04T17:36:06.000Z","BIN_TEXT_FAKE_JOB_POSTING","8973","e5-large","3.2051925659179688","39.5576171875"
"light_BIN_TEXT_FAKE_JOB_POSTING_0","0.92234492481203","0","all","LightGBM 💡","2026-04-04T17:25:48.000Z","BIN_TEXT_FAKE_JOB_POSTING","1231","e5-large","1.636188507080078","2.8779296875"
"tabpfnv2_BIN_TEXT_KICKSTARTER_FUNDING_4","0.7523081341911765","4","ft","TabPFN-v2 🤯","2026-04-04T17:16:41.000Z","BIN_TEXT_KICKSTARTER_FUNDING","8834","e5-large","3.1737022399902344","39.5595703125"
"tabpfnv2_BIN_TEXT_KICKSTARTER_FUNDING_4","0.7189280790441177","4","all","TabPFN-v2 🤯","2026-04-04T17:15:28.000Z","BIN_TEXT_KICKSTARTER_FUNDING","2201","e5-large","2.144733428955078","2.8779296875"
"tabpfnv2p5_BIN_TEXT_KICKSTARTER_FUNDING_4","0.7549287683823529","4","ft","TabPFN-v2p5 🇩🇪","2026-04-04T17:12:47.000Z","BIN_TEXT_KICKSTARTER_FUNDING","8809","e5-large","3.233856201171875","39.5849609375"
"tabpfnv2p5_BIN_TEXT_KICKSTARTER_FUNDING_4","0.7374109604779411","4","all","TabPFN-v2p5 🇩🇪","2026-04-04T17:00:49.000Z","BIN_TEXT_KICKSTARTER_FUNDING","2184","e5-large","2.2412796020507812","2.8779296875"
"tabm_BIN_TEXT_KICKSTARTER_FUNDING_4","0.7598747702205884","4","ft","TabM Ⓜ️","2026-04-04T16:52:49.000Z","BIN_TEXT_KICKSTARTER_FUNDING","9022","e5-large","3.217559814453125","39.4970703125"
"tabm_BIN_TEXT_KICKSTARTER_FUNDING_4","0.7497231158088234","4","all","TabM Ⓜ️","2026-04-04T16:51:09.000Z","BIN_TEXT_KICKSTARTER_FUNDING","2074","e5-large","2.136066436767578","2.9072265625"
"cat_BIN_TEXT_KICKSTARTER_FUNDING_4","0.7524471507352941","4","ft","CatBoost 😸","2026-04-04T16:48:50.000Z","BIN_TEXT_KICKSTARTER_FUNDING","9012","e5-large","3.1965408325195312","39.4970703125"
"cat_BIN_TEXT_KICKSTARTER_FUNDING_4","0.7226355698529413","4","all","CatBoost 😸","2026-04-04T16:41:10.000Z","BIN_TEXT_KICKSTARTER_FUNDING","2125","e5-large","2.2285385131835938","2.8779296875"
"light_BIN_TEXT_KICKSTARTER_FUNDING_4","0.7508180147058823","4","ft","LightGBM 💡","2026-04-04T16:30:46.000Z","BIN_TEXT_KICKSTARTER_FUNDING","9038","e5-large","3.3011474609375","39.4970703125"
"light_BIN_TEXT_KICKSTARTER_FUNDING_4","0.7217957261029412","4","all","LightGBM 💡","2026-04-04T16:26:16.000Z","BIN_TEXT_KICKSTARTER_FUNDING","2070","e5-large","2.205116271972656","2.8779296875"
"tabpfnv2_BIN_TEXT_KICKSTARTER_FUNDING_3","0.7544100413602942","3","ft","TabPFN-v2 🤯","2026-04-04T16:22:26.000Z","BIN_TEXT_KICKSTARTER_FUNDING","8818","e5-large","2.869781494140625","39.5732421875"
"tabpfnv2_BIN_TEXT_KICKSTARTER_FUNDING_3","0.7336460248161765","3","all","TabPFN-v2 🤯","2026-04-04T16:14:35.000Z","BIN_TEXT_KICKSTARTER_FUNDING","2191","e5-large","2.098766326904297","2.8779296875"
"tabpfnv2p5_BIN_TEXT_KICKSTARTER_FUNDING_3","0.7700109145220588","3","ft","TabPFN-v2p5 🇩🇪","2026-04-04T16:05:05.000Z","BIN_TEXT_KICKSTARTER_FUNDING","8800","e5-large","2.96099853515625","39.5810546875"
"tabpfnv2p5_BIN_TEXT_KICKSTARTER_FUNDING_3","0.7567583869485295","3","all","TabPFN-v2p5 🇩🇪","2026-04-04T16:04:32.000Z","BIN_TEXT_KICKSTARTER_FUNDING","2194","e5-large","2.244556427001953","2.8779296875"
"tabm_BIN_TEXT_KICKSTARTER_FUNDING_3","0.7600660615808823","3","ft","TabM Ⓜ️","2026-04-04T15:58:21.000Z","BIN_TEXT_KICKSTARTER_FUNDING","8036","e5-large","3.1850509643554688","39.4970703125"
"tabm_BIN_TEXT_KICKSTARTER_FUNDING_3","0.7507169117647058","3","all","TabM Ⓜ️","2026-04-04T15:39:58.000Z","BIN_TEXT_KICKSTARTER_FUNDING","2075","e5-large","2.18856430053711","2.9072265625"
"cat_BIN_TEXT_KICKSTARTER_FUNDING_3","0.7570473345588236","3","ft","CatBoost 😸","2026-04-04T15:33:19.000Z","BIN_TEXT_KICKSTARTER_FUNDING","8032","e5-large","2.918750762939453","39.4970703125"
"cat_BIN_TEXT_KICKSTARTER_FUNDING_3","0.7377240349264705","3","all","CatBoost 😸","2026-04-04T15:29:39.000Z","BIN_TEXT_KICKSTARTER_FUNDING","2120","e5-large","2.1021194458007812","2.8779296875"
"light_BIN_TEXT_KICKSTARTER_FUNDING_3","0.7584581801470587","3","ft","LightGBM 💡","2026-04-04T15:26:58.000Z","BIN_TEXT_KICKSTARTER_FUNDING","8011","e5-large","3.2712173461914062","39.4970703125"
"light_BIN_TEXT_KICKSTARTER_FUNDING_3","0.718854549632353","3","all","LightGBM 💡","2026-04-04T15:23:00.000Z","BIN_TEXT_KICKSTARTER_FUNDING","2118","e5-large","2.2170257568359375","2.8779296875"
"tabpfnv2_BIN_TEXT_KICKSTARTER_FUNDING_2","0.7751298253676472","2","ft","TabPFN-v2 🤯","2026-04-04T15:16:46.000Z","BIN_TEXT_KICKSTARTER_FUNDING","9918","e5-large","2.9981918334960938","39.5830078125"
"tabpfnv2_BIN_TEXT_KICKSTARTER_FUNDING_2","0.7611029411764707","2","all","TabPFN-v2 🤯","2026-04-04T15:03:19.000Z","BIN_TEXT_KICKSTARTER_FUNDING","2192","e5-large","2.146595001220703","2.8779296875"
"tabpfnv2p5_BIN_TEXT_KICKSTARTER_FUNDING_2","0.7822650505514706","2","ft","TabPFN-v2p5 🇩🇪","2026-04-04T14:53:56.000Z","BIN_TEXT_KICKSTARTER_FUNDING","9919","e5-large","3.2453536987304688","39.5849609375"
"tabpfnv2p5_BIN_TEXT_KICKSTARTER_FUNDING_2","0.7778303079044118","2","all","TabPFN-v2p5 🇩🇪","2026-04-04T14:50:25.000Z","BIN_TEXT_KICKSTARTER_FUNDING","2186","e5-large","2.24337387084961","2.8779296875"
"tabm_BIN_TEXT_KICKSTARTER_FUNDING_2","0.7811753216911765","2","ft","TabM Ⓜ️","2026-04-04T14:42:24.000Z","BIN_TEXT_KICKSTARTER_FUNDING","9019","e5-large","3.3118247985839844","39.4970703125"
"tabm_BIN_TEXT_KICKSTARTER_FUNDING_2","0.7673954503676471","2","all","TabM Ⓜ️","2026-04-04T14:28:36.000Z","BIN_TEXT_KICKSTARTER_FUNDING","2079","e5-large","2.1695823669433594","2.9072265625"
"cat_BIN_TEXT_KICKSTARTER_FUNDING_2","0.7736500459558823","2","ft","CatBoost 😸","2026-04-04T14:20:46.000Z","BIN_TEXT_KICKSTARTER_FUNDING","9021","e5-large","3.2175750732421875","39.4970703125"
"cat_BIN_TEXT_KICKSTARTER_FUNDING_2","0.7583318014705884","2","all","CatBoost 😸","2026-04-04T14:18:47.000Z","BIN_TEXT_KICKSTARTER_FUNDING","2106","e5-large","2.09808349609375","2.8779296875"
"light_BIN_TEXT_KICKSTARTER_FUNDING_2","0.7624230238970588","2","ft","LightGBM 💡","2026-04-04T14:18:33.000Z","BIN_TEXT_KICKSTARTER_FUNDING","9013","e5-large","3.249866485595703","39.4970703125"
"light_BIN_TEXT_KICKSTARTER_FUNDING_2","0.7572667738970589","2","all","LightGBM 💡","2026-04-04T14:15:46.000Z","BIN_TEXT_KICKSTARTER_FUNDING","2075","e5-large","2.3784866333007812","2.8779296875"
"tabpfnv2_BIN_TEXT_KICKSTARTER_FUNDING_1","0.756304572610294","1","ft","TabPFN-v2 🤯","2026-04-04T14:14:21.000Z","BIN_TEXT_KICKSTARTER_FUNDING","12100","e5-large","2.9529037475585938","39.5849609375"
"tabpfnv2_BIN_TEXT_KICKSTARTER_FUNDING_1","0.7421122472426471","1","all","TabPFN-v2 🤯","2026-04-04T14:05:23.000Z","BIN_TEXT_KICKSTARTER_FUNDING","2215","e5-large","2.09305191040039","2.8779296875"
"tabpfnv2p5_BIN_TEXT_KICKSTARTER_FUNDING_1","0.7610977711397058","1","ft","TabPFN-v2p5 🇩🇪","2026-04-04T13:53:30.000Z","BIN_TEXT_KICKSTARTER_FUNDING","12111","e5-large","3.0112991333007812","39.5849609375"
"tabpfnv2p5_BIN_TEXT_KICKSTARTER_FUNDING_1","0.7589958639705882","1","all","TabPFN-v2p5 🇩🇪","2026-04-04T13:43:51.000Z","BIN_TEXT_KICKSTARTER_FUNDING","2212","e5-large","2.22579574584961","2.8779296875"
"tabm_BIN_TEXT_KICKSTARTER_FUNDING_1","0.7680790441176472","1","ft","TabM Ⓜ️","2026-04-04T13:43:31.000Z","BIN_TEXT_KICKSTARTER_FUNDING","10030","e5-large","3.2488975524902344","39.4970703125"
"tabm_BIN_TEXT_KICKSTARTER_FUNDING_1","0.7517704503676471","1","all","TabM Ⓜ️","2026-04-04T13:41:59.000Z","BIN_TEXT_KICKSTARTER_FUNDING","2097","e5-large","1.7841873168945312","2.9072265625"
"cat_BIN_TEXT_KICKSTARTER_FUNDING_1","0.7584512867647059","1","ft","CatBoost 😸","2026-04-04T13:39:16.000Z","BIN_TEXT_KICKSTARTER_FUNDING","10015","e5-large","3.1727943420410156","39.4970703125"
"cat_BIN_TEXT_KICKSTARTER_FUNDING_1","0.7445036764705882","1","all","CatBoost 😸","2026-04-04T13:39:15.000Z","BIN_TEXT_KICKSTARTER_FUNDING","2102","e5-large","2.1427764892578125","2.8779296875"
"light_BIN_TEXT_KICKSTARTER_FUNDING_1","0.7560018382352942","1","ft","LightGBM 💡","2026-04-04T13:36:04.000Z","BIN_TEXT_KICKSTARTER_FUNDING","9975","e5-large","2.9809722900390625","39.4970703125"
"light_BIN_TEXT_KICKSTARTER_FUNDING_1","0.732063419117647","1","all","LightGBM 💡","2026-04-04T13:29:53.000Z","BIN_TEXT_KICKSTARTER_FUNDING","2126","e5-large","2.337268829345703","2.8779296875"
"tabpfnv2_BIN_TEXT_JIGSAW_TOXICITY_0","0.8960308315438468","0","ft","TabPFN-v2 🤯","2026-04-04T13:28:45.000Z","BIN_TEXT_JIGSAW_TOXICITY","3584","e5-large","2.961444854736328","39.5751953125"
"tabpfnv2_BIN_TEXT_KICKSTARTER_FUNDING_0","0.7713062959558824","0","ft","TabPFN-v2 🤯","2026-04-04T13:19:04.000Z","BIN_TEXT_KICKSTARTER_FUNDING","9921","e5-large","2.8184738159179688","39.5595703125"
"tabpfnv2_BIN_TEXT_KICKSTARTER_FUNDING_0","0.7432134650735295","0","all","TabPFN-v2 🤯","2026-04-04T13:06:43.000Z","BIN_TEXT_KICKSTARTER_FUNDING","2203","e5-large","1.9140052795410156","2.8779296875"
"tabpfnv2p5_BIN_TEXT_KICKSTARTER_FUNDING_0","0.7734685202205883","0","ft","TabPFN-v2p5 🇩🇪","2026-04-04T13:06:37.000Z","BIN_TEXT_KICKSTARTER_FUNDING","8795","e5-large","3.285675048828125","39.5771484375"
"tabpfnv2p5_BIN_TEXT_KICKSTARTER_FUNDING_0","0.7625700827205881","0","all","TabPFN-v2p5 🇩🇪","2026-04-04T13:02:46.000Z","BIN_TEXT_KICKSTARTER_FUNDING","2183","e5-large","1.8842048645019531","2.8779296875"
"tabm_BIN_TEXT_KICKSTARTER_FUNDING_0","0.7631721047794118","0","ft","TabM Ⓜ️","2026-04-04T12:59:32.000Z","BIN_TEXT_KICKSTARTER_FUNDING","9004","e5-large","3.28179931640625","39.4970703125"
"tabm_BIN_TEXT_KICKSTARTER_FUNDING_0","0.7695025275735293","0","all","TabM Ⓜ️","2026-04-04T12:55:11.000Z","BIN_TEXT_KICKSTARTER_FUNDING","2079","e5-large","2.32513427734375","2.9072265625"
"cat_BIN_TEXT_KICKSTARTER_FUNDING_0","0.7685512408088235","0","ft","CatBoost 😸","2026-04-04T12:52:37.000Z","BIN_TEXT_KICKSTARTER_FUNDING","9018","e5-large","3.2978057861328125","39.4970703125"
"cat_BIN_TEXT_KICKSTARTER_FUNDING_0","0.7458019301470589","0","all","CatBoost 😸","2026-04-04T12:52:14.000Z","BIN_TEXT_KICKSTARTER_FUNDING","2093","e5-large","2.3096694946289062","2.8779296875"
"light_BIN_TEXT_KICKSTARTER_FUNDING_0","0.7640590533088234","0","ft","LightGBM 💡","2026-04-04T12:46:42.000Z","BIN_TEXT_KICKSTARTER_FUNDING","8999","e5-large","3.0559539794921875","39.4970703125"
"light_BIN_TEXT_KICKSTARTER_FUNDING_0","0.7461902573529413","0","all","LightGBM 💡","2026-04-04T12:44:11.000Z","BIN_TEXT_KICKSTARTER_FUNDING","2090","e5-large","1.9332160949707031","2.8779296875"
"tabpfnv2_BIN_TEXT_JIGSAW_TOXICITY_4","0.9607709631802231","4","ft","TabPFN-v2 🤯","2026-04-04T12:41:36.000Z","BIN_TEXT_JIGSAW_TOXICITY","5827","e5-large","2.9113006591796875","39.5751953125"
"tabpfnv2_BIN_TEXT_JIGSAW_TOXICITY_4","0.8526968871663262","4","all","TabPFN-v2 🤯","2026-04-04T12:39:57.000Z","BIN_TEXT_JIGSAW_TOXICITY","906","e5-large","1.8621139526367188","2.8779296875"
"tabpfnv2p5_BIN_TEXT_JIGSAW_TOXICITY_4","0.9617399046771068","4","ft","TabPFN-v2p5 🇩🇪","2026-04-04T12:39:18.000Z","BIN_TEXT_JIGSAW_TOXICITY","5780","e5-large","3.03689956665039","39.5751953125"
"tabpfnv2p5_BIN_TEXT_JIGSAW_TOXICITY_4","0.8676565582499695","4","all","TabPFN-v2p5 🇩🇪","2026-04-04T12:37:09.000Z","BIN_TEXT_JIGSAW_TOXICITY","898","e5-large","1.7061538696289062","2.8779296875"
"tabm_BIN_TEXT_JIGSAW_TOXICITY_4","0.9569301140033868","4","ft","TabM Ⓜ️","2026-04-04T12:32:43.000Z","BIN_TEXT_JIGSAW_TOXICITY","4843","e5-large","2.91683578491211","39.4853515625"
"tabm_BIN_TEXT_JIGSAW_TOXICITY_4","0.8565442832451684","4","all","TabM Ⓜ️","2026-04-04T12:27:09.000Z","BIN_TEXT_JIGSAW_TOXICITY","861","e5-large","1.8189582824707031","2.9052734375"
"cat_BIN_TEXT_JIGSAW_TOXICITY_4","0.9444910001920424","4","ft","CatBoost 😸","2026-04-04T12:23:15.000Z","BIN_TEXT_JIGSAW_TOXICITY","4829","e5-large","2.9880218505859375","39.4853515625"
"cat_BIN_TEXT_JIGSAW_TOXICITY_4","0.8489367831142304","4","all","CatBoost 😸","2026-04-04T12:22:43.000Z","BIN_TEXT_JIGSAW_TOXICITY","861","e5-large","2.141002655029297","2.8779296875"
"light_BIN_TEXT_JIGSAW_TOXICITY_4","0.943871226802144","4","ft","LightGBM 💡","2026-04-04T12:21:29.000Z","BIN_TEXT_JIGSAW_TOXICITY","4826","e5-large","2.9446449279785156","39.4853515625"
"light_BIN_TEXT_JIGSAW_TOXICITY_4","0.826738420712652","4","all","LightGBM 💡","2026-04-04T12:12:52.000Z","BIN_TEXT_JIGSAW_TOXICITY","854","e5-large","2.0752410888671875","2.8779296875"
"tabpfnv2_BIN_TEXT_JIGSAW_TOXICITY_3","0.9326672951692592","3","ft","TabPFN-v2 🤯","2026-04-04T12:10:09.000Z","BIN_TEXT_JIGSAW_TOXICITY","5340","e5-large","3.298076629638672","39.5751953125"
"tabpfnv2_BIN_TEXT_JIGSAW_TOXICITY_3","0.8373967771783726","3","all","TabPFN-v2 🤯","2026-04-04T12:07:51.000Z","BIN_TEXT_JIGSAW_TOXICITY","918","e5-large","1.8354034423828125","2.8779296875"
"tabpfnv2p5_BIN_TEXT_JIGSAW_TOXICITY_3","0.93082979800625","3","ft","TabPFN-v2p5 🇩🇪","2026-04-04T12:07:18.000Z","BIN_TEXT_JIGSAW_TOXICITY","5320","e5-large","3.1910476684570312","39.5751953125"
"tabpfnv2p5_BIN_TEXT_JIGSAW_TOXICITY_3","0.8416719041882714","3","all","TabPFN-v2p5 🇩🇪","2026-04-04T12:06:09.000Z","BIN_TEXT_JIGSAW_TOXICITY","916","e5-large","2.3687591552734375","2.8779296875"
"tabm_BIN_TEXT_JIGSAW_TOXICITY_3","0.9316285200509786","3","ft","TabM Ⓜ️","2026-04-04T11:58:44.000Z","BIN_TEXT_JIGSAW_TOXICITY","4066","e5-large","3.29608154296875","39.4853515625"
"tabm_BIN_TEXT_JIGSAW_TOXICITY_3","0.8420014315892386","3","all","TabM Ⓜ️","2026-04-04T11:55:37.000Z","BIN_TEXT_JIGSAW_TOXICITY","868","e5-large","1.7999534606933594","2.9052734375"
"cat_BIN_TEXT_JIGSAW_TOXICITY_3","0.9241214057507988","3","ft","CatBoost 😸","2026-04-04T11:55:14.000Z","BIN_TEXT_JIGSAW_TOXICITY","4049","e5-large","3.0568923950195312","39.4853515625"
"cat_BIN_TEXT_JIGSAW_TOXICITY_3","0.8212346584262993","3","all","CatBoost 😸","2026-04-04T11:52:41.000Z","BIN_TEXT_JIGSAW_TOXICITY","873","e5-large","1.7235755920410156","2.8779296875"
"light_BIN_TEXT_JIGSAW_TOXICITY_3","0.9209614343825836","3","ft","LightGBM 💡","2026-04-04T11:51:52.000Z","BIN_TEXT_JIGSAW_TOXICITY","4052","e5-large","3.3451614379882812","39.4853515625"
"light_BIN_TEXT_JIGSAW_TOXICITY_3","0.8212259292236247","3","all","LightGBM 💡","2026-04-04T11:51:36.000Z","BIN_TEXT_JIGSAW_TOXICITY","869","e5-large","1.6566009521484375","2.8779296875"
"tabpfnv2_BIN_TEXT_JIGSAW_TOXICITY_2","0.9327283995879816","2","ft","TabPFN-v2 🤯","2026-04-04T11:44:49.000Z","BIN_TEXT_JIGSAW_TOXICITY","4909","e5-large","2.970561981201172","39.5751953125"
"tabpfnv2_BIN_TEXT_JIGSAW_TOXICITY_2","0.8312928822081391","2","all","TabPFN-v2 🤯","2026-04-04T11:34:42.000Z","BIN_TEXT_JIGSAW_TOXICITY","1006","e5-large","2.41094970703125","2.8779296875"
"tabpfnv2p5_BIN_TEXT_JIGSAW_TOXICITY_2","0.9380968592328776","2","ft","TabPFN-v2p5 🇩🇪","2026-04-04T11:31:10.000Z","BIN_TEXT_JIGSAW_TOXICITY","4884","e5-large","2.8719329833984375","39.5751953125"
"tabpfnv2p5_BIN_TEXT_JIGSAW_TOXICITY_2","0.8527208924736814","2","all","TabPFN-v2p5 🇩🇪","2026-04-04T11:29:25.000Z","BIN_TEXT_JIGSAW_TOXICITY","916","e5-large","2.407573699951172","2.8779296875"
"tabm_BIN_TEXT_JIGSAW_TOXICITY_2","0.9340726967998744","2","ft","TabM Ⓜ️","2026-04-04T11:26:01.000Z","BIN_TEXT_JIGSAW_TOXICITY","4836","e5-large","3.0029335021972656","39.4853515625"
"tabm_BIN_TEXT_JIGSAW_TOXICITY_2","0.8473567974301227","2","all","TabM Ⓜ️","2026-04-04T11:20:05.000Z","BIN_TEXT_JIGSAW_TOXICITY","874","e5-large","1.8733177185058592","2.9052734375"
"cat_BIN_TEXT_JIGSAW_TOXICITY_2","0.925347858726584","2","ft","CatBoost 😸","2026-04-04T11:18:43.000Z","BIN_TEXT_JIGSAW_TOXICITY","4828","e5-large","2.919361114501953","39.4853515625"
"cat_BIN_TEXT_JIGSAW_TOXICITY_2","0.8274105693185985","2","all","CatBoost 😸","2026-04-04T11:16:43.000Z","BIN_TEXT_JIGSAW_TOXICITY","860","e5-large","1.652202606201172","2.8779296875"
"light_BIN_TEXT_JIGSAW_TOXICITY_2","0.9354169940117668","2","ft","LightGBM 💡","2026-04-04T11:11:34.000Z","BIN_TEXT_JIGSAW_TOXICITY","4862","e5-large","3.0219688415527344","39.4853515625"
"light_BIN_TEXT_JIGSAW_TOXICITY_2","0.8137450025314689","2","all","LightGBM 💡","2026-04-04T11:11:14.000Z","BIN_TEXT_JIGSAW_TOXICITY","883","e5-large","2.436126708984375","2.8779296875"
"tabpfnv2_BIN_TEXT_JIGSAW_TOXICITY_1","0.926441191361581","1","ft","TabPFN-v2 🤯","2026-04-04T11:07:30.000Z","BIN_TEXT_JIGSAW_TOXICITY","5793","e5-large","3.0254859924316406","39.5751953125"
"tabpfnv2_BIN_TEXT_JIGSAW_TOXICITY_1","0.81600150142286","1","all","TabPFN-v2 🤯","2026-04-04T11:03:38.000Z","BIN_TEXT_JIGSAW_TOXICITY","981","e5-large","1.8849945068359375","2.8779296875"
"tabpfnv2p5_BIN_TEXT_JIGSAW_TOXICITY_1","0.9297670175806142","1","ft","TabPFN-v2p5 🇩🇪","2026-04-04T11:03:35.000Z","BIN_TEXT_JIGSAW_TOXICITY","5776","e5-large","3.02364730834961","39.5751953125"
"tabpfnv2p5_BIN_TEXT_JIGSAW_TOXICITY_1","0.837062885176068","1","all","TabPFN-v2p5 🇩🇪","2026-04-04T11:03:28.000Z","BIN_TEXT_JIGSAW_TOXICITY","909","e5-large","1.711261749267578","2.8779296875"
"tabm_BIN_TEXT_JIGSAW_TOXICITY_1","0.917574503744828","1","ft","TabM Ⓜ️","2026-04-04T11:01:58.000Z","BIN_TEXT_JIGSAW_TOXICITY","4842","e5-large","2.993854522705078","39.4853515625"
"tabm_BIN_TEXT_JIGSAW_TOXICITY_1","0.8307625831456555","1","all","TabM Ⓜ️","2026-04-04T10:52:31.000Z","BIN_TEXT_JIGSAW_TOXICITY","893","e5-large","2.4409332275390625","2.9052734375"
"cat_BIN_TEXT_JIGSAW_TOXICITY_1","0.9130091307459977","1","ft","CatBoost 😸","2026-04-04T10:51:46.000Z","BIN_TEXT_JIGSAW_TOXICITY","4863","e5-large","2.9567832946777344","39.4853515625"
"cat_BIN_TEXT_JIGSAW_TOXICITY_1","0.8033703451526738","1","all","CatBoost 😸","2026-04-04T10:47:36.000Z","BIN_TEXT_JIGSAW_TOXICITY","859","e5-large","1.649810791015625","2.8779296875"
"light_BIN_TEXT_JIGSAW_TOXICITY_1","0.9061828942544388","1","ft","LightGBM 💡","2026-04-04T10:47:06.000Z","BIN_TEXT_JIGSAW_TOXICITY","4838","e5-large","3.3120651245117188","39.4853515625"
"light_BIN_TEXT_JIGSAW_TOXICITY_1","0.785767907959287","1","all","LightGBM 💡","2026-04-04T10:32:49.000Z","BIN_TEXT_JIGSAW_TOXICITY","852","e5-large","1.6537513732910156","2.8779296875"
"tabpfnv2_BIN_TEXT_JIGSAW_TOXICITY_0","0.8131666928542748","0","all","TabPFN-v2 🤯","2026-04-04T10:17:04.000Z","BIN_TEXT_JIGSAW_TOXICITY","941","e5-large","1.846355438232422","2.8779296875"
"tabpfnv2p5_BIN_TEXT_JIGSAW_TOXICITY_0","0.9033917316992264","0","ft","TabPFN-v2p5 🇩🇪","2026-04-04T10:16:58.000Z","BIN_TEXT_JIGSAW_TOXICITY","3581","e5-large","2.970355987548828","39.5751953125"
"tabpfnv2p5_BIN_TEXT_JIGSAW_TOXICITY_0","0.8297347195307181","0","all","TabPFN-v2p5 🇩🇪","2026-04-04T10:16:57.000Z","BIN_TEXT_JIGSAW_TOXICITY","921","e5-large","1.7831344604492188","2.8779296875"
"tabm_BIN_TEXT_JIGSAW_TOXICITY_0","0.8261579287347893","0","all","TabM Ⓜ️","2026-04-04T10:02:01.000Z","BIN_TEXT_JIGSAW_TOXICITY","894","e5-large","2.4555015563964844","2.9052734375"
"tabm_BIN_TEXT_JIGSAW_TOXICITY_0","0.904533074948934","0","ft","TabM Ⓜ️","2026-04-04T10:02:01.000Z","BIN_TEXT_JIGSAW_TOXICITY","3683","e5-large","2.997058868408203","39.4853515625"
"cat_BIN_TEXT_JIGSAW_TOXICITY_0","0.9015345938301996","0","ft","CatBoost 😸","2026-04-04T10:02:00.000Z","BIN_TEXT_JIGSAW_TOXICITY","3692","e5-large","3.0796165466308594","39.4853515625"
"cat_BIN_TEXT_JIGSAW_TOXICITY_0","0.8054304369838858","0","all","CatBoost 😸","2026-04-04T10:02:00.000Z","BIN_TEXT_JIGSAW_TOXICITY","900","e5-large","2.465656280517578","2.8779296875"
"light_BIN_TEXT_JIGSAW_TOXICITY_0","0.8970652420607902","0","ft","LightGBM 💡","2026-04-04T10:01:59.000Z","BIN_TEXT_JIGSAW_TOXICITY","3689","e5-large","3.191944122314453","39.4853515625"
"light_BIN_TEXT_JIGSAW_TOXICITY_0","0.7701251767663541","0","all","LightGBM 💡","2026-04-04T10:01:58.000Z","BIN_TEXT_JIGSAW_TOXICITY","892","e5-large","2.4631919860839844","2.8779296875"