"Name","test_score","fold","multimodal_state","model","Created","dataset","Runtime","pca_components","State","Hostname"
"real_REG_TEXT_ZOMATO_RESTAURANTS_4","0.8508315833734159","4","ft","RealMLP 🕸","2026-04-11T03:44:52.000Z","REG_TEXT_ZOMATO_RESTAURANTS","4544","30","finished","n307"
"real_REG_TEXT_ZOMATO_RESTAURANTS_4","0.8456873425025548","4","all","RealMLP 🕸","2026-04-11T03:43:10.000Z","REG_TEXT_ZOMATO_RESTAURANTS","932","30","finished","n305"
"iclv2_REG_TEXT_ZOMATO_RESTAURANTS_4","0.8774744613289951","4","ft","TabICLv2 🗼","2026-04-11T03:38:50.000Z","REG_TEXT_ZOMATO_RESTAURANTS","9075","30","finished","n309"
"iclv2_REG_TEXT_ZOMATO_RESTAURANTS_4","0.872353215295699","4","all","TabICLv2 🗼","2026-04-11T03:37:40.000Z","REG_TEXT_ZOMATO_RESTAURANTS","666","30","finished","nlp-srv2.iem.technion.ac.il"
"real_REG_TEXT_ZOMATO_RESTAURANTS_3","0.8492689810911488","3","ft","RealMLP 🕸","2026-04-11T03:34:23.000Z","REG_TEXT_ZOMATO_RESTAURANTS","8320","30","finished","n306"
"real_REG_TEXT_ZOMATO_RESTAURANTS_3","0.8415494056801758","3","all","RealMLP 🕸","2026-04-11T03:34:15.000Z","REG_TEXT_ZOMATO_RESTAURANTS","945","30","finished","n306"
"iclv2_REG_TEXT_ZOMATO_RESTAURANTS_3","0.8739525073088099","3","ft","TabICLv2 🗼","2026-04-11T03:33:38.000Z","REG_TEXT_ZOMATO_RESTAURANTS","16038","30","finished","nlp-srv2.iem.technion.ac.il"
"iclv2_REG_TEXT_ZOMATO_RESTAURANTS_3","0.873131785024706","3","all","TabICLv2 🗼","2026-04-11T03:33:34.000Z","REG_TEXT_ZOMATO_RESTAURANTS","861","30","finished","n309"
"real_REG_TEXT_ZOMATO_RESTAURANTS_2","0.8395415008030453","2","ft","RealMLP 🕸","2026-04-11T03:32:19.000Z","REG_TEXT_ZOMATO_RESTAURANTS","9935","30","finished","n305"
"real_REG_TEXT_ZOMATO_RESTAURANTS_2","0.8344271904193834","2","all","RealMLP 🕸","2026-04-11T03:30:57.000Z","REG_TEXT_ZOMATO_RESTAURANTS","991","30","finished","n306"
"iclv2_REG_TEXT_ZOMATO_RESTAURANTS_2","0.8647072507762016","2","ft","TabICLv2 🗼","2026-04-11T03:30:48.000Z","REG_TEXT_ZOMATO_RESTAURANTS","10844","30","finished","n305"
"iclv2_REG_TEXT_ZOMATO_RESTAURANTS_2","0.8726675996236005","2","all","TabICLv2 🗼","2026-04-11T03:30:28.000Z","REG_TEXT_ZOMATO_RESTAURANTS","857","30","finished","n307"
"real_REG_TEXT_ZOMATO_RESTAURANTS_1","0.8413414336740465","1","ft","RealMLP 🕸","2026-04-11T03:29:01.000Z","REG_TEXT_ZOMATO_RESTAURANTS","8703","30","finished","n309"
"real_REG_TEXT_ZOMATO_RESTAURANTS_1","0.8508417200317321","1","all","RealMLP 🕸","2026-04-11T03:27:34.000Z","REG_TEXT_ZOMATO_RESTAURANTS","929","30","finished","n305"
"iclv2_REG_TEXT_ZOMATO_RESTAURANTS_1","0.8749599300320128","1","ft","TabICLv2 🗼","2026-04-11T03:27:21.000Z","REG_TEXT_ZOMATO_RESTAURANTS","10856","30","finished","n309"
"iclv2_REG_TEXT_ZOMATO_RESTAURANTS_1","0.8722339058579986","1","all","TabICLv2 🗼","2026-04-11T03:24:10.000Z","REG_TEXT_ZOMATO_RESTAURANTS","848","30","finished","n305"
"real_REG_TEXT_ZOMATO_RESTAURANTS_0","0.858541784551418","0","ft","RealMLP 🕸","2026-04-11T03:22:01.000Z","REG_TEXT_ZOMATO_RESTAURANTS","9573","30","finished","n309"
"real_REG_TEXT_ZOMATO_RESTAURANTS_0","0.8355419953021154","0","all","RealMLP 🕸","2026-04-11T03:21:14.000Z","REG_TEXT_ZOMATO_RESTAURANTS","963","30","finished","n309"
"iclv2_REG_TEXT_ZOMATO_RESTAURANTS_0","0.8785193267125275","0","ft","TabICLv2 🗼","2026-04-11T03:20:31.000Z","REG_TEXT_ZOMATO_RESTAURANTS","8106","30","finished","n306"
"iclv2_REG_TEXT_ZOMATO_RESTAURANTS_0","0.8710301041782205","0","all","TabICLv2 🗼","2026-04-11T03:19:32.000Z","REG_TEXT_ZOMATO_RESTAURANTS","879","30","finished","n306"
"real_REG_TEXT_VIDEO_GAMES_SALES_4","0.2730488622750401","4","ft","RealMLP 🕸","2026-04-11T03:16:51.000Z","REG_TEXT_VIDEO_GAMES_SALES","1933","30","finished","n306"
"real_REG_TEXT_VIDEO_GAMES_SALES_4","0.17178850188247718","4","all","RealMLP 🕸","2026-04-11T03:16:09.000Z","REG_TEXT_VIDEO_GAMES_SALES","258","30","finished","n306"
"iclv2_REG_TEXT_VIDEO_GAMES_SALES_4","0.36526836607097735","4","ft","TabICLv2 🗼","2026-04-11T03:14:07.000Z","REG_TEXT_VIDEO_GAMES_SALES","1084","30","finished","n305"
"iclv2_REG_TEXT_VIDEO_GAMES_SALES_4","0.34939607882790824","4","all","TabICLv2 🗼","2026-04-11T03:13:32.000Z","REG_TEXT_VIDEO_GAMES_SALES","153","30","finished","n306"
"real_REG_TEXT_VIDEO_GAMES_SALES_3","0.329932870245663","3","ft","RealMLP 🕸","2026-04-11T03:13:28.000Z","REG_TEXT_VIDEO_GAMES_SALES","1250","30","finished","n306"
"real_REG_TEXT_VIDEO_GAMES_SALES_3","0.4994242049143409","3","all","RealMLP 🕸","2026-04-11T03:12:24.000Z","REG_TEXT_VIDEO_GAMES_SALES","263","30","finished","n306"
"iclv2_REG_TEXT_VIDEO_GAMES_SALES_3","0.442078863188096","3","ft","TabICLv2 🗼","2026-04-11T03:10:59.000Z","REG_TEXT_VIDEO_GAMES_SALES","1076","30","finished","n309"
"iclv2_REG_TEXT_VIDEO_GAMES_SALES_3","0.42326828813922024","3","all","TabICLv2 🗼","2026-04-11T03:10:50.000Z","REG_TEXT_VIDEO_GAMES_SALES","151","30","finished","n306"
"real_REG_TEXT_VIDEO_GAMES_SALES_2","0.6769161372797871","2","ft","RealMLP 🕸","2026-04-11T03:09:54.000Z","REG_TEXT_VIDEO_GAMES_SALES","1053","30","finished","n305"
"real_REG_TEXT_VIDEO_GAMES_SALES_2","0.2930583247457462","2","all","RealMLP 🕸","2026-04-11T03:09:05.000Z","REG_TEXT_VIDEO_GAMES_SALES","260","30","finished","n306"
"iclv2_REG_TEXT_VIDEO_GAMES_SALES_2","0.34330795809355363","2","ft","TabICLv2 🗼","2026-04-11T03:08:55.000Z","REG_TEXT_VIDEO_GAMES_SALES","1317","30","finished","n306"
"iclv2_REG_TEXT_VIDEO_GAMES_SALES_2","0.367066924605101","2","all","TabICLv2 🗼","2026-04-11T03:06:28.000Z","REG_TEXT_VIDEO_GAMES_SALES","150","30","finished","n306"
"real_REG_TEXT_VIDEO_GAMES_SALES_1","0.04556578519165888","1","ft","RealMLP 🕸","2026-04-11T03:06:27.000Z","REG_TEXT_VIDEO_GAMES_SALES","1250","30","finished","n309"
"real_REG_TEXT_VIDEO_GAMES_SALES_1","0.3309987958838345","1","all","RealMLP 🕸","2026-04-11T03:05:27.000Z","REG_TEXT_VIDEO_GAMES_SALES","260","30","finished","n305"
"iclv2_REG_TEXT_VIDEO_GAMES_SALES_1","0.5151352694122446","1","ft","TabICLv2 🗼","2026-04-11T03:04:28.000Z","REG_TEXT_VIDEO_GAMES_SALES","1745","30","finished","nlp-srv2.iem.technion.ac.il"
"iclv2_REG_TEXT_VIDEO_GAMES_SALES_1","0.5468214698593388","1","all","TabICLv2 🗼","2026-04-11T03:03:51.000Z","REG_TEXT_VIDEO_GAMES_SALES","150","30","finished","n306"
"real_REG_TEXT_VIDEO_GAMES_SALES_0","0.39605226734361854","0","ft","RealMLP 🕸","2026-04-11T03:01:55.000Z","REG_TEXT_VIDEO_GAMES_SALES","1710","30","finished","n307"
"real_REG_TEXT_VIDEO_GAMES_SALES_0","0.47238983232776166","0","all","RealMLP 🕸","2026-04-11T03:00:53.000Z","REG_TEXT_VIDEO_GAMES_SALES","211","30","finished","nlp-srv2.iem.technion.ac.il"
"iclv2_REG_TEXT_VIDEO_GAMES_SALES_0","0.4760250296485822","0","ft","TabICLv2 🗼","2026-04-11T03:00:22.000Z","REG_TEXT_VIDEO_GAMES_SALES","1422","30","finished","n305"
"iclv2_REG_TEXT_VIDEO_GAMES_SALES_0","0.5301743699436159","0","all","TabICLv2 🗼","2026-04-11T02:58:15.000Z","REG_TEXT_VIDEO_GAMES_SALES","153","30","finished","nlp-srv2.iem.technion.ac.il"
"real_REG_TEXT_VANCOUVER_SALARIES_4","0.755415280937931","4","ft","RealMLP 🕸","2026-04-11T02:56:56.000Z","REG_TEXT_VANCOUVER_SALARIES","1453","30","finished","n309"
"real_REG_TEXT_VANCOUVER_SALARIES_4","0.7474490039811702","4","all","RealMLP 🕸","2026-04-11T02:54:41.000Z","REG_TEXT_VANCOUVER_SALARIES","211","30","finished","nlp-srv2.iem.technion.ac.il"
"iclv2_REG_TEXT_VANCOUVER_SALARIES_4","0.8143997889577632","4","ft","TabICLv2 🗼","2026-04-11T02:53:39.000Z","REG_TEXT_VANCOUVER_SALARIES","1548","30","finished","n306"
"iclv2_REG_TEXT_VANCOUVER_SALARIES_4","0.8021512656304205","4","all","TabICLv2 🗼","2026-04-11T02:51:58.000Z","REG_TEXT_VANCOUVER_SALARIES","156","30","finished","nlp-srv2.iem.technion.ac.il"
"real_REG_TEXT_VANCOUVER_SALARIES_3","0.7554004602367945","3","ft","RealMLP 🕸","2026-04-11T02:50:01.000Z","REG_TEXT_VANCOUVER_SALARIES","1246","30","finished","n306"
"real_REG_TEXT_VANCOUVER_SALARIES_3","0.7547748802110359","3","all","RealMLP 🕸","2026-04-11T02:49:18.000Z","REG_TEXT_VANCOUVER_SALARIES","254","30","finished","n306"
"iclv2_REG_TEXT_VANCOUVER_SALARIES_3","0.7885431082291385","3","ft","TabICLv2 🗼","2026-04-11T02:47:54.000Z","REG_TEXT_VANCOUVER_SALARIES","1570","30","finished","n305"
"iclv2_REG_TEXT_VANCOUVER_SALARIES_3","0.7820105672930252","3","all","TabICLv2 🗼","2026-04-11T02:46:41.000Z","REG_TEXT_VANCOUVER_SALARIES","154","30","finished","n306"
"real_REG_TEXT_VANCOUVER_SALARIES_2","0.7343135281037874","2","ft","RealMLP 🕸","2026-04-11T02:44:08.000Z","REG_TEXT_VANCOUVER_SALARIES","1607","30","finished","n309"
"real_REG_TEXT_VANCOUVER_SALARIES_2","0.710186155578303","2","all","RealMLP 🕸","2026-04-11T02:42:19.000Z","REG_TEXT_VANCOUVER_SALARIES","256","30","finished","n306"
"iclv2_REG_TEXT_VANCOUVER_SALARIES_2","0.7692123012591106","2","ft","TabICLv2 🗼","2026-04-11T02:41:38.000Z","REG_TEXT_VANCOUVER_SALARIES","1482","30","finished","n309"
"iclv2_REG_TEXT_VANCOUVER_SALARIES_2","0.7713075172885187","2","all","TabICLv2 🗼","2026-04-11T02:41:31.000Z","REG_TEXT_VANCOUVER_SALARIES","153","30","finished","n309"
"real_REG_TEXT_VANCOUVER_SALARIES_1","0.7561625579615558","1","ft","RealMLP 🕸","2026-04-11T02:40:12.000Z","REG_TEXT_VANCOUVER_SALARIES","1509","30","finished","n305"
"real_REG_TEXT_VANCOUVER_SALARIES_1","0.7094782089376167","1","all","RealMLP 🕸","2026-04-11T02:39:58.000Z","REG_TEXT_VANCOUVER_SALARIES","392","30","finished","n305"
"iclv2_REG_TEXT_VANCOUVER_SALARIES_1","0.7851978562923694","1","ft","TabICLv2 🗼","2026-04-11T02:39:50.000Z","REG_TEXT_VANCOUVER_SALARIES","1948","30","finished","n306"
"iclv2_REG_TEXT_VANCOUVER_SALARIES_1","0.7755396460333903","1","all","TabICLv2 🗼","2026-04-11T02:39:01.000Z","REG_TEXT_VANCOUVER_SALARIES","152","30","finished","n309"
"real_REG_TEXT_VANCOUVER_SALARIES_0","0.7546836467315169","0","ft","RealMLP 🕸","2026-04-11T02:38:14.000Z","REG_TEXT_VANCOUVER_SALARIES","1532","30","finished","n306"
"real_REG_TEXT_VANCOUVER_SALARIES_0","0.7535360551644112","0","all","RealMLP 🕸","2026-04-11T02:37:16.000Z","REG_TEXT_VANCOUVER_SALARIES","296","30","finished","n306"
"iclv2_REG_TEXT_VANCOUVER_SALARIES_0","0.8060118227295451","0","ft","TabICLv2 🗼","2026-04-11T02:33:38.000Z","REG_TEXT_VANCOUVER_SALARIES","1596","30","finished","n305"
"iclv2_REG_TEXT_VANCOUVER_SALARIES_0","0.798005760530222","0","all","TabICLv2 🗼","2026-04-11T02:33:06.000Z","REG_TEXT_VANCOUVER_SALARIES","153","30","finished","n306"
"real_REG_TEXT_ROTTEN_TOMATOES_4","0.4684943759338638","4","ft","RealMLP 🕸","2026-04-11T02:32:13.000Z","REG_TEXT_ROTTEN_TOMATOES","5141","30","finished","nlp19.iem.technion.ac.il"
"real_REG_TEXT_ROTTEN_TOMATOES_4","0.40909557066063906","4","all","RealMLP 🕸","2026-04-11T02:30:02.000Z","REG_TEXT_ROTTEN_TOMATOES","593","30","finished","n305"
"iclv2_REG_TEXT_ROTTEN_TOMATOES_4","0.5008974466176734","4","ft","TabICLv2 🗼","2026-04-11T02:29:05.000Z","REG_TEXT_ROTTEN_TOMATOES","4986","30","finished","nlp-srv2.iem.technion.ac.il"
"iclv2_REG_TEXT_ROTTEN_TOMATOES_4","0.4687195498055284","4","all","TabICLv2 🗼","2026-04-11T02:24:19.000Z","REG_TEXT_ROTTEN_TOMATOES","555","30","finished","n305"
"real_REG_TEXT_ROTTEN_TOMATOES_3","0.4944623321822481","3","ft","RealMLP 🕸","2026-04-11T02:22:13.000Z","REG_TEXT_ROTTEN_TOMATOES","3582","30","finished","n309"
"real_REG_TEXT_ROTTEN_TOMATOES_3","0.4896385480173684","3","all","RealMLP 🕸","2026-04-11T02:21:10.000Z","REG_TEXT_ROTTEN_TOMATOES","661","30","finished","nlp19.iem.technion.ac.il"
"iclv2_REG_TEXT_ROTTEN_TOMATOES_3","0.5156559365326885","3","ft","TabICLv2 🗼","2026-04-11T02:20:44.000Z","REG_TEXT_ROTTEN_TOMATOES","2466","30","finished","n307"
"iclv2_REG_TEXT_ROTTEN_TOMATOES_3","0.49894245774179824","3","all","TabICLv2 🗼","2026-04-11T02:12:21.000Z","REG_TEXT_ROTTEN_TOMATOES","583","30","finished","n309"
"real_REG_TEXT_ROTTEN_TOMATOES_2","0.4964308877652101","2","ft","RealMLP 🕸","2026-04-11T02:04:16.000Z","REG_TEXT_ROTTEN_TOMATOES","3157","30","finished","n309"
"real_REG_TEXT_ROTTEN_TOMATOES_2","0.5114524823718527","2","all","RealMLP 🕸","2026-04-11T01:59:26.000Z","REG_TEXT_ROTTEN_TOMATOES","684","30","finished","n309"
"iclv2_REG_TEXT_ROTTEN_TOMATOES_2","0.5590659850098769","2","ft","TabICLv2 🗼","2026-04-11T01:56:23.000Z","REG_TEXT_ROTTEN_TOMATOES","6069","30","finished","nlp-srv2.iem.technion.ac.il"
"iclv2_REG_TEXT_ROTTEN_TOMATOES_2","0.508334167948958","2","all","TabICLv2 🗼","2026-04-11T01:54:24.000Z","REG_TEXT_ROTTEN_TOMATOES","585","30","finished","n309"
"real_REG_TEXT_ROTTEN_TOMATOES_1","0.5550055563050375","1","ft","RealMLP 🕸","2026-04-11T01:50:50.000Z","REG_TEXT_ROTTEN_TOMATOES","2529","30","finished","n306"
"real_REG_TEXT_ROTTEN_TOMATOES_1","0.5452196732468707","1","all","RealMLP 🕸","2026-04-11T01:48:11.000Z","REG_TEXT_ROTTEN_TOMATOES","670","30","finished","n309"
"iclv2_REG_TEXT_ROTTEN_TOMATOES_1","0.5833590456458999","1","ft","TabICLv2 🗼","2026-04-11T01:45:48.000Z","REG_TEXT_ROTTEN_TOMATOES","3184","30","finished","n309"
"iclv2_REG_TEXT_ROTTEN_TOMATOES_1","0.5696105947769212","1","all","TabICLv2 🗼","2026-04-11T01:44:17.000Z","REG_TEXT_ROTTEN_TOMATOES","595","30","finished","n309"
"real_REG_TEXT_ROTTEN_TOMATOES_0","0.5132009561353352","0","ft","RealMLP 🕸","2026-04-11T01:41:44.000Z","REG_TEXT_ROTTEN_TOMATOES","3581","30","finished","n309"
"real_REG_TEXT_ROTTEN_TOMATOES_0","0.5150134981227596","0","all","RealMLP 🕸","2026-04-11T01:35:41.000Z","REG_TEXT_ROTTEN_TOMATOES","600","30","finished","n309"
"iclv2_REG_TEXT_ROTTEN_TOMATOES_0","0.5426831896246017","0","ft","TabICLv2 🗼","2026-04-11T01:35:23.000Z","REG_TEXT_ROTTEN_TOMATOES","3667","30","finished","n306"
"iclv2_REG_TEXT_ROTTEN_TOMATOES_0","0.5295480533985819","0","all","TabICLv2 🗼","2026-04-11T01:34:58.000Z","REG_TEXT_ROTTEN_TOMATOES","556","30","finished","n309"
"real_REG_TEXT_SCIMAGOJR_IMPACT_4","0.8545237183570862","4","ft","RealMLP 🕸","2026-04-11T01:31:01.000Z","REG_TEXT_SCIMAGOJR_IMPACT","5869","30","finished","n306"
"real_REG_TEXT_SCIMAGOJR_IMPACT_4","0.8443741202354431","4","all","RealMLP 🕸","2026-04-11T01:29:17.000Z","REG_TEXT_SCIMAGOJR_IMPACT","744","30","finished","n309"
"iclv2_REG_TEXT_SCIMAGOJR_IMPACT_4","0.8627334237098694","4","ft","TabICLv2 🗼","2026-04-11T01:24:32.000Z","REG_TEXT_SCIMAGOJR_IMPACT","7571","30","finished","n305"
"iclv2_REG_TEXT_SCIMAGOJR_IMPACT_4","0.8529258370399475","4","all","TabICLv2 🗼","2026-04-11T01:23:27.000Z","REG_TEXT_SCIMAGOJR_IMPACT","687","30","finished","n309"
"real_REG_TEXT_SCIMAGOJR_IMPACT_3","0.7727614641189575","3","ft","RealMLP 🕸","2026-04-11T01:23:16.000Z","REG_TEXT_SCIMAGOJR_IMPACT","4588","30","finished","n306"
"real_REG_TEXT_SCIMAGOJR_IMPACT_3","0.840057373046875","3","all","RealMLP 🕸","2026-04-11T01:23:00.000Z","REG_TEXT_SCIMAGOJR_IMPACT","740","30","finished","n306"
"iclv2_REG_TEXT_SCIMAGOJR_IMPACT_3","0.8715118169784546","3","ft","TabICLv2 🗼","2026-04-11T01:19:36.000Z","REG_TEXT_SCIMAGOJR_IMPACT","8033","30","finished","n309"
"iclv2_REG_TEXT_SCIMAGOJR_IMPACT_3","0.8642850518226624","3","all","TabICLv2 🗼","2026-04-11T01:19:30.000Z","REG_TEXT_SCIMAGOJR_IMPACT","684","30","finished","n306"
"real_REG_TEXT_SCIMAGOJR_IMPACT_2","0.8330802917480469","2","ft","RealMLP 🕸","2026-04-11T01:14:06.000Z","REG_TEXT_SCIMAGOJR_IMPACT","9559","30","finished","nlp-srv2.iem.technion.ac.il"
"real_REG_TEXT_SCIMAGOJR_IMPACT_2","0.8289498090744019","2","all","RealMLP 🕸","2026-04-11T01:11:25.000Z","REG_TEXT_SCIMAGOJR_IMPACT","688","30","finished","n306"
"iclv2_REG_TEXT_SCIMAGOJR_IMPACT_2","0.8684192299842834","2","ft","TabICLv2 🗼","2026-04-11T01:09:47.000Z","REG_TEXT_SCIMAGOJR_IMPACT","4244","30","finished","n307"
"iclv2_REG_TEXT_SCIMAGOJR_IMPACT_2","0.8706445693969727","2","all","TabICLv2 🗼","2026-04-11T01:09:08.000Z","REG_TEXT_SCIMAGOJR_IMPACT","618","30","finished","n306"
"real_REG_TEXT_SCIMAGOJR_IMPACT_1","0.8843114376068115","1","ft","RealMLP 🕸","2026-04-11T01:07:59.000Z","REG_TEXT_SCIMAGOJR_IMPACT","4919","30","finished","n305"
"real_REG_TEXT_SCIMAGOJR_IMPACT_1","0.8645373582839966","1","all","RealMLP 🕸","2026-04-11T01:07:09.000Z","REG_TEXT_SCIMAGOJR_IMPACT","741","30","finished","n309"
"iclv2_REG_TEXT_SCIMAGOJR_IMPACT_1","0.8889269828796387","1","ft","TabICLv2 🗼","2026-04-11T01:03:57.000Z","REG_TEXT_SCIMAGOJR_IMPACT","6356","30","finished","n306"
"iclv2_REG_TEXT_SCIMAGOJR_IMPACT_1","0.8764349222183228","1","all","TabICLv2 🗼","2026-04-11T01:01:59.000Z","REG_TEXT_SCIMAGOJR_IMPACT","724","30","finished","nlp-srv2.iem.technion.ac.il"
"real_REG_TEXT_SCIMAGOJR_IMPACT_0","0.8628193736076355","0","ft","RealMLP 🕸","2026-04-11T01:00:01.000Z","REG_TEXT_SCIMAGOJR_IMPACT","5053","30","finished","n305"
"real_REG_TEXT_SCIMAGOJR_IMPACT_0","0.8174389600753784","0","all","RealMLP 🕸","2026-04-11T00:59:21.000Z","REG_TEXT_SCIMAGOJR_IMPACT","720","30","finished","n306"
"iclv2_REG_TEXT_SCIMAGOJR_IMPACT_0","0.8908699750900269","0","ft","TabICLv2 🗼","2026-04-11T00:58:58.000Z","REG_TEXT_SCIMAGOJR_IMPACT","6067","30","finished","n305"
"iclv2_REG_TEXT_SCIMAGOJR_IMPACT_0","0.8798606991767883","0","all","TabICLv2 🗼","2026-04-11T00:57:43.000Z","REG_TEXT_SCIMAGOJR_IMPACT","682","30","finished","n306"
"real_REG_TEXT_MONTGOMERY_SALARIES_4","0.9719345446440496","4","ft","RealMLP 🕸","2026-04-11T00:57:15.000Z","REG_TEXT_MONTGOMERY_SALARIES","5505","30","finished","nlp-srv2.iem.technion.ac.il"
"real_REG_TEXT_MONTGOMERY_SALARIES_4","0.9677293085215254","4","all","RealMLP 🕸","2026-04-11T00:57:07.000Z","REG_TEXT_MONTGOMERY_SALARIES","285","30","finished","nlp-srv2.iem.technion.ac.il"
"iclv2_REG_TEXT_MONTGOMERY_SALARIES_4","0.9791562001992692","4","ft","TabICLv2 🗼","2026-04-11T00:56:08.000Z","REG_TEXT_MONTGOMERY_SALARIES","6947","30","finished","nlp-srv2.iem.technion.ac.il"
"iclv2_REG_TEXT_MONTGOMERY_SALARIES_4","0.9712077857941508","4","all","TabICLv2 🗼","2026-04-11T00:56:05.000Z","REG_TEXT_MONTGOMERY_SALARIES","231","30","finished","n305"
"real_REG_TEXT_MONTGOMERY_SALARIES_3","0.9824699505379916","3","ft","RealMLP 🕸","2026-04-11T00:54:27.000Z","REG_TEXT_MONTGOMERY_SALARIES","3218","30","finished","n309"
"real_REG_TEXT_MONTGOMERY_SALARIES_3","0.9784530274244068","3","all","RealMLP 🕸","2026-04-11T00:53:46.000Z","REG_TEXT_MONTGOMERY_SALARIES","330","30","finished","n306"
"iclv2_REG_TEXT_MONTGOMERY_SALARIES_3","0.9863044566663112","3","ft","TabICLv2 🗼","2026-04-11T00:52:56.000Z","REG_TEXT_MONTGOMERY_SALARIES","3470","30","finished","n306"
"iclv2_REG_TEXT_MONTGOMERY_SALARIES_3","0.9849762241959854","3","all","TabICLv2 🗼","2026-04-11T00:50:31.000Z","REG_TEXT_MONTGOMERY_SALARIES","230","30","finished","n309"
"real_REG_TEXT_MONTGOMERY_SALARIES_2","0.97541732025395","2","ft","RealMLP 🕸","2026-04-11T00:44:35.000Z","REG_TEXT_MONTGOMERY_SALARIES","2970","30","finished","n309"
"real_REG_TEXT_MONTGOMERY_SALARIES_2","0.9769888660497056","2","all","RealMLP 🕸","2026-04-11T00:44:25.000Z","REG_TEXT_MONTGOMERY_SALARIES","360","30","finished","n309"
"iclv2_REG_TEXT_MONTGOMERY_SALARIES_2","0.9824816957961215","2","ft","TabICLv2 🗼","2026-04-11T00:44:15.000Z","REG_TEXT_MONTGOMERY_SALARIES","2696","30","finished","n309"
"iclv2_REG_TEXT_MONTGOMERY_SALARIES_2","0.9796409522711924","2","all","TabICLv2 🗼","2026-04-11T00:40:39.000Z","REG_TEXT_MONTGOMERY_SALARIES","231","30","finished","n309"
"real_REG_TEXT_MONTGOMERY_SALARIES_1","0.9658757712053544","1","ft","RealMLP 🕸","2026-04-11T00:40:38.000Z","REG_TEXT_MONTGOMERY_SALARIES","2554","30","finished","n306"
"real_REG_TEXT_MONTGOMERY_SALARIES_1","0.9488750452325904","1","all","RealMLP 🕸","2026-04-11T00:39:06.000Z","REG_TEXT_MONTGOMERY_SALARIES","314","30","finished","n309"
"iclv2_REG_TEXT_MONTGOMERY_SALARIES_1","0.9709739849079172","1","ft","TabICLv2 🗼","2026-04-11T00:37:55.000Z","REG_TEXT_MONTGOMERY_SALARIES","6184","30","finished","nlp19.iem.technion.ac.il"
"iclv2_REG_TEXT_MONTGOMERY_SALARIES_1","0.9646639351473396","1","all","TabICLv2 🗼","2026-04-11T00:36:43.000Z","REG_TEXT_MONTGOMERY_SALARIES","230","30","finished","n309"
"real_REG_TEXT_MONTGOMERY_SALARIES_0","0.985665219051647","0","ft","RealMLP 🕸","2026-04-11T00:35:20.000Z","REG_TEXT_MONTGOMERY_SALARIES","1956","30","finished","n305"
"real_REG_TEXT_MONTGOMERY_SALARIES_0","0.9808697047791796","0","all","RealMLP 🕸","2026-04-11T00:35:09.000Z","REG_TEXT_MONTGOMERY_SALARIES","322","30","finished","n306"
"iclv2_REG_TEXT_MONTGOMERY_SALARIES_0","0.9891221622243735","0","ft","TabICLv2 🗼","2026-04-11T00:33:13.000Z","REG_TEXT_MONTGOMERY_SALARIES","3007","30","finished","n309"
"iclv2_REG_TEXT_MONTGOMERY_SALARIES_0","0.9868247772839234","0","all","TabICLv2 🗼","2026-04-11T00:32:47.000Z","REG_TEXT_MONTGOMERY_SALARIES","232","30","finished","n309"
"real_REG_TEXT_MERCARI_MARKETPLACE_4","0.4357225677767639","4","ft","RealMLP 🕸","2026-04-11T00:32:27.000Z","REG_TEXT_MERCARI_MARKETPLACE","3119","30","finished","n305"
"real_REG_TEXT_MERCARI_MARKETPLACE_4","0.3532386733605152","4","all","RealMLP 🕸","2026-04-11T00:29:06.000Z","REG_TEXT_MERCARI_MARKETPLACE","522","30","finished","nlp19.iem.technion.ac.il"
"iclv2_REG_TEXT_MERCARI_MARKETPLACE_4","0.4640401033312032","4","ft","TabICLv2 🗼","2026-04-11T00:28:09.000Z","REG_TEXT_MERCARI_MARKETPLACE","2492","30","finished","n307"
"iclv2_REG_TEXT_MERCARI_MARKETPLACE_4","0.4738224203436716","4","all","TabICLv2 🗼","2026-04-11T00:27:39.000Z","REG_TEXT_MERCARI_MARKETPLACE","442","30","finished","n306"
"real_REG_TEXT_MERCARI_MARKETPLACE_3","0.38879062952775045","3","ft","RealMLP 🕸","2026-04-11T00:25:20.000Z","REG_TEXT_MERCARI_MARKETPLACE","2505","30","finished","n309"
"real_REG_TEXT_MERCARI_MARKETPLACE_3","0.3544049060937696","3","all","RealMLP 🕸","2026-04-11T00:23:27.000Z","REG_TEXT_MERCARI_MARKETPLACE","498","30","finished","n309"
"iclv2_REG_TEXT_MERCARI_MARKETPLACE_3","0.4434029608486094","3","ft","TabICLv2 🗼","2026-04-11T00:21:43.000Z","REG_TEXT_MERCARI_MARKETPLACE","5675","30","finished","nlp-srv2.iem.technion.ac.il"
"iclv2_REG_TEXT_MERCARI_MARKETPLACE_3","0.40804191697136505","3","all","TabICLv2 🗼","2026-04-11T00:20:33.000Z","REG_TEXT_MERCARI_MARKETPLACE","509","30","finished","nlp19.iem.technion.ac.il"
"real_REG_TEXT_MERCARI_MARKETPLACE_2","0.44071376236540016","2","ft","RealMLP 🕸","2026-04-11T00:19:36.000Z","REG_TEXT_MERCARI_MARKETPLACE","2354","30","finished","n305"
"real_REG_TEXT_MERCARI_MARKETPLACE_2","0.3962629119346922","2","all","RealMLP 🕸","2026-04-11T00:17:44.000Z","REG_TEXT_MERCARI_MARKETPLACE","505","30","finished","n306"
"iclv2_REG_TEXT_MERCARI_MARKETPLACE_2","0.4814152405137231","2","ft","TabICLv2 🗼","2026-04-11T00:17:31.000Z","REG_TEXT_MERCARI_MARKETPLACE","2307","30","finished","n305"
"iclv2_REG_TEXT_MERCARI_MARKETPLACE_2","0.46990540064335984","2","all","TabICLv2 🗼","2026-04-11T00:16:18.000Z","REG_TEXT_MERCARI_MARKETPLACE","421","30","finished","n309"
"real_REG_TEXT_MERCARI_MARKETPLACE_1","0.3756582271558798","1","ft","RealMLP 🕸","2026-04-11T00:15:29.000Z","REG_TEXT_MERCARI_MARKETPLACE","2239","30","finished","n306"
"real_REG_TEXT_MERCARI_MARKETPLACE_1","0.32027608871007585","1","all","RealMLP 🕸","2026-04-11T00:13:47.000Z","REG_TEXT_MERCARI_MARKETPLACE","472","30","finished","nlp-srv2.iem.technion.ac.il"
"iclv2_REG_TEXT_MERCARI_MARKETPLACE_1","0.4217947406414024","1","ft","TabICLv2 🗼","2026-04-11T00:13:19.000Z","REG_TEXT_MERCARI_MARKETPLACE","2659","30","finished","n306"
"iclv2_REG_TEXT_MERCARI_MARKETPLACE_1","0.4100953446663127","1","all","TabICLv2 🗼","2026-04-11T00:11:56.000Z","REG_TEXT_MERCARI_MARKETPLACE","511","30","finished","nlp19.iem.technion.ac.il"
"real_REG_TEXT_MERCARI_MARKETPLACE_0","0.42465874982302976","0","ft","RealMLP 🕸","2026-04-11T00:11:47.000Z","REG_TEXT_MERCARI_MARKETPLACE","3122","30","finished","n306"
"real_REG_TEXT_MERCARI_MARKETPLACE_0","0.4139663982334122","0","all","RealMLP 🕸","2026-04-11T00:10:48.000Z","REG_TEXT_MERCARI_MARKETPLACE","521","30","finished","n305"
"iclv2_REG_TEXT_MERCARI_MARKETPLACE_0","0.45386209940603695","0","ft","TabICLv2 🗼","2026-04-11T00:10:13.000Z","REG_TEXT_MERCARI_MARKETPLACE","2819","30","finished","nlp-srv2.iem.technion.ac.il"
"iclv2_REG_TEXT_MERCARI_MARKETPLACE_0","0.4444723980907055","0","all","TabICLv2 🗼","2026-04-11T00:09:41.000Z","REG_TEXT_MERCARI_MARKETPLACE","465","30","finished","n305"
"real_REG_TEXT_BOOK_READABILITY_4","0.8404845712669778","4","ft","RealMLP 🕸","2026-04-11T00:09:39.000Z","REG_TEXT_BOOK_READABILITY","2840","30","finished","nlp-srv2.iem.technion.ac.il"
"real_REG_TEXT_BOOK_READABILITY_4","0.8222580236757031","4","all","RealMLP 🕸","2026-04-11T00:08:57.000Z","REG_TEXT_BOOK_READABILITY","256","30","finished","n306"
"iclv2_REG_TEXT_BOOK_READABILITY_4","0.8534772350219311","4","ft","TabICLv2 🗼","2026-04-11T00:07:53.000Z","REG_TEXT_BOOK_READABILITY","2892","30","finished","nlp-srv2.iem.technion.ac.il"
"iclv2_REG_TEXT_BOOK_READABILITY_4","0.8423560884489087","4","all","TabICLv2 🗼","2026-04-11T00:07:35.000Z","REG_TEXT_BOOK_READABILITY","245","30","finished","n306"
"real_REG_TEXT_BOOK_READABILITY_3","0.8253584727449563","3","ft","RealMLP 🕸","2026-04-11T00:06:51.000Z","REG_TEXT_BOOK_READABILITY","1705","30","finished","n305"
"real_REG_TEXT_BOOK_READABILITY_3","0.8010016289437634","3","all","RealMLP 🕸","2026-04-11T00:06:09.000Z","REG_TEXT_BOOK_READABILITY","207","30","finished","nlp-srv2.iem.technion.ac.il"
"iclv2_REG_TEXT_BOOK_READABILITY_3","0.8302750873806573","3","ft","TabICLv2 🗼","2026-04-11T00:04:02.000Z","REG_TEXT_BOOK_READABILITY","2406","30","finished","n309"
"iclv2_REG_TEXT_BOOK_READABILITY_3","0.823438208878922","3","all","TabICLv2 🗼","2026-04-11T00:03:31.000Z","REG_TEXT_BOOK_READABILITY","194","30","finished","n305"
"real_REG_TEXT_BOOK_READABILITY_2","0.8463648980497529","2","ft","RealMLP 🕸","2026-04-11T00:03:15.000Z","REG_TEXT_BOOK_READABILITY","3026","30","finished","n306"
"real_REG_TEXT_BOOK_READABILITY_2","0.8162980871544138","2","all","RealMLP 🕸","2026-04-11T00:02:34.000Z","REG_TEXT_BOOK_READABILITY","208","30","finished","nlp-srv2.iem.technion.ac.il"
"iclv2_REG_TEXT_BOOK_READABILITY_2","0.8613654213508993","2","ft","TabICLv2 🗼","2026-04-11T00:00:26.000Z","REG_TEXT_BOOK_READABILITY","2316","30","finished","n309"
"iclv2_REG_TEXT_BOOK_READABILITY_2","0.8519363839294612","2","all","TabICLv2 🗼","2026-04-10T23:59:56.000Z","REG_TEXT_BOOK_READABILITY","209","30","finished","n305"
"real_REG_TEXT_BOOK_READABILITY_1","0.7598359195618072","1","ft","RealMLP 🕸","2026-04-10T23:59:17.000Z","REG_TEXT_BOOK_READABILITY","1557","30","finished","n309"
"real_REG_TEXT_BOOK_READABILITY_1","0.805217095457916","1","all","RealMLP 🕸","2026-04-10T23:59:04.000Z","REG_TEXT_BOOK_READABILITY","246","30","finished","n306"
"iclv2_REG_TEXT_BOOK_READABILITY_1","0.8330470828163249","1","ft","TabICLv2 🗼","2026-04-10T23:58:19.000Z","REG_TEXT_BOOK_READABILITY","2044","30","finished","n305"
"iclv2_REG_TEXT_BOOK_READABILITY_1","0.8264365607172457","1","all","TabICLv2 🗼","2026-04-10T23:56:51.000Z","REG_TEXT_BOOK_READABILITY","210","30","finished","n309"
"real_REG_TEXT_BOOK_READABILITY_0","0.7836775720873117","0","ft","RealMLP 🕸","2026-04-10T23:55:07.000Z","REG_TEXT_BOOK_READABILITY","1883","30","finished","n307"
"real_REG_TEXT_BOOK_READABILITY_0","0.7640490597669808","0","all","RealMLP 🕸","2026-04-10T23:55:00.000Z","REG_TEXT_BOOK_READABILITY","252","30","finished","n309"
"iclv2_REG_TEXT_BOOK_READABILITY_0","0.8345834879455917","0","ft","TabICLv2 🗼","2026-04-10T23:52:52.000Z","REG_TEXT_BOOK_READABILITY","2390","30","finished","n309"
"iclv2_REG_TEXT_BOOK_READABILITY_0","0.8039665297154939","0","all","TabICLv2 🗼","2026-04-10T23:51:26.000Z","REG_TEXT_BOOK_READABILITY","218","30","finished","n307"
"real_REG_TEXT_BOOK_PRICE_4","0.4922250480142209","4","all","RealMLP 🕸","2026-04-10T23:49:57.000Z","REG_TEXT_BOOK_PRICE","210","30","finished","n309"
"real_REG_TEXT_BOOK_PRICE_4","0.5177492260181872","4","ft","RealMLP 🕸","2026-04-10T23:49:57.000Z","REG_TEXT_BOOK_PRICE","1527","30","finished","n306"
"iclv2_REG_TEXT_BOOK_PRICE_4","0.5583552004513173","4","ft","TabICLv2 🗼","2026-04-10T23:49:34.000Z","REG_TEXT_BOOK_PRICE","1598","30","finished","n309"
"iclv2_REG_TEXT_BOOK_PRICE_4","0.5597134930486154","4","all","TabICLv2 🗼","2026-04-10T23:48:28.000Z","REG_TEXT_BOOK_PRICE","172","30","finished","n307"
"real_REG_TEXT_BOOK_PRICE_3","0.5255318102491744","3","ft","RealMLP 🕸","2026-04-10T23:47:06.000Z","REG_TEXT_BOOK_PRICE","1218","30","finished","n306"
"real_REG_TEXT_BOOK_PRICE_3","0.5341107139290475","3","all","RealMLP 🕸","2026-04-10T23:45:30.000Z","REG_TEXT_BOOK_PRICE","263","30","finished","n306"
"iclv2_REG_TEXT_BOOK_PRICE_3","0.5936519515933789","3","ft","TabICLv2 🗼","2026-04-10T23:42:16.000Z","REG_TEXT_BOOK_PRICE","2121","30","finished","n306"
"iclv2_REG_TEXT_BOOK_PRICE_3","0.5476882191902281","3","all","TabICLv2 🗼","2026-04-10T23:39:18.000Z","REG_TEXT_BOOK_PRICE","173","30","finished","n306"
"real_REG_TEXT_BOOK_PRICE_2","0.4981284394884883","2","ft","RealMLP 🕸","2026-04-10T23:37:00.000Z","REG_TEXT_BOOK_PRICE","1371","30","finished","n305"
"real_REG_TEXT_BOOK_PRICE_2","0.5312258943237178","2","all","RealMLP 🕸","2026-04-10T23:35:38.000Z","REG_TEXT_BOOK_PRICE","214","30","finished","n306"
"iclv2_REG_TEXT_BOOK_PRICE_2","0.5976988388927422","2","ft","TabICLv2 🗼","2026-04-10T23:27:07.000Z","REG_TEXT_BOOK_PRICE","1342","30","finished","n309"
"iclv2_REG_TEXT_BOOK_PRICE_2","0.6175594636340487","2","all","TabICLv2 🗼","2026-04-10T23:24:05.000Z","REG_TEXT_BOOK_PRICE","175","30","finished","n309"
"real_REG_TEXT_BOOK_PRICE_1","0.5239534677801363","1","ft","RealMLP 🕸","2026-04-10T23:22:41.000Z","REG_TEXT_BOOK_PRICE","1458","30","finished","n306"
"real_REG_TEXT_BOOK_PRICE_1","0.5682076541794118","1","all","RealMLP 🕸","2026-04-10T23:18:45.000Z","REG_TEXT_BOOK_PRICE","232","30","finished","n306"
"iclv2_REG_TEXT_BOOK_PRICE_1","0.5775058855392546","1","ft","TabICLv2 🗼","2026-04-10T23:18:23.000Z","REG_TEXT_BOOK_PRICE","2645","30","finished","nlp-srv2.iem.technion.ac.il"
"iclv2_REG_TEXT_BOOK_PRICE_1","0.6084683476388015","1","all","TabICLv2 🗼","2026-04-10T23:15:36.000Z","REG_TEXT_BOOK_PRICE","181","30","finished","n306"
"real_REG_TEXT_BOOK_PRICE_0","0.557023684038388","0","ft","RealMLP 🕸","2026-04-10T23:15:21.000Z","REG_TEXT_BOOK_PRICE","1222","30","finished","n305"
"real_REG_TEXT_BOOK_PRICE_0","0.5368143346995837","0","all","RealMLP 🕸","2026-04-10T23:15:08.000Z","REG_TEXT_BOOK_PRICE","188","30","finished","nlp-srv2.iem.technion.ac.il"
"iclv2_REG_TEXT_BOOK_PRICE_0","0.597042736383837","0","ft","TabICLv2 🗼","2026-04-10T23:14:06.000Z","REG_TEXT_BOOK_PRICE","1287","30","finished","n306"
"iclv2_REG_TEXT_BOOK_PRICE_0","0.6285028127066228","0","all","TabICLv2 🗼","2026-04-10T23:12:15.000Z","REG_TEXT_BOOK_PRICE","169","30","finished","nlp-srv2.iem.technion.ac.il"
"real_REG_TEXT_BABIES_PRICES_4","0.881610695472394","4","ft","RealMLP 🕸","2026-04-10T23:12:01.000Z","REG_TEXT_BABIES_PRICES","3589","30","finished","nlp19.iem.technion.ac.il"
"real_REG_TEXT_BABIES_PRICES_4","0.7773245806970994","4","all","RealMLP 🕸","2026-04-10T23:11:52.000Z","REG_TEXT_BABIES_PRICES","202","30","finished","n305"
"iclv2_REG_TEXT_BABIES_PRICES_4","0.9180861082875714","4","ft","TabICLv2 🗼","2026-04-10T23:11:45.000Z","REG_TEXT_BABIES_PRICES","2833","30","finished","n306"
"iclv2_REG_TEXT_BABIES_PRICES_4","0.9195741837232578","4","all","TabICLv2 🗼","2026-04-10T23:11:34.000Z","REG_TEXT_BABIES_PRICES","148","30","finished","n306"
"real_REG_TEXT_BABIES_PRICES_3","0.8855153528956157","3","ft","RealMLP 🕸","2026-04-10T23:10:42.000Z","REG_TEXT_BABIES_PRICES","3779","30","finished","nlp-srv2.iem.technion.ac.il"
"real_REG_TEXT_BABIES_PRICES_3","0.873231829431397","3","all","RealMLP 🕸","2026-04-10T23:09:03.000Z","REG_TEXT_BABIES_PRICES","174","30","finished","nlp19.iem.technion.ac.il"
"iclv2_REG_TEXT_BABIES_PRICES_3","0.9244490262062904","3","ft","TabICLv2 🗼","2026-04-10T23:09:01.000Z","REG_TEXT_BABIES_PRICES","2777","30","finished","n309"
"iclv2_REG_TEXT_BABIES_PRICES_3","0.9205525597771644","3","all","TabICLv2 🗼","2026-04-10T23:08:19.000Z","REG_TEXT_BABIES_PRICES","138","30","finished","nlp-srv2.iem.technion.ac.il"
"real_REG_TEXT_BABIES_PRICES_2","0.8828092170021475","2","ft","RealMLP 🕸","2026-04-10T23:07:08.000Z","REG_TEXT_BABIES_PRICES","3782","30","finished","nlp-srv2.iem.technion.ac.il"
"real_REG_TEXT_BABIES_PRICES_2","0.8634207576647774","2","all","RealMLP 🕸","2026-04-10T23:06:57.000Z","REG_TEXT_BABIES_PRICES","200","30","finished","n306"
"iclv2_REG_TEXT_BABIES_PRICES_2","0.9366773207096144","2","ft","TabICLv2 🗼","2026-04-10T23:06:26.000Z","REG_TEXT_BABIES_PRICES","2781","30","finished","n309"
"iclv2_REG_TEXT_BABIES_PRICES_2","0.9225153755371498","2","all","TabICLv2 🗼","2026-04-10T23:05:53.000Z","REG_TEXT_BABIES_PRICES","139","30","finished","nlp-srv2.iem.technion.ac.il"
"real_REG_TEXT_BABIES_PRICES_1","0.8802605694143405","1","ft","RealMLP 🕸","2026-04-10T23:05:28.000Z","REG_TEXT_BABIES_PRICES","2573","30","finished","n307"
"real_REG_TEXT_BABIES_PRICES_1","0.914001616921796","1","all","RealMLP 🕸","2026-04-10T23:03:38.000Z","REG_TEXT_BABIES_PRICES","194","30","finished","n306"
"iclv2_REG_TEXT_BABIES_PRICES_1","0.9614137102792408","1","ft","TabICLv2 🗼","2026-04-10T23:03:30.000Z","REG_TEXT_BABIES_PRICES","2780","30","finished","n309"
"iclv2_REG_TEXT_BABIES_PRICES_1","0.9638221306163478","1","all","TabICLv2 🗼","2026-04-10T23:03:06.000Z","REG_TEXT_BABIES_PRICES","136","30","finished","n307"
"real_REG_TEXT_BABIES_PRICES_0","0.9172020477774112","0","ft","RealMLP 🕸","2026-04-10T23:01:14.000Z","REG_TEXT_BABIES_PRICES","2650","30","finished","n306"
"real_REG_TEXT_BABIES_PRICES_0","0.8507886604584811","0","all","RealMLP 🕸","2026-04-10T23:00:19.000Z","REG_TEXT_BABIES_PRICES","195","30","finished","n306"
"iclv2_REG_TEXT_BABIES_PRICES_0","0.9426814104411062","0","ft","TabICLv2 🗼","2026-04-10T22:58:11.000Z","REG_TEXT_BABIES_PRICES","4176","30","finished","nlp-srv2.iem.technion.ac.il"
"iclv2_REG_TEXT_BABIES_PRICES_0","0.9351133556103892","0","all","TabICLv2 🗼","2026-04-10T22:57:41.000Z","REG_TEXT_BABIES_PRICES","154","30","finished","n306"
"real_MUL_TEXT_WOMEN_CLOTHING_REVIEW_4","0.910024920191181","4","ft","RealMLP 🕸","2026-04-10T22:57:03.000Z","MUL_TEXT_WOMEN_CLOTHING_REVIEW","1109","30","finished","n306"
"real_MUL_TEXT_WOMEN_CLOTHING_REVIEW_4","0.9024869727032552","4","all","RealMLP 🕸","2026-04-10T22:56:20.000Z","MUL_TEXT_WOMEN_CLOTHING_REVIEW","286","30","finished","n306"
"iclv2_MUL_TEXT_WOMEN_CLOTHING_REVIEW_4","0.9107665054353355","4","ft","TabICLv2 🗼","2026-04-10T22:55:20.000Z","MUL_TEXT_WOMEN_CLOTHING_REVIEW","1721","30","finished","n309"
"iclv2_MUL_TEXT_WOMEN_CLOTHING_REVIEW_4","0.9056645067016612","4","all","TabICLv2 🗼","2026-04-10T22:54:20.000Z","MUL_TEXT_WOMEN_CLOTHING_REVIEW","159","30","finished","n306"
"real_MUL_TEXT_WOMEN_CLOTHING_REVIEW_3","0.903223320949663","3","ft","RealMLP 🕸","2026-04-10T22:53:54.000Z","MUL_TEXT_WOMEN_CLOTHING_REVIEW","1055","30","finished","n306"
"real_MUL_TEXT_WOMEN_CLOTHING_REVIEW_3","0.9050026912840318","3","all","RealMLP 🕸","2026-04-10T22:53:04.000Z","MUL_TEXT_WOMEN_CLOTHING_REVIEW","272","30","finished","n306"
"iclv2_MUL_TEXT_WOMEN_CLOTHING_REVIEW_3","0.9082126960074256","3","ft","TabICLv2 🗼","2026-04-10T22:52:32.000Z","MUL_TEXT_WOMEN_CLOTHING_REVIEW","1154","30","finished","n305"
"iclv2_MUL_TEXT_WOMEN_CLOTHING_REVIEW_3","0.9036435560674124","3","all","TabICLv2 🗼","2026-04-10T22:50:44.000Z","MUL_TEXT_WOMEN_CLOTHING_REVIEW","181","30","finished","n306"
"real_MUL_TEXT_WOMEN_CLOTHING_REVIEW_2","0.9095269507220192","2","ft","RealMLP 🕸","2026-04-10T22:45:37.000Z","MUL_TEXT_WOMEN_CLOTHING_REVIEW","1044","30","finished","n307"
"real_MUL_TEXT_WOMEN_CLOTHING_REVIEW_2","0.9104336558516009","2","all","RealMLP 🕸","2026-04-10T22:44:54.000Z","MUL_TEXT_WOMEN_CLOTHING_REVIEW","256","30","finished","n306"
"iclv2_MUL_TEXT_WOMEN_CLOTHING_REVIEW_2","0.9188444441400196","2","ft","TabICLv2 🗼","2026-04-10T22:42:59.000Z","MUL_TEXT_WOMEN_CLOTHING_REVIEW","1750","30","finished","nlp-srv2.iem.technion.ac.il"
"iclv2_MUL_TEXT_WOMEN_CLOTHING_REVIEW_2","0.9137596946195988","2","all","TabICLv2 🗼","2026-04-10T22:42:54.000Z","MUL_TEXT_WOMEN_CLOTHING_REVIEW","158","30","finished","n307"
"real_MUL_TEXT_WOMEN_CLOTHING_REVIEW_1","0.9082411202120028","1","ft","RealMLP 🕸","2026-04-10T22:39:41.000Z","MUL_TEXT_WOMEN_CLOTHING_REVIEW","1645","30","finished","nlp-srv2.iem.technion.ac.il"
"real_MUL_TEXT_WOMEN_CLOTHING_REVIEW_1","0.9030897827741272","1","all","RealMLP 🕸","2026-04-10T22:39:18.000Z","MUL_TEXT_WOMEN_CLOTHING_REVIEW","216","30","finished","nlp-srv2.iem.technion.ac.il"
"iclv2_MUL_TEXT_WOMEN_CLOTHING_REVIEW_1","0.9133279817081033","1","ft","TabICLv2 🗼","2026-04-10T22:38:15.000Z","MUL_TEXT_WOMEN_CLOTHING_REVIEW","1846","30","finished","nlp19.iem.technion.ac.il"
"iclv2_MUL_TEXT_WOMEN_CLOTHING_REVIEW_1","0.9072627204605264","1","all","TabICLv2 🗼","2026-04-10T22:36:59.000Z","MUL_TEXT_WOMEN_CLOTHING_REVIEW","155","30","finished","nlp-srv2.iem.technion.ac.il"
"real_MUL_TEXT_WOMEN_CLOTHING_REVIEW_0","0.9112975090617108","0","ft","RealMLP 🕸","2026-04-10T22:36:56.000Z","MUL_TEXT_WOMEN_CLOTHING_REVIEW","1095","30","finished","n309"
"real_MUL_TEXT_WOMEN_CLOTHING_REVIEW_0","0.9086295017568544","0","all","RealMLP 🕸","2026-04-10T22:34:34.000Z","MUL_TEXT_WOMEN_CLOTHING_REVIEW","213","30","finished","nlp19.iem.technion.ac.il"
"iclv2_MUL_TEXT_WOMEN_CLOTHING_REVIEW_0","0.9144669885180674","0","ft","TabICLv2 🗼","2026-04-10T22:25:39.000Z","MUL_TEXT_WOMEN_CLOTHING_REVIEW","1148","30","finished","n306"
"iclv2_MUL_TEXT_WOMEN_CLOTHING_REVIEW_0","0.9097744848715964","0","all","TabICLv2 🗼","2026-04-10T22:22:56.000Z","MUL_TEXT_WOMEN_CLOTHING_REVIEW","158","30","finished","n306"
"real_MUL_TEXT_WINE_REVIEW_4","0.9828566392603576","4","ft","RealMLP 🕸","2026-04-10T22:21:12.000Z","MUL_TEXT_WINE_REVIEW","2862","30","finished","n309"
"real_MUL_TEXT_WINE_REVIEW_4","0.9774333848067372","4","all","RealMLP 🕸","2026-04-10T22:18:29.000Z","MUL_TEXT_WINE_REVIEW","260","30","finished","n306"
"iclv2_MUL_TEXT_WINE_REVIEW_4","0.9841799352034112","4","ft","TabICLv2 🗼","2026-04-10T22:17:28.000Z","MUL_TEXT_WINE_REVIEW","2931","30","finished","n309"
"iclv2_MUL_TEXT_WINE_REVIEW_4","0.9816401045131036","4","all","TabICLv2 🗼","2026-04-10T22:15:41.000Z","MUL_TEXT_WINE_REVIEW","161","30","finished","n306"
"real_MUL_TEXT_WINE_REVIEW_3","0.9830769163028586","3","ft","RealMLP 🕸","2026-04-10T22:15:31.000Z","MUL_TEXT_WINE_REVIEW","2214","30","finished","n305"
"real_MUL_TEXT_WINE_REVIEW_3","0.9753820978292002","3","all","RealMLP 🕸","2026-04-10T22:11:14.000Z","MUL_TEXT_WINE_REVIEW","260","30","finished","n306"
"iclv2_MUL_TEXT_WINE_REVIEW_3","0.9846220882679924","3","ft","TabICLv2 🗼","2026-04-10T22:10:23.000Z","MUL_TEXT_WINE_REVIEW","3180","30","finished","n309"
"iclv2_MUL_TEXT_WINE_REVIEW_3","0.9802375300837594","3","all","TabICLv2 🗼","2026-04-10T22:07:35.000Z","MUL_TEXT_WINE_REVIEW","161","30","finished","n309"
"real_MUL_TEXT_WINE_REVIEW_2","0.9831965423084577","2","ft","RealMLP 🕸","2026-04-10T22:05:09.000Z","MUL_TEXT_WINE_REVIEW","2869","30","finished","n306"
"real_MUL_TEXT_WINE_REVIEW_2","0.9784823808310484","2","all","RealMLP 🕸","2026-04-10T22:03:08.000Z","MUL_TEXT_WINE_REVIEW","262","30","finished","n309"
"iclv2_MUL_TEXT_WINE_REVIEW_2","0.9848906027433814","2","ft","TabICLv2 🗼","2026-04-10T22:03:01.000Z","MUL_TEXT_WINE_REVIEW","3074","30","finished","n306"
"iclv2_MUL_TEXT_WINE_REVIEW_2","0.9820927467483396","2","all","TabICLv2 🗼","2026-04-10T22:00:25.000Z","MUL_TEXT_WINE_REVIEW","160","30","finished","n309"
"real_MUL_TEXT_WINE_REVIEW_1","0.9819592335784884","1","ft","RealMLP 🕸","2026-04-10T21:48:13.000Z","MUL_TEXT_WINE_REVIEW","4191","30","finished","nlp-srv2.iem.technion.ac.il"
"real_MUL_TEXT_WINE_REVIEW_1","0.976379481372764","1","all","RealMLP 🕸","2026-04-10T21:44:33.000Z","MUL_TEXT_WINE_REVIEW","215","30","finished","nlp-srv2.iem.technion.ac.il"
"iclv2_MUL_TEXT_WINE_REVIEW_1","0.9843992134970996","1","ft","TabICLv2 🗼","2026-04-10T21:30:30.000Z","MUL_TEXT_WINE_REVIEW","3038","30","finished","n309"
"iclv2_MUL_TEXT_WINE_REVIEW_1","0.9794982085757198","1","all","TabICLv2 🗼","2026-04-10T21:27:21.000Z","MUL_TEXT_WINE_REVIEW","180","30","finished","n309"
"real_MUL_TEXT_WINE_REVIEW_0","0.980881857227748","0","ft","RealMLP 🕸","2026-04-10T21:27:15.000Z","MUL_TEXT_WINE_REVIEW","2889","30","finished","n305"
"real_MUL_TEXT_WINE_REVIEW_0","0.9760213320294024","0","all","RealMLP 🕸","2026-04-10T21:22:54.000Z","MUL_TEXT_WINE_REVIEW","262","30","finished","n309"
"iclv2_MUL_TEXT_WINE_REVIEW_0","0.9828243135693356","0","ft","TabICLv2 🗼","2026-04-10T21:20:16.000Z","MUL_TEXT_WINE_REVIEW","3052","30","finished","n306"
"iclv2_MUL_TEXT_WINE_REVIEW_0","0.9798740885454034","0","all","TabICLv2 🗼","2026-04-10T21:20:06.000Z","MUL_TEXT_WINE_REVIEW","161","30","finished","n309"
"real_MUL_TEXT_US_ACCIDENTS_4","0.9821744384044128","4","ft","RealMLP 🕸","2026-04-10T21:18:14.000Z","MUL_TEXT_US_ACCIDENTS","5077","30","finished","n307"
"real_MUL_TEXT_US_ACCIDENTS_4","0.9742000674565628","4","all","RealMLP 🕸","2026-04-10T21:15:18.000Z","MUL_TEXT_US_ACCIDENTS","710","30","finished","n305"
"iclv2_MUL_TEXT_US_ACCIDENTS_4","0.9894871241035182","4","ft","TabICLv2 🗼","2026-04-10T21:10:01.000Z","MUL_TEXT_US_ACCIDENTS","3303","30","finished","n306"
"iclv2_MUL_TEXT_US_ACCIDENTS_4","0.9836216916296064","4","all","TabICLv2 🗼","2026-04-10T21:09:33.000Z","MUL_TEXT_US_ACCIDENTS","635","30","finished","n306"
"real_MUL_TEXT_US_ACCIDENTS_3","0.9595852155988908","3","ft","RealMLP 🕸","2026-04-10T21:08:26.000Z","MUL_TEXT_US_ACCIDENTS","7042","30","finished","nlp-srv2.iem.technion.ac.il"
"real_MUL_TEXT_US_ACCIDENTS_3","0.9485554445251324","3","all","RealMLP 🕸","2026-04-10T21:08:25.000Z","MUL_TEXT_US_ACCIDENTS","693","30","finished","n309"
"iclv2_MUL_TEXT_US_ACCIDENTS_3","0.9814357338553408","3","ft","TabICLv2 🗼","2026-04-10T21:07:15.000Z","MUL_TEXT_US_ACCIDENTS","3185","30","finished","n309"
"iclv2_MUL_TEXT_US_ACCIDENTS_3","0.979262916930362","3","all","TabICLv2 🗼","2026-04-10T21:04:40.000Z","MUL_TEXT_US_ACCIDENTS","634","30","finished","n305"
"real_MUL_TEXT_US_ACCIDENTS_2","0.971542248493573","2","ft","RealMLP 🕸","2026-04-10T21:02:46.000Z","MUL_TEXT_US_ACCIDENTS","5646","30","finished","nlp-srv2.iem.technion.ac.il"
"real_MUL_TEXT_US_ACCIDENTS_2","0.9608411405911466","2","all","RealMLP 🕸","2026-04-10T20:57:11.000Z","MUL_TEXT_US_ACCIDENTS","767","30","finished","n306"
"iclv2_MUL_TEXT_US_ACCIDENTS_2","0.978302854852634","2","ft","TabICLv2 🗼","2026-04-10T20:56:54.000Z","MUL_TEXT_US_ACCIDENTS","5997","30","finished","n309"
"iclv2_MUL_TEXT_US_ACCIDENTS_2","0.9764224558498504","2","all","TabICLv2 🗼","2026-04-10T20:56:32.000Z","MUL_TEXT_US_ACCIDENTS","640","30","finished","n309"
"real_MUL_TEXT_US_ACCIDENTS_1","0.9780346912116128","1","ft","RealMLP 🕸","2026-04-10T20:56:07.000Z","MUL_TEXT_US_ACCIDENTS","4874","30","finished","n309"
"real_MUL_TEXT_US_ACCIDENTS_1","0.9647354538554418","1","all","RealMLP 🕸","2026-04-10T20:56:06.000Z","MUL_TEXT_US_ACCIDENTS","731","30","finished","n309"
"iclv2_MUL_TEXT_US_ACCIDENTS_1","0.980296729356226","1","ft","TabICLv2 🗼","2026-04-10T20:55:54.000Z","MUL_TEXT_US_ACCIDENTS","6199","30","finished","nlp-srv2.iem.technion.ac.il"
"iclv2_MUL_TEXT_US_ACCIDENTS_1","0.97580698223781","1","all","TabICLv2 🗼","2026-04-10T20:53:41.000Z","MUL_TEXT_US_ACCIDENTS","656","30","finished","n305"
"real_MUL_TEXT_US_ACCIDENTS_0","0.9726991129911045","0","ft","RealMLP 🕸","2026-04-10T20:53:10.000Z","MUL_TEXT_US_ACCIDENTS","4188","30","finished","n306"
"real_MUL_TEXT_US_ACCIDENTS_0","0.970578708116068","0","all","RealMLP 🕸","2026-04-10T20:51:27.000Z","MUL_TEXT_US_ACCIDENTS","676","30","finished","nlp-srv2.iem.technion.ac.il"
"iclv2_MUL_TEXT_US_ACCIDENTS_0","0.9822632103645168","0","ft","TabICLv2 🗼","2026-04-10T20:17:28.000Z","MUL_TEXT_US_ACCIDENTS","8220","30","finished","nlp19.iem.technion.ac.il"
"iclv2_MUL_TEXT_US_ACCIDENTS_0","0.9818008245058656","0","all","TabICLv2 🗼","2026-04-10T20:04:45.000Z","MUL_TEXT_US_ACCIDENTS","760","30","finished","nlp19.iem.technion.ac.il"
"real_MUL_TEXT_SPOTIFY_GENRES_4","0.9617360231895687","4","ft","RealMLP 🕸","2026-04-10T19:35:51.000Z","MUL_TEXT_SPOTIFY_GENRES","7718","30","finished","nlp-srv2.iem.technion.ac.il"
"real_MUL_TEXT_SPOTIFY_GENRES_4","0.9588042417777356","4","all","RealMLP 🕸","2026-04-10T19:30:58.000Z","MUL_TEXT_SPOTIFY_GENRES","288","30","finished","nlp-srv2.iem.technion.ac.il"
"iclv2_MUL_TEXT_SPOTIFY_GENRES_4","0.9730524607044851","4","ft","TabICLv2 🗼","2026-04-10T19:15:22.000Z","MUL_TEXT_SPOTIFY_GENRES","6780","30","finished","nlp-srv2.iem.technion.ac.il"
"iclv2_MUL_TEXT_SPOTIFY_GENRES_4","0.976050243506224","4","all","TabICLv2 🗼","2026-04-10T19:11:21.000Z","MUL_TEXT_SPOTIFY_GENRES","234","30","finished","nlp-srv2.iem.technion.ac.il"
"real_MUL_TEXT_SPOTIFY_GENRES_3","0.9615047569117212","3","ft","RealMLP 🕸","2026-04-10T19:08:19.000Z","MUL_TEXT_SPOTIFY_GENRES","6184","30","finished","nlp-srv2.iem.technion.ac.il"
"real_MUL_TEXT_SPOTIFY_GENRES_3","0.9585563786623508","3","all","RealMLP 🕸","2026-04-10T19:03:31.000Z","MUL_TEXT_SPOTIFY_GENRES","281","30","finished","nlp-srv2.iem.technion.ac.il"
"iclv2_MUL_TEXT_SPOTIFY_GENRES_3","0.9713084757522084","3","ft","TabICLv2 🗼","2026-04-10T19:02:00.000Z","MUL_TEXT_SPOTIFY_GENRES","6827","30","finished","nlp-srv2.iem.technion.ac.il"
"iclv2_MUL_TEXT_SPOTIFY_GENRES_3","0.9730077826279662","3","all","TabICLv2 🗼","2026-04-10T18:57:59.000Z","MUL_TEXT_SPOTIFY_GENRES","235","30","finished","nlp-srv2.iem.technion.ac.il"
"real_MUL_TEXT_SPOTIFY_GENRES_2","0.9584872361131472","2","ft","RealMLP 🕸","2026-04-10T17:41:22.000Z","MUL_TEXT_SPOTIFY_GENRES","6572","30","finished","nlp-srv2.iem.technion.ac.il"
"real_MUL_TEXT_SPOTIFY_GENRES_2","0.9584389245860124","2","all","RealMLP 🕸","2026-04-10T17:33:36.000Z","MUL_TEXT_SPOTIFY_GENRES","460","30","finished","nlp-srv2.iem.technion.ac.il"
"iclv2_MUL_TEXT_SPOTIFY_GENRES_2","0.9703924178531804","2","ft","TabICLv2 🗼","2026-04-10T17:32:30.000Z","MUL_TEXT_SPOTIFY_GENRES","9129","30","finished","nlp19.iem.technion.ac.il"
"iclv2_MUL_TEXT_SPOTIFY_GENRES_2","0.971962713201194","2","all","TabICLv2 🗼","2026-04-10T17:26:22.000Z","MUL_TEXT_SPOTIFY_GENRES","430","30","finished","nlp-srv2.iem.technion.ac.il"
"real_MUL_TEXT_SPOTIFY_GENRES_1","0.9591802336070988","1","ft","RealMLP 🕸","2026-04-10T17:20:28.000Z","MUL_TEXT_SPOTIFY_GENRES","6176","30","finished","nlp-srv2.iem.technion.ac.il"
"real_MUL_TEXT_SPOTIFY_GENRES_1","0.9571212196388328","1","all","RealMLP 🕸","2026-04-10T17:20:15.000Z","MUL_TEXT_SPOTIFY_GENRES","357","30","finished","nlp-srv2.iem.technion.ac.il"
"iclv2_MUL_TEXT_SPOTIFY_GENRES_1","0.9693039188729669","1","ft","TabICLv2 🗼","2026-04-10T17:18:18.000Z","MUL_TEXT_SPOTIFY_GENRES","6777","30","finished","nlp-srv2.iem.technion.ac.il"
"iclv2_MUL_TEXT_SPOTIFY_GENRES_1","0.9728668961982108","1","all","TabICLv2 🗼","2026-04-10T17:16:27.000Z","MUL_TEXT_SPOTIFY_GENRES","234","30","finished","nlp-srv2.iem.technion.ac.il"
"real_MUL_TEXT_SPOTIFY_GENRES_0","0.9614899661379388","0","ft","RealMLP 🕸","2026-04-10T17:14:24.000Z","MUL_TEXT_SPOTIFY_GENRES","6209","30","finished","nlp-srv2.iem.technion.ac.il"
"real_MUL_TEXT_SPOTIFY_GENRES_0","0.9575669879011396","0","all","RealMLP 🕸","2026-04-10T17:13:28.000Z","MUL_TEXT_SPOTIFY_GENRES","287","30","finished","nlp-srv2.iem.technion.ac.il"
"iclv2_MUL_TEXT_SPOTIFY_GENRES_0","0.9733023343841328","0","ft","TabICLv2 🗼","2026-04-10T17:12:36.000Z","MUL_TEXT_SPOTIFY_GENRES","4523","30","finished","n309"
"iclv2_MUL_TEXT_SPOTIFY_GENRES_0","0.9753609716259672","0","all","TabICLv2 🗼","2026-04-10T17:10:23.000Z","MUL_TEXT_SPOTIFY_GENRES","239","30","finished","nlp-srv2.iem.technion.ac.il"
"real_MUL_TEXT_PRODUCT_SENTIMENT_4","0.8966415020264111","4","ft","RealMLP 🕸","2026-04-10T17:04:44.000Z","MUL_TEXT_PRODUCT_SENTIMENT","927","30","finished","nlp-srv2.iem.technion.ac.il"
"real_MUL_TEXT_PRODUCT_SENTIMENT_4","0.887761796180313","4","all","RealMLP 🕸","2026-04-10T17:03:23.000Z","MUL_TEXT_PRODUCT_SENTIMENT","75","30","finished","nlp-srv2.iem.technion.ac.il"
"iclv2_MUL_TEXT_PRODUCT_SENTIMENT_4","0.917135135757262","4","ft","TabICLv2 🗼","2026-04-10T17:02:53.000Z","MUL_TEXT_PRODUCT_SENTIMENT","443","30","finished","nlp-srv2.iem.technion.ac.il"
"iclv2_MUL_TEXT_PRODUCT_SENTIMENT_4","0.9252849251011656","4","all","TabICLv2 🗼","2026-04-10T17:02:30.000Z","MUL_TEXT_PRODUCT_SENTIMENT","46","30","finished","nlp-srv2.iem.technion.ac.il"
"real_MUL_TEXT_PRODUCT_SENTIMENT_3","0.8874984847888637","3","ft","RealMLP 🕸","2026-04-10T17:02:20.000Z","MUL_TEXT_PRODUCT_SENTIMENT","840","30","finished","nlp-srv2.iem.technion.ac.il"
"real_MUL_TEXT_PRODUCT_SENTIMENT_3","0.9096802932929072","3","all","RealMLP 🕸","2026-04-10T17:01:38.000Z","MUL_TEXT_PRODUCT_SENTIMENT","71","30","finished","nlp-srv2.iem.technion.ac.il"
"iclv2_MUL_TEXT_PRODUCT_SENTIMENT_3","0.9343484095508886","3","ft","TabICLv2 🗼","2026-04-10T17:01:31.000Z","MUL_TEXT_PRODUCT_SENTIMENT","712","30","finished","nlp-srv2.iem.technion.ac.il"
"iclv2_MUL_TEXT_PRODUCT_SENTIMENT_3","0.9244937362631576","3","all","TabICLv2 🗼","2026-04-10T17:01:26.000Z","MUL_TEXT_PRODUCT_SENTIMENT","50","30","finished","nlp-srv2.iem.technion.ac.il"
"real_MUL_TEXT_PRODUCT_SENTIMENT_2","0.9031273172677322","2","ft","RealMLP 🕸","2026-04-10T17:01:22.000Z","MUL_TEXT_PRODUCT_SENTIMENT","407","30","finished","n306"
"real_MUL_TEXT_PRODUCT_SENTIMENT_2","0.9051840180524028","2","all","RealMLP 🕸","2026-04-10T17:01:16.000Z","MUL_TEXT_PRODUCT_SENTIMENT","72","30","finished","nlp-srv2.iem.technion.ac.il"
"iclv2_MUL_TEXT_PRODUCT_SENTIMENT_2","0.9244968728000929","2","ft","TabICLv2 🗼","2026-04-10T16:31:47.000Z","MUL_TEXT_PRODUCT_SENTIMENT","440","30","finished","n305"
"iclv2_MUL_TEXT_PRODUCT_SENTIMENT_2","0.9237349490571568","2","all","TabICLv2 🗼","2026-04-10T16:30:48.000Z","MUL_TEXT_PRODUCT_SENTIMENT","53","30","finished","n305"
"real_MUL_TEXT_PRODUCT_SENTIMENT_1","0.9031731891815336","1","ft","RealMLP 🕸","2026-04-10T16:25:50.000Z","MUL_TEXT_PRODUCT_SENTIMENT","357","30","finished","n309"
"real_MUL_TEXT_PRODUCT_SENTIMENT_1","0.899849411633319","1","all","RealMLP 🕸","2026-04-10T16:24:05.000Z","MUL_TEXT_PRODUCT_SENTIMENT","97","30","finished","n309"
"iclv2_MUL_TEXT_PRODUCT_SENTIMENT_1","0.9305662752698778","1","ft","TabICLv2 🗼","2026-04-10T16:21:28.000Z","MUL_TEXT_PRODUCT_SENTIMENT","554","30","finished","n305"
"iclv2_MUL_TEXT_PRODUCT_SENTIMENT_1","0.9242640298420696","1","all","TabICLv2 🗼","2026-04-10T16:17:07.000Z","MUL_TEXT_PRODUCT_SENTIMENT","51","30","finished","n307"
"real_MUL_TEXT_PRODUCT_SENTIMENT_0","0.8566331907850641","0","ft","RealMLP 🕸","2026-04-10T16:16:19.000Z","MUL_TEXT_PRODUCT_SENTIMENT","460","30","finished","n309"
"real_MUL_TEXT_PRODUCT_SENTIMENT_0","0.8996416300967007","0","all","RealMLP 🕸","2026-04-10T16:15:27.000Z","MUL_TEXT_PRODUCT_SENTIMENT","96","30","finished","n307"
"iclv2_MUL_TEXT_PRODUCT_SENTIMENT_0","0.9193343576065468","0","ft","TabICLv2 🗼","2026-04-10T16:14:29.000Z","MUL_TEXT_PRODUCT_SENTIMENT","412","30","finished","n305"
"iclv2_MUL_TEXT_PRODUCT_SENTIMENT_0","0.9155184169961664","0","all","TabICLv2 🗼","2026-04-10T16:13:31.000Z","MUL_TEXT_PRODUCT_SENTIMENT","52","30","finished","n305"
"real_MUL_TEXT_MICHELIN_RESTAURANTS_4","0.9153274085514728","4","ft","RealMLP 🕸","2026-04-10T16:09:51.000Z","MUL_TEXT_MICHELIN_RESTAURANTS","3088","30","finished","n306"
"real_MUL_TEXT_MICHELIN_RESTAURANTS_4","0.9053102013787924","4","all","RealMLP 🕸","2026-04-10T16:07:46.000Z","MUL_TEXT_MICHELIN_RESTAURANTS","506","30","finished","n309"
"iclv2_MUL_TEXT_MICHELIN_RESTAURANTS_4","0.9216906425905158","4","ft","TabICLv2 🗼","2026-04-10T16:06:44.000Z","MUL_TEXT_MICHELIN_RESTAURANTS","5139","30","finished","nlp19.iem.technion.ac.il"
"iclv2_MUL_TEXT_MICHELIN_RESTAURANTS_4","0.9144350125365668","4","all","TabICLv2 🗼","2026-04-10T16:06:16.000Z","MUL_TEXT_MICHELIN_RESTAURANTS","429","30","finished","n305"
"real_MUL_TEXT_MICHELIN_RESTAURANTS_3","0.9118792845566348","3","ft","RealMLP 🕸","2026-04-10T16:02:22.000Z","MUL_TEXT_MICHELIN_RESTAURANTS","4207","30","finished","n309"
"real_MUL_TEXT_MICHELIN_RESTAURANTS_3","0.9029788817696752","3","all","RealMLP 🕸","2026-04-10T15:50:20.000Z","MUL_TEXT_MICHELIN_RESTAURANTS","506","30","finished","n309"
"iclv2_MUL_TEXT_MICHELIN_RESTAURANTS_3","0.9199514758718528","3","ft","TabICLv2 🗼","2026-04-10T15:31:10.000Z","MUL_TEXT_MICHELIN_RESTAURANTS","2652","30","finished","n307"
"iclv2_MUL_TEXT_MICHELIN_RESTAURANTS_3","0.9078696988104672","3","all","TabICLv2 🗼","2026-04-10T15:23:55.000Z","MUL_TEXT_MICHELIN_RESTAURANTS","428","30","finished","n307"
"real_MUL_TEXT_MICHELIN_RESTAURANTS_2","0.916881175692434","2","ft","RealMLP 🕸","2026-04-10T15:20:31.000Z","MUL_TEXT_MICHELIN_RESTAURANTS","2503","30","finished","n309"
"real_MUL_TEXT_MICHELIN_RESTAURANTS_2","0.9103495928396608","2","all","RealMLP 🕸","2026-04-10T15:15:27.000Z","MUL_TEXT_MICHELIN_RESTAURANTS","505","30","finished","n307"
"iclv2_MUL_TEXT_MICHELIN_RESTAURANTS_2","0.9279906469447976","2","ft","TabICLv2 🗼","2026-04-10T15:14:19.000Z","MUL_TEXT_MICHELIN_RESTAURANTS","3327","30","finished","n306"
"iclv2_MUL_TEXT_MICHELIN_RESTAURANTS_2","0.920353990515504","2","all","TabICLv2 🗼","2026-04-10T15:13:16.000Z","MUL_TEXT_MICHELIN_RESTAURANTS","429","30","finished","n309"
"real_MUL_TEXT_MICHELIN_RESTAURANTS_1","0.9134333897089686","1","ft","RealMLP 🕸","2026-04-10T15:11:14.000Z","MUL_TEXT_MICHELIN_RESTAURANTS","2514","30","finished","n305"
"real_MUL_TEXT_MICHELIN_RESTAURANTS_1","0.9048781227852776","1","all","RealMLP 🕸","2026-04-10T15:09:00.000Z","MUL_TEXT_MICHELIN_RESTAURANTS","505","30","finished","n309"
"iclv2_MUL_TEXT_MICHELIN_RESTAURANTS_1","0.9179425664245864","1","ft","TabICLv2 🗼","2026-04-10T15:08:50.000Z","MUL_TEXT_MICHELIN_RESTAURANTS","2484","30","finished","n309"
"iclv2_MUL_TEXT_MICHELIN_RESTAURANTS_1","0.912904272970604","1","all","TabICLv2 🗼","2026-04-10T15:08:12.000Z","MUL_TEXT_MICHELIN_RESTAURANTS","430","30","finished","n307"
"real_MUL_TEXT_MICHELIN_RESTAURANTS_0","0.9190475577073608","0","ft","RealMLP 🕸","2026-04-10T15:08:02.000Z","MUL_TEXT_MICHELIN_RESTAURANTS","3578","30","finished","n309"
"real_MUL_TEXT_MICHELIN_RESTAURANTS_0","0.9075416030731148","0","all","RealMLP 🕸","2026-04-10T15:07:46.000Z","MUL_TEXT_MICHELIN_RESTAURANTS","507","30","finished","n305"
"iclv2_MUL_TEXT_MICHELIN_RESTAURANTS_0","0.9230874963488536","0","ft","TabICLv2 🗼","2026-04-10T15:04:44.000Z","MUL_TEXT_MICHELIN_RESTAURANTS","3688","30","finished","n305"
"iclv2_MUL_TEXT_MICHELIN_RESTAURANTS_0","0.9121397378503208","0","all","TabICLv2 🗼","2026-04-10T15:03:47.000Z","MUL_TEXT_MICHELIN_RESTAURANTS","429","30","finished","n309"
"real_MUL_TEXT_DATA_SCIENTIST_SALARY_4","0.8329711927262412","4","ft","RealMLP 🕸","2026-04-10T14:23:08.000Z","MUL_TEXT_DATA_SCIENTIST_SALARY","2736","30","finished","n309"
"real_MUL_TEXT_DATA_SCIENTIST_SALARY_4","0.8285153811583864","4","all","RealMLP 🕸","2026-04-10T14:23:05.000Z","MUL_TEXT_DATA_SCIENTIST_SALARY","424","30","finished","n309"
"iclv2_MUL_TEXT_DATA_SCIENTIST_SALARY_4","0.8507359913784347","4","ft","TabICLv2 🗼","2026-04-10T14:21:07.000Z","MUL_TEXT_DATA_SCIENTIST_SALARY","6330","30","finished","nlp19.iem.technion.ac.il"
"iclv2_MUL_TEXT_DATA_SCIENTIST_SALARY_4","0.8482882251830861","4","all","TabICLv2 🗼","2026-04-10T14:20:26.000Z","MUL_TEXT_DATA_SCIENTIST_SALARY","347","30","finished","n305"
"real_MUL_TEXT_DATA_SCIENTIST_SALARY_3","0.8275352768453016","3","ft","RealMLP 🕸","2026-04-10T14:19:49.000Z","MUL_TEXT_DATA_SCIENTIST_SALARY","2872","30","finished","n305"
"real_MUL_TEXT_DATA_SCIENTIST_SALARY_3","0.8285781680913166","3","all","RealMLP 🕸","2026-04-10T14:19:29.000Z","MUL_TEXT_DATA_SCIENTIST_SALARY","426","30","finished","n305"
"iclv2_MUL_TEXT_DATA_SCIENTIST_SALARY_3","0.8413948503510102","3","all","TabICLv2 🗼","2026-04-10T14:18:42.000Z","MUL_TEXT_DATA_SCIENTIST_SALARY","347","30","finished","n309"
"iclv2_MUL_TEXT_DATA_SCIENTIST_SALARY_3","0.8475998110019697","3","ft","TabICLv2 🗼","2026-04-10T14:18:42.000Z","MUL_TEXT_DATA_SCIENTIST_SALARY","3331","30","finished","n306"
"real_MUL_TEXT_DATA_SCIENTIST_SALARY_2","0.8335720883958473","2","ft","RealMLP 🕸","2026-04-10T14:18:06.000Z","MUL_TEXT_DATA_SCIENTIST_SALARY","2733","30","finished","n309"
"real_MUL_TEXT_DATA_SCIENTIST_SALARY_2","0.8296659465395139","2","all","RealMLP 🕸","2026-04-10T14:17:27.000Z","MUL_TEXT_DATA_SCIENTIST_SALARY","425","30","finished","n309"
"iclv2_MUL_TEXT_DATA_SCIENTIST_SALARY_2","0.8438067502762306","2","ft","TabICLv2 🗼","2026-04-10T14:14:58.000Z","MUL_TEXT_DATA_SCIENTIST_SALARY","3191","30","finished","n307"
"iclv2_MUL_TEXT_DATA_SCIENTIST_SALARY_2","0.8416500635587312","2","all","TabICLv2 🗼","2026-04-10T14:14:30.000Z","MUL_TEXT_DATA_SCIENTIST_SALARY","352","30","finished","n305"
"real_MUL_TEXT_DATA_SCIENTIST_SALARY_1","0.8308272649760032","1","ft","RealMLP 🕸","2026-04-10T14:11:02.000Z","MUL_TEXT_DATA_SCIENTIST_SALARY","2741","30","finished","n305"
"real_MUL_TEXT_DATA_SCIENTIST_SALARY_1","0.8252870474014325","1","all","RealMLP 🕸","2026-04-10T14:10:57.000Z","MUL_TEXT_DATA_SCIENTIST_SALARY","423","30","finished","n309"
"iclv2_MUL_TEXT_DATA_SCIENTIST_SALARY_1","0.8386769031240223","1","ft","TabICLv2 🗼","2026-04-10T14:10:49.000Z","MUL_TEXT_DATA_SCIENTIST_SALARY","3621","30","finished","n305"
"iclv2_MUL_TEXT_DATA_SCIENTIST_SALARY_1","0.8406816153575251","1","all","TabICLv2 🗼","2026-04-10T14:08:46.000Z","MUL_TEXT_DATA_SCIENTIST_SALARY","365","30","finished","n307"
"real_MUL_TEXT_DATA_SCIENTIST_SALARY_0","0.8264866977767978","0","ft","RealMLP 🕸","2026-04-10T14:08:01.000Z","MUL_TEXT_DATA_SCIENTIST_SALARY","2736","30","finished","n309"
"real_MUL_TEXT_DATA_SCIENTIST_SALARY_0","0.822992081552495","0","all","RealMLP 🕸","2026-04-10T14:07:21.000Z","MUL_TEXT_DATA_SCIENTIST_SALARY","424","30","finished","n305"
"iclv2_MUL_TEXT_DATA_SCIENTIST_SALARY_0","0.8389405034615921","0","ft","TabICLv2 🗼","2026-04-10T14:04:29.000Z","MUL_TEXT_DATA_SCIENTIST_SALARY","2765","30","finished","n307"
"iclv2_MUL_TEXT_DATA_SCIENTIST_SALARY_0","0.8354274038954933","0","all","TabICLv2 🗼","2026-04-10T14:04:08.000Z","MUL_TEXT_DATA_SCIENTIST_SALARY","405","30","finished","n309"
"real_BIN_TEXT_KICKSTARTER_FUNDING_4","0.729967830882353","4","ft","RealMLP 🕸","2026-04-10T14:04:05.000Z","BIN_TEXT_KICKSTARTER_FUNDING","1478","30","finished","n309"
"real_BIN_TEXT_KICKSTARTER_FUNDING_4","0.7218221507352941","4","all","RealMLP 🕸","2026-04-10T14:03:18.000Z","BIN_TEXT_KICKSTARTER_FUNDING","445","30","finished","n305"
"iclv2_BIN_TEXT_KICKSTARTER_FUNDING_4","0.7289993106617647","4","ft","TabICLv2 🗼","2026-04-10T14:02:35.000Z","BIN_TEXT_KICKSTARTER_FUNDING","1222","30","finished","n309"
"iclv2_BIN_TEXT_KICKSTARTER_FUNDING_4","0.7357508042279413","4","all","TabICLv2 🗼","2026-04-10T14:01:19.000Z","BIN_TEXT_KICKSTARTER_FUNDING","359","30","finished","n305"
"real_BIN_TEXT_KICKSTARTER_FUNDING_3","0.7314476102941176","3","ft","RealMLP 🕸","2026-04-10T14:00:06.000Z","BIN_TEXT_KICKSTARTER_FUNDING","1476","30","finished","n309"
"real_BIN_TEXT_KICKSTARTER_FUNDING_3","0.733366268382353","3","all","RealMLP 🕸","2026-04-10T13:58:41.000Z","BIN_TEXT_KICKSTARTER_FUNDING","554","30","finished","n309"
"iclv2_BIN_TEXT_KICKSTARTER_FUNDING_3","0.7519215303308824","3","ft","TabICLv2 🗼","2026-04-10T13:58:13.000Z","BIN_TEXT_KICKSTARTER_FUNDING","1223","30","finished","n309"
"iclv2_BIN_TEXT_KICKSTARTER_FUNDING_3","0.7404406020220589","3","all","TabICLv2 🗼","2026-04-10T13:58:07.000Z","BIN_TEXT_KICKSTARTER_FUNDING","356","30","finished","n309"
"real_BIN_TEXT_KICKSTARTER_FUNDING_2","0.7489947150735294","2","ft","RealMLP 🕸","2026-04-10T13:56:49.000Z","BIN_TEXT_KICKSTARTER_FUNDING","1353","30","finished","n305"
"real_BIN_TEXT_KICKSTARTER_FUNDING_2","0.7323477711397058","2","all","RealMLP 🕸","2026-04-10T13:55:48.000Z","BIN_TEXT_KICKSTARTER_FUNDING","444","30","finished","n305"
"iclv2_BIN_TEXT_KICKSTARTER_FUNDING_2","0.770771484375","2","ft","TabICLv2 🗼","2026-04-10T13:55:34.000Z","BIN_TEXT_KICKSTARTER_FUNDING","1649","30","finished","n309"
"iclv2_BIN_TEXT_KICKSTARTER_FUNDING_2","0.7593830422794117","2","all","TabICLv2 🗼","2026-04-10T13:54:04.000Z","BIN_TEXT_KICKSTARTER_FUNDING","356","30","finished","n309"
"real_BIN_TEXT_KICKSTARTER_FUNDING_1","0.7275183823529411","1","ft","RealMLP 🕸","2026-04-10T13:52:41.000Z","BIN_TEXT_KICKSTARTER_FUNDING","1479","30","finished","n309"
"real_BIN_TEXT_KICKSTARTER_FUNDING_1","0.7051711856617646","1","all","RealMLP 🕸","2026-04-10T13:52:25.000Z","BIN_TEXT_KICKSTARTER_FUNDING","526","30","finished","n305"
"iclv2_BIN_TEXT_KICKSTARTER_FUNDING_1","0.7460460707720588","1","ft","TabICLv2 🗼","2026-04-10T13:52:10.000Z","BIN_TEXT_KICKSTARTER_FUNDING","1653","30","finished","n305"
"iclv2_BIN_TEXT_KICKSTARTER_FUNDING_1","0.737297794117647","1","all","TabICLv2 🗼","2026-04-10T13:52:05.000Z","BIN_TEXT_KICKSTARTER_FUNDING","357","30","finished","n309"
"real_BIN_TEXT_KICKSTARTER_FUNDING_0","0.7449253216911764","0","ft","RealMLP 🕸","2026-04-10T13:51:51.000Z","BIN_TEXT_KICKSTARTER_FUNDING","1604","30","finished","n306"
"real_BIN_TEXT_KICKSTARTER_FUNDING_0","0.7167520680147059","0","all","RealMLP 🕸","2026-04-10T13:50:48.000Z","BIN_TEXT_KICKSTARTER_FUNDING","440","30","finished","n309"
"iclv2_BIN_TEXT_KICKSTARTER_FUNDING_0","0.7481939338235293","0","ft","TabICLv2 🗼","2026-04-10T13:50:18.000Z","BIN_TEXT_KICKSTARTER_FUNDING","1238","30","finished","n305"
"iclv2_BIN_TEXT_KICKSTARTER_FUNDING_0","0.7437775735294118","0","all","TabICLv2 🗼","2026-04-10T13:49:32.000Z","BIN_TEXT_KICKSTARTER_FUNDING","357","30","finished","n309"
"real_BIN_TEXT_JIGSAW_TOXICITY_4","0.9455210461076484","4","ft","RealMLP 🕸","2026-04-10T13:49:01.000Z","BIN_TEXT_JIGSAW_TOXICITY","1082","30","finished","n307"
"real_BIN_TEXT_JIGSAW_TOXICITY_4","0.8546544108661114","4","all","RealMLP 🕸","2026-04-10T13:48:30.000Z","BIN_TEXT_JIGSAW_TOXICITY","248","30","finished","n309"
"iclv2_BIN_TEXT_JIGSAW_TOXICITY_4","0.9488556015293564","4","ft","TabICLv2 🗼","2026-04-10T13:48:11.000Z","BIN_TEXT_JIGSAW_TOXICITY","973","30","finished","n307"
"iclv2_BIN_TEXT_JIGSAW_TOXICITY_4","0.8623513853244644","4","all","TabICLv2 🗼","2026-04-10T13:46:13.000Z","BIN_TEXT_JIGSAW_TOXICITY","162","30","finished","n307"
"real_BIN_TEXT_JIGSAW_TOXICITY_3","0.9333656313832296","3","ft","RealMLP 🕸","2026-04-10T13:45:53.000Z","BIN_TEXT_JIGSAW_TOXICITY","1085","30","finished","n309"
"real_BIN_TEXT_JIGSAW_TOXICITY_3","0.8365282215122471","3","all","RealMLP 🕸","2026-04-10T13:45:21.000Z","BIN_TEXT_JIGSAW_TOXICITY","248","30","finished","n309"
"iclv2_BIN_TEXT_JIGSAW_TOXICITY_3","0.9427975348731646","3","ft","TabICLv2 🗼","2026-04-10T13:45:19.000Z","BIN_TEXT_JIGSAW_TOXICITY","1033","30","finished","n309"
"iclv2_BIN_TEXT_JIGSAW_TOXICITY_3","0.8384399168979906","3","all","TabICLv2 🗼","2026-04-10T13:43:04.000Z","BIN_TEXT_JIGSAW_TOXICITY","162","30","finished","n309"
"real_BIN_TEXT_JIGSAW_TOXICITY_2","0.9296950016585486","2","ft","RealMLP 🕸","2026-04-10T13:42:44.000Z","BIN_TEXT_JIGSAW_TOXICITY","776","30","finished","n305"
"real_BIN_TEXT_JIGSAW_TOXICITY_2","0.8346470783358648","2","all","RealMLP 🕸","2026-04-10T13:41:02.000Z","BIN_TEXT_JIGSAW_TOXICITY","250","30","finished","n309"
"iclv2_BIN_TEXT_JIGSAW_TOXICITY_2","0.9391487281551704","2","ft","TabICLv2 🗼","2026-04-10T13:39:30.000Z","BIN_TEXT_JIGSAW_TOXICITY","1148","30","finished","n309"
"iclv2_BIN_TEXT_JIGSAW_TOXICITY_2","0.837793955900068","2","all","TabICLv2 🗼","2026-04-10T13:37:53.000Z","BIN_TEXT_JIGSAW_TOXICITY","184","30","finished","n309"
"real_BIN_TEXT_JIGSAW_TOXICITY_1","0.9204420468234432","1","ft","RealMLP 🕸","2026-04-10T13:37:13.000Z","BIN_TEXT_JIGSAW_TOXICITY","780","30","finished","n305"
"real_BIN_TEXT_JIGSAW_TOXICITY_1","0.8202046125106932","1","all","RealMLP 🕸","2026-04-10T13:35:13.000Z","BIN_TEXT_JIGSAW_TOXICITY","249","30","finished","n309"
"iclv2_BIN_TEXT_JIGSAW_TOXICITY_1","0.9282983292306082","1","ft","TabICLv2 🗼","2026-04-10T13:34:49.000Z","BIN_TEXT_JIGSAW_TOXICITY","1032","30","finished","n309"
"iclv2_BIN_TEXT_JIGSAW_TOXICITY_1","0.8303064823059062","1","all","TabICLv2 🗼","2026-04-10T13:33:52.000Z","BIN_TEXT_JIGSAW_TOXICITY","162","30","finished","n309"
"real_BIN_TEXT_JIGSAW_TOXICITY_0","0.907911276384015","0","ft","RealMLP 🕸","2026-04-10T13:33:18.000Z","BIN_TEXT_JIGSAW_TOXICITY","772","30","finished","n307"
"real_BIN_TEXT_JIGSAW_TOXICITY_0","0.7962604095741894","0","all","RealMLP 🕸","2026-04-10T13:32:40.000Z","BIN_TEXT_JIGSAW_TOXICITY","265","30","finished","n305"
"iclv2_BIN_TEXT_JIGSAW_TOXICITY_0","0.9238158836571868","0","ft","TabICLv2 🗼","2026-04-10T13:32:12.000Z","BIN_TEXT_JIGSAW_TOXICITY","1210","30","finished","n305"
"iclv2_BIN_TEXT_JIGSAW_TOXICITY_0","0.8085140278286981","0","all","TabICLv2 🗼","2026-04-10T13:30:30.000Z","BIN_TEXT_JIGSAW_TOXICITY","163","30","finished","n307"
"real_BIN_TEXT_FAKE_JOB_POSTING_4","0.9196281719924811","4","ft","RealMLP 🕸","2026-04-10T13:30:24.000Z","BIN_TEXT_FAKE_JOB_POSTING","1580","30","finished","n305"
"real_BIN_TEXT_FAKE_JOB_POSTING_4","0.9021675281954886","4","all","RealMLP 🕸","2026-04-10T13:29:38.000Z","BIN_TEXT_FAKE_JOB_POSTING","331","30","finished","n309"
"iclv2_BIN_TEXT_FAKE_JOB_POSTING_4","0.9260088698308272","4","ft","TabICLv2 🗼","2026-04-10T13:29:01.000Z","BIN_TEXT_FAKE_JOB_POSTING","3123","30","finished","nlp19.iem.technion.ac.il"
"iclv2_BIN_TEXT_FAKE_JOB_POSTING_4","0.9202669760338346","4","all","TabICLv2 🗼","2026-04-10T13:28:34.000Z","BIN_TEXT_FAKE_JOB_POSTING","239","30","finished","n305"
"real_BIN_TEXT_FAKE_JOB_POSTING_3","0.9081590695488724","3","ft","RealMLP 🕸","2026-04-10T13:28:18.000Z","BIN_TEXT_FAKE_JOB_POSTING","1190","30","finished","n307"
"real_BIN_TEXT_FAKE_JOB_POSTING_3","0.9225505169172932","3","all","RealMLP 🕸","2026-04-10T13:28:17.000Z","BIN_TEXT_FAKE_JOB_POSTING","331","30","finished","n309"
"iclv2_BIN_TEXT_FAKE_JOB_POSTING_3","0.9429335056390976","3","ft","TabICLv2 🗼","2026-04-10T13:27:01.000Z","BIN_TEXT_FAKE_JOB_POSTING","1619","30","finished","n309"
"iclv2_BIN_TEXT_FAKE_JOB_POSTING_3","0.9529928336466166","3","all","TabICLv2 🗼","2026-04-10T13:26:18.000Z","BIN_TEXT_FAKE_JOB_POSTING","239","30","finished","n305"
"real_BIN_TEXT_FAKE_JOB_POSTING_2","0.8883781719924813","2","ft","RealMLP 🕸","2026-04-10T13:25:39.000Z","BIN_TEXT_FAKE_JOB_POSTING","1585","30","finished","n305"
"real_BIN_TEXT_FAKE_JOB_POSTING_2","0.8901697603383458","2","all","RealMLP 🕸","2026-04-10T13:24:54.000Z","BIN_TEXT_FAKE_JOB_POSTING","329","30","finished","n307"
"iclv2_BIN_TEXT_FAKE_JOB_POSTING_2","0.948719454887218","2","ft","TabICLv2 🗼","2026-04-10T13:24:48.000Z","BIN_TEXT_FAKE_JOB_POSTING","1619","30","finished","n306"
"iclv2_BIN_TEXT_FAKE_JOB_POSTING_2","0.9583162006578946","2","all","TabICLv2 🗼","2026-04-10T13:24:34.000Z","BIN_TEXT_FAKE_JOB_POSTING","263","30","finished","nlp19.iem.technion.ac.il"
"real_BIN_TEXT_FAKE_JOB_POSTING_1","0.8987752584586467","1","ft","RealMLP 🕸","2026-04-10T13:24:24.000Z","BIN_TEXT_FAKE_JOB_POSTING","1578","30","finished","n309"
"real_BIN_TEXT_FAKE_JOB_POSTING_1","0.8643679511278195","1","all","RealMLP 🕸","2026-04-10T13:22:43.000Z","BIN_TEXT_FAKE_JOB_POSTING","331","30","finished","n307"
"iclv2_BIN_TEXT_FAKE_JOB_POSTING_1","0.9227487664473684","1","ft","TabICLv2 🗼","2026-04-10T13:21:24.000Z","BIN_TEXT_FAKE_JOB_POSTING","1621","30","finished","n309"
"iclv2_BIN_TEXT_FAKE_JOB_POSTING_1","0.9442992246240602","1","all","TabICLv2 🗼","2026-04-10T13:20:17.000Z","BIN_TEXT_FAKE_JOB_POSTING","239","30","finished","n309"
"real_BIN_TEXT_FAKE_JOB_POSTING_0","0.917440084586466","0","ft","RealMLP 🕸","2026-04-10T13:19:16.000Z","BIN_TEXT_FAKE_JOB_POSTING","1422","30","finished","n309"
"real_BIN_TEXT_FAKE_JOB_POSTING_0","0.8842075892857144","0","all","RealMLP 🕸","2026-04-10T13:19:13.000Z","BIN_TEXT_FAKE_JOB_POSTING","330","30","finished","n306"
"iclv2_BIN_TEXT_FAKE_JOB_POSTING_0","0.9458338228383458","0","ft","TabICLv2 🗼","2026-04-10T13:18:15.000Z","BIN_TEXT_FAKE_JOB_POSTING","1621","30","finished","n309"
"iclv2_BIN_TEXT_FAKE_JOB_POSTING_0","0.9622738486842104","0","all","TabICLv2 🗼","2026-04-10T13:16:11.000Z","BIN_TEXT_FAKE_JOB_POSTING","239","30","finished","n309"
"real_REG_IMAGE_PAINTING_PRICE_4","0.23411927931170484","4","ft","RealMLP 🕸","2026-04-10T13:15:57.000Z","REG_IMAGE_PAINTING_PRICE","1597","30","finished","n305"
"real_REG_IMAGE_PAINTING_PRICE_4","0.2229936802051209","4","all","RealMLP 🕸","2026-04-10T13:15:54.000Z","REG_IMAGE_PAINTING_PRICE","1126","30","finished","n309"
"iclv2_REG_IMAGE_PAINTING_PRICE_4","0.4335774444360999","4","ft","TabICLv2 🗼","2026-04-10T13:10:17.000Z","REG_IMAGE_PAINTING_PRICE","850","30","finished","nlp19.iem.technion.ac.il"
"iclv2_REG_IMAGE_PAINTING_PRICE_4","0.42750065374148527","4","all","TabICLv2 🗼","2026-04-10T13:05:20.000Z","REG_IMAGE_PAINTING_PRICE","1036","30","finished","n307"
"real_REG_IMAGE_PAINTING_PRICE_3","0.20037742609407097","3","ft","RealMLP 🕸","2026-04-10T13:03:47.000Z","REG_IMAGE_PAINTING_PRICE","1700","30","finished","n305"
"real_REG_IMAGE_PAINTING_PRICE_3","0.12297322639448982","3","all","RealMLP 🕸","2026-04-10T13:02:49.000Z","REG_IMAGE_PAINTING_PRICE","1109","30","finished","n309"
"iclv2_REG_IMAGE_PAINTING_PRICE_3","0.30573592066779576","3","ft","TabICLv2 🗼","2026-04-10T13:02:05.000Z","REG_IMAGE_PAINTING_PRICE","1645","30","finished","n309"
"iclv2_REG_IMAGE_PAINTING_PRICE_3","0.3202502937879178","3","all","TabICLv2 🗼","2026-04-10T13:01:33.000Z","REG_IMAGE_PAINTING_PRICE","1054","30","finished","n306"
"real_REG_IMAGE_PAINTING_PRICE_2","-0.17590037682688675","2","ft","RealMLP 🕸","2026-04-10T13:01:32.000Z","REG_IMAGE_PAINTING_PRICE","1613","30","finished","n305"
"real_REG_IMAGE_PAINTING_PRICE_2","-0.001977681233447326","2","all","RealMLP 🕸","2026-04-10T13:01:06.000Z","REG_IMAGE_PAINTING_PRICE","1085","30","finished","n309"
"iclv2_REG_IMAGE_PAINTING_PRICE_2","0.3247367475864852","2","ft","TabICLv2 🗼","2026-04-10T13:00:38.000Z","REG_IMAGE_PAINTING_PRICE","1653","30","finished","n309"
"iclv2_REG_IMAGE_PAINTING_PRICE_2","0.30980100793517795","2","all","TabICLv2 🗼","2026-04-10T12:59:54.000Z","REG_IMAGE_PAINTING_PRICE","620","30","finished","nlp19.iem.technion.ac.il"
"real_REG_IMAGE_PAINTING_PRICE_1","0.1875427268311145","1","ft","RealMLP 🕸","2026-04-10T12:59:53.000Z","REG_IMAGE_PAINTING_PRICE","1618","30","finished","n309"
"real_REG_IMAGE_PAINTING_PRICE_1","0.2358649495869446","1","all","RealMLP 🕸","2026-04-10T12:59:35.000Z","REG_IMAGE_PAINTING_PRICE","1112","30","finished","n309"
"iclv2_REG_IMAGE_PAINTING_PRICE_1","0.3894910455151731","1","ft","TabICLv2 🗼","2026-04-10T12:59:26.000Z","REG_IMAGE_PAINTING_PRICE","1604","30","finished","n305"
"iclv2_REG_IMAGE_PAINTING_PRICE_1","0.40236570322639176","1","all","TabICLv2 🗼","2026-04-10T12:58:30.000Z","REG_IMAGE_PAINTING_PRICE","1041","30","finished","n305"
"real_REG_IMAGE_PAINTING_PRICE_0","0.24409144534332428","0","ft","RealMLP 🕸","2026-04-10T12:58:21.000Z","REG_IMAGE_PAINTING_PRICE","1633","30","finished","n305"
"real_REG_IMAGE_PAINTING_PRICE_0","0.06968263784537743","0","all","RealMLP 🕸","2026-04-10T12:58:02.000Z","REG_IMAGE_PAINTING_PRICE","1085","30","finished","n309"
"iclv2_REG_IMAGE_PAINTING_PRICE_0","0.4594878196496478","0","ft","TabICLv2 🗼","2026-04-10T12:57:43.000Z","REG_IMAGE_PAINTING_PRICE","1625","30","finished","n307"
"iclv2_REG_IMAGE_PAINTING_PRICE_0","0.45488590993240785","0","all","TabICLv2 🗼","2026-04-10T12:56:33.000Z","REG_IMAGE_PAINTING_PRICE","1074","30","finished","n309"
"real_REG_IMAGE_MKPHOTO_BOTS_4","0.3003104400362754","4","ft","RealMLP 🕸","2026-04-10T12:55:13.000Z","REG_IMAGE_MKPHOTO_BOTS","599","30","finished","n307"
"real_REG_IMAGE_MKPHOTO_BOTS_4","0.39590415742161855","4","all","RealMLP 🕸","2026-04-10T12:54:47.000Z","REG_IMAGE_MKPHOTO_BOTS","321","30","finished","n306"
"iclv2_REG_IMAGE_MKPHOTO_BOTS_4","0.4118493322033089","4","ft","TabICLv2 🗼","2026-04-10T12:54:31.000Z","REG_IMAGE_MKPHOTO_BOTS","476","30","finished","n305"
"iclv2_REG_IMAGE_MKPHOTO_BOTS_4","0.4888242914412618","4","all","TabICLv2 🗼","2026-04-10T12:53:53.000Z","REG_IMAGE_MKPHOTO_BOTS","224","30","finished","n307"
"real_REG_IMAGE_MKPHOTO_BOTS_3","0.27514241898449987","3","ft","RealMLP 🕸","2026-04-10T12:53:37.000Z","REG_IMAGE_MKPHOTO_BOTS","372","30","finished","nlp19.iem.technion.ac.il"
"real_REG_IMAGE_MKPHOTO_BOTS_3","0.25571393539892284","3","all","RealMLP 🕸","2026-04-10T12:52:51.000Z","REG_IMAGE_MKPHOTO_BOTS","325","30","finished","n305"
"iclv2_REG_IMAGE_MKPHOTO_BOTS_3","0.4297168366860667","3","ft","TabICLv2 🗼","2026-04-10T12:52:11.000Z","REG_IMAGE_MKPHOTO_BOTS","559","30","finished","n309"
"real_REG_IMAGE_MKPHOTO_BOTS_2","0.2427711272504951","2","ft","RealMLP 🕸","2026-04-10T12:51:52.000Z","REG_IMAGE_MKPHOTO_BOTS","575","30","finished","n305"
"iclv2_REG_IMAGE_MKPHOTO_BOTS_3","0.42201202699404894","3","all","TabICLv2 🗼","2026-04-10T12:51:52.000Z","REG_IMAGE_MKPHOTO_BOTS","392","30","finished","n305"
"real_REG_IMAGE_MKPHOTO_BOTS_2","0.2437171276725816","2","all","RealMLP 🕸","2026-04-10T12:51:42.000Z","REG_IMAGE_MKPHOTO_BOTS","391","30","finished","n309"
"iclv2_REG_IMAGE_MKPHOTO_BOTS_2","0.395368526923199","2","ft","TabICLv2 🗼","2026-04-10T12:51:29.000Z","REG_IMAGE_MKPHOTO_BOTS","539","30","finished","n309"
"iclv2_REG_IMAGE_MKPHOTO_BOTS_2","0.40721629993676034","2","all","TabICLv2 🗼","2026-04-10T12:51:22.000Z","REG_IMAGE_MKPHOTO_BOTS","227","30","finished","n307"
"real_REG_IMAGE_MKPHOTO_BOTS_1","0.3813819057847499","1","ft","RealMLP 🕸","2026-04-10T12:51:21.000Z","REG_IMAGE_MKPHOTO_BOTS","638","30","finished","n309"
"real_REG_IMAGE_MKPHOTO_BOTS_1","0.21470839068101388","1","all","RealMLP 🕸","2026-04-10T12:51:14.000Z","REG_IMAGE_MKPHOTO_BOTS","399","30","finished","n309"
"iclv2_REG_IMAGE_MKPHOTO_BOTS_1","0.41526582547332425","1","ft","TabICLv2 🗼","2026-04-10T12:50:31.000Z","REG_IMAGE_MKPHOTO_BOTS","528","30","finished","n305"
"iclv2_REG_IMAGE_MKPHOTO_BOTS_1","0.44023808283347776","1","all","TabICLv2 🗼","2026-04-10T12:50:25.000Z","REG_IMAGE_MKPHOTO_BOTS","240","30","finished","n305"
"real_REG_IMAGE_MKPHOTO_BOTS_0","0.33100520567048475","0","ft","RealMLP 🕸","2026-04-10T12:50:22.000Z","REG_IMAGE_MKPHOTO_BOTS","636","30","finished","n309"
"real_REG_IMAGE_MKPHOTO_BOTS_0","0.24895435117361264","0","all","RealMLP 🕸","2026-04-10T12:50:21.000Z","REG_IMAGE_MKPHOTO_BOTS","364","30","finished","n309"
"iclv2_REG_IMAGE_MKPHOTO_BOTS_0","0.4015064262366993","0","ft","TabICLv2 🗼","2026-04-10T12:50:18.000Z","REG_IMAGE_MKPHOTO_BOTS","567","30","finished","n309"
"iclv2_REG_IMAGE_MKPHOTO_BOTS_0","0.4017239313640245","0","all","TabICLv2 🗼","2026-04-10T12:49:59.000Z","REG_IMAGE_MKPHOTO_BOTS","285","30","finished","n306"
"real_REG_IMAGE_MANGO_MASS_4","0.6812569602212112","4","ft","RealMLP 🕸","2026-04-10T12:49:47.000Z","REG_IMAGE_MANGO_MASS","111","30","finished","n309"
"real_REG_IMAGE_MANGO_MASS_4","0.5511435578900571","4","all","RealMLP 🕸","2026-04-10T12:49:44.000Z","REG_IMAGE_MANGO_MASS","32","30","finished","n309"
"iclv2_REG_IMAGE_MANGO_MASS_4","0.7149048250600093","4","ft","TabICLv2 🗼","2026-04-10T12:49:38.000Z","REG_IMAGE_MANGO_MASS","146","30","finished","n309"
"iclv2_REG_IMAGE_MANGO_MASS_4","0.6339895665315339","4","all","TabICLv2 🗼","2026-04-10T12:49:07.000Z","REG_IMAGE_MANGO_MASS","27","30","finished","n309"
"real_REG_IMAGE_MANGO_MASS_3","0.6531998682373533","3","ft","RealMLP 🕸","2026-04-10T12:49:02.000Z","REG_IMAGE_MANGO_MASS","143","30","finished","n309"
"real_REG_IMAGE_MANGO_MASS_3","0.416424914982787","3","all","RealMLP 🕸","2026-04-10T12:48:48.000Z","REG_IMAGE_MANGO_MASS","30","30","finished","n305"
"iclv2_REG_IMAGE_MANGO_MASS_3","0.7002574449313251","3","ft","TabICLv2 🗼","2026-04-10T12:48:44.000Z","REG_IMAGE_MANGO_MASS","149","30","finished","n309"
"iclv2_REG_IMAGE_MANGO_MASS_3","0.5936231833593677","3","all","TabICLv2 🗼","2026-04-10T12:48:35.000Z","REG_IMAGE_MANGO_MASS","27","30","finished","n309"
"real_REG_IMAGE_MANGO_MASS_2","0.6200758932196873","2","ft","RealMLP 🕸","2026-04-10T12:48:34.000Z","REG_IMAGE_MANGO_MASS","103","30","finished","n305"
"real_REG_IMAGE_MANGO_MASS_2","0.512442251231874","2","all","RealMLP 🕸","2026-04-10T12:48:23.000Z","REG_IMAGE_MANGO_MASS","32","30","finished","n309"
"iclv2_REG_IMAGE_MANGO_MASS_2","0.6147196535778843","2","ft","TabICLv2 🗼","2026-04-10T12:48:22.000Z","REG_IMAGE_MANGO_MASS","110","30","finished","n309"
"iclv2_REG_IMAGE_MANGO_MASS_2","0.6235356812235398","2","all","TabICLv2 🗼","2026-04-10T12:48:02.000Z","REG_IMAGE_MANGO_MASS","27","30","finished","n305"
"real_REG_IMAGE_MANGO_MASS_1","0.5892196029465446","1","ft","RealMLP 🕸","2026-04-10T12:47:59.000Z","REG_IMAGE_MANGO_MASS","114","30","finished","n306"
"real_REG_IMAGE_MANGO_MASS_1","0.46474833468826593","1","all","RealMLP 🕸","2026-04-10T12:47:31.000Z","REG_IMAGE_MANGO_MASS","45","30","finished","n309"
"iclv2_REG_IMAGE_MANGO_MASS_1","0.6933062867387033","1","ft","TabICLv2 🗼","2026-04-10T12:47:28.000Z","REG_IMAGE_MANGO_MASS","128","30","finished","n309"
"iclv2_REG_IMAGE_MANGO_MASS_1","0.6293121011073277","1","all","TabICLv2 🗼","2026-04-10T12:47:27.000Z","REG_IMAGE_MANGO_MASS","26","30","finished","n306"
"real_REG_IMAGE_MANGO_MASS_0","0.5938504255691199","0","ft","RealMLP 🕸","2026-04-10T12:47:24.000Z","REG_IMAGE_MANGO_MASS","172","30","finished","n309"
"real_REG_IMAGE_MANGO_MASS_0","0.5651836368023204","0","all","RealMLP 🕸","2026-04-10T12:46:50.000Z","REG_IMAGE_MANGO_MASS","30","30","finished","n306"
"iclv2_REG_IMAGE_MANGO_MASS_0","0.7127305349632693","0","ft","TabICLv2 🗼","2026-04-10T12:46:13.000Z","REG_IMAGE_MANGO_MASS","146","30","finished","n305"
"iclv2_REG_IMAGE_MANGO_MASS_0","0.639622430820117","0","all","TabICLv2 🗼","2026-04-10T12:45:55.000Z","REG_IMAGE_MANGO_MASS","89","30","finished","n309"
"real_REG_IMAGE_LETTERBOXD_MOVIES_4","0.3956525197266488","4","ft","RealMLP 🕸","2026-04-10T12:45:30.000Z","REG_IMAGE_LETTERBOXD_MOVIES","479","30","finished","nlp19.iem.technion.ac.il"
"real_REG_IMAGE_LETTERBOXD_MOVIES_4","0.3933038729000746","4","all","RealMLP 🕸","2026-04-10T12:45:22.000Z","REG_IMAGE_LETTERBOXD_MOVIES","443","30","finished","n305"
"iclv2_REG_IMAGE_LETTERBOXD_MOVIES_4","0.4825566377753965","4","ft","TabICLv2 🗼","2026-04-10T12:43:41.000Z","REG_IMAGE_LETTERBOXD_MOVIES","603","30","finished","n307"
"iclv2_REG_IMAGE_LETTERBOXD_MOVIES_4","0.46948407740079434","4","all","TabICLv2 🗼","2026-04-10T12:43:22.000Z","REG_IMAGE_LETTERBOXD_MOVIES","355","30","finished","n305"
"real_REG_IMAGE_LETTERBOXD_MOVIES_3","0.4469675906172943","3","ft","RealMLP 🕸","2026-04-10T12:41:31.000Z","REG_IMAGE_LETTERBOXD_MOVIES","584","30","finished","n307"
"real_REG_IMAGE_LETTERBOXD_MOVIES_3","0.4453665951329626","3","all","RealMLP 🕸","2026-04-10T12:40:15.000Z","REG_IMAGE_LETTERBOXD_MOVIES","463","30","finished","n305"
"iclv2_REG_IMAGE_LETTERBOXD_MOVIES_3","0.5035253891981937","3","ft","TabICLv2 🗼","2026-04-10T12:40:05.000Z","REG_IMAGE_LETTERBOXD_MOVIES","514","30","finished","n305"
"iclv2_REG_IMAGE_LETTERBOXD_MOVIES_3","0.510018700486382","3","all","TabICLv2 🗼","2026-04-10T12:40:00.000Z","REG_IMAGE_LETTERBOXD_MOVIES","365","30","finished","n305"
"real_REG_IMAGE_LETTERBOXD_MOVIES_2","0.37340287808845984","2","ft","RealMLP 🕸","2026-04-10T12:39:29.000Z","REG_IMAGE_LETTERBOXD_MOVIES","608","30","finished","n309"
"real_REG_IMAGE_LETTERBOXD_MOVIES_2","0.38701947799889","2","all","RealMLP 🕸","2026-04-10T12:39:24.000Z","REG_IMAGE_LETTERBOXD_MOVIES","441","30","finished","n306"
"iclv2_REG_IMAGE_LETTERBOXD_MOVIES_2","0.44408304258267817","2","ft","TabICLv2 🗼","2026-04-10T12:39:09.000Z","REG_IMAGE_LETTERBOXD_MOVIES","560","30","finished","n309"
"iclv2_REG_IMAGE_LETTERBOXD_MOVIES_2","0.44235087054024624","2","all","TabICLv2 🗼","2026-04-10T12:39:04.000Z","REG_IMAGE_LETTERBOXD_MOVIES","372","30","finished","n305"
"real_REG_IMAGE_LETTERBOXD_MOVIES_1","0.39594674892917014","1","ft","RealMLP 🕸","2026-04-10T12:38:58.000Z","REG_IMAGE_LETTERBOXD_MOVIES","656","30","finished","n309"
"real_REG_IMAGE_LETTERBOXD_MOVIES_1","0.3731547787125846","1","all","RealMLP 🕸","2026-04-10T12:38:49.000Z","REG_IMAGE_LETTERBOXD_MOVIES","466","30","finished","n309"
"iclv2_REG_IMAGE_LETTERBOXD_MOVIES_1","0.43567582315147246","1","ft","TabICLv2 🗼","2026-04-10T12:38:18.000Z","REG_IMAGE_LETTERBOXD_MOVIES","545","30","finished","n309"
"iclv2_REG_IMAGE_LETTERBOXD_MOVIES_1","0.43599569926094495","1","all","TabICLv2 🗼","2026-04-10T12:38:09.000Z","REG_IMAGE_LETTERBOXD_MOVIES","379","30","finished","n309"
"real_REG_IMAGE_LETTERBOXD_MOVIES_0","0.4524722486382812","0","ft","RealMLP 🕸","2026-04-10T12:37:44.000Z","REG_IMAGE_LETTERBOXD_MOVIES","460","30","finished","nlp19.iem.technion.ac.il"
"real_REG_IMAGE_LETTERBOXD_MOVIES_0","0.4360604599740777","0","all","RealMLP 🕸","2026-04-10T12:37:37.000Z","REG_IMAGE_LETTERBOXD_MOVIES","468","30","finished","n309"
"iclv2_REG_IMAGE_LETTERBOXD_MOVIES_0","0.49034976312170186","0","ft","TabICLv2 🗼","2026-04-10T12:37:21.000Z","REG_IMAGE_LETTERBOXD_MOVIES","517","30","finished","n309"
"iclv2_REG_IMAGE_LETTERBOXD_MOVIES_0","0.48199094133152287","0","all","TabICLv2 🗼","2026-04-10T12:37:21.000Z","REG_IMAGE_LETTERBOXD_MOVIES","358","30","finished","n305"
"real_REG_IMAGE_KHAADI_CLOTHES_4","0.9382734894752502","4","ft","RealMLP 🕸","2026-04-10T12:37:02.000Z","REG_IMAGE_KHAADI_CLOTHES","172","30","finished","n305"
"real_REG_IMAGE_KHAADI_CLOTHES_4","0.8873843550682068","4","all","RealMLP 🕸","2026-04-10T12:37:02.000Z","REG_IMAGE_KHAADI_CLOTHES","36","30","finished","nlp19.iem.technion.ac.il"
"iclv2_REG_IMAGE_KHAADI_CLOTHES_4","0.9646691679954528","4","ft","TabICLv2 🗼","2026-04-10T12:37:01.000Z","REG_IMAGE_KHAADI_CLOTHES","189","30","finished","n305"
"iclv2_REG_IMAGE_KHAADI_CLOTHES_4","0.9613410234451294","4","all","TabICLv2 🗼","2026-04-10T12:36:42.000Z","REG_IMAGE_KHAADI_CLOTHES","63","30","finished","n305"
"real_REG_IMAGE_KHAADI_CLOTHES_3","0.004368484020233154","3","ft","RealMLP 🕸","2026-04-10T12:36:31.000Z","REG_IMAGE_KHAADI_CLOTHES","174","30","finished","n309"
"real_REG_IMAGE_KHAADI_CLOTHES_3","0.6170870065689087","3","all","RealMLP 🕸","2026-04-10T12:36:23.000Z","REG_IMAGE_KHAADI_CLOTHES","66","30","finished","n309"
"iclv2_REG_IMAGE_KHAADI_CLOTHES_3","0.06736123561859131","3","ft","TabICLv2 🗼","2026-04-10T12:36:21.000Z","REG_IMAGE_KHAADI_CLOTHES","161","30","finished","n309"
"iclv2_REG_IMAGE_KHAADI_CLOTHES_3","0.5302380323410034","3","all","TabICLv2 🗼","2026-04-10T12:36:12.000Z","REG_IMAGE_KHAADI_CLOTHES","64","30","finished","n309"
"real_REG_IMAGE_KHAADI_CLOTHES_2","0.7902239561080933","2","ft","RealMLP 🕸","2026-04-10T12:36:11.000Z","REG_IMAGE_KHAADI_CLOTHES","163","30","finished","n309"
"real_REG_IMAGE_KHAADI_CLOTHES_2","0.18343991041183472","2","all","RealMLP 🕸","2026-04-10T12:35:48.000Z","REG_IMAGE_KHAADI_CLOTHES","66","30","finished","n305"
"iclv2_REG_IMAGE_KHAADI_CLOTHES_2","0.9211437702178956","2","ft","TabICLv2 🗼","2026-04-10T12:35:35.000Z","REG_IMAGE_KHAADI_CLOTHES","159","30","finished","n309"
"iclv2_REG_IMAGE_KHAADI_CLOTHES_2","0.778945803642273","2","all","TabICLv2 🗼","2026-04-10T12:35:33.000Z","REG_IMAGE_KHAADI_CLOTHES","63","30","finished","n305"
"real_REG_IMAGE_KHAADI_CLOTHES_1","0.62895667552948","1","ft","RealMLP 🕸","2026-04-10T12:35:16.000Z","REG_IMAGE_KHAADI_CLOTHES","166","30","finished","n309"
"real_REG_IMAGE_KHAADI_CLOTHES_1","0.6734200716018677","1","all","RealMLP 🕸","2026-04-10T12:35:09.000Z","REG_IMAGE_KHAADI_CLOTHES","67","30","finished","n309"
"iclv2_REG_IMAGE_KHAADI_CLOTHES_1","0.8153728246688843","1","ft","TabICLv2 🗼","2026-04-10T12:34:49.000Z","REG_IMAGE_KHAADI_CLOTHES","149","30","finished","n305"
"iclv2_REG_IMAGE_KHAADI_CLOTHES_1","0.8869724869728088","1","all","TabICLv2 🗼","2026-04-10T12:34:24.000Z","REG_IMAGE_KHAADI_CLOTHES","64","30","finished","n305"
"real_REG_IMAGE_KHAADI_CLOTHES_0","0.9421659708023072","0","ft","RealMLP 🕸","2026-04-10T12:33:44.000Z","REG_IMAGE_KHAADI_CLOTHES","143","30","finished","n309"
"real_REG_IMAGE_KHAADI_CLOTHES_0","0.90256929397583","0","all","RealMLP 🕸","2026-04-10T12:33:35.000Z","REG_IMAGE_KHAADI_CLOTHES","66","30","finished","n305"
"iclv2_REG_IMAGE_KHAADI_CLOTHES_0","0.9050608277320862","0","ft","TabICLv2 🗼","2026-04-10T12:33:34.000Z","REG_IMAGE_KHAADI_CLOTHES","160","30","finished","n309"
"iclv2_REG_IMAGE_KHAADI_CLOTHES_0","0.906956672668457","0","all","TabICLv2 🗼","2026-04-10T12:33:11.000Z","REG_IMAGE_KHAADI_CLOTHES","66","30","finished","n305"
"real_REG_IMAGE_HNM_FASHION_4","0.26260660453363227","4","ft","RealMLP 🕸","2026-04-10T12:32:41.000Z","REG_IMAGE_HNM_FASHION","556","30","finished","n307"
"real_REG_IMAGE_HNM_FASHION_4","0.20694435981651385","4","all","RealMLP 🕸","2026-04-10T12:31:33.000Z","REG_IMAGE_HNM_FASHION","491","30","finished","n307"
"iclv2_REG_IMAGE_HNM_FASHION_4","0.33177910031620905","4","ft","TabICLv2 🗼","2026-04-10T12:31:08.000Z","REG_IMAGE_HNM_FASHION","454","30","finished","n309"
"iclv2_REG_IMAGE_HNM_FASHION_4","0.3305441789444947","4","all","TabICLv2 🗼","2026-04-10T12:30:16.000Z","REG_IMAGE_HNM_FASHION","353","30","finished","n309"
"real_REG_IMAGE_HNM_FASHION_3","0.22683573536258816","3","ft","RealMLP 🕸","2026-04-10T12:30:08.000Z","REG_IMAGE_HNM_FASHION","590","30","finished","n305"
"real_REG_IMAGE_HNM_FASHION_3","0.22683592909699035","3","all","RealMLP 🕸","2026-04-10T12:29:53.000Z","REG_IMAGE_HNM_FASHION","422","30","finished","nlp19.iem.technion.ac.il"
"iclv2_REG_IMAGE_HNM_FASHION_3","0.2919121601835396","3","ft","TabICLv2 🗼","2026-04-10T12:29:20.000Z","REG_IMAGE_HNM_FASHION","457","30","finished","n305"
"iclv2_REG_IMAGE_HNM_FASHION_3","0.3031598055351552","3","all","TabICLv2 🗼","2026-04-10T12:29:15.000Z","REG_IMAGE_HNM_FASHION","354","30","finished","n309"
"real_REG_IMAGE_HNM_FASHION_2","0.2480831028503907","2","ft","RealMLP 🕸","2026-04-10T12:28:36.000Z","REG_IMAGE_HNM_FASHION","644","30","finished","n306"
"real_REG_IMAGE_HNM_FASHION_2","0.23520018052531289","2","all","RealMLP 🕸","2026-04-10T12:28:24.000Z","REG_IMAGE_HNM_FASHION","480","30","finished","n309"
"iclv2_REG_IMAGE_HNM_FASHION_2","0.2915033228824747","2","ft","TabICLv2 🗼","2026-04-10T12:27:33.000Z","REG_IMAGE_HNM_FASHION","477","30","finished","n309"
"iclv2_REG_IMAGE_HNM_FASHION_2","0.30811362524282704","2","all","TabICLv2 🗼","2026-04-10T12:27:28.000Z","REG_IMAGE_HNM_FASHION","363","30","finished","n305"
"real_REG_IMAGE_HNM_FASHION_1","0.2471007689286815","1","ft","RealMLP 🕸","2026-04-10T12:27:21.000Z","REG_IMAGE_HNM_FASHION","503","30","finished","n305"
"real_REG_IMAGE_HNM_FASHION_1","0.24437886750879756","1","all","RealMLP 🕸","2026-04-10T12:26:29.000Z","REG_IMAGE_HNM_FASHION","428","30","finished","n309"
"iclv2_REG_IMAGE_HNM_FASHION_1","0.27486898882258526","1","ft","TabICLv2 🗼","2026-04-10T12:24:53.000Z","REG_IMAGE_HNM_FASHION","494","30","finished","n305"
"iclv2_REG_IMAGE_HNM_FASHION_1","0.2910152850353728","1","all","TabICLv2 🗼","2026-04-10T12:23:41.000Z","REG_IMAGE_HNM_FASHION","367","30","finished","nlp19.iem.technion.ac.il"
"real_REG_IMAGE_HNM_FASHION_0","0.1959603978160005","0","ft","RealMLP 🕸","2026-04-10T12:23:22.000Z","REG_IMAGE_HNM_FASHION","556","30","finished","n307"
"real_REG_IMAGE_HNM_FASHION_0","0.2034418211323149","0","all","RealMLP 🕸","2026-04-10T12:23:02.000Z","REG_IMAGE_HNM_FASHION","481","30","finished","n309"
"iclv2_REG_IMAGE_HNM_FASHION_0","0.28969321714651697","0","ft","TabICLv2 🗼","2026-04-10T12:22:36.000Z","REG_IMAGE_HNM_FASHION","454","30","finished","n309"
"iclv2_REG_IMAGE_HNM_FASHION_0","0.29391714880947206","0","all","TabICLv2 🗼","2026-04-10T12:22:03.000Z","REG_IMAGE_HNM_FASHION","390","30","finished","n306"
"real_REG_IMAGE_AMAZON_PACKAGES_4","0.5266608126861029","4","ft","RealMLP 🕸","2026-04-10T12:21:55.000Z","REG_IMAGE_AMAZON_PACKAGES","786","30","finished","n309"
"real_REG_IMAGE_AMAZON_PACKAGES_4","0.4729024156597442","4","all","RealMLP 🕸","2026-04-10T12:21:50.000Z","REG_IMAGE_AMAZON_PACKAGES","491","30","finished","n305"
"iclv2_REG_IMAGE_AMAZON_PACKAGES_4","0.5964679514878501","4","ft","TabICLv2 🗼","2026-04-10T12:20:29.000Z","REG_IMAGE_AMAZON_PACKAGES","657","30","finished","n307"
"iclv2_REG_IMAGE_AMAZON_PACKAGES_4","0.5667435633705742","4","all","TabICLv2 🗼","2026-04-10T12:20:08.000Z","REG_IMAGE_AMAZON_PACKAGES","436","30","finished","n309"
"real_REG_IMAGE_AMAZON_PACKAGES_3","0.5923266911640965","3","ft","RealMLP 🕸","2026-04-10T12:20:08.000Z","REG_IMAGE_AMAZON_PACKAGES","799","30","finished","n309"
"real_REG_IMAGE_AMAZON_PACKAGES_3","0.5047883933135859","3","all","RealMLP 🕸","2026-04-10T12:20:02.000Z","REG_IMAGE_AMAZON_PACKAGES","494","30","finished","n309"
"iclv2_REG_IMAGE_AMAZON_PACKAGES_3","0.6569158507183271","3","ft","TabICLv2 🗼","2026-04-10T12:17:08.000Z","REG_IMAGE_AMAZON_PACKAGES","719","30","finished","n309"
"iclv2_REG_IMAGE_AMAZON_PACKAGES_3","0.6036267974106937","3","all","TabICLv2 🗼","2026-04-10T12:16:14.000Z","REG_IMAGE_AMAZON_PACKAGES","401","30","finished","n309"
"real_REG_IMAGE_AMAZON_PACKAGES_2","0.5939006760538751","2","ft","RealMLP 🕸","2026-04-10T12:15:39.000Z","REG_IMAGE_AMAZON_PACKAGES","811","30","finished","n305"
"real_REG_IMAGE_AMAZON_PACKAGES_2","0.5051744675909984","2","all","RealMLP 🕸","2026-04-10T12:15:25.000Z","REG_IMAGE_AMAZON_PACKAGES","470","30","finished","n307"
"iclv2_REG_IMAGE_AMAZON_PACKAGES_2","0.6441085552067657","2","ft","TabICLv2 🗼","2026-04-10T12:15:21.000Z","REG_IMAGE_AMAZON_PACKAGES","720","30","finished","n305"
"iclv2_REG_IMAGE_AMAZON_PACKAGES_2","0.6102765139523096","2","all","TabICLv2 🗼","2026-04-10T12:15:11.000Z","REG_IMAGE_AMAZON_PACKAGES","399","30","finished","n309"
"real_REG_IMAGE_AMAZON_PACKAGES_1","0.456755686613692","1","ft","RealMLP 🕸","2026-04-10T12:14:21.000Z","REG_IMAGE_AMAZON_PACKAGES","770","30","finished","n305"
"real_REG_IMAGE_AMAZON_PACKAGES_1","0.4163488093732368","1","all","RealMLP 🕸","2026-04-10T12:14:19.000Z","REG_IMAGE_AMAZON_PACKAGES","491","30","finished","n309"
"iclv2_REG_IMAGE_AMAZON_PACKAGES_1","0.5278937985550849","1","ft","TabICLv2 🗼","2026-04-10T12:13:56.000Z","REG_IMAGE_AMAZON_PACKAGES","746","30","finished","n309"
"iclv2_REG_IMAGE_AMAZON_PACKAGES_1","0.4853775350041314","1","all","TabICLv2 🗼","2026-04-10T12:13:46.000Z","REG_IMAGE_AMAZON_PACKAGES","398","30","finished","n307"
"real_REG_IMAGE_AMAZON_PACKAGES_0","0.5800837768455558","0","ft","RealMLP 🕸","2026-04-10T12:13:40.000Z","REG_IMAGE_AMAZON_PACKAGES","593","30","finished","nlp19.iem.technion.ac.il"
"real_REG_IMAGE_AMAZON_PACKAGES_0","0.525153404721856","0","all","RealMLP 🕸","2026-04-10T12:13:39.000Z","REG_IMAGE_AMAZON_PACKAGES","483","30","finished","n305"
"iclv2_REG_IMAGE_AMAZON_PACKAGES_0","0.6199233867553271","0","ft","TabICLv2 🗼","2026-04-10T12:13:12.000Z","REG_IMAGE_AMAZON_PACKAGES","696","30","finished","n305"
"iclv2_REG_IMAGE_AMAZON_PACKAGES_0","0.5965057657367091","0","all","TabICLv2 🗼","2026-04-10T12:13:09.000Z","REG_IMAGE_AMAZON_PACKAGES","405","30","finished","n309"
"real_REG_IMAGE_AMAZON_BEST_SELLER_4","0.5896294874938226","4","ft","RealMLP 🕸","2026-04-10T12:13:00.000Z","REG_IMAGE_AMAZON_BEST_SELLER","184","30","finished","n309"
"real_REG_IMAGE_AMAZON_BEST_SELLER_4","0.5702738601258102","4","all","RealMLP 🕸","2026-04-10T12:12:47.000Z","REG_IMAGE_AMAZON_BEST_SELLER","45","30","finished","nlp19.iem.technion.ac.il"
"iclv2_REG_IMAGE_AMAZON_BEST_SELLER_4","0.6271184711332161","4","ft","TabICLv2 🗼","2026-04-10T12:12:43.000Z","REG_IMAGE_AMAZON_BEST_SELLER","155","30","finished","n307"
"real_REG_IMAGE_AMAZON_BEST_SELLER_3","0.5365425255066085","3","ft","RealMLP 🕸","2026-04-10T12:12:31.000Z","REG_IMAGE_AMAZON_BEST_SELLER","271","30","finished","n309"
"iclv2_REG_IMAGE_AMAZON_BEST_SELLER_4","0.6300613923454929","4","all","TabICLv2 🗼","2026-04-10T12:12:31.000Z","REG_IMAGE_AMAZON_BEST_SELLER","61","30","finished","n305"
"real_REG_IMAGE_AMAZON_BEST_SELLER_3","0.5437823892475624","3","all","RealMLP 🕸","2026-04-10T12:12:12.000Z","REG_IMAGE_AMAZON_BEST_SELLER","90","30","finished","n307"
"iclv2_REG_IMAGE_AMAZON_BEST_SELLER_3","0.5822236510113207","3","ft","TabICLv2 🗼","2026-04-10T12:12:08.000Z","REG_IMAGE_AMAZON_BEST_SELLER","178","30","finished","n309"
"iclv2_REG_IMAGE_AMAZON_BEST_SELLER_3","0.5985003250628204","3","all","TabICLv2 🗼","2026-04-10T12:11:22.000Z","REG_IMAGE_AMAZON_BEST_SELLER","63","30","finished","n305"
"real_REG_IMAGE_AMAZON_BEST_SELLER_2","0.5429592813722739","2","ft","RealMLP 🕸","2026-04-10T12:11:10.000Z","REG_IMAGE_AMAZON_BEST_SELLER","185","30","finished","n309"
"real_REG_IMAGE_AMAZON_BEST_SELLER_2","0.47406408050051263","2","all","RealMLP 🕸","2026-04-10T12:11:08.000Z","REG_IMAGE_AMAZON_BEST_SELLER","91","30","finished","n307"
"iclv2_REG_IMAGE_AMAZON_BEST_SELLER_2","0.5735208432572696","2","ft","TabICLv2 🗼","2026-04-10T12:10:57.000Z","REG_IMAGE_AMAZON_BEST_SELLER","171","30","finished","n309"
"iclv2_REG_IMAGE_AMAZON_BEST_SELLER_2","0.570520469391355","2","all","TabICLv2 🗼","2026-04-10T12:10:50.000Z","REG_IMAGE_AMAZON_BEST_SELLER","97","30","finished","n309"
"real_REG_IMAGE_AMAZON_BEST_SELLER_1","0.5481899270485376","1","ft","RealMLP 🕸","2026-04-10T12:10:31.000Z","REG_IMAGE_AMAZON_BEST_SELLER","131","30","finished","nlp19.iem.technion.ac.il"
"real_REG_IMAGE_AMAZON_BEST_SELLER_1","0.45766675209578334","1","all","RealMLP 🕸","2026-04-10T12:10:28.000Z","REG_IMAGE_AMAZON_BEST_SELLER","94","30","finished","n309"
"iclv2_REG_IMAGE_AMAZON_BEST_SELLER_1","0.6144157494267644","1","ft","TabICLv2 🗼","2026-04-10T12:10:02.000Z","REG_IMAGE_AMAZON_BEST_SELLER","174","30","finished","n309"
"iclv2_REG_IMAGE_AMAZON_BEST_SELLER_1","0.6511396880464457","1","all","TabICLv2 🗼","2026-04-10T12:10:01.000Z","REG_IMAGE_AMAZON_BEST_SELLER","65","30","finished","n309"
"real_REG_IMAGE_AMAZON_BEST_SELLER_0","0.5748644976428889","0","ft","RealMLP 🕸","2026-04-10T12:09:58.000Z","REG_IMAGE_AMAZON_BEST_SELLER","187","30","finished","n305"
"real_REG_IMAGE_AMAZON_BEST_SELLER_0","0.5803633251511817","0","all","RealMLP 🕸","2026-04-10T12:09:38.000Z","REG_IMAGE_AMAZON_BEST_SELLER","46","30","finished","nlp19.iem.technion.ac.il"
"iclv2_REG_IMAGE_AMAZON_BEST_SELLER_0","0.6069906121548159","0","ft","TabICLv2 🗼","2026-04-10T12:08:57.000Z","REG_IMAGE_AMAZON_BEST_SELLER","189","30","finished","n307"
"iclv2_REG_IMAGE_AMAZON_BEST_SELLER_0","0.664138649516677","0","all","TabICLv2 🗼","2026-04-10T12:08:54.000Z","REG_IMAGE_AMAZON_BEST_SELLER","87","30","finished","n309"
"real_MUL_IMAGE_ZOOSCAN_ZOOPLANKTON_4","0.9798430026299884","4","ft","RealMLP 🕸","2026-04-10T12:08:49.000Z","MUL_IMAGE_ZOOSCAN_ZOOPLANKTON","385","30","finished","n305"
"real_MUL_IMAGE_ZOOSCAN_ZOOPLANKTON_4","0.9822965842711608","4","all","RealMLP 🕸","2026-04-10T12:07:38.000Z","MUL_IMAGE_ZOOSCAN_ZOOPLANKTON","202","30","finished","n307"
"iclv2_MUL_IMAGE_ZOOSCAN_ZOOPLANKTON_4","0.9897892712184104","4","ft","TabICLv2 🗼","2026-04-10T12:07:28.000Z","MUL_IMAGE_ZOOSCAN_ZOOPLANKTON","404","30","finished","n305"
"iclv2_MUL_IMAGE_ZOOSCAN_ZOOPLANKTON_4","0.9893911798537524","4","all","TabICLv2 🗼","2026-04-10T12:06:46.000Z","MUL_IMAGE_ZOOSCAN_ZOOPLANKTON","124","30","finished","n307"
"real_MUL_IMAGE_ZOOSCAN_ZOOPLANKTON_3","0.9848066203231346","3","ft","RealMLP 🕸","2026-04-10T12:06:36.000Z","MUL_IMAGE_ZOOSCAN_ZOOPLANKTON","387","30","finished","n309"
"real_MUL_IMAGE_ZOOSCAN_ZOOPLANKTON_3","0.98357415715408","3","all","RealMLP 🕸","2026-04-10T12:06:21.000Z","MUL_IMAGE_ZOOSCAN_ZOOPLANKTON","212","30","finished","n309"
"iclv2_MUL_IMAGE_ZOOSCAN_ZOOPLANKTON_3","0.98935644944205","3","ft","TabICLv2 🗼","2026-04-10T12:06:03.000Z","MUL_IMAGE_ZOOSCAN_ZOOPLANKTON","283","30","finished","n309"
"iclv2_MUL_IMAGE_ZOOSCAN_ZOOPLANKTON_3","0.989883878065504","3","all","TabICLv2 🗼","2026-04-10T12:04:35.000Z","MUL_IMAGE_ZOOSCAN_ZOOPLANKTON","126","30","finished","n307"
"real_MUL_IMAGE_ZOOSCAN_ZOOPLANKTON_2","0.9872455936818768","2","ft","RealMLP 🕸","2026-04-10T12:04:35.000Z","MUL_IMAGE_ZOOSCAN_ZOOPLANKTON","377","30","finished","n309"
"real_MUL_IMAGE_ZOOSCAN_ZOOPLANKTON_2","0.9862054321433904","2","all","RealMLP 🕸","2026-04-10T12:04:03.000Z","MUL_IMAGE_ZOOSCAN_ZOOPLANKTON","210","30","finished","n307"
"iclv2_MUL_IMAGE_ZOOSCAN_ZOOPLANKTON_2","0.990932136006516","2","ft","TabICLv2 🗼","2026-04-10T12:03:57.000Z","MUL_IMAGE_ZOOSCAN_ZOOPLANKTON","333","30","finished","nlp19.iem.technion.ac.il"
"iclv2_MUL_IMAGE_ZOOSCAN_ZOOPLANKTON_2","0.9925865898972612","2","all","TabICLv2 🗼","2026-04-10T12:03:20.000Z","MUL_IMAGE_ZOOSCAN_ZOOPLANKTON","156","30","finished","n309"
"real_MUL_IMAGE_ZOOSCAN_ZOOPLANKTON_1","0.9872229670158468","1","ft","RealMLP 🕸","2026-04-10T12:03:16.000Z","MUL_IMAGE_ZOOSCAN_ZOOPLANKTON","394","30","finished","n305"
"real_MUL_IMAGE_ZOOSCAN_ZOOPLANKTON_1","0.9835284642205426","1","all","RealMLP 🕸","2026-04-10T12:02:10.000Z","MUL_IMAGE_ZOOSCAN_ZOOPLANKTON","247","30","finished","n309"
"iclv2_MUL_IMAGE_ZOOSCAN_ZOOPLANKTON_1","0.9888994382611422","1","ft","TabICLv2 🗼","2026-04-10T12:01:53.000Z","MUL_IMAGE_ZOOSCAN_ZOOPLANKTON","328","30","finished","n305"
"iclv2_MUL_IMAGE_ZOOSCAN_ZOOPLANKTON_1","0.9899497372742831","1","all","TabICLv2 🗼","2026-04-10T12:01:37.000Z","MUL_IMAGE_ZOOSCAN_ZOOPLANKTON","172","30","finished","n309"
"real_MUL_IMAGE_ZOOSCAN_ZOOPLANKTON_0","0.9896528214621227","0","ft","RealMLP 🕸","2026-04-10T12:01:29.000Z","MUL_IMAGE_ZOOSCAN_ZOOPLANKTON","431","30","finished","n305"
"real_MUL_IMAGE_ZOOSCAN_ZOOPLANKTON_0","0.986851485111698","0","all","RealMLP 🕸","2026-04-10T12:01:20.000Z","MUL_IMAGE_ZOOSCAN_ZOOPLANKTON","153","30","finished","nlp19.iem.technion.ac.il"
"iclv2_MUL_IMAGE_ZOOSCAN_ZOOPLANKTON_0","0.992665528468198","0","ft","TabICLv2 🗼","2026-04-10T12:00:03.000Z","MUL_IMAGE_ZOOSCAN_ZOOPLANKTON","264","30","finished","n307"
"iclv2_MUL_IMAGE_ZOOSCAN_ZOOPLANKTON_0","0.9911648831817012","0","all","TabICLv2 🗼","2026-04-10T11:58:33.000Z","MUL_IMAGE_ZOOSCAN_ZOOPLANKTON","323","30","finished","n307"
"real_MUL_IMAGE_PETFINDER_4","0.839916666272148","4","ft","RealMLP 🕸","2026-04-10T11:58:22.000Z","MUL_IMAGE_PETFINDER","771","30","finished","n305"
"real_MUL_IMAGE_PETFINDER_4","0.8318132277464214","4","all","RealMLP 🕸","2026-04-10T11:57:49.000Z","MUL_IMAGE_PETFINDER","726","30","finished","n309"
"iclv2_MUL_IMAGE_PETFINDER_4","0.8587869978522144","4","ft","TabICLv2 🗼","2026-04-10T11:50:58.000Z","MUL_IMAGE_PETFINDER","619","30","finished","nlp19.iem.technion.ac.il"
"iclv2_MUL_IMAGE_PETFINDER_4","0.8608034924873249","4","all","TabICLv2 🗼","2026-04-10T11:43:43.000Z","MUL_IMAGE_PETFINDER","427","30","finished","nlp19.iem.technion.ac.il"
"real_MUL_IMAGE_PETFINDER_3","0.8473433076533448","3","ft","RealMLP 🕸","2026-04-10T11:33:36.000Z","MUL_IMAGE_PETFINDER","599","30","finished","nlp19.iem.technion.ac.il"
"real_MUL_IMAGE_PETFINDER_3","0.841525880306738","3","all","RealMLP 🕸","2026-04-10T11:26:05.000Z","MUL_IMAGE_PETFINDER","443","30","finished","nlp19.iem.technion.ac.il"
"iclv2_MUL_IMAGE_PETFINDER_3","0.8757032102394813","3","ft","TabICLv2 🗼","2026-04-10T11:16:24.000Z","MUL_IMAGE_PETFINDER","576","30","finished","nlp19.iem.technion.ac.il"
"iclv2_MUL_IMAGE_PETFINDER_3","0.8732964657502963","3","all","TabICLv2 🗼","2026-04-10T11:09:15.000Z","MUL_IMAGE_PETFINDER","426","30","finished","nlp19.iem.technion.ac.il"
"real_MUL_IMAGE_PETFINDER_2","0.8367016458974537","2","ft","RealMLP 🕸","2026-04-10T10:58:53.000Z","MUL_IMAGE_PETFINDER","619","30","finished","nlp19.iem.technion.ac.il"
"real_MUL_IMAGE_PETFINDER_2","0.8285660106860455","2","all","RealMLP 🕸","2026-04-10T10:51:24.000Z","MUL_IMAGE_PETFINDER","443","30","finished","nlp19.iem.technion.ac.il"
"iclv2_MUL_IMAGE_PETFINDER_2","0.8644269597459273","2","ft","TabICLv2 🗼","2026-04-10T10:41:23.000Z","MUL_IMAGE_PETFINDER","596","30","finished","nlp19.iem.technion.ac.il"
"iclv2_MUL_IMAGE_PETFINDER_2","0.8623938607399594","2","all","TabICLv2 🗼","2026-04-10T10:34:14.000Z","MUL_IMAGE_PETFINDER","425","30","finished","nlp19.iem.technion.ac.il"
"real_MUL_IMAGE_PETFINDER_1","0.835919586153525","1","ft","RealMLP 🕸","2026-04-10T10:24:07.000Z","MUL_IMAGE_PETFINDER","601","30","finished","nlp19.iem.technion.ac.il"
"real_MUL_IMAGE_PETFINDER_1","0.8323811779925987","1","all","RealMLP 🕸","2026-04-10T10:16:37.000Z","MUL_IMAGE_PETFINDER","443","30","finished","nlp19.iem.technion.ac.il"
"iclv2_MUL_IMAGE_PETFINDER_1","0.8645638635476219","1","ft","TabICLv2 🗼","2026-04-10T10:06:36.000Z","MUL_IMAGE_PETFINDER","598","30","finished","nlp19.iem.technion.ac.il"
"iclv2_MUL_IMAGE_PETFINDER_1","0.8625068288495393","1","all","TabICLv2 🗼","2026-04-10T09:59:26.000Z","MUL_IMAGE_PETFINDER","426","30","finished","nlp19.iem.technion.ac.il"
"real_MUL_IMAGE_PETFINDER_0","0.836598420430206","0","ft","RealMLP 🕸","2026-04-10T09:48:43.000Z","MUL_IMAGE_PETFINDER","638","30","finished","nlp19.iem.technion.ac.il"
"real_MUL_IMAGE_PETFINDER_0","0.8295190707805851","0","all","RealMLP 🕸","2026-04-10T09:41:14.000Z","MUL_IMAGE_PETFINDER","444","30","finished","nlp19.iem.technion.ac.il"
"iclv2_MUL_IMAGE_PETFINDER_0","0.8569614983009601","0","ft","TabICLv2 🗼","2026-04-10T09:31:11.000Z","MUL_IMAGE_PETFINDER","598","30","finished","nlp19.iem.technion.ac.il"
"iclv2_MUL_IMAGE_PETFINDER_0","0.8596405221163825","0","all","TabICLv2 🗼","2026-04-10T09:23:41.000Z","MUL_IMAGE_PETFINDER","447","30","finished","nlp19.iem.technion.ac.il"
"real_MUL_IMAGE_JUSTIN_INSTAGRAM_4","0.9758076557150432","4","ft","RealMLP 🕸","2026-04-10T09:11:18.000Z","MUL_IMAGE_JUSTIN_INSTAGRAM","737","30","finished","nlp19.iem.technion.ac.il"
"real_MUL_IMAGE_JUSTIN_INSTAGRAM_4","0.9499071367152484","4","all","RealMLP 🕸","2026-04-10T09:04:14.000Z","MUL_IMAGE_JUSTIN_INSTAGRAM","422","30","finished","nlp19.iem.technion.ac.il"
"iclv2_MUL_IMAGE_JUSTIN_INSTAGRAM_4","0.9712167106369404","4","ft","TabICLv2 🗼","2026-04-10T08:50:57.000Z","MUL_IMAGE_JUSTIN_INSTAGRAM","793","30","finished","nlp19.iem.technion.ac.il"
"iclv2_MUL_IMAGE_JUSTIN_INSTAGRAM_4","0.9768735925544382","4","all","TabICLv2 🗼","2026-04-10T08:44:09.000Z","MUL_IMAGE_JUSTIN_INSTAGRAM","404","30","finished","nlp19.iem.technion.ac.il"
"real_MUL_IMAGE_JUSTIN_INSTAGRAM_3","0.974482135935831","3","ft","RealMLP 🕸","2026-04-10T08:31:25.000Z","MUL_IMAGE_JUSTIN_INSTAGRAM","755","30","finished","nlp19.iem.technion.ac.il"
"real_MUL_IMAGE_JUSTIN_INSTAGRAM_3","0.942457842069388","3","all","RealMLP 🕸","2026-04-10T08:24:15.000Z","MUL_IMAGE_JUSTIN_INSTAGRAM","422","30","finished","nlp19.iem.technion.ac.il"
"iclv2_MUL_IMAGE_JUSTIN_INSTAGRAM_3","0.9859040383220932","3","ft","TabICLv2 🗼","2026-04-10T08:11:42.000Z","MUL_IMAGE_JUSTIN_INSTAGRAM","746","30","finished","nlp19.iem.technion.ac.il"
"iclv2_MUL_IMAGE_JUSTIN_INSTAGRAM_3","0.9629662540740488","3","all","TabICLv2 🗼","2026-04-10T08:04:54.000Z","MUL_IMAGE_JUSTIN_INSTAGRAM","402","30","finished","nlp19.iem.technion.ac.il"
"real_MUL_IMAGE_JUSTIN_INSTAGRAM_2","0.9706793827351036","2","ft","RealMLP 🕸","2026-04-10T07:52:32.000Z","MUL_IMAGE_JUSTIN_INSTAGRAM","736","30","finished","nlp19.iem.technion.ac.il"
"real_MUL_IMAGE_JUSTIN_INSTAGRAM_2","0.9703789568678516","2","all","RealMLP 🕸","2026-04-10T07:45:23.000Z","MUL_IMAGE_JUSTIN_INSTAGRAM","423","30","finished","nlp19.iem.technion.ac.il"
"iclv2_MUL_IMAGE_JUSTIN_INSTAGRAM_2","0.9789737664458088","2","ft","TabICLv2 🗼","2026-04-10T07:32:51.000Z","MUL_IMAGE_JUSTIN_INSTAGRAM","748","30","finished","nlp19.iem.technion.ac.il"
"iclv2_MUL_IMAGE_JUSTIN_INSTAGRAM_2","0.977221634633644","2","all","TabICLv2 🗼","2026-04-10T07:26:03.000Z","MUL_IMAGE_JUSTIN_INSTAGRAM","402","30","finished","nlp19.iem.technion.ac.il"
"real_MUL_IMAGE_JUSTIN_INSTAGRAM_1","0.9508426505982032","1","ft","RealMLP 🕸","2026-04-10T07:13:41.000Z","MUL_IMAGE_JUSTIN_INSTAGRAM","736","30","finished","nlp19.iem.technion.ac.il"
"real_MUL_IMAGE_JUSTIN_INSTAGRAM_1","0.9257713349379738","1","all","RealMLP 🕸","2026-04-10T07:06:32.000Z","MUL_IMAGE_JUSTIN_INSTAGRAM","423","30","finished","nlp19.iem.technion.ac.il"
"iclv2_MUL_IMAGE_JUSTIN_INSTAGRAM_1","0.9672970395265008","1","ft","TabICLv2 🗼","2026-04-10T06:54:00.000Z","MUL_IMAGE_JUSTIN_INSTAGRAM","746","30","finished","nlp19.iem.technion.ac.il"
"real_MUL_IMAGE_FLOWER_BOUQUETS_2","0.6610742953956883","2","all","RealMLP 🕸","2026-04-10T06:53:22.000Z","MUL_IMAGE_FLOWER_BOUQUETS","31","30","finished","nlp19.iem.technion.ac.il"
"iclv2_MUL_IMAGE_FLOWER_BOUQUETS_2","0.7219752155426684","2","all","TabICLv2 🗼","2026-04-10T06:52:45.000Z","MUL_IMAGE_FLOWER_BOUQUETS","30","30","finished","nlp19.iem.technion.ac.il"
"real_MUL_IMAGE_FLOWER_BOUQUETS_1","0.5614120248652157","1","ft","RealMLP 🕸","2026-04-10T06:51:11.000Z","MUL_IMAGE_FLOWER_BOUQUETS","88","30","finished","nlp19.iem.technion.ac.il"
"real_MUL_IMAGE_FLOWER_BOUQUETS_1","0.5821058307695101","1","all","RealMLP 🕸","2026-04-10T06:50:34.000Z","MUL_IMAGE_FLOWER_BOUQUETS","30","30","finished","nlp19.iem.technion.ac.il"
"iclv2_MUL_IMAGE_FLOWER_BOUQUETS_1","0.6611992665810369","1","all","TabICLv2 🗼","2026-04-10T06:49:57.000Z","MUL_IMAGE_FLOWER_BOUQUETS","30","30","finished","nlp19.iem.technion.ac.il"
"real_MUL_IMAGE_FLOWER_BOUQUETS_0","0.6704828555626559","0","all","RealMLP 🕸","2026-04-10T06:49:20.000Z","MUL_IMAGE_FLOWER_BOUQUETS","30","30","finished","nlp19.iem.technion.ac.il"
"iclv2_MUL_IMAGE_FLOWER_BOUQUETS_0","0.6676941198091586","0","ft","TabICLv2 🗼","2026-04-10T06:48:11.000Z","MUL_IMAGE_FLOWER_BOUQUETS","63","30","finished","nlp19.iem.technion.ac.il"
"real_MUL_IMAGE_CSGO_SKIN_PRICE_4","0.8461836145310837","4","ft","RealMLP 🕸","2026-04-10T06:46:06.000Z","MUL_IMAGE_CSGO_SKIN_PRICE","120","30","finished","nlp19.iem.technion.ac.il"
"real_MUL_IMAGE_CSGO_SKIN_PRICE_4","0.8482948776409789","4","all","RealMLP 🕸","2026-04-10T06:45:24.000Z","MUL_IMAGE_CSGO_SKIN_PRICE","36","30","finished","nlp19.iem.technion.ac.il"
"real_MUL_IMAGE_CSGO_SKIN_PRICE_3","0.8891937984496124","3","ft","RealMLP 🕸","2026-04-10T06:43:33.000Z","MUL_IMAGE_CSGO_SKIN_PRICE","104","30","finished","nlp19.iem.technion.ac.il"
"real_MUL_IMAGE_CSGO_SKIN_PRICE_3","0.8533369813041494","3","all","RealMLP 🕸","2026-04-10T06:42:51.000Z","MUL_IMAGE_CSGO_SKIN_PRICE","36","30","finished","nlp19.iem.technion.ac.il"
"iclv2_MUL_IMAGE_CSGO_SKIN_PRICE_3","0.912017023863809","3","all","TabICLv2 🗼","2026-04-10T06:42:13.000Z","MUL_IMAGE_CSGO_SKIN_PRICE","32","30","finished","nlp19.iem.technion.ac.il"
"real_MUL_IMAGE_CSGO_SKIN_PRICE_2","0.8666855145158839","2","ft","RealMLP 🕸","2026-04-10T06:40:13.000Z","MUL_IMAGE_CSGO_SKIN_PRICE","117","30","finished","nlp19.iem.technion.ac.il"
"iclv2_MUL_IMAGE_CSGO_SKIN_PRICE_2","0.9041735826113392","2","ft","TabICLv2 🗼","2026-04-10T06:38:23.000Z","MUL_IMAGE_CSGO_SKIN_PRICE","104","30","finished","nlp19.iem.technion.ac.il"
"real_MUL_IMAGE_CSGO_SKIN_PRICE_1","0.8722705578355374","1","ft","RealMLP 🕸","2026-04-10T06:36:17.000Z","MUL_IMAGE_CSGO_SKIN_PRICE","120","30","finished","nlp19.iem.technion.ac.il"
"iclv2_MUL_IMAGE_CSGO_SKIN_PRICE_1","0.8686307949536405","1","ft","TabICLv2 🗼","2026-04-10T06:33:55.000Z","MUL_IMAGE_CSGO_SKIN_PRICE","137","30","finished","nlp19.iem.technion.ac.il"
"iclv2_MUL_IMAGE_CSGO_SKIN_PRICE_1","0.9082301261589908","1","all","TabICLv2 🗼","2026-04-10T06:33:18.000Z","MUL_IMAGE_CSGO_SKIN_PRICE","32","30","finished","nlp19.iem.technion.ac.il"
"real_MUL_IMAGE_CSGO_SKIN_PRICE_0","0.8874549323605413","0","all","RealMLP 🕸","2026-04-10T06:32:36.000Z","MUL_IMAGE_CSGO_SKIN_PRICE","36","30","finished","nlp19.iem.technion.ac.il"
"iclv2_MUL_IMAGE_CSGO_SKIN_PRICE_0","0.9079410244718042","0","ft","TabICLv2 🗼","2026-04-10T06:30:35.000Z","MUL_IMAGE_CSGO_SKIN_PRICE","115","30","finished","nlp19.iem.technion.ac.il"
"iclv2_MUL_IMAGE_CSGO_SKIN_PRICE_0","0.920813801489588","0","all","TabICLv2 🗼","2026-04-10T06:29:58.000Z","MUL_IMAGE_CSGO_SKIN_PRICE","32","30","finished","nlp19.iem.technion.ac.il"
"iclv2_MUL_IMAGE_JUSTIN_INSTAGRAM_1","0.9566303080799587","1","all","TabICLv2 🗼","2026-04-10T06:23:10.000Z","MUL_IMAGE_JUSTIN_INSTAGRAM","403","30","finished","nlp19.iem.technion.ac.il"
"real_MUL_IMAGE_HUBMAP_HPA_4","0.9676090921794056","4","ft","RealMLP 🕸","2026-04-10T06:13:05.000Z","MUL_IMAGE_HUBMAP_HPA","598","30","finished","nlp19.iem.technion.ac.il"
"real_MUL_IMAGE_HUBMAP_HPA_4","0.9626676254642104","4","all","RealMLP 🕸","2026-04-10T06:08:12.000Z","MUL_IMAGE_HUBMAP_HPA","289","30","finished","nlp19.iem.technion.ac.il"
"iclv2_MUL_IMAGE_HUBMAP_HPA_4","0.9804735255838232","4","ft","TabICLv2 🗼","2026-04-10T05:58:11.000Z","MUL_IMAGE_HUBMAP_HPA","597","30","finished","nlp19.iem.technion.ac.il"
"iclv2_MUL_IMAGE_HUBMAP_HPA_4","0.9823023297278716","4","all","TabICLv2 🗼","2026-04-10T05:53:50.000Z","MUL_IMAGE_HUBMAP_HPA","258","30","finished","nlp19.iem.technion.ac.il"
"real_MUL_IMAGE_HUBMAP_HPA_3","0.9644276274134936","3","ft","RealMLP 🕸","2026-04-10T05:43:49.000Z","MUL_IMAGE_HUBMAP_HPA","597","30","finished","nlp19.iem.technion.ac.il"
"real_MUL_IMAGE_HUBMAP_HPA_3","0.9625919382041824","3","all","RealMLP 🕸","2026-04-10T05:38:56.000Z","MUL_IMAGE_HUBMAP_HPA","289","30","finished","nlp19.iem.technion.ac.il"
"iclv2_MUL_IMAGE_HUBMAP_HPA_3","0.9800116416272764","3","ft","TabICLv2 🗼","2026-04-10T05:28:30.000Z","MUL_IMAGE_HUBMAP_HPA","619","30","finished","nlp19.iem.technion.ac.il"
"iclv2_MUL_IMAGE_HUBMAP_HPA_3","0.9818512952927388","3","all","TabICLv2 🗼","2026-04-10T05:24:08.000Z","MUL_IMAGE_HUBMAP_HPA","258","30","finished","nlp19.iem.technion.ac.il"
"real_MUL_IMAGE_HUBMAP_HPA_2","0.9689295302237664","2","ft","RealMLP 🕸","2026-04-10T05:13:46.000Z","MUL_IMAGE_HUBMAP_HPA","617","30","finished","nlp19.iem.technion.ac.il"
"real_MUL_IMAGE_HUBMAP_HPA_2","0.9688079163576152","2","all","RealMLP 🕸","2026-04-10T05:08:53.000Z","MUL_IMAGE_HUBMAP_HPA","290","30","finished","nlp19.iem.technion.ac.il"
"iclv2_BIN_IMAGE_HATEFUL_MEME_4","0.7548214030613595","4","ft","TabICLv2 🗼","2026-04-10T00:51:20.000Z","BIN_IMAGE_HATEFUL_MEME","467","30","finished","nlp19.iem.technion.ac.il"
"iclv2_BIN_IMAGE_HATEFUL_MEME_4","0.7508293606912133","4","all","TabICLv2 🗼","2026-04-10T00:46:58.000Z","BIN_IMAGE_HATEFUL_MEME","259","30","finished","nlp19.iem.technion.ac.il"
"iclv2_BIN_IMAGE_HATEFUL_MEME_3","0.8010301532796122","3","ft","TabICLv2 🗼","2026-04-10T00:26:35.000Z","BIN_IMAGE_HATEFUL_MEME","466","30","finished","nlp19.iem.technion.ac.il"
"iclv2_BIN_IMAGE_HATEFUL_MEME_3","0.7767948317733768","3","all","TabICLv2 🗼","2026-04-10T00:22:13.000Z","BIN_IMAGE_HATEFUL_MEME","258","30","finished","nlp19.iem.technion.ac.il"
"real_BIN_IMAGE_HATEFUL_MEME_2","0.7855249443124639","2","ft","RealMLP 🕸","2026-04-10T00:14:23.000Z","BIN_IMAGE_HATEFUL_MEME","466","30","finished","nlp19.iem.technion.ac.il"
"real_BIN_IMAGE_HATEFUL_MEME_2","0.7797789429685557","2","all","RealMLP 🕸","2026-04-10T00:09:41.000Z","BIN_IMAGE_HATEFUL_MEME","277","30","finished","nlp19.iem.technion.ac.il"
"iclv2_BIN_IMAGE_HATEFUL_MEME_2","0.7948582282633425","2","ft","TabICLv2 🗼","2026-04-10T00:02:06.000Z","BIN_IMAGE_HATEFUL_MEME","448","30","finished","nlp19.iem.technion.ac.il"
"real_BIN_IMAGE_HATEFUL_MEME_1","0.7665514997275147","1","ft","RealMLP 🕸","2026-04-09T23:49:33.000Z","BIN_IMAGE_HATEFUL_MEME","482","30","finished","nlp19.iem.technion.ac.il"
"iclv2_BIN_IMAGE_HATEFUL_MEME_1","0.7751017190385235","1","ft","TabICLv2 🗼","2026-04-09T23:36:40.000Z","BIN_IMAGE_HATEFUL_MEME","484","30","finished","nlp19.iem.technion.ac.il"
"real_BIN_IMAGE_HATEFUL_MEME_0","0.7932603531198246","0","ft","RealMLP 🕸","2026-04-09T23:24:22.000Z","BIN_IMAGE_HATEFUL_MEME","466","30","finished","nlp19.iem.technion.ac.il"
"real_BIN_IMAGE_HATEFUL_MEME_0","0.7765514468177418","0","all","RealMLP 🕸","2026-04-09T23:19:40.000Z","BIN_IMAGE_HATEFUL_MEME","277","30","finished","nlp19.iem.technion.ac.il"
"iclv2_BIN_IMAGE_HATEFUL_MEME_0","0.7909799419050694","0","ft","TabICLv2 🗼","2026-04-09T23:11:49.000Z","BIN_IMAGE_HATEFUL_MEME","467","30","finished","nlp19.iem.technion.ac.il"
"iclv2_BIN_IMAGE_HATEFUL_MEME_0","0.7730038465404945","0","all","TabICLv2 🗼","2026-04-09T23:07:28.000Z","BIN_IMAGE_HATEFUL_MEME","258","30","finished","nlp19.iem.technion.ac.il"
"iclv2_MUL_IMAGE_HUBMAP_HPA_2","0.9822856920392006","2","ft","TabICLv2 🗼","2026-04-09T22:34:18.000Z","MUL_IMAGE_HUBMAP_HPA","595","30","finished","nlp19.iem.technion.ac.il"
"iclv2_MUL_IMAGE_HUBMAP_HPA_2","0.9837405591423533","2","all","TabICLv2 🗼","2026-04-09T22:29:56.000Z","MUL_IMAGE_HUBMAP_HPA","258","30","finished","nlp19.iem.technion.ac.il"
"real_MUL_IMAGE_HUBMAP_HPA_1","0.9652737354963304","1","ft","RealMLP 🕸","2026-04-09T22:18:52.000Z","MUL_IMAGE_HUBMAP_HPA","659","30","finished","nlp19.iem.technion.ac.il"
"real_MUL_IMAGE_HUBMAP_HPA_1","0.9630270506379364","1","all","RealMLP 🕸","2026-04-09T22:13:59.000Z","MUL_IMAGE_HUBMAP_HPA","289","30","finished","nlp19.iem.technion.ac.il"
"iclv2_MUL_IMAGE_HUBMAP_HPA_1","0.9835933240640764","1","ft","TabICLv2 🗼","2026-04-09T22:03:50.000Z","MUL_IMAGE_HUBMAP_HPA","602","30","finished","nlp19.iem.technion.ac.il"
"iclv2_MUL_IMAGE_HUBMAP_HPA_1","0.9822917901356348","1","all","TabICLv2 🗼","2026-04-09T21:59:28.000Z","MUL_IMAGE_HUBMAP_HPA","259","30","finished","nlp19.iem.technion.ac.il"
"real_MUL_IMAGE_HUBMAP_HPA_0","0.9637511282302332","0","ft","RealMLP 🕸","2026-04-09T21:48:14.000Z","MUL_IMAGE_HUBMAP_HPA","667","30","finished","nlp19.iem.technion.ac.il"
"real_MUL_IMAGE_HUBMAP_HPA_0","0.96564177056162","0","all","RealMLP 🕸","2026-04-09T21:43:21.000Z","MUL_IMAGE_HUBMAP_HPA","288","30","finished","nlp19.iem.technion.ac.il"
"iclv2_MUL_IMAGE_HUBMAP_HPA_0","0.9817432648233142","0","ft","TabICLv2 🗼","2026-04-09T21:33:14.000Z","MUL_IMAGE_HUBMAP_HPA","600","30","finished","nlp19.iem.technion.ac.il"
"iclv2_MUL_IMAGE_HUBMAP_HPA_0","0.9835415700622928","0","all","TabICLv2 🗼","2026-04-09T21:25:24.000Z","MUL_IMAGE_HUBMAP_HPA","463","30","finished","nlp19.iem.technion.ac.il"
"real_MUL_IMAGE_GLAUCOMA_SMDG_4","0.9255782256364428","4","ft","RealMLP 🕸","2026-04-09T21:18:51.000Z","MUL_IMAGE_GLAUCOMA_SMDG","388","30","finished","nlp19.iem.technion.ac.il"
"real_MUL_IMAGE_GLAUCOMA_SMDG_4","0.9084092975124296","4","all","RealMLP 🕸","2026-04-09T21:15:43.000Z","MUL_IMAGE_GLAUCOMA_SMDG","185","30","finished","nlp19.iem.technion.ac.il"
"iclv2_MUL_IMAGE_GLAUCOMA_SMDG_4","0.9255117584552484","4","ft","TabICLv2 🗼","2026-04-09T21:08:09.000Z","MUL_IMAGE_GLAUCOMA_SMDG","446","30","finished","nlp19.iem.technion.ac.il"
"iclv2_MUL_IMAGE_GLAUCOMA_SMDG_4","0.9360454925484448","4","all","TabICLv2 🗼","2026-04-09T21:05:32.000Z","MUL_IMAGE_GLAUCOMA_SMDG","152","30","finished","nlp19.iem.technion.ac.il"
"real_MUL_IMAGE_GLAUCOMA_SMDG_3","0.9315839597164808","3","ft","RealMLP 🕸","2026-04-09T20:57:16.000Z","MUL_IMAGE_GLAUCOMA_SMDG","490","30","finished","nlp19.iem.technion.ac.il"
"real_MUL_IMAGE_GLAUCOMA_SMDG_3","0.9505654576270048","3","all","RealMLP 🕸","2026-04-09T20:54:07.000Z","MUL_IMAGE_GLAUCOMA_SMDG","185","30","finished","nlp19.iem.technion.ac.il"
"iclv2_MUL_IMAGE_GLAUCOMA_SMDG_3","0.9558783834652346","3","ft","TabICLv2 🗼","2026-04-09T20:46:17.000Z","MUL_IMAGE_GLAUCOMA_SMDG","463","30","finished","nlp19.iem.technion.ac.il"
"iclv2_MUL_IMAGE_GLAUCOMA_SMDG_3","0.9627890005919868","3","all","TabICLv2 🗼","2026-04-09T20:43:40.000Z","MUL_IMAGE_GLAUCOMA_SMDG","152","30","finished","nlp19.iem.technion.ac.il"
"real_MUL_IMAGE_GLAUCOMA_SMDG_2","0.9267989892742488","2","ft","RealMLP 🕸","2026-04-09T20:34:42.000Z","MUL_IMAGE_GLAUCOMA_SMDG","532","30","finished","nlp19.iem.technion.ac.il"
"real_MUL_IMAGE_GLAUCOMA_SMDG_2","0.8972397092877218","2","all","RealMLP 🕸","2026-04-09T20:31:33.000Z","MUL_IMAGE_GLAUCOMA_SMDG","185","30","finished","nlp19.iem.technion.ac.il"
"iclv2_MUL_IMAGE_GLAUCOMA_SMDG_2","0.95610751829132","2","ft","TabICLv2 🗼","2026-04-09T20:24:08.000Z","MUL_IMAGE_GLAUCOMA_SMDG","439","30","finished","nlp19.iem.technion.ac.il"
"iclv2_MUL_IMAGE_GLAUCOMA_SMDG_2","0.9421793240507744","2","all","TabICLv2 🗼","2026-04-09T20:21:27.000Z","MUL_IMAGE_GLAUCOMA_SMDG","153","30","finished","nlp19.iem.technion.ac.il"
"real_MUL_IMAGE_GLAUCOMA_SMDG_1","0.918971979904557","1","ft","RealMLP 🕸","2026-04-09T20:14:13.000Z","MUL_IMAGE_GLAUCOMA_SMDG","427","30","finished","nlp19.iem.technion.ac.il"
"real_MUL_IMAGE_GLAUCOMA_SMDG_1","0.904902779086944","1","all","RealMLP 🕸","2026-04-09T20:10:59.000Z","MUL_IMAGE_GLAUCOMA_SMDG","187","30","finished","nlp19.iem.technion.ac.il"
"iclv2_MUL_IMAGE_GLAUCOMA_SMDG_1","0.9416479496818742","1","ft","TabICLv2 🗼","2026-04-09T20:03:50.000Z","MUL_IMAGE_GLAUCOMA_SMDG","421","30","finished","nlp19.iem.technion.ac.il"
"iclv2_MUL_IMAGE_GLAUCOMA_SMDG_1","0.939749497087905","1","all","TabICLv2 🗼","2026-04-09T20:00:57.000Z","MUL_IMAGE_GLAUCOMA_SMDG","165","30","finished","nlp19.iem.technion.ac.il"
"real_MUL_IMAGE_GLAUCOMA_SMDG_0","0.9301722200398468","0","ft","RealMLP 🕸","2026-04-09T19:54:25.000Z","MUL_IMAGE_GLAUCOMA_SMDG","386","30","finished","nlp19.iem.technion.ac.il"
"iclv2_MUL_IMAGE_GLAUCOMA_SMDG_0","0.9501455668773628","0","ft","TabICLv2 🗼","2026-04-09T19:47:42.000Z","MUL_IMAGE_GLAUCOMA_SMDG","397","30","finished","nlp19.iem.technion.ac.il"
"iclv2_MUL_IMAGE_GLAUCOMA_SMDG_0","0.9415098271850044","0","all","TabICLv2 🗼","2026-04-09T19:45:05.000Z","MUL_IMAGE_GLAUCOMA_SMDG","153","30","finished","nlp19.iem.technion.ac.il"
"real_MUL_IMAGE_FLOWER_BOUQUETS_4","0.5754560128129773","4","ft","RealMLP 🕸","2026-04-09T19:44:02.000Z","MUL_IMAGE_FLOWER_BOUQUETS","59","30","finished","nlp19.iem.technion.ac.il"
"real_MUL_IMAGE_FLOWER_BOUQUETS_4","0.5809518958946261","4","all","RealMLP 🕸","2026-04-09T19:43:25.000Z","MUL_IMAGE_FLOWER_BOUQUETS","32","30","finished","nlp19.iem.technion.ac.il"
"iclv2_MUL_IMAGE_FLOWER_BOUQUETS_4","0.6492776586087075","4","ft","TabICLv2 🗼","2026-04-09T19:41:50.000Z","MUL_IMAGE_FLOWER_BOUQUETS","91","30","finished","nlp19.iem.technion.ac.il"
"iclv2_MUL_IMAGE_FLOWER_BOUQUETS_4","0.6689519823786194","4","all","TabICLv2 🗼","2026-04-09T19:41:13.000Z","MUL_IMAGE_FLOWER_BOUQUETS","31","30","finished","nlp19.iem.technion.ac.il"
"real_MUL_IMAGE_FLOWER_BOUQUETS_3","0.6355562110054619","3","ft","RealMLP 🕸","2026-04-09T19:39:44.000Z","MUL_IMAGE_FLOWER_BOUQUETS","82","30","finished","nlp19.iem.technion.ac.il"
"real_MUL_IMAGE_FLOWER_BOUQUETS_3","0.6170027265546965","3","all","RealMLP 🕸","2026-04-09T19:39:05.000Z","MUL_IMAGE_FLOWER_BOUQUETS","33","30","finished","nlp19.iem.technion.ac.il"
"iclv2_MUL_IMAGE_FLOWER_BOUQUETS_3","0.6422469363712704","3","ft","TabICLv2 🗼","2026-04-09T19:37:41.000Z","MUL_IMAGE_FLOWER_BOUQUETS","81","30","finished","nlp19.iem.technion.ac.il"
"real_MUL_IMAGE_FLOWER_BOUQUETS_2","0.6123230236939449","2","ft","RealMLP 🕸","2026-04-09T19:36:28.000Z","MUL_IMAGE_FLOWER_BOUQUETS","67","30","finished","nlp19.iem.technion.ac.il"
"iclv2_MUL_IMAGE_FLOWER_BOUQUETS_2","0.7205388089846192","2","ft","TabICLv2 🗼","2026-04-09T19:35:19.000Z","MUL_IMAGE_FLOWER_BOUQUETS","62","30","finished","nlp19.iem.technion.ac.il"
"iclv2_MUL_IMAGE_FLOWER_BOUQUETS_1","0.6484924523363756","1","ft","TabICLv2 🗼","2026-04-09T19:33:55.000Z","MUL_IMAGE_FLOWER_BOUQUETS","78","30","finished","nlp19.iem.technion.ac.il"
"real_MUL_IMAGE_FLOWER_BOUQUETS_0","0.7244505207190557","0","ft","RealMLP 🕸","2026-04-09T19:32:12.000Z","MUL_IMAGE_FLOWER_BOUQUETS","84","30","finished","nlp19.iem.technion.ac.il"
"iclv2_MUL_IMAGE_FLOWER_BOUQUETS_0","0.6582805288896576","0","all","TabICLv2 🗼","2026-04-09T19:31:34.000Z","MUL_IMAGE_FLOWER_BOUQUETS","31","30","finished","nlp19.iem.technion.ac.il"
"iclv2_MUL_IMAGE_CSGO_SKIN_PRICE_4","0.8629439124487004","4","ft","TabICLv2 🗼","2026-04-09T19:29:07.000Z","MUL_IMAGE_CSGO_SKIN_PRICE","144","30","finished","nlp19.iem.technion.ac.il"
"iclv2_MUL_IMAGE_CSGO_SKIN_PRICE_4","0.9088530171758624","4","all","TabICLv2 🗼","2026-04-09T19:28:30.000Z","MUL_IMAGE_CSGO_SKIN_PRICE","33","30","finished","nlp19.iem.technion.ac.il"
"iclv2_MUL_IMAGE_CSGO_SKIN_PRICE_3","0.8910256877944975","3","ft","TabICLv2 🗼","2026-04-09T19:26:25.000Z","MUL_IMAGE_CSGO_SKIN_PRICE","118","30","finished","nlp19.iem.technion.ac.il"
"real_MUL_IMAGE_CSGO_SKIN_PRICE_2","0.8655218118255054","2","all","RealMLP 🕸","2026-04-09T19:25:42.000Z","MUL_IMAGE_CSGO_SKIN_PRICE","37","30","finished","nlp19.iem.technion.ac.il"
"iclv2_MUL_IMAGE_CSGO_SKIN_PRICE_2","0.9079173126614988","2","all","TabICLv2 🗼","2026-04-09T19:25:05.000Z","MUL_IMAGE_CSGO_SKIN_PRICE","32","30","finished","nlp19.iem.technion.ac.il"
"real_MUL_IMAGE_CSGO_SKIN_PRICE_1","0.8446204590363277","1","all","RealMLP 🕸","2026-04-09T19:24:23.000Z","MUL_IMAGE_CSGO_SKIN_PRICE","36","30","finished","nlp19.iem.technion.ac.il"
"real_MUL_IMAGE_CSGO_SKIN_PRICE_0","0.8818835689314486","0","ft","RealMLP 🕸","2026-04-09T19:22:22.000Z","MUL_IMAGE_CSGO_SKIN_PRICE","117","30","finished","nlp19.iem.technion.ac.il"
"real_MUL_IMAGE_CHEXPERT_4","0.7934896107829695","4","ft","RealMLP 🕸","2026-04-09T19:18:00.000Z","MUL_IMAGE_CHEXPERT","257","30","finished","nlp19.iem.technion.ac.il"
"real_MUL_IMAGE_CHEXPERT_4","0.7521008423566425","4","all","RealMLP 🕸","2026-04-09T19:15:59.000Z","MUL_IMAGE_CHEXPERT","114","30","finished","nlp19.iem.technion.ac.il"
"iclv2_MUL_IMAGE_CHEXPERT_4","0.8207694224203405","4","ft","TabICLv2 🗼","2026-04-09T19:10:56.000Z","MUL_IMAGE_CHEXPERT","297","30","finished","nlp19.iem.technion.ac.il"
"real_MUL_IMAGE_CHEXPERT_3","0.7896542351215113","3","ft","RealMLP 🕸","2026-04-09T19:05:58.000Z","MUL_IMAGE_CHEXPERT","295","30","finished","nlp19.iem.technion.ac.il"
"real_MUL_IMAGE_CHEXPERT_3","0.7385676635762067","3","all","RealMLP 🕸","2026-04-09T19:03:57.000Z","MUL_IMAGE_CHEXPERT","114","30","finished","nlp19.iem.technion.ac.il"
"iclv2_MUL_IMAGE_CHEXPERT_3","0.8184007784343409","3","ft","TabICLv2 🗼","2026-04-09T18:59:35.000Z","MUL_IMAGE_CHEXPERT","255","30","finished","nlp19.iem.technion.ac.il"
"iclv2_MUL_IMAGE_CHEXPERT_3","0.7913260685448359","3","all","TabICLv2 🗼","2026-04-09T18:58:11.000Z","MUL_IMAGE_CHEXPERT","76","30","finished","nlp19.iem.technion.ac.il"
"real_MUL_IMAGE_CHEXPERT_2","0.7952526889819845","2","ft","RealMLP 🕸","2026-04-09T18:53:12.000Z","MUL_IMAGE_CHEXPERT","296","30","finished","nlp19.iem.technion.ac.il"
"real_MUL_IMAGE_CHEXPERT_2","0.7519298994247846","2","all","RealMLP 🕸","2026-04-09T18:51:11.000Z","MUL_IMAGE_CHEXPERT","114","30","finished","nlp19.iem.technion.ac.il"
"iclv2_MUL_IMAGE_CHEXPERT_2","0.8291936974206271","2","ft","TabICLv2 🗼","2026-04-09T18:46:28.000Z","MUL_IMAGE_CHEXPERT","277","30","finished","nlp19.iem.technion.ac.il"
"iclv2_MUL_IMAGE_CHEXPERT_2","0.7878216840691247","2","all","TabICLv2 🗼","2026-04-09T18:45:04.000Z","MUL_IMAGE_CHEXPERT","78","30","finished","nlp19.iem.technion.ac.il"
"real_MUL_IMAGE_CHEXPERT_1","0.7891873766886314","1","ft","RealMLP 🕸","2026-04-09T18:40:22.000Z","MUL_IMAGE_CHEXPERT","275","30","finished","nlp19.iem.technion.ac.il"
"real_MUL_IMAGE_CHEXPERT_1","0.7420179719241107","1","all","RealMLP 🕸","2026-04-09T18:38:21.000Z","MUL_IMAGE_CHEXPERT","113","30","finished","nlp19.iem.technion.ac.il"
"iclv2_MUL_IMAGE_CHEXPERT_1","0.8149171261141155","1","ft","TabICLv2 🗼","2026-04-09T18:34:41.000Z","MUL_IMAGE_CHEXPERT","213","30","finished","nlp19.iem.technion.ac.il"
"iclv2_MUL_IMAGE_CHEXPERT_1","0.7831158624557744","1","all","TabICLv2 🗼","2026-04-09T18:33:17.000Z","MUL_IMAGE_CHEXPERT","77","30","finished","nlp19.iem.technion.ac.il"
"real_MUL_IMAGE_CHEXPERT_0","0.7781636282361891","0","ft","RealMLP 🕸","2026-04-09T18:28:55.000Z","MUL_IMAGE_CHEXPERT","257","30","finished","nlp19.iem.technion.ac.il"
"real_MUL_IMAGE_CHEXPERT_0","0.7310113305600368","0","all","RealMLP 🕸","2026-04-09T18:26:59.000Z","MUL_IMAGE_CHEXPERT","113","30","finished","nlp19.iem.technion.ac.il"
"iclv2_MUL_IMAGE_CHEXPERT_0","0.8219052822573086","0","ft","TabICLv2 🗼","2026-04-09T18:22:16.000Z","MUL_IMAGE_CHEXPERT","276","30","finished","nlp19.iem.technion.ac.il"
"iclv2_MUL_IMAGE_CHEXPERT_0","0.7873222215204461","0","all","TabICLv2 🗼","2026-04-09T18:20:57.000Z","MUL_IMAGE_CHEXPERT","76","30","finished","nlp19.iem.technion.ac.il"
"real_MUL_IMAGE_CBIS_DDSM_4","0.8810285699313315","4","ft","RealMLP 🕸","2026-04-09T18:13:32.000Z","MUL_IMAGE_CBIS_DDSM","441","30","finished","nlp19.iem.technion.ac.il"
"real_MUL_IMAGE_CBIS_DDSM_4","0.851996852383071","4","all","RealMLP 🕸","2026-04-09T18:09:15.000Z","MUL_IMAGE_CBIS_DDSM","251","30","finished","nlp19.iem.technion.ac.il"
"iclv2_MUL_IMAGE_CBIS_DDSM_4","0.9119340409083636","4","ft","TabICLv2 🗼","2026-04-09T18:01:50.000Z","MUL_IMAGE_CBIS_DDSM","439","30","finished","nlp19.iem.technion.ac.il"
"iclv2_MUL_IMAGE_CBIS_DDSM_4","0.8993054443063526","4","all","TabICLv2 🗼","2026-04-09T17:57:27.000Z","MUL_IMAGE_CBIS_DDSM","259","30","finished","nlp19.iem.technion.ac.il"
"real_MUL_IMAGE_CBIS_DDSM_3","0.9085193489429632","3","ft","RealMLP 🕸","2026-04-09T17:50:13.000Z","MUL_IMAGE_CBIS_DDSM","426","30","finished","nlp19.iem.technion.ac.il"
"real_MUL_IMAGE_CBIS_DDSM_3","0.8720204381122263","3","all","RealMLP 🕸","2026-04-09T17:45:56.000Z","MUL_IMAGE_CBIS_DDSM","254","30","finished","nlp19.iem.technion.ac.il"
"iclv2_MUL_IMAGE_CBIS_DDSM_3","0.928721558581767","3","ft","TabICLv2 🗼","2026-04-09T17:38:41.000Z","MUL_IMAGE_CBIS_DDSM","428","30","finished","nlp19.iem.technion.ac.il"
"iclv2_MUL_IMAGE_CBIS_DDSM_3","0.9108211118449724","3","all","TabICLv2 🗼","2026-04-09T17:34:18.000Z","MUL_IMAGE_CBIS_DDSM","259","30","finished","nlp19.iem.technion.ac.il"
"real_MUL_IMAGE_CBIS_DDSM_2","0.8709557167778129","2","ft","RealMLP 🕸","2026-04-09T17:27:02.000Z","MUL_IMAGE_CBIS_DDSM","431","30","finished","nlp19.iem.technion.ac.il"
"real_MUL_IMAGE_CBIS_DDSM_2","0.8299640854657206","2","all","RealMLP 🕸","2026-04-09T17:22:44.000Z","MUL_IMAGE_CBIS_DDSM","254","30","finished","nlp19.iem.technion.ac.il"
"iclv2_MUL_IMAGE_CBIS_DDSM_2","0.9060574334556936","2","ft","TabICLv2 🗼","2026-04-09T17:15:34.000Z","MUL_IMAGE_CBIS_DDSM","423","30","finished","nlp19.iem.technion.ac.il"
"iclv2_MUL_IMAGE_CBIS_DDSM_2","0.8917519687589129","2","all","TabICLv2 🗼","2026-04-09T17:11:17.000Z","MUL_IMAGE_CBIS_DDSM","253","30","finished","nlp19.iem.technion.ac.il"
"real_MUL_IMAGE_CBIS_DDSM_1","0.8550937016862165","1","ft","RealMLP 🕸","2026-04-09T17:04:21.000Z","MUL_IMAGE_CBIS_DDSM","411","30","finished","nlp19.iem.technion.ac.il"
"real_MUL_IMAGE_CBIS_DDSM_1","0.86100205349085","1","all","RealMLP 🕸","2026-04-09T16:59:22.000Z","MUL_IMAGE_CBIS_DDSM","290","30","finished","nlp19.iem.technion.ac.il"
"iclv2_MUL_IMAGE_CBIS_DDSM_1","0.9228045916757612","1","ft","TabICLv2 🗼","2026-04-09T16:52:11.000Z","MUL_IMAGE_CBIS_DDSM","425","30","finished","nlp19.iem.technion.ac.il"
"iclv2_MUL_IMAGE_CBIS_DDSM_1","0.8985157513432778","1","all","TabICLv2 🗼","2026-04-09T16:47:49.000Z","MUL_IMAGE_CBIS_DDSM","255","30","finished","nlp19.iem.technion.ac.il"
"real_MUL_IMAGE_CBIS_DDSM_0","0.8766962997354818","0","ft","RealMLP 🕸","2026-04-09T16:40:44.000Z","MUL_IMAGE_CBIS_DDSM","421","30","finished","nlp19.iem.technion.ac.il"
"real_MUL_IMAGE_CBIS_DDSM_0","0.8369693183874216","0","all","RealMLP 🕸","2026-04-09T16:36:25.000Z","MUL_IMAGE_CBIS_DDSM","254","30","finished","nlp19.iem.technion.ac.il"
"iclv2_MUL_IMAGE_CBIS_DDSM_0","0.9090735645561234","0","ft","TabICLv2 🗼","2026-04-09T16:28:54.000Z","MUL_IMAGE_CBIS_DDSM","448","30","finished","nlp19.iem.technion.ac.il"
"iclv2_MUL_IMAGE_CBIS_DDSM_0","0.8923000937998515","0","all","TabICLv2 🗼","2026-04-09T16:24:16.000Z","MUL_IMAGE_CBIS_DDSM","272","30","finished","nlp19.iem.technion.ac.il"
"real_BIN_IMAGE_MAMMOGRAPHY_CMMD_4","0.7642203832752613","4","ft","RealMLP 🕸","2026-04-09T16:19:31.000Z","BIN_IMAGE_MAMMOGRAPHY_CMMD","281","30","finished","nlp19.iem.technion.ac.il"
"real_BIN_IMAGE_MAMMOGRAPHY_CMMD_4","0.7701437282229965","4","all","RealMLP 🕸","2026-04-09T16:16:48.000Z","BIN_IMAGE_MAMMOGRAPHY_CMMD","159","30","finished","nlp19.iem.technion.ac.il"
"iclv2_BIN_IMAGE_MAMMOGRAPHY_CMMD_4","0.8623584494773519","4","ft","TabICLv2 🗼","2026-04-09T16:11:59.000Z","BIN_IMAGE_MAMMOGRAPHY_CMMD","281","30","finished","nlp19.iem.technion.ac.il"
"iclv2_BIN_IMAGE_MAMMOGRAPHY_CMMD_4","0.868412456445993","4","all","TabICLv2 🗼","2026-04-09T16:09:27.000Z","BIN_IMAGE_MAMMOGRAPHY_CMMD","146","30","finished","nlp19.iem.technion.ac.il"
"real_BIN_IMAGE_MAMMOGRAPHY_CMMD_3","0.7290940766550524","3","all","RealMLP 🕸","2026-04-09T16:01:18.000Z","BIN_IMAGE_MAMMOGRAPHY_CMMD","159","30","finished","nlp19.iem.technion.ac.il"
"iclv2_BIN_IMAGE_MAMMOGRAPHY_CMMD_3","0.8437391114982578","3","ft","TabICLv2 🗼","2026-04-09T15:56:34.000Z","BIN_IMAGE_MAMMOGRAPHY_CMMD","280","30","finished","nlp19.iem.technion.ac.il"
"iclv2_BIN_IMAGE_MAMMOGRAPHY_CMMD_3","0.8561520034843206","3","all","TabICLv2 🗼","2026-04-09T15:54:01.000Z","BIN_IMAGE_MAMMOGRAPHY_CMMD","147","30","finished","nlp19.iem.technion.ac.il"
"real_BIN_IMAGE_MAMMOGRAPHY_CMMD_2","0.7634799651567944","2","ft","RealMLP 🕸","2026-04-09T15:49:23.000Z","BIN_IMAGE_MAMMOGRAPHY_CMMD","271","30","finished","nlp19.iem.technion.ac.il"
"real_BIN_IMAGE_MAMMOGRAPHY_CMMD_2","0.7710583623693379","2","all","RealMLP 🕸","2026-04-09T15:46:39.000Z","BIN_IMAGE_MAMMOGRAPHY_CMMD","159","30","finished","nlp19.iem.technion.ac.il"
"iclv2_BIN_IMAGE_MAMMOGRAPHY_CMMD_2","0.8338632404181183","2","ft","TabICLv2 🗼","2026-04-09T15:41:40.000Z","BIN_IMAGE_MAMMOGRAPHY_CMMD","292","30","finished","nlp19.iem.technion.ac.il"
"iclv2_BIN_IMAGE_MAMMOGRAPHY_CMMD_2","0.86602787456446","2","all","TabICLv2 🗼","2026-04-09T15:39:07.000Z","BIN_IMAGE_MAMMOGRAPHY_CMMD","147","30","finished","nlp19.iem.technion.ac.il"
"real_BIN_IMAGE_MAMMOGRAPHY_CMMD_1","0.7738893728222997","1","ft","RealMLP 🕸","2026-04-09T15:33:37.000Z","BIN_IMAGE_MAMMOGRAPHY_CMMD","322","30","finished","nlp19.iem.technion.ac.il"
"real_BIN_IMAGE_MAMMOGRAPHY_CMMD_1","0.7565331010452961","1","all","RealMLP 🕸","2026-04-09T15:30:54.000Z","BIN_IMAGE_MAMMOGRAPHY_CMMD","159","30","finished","nlp19.iem.technion.ac.il"
"iclv2_BIN_IMAGE_MAMMOGRAPHY_CMMD_1","0.826567944250871","1","ft","TabICLv2 🗼","2026-04-09T15:25:55.000Z","BIN_IMAGE_MAMMOGRAPHY_CMMD","292","30","finished","nlp19.iem.technion.ac.il"
"iclv2_BIN_IMAGE_MAMMOGRAPHY_CMMD_1","0.8716898954703833","1","all","TabICLv2 🗼","2026-04-09T15:23:22.000Z","BIN_IMAGE_MAMMOGRAPHY_CMMD","147","30","finished","nlp19.iem.technion.ac.il"
"real_BIN_IMAGE_MAMMOGRAPHY_CMMD_0","0.827243031358885","0","ft","RealMLP 🕸","2026-04-09T15:17:55.000Z","BIN_IMAGE_MAMMOGRAPHY_CMMD","323","30","finished","nlp19.iem.technion.ac.il"
"real_BIN_IMAGE_MAMMOGRAPHY_CMMD_0","0.7714721254355401","0","all","RealMLP 🕸","2026-04-09T15:14:51.000Z","BIN_IMAGE_MAMMOGRAPHY_CMMD","180","30","finished","nlp19.iem.technion.ac.il"
"iclv2_BIN_IMAGE_MAMMOGRAPHY_CMMD_0","0.877384581881533","0","ft","TabICLv2 🗼","2026-04-09T15:10:07.000Z","BIN_IMAGE_MAMMOGRAPHY_CMMD","281","30","finished","nlp19.iem.technion.ac.il"
"iclv2_BIN_IMAGE_MAMMOGRAPHY_CMMD_0","0.8625217770034843","0","all","TabICLv2 🗼","2026-04-09T15:07:35.000Z","BIN_IMAGE_MAMMOGRAPHY_CMMD","147","30","finished","nlp19.iem.technion.ac.il"
"real_BIN_IMAGE_HATEFUL_MEME_4","0.7543769609684604","4","ft","RealMLP 🕸","2026-04-09T14:59:42.000Z","BIN_IMAGE_HATEFUL_MEME","467","30","finished","nlp19.iem.technion.ac.il"
"real_BIN_IMAGE_HATEFUL_MEME_4","0.7114459711853377","4","all","RealMLP 🕸","2026-04-09T14:54:59.000Z","BIN_IMAGE_HATEFUL_MEME","277","30","finished","nlp19.iem.technion.ac.il"
"real_BIN_IMAGE_HATEFUL_MEME_3","0.7766361024544844","3","ft","RealMLP 🕸","2026-04-09T14:34:46.000Z","BIN_IMAGE_HATEFUL_MEME","467","30","finished","nlp19.iem.technion.ac.il"
"real_BIN_IMAGE_HATEFUL_MEME_3","0.7620806239120428","3","all","RealMLP 🕸","2026-04-09T14:30:01.000Z","BIN_IMAGE_HATEFUL_MEME","280","30","finished","nlp19.iem.technion.ac.il"
"iclv2_BIN_IMAGE_HATEFUL_MEME_2","0.785257749958995","2","all","TabICLv2 🗼","2026-04-09T13:53:02.000Z","BIN_IMAGE_HATEFUL_MEME","263","30","finished","nlp19.iem.technion.ac.il"
"real_BIN_IMAGE_HATEFUL_MEME_1","0.7614721615229549","1","all","RealMLP 🕸","2026-04-09T13:40:08.000Z","BIN_IMAGE_HATEFUL_MEME","280","30","finished","nlp19.iem.technion.ac.il"
"iclv2_BIN_IMAGE_HATEFUL_MEME_1","0.7688239744763256","1","all","TabICLv2 🗼","2026-04-09T13:27:28.000Z","BIN_IMAGE_HATEFUL_MEME","259","30","finished","nlp19.iem.technion.ac.il"
"real_BIN_IMAGE_CELEB_ATTRACTIVENESS_4","0.9184848785007268","4","ft","RealMLP 🕸","2026-04-09T12:58:19.000Z","BIN_IMAGE_CELEB_ATTRACTIVENESS","247","30","finished","nlp19.iem.technion.ac.il"
"real_BIN_IMAGE_CELEB_ATTRACTIVENESS_4","0.9107828041033706","4","all","RealMLP 🕸","2026-04-09T12:56:39.000Z","BIN_IMAGE_CELEB_ATTRACTIVENESS","95","30","finished","nlp19.iem.technion.ac.il"
"iclv2_BIN_IMAGE_CELEB_ATTRACTIVENESS_4","0.9216365457326924","4","ft","TabICLv2 🗼","2026-04-09T12:53:02.000Z","BIN_IMAGE_CELEB_ATTRACTIVENESS","209","30","finished","nlp19.iem.technion.ac.il"
"iclv2_BIN_IMAGE_CELEB_ATTRACTIVENESS_4","0.9153452176201212","4","all","TabICLv2 🗼","2026-04-09T12:50:55.000Z","BIN_IMAGE_CELEB_ATTRACTIVENESS","120","30","finished","nlp19.iem.technion.ac.il"
"real_BIN_IMAGE_CELEB_ATTRACTIVENESS_3","0.9008215345917991","3","all","RealMLP 🕸","2026-04-09T12:49:15.000Z","BIN_IMAGE_CELEB_ATTRACTIVENESS","96","30","finished","nlp19.iem.technion.ac.il"
"iclv2_BIN_IMAGE_CELEB_ATTRACTIVENESS_3","0.9061433498320612","3","ft","TabICLv2 🗼","2026-04-09T12:44:42.000Z","BIN_IMAGE_CELEB_ATTRACTIVENESS","268","30","finished","nlp19.iem.technion.ac.il"
"iclv2_BIN_IMAGE_CELEB_ATTRACTIVENESS_3","0.9039036650388056","3","all","TabICLv2 🗼","2026-04-09T12:43:33.000Z","BIN_IMAGE_CELEB_ATTRACTIVENESS","61","30","finished","nlp19.iem.technion.ac.il"
"real_BIN_IMAGE_CELEB_ATTRACTIVENESS_2","0.9188030468117634","2","ft","RealMLP 🕸","2026-04-09T12:39:57.000Z","BIN_IMAGE_CELEB_ATTRACTIVENESS","209","30","finished","nlp19.iem.technion.ac.il"
"real_BIN_IMAGE_CELEB_ATTRACTIVENESS_2","0.9129359431139076","2","all","RealMLP 🕸","2026-04-09T12:38:16.000Z","BIN_IMAGE_CELEB_ATTRACTIVENESS","96","30","finished","nlp19.iem.technion.ac.il"
"real_MUL_IMAGE_JUSTIN_INSTAGRAM_0","0.9766419103729131","0","ft","RealMLP 🕸","2026-04-09T12:25:48.000Z","MUL_IMAGE_JUSTIN_INSTAGRAM","742","30","finished","nlp19.iem.technion.ac.il"
"real_MUL_IMAGE_JUSTIN_INSTAGRAM_0","0.9197782026149516","0","all","RealMLP 🕸","2026-04-09T12:18:43.000Z","MUL_IMAGE_JUSTIN_INSTAGRAM","421","30","finished","nlp19.iem.technion.ac.il"
"iclv2_MUL_IMAGE_JUSTIN_INSTAGRAM_0","0.979078161437378","0","ft","TabICLv2 🗼","2026-04-09T12:05:41.000Z","MUL_IMAGE_JUSTIN_INSTAGRAM","775","30","finished","nlp19.iem.technion.ac.il"
"iclv2_MUL_IMAGE_JUSTIN_INSTAGRAM_0","0.9660696904850028","0","all","TabICLv2 🗼","2026-04-09T11:57:14.000Z","MUL_IMAGE_JUSTIN_INSTAGRAM","502","30","finished","nlp19.iem.technion.ac.il"
"real_BIN_IMAGE_MAMMOGRAPHY_CMMD_3","0.7938371080139371","3","ft","RealMLP 🕸","2026-04-09T11:50:44.000Z","BIN_IMAGE_MAMMOGRAPHY_CMMD","383","30","finished","nlp19.iem.technion.ac.il"
"real_MUL_IMAGE_GLAUCOMA_SMDG_0","0.9038564412361364","0","all","RealMLP 🕸","2026-04-09T11:45:12.000Z","MUL_IMAGE_GLAUCOMA_SMDG","329","30","finished","nlp19.iem.technion.ac.il"
"iclv2_MUL_IMAGE_FLOWER_BOUQUETS_3","0.6740395244661616","3","all","TabICLv2 🗼","2026-04-09T11:44:34.000Z","MUL_IMAGE_FLOWER_BOUQUETS","35","30","finished","nlp19.iem.technion.ac.il"
"iclv2_MUL_IMAGE_CHEXPERT_4","0.8018172427266835","4","all","TabICLv2 🗼","2026-04-09T11:40:35.000Z","MUL_IMAGE_CHEXPERT","232","30","finished","nlp19.iem.technion.ac.il"
"real_BIN_IMAGE_CELEB_ATTRACTIVENESS_3","0.9097752711184216","3","ft","RealMLP 🕸","2026-04-09T11:34:17.000Z","BIN_IMAGE_CELEB_ATTRACTIVENESS","370","30","finished","nlp19.iem.technion.ac.il"
"iclv2_BIN_IMAGE_CELEB_ATTRACTIVENESS_2","0.9210137162558992","2","ft","TabICLv2 🗼","2026-04-09T11:31:18.000Z","BIN_IMAGE_CELEB_ATTRACTIVENESS","171","30","finished","nlp19.iem.technion.ac.il"
"iclv2_BIN_IMAGE_CELEB_ATTRACTIVENESS_2","0.912403161272313","2","all","TabICLv2 🗼","2026-04-09T11:28:35.000Z","BIN_IMAGE_CELEB_ATTRACTIVENESS","156","30","finished","nlp19.iem.technion.ac.il"
"real_BIN_IMAGE_CELEB_ATTRACTIVENESS_1","0.9103315653980956","1","ft","RealMLP 🕸","2026-04-09T11:24:21.000Z","BIN_IMAGE_CELEB_ATTRACTIVENESS","247","30","finished","nlp19.iem.technion.ac.il"
"real_BIN_IMAGE_CELEB_ATTRACTIVENESS_1","0.900278247192765","1","all","RealMLP 🕸","2026-04-09T11:22:41.000Z","BIN_IMAGE_CELEB_ATTRACTIVENESS","95","30","finished","nlp19.iem.technion.ac.il"
"iclv2_BIN_IMAGE_CELEB_ATTRACTIVENESS_1","0.910381591862095","1","ft","TabICLv2 🗼","2026-04-09T11:18:28.000Z","BIN_IMAGE_CELEB_ATTRACTIVENESS","247","30","finished","nlp19.iem.technion.ac.il"
"iclv2_BIN_IMAGE_CELEB_ATTRACTIVENESS_1","0.9032398138615328","1","all","TabICLv2 🗼","2026-04-09T11:15:56.000Z","BIN_IMAGE_CELEB_ATTRACTIVENESS","145","30","finished","nlp19.iem.technion.ac.il"
"real_BIN_IMAGE_CELEB_ATTRACTIVENESS_0","0.9091669493161884","0","ft","RealMLP 🕸","2026-04-09T11:11:44.000Z","BIN_IMAGE_CELEB_ATTRACTIVENESS","245","30","finished","nlp19.iem.technion.ac.il"
"real_BIN_IMAGE_CELEB_ATTRACTIVENESS_0","0.9074080188419674","0","all","RealMLP 🕸","2026-04-09T11:10:04.000Z","BIN_IMAGE_CELEB_ATTRACTIVENESS","95","30","finished","nlp19.iem.technion.ac.il"
"iclv2_BIN_IMAGE_CELEB_ATTRACTIVENESS_0","0.9140875523151748","0","ft","TabICLv2 🗼","2026-04-09T11:06:33.000Z","BIN_IMAGE_CELEB_ATTRACTIVENESS","206","30","finished","nlp19.iem.technion.ac.il"
"iclv2_BIN_IMAGE_CELEB_ATTRACTIVENESS_0","0.9111514991430466","0","all","TabICLv2 🗼","2026-04-09T11:05:23.000Z","BIN_IMAGE_CELEB_ATTRACTIVENESS","62","30","finished","nlp19.iem.technion.ac.il"