"Name","test_score","fold","multimodal_state","model","Created","dataset","Runtime","e5_model","no_pca"
"tabpfnv2p5_REG_TEXT_PROFESSIONAL_ML_DS_AI_JOBS_SALARIES_4","0.18536925315856936","4","all","TabPFN-v2p5 🇩🇪","2026-04-23T08:49:08.000Z","REG_TEXT_PROFESSIONAL_ML_DS_AI_JOBS_SALARIES","22","tf-idf","false"
"tabpfnv2_REG_TEXT_PROFESSIONAL_ML_DS_AI_JOBS_SALARIES_4","0.2600709795951843","4","all","TabPFN-v2 🤯","2026-04-23T08:49:00.000Z","REG_TEXT_PROFESSIONAL_ML_DS_AI_JOBS_SALARIES","30","tf-idf","false"
"tabm_REG_TEXT_PROFESSIONAL_ML_DS_AI_JOBS_SALARIES_4","0.2668631076812744","4","all","TabM Ⓜ️","2026-04-23T08:48:57.000Z","REG_TEXT_PROFESSIONAL_ML_DS_AI_JOBS_SALARIES","23","tf-idf","false"
"cat_REG_TEXT_PROFESSIONAL_ML_DS_AI_JOBS_SALARIES_4","0.2171031999586175","4","all","CatBoost 😸","2026-04-23T08:48:48.000Z","REG_TEXT_PROFESSIONAL_ML_DS_AI_JOBS_SALARIES","23","tf-idf","false"
"light_REG_TEXT_PROFESSIONAL_ML_DS_AI_JOBS_SALARIES_4","0.20400033019937217","4","all","LightGBM 💡","2026-04-23T08:48:46.000Z","REG_TEXT_PROFESSIONAL_ML_DS_AI_JOBS_SALARIES","17","tf-idf","false"
"tabpfnv2p5_REG_TEXT_PROFESSIONAL_ML_DS_AI_JOBS_SALARIES_3","0.3763108253479004","3","all","TabPFN-v2p5 🇩🇪","2026-04-23T08:48:27.000Z","REG_TEXT_PROFESSIONAL_ML_DS_AI_JOBS_SALARIES","28","tf-idf","false"
"tabpfnv2_REG_TEXT_PROFESSIONAL_ML_DS_AI_JOBS_SALARIES_3","0.3245893120765686","3","all","TabPFN-v2 🤯","2026-04-23T08:48:19.000Z","REG_TEXT_PROFESSIONAL_ML_DS_AI_JOBS_SALARIES","31","tf-idf","false"
"tabm_REG_TEXT_PROFESSIONAL_ML_DS_AI_JOBS_SALARIES_3","0.3928578495979309","3","all","TabM Ⓜ️","2026-04-23T08:48:15.000Z","REG_TEXT_PROFESSIONAL_ML_DS_AI_JOBS_SALARIES","25","tf-idf","false"
"cat_REG_TEXT_PROFESSIONAL_ML_DS_AI_JOBS_SALARIES_3","0.2533760374308365","3","all","CatBoost 😸","2026-04-23T08:48:13.000Z","REG_TEXT_PROFESSIONAL_ML_DS_AI_JOBS_SALARIES","26","tf-idf","false"
"light_REG_TEXT_PROFESSIONAL_ML_DS_AI_JOBS_SALARIES_3","0.25757555763277074","3","all","LightGBM 💡","2026-04-23T08:48:05.000Z","REG_TEXT_PROFESSIONAL_ML_DS_AI_JOBS_SALARIES","16","tf-idf","false"
"tabpfnv2p5_REG_TEXT_PROFESSIONAL_ML_DS_AI_JOBS_SALARIES_2","0.43221867084503174","2","all","TabPFN-v2p5 🇩🇪","2026-04-23T08:47:42.000Z","REG_TEXT_PROFESSIONAL_ML_DS_AI_JOBS_SALARIES","29","tf-idf","false"
"tabpfnv2_REG_TEXT_PROFESSIONAL_ML_DS_AI_JOBS_SALARIES_2","0.5864582061767578","2","all","TabPFN-v2 🤯","2026-04-23T08:47:42.000Z","REG_TEXT_PROFESSIONAL_ML_DS_AI_JOBS_SALARIES","32","tf-idf","false"
"tabm_REG_TEXT_PROFESSIONAL_ML_DS_AI_JOBS_SALARIES_2","0.6927064657211304","2","all","TabM Ⓜ️","2026-04-23T08:47:37.000Z","REG_TEXT_PROFESSIONAL_ML_DS_AI_JOBS_SALARIES","22","tf-idf","false"
"cat_REG_TEXT_PROFESSIONAL_ML_DS_AI_JOBS_SALARIES_2","0.3938177179709466","2","all","CatBoost 😸","2026-04-23T08:47:35.000Z","REG_TEXT_PROFESSIONAL_ML_DS_AI_JOBS_SALARIES","34","tf-idf","false"
"tabpfnv2p5_REG_TEXT_PROFESSIONAL_ML_DS_AI_JOBS_SALARIES_1","0.029193460941314697","1","all","TabPFN-v2p5 🇩🇪","2026-04-23T08:47:15.000Z","REG_TEXT_PROFESSIONAL_ML_DS_AI_JOBS_SALARIES","23","tf-idf","false"
"light_REG_TEXT_PROFESSIONAL_ML_DS_AI_JOBS_SALARIES_2","0.02813085287242356","2","all","LightGBM 💡","2026-04-23T08:47:15.000Z","REG_TEXT_PROFESSIONAL_ML_DS_AI_JOBS_SALARIES","16","tf-idf","false"
"tabpfnv2_REG_TEXT_PROFESSIONAL_ML_DS_AI_JOBS_SALARIES_1","0.23600691556930545","1","all","TabPFN-v2 🤯","2026-04-23T08:47:09.000Z","REG_TEXT_PROFESSIONAL_ML_DS_AI_JOBS_SALARIES","26","tf-idf","false"
"tabm_REG_TEXT_PROFESSIONAL_ML_DS_AI_JOBS_SALARIES_1","0.2752240300178528","1","all","TabM Ⓜ️","2026-04-23T08:47:08.000Z","REG_TEXT_PROFESSIONAL_ML_DS_AI_JOBS_SALARIES","21","tf-idf","false"
"cat_REG_TEXT_PROFESSIONAL_ML_DS_AI_JOBS_SALARIES_1","-0.4190167769344249","1","all","CatBoost 😸","2026-04-23T08:46:47.000Z","REG_TEXT_PROFESSIONAL_ML_DS_AI_JOBS_SALARIES","21","tf-idf","false"
"light_REG_TEXT_PROFESSIONAL_ML_DS_AI_JOBS_SALARIES_1","-0.16194115352838323","1","all","LightGBM 💡","2026-04-23T08:46:45.000Z","REG_TEXT_PROFESSIONAL_ML_DS_AI_JOBS_SALARIES","17","tf-idf","false"
"tabpfnv2p5_REG_TEXT_PROFESSIONAL_ML_DS_AI_JOBS_SALARIES_0","0.05731683969497681","0","all","TabPFN-v2p5 🇩🇪","2026-04-23T08:46:42.000Z","REG_TEXT_PROFESSIONAL_ML_DS_AI_JOBS_SALARIES","24","tf-idf","false"
"tabpfnv2_REG_TEXT_PROFESSIONAL_ML_DS_AI_JOBS_SALARIES_0","0.04485052824020386","0","all","TabPFN-v2 🤯","2026-04-23T08:46:11.000Z","REG_TEXT_PROFESSIONAL_ML_DS_AI_JOBS_SALARIES","26","tf-idf","false"
"tabm_REG_TEXT_PROFESSIONAL_ML_DS_AI_JOBS_SALARIES_0","0.16829097270965576","0","all","TabM Ⓜ️","2026-04-23T08:46:04.000Z","REG_TEXT_PROFESSIONAL_ML_DS_AI_JOBS_SALARIES","39","tf-idf","false"
"cat_REG_TEXT_PROFESSIONAL_ML_DS_AI_JOBS_SALARIES_0","0.0845262152224231","0","all","CatBoost 😸","2026-04-23T08:45:06.000Z","REG_TEXT_PROFESSIONAL_ML_DS_AI_JOBS_SALARIES","58","tf-idf","false"
"light_REG_TEXT_PROFESSIONAL_ML_DS_AI_JOBS_SALARIES_0","0.05295499045138896","0","all","LightGBM 💡","2026-04-23T08:45:04.000Z","REG_TEXT_PROFESSIONAL_ML_DS_AI_JOBS_SALARIES","55","tf-idf","false"
"tabpfnv2p5_REG_TEXT_SOCIAL_MOVIES_DATASET_REVENUE_4","0.6033688476593855","4","all","TabPFN-v2p5 🇩🇪","2026-04-23T08:44:39.000Z","REG_TEXT_SOCIAL_MOVIES_DATASET_REVENUE","115","tf-idf","false"
"tabpfnv2_REG_TEXT_SOCIAL_MOVIES_DATASET_REVENUE_4","0.32670427064105634","4","all","TabPFN-v2 🤯","2026-04-23T08:44:34.000Z","REG_TEXT_SOCIAL_MOVIES_DATASET_REVENUE","154","tf-idf","false"
"tabm_REG_TEXT_SOCIAL_MOVIES_DATASET_REVENUE_4","0.7579798287380225","4","all","TabM Ⓜ️","2026-04-23T08:44:14.000Z","REG_TEXT_SOCIAL_MOVIES_DATASET_REVENUE","44","tf-idf","false"
"cat_REG_TEXT_SOCIAL_MOVIES_DATASET_REVENUE_4","0.793876298754569","4","all","CatBoost 😸","2026-04-23T08:43:44.000Z","REG_TEXT_SOCIAL_MOVIES_DATASET_REVENUE","49","tf-idf","false"
"light_REG_TEXT_SOCIAL_MOVIES_DATASET_REVENUE_4","0.71826300700959","4","all","LightGBM 💡","2026-04-23T08:43:36.000Z","REG_TEXT_SOCIAL_MOVIES_DATASET_REVENUE","33","tf-idf","false"
"tabpfnv2p5_REG_TEXT_SOCIAL_MOVIES_DATASET_REVENUE_3","0.7061997040517322","3","all","TabPFN-v2p5 🇩🇪","2026-04-23T08:43:14.000Z","REG_TEXT_SOCIAL_MOVIES_DATASET_REVENUE","77","tf-idf","false"
"tabpfnv2_REG_TEXT_SOCIAL_MOVIES_DATASET_REVENUE_3","0.2571451178310683","3","all","TabPFN-v2 🤯","2026-04-23T08:43:08.000Z","REG_TEXT_SOCIAL_MOVIES_DATASET_REVENUE","113","tf-idf","false"
"tabm_REG_TEXT_SOCIAL_MOVIES_DATASET_REVENUE_3","0.7798773185894085","3","all","TabM Ⓜ️","2026-04-23T08:42:52.000Z","REG_TEXT_SOCIAL_MOVIES_DATASET_REVENUE","39","tf-idf","false"
"cat_REG_TEXT_SOCIAL_MOVIES_DATASET_REVENUE_3","0.8270676558383876","3","all","CatBoost 😸","2026-04-23T08:42:09.000Z","REG_TEXT_SOCIAL_MOVIES_DATASET_REVENUE","52","tf-idf","false"
"light_REG_TEXT_SOCIAL_MOVIES_DATASET_REVENUE_3","0.8269171929869958","3","all","LightGBM 💡","2026-04-23T08:42:08.000Z","REG_TEXT_SOCIAL_MOVIES_DATASET_REVENUE","37","tf-idf","false"
"tabpfnv2p5_REG_TEXT_SOCIAL_MOVIES_DATASET_REVENUE_2","0.5703661380467147","2","all","TabPFN-v2p5 🇩🇪","2026-04-23T08:41:53.000Z","REG_TEXT_SOCIAL_MOVIES_DATASET_REVENUE","77","tf-idf","false"
"tabpfnv2_REG_TEXT_SOCIAL_MOVIES_DATASET_REVENUE_2","0.21057039294329696","2","all","TabPFN-v2 🤯","2026-04-23T08:41:42.000Z","REG_TEXT_SOCIAL_MOVIES_DATASET_REVENUE","116","tf-idf","false"
"tabm_REG_TEXT_SOCIAL_MOVIES_DATASET_REVENUE_2","0.6920677925952867","2","all","TabM Ⓜ️","2026-04-23T08:41:15.000Z","REG_TEXT_SOCIAL_MOVIES_DATASET_REVENUE","47","tf-idf","false"
"cat_REG_TEXT_SOCIAL_MOVIES_DATASET_REVENUE_2","0.7692482951686533","2","all","CatBoost 😸","2026-04-23T08:41:04.000Z","REG_TEXT_SOCIAL_MOVIES_DATASET_REVENUE","44","tf-idf","false"
"light_REG_TEXT_SOCIAL_MOVIES_DATASET_REVENUE_2","0.7941565365839507","2","all","LightGBM 💡","2026-04-23T08:40:36.000Z","REG_TEXT_SOCIAL_MOVIES_DATASET_REVENUE","33","tf-idf","false"
"tabpfnv2p5_REG_TEXT_SOCIAL_MOVIES_DATASET_REVENUE_1","0.6338416332309428","1","all","TabPFN-v2p5 🇩🇪","2026-04-23T08:40:21.000Z","REG_TEXT_SOCIAL_MOVIES_DATASET_REVENUE","75","tf-idf","false"
"tabpfnv2_REG_TEXT_SOCIAL_MOVIES_DATASET_REVENUE_1","0.22951373208262915","1","all","TabPFN-v2 🤯","2026-04-23T08:40:10.000Z","REG_TEXT_SOCIAL_MOVIES_DATASET_REVENUE","112","tf-idf","false"
"tabm_REG_TEXT_SOCIAL_MOVIES_DATASET_REVENUE_1","0.7761455633921118","1","all","TabM Ⓜ️","2026-04-23T08:39:45.000Z","REG_TEXT_SOCIAL_MOVIES_DATASET_REVENUE","44","tf-idf","false"
"cat_REG_TEXT_SOCIAL_MOVIES_DATASET_REVENUE_1","0.8193004343695466","1","all","CatBoost 😸","2026-04-23T08:38:49.000Z","REG_TEXT_SOCIAL_MOVIES_DATASET_REVENUE","76","tf-idf","false"
"light_REG_TEXT_SOCIAL_MOVIES_DATASET_REVENUE_1","0.8310845321128532","1","all","LightGBM 💡","2026-04-23T08:38:35.000Z","REG_TEXT_SOCIAL_MOVIES_DATASET_REVENUE","67","tf-idf","false"
"tabpfnv2p5_REG_TEXT_SOCIAL_MOVIES_DATASET_REVENUE_0","0.6661558469193845","0","all","TabPFN-v2p5 🇩🇪","2026-04-23T08:38:23.000Z","REG_TEXT_SOCIAL_MOVIES_DATASET_REVENUE","111","tf-idf","false"
"tabpfnv2_REG_TEXT_SOCIAL_MOVIES_DATASET_REVENUE_0","0.3587454271190005","0","all","TabPFN-v2 🤯","2026-04-23T08:38:19.000Z","REG_TEXT_SOCIAL_MOVIES_DATASET_REVENUE","157","tf-idf","false"
"tabm_REG_TEXT_SOCIAL_MOVIES_DATASET_REVENUE_0","0.7732994936691454","0","all","TabM Ⓜ️","2026-04-23T08:38:01.000Z","REG_TEXT_SOCIAL_MOVIES_DATASET_REVENUE","45","tf-idf","false"
"cat_REG_TEXT_SOCIAL_MOVIES_DATASET_REVENUE_0","0.7985817809468633","0","all","CatBoost 😸","2026-04-23T08:37:41.000Z","REG_TEXT_SOCIAL_MOVIES_DATASET_REVENUE","49","tf-idf","false"
"light_REG_TEXT_SOCIAL_MOVIES_DATASET_REVENUE_0","0.737138995789002","0","all","LightGBM 💡","2026-04-23T08:37:23.000Z","REG_TEXT_SOCIAL_MOVIES_DATASET_REVENUE","31","tf-idf","false"
"tabpfnv2p5_REG_TEXT_SOCIAL_MUSEUMS_US_REVENUES_4","0.7507550078577176","4","all","TabPFN-v2p5 🇩🇪","2026-04-23T08:37:20.000Z","REG_TEXT_SOCIAL_MUSEUMS_US_REVENUES","53","tf-idf","false"
"tabpfnv2_REG_TEXT_SOCIAL_MUSEUMS_US_REVENUES_4","0.04947739979382748","4","all","TabPFN-v2 🤯","2026-04-23T08:36:57.000Z","REG_TEXT_SOCIAL_MUSEUMS_US_REVENUES","82","tf-idf","false"
"tabm_REG_TEXT_SOCIAL_MUSEUMS_US_REVENUES_4","0.8830714939343327","4","all","TabM Ⓜ️","2026-04-23T08:36:49.000Z","REG_TEXT_SOCIAL_MUSEUMS_US_REVENUES","26","tf-idf","false"
"cat_REG_TEXT_SOCIAL_MUSEUMS_US_REVENUES_4","0.5493337794651403","4","all","CatBoost 😸","2026-04-23T08:36:24.000Z","REG_TEXT_SOCIAL_MUSEUMS_US_REVENUES","28","tf-idf","false"
"light_REG_TEXT_SOCIAL_MUSEUMS_US_REVENUES_4","0.8235153778422741","4","all","LightGBM 💡","2026-04-23T08:36:11.000Z","REG_TEXT_SOCIAL_MUSEUMS_US_REVENUES","31","tf-idf","false"
"tabpfnv2p5_REG_TEXT_SOCIAL_MUSEUMS_US_REVENUES_3","0.6492320314021718","3","all","TabPFN-v2p5 🇩🇪","2026-04-23T08:36:09.000Z","REG_TEXT_SOCIAL_MUSEUMS_US_REVENUES","65","tf-idf","false"
"tabpfnv2_REG_TEXT_SOCIAL_MUSEUMS_US_REVENUES_3","0.20510530382620595","3","all","TabPFN-v2 🤯","2026-04-23T08:35:59.000Z","REG_TEXT_SOCIAL_MUSEUMS_US_REVENUES","95","tf-idf","false"
"tabm_REG_TEXT_SOCIAL_MUSEUMS_US_REVENUES_3","0.7528359678188629","3","all","TabM Ⓜ️","2026-04-23T08:35:33.000Z","REG_TEXT_SOCIAL_MUSEUMS_US_REVENUES","32","tf-idf","false"
"cat_REG_TEXT_SOCIAL_MUSEUMS_US_REVENUES_3","0.7047591068885587","3","all","CatBoost 😸","2026-04-23T08:35:25.000Z","REG_TEXT_SOCIAL_MUSEUMS_US_REVENUES","39","tf-idf","false"
"light_REG_TEXT_SOCIAL_MUSEUMS_US_REVENUES_3","0.636715866761419","3","all","LightGBM 💡","2026-04-23T08:35:05.000Z","REG_TEXT_SOCIAL_MUSEUMS_US_REVENUES","23","tf-idf","false"
"tabpfnv2p5_REG_TEXT_SOCIAL_MUSEUMS_US_REVENUES_2","0.693540214714368","2","all","TabPFN-v2p5 🇩🇪","2026-04-23T08:34:59.000Z","REG_TEXT_SOCIAL_MUSEUMS_US_REVENUES","56","tf-idf","false"
"tabpfnv2_REG_TEXT_SOCIAL_MUSEUMS_US_REVENUES_2","0.20670009552163648","2","all","TabPFN-v2 🤯","2026-04-23T08:34:53.000Z","REG_TEXT_SOCIAL_MUSEUMS_US_REVENUES","85","tf-idf","false"
"tabm_REG_TEXT_SOCIAL_MUSEUMS_US_REVENUES_2","0.6088946096225389","2","all","TabM Ⓜ️","2026-04-23T08:34:37.000Z","REG_TEXT_SOCIAL_MUSEUMS_US_REVENUES","24","tf-idf","false"
"cat_REG_TEXT_SOCIAL_MUSEUMS_US_REVENUES_2","0.16754669642839437","2","all","CatBoost 😸","2026-04-23T08:34:25.000Z","REG_TEXT_SOCIAL_MUSEUMS_US_REVENUES","21","tf-idf","false"
"light_REG_TEXT_SOCIAL_MUSEUMS_US_REVENUES_2","0.6745932833088678","2","all","LightGBM 💡","2026-04-23T08:34:10.000Z","REG_TEXT_SOCIAL_MUSEUMS_US_REVENUES","23","tf-idf","false"
"tabpfnv2p5_REG_TEXT_SOCIAL_MUSEUMS_US_REVENUES_1","0.7071239689044662","1","all","TabPFN-v2p5 🇩🇪","2026-04-23T08:34:00.000Z","REG_TEXT_SOCIAL_MUSEUMS_US_REVENUES","56","tf-idf","false"
"tabpfnv2_REG_TEXT_SOCIAL_MUSEUMS_US_REVENUES_1","0.20684870714017356","1","all","TabPFN-v2 🤯","2026-04-23T08:33:54.000Z","REG_TEXT_SOCIAL_MUSEUMS_US_REVENUES","84","tf-idf","false"
"tabm_REG_TEXT_SOCIAL_MUSEUMS_US_REVENUES_1","0.7872744657823273","1","all","TabM Ⓜ️","2026-04-23T08:33:38.000Z","REG_TEXT_SOCIAL_MUSEUMS_US_REVENUES","28","tf-idf","false"
"cat_REG_TEXT_SOCIAL_MUSEUMS_US_REVENUES_1","0.7007156798030761","1","all","CatBoost 😸","2026-04-23T08:33:26.000Z","REG_TEXT_SOCIAL_MUSEUMS_US_REVENUES","25","tf-idf","false"
"light_REG_TEXT_SOCIAL_MUSEUMS_US_REVENUES_1","0.7269118851605214","1","all","LightGBM 💡","2026-04-23T08:33:10.000Z","REG_TEXT_SOCIAL_MUSEUMS_US_REVENUES","24","tf-idf","false"
"tabpfnv2p5_REG_TEXT_SOCIAL_MUSEUMS_US_REVENUES_0","0.7654160146769665","0","all","TabPFN-v2p5 🇩🇪","2026-04-23T08:33:01.000Z","REG_TEXT_SOCIAL_MUSEUMS_US_REVENUES","56","tf-idf","false"
"tabpfnv2_REG_TEXT_SOCIAL_MUSEUMS_US_REVENUES_0","0.10971713424324026","0","all","TabPFN-v2 🤯","2026-04-23T08:32:54.000Z","REG_TEXT_SOCIAL_MUSEUMS_US_REVENUES","86","tf-idf","false"
"tabm_REG_TEXT_SOCIAL_MUSEUMS_US_REVENUES_0","0.859038633535524","0","all","TabM Ⓜ️","2026-04-23T08:32:53.000Z","REG_TEXT_SOCIAL_MUSEUMS_US_REVENUES","27","tf-idf","false"
"cat_REG_TEXT_SOCIAL_MUSEUMS_US_REVENUES_0","0.7207308905531087","0","all","CatBoost 😸","2026-04-23T08:32:41.000Z","REG_TEXT_SOCIAL_MUSEUMS_US_REVENUES","22","tf-idf","false"
"light_REG_TEXT_SOCIAL_MUSEUMS_US_REVENUES_0","0.7328401629015945","0","all","LightGBM 💡","2026-04-23T08:32:33.000Z","REG_TEXT_SOCIAL_MUSEUMS_US_REVENUES","22","tf-idf","false"
"tabpfnv2p5_REG_TEXT_SOCIAL_KOREAN_DRAMA_4","0.5683293117628989","4","all","TabPFN-v2p5 🇩🇪","2026-04-23T08:32:20.000Z","REG_TEXT_SOCIAL_KOREAN_DRAMA","27","tf-idf","false"
"tabpfnv2_REG_TEXT_SOCIAL_KOREAN_DRAMA_4","0.533414319437803","4","all","TabPFN-v2 🤯","2026-04-23T08:32:15.000Z","REG_TEXT_SOCIAL_KOREAN_DRAMA","30","tf-idf","false"
"tabm_REG_TEXT_SOCIAL_KOREAN_DRAMA_4","0.456989860169825","4","all","TabM Ⓜ️","2026-04-23T08:32:13.000Z","REG_TEXT_SOCIAL_KOREAN_DRAMA","23","tf-idf","false"
"cat_REG_TEXT_SOCIAL_KOREAN_DRAMA_4","0.4988701422315345","4","all","CatBoost 😸","2026-04-23T08:32:06.000Z","REG_TEXT_SOCIAL_KOREAN_DRAMA","22","tf-idf","false"
"light_REG_TEXT_SOCIAL_KOREAN_DRAMA_4","0.5149809138161728","4","all","LightGBM 💡","2026-04-23T08:31:57.000Z","REG_TEXT_SOCIAL_KOREAN_DRAMA","19","tf-idf","false"
"tabpfnv2p5_REG_TEXT_SOCIAL_KOREAN_DRAMA_3","0.5195523231677813","3","all","TabPFN-v2p5 🇩🇪","2026-04-23T08:31:47.000Z","REG_TEXT_SOCIAL_KOREAN_DRAMA","23","tf-idf","false"
"tabpfnv2_REG_TEXT_SOCIAL_KOREAN_DRAMA_3","0.5208658722105939","3","all","TabPFN-v2 🤯","2026-04-23T08:31:41.000Z","REG_TEXT_SOCIAL_KOREAN_DRAMA","27","tf-idf","false"
"tabm_REG_TEXT_SOCIAL_KOREAN_DRAMA_3","0.43880784830178354","3","all","TabM Ⓜ️","2026-04-23T08:31:37.000Z","REG_TEXT_SOCIAL_KOREAN_DRAMA","21","tf-idf","false"
"cat_REG_TEXT_SOCIAL_KOREAN_DRAMA_3","0.4572252267887832","3","all","CatBoost 😸","2026-04-23T08:31:29.000Z","REG_TEXT_SOCIAL_KOREAN_DRAMA","22","tf-idf","false"
"light_REG_TEXT_SOCIAL_KOREAN_DRAMA_3","0.4636908647045679","3","all","LightGBM 💡","2026-04-23T08:31:25.000Z","REG_TEXT_SOCIAL_KOREAN_DRAMA","18","tf-idf","false"
"tabpfnv2p5_REG_TEXT_SOCIAL_KOREAN_DRAMA_2","0.5534265323227847","2","all","TabPFN-v2p5 🇩🇪","2026-04-23T08:31:13.000Z","REG_TEXT_SOCIAL_KOREAN_DRAMA","23","tf-idf","false"
"tabpfnv2_REG_TEXT_SOCIAL_KOREAN_DRAMA_2","0.5060244912055278","2","all","TabPFN-v2 🤯","2026-04-23T08:31:04.000Z","REG_TEXT_SOCIAL_KOREAN_DRAMA","29","tf-idf","false"
"tabm_REG_TEXT_SOCIAL_KOREAN_DRAMA_2","0.4695491493193833","2","all","TabM Ⓜ️","2026-04-23T08:31:01.000Z","REG_TEXT_SOCIAL_KOREAN_DRAMA","22","tf-idf","false"
"cat_REG_TEXT_SOCIAL_KOREAN_DRAMA_2","0.497027618295937","2","all","CatBoost 😸","2026-04-23T08:30:52.000Z","REG_TEXT_SOCIAL_KOREAN_DRAMA","26","tf-idf","false"
"light_REG_TEXT_SOCIAL_KOREAN_DRAMA_2","0.5168097306606247","2","all","LightGBM 💡","2026-04-23T08:30:51.000Z","REG_TEXT_SOCIAL_KOREAN_DRAMA","19","tf-idf","false"
"tabpfnv2p5_REG_TEXT_SOCIAL_KOREAN_DRAMA_1","0.393848449510415","1","all","TabPFN-v2p5 🇩🇪","2026-04-23T08:30:30.000Z","REG_TEXT_SOCIAL_KOREAN_DRAMA","28","tf-idf","false"
"tabpfnv2_REG_TEXT_SOCIAL_KOREAN_DRAMA_1","0.3426301991270686","1","all","TabPFN-v2 🤯","2026-04-23T08:30:28.000Z","REG_TEXT_SOCIAL_KOREAN_DRAMA","29","tf-idf","false"
"tabm_REG_TEXT_SOCIAL_KOREAN_DRAMA_1","0.34962119254346613","1","all","TabM Ⓜ️","2026-04-23T08:30:23.000Z","REG_TEXT_SOCIAL_KOREAN_DRAMA","21","tf-idf","false"
"cat_REG_TEXT_SOCIAL_KOREAN_DRAMA_1","0.32772740371391007","1","all","CatBoost 😸","2026-04-23T08:30:17.000Z","REG_TEXT_SOCIAL_KOREAN_DRAMA","28","tf-idf","false"
"light_REG_TEXT_SOCIAL_KOREAN_DRAMA_1","0.3452337586808202","1","all","LightGBM 💡","2026-04-23T08:30:07.000Z","REG_TEXT_SOCIAL_KOREAN_DRAMA","19","tf-idf","false"
"tabpfnv2p5_REG_TEXT_SOCIAL_KOREAN_DRAMA_0","0.4552858396904548","0","all","TabPFN-v2p5 🇩🇪","2026-04-23T08:30:00.000Z","REG_TEXT_SOCIAL_KOREAN_DRAMA","23","tf-idf","false"
"tabpfnv2_REG_TEXT_SOCIAL_KOREAN_DRAMA_0","0.4237973928212616","0","all","TabPFN-v2 🤯","2026-04-23T08:29:50.000Z","REG_TEXT_SOCIAL_KOREAN_DRAMA","25","tf-idf","false"
"tabm_REG_TEXT_SOCIAL_KOREAN_DRAMA_0","0.46480223076466287","0","all","TabM Ⓜ️","2026-04-23T08:29:33.000Z","REG_TEXT_SOCIAL_KOREAN_DRAMA","21","tf-idf","false"
"cat_REG_TEXT_SOCIAL_KOREAN_DRAMA_0","0.4541871790652181","0","all","CatBoost 😸","2026-04-23T08:29:18.000Z","REG_TEXT_SOCIAL_KOREAN_DRAMA","27","tf-idf","false"
"light_REG_TEXT_SOCIAL_KOREAN_DRAMA_0","0.40931360791157045","0","all","LightGBM 💡","2026-04-23T08:29:11.000Z","REG_TEXT_SOCIAL_KOREAN_DRAMA","19","tf-idf","false"
"tabpfnv2p5_REG_TEXT_SOCIAL_FILMTV_MOVIE_RATING_ITALY_4","0.9881464469478232","4","all","TabPFN-v2p5 🇩🇪","2026-04-23T08:28:58.000Z","REG_TEXT_SOCIAL_FILMTV_MOVIE_RATING_ITALY","64","tf-idf","false"
"tabpfnv2_REG_TEXT_SOCIAL_FILMTV_MOVIE_RATING_ITALY_4","0.9877098711587788","4","all","TabPFN-v2 🤯","2026-04-23T08:28:52.000Z","REG_TEXT_SOCIAL_FILMTV_MOVIE_RATING_ITALY","77","tf-idf","false"
"tabm_REG_TEXT_SOCIAL_FILMTV_MOVIE_RATING_ITALY_4","0.976483191634498","4","all","TabM Ⓜ️","2026-04-23T08:28:35.000Z","REG_TEXT_SOCIAL_FILMTV_MOVIE_RATING_ITALY","39","tf-idf","false"
"cat_REG_TEXT_SOCIAL_FILMTV_MOVIE_RATING_ITALY_4","0.9865474239719646","4","all","CatBoost 😸","2026-04-23T08:28:15.000Z","REG_TEXT_SOCIAL_FILMTV_MOVIE_RATING_ITALY","36","tf-idf","false"
"light_REG_TEXT_SOCIAL_FILMTV_MOVIE_RATING_ITALY_4","0.9867923853715468","4","all","LightGBM 💡","2026-04-23T08:28:02.000Z","REG_TEXT_SOCIAL_FILMTV_MOVIE_RATING_ITALY","28","tf-idf","false"
"tabpfnv2p5_REG_TEXT_SOCIAL_FILMTV_MOVIE_RATING_ITALY_3","0.9888323215168616","3","all","TabPFN-v2p5 🇩🇪","2026-04-23T08:28:01.000Z","REG_TEXT_SOCIAL_FILMTV_MOVIE_RATING_ITALY","63","tf-idf","false"
"tabpfnv2_REG_TEXT_SOCIAL_FILMTV_MOVIE_RATING_ITALY_3","0.9878621323097438","3","all","TabPFN-v2 🤯","2026-04-23T08:27:32.000Z","REG_TEXT_SOCIAL_FILMTV_MOVIE_RATING_ITALY","75","tf-idf","false"
"tabm_REG_TEXT_SOCIAL_FILMTV_MOVIE_RATING_ITALY_3","0.9793570087425408","3","all","TabM Ⓜ️","2026-04-23T08:27:27.000Z","REG_TEXT_SOCIAL_FILMTV_MOVIE_RATING_ITALY","43","tf-idf","false"
"cat_REG_TEXT_SOCIAL_FILMTV_MOVIE_RATING_ITALY_3","0.987298053225965","3","all","CatBoost 😸","2026-04-23T08:26:49.000Z","REG_TEXT_SOCIAL_FILMTV_MOVIE_RATING_ITALY","39","tf-idf","false"
"light_REG_TEXT_SOCIAL_FILMTV_MOVIE_RATING_ITALY_3","0.9871329624895688","3","all","LightGBM 💡","2026-04-23T08:26:48.000Z","REG_TEXT_SOCIAL_FILMTV_MOVIE_RATING_ITALY","34","tf-idf","false"
"tabpfnv2p5_REG_TEXT_SOCIAL_FILMTV_MOVIE_RATING_ITALY_2","0.9879689888822628","2","all","TabPFN-v2p5 🇩🇪","2026-04-23T08:26:45.000Z","REG_TEXT_SOCIAL_FILMTV_MOVIE_RATING_ITALY","69","tf-idf","false"
"tabpfnv2_REG_TEXT_SOCIAL_FILMTV_MOVIE_RATING_ITALY_2","0.9873419979145334","2","all","TabPFN-v2 🤯","2026-04-23T08:26:36.000Z","REG_TEXT_SOCIAL_FILMTV_MOVIE_RATING_ITALY","83","tf-idf","false"
"tabm_REG_TEXT_SOCIAL_FILMTV_MOVIE_RATING_ITALY_2","0.9766742027198748","2","all","TabM Ⓜ️","2026-04-23T08:26:03.000Z","REG_TEXT_SOCIAL_FILMTV_MOVIE_RATING_ITALY","38","tf-idf","false"
"cat_REG_TEXT_SOCIAL_FILMTV_MOVIE_RATING_ITALY_2","0.9866226925541272","2","all","CatBoost 😸","2026-04-23T08:26:02.000Z","REG_TEXT_SOCIAL_FILMTV_MOVIE_RATING_ITALY","39","tf-idf","false"
"light_REG_TEXT_SOCIAL_FILMTV_MOVIE_RATING_ITALY_2","0.9868012214084116","2","all","LightGBM 💡","2026-04-23T08:25:31.000Z","REG_TEXT_SOCIAL_FILMTV_MOVIE_RATING_ITALY","29","tf-idf","false"
"tabpfnv2p5_REG_TEXT_SOCIAL_FILMTV_MOVIE_RATING_ITALY_1","0.9878821947182924","1","all","TabPFN-v2p5 🇩🇪","2026-04-23T08:25:27.000Z","REG_TEXT_SOCIAL_FILMTV_MOVIE_RATING_ITALY","64","tf-idf","false"
"tabpfnv2_REG_TEXT_SOCIAL_FILMTV_MOVIE_RATING_ITALY_1","0.9866589390121304","1","all","TabPFN-v2 🤯","2026-04-23T08:25:20.000Z","REG_TEXT_SOCIAL_FILMTV_MOVIE_RATING_ITALY","77","tf-idf","false"
"tabm_REG_TEXT_SOCIAL_FILMTV_MOVIE_RATING_ITALY_1","0.9786152480781004","1","all","TabM Ⓜ️","2026-04-23T08:25:19.000Z","REG_TEXT_SOCIAL_FILMTV_MOVIE_RATING_ITALY","40","tf-idf","false"
"cat_REG_TEXT_SOCIAL_FILMTV_MOVIE_RATING_ITALY_1","0.985544559612319","1","all","CatBoost 😸","2026-04-23T08:24:41.000Z","REG_TEXT_SOCIAL_FILMTV_MOVIE_RATING_ITALY","36","tf-idf","false"
"light_REG_TEXT_SOCIAL_FILMTV_MOVIE_RATING_ITALY_1","0.9861077925137914","1","all","LightGBM 💡","2026-04-23T08:24:40.000Z","REG_TEXT_SOCIAL_FILMTV_MOVIE_RATING_ITALY","31","tf-idf","false"
"tabpfnv2p5_REG_TEXT_SOCIAL_FILMTV_MOVIE_RATING_ITALY_0","0.988748165754012","0","all","TabPFN-v2p5 🇩🇪","2026-04-23T08:24:21.000Z","REG_TEXT_SOCIAL_FILMTV_MOVIE_RATING_ITALY","64","tf-idf","false"
"tabpfnv2_REG_TEXT_SOCIAL_FILMTV_MOVIE_RATING_ITALY_0","0.9884954894266772","0","all","TabPFN-v2 🤯","2026-04-23T08:24:05.000Z","REG_TEXT_SOCIAL_FILMTV_MOVIE_RATING_ITALY","77","tf-idf","false"
"tabm_REG_TEXT_SOCIAL_FILMTV_MOVIE_RATING_ITALY_0","0.9815094221470572","0","all","TabM Ⓜ️","2026-04-23T08:23:56.000Z","REG_TEXT_SOCIAL_FILMTV_MOVIE_RATING_ITALY","39","tf-idf","false"
"cat_REG_TEXT_SOCIAL_FILMTV_MOVIE_RATING_ITALY_0","0.9869723198174648","0","all","CatBoost 😸","2026-04-23T08:23:06.000Z","REG_TEXT_SOCIAL_FILMTV_MOVIE_RATING_ITALY","54","tf-idf","false"
"light_REG_TEXT_SOCIAL_FILMTV_MOVIE_RATING_ITALY_0","0.987190403392405","0","all","LightGBM 💡","2026-04-23T08:23:02.000Z","REG_TEXT_SOCIAL_FILMTV_MOVIE_RATING_ITALY","50","tf-idf","false"
"tabpfnv2p5_REG_TEXT_SOCIAL_ANIME_PLANET_RATING_4","0.75546127762872","4","all","TabPFN-v2p5 🇩🇪","2026-04-23T08:22:54.000Z","REG_TEXT_SOCIAL_ANIME_PLANET_RATING","83","tf-idf","false"
"tabpfnv2_REG_TEXT_SOCIAL_ANIME_PLANET_RATING_4","0.7410787378820523","4","all","TabPFN-v2 🤯","2026-04-23T08:22:52.000Z","REG_TEXT_SOCIAL_ANIME_PLANET_RATING","101","tf-idf","false"
"tabm_REG_TEXT_SOCIAL_ANIME_PLANET_RATING_4","0.7333748654087218","4","all","TabM Ⓜ️","2026-04-23T08:22:18.000Z","REG_TEXT_SOCIAL_ANIME_PLANET_RATING","40","tf-idf","false"
"cat_REG_TEXT_SOCIAL_ANIME_PLANET_RATING_4","0.7242220622352106","4","all","CatBoost 😸","2026-04-23T08:22:09.000Z","REG_TEXT_SOCIAL_ANIME_PLANET_RATING","38","tf-idf","false"
"light_REG_TEXT_SOCIAL_ANIME_PLANET_RATING_4","0.7025311215942597","4","all","LightGBM 💡","2026-04-23T08:21:51.000Z","REG_TEXT_SOCIAL_ANIME_PLANET_RATING","24","tf-idf","false"
"tabpfnv2p5_REG_TEXT_SOCIAL_ANIME_PLANET_RATING_3","0.7698853882955571","3","all","TabPFN-v2p5 🇩🇪","2026-04-23T08:21:50.000Z","REG_TEXT_SOCIAL_ANIME_PLANET_RATING","60","tf-idf","false"
"tabpfnv2_REG_TEXT_SOCIAL_ANIME_PLANET_RATING_3","0.745707240029625","3","all","TabPFN-v2 🤯","2026-04-23T08:21:45.000Z","REG_TEXT_SOCIAL_ANIME_PLANET_RATING","76","tf-idf","false"
"tabm_REG_TEXT_SOCIAL_ANIME_PLANET_RATING_3","0.7468881653559521","3","all","TabM Ⓜ️","2026-04-23T08:21:25.000Z","REG_TEXT_SOCIAL_ANIME_PLANET_RATING","41","tf-idf","false"
"cat_REG_TEXT_SOCIAL_ANIME_PLANET_RATING_3","0.7404366802053335","3","all","CatBoost 😸","2026-04-23T08:21:07.000Z","REG_TEXT_SOCIAL_ANIME_PLANET_RATING","36","tf-idf","false"
"light_REG_TEXT_SOCIAL_ANIME_PLANET_RATING_3","0.7230487092310349","3","all","LightGBM 💡","2026-04-23T08:20:52.000Z","REG_TEXT_SOCIAL_ANIME_PLANET_RATING","25","tf-idf","false"
"tabpfnv2p5_REG_TEXT_SOCIAL_ANIME_PLANET_RATING_2","0.7703086198576246","2","all","TabPFN-v2p5 🇩🇪","2026-04-23T08:20:45.000Z","REG_TEXT_SOCIAL_ANIME_PLANET_RATING","62","tf-idf","false"
"tabpfnv2_REG_TEXT_SOCIAL_ANIME_PLANET_RATING_2","0.7576811418020973","2","all","TabPFN-v2 🤯","2026-04-23T08:20:29.000Z","REG_TEXT_SOCIAL_ANIME_PLANET_RATING","74","tf-idf","false"
"tabm_REG_TEXT_SOCIAL_ANIME_PLANET_RATING_2","0.7430033214765812","2","all","TabM Ⓜ️","2026-04-23T08:20:03.000Z","REG_TEXT_SOCIAL_ANIME_PLANET_RATING","42","tf-idf","false"
"cat_REG_TEXT_SOCIAL_ANIME_PLANET_RATING_2","0.7443779073601086","2","all","CatBoost 😸","2026-04-23T08:19:25.000Z","REG_TEXT_SOCIAL_ANIME_PLANET_RATING","58","tf-idf","false"
"light_REG_TEXT_SOCIAL_ANIME_PLANET_RATING_2","0.7299413778851237","2","all","LightGBM 💡","2026-04-23T08:19:19.000Z","REG_TEXT_SOCIAL_ANIME_PLANET_RATING","37","tf-idf","false"
"tabpfnv2p5_REG_TEXT_SOCIAL_ANIME_PLANET_RATING_1","0.7603795330606833","1","all","TabPFN-v2p5 🇩🇪","2026-04-23T08:19:14.000Z","REG_TEXT_SOCIAL_ANIME_PLANET_RATING","87","tf-idf","false"
"tabpfnv2_REG_TEXT_SOCIAL_ANIME_PLANET_RATING_1","0.742149088835498","1","all","TabPFN-v2 🤯","2026-04-23T08:19:13.000Z","REG_TEXT_SOCIAL_ANIME_PLANET_RATING","105","tf-idf","false"
"tabm_REG_TEXT_SOCIAL_ANIME_PLANET_RATING_1","0.7404332445926408","1","all","TabM Ⓜ️","2026-04-23T08:18:42.000Z","REG_TEXT_SOCIAL_ANIME_PLANET_RATING","40","tf-idf","false"
"cat_REG_TEXT_SOCIAL_ANIME_PLANET_RATING_1","0.7347186822196783","1","all","CatBoost 😸","2026-04-23T08:18:31.000Z","REG_TEXT_SOCIAL_ANIME_PLANET_RATING","36","tf-idf","false"
"light_REG_TEXT_SOCIAL_ANIME_PLANET_RATING_1","0.7252035804772432","1","all","LightGBM 💡","2026-04-23T08:18:14.000Z","REG_TEXT_SOCIAL_ANIME_PLANET_RATING","25","tf-idf","false"
"tabpfnv2p5_REG_TEXT_SOCIAL_ANIME_PLANET_RATING_0","0.7386938046171534","0","all","TabPFN-v2p5 🇩🇪","2026-04-23T08:17:58.000Z","REG_TEXT_SOCIAL_ANIME_PLANET_RATING","66","tf-idf","false"
"tabpfnv2_REG_TEXT_SOCIAL_ANIME_PLANET_RATING_0","0.7189697995727116","0","all","TabPFN-v2 🤯","2026-04-23T08:17:47.000Z","REG_TEXT_SOCIAL_ANIME_PLANET_RATING","83","tf-idf","false"
"tabm_REG_TEXT_SOCIAL_ANIME_PLANET_RATING_0","0.7134369964646003","0","all","TabM Ⓜ️","2026-04-23T08:17:42.000Z","REG_TEXT_SOCIAL_ANIME_PLANET_RATING","42","tf-idf","false"
"cat_REG_TEXT_SOCIAL_ANIME_PLANET_RATING_0","0.7111297791200475","0","all","CatBoost 😸","2026-04-23T08:17:31.000Z","REG_TEXT_SOCIAL_ANIME_PLANET_RATING","39","tf-idf","false"
"light_REG_TEXT_SOCIAL_ANIME_PLANET_RATING_0","0.7024694973590143","0","all","LightGBM 💡","2026-04-23T08:17:30.000Z","REG_TEXT_SOCIAL_ANIME_PLANET_RATING","24","tf-idf","false"
"tabpfnv2_REG_TEXT_FOOD_RAMEN_RATINGS_2022_4","0.20779703949606151","4","all","TabPFN-v2 🤯","2026-04-23T08:17:20.000Z","REG_TEXT_FOOD_RAMEN_RATINGS_2022","21","tf-idf","false"
"tabpfnv2p5_REG_TEXT_FOOD_RAMEN_RATINGS_2022_4","0.27963253922562936","4","all","TabPFN-v2p5 🇩🇪","2026-04-23T08:17:20.000Z","REG_TEXT_FOOD_RAMEN_RATINGS_2022","20","tf-idf","false"
"tabm_REG_TEXT_FOOD_RAMEN_RATINGS_2022_4","0.23810782185840196","4","all","TabM Ⓜ️","2026-04-23T08:17:09.000Z","REG_TEXT_FOOD_RAMEN_RATINGS_2022","19","tf-idf","false"
"cat_REG_TEXT_FOOD_RAMEN_RATINGS_2022_4","0.2570771486720643","4","all","CatBoost 😸","2026-04-23T08:17:02.000Z","REG_TEXT_FOOD_RAMEN_RATINGS_2022","20","tf-idf","false"
"light_REG_TEXT_FOOD_RAMEN_RATINGS_2022_4","0.2373850107929797","4","all","LightGBM 💡","2026-04-23T08:16:58.000Z","REG_TEXT_FOOD_RAMEN_RATINGS_2022","16","tf-idf","false"
"tabpfnv2p5_REG_TEXT_FOOD_RAMEN_RATINGS_2022_3","0.1917899171392563","3","all","TabPFN-v2p5 🇩🇪","2026-04-23T08:16:52.000Z","REG_TEXT_FOOD_RAMEN_RATINGS_2022","20","tf-idf","false"
"tabpfnv2_REG_TEXT_FOOD_RAMEN_RATINGS_2022_3","0.14980744227306608","3","all","TabPFN-v2 🤯","2026-04-23T08:16:42.000Z","REG_TEXT_FOOD_RAMEN_RATINGS_2022","23","tf-idf","false"
"tabm_REG_TEXT_FOOD_RAMEN_RATINGS_2022_3","0.16039602672292863","3","all","TabM Ⓜ️","2026-04-23T08:16:39.000Z","REG_TEXT_FOOD_RAMEN_RATINGS_2022","19","tf-idf","false"
"cat_REG_TEXT_FOOD_RAMEN_RATINGS_2022_3","0.18993496766089543","3","all","CatBoost 😸","2026-04-23T08:16:30.000Z","REG_TEXT_FOOD_RAMEN_RATINGS_2022","22","tf-idf","false"
"light_REG_TEXT_FOOD_RAMEN_RATINGS_2022_3","0.15076183181757785","3","all","LightGBM 💡","2026-04-23T08:16:29.000Z","REG_TEXT_FOOD_RAMEN_RATINGS_2022","19","tf-idf","false"
"tabpfnv2p5_REG_TEXT_FOOD_RAMEN_RATINGS_2022_2","0.17104274469111735","2","all","TabPFN-v2p5 🇩🇪","2026-04-23T08:16:19.000Z","REG_TEXT_FOOD_RAMEN_RATINGS_2022","20","tf-idf","false"
"tabpfnv2_REG_TEXT_FOOD_RAMEN_RATINGS_2022_2","0.10954243490047744","2","all","TabPFN-v2 🤯","2026-04-23T08:16:10.000Z","REG_TEXT_FOOD_RAMEN_RATINGS_2022","24","tf-idf","false"
"tabm_REG_TEXT_FOOD_RAMEN_RATINGS_2022_2","0.1295882332881535","2","all","TabM Ⓜ️","2026-04-23T08:16:04.000Z","REG_TEXT_FOOD_RAMEN_RATINGS_2022","20","tf-idf","false"
"cat_REG_TEXT_FOOD_RAMEN_RATINGS_2022_2","0.12091305440227118","2","all","CatBoost 😸","2026-04-23T08:15:59.000Z","REG_TEXT_FOOD_RAMEN_RATINGS_2022","21","tf-idf","false"
"light_REG_TEXT_FOOD_RAMEN_RATINGS_2022_2","0.091075657442534","2","all","LightGBM 💡","2026-04-23T08:15:56.000Z","REG_TEXT_FOOD_RAMEN_RATINGS_2022","16","tf-idf","false"
"tabpfnv2p5_REG_TEXT_FOOD_RAMEN_RATINGS_2022_1","0.22152566637653603","1","all","TabPFN-v2p5 🇩🇪","2026-04-23T08:15:43.000Z","REG_TEXT_FOOD_RAMEN_RATINGS_2022","22","tf-idf","false"
"tabpfnv2_REG_TEXT_FOOD_RAMEN_RATINGS_2022_1","0.1353723054196877","1","all","TabPFN-v2 🤯","2026-04-23T08:15:37.000Z","REG_TEXT_FOOD_RAMEN_RATINGS_2022","22","tf-idf","false"
"tabm_REG_TEXT_FOOD_RAMEN_RATINGS_2022_1","0.18240424396432384","1","all","TabM Ⓜ️","2026-04-23T08:15:34.000Z","REG_TEXT_FOOD_RAMEN_RATINGS_2022","19","tf-idf","false"
"cat_REG_TEXT_FOOD_RAMEN_RATINGS_2022_1","0.19593870563497295","1","all","CatBoost 😸","2026-04-23T08:15:32.000Z","REG_TEXT_FOOD_RAMEN_RATINGS_2022","22","tf-idf","false"
"light_REG_TEXT_FOOD_RAMEN_RATINGS_2022_1","0.19244039811993807","1","all","LightGBM 💡","2026-04-23T08:15:21.000Z","REG_TEXT_FOOD_RAMEN_RATINGS_2022","15","tf-idf","false"
"tabpfnv2p5_REG_TEXT_FOOD_RAMEN_RATINGS_2022_0","0.16720804616482343","0","all","TabPFN-v2p5 🇩🇪","2026-04-23T08:15:12.000Z","REG_TEXT_FOOD_RAMEN_RATINGS_2022","20","tf-idf","false"
"tabpfnv2_REG_TEXT_FOOD_RAMEN_RATINGS_2022_0","0.1170530755419773","0","all","TabPFN-v2 🤯","2026-04-23T08:15:10.000Z","REG_TEXT_FOOD_RAMEN_RATINGS_2022","22","tf-idf","false"
"tabm_REG_TEXT_FOOD_RAMEN_RATINGS_2022_0","0.09516795632056708","0","all","TabM Ⓜ️","2026-04-23T08:15:04.000Z","REG_TEXT_FOOD_RAMEN_RATINGS_2022","21","tf-idf","false"
"cat_REG_TEXT_FOOD_RAMEN_RATINGS_2022_0","0.10556711658340578","0","all","CatBoost 😸","2026-04-23T08:14:53.000Z","REG_TEXT_FOOD_RAMEN_RATINGS_2022","24","tf-idf","false"
"light_REG_TEXT_FOOD_RAMEN_RATINGS_2022_0","0.13904410797210676","0","all","LightGBM 💡","2026-04-23T08:14:50.000Z","REG_TEXT_FOOD_RAMEN_RATINGS_2022","17","tf-idf","false"
"tabpfnv2p5_REG_TEXT_FOOD_WINE_VIVINO_SPAIN_4","0.8627153663421745","4","all","TabPFN-v2p5 🇩🇪","2026-04-23T08:14:37.000Z","REG_TEXT_FOOD_WINE_VIVINO_SPAIN","27","tf-idf","false"
"tabpfnv2_REG_TEXT_FOOD_WINE_VIVINO_SPAIN_4","0.8497470087125205","4","all","TabPFN-v2 🤯","2026-04-23T08:14:26.000Z","REG_TEXT_FOOD_WINE_VIVINO_SPAIN","32","tf-idf","false"
"tabm_REG_TEXT_FOOD_WINE_VIVINO_SPAIN_4","0.85413987408459","4","all","TabM Ⓜ️","2026-04-23T08:14:26.000Z","REG_TEXT_FOOD_WINE_VIVINO_SPAIN","23","tf-idf","false"
"cat_REG_TEXT_FOOD_WINE_VIVINO_SPAIN_4","0.844676122771221","4","all","CatBoost 😸","2026-04-23T08:14:18.000Z","REG_TEXT_FOOD_WINE_VIVINO_SPAIN","26","tf-idf","false"
"light_REG_TEXT_FOOD_WINE_VIVINO_SPAIN_4","0.8282509131231259","4","all","LightGBM 💡","2026-04-23T08:14:15.000Z","REG_TEXT_FOOD_WINE_VIVINO_SPAIN","15","tf-idf","false"
"tabpfnv2p5_REG_TEXT_FOOD_WINE_VIVINO_SPAIN_3","0.8057733833619709","3","all","TabPFN-v2p5 🇩🇪","2026-04-23T08:13:54.000Z","REG_TEXT_FOOD_WINE_VIVINO_SPAIN","26","tf-idf","false"
"tabpfnv2_REG_TEXT_FOOD_WINE_VIVINO_SPAIN_3","0.7965251098513355","3","all","TabPFN-v2 🤯","2026-04-23T08:13:53.000Z","REG_TEXT_FOOD_WINE_VIVINO_SPAIN","29","tf-idf","false"
"tabm_REG_TEXT_FOOD_WINE_VIVINO_SPAIN_3","0.8100343315938768","3","all","TabM Ⓜ️","2026-04-23T08:13:51.000Z","REG_TEXT_FOOD_WINE_VIVINO_SPAIN","20","tf-idf","false"
"cat_REG_TEXT_FOOD_WINE_VIVINO_SPAIN_3","0.811513468740996","3","all","CatBoost 😸","2026-04-23T08:13:47.000Z","REG_TEXT_FOOD_WINE_VIVINO_SPAIN","19","tf-idf","false"
"light_REG_TEXT_FOOD_WINE_VIVINO_SPAIN_3","0.8064497528177532","3","all","LightGBM 💡","2026-04-23T08:13:31.000Z","REG_TEXT_FOOD_WINE_VIVINO_SPAIN","17","tf-idf","false"
"tabpfnv2p5_REG_TEXT_FOOD_WINE_VIVINO_SPAIN_2","0.8229336634688933","2","all","TabPFN-v2p5 🇩🇪","2026-04-23T08:13:24.000Z","REG_TEXT_FOOD_WINE_VIVINO_SPAIN","24","tf-idf","false"
"tabpfnv2_REG_TEXT_FOOD_WINE_VIVINO_SPAIN_2","0.8061448987324487","2","all","TabPFN-v2 🤯","2026-04-23T08:13:21.000Z","REG_TEXT_FOOD_WINE_VIVINO_SPAIN","28","tf-idf","false"
"tabm_REG_TEXT_FOOD_WINE_VIVINO_SPAIN_2","0.8234564599520393","2","all","TabM Ⓜ️","2026-04-23T08:13:19.000Z","REG_TEXT_FOOD_WINE_VIVINO_SPAIN","22","tf-idf","false"
"cat_REG_TEXT_FOOD_WINE_VIVINO_SPAIN_2","0.8205305216727118","2","all","CatBoost 😸","2026-04-23T08:13:03.000Z","REG_TEXT_FOOD_WINE_VIVINO_SPAIN","23","tf-idf","false"
"light_REG_TEXT_FOOD_WINE_VIVINO_SPAIN_2","0.829860986262654","2","all","LightGBM 💡","2026-04-23T08:13:01.000Z","REG_TEXT_FOOD_WINE_VIVINO_SPAIN","16","tf-idf","false"
"tabpfnv2p5_REG_TEXT_FOOD_WINE_VIVINO_SPAIN_1","0.80272202897473","1","all","TabPFN-v2p5 🇩🇪","2026-04-23T08:12:46.000Z","REG_TEXT_FOOD_WINE_VIVINO_SPAIN","27","tf-idf","false"
"tabpfnv2_REG_TEXT_FOOD_WINE_VIVINO_SPAIN_1","0.7980133740603772","1","all","TabPFN-v2 🤯","2026-04-23T08:12:43.000Z","REG_TEXT_FOOD_WINE_VIVINO_SPAIN","31","tf-idf","false"
"tabm_REG_TEXT_FOOD_WINE_VIVINO_SPAIN_1","0.794259657909238","1","all","TabM Ⓜ️","2026-04-23T08:12:36.000Z","REG_TEXT_FOOD_WINE_VIVINO_SPAIN","24","tf-idf","false"
"cat_REG_TEXT_FOOD_WINE_VIVINO_SPAIN_1","0.8064959882983147","1","all","CatBoost 😸","2026-04-23T08:12:28.000Z","REG_TEXT_FOOD_WINE_VIVINO_SPAIN","27","tf-idf","false"
"light_REG_TEXT_FOOD_WINE_VIVINO_SPAIN_1","0.8027222704307645","1","all","LightGBM 💡","2026-04-23T08:12:24.000Z","REG_TEXT_FOOD_WINE_VIVINO_SPAIN","16","tf-idf","false"
"tabpfnv2p5_REG_TEXT_FOOD_WINE_VIVINO_SPAIN_0","0.8495052122470725","0","all","TabPFN-v2p5 🇩🇪","2026-04-23T08:12:10.000Z","REG_TEXT_FOOD_WINE_VIVINO_SPAIN","25","tf-idf","false"
"tabpfnv2_REG_TEXT_FOOD_WINE_VIVINO_SPAIN_0","0.8285212802194238","0","all","TabPFN-v2 🤯","2026-04-23T08:12:03.000Z","REG_TEXT_FOOD_WINE_VIVINO_SPAIN","29","tf-idf","false"
"tabm_REG_TEXT_FOOD_WINE_VIVINO_SPAIN_0","0.8511582371839383","0","all","TabM Ⓜ️","2026-04-23T08:12:00.000Z","REG_TEXT_FOOD_WINE_VIVINO_SPAIN","21","tf-idf","false"
"cat_REG_TEXT_FOOD_WINE_VIVINO_SPAIN_0","0.8511095934710952","0","all","CatBoost 😸","2026-04-23T08:11:57.000Z","REG_TEXT_FOOD_WINE_VIVINO_SPAIN","20","tf-idf","false"
"light_REG_TEXT_FOOD_WINE_VIVINO_SPAIN_0","0.8441415532312785","0","all","LightGBM 💡","2026-04-23T08:11:47.000Z","REG_TEXT_FOOD_WINE_VIVINO_SPAIN","18","tf-idf","false"
"tabpfnv2p5_REG_TEXT_FOOD_WINE_POLISH_MARKET_PRICES_4","0.528759806975579","4","all","TabPFN-v2p5 🇩🇪","2026-04-23T08:11:25.000Z","REG_TEXT_FOOD_WINE_POLISH_MARKET_PRICES","32","tf-idf","false"
"tabpfnv2_REG_TEXT_FOOD_WINE_POLISH_MARKET_PRICES_4","0.3906625161661951","4","all","TabPFN-v2 🤯","2026-04-23T08:11:22.000Z","REG_TEXT_FOOD_WINE_POLISH_MARKET_PRICES","36","tf-idf","false"
"tabm_REG_TEXT_FOOD_WINE_POLISH_MARKET_PRICES_4","0.1656157631195719","4","all","TabM Ⓜ️","2026-04-23T08:11:19.000Z","REG_TEXT_FOOD_WINE_POLISH_MARKET_PRICES","20","tf-idf","false"
"cat_REG_TEXT_FOOD_WINE_POLISH_MARKET_PRICES_4","0.46509952291534495","4","all","CatBoost 😸","2026-04-23T08:11:13.000Z","REG_TEXT_FOOD_WINE_POLISH_MARKET_PRICES","40","tf-idf","false"
"light_REG_TEXT_FOOD_WINE_POLISH_MARKET_PRICES_4","0.26158249310092385","4","all","LightGBM 💡","2026-04-23T08:11:01.000Z","REG_TEXT_FOOD_WINE_POLISH_MARKET_PRICES","19","tf-idf","false"
"tabpfnv2p5_REG_TEXT_FOOD_WINE_POLISH_MARKET_PRICES_3","0.6495956126866472","3","all","TabPFN-v2p5 🇩🇪","2026-04-23T08:10:55.000Z","REG_TEXT_FOOD_WINE_POLISH_MARKET_PRICES","21","tf-idf","false"
"tabpfnv2_REG_TEXT_FOOD_WINE_POLISH_MARKET_PRICES_3","0.4645321683063265","3","all","TabPFN-v2 🤯","2026-04-23T08:10:46.000Z","REG_TEXT_FOOD_WINE_POLISH_MARKET_PRICES","30","tf-idf","false"
"tabm_REG_TEXT_FOOD_WINE_POLISH_MARKET_PRICES_3","0.10093277057684812","3","all","TabM Ⓜ️","2026-04-23T08:10:46.000Z","REG_TEXT_FOOD_WINE_POLISH_MARKET_PRICES","24","tf-idf","false"
"cat_REG_TEXT_FOOD_WINE_POLISH_MARKET_PRICES_3","0.573727819574658","3","all","CatBoost 😸","2026-04-23T08:10:34.000Z","REG_TEXT_FOOD_WINE_POLISH_MARKET_PRICES","24","tf-idf","false"
"light_REG_TEXT_FOOD_WINE_POLISH_MARKET_PRICES_3","0.3027751425744196","3","all","LightGBM 💡","2026-04-23T08:10:33.000Z","REG_TEXT_FOOD_WINE_POLISH_MARKET_PRICES","16","tf-idf","false"
"tabpfnv2p5_REG_TEXT_FOOD_WINE_POLISH_MARKET_PRICES_2","0.8775074278428948","2","all","TabPFN-v2p5 🇩🇪","2026-04-23T08:10:13.000Z","REG_TEXT_FOOD_WINE_POLISH_MARKET_PRICES","27","tf-idf","false"
"tabpfnv2_REG_TEXT_FOOD_WINE_POLISH_MARKET_PRICES_2","0.4632047339617454","2","all","TabPFN-v2 🤯","2026-04-23T08:10:08.000Z","REG_TEXT_FOOD_WINE_POLISH_MARKET_PRICES","32","tf-idf","false"
"tabm_REG_TEXT_FOOD_WINE_POLISH_MARKET_PRICES_2","0.5929524731773708","2","all","TabM Ⓜ️","2026-04-23T08:10:05.000Z","REG_TEXT_FOOD_WINE_POLISH_MARKET_PRICES","24","tf-idf","false"
"cat_REG_TEXT_FOOD_WINE_POLISH_MARKET_PRICES_2","0.7294629049631549","2","all","CatBoost 😸","2026-04-23T08:09:54.000Z","REG_TEXT_FOOD_WINE_POLISH_MARKET_PRICES","35","tf-idf","false"
"light_REG_TEXT_FOOD_WINE_POLISH_MARKET_PRICES_2","0.7193389391721298","2","all","LightGBM 💡","2026-04-23T08:09:51.000Z","REG_TEXT_FOOD_WINE_POLISH_MARKET_PRICES","17","tf-idf","false"
"tabpfnv2p5_REG_TEXT_FOOD_WINE_POLISH_MARKET_PRICES_1","0.6833737388129844","1","all","TabPFN-v2p5 🇩🇪","2026-04-23T08:09:41.000Z","REG_TEXT_FOOD_WINE_POLISH_MARKET_PRICES","20","tf-idf","false"
"tabpfnv2_REG_TEXT_FOOD_WINE_POLISH_MARKET_PRICES_1","0.7241056989085972","1","all","TabPFN-v2 🤯","2026-04-23T08:09:33.000Z","REG_TEXT_FOOD_WINE_POLISH_MARKET_PRICES","27","tf-idf","false"
"tabm_REG_TEXT_FOOD_WINE_POLISH_MARKET_PRICES_1","0.5607338468836227","1","all","TabM Ⓜ️","2026-04-23T08:09:28.000Z","REG_TEXT_FOOD_WINE_POLISH_MARKET_PRICES","22","tf-idf","false"
"cat_REG_TEXT_FOOD_WINE_POLISH_MARKET_PRICES_1","0.5724574254750994","1","all","CatBoost 😸","2026-04-23T08:09:14.000Z","REG_TEXT_FOOD_WINE_POLISH_MARKET_PRICES","30","tf-idf","false"
"light_REG_TEXT_FOOD_WINE_POLISH_MARKET_PRICES_1","0.4851302309959167","1","all","LightGBM 💡","2026-04-23T08:09:13.000Z","REG_TEXT_FOOD_WINE_POLISH_MARKET_PRICES","20","tf-idf","false"
"tabpfnv2p5_REG_TEXT_FOOD_WINE_POLISH_MARKET_PRICES_0","0.5438375658976575","0","all","TabPFN-v2p5 🇩🇪","2026-04-23T08:09:06.000Z","REG_TEXT_FOOD_WINE_POLISH_MARKET_PRICES","20","tf-idf","false"
"tabpfnv2_REG_TEXT_FOOD_WINE_POLISH_MARKET_PRICES_0","0.39730650686984337","0","all","TabPFN-v2 🤯","2026-04-23T08:08:55.000Z","REG_TEXT_FOOD_WINE_POLISH_MARKET_PRICES","27","tf-idf","false"
"tabm_REG_TEXT_FOOD_WINE_POLISH_MARKET_PRICES_0","0.7659612581326203","0","all","TabM Ⓜ️","2026-04-23T08:08:46.000Z","REG_TEXT_FOOD_WINE_POLISH_MARKET_PRICES","21","tf-idf","false"
"cat_REG_TEXT_FOOD_WINE_POLISH_MARKET_PRICES_0","0.4143047318937749","0","all","CatBoost 😸","2026-04-23T08:08:45.000Z","REG_TEXT_FOOD_WINE_POLISH_MARKET_PRICES","24","tf-idf","false"
"light_REG_TEXT_FOOD_WINE_POLISH_MARKET_PRICES_0","0.3229280675343634","0","all","LightGBM 💡","2026-04-23T08:08:43.000Z","REG_TEXT_FOOD_WINE_POLISH_MARKET_PRICES","17","tf-idf","false"
"tabpfnv2p5_REG_TEXT_TRANSPORTATION_USED_CAR_SAUDI_ARABIA_4","0.906795859336853","4","all","TabPFN-v2p5 🇩🇪","2026-04-23T08:08:28.000Z","REG_TEXT_TRANSPORTATION_USED_CAR_SAUDI_ARABIA","24","tf-idf","false"
"tabpfnv2_REG_TEXT_TRANSPORTATION_USED_CAR_SAUDI_ARABIA_4","0.8743817210197449","4","all","TabPFN-v2 🤯","2026-04-23T08:08:12.000Z","REG_TEXT_TRANSPORTATION_USED_CAR_SAUDI_ARABIA","27","tf-idf","false"
"tabm_REG_TEXT_TRANSPORTATION_USED_CAR_SAUDI_ARABIA_4","0.8964760899543762","4","all","TabM Ⓜ️","2026-04-23T08:08:11.000Z","REG_TEXT_TRANSPORTATION_USED_CAR_SAUDI_ARABIA","25","tf-idf","false"
"cat_REG_TEXT_TRANSPORTATION_USED_CAR_SAUDI_ARABIA_4","0.8898150616869966","4","all","CatBoost 😸","2026-04-23T08:08:08.000Z","REG_TEXT_TRANSPORTATION_USED_CAR_SAUDI_ARABIA","33","tf-idf","false"
"light_REG_TEXT_TRANSPORTATION_USED_CAR_SAUDI_ARABIA_4","0.8866216655017922","4","all","LightGBM 💡","2026-04-23T08:08:06.000Z","REG_TEXT_TRANSPORTATION_USED_CAR_SAUDI_ARABIA","15","tf-idf","false"
"tabpfnv2p5_REG_TEXT_TRANSPORTATION_USED_CAR_SAUDI_ARABIA_3","0.8712496757507324","3","all","TabPFN-v2p5 🇩🇪","2026-04-23T08:07:45.000Z","REG_TEXT_TRANSPORTATION_USED_CAR_SAUDI_ARABIA","24","tf-idf","false"
"tabpfnv2_REG_TEXT_TRANSPORTATION_USED_CAR_SAUDI_ARABIA_3","0.8758029937744141","3","all","TabPFN-v2 🤯","2026-04-23T08:07:39.000Z","REG_TEXT_TRANSPORTATION_USED_CAR_SAUDI_ARABIA","28","tf-idf","false"
"tabm_REG_TEXT_TRANSPORTATION_USED_CAR_SAUDI_ARABIA_3","0.911525309085846","3","all","TabM Ⓜ️","2026-04-23T08:07:35.000Z","REG_TEXT_TRANSPORTATION_USED_CAR_SAUDI_ARABIA","28","tf-idf","false"
"cat_REG_TEXT_TRANSPORTATION_USED_CAR_SAUDI_ARABIA_3","0.8768442271620742","3","all","CatBoost 😸","2026-04-23T08:07:27.000Z","REG_TEXT_TRANSPORTATION_USED_CAR_SAUDI_ARABIA","31","tf-idf","false"
"light_REG_TEXT_TRANSPORTATION_USED_CAR_SAUDI_ARABIA_3","0.8594729934806331","3","all","LightGBM 💡","2026-04-23T08:07:23.000Z","REG_TEXT_TRANSPORTATION_USED_CAR_SAUDI_ARABIA","16","tf-idf","false"
"tabpfnv2p5_REG_TEXT_TRANSPORTATION_USED_CAR_SAUDI_ARABIA_2","0.9271975755691528","2","all","TabPFN-v2p5 🇩🇪","2026-04-23T08:07:06.000Z","REG_TEXT_TRANSPORTATION_USED_CAR_SAUDI_ARABIA","26","tf-idf","false"
"tabpfnv2_REG_TEXT_TRANSPORTATION_USED_CAR_SAUDI_ARABIA_2","0.9129937291145324","2","all","TabPFN-v2 🤯","2026-04-23T08:07:01.000Z","REG_TEXT_TRANSPORTATION_USED_CAR_SAUDI_ARABIA","30","tf-idf","false"
"tabm_REG_TEXT_TRANSPORTATION_USED_CAR_SAUDI_ARABIA_2","0.8919498920440674","2","all","TabM Ⓜ️","2026-04-23T08:06:50.000Z","REG_TEXT_TRANSPORTATION_USED_CAR_SAUDI_ARABIA","26","tf-idf","false"
"cat_REG_TEXT_TRANSPORTATION_USED_CAR_SAUDI_ARABIA_2","0.9104710768888908","2","all","CatBoost 😸","2026-04-23T08:06:48.000Z","REG_TEXT_TRANSPORTATION_USED_CAR_SAUDI_ARABIA","34","tf-idf","false"
"light_REG_TEXT_TRANSPORTATION_USED_CAR_SAUDI_ARABIA_2","0.9064523067045388","2","all","LightGBM 💡","2026-04-23T08:06:43.000Z","REG_TEXT_TRANSPORTATION_USED_CAR_SAUDI_ARABIA","16","tf-idf","false"
"tabpfnv2p5_REG_TEXT_TRANSPORTATION_USED_CAR_SAUDI_ARABIA_1","0.8770846724510193","1","all","TabPFN-v2p5 🇩🇪","2026-04-23T08:06:33.000Z","REG_TEXT_TRANSPORTATION_USED_CAR_SAUDI_ARABIA","25","tf-idf","false"
"tabpfnv2_REG_TEXT_TRANSPORTATION_USED_CAR_SAUDI_ARABIA_1","0.8790524005889893","1","all","TabPFN-v2 🤯","2026-04-23T08:06:16.000Z","REG_TEXT_TRANSPORTATION_USED_CAR_SAUDI_ARABIA","25","tf-idf","false"
"tabm_REG_TEXT_TRANSPORTATION_USED_CAR_SAUDI_ARABIA_1","0.8812683820724487","1","all","TabM Ⓜ️","2026-04-23T08:06:15.000Z","REG_TEXT_TRANSPORTATION_USED_CAR_SAUDI_ARABIA","23","tf-idf","false"
"cat_REG_TEXT_TRANSPORTATION_USED_CAR_SAUDI_ARABIA_1","0.9226146967224657","1","all","CatBoost 😸","2026-04-23T08:06:12.000Z","REG_TEXT_TRANSPORTATION_USED_CAR_SAUDI_ARABIA","34","tf-idf","false"
"light_REG_TEXT_TRANSPORTATION_USED_CAR_SAUDI_ARABIA_1","0.9116838905516051","1","all","LightGBM 💡","2026-04-23T08:06:11.000Z","REG_TEXT_TRANSPORTATION_USED_CAR_SAUDI_ARABIA","16","tf-idf","false"
"tabpfnv2p5_REG_TEXT_TRANSPORTATION_USED_CAR_SAUDI_ARABIA_0","0.8661723136901855","0","all","TabPFN-v2p5 🇩🇪","2026-04-23T08:05:44.000Z","REG_TEXT_TRANSPORTATION_USED_CAR_SAUDI_ARABIA","23","tf-idf","false"
"tabpfnv2_REG_TEXT_TRANSPORTATION_USED_CAR_SAUDI_ARABIA_0","0.8187903761863708","0","all","TabPFN-v2 🤯","2026-04-23T08:05:42.000Z","REG_TEXT_TRANSPORTATION_USED_CAR_SAUDI_ARABIA","26","tf-idf","false"
"cat_REG_TEXT_TRANSPORTATION_USED_CAR_SAUDI_ARABIA_0","0.8822511987482647","0","all","CatBoost 😸","2026-04-23T08:05:38.000Z","REG_TEXT_TRANSPORTATION_USED_CAR_SAUDI_ARABIA","34","tf-idf","false"
"tabm_REG_TEXT_TRANSPORTATION_USED_CAR_SAUDI_ARABIA_0","0.8875241875648499","0","all","TabM Ⓜ️","2026-04-23T08:05:38.000Z","REG_TEXT_TRANSPORTATION_USED_CAR_SAUDI_ARABIA","25","tf-idf","false"
"light_REG_TEXT_TRANSPORTATION_USED_CAR_SAUDI_ARABIA_0","0.8667659215444687","0","all","LightGBM 💡","2026-04-23T08:05:22.000Z","REG_TEXT_TRANSPORTATION_USED_CAR_SAUDI_ARABIA","15","tf-idf","false"
"tabpfnv2p5_REG_TEXT_TRANSPORTATION_USED_CAR_PAKISTAN_4","0.955767329094918","4","all","TabPFN-v2p5 🇩🇪","2026-04-23T08:05:00.000Z","REG_TEXT_TRANSPORTATION_USED_CAR_PAKISTAN","32","tf-idf","false"
"tabpfnv2_REG_TEXT_TRANSPORTATION_USED_CAR_PAKISTAN_4","0.8791906117527772","4","all","TabPFN-v2 🤯","2026-04-23T08:04:59.000Z","REG_TEXT_TRANSPORTATION_USED_CAR_PAKISTAN","38","tf-idf","false"
"tabm_REG_TEXT_TRANSPORTATION_USED_CAR_PAKISTAN_4","0.9551036681644448","4","all","TabM Ⓜ️","2026-04-23T08:04:55.000Z","REG_TEXT_TRANSPORTATION_USED_CAR_PAKISTAN","39","tf-idf","false"
"cat_REG_TEXT_TRANSPORTATION_USED_CAR_PAKISTAN_4","0.9431623227631576","4","all","CatBoost 😸","2026-04-23T08:04:48.000Z","REG_TEXT_TRANSPORTATION_USED_CAR_PAKISTAN","27","tf-idf","false"
"light_REG_TEXT_TRANSPORTATION_USED_CAR_PAKISTAN_4","0.9416606856870656","4","all","LightGBM 💡","2026-04-23T08:04:37.000Z","REG_TEXT_TRANSPORTATION_USED_CAR_PAKISTAN","16","tf-idf","false"
"tabpfnv2p5_REG_TEXT_TRANSPORTATION_USED_CAR_PAKISTAN_3","0.9262804164960085","3","all","TabPFN-v2p5 🇩🇪","2026-04-23T08:04:17.000Z","REG_TEXT_TRANSPORTATION_USED_CAR_PAKISTAN","33","tf-idf","false"
"tabm_REG_TEXT_TRANSPORTATION_USED_CAR_PAKISTAN_3","0.9526815029015352","3","all","TabM Ⓜ️","2026-04-23T08:04:16.000Z","REG_TEXT_TRANSPORTATION_USED_CAR_PAKISTAN","27","tf-idf","false"
"tabpfnv2_REG_TEXT_TRANSPORTATION_USED_CAR_PAKISTAN_3","0.8350798948369678","3","all","TabPFN-v2 🤯","2026-04-23T08:04:16.000Z","REG_TEXT_TRANSPORTATION_USED_CAR_PAKISTAN","40","tf-idf","false"
"cat_REG_TEXT_TRANSPORTATION_USED_CAR_PAKISTAN_3","0.9519590439729896","3","all","CatBoost 😸","2026-04-23T08:04:04.000Z","REG_TEXT_TRANSPORTATION_USED_CAR_PAKISTAN","27","tf-idf","false"
"light_REG_TEXT_TRANSPORTATION_USED_CAR_PAKISTAN_3","0.92455507618099","3","all","LightGBM 💡","2026-04-23T08:03:55.000Z","REG_TEXT_TRANSPORTATION_USED_CAR_PAKISTAN","16","tf-idf","false"
"tabpfnv2p5_REG_TEXT_TRANSPORTATION_USED_CAR_PAKISTAN_2","0.951309522362806","2","all","TabPFN-v2p5 🇩🇪","2026-04-23T08:03:43.000Z","REG_TEXT_TRANSPORTATION_USED_CAR_PAKISTAN","30","tf-idf","false"
"tabpfnv2_REG_TEXT_TRANSPORTATION_USED_CAR_PAKISTAN_2","0.8482745561631407","2","all","TabPFN-v2 🤯","2026-04-23T08:03:33.000Z","REG_TEXT_TRANSPORTATION_USED_CAR_PAKISTAN","37","tf-idf","false"
"tabm_REG_TEXT_TRANSPORTATION_USED_CAR_PAKISTAN_2","0.9575851324259644","2","all","TabM Ⓜ️","2026-04-23T08:03:32.000Z","REG_TEXT_TRANSPORTATION_USED_CAR_PAKISTAN","27","tf-idf","false"
"cat_REG_TEXT_TRANSPORTATION_USED_CAR_PAKISTAN_2","0.9463079632526006","2","all","CatBoost 😸","2026-04-23T08:03:22.000Z","REG_TEXT_TRANSPORTATION_USED_CAR_PAKISTAN","27","tf-idf","false"
"light_REG_TEXT_TRANSPORTATION_USED_CAR_PAKISTAN_2","0.93586877974047","2","all","LightGBM 💡","2026-04-23T08:03:20.000Z","REG_TEXT_TRANSPORTATION_USED_CAR_PAKISTAN","16","tf-idf","false"
"tabpfnv2p5_REG_TEXT_TRANSPORTATION_USED_CAR_PAKISTAN_1","0.9121312613539948","1","all","TabPFN-v2p5 🇩🇪","2026-04-23T08:02:53.000Z","REG_TEXT_TRANSPORTATION_USED_CAR_PAKISTAN","35","tf-idf","false"
"tabpfnv2_REG_TEXT_TRANSPORTATION_USED_CAR_PAKISTAN_1","0.8752865797102864","1","all","TabPFN-v2 🤯","2026-04-23T08:02:49.000Z","REG_TEXT_TRANSPORTATION_USED_CAR_PAKISTAN","41","tf-idf","false"
"tabm_REG_TEXT_TRANSPORTATION_USED_CAR_PAKISTAN_1","0.9633853032306106","1","all","TabM Ⓜ️","2026-04-23T08:02:48.000Z","REG_TEXT_TRANSPORTATION_USED_CAR_PAKISTAN","26","tf-idf","false"
"cat_REG_TEXT_TRANSPORTATION_USED_CAR_PAKISTAN_1","0.9705560075933256","1","all","CatBoost 😸","2026-04-23T08:02:47.000Z","REG_TEXT_TRANSPORTATION_USED_CAR_PAKISTAN","31","tf-idf","false"
"light_REG_TEXT_TRANSPORTATION_USED_CAR_PAKISTAN_1","0.9615423628552252","1","all","LightGBM 💡","2026-04-23T08:02:30.000Z","REG_TEXT_TRANSPORTATION_USED_CAR_PAKISTAN","17","tf-idf","false"
"tabpfnv2p5_REG_TEXT_TRANSPORTATION_USED_CAR_PAKISTAN_0","0.90196476477206","0","all","TabPFN-v2p5 🇩🇪","2026-04-23T08:02:08.000Z","REG_TEXT_TRANSPORTATION_USED_CAR_PAKISTAN","34","tf-idf","false"
"tabpfnv2_REG_TEXT_TRANSPORTATION_USED_CAR_PAKISTAN_0","0.7743023521709561","0","all","TabPFN-v2 🤯","2026-04-23T08:02:05.000Z","REG_TEXT_TRANSPORTATION_USED_CAR_PAKISTAN","39","tf-idf","false"
"tabm_REG_TEXT_TRANSPORTATION_USED_CAR_PAKISTAN_0","0.8316457039395523","0","all","TabM Ⓜ️","2026-04-23T08:02:04.000Z","REG_TEXT_TRANSPORTATION_USED_CAR_PAKISTAN","36","tf-idf","false"
"cat_REG_TEXT_TRANSPORTATION_USED_CAR_PAKISTAN_0","0.8793399537927296","0","all","CatBoost 😸","2026-04-23T08:01:56.000Z","REG_TEXT_TRANSPORTATION_USED_CAR_PAKISTAN","28","tf-idf","false"
"light_REG_TEXT_TRANSPORTATION_USED_CAR_PAKISTAN_0","0.8472224089464591","0","all","LightGBM 💡","2026-04-23T08:01:43.000Z","REG_TEXT_TRANSPORTATION_USED_CAR_PAKISTAN","16","tf-idf","false"
"tabpfnv2p5_REG_TEXT_TRANSPORTATION_USED_CAR_MERCEDES_BENZ_ITALY_4","0.941039502620697","4","all","TabPFN-v2p5 🇩🇪","2026-04-23T08:01:39.000Z","REG_TEXT_TRANSPORTATION_USED_CAR_MERCEDES_BENZ_ITALY","25","tf-idf","false"
"tabpfnv2_REG_TEXT_TRANSPORTATION_USED_CAR_MERCEDES_BENZ_ITALY_4","0.8783136606216431","4","all","TabPFN-v2 🤯","2026-04-23T08:01:31.000Z","REG_TEXT_TRANSPORTATION_USED_CAR_MERCEDES_BENZ_ITALY","27","tf-idf","false"
"tabm_REG_TEXT_TRANSPORTATION_USED_CAR_MERCEDES_BENZ_ITALY_4","0.9287315011024476","4","all","TabM Ⓜ️","2026-04-23T08:01:28.000Z","REG_TEXT_TRANSPORTATION_USED_CAR_MERCEDES_BENZ_ITALY","23","tf-idf","false"
"cat_REG_TEXT_TRANSPORTATION_USED_CAR_MERCEDES_BENZ_ITALY_4","0.9243333341514748","4","all","CatBoost 😸","2026-04-23T08:01:21.000Z","REG_TEXT_TRANSPORTATION_USED_CAR_MERCEDES_BENZ_ITALY","19","tf-idf","false"
"light_REG_TEXT_TRANSPORTATION_USED_CAR_MERCEDES_BENZ_ITALY_4","0.9327668959839392","4","all","LightGBM 💡","2026-04-23T08:01:17.000Z","REG_TEXT_TRANSPORTATION_USED_CAR_MERCEDES_BENZ_ITALY","16","tf-idf","false"
"tabpfnv2p5_REG_TEXT_TRANSPORTATION_USED_CAR_MERCEDES_BENZ_ITALY_3","0.8904624581336975","3","all","TabPFN-v2p5 🇩🇪","2026-04-23T08:01:03.000Z","REG_TEXT_TRANSPORTATION_USED_CAR_MERCEDES_BENZ_ITALY","25","tf-idf","false"
"tabpfnv2_REG_TEXT_TRANSPORTATION_USED_CAR_MERCEDES_BENZ_ITALY_3","0.869771420955658","3","all","TabPFN-v2 🤯","2026-04-23T08:00:55.000Z","REG_TEXT_TRANSPORTATION_USED_CAR_MERCEDES_BENZ_ITALY","26","tf-idf","false"
"tabm_REG_TEXT_TRANSPORTATION_USED_CAR_MERCEDES_BENZ_ITALY_3","-105643.2109375","3","all","TabM Ⓜ️","2026-04-23T08:00:53.000Z","REG_TEXT_TRANSPORTATION_USED_CAR_MERCEDES_BENZ_ITALY","24","tf-idf","false"
"cat_REG_TEXT_TRANSPORTATION_USED_CAR_MERCEDES_BENZ_ITALY_3","-29.78985537948188","3","all","CatBoost 😸","2026-04-23T08:00:52.000Z","REG_TEXT_TRANSPORTATION_USED_CAR_MERCEDES_BENZ_ITALY","16","tf-idf","false"
"light_REG_TEXT_TRANSPORTATION_USED_CAR_MERCEDES_BENZ_ITALY_3","-4091.095015690708","3","all","LightGBM 💡","2026-04-23T08:00:40.000Z","REG_TEXT_TRANSPORTATION_USED_CAR_MERCEDES_BENZ_ITALY","16","tf-idf","false"
"tabpfnv2p5_REG_TEXT_TRANSPORTATION_USED_CAR_MERCEDES_BENZ_ITALY_2","0.9087972640991212","2","all","TabPFN-v2p5 🇩🇪","2026-04-23T08:00:26.000Z","REG_TEXT_TRANSPORTATION_USED_CAR_MERCEDES_BENZ_ITALY","24","tf-idf","false"
"tabpfnv2_REG_TEXT_TRANSPORTATION_USED_CAR_MERCEDES_BENZ_ITALY_2","0.8955929279327393","2","all","TabPFN-v2 🤯","2026-04-23T08:00:22.000Z","REG_TEXT_TRANSPORTATION_USED_CAR_MERCEDES_BENZ_ITALY","26","tf-idf","false"
"tabm_REG_TEXT_TRANSPORTATION_USED_CAR_MERCEDES_BENZ_ITALY_2","0.015823185443878174","2","all","TabM Ⓜ️","2026-04-23T08:00:20.000Z","REG_TEXT_TRANSPORTATION_USED_CAR_MERCEDES_BENZ_ITALY","27","tf-idf","false"
"cat_REG_TEXT_TRANSPORTATION_USED_CAR_MERCEDES_BENZ_ITALY_2","-7.101672145462695","2","all","CatBoost 😸","2026-04-23T08:00:18.000Z","REG_TEXT_TRANSPORTATION_USED_CAR_MERCEDES_BENZ_ITALY","16","tf-idf","false"
"light_REG_TEXT_TRANSPORTATION_USED_CAR_MERCEDES_BENZ_ITALY_2","-1616.9562065501823","2","all","LightGBM 💡","2026-04-23T08:00:04.000Z","REG_TEXT_TRANSPORTATION_USED_CAR_MERCEDES_BENZ_ITALY","15","tf-idf","false"
"tabpfnv2p5_REG_TEXT_TRANSPORTATION_USED_CAR_MERCEDES_BENZ_ITALY_1","0.9474249482154846","1","all","TabPFN-v2p5 🇩🇪","2026-04-23T07:59:49.000Z","REG_TEXT_TRANSPORTATION_USED_CAR_MERCEDES_BENZ_ITALY","26","tf-idf","false"
"tabpfnv2_REG_TEXT_TRANSPORTATION_USED_CAR_MERCEDES_BENZ_ITALY_1","0.8761560320854187","1","all","TabPFN-v2 🤯","2026-04-23T07:59:47.000Z","REG_TEXT_TRANSPORTATION_USED_CAR_MERCEDES_BENZ_ITALY","28","tf-idf","false"
"tabm_REG_TEXT_TRANSPORTATION_USED_CAR_MERCEDES_BENZ_ITALY_1","0.9359270930290222","1","all","TabM Ⓜ️","2026-04-23T07:59:46.000Z","REG_TEXT_TRANSPORTATION_USED_CAR_MERCEDES_BENZ_ITALY","27","tf-idf","false"
"cat_REG_TEXT_TRANSPORTATION_USED_CAR_MERCEDES_BENZ_ITALY_1","0.936969508835012","1","all","CatBoost 😸","2026-04-23T07:59:35.000Z","REG_TEXT_TRANSPORTATION_USED_CAR_MERCEDES_BENZ_ITALY","23","tf-idf","false"
"light_REG_TEXT_TRANSPORTATION_USED_CAR_MERCEDES_BENZ_ITALY_1","0.9375735315526482","1","all","LightGBM 💡","2026-04-23T07:59:25.000Z","REG_TEXT_TRANSPORTATION_USED_CAR_MERCEDES_BENZ_ITALY","15","tf-idf","false"
"tabpfnv2p5_REG_TEXT_TRANSPORTATION_USED_CAR_MERCEDES_BENZ_ITALY_0","0.9058866500854492","0","all","TabPFN-v2p5 🇩🇪","2026-04-23T07:59:22.000Z","REG_TEXT_TRANSPORTATION_USED_CAR_MERCEDES_BENZ_ITALY","23","tf-idf","false"
"tabpfnv2_REG_TEXT_TRANSPORTATION_USED_CAR_MERCEDES_BENZ_ITALY_0","0.9017276167869568","0","all","TabPFN-v2 🤯","2026-04-23T07:59:13.000Z","REG_TEXT_TRANSPORTATION_USED_CAR_MERCEDES_BENZ_ITALY","27","tf-idf","false"
"tabm_REG_TEXT_TRANSPORTATION_USED_CAR_MERCEDES_BENZ_ITALY_0","0.06362766027450562","0","all","TabM Ⓜ️","2026-04-23T07:59:07.000Z","REG_TEXT_TRANSPORTATION_USED_CAR_MERCEDES_BENZ_ITALY","25","tf-idf","false"
"cat_REG_TEXT_TRANSPORTATION_USED_CAR_MERCEDES_BENZ_ITALY_0","0.8258598683660452","0","all","CatBoost 😸","2026-04-23T07:59:02.000Z","REG_TEXT_TRANSPORTATION_USED_CAR_MERCEDES_BENZ_ITALY","18","tf-idf","false"
"light_REG_TEXT_TRANSPORTATION_USED_CAR_MERCEDES_BENZ_ITALY_0","-255.37153185546612","0","all","LightGBM 💡","2026-04-23T07:59:00.000Z","REG_TEXT_TRANSPORTATION_USED_CAR_MERCEDES_BENZ_ITALY","15","tf-idf","false"
"tabpfnv2p5_REG_TEXT_SPORTS_NBA_DRAFT_VALUE_OVER_REPLACEMENT_4","0.9997000791810552","4","all","TabPFN-v2p5 🇩🇪","2026-04-23T07:58:46.000Z","REG_TEXT_SPORTS_NBA_DRAFT_VALUE_OVER_REPLACEMENT","20","tf-idf","false"
"tabpfnv2_REG_TEXT_SPORTS_NBA_DRAFT_VALUE_OVER_REPLACEMENT_4","0.9749253905478488","4","all","TabPFN-v2 🤯","2026-04-23T07:58:40.000Z","REG_TEXT_SPORTS_NBA_DRAFT_VALUE_OVER_REPLACEMENT","21","tf-idf","false"
"tabm_REG_TEXT_SPORTS_NBA_DRAFT_VALUE_OVER_REPLACEMENT_4","0.9375096819476336","4","all","TabM Ⓜ️","2026-04-23T07:58:37.000Z","REG_TEXT_SPORTS_NBA_DRAFT_VALUE_OVER_REPLACEMENT","17","tf-idf","false"
"cat_REG_TEXT_SPORTS_NBA_DRAFT_VALUE_OVER_REPLACEMENT_4","0.9788424569160634","4","all","CatBoost 😸","2026-04-23T07:58:34.000Z","REG_TEXT_SPORTS_NBA_DRAFT_VALUE_OVER_REPLACEMENT","25","tf-idf","false"
"light_REG_TEXT_SPORTS_NBA_DRAFT_VALUE_OVER_REPLACEMENT_4","0.9706005940711367","4","all","LightGBM 💡","2026-04-23T07:58:24.000Z","REG_TEXT_SPORTS_NBA_DRAFT_VALUE_OVER_REPLACEMENT","15","tf-idf","false"
"tabpfnv2p5_REG_TEXT_SPORTS_NBA_DRAFT_VALUE_OVER_REPLACEMENT_3","0.9993855661211656","3","all","TabPFN-v2p5 🇩🇪","2026-04-23T07:58:18.000Z","REG_TEXT_SPORTS_NBA_DRAFT_VALUE_OVER_REPLACEMENT","18","tf-idf","false"
"tabpfnv2_REG_TEXT_SPORTS_NBA_DRAFT_VALUE_OVER_REPLACEMENT_3","0.926046660095809","3","all","TabPFN-v2 🤯","2026-04-23T07:58:09.000Z","REG_TEXT_SPORTS_NBA_DRAFT_VALUE_OVER_REPLACEMENT","21","tf-idf","false"
"tabm_REG_TEXT_SPORTS_NBA_DRAFT_VALUE_OVER_REPLACEMENT_3","0.9077710307365946","3","all","TabM Ⓜ️","2026-04-23T07:58:06.000Z","REG_TEXT_SPORTS_NBA_DRAFT_VALUE_OVER_REPLACEMENT","22","tf-idf","false"
"cat_REG_TEXT_SPORTS_NBA_DRAFT_VALUE_OVER_REPLACEMENT_3","0.9730310033852956","3","all","CatBoost 😸","2026-04-23T07:57:56.000Z","REG_TEXT_SPORTS_NBA_DRAFT_VALUE_OVER_REPLACEMENT","25","tf-idf","false"
"light_REG_TEXT_SPORTS_NBA_DRAFT_VALUE_OVER_REPLACEMENT_3","0.9691404263434948","3","all","LightGBM 💡","2026-04-23T07:57:55.000Z","REG_TEXT_SPORTS_NBA_DRAFT_VALUE_OVER_REPLACEMENT","18","tf-idf","false"
"tabpfnv2p5_REG_TEXT_SPORTS_NBA_DRAFT_VALUE_OVER_REPLACEMENT_2","0.9475169362807666","2","all","TabPFN-v2p5 🇩🇪","2026-04-23T07:57:47.000Z","REG_TEXT_SPORTS_NBA_DRAFT_VALUE_OVER_REPLACEMENT","18","tf-idf","false"
"tabpfnv2_REG_TEXT_SPORTS_NBA_DRAFT_VALUE_OVER_REPLACEMENT_2","0.9006497793517853","2","all","TabPFN-v2 🤯","2026-04-23T07:57:39.000Z","REG_TEXT_SPORTS_NBA_DRAFT_VALUE_OVER_REPLACEMENT","21","tf-idf","false"
"tabm_REG_TEXT_SPORTS_NBA_DRAFT_VALUE_OVER_REPLACEMENT_2","0.9592789315326208","2","all","TabM Ⓜ️","2026-04-23T07:57:32.000Z","REG_TEXT_SPORTS_NBA_DRAFT_VALUE_OVER_REPLACEMENT","19","tf-idf","false"
"cat_REG_TEXT_SPORTS_NBA_DRAFT_VALUE_OVER_REPLACEMENT_2","0.8674422036959797","2","all","CatBoost 😸","2026-04-23T07:57:28.000Z","REG_TEXT_SPORTS_NBA_DRAFT_VALUE_OVER_REPLACEMENT","22","tf-idf","false"
"light_REG_TEXT_SPORTS_NBA_DRAFT_VALUE_OVER_REPLACEMENT_2","0.8565697078666559","2","all","LightGBM 💡","2026-04-23T07:57:25.000Z","REG_TEXT_SPORTS_NBA_DRAFT_VALUE_OVER_REPLACEMENT","15","tf-idf","false"
"tabpfnv2p5_REG_TEXT_SPORTS_NBA_DRAFT_VALUE_OVER_REPLACEMENT_1","0.9991207561367744","1","all","TabPFN-v2p5 🇩🇪","2026-04-23T07:57:12.000Z","REG_TEXT_SPORTS_NBA_DRAFT_VALUE_OVER_REPLACEMENT","20","tf-idf","false"
"tabpfnv2_REG_TEXT_SPORTS_NBA_DRAFT_VALUE_OVER_REPLACEMENT_1","0.8810157660691176","1","all","TabPFN-v2 🤯","2026-04-23T07:57:05.000Z","REG_TEXT_SPORTS_NBA_DRAFT_VALUE_OVER_REPLACEMENT","21","tf-idf","false"
"tabm_REG_TEXT_SPORTS_NBA_DRAFT_VALUE_OVER_REPLACEMENT_1","0.9191123428361476","1","all","TabM Ⓜ️","2026-04-23T07:57:03.000Z","REG_TEXT_SPORTS_NBA_DRAFT_VALUE_OVER_REPLACEMENT","18","tf-idf","false"
"cat_REG_TEXT_SPORTS_NBA_DRAFT_VALUE_OVER_REPLACEMENT_1","0.9549947630021752","1","all","CatBoost 😸","2026-04-23T07:57:01.000Z","REG_TEXT_SPORTS_NBA_DRAFT_VALUE_OVER_REPLACEMENT","24","tf-idf","false"
"light_REG_TEXT_SPORTS_NBA_DRAFT_VALUE_OVER_REPLACEMENT_1","0.932153343758386","1","all","LightGBM 💡","2026-04-23T07:56:55.000Z","REG_TEXT_SPORTS_NBA_DRAFT_VALUE_OVER_REPLACEMENT","15","tf-idf","false"
"tabpfnv2p5_REG_TEXT_SPORTS_NBA_DRAFT_VALUE_OVER_REPLACEMENT_0","0.999632547972894","0","all","TabPFN-v2p5 🇩🇪","2026-04-23T07:56:37.000Z","REG_TEXT_SPORTS_NBA_DRAFT_VALUE_OVER_REPLACEMENT","22","tf-idf","false"
"tabpfnv2_REG_TEXT_SPORTS_NBA_DRAFT_VALUE_OVER_REPLACEMENT_0","0.959768222701794","0","all","TabPFN-v2 🤯","2026-04-23T07:56:36.000Z","REG_TEXT_SPORTS_NBA_DRAFT_VALUE_OVER_REPLACEMENT","21","tf-idf","false"
"tabm_REG_TEXT_SPORTS_NBA_DRAFT_VALUE_OVER_REPLACEMENT_0","0.9678557994743264","0","all","TabM Ⓜ️","2026-04-23T07:56:33.000Z","REG_TEXT_SPORTS_NBA_DRAFT_VALUE_OVER_REPLACEMENT","20","tf-idf","false"
"cat_REG_TEXT_SPORTS_NBA_DRAFT_VALUE_OVER_REPLACEMENT_0","0.992582385850561","0","all","CatBoost 😸","2026-04-23T07:56:26.000Z","REG_TEXT_SPORTS_NBA_DRAFT_VALUE_OVER_REPLACEMENT","23","tf-idf","false"
"light_REG_TEXT_SPORTS_NBA_DRAFT_VALUE_OVER_REPLACEMENT_0","0.988207711953499","0","all","LightGBM 💡","2026-04-23T07:56:11.000Z","REG_TEXT_SPORTS_NBA_DRAFT_VALUE_OVER_REPLACEMENT","15","tf-idf","false"
"tabpfnv2p5_REG_TEXT_SPORTS_FIFA22_WAGES_4","0.8170176634551435","4","all","TabPFN-v2p5 🇩🇪","2026-04-23T07:56:03.000Z","REG_TEXT_SPORTS_FIFA22_WAGES","26","tf-idf","false"
"tabpfnv2_REG_TEXT_SPORTS_FIFA22_WAGES_4","0.7182475035073881","4","all","TabPFN-v2 🤯","2026-04-23T07:56:00.000Z","REG_TEXT_SPORTS_FIFA22_WAGES","30","tf-idf","false"
"tabm_REG_TEXT_SPORTS_FIFA22_WAGES_4","0.7655179663526035","4","all","TabM Ⓜ️","2026-04-23T07:55:59.000Z","REG_TEXT_SPORTS_FIFA22_WAGES","22","tf-idf","false"
"cat_REG_TEXT_SPORTS_FIFA22_WAGES_4","0.773358006573734","4","all","CatBoost 😸","2026-04-23T07:55:49.000Z","REG_TEXT_SPORTS_FIFA22_WAGES","17","tf-idf","false"
"light_REG_TEXT_SPORTS_FIFA22_WAGES_4","0.7858051994562006","4","all","LightGBM 💡","2026-04-23T07:55:37.000Z","REG_TEXT_SPORTS_FIFA22_WAGES","18","tf-idf","false"
"tabpfnv2p5_REG_TEXT_SPORTS_FIFA22_WAGES_3","0.8182027390359501","3","all","TabPFN-v2p5 🇩🇪","2026-04-23T07:55:27.000Z","REG_TEXT_SPORTS_FIFA22_WAGES","27","tf-idf","false"
"tabpfnv2_REG_TEXT_SPORTS_FIFA22_WAGES_3","0.7458613749938016","3","all","TabPFN-v2 🤯","2026-04-23T07:55:26.000Z","REG_TEXT_SPORTS_FIFA22_WAGES","31","tf-idf","false"
"tabm_REG_TEXT_SPORTS_FIFA22_WAGES_3","0.7846013199571387","3","all","TabM Ⓜ️","2026-04-23T07:55:22.000Z","REG_TEXT_SPORTS_FIFA22_WAGES","21","tf-idf","false"
"cat_REG_TEXT_SPORTS_FIFA22_WAGES_3","0.7807703092688552","3","all","CatBoost 😸","2026-04-23T07:55:14.000Z","REG_TEXT_SPORTS_FIFA22_WAGES","18","tf-idf","false"
"light_REG_TEXT_SPORTS_FIFA22_WAGES_3","0.7728074624405574","3","all","LightGBM 💡","2026-04-23T07:55:03.000Z","REG_TEXT_SPORTS_FIFA22_WAGES","17","tf-idf","false"
"tabpfnv2p5_REG_TEXT_SPORTS_FIFA22_WAGES_2","0.8009513665324914","2","all","TabPFN-v2p5 🇩🇪","2026-04-23T07:54:49.000Z","REG_TEXT_SPORTS_FIFA22_WAGES","27","tf-idf","false"
"tabpfnv2_REG_TEXT_SPORTS_FIFA22_WAGES_2","0.7241753003964679","2","all","TabPFN-v2 🤯","2026-04-23T07:54:49.000Z","REG_TEXT_SPORTS_FIFA22_WAGES","31","tf-idf","false"
"tabm_REG_TEXT_SPORTS_FIFA22_WAGES_2","0.7782735820553124","2","all","TabM Ⓜ️","2026-04-23T07:54:46.000Z","REG_TEXT_SPORTS_FIFA22_WAGES","23","tf-idf","false"
"cat_REG_TEXT_SPORTS_FIFA22_WAGES_2","0.7639650649352512","2","all","CatBoost 😸","2026-04-23T07:54:41.000Z","REG_TEXT_SPORTS_FIFA22_WAGES","17","tf-idf","false"
"light_REG_TEXT_SPORTS_FIFA22_WAGES_2","0.75009282457619","2","all","LightGBM 💡","2026-04-23T07:54:23.000Z","REG_TEXT_SPORTS_FIFA22_WAGES","17","tf-idf","false"
"tabpfnv2p5_REG_TEXT_SPORTS_FIFA22_WAGES_1","0.7682973260522978","1","all","TabPFN-v2p5 🇩🇪","2026-04-23T07:54:16.000Z","REG_TEXT_SPORTS_FIFA22_WAGES","27","tf-idf","false"
"tabpfnv2_REG_TEXT_SPORTS_FIFA22_WAGES_1","0.7283577134786445","1","all","TabPFN-v2 🤯","2026-04-23T07:54:15.000Z","REG_TEXT_SPORTS_FIFA22_WAGES","31","tf-idf","false"
"tabm_REG_TEXT_SPORTS_FIFA22_WAGES_1","0.7421920152832717","1","all","TabM Ⓜ️","2026-04-23T07:54:13.000Z","REG_TEXT_SPORTS_FIFA22_WAGES","23","tf-idf","false"
"cat_REG_TEXT_SPORTS_FIFA22_WAGES_1","0.7254420714060064","1","all","CatBoost 😸","2026-04-23T07:53:59.000Z","REG_TEXT_SPORTS_FIFA22_WAGES","18","tf-idf","false"
"light_REG_TEXT_SPORTS_FIFA22_WAGES_1","0.7314230939864428","1","all","LightGBM 💡","2026-04-23T07:53:54.000Z","REG_TEXT_SPORTS_FIFA22_WAGES","16","tf-idf","false"
"tabpfnv2p5_REG_TEXT_SPORTS_FIFA22_WAGES_0","0.815132295995676","0","all","TabPFN-v2p5 🇩🇪","2026-04-23T07:53:42.000Z","REG_TEXT_SPORTS_FIFA22_WAGES","26","tf-idf","false"
"tabpfnv2_REG_TEXT_SPORTS_FIFA22_WAGES_0","0.7811652036746035","0","all","TabPFN-v2 🤯","2026-04-23T07:53:16.000Z","REG_TEXT_SPORTS_FIFA22_WAGES","33","tf-idf","false"
"tabm_REG_TEXT_SPORTS_FIFA22_WAGES_0","0.7980071046661009","0","all","TabM Ⓜ️","2026-04-23T07:53:14.000Z","REG_TEXT_SPORTS_FIFA22_WAGES","25","tf-idf","false"
"cat_REG_TEXT_SPORTS_FIFA22_WAGES_0","0.8017647358683111","0","all","CatBoost 😸","2026-04-23T07:52:47.000Z","REG_TEXT_SPORTS_FIFA22_WAGES","21","tf-idf","false"
"light_REG_TEXT_SPORTS_FIFA22_WAGES_0","0.7936291607396457","0","all","LightGBM 💡","2026-04-23T07:52:25.000Z","REG_TEXT_SPORTS_FIFA22_WAGES","15","tf-idf","false"
"tabpfnv2p5_REG_TEXT_PROFESSIONAL_COMPANY_EMPLOYEES_SIZE_4","0.006831467151641846","4","all","TabPFN-v2p5 🇩🇪","2026-04-23T07:51:54.000Z","REG_TEXT_PROFESSIONAL_COMPANY_EMPLOYEES_SIZE","119","tf-idf","false"
"tabpfnv2_REG_TEXT_PROFESSIONAL_COMPANY_EMPLOYEES_SIZE_4","0.008689820766448975","4","all","TabPFN-v2 🤯","2026-04-23T07:51:53.000Z","REG_TEXT_PROFESSIONAL_COMPANY_EMPLOYEES_SIZE","133","tf-idf","false"
"tabm_REG_TEXT_PROFESSIONAL_COMPANY_EMPLOYEES_SIZE_4","-0.008649706840515137","4","all","TabM Ⓜ️","2026-04-23T07:51:42.000Z","REG_TEXT_PROFESSIONAL_COMPANY_EMPLOYEES_SIZE","85","tf-idf","false"
"cat_REG_TEXT_PROFESSIONAL_COMPANY_EMPLOYEES_SIZE_4","-0.0028540687443641133","4","all","CatBoost 😸","2026-04-23T07:50:57.000Z","REG_TEXT_PROFESSIONAL_COMPANY_EMPLOYEES_SIZE","83","tf-idf","false"
"light_REG_TEXT_PROFESSIONAL_COMPANY_EMPLOYEES_SIZE_4","-0.2395895238572574","4","all","LightGBM 💡","2026-04-23T07:50:16.000Z","REG_TEXT_PROFESSIONAL_COMPANY_EMPLOYEES_SIZE","81","tf-idf","false"
"tabpfnv2p5_REG_TEXT_PROFESSIONAL_COMPANY_EMPLOYEES_SIZE_3","0.013695836067199709","3","all","TabPFN-v2p5 🇩🇪","2026-04-23T07:49:55.000Z","REG_TEXT_PROFESSIONAL_COMPANY_EMPLOYEES_SIZE","116","tf-idf","false"
"tabpfnv2_REG_TEXT_PROFESSIONAL_COMPANY_EMPLOYEES_SIZE_3","0.0029491782188415527","3","all","TabPFN-v2 🤯","2026-04-23T07:49:44.000Z","REG_TEXT_PROFESSIONAL_COMPANY_EMPLOYEES_SIZE","124","tf-idf","false"
"tabm_REG_TEXT_PROFESSIONAL_COMPANY_EMPLOYEES_SIZE_3","-0.0010595321655273438","3","all","TabM Ⓜ️","2026-04-23T07:49:26.000Z","REG_TEXT_PROFESSIONAL_COMPANY_EMPLOYEES_SIZE","87","tf-idf","false"
"cat_REG_TEXT_PROFESSIONAL_COMPANY_EMPLOYEES_SIZE_3","0.00010229690800112046","3","all","CatBoost 😸","2026-04-23T07:48:44.000Z","REG_TEXT_PROFESSIONAL_COMPANY_EMPLOYEES_SIZE","89","tf-idf","false"
"light_REG_TEXT_PROFESSIONAL_COMPANY_EMPLOYEES_SIZE_3","-0.15662904154147816","3","all","LightGBM 💡","2026-04-23T07:47:59.000Z","REG_TEXT_PROFESSIONAL_COMPANY_EMPLOYEES_SIZE","81","tf-idf","false"
"tabpfnv2p5_REG_TEXT_PROFESSIONAL_COMPANY_EMPLOYEES_SIZE_2","-0.00925302505493164","2","all","TabPFN-v2p5 🇩🇪","2026-04-23T07:47:46.000Z","REG_TEXT_PROFESSIONAL_COMPANY_EMPLOYEES_SIZE","112","tf-idf","false"
"tabpfnv2_REG_TEXT_PROFESSIONAL_COMPANY_EMPLOYEES_SIZE_2","0.0013683438301086426","2","all","TabPFN-v2 🤯","2026-04-23T07:47:41.000Z","REG_TEXT_PROFESSIONAL_COMPANY_EMPLOYEES_SIZE","128","tf-idf","false"
"tabm_REG_TEXT_PROFESSIONAL_COMPANY_EMPLOYEES_SIZE_2","0.005082368850708008","2","all","TabM Ⓜ️","2026-04-23T07:47:19.000Z","REG_TEXT_PROFESSIONAL_COMPANY_EMPLOYEES_SIZE","82","tf-idf","false"
"cat_REG_TEXT_PROFESSIONAL_COMPANY_EMPLOYEES_SIZE_2","0.00010810229558499972","2","all","CatBoost 😸","2026-04-23T07:46:33.000Z","REG_TEXT_PROFESSIONAL_COMPANY_EMPLOYEES_SIZE","79","tf-idf","false"
"light_REG_TEXT_PROFESSIONAL_COMPANY_EMPLOYEES_SIZE_2","-0.24308252895045543","2","all","LightGBM 💡","2026-04-23T07:45:53.000Z","REG_TEXT_PROFESSIONAL_COMPANY_EMPLOYEES_SIZE","81","tf-idf","false"
"tabpfnv2p5_REG_TEXT_PROFESSIONAL_COMPANY_EMPLOYEES_SIZE_1","0.003825664520263672","1","all","TabPFN-v2p5 🇩🇪","2026-04-23T07:45:49.000Z","REG_TEXT_PROFESSIONAL_COMPANY_EMPLOYEES_SIZE","111","tf-idf","false"
"tabpfnv2_REG_TEXT_PROFESSIONAL_COMPANY_EMPLOYEES_SIZE_1","0.0015081167221069336","1","all","TabPFN-v2 🤯","2026-04-23T07:45:33.000Z","REG_TEXT_PROFESSIONAL_COMPANY_EMPLOYEES_SIZE","123","tf-idf","false"
"tabm_REG_TEXT_PROFESSIONAL_COMPANY_EMPLOYEES_SIZE_1","0.001331329345703125","1","all","TabM Ⓜ️","2026-04-23T07:45:01.000Z","REG_TEXT_PROFESSIONAL_COMPANY_EMPLOYEES_SIZE","87","tf-idf","false"
"cat_REG_TEXT_PROFESSIONAL_COMPANY_EMPLOYEES_SIZE_1","-0.001047137693552136","1","all","CatBoost 😸","2026-04-23T07:44:22.000Z","REG_TEXT_PROFESSIONAL_COMPANY_EMPLOYEES_SIZE","80","tf-idf","false"
"light_REG_TEXT_PROFESSIONAL_COMPANY_EMPLOYEES_SIZE_1","0.042802833774590376","1","all","LightGBM 💡","2026-04-23T07:44:06.000Z","REG_TEXT_PROFESSIONAL_COMPANY_EMPLOYEES_SIZE","81","tf-idf","false"
"tabpfnv2p5_REG_TEXT_PROFESSIONAL_COMPANY_EMPLOYEES_SIZE_0","0.016306936740875244","0","all","TabPFN-v2p5 🇩🇪","2026-04-23T07:43:55.000Z","REG_TEXT_PROFESSIONAL_COMPANY_EMPLOYEES_SIZE","115","tf-idf","false"
"tabpfnv2_REG_TEXT_PROFESSIONAL_COMPANY_EMPLOYEES_SIZE_0","0.006910860538482666","0","all","TabPFN-v2 🤯","2026-04-23T07:42:53.000Z","REG_TEXT_PROFESSIONAL_COMPANY_EMPLOYEES_SIZE","125","tf-idf","false"
"tabm_REG_TEXT_PROFESSIONAL_COMPANY_EMPLOYEES_SIZE_0","0.0008409619331359863","0","all","TabM Ⓜ️","2026-04-23T07:42:51.000Z","REG_TEXT_PROFESSIONAL_COMPANY_EMPLOYEES_SIZE","84","tf-idf","false"
"cat_REG_TEXT_PROFESSIONAL_COMPANY_EMPLOYEES_SIZE_0","-0.011189516753929318","0","all","CatBoost 😸","2026-04-23T07:42:39.000Z","REG_TEXT_PROFESSIONAL_COMPANY_EMPLOYEES_SIZE","79","tf-idf","false"
"light_REG_TEXT_PROFESSIONAL_COMPANY_EMPLOYEES_SIZE_0","-0.14162158049300766","0","all","LightGBM 💡","2026-04-23T07:42:29.000Z","REG_TEXT_PROFESSIONAL_COMPANY_EMPLOYEES_SIZE","79","tf-idf","false"
"tabpfnv2p5_REG_TEXT_FOOD_COFFEE_REVIEW_4","0.9956268668174744","4","all","TabPFN-v2p5 🇩🇪","2026-04-23T07:42:08.000Z","REG_TEXT_FOOD_COFFEE_REVIEW","35","tf-idf","false"
"tabpfnv2_REG_TEXT_FOOD_COFFEE_REVIEW_4","0.9584245085716248","4","all","TabPFN-v2 🤯","2026-04-23T07:42:04.000Z","REG_TEXT_FOOD_COFFEE_REVIEW","44","tf-idf","false"
"tabm_REG_TEXT_FOOD_COFFEE_REVIEW_4","0.99322509765625","4","all","TabM Ⓜ️","2026-04-23T07:42:00.000Z","REG_TEXT_FOOD_COFFEE_REVIEW","34","tf-idf","false"
"cat_REG_TEXT_FOOD_COFFEE_REVIEW_4","0.9805978831438624","4","all","CatBoost 😸","2026-04-23T07:41:35.000Z","REG_TEXT_FOOD_COFFEE_REVIEW","47","tf-idf","false"
"light_REG_TEXT_FOOD_COFFEE_REVIEW_4","0.95034186002568","4","all","LightGBM 💡","2026-04-23T07:41:22.000Z","REG_TEXT_FOOD_COFFEE_REVIEW","35","tf-idf","false"
"tabpfnv2p5_REG_TEXT_FOOD_COFFEE_REVIEW_3","0.999763548374176","3","all","TabPFN-v2p5 🇩🇪","2026-04-23T07:41:04.000Z","REG_TEXT_FOOD_COFFEE_REVIEW","52","tf-idf","false"
"tabpfnv2_REG_TEXT_FOOD_COFFEE_REVIEW_3","0.9982562065124512","3","all","TabPFN-v2 🤯","2026-04-23T07:41:03.000Z","REG_TEXT_FOOD_COFFEE_REVIEW","59","tf-idf","false"
"tabm_REG_TEXT_FOOD_COFFEE_REVIEW_3","0.9975515007972716","3","all","TabM Ⓜ️","2026-04-23T07:40:56.000Z","REG_TEXT_FOOD_COFFEE_REVIEW","33","tf-idf","false"
"cat_REG_TEXT_FOOD_COFFEE_REVIEW_3","0.9980081929269272","3","all","CatBoost 😸","2026-04-23T07:40:43.000Z","REG_TEXT_FOOD_COFFEE_REVIEW","35","tf-idf","false"
"light_REG_TEXT_FOOD_COFFEE_REVIEW_3","0.9919348276947794","3","all","LightGBM 💡","2026-04-23T07:40:30.000Z","REG_TEXT_FOOD_COFFEE_REVIEW","27","tf-idf","false"
"tabpfnv2p5_REG_TEXT_FOOD_COFFEE_REVIEW_2","0.9978829026222228","2","all","TabPFN-v2p5 🇩🇪","2026-04-23T07:40:13.000Z","REG_TEXT_FOOD_COFFEE_REVIEW","39","tf-idf","false"
"tabpfnv2_REG_TEXT_FOOD_COFFEE_REVIEW_2","0.9703380465507508","2","all","TabPFN-v2 🤯","2026-04-23T07:40:10.000Z","REG_TEXT_FOOD_COFFEE_REVIEW","48","tf-idf","false"
"tabm_REG_TEXT_FOOD_COFFEE_REVIEW_2","0.9942439794540404","2","all","TabM Ⓜ️","2026-04-23T07:40:05.000Z","REG_TEXT_FOOD_COFFEE_REVIEW","33","tf-idf","false"
"cat_REG_TEXT_FOOD_COFFEE_REVIEW_2","0.9908728342358432","2","all","CatBoost 😸","2026-04-23T07:39:47.000Z","REG_TEXT_FOOD_COFFEE_REVIEW","39","tf-idf","false"
"light_REG_TEXT_FOOD_COFFEE_REVIEW_2","0.98243496377049","2","all","LightGBM 💡","2026-04-23T07:39:39.000Z","REG_TEXT_FOOD_COFFEE_REVIEW","26","tf-idf","false"
"tabpfnv2p5_REG_TEXT_FOOD_COFFEE_REVIEW_1","0.9963235259056092","1","all","TabPFN-v2p5 🇩🇪","2026-04-23T07:39:27.000Z","REG_TEXT_FOOD_COFFEE_REVIEW","37","tf-idf","false"
"tabpfnv2_REG_TEXT_FOOD_COFFEE_REVIEW_1","0.9790273308753968","1","all","TabPFN-v2 🤯","2026-04-23T07:39:16.000Z","REG_TEXT_FOOD_COFFEE_REVIEW","44","tf-idf","false"
"tabm_REG_TEXT_FOOD_COFFEE_REVIEW_1","0.992517113685608","1","all","TabM Ⓜ️","2026-04-23T07:39:04.000Z","REG_TEXT_FOOD_COFFEE_REVIEW","38","tf-idf","false"
"cat_REG_TEXT_FOOD_COFFEE_REVIEW_1","0.9860062506915628","1","all","CatBoost 😸","2026-04-23T07:38:55.000Z","REG_TEXT_FOOD_COFFEE_REVIEW","40","tf-idf","false"
"light_REG_TEXT_FOOD_COFFEE_REVIEW_1","0.9745820085938246","1","all","LightGBM 💡","2026-04-23T07:38:53.000Z","REG_TEXT_FOOD_COFFEE_REVIEW","25","tf-idf","false"
"tabpfnv2p5_REG_TEXT_FOOD_COFFEE_REVIEW_0","0.990703582763672","0","all","TabPFN-v2p5 🇩🇪","2026-04-23T07:38:37.000Z","REG_TEXT_FOOD_COFFEE_REVIEW","35","tf-idf","false"
"tabpfnv2_REG_TEXT_FOOD_COFFEE_REVIEW_0","0.9887835383415222","0","all","TabPFN-v2 🤯","2026-04-23T07:38:15.000Z","REG_TEXT_FOOD_COFFEE_REVIEW","46","tf-idf","false"
"tabm_REG_TEXT_FOOD_COFFEE_REVIEW_0","0.9895723462104796","0","all","TabM Ⓜ️","2026-04-23T07:38:12.000Z","REG_TEXT_FOOD_COFFEE_REVIEW","37","tf-idf","false"
"cat_REG_TEXT_FOOD_COFFEE_REVIEW_0","0.9869682503556568","0","all","CatBoost 😸","2026-04-23T07:38:05.000Z","REG_TEXT_FOOD_COFFEE_REVIEW","44","tf-idf","false"
"light_REG_TEXT_FOOD_COFFEE_REVIEW_0","0.9780154434707524","0","all","LightGBM 💡","2026-04-23T07:38:04.000Z","REG_TEXT_FOOD_COFFEE_REVIEW","28","tf-idf","false"
"tabpfnv2p5_REG_TEXT_FOOD_CHOCOLATE_BAR_RATINGS_4","0.3324428641602797","4","all","TabPFN-v2p5 🇩🇪","2026-04-23T07:37:53.000Z","REG_TEXT_FOOD_CHOCOLATE_BAR_RATINGS","18","tf-idf","false"
"tabpfnv2_REG_TEXT_FOOD_CHOCOLATE_BAR_RATINGS_4","0.28376540891941504","4","all","TabPFN-v2 🤯","2026-04-23T07:37:44.000Z","REG_TEXT_FOOD_CHOCOLATE_BAR_RATINGS","20","tf-idf","false"
"tabm_REG_TEXT_FOOD_CHOCOLATE_BAR_RATINGS_4","0.2606840930210026","4","all","TabM Ⓜ️","2026-04-23T07:37:43.000Z","REG_TEXT_FOOD_CHOCOLATE_BAR_RATINGS","19","tf-idf","false"
"cat_REG_TEXT_FOOD_CHOCOLATE_BAR_RATINGS_4","0.28872683408495325","4","all","CatBoost 😸","2026-04-23T07:37:36.000Z","REG_TEXT_FOOD_CHOCOLATE_BAR_RATINGS","21","tf-idf","false"
"light_REG_TEXT_FOOD_CHOCOLATE_BAR_RATINGS_4","0.2561345866035645","4","all","LightGBM 💡","2026-04-23T07:37:31.000Z","REG_TEXT_FOOD_CHOCOLATE_BAR_RATINGS","16","tf-idf","false"
"tabpfnv2p5_REG_TEXT_FOOD_CHOCOLATE_BAR_RATINGS_3","0.26288252628127706","3","all","TabPFN-v2p5 🇩🇪","2026-04-23T07:37:22.000Z","REG_TEXT_FOOD_CHOCOLATE_BAR_RATINGS","18","tf-idf","false"
"tabpfnv2_REG_TEXT_FOOD_CHOCOLATE_BAR_RATINGS_3","0.2641078295954543","3","all","TabPFN-v2 🤯","2026-04-23T07:37:15.000Z","REG_TEXT_FOOD_CHOCOLATE_BAR_RATINGS","22","tf-idf","false"
"tabm_REG_TEXT_FOOD_CHOCOLATE_BAR_RATINGS_3","0.2383382881150905","3","all","TabM Ⓜ️","2026-04-23T07:37:14.000Z","REG_TEXT_FOOD_CHOCOLATE_BAR_RATINGS","19","tf-idf","false"
"cat_REG_TEXT_FOOD_CHOCOLATE_BAR_RATINGS_3","0.25824418786504433","3","all","CatBoost 😸","2026-04-23T07:37:03.000Z","REG_TEXT_FOOD_CHOCOLATE_BAR_RATINGS","23","tf-idf","false"
"light_REG_TEXT_FOOD_CHOCOLATE_BAR_RATINGS_3","0.1724867387951854","3","all","LightGBM 💡","2026-04-23T07:37:00.000Z","REG_TEXT_FOOD_CHOCOLATE_BAR_RATINGS","16","tf-idf","false"
"tabpfnv2p5_REG_TEXT_FOOD_CHOCOLATE_BAR_RATINGS_2","0.2026343599198663","2","all","TabPFN-v2p5 🇩🇪","2026-04-23T07:36:47.000Z","REG_TEXT_FOOD_CHOCOLATE_BAR_RATINGS","20","tf-idf","false"
"tabpfnv2_REG_TEXT_FOOD_CHOCOLATE_BAR_RATINGS_2","0.19023779879639968","2","all","TabPFN-v2 🤯","2026-04-23T07:36:46.000Z","REG_TEXT_FOOD_CHOCOLATE_BAR_RATINGS","21","tf-idf","false"
"tabm_REG_TEXT_FOOD_CHOCOLATE_BAR_RATINGS_2","0.16546375040222072","2","all","TabM Ⓜ️","2026-04-23T07:36:36.000Z","REG_TEXT_FOOD_CHOCOLATE_BAR_RATINGS","18","tf-idf","false"
"cat_REG_TEXT_FOOD_CHOCOLATE_BAR_RATINGS_2","0.1902273504321661","2","all","CatBoost 😸","2026-04-23T07:36:35.000Z","REG_TEXT_FOOD_CHOCOLATE_BAR_RATINGS","21","tf-idf","false"
"light_REG_TEXT_FOOD_CHOCOLATE_BAR_RATINGS_2","0.11488548264474152","2","all","LightGBM 💡","2026-04-23T07:36:25.000Z","REG_TEXT_FOOD_CHOCOLATE_BAR_RATINGS","16","tf-idf","false"
"tabpfnv2p5_REG_TEXT_FOOD_CHOCOLATE_BAR_RATINGS_1","0.3642956299272193","1","all","TabPFN-v2p5 🇩🇪","2026-04-23T07:36:18.000Z","REG_TEXT_FOOD_CHOCOLATE_BAR_RATINGS","20","tf-idf","false"
"tabpfnv2_REG_TEXT_FOOD_CHOCOLATE_BAR_RATINGS_1","0.30049812201532156","1","all","TabPFN-v2 🤯","2026-04-23T07:36:08.000Z","REG_TEXT_FOOD_CHOCOLATE_BAR_RATINGS","21","tf-idf","false"
"tabm_REG_TEXT_FOOD_CHOCOLATE_BAR_RATINGS_1","0.29308656306299186","1","all","TabM Ⓜ️","2026-04-23T07:36:03.000Z","REG_TEXT_FOOD_CHOCOLATE_BAR_RATINGS","17","tf-idf","false"
"cat_REG_TEXT_FOOD_CHOCOLATE_BAR_RATINGS_1","0.2512064526041221","1","all","CatBoost 😸","2026-04-23T07:36:02.000Z","REG_TEXT_FOOD_CHOCOLATE_BAR_RATINGS","26","tf-idf","false"
"light_REG_TEXT_FOOD_CHOCOLATE_BAR_RATINGS_1","0.2352307889094708","1","all","LightGBM 💡","2026-04-23T07:35:55.000Z","REG_TEXT_FOOD_CHOCOLATE_BAR_RATINGS","16","tf-idf","false"
"tabpfnv2p5_REG_TEXT_FOOD_CHOCOLATE_BAR_RATINGS_0","0.33898633205744366","0","all","TabPFN-v2p5 🇩🇪","2026-04-23T07:35:40.000Z","REG_TEXT_FOOD_CHOCOLATE_BAR_RATINGS","19","tf-idf","false"
"tabpfnv2_REG_TEXT_FOOD_CHOCOLATE_BAR_RATINGS_0","0.2579755899789685","0","all","TabPFN-v2 🤯","2026-04-23T07:35:40.000Z","REG_TEXT_FOOD_CHOCOLATE_BAR_RATINGS","21","tf-idf","false"
"tabm_REG_TEXT_FOOD_CHOCOLATE_BAR_RATINGS_0","0.26310380013562995","0","all","TabM Ⓜ️","2026-04-23T07:35:39.000Z","REG_TEXT_FOOD_CHOCOLATE_BAR_RATINGS","19","tf-idf","false"
"cat_REG_TEXT_FOOD_CHOCOLATE_BAR_RATINGS_0","0.2429373445630656","0","all","CatBoost 😸","2026-04-23T07:35:27.000Z","REG_TEXT_FOOD_CHOCOLATE_BAR_RATINGS","22","tf-idf","false"
"light_REG_TEXT_FOOD_CHOCOLATE_BAR_RATINGS_0","0.22207916923648252","0","all","LightGBM 💡","2026-04-23T07:35:17.000Z","REG_TEXT_FOOD_CHOCOLATE_BAR_RATINGS","19","tf-idf","false"
"tabpfnv2p5_REG_TEXT_FOOD_BEER_RATINGS_4","0.9267926113765717","4","all","TabPFN-v2p5 🇩🇪","2026-04-23T07:35:02.000Z","REG_TEXT_FOOD_BEER_RATINGS","32","tf-idf","false"
"tabpfnv2_REG_TEXT_FOOD_BEER_RATINGS_4","0.9360122123653042","4","all","TabPFN-v2 🤯","2026-04-23T07:35:02.000Z","REG_TEXT_FOOD_BEER_RATINGS","35","tf-idf","false"
"tabm_REG_TEXT_FOOD_BEER_RATINGS_4","0.9192674267228884","4","all","TabM Ⓜ️","2026-04-23T07:34:59.000Z","REG_TEXT_FOOD_BEER_RATINGS","20","tf-idf","false"
"cat_REG_TEXT_FOOD_BEER_RATINGS_4","0.9276762974825532","4","all","CatBoost 😸","2026-04-23T07:34:49.000Z","REG_TEXT_FOOD_BEER_RATINGS","21","tf-idf","false"
"light_REG_TEXT_FOOD_BEER_RATINGS_4","0.9284684741807694","4","all","LightGBM 💡","2026-04-23T07:34:40.000Z","REG_TEXT_FOOD_BEER_RATINGS","18","tf-idf","false"
"tabpfnv2p5_REG_TEXT_FOOD_BEER_RATINGS_3","0.9212521268725398","3","all","TabPFN-v2p5 🇩🇪","2026-04-23T07:34:26.000Z","REG_TEXT_FOOD_BEER_RATINGS","27","tf-idf","false"
"tabpfnv2_REG_TEXT_FOOD_BEER_RATINGS_3","0.9139718424838286","3","all","TabPFN-v2 🤯","2026-04-23T07:34:24.000Z","REG_TEXT_FOOD_BEER_RATINGS","31","tf-idf","false"
"tabm_REG_TEXT_FOOD_BEER_RATINGS_3","0.9071774397837816","3","all","TabM Ⓜ️","2026-04-23T07:34:22.000Z","REG_TEXT_FOOD_BEER_RATINGS","22","tf-idf","false"
"cat_REG_TEXT_FOOD_BEER_RATINGS_3","0.9068398778584812","3","all","CatBoost 😸","2026-04-23T07:34:11.000Z","REG_TEXT_FOOD_BEER_RATINGS","23","tf-idf","false"
"light_REG_TEXT_FOOD_BEER_RATINGS_3","0.8998801525668834","3","all","LightGBM 💡","2026-04-23T07:34:03.000Z","REG_TEXT_FOOD_BEER_RATINGS","19","tf-idf","false"
"tabpfnv2p5_REG_TEXT_FOOD_BEER_RATINGS_2","0.9479957557501192","2","all","TabPFN-v2p5 🇩🇪","2026-04-23T07:33:48.000Z","REG_TEXT_FOOD_BEER_RATINGS","28","tf-idf","false"
"tabpfnv2_REG_TEXT_FOOD_BEER_RATINGS_2","0.9503828485203886","2","all","TabPFN-v2 🤯","2026-04-23T07:33:44.000Z","REG_TEXT_FOOD_BEER_RATINGS","33","tf-idf","false"
"tabm_REG_TEXT_FOOD_BEER_RATINGS_2","0.9349450493157409","2","all","TabM Ⓜ️","2026-04-23T07:33:43.000Z","REG_TEXT_FOOD_BEER_RATINGS","22","tf-idf","false"
"cat_REG_TEXT_FOOD_BEER_RATINGS_2","0.9435476627000364","2","all","CatBoost 😸","2026-04-23T07:33:35.000Z","REG_TEXT_FOOD_BEER_RATINGS","24","tf-idf","false"
"light_REG_TEXT_FOOD_BEER_RATINGS_2","0.9348905513446544","2","all","LightGBM 💡","2026-04-23T07:33:09.000Z","REG_TEXT_FOOD_BEER_RATINGS","27","tf-idf","false"
"tabpfnv2p5_REG_TEXT_FOOD_BEER_RATINGS_1","0.954675737667143","1","all","TabPFN-v2p5 🇩🇪","2026-04-23T07:33:05.000Z","REG_TEXT_FOOD_BEER_RATINGS","35","tf-idf","false"
"tabpfnv2_REG_TEXT_FOOD_BEER_RATINGS_1","0.9557132670544694","1","all","TabPFN-v2 🤯","2026-04-23T07:33:04.000Z","REG_TEXT_FOOD_BEER_RATINGS","38","tf-idf","false"
"tabm_REG_TEXT_FOOD_BEER_RATINGS_1","0.9351507135568676","1","all","TabM Ⓜ️","2026-04-23T07:33:02.000Z","REG_TEXT_FOOD_BEER_RATINGS","25","tf-idf","false"
"cat_REG_TEXT_FOOD_BEER_RATINGS_1","0.9469461847264304","1","all","CatBoost 😸","2026-04-23T07:32:40.000Z","REG_TEXT_FOOD_BEER_RATINGS","24","tf-idf","false"
"light_REG_TEXT_FOOD_BEER_RATINGS_1","0.9419055110388702","1","all","LightGBM 💡","2026-04-23T07:32:39.000Z","REG_TEXT_FOOD_BEER_RATINGS","20","tf-idf","false"
"tabpfnv2p5_REG_TEXT_FOOD_BEER_RATINGS_0","0.9223099075675564","0","all","TabPFN-v2p5 🇩🇪","2026-04-23T07:32:29.000Z","REG_TEXT_FOOD_BEER_RATINGS","29","tf-idf","false"
"tabpfnv2_REG_TEXT_FOOD_BEER_RATINGS_0","0.9133472362569718","0","all","TabPFN-v2 🤯","2026-04-23T07:32:25.000Z","REG_TEXT_FOOD_BEER_RATINGS","34","tf-idf","false"
"tabm_REG_TEXT_FOOD_BEER_RATINGS_0","0.9055416814790463","0","all","TabM Ⓜ️","2026-04-23T07:32:11.000Z","REG_TEXT_FOOD_BEER_RATINGS","22","tf-idf","false"
"cat_REG_TEXT_FOOD_BEER_RATINGS_0","0.9034219530717456","0","all","CatBoost 😸","2026-04-23T07:31:57.000Z","REG_TEXT_FOOD_BEER_RATINGS","22","tf-idf","false"
"light_REG_TEXT_FOOD_BEER_RATINGS_0","0.9018237304532386","0","all","LightGBM 💡","2026-04-23T07:31:48.000Z","REG_TEXT_FOOD_BEER_RATINGS","19","tf-idf","false"
"tabpfnv2p5_REG_TEXT_FOOD_ALCOHOL_WIKILIQ_PRICES_4","0.34885364923348783","4","all","TabPFN-v2p5 🇩🇪","2026-04-23T07:31:39.000Z","REG_TEXT_FOOD_ALCOHOL_WIKILIQ_PRICES","54","tf-idf","false"
"tabm_REG_TEXT_FOOD_ALCOHOL_WIKILIQ_PRICES_4","0.0578670746211285","4","all","TabM Ⓜ️","2026-04-23T07:31:14.000Z","REG_TEXT_FOOD_ALCOHOL_WIKILIQ_PRICES","36","tf-idf","false"
"tabpfnv2_REG_TEXT_FOOD_ALCOHOL_WIKILIQ_PRICES_4","0.11738652295475438","4","all","TabPFN-v2 🤯","2026-04-23T07:31:14.000Z","REG_TEXT_FOOD_ALCOHOL_WIKILIQ_PRICES","68","tf-idf","false"
"cat_REG_TEXT_FOOD_ALCOHOL_WIKILIQ_PRICES_4","0.0906572626916916","4","all","CatBoost 😸","2026-04-23T07:30:08.000Z","REG_TEXT_FOOD_ALCOHOL_WIKILIQ_PRICES","63","tf-idf","false"
"light_REG_TEXT_FOOD_ALCOHOL_WIKILIQ_PRICES_4","-0.1587485732192071","4","all","LightGBM 💡","2026-04-23T07:29:50.000Z","REG_TEXT_FOOD_ALCOHOL_WIKILIQ_PRICES","79","tf-idf","false"
"tabpfnv2p5_REG_TEXT_FOOD_ALCOHOL_WIKILIQ_PRICES_3","0.305139135967597","3","all","TabPFN-v2p5 🇩🇪","2026-04-23T07:29:40.000Z","REG_TEXT_FOOD_ALCOHOL_WIKILIQ_PRICES","112","tf-idf","false"
"tabpfnv2_REG_TEXT_FOOD_ALCOHOL_WIKILIQ_PRICES_3","0.09686941354611822","3","all","TabPFN-v2 🤯","2026-04-23T07:29:22.000Z","REG_TEXT_FOOD_ALCOHOL_WIKILIQ_PRICES","138","tf-idf","false"
"tabm_REG_TEXT_FOOD_ALCOHOL_WIKILIQ_PRICES_3","0.17243886302860745","3","all","TabM Ⓜ️","2026-04-23T07:29:19.000Z","REG_TEXT_FOOD_ALCOHOL_WIKILIQ_PRICES","43","tf-idf","false"
"cat_REG_TEXT_FOOD_ALCOHOL_WIKILIQ_PRICES_3","0.24739704767270243","3","all","CatBoost 😸","2026-04-23T07:28:24.000Z","REG_TEXT_FOOD_ALCOHOL_WIKILIQ_PRICES","69","tf-idf","false"
"light_REG_TEXT_FOOD_ALCOHOL_WIKILIQ_PRICES_3","0.3834718858259346","3","all","LightGBM 💡","2026-04-23T07:27:35.000Z","REG_TEXT_FOOD_ALCOHOL_WIKILIQ_PRICES","101","tf-idf","false"
"tabpfnv2p5_REG_TEXT_FOOD_ALCOHOL_WIKILIQ_PRICES_2","0.07848270437798677","2","all","TabPFN-v2p5 🇩🇪","2026-04-23T07:27:31.000Z","REG_TEXT_FOOD_ALCOHOL_WIKILIQ_PRICES","132","tf-idf","false"
"tabpfnv2_REG_TEXT_FOOD_ALCOHOL_WIKILIQ_PRICES_2","0.03024350851683577","2","all","TabPFN-v2 🤯","2026-04-23T07:27:06.000Z","REG_TEXT_FOOD_ALCOHOL_WIKILIQ_PRICES","128","tf-idf","false"
"tabm_REG_TEXT_FOOD_ALCOHOL_WIKILIQ_PRICES_2","0.03877950994504842","2","all","TabM Ⓜ️","2026-04-23T07:26:33.000Z","REG_TEXT_FOOD_ALCOHOL_WIKILIQ_PRICES","53","tf-idf","false"
"cat_REG_TEXT_FOOD_ALCOHOL_WIKILIQ_PRICES_2","0.06694925678789487","2","all","CatBoost 😸","2026-04-23T07:26:22.000Z","REG_TEXT_FOOD_ALCOHOL_WIKILIQ_PRICES","65","tf-idf","false"
"light_REG_TEXT_FOOD_ALCOHOL_WIKILIQ_PRICES_2","-0.04901820906722221","2","all","LightGBM 💡","2026-04-23T07:25:28.000Z","REG_TEXT_FOOD_ALCOHOL_WIKILIQ_PRICES","60","tf-idf","false"
"tabpfnv2p5_REG_TEXT_FOOD_ALCOHOL_WIKILIQ_PRICES_1","0.5019872403999865","1","all","TabPFN-v2p5 🇩🇪","2026-04-23T07:21:49.000Z","REG_TEXT_FOOD_ALCOHOL_WIKILIQ_PRICES","211","tf-idf","false"
"tabpfnv2_REG_TEXT_FOOD_ALCOHOL_WIKILIQ_PRICES_1","0.15638241141005715","1","all","TabPFN-v2 🤯","2026-04-23T07:21:36.000Z","REG_TEXT_FOOD_ALCOHOL_WIKILIQ_PRICES","324","tf-idf","false"
"tabm_REG_TEXT_FOOD_ALCOHOL_WIKILIQ_PRICES_1","0.2220218343456002","1","all","TabM Ⓜ️","2026-04-23T07:20:17.000Z","REG_TEXT_FOOD_ALCOHOL_WIKILIQ_PRICES","85","tf-idf","false"
"cat_REG_TEXT_FOOD_ALCOHOL_WIKILIQ_PRICES_1","0.1640426750475127","1","all","CatBoost 😸","2026-04-23T07:18:51.000Z","REG_TEXT_FOOD_ALCOHOL_WIKILIQ_PRICES","158","tf-idf","false"
"light_REG_TEXT_FOOD_ALCOHOL_WIKILIQ_PRICES_1","0.12245623620029134","1","all","LightGBM 💡","2026-04-23T07:15:21.000Z","REG_TEXT_FOOD_ALCOHOL_WIKILIQ_PRICES","656","tf-idf","false"
"tabpfnv2p5_REG_TEXT_FOOD_ALCOHOL_WIKILIQ_PRICES_0","0.39008026032934495","0","all","TabPFN-v2p5 🇩🇪","2026-04-23T07:15:07.000Z","REG_TEXT_FOOD_ALCOHOL_WIKILIQ_PRICES","216","tf-idf","false"
"tabpfnv2_REG_TEXT_FOOD_ALCOHOL_WIKILIQ_PRICES_0","0.02804886137324214","0","all","TabPFN-v2 🤯","2026-04-23T07:14:14.000Z","REG_TEXT_FOOD_ALCOHOL_WIKILIQ_PRICES","356","tf-idf","false"
"tabm_REG_TEXT_FOOD_ALCOHOL_WIKILIQ_PRICES_0","0.5884333299150779","0","all","TabM Ⓜ️","2026-04-23T07:14:00.000Z","REG_TEXT_FOOD_ALCOHOL_WIKILIQ_PRICES","75","tf-idf","false"
"cat_REG_TEXT_FOOD_ALCOHOL_WIKILIQ_PRICES_0","0.4686093757669554","0","all","CatBoost 😸","2026-04-23T07:11:51.000Z","REG_TEXT_FOOD_ALCOHOL_WIKILIQ_PRICES","122","tf-idf","false"
"light_REG_TEXT_FOOD_ALCOHOL_WIKILIQ_PRICES_0","0.4464409977227254","0","all","LightGBM 💡","2026-04-23T07:10:03.000Z","REG_TEXT_FOOD_ALCOHOL_WIKILIQ_PRICES","243","tf-idf","false"
"tabpfnv2p5_REG_TEXT_CONSUMER_CAR_PRICE_CARDEKHO_4","0.9965778290462612","4","all","TabPFN-v2p5 🇩🇪","2026-04-23T07:06:15.000Z","REG_TEXT_CONSUMER_CAR_PRICE_CARDEKHO","522","tf-idf","false"
"tabpfnv2_REG_TEXT_CONSUMER_CAR_PRICE_CARDEKHO_4","0.9970546895017686","4","all","TabPFN-v2 🤯","2026-04-23T07:06:13.000Z","REG_TEXT_CONSUMER_CAR_PRICE_CARDEKHO","1326","tf-idf","false"
"tabm_REG_TEXT_CONSUMER_CAR_PRICE_CARDEKHO_4","0.8927079406533502","4","all","TabM Ⓜ️","2026-04-23T07:00:58.000Z","REG_TEXT_CONSUMER_CAR_PRICE_CARDEKHO","309","tf-idf","false"
"cat_REG_TEXT_CONSUMER_CAR_PRICE_CARDEKHO_4","0.9836375398984976","4","all","CatBoost 😸","2026-04-23T06:55:11.000Z","REG_TEXT_CONSUMER_CAR_PRICE_CARDEKHO","657","tf-idf","false"
"light_REG_TEXT_CONSUMER_CAR_PRICE_CARDEKHO_4","0.3165382040889816","4","all","LightGBM 💡","2026-04-23T06:53:09.000Z","REG_TEXT_CONSUMER_CAR_PRICE_CARDEKHO","1007","tf-idf","false"
"tabpfnv2p5_REG_TEXT_CONSUMER_CAR_PRICE_CARDEKHO_3","0.9836692431372412","3","all","TabPFN-v2p5 🇩🇪","2026-04-23T06:52:17.000Z","REG_TEXT_CONSUMER_CAR_PRICE_CARDEKHO","512","tf-idf","false"
"tabpfnv2_REG_TEXT_CONSUMER_CAR_PRICE_CARDEKHO_3","0.9206724299800172","3","all","TabPFN-v2 🤯","2026-04-23T06:48:35.000Z","REG_TEXT_CONSUMER_CAR_PRICE_CARDEKHO","1388","tf-idf","false"
"tabm_REG_TEXT_CONSUMER_CAR_PRICE_CARDEKHO_3","0.9732724055100204","3","all","TabM Ⓜ️","2026-04-23T06:42:14.000Z","REG_TEXT_CONSUMER_CAR_PRICE_CARDEKHO","369","tf-idf","false"
"cat_REG_TEXT_CONSUMER_CAR_PRICE_CARDEKHO_3","0.983272188690826","3","all","CatBoost 😸","2026-04-23T06:41:40.000Z","REG_TEXT_CONSUMER_CAR_PRICE_CARDEKHO","629","tf-idf","false"
"light_REG_TEXT_CONSUMER_CAR_PRICE_CARDEKHO_3","0.9786913762614274","3","all","LightGBM 💡","2026-04-23T06:37:42.000Z","REG_TEXT_CONSUMER_CAR_PRICE_CARDEKHO","919","tf-idf","false"
"tabpfnv2p5_REG_TEXT_CONSUMER_CAR_PRICE_CARDEKHO_2","0.9712216383176796","2","all","TabPFN-v2p5 🇩🇪","2026-04-23T06:31:45.000Z","REG_TEXT_CONSUMER_CAR_PRICE_CARDEKHO","624","tf-idf","false"
"tabpfnv2_REG_TEXT_CONSUMER_CAR_PRICE_CARDEKHO_2","0.9782371963512884","2","all","TabPFN-v2 🤯","2026-04-23T06:30:01.000Z","REG_TEXT_CONSUMER_CAR_PRICE_CARDEKHO","1504","tf-idf","false"
"tabm_REG_TEXT_CONSUMER_CAR_PRICE_CARDEKHO_2","0.2204883884377966","2","all","TabM Ⓜ️","2026-04-23T06:26:53.000Z","REG_TEXT_CONSUMER_CAR_PRICE_CARDEKHO","285","tf-idf","false"
"cat_REG_TEXT_CONSUMER_CAR_PRICE_CARDEKHO_2","-0.66773460974812","2","all","CatBoost 😸","2026-04-23T06:23:26.000Z","REG_TEXT_CONSUMER_CAR_PRICE_CARDEKHO","388","tf-idf","false"
"light_REG_TEXT_CONSUMER_CAR_PRICE_CARDEKHO_2","0.7233010324311023","2","all","LightGBM 💡","2026-04-23T06:22:12.000Z","REG_TEXT_CONSUMER_CAR_PRICE_CARDEKHO","923","tf-idf","false"
"tabpfnv2p5_REG_TEXT_CONSUMER_CAR_PRICE_CARDEKHO_1","0.9216544249399108","1","all","TabPFN-v2p5 🇩🇪","2026-04-23T06:20:49.000Z","REG_TEXT_CONSUMER_CAR_PRICE_CARDEKHO","360","tf-idf","false"
"tabpfnv2_REG_TEXT_CONSUMER_CAR_PRICE_CARDEKHO_1","0.937219207129724","1","all","TabPFN-v2 🤯","2026-04-23T06:20:37.000Z","REG_TEXT_CONSUMER_CAR_PRICE_CARDEKHO","1256","tf-idf","false"
"tabm_REG_TEXT_CONSUMER_CAR_PRICE_CARDEKHO_1","0.790229703644512","1","all","TabM Ⓜ️","2026-04-23T06:20:04.000Z","REG_TEXT_CONSUMER_CAR_PRICE_CARDEKHO","122","tf-idf","false"
"cat_REG_TEXT_CONSUMER_CAR_PRICE_CARDEKHO_1","0.3773702304115282","1","all","CatBoost 😸","2026-04-23T06:16:46.000Z","REG_TEXT_CONSUMER_CAR_PRICE_CARDEKHO","235","tf-idf","false"
"light_REG_TEXT_CONSUMER_CAR_PRICE_CARDEKHO_1","0.6030064756427729","1","all","LightGBM 💡","2026-04-23T06:15:35.000Z","REG_TEXT_CONSUMER_CAR_PRICE_CARDEKHO","263","tf-idf","false"
"tabpfnv2p5_REG_TEXT_CONSUMER_CAR_PRICE_CARDEKHO_0","0.930134754466428","0","all","TabPFN-v2p5 🇩🇪","2026-04-23T06:14:18.000Z","REG_TEXT_CONSUMER_CAR_PRICE_CARDEKHO","370","tf-idf","false"
"tabpfnv2_REG_TEXT_CONSUMER_CAR_PRICE_CARDEKHO_0","0.904443304495783","0","all","TabPFN-v2 🤯","2026-04-23T06:13:30.000Z","REG_TEXT_CONSUMER_CAR_PRICE_CARDEKHO","584","tf-idf","false"
"tabm_REG_TEXT_CONSUMER_CAR_PRICE_CARDEKHO_0","0.8936519849775386","0","all","TabM Ⓜ️","2026-04-23T06:13:28.000Z","REG_TEXT_CONSUMER_CAR_PRICE_CARDEKHO","119","tf-idf","false"
"cat_REG_TEXT_CONSUMER_CAR_PRICE_CARDEKHO_0","0.8458840858817354","0","all","CatBoost 😸","2026-04-23T06:13:20.000Z","REG_TEXT_CONSUMER_CAR_PRICE_CARDEKHO","197","tf-idf","false"
"light_REG_TEXT_CONSUMER_CAR_PRICE_CARDEKHO_0","0.8554087731939224","0","all","LightGBM 💡","2026-04-23T06:13:09.000Z","REG_TEXT_CONSUMER_CAR_PRICE_CARDEKHO","64","tf-idf","false"
"tabpfnv2p5_REG_TEXT_CONSUMER_BIKE_PRICE_BIKEWALE_4","0.340074360370636","4","all","TabPFN-v2p5 🇩🇪","2026-04-23T06:12:58.000Z","REG_TEXT_CONSUMER_BIKE_PRICE_BIKEWALE","25","tf-idf","false"
"tabpfnv2_REG_TEXT_CONSUMER_BIKE_PRICE_BIKEWALE_4","0.7659860849380493","4","all","TabPFN-v2 🤯","2026-04-23T06:12:56.000Z","REG_TEXT_CONSUMER_BIKE_PRICE_BIKEWALE","30","tf-idf","false"
"tabm_REG_TEXT_CONSUMER_BIKE_PRICE_BIKEWALE_4","0.4441998600959778","4","all","TabM Ⓜ️","2026-04-23T06:12:53.000Z","REG_TEXT_CONSUMER_BIKE_PRICE_BIKEWALE","22","tf-idf","false"
"cat_REG_TEXT_CONSUMER_BIKE_PRICE_BIKEWALE_4","0.6377850136473426","4","all","CatBoost 😸","2026-04-23T06:12:46.000Z","REG_TEXT_CONSUMER_BIKE_PRICE_BIKEWALE","19","tf-idf","false"
"light_REG_TEXT_CONSUMER_BIKE_PRICE_BIKEWALE_4","0.5914347815631005","4","all","LightGBM 💡","2026-04-23T06:12:37.000Z","REG_TEXT_CONSUMER_BIKE_PRICE_BIKEWALE","17","tf-idf","false"
"tabpfnv2p5_REG_TEXT_CONSUMER_BIKE_PRICE_BIKEWALE_3","0.7300714254379272","3","all","TabPFN-v2p5 🇩🇪","2026-04-23T06:12:26.000Z","REG_TEXT_CONSUMER_BIKE_PRICE_BIKEWALE","24","tf-idf","false"
"tabpfnv2_REG_TEXT_CONSUMER_BIKE_PRICE_BIKEWALE_3","0.6968269348144531","3","all","TabPFN-v2 🤯","2026-04-23T06:12:24.000Z","REG_TEXT_CONSUMER_BIKE_PRICE_BIKEWALE","29","tf-idf","false"
"tabm_REG_TEXT_CONSUMER_BIKE_PRICE_BIKEWALE_3","0.5990839600563049","3","all","TabM Ⓜ️","2026-04-23T06:12:19.000Z","REG_TEXT_CONSUMER_BIKE_PRICE_BIKEWALE","24","tf-idf","false"
"cat_REG_TEXT_CONSUMER_BIKE_PRICE_BIKEWALE_3","0.65222472461549","3","all","CatBoost 😸","2026-04-23T06:12:10.000Z","REG_TEXT_CONSUMER_BIKE_PRICE_BIKEWALE","22","tf-idf","false"
"light_REG_TEXT_CONSUMER_BIKE_PRICE_BIKEWALE_3","0.6593465510446797","3","all","LightGBM 💡","2026-04-23T06:12:04.000Z","REG_TEXT_CONSUMER_BIKE_PRICE_BIKEWALE","15","tf-idf","false"
"tabpfnv2p5_REG_TEXT_CONSUMER_BIKE_PRICE_BIKEWALE_2","0.6773382425308228","2","all","TabPFN-v2p5 🇩🇪","2026-04-23T06:11:52.000Z","REG_TEXT_CONSUMER_BIKE_PRICE_BIKEWALE","24","tf-idf","false"
"tabpfnv2_REG_TEXT_CONSUMER_BIKE_PRICE_BIKEWALE_2","0.5198760032653809","2","all","TabPFN-v2 🤯","2026-04-23T06:11:47.000Z","REG_TEXT_CONSUMER_BIKE_PRICE_BIKEWALE","30","tf-idf","false"
"tabm_REG_TEXT_CONSUMER_BIKE_PRICE_BIKEWALE_2","0.5106240510940552","2","all","TabM Ⓜ️","2026-04-23T06:11:42.000Z","REG_TEXT_CONSUMER_BIKE_PRICE_BIKEWALE","23","tf-idf","false"
"cat_REG_TEXT_CONSUMER_BIKE_PRICE_BIKEWALE_2","0.3412437520903874","2","all","CatBoost 😸","2026-04-23T06:11:36.000Z","REG_TEXT_CONSUMER_BIKE_PRICE_BIKEWALE","20","tf-idf","false"
"light_REG_TEXT_CONSUMER_BIKE_PRICE_BIKEWALE_2","0.47366927551711513","2","all","LightGBM 💡","2026-04-23T06:11:21.000Z","REG_TEXT_CONSUMER_BIKE_PRICE_BIKEWALE","15","tf-idf","false"
"tabpfnv2p5_REG_TEXT_CONSUMER_BIKE_PRICE_BIKEWALE_1","0.695010781288147","1","all","TabPFN-v2p5 🇩🇪","2026-04-23T06:11:20.000Z","REG_TEXT_CONSUMER_BIKE_PRICE_BIKEWALE","24","tf-idf","false"
"tabpfnv2_REG_TEXT_CONSUMER_BIKE_PRICE_BIKEWALE_1","0.6196229457855225","1","all","TabPFN-v2 🤯","2026-04-23T06:11:19.000Z","REG_TEXT_CONSUMER_BIKE_PRICE_BIKEWALE","28","tf-idf","false"
"tabm_REG_TEXT_CONSUMER_BIKE_PRICE_BIKEWALE_1","0.5214079022407532","1","all","TabM Ⓜ️","2026-04-23T06:11:14.000Z","REG_TEXT_CONSUMER_BIKE_PRICE_BIKEWALE","19","tf-idf","false"
"cat_REG_TEXT_CONSUMER_BIKE_PRICE_BIKEWALE_1","0.6113207466876355","1","all","CatBoost 😸","2026-04-23T06:10:59.000Z","REG_TEXT_CONSUMER_BIKE_PRICE_BIKEWALE","18","tf-idf","false"
"light_REG_TEXT_CONSUMER_BIKE_PRICE_BIKEWALE_1","0.5758477823828418","1","all","LightGBM 💡","2026-04-23T06:10:58.000Z","REG_TEXT_CONSUMER_BIKE_PRICE_BIKEWALE","15","tf-idf","false"
"tabpfnv2_REG_TEXT_CONSUMER_BIKE_PRICE_BIKEWALE_0","0.5821576118469238","0","all","TabPFN-v2 🤯","2026-04-23T06:10:42.000Z","REG_TEXT_CONSUMER_BIKE_PRICE_BIKEWALE","30","tf-idf","false"
"tabpfnv2p5_REG_TEXT_CONSUMER_BIKE_PRICE_BIKEWALE_0","0.6513351202011108","0","all","TabPFN-v2p5 🇩🇪","2026-04-23T06:10:42.000Z","REG_TEXT_CONSUMER_BIKE_PRICE_BIKEWALE","27","tf-idf","false"
"tabm_REG_TEXT_CONSUMER_BIKE_PRICE_BIKEWALE_0","0.4613390564918518","0","all","TabM Ⓜ️","2026-04-23T06:10:32.000Z","REG_TEXT_CONSUMER_BIKE_PRICE_BIKEWALE","22","tf-idf","false"
"cat_REG_TEXT_CONSUMER_BIKE_PRICE_BIKEWALE_0","0.6116141721004413","0","all","CatBoost 😸","2026-04-23T06:10:25.000Z","REG_TEXT_CONSUMER_BIKE_PRICE_BIKEWALE","25","tf-idf","false"
"light_REG_TEXT_CONSUMER_BIKE_PRICE_BIKEWALE_0","0.5513822877175749","0","all","LightGBM 💡","2026-04-23T06:10:19.000Z","REG_TEXT_CONSUMER_BIKE_PRICE_BIKEWALE","15","tf-idf","false"
"tabpfnv2p5_MUL_TEXT_FOOD_YELP_REVIEWS_4","0.789713575750173","4","all","TabPFN-v2p5 🇩🇪","2026-04-23T06:10:04.000Z","MUL_TEXT_FOOD_YELP_REVIEWS","32","tf-idf","false"
"tabpfnv2_MUL_TEXT_FOOD_YELP_REVIEWS_4","0.7880156684343588","4","all","TabPFN-v2 🤯","2026-04-23T06:09:54.000Z","MUL_TEXT_FOOD_YELP_REVIEWS","32","tf-idf","false"
"tabm_MUL_TEXT_FOOD_YELP_REVIEWS_4","0.7862384390281243","4","all","TabM Ⓜ️","2026-04-23T06:09:53.000Z","MUL_TEXT_FOOD_YELP_REVIEWS","29","tf-idf","false"
"cat_MUL_TEXT_FOOD_YELP_REVIEWS_4","0.7723105512600223","4","all","CatBoost 😸","2026-04-23T06:09:47.000Z","MUL_TEXT_FOOD_YELP_REVIEWS","26","tf-idf","false"
"light_MUL_TEXT_FOOD_YELP_REVIEWS_4","0.7653759885306308","4","all","LightGBM 💡","2026-04-23T06:09:37.000Z","MUL_TEXT_FOOD_YELP_REVIEWS","24","tf-idf","false"
"tabpfnv2p5_MUL_TEXT_FOOD_YELP_REVIEWS_3","0.7951218391802293","3","all","TabPFN-v2p5 🇩🇪","2026-04-23T06:09:16.000Z","MUL_TEXT_FOOD_YELP_REVIEWS","31","tf-idf","false"
"tabpfnv2_MUL_TEXT_FOOD_YELP_REVIEWS_3","0.7895014007072726","3","all","TabPFN-v2 🤯","2026-04-23T06:09:15.000Z","MUL_TEXT_FOOD_YELP_REVIEWS","32","tf-idf","false"
"tabm_MUL_TEXT_FOOD_YELP_REVIEWS_3","0.7849929638267297","3","all","TabM Ⓜ️","2026-04-23T06:09:15.000Z","MUL_TEXT_FOOD_YELP_REVIEWS","30","tf-idf","false"
"cat_MUL_TEXT_FOOD_YELP_REVIEWS_3","0.7670006976319588","3","all","CatBoost 😸","2026-04-23T06:09:03.000Z","MUL_TEXT_FOOD_YELP_REVIEWS","27","tf-idf","false"
"light_MUL_TEXT_FOOD_YELP_REVIEWS_3","0.7624266536090187","3","all","LightGBM 💡","2026-04-23T06:08:47.000Z","MUL_TEXT_FOOD_YELP_REVIEWS","24","tf-idf","false"
"tabpfnv2_MUL_TEXT_FOOD_YELP_REVIEWS_2","0.8064479098855809","2","all","TabPFN-v2 🤯","2026-04-23T06:08:37.000Z","MUL_TEXT_FOOD_YELP_REVIEWS","32","tf-idf","false"
"tabpfnv2p5_MUL_TEXT_FOOD_YELP_REVIEWS_2","0.8079766430876395","2","all","TabPFN-v2p5 🇩🇪","2026-04-23T06:08:37.000Z","MUL_TEXT_FOOD_YELP_REVIEWS","31","tf-idf","false"
"tabm_MUL_TEXT_FOOD_YELP_REVIEWS_2","0.8041036890975046","2","all","TabM Ⓜ️","2026-04-23T06:08:30.000Z","MUL_TEXT_FOOD_YELP_REVIEWS","28","tf-idf","false"
"cat_MUL_TEXT_FOOD_YELP_REVIEWS_2","0.7825874781958576","2","all","CatBoost 😸","2026-04-23T06:08:15.000Z","MUL_TEXT_FOOD_YELP_REVIEWS","28","tf-idf","false"
"light_MUL_TEXT_FOOD_YELP_REVIEWS_2","0.7614743017103954","2","all","LightGBM 💡","2026-04-23T06:08:10.000Z","MUL_TEXT_FOOD_YELP_REVIEWS","24","tf-idf","false"
"tabpfnv2p5_MUL_TEXT_FOOD_YELP_REVIEWS_1","0.7990888147089679","1","all","TabPFN-v2p5 🇩🇪","2026-04-23T06:07:59.000Z","MUL_TEXT_FOOD_YELP_REVIEWS","31","tf-idf","false"
"tabpfnv2_MUL_TEXT_FOOD_YELP_REVIEWS_1","0.7978522222606557","1","all","TabPFN-v2 🤯","2026-04-23T06:07:53.000Z","MUL_TEXT_FOOD_YELP_REVIEWS","32","tf-idf","false"
"tabm_MUL_TEXT_FOOD_YELP_REVIEWS_1","0.7941814378699056","1","all","TabM Ⓜ️","2026-04-23T06:07:43.000Z","MUL_TEXT_FOOD_YELP_REVIEWS","29","tf-idf","false"
"cat_MUL_TEXT_FOOD_YELP_REVIEWS_1","0.786832346471408","1","all","CatBoost 😸","2026-04-23T06:07:38.000Z","MUL_TEXT_FOOD_YELP_REVIEWS","26","tf-idf","false"
"light_MUL_TEXT_FOOD_YELP_REVIEWS_1","0.7689614546301097","1","all","LightGBM 💡","2026-04-23T06:07:26.000Z","MUL_TEXT_FOOD_YELP_REVIEWS","24","tf-idf","false"
"tabpfnv2p5_MUL_TEXT_FOOD_YELP_REVIEWS_0","0.8030991284871197","0","all","TabPFN-v2p5 🇩🇪","2026-04-23T06:07:22.000Z","MUL_TEXT_FOOD_YELP_REVIEWS","30","tf-idf","false"
"tabpfnv2_MUL_TEXT_FOOD_YELP_REVIEWS_0","0.8008947304182705","0","all","TabPFN-v2 🤯","2026-04-23T06:07:06.000Z","MUL_TEXT_FOOD_YELP_REVIEWS","31","tf-idf","false"
"tabm_MUL_TEXT_FOOD_YELP_REVIEWS_0","0.7977201882768388","0","all","TabM Ⓜ️","2026-04-23T06:07:00.000Z","MUL_TEXT_FOOD_YELP_REVIEWS","31","tf-idf","false"
"cat_MUL_TEXT_FOOD_YELP_REVIEWS_0","0.7845789667060993","0","all","CatBoost 😸","2026-04-23T06:06:54.000Z","MUL_TEXT_FOOD_YELP_REVIEWS","27","tf-idf","false"
"light_MUL_TEXT_FOOD_YELP_REVIEWS_0","0.7720983516027342","0","all","LightGBM 💡","2026-04-23T06:06:49.000Z","MUL_TEXT_FOOD_YELP_REVIEWS","25","tf-idf","false"