"Name","Created","model","fold","dataset","test_score","multimodal_state","Commit","Runtime","State"
"tabpfnv2_REG_TEXT_HOUSES_AIRBNB_SEATTLE_4","2026-04-17T01:28:50.000Z","TabPFN-v2 🤯","4","REG_TEXT_HOUSES_AIRBNB_SEATTLE","0.5457837476283502","no_text","3e52f6f0702f147df25ae990072280d0c2cbbe8c","71","finished"
"tabpfnv2_REG_TEXT_HOUSES_AIRBNB_SEATTLE_4","2026-04-17T01:27:11.000Z","TabPFN-v2 🤯","4","REG_TEXT_HOUSES_AIRBNB_SEATTLE","0.34940619496662173","text_only","3e52f6f0702f147df25ae990072280d0c2cbbe8c","458","finished"
"tabpfnv2_REG_TEXT_HOUSES_AIRBNB_SEATTLE_4","2026-04-17T01:21:40.000Z","TabPFN-v2 🤯","4","REG_TEXT_HOUSES_AIRBNB_SEATTLE","0.5148541279448415","ft","3e52f6f0702f147df25ae990072280d0c2cbbe8c","2774","finished"
"tabpfnv2_REG_TEXT_HOUSES_AIRBNB_SEATTLE_4","2026-04-17T01:18:59.000Z","TabPFN-v2 🤯","4","REG_TEXT_HOUSES_AIRBNB_SEATTLE","0.5284857359472938","all","3e52f6f0702f147df25ae990072280d0c2cbbe8c","483","finished"
"tabpfnv2p5_REG_TEXT_HOUSES_AIRBNB_SEATTLE_4","2026-04-17T01:18:26.000Z","TabPFN-v2p5 🇩🇪","4","REG_TEXT_HOUSES_AIRBNB_SEATTLE","0.5629438791978616","no_text","3e52f6f0702f147df25ae990072280d0c2cbbe8c","23","finished"
"tabpfnv2p5_REG_TEXT_HOUSES_AIRBNB_SEATTLE_4","2026-04-17T01:11:59.000Z","TabPFN-v2p5 🇩🇪","4","REG_TEXT_HOUSES_AIRBNB_SEATTLE","0.3705789820388966","text_only","3e52f6f0702f147df25ae990072280d0c2cbbe8c","378","finished"
"tabpfnv2p5_REG_TEXT_HOUSES_AIRBNB_SEATTLE_4","2026-04-17T01:05:14.000Z","TabPFN-v2p5 🇩🇪","4","REG_TEXT_HOUSES_AIRBNB_SEATTLE","0.5434147752789654","ft","3e52f6f0702f147df25ae990072280d0c2cbbe8c","4415","finished"
"tabpfnv2p5_REG_TEXT_HOUSES_AIRBNB_SEATTLE_4","2026-04-17T00:59:07.000Z","TabPFN-v2p5 🇩🇪","4","REG_TEXT_HOUSES_AIRBNB_SEATTLE","0.5584207781794401","all","3e52f6f0702f147df25ae990072280d0c2cbbe8c","363","finished"
"tabm_REG_TEXT_HOUSES_AIRBNB_SEATTLE_4","2026-04-17T00:58:45.000Z","TabM Ⓜ️","4","REG_TEXT_HOUSES_AIRBNB_SEATTLE","0.5335430807272824","no_text","3e52f6f0702f147df25ae990072280d0c2cbbe8c","17","finished"
"tabm_REG_TEXT_HOUSES_AIRBNB_SEATTLE_4","2026-04-17T00:53:09.000Z","TabM Ⓜ️","4","REG_TEXT_HOUSES_AIRBNB_SEATTLE","0.3969915532847559","text_only","3e52f6f0702f147df25ae990072280d0c2cbbe8c","333","finished"
"tabm_REG_TEXT_HOUSES_AIRBNB_SEATTLE_4","2026-04-17T00:45:19.000Z","TabM Ⓜ️","4","REG_TEXT_HOUSES_AIRBNB_SEATTLE","0.5789837550906751","ft","3e52f6f0702f147df25ae990072280d0c2cbbe8c","3398","finished"
"tabm_REG_TEXT_HOUSES_AIRBNB_SEATTLE_4","2026-04-17T00:39:32.000Z","TabM Ⓜ️","4","REG_TEXT_HOUSES_AIRBNB_SEATTLE","0.5733089235638145","all","3e52f6f0702f147df25ae990072280d0c2cbbe8c","340","finished"
"cat_REG_TEXT_HOUSES_AIRBNB_SEATTLE_4","2026-04-17T00:38:55.000Z","CatBoost 😸","4","REG_TEXT_HOUSES_AIRBNB_SEATTLE","0.5355346986121894","no_text","3e52f6f0702f147df25ae990072280d0c2cbbe8c","31","finished"
"cat_REG_TEXT_HOUSES_AIRBNB_SEATTLE_4","2026-04-17T00:33:03.000Z","CatBoost 😸","4","REG_TEXT_HOUSES_AIRBNB_SEATTLE","0.3469794080142773","text_only","3e52f6f0702f147df25ae990072280d0c2cbbe8c","347","finished"
"cat_REG_TEXT_HOUSES_AIRBNB_SEATTLE_4","2026-04-17T00:31:40.000Z","CatBoost 😸","4","REG_TEXT_HOUSES_AIRBNB_SEATTLE","0.5410908096963407","ft","3e52f6f0702f147df25ae990072280d0c2cbbe8c","3425","finished"
"cat_REG_TEXT_HOUSES_AIRBNB_SEATTLE_4","2026-04-17T00:26:56.000Z","CatBoost 😸","4","REG_TEXT_HOUSES_AIRBNB_SEATTLE","0.5593346935660295","all","3e52f6f0702f147df25ae990072280d0c2cbbe8c","361","finished"
"light_REG_TEXT_HOUSES_AIRBNB_SEATTLE_4","2026-04-17T00:26:34.000Z","LightGBM 💡","4","REG_TEXT_HOUSES_AIRBNB_SEATTLE","0.568214398379528","no_text","3e52f6f0702f147df25ae990072280d0c2cbbe8c","16","finished"
"light_REG_TEXT_HOUSES_AIRBNB_SEATTLE_4","2026-04-17T00:26:03.000Z","LightGBM 💡","4","REG_TEXT_HOUSES_AIRBNB_SEATTLE","0.3503699047404575","text_only","3e52f6f0702f147df25ae990072280d0c2cbbe8c","329","finished"
"light_REG_TEXT_HOUSES_AIRBNB_SEATTLE_4","2026-04-17T00:25:51.000Z","LightGBM 💡","4","REG_TEXT_HOUSES_AIRBNB_SEATTLE","0.5221335646299552","ft","3e52f6f0702f147df25ae990072280d0c2cbbe8c","3328","finished"
"light_REG_TEXT_HOUSES_AIRBNB_SEATTLE_4","2026-04-17T00:20:48.000Z","LightGBM 💡","4","REG_TEXT_HOUSES_AIRBNB_SEATTLE","0.5532443049349705","all","3e52f6f0702f147df25ae990072280d0c2cbbe8c","341","finished"
"tabpfnv2_REG_TEXT_HOUSES_AIRBNB_SEATTLE_3","2026-04-17T00:20:26.000Z","TabPFN-v2 🤯","3","REG_TEXT_HOUSES_AIRBNB_SEATTLE","0.6986501668475913","no_text","3e52f6f0702f147df25ae990072280d0c2cbbe8c","18","finished"
"tabpfnv2_REG_TEXT_HOUSES_AIRBNB_SEATTLE_3","2026-04-17T00:19:14.000Z","TabPFN-v2 🤯","3","REG_TEXT_HOUSES_AIRBNB_SEATTLE","0.5127577901841656","text_only","3e52f6f0702f147df25ae990072280d0c2cbbe8c","406","finished"
"tabpfnv2_REG_TEXT_HOUSES_AIRBNB_SEATTLE_3","2026-04-17T00:18:46.000Z","TabPFN-v2 🤯","3","REG_TEXT_HOUSES_AIRBNB_SEATTLE","0.7171736207684442","ft","3e52f6f0702f147df25ae990072280d0c2cbbe8c","3184","finished"
"tabpfnv2_REG_TEXT_HOUSES_AIRBNB_SEATTLE_3","2026-04-17T00:10:49.000Z","TabPFN-v2 🤯","3","REG_TEXT_HOUSES_AIRBNB_SEATTLE","0.7234975366045271","all","3e52f6f0702f147df25ae990072280d0c2cbbe8c","499","finished"
"tabpfnv2p5_REG_TEXT_HOUSES_AIRBNB_SEATTLE_3","2026-04-17T00:10:27.000Z","TabPFN-v2p5 🇩🇪","3","REG_TEXT_HOUSES_AIRBNB_SEATTLE","0.7580976657763568","no_text","3e52f6f0702f147df25ae990072280d0c2cbbe8c","19","finished"
"tabpfnv2p5_REG_TEXT_HOUSES_AIRBNB_SEATTLE_3","2026-04-17T00:04:46.000Z","TabPFN-v2p5 🇩🇪","3","REG_TEXT_HOUSES_AIRBNB_SEATTLE","0.5648059364889539","text_only","3e52f6f0702f147df25ae990072280d0c2cbbe8c","334","finished"
"tabpfnv2p5_REG_TEXT_HOUSES_AIRBNB_SEATTLE_3","2026-04-17T00:01:17.000Z","TabPFN-v2p5 🇩🇪","3","REG_TEXT_HOUSES_AIRBNB_SEATTLE","0.7665149637931913","ft","3e52f6f0702f147df25ae990072280d0c2cbbe8c","3105","finished"
"tabpfnv2p5_REG_TEXT_HOUSES_AIRBNB_SEATTLE_3","2026-04-16T23:55:30.000Z","TabPFN-v2p5 🇩🇪","3","REG_TEXT_HOUSES_AIRBNB_SEATTLE","0.7749724131233192","all","3e52f6f0702f147df25ae990072280d0c2cbbe8c","340","finished"
"tabm_REG_TEXT_HOUSES_AIRBNB_SEATTLE_3","2026-04-16T23:55:09.000Z","TabM Ⓜ️","3","REG_TEXT_HOUSES_AIRBNB_SEATTLE","0.6331632692122393","no_text","3e52f6f0702f147df25ae990072280d0c2cbbe8c","18","finished"
"tabm_REG_TEXT_HOUSES_AIRBNB_SEATTLE_3","2026-04-16T23:49:53.000Z","TabM Ⓜ️","3","REG_TEXT_HOUSES_AIRBNB_SEATTLE","0.5595306229338081","text_only","3e52f6f0702f147df25ae990072280d0c2cbbe8c","312","finished"
"tabm_REG_TEXT_HOUSES_AIRBNB_SEATTLE_3","2026-04-16T23:47:44.000Z","TabM Ⓜ️","3","REG_TEXT_HOUSES_AIRBNB_SEATTLE","0.7028910449585486","ft","3e52f6f0702f147df25ae990072280d0c2cbbe8c","2282","finished"
"tabm_REG_TEXT_HOUSES_AIRBNB_SEATTLE_3","2026-04-16T23:44:38.000Z","TabM Ⓜ️","3","REG_TEXT_HOUSES_AIRBNB_SEATTLE","0.7103462635982494","all","3e52f6f0702f147df25ae990072280d0c2cbbe8c","312","finished"
"cat_REG_TEXT_HOUSES_AIRBNB_SEATTLE_3","2026-04-16T23:43:45.000Z","CatBoost 😸","3","REG_TEXT_HOUSES_AIRBNB_SEATTLE","0.6871654728739311","no_text","3e52f6f0702f147df25ae990072280d0c2cbbe8c","48","finished"
"cat_REG_TEXT_HOUSES_AIRBNB_SEATTLE_3","2026-04-16T23:41:01.000Z","CatBoost 😸","3","REG_TEXT_HOUSES_AIRBNB_SEATTLE","0.4678817720941803","text_only","3e52f6f0702f147df25ae990072280d0c2cbbe8c","396","finished"
"cat_REG_TEXT_HOUSES_AIRBNB_SEATTLE_3","2026-04-16T23:35:08.000Z","CatBoost 😸","3","REG_TEXT_HOUSES_AIRBNB_SEATTLE","0.6981629177608404","ft","3e52f6f0702f147df25ae990072280d0c2cbbe8c","2713","finished"
"cat_REG_TEXT_HOUSES_AIRBNB_SEATTLE_3","2026-04-16T23:29:17.000Z","CatBoost 😸","3","REG_TEXT_HOUSES_AIRBNB_SEATTLE","0.7038145404187874","all","3e52f6f0702f147df25ae990072280d0c2cbbe8c","346","finished"
"light_REG_TEXT_HOUSES_AIRBNB_SEATTLE_3","2026-04-16T23:29:15.000Z","LightGBM 💡","3","REG_TEXT_HOUSES_AIRBNB_SEATTLE","0.6426196329767693","no_text","3e52f6f0702f147df25ae990072280d0c2cbbe8c","23","finished"
"light_REG_TEXT_HOUSES_AIRBNB_SEATTLE_3","2026-04-16T23:23:34.000Z","LightGBM 💡","3","REG_TEXT_HOUSES_AIRBNB_SEATTLE","0.4569709561589701","text_only","3e52f6f0702f147df25ae990072280d0c2cbbe8c","335","finished"
"light_REG_TEXT_HOUSES_AIRBNB_SEATTLE_3","2026-04-16T23:21:16.000Z","LightGBM 💡","3","REG_TEXT_HOUSES_AIRBNB_SEATTLE","0.6499216676038391","ft","3e52f6f0702f147df25ae990072280d0c2cbbe8c","2606","finished"
"light_REG_TEXT_HOUSES_AIRBNB_SEATTLE_3","2026-04-16T23:18:01.000Z","LightGBM 💡","3","REG_TEXT_HOUSES_AIRBNB_SEATTLE","0.6505565005942322","all","3e52f6f0702f147df25ae990072280d0c2cbbe8c","326","finished"
"tabpfnv2_REG_TEXT_HOUSES_AIRBNB_SEATTLE_2","2026-04-16T23:17:07.000Z","TabPFN-v2 🤯","2","REG_TEXT_HOUSES_AIRBNB_SEATTLE","0.6623366115441117","no_text","3e52f6f0702f147df25ae990072280d0c2cbbe8c","45","finished"
"tabpfnv2_REG_TEXT_HOUSES_AIRBNB_SEATTLE_2","2026-04-16T23:13:34.000Z","TabPFN-v2 🤯","2","REG_TEXT_HOUSES_AIRBNB_SEATTLE","0.4902374475444955","text_only","3e52f6f0702f147df25ae990072280d0c2cbbe8c","454","finished"
"tabpfnv2_REG_TEXT_HOUSES_AIRBNB_SEATTLE_2","2026-04-16T23:06:34.000Z","TabPFN-v2 🤯","2","REG_TEXT_HOUSES_AIRBNB_SEATTLE","0.6554766952809435","ft","3e52f6f0702f147df25ae990072280d0c2cbbe8c","4326","finished"
"tabpfnv2_REG_TEXT_HOUSES_AIRBNB_SEATTLE_2","2026-04-16T23:06:17.000Z","TabPFN-v2 🤯","2","REG_TEXT_HOUSES_AIRBNB_SEATTLE","0.6496318510317045","all","3e52f6f0702f147df25ae990072280d0c2cbbe8c","637","finished"
"tabpfnv2p5_REG_TEXT_HOUSES_AIRBNB_SEATTLE_2","2026-04-16T23:06:11.000Z","TabPFN-v2p5 🇩🇪","2","REG_TEXT_HOUSES_AIRBNB_SEATTLE","0.63253248693281","no_text","3e52f6f0702f147df25ae990072280d0c2cbbe8c","18","finished"
"tabpfnv2p5_REG_TEXT_HOUSES_AIRBNB_SEATTLE_2","2026-04-16T22:59:40.000Z","TabPFN-v2p5 🇩🇪","2","REG_TEXT_HOUSES_AIRBNB_SEATTLE","0.5083913156047328","text_only","3e52f6f0702f147df25ae990072280d0c2cbbe8c","386","finished"
"tabpfnv2p5_REG_TEXT_HOUSES_AIRBNB_SEATTLE_2","2026-04-16T22:53:25.000Z","TabPFN-v2p5 🇩🇪","2","REG_TEXT_HOUSES_AIRBNB_SEATTLE","0.6282620867288373","ft","3e52f6f0702f147df25ae990072280d0c2cbbe8c","2848","finished"
"tabpfnv2p5_REG_TEXT_HOUSES_AIRBNB_SEATTLE_2","2026-04-16T22:52:49.000Z","TabPFN-v2p5 🇩🇪","2","REG_TEXT_HOUSES_AIRBNB_SEATTLE","0.6135622271848206","all","3e52f6f0702f147df25ae990072280d0c2cbbe8c","400","finished"
"tabm_REG_TEXT_HOUSES_AIRBNB_SEATTLE_2","2026-04-16T22:51:55.000Z","TabM Ⓜ️","2","REG_TEXT_HOUSES_AIRBNB_SEATTLE","0.6360973643273349","no_text","3e52f6f0702f147df25ae990072280d0c2cbbe8c","42","finished"
"tabm_REG_TEXT_HOUSES_AIRBNB_SEATTLE_2","2026-04-16T22:45:40.000Z","TabM Ⓜ️","2","REG_TEXT_HOUSES_AIRBNB_SEATTLE","0.5072522818087253","text_only","3e52f6f0702f147df25ae990072280d0c2cbbe8c","370","finished"
"tabm_REG_TEXT_HOUSES_AIRBNB_SEATTLE_2","2026-04-16T22:43:55.000Z","TabM Ⓜ️","2","REG_TEXT_HOUSES_AIRBNB_SEATTLE","0.6304324737488609","ft","3e52f6f0702f147df25ae990072280d0c2cbbe8c","3585","finished"
"tabm_REG_TEXT_HOUSES_AIRBNB_SEATTLE_2","2026-04-16T22:40:03.000Z","TabM Ⓜ️","2","REG_TEXT_HOUSES_AIRBNB_SEATTLE","0.6253364753046619","all","3e52f6f0702f147df25ae990072280d0c2cbbe8c","334","finished"
"cat_REG_TEXT_HOUSES_AIRBNB_SEATTLE_2","2026-04-16T22:39:14.000Z","CatBoost 😸","2","REG_TEXT_HOUSES_AIRBNB_SEATTLE","0.6434837173545858","no_text","3e52f6f0702f147df25ae990072280d0c2cbbe8c","44","finished"
"cat_REG_TEXT_HOUSES_AIRBNB_SEATTLE_2","2026-04-16T22:33:28.000Z","CatBoost 😸","2","REG_TEXT_HOUSES_AIRBNB_SEATTLE","0.48364783778785125","text_only","3e52f6f0702f147df25ae990072280d0c2cbbe8c","343","finished"
"cat_REG_TEXT_HOUSES_AIRBNB_SEATTLE_2","2026-04-16T22:29:02.000Z","CatBoost 😸","2","REG_TEXT_HOUSES_AIRBNB_SEATTLE","0.6413066812632955","ft","3e52f6f0702f147df25ae990072280d0c2cbbe8c","3612","finished"
"cat_REG_TEXT_HOUSES_AIRBNB_SEATTLE_2","2026-04-16T22:26:59.000Z","CatBoost 😸","2","REG_TEXT_HOUSES_AIRBNB_SEATTLE","0.6130910758959844","all","3e52f6f0702f147df25ae990072280d0c2cbbe8c","385","finished"
"light_REG_TEXT_HOUSES_AIRBNB_SEATTLE_2","2026-04-16T22:26:27.000Z","LightGBM 💡","2","REG_TEXT_HOUSES_AIRBNB_SEATTLE","0.631609610964708","no_text","3e52f6f0702f147df25ae990072280d0c2cbbe8c","28","finished"
"light_REG_TEXT_HOUSES_AIRBNB_SEATTLE_2","2026-04-16T22:15:30.000Z","LightGBM 💡","2","REG_TEXT_HOUSES_AIRBNB_SEATTLE","0.4411055115989795","text_only","3e52f6f0702f147df25ae990072280d0c2cbbe8c","374","finished"
"light_REG_TEXT_HOUSES_AIRBNB_SEATTLE_2","2026-04-16T22:13:59.000Z","LightGBM 💡","2","REG_TEXT_HOUSES_AIRBNB_SEATTLE","0.6322188923549081","ft","3e52f6f0702f147df25ae990072280d0c2cbbe8c","3565","finished"
"light_REG_TEXT_HOUSES_AIRBNB_SEATTLE_2","2026-04-16T22:09:48.000Z","LightGBM 💡","2","REG_TEXT_HOUSES_AIRBNB_SEATTLE","0.6384772532932801","all","3e52f6f0702f147df25ae990072280d0c2cbbe8c","338","finished"
"tabpfnv2_REG_TEXT_HOUSES_AIRBNB_SEATTLE_1","2026-04-16T22:09:10.000Z","TabPFN-v2 🤯","1","REG_TEXT_HOUSES_AIRBNB_SEATTLE","0.67108286692289","no_text","3e52f6f0702f147df25ae990072280d0c2cbbe8c","30","finished"
"tabpfnv2_REG_TEXT_HOUSES_AIRBNB_SEATTLE_1","2026-04-16T22:00:51.000Z","TabPFN-v2 🤯","1","REG_TEXT_HOUSES_AIRBNB_SEATTLE","0.4132085803991816","text_only","3e52f6f0702f147df25ae990072280d0c2cbbe8c","496","finished"
"tabpfnv2_REG_TEXT_HOUSES_AIRBNB_SEATTLE_1","2026-04-16T21:55:46.000Z","TabPFN-v2 🤯","1","REG_TEXT_HOUSES_AIRBNB_SEATTLE","0.688973614979322","ft","3e52f6f0702f147df25ae990072280d0c2cbbe8c","4221","finished"
"tabpfnv2_REG_TEXT_HOUSES_AIRBNB_SEATTLE_1","2026-04-16T21:51:49.000Z","TabPFN-v2 🤯","1","REG_TEXT_HOUSES_AIRBNB_SEATTLE","0.6975688464861387","all","3e52f6f0702f147df25ae990072280d0c2cbbe8c","535","finished"
"tabpfnv2p5_REG_TEXT_HOUSES_AIRBNB_SEATTLE_1","2026-04-16T21:51:16.000Z","TabPFN-v2p5 🇩🇪","1","REG_TEXT_HOUSES_AIRBNB_SEATTLE","0.6961977153920573","no_text","3e52f6f0702f147df25ae990072280d0c2cbbe8c","29","finished"
"tabpfnv2p5_REG_TEXT_HOUSES_AIRBNB_SEATTLE_1","2026-04-16T21:49:21.000Z","TabPFN-v2p5 🇩🇪","1","REG_TEXT_HOUSES_AIRBNB_SEATTLE","0.46411874830471855","text_only","3e52f6f0702f147df25ae990072280d0c2cbbe8c","381","finished"
"tabpfnv2p5_REG_TEXT_HOUSES_AIRBNB_SEATTLE_1","2026-04-16T21:47:28.000Z","TabPFN-v2p5 🇩🇪","1","REG_TEXT_HOUSES_AIRBNB_SEATTLE","0.7137415387808954","ft","3e52f6f0702f147df25ae990072280d0c2cbbe8c","3946","finished"
"tabpfnv2p5_REG_TEXT_HOUSES_AIRBNB_SEATTLE_1","2026-04-16T21:44:35.000Z","TabPFN-v2p5 🇩🇪","1","REG_TEXT_HOUSES_AIRBNB_SEATTLE","0.7376344667194217","all","3e52f6f0702f147df25ae990072280d0c2cbbe8c","396","finished"
"tabm_REG_TEXT_HOUSES_AIRBNB_SEATTLE_1","2026-04-16T21:43:42.000Z","TabM Ⓜ️","1","REG_TEXT_HOUSES_AIRBNB_SEATTLE","0.6876721425164645","no_text","3e52f6f0702f147df25ae990072280d0c2cbbe8c","47","finished"
"tabm_REG_TEXT_HOUSES_AIRBNB_SEATTLE_1","2026-04-16T21:43:19.000Z","TabM Ⓜ️","1","REG_TEXT_HOUSES_AIRBNB_SEATTLE","0.43989017857515855","text_only","3e52f6f0702f147df25ae990072280d0c2cbbe8c","356","finished"
"tabm_REG_TEXT_HOUSES_AIRBNB_SEATTLE_1","2026-04-16T21:42:15.000Z","TabM Ⓜ️","1","REG_TEXT_HOUSES_AIRBNB_SEATTLE","0.6468015037352502","ft","3e52f6f0702f147df25ae990072280d0c2cbbe8c","3698","finished"
"tabm_REG_TEXT_HOUSES_AIRBNB_SEATTLE_1","2026-04-16T21:41:43.000Z","TabM Ⓜ️","1","REG_TEXT_HOUSES_AIRBNB_SEATTLE","0.6722552521719982","all","3e52f6f0702f147df25ae990072280d0c2cbbe8c","336","finished"
"cat_REG_TEXT_HOUSES_AIRBNB_SEATTLE_1","2026-04-16T21:40:08.000Z","CatBoost 😸","1","REG_TEXT_HOUSES_AIRBNB_SEATTLE","0.6820792961342117","no_text","3e52f6f0702f147df25ae990072280d0c2cbbe8c","89","finished"
"cat_REG_TEXT_HOUSES_AIRBNB_SEATTLE_1","2026-04-16T21:36:43.000Z","CatBoost 😸","1","REG_TEXT_HOUSES_AIRBNB_SEATTLE","0.3677490948486165","text_only","3e52f6f0702f147df25ae990072280d0c2cbbe8c","327","finished"
"cat_REG_TEXT_HOUSES_AIRBNB_SEATTLE_1","2026-04-16T21:24:50.000Z","CatBoost 😸","1","REG_TEXT_HOUSES_AIRBNB_SEATTLE","0.6833737216514228","ft","3e52f6f0702f147df25ae990072280d0c2cbbe8c","3689","finished"
"cat_REG_TEXT_HOUSES_AIRBNB_SEATTLE_1","2026-04-16T21:18:57.000Z","CatBoost 😸","1","REG_TEXT_HOUSES_AIRBNB_SEATTLE","0.6931841227852383","all","3e52f6f0702f147df25ae990072280d0c2cbbe8c","344","finished"
"light_REG_TEXT_HOUSES_AIRBNB_SEATTLE_1","2026-04-16T21:18:36.000Z","LightGBM 💡","1","REG_TEXT_HOUSES_AIRBNB_SEATTLE","0.6684059798181521","no_text","3e52f6f0702f147df25ae990072280d0c2cbbe8c","15","finished"
"light_REG_TEXT_HOUSES_AIRBNB_SEATTLE_1","2026-04-16T21:13:25.000Z","LightGBM 💡","1","REG_TEXT_HOUSES_AIRBNB_SEATTLE","0.3769242236050024","text_only","3e52f6f0702f147df25ae990072280d0c2cbbe8c","305","finished"
"light_REG_TEXT_HOUSES_AIRBNB_SEATTLE_1","2026-04-16T21:13:00.000Z","LightGBM 💡","1","REG_TEXT_HOUSES_AIRBNB_SEATTLE","0.6618952335273314","ft","3e52f6f0702f147df25ae990072280d0c2cbbe8c","3655","finished"
"light_REG_TEXT_HOUSES_AIRBNB_SEATTLE_1","2026-04-16T21:08:00.000Z","LightGBM 💡","1","REG_TEXT_HOUSES_AIRBNB_SEATTLE","0.6713587748165525","all","3e52f6f0702f147df25ae990072280d0c2cbbe8c","321","finished"
"tabpfnv2_REG_TEXT_HOUSES_AIRBNB_SEATTLE_0","2026-04-16T21:07:37.000Z","TabPFN-v2 🤯","0","REG_TEXT_HOUSES_AIRBNB_SEATTLE","0.7161980056689836","no_text","3e52f6f0702f147df25ae990072280d0c2cbbe8c","19","finished"
"tabpfnv2_REG_TEXT_HOUSES_AIRBNB_SEATTLE_0","2026-04-16T21:05:01.000Z","TabPFN-v2 🤯","0","REG_TEXT_HOUSES_AIRBNB_SEATTLE","0.5198440110876401","text_only","3e52f6f0702f147df25ae990072280d0c2cbbe8c","476","finished"
"tabpfnv2_REG_TEXT_HOUSES_AIRBNB_SEATTLE_0","2026-04-16T20:59:49.000Z","TabPFN-v2 🤯","0","REG_TEXT_HOUSES_AIRBNB_SEATTLE","0.7354207831358728","ft","3e52f6f0702f147df25ae990072280d0c2cbbe8c","5349","finished"
"tabpfnv2_REG_TEXT_HOUSES_AIRBNB_SEATTLE_0","2026-04-16T20:59:40.000Z","TabPFN-v2 🤯","0","REG_TEXT_HOUSES_AIRBNB_SEATTLE","0.7177137552265669","all","3e52f6f0702f147df25ae990072280d0c2cbbe8c","471","finished"
"tabpfnv2p5_REG_TEXT_HOUSES_AIRBNB_SEATTLE_0","2026-04-16T20:59:18.000Z","TabPFN-v2p5 🇩🇪","0","REG_TEXT_HOUSES_AIRBNB_SEATTLE","0.7256352153724261","no_text","3e52f6f0702f147df25ae990072280d0c2cbbe8c","19","finished"
"tabpfnv2p5_REG_TEXT_HOUSES_AIRBNB_SEATTLE_0","2026-04-16T20:53:10.000Z","TabPFN-v2p5 🇩🇪","0","REG_TEXT_HOUSES_AIRBNB_SEATTLE","0.5685074982727736","text_only","3e52f6f0702f147df25ae990072280d0c2cbbe8c","361","finished"
"tabpfnv2p5_REG_TEXT_HOUSES_AIRBNB_SEATTLE_0","2026-04-16T20:09:27.000Z","TabPFN-v2p5 🇩🇪","0","REG_TEXT_HOUSES_AIRBNB_SEATTLE","0.7481258756120465","ft","3e52f6f0702f147df25ae990072280d0c2cbbe8c","5233","finished"
"tabpfnv2p5_REG_TEXT_HOUSES_AIRBNB_SEATTLE_0","2026-04-16T20:03:20.000Z","TabPFN-v2p5 🇩🇪","0","REG_TEXT_HOUSES_AIRBNB_SEATTLE","0.7350947975310053","all","3e52f6f0702f147df25ae990072280d0c2cbbe8c","362","finished"
"tabm_REG_TEXT_HOUSES_AIRBNB_SEATTLE_0","2026-04-16T20:02:59.000Z","TabM Ⓜ️","0","REG_TEXT_HOUSES_AIRBNB_SEATTLE","0.6606541663663771","no_text","3e52f6f0702f147df25ae990072280d0c2cbbe8c","16","finished"
"tabm_REG_TEXT_HOUSES_AIRBNB_SEATTLE_0","2026-04-16T19:57:23.000Z","TabM Ⓜ️","0","REG_TEXT_HOUSES_AIRBNB_SEATTLE","0.5676011805955572","text_only","3e52f6f0702f147df25ae990072280d0c2cbbe8c","332","finished"
"tabm_REG_TEXT_HOUSES_AIRBNB_SEATTLE_0","2026-04-16T19:56:09.000Z","TabM Ⓜ️","0","REG_TEXT_HOUSES_AIRBNB_SEATTLE","0.7050501053929403","ft","3e52f6f0702f147df25ae990072280d0c2cbbe8c","4125","finished"
"tabm_REG_TEXT_HOUSES_AIRBNB_SEATTLE_0","2026-04-16T19:51:42.000Z","TabM Ⓜ️","0","REG_TEXT_HOUSES_AIRBNB_SEATTLE","0.7284611484494381","all","3e52f6f0702f147df25ae990072280d0c2cbbe8c","334","finished"
"cat_REG_TEXT_HOUSES_AIRBNB_SEATTLE_0","2026-04-16T19:51:10.000Z","CatBoost 😸","0","REG_TEXT_HOUSES_AIRBNB_SEATTLE","0.680180900315002","no_text","3e52f6f0702f147df25ae990072280d0c2cbbe8c","28","finished"
"cat_REG_TEXT_HOUSES_AIRBNB_SEATTLE_0","2026-04-16T19:50:07.000Z","CatBoost 😸","0","REG_TEXT_HOUSES_AIRBNB_SEATTLE","0.4666876289928933","text_only","3e52f6f0702f147df25ae990072280d0c2cbbe8c","355","finished"
"cat_REG_TEXT_HOUSES_AIRBNB_SEATTLE_0","2026-04-16T19:50:01.000Z","CatBoost 😸","0","REG_TEXT_HOUSES_AIRBNB_SEATTLE","0.7160119139135709","ft","3e52f6f0702f147df25ae990072280d0c2cbbe8c","4183","finished"
"cat_REG_TEXT_HOUSES_AIRBNB_SEATTLE_0","2026-04-16T19:44:58.000Z","CatBoost 😸","0","REG_TEXT_HOUSES_AIRBNB_SEATTLE","0.7234598446211334","all","3e52f6f0702f147df25ae990072280d0c2cbbe8c","368","finished"
"light_REG_TEXT_HOUSES_AIRBNB_SEATTLE_0","2026-04-16T19:44:37.000Z","LightGBM 💡","0","REG_TEXT_HOUSES_AIRBNB_SEATTLE","0.6796990963686855","no_text","3e52f6f0702f147df25ae990072280d0c2cbbe8c","15","finished"
"light_REG_TEXT_HOUSES_AIRBNB_SEATTLE_0","2026-04-16T19:44:32.000Z","LightGBM 💡","0","REG_TEXT_HOUSES_AIRBNB_SEATTLE","0.38641531395936646","text_only","3e52f6f0702f147df25ae990072280d0c2cbbe8c","332","finished"
"light_REG_TEXT_HOUSES_AIRBNB_SEATTLE_0","2026-04-16T19:44:27.000Z","LightGBM 💡","0","REG_TEXT_HOUSES_AIRBNB_SEATTLE","0.7030157679025373","ft","3e52f6f0702f147df25ae990072280d0c2cbbe8c","4116","finished"
"light_REG_TEXT_HOUSES_AIRBNB_SEATTLE_0","2026-04-16T19:44:20.000Z","LightGBM 💡","0","REG_TEXT_HOUSES_AIRBNB_SEATTLE","0.6921391408674413","all","3e52f6f0702f147df25ae990072280d0c2cbbe8c","335","finished"
"tabpfnv2_REG_TEXT_HOUSES_SAN_FRANCISCO_PERMITS_APPLICATIONS_4","2026-04-16T16:41:52.000Z","TabPFN-v2 🤯","4","REG_TEXT_HOUSES_SAN_FRANCISCO_PERMITS_APPLICATIONS","0.48217910208787906","no_text","b8c15933f3a030949efbe34e1cf01574bed42c5b","140","finished"
"tabpfnv2_REG_TEXT_HOUSES_SAN_FRANCISCO_PERMITS_APPLICATIONS_4","2026-04-16T16:41:04.000Z","TabPFN-v2 🤯","4","REG_TEXT_HOUSES_SAN_FRANCISCO_PERMITS_APPLICATIONS","0.21024641926275137","text_only","b8c15933f3a030949efbe34e1cf01574bed42c5b","390","finished"
"tabpfnv2_REG_TEXT_HOUSES_SAN_FRANCISCO_PERMITS_APPLICATIONS_4","2026-04-16T16:40:51.000Z","TabPFN-v2 🤯","4","REG_TEXT_HOUSES_SAN_FRANCISCO_PERMITS_APPLICATIONS","0.4993341447978311","ft","7aa1eeec3fe4cc68f3850fd4d59d1f8525d755a6","4796","finished"
"tabpfnv2_REG_TEXT_HOUSES_SAN_FRANCISCO_PERMITS_APPLICATIONS_4","2026-04-16T16:37:22.000Z","TabPFN-v2 🤯","4","REG_TEXT_HOUSES_SAN_FRANCISCO_PERMITS_APPLICATIONS","0.4840269907973811","all","7aa1eeec3fe4cc68f3850fd4d59d1f8525d755a6","407","finished"
"tabpfnv2p5_REG_TEXT_HOUSES_SAN_FRANCISCO_PERMITS_APPLICATIONS_4","2026-04-16T16:36:39.000Z","TabPFN-v2p5 🇩🇪","4","REG_TEXT_HOUSES_SAN_FRANCISCO_PERMITS_APPLICATIONS","0.5221731266060265","no_text","7aa1eeec3fe4cc68f3850fd4d59d1f8525d755a6","30","finished"
"tabpfnv2p5_REG_TEXT_HOUSES_SAN_FRANCISCO_PERMITS_APPLICATIONS_4","2026-04-16T16:35:08.000Z","TabPFN-v2p5 🇩🇪","4","REG_TEXT_HOUSES_SAN_FRANCISCO_PERMITS_APPLICATIONS","0.40176340012570344","text_only","b8c15933f3a030949efbe34e1cf01574bed42c5b","349","finished"
"tabpfnv2p5_REG_TEXT_HOUSES_SAN_FRANCISCO_PERMITS_APPLICATIONS_4","2026-04-16T16:33:42.000Z","TabPFN-v2p5 🇩🇪","4","REG_TEXT_HOUSES_SAN_FRANCISCO_PERMITS_APPLICATIONS","0.5547312783009597","ft","7aa1eeec3fe4cc68f3850fd4d59d1f8525d755a6","3488","finished"
"tabpfnv2p5_REG_TEXT_HOUSES_SAN_FRANCISCO_PERMITS_APPLICATIONS_4","2026-04-16T16:33:27.000Z","TabPFN-v2p5 🇩🇪","4","REG_TEXT_HOUSES_SAN_FRANCISCO_PERMITS_APPLICATIONS","0.5472500233816138","all","7aa1eeec3fe4cc68f3850fd4d59d1f8525d755a6","429","finished"
"tabm_REG_TEXT_HOUSES_SAN_FRANCISCO_PERMITS_APPLICATIONS_4","2026-04-16T16:32:43.000Z","TabM Ⓜ️","4","REG_TEXT_HOUSES_SAN_FRANCISCO_PERMITS_APPLICATIONS","0.46600933547146384","no_text","7aa1eeec3fe4cc68f3850fd4d59d1f8525d755a6","49","finished"
"tabm_REG_TEXT_HOUSES_SAN_FRANCISCO_PERMITS_APPLICATIONS_4","2026-04-16T16:29:18.000Z","TabM Ⓜ️","4","REG_TEXT_HOUSES_SAN_FRANCISCO_PERMITS_APPLICATIONS","0.3515504747074435","text_only","b8c15933f3a030949efbe34e1cf01574bed42c5b","340","finished"
"tabm_REG_TEXT_HOUSES_SAN_FRANCISCO_PERMITS_APPLICATIONS_4","2026-04-16T16:27:41.000Z","TabM Ⓜ️","4","REG_TEXT_HOUSES_SAN_FRANCISCO_PERMITS_APPLICATIONS","0.5144301260887686","ft","b8c15933f3a030949efbe34e1cf01574bed42c5b","2674","finished"
"tabm_REG_TEXT_HOUSES_SAN_FRANCISCO_PERMITS_APPLICATIONS_4","2026-04-16T16:26:57.000Z","TabM Ⓜ️","4","REG_TEXT_HOUSES_SAN_FRANCISCO_PERMITS_APPLICATIONS","0.49624262072841974","all","7aa1eeec3fe4cc68f3850fd4d59d1f8525d755a6","372","finished"
"cat_REG_TEXT_HOUSES_SAN_FRANCISCO_PERMITS_APPLICATIONS_4","2026-04-16T16:26:17.000Z","CatBoost 😸","4","REG_TEXT_HOUSES_SAN_FRANCISCO_PERMITS_APPLICATIONS","0.5102105756854486","no_text","b8c15933f3a030949efbe34e1cf01574bed42c5b","76","finished"
"cat_REG_TEXT_HOUSES_SAN_FRANCISCO_PERMITS_APPLICATIONS_4","2026-04-16T16:20:35.000Z","CatBoost 😸","4","REG_TEXT_HOUSES_SAN_FRANCISCO_PERMITS_APPLICATIONS","0.30393055670695246","text_only","7aa1eeec3fe4cc68f3850fd4d59d1f8525d755a6","370","finished"
"cat_REG_TEXT_HOUSES_SAN_FRANCISCO_PERMITS_APPLICATIONS_4","2026-04-16T16:20:14.000Z","CatBoost 😸","4","REG_TEXT_HOUSES_SAN_FRANCISCO_PERMITS_APPLICATIONS","0.5589085152630349","ft","b8c15933f3a030949efbe34e1cf01574bed42c5b","2712","finished"
"cat_REG_TEXT_HOUSES_SAN_FRANCISCO_PERMITS_APPLICATIONS_4","2026-04-16T16:14:44.000Z","CatBoost 😸","4","REG_TEXT_HOUSES_SAN_FRANCISCO_PERMITS_APPLICATIONS","0.5168224939906599","all","7aa1eeec3fe4cc68f3850fd4d59d1f8525d755a6","343","finished"
"light_REG_TEXT_HOUSES_SAN_FRANCISCO_PERMITS_APPLICATIONS_4","2026-04-16T16:13:46.000Z","LightGBM 💡","4","REG_TEXT_HOUSES_SAN_FRANCISCO_PERMITS_APPLICATIONS","0.5256842549206304","no_text","7aa1eeec3fe4cc68f3850fd4d59d1f8525d755a6","46","finished"
"light_REG_TEXT_HOUSES_SAN_FRANCISCO_PERMITS_APPLICATIONS_4","2026-04-16T16:13:21.000Z","LightGBM 💡","4","REG_TEXT_HOUSES_SAN_FRANCISCO_PERMITS_APPLICATIONS","0.28846577575766663","text_only","b8c15933f3a030949efbe34e1cf01574bed42c5b","323","finished"
"light_REG_TEXT_HOUSES_SAN_FRANCISCO_PERMITS_APPLICATIONS_4","2026-04-16T16:12:33.000Z","LightGBM 💡","4","REG_TEXT_HOUSES_SAN_FRANCISCO_PERMITS_APPLICATIONS","0.5353371055957457","ft","7aa1eeec3fe4cc68f3850fd4d59d1f8525d755a6","3954","finished"
"light_REG_TEXT_HOUSES_SAN_FRANCISCO_PERMITS_APPLICATIONS_4","2026-04-16T16:08:11.000Z","LightGBM 💡","4","REG_TEXT_HOUSES_SAN_FRANCISCO_PERMITS_APPLICATIONS","0.5207472779029678","all","b8c15933f3a030949efbe34e1cf01574bed42c5b","299","finished"
"tabpfnv2_REG_TEXT_HOUSES_SAN_FRANCISCO_PERMITS_APPLICATIONS_3","2026-04-16T16:06:47.000Z","TabPFN-v2 🤯","3","REG_TEXT_HOUSES_SAN_FRANCISCO_PERMITS_APPLICATIONS","0.467022707834075","no_text","b8c15933f3a030949efbe34e1cf01574bed42c5b","75","finished"
"tabpfnv2_REG_TEXT_HOUSES_SAN_FRANCISCO_PERMITS_APPLICATIONS_3","2026-04-16T16:06:31.000Z","TabPFN-v2 🤯","3","REG_TEXT_HOUSES_SAN_FRANCISCO_PERMITS_APPLICATIONS","0.18844328598673765","text_only","7aa1eeec3fe4cc68f3850fd4d59d1f8525d755a6","347","finished"
"tabpfnv2_REG_TEXT_HOUSES_SAN_FRANCISCO_PERMITS_APPLICATIONS_3","2026-04-16T16:03:10.000Z","TabPFN-v2 🤯","3","REG_TEXT_HOUSES_SAN_FRANCISCO_PERMITS_APPLICATIONS","0.4734170112018433","ft","b8c15933f3a030949efbe34e1cf01574bed42c5b","2229","finished"
"tabpfnv2_REG_TEXT_HOUSES_SAN_FRANCISCO_PERMITS_APPLICATIONS_3","2026-04-16T16:00:14.000Z","TabPFN-v2 🤯","3","REG_TEXT_HOUSES_SAN_FRANCISCO_PERMITS_APPLICATIONS","0.4711823093246912","all","7aa1eeec3fe4cc68f3850fd4d59d1f8525d755a6","366","finished"
"tabpfnv2p5_REG_TEXT_HOUSES_SAN_FRANCISCO_PERMITS_APPLICATIONS_3","2026-04-16T15:59:31.000Z","TabPFN-v2p5 🇩🇪","3","REG_TEXT_HOUSES_SAN_FRANCISCO_PERMITS_APPLICATIONS","0.5371554537294752","no_text","7aa1eeec3fe4cc68f3850fd4d59d1f8525d755a6","37","finished"
"tabpfnv2p5_REG_TEXT_HOUSES_SAN_FRANCISCO_PERMITS_APPLICATIONS_3","2026-04-16T15:57:35.000Z","TabPFN-v2p5 🇩🇪","3","REG_TEXT_HOUSES_SAN_FRANCISCO_PERMITS_APPLICATIONS","0.3607542539863868","text_only","b8c15933f3a030949efbe34e1cf01574bed42c5b","324","finished"
"tabpfnv2p5_REG_TEXT_HOUSES_SAN_FRANCISCO_PERMITS_APPLICATIONS_3","2026-04-16T15:56:27.000Z","TabPFN-v2p5 🇩🇪","3","REG_TEXT_HOUSES_SAN_FRANCISCO_PERMITS_APPLICATIONS","0.555672836282301","ft","7aa1eeec3fe4cc68f3850fd4d59d1f8525d755a6","3007","finished"
"tabpfnv2p5_REG_TEXT_HOUSES_SAN_FRANCISCO_PERMITS_APPLICATIONS_3","2026-04-16T15:54:01.000Z","TabPFN-v2p5 🇩🇪","3","REG_TEXT_HOUSES_SAN_FRANCISCO_PERMITS_APPLICATIONS","0.5694562085986017","all","7aa1eeec3fe4cc68f3850fd4d59d1f8525d755a6","326","finished"
"tabm_REG_TEXT_HOUSES_SAN_FRANCISCO_PERMITS_APPLICATIONS_3","2026-04-16T15:53:29.000Z","TabM Ⓜ️","3","REG_TEXT_HOUSES_SAN_FRANCISCO_PERMITS_APPLICATIONS","0.5018837735812559","no_text","7aa1eeec3fe4cc68f3850fd4d59d1f8525d755a6","26","finished"
"tabm_REG_TEXT_HOUSES_SAN_FRANCISCO_PERMITS_APPLICATIONS_3","2026-04-16T15:52:37.000Z","TabM Ⓜ️","3","REG_TEXT_HOUSES_SAN_FRANCISCO_PERMITS_APPLICATIONS","0.3433654067480436","text_only","b8c15933f3a030949efbe34e1cf01574bed42c5b","295","finished"
"tabm_REG_TEXT_HOUSES_SAN_FRANCISCO_PERMITS_APPLICATIONS_3","2026-04-16T15:49:59.000Z","TabM Ⓜ️","3","REG_TEXT_HOUSES_SAN_FRANCISCO_PERMITS_APPLICATIONS","0.5509286723659907","ft","b8c15933f3a030949efbe34e1cf01574bed42c5b","2275","finished"
"tabm_REG_TEXT_HOUSES_SAN_FRANCISCO_PERMITS_APPLICATIONS_3","2026-04-16T15:48:19.000Z","TabM Ⓜ️","3","REG_TEXT_HOUSES_SAN_FRANCISCO_PERMITS_APPLICATIONS","0.5440294428885212","all","7aa1eeec3fe4cc68f3850fd4d59d1f8525d755a6","307","finished"
"cat_REG_TEXT_HOUSES_SAN_FRANCISCO_PERMITS_APPLICATIONS_3","2026-04-16T15:47:16.000Z","CatBoost 😸","3","REG_TEXT_HOUSES_SAN_FRANCISCO_PERMITS_APPLICATIONS","0.515119034122859","no_text","7aa1eeec3fe4cc68f3850fd4d59d1f8525d755a6","57","finished"
"cat_REG_TEXT_HOUSES_SAN_FRANCISCO_PERMITS_APPLICATIONS_3","2026-04-16T15:46:36.000Z","CatBoost 😸","3","REG_TEXT_HOUSES_SAN_FRANCISCO_PERMITS_APPLICATIONS","0.251265743178647","text_only","b8c15933f3a030949efbe34e1cf01574bed42c5b","346","finished"
"cat_REG_TEXT_HOUSES_SAN_FRANCISCO_PERMITS_APPLICATIONS_3","2026-04-16T15:45:26.000Z","CatBoost 😸","3","REG_TEXT_HOUSES_SAN_FRANCISCO_PERMITS_APPLICATIONS","0.5284714850851795","ft","b8c15933f3a030949efbe34e1cf01574bed42c5b","2442","finished"
"cat_REG_TEXT_HOUSES_SAN_FRANCISCO_PERMITS_APPLICATIONS_3","2026-04-16T15:42:02.000Z","CatBoost 😸","3","REG_TEXT_HOUSES_SAN_FRANCISCO_PERMITS_APPLICATIONS","0.5143479520460139","all","7aa1eeec3fe4cc68f3850fd4d59d1f8525d755a6","307","finished"
"light_REG_TEXT_HOUSES_SAN_FRANCISCO_PERMITS_APPLICATIONS_3","2026-04-16T15:41:34.000Z","LightGBM 💡","3","REG_TEXT_HOUSES_SAN_FRANCISCO_PERMITS_APPLICATIONS","0.47885531088865785","no_text","7aa1eeec3fe4cc68f3850fd4d59d1f8525d755a6","22","finished"
"light_REG_TEXT_HOUSES_SAN_FRANCISCO_PERMITS_APPLICATIONS_3","2026-04-16T15:41:31.000Z","LightGBM 💡","3","REG_TEXT_HOUSES_SAN_FRANCISCO_PERMITS_APPLICATIONS","0.2799211031795906","text_only","b8c15933f3a030949efbe34e1cf01574bed42c5b","295","finished"
"light_REG_TEXT_HOUSES_SAN_FRANCISCO_PERMITS_APPLICATIONS_3","2026-04-16T15:37:24.000Z","LightGBM 💡","3","REG_TEXT_HOUSES_SAN_FRANCISCO_PERMITS_APPLICATIONS","0.4960456584765131","ft","7aa1eeec3fe4cc68f3850fd4d59d1f8525d755a6","3316","finished"
"light_REG_TEXT_HOUSES_SAN_FRANCISCO_PERMITS_APPLICATIONS_3","2026-04-16T15:36:35.000Z","LightGBM 💡","3","REG_TEXT_HOUSES_SAN_FRANCISCO_PERMITS_APPLICATIONS","0.4920228313685403","all","7aa1eeec3fe4cc68f3850fd4d59d1f8525d755a6","295","finished"
"tabpfnv2_REG_TEXT_HOUSES_SAN_FRANCISCO_PERMITS_APPLICATIONS_2","2026-04-16T15:35:57.000Z","TabPFN-v2 🤯","2","REG_TEXT_HOUSES_SAN_FRANCISCO_PERMITS_APPLICATIONS","0.47196324339325624","no_text","7aa1eeec3fe4cc68f3850fd4d59d1f8525d755a6","32","finished"
"tabpfnv2_REG_TEXT_HOUSES_SAN_FRANCISCO_PERMITS_APPLICATIONS_2","2026-04-16T15:31:52.000Z","TabPFN-v2 🤯","2","REG_TEXT_HOUSES_SAN_FRANCISCO_PERMITS_APPLICATIONS","0.15670075874938028","text_only","7aa1eeec3fe4cc68f3850fd4d59d1f8525d755a6","329","finished"
"tabpfnv2_REG_TEXT_HOUSES_SAN_FRANCISCO_PERMITS_APPLICATIONS_2","2026-04-16T15:30:10.000Z","TabPFN-v2 🤯","2","REG_TEXT_HOUSES_SAN_FRANCISCO_PERMITS_APPLICATIONS","0.4765513051863345","ft","b8c15933f3a030949efbe34e1cf01574bed42c5b","2185","finished"
"tabpfnv2_REG_TEXT_HOUSES_SAN_FRANCISCO_PERMITS_APPLICATIONS_2","2026-04-16T15:26:14.000Z","TabPFN-v2 🤯","2","REG_TEXT_HOUSES_SAN_FRANCISCO_PERMITS_APPLICATIONS","0.4737370290008519","all","7aa1eeec3fe4cc68f3850fd4d59d1f8525d755a6","335","finished"
"tabpfnv2p5_REG_TEXT_HOUSES_SAN_FRANCISCO_PERMITS_APPLICATIONS_2","2026-04-16T15:25:41.000Z","TabPFN-v2p5 🇩🇪","2","REG_TEXT_HOUSES_SAN_FRANCISCO_PERMITS_APPLICATIONS","0.5330759175135815","no_text","7aa1eeec3fe4cc68f3850fd4d59d1f8525d755a6","28","finished"
"tabpfnv2p5_REG_TEXT_HOUSES_SAN_FRANCISCO_PERMITS_APPLICATIONS_2","2026-04-16T15:24:49.000Z","TabPFN-v2p5 🇩🇪","2","REG_TEXT_HOUSES_SAN_FRANCISCO_PERMITS_APPLICATIONS","0.351247919641983","text_only","b8c15933f3a030949efbe34e1cf01574bed42c5b","316","finished"
"tabpfnv2p5_REG_TEXT_HOUSES_SAN_FRANCISCO_PERMITS_APPLICATIONS_2","2026-04-16T15:20:43.000Z","TabPFN-v2p5 🇩🇪","2","REG_TEXT_HOUSES_SAN_FRANCISCO_PERMITS_APPLICATIONS","0.5433984274432527","ft","7aa1eeec3fe4cc68f3850fd4d59d1f8525d755a6","4548","finished"
"tabpfnv2p5_REG_TEXT_HOUSES_SAN_FRANCISCO_PERMITS_APPLICATIONS_2","2026-04-16T15:20:14.000Z","TabPFN-v2p5 🇩🇪","2","REG_TEXT_HOUSES_SAN_FRANCISCO_PERMITS_APPLICATIONS","0.5500061407644773","all","7aa1eeec3fe4cc68f3850fd4d59d1f8525d755a6","324","finished"
"tabm_REG_TEXT_HOUSES_SAN_FRANCISCO_PERMITS_APPLICATIONS_2","2026-04-16T15:20:11.000Z","TabM Ⓜ️","2","REG_TEXT_HOUSES_SAN_FRANCISCO_PERMITS_APPLICATIONS","0.530954783971959","no_text","7aa1eeec3fe4cc68f3850fd4d59d1f8525d755a6","25","finished"
"tabm_REG_TEXT_HOUSES_SAN_FRANCISCO_PERMITS_APPLICATIONS_2","2026-04-16T15:19:49.000Z","TabM Ⓜ️","2","REG_TEXT_HOUSES_SAN_FRANCISCO_PERMITS_APPLICATIONS","0.3556039723845693","text_only","b8c15933f3a030949efbe34e1cf01574bed42c5b","293","finished"
"tabm_REG_TEXT_HOUSES_SAN_FRANCISCO_PERMITS_APPLICATIONS_2","2026-04-16T15:15:18.000Z","TabM Ⓜ️","2","REG_TEXT_HOUSES_SAN_FRANCISCO_PERMITS_APPLICATIONS","0.5459134657717977","ft","b8c15933f3a030949efbe34e1cf01574bed42c5b","2072","finished"
"tabm_REG_TEXT_HOUSES_SAN_FRANCISCO_PERMITS_APPLICATIONS_2","2026-04-16T15:15:16.000Z","TabM Ⓜ️","2","REG_TEXT_HOUSES_SAN_FRANCISCO_PERMITS_APPLICATIONS","0.5276808833424829","all","7aa1eeec3fe4cc68f3850fd4d59d1f8525d755a6","292","finished"
"cat_REG_TEXT_HOUSES_SAN_FRANCISCO_PERMITS_APPLICATIONS_2","2026-04-16T15:14:25.000Z","CatBoost 😸","2","REG_TEXT_HOUSES_SAN_FRANCISCO_PERMITS_APPLICATIONS","0.5595826283396019","no_text","b8c15933f3a030949efbe34e1cf01574bed42c5b","50","finished"
"cat_REG_TEXT_HOUSES_SAN_FRANCISCO_PERMITS_APPLICATIONS_2","2026-04-16T15:14:22.000Z","CatBoost 😸","2","REG_TEXT_HOUSES_SAN_FRANCISCO_PERMITS_APPLICATIONS","0.29445078244678513","text_only","b8c15933f3a030949efbe34e1cf01574bed42c5b","319","finished"
"cat_REG_TEXT_HOUSES_SAN_FRANCISCO_PERMITS_APPLICATIONS_2","2026-04-16T15:10:40.000Z","CatBoost 😸","2","REG_TEXT_HOUSES_SAN_FRANCISCO_PERMITS_APPLICATIONS","0.5339775372540521","ft","7aa1eeec3fe4cc68f3850fd4d59d1f8525d755a6","3783","finished"
"cat_REG_TEXT_HOUSES_SAN_FRANCISCO_PERMITS_APPLICATIONS_2","2026-04-16T15:10:00.000Z","CatBoost 😸","2","REG_TEXT_HOUSES_SAN_FRANCISCO_PERMITS_APPLICATIONS","0.5472638824878191","all","7aa1eeec3fe4cc68f3850fd4d59d1f8525d755a6","312","finished"
"light_REG_TEXT_HOUSES_SAN_FRANCISCO_PERMITS_APPLICATIONS_2","2026-04-16T15:09:33.000Z","LightGBM 💡","2","REG_TEXT_HOUSES_SAN_FRANCISCO_PERMITS_APPLICATIONS","0.5153987546361581","no_text","7aa1eeec3fe4cc68f3850fd4d59d1f8525d755a6","21","finished"
"light_REG_TEXT_HOUSES_SAN_FRANCISCO_PERMITS_APPLICATIONS_2","2026-04-16T15:09:08.000Z","LightGBM 💡","2","REG_TEXT_HOUSES_SAN_FRANCISCO_PERMITS_APPLICATIONS","0.27161999334749887","text_only","b8c15933f3a030949efbe34e1cf01574bed42c5b","306","finished"
"light_REG_TEXT_HOUSES_SAN_FRANCISCO_PERMITS_APPLICATIONS_2","2026-04-16T15:07:22.000Z","LightGBM 💡","2","REG_TEXT_HOUSES_SAN_FRANCISCO_PERMITS_APPLICATIONS","0.5622149158259742","ft","b8c15933f3a030949efbe34e1cf01574bed42c5b","2045","finished"
"light_REG_TEXT_HOUSES_SAN_FRANCISCO_PERMITS_APPLICATIONS_2","2026-04-16T15:05:07.000Z","LightGBM 💡","2","REG_TEXT_HOUSES_SAN_FRANCISCO_PERMITS_APPLICATIONS","0.5362204975729709","all","7aa1eeec3fe4cc68f3850fd4d59d1f8525d755a6","329","finished"
"tabpfnv2_REG_TEXT_HOUSES_SAN_FRANCISCO_PERMITS_APPLICATIONS_1","2026-04-16T15:04:17.000Z","TabPFN-v2 🤯","1","REG_TEXT_HOUSES_SAN_FRANCISCO_PERMITS_APPLICATIONS","0.44605463002552537","no_text","7aa1eeec3fe4cc68f3850fd4d59d1f8525d755a6","45","finished"
"tabpfnv2_REG_TEXT_HOUSES_SAN_FRANCISCO_PERMITS_APPLICATIONS_1","2026-04-16T15:02:01.000Z","TabPFN-v2 🤯","1","REG_TEXT_HOUSES_SAN_FRANCISCO_PERMITS_APPLICATIONS","0.09144946305518976","text_only","b8c15933f3a030949efbe34e1cf01574bed42c5b","335","finished"
"tabpfnv2_REG_TEXT_HOUSES_SAN_FRANCISCO_PERMITS_APPLICATIONS_1","2026-04-16T15:01:59.000Z","TabPFN-v2 🤯","1","REG_TEXT_HOUSES_SAN_FRANCISCO_PERMITS_APPLICATIONS","0.4499973188237767","ft","b8c15933f3a030949efbe34e1cf01574bed42c5b","2589","finished"
"tabpfnv2_REG_TEXT_HOUSES_SAN_FRANCISCO_PERMITS_APPLICATIONS_1","2026-04-16T15:01:07.000Z","TabPFN-v2 🤯","1","REG_TEXT_HOUSES_SAN_FRANCISCO_PERMITS_APPLICATIONS","0.45160828096142114","all","b8c15933f3a030949efbe34e1cf01574bed42c5b","370","finished"
"tabpfnv2p5_REG_TEXT_HOUSES_SAN_FRANCISCO_PERMITS_APPLICATIONS_1","2026-04-16T14:59:51.000Z","TabPFN-v2p5 🇩🇪","1","REG_TEXT_HOUSES_SAN_FRANCISCO_PERMITS_APPLICATIONS","0.5073267887243609","no_text","b8c15933f3a030949efbe34e1cf01574bed42c5b","68","finished"
"tabpfnv2p5_REG_TEXT_HOUSES_SAN_FRANCISCO_PERMITS_APPLICATIONS_1","2026-04-16T14:56:39.000Z","TabPFN-v2p5 🇩🇪","1","REG_TEXT_HOUSES_SAN_FRANCISCO_PERMITS_APPLICATIONS","0.26983044737958506","text_only","b8c15933f3a030949efbe34e1cf01574bed42c5b","315","finished"
"tabpfnv2p5_REG_TEXT_HOUSES_SAN_FRANCISCO_PERMITS_APPLICATIONS_1","2026-04-16T14:55:28.000Z","TabPFN-v2p5 🇩🇪","1","REG_TEXT_HOUSES_SAN_FRANCISCO_PERMITS_APPLICATIONS","0.5068894050816766","ft","7aa1eeec3fe4cc68f3850fd4d59d1f8525d755a6","3651","finished"
"tabpfnv2p5_REG_TEXT_HOUSES_SAN_FRANCISCO_PERMITS_APPLICATIONS_1","2026-04-16T14:52:51.000Z","TabPFN-v2p5 🇩🇪","1","REG_TEXT_HOUSES_SAN_FRANCISCO_PERMITS_APPLICATIONS","0.5127861167291938","all","b8c15933f3a030949efbe34e1cf01574bed42c5b","339","finished"
"tabm_REG_TEXT_HOUSES_SAN_FRANCISCO_PERMITS_APPLICATIONS_1","2026-04-16T14:52:03.000Z","TabM Ⓜ️","1","REG_TEXT_HOUSES_SAN_FRANCISCO_PERMITS_APPLICATIONS","0.568009005873124","no_text","b8c15933f3a030949efbe34e1cf01574bed42c5b","45","finished"
"tabm_REG_TEXT_HOUSES_SAN_FRANCISCO_PERMITS_APPLICATIONS_1","2026-04-16T14:51:38.000Z","TabM Ⓜ️","1","REG_TEXT_HOUSES_SAN_FRANCISCO_PERMITS_APPLICATIONS","0.24247878945942047","text_only","b8c15933f3a030949efbe34e1cf01574bed42c5b","294","finished"
"tabm_REG_TEXT_HOUSES_SAN_FRANCISCO_PERMITS_APPLICATIONS_1","2026-04-16T14:48:34.000Z","TabM Ⓜ️","1","REG_TEXT_HOUSES_SAN_FRANCISCO_PERMITS_APPLICATIONS","0.5462101627419592","ft","7aa1eeec3fe4cc68f3850fd4d59d1f8525d755a6","2836","finished"
"tabm_REG_TEXT_HOUSES_SAN_FRANCISCO_PERMITS_APPLICATIONS_1","2026-04-16T14:46:43.000Z","TabM Ⓜ️","1","REG_TEXT_HOUSES_SAN_FRANCISCO_PERMITS_APPLICATIONS","0.5524241702801679","all","b8c15933f3a030949efbe34e1cf01574bed42c5b","290","finished"
"cat_REG_TEXT_HOUSES_SAN_FRANCISCO_PERMITS_APPLICATIONS_1","2026-04-16T14:45:49.000Z","CatBoost 😸","1","REG_TEXT_HOUSES_SAN_FRANCISCO_PERMITS_APPLICATIONS","0.5728459487910775","no_text","b8c15933f3a030949efbe34e1cf01574bed42c5b","48","finished"
"cat_REG_TEXT_HOUSES_SAN_FRANCISCO_PERMITS_APPLICATIONS_1","2026-04-16T14:43:34.000Z","CatBoost 😸","1","REG_TEXT_HOUSES_SAN_FRANCISCO_PERMITS_APPLICATIONS","0.21371528597860368","text_only","7aa1eeec3fe4cc68f3850fd4d59d1f8525d755a6","293","finished"
"cat_REG_TEXT_HOUSES_SAN_FRANCISCO_PERMITS_APPLICATIONS_1","2026-04-16T14:41:21.000Z","CatBoost 😸","1","REG_TEXT_HOUSES_SAN_FRANCISCO_PERMITS_APPLICATIONS","0.5595748481243005","ft","b8c15933f3a030949efbe34e1cf01574bed42c5b","1975","finished"
"cat_REG_TEXT_HOUSES_SAN_FRANCISCO_PERMITS_APPLICATIONS_1","2026-04-16T14:38:33.000Z","CatBoost 😸","1","REG_TEXT_HOUSES_SAN_FRANCISCO_PERMITS_APPLICATIONS","0.5620681270208988","all","7aa1eeec3fe4cc68f3850fd4d59d1f8525d755a6","297","finished"
"light_REG_TEXT_HOUSES_SAN_FRANCISCO_PERMITS_APPLICATIONS_1","2026-04-16T14:38:05.000Z","LightGBM 💡","1","REG_TEXT_HOUSES_SAN_FRANCISCO_PERMITS_APPLICATIONS","0.5935884518761363","no_text","7aa1eeec3fe4cc68f3850fd4d59d1f8525d755a6","23","finished"
"light_REG_TEXT_HOUSES_SAN_FRANCISCO_PERMITS_APPLICATIONS_1","2026-04-16T14:36:31.000Z","LightGBM 💡","1","REG_TEXT_HOUSES_SAN_FRANCISCO_PERMITS_APPLICATIONS","0.21767790417773336","text_only","b8c15933f3a030949efbe34e1cf01574bed42c5b","285","finished"
"light_REG_TEXT_HOUSES_SAN_FRANCISCO_PERMITS_APPLICATIONS_1","2026-04-16T14:33:14.000Z","LightGBM 💡","1","REG_TEXT_HOUSES_SAN_FRANCISCO_PERMITS_APPLICATIONS","0.5386983893596935","ft","7aa1eeec3fe4cc68f3850fd4d59d1f8525d755a6","2813","finished"
"light_REG_TEXT_HOUSES_SAN_FRANCISCO_PERMITS_APPLICATIONS_1","2026-04-16T14:33:10.000Z","LightGBM 💡","1","REG_TEXT_HOUSES_SAN_FRANCISCO_PERMITS_APPLICATIONS","0.5526401351859054","all","7aa1eeec3fe4cc68f3850fd4d59d1f8525d755a6","288","finished"
"tabpfnv2_REG_TEXT_HOUSES_SAN_FRANCISCO_PERMITS_APPLICATIONS_0","2026-04-16T14:32:15.000Z","TabPFN-v2 🤯","0","REG_TEXT_HOUSES_SAN_FRANCISCO_PERMITS_APPLICATIONS","0.4503653171430455","no_text","7aa1eeec3fe4cc68f3850fd4d59d1f8525d755a6","54","finished"
"tabpfnv2_REG_TEXT_HOUSES_SAN_FRANCISCO_PERMITS_APPLICATIONS_0","2026-04-16T14:30:49.000Z","TabPFN-v2 🤯","0","REG_TEXT_HOUSES_SAN_FRANCISCO_PERMITS_APPLICATIONS","0.1307717138399045","text_only","b8c15933f3a030949efbe34e1cf01574bed42c5b","335","finished"
"tabpfnv2_REG_TEXT_HOUSES_SAN_FRANCISCO_PERMITS_APPLICATIONS_0","2026-04-16T14:28:46.000Z","TabPFN-v2 🤯","0","REG_TEXT_HOUSES_SAN_FRANCISCO_PERMITS_APPLICATIONS","0.45853452172977216","ft","b8c15933f3a030949efbe34e1cf01574bed42c5b","1987","finished"
"tabpfnv2_REG_TEXT_HOUSES_SAN_FRANCISCO_PERMITS_APPLICATIONS_0","2026-04-16T14:26:27.000Z","TabPFN-v2 🤯","0","REG_TEXT_HOUSES_SAN_FRANCISCO_PERMITS_APPLICATIONS","0.455260584661378","all","7aa1eeec3fe4cc68f3850fd4d59d1f8525d755a6","341","finished"
"tabpfnv2p5_REG_TEXT_HOUSES_SAN_FRANCISCO_PERMITS_APPLICATIONS_0","2026-04-16T14:25:54.000Z","TabPFN-v2p5 🇩🇪","0","REG_TEXT_HOUSES_SAN_FRANCISCO_PERMITS_APPLICATIONS","0.542201311117446","no_text","7aa1eeec3fe4cc68f3850fd4d59d1f8525d755a6","29","finished"
"tabpfnv2p5_REG_TEXT_HOUSES_SAN_FRANCISCO_PERMITS_APPLICATIONS_0","2026-04-16T14:25:21.000Z","TabPFN-v2p5 🇩🇪","0","REG_TEXT_HOUSES_SAN_FRANCISCO_PERMITS_APPLICATIONS","0.3041984494088745","text_only","b8c15933f3a030949efbe34e1cf01574bed42c5b","321","finished"
"tabpfnv2p5_REG_TEXT_HOUSES_SAN_FRANCISCO_PERMITS_APPLICATIONS_0","2026-04-16T14:22:42.000Z","TabPFN-v2p5 🇩🇪","0","REG_TEXT_HOUSES_SAN_FRANCISCO_PERMITS_APPLICATIONS","0.5524548624318733","ft","7aa1eeec3fe4cc68f3850fd4d59d1f8525d755a6","2802","finished"
"tabpfnv2p5_REG_TEXT_HOUSES_SAN_FRANCISCO_PERMITS_APPLICATIONS_0","2026-04-16T14:20:15.000Z","TabPFN-v2p5 🇩🇪","0","REG_TEXT_HOUSES_SAN_FRANCISCO_PERMITS_APPLICATIONS","0.5424672946870075","all","7aa1eeec3fe4cc68f3850fd4d59d1f8525d755a6","328","finished"
"tabm_REG_TEXT_HOUSES_SAN_FRANCISCO_PERMITS_APPLICATIONS_0","2026-04-16T14:19:42.000Z","TabM Ⓜ️","0","REG_TEXT_HOUSES_SAN_FRANCISCO_PERMITS_APPLICATIONS","0.5735134231446893","no_text","7aa1eeec3fe4cc68f3850fd4d59d1f8525d755a6","26","finished"
"tabm_REG_TEXT_HOUSES_SAN_FRANCISCO_PERMITS_APPLICATIONS_0","2026-04-16T14:14:42.000Z","TabM Ⓜ️","0","REG_TEXT_HOUSES_SAN_FRANCISCO_PERMITS_APPLICATIONS","0.24930554285712891","text_only","7aa1eeec3fe4cc68f3850fd4d59d1f8525d755a6","296","finished"
"tabm_REG_TEXT_HOUSES_SAN_FRANCISCO_PERMITS_APPLICATIONS_0","2026-04-16T14:10:49.000Z","TabM Ⓜ️","0","REG_TEXT_HOUSES_SAN_FRANCISCO_PERMITS_APPLICATIONS","0.5544836011515881","ft","b8c15933f3a030949efbe34e1cf01574bed42c5b","2467","finished"
"tabm_REG_TEXT_HOUSES_SAN_FRANCISCO_PERMITS_APPLICATIONS_0","2026-04-16T14:09:45.000Z","TabM Ⓜ️","0","REG_TEXT_HOUSES_SAN_FRANCISCO_PERMITS_APPLICATIONS","0.5542453611544261","all","7aa1eeec3fe4cc68f3850fd4d59d1f8525d755a6","291","finished"
"cat_REG_TEXT_HOUSES_SAN_FRANCISCO_PERMITS_APPLICATIONS_0","2026-04-16T14:09:33.000Z","CatBoost 😸","0","REG_TEXT_HOUSES_SAN_FRANCISCO_PERMITS_APPLICATIONS","0.5693590318826846","no_text","b8c15933f3a030949efbe34e1cf01574bed42c5b","72","finished"
"cat_REG_TEXT_HOUSES_SAN_FRANCISCO_PERMITS_APPLICATIONS_0","2026-04-16T14:04:49.000Z","CatBoost 😸","0","REG_TEXT_HOUSES_SAN_FRANCISCO_PERMITS_APPLICATIONS","0.2082381870986568","text_only","7aa1eeec3fe4cc68f3850fd4d59d1f8525d755a6","291","finished"
"cat_REG_TEXT_HOUSES_SAN_FRANCISCO_PERMITS_APPLICATIONS_0","2026-04-16T14:04:45.000Z","CatBoost 😸","0","REG_TEXT_HOUSES_SAN_FRANCISCO_PERMITS_APPLICATIONS","0.5720557473169674","ft","b8c15933f3a030949efbe34e1cf01574bed42c5b","2461","finished"
"cat_REG_TEXT_HOUSES_SAN_FRANCISCO_PERMITS_APPLICATIONS_0","2026-04-16T14:04:16.000Z","CatBoost 😸","0","REG_TEXT_HOUSES_SAN_FRANCISCO_PERMITS_APPLICATIONS","0.5562680799898552","all","b8c15933f3a030949efbe34e1cf01574bed42c5b","313","finished"
"light_REG_TEXT_HOUSES_SAN_FRANCISCO_PERMITS_APPLICATIONS_0","2026-04-16T14:03:56.000Z","LightGBM 💡","0","REG_TEXT_HOUSES_SAN_FRANCISCO_PERMITS_APPLICATIONS","0.552033821515727","no_text","b8c15933f3a030949efbe34e1cf01574bed42c5b","43","finished"
"light_REG_TEXT_HOUSES_SAN_FRANCISCO_PERMITS_APPLICATIONS_0","2026-04-16T13:59:56.000Z","LightGBM 💡","0","REG_TEXT_HOUSES_SAN_FRANCISCO_PERMITS_APPLICATIONS","0.1941001140060329","text_only","7aa1eeec3fe4cc68f3850fd4d59d1f8525d755a6","286","finished"
"light_REG_TEXT_HOUSES_SAN_FRANCISCO_PERMITS_APPLICATIONS_0","2026-04-16T13:55:32.000Z","LightGBM 💡","0","REG_TEXT_HOUSES_SAN_FRANCISCO_PERMITS_APPLICATIONS","0.5356280907456173","ft","7aa1eeec3fe4cc68f3850fd4d59d1f8525d755a6","3593","finished"
"light_REG_TEXT_HOUSES_SAN_FRANCISCO_PERMITS_APPLICATIONS_0","2026-04-16T13:55:05.000Z","LightGBM 💡","0","REG_TEXT_HOUSES_SAN_FRANCISCO_PERMITS_APPLICATIONS","0.5559204088805638","all","7aa1eeec3fe4cc68f3850fd4d59d1f8525d755a6","287","finished"
"tabpfnv2_REG_TEXT_CONSUMER_LAPTOP_INDIAN_PRICES_4","2026-04-16T13:54:43.000Z","TabPFN-v2 🤯","4","REG_TEXT_CONSUMER_LAPTOP_INDIAN_PRICES","0.9257793750216832","no_text","7aa1eeec3fe4cc68f3850fd4d59d1f8525d755a6","17","finished"
"tabpfnv2_REG_TEXT_CONSUMER_LAPTOP_INDIAN_PRICES_4","2026-04-16T13:52:31.000Z","TabPFN-v2 🤯","4","REG_TEXT_CONSUMER_LAPTOP_INDIAN_PRICES","0.9369840292528938","text_only","7aa1eeec3fe4cc68f3850fd4d59d1f8525d755a6","176","finished"
"tabpfnv2_REG_TEXT_CONSUMER_LAPTOP_INDIAN_PRICES_4","2026-04-16T13:51:45.000Z","TabPFN-v2 🤯","4","REG_TEXT_CONSUMER_LAPTOP_INDIAN_PRICES","0.9538504791627876","ft","7aa1eeec3fe4cc68f3850fd4d59d1f8525d755a6","4348","finished"
"tabpfnv2_REG_TEXT_CONSUMER_LAPTOP_INDIAN_PRICES_4","2026-04-16T13:49:45.000Z","TabPFN-v2 🤯","4","REG_TEXT_CONSUMER_LAPTOP_INDIAN_PRICES","0.9558127493654932","all","7aa1eeec3fe4cc68f3850fd4d59d1f8525d755a6","160","finished"
"tabpfnv2p5_REG_TEXT_CONSUMER_LAPTOP_INDIAN_PRICES_4","2026-04-16T13:49:23.000Z","TabPFN-v2p5 🇩🇪","4","REG_TEXT_CONSUMER_LAPTOP_INDIAN_PRICES","0.9006039674005605","no_text","7aa1eeec3fe4cc68f3850fd4d59d1f8525d755a6","16","finished"
"tabpfnv2p5_REG_TEXT_CONSUMER_LAPTOP_INDIAN_PRICES_4","2026-04-16T13:48:40.000Z","TabPFN-v2p5 🇩🇪","4","REG_TEXT_CONSUMER_LAPTOP_INDIAN_PRICES","0.9338780592959356","text_only","7aa1eeec3fe4cc68f3850fd4d59d1f8525d755a6","177","finished"
"tabpfnv2p5_REG_TEXT_CONSUMER_LAPTOP_INDIAN_PRICES_4","2026-04-16T13:48:13.000Z","TabPFN-v2p5 🇩🇪","4","REG_TEXT_CONSUMER_LAPTOP_INDIAN_PRICES","0.9551544856895902","ft","b8c15933f3a030949efbe34e1cf01574bed42c5b","2219","finished"
"tabpfnv2p5_REG_TEXT_CONSUMER_LAPTOP_INDIAN_PRICES_4","2026-04-16T13:46:43.000Z","TabPFN-v2p5 🇩🇪","4","REG_TEXT_CONSUMER_LAPTOP_INDIAN_PRICES","0.9526660357660434","all","7aa1eeec3fe4cc68f3850fd4d59d1f8525d755a6","155","finished"
"tabm_REG_TEXT_CONSUMER_LAPTOP_INDIAN_PRICES_4","2026-04-16T13:46:21.000Z","TabM Ⓜ️","4","REG_TEXT_CONSUMER_LAPTOP_INDIAN_PRICES","0.9353353126624726","no_text","7aa1eeec3fe4cc68f3850fd4d59d1f8525d755a6","18","finished"
"tabm_REG_TEXT_CONSUMER_LAPTOP_INDIAN_PRICES_4","2026-04-16T13:45:55.000Z","TabM Ⓜ️","4","REG_TEXT_CONSUMER_LAPTOP_INDIAN_PRICES","0.9126897278796208","text_only","7aa1eeec3fe4cc68f3850fd4d59d1f8525d755a6","158","finished"
"tabm_REG_TEXT_CONSUMER_LAPTOP_INDIAN_PRICES_4","2026-04-16T13:45:25.000Z","TabM Ⓜ️","4","REG_TEXT_CONSUMER_LAPTOP_INDIAN_PRICES","0.9501763180745704","ft","b8c15933f3a030949efbe34e1cf01574bed42c5b","2594","finished"
"tabm_REG_TEXT_CONSUMER_LAPTOP_INDIAN_PRICES_4","2026-04-16T13:43:46.000Z","TabM Ⓜ️","4","REG_TEXT_CONSUMER_LAPTOP_INDIAN_PRICES","0.9308832171498516","all","7aa1eeec3fe4cc68f3850fd4d59d1f8525d755a6","147","finished"
"cat_REG_TEXT_CONSUMER_LAPTOP_INDIAN_PRICES_4","2026-04-16T13:42:19.000Z","CatBoost 😸","4","REG_TEXT_CONSUMER_LAPTOP_INDIAN_PRICES","0.9390681869563872","no_text","b8c15933f3a030949efbe34e1cf01574bed42c5b","179","finished"
"cat_REG_TEXT_CONSUMER_LAPTOP_INDIAN_PRICES_4","2026-04-16T13:41:01.000Z","CatBoost 😸","4","REG_TEXT_CONSUMER_LAPTOP_INDIAN_PRICES","0.9136067018370836","text_only","7aa1eeec3fe4cc68f3850fd4d59d1f8525d755a6","158","finished"
"cat_REG_TEXT_CONSUMER_LAPTOP_INDIAN_PRICES_4","2026-04-16T13:27:23.000Z","CatBoost 😸","4","REG_TEXT_CONSUMER_LAPTOP_INDIAN_PRICES","0.9541884216574094","ft","7aa1eeec3fe4cc68f3850fd4d59d1f8525d755a6","3942","finished"
"cat_REG_TEXT_CONSUMER_LAPTOP_INDIAN_PRICES_4","2026-04-16T13:23:20.000Z","CatBoost 😸","4","REG_TEXT_CONSUMER_LAPTOP_INDIAN_PRICES","0.95062461085842","all","7aa1eeec3fe4cc68f3850fd4d59d1f8525d755a6","236","finished"
"light_REG_TEXT_CONSUMER_LAPTOP_INDIAN_PRICES_4","2026-04-16T13:22:56.000Z","LightGBM 💡","4","REG_TEXT_CONSUMER_LAPTOP_INDIAN_PRICES","0.8306476985804957","no_text","7aa1eeec3fe4cc68f3850fd4d59d1f8525d755a6","19","finished"
"light_REG_TEXT_CONSUMER_LAPTOP_INDIAN_PRICES_4","2026-04-16T13:20:33.000Z","LightGBM 💡","4","REG_TEXT_CONSUMER_LAPTOP_INDIAN_PRICES","0.9104369314147064","text_only","7aa1eeec3fe4cc68f3850fd4d59d1f8525d755a6","136","finished"
"light_REG_TEXT_CONSUMER_LAPTOP_INDIAN_PRICES_4","2026-04-16T13:20:32.000Z","LightGBM 💡","4","REG_TEXT_CONSUMER_LAPTOP_INDIAN_PRICES","0.933461413991392","ft","b8c15933f3a030949efbe34e1cf01574bed42c5b","2597","finished"
"light_REG_TEXT_CONSUMER_LAPTOP_INDIAN_PRICES_4","2026-04-16T13:18:09.000Z","LightGBM 💡","4","REG_TEXT_CONSUMER_LAPTOP_INDIAN_PRICES","0.9277786520787646","all","7aa1eeec3fe4cc68f3850fd4d59d1f8525d755a6","137","finished"
"tabpfnv2_REG_TEXT_CONSUMER_LAPTOP_INDIAN_PRICES_3","2026-04-16T13:17:46.000Z","TabPFN-v2 🤯","3","REG_TEXT_CONSUMER_LAPTOP_INDIAN_PRICES","0.9546540638653768","no_text","7aa1eeec3fe4cc68f3850fd4d59d1f8525d755a6","19","finished"
"tabpfnv2_REG_TEXT_CONSUMER_LAPTOP_INDIAN_PRICES_3","2026-04-16T13:14:56.000Z","TabPFN-v2 🤯","3","REG_TEXT_CONSUMER_LAPTOP_INDIAN_PRICES","0.9389547642612476","text_only","7aa1eeec3fe4cc68f3850fd4d59d1f8525d755a6","163","finished"
"tabpfnv2_REG_TEXT_CONSUMER_LAPTOP_INDIAN_PRICES_3","2026-04-16T13:13:42.000Z","TabPFN-v2 🤯","3","REG_TEXT_CONSUMER_LAPTOP_INDIAN_PRICES","0.946381096016102","ft","b8c15933f3a030949efbe34e1cf01574bed42c5b","3028","finished"
"tabpfnv2_REG_TEXT_CONSUMER_LAPTOP_INDIAN_PRICES_3","2026-04-16T13:12:11.000Z","TabPFN-v2 🤯","3","REG_TEXT_CONSUMER_LAPTOP_INDIAN_PRICES","0.9568614298460476","all","7aa1eeec3fe4cc68f3850fd4d59d1f8525d755a6","159","finished"
"tabpfnv2p5_REG_TEXT_CONSUMER_LAPTOP_INDIAN_PRICES_3","2026-04-16T13:11:06.000Z","TabPFN-v2p5 🇩🇪","3","REG_TEXT_CONSUMER_LAPTOP_INDIAN_PRICES","0.9522080223991466","no_text","7aa1eeec3fe4cc68f3850fd4d59d1f8525d755a6","46","finished"
"tabpfnv2p5_REG_TEXT_CONSUMER_LAPTOP_INDIAN_PRICES_3","2026-04-16T13:10:15.000Z","TabPFN-v2p5 🇩🇪","3","REG_TEXT_CONSUMER_LAPTOP_INDIAN_PRICES","0.9275071802412024","text_only","b8c15933f3a030949efbe34e1cf01574bed42c5b","194","finished"
"tabpfnv2p5_REG_TEXT_CONSUMER_LAPTOP_INDIAN_PRICES_3","2026-04-16T13:08:16.000Z","TabPFN-v2p5 🇩🇪","3","REG_TEXT_CONSUMER_LAPTOP_INDIAN_PRICES","0.9340964214156888","ft","7aa1eeec3fe4cc68f3850fd4d59d1f8525d755a6","4461","finished"
"tabpfnv2p5_REG_TEXT_CONSUMER_LAPTOP_INDIAN_PRICES_3","2026-04-16T13:08:00.000Z","TabPFN-v2p5 🇩🇪","3","REG_TEXT_CONSUMER_LAPTOP_INDIAN_PRICES","0.955496565774917","all","7aa1eeec3fe4cc68f3850fd4d59d1f8525d755a6","180","finished"
"tabm_REG_TEXT_CONSUMER_LAPTOP_INDIAN_PRICES_3","2026-04-16T13:07:10.000Z","TabM Ⓜ️","3","REG_TEXT_CONSUMER_LAPTOP_INDIAN_PRICES","0.9188612615447672","no_text","7aa1eeec3fe4cc68f3850fd4d59d1f8525d755a6","45","finished"
"tabm_REG_TEXT_CONSUMER_LAPTOP_INDIAN_PRICES_3","2026-04-16T13:06:33.000Z","TabM Ⓜ️","3","REG_TEXT_CONSUMER_LAPTOP_INDIAN_PRICES","0.893065649686634","text_only","b8c15933f3a030949efbe34e1cf01574bed42c5b","210","finished"
"tabm_REG_TEXT_CONSUMER_LAPTOP_INDIAN_PRICES_3","2026-04-16T13:06:32.000Z","TabM Ⓜ️","3","REG_TEXT_CONSUMER_LAPTOP_INDIAN_PRICES","0.9170553031040845","ft","b8c15933f3a030949efbe34e1cf01574bed42c5b","2140","finished"
"tabm_REG_TEXT_CONSUMER_LAPTOP_INDIAN_PRICES_3","2026-04-16T13:04:30.000Z","TabM Ⓜ️","3","REG_TEXT_CONSUMER_LAPTOP_INDIAN_PRICES","0.9143518428559706","all","7aa1eeec3fe4cc68f3850fd4d59d1f8525d755a6","155","finished"
"cat_REG_TEXT_CONSUMER_LAPTOP_INDIAN_PRICES_3","2026-04-16T13:01:41.000Z","CatBoost 😸","3","REG_TEXT_CONSUMER_LAPTOP_INDIAN_PRICES","0.9292166933063704","no_text","7aa1eeec3fe4cc68f3850fd4d59d1f8525d755a6","157","finished"
"cat_REG_TEXT_CONSUMER_LAPTOP_INDIAN_PRICES_3","2026-04-16T12:58:36.000Z","CatBoost 😸","3","REG_TEXT_CONSUMER_LAPTOP_INDIAN_PRICES","0.9128947831507844","text_only","7aa1eeec3fe4cc68f3850fd4d59d1f8525d755a6","171","finished"
"cat_REG_TEXT_CONSUMER_LAPTOP_INDIAN_PRICES_3","2026-04-16T12:55:08.000Z","CatBoost 😸","3","REG_TEXT_CONSUMER_LAPTOP_INDIAN_PRICES","0.9304394923712898","ft","7aa1eeec3fe4cc68f3850fd4d59d1f8525d755a6","3565","finished"
"cat_REG_TEXT_CONSUMER_LAPTOP_INDIAN_PRICES_3","2026-04-16T12:54:11.000Z","CatBoost 😸","3","REG_TEXT_CONSUMER_LAPTOP_INDIAN_PRICES","0.9435801036485632","all","7aa1eeec3fe4cc68f3850fd4d59d1f8525d755a6","260","finished"
"light_REG_TEXT_CONSUMER_LAPTOP_INDIAN_PRICES_3","2026-04-16T12:52:50.000Z","LightGBM 💡","3","REG_TEXT_CONSUMER_LAPTOP_INDIAN_PRICES","0.8420318256690443","no_text","7aa1eeec3fe4cc68f3850fd4d59d1f8525d755a6","66","finished"
"light_REG_TEXT_CONSUMER_LAPTOP_INDIAN_PRICES_3","2026-04-16T12:50:16.000Z","LightGBM 💡","3","REG_TEXT_CONSUMER_LAPTOP_INDIAN_PRICES","0.8816115766417183","text_only","7aa1eeec3fe4cc68f3850fd4d59d1f8525d755a6","148","finished"
"light_REG_TEXT_CONSUMER_LAPTOP_INDIAN_PRICES_3","2026-04-16T12:43:26.000Z","LightGBM 💡","3","REG_TEXT_CONSUMER_LAPTOP_INDIAN_PRICES","0.8788365260055366","ft","7aa1eeec3fe4cc68f3850fd4d59d1f8525d755a6","3448","finished"
"light_REG_TEXT_CONSUMER_LAPTOP_INDIAN_PRICES_3","2026-04-16T12:41:04.000Z","LightGBM 💡","3","REG_TEXT_CONSUMER_LAPTOP_INDIAN_PRICES","0.9102908228273044","all","7aa1eeec3fe4cc68f3850fd4d59d1f8525d755a6","136","finished"
"tabpfnv2_REG_TEXT_CONSUMER_LAPTOP_INDIAN_PRICES_2","2026-04-16T12:40:42.000Z","TabPFN-v2 🤯","2","REG_TEXT_CONSUMER_LAPTOP_INDIAN_PRICES","0.8573755308241723","no_text","7aa1eeec3fe4cc68f3850fd4d59d1f8525d755a6","16","finished"
"tabpfnv2_REG_TEXT_CONSUMER_LAPTOP_INDIAN_PRICES_2","2026-04-16T12:37:59.000Z","TabPFN-v2 🤯","2","REG_TEXT_CONSUMER_LAPTOP_INDIAN_PRICES","0.8670461406792834","text_only","7aa1eeec3fe4cc68f3850fd4d59d1f8525d755a6","156","finished"
"tabpfnv2_REG_TEXT_CONSUMER_LAPTOP_INDIAN_PRICES_2","2026-04-16T12:23:37.000Z","TabPFN-v2 🤯","2","REG_TEXT_CONSUMER_LAPTOP_INDIAN_PRICES","0.8014840417453687","ft","7aa1eeec3fe4cc68f3850fd4d59d1f8525d755a6","4929","finished"
"tabpfnv2_REG_TEXT_CONSUMER_LAPTOP_INDIAN_PRICES_2","2026-04-16T12:20:26.000Z","TabPFN-v2 🤯","2","REG_TEXT_CONSUMER_LAPTOP_INDIAN_PRICES","0.8581740538441291","all","7aa1eeec3fe4cc68f3850fd4d59d1f8525d755a6","184","finished"
"tabpfnv2p5_REG_TEXT_CONSUMER_LAPTOP_INDIAN_PRICES_2","2026-04-16T12:20:03.000Z","TabPFN-v2p5 🇩🇪","2","REG_TEXT_CONSUMER_LAPTOP_INDIAN_PRICES","0.8594488446391484","no_text","7aa1eeec3fe4cc68f3850fd4d59d1f8525d755a6","15","finished"
"tabpfnv2p5_REG_TEXT_CONSUMER_LAPTOP_INDIAN_PRICES_2","2026-04-16T12:16:58.000Z","TabPFN-v2p5 🇩🇪","2","REG_TEXT_CONSUMER_LAPTOP_INDIAN_PRICES","0.8783144231599916","text_only","7aa1eeec3fe4cc68f3850fd4d59d1f8525d755a6","178","finished"
"tabpfnv2p5_REG_TEXT_CONSUMER_LAPTOP_INDIAN_PRICES_2","2026-04-16T12:15:18.000Z","TabPFN-v2p5 🇩🇪","2","REG_TEXT_CONSUMER_LAPTOP_INDIAN_PRICES","0.821373808498792","ft","7aa1eeec3fe4cc68f3850fd4d59d1f8525d755a6","3172","finished"
"tabpfnv2p5_REG_TEXT_CONSUMER_LAPTOP_INDIAN_PRICES_2","2026-04-16T12:12:39.000Z","TabPFN-v2p5 🇩🇪","2","REG_TEXT_CONSUMER_LAPTOP_INDIAN_PRICES","0.8825274058180044","all","7aa1eeec3fe4cc68f3850fd4d59d1f8525d755a6","155","finished"
"tabm_REG_TEXT_CONSUMER_LAPTOP_INDIAN_PRICES_2","2026-04-16T12:12:16.000Z","TabM Ⓜ️","2","REG_TEXT_CONSUMER_LAPTOP_INDIAN_PRICES","0.8434325974991599","no_text","7aa1eeec3fe4cc68f3850fd4d59d1f8525d755a6","18","finished"
"tabm_REG_TEXT_CONSUMER_LAPTOP_INDIAN_PRICES_2","2026-04-16T12:09:54.000Z","TabM Ⓜ️","2","REG_TEXT_CONSUMER_LAPTOP_INDIAN_PRICES","0.8105330818586617","text_only","7aa1eeec3fe4cc68f3850fd4d59d1f8525d755a6","139","finished"
"tabm_REG_TEXT_CONSUMER_LAPTOP_INDIAN_PRICES_2","2026-04-16T12:09:35.000Z","TabM Ⓜ️","2","REG_TEXT_CONSUMER_LAPTOP_INDIAN_PRICES","0.8396070149475796","ft","7aa1eeec3fe4cc68f3850fd4d59d1f8525d755a6","2727","finished"
"tabm_REG_TEXT_CONSUMER_LAPTOP_INDIAN_PRICES_2","2026-04-16T12:07:26.000Z","TabM Ⓜ️","2","REG_TEXT_CONSUMER_LAPTOP_INDIAN_PRICES","0.8384615549195653","all","7aa1eeec3fe4cc68f3850fd4d59d1f8525d755a6","142","finished"
"cat_REG_TEXT_CONSUMER_LAPTOP_INDIAN_PRICES_2","2026-04-16T12:05:35.000Z","CatBoost 😸","2","REG_TEXT_CONSUMER_LAPTOP_INDIAN_PRICES","0.8372375572065641","no_text","7aa1eeec3fe4cc68f3850fd4d59d1f8525d755a6","109","finished"
"cat_REG_TEXT_CONSUMER_LAPTOP_INDIAN_PRICES_2","2026-04-16T12:02:52.000Z","CatBoost 😸","2","REG_TEXT_CONSUMER_LAPTOP_INDIAN_PRICES","0.7693341790739452","text_only","7aa1eeec3fe4cc68f3850fd4d59d1f8525d755a6","156","finished"
"cat_REG_TEXT_CONSUMER_LAPTOP_INDIAN_PRICES_2","2026-04-16T12:01:56.000Z","CatBoost 😸","2","REG_TEXT_CONSUMER_LAPTOP_INDIAN_PRICES","0.8033437946321524","ft","7aa1eeec3fe4cc68f3850fd4d59d1f8525d755a6","2882","finished"
"cat_REG_TEXT_CONSUMER_LAPTOP_INDIAN_PRICES_2","2026-04-16T11:57:28.000Z","CatBoost 😸","2","REG_TEXT_CONSUMER_LAPTOP_INDIAN_PRICES","0.7934572131735029","all","7aa1eeec3fe4cc68f3850fd4d59d1f8525d755a6","263","finished"
"light_REG_TEXT_CONSUMER_LAPTOP_INDIAN_PRICES_2","2026-04-16T11:57:12.000Z","LightGBM 💡","2","REG_TEXT_CONSUMER_LAPTOP_INDIAN_PRICES","0.7743874396252459","no_text","7aa1eeec3fe4cc68f3850fd4d59d1f8525d755a6","14","finished"
"light_REG_TEXT_CONSUMER_LAPTOP_INDIAN_PRICES_2","2026-04-16T11:54:50.000Z","LightGBM 💡","2","REG_TEXT_CONSUMER_LAPTOP_INDIAN_PRICES","0.7605349292429207","text_only","7aa1eeec3fe4cc68f3850fd4d59d1f8525d755a6","137","finished"
"light_REG_TEXT_CONSUMER_LAPTOP_INDIAN_PRICES_2","2026-04-16T11:52:37.000Z","LightGBM 💡","2","REG_TEXT_CONSUMER_LAPTOP_INDIAN_PRICES","0.8132947415212086","ft","7aa1eeec3fe4cc68f3850fd4d59d1f8525d755a6","2715","finished"
"light_REG_TEXT_CONSUMER_LAPTOP_INDIAN_PRICES_2","2026-04-16T11:50:15.000Z","LightGBM 💡","2","REG_TEXT_CONSUMER_LAPTOP_INDIAN_PRICES","0.8235179182296015","all","7aa1eeec3fe4cc68f3850fd4d59d1f8525d755a6","135","finished"
"tabpfnv2_REG_TEXT_CONSUMER_LAPTOP_INDIAN_PRICES_1","2026-04-16T11:49:53.000Z","TabPFN-v2 🤯","1","REG_TEXT_CONSUMER_LAPTOP_INDIAN_PRICES","0.9374640706009746","no_text","7aa1eeec3fe4cc68f3850fd4d59d1f8525d755a6","16","finished"
"tabpfnv2_REG_TEXT_CONSUMER_LAPTOP_INDIAN_PRICES_1","2026-04-16T11:47:20.000Z","TabPFN-v2 🤯","1","REG_TEXT_CONSUMER_LAPTOP_INDIAN_PRICES","0.8857810340776907","text_only","7aa1eeec3fe4cc68f3850fd4d59d1f8525d755a6","150","finished"
"tabpfnv2_REG_TEXT_CONSUMER_LAPTOP_INDIAN_PRICES_1","2026-04-16T11:23:25.000Z","TabPFN-v2 🤯","1","REG_TEXT_CONSUMER_LAPTOP_INDIAN_PRICES","0.9485340755955798","ft","7aa1eeec3fe4cc68f3850fd4d59d1f8525d755a6","1879","finished"
"tabpfnv2_REG_TEXT_CONSUMER_LAPTOP_INDIAN_PRICES_1","2026-04-16T11:20:45.000Z","TabPFN-v2 🤯","1","REG_TEXT_CONSUMER_LAPTOP_INDIAN_PRICES","0.9620401660649136","all","7aa1eeec3fe4cc68f3850fd4d59d1f8525d755a6","154","finished"
"tabpfnv2p5_REG_TEXT_CONSUMER_LAPTOP_INDIAN_PRICES_1","2026-04-16T11:20:23.000Z","TabPFN-v2p5 🇩🇪","1","REG_TEXT_CONSUMER_LAPTOP_INDIAN_PRICES","0.941067020827586","no_text","7aa1eeec3fe4cc68f3850fd4d59d1f8525d755a6","16","finished"
"tabpfnv2p5_REG_TEXT_CONSUMER_LAPTOP_INDIAN_PRICES_1","2026-04-16T11:17:50.000Z","TabPFN-v2p5 🇩🇪","1","REG_TEXT_CONSUMER_LAPTOP_INDIAN_PRICES","0.9007856406670344","text_only","7aa1eeec3fe4cc68f3850fd4d59d1f8525d755a6","148","finished"
"tabpfnv2p5_REG_TEXT_CONSUMER_LAPTOP_INDIAN_PRICES_1","2026-04-16T11:16:11.000Z","TabPFN-v2p5 🇩🇪","1","REG_TEXT_CONSUMER_LAPTOP_INDIAN_PRICES","0.9471058849634296","ft","7aa1eeec3fe4cc68f3850fd4d59d1f8525d755a6","1864","finished"
"tabpfnv2p5_REG_TEXT_CONSUMER_LAPTOP_INDIAN_PRICES_1","2026-04-16T11:13:37.000Z","TabPFN-v2p5 🇩🇪","1","REG_TEXT_CONSUMER_LAPTOP_INDIAN_PRICES","0.9672510710787752","all","7aa1eeec3fe4cc68f3850fd4d59d1f8525d755a6","149","finished"
"tabm_REG_TEXT_CONSUMER_LAPTOP_INDIAN_PRICES_1","2026-04-16T11:13:11.000Z","TabM Ⓜ️","1","REG_TEXT_CONSUMER_LAPTOP_INDIAN_PRICES","0.902064678226061","no_text","7aa1eeec3fe4cc68f3850fd4d59d1f8525d755a6","20","finished"
"tabm_REG_TEXT_CONSUMER_LAPTOP_INDIAN_PRICES_1","2026-04-16T11:10:48.000Z","TabM Ⓜ️","1","REG_TEXT_CONSUMER_LAPTOP_INDIAN_PRICES","0.8448541813851131","text_only","7aa1eeec3fe4cc68f3850fd4d59d1f8525d755a6","139","finished"
"tabm_REG_TEXT_CONSUMER_LAPTOP_INDIAN_PRICES_1","2026-04-16T11:08:13.000Z","TabM Ⓜ️","1","REG_TEXT_CONSUMER_LAPTOP_INDIAN_PRICES","0.8673020828159729","ft","7aa1eeec3fe4cc68f3850fd4d59d1f8525d755a6","3677","finished"
"tabm_REG_TEXT_CONSUMER_LAPTOP_INDIAN_PRICES_1","2026-04-16T11:05:50.000Z","TabM Ⓜ️","1","REG_TEXT_CONSUMER_LAPTOP_INDIAN_PRICES","0.8950742262121208","all","7aa1eeec3fe4cc68f3850fd4d59d1f8525d755a6","139","finished"
"cat_REG_TEXT_CONSUMER_LAPTOP_INDIAN_PRICES_1","2026-04-16T11:03:54.000Z","CatBoost 😸","1","REG_TEXT_CONSUMER_LAPTOP_INDIAN_PRICES","0.8744297961781106","no_text","7aa1eeec3fe4cc68f3850fd4d59d1f8525d755a6","112","finished"
"cat_REG_TEXT_CONSUMER_LAPTOP_INDIAN_PRICES_1","2026-04-16T11:01:16.000Z","CatBoost 😸","1","REG_TEXT_CONSUMER_LAPTOP_INDIAN_PRICES","0.8434691115220039","text_only","7aa1eeec3fe4cc68f3850fd4d59d1f8525d755a6","156","finished"
"cat_REG_TEXT_CONSUMER_LAPTOP_INDIAN_PRICES_1","2026-04-16T10:58:47.000Z","CatBoost 😸","1","REG_TEXT_CONSUMER_LAPTOP_INDIAN_PRICES","0.910946716785916","ft","7aa1eeec3fe4cc68f3850fd4d59d1f8525d755a6","3838","finished"
"cat_REG_TEXT_CONSUMER_LAPTOP_INDIAN_PRICES_1","2026-04-16T10:57:19.000Z","CatBoost 😸","1","REG_TEXT_CONSUMER_LAPTOP_INDIAN_PRICES","0.9133417222755076","all","7aa1eeec3fe4cc68f3850fd4d59d1f8525d755a6","230","finished"
"light_REG_TEXT_CONSUMER_LAPTOP_INDIAN_PRICES_1","2026-04-16T10:56:58.000Z","LightGBM 💡","1","REG_TEXT_CONSUMER_LAPTOP_INDIAN_PRICES","0.8229353647970125","no_text","7aa1eeec3fe4cc68f3850fd4d59d1f8525d755a6","14","finished"
"light_REG_TEXT_CONSUMER_LAPTOP_INDIAN_PRICES_1","2026-04-16T10:56:25.000Z","LightGBM 💡","1","REG_TEXT_CONSUMER_LAPTOP_INDIAN_PRICES","0.7886221605524678","text_only","7aa1eeec3fe4cc68f3850fd4d59d1f8525d755a6","137","finished"
"light_REG_TEXT_CONSUMER_LAPTOP_INDIAN_PRICES_1","2026-04-16T10:54:45.000Z","LightGBM 💡","1","REG_TEXT_CONSUMER_LAPTOP_INDIAN_PRICES","0.8469277786815581","ft","7aa1eeec3fe4cc68f3850fd4d59d1f8525d755a6","4929","finished"
"light_REG_TEXT_CONSUMER_LAPTOP_INDIAN_PRICES_1","2026-04-16T10:54:36.000Z","LightGBM 💡","1","REG_TEXT_CONSUMER_LAPTOP_INDIAN_PRICES","0.8893707302679517","all","7aa1eeec3fe4cc68f3850fd4d59d1f8525d755a6","137","finished"
"tabpfnv2_REG_TEXT_CONSUMER_LAPTOP_INDIAN_PRICES_0","2026-04-16T10:54:14.000Z","TabPFN-v2 🤯","0","REG_TEXT_CONSUMER_LAPTOP_INDIAN_PRICES","0.8999444975145741","no_text","7aa1eeec3fe4cc68f3850fd4d59d1f8525d755a6","17","finished"
"tabpfnv2_REG_TEXT_CONSUMER_LAPTOP_INDIAN_PRICES_0","2026-04-16T10:51:31.000Z","TabPFN-v2 🤯","0","REG_TEXT_CONSUMER_LAPTOP_INDIAN_PRICES","0.8871489749480405","text_only","7aa1eeec3fe4cc68f3850fd4d59d1f8525d755a6","156","finished"
"tabpfnv2_REG_TEXT_CONSUMER_LAPTOP_INDIAN_PRICES_0","2026-04-16T10:04:56.000Z","TabPFN-v2 🤯","0","REG_TEXT_CONSUMER_LAPTOP_INDIAN_PRICES","0.9244315864581708","ft","7aa1eeec3fe4cc68f3850fd4d59d1f8525d755a6","4370","finished"
"tabpfnv2_REG_TEXT_CONSUMER_LAPTOP_INDIAN_PRICES_0","2026-04-16T10:02:13.000Z","TabPFN-v2 🤯","0","REG_TEXT_CONSUMER_LAPTOP_INDIAN_PRICES","0.9162736376690818","all","7aa1eeec3fe4cc68f3850fd4d59d1f8525d755a6","160","finished"
"tabpfnv2p5_REG_TEXT_CONSUMER_LAPTOP_INDIAN_PRICES_0","2026-04-16T10:01:51.000Z","TabPFN-v2p5 🇩🇪","0","REG_TEXT_CONSUMER_LAPTOP_INDIAN_PRICES","0.9551591133713616","no_text","7aa1eeec3fe4cc68f3850fd4d59d1f8525d755a6","16","finished"
"tabpfnv2p5_REG_TEXT_CONSUMER_LAPTOP_INDIAN_PRICES_0","2026-04-16T09:59:13.000Z","TabPFN-v2p5 🇩🇪","0","REG_TEXT_CONSUMER_LAPTOP_INDIAN_PRICES","0.9455852021266684","text_only","7aa1eeec3fe4cc68f3850fd4d59d1f8525d755a6","154","finished"
"tabpfnv2p5_REG_TEXT_CONSUMER_LAPTOP_INDIAN_PRICES_0","2026-04-16T09:58:27.000Z","TabPFN-v2p5 🇩🇪","0","REG_TEXT_CONSUMER_LAPTOP_INDIAN_PRICES","0.9368744550813856","ft","7aa1eeec3fe4cc68f3850fd4d59d1f8525d755a6","4336","finished"
"tabpfnv2p5_REG_TEXT_CONSUMER_LAPTOP_INDIAN_PRICES_0","2026-04-16T09:56:35.000Z","TabPFN-v2p5 🇩🇪","0","REG_TEXT_CONSUMER_LAPTOP_INDIAN_PRICES","0.9561627493683964","all","7aa1eeec3fe4cc68f3850fd4d59d1f8525d755a6","155","finished"
"tabm_REG_TEXT_CONSUMER_LAPTOP_INDIAN_PRICES_0","2026-04-16T09:56:13.000Z","TabM Ⓜ️","0","REG_TEXT_CONSUMER_LAPTOP_INDIAN_PRICES","0.9231053978670016","no_text","7aa1eeec3fe4cc68f3850fd4d59d1f8525d755a6","17","finished"
"tabm_REG_TEXT_CONSUMER_LAPTOP_INDIAN_PRICES_0","2026-04-16T09:55:59.000Z","TabM Ⓜ️","0","REG_TEXT_CONSUMER_LAPTOP_INDIAN_PRICES","0.903446151435604","text_only","7aa1eeec3fe4cc68f3850fd4d59d1f8525d755a6","144","finished"
"tabm_REG_TEXT_CONSUMER_LAPTOP_INDIAN_PRICES_0","2026-04-16T09:54:26.000Z","TabM Ⓜ️","0","REG_TEXT_CONSUMER_LAPTOP_INDIAN_PRICES","0.8927033734474401","ft","7aa1eeec3fe4cc68f3850fd4d59d1f8525d755a6","3714","finished"
"tabm_REG_TEXT_CONSUMER_LAPTOP_INDIAN_PRICES_0","2026-04-16T09:53:32.000Z","TabM Ⓜ️","0","REG_TEXT_CONSUMER_LAPTOP_INDIAN_PRICES","0.9156390330231928","all","7aa1eeec3fe4cc68f3850fd4d59d1f8525d755a6","145","finished"
"cat_REG_TEXT_CONSUMER_LAPTOP_INDIAN_PRICES_0","2026-04-16T09:51:46.000Z","CatBoost 😸","0","REG_TEXT_CONSUMER_LAPTOP_INDIAN_PRICES","0.8945633535238476","no_text","7aa1eeec3fe4cc68f3850fd4d59d1f8525d755a6","103","finished"
"cat_REG_TEXT_CONSUMER_LAPTOP_INDIAN_PRICES_0","2026-04-16T09:49:03.000Z","CatBoost 😸","0","REG_TEXT_CONSUMER_LAPTOP_INDIAN_PRICES","0.826266081221186","text_only","7aa1eeec3fe4cc68f3850fd4d59d1f8525d755a6","157","finished"
"cat_REG_TEXT_CONSUMER_LAPTOP_INDIAN_PRICES_0","2026-04-16T09:48:13.000Z","CatBoost 😸","0","REG_TEXT_CONSUMER_LAPTOP_INDIAN_PRICES","0.8687706852574205","ft","7aa1eeec3fe4cc68f3850fd4d59d1f8525d755a6","3790","finished"
"cat_REG_TEXT_CONSUMER_LAPTOP_INDIAN_PRICES_0","2026-04-16T09:45:10.000Z","CatBoost 😸","0","REG_TEXT_CONSUMER_LAPTOP_INDIAN_PRICES","0.8850359181596228","all","7aa1eeec3fe4cc68f3850fd4d59d1f8525d755a6","225","finished"
"light_REG_TEXT_CONSUMER_LAPTOP_INDIAN_PRICES_0","2026-04-16T09:45:04.000Z","LightGBM 💡","0","REG_TEXT_CONSUMER_LAPTOP_INDIAN_PRICES","0.8618051180596032","no_text","7aa1eeec3fe4cc68f3850fd4d59d1f8525d755a6","22","finished"
"light_REG_TEXT_CONSUMER_LAPTOP_INDIAN_PRICES_0","2026-04-16T09:42:11.000Z","LightGBM 💡","0","REG_TEXT_CONSUMER_LAPTOP_INDIAN_PRICES","0.8107319474996746","text_only","7aa1eeec3fe4cc68f3850fd4d59d1f8525d755a6","169","finished"
"light_REG_TEXT_CONSUMER_LAPTOP_INDIAN_PRICES_0","2026-04-16T09:32:02.000Z","LightGBM 💡","0","REG_TEXT_CONSUMER_LAPTOP_INDIAN_PRICES","0.843494208834727","ft","7aa1eeec3fe4cc68f3850fd4d59d1f8525d755a6","4956","finished"
"light_REG_TEXT_CONSUMER_LAPTOP_INDIAN_PRICES_0","2026-04-16T09:29:13.000Z","LightGBM 💡","0","REG_TEXT_CONSUMER_LAPTOP_INDIAN_PRICES","0.8621812805198156","all","7aa1eeec3fe4cc68f3850fd4d59d1f8525d755a6","164","finished"
"tabpfnv2_MUL_TEXT_SOCIAL_HEARTHSTONE_CARD_GAME_WARCRAFT_4","2026-04-16T09:28:51.000Z","TabPFN-v2 🤯","4","MUL_TEXT_SOCIAL_HEARTHSTONE_CARD_GAME_WARCRAFT","0.7407488881016533","no_text","7aa1eeec3fe4cc68f3850fd4d59d1f8525d755a6","14","finished"
"tabpfnv2_MUL_TEXT_SOCIAL_HEARTHSTONE_CARD_GAME_WARCRAFT_4","2026-04-16T09:27:26.000Z","TabPFN-v2 🤯","4","MUL_TEXT_SOCIAL_HEARTHSTONE_CARD_GAME_WARCRAFT","0.887369890195717","text_only","7aa1eeec3fe4cc68f3850fd4d59d1f8525d755a6","81","finished"
"tabpfnv2_MUL_TEXT_SOCIAL_HEARTHSTONE_CARD_GAME_WARCRAFT_4","2026-04-16T09:26:38.000Z","TabPFN-v2 🤯","4","MUL_TEXT_SOCIAL_HEARTHSTONE_CARD_GAME_WARCRAFT","0.9189693907047124","ft","7aa1eeec3fe4cc68f3850fd4d59d1f8525d755a6","1772","finished"
"tabpfnv2_MUL_TEXT_SOCIAL_HEARTHSTONE_CARD_GAME_WARCRAFT_4","2026-04-16T09:26:02.000Z","TabPFN-v2 🤯","4","MUL_TEXT_SOCIAL_HEARTHSTONE_CARD_GAME_WARCRAFT","0.8852982512399981","all","7aa1eeec3fe4cc68f3850fd4d59d1f8525d755a6","80","finished"
"tabpfnv2p5_MUL_TEXT_SOCIAL_HEARTHSTONE_CARD_GAME_WARCRAFT_4","2026-04-16T09:25:39.000Z","TabPFN-v2p5 🇩🇪","4","MUL_TEXT_SOCIAL_HEARTHSTONE_CARD_GAME_WARCRAFT","0.8169586640023443","no_text","7aa1eeec3fe4cc68f3850fd4d59d1f8525d755a6","14","finished"
"tabpfnv2p5_MUL_TEXT_SOCIAL_HEARTHSTONE_CARD_GAME_WARCRAFT_4","2026-04-16T09:25:24.000Z","TabPFN-v2p5 🇩🇪","4","MUL_TEXT_SOCIAL_HEARTHSTONE_CARD_GAME_WARCRAFT","0.8956412369425187","text_only","7aa1eeec3fe4cc68f3850fd4d59d1f8525d755a6","69","finished"
"tabpfnv2p5_MUL_TEXT_SOCIAL_HEARTHSTONE_CARD_GAME_WARCRAFT_4","2026-04-16T09:24:47.000Z","TabPFN-v2p5 🇩🇪","4","MUL_TEXT_SOCIAL_HEARTHSTONE_CARD_GAME_WARCRAFT","0.933990349348397","ft","7aa1eeec3fe4cc68f3850fd4d59d1f8525d755a6","1774","finished"
"tabpfnv2p5_MUL_TEXT_SOCIAL_HEARTHSTONE_CARD_GAME_WARCRAFT_4","2026-04-16T09:24:10.000Z","TabPFN-v2p5 🇩🇪","4","MUL_TEXT_SOCIAL_HEARTHSTONE_CARD_GAME_WARCRAFT","0.9144387535290636","all","7aa1eeec3fe4cc68f3850fd4d59d1f8525d755a6","69","finished"
"tabm_MUL_TEXT_SOCIAL_HEARTHSTONE_CARD_GAME_WARCRAFT_4","2026-04-16T09:23:49.000Z","TabM Ⓜ️","4","MUL_TEXT_SOCIAL_HEARTHSTONE_CARD_GAME_WARCRAFT","0.796045441469132","no_text","7aa1eeec3fe4cc68f3850fd4d59d1f8525d755a6","15","finished"
"tabm_MUL_TEXT_SOCIAL_HEARTHSTONE_CARD_GAME_WARCRAFT_4","2026-04-16T09:23:38.000Z","TabM Ⓜ️","4","MUL_TEXT_SOCIAL_HEARTHSTONE_CARD_GAME_WARCRAFT","0.9005137274137788","text_only","7aa1eeec3fe4cc68f3850fd4d59d1f8525d755a6","66","finished"
"tabm_MUL_TEXT_SOCIAL_HEARTHSTONE_CARD_GAME_WARCRAFT_4","2026-04-16T09:23:37.000Z","TabM Ⓜ️","4","MUL_TEXT_SOCIAL_HEARTHSTONE_CARD_GAME_WARCRAFT","0.9283335803720691","ft","7aa1eeec3fe4cc68f3850fd4d59d1f8525d755a6","1109","finished"
"tabm_MUL_TEXT_SOCIAL_HEARTHSTONE_CARD_GAME_WARCRAFT_4","2026-04-16T09:22:40.000Z","TabM Ⓜ️","4","MUL_TEXT_SOCIAL_HEARTHSTONE_CARD_GAME_WARCRAFT","0.9241950601273532","all","7aa1eeec3fe4cc68f3850fd4d59d1f8525d755a6","66","finished"
"cat_MUL_TEXT_SOCIAL_HEARTHSTONE_CARD_GAME_WARCRAFT_4","2026-04-16T09:22:18.000Z","CatBoost 😸","4","MUL_TEXT_SOCIAL_HEARTHSTONE_CARD_GAME_WARCRAFT","0.7810850024941828","no_text","7aa1eeec3fe4cc68f3850fd4d59d1f8525d755a6","20","finished"
"cat_MUL_TEXT_SOCIAL_HEARTHSTONE_CARD_GAME_WARCRAFT_4","2026-04-16T09:21:04.000Z","CatBoost 😸","4","MUL_TEXT_SOCIAL_HEARTHSTONE_CARD_GAME_WARCRAFT","0.8849537005273135","text_only","7aa1eeec3fe4cc68f3850fd4d59d1f8525d755a6","148","finished"
"cat_MUL_TEXT_SOCIAL_HEARTHSTONE_CARD_GAME_WARCRAFT_4","2026-04-16T09:21:01.000Z","CatBoost 😸","4","MUL_TEXT_SOCIAL_HEARTHSTONE_CARD_GAME_WARCRAFT","0.919545327025246","ft","7aa1eeec3fe4cc68f3850fd4d59d1f8525d755a6","1627","finished"
"cat_MUL_TEXT_SOCIAL_HEARTHSTONE_CARD_GAME_WARCRAFT_4","2026-04-16T09:20:37.000Z","CatBoost 😸","4","MUL_TEXT_SOCIAL_HEARTHSTONE_CARD_GAME_WARCRAFT","0.9075689167268004","all","7aa1eeec3fe4cc68f3850fd4d59d1f8525d755a6","94","finished"
"light_MUL_TEXT_SOCIAL_HEARTHSTONE_CARD_GAME_WARCRAFT_4","2026-04-16T09:20:15.000Z","LightGBM 💡","4","MUL_TEXT_SOCIAL_HEARTHSTONE_CARD_GAME_WARCRAFT","0.7675066000763686","no_text","7aa1eeec3fe4cc68f3850fd4d59d1f8525d755a6","18","finished"
"light_MUL_TEXT_SOCIAL_HEARTHSTONE_CARD_GAME_WARCRAFT_4","2026-04-16T09:19:39.000Z","LightGBM 💡","4","MUL_TEXT_SOCIAL_HEARTHSTONE_CARD_GAME_WARCRAFT","0.8724870306777458","text_only","7aa1eeec3fe4cc68f3850fd4d59d1f8525d755a6","78","finished"
"light_MUL_TEXT_SOCIAL_HEARTHSTONE_CARD_GAME_WARCRAFT_4","2026-04-16T09:18:40.000Z","LightGBM 💡","4","MUL_TEXT_SOCIAL_HEARTHSTONE_CARD_GAME_WARCRAFT","0.9047003940426852","ft","7aa1eeec3fe4cc68f3850fd4d59d1f8525d755a6","1588","finished"
"light_MUL_TEXT_SOCIAL_HEARTHSTONE_CARD_GAME_WARCRAFT_4","2026-04-16T09:18:20.000Z","LightGBM 💡","4","MUL_TEXT_SOCIAL_HEARTHSTONE_CARD_GAME_WARCRAFT","0.8751852397517652","all","7aa1eeec3fe4cc68f3850fd4d59d1f8525d755a6","76","finished"
"tabpfnv2_MUL_TEXT_SOCIAL_HEARTHSTONE_CARD_GAME_WARCRAFT_3","2026-04-16T09:18:18.000Z","TabPFN-v2 🤯","3","MUL_TEXT_SOCIAL_HEARTHSTONE_CARD_GAME_WARCRAFT","0.7591667808480931","no_text","7aa1eeec3fe4cc68f3850fd4d59d1f8525d755a6","15","finished"
"tabpfnv2_MUL_TEXT_SOCIAL_HEARTHSTONE_CARD_GAME_WARCRAFT_3","2026-04-16T09:16:33.000Z","TabPFN-v2 🤯","3","MUL_TEXT_SOCIAL_HEARTHSTONE_CARD_GAME_WARCRAFT","0.8729950046140551","text_only","7aa1eeec3fe4cc68f3850fd4d59d1f8525d755a6","100","finished"
"tabpfnv2_MUL_TEXT_SOCIAL_HEARTHSTONE_CARD_GAME_WARCRAFT_3","2026-04-16T09:04:46.000Z","TabPFN-v2 🤯","3","MUL_TEXT_SOCIAL_HEARTHSTONE_CARD_GAME_WARCRAFT","0.8908429689185458","ft","7aa1eeec3fe4cc68f3850fd4d59d1f8525d755a6","1128","finished"
"tabpfnv2_MUL_TEXT_SOCIAL_HEARTHSTONE_CARD_GAME_WARCRAFT_3","2026-04-16T09:03:32.000Z","TabPFN-v2 🤯","3","MUL_TEXT_SOCIAL_HEARTHSTONE_CARD_GAME_WARCRAFT","0.8819389675624191","all","7aa1eeec3fe4cc68f3850fd4d59d1f8525d755a6","70","finished"
"tabpfnv2p5_MUL_TEXT_SOCIAL_HEARTHSTONE_CARD_GAME_WARCRAFT_3","2026-04-16T09:03:10.000Z","TabPFN-v2p5 🇩🇪","3","MUL_TEXT_SOCIAL_HEARTHSTONE_CARD_GAME_WARCRAFT","0.8183558230938115","no_text","7aa1eeec3fe4cc68f3850fd4d59d1f8525d755a6","15","finished"
"tabpfnv2p5_MUL_TEXT_SOCIAL_HEARTHSTONE_CARD_GAME_WARCRAFT_3","2026-04-16T09:01:52.000Z","TabPFN-v2p5 🇩🇪","3","MUL_TEXT_SOCIAL_HEARTHSTONE_CARD_GAME_WARCRAFT","0.8643552609747298","text_only","7aa1eeec3fe4cc68f3850fd4d59d1f8525d755a6","72","finished"
"tabpfnv2p5_MUL_TEXT_SOCIAL_HEARTHSTONE_CARD_GAME_WARCRAFT_3","2026-04-16T09:01:25.000Z","TabPFN-v2p5 🇩🇪","3","MUL_TEXT_SOCIAL_HEARTHSTONE_CARD_GAME_WARCRAFT","0.9110696830662232","ft","7aa1eeec3fe4cc68f3850fd4d59d1f8525d755a6","1123","finished"
"tabpfnv2p5_MUL_TEXT_SOCIAL_HEARTHSTONE_CARD_GAME_WARCRAFT_3","2026-04-16T09:00:38.000Z","TabPFN-v2p5 🇩🇪","3","MUL_TEXT_SOCIAL_HEARTHSTONE_CARD_GAME_WARCRAFT","0.891850489888695","all","7aa1eeec3fe4cc68f3850fd4d59d1f8525d755a6","70","finished"
"tabm_MUL_TEXT_SOCIAL_HEARTHSTONE_CARD_GAME_WARCRAFT_3","2026-04-16T09:00:17.000Z","TabM Ⓜ️","3","MUL_TEXT_SOCIAL_HEARTHSTONE_CARD_GAME_WARCRAFT","0.8078663187508409","no_text","7aa1eeec3fe4cc68f3850fd4d59d1f8525d755a6","16","finished"
"tabm_MUL_TEXT_SOCIAL_HEARTHSTONE_CARD_GAME_WARCRAFT_3","2026-04-16T08:59:08.000Z","TabM Ⓜ️","3","MUL_TEXT_SOCIAL_HEARTHSTONE_CARD_GAME_WARCRAFT","0.859088668448849","text_only","7aa1eeec3fe4cc68f3850fd4d59d1f8525d755a6","65","finished"
"tabm_MUL_TEXT_SOCIAL_HEARTHSTONE_CARD_GAME_WARCRAFT_3","2026-04-16T08:59:03.000Z","TabM Ⓜ️","3","MUL_TEXT_SOCIAL_HEARTHSTONE_CARD_GAME_WARCRAFT","0.8964445181488367","ft","7aa1eeec3fe4cc68f3850fd4d59d1f8525d755a6","1042","finished"
"tabm_MUL_TEXT_SOCIAL_HEARTHSTONE_CARD_GAME_WARCRAFT_3","2026-04-16T08:57:59.000Z","TabM Ⓜ️","3","MUL_TEXT_SOCIAL_HEARTHSTONE_CARD_GAME_WARCRAFT","0.8864222705062828","all","7aa1eeec3fe4cc68f3850fd4d59d1f8525d755a6","66","finished"
"cat_MUL_TEXT_SOCIAL_HEARTHSTONE_CARD_GAME_WARCRAFT_3","2026-04-16T08:57:32.000Z","CatBoost 😸","3","MUL_TEXT_SOCIAL_HEARTHSTONE_CARD_GAME_WARCRAFT","0.8034934014352038","no_text","7aa1eeec3fe4cc68f3850fd4d59d1f8525d755a6","20","finished"
"cat_MUL_TEXT_SOCIAL_HEARTHSTONE_CARD_GAME_WARCRAFT_3","2026-04-16T08:56:13.000Z","CatBoost 😸","3","MUL_TEXT_SOCIAL_HEARTHSTONE_CARD_GAME_WARCRAFT","0.859381740224466","text_only","7aa1eeec3fe4cc68f3850fd4d59d1f8525d755a6","74","finished"
"cat_MUL_TEXT_SOCIAL_HEARTHSTONE_CARD_GAME_WARCRAFT_3","2026-04-16T08:55:01.000Z","CatBoost 😸","3","MUL_TEXT_SOCIAL_HEARTHSTONE_CARD_GAME_WARCRAFT","0.8947522943086176","ft","7aa1eeec3fe4cc68f3850fd4d59d1f8525d755a6","1554","finished"
"cat_MUL_TEXT_SOCIAL_HEARTHSTONE_CARD_GAME_WARCRAFT_3","2026-04-16T08:54:43.000Z","CatBoost 😸","3","MUL_TEXT_SOCIAL_HEARTHSTONE_CARD_GAME_WARCRAFT","0.8946769629534097","all","7aa1eeec3fe4cc68f3850fd4d59d1f8525d755a6","87","finished"
"light_MUL_TEXT_SOCIAL_HEARTHSTONE_CARD_GAME_WARCRAFT_3","2026-04-16T08:54:40.000Z","LightGBM 💡","3","MUL_TEXT_SOCIAL_HEARTHSTONE_CARD_GAME_WARCRAFT","0.7116534186748871","no_text","7aa1eeec3fe4cc68f3850fd4d59d1f8525d755a6","15","finished"
"light_MUL_TEXT_SOCIAL_HEARTHSTONE_CARD_GAME_WARCRAFT_3","2026-04-16T08:53:34.000Z","LightGBM 💡","3","MUL_TEXT_SOCIAL_HEARTHSTONE_CARD_GAME_WARCRAFT","0.8424235562519884","text_only","7aa1eeec3fe4cc68f3850fd4d59d1f8525d755a6","65","finished"
"light_MUL_TEXT_SOCIAL_HEARTHSTONE_CARD_GAME_WARCRAFT_3","2026-04-16T08:52:48.000Z","LightGBM 💡","3","MUL_TEXT_SOCIAL_HEARTHSTONE_CARD_GAME_WARCRAFT","0.8733797072112411","ft","7aa1eeec3fe4cc68f3850fd4d59d1f8525d755a6","1527","finished"
"light_MUL_TEXT_SOCIAL_HEARTHSTONE_CARD_GAME_WARCRAFT_3","2026-04-16T08:52:14.000Z","LightGBM 💡","3","MUL_TEXT_SOCIAL_HEARTHSTONE_CARD_GAME_WARCRAFT","0.8707990346971124","all","7aa1eeec3fe4cc68f3850fd4d59d1f8525d755a6","73","finished"
"tabpfnv2_MUL_TEXT_SOCIAL_HEARTHSTONE_CARD_GAME_WARCRAFT_2","2026-04-16T08:51:53.000Z","TabPFN-v2 🤯","2","MUL_TEXT_SOCIAL_HEARTHSTONE_CARD_GAME_WARCRAFT","0.7333533831610252","no_text","7aa1eeec3fe4cc68f3850fd4d59d1f8525d755a6","15","finished"
"tabpfnv2_MUL_TEXT_SOCIAL_HEARTHSTONE_CARD_GAME_WARCRAFT_2","2026-04-16T08:50:39.000Z","TabPFN-v2 🤯","2","MUL_TEXT_SOCIAL_HEARTHSTONE_CARD_GAME_WARCRAFT","0.8776449490056789","text_only","7aa1eeec3fe4cc68f3850fd4d59d1f8525d755a6","71","finished"
"tabpfnv2_MUL_TEXT_SOCIAL_HEARTHSTONE_CARD_GAME_WARCRAFT_2","2026-04-16T08:46:22.000Z","TabPFN-v2 🤯","2","MUL_TEXT_SOCIAL_HEARTHSTONE_CARD_GAME_WARCRAFT","0.8992635619404388","ft","7aa1eeec3fe4cc68f3850fd4d59d1f8525d755a6","2352","finished"
"tabpfnv2_MUL_TEXT_SOCIAL_HEARTHSTONE_CARD_GAME_WARCRAFT_2","2026-04-16T08:44:57.000Z","TabPFN-v2 🤯","2","MUL_TEXT_SOCIAL_HEARTHSTONE_CARD_GAME_WARCRAFT","0.8774651834152299","all","7aa1eeec3fe4cc68f3850fd4d59d1f8525d755a6","81","finished"
"tabpfnv2p5_MUL_TEXT_SOCIAL_HEARTHSTONE_CARD_GAME_WARCRAFT_2","2026-04-16T08:44:35.000Z","TabPFN-v2p5 🇩🇪","2","MUL_TEXT_SOCIAL_HEARTHSTONE_CARD_GAME_WARCRAFT","0.8130171353306966","no_text","7aa1eeec3fe4cc68f3850fd4d59d1f8525d755a6","14","finished"
"tabpfnv2p5_MUL_TEXT_SOCIAL_HEARTHSTONE_CARD_GAME_WARCRAFT_2","2026-04-16T08:43:11.000Z","TabPFN-v2p5 🇩🇪","2","MUL_TEXT_SOCIAL_HEARTHSTONE_CARD_GAME_WARCRAFT","0.8804815482493027","text_only","7aa1eeec3fe4cc68f3850fd4d59d1f8525d755a6","77","finished"
"tabpfnv2p5_MUL_TEXT_SOCIAL_HEARTHSTONE_CARD_GAME_WARCRAFT_2","2026-04-16T08:31:55.000Z","TabPFN-v2p5 🇩🇪","2","MUL_TEXT_SOCIAL_HEARTHSTONE_CARD_GAME_WARCRAFT","0.907669095540238","ft","7aa1eeec3fe4cc68f3850fd4d59d1f8525d755a6","1767","finished"
"tabpfnv2p5_MUL_TEXT_SOCIAL_HEARTHSTONE_CARD_GAME_WARCRAFT_2","2026-04-16T08:30:41.000Z","TabPFN-v2p5 🇩🇪","2","MUL_TEXT_SOCIAL_HEARTHSTONE_CARD_GAME_WARCRAFT","0.8996931099219614","all","7aa1eeec3fe4cc68f3850fd4d59d1f8525d755a6","69","finished"
"tabm_MUL_TEXT_SOCIAL_HEARTHSTONE_CARD_GAME_WARCRAFT_2","2026-04-16T08:30:19.000Z","TabM Ⓜ️","2","MUL_TEXT_SOCIAL_HEARTHSTONE_CARD_GAME_WARCRAFT","0.7823227350395543","no_text","7aa1eeec3fe4cc68f3850fd4d59d1f8525d755a6","17","finished"
"tabm_MUL_TEXT_SOCIAL_HEARTHSTONE_CARD_GAME_WARCRAFT_2","2026-04-16T08:29:09.000Z","TabM Ⓜ️","2","MUL_TEXT_SOCIAL_HEARTHSTONE_CARD_GAME_WARCRAFT","0.8671682072657619","text_only","7aa1eeec3fe4cc68f3850fd4d59d1f8525d755a6","67","finished"
"tabm_MUL_TEXT_SOCIAL_HEARTHSTONE_CARD_GAME_WARCRAFT_2","2026-04-16T08:28:08.000Z","TabM Ⓜ️","2","MUL_TEXT_SOCIAL_HEARTHSTONE_CARD_GAME_WARCRAFT","0.8894992547395688","ft","7aa1eeec3fe4cc68f3850fd4d59d1f8525d755a6","1588","finished"
"tabm_MUL_TEXT_SOCIAL_HEARTHSTONE_CARD_GAME_WARCRAFT_2","2026-04-16T08:27:49.000Z","TabM Ⓜ️","2","MUL_TEXT_SOCIAL_HEARTHSTONE_CARD_GAME_WARCRAFT","0.8971794761519363","all","7aa1eeec3fe4cc68f3850fd4d59d1f8525d755a6","74","finished"
"cat_MUL_TEXT_SOCIAL_HEARTHSTONE_CARD_GAME_WARCRAFT_2","2026-04-16T08:27:23.000Z","CatBoost 😸","2","MUL_TEXT_SOCIAL_HEARTHSTONE_CARD_GAME_WARCRAFT","0.775813539752277","no_text","7aa1eeec3fe4cc68f3850fd4d59d1f8525d755a6","20","finished"
"cat_MUL_TEXT_SOCIAL_HEARTHSTONE_CARD_GAME_WARCRAFT_2","2026-04-16T08:26:49.000Z","CatBoost 😸","2","MUL_TEXT_SOCIAL_HEARTHSTONE_CARD_GAME_WARCRAFT","0.8583899079400744","text_only","7aa1eeec3fe4cc68f3850fd4d59d1f8525d755a6","77","finished"
"cat_MUL_TEXT_SOCIAL_HEARTHSTONE_CARD_GAME_WARCRAFT_2","2026-04-16T08:26:00.000Z","CatBoost 😸","2","MUL_TEXT_SOCIAL_HEARTHSTONE_CARD_GAME_WARCRAFT","0.880757989119858","ft","7aa1eeec3fe4cc68f3850fd4d59d1f8525d755a6","1604","finished"
"cat_MUL_TEXT_SOCIAL_HEARTHSTONE_CARD_GAME_WARCRAFT_2","2026-04-16T08:25:19.000Z","CatBoost 😸","2","MUL_TEXT_SOCIAL_HEARTHSTONE_CARD_GAME_WARCRAFT","0.8869336031946862","all","7aa1eeec3fe4cc68f3850fd4d59d1f8525d755a6","83","finished"
"light_MUL_TEXT_SOCIAL_HEARTHSTONE_CARD_GAME_WARCRAFT_2","2026-04-16T08:24:58.000Z","LightGBM 💡","2","MUL_TEXT_SOCIAL_HEARTHSTONE_CARD_GAME_WARCRAFT","0.7127042091112041","no_text","7aa1eeec3fe4cc68f3850fd4d59d1f8525d755a6","15","finished"
"light_MUL_TEXT_SOCIAL_HEARTHSTONE_CARD_GAME_WARCRAFT_2","2026-04-16T08:24:51.000Z","LightGBM 💡","2","MUL_TEXT_SOCIAL_HEARTHSTONE_CARD_GAME_WARCRAFT","0.8491429964090141","text_only","7aa1eeec3fe4cc68f3850fd4d59d1f8525d755a6","66","finished"
"light_MUL_TEXT_SOCIAL_HEARTHSTONE_CARD_GAME_WARCRAFT_2","2026-04-16T08:23:57.000Z","LightGBM 💡","2","MUL_TEXT_SOCIAL_HEARTHSTONE_CARD_GAME_WARCRAFT","0.8405419951922528","ft","7aa1eeec3fe4cc68f3850fd4d59d1f8525d755a6","1598","finished"
"light_MUL_TEXT_SOCIAL_HEARTHSTONE_CARD_GAME_WARCRAFT_2","2026-04-16T08:23:49.000Z","LightGBM 💡","2","MUL_TEXT_SOCIAL_HEARTHSTONE_CARD_GAME_WARCRAFT","0.8655311549413789","all","7aa1eeec3fe4cc68f3850fd4d59d1f8525d755a6","66","finished"
"tabpfnv2_MUL_TEXT_SOCIAL_HEARTHSTONE_CARD_GAME_WARCRAFT_1","2026-04-16T08:23:18.000Z","TabPFN-v2 🤯","1","MUL_TEXT_SOCIAL_HEARTHSTONE_CARD_GAME_WARCRAFT","0.7704087380172127","no_text","7aa1eeec3fe4cc68f3850fd4d59d1f8525d755a6","28","finished"
"tabpfnv2_MUL_TEXT_SOCIAL_HEARTHSTONE_CARD_GAME_WARCRAFT_1","2026-04-16T08:22:03.000Z","TabPFN-v2 🤯","1","MUL_TEXT_SOCIAL_HEARTHSTONE_CARD_GAME_WARCRAFT","0.8959410029001695","text_only","7aa1eeec3fe4cc68f3850fd4d59d1f8525d755a6","71","finished"
"tabpfnv2_MUL_TEXT_SOCIAL_HEARTHSTONE_CARD_GAME_WARCRAFT_1","2026-04-16T08:03:58.000Z","TabPFN-v2 🤯","1","MUL_TEXT_SOCIAL_HEARTHSTONE_CARD_GAME_WARCRAFT","0.916104764541488","ft","7aa1eeec3fe4cc68f3850fd4d59d1f8525d755a6","2349","finished"
"tabpfnv2_MUL_TEXT_SOCIAL_HEARTHSTONE_CARD_GAME_WARCRAFT_1","2026-04-16T08:02:33.000Z","TabPFN-v2 🤯","1","MUL_TEXT_SOCIAL_HEARTHSTONE_CARD_GAME_WARCRAFT","0.9010250207880396","all","7aa1eeec3fe4cc68f3850fd4d59d1f8525d755a6","80","finished"
"tabpfnv2p5_MUL_TEXT_SOCIAL_HEARTHSTONE_CARD_GAME_WARCRAFT_1","2026-04-16T08:02:11.000Z","TabPFN-v2p5 🇩🇪","1","MUL_TEXT_SOCIAL_HEARTHSTONE_CARD_GAME_WARCRAFT","0.8374014230018689","no_text","7aa1eeec3fe4cc68f3850fd4d59d1f8525d755a6","14","finished"
"tabpfnv2p5_MUL_TEXT_SOCIAL_HEARTHSTONE_CARD_GAME_WARCRAFT_1","2026-04-16T08:00:46.000Z","TabPFN-v2p5 🇩🇪","1","MUL_TEXT_SOCIAL_HEARTHSTONE_CARD_GAME_WARCRAFT","0.9010449140035788","text_only","7aa1eeec3fe4cc68f3850fd4d59d1f8525d755a6","78","finished"
"tabpfnv2p5_MUL_TEXT_SOCIAL_HEARTHSTONE_CARD_GAME_WARCRAFT_1","2026-04-16T07:59:35.000Z","TabPFN-v2p5 🇩🇪","1","MUL_TEXT_SOCIAL_HEARTHSTONE_CARD_GAME_WARCRAFT","0.9284358450069576","ft","7aa1eeec3fe4cc68f3850fd4d59d1f8525d755a6","1664","finished"
"tabpfnv2p5_MUL_TEXT_SOCIAL_HEARTHSTONE_CARD_GAME_WARCRAFT_1","2026-04-16T07:59:21.000Z","TabPFN-v2p5 🇩🇪","1","MUL_TEXT_SOCIAL_HEARTHSTONE_CARD_GAME_WARCRAFT","0.9132435973792076","all","7aa1eeec3fe4cc68f3850fd4d59d1f8525d755a6","78","finished"
"tabm_MUL_TEXT_SOCIAL_HEARTHSTONE_CARD_GAME_WARCRAFT_1","2026-04-16T07:58:58.000Z","TabM Ⓜ️","1","MUL_TEXT_SOCIAL_HEARTHSTONE_CARD_GAME_WARCRAFT","0.8261187244578748","no_text","7aa1eeec3fe4cc68f3850fd4d59d1f8525d755a6","20","finished"
"tabm_MUL_TEXT_SOCIAL_HEARTHSTONE_CARD_GAME_WARCRAFT_1","2026-04-16T07:58:26.000Z","TabM Ⓜ️","1","MUL_TEXT_SOCIAL_HEARTHSTONE_CARD_GAME_WARCRAFT","0.8725508547956821","text_only","7aa1eeec3fe4cc68f3850fd4d59d1f8525d755a6","65","finished"
"tabm_MUL_TEXT_SOCIAL_HEARTHSTONE_CARD_GAME_WARCRAFT_1","2026-04-16T07:58:21.000Z","TabM Ⓜ️","1","MUL_TEXT_SOCIAL_HEARTHSTONE_CARD_GAME_WARCRAFT","0.8947152868888827","ft","7aa1eeec3fe4cc68f3850fd4d59d1f8525d755a6","1584","finished"
"tabm_MUL_TEXT_SOCIAL_HEARTHSTONE_CARD_GAME_WARCRAFT_1","2026-04-16T07:57:39.000Z","TabM Ⓜ️","1","MUL_TEXT_SOCIAL_HEARTHSTONE_CARD_GAME_WARCRAFT","0.9188204229036636","all","7aa1eeec3fe4cc68f3850fd4d59d1f8525d755a6","74","finished"
"cat_MUL_TEXT_SOCIAL_HEARTHSTONE_CARD_GAME_WARCRAFT_1","2026-04-16T07:57:07.000Z","CatBoost 😸","1","MUL_TEXT_SOCIAL_HEARTHSTONE_CARD_GAME_WARCRAFT","0.792145133685219","no_text","7aa1eeec3fe4cc68f3850fd4d59d1f8525d755a6","28","finished"
"cat_MUL_TEXT_SOCIAL_HEARTHSTONE_CARD_GAME_WARCRAFT_1","2026-04-16T07:56:56.000Z","CatBoost 😸","1","MUL_TEXT_SOCIAL_HEARTHSTONE_CARD_GAME_WARCRAFT","0.8822584659861648","text_only","7aa1eeec3fe4cc68f3850fd4d59d1f8525d755a6","82","finished"
"cat_MUL_TEXT_SOCIAL_HEARTHSTONE_CARD_GAME_WARCRAFT_1","2026-04-16T07:56:51.000Z","CatBoost 😸","1","MUL_TEXT_SOCIAL_HEARTHSTONE_CARD_GAME_WARCRAFT","0.9053007315454258","ft","7aa1eeec3fe4cc68f3850fd4d59d1f8525d755a6","1621","finished"
"cat_MUL_TEXT_SOCIAL_HEARTHSTONE_CARD_GAME_WARCRAFT_1","2026-04-16T07:56:40.000Z","CatBoost 😸","1","MUL_TEXT_SOCIAL_HEARTHSTONE_CARD_GAME_WARCRAFT","0.9158815840928046","all","7aa1eeec3fe4cc68f3850fd4d59d1f8525d755a6","94","finished"
"light_MUL_TEXT_SOCIAL_HEARTHSTONE_CARD_GAME_WARCRAFT_1","2026-04-16T07:56:19.000Z","LightGBM 💡","1","MUL_TEXT_SOCIAL_HEARTHSTONE_CARD_GAME_WARCRAFT","0.730747064567513","no_text","7aa1eeec3fe4cc68f3850fd4d59d1f8525d755a6","15","finished"
"light_MUL_TEXT_SOCIAL_HEARTHSTONE_CARD_GAME_WARCRAFT_1","2026-04-16T07:55:42.000Z","LightGBM 💡","1","MUL_TEXT_SOCIAL_HEARTHSTONE_CARD_GAME_WARCRAFT","0.8740769016747215","text_only","7aa1eeec3fe4cc68f3850fd4d59d1f8525d755a6","66","finished"
"light_MUL_TEXT_SOCIAL_HEARTHSTONE_CARD_GAME_WARCRAFT_1","2026-04-16T07:55:24.000Z","LightGBM 💡","1","MUL_TEXT_SOCIAL_HEARTHSTONE_CARD_GAME_WARCRAFT","0.8930497088159031","ft","7aa1eeec3fe4cc68f3850fd4d59d1f8525d755a6","1592","finished"
"light_MUL_TEXT_SOCIAL_HEARTHSTONE_CARD_GAME_WARCRAFT_1","2026-04-16T07:55:10.000Z","LightGBM 💡","1","MUL_TEXT_SOCIAL_HEARTHSTONE_CARD_GAME_WARCRAFT","0.8913154996478081","all","7aa1eeec3fe4cc68f3850fd4d59d1f8525d755a6","66","finished"
"tabpfnv2_MUL_TEXT_SOCIAL_HEARTHSTONE_CARD_GAME_WARCRAFT_0","2026-04-16T07:55:02.000Z","TabPFN-v2 🤯","0","MUL_TEXT_SOCIAL_HEARTHSTONE_CARD_GAME_WARCRAFT","0.7536182458150904","no_text","7aa1eeec3fe4cc68f3850fd4d59d1f8525d755a6","16","finished"
"tabpfnv2_MUL_TEXT_SOCIAL_HEARTHSTONE_CARD_GAME_WARCRAFT_0","2026-04-16T07:54:22.000Z","TabPFN-v2 🤯","0","MUL_TEXT_SOCIAL_HEARTHSTONE_CARD_GAME_WARCRAFT","0.8828763019812532","text_only","7aa1eeec3fe4cc68f3850fd4d59d1f8525d755a6","74","finished"
"tabpfnv2_MUL_TEXT_SOCIAL_HEARTHSTONE_CARD_GAME_WARCRAFT_0","2026-04-16T07:36:17.000Z","TabPFN-v2 🤯","0","MUL_TEXT_SOCIAL_HEARTHSTONE_CARD_GAME_WARCRAFT","0.9119755138022688","ft","7aa1eeec3fe4cc68f3850fd4d59d1f8525d755a6","1119","finished"
"tabpfnv2_MUL_TEXT_SOCIAL_HEARTHSTONE_CARD_GAME_WARCRAFT_0","2026-04-16T07:35:03.000Z","TabPFN-v2 🤯","0","MUL_TEXT_SOCIAL_HEARTHSTONE_CARD_GAME_WARCRAFT","0.8904757361929947","all","7aa1eeec3fe4cc68f3850fd4d59d1f8525d755a6","71","finished"
"tabpfnv2p5_MUL_TEXT_SOCIAL_HEARTHSTONE_CARD_GAME_WARCRAFT_0","2026-04-16T07:34:41.000Z","TabPFN-v2p5 🇩🇪","0","MUL_TEXT_SOCIAL_HEARTHSTONE_CARD_GAME_WARCRAFT","0.8260424753090027","no_text","7aa1eeec3fe4cc68f3850fd4d59d1f8525d755a6","14","finished"
"tabpfnv2p5_MUL_TEXT_SOCIAL_HEARTHSTONE_CARD_GAME_WARCRAFT_0","2026-04-16T07:33:27.000Z","TabPFN-v2p5 🇩🇪","0","MUL_TEXT_SOCIAL_HEARTHSTONE_CARD_GAME_WARCRAFT","0.8853377123808339","text_only","7aa1eeec3fe4cc68f3850fd4d59d1f8525d755a6","68","finished"
"tabpfnv2p5_MUL_TEXT_SOCIAL_HEARTHSTONE_CARD_GAME_WARCRAFT_0","2026-04-16T07:32:15.000Z","TabPFN-v2p5 🇩🇪","0","MUL_TEXT_SOCIAL_HEARTHSTONE_CARD_GAME_WARCRAFT","0.924928085973854","ft","7aa1eeec3fe4cc68f3850fd4d59d1f8525d755a6","1488","finished"
"tabpfnv2p5_MUL_TEXT_SOCIAL_HEARTHSTONE_CARD_GAME_WARCRAFT_0","2026-04-16T07:32:13.000Z","TabPFN-v2p5 🇩🇪","0","MUL_TEXT_SOCIAL_HEARTHSTONE_CARD_GAME_WARCRAFT","0.8989215978506179","all","7aa1eeec3fe4cc68f3850fd4d59d1f8525d755a6","68","finished"
"tabm_MUL_TEXT_SOCIAL_HEARTHSTONE_CARD_GAME_WARCRAFT_0","2026-04-16T07:31:51.000Z","TabM Ⓜ️","0","MUL_TEXT_SOCIAL_HEARTHSTONE_CARD_GAME_WARCRAFT","0.8001696516910185","no_text","7aa1eeec3fe4cc68f3850fd4d59d1f8525d755a6","17","finished"
"tabm_MUL_TEXT_SOCIAL_HEARTHSTONE_CARD_GAME_WARCRAFT_0","2026-04-16T07:30:56.000Z","TabM Ⓜ️","0","MUL_TEXT_SOCIAL_HEARTHSTONE_CARD_GAME_WARCRAFT","0.8757183049450916","text_only","7aa1eeec3fe4cc68f3850fd4d59d1f8525d755a6","73","finished"
"tabm_MUL_TEXT_SOCIAL_HEARTHSTONE_CARD_GAME_WARCRAFT_0","2026-04-16T07:30:45.000Z","TabM Ⓜ️","0","MUL_TEXT_SOCIAL_HEARTHSTONE_CARD_GAME_WARCRAFT","0.9051098255994616","ft","7aa1eeec3fe4cc68f3850fd4d59d1f8525d755a6","1567","finished"
"tabm_MUL_TEXT_SOCIAL_HEARTHSTONE_CARD_GAME_WARCRAFT_0","2026-04-16T07:30:37.000Z","TabM Ⓜ️","0","MUL_TEXT_SOCIAL_HEARTHSTONE_CARD_GAME_WARCRAFT","0.8893833277256504","all","7aa1eeec3fe4cc68f3850fd4d59d1f8525d755a6","67","finished"
"cat_MUL_TEXT_SOCIAL_HEARTHSTONE_CARD_GAME_WARCRAFT_0","2026-04-16T07:30:29.000Z","CatBoost 😸","0","MUL_TEXT_SOCIAL_HEARTHSTONE_CARD_GAME_WARCRAFT","0.8030157894972767","no_text","7aa1eeec3fe4cc68f3850fd4d59d1f8525d755a6","23","finished"
"cat_MUL_TEXT_SOCIAL_HEARTHSTONE_CARD_GAME_WARCRAFT_0","2026-04-16T07:29:18.000Z","CatBoost 😸","0","MUL_TEXT_SOCIAL_HEARTHSTONE_CARD_GAME_WARCRAFT","0.8536510456149491","text_only","7aa1eeec3fe4cc68f3850fd4d59d1f8525d755a6","72","finished"
"cat_MUL_TEXT_SOCIAL_HEARTHSTONE_CARD_GAME_WARCRAFT_0","2026-04-16T07:28:53.000Z","CatBoost 😸","0","MUL_TEXT_SOCIAL_HEARTHSTONE_CARD_GAME_WARCRAFT","0.9028529028923342","ft","7aa1eeec3fe4cc68f3850fd4d59d1f8525d755a6","1573","finished"
"cat_MUL_TEXT_SOCIAL_HEARTHSTONE_CARD_GAME_WARCRAFT_0","2026-04-16T07:28:32.000Z","CatBoost 😸","0","MUL_TEXT_SOCIAL_HEARTHSTONE_CARD_GAME_WARCRAFT","0.8815028096476419","all","7aa1eeec3fe4cc68f3850fd4d59d1f8525d755a6","112","finished"
"light_MUL_TEXT_SOCIAL_HEARTHSTONE_CARD_GAME_WARCRAFT_0","2026-04-16T07:28:10.000Z","LightGBM 💡","0","MUL_TEXT_SOCIAL_HEARTHSTONE_CARD_GAME_WARCRAFT","0.7236959110021983","no_text","7aa1eeec3fe4cc68f3850fd4d59d1f8525d755a6","15","finished"
"light_MUL_TEXT_SOCIAL_HEARTHSTONE_CARD_GAME_WARCRAFT_0","2026-04-16T07:28:08.000Z","LightGBM 💡","0","MUL_TEXT_SOCIAL_HEARTHSTONE_CARD_GAME_WARCRAFT","0.8439631948167096","text_only","7aa1eeec3fe4cc68f3850fd4d59d1f8525d755a6","66","finished"
"light_MUL_TEXT_SOCIAL_HEARTHSTONE_CARD_GAME_WARCRAFT_0","2026-04-16T07:28:06.000Z","LightGBM 💡","0","MUL_TEXT_SOCIAL_HEARTHSTONE_CARD_GAME_WARCRAFT","0.8672842046937159","ft","7aa1eeec3fe4cc68f3850fd4d59d1f8525d755a6","1569","finished"
"light_MUL_TEXT_SOCIAL_HEARTHSTONE_CARD_GAME_WARCRAFT_0","2026-04-16T07:27:43.000Z","LightGBM 💡","0","MUL_TEXT_SOCIAL_HEARTHSTONE_CARD_GAME_WARCRAFT","0.8612462955361504","all","7aa1eeec3fe4cc68f3850fd4d59d1f8525d755a6","66","finished"
"tabpfnv2_BIN_TEXT_TRANSPORTATION_OSHA_ACCIDENT_INJURY_DATA_4","2026-04-16T07:27:21.000Z","TabPFN-v2 🤯","4","BIN_TEXT_TRANSPORTATION_OSHA_ACCIDENT_INJURY_DATA","0.6052440902092202","no_text","7aa1eeec3fe4cc68f3850fd4d59d1f8525d755a6","19","finished"
"tabpfnv2_BIN_TEXT_TRANSPORTATION_OSHA_ACCIDENT_INJURY_DATA_4","2026-04-16T07:26:10.000Z","TabPFN-v2 🤯","4","BIN_TEXT_TRANSPORTATION_OSHA_ACCIDENT_INJURY_DATA","0.5723213477040123","text_only","7aa1eeec3fe4cc68f3850fd4d59d1f8525d755a6","112","finished"
"tabpfnv2_BIN_TEXT_TRANSPORTATION_OSHA_ACCIDENT_INJURY_DATA_4","2026-04-16T07:24:47.000Z","TabPFN-v2 🤯","4","BIN_TEXT_TRANSPORTATION_OSHA_ACCIDENT_INJURY_DATA","0.6182048727470338","ft","7aa1eeec3fe4cc68f3850fd4d59d1f8525d755a6","354","finished"
"tabpfnv2_BIN_TEXT_TRANSPORTATION_OSHA_ACCIDENT_INJURY_DATA_4","2026-04-16T07:24:13.000Z","TabPFN-v2 🤯","4","BIN_TEXT_TRANSPORTATION_OSHA_ACCIDENT_INJURY_DATA","0.6221447332669143","all","7aa1eeec3fe4cc68f3850fd4d59d1f8525d755a6","113","finished"
"tabpfnv2p5_BIN_TEXT_TRANSPORTATION_OSHA_ACCIDENT_INJURY_DATA_4","2026-04-16T07:23:51.000Z","TabPFN-v2p5 🇩🇪","4","BIN_TEXT_TRANSPORTATION_OSHA_ACCIDENT_INJURY_DATA","0.5992391993478852","no_text","7aa1eeec3fe4cc68f3850fd4d59d1f8525d755a6","16","finished"
"tabpfnv2p5_BIN_TEXT_TRANSPORTATION_OSHA_ACCIDENT_INJURY_DATA_4","2026-04-16T07:22:51.000Z","TabPFN-v2p5 🇩🇪","4","BIN_TEXT_TRANSPORTATION_OSHA_ACCIDENT_INJURY_DATA","0.5864867312743411","text_only","7aa1eeec3fe4cc68f3850fd4d59d1f8525d755a6","110","finished"
"tabpfnv2p5_BIN_TEXT_TRANSPORTATION_OSHA_ACCIDENT_INJURY_DATA_4","2026-04-16T07:22:16.000Z","TabPFN-v2p5 🇩🇪","4","BIN_TEXT_TRANSPORTATION_OSHA_ACCIDENT_INJURY_DATA","0.6229598768227516","ft","7aa1eeec3fe4cc68f3850fd4d59d1f8525d755a6","346","finished"
"tabpfnv2p5_BIN_TEXT_TRANSPORTATION_OSHA_ACCIDENT_INJURY_DATA_4","2026-04-16T07:21:55.000Z","TabPFN-v2p5 🇩🇪","4","BIN_TEXT_TRANSPORTATION_OSHA_ACCIDENT_INJURY_DATA","0.6283217099900372","all","7aa1eeec3fe4cc68f3850fd4d59d1f8525d755a6","112","finished"
"tabm_BIN_TEXT_TRANSPORTATION_OSHA_ACCIDENT_INJURY_DATA_4","2026-04-16T07:21:33.000Z","TabM Ⓜ️","4","BIN_TEXT_TRANSPORTATION_OSHA_ACCIDENT_INJURY_DATA","0.6032062313196268","no_text","7aa1eeec3fe4cc68f3850fd4d59d1f8525d755a6","17","finished"
"tabm_BIN_TEXT_TRANSPORTATION_OSHA_ACCIDENT_INJURY_DATA_4","2026-04-16T07:19:47.000Z","TabM Ⓜ️","4","BIN_TEXT_TRANSPORTATION_OSHA_ACCIDENT_INJURY_DATA","0.5864867312743411","text_only","7aa1eeec3fe4cc68f3850fd4d59d1f8525d755a6","102","finished"
"tabm_BIN_TEXT_TRANSPORTATION_OSHA_ACCIDENT_INJURY_DATA_4","2026-04-16T07:18:31.000Z","TabM Ⓜ️","4","BIN_TEXT_TRANSPORTATION_OSHA_ACCIDENT_INJURY_DATA","0.6468073544063038","ft","7aa1eeec3fe4cc68f3850fd4d59d1f8525d755a6","523","finished"
"tabm_BIN_TEXT_TRANSPORTATION_OSHA_ACCIDENT_INJURY_DATA_4","2026-04-16T07:16:45.000Z","TabM Ⓜ️","4","BIN_TEXT_TRANSPORTATION_OSHA_ACCIDENT_INJURY_DATA","0.6261027080880354","all","7aa1eeec3fe4cc68f3850fd4d59d1f8525d755a6","102","finished"
"cat_BIN_TEXT_TRANSPORTATION_OSHA_ACCIDENT_INJURY_DATA_4","2026-04-16T07:16:23.000Z","CatBoost 😸","4","BIN_TEXT_TRANSPORTATION_OSHA_ACCIDENT_INJURY_DATA","0.6083597500226429","no_text","7aa1eeec3fe4cc68f3850fd4d59d1f8525d755a6","19","finished"
"cat_BIN_TEXT_TRANSPORTATION_OSHA_ACCIDENT_INJURY_DATA_4","2026-04-16T07:14:37.000Z","CatBoost 😸","4","BIN_TEXT_TRANSPORTATION_OSHA_ACCIDENT_INJURY_DATA","0.5993478851553301","text_only","7aa1eeec3fe4cc68f3850fd4d59d1f8525d755a6","101","finished"
"cat_BIN_TEXT_TRANSPORTATION_OSHA_ACCIDENT_INJURY_DATA_4","2026-04-16T07:13:56.000Z","CatBoost 😸","4","BIN_TEXT_TRANSPORTATION_OSHA_ACCIDENT_INJURY_DATA","0.6298523684448873","ft","7aa1eeec3fe4cc68f3850fd4d59d1f8525d755a6","531","finished"
"cat_BIN_TEXT_TRANSPORTATION_OSHA_ACCIDENT_INJURY_DATA_4","2026-04-16T07:12:46.000Z","CatBoost 😸","4","BIN_TEXT_TRANSPORTATION_OSHA_ACCIDENT_INJURY_DATA","0.6324427135223258","all","7aa1eeec3fe4cc68f3850fd4d59d1f8525d755a6","107","finished"
"light_BIN_TEXT_TRANSPORTATION_OSHA_ACCIDENT_INJURY_DATA_4","2026-04-16T07:12:30.000Z","LightGBM 💡","4","BIN_TEXT_TRANSPORTATION_OSHA_ACCIDENT_INJURY_DATA","0.587247531926456","no_text","7aa1eeec3fe4cc68f3850fd4d59d1f8525d755a6","14","finished"
"light_BIN_TEXT_TRANSPORTATION_OSHA_ACCIDENT_INJURY_DATA_4","2026-04-16T07:12:10.000Z","LightGBM 💡","4","BIN_TEXT_TRANSPORTATION_OSHA_ACCIDENT_INJURY_DATA","0.5933882800470972","text_only","7aa1eeec3fe4cc68f3850fd4d59d1f8525d755a6","100","finished"
"light_BIN_TEXT_TRANSPORTATION_OSHA_ACCIDENT_INJURY_DATA_4","2026-04-16T07:10:56.000Z","LightGBM 💡","4","BIN_TEXT_TRANSPORTATION_OSHA_ACCIDENT_INJURY_DATA","0.6481115840956435","ft","7aa1eeec3fe4cc68f3850fd4d59d1f8525d755a6","525","finished"
"light_BIN_TEXT_TRANSPORTATION_OSHA_ACCIDENT_INJURY_DATA_4","2026-04-16T07:10:45.000Z","LightGBM 💡","4","BIN_TEXT_TRANSPORTATION_OSHA_ACCIDENT_INJURY_DATA","0.590544334752287","all","7aa1eeec3fe4cc68f3850fd4d59d1f8525d755a6","99","finished"
"tabpfnv2_BIN_TEXT_TRANSPORTATION_OSHA_ACCIDENT_INJURY_DATA_3","2026-04-16T07:10:35.000Z","TabPFN-v2 🤯","3","BIN_TEXT_TRANSPORTATION_OSHA_ACCIDENT_INJURY_DATA","0.5703650031700027","no_text","7aa1eeec3fe4cc68f3850fd4d59d1f8525d755a6","14","finished"
"tabpfnv2_BIN_TEXT_TRANSPORTATION_OSHA_ACCIDENT_INJURY_DATA_3","2026-04-16T07:10:14.000Z","TabPFN-v2 🤯","3","BIN_TEXT_TRANSPORTATION_OSHA_ACCIDENT_INJURY_DATA","0.5912507925006794","text_only","7aa1eeec3fe4cc68f3850fd4d59d1f8525d755a6","112","finished"
"tabpfnv2_BIN_TEXT_TRANSPORTATION_OSHA_ACCIDENT_INJURY_DATA_3","2026-04-16T07:08:55.000Z","TabPFN-v2 🤯","3","BIN_TEXT_TRANSPORTATION_OSHA_ACCIDENT_INJURY_DATA","0.5642967122543248","ft","7aa1eeec3fe4cc68f3850fd4d59d1f8525d755a6","1152","finished"
"tabpfnv2_BIN_TEXT_TRANSPORTATION_OSHA_ACCIDENT_INJURY_DATA_3","2026-04-16T07:08:49.000Z","TabPFN-v2 🤯","3","BIN_TEXT_TRANSPORTATION_OSHA_ACCIDENT_INJURY_DATA","0.5861516167013856","all","7aa1eeec3fe4cc68f3850fd4d59d1f8525d755a6","111","finished"
"tabpfnv2p5_BIN_TEXT_TRANSPORTATION_OSHA_ACCIDENT_INJURY_DATA_3","2026-04-16T07:08:27.000Z","TabPFN-v2p5 🇩🇪","3","BIN_TEXT_TRANSPORTATION_OSHA_ACCIDENT_INJURY_DATA","0.5656190562449054","no_text","7aa1eeec3fe4cc68f3850fd4d59d1f8525d755a6","15","finished"
"tabpfnv2p5_BIN_TEXT_TRANSPORTATION_OSHA_ACCIDENT_INJURY_DATA_3","2026-04-16T07:08:18.000Z","TabPFN-v2p5 🇩🇪","3","BIN_TEXT_TRANSPORTATION_OSHA_ACCIDENT_INJURY_DATA","0.5918576215922471","text_only","7aa1eeec3fe4cc68f3850fd4d59d1f8525d755a6","109","finished"
"tabpfnv2p5_BIN_TEXT_TRANSPORTATION_OSHA_ACCIDENT_INJURY_DATA_3","2026-04-16T07:07:51.000Z","TabPFN-v2p5 🇩🇪","3","BIN_TEXT_TRANSPORTATION_OSHA_ACCIDENT_INJURY_DATA","0.5800018114301242","ft","7aa1eeec3fe4cc68f3850fd4d59d1f8525d755a6","814","finished"
"tabpfnv2p5_BIN_TEXT_TRANSPORTATION_OSHA_ACCIDENT_INJURY_DATA_3","2026-04-16T07:06:44.000Z","TabPFN-v2p5 🇩🇪","3","BIN_TEXT_TRANSPORTATION_OSHA_ACCIDENT_INJURY_DATA","0.60021737161489","all","7aa1eeec3fe4cc68f3850fd4d59d1f8525d755a6","125","finished"
"tabm_BIN_TEXT_TRANSPORTATION_OSHA_ACCIDENT_INJURY_DATA_3","2026-04-16T07:06:22.000Z","TabM Ⓜ️","3","BIN_TEXT_TRANSPORTATION_OSHA_ACCIDENT_INJURY_DATA","0.508405035775745","no_text","7aa1eeec3fe4cc68f3850fd4d59d1f8525d755a6","15","finished"
"tabm_BIN_TEXT_TRANSPORTATION_OSHA_ACCIDENT_INJURY_DATA_3","2026-04-16T07:06:06.000Z","TabM Ⓜ️","3","BIN_TEXT_TRANSPORTATION_OSHA_ACCIDENT_INJURY_DATA","0.5616157956706821","text_only","7aa1eeec3fe4cc68f3850fd4d59d1f8525d755a6","102","finished"
"tabm_BIN_TEXT_TRANSPORTATION_OSHA_ACCIDENT_INJURY_DATA_3","2026-04-16T07:05:09.000Z","TabM Ⓜ️","3","BIN_TEXT_TRANSPORTATION_OSHA_ACCIDENT_INJURY_DATA","0.5233765057512907","ft","7aa1eeec3fe4cc68f3850fd4d59d1f8525d755a6","319","finished"
"tabm_BIN_TEXT_TRANSPORTATION_OSHA_ACCIDENT_INJURY_DATA_3","2026-04-16T07:04:26.000Z","TabM Ⓜ️","3","BIN_TEXT_TRANSPORTATION_OSHA_ACCIDENT_INJURY_DATA","0.5378679467439543","all","7aa1eeec3fe4cc68f3850fd4d59d1f8525d755a6","114","finished"
"cat_BIN_TEXT_TRANSPORTATION_OSHA_ACCIDENT_INJURY_DATA_3","2026-04-16T07:04:05.000Z","CatBoost 😸","3","BIN_TEXT_TRANSPORTATION_OSHA_ACCIDENT_INJURY_DATA","0.5495607281949099","no_text","7aa1eeec3fe4cc68f3850fd4d59d1f8525d755a6","19","finished"
"cat_BIN_TEXT_TRANSPORTATION_OSHA_ACCIDENT_INJURY_DATA_3","2026-04-16T07:03:23.000Z","CatBoost 😸","3","BIN_TEXT_TRANSPORTATION_OSHA_ACCIDENT_INJURY_DATA","0.5645684267729373","text_only","7aa1eeec3fe4cc68f3850fd4d59d1f8525d755a6","102","finished"
"cat_BIN_TEXT_TRANSPORTATION_OSHA_ACCIDENT_INJURY_DATA_3","2026-04-16T07:02:42.000Z","CatBoost 😸","3","BIN_TEXT_TRANSPORTATION_OSHA_ACCIDENT_INJURY_DATA","0.5714880898469341","ft","7aa1eeec3fe4cc68f3850fd4d59d1f8525d755a6","331","finished"
"cat_BIN_TEXT_TRANSPORTATION_OSHA_ACCIDENT_INJURY_DATA_3","2026-04-16T07:02:03.000Z","CatBoost 😸","3","BIN_TEXT_TRANSPORTATION_OSHA_ACCIDENT_INJURY_DATA","0.5852006158862422","all","7aa1eeec3fe4cc68f3850fd4d59d1f8525d755a6","116","finished"
"light_BIN_TEXT_TRANSPORTATION_OSHA_ACCIDENT_INJURY_DATA_3","2026-04-16T07:01:46.000Z","LightGBM 💡","3","BIN_TEXT_TRANSPORTATION_OSHA_ACCIDENT_INJURY_DATA","0.5549859614165384","no_text","7aa1eeec3fe4cc68f3850fd4d59d1f8525d755a6","13","finished"
"light_BIN_TEXT_TRANSPORTATION_OSHA_ACCIDENT_INJURY_DATA_3","2026-04-16T07:00:56.000Z","LightGBM 💡","3","BIN_TEXT_TRANSPORTATION_OSHA_ACCIDENT_INJURY_DATA","0.5610542523322163","text_only","7aa1eeec3fe4cc68f3850fd4d59d1f8525d755a6","100","finished"
"light_BIN_TEXT_TRANSPORTATION_OSHA_ACCIDENT_INJURY_DATA_3","2026-04-16T07:00:45.000Z","LightGBM 💡","3","BIN_TEXT_TRANSPORTATION_OSHA_ACCIDENT_INJURY_DATA","0.5725387193189022","ft","7aa1eeec3fe4cc68f3850fd4d59d1f8525d755a6","315","finished"
"light_BIN_TEXT_TRANSPORTATION_OSHA_ACCIDENT_INJURY_DATA_3","2026-04-16T06:59:49.000Z","LightGBM 💡","3","BIN_TEXT_TRANSPORTATION_OSHA_ACCIDENT_INJURY_DATA","0.565220541617607","all","7aa1eeec3fe4cc68f3850fd4d59d1f8525d755a6","112","finished"
"tabpfnv2_BIN_TEXT_TRANSPORTATION_OSHA_ACCIDENT_INJURY_DATA_2","2026-04-16T06:59:27.000Z","TabPFN-v2 🤯","2","BIN_TEXT_TRANSPORTATION_OSHA_ACCIDENT_INJURY_DATA","0.624082963499683","no_text","7aa1eeec3fe4cc68f3850fd4d59d1f8525d755a6","14","finished"
"tabpfnv2_BIN_TEXT_TRANSPORTATION_OSHA_ACCIDENT_INJURY_DATA_2","2026-04-16T06:59:00.000Z","TabPFN-v2 🤯","2","BIN_TEXT_TRANSPORTATION_OSHA_ACCIDENT_INJURY_DATA","0.5561724481478127","text_only","7aa1eeec3fe4cc68f3850fd4d59d1f8525d755a6","112","finished"
"tabpfnv2_BIN_TEXT_TRANSPORTATION_OSHA_ACCIDENT_INJURY_DATA_2","2026-04-16T06:58:43.000Z","TabPFN-v2 🤯","2","BIN_TEXT_TRANSPORTATION_OSHA_ACCIDENT_INJURY_DATA","0.5992301421972648","ft","7aa1eeec3fe4cc68f3850fd4d59d1f8525d755a6","581","finished"
"tabpfnv2_BIN_TEXT_TRANSPORTATION_OSHA_ACCIDENT_INJURY_DATA_2","2026-04-16T06:56:47.000Z","TabPFN-v2 🤯","2","BIN_TEXT_TRANSPORTATION_OSHA_ACCIDENT_INJURY_DATA","0.5967303686260302","all","7aa1eeec3fe4cc68f3850fd4d59d1f8525d755a6","112","finished"
"tabpfnv2p5_BIN_TEXT_TRANSPORTATION_OSHA_ACCIDENT_INJURY_DATA_2","2026-04-16T06:56:25.000Z","TabPFN-v2p5 🇩🇪","2","BIN_TEXT_TRANSPORTATION_OSHA_ACCIDENT_INJURY_DATA","0.6232949913957069","no_text","7aa1eeec3fe4cc68f3850fd4d59d1f8525d755a6","16","finished"
"tabpfnv2p5_BIN_TEXT_TRANSPORTATION_OSHA_ACCIDENT_INJURY_DATA_2","2026-04-16T06:54:34.000Z","TabPFN-v2p5 🇩🇪","2","BIN_TEXT_TRANSPORTATION_OSHA_ACCIDENT_INJURY_DATA","0.5664975998550856","text_only","7aa1eeec3fe4cc68f3850fd4d59d1f8525d755a6","107","finished"
"tabpfnv2p5_BIN_TEXT_TRANSPORTATION_OSHA_ACCIDENT_INJURY_DATA_2","2026-04-16T06:53:35.000Z","TabPFN-v2p5 🇩🇪","2","BIN_TEXT_TRANSPORTATION_OSHA_ACCIDENT_INJURY_DATA","0.6088397790055249","ft","7aa1eeec3fe4cc68f3850fd4d59d1f8525d755a6","580","finished"
"tabpfnv2p5_BIN_TEXT_TRANSPORTATION_OSHA_ACCIDENT_INJURY_DATA_2","2026-04-16T06:52:43.000Z","TabPFN-v2p5 🇩🇪","2","BIN_TEXT_TRANSPORTATION_OSHA_ACCIDENT_INJURY_DATA","0.6161851281586812","all","7aa1eeec3fe4cc68f3850fd4d59d1f8525d755a6","108","finished"
"tabm_BIN_TEXT_TRANSPORTATION_OSHA_ACCIDENT_INJURY_DATA_2","2026-04-16T06:52:22.000Z","TabM Ⓜ️","2","BIN_TEXT_TRANSPORTATION_OSHA_ACCIDENT_INJURY_DATA","0.5813603840231863","no_text","7aa1eeec3fe4cc68f3850fd4d59d1f8525d755a6","15","finished"
"tabm_BIN_TEXT_TRANSPORTATION_OSHA_ACCIDENT_INJURY_DATA_2","2026-04-16T06:50:36.000Z","TabM Ⓜ️","2","BIN_TEXT_TRANSPORTATION_OSHA_ACCIDENT_INJURY_DATA","0.5684811158409564","text_only","7aa1eeec3fe4cc68f3850fd4d59d1f8525d755a6","101","finished"
"tabm_BIN_TEXT_TRANSPORTATION_OSHA_ACCIDENT_INJURY_DATA_2","2026-04-16T06:50:09.000Z","TabM Ⓜ️","2","BIN_TEXT_TRANSPORTATION_OSHA_ACCIDENT_INJURY_DATA","0.5962503396431482","ft","7aa1eeec3fe4cc68f3850fd4d59d1f8525d755a6","528","finished"
"tabm_BIN_TEXT_TRANSPORTATION_OSHA_ACCIDENT_INJURY_DATA_2","2026-04-16T06:48:50.000Z","TabM Ⓜ️","2","BIN_TEXT_TRANSPORTATION_OSHA_ACCIDENT_INJURY_DATA","0.5997645140838692","all","7aa1eeec3fe4cc68f3850fd4d59d1f8525d755a6","101","finished"
"cat_BIN_TEXT_TRANSPORTATION_OSHA_ACCIDENT_INJURY_DATA_2","2026-04-16T06:48:23.000Z","CatBoost 😸","2","BIN_TEXT_TRANSPORTATION_OSHA_ACCIDENT_INJURY_DATA","0.6124082963499683","no_text","7aa1eeec3fe4cc68f3850fd4d59d1f8525d755a6","21","finished"
"cat_BIN_TEXT_TRANSPORTATION_OSHA_ACCIDENT_INJURY_DATA_2","2026-04-16T06:48:18.000Z","CatBoost 😸","2","BIN_TEXT_TRANSPORTATION_OSHA_ACCIDENT_INJURY_DATA","0.5825921565075627","text_only","7aa1eeec3fe4cc68f3850fd4d59d1f8525d755a6","104","finished"
"cat_BIN_TEXT_TRANSPORTATION_OSHA_ACCIDENT_INJURY_DATA_2","2026-04-16T06:47:59.000Z","CatBoost 😸","2","BIN_TEXT_TRANSPORTATION_OSHA_ACCIDENT_INJURY_DATA","0.5956163390997193","ft","7aa1eeec3fe4cc68f3850fd4d59d1f8525d755a6","684","finished"
"cat_BIN_TEXT_TRANSPORTATION_OSHA_ACCIDENT_INJURY_DATA_2","2026-04-16T06:46:22.000Z","CatBoost 😸","2","BIN_TEXT_TRANSPORTATION_OSHA_ACCIDENT_INJURY_DATA","0.610741780635812","all","7aa1eeec3fe4cc68f3850fd4d59d1f8525d755a6","116","finished"
"light_BIN_TEXT_TRANSPORTATION_OSHA_ACCIDENT_INJURY_DATA_2","2026-04-16T06:46:06.000Z","LightGBM 💡","2","BIN_TEXT_TRANSPORTATION_OSHA_ACCIDENT_INJURY_DATA","0.577991123992392","no_text","7aa1eeec3fe4cc68f3850fd4d59d1f8525d755a6","13","finished"
"light_BIN_TEXT_TRANSPORTATION_OSHA_ACCIDENT_INJURY_DATA_2","2026-04-16T06:46:02.000Z","LightGBM 💡","2","BIN_TEXT_TRANSPORTATION_OSHA_ACCIDENT_INJURY_DATA","0.5535187030160312","text_only","7aa1eeec3fe4cc68f3850fd4d59d1f8525d755a6","112","finished"
"light_BIN_TEXT_TRANSPORTATION_OSHA_ACCIDENT_INJURY_DATA_2","2026-04-16T06:44:44.000Z","LightGBM 💡","2","BIN_TEXT_TRANSPORTATION_OSHA_ACCIDENT_INJURY_DATA","0.5801829544425324","ft","7aa1eeec3fe4cc68f3850fd4d59d1f8525d755a6","526","finished"
"light_BIN_TEXT_TRANSPORTATION_OSHA_ACCIDENT_INJURY_DATA_2","2026-04-16T06:44:20.000Z","LightGBM 💡","2","BIN_TEXT_TRANSPORTATION_OSHA_ACCIDENT_INJURY_DATA","0.5622860248165927","all","7aa1eeec3fe4cc68f3850fd4d59d1f8525d755a6","100","finished"
"tabpfnv2_BIN_TEXT_TRANSPORTATION_OSHA_ACCIDENT_INJURY_DATA_1","2026-04-16T06:43:58.000Z","TabPFN-v2 🤯","1","BIN_TEXT_TRANSPORTATION_OSHA_ACCIDENT_INJURY_DATA","0.5537270174803007","no_text","7aa1eeec3fe4cc68f3850fd4d59d1f8525d755a6","15","finished"
"tabpfnv2_BIN_TEXT_TRANSPORTATION_OSHA_ACCIDENT_INJURY_DATA_1","2026-04-16T06:42:48.000Z","TabPFN-v2 🤯","1","BIN_TEXT_TRANSPORTATION_OSHA_ACCIDENT_INJURY_DATA","0.574848292727108","text_only","7aa1eeec3fe4cc68f3850fd4d59d1f8525d755a6","111","finished"
"tabpfnv2_BIN_TEXT_TRANSPORTATION_OSHA_ACCIDENT_INJURY_DATA_1","2026-04-16T06:41:22.000Z","TabPFN-v2 🤯","1","BIN_TEXT_TRANSPORTATION_OSHA_ACCIDENT_INJURY_DATA","0.5864323883706186","ft","7aa1eeec3fe4cc68f3850fd4d59d1f8525d755a6","412","finished"
"tabpfnv2_BIN_TEXT_TRANSPORTATION_OSHA_ACCIDENT_INJURY_DATA_1","2026-04-16T06:40:52.000Z","TabPFN-v2 🤯","1","BIN_TEXT_TRANSPORTATION_OSHA_ACCIDENT_INJURY_DATA","0.5828366995743139","all","7aa1eeec3fe4cc68f3850fd4d59d1f8525d755a6","112","finished"
"tabpfnv2p5_BIN_TEXT_TRANSPORTATION_OSHA_ACCIDENT_INJURY_DATA_1","2026-04-16T06:40:29.000Z","TabPFN-v2p5 🇩🇪","1","BIN_TEXT_TRANSPORTATION_OSHA_ACCIDENT_INJURY_DATA","0.5666787428674939","no_text","7aa1eeec3fe4cc68f3850fd4d59d1f8525d755a6","16","finished"
"tabpfnv2p5_BIN_TEXT_TRANSPORTATION_OSHA_ACCIDENT_INJURY_DATA_1","2026-04-16T06:38:33.000Z","TabPFN-v2p5 🇩🇪","1","BIN_TEXT_TRANSPORTATION_OSHA_ACCIDENT_INJURY_DATA","0.5712073181777013","text_only","7aa1eeec3fe4cc68f3850fd4d59d1f8525d755a6","109","finished"
"tabpfnv2p5_BIN_TEXT_TRANSPORTATION_OSHA_ACCIDENT_INJURY_DATA_1","2026-04-16T06:37:12.000Z","TabPFN-v2p5 🇩🇪","1","BIN_TEXT_TRANSPORTATION_OSHA_ACCIDENT_INJURY_DATA","0.5887510189294447","ft","7aa1eeec3fe4cc68f3850fd4d59d1f8525d755a6","523","finished"
"tabpfnv2p5_BIN_TEXT_TRANSPORTATION_OSHA_ACCIDENT_INJURY_DATA_1","2026-04-16T06:36:37.000Z","TabPFN-v2p5 🇩🇪","1","BIN_TEXT_TRANSPORTATION_OSHA_ACCIDENT_INJURY_DATA","0.5917851643872837","all","7aa1eeec3fe4cc68f3850fd4d59d1f8525d755a6","110","finished"
"tabm_BIN_TEXT_TRANSPORTATION_OSHA_ACCIDENT_INJURY_DATA_1","2026-04-16T06:36:16.000Z","TabM Ⓜ️","1","BIN_TEXT_TRANSPORTATION_OSHA_ACCIDENT_INJURY_DATA","0.5405579204782175","no_text","7aa1eeec3fe4cc68f3850fd4d59d1f8525d755a6","16","finished"
"tabm_BIN_TEXT_TRANSPORTATION_OSHA_ACCIDENT_INJURY_DATA_1","2026-04-16T06:35:11.000Z","TabM Ⓜ️","1","BIN_TEXT_TRANSPORTATION_OSHA_ACCIDENT_INJURY_DATA","0.5789874105606376","text_only","7aa1eeec3fe4cc68f3850fd4d59d1f8525d755a6","114","finished"
"tabm_BIN_TEXT_TRANSPORTATION_OSHA_ACCIDENT_INJURY_DATA_1","2026-04-16T06:29:01.000Z","TabM Ⓜ️","1","BIN_TEXT_TRANSPORTATION_OSHA_ACCIDENT_INJURY_DATA","0.6329680282583099","ft","7aa1eeec3fe4cc68f3850fd4d59d1f8525d755a6","735","finished"
"tabm_BIN_TEXT_TRANSPORTATION_OSHA_ACCIDENT_INJURY_DATA_1","2026-04-16T06:27:15.000Z","TabM Ⓜ️","1","BIN_TEXT_TRANSPORTATION_OSHA_ACCIDENT_INJURY_DATA","0.5776650665700571","all","7aa1eeec3fe4cc68f3850fd4d59d1f8525d755a6","103","finished"
"cat_BIN_TEXT_TRANSPORTATION_OSHA_ACCIDENT_INJURY_DATA_1","2026-04-16T06:26:54.000Z","CatBoost 😸","1","BIN_TEXT_TRANSPORTATION_OSHA_ACCIDENT_INJURY_DATA","0.5700932886513903","no_text","7aa1eeec3fe4cc68f3850fd4d59d1f8525d755a6","19","finished"
"cat_BIN_TEXT_TRANSPORTATION_OSHA_ACCIDENT_INJURY_DATA_1","2026-04-16T06:25:08.000Z","CatBoost 😸","1","BIN_TEXT_TRANSPORTATION_OSHA_ACCIDENT_INJURY_DATA","0.5767050086042931","text_only","7aa1eeec3fe4cc68f3850fd4d59d1f8525d755a6","103","finished"
"cat_BIN_TEXT_TRANSPORTATION_OSHA_ACCIDENT_INJURY_DATA_1","2026-04-16T06:23:50.000Z","CatBoost 😸","1","BIN_TEXT_TRANSPORTATION_OSHA_ACCIDENT_INJURY_DATA","0.5712344896295625","ft","7aa1eeec3fe4cc68f3850fd4d59d1f8525d755a6","741","finished"
"cat_BIN_TEXT_TRANSPORTATION_OSHA_ACCIDENT_INJURY_DATA_1","2026-04-16T06:23:11.000Z","CatBoost 😸","1","BIN_TEXT_TRANSPORTATION_OSHA_ACCIDENT_INJURY_DATA","0.584168100715515","all","7aa1eeec3fe4cc68f3850fd4d59d1f8525d755a6","110","finished"
"light_BIN_TEXT_TRANSPORTATION_OSHA_ACCIDENT_INJURY_DATA_1","2026-04-16T06:22:49.000Z","LightGBM 💡","1","BIN_TEXT_TRANSPORTATION_OSHA_ACCIDENT_INJURY_DATA","0.547314554841047","no_text","7aa1eeec3fe4cc68f3850fd4d59d1f8525d755a6","15","finished"
"light_BIN_TEXT_TRANSPORTATION_OSHA_ACCIDENT_INJURY_DATA_1","2026-04-16T06:21:04.000Z","LightGBM 💡","1","BIN_TEXT_TRANSPORTATION_OSHA_ACCIDENT_INJURY_DATA","0.5906711348609728","text_only","7aa1eeec3fe4cc68f3850fd4d59d1f8525d755a6","100","finished"
"light_BIN_TEXT_TRANSPORTATION_OSHA_ACCIDENT_INJURY_DATA_1","2026-04-16T06:20:13.000Z","LightGBM 💡","1","BIN_TEXT_TRANSPORTATION_OSHA_ACCIDENT_INJURY_DATA","0.5910515351870302","ft","7aa1eeec3fe4cc68f3850fd4d59d1f8525d755a6","890","finished"
"light_BIN_TEXT_TRANSPORTATION_OSHA_ACCIDENT_INJURY_DATA_1","2026-04-16T06:19:18.000Z","LightGBM 💡","1","BIN_TEXT_TRANSPORTATION_OSHA_ACCIDENT_INJURY_DATA","0.558536364459741","all","7aa1eeec3fe4cc68f3850fd4d59d1f8525d755a6","100","finished"
"tabpfnv2_BIN_TEXT_TRANSPORTATION_OSHA_ACCIDENT_INJURY_DATA_0","2026-04-16T06:18:57.000Z","TabPFN-v2 🤯","0","BIN_TEXT_TRANSPORTATION_OSHA_ACCIDENT_INJURY_DATA","0.6042025178878725","no_text","7aa1eeec3fe4cc68f3850fd4d59d1f8525d755a6","15","finished"
"tabpfnv2_BIN_TEXT_TRANSPORTATION_OSHA_ACCIDENT_INJURY_DATA_0","2026-04-16T06:17:56.000Z","TabPFN-v2 🤯","0","BIN_TEXT_TRANSPORTATION_OSHA_ACCIDENT_INJURY_DATA","0.572094918938502","text_only","7aa1eeec3fe4cc68f3850fd4d59d1f8525d755a6","130","finished"
"tabpfnv2_BIN_TEXT_TRANSPORTATION_OSHA_ACCIDENT_INJURY_DATA_0","2026-04-16T06:15:56.000Z","TabPFN-v2 🤯","0","BIN_TEXT_TRANSPORTATION_OSHA_ACCIDENT_INJURY_DATA","0.5985417987501133","ft","7aa1eeec3fe4cc68f3850fd4d59d1f8525d755a6","467","finished"
"tabpfnv2_BIN_TEXT_TRANSPORTATION_OSHA_ACCIDENT_INJURY_DATA_0","2026-04-16T06:15:40.000Z","TabPFN-v2 🤯","0","BIN_TEXT_TRANSPORTATION_OSHA_ACCIDENT_INJURY_DATA","0.5970835975002264","all","7aa1eeec3fe4cc68f3850fd4d59d1f8525d755a6","131","finished"
"tabpfnv2p5_BIN_TEXT_TRANSPORTATION_OSHA_ACCIDENT_INJURY_DATA_0","2026-04-16T06:15:17.000Z","TabPFN-v2p5 🇩🇪","0","BIN_TEXT_TRANSPORTATION_OSHA_ACCIDENT_INJURY_DATA","0.6015759442079522","no_text","7aa1eeec3fe4cc68f3850fd4d59d1f8525d755a6","16","finished"
"tabpfnv2p5_BIN_TEXT_TRANSPORTATION_OSHA_ACCIDENT_INJURY_DATA_0","2026-04-16T06:13:06.000Z","TabPFN-v2p5 🇩🇪","0","BIN_TEXT_TRANSPORTATION_OSHA_ACCIDENT_INJURY_DATA","0.5679648582555928","text_only","7aa1eeec3fe4cc68f3850fd4d59d1f8525d755a6","124","finished"
"tabpfnv2p5_BIN_TEXT_TRANSPORTATION_OSHA_ACCIDENT_INJURY_DATA_0","2026-04-16T06:11:09.000Z","TabPFN-v2p5 🇩🇪","0","BIN_TEXT_TRANSPORTATION_OSHA_ACCIDENT_INJURY_DATA","0.60196540168463","ft","7aa1eeec3fe4cc68f3850fd4d59d1f8525d755a6","464","finished"
"tabpfnv2p5_BIN_TEXT_TRANSPORTATION_OSHA_ACCIDENT_INJURY_DATA_0","2026-04-16T06:10:54.000Z","TabPFN-v2p5 🇩🇪","0","BIN_TEXT_TRANSPORTATION_OSHA_ACCIDENT_INJURY_DATA","0.6091748935784802","all","7aa1eeec3fe4cc68f3850fd4d59d1f8525d755a6","125","finished"
"tabm_BIN_TEXT_TRANSPORTATION_OSHA_ACCIDENT_INJURY_DATA_0","2026-04-16T06:10:48.000Z","TabM Ⓜ️","0","BIN_TEXT_TRANSPORTATION_OSHA_ACCIDENT_INJURY_DATA","0.570872203604746","no_text","7aa1eeec3fe4cc68f3850fd4d59d1f8525d755a6","17","finished"
"tabm_BIN_TEXT_TRANSPORTATION_OSHA_ACCIDENT_INJURY_DATA_0","2026-04-16T06:08:53.000Z","TabM Ⓜ️","0","BIN_TEXT_TRANSPORTATION_OSHA_ACCIDENT_INJURY_DATA","0.5687709446608097","text_only","7aa1eeec3fe4cc68f3850fd4d59d1f8525d755a6","114","finished"
"tabm_BIN_TEXT_TRANSPORTATION_OSHA_ACCIDENT_INJURY_DATA_0","2026-04-16T06:08:45.000Z","TabM Ⓜ️","0","BIN_TEXT_TRANSPORTATION_OSHA_ACCIDENT_INJURY_DATA","0.5854179875011322","ft","7aa1eeec3fe4cc68f3850fd4d59d1f8525d755a6","425","finished"
"tabm_BIN_TEXT_TRANSPORTATION_OSHA_ACCIDENT_INJURY_DATA_0","2026-04-16T06:06:52.000Z","TabM Ⓜ️","0","BIN_TEXT_TRANSPORTATION_OSHA_ACCIDENT_INJURY_DATA","0.5947287383389186","all","7aa1eeec3fe4cc68f3850fd4d59d1f8525d755a6","114","finished"
"cat_BIN_TEXT_TRANSPORTATION_OSHA_ACCIDENT_INJURY_DATA_0","2026-04-16T06:06:30.000Z","CatBoost 😸","0","BIN_TEXT_TRANSPORTATION_OSHA_ACCIDENT_INJURY_DATA","0.595543881894756","no_text","7aa1eeec3fe4cc68f3850fd4d59d1f8525d755a6","17","finished"
"cat_BIN_TEXT_TRANSPORTATION_OSHA_ACCIDENT_INJURY_DATA_0","2026-04-16T06:04:34.000Z","CatBoost 😸","0","BIN_TEXT_TRANSPORTATION_OSHA_ACCIDENT_INJURY_DATA","0.5300787972103976","text_only","7aa1eeec3fe4cc68f3850fd4d59d1f8525d755a6","113","finished"
"cat_BIN_TEXT_TRANSPORTATION_OSHA_ACCIDENT_INJURY_DATA_0","2026-04-16T06:03:37.000Z","CatBoost 😸","0","BIN_TEXT_TRANSPORTATION_OSHA_ACCIDENT_INJURY_DATA","0.5841862150167557","ft","7aa1eeec3fe4cc68f3850fd4d59d1f8525d755a6","427","finished"
"cat_BIN_TEXT_TRANSPORTATION_OSHA_ACCIDENT_INJURY_DATA_0","2026-04-16T06:02:33.000Z","CatBoost 😸","0","BIN_TEXT_TRANSPORTATION_OSHA_ACCIDENT_INJURY_DATA","0.5979168553573047","all","7aa1eeec3fe4cc68f3850fd4d59d1f8525d755a6","115","finished"
"light_BIN_TEXT_TRANSPORTATION_OSHA_ACCIDENT_INJURY_DATA_0","2026-04-16T06:02:17.000Z","LightGBM 💡","0","BIN_TEXT_TRANSPORTATION_OSHA_ACCIDENT_INJURY_DATA","0.569495516710443","no_text","7aa1eeec3fe4cc68f3850fd4d59d1f8525d755a6","13","finished"
"light_BIN_TEXT_TRANSPORTATION_OSHA_ACCIDENT_INJURY_DATA_0","2026-04-16T06:00:21.000Z","LightGBM 💡","0","BIN_TEXT_TRANSPORTATION_OSHA_ACCIDENT_INJURY_DATA","0.5424508649578843","text_only","7aa1eeec3fe4cc68f3850fd4d59d1f8525d755a6","113","finished"
"light_BIN_TEXT_TRANSPORTATION_OSHA_ACCIDENT_INJURY_DATA_0","2026-04-16T05:56:32.000Z","LightGBM 💡","0","BIN_TEXT_TRANSPORTATION_OSHA_ACCIDENT_INJURY_DATA","0.5750747214926184","ft","7aa1eeec3fe4cc68f3850fd4d59d1f8525d755a6","420","finished"
"light_BIN_TEXT_TRANSPORTATION_OSHA_ACCIDENT_INJURY_DATA_0","2026-04-16T05:54:47.000Z","LightGBM 💡","0","BIN_TEXT_TRANSPORTATION_OSHA_ACCIDENT_INJURY_DATA","0.5764876369894031","all","7aa1eeec3fe4cc68f3850fd4d59d1f8525d755a6","99","finished"
"tabpfnv2_BIN_TEXT_FINANCIAL_CONSUMER_COMPLAINT_4","2026-04-16T05:53:53.000Z","TabPFN-v2 🤯","4","BIN_TEXT_FINANCIAL_CONSUMER_COMPLAINT","0.865480054895311","no_text","7aa1eeec3fe4cc68f3850fd4d59d1f8525d755a6","48","finished"
"tabpfnv2_BIN_TEXT_FINANCIAL_CONSUMER_COMPLAINT_4","2026-04-16T05:46:37.000Z","TabPFN-v2 🤯","4","BIN_TEXT_FINANCIAL_CONSUMER_COMPLAINT","0.8958788082866581","text_only","7aa1eeec3fe4cc68f3850fd4d59d1f8525d755a6","430","finished"
"tabpfnv2_BIN_TEXT_FINANCIAL_CONSUMER_COMPLAINT_4","2026-04-16T05:40:22.000Z","TabPFN-v2 🤯","4","BIN_TEXT_FINANCIAL_CONSUMER_COMPLAINT","0.9117511772879968","ft","7aa1eeec3fe4cc68f3850fd4d59d1f8525d755a6","4815","finished"
"tabpfnv2_BIN_TEXT_FINANCIAL_CONSUMER_COMPLAINT_4","2026-04-16T05:38:55.000Z","TabPFN-v2 🤯","4","BIN_TEXT_FINANCIAL_CONSUMER_COMPLAINT","0.9139929216210604","all","7aa1eeec3fe4cc68f3850fd4d59d1f8525d755a6","457","finished"
"tabpfnv2p5_BIN_TEXT_FINANCIAL_CONSUMER_COMPLAINT_4","2026-04-16T05:38:02.000Z","TabPFN-v2p5 🇩🇪","4","BIN_TEXT_FINANCIAL_CONSUMER_COMPLAINT","0.8631921360743732","no_text","7aa1eeec3fe4cc68f3850fd4d59d1f8525d755a6","49","finished"
"tabpfnv2p5_BIN_TEXT_FINANCIAL_CONSUMER_COMPLAINT_4","2026-04-16T05:30:57.000Z","TabPFN-v2p5 🇩🇪","4","BIN_TEXT_FINANCIAL_CONSUMER_COMPLAINT","0.9186886694153246","text_only","7aa1eeec3fe4cc68f3850fd4d59d1f8525d755a6","419","finished"
"tabpfnv2p5_BIN_TEXT_FINANCIAL_CONSUMER_COMPLAINT_4","2026-04-16T05:24:05.000Z","TabPFN-v2p5 🇩🇪","4","BIN_TEXT_FINANCIAL_CONSUMER_COMPLAINT","0.9251887904179086","ft","7aa1eeec3fe4cc68f3850fd4d59d1f8525d755a6","4790","finished"
"tabpfnv2p5_BIN_TEXT_FINANCIAL_CONSUMER_COMPLAINT_4","2026-04-16T05:23:51.000Z","TabPFN-v2p5 🇩🇪","4","BIN_TEXT_FINANCIAL_CONSUMER_COMPLAINT","0.9278222811638466","all","7aa1eeec3fe4cc68f3850fd4d59d1f8525d755a6","422","finished"
"tabm_BIN_TEXT_FINANCIAL_CONSUMER_COMPLAINT_4","2026-04-16T05:22:58.000Z","TabM Ⓜ️","4","BIN_TEXT_FINANCIAL_CONSUMER_COMPLAINT","0.7172307748703359","no_text","7aa1eeec3fe4cc68f3850fd4d59d1f8525d755a6","50","finished"
"tabm_BIN_TEXT_FINANCIAL_CONSUMER_COMPLAINT_4","2026-04-16T05:17:36.000Z","TabM Ⓜ️","4","BIN_TEXT_FINANCIAL_CONSUMER_COMPLAINT","0.8792994709038733","text_only","7aa1eeec3fe4cc68f3850fd4d59d1f8525d755a6","384","finished"
"tabm_BIN_TEXT_FINANCIAL_CONSUMER_COMPLAINT_4","2026-04-16T04:43:01.000Z","TabM Ⓜ️","4","BIN_TEXT_FINANCIAL_CONSUMER_COMPLAINT","0.9087391454472508","ft","7aa1eeec3fe4cc68f3850fd4d59d1f8525d755a6","5139","finished"
"tabm_BIN_TEXT_FINANCIAL_CONSUMER_COMPLAINT_4","2026-04-16T04:36:27.000Z","TabM Ⓜ️","4","BIN_TEXT_FINANCIAL_CONSUMER_COMPLAINT","0.9076497020884317","all","7aa1eeec3fe4cc68f3850fd4d59d1f8525d755a6","387","finished"
"cat_BIN_TEXT_FINANCIAL_CONSUMER_COMPLAINT_4","2026-04-16T04:35:18.000Z","CatBoost 😸","4","BIN_TEXT_FINANCIAL_CONSUMER_COMPLAINT","0.8640347653185237","no_text","7aa1eeec3fe4cc68f3850fd4d59d1f8525d755a6","63","finished"
"cat_BIN_TEXT_FINANCIAL_CONSUMER_COMPLAINT_4","2026-04-16T04:28:44.000Z","CatBoost 😸","4","BIN_TEXT_FINANCIAL_CONSUMER_COMPLAINT","0.8885305139733715","text_only","7aa1eeec3fe4cc68f3850fd4d59d1f8525d755a6","392","finished"
"cat_BIN_TEXT_FINANCIAL_CONSUMER_COMPLAINT_4","2026-04-16T04:14:42.000Z","CatBoost 😸","4","BIN_TEXT_FINANCIAL_CONSUMER_COMPLAINT","0.9102168495794556","ft","7aa1eeec3fe4cc68f3850fd4d59d1f8525d755a6","5136","finished"
"cat_BIN_TEXT_FINANCIAL_CONSUMER_COMPLAINT_4","2026-04-16T04:07:37.000Z","CatBoost 😸","4","BIN_TEXT_FINANCIAL_CONSUMER_COMPLAINT","0.9123647206039948","all","7aa1eeec3fe4cc68f3850fd4d59d1f8525d755a6","418","finished"
"light_BIN_TEXT_FINANCIAL_CONSUMER_COMPLAINT_4","2026-04-16T04:06:44.000Z","LightGBM 💡","4","BIN_TEXT_FINANCIAL_CONSUMER_COMPLAINT","0.8410687518211587","no_text","7aa1eeec3fe4cc68f3850fd4d59d1f8525d755a6","48","finished"
"light_BIN_TEXT_FINANCIAL_CONSUMER_COMPLAINT_4","2026-04-16T04:00:20.000Z","LightGBM 💡","4","BIN_TEXT_FINANCIAL_CONSUMER_COMPLAINT","0.8468380432869155","text_only","7aa1eeec3fe4cc68f3850fd4d59d1f8525d755a6","381","finished"
"light_BIN_TEXT_FINANCIAL_CONSUMER_COMPLAINT_4","2026-04-16T03:57:23.000Z","LightGBM 💡","4","BIN_TEXT_FINANCIAL_CONSUMER_COMPLAINT","0.9055633534686958","ft","7aa1eeec3fe4cc68f3850fd4d59d1f8525d755a6","5131","finished"
"light_BIN_TEXT_FINANCIAL_CONSUMER_COMPLAINT_4","2026-04-16T03:53:52.000Z","LightGBM 💡","4","BIN_TEXT_FINANCIAL_CONSUMER_COMPLAINT","0.8632382628842439","all","7aa1eeec3fe4cc68f3850fd4d59d1f8525d755a6","382","finished"
"tabpfnv2_BIN_TEXT_FINANCIAL_CONSUMER_COMPLAINT_3","2026-04-16T03:52:58.000Z","TabPFN-v2 🤯","3","BIN_TEXT_FINANCIAL_CONSUMER_COMPLAINT","0.848932356647922","no_text","7aa1eeec3fe4cc68f3850fd4d59d1f8525d755a6","50","finished"
"tabpfnv2_BIN_TEXT_FINANCIAL_CONSUMER_COMPLAINT_3","2026-04-16T03:50:08.000Z","TabPFN-v2 🤯","3","BIN_TEXT_FINANCIAL_CONSUMER_COMPLAINT","0.8960205673489101","text_only","7aa1eeec3fe4cc68f3850fd4d59d1f8525d755a6","433","finished"
"tabpfnv2_BIN_TEXT_FINANCIAL_CONSUMER_COMPLAINT_3","2026-04-16T03:50:06.000Z","TabPFN-v2 🤯","3","BIN_TEXT_FINANCIAL_CONSUMER_COMPLAINT","0.904177151538014","ft","7aa1eeec3fe4cc68f3850fd4d59d1f8525d755a6","5242","finished"
"tabpfnv2_BIN_TEXT_FINANCIAL_CONSUMER_COMPLAINT_3","2026-04-16T03:45:32.000Z","TabPFN-v2 🤯","3","BIN_TEXT_FINANCIAL_CONSUMER_COMPLAINT","0.9006160818286839","all","7aa1eeec3fe4cc68f3850fd4d59d1f8525d755a6","439","finished"
"tabpfnv2p5_BIN_TEXT_FINANCIAL_CONSUMER_COMPLAINT_3","2026-04-16T03:44:39.000Z","TabPFN-v2p5 🇩🇪","3","BIN_TEXT_FINANCIAL_CONSUMER_COMPLAINT","0.8523742626869516","no_text","7aa1eeec3fe4cc68f3850fd4d59d1f8525d755a6","48","finished"
"tabpfnv2p5_BIN_TEXT_FINANCIAL_CONSUMER_COMPLAINT_3","2026-04-16T03:42:55.000Z","TabPFN-v2p5 🇩🇪","3","BIN_TEXT_FINANCIAL_CONSUMER_COMPLAINT","0.9055910755203036","text_only","7aa1eeec3fe4cc68f3850fd4d59d1f8525d755a6","427","finished"
"tabpfnv2p5_BIN_TEXT_FINANCIAL_CONSUMER_COMPLAINT_3","2026-04-16T03:39:04.000Z","TabPFN-v2p5 🇩🇪","3","BIN_TEXT_FINANCIAL_CONSUMER_COMPLAINT","0.910926310090406","ft","7aa1eeec3fe4cc68f3850fd4d59d1f8525d755a6","8469","finished"
"tabpfnv2p5_BIN_TEXT_FINANCIAL_CONSUMER_COMPLAINT_3","2026-04-16T03:35:50.000Z","TabPFN-v2p5 🇩🇪","3","BIN_TEXT_FINANCIAL_CONSUMER_COMPLAINT","0.9151257366259148","all","7aa1eeec3fe4cc68f3850fd4d59d1f8525d755a6","419","finished"
"tabm_BIN_TEXT_FINANCIAL_CONSUMER_COMPLAINT_3","2026-04-16T03:34:51.000Z","TabM Ⓜ️","3","BIN_TEXT_FINANCIAL_CONSUMER_COMPLAINT","0.816913845833473","no_text","7aa1eeec3fe4cc68f3850fd4d59d1f8525d755a6","52","finished"
"tabm_BIN_TEXT_FINANCIAL_CONSUMER_COMPLAINT_3","2026-04-16T03:31:38.000Z","TabM Ⓜ️","3","BIN_TEXT_FINANCIAL_CONSUMER_COMPLAINT","0.8701947849439124","text_only","7aa1eeec3fe4cc68f3850fd4d59d1f8525d755a6","439","finished"
"tabm_BIN_TEXT_FINANCIAL_CONSUMER_COMPLAINT_3","2026-04-16T03:29:15.000Z","TabM Ⓜ️","3","BIN_TEXT_FINANCIAL_CONSUMER_COMPLAINT","0.8888398901656636","ft","7aa1eeec3fe4cc68f3850fd4d59d1f8525d755a6","3565","finished"
"tabm_BIN_TEXT_FINANCIAL_CONSUMER_COMPLAINT_3","2026-04-16T03:24:07.000Z","TabM Ⓜ️","3","BIN_TEXT_FINANCIAL_CONSUMER_COMPLAINT","0.8795867016421393","all","7aa1eeec3fe4cc68f3850fd4d59d1f8525d755a6","444","finished"
"cat_BIN_TEXT_FINANCIAL_CONSUMER_COMPLAINT_3","2026-04-16T03:22:58.000Z","CatBoost 😸","3","BIN_TEXT_FINANCIAL_CONSUMER_COMPLAINT","0.8500381183574902","no_text","7aa1eeec3fe4cc68f3850fd4d59d1f8525d755a6","66","finished"
"cat_BIN_TEXT_FINANCIAL_CONSUMER_COMPLAINT_3","2026-04-16T03:15:16.000Z","CatBoost 😸","3","BIN_TEXT_FINANCIAL_CONSUMER_COMPLAINT","0.874305673303635","text_only","7aa1eeec3fe4cc68f3850fd4d59d1f8525d755a6","458","finished"
"cat_BIN_TEXT_FINANCIAL_CONSUMER_COMPLAINT_3","2026-04-16T02:50:06.000Z","CatBoost 😸","3","BIN_TEXT_FINANCIAL_CONSUMER_COMPLAINT","0.90049106241517","ft","7aa1eeec3fe4cc68f3850fd4d59d1f8525d755a6","3598","finished"
"cat_BIN_TEXT_FINANCIAL_CONSUMER_COMPLAINT_3","2026-04-16T02:43:00.000Z","CatBoost 😸","3","BIN_TEXT_FINANCIAL_CONSUMER_COMPLAINT","0.8969616958850033","all","7aa1eeec3fe4cc68f3850fd4d59d1f8525d755a6","422","finished"
"light_BIN_TEXT_FINANCIAL_CONSUMER_COMPLAINT_3","2026-04-16T02:42:07.000Z","LightGBM 💡","3","BIN_TEXT_FINANCIAL_CONSUMER_COMPLAINT","0.815521398489615","no_text","7aa1eeec3fe4cc68f3850fd4d59d1f8525d755a6","48","finished"
"light_BIN_TEXT_FINANCIAL_CONSUMER_COMPLAINT_3","2026-04-16T02:35:37.000Z","LightGBM 💡","3","BIN_TEXT_FINANCIAL_CONSUMER_COMPLAINT","0.8488537359194488","text_only","7aa1eeec3fe4cc68f3850fd4d59d1f8525d755a6","384","finished"
"light_BIN_TEXT_FINANCIAL_CONSUMER_COMPLAINT_3","2026-04-16T02:29:53.000Z","LightGBM 💡","3","BIN_TEXT_FINANCIAL_CONSUMER_COMPLAINT","0.8776647163068436","ft","7aa1eeec3fe4cc68f3850fd4d59d1f8525d755a6","3557","finished"
"light_BIN_TEXT_FINANCIAL_CONSUMER_COMPLAINT_3","2026-04-16T02:29:08.000Z","LightGBM 💡","3","BIN_TEXT_FINANCIAL_CONSUMER_COMPLAINT","0.8876950188181876","all","7aa1eeec3fe4cc68f3850fd4d59d1f8525d755a6","384","finished"
"tabpfnv2_BIN_TEXT_FINANCIAL_CONSUMER_COMPLAINT_2","2026-04-16T02:29:00.000Z","TabPFN-v2 🤯","2","BIN_TEXT_FINANCIAL_CONSUMER_COMPLAINT","0.8569985468653715","no_text","7aa1eeec3fe4cc68f3850fd4d59d1f8525d755a6","48","finished"
"tabpfnv2_BIN_TEXT_FINANCIAL_CONSUMER_COMPLAINT_2","2026-04-16T02:21:42.000Z","TabPFN-v2 🤯","2","BIN_TEXT_FINANCIAL_CONSUMER_COMPLAINT","0.9037608490652544","text_only","7aa1eeec3fe4cc68f3850fd4d59d1f8525d755a6","440","finished"
"tabpfnv2_BIN_TEXT_FINANCIAL_CONSUMER_COMPLAINT_2","2026-04-16T02:17:15.000Z","TabPFN-v2 🤯","2","BIN_TEXT_FINANCIAL_CONSUMER_COMPLAINT","0.9118429482234878","ft","7aa1eeec3fe4cc68f3850fd4d59d1f8525d755a6","5237","finished"
"tabpfnv2_BIN_TEXT_FINANCIAL_CONSUMER_COMPLAINT_2","2026-04-16T02:14:16.000Z","TabPFN-v2 🤯","2","BIN_TEXT_FINANCIAL_CONSUMER_COMPLAINT","0.9069434198716334","all","7aa1eeec3fe4cc68f3850fd4d59d1f8525d755a6","440","finished"
"tabpfnv2p5_BIN_TEXT_FINANCIAL_CONSUMER_COMPLAINT_2","2026-04-16T02:13:22.000Z","TabPFN-v2p5 🇩🇪","2","BIN_TEXT_FINANCIAL_CONSUMER_COMPLAINT","0.8580567283552187","no_text","7aa1eeec3fe4cc68f3850fd4d59d1f8525d755a6","50","finished"
"tabpfnv2p5_BIN_TEXT_FINANCIAL_CONSUMER_COMPLAINT_2","2026-04-16T02:10:14.000Z","TabPFN-v2p5 🇩🇪","2","BIN_TEXT_FINANCIAL_CONSUMER_COMPLAINT","0.9198277330460822","text_only","7aa1eeec3fe4cc68f3850fd4d59d1f8525d755a6","418","finished"
"tabpfnv2p5_BIN_TEXT_FINANCIAL_CONSUMER_COMPLAINT_2","2026-04-16T02:07:41.000Z","TabPFN-v2p5 🇩🇪","2","BIN_TEXT_FINANCIAL_CONSUMER_COMPLAINT","0.9204113237275912","ft","7aa1eeec3fe4cc68f3850fd4d59d1f8525d755a6","5225","finished"
"tabpfnv2p5_BIN_TEXT_FINANCIAL_CONSUMER_COMPLAINT_2","2026-04-16T02:03:09.000Z","TabPFN-v2p5 🇩🇪","2","BIN_TEXT_FINANCIAL_CONSUMER_COMPLAINT","0.925883886012618","all","7aa1eeec3fe4cc68f3850fd4d59d1f8525d755a6","419","finished"
"tabm_BIN_TEXT_FINANCIAL_CONSUMER_COMPLAINT_2","2026-04-16T02:02:11.000Z","TabM Ⓜ️","2","BIN_TEXT_FINANCIAL_CONSUMER_COMPLAINT","0.8468314334565963","no_text","7aa1eeec3fe4cc68f3850fd4d59d1f8525d755a6","52","finished"
"tabm_BIN_TEXT_FINANCIAL_CONSUMER_COMPLAINT_2","2026-04-16T02:01:13.000Z","TabM Ⓜ️","2","BIN_TEXT_FINANCIAL_CONSUMER_COMPLAINT","0.8686841169583983","text_only","7aa1eeec3fe4cc68f3850fd4d59d1f8525d755a6","383","finished"
"tabm_BIN_TEXT_FINANCIAL_CONSUMER_COMPLAINT_2","2026-04-16T01:56:44.000Z","TabM Ⓜ️","2","BIN_TEXT_FINANCIAL_CONSUMER_COMPLAINT","0.9035254778280208","ft","7aa1eeec3fe4cc68f3850fd4d59d1f8525d755a6","4706","finished"
"tabm_BIN_TEXT_FINANCIAL_CONSUMER_COMPLAINT_2","2026-04-16T01:55:42.000Z","TabM Ⓜ️","2","BIN_TEXT_FINANCIAL_CONSUMER_COMPLAINT","0.8989056006462532","all","7aa1eeec3fe4cc68f3850fd4d59d1f8525d755a6","384","finished"
"cat_BIN_TEXT_FINANCIAL_CONSUMER_COMPLAINT_2","2026-04-16T01:54:33.000Z","CatBoost 😸","2","BIN_TEXT_FINANCIAL_CONSUMER_COMPLAINT","0.8532165885976825","no_text","7aa1eeec3fe4cc68f3850fd4d59d1f8525d755a6","64","finished"
"cat_BIN_TEXT_FINANCIAL_CONSUMER_COMPLAINT_2","2026-04-16T01:47:59.000Z","CatBoost 😸","2","BIN_TEXT_FINANCIAL_CONSUMER_COMPLAINT","0.8951673396752807","text_only","7aa1eeec3fe4cc68f3850fd4d59d1f8525d755a6","388","finished"
"cat_BIN_TEXT_FINANCIAL_CONSUMER_COMPLAINT_2","2026-04-16T01:29:01.000Z","CatBoost 😸","2","BIN_TEXT_FINANCIAL_CONSUMER_COMPLAINT","0.9074636406152864","ft","7aa1eeec3fe4cc68f3850fd4d59d1f8525d755a6","3593","finished"
"cat_BIN_TEXT_FINANCIAL_CONSUMER_COMPLAINT_2","2026-04-16T01:21:56.000Z","CatBoost 😸","2","BIN_TEXT_FINANCIAL_CONSUMER_COMPLAINT","0.910127600572182","all","7aa1eeec3fe4cc68f3850fd4d59d1f8525d755a6","419","finished"
"light_BIN_TEXT_FINANCIAL_CONSUMER_COMPLAINT_2","2026-04-16T01:21:03.000Z","LightGBM 💡","2","BIN_TEXT_FINANCIAL_CONSUMER_COMPLAINT","0.8250915239627723","no_text","7aa1eeec3fe4cc68f3850fd4d59d1f8525d755a6","47","finished"
"light_BIN_TEXT_FINANCIAL_CONSUMER_COMPLAINT_2","2026-04-16T01:14:35.000Z","LightGBM 💡","2","BIN_TEXT_FINANCIAL_CONSUMER_COMPLAINT","0.8885355525901223","text_only","7aa1eeec3fe4cc68f3850fd4d59d1f8525d755a6","383","finished"
"light_BIN_TEXT_FINANCIAL_CONSUMER_COMPLAINT_2","2026-04-16T01:13:57.000Z","LightGBM 💡","2","BIN_TEXT_FINANCIAL_CONSUMER_COMPLAINT","0.895120469025021","ft","7aa1eeec3fe4cc68f3850fd4d59d1f8525d755a6","3559","finished"
"light_BIN_TEXT_FINANCIAL_CONSUMER_COMPLAINT_2","2026-04-16T01:08:06.000Z","LightGBM 💡","2","BIN_TEXT_FINANCIAL_CONSUMER_COMPLAINT","0.8977865883399696","all","7aa1eeec3fe4cc68f3850fd4d59d1f8525d755a6","384","finished"
"tabpfnv2_BIN_TEXT_FINANCIAL_CONSUMER_COMPLAINT_1","2026-04-16T01:07:13.000Z","TabPFN-v2 🤯","1","BIN_TEXT_FINANCIAL_CONSUMER_COMPLAINT","0.857867950456535","no_text","7aa1eeec3fe4cc68f3850fd4d59d1f8525d755a6","49","finished"
"tabpfnv2_BIN_TEXT_FINANCIAL_CONSUMER_COMPLAINT_1","2026-04-16T00:59:57.000Z","TabPFN-v2 🤯","1","BIN_TEXT_FINANCIAL_CONSUMER_COMPLAINT","0.8889488501282642","text_only","7aa1eeec3fe4cc68f3850fd4d59d1f8525d755a6","433","finished"
"tabpfnv2_BIN_TEXT_FINANCIAL_CONSUMER_COMPLAINT_1","2026-04-16T00:55:28.000Z","TabPFN-v2 🤯","1","BIN_TEXT_FINANCIAL_CONSUMER_COMPLAINT","0.9031483023613036","ft","7aa1eeec3fe4cc68f3850fd4d59d1f8525d755a6","3941","finished"
"tabpfnv2_BIN_TEXT_FINANCIAL_CONSUMER_COMPLAINT_1","2026-04-16T00:52:36.000Z","TabPFN-v2 🤯","1","BIN_TEXT_FINANCIAL_CONSUMER_COMPLAINT","0.9047845863465768","all","7aa1eeec3fe4cc68f3850fd4d59d1f8525d755a6","439","finished"
"tabpfnv2p5_BIN_TEXT_FINANCIAL_CONSUMER_COMPLAINT_1","2026-04-16T00:51:38.000Z","TabPFN-v2p5 🇩🇪","1","BIN_TEXT_FINANCIAL_CONSUMER_COMPLAINT","0.8573901241227027","no_text","7aa1eeec3fe4cc68f3850fd4d59d1f8525d755a6","51","finished"
"tabpfnv2p5_BIN_TEXT_FINANCIAL_CONSUMER_COMPLAINT_1","2026-04-16T00:44:33.000Z","TabPFN-v2p5 🇩🇪","1","BIN_TEXT_FINANCIAL_CONSUMER_COMPLAINT","0.9029460765068276","text_only","7aa1eeec3fe4cc68f3850fd4d59d1f8525d755a6","419","finished"
"tabpfnv2p5_BIN_TEXT_FINANCIAL_CONSUMER_COMPLAINT_1","2026-04-16T00:42:38.000Z","TabPFN-v2p5 🇩🇪","1","BIN_TEXT_FINANCIAL_CONSUMER_COMPLAINT","0.9151891049111222","ft","7aa1eeec3fe4cc68f3850fd4d59d1f8525d755a6","3916","finished"
"tabpfnv2p5_BIN_TEXT_FINANCIAL_CONSUMER_COMPLAINT_1","2026-04-16T00:35:32.000Z","TabPFN-v2p5 🇩🇪","1","BIN_TEXT_FINANCIAL_CONSUMER_COMPLAINT","0.9168366346254804","all","7aa1eeec3fe4cc68f3850fd4d59d1f8525d755a6","419","finished"
"tabm_BIN_TEXT_FINANCIAL_CONSUMER_COMPLAINT_1","2026-04-16T00:34:33.000Z","TabM Ⓜ️","1","BIN_TEXT_FINANCIAL_CONSUMER_COMPLAINT","0.8543437455117385","no_text","7aa1eeec3fe4cc68f3850fd4d59d1f8525d755a6","53","finished"
"tabm_BIN_TEXT_FINANCIAL_CONSUMER_COMPLAINT_1","2026-04-16T00:28:05.000Z","TabM Ⓜ️","1","BIN_TEXT_FINANCIAL_CONSUMER_COMPLAINT","0.8517541447519215","text_only","7aa1eeec3fe4cc68f3850fd4d59d1f8525d755a6","384","finished"
"tabm_BIN_TEXT_FINANCIAL_CONSUMER_COMPLAINT_1","2026-04-16T00:11:13.000Z","TabM Ⓜ️","1","BIN_TEXT_FINANCIAL_CONSUMER_COMPLAINT","0.8868752487376896","ft","7aa1eeec3fe4cc68f3850fd4d59d1f8525d755a6","3759","finished"
"tabm_BIN_TEXT_FINANCIAL_CONSUMER_COMPLAINT_1","2026-04-16T00:04:40.000Z","TabM Ⓜ️","1","BIN_TEXT_FINANCIAL_CONSUMER_COMPLAINT","0.8860177332531455","all","7aa1eeec3fe4cc68f3850fd4d59d1f8525d755a6","387","finished"
"cat_BIN_TEXT_FINANCIAL_CONSUMER_COMPLAINT_1","2026-04-16T00:03:30.000Z","CatBoost 😸","1","BIN_TEXT_FINANCIAL_CONSUMER_COMPLAINT","0.8527736924286","no_text","7aa1eeec3fe4cc68f3850fd4d59d1f8525d755a6","65","finished"
"cat_BIN_TEXT_FINANCIAL_CONSUMER_COMPLAINT_1","2026-04-15T23:56:55.000Z","CatBoost 😸","1","BIN_TEXT_FINANCIAL_CONSUMER_COMPLAINT","0.8691658262239466","text_only","7aa1eeec3fe4cc68f3850fd4d59d1f8525d755a6","392","finished"
"cat_BIN_TEXT_FINANCIAL_CONSUMER_COMPLAINT_1","2026-04-15T23:52:36.000Z","CatBoost 😸","1","BIN_TEXT_FINANCIAL_CONSUMER_COMPLAINT","0.8996377177361923","ft","7aa1eeec3fe4cc68f3850fd4d59d1f8525d755a6","3765","finished"
"cat_BIN_TEXT_FINANCIAL_CONSUMER_COMPLAINT_1","2026-04-15T23:49:45.000Z","CatBoost 😸","1","BIN_TEXT_FINANCIAL_CONSUMER_COMPLAINT","0.9001164187030883","all","7aa1eeec3fe4cc68f3850fd4d59d1f8525d755a6","419","finished"
"light_BIN_TEXT_FINANCIAL_CONSUMER_COMPLAINT_1","2026-04-15T23:48:52.000Z","LightGBM 💡","1","BIN_TEXT_FINANCIAL_CONSUMER_COMPLAINT","0.8274258324154388","no_text","7aa1eeec3fe4cc68f3850fd4d59d1f8525d755a6","48","finished"
"light_BIN_TEXT_FINANCIAL_CONSUMER_COMPLAINT_1","2026-04-15T23:46:08.000Z","LightGBM 💡","1","BIN_TEXT_FINANCIAL_CONSUMER_COMPLAINT","0.852717073556934","text_only","7aa1eeec3fe4cc68f3850fd4d59d1f8525d755a6","382","finished"
"light_BIN_TEXT_FINANCIAL_CONSUMER_COMPLAINT_1","2026-04-15T23:41:48.000Z","LightGBM 💡","1","BIN_TEXT_FINANCIAL_CONSUMER_COMPLAINT","0.8769628964523458","ft","7aa1eeec3fe4cc68f3850fd4d59d1f8525d755a6","3758","finished"
"light_BIN_TEXT_FINANCIAL_CONSUMER_COMPLAINT_1","2026-04-15T23:39:29.000Z","LightGBM 💡","1","BIN_TEXT_FINANCIAL_CONSUMER_COMPLAINT","0.8955231956694454","all","7aa1eeec3fe4cc68f3850fd4d59d1f8525d755a6","389","finished"
"tabpfnv2_BIN_TEXT_FINANCIAL_CONSUMER_COMPLAINT_0","2026-04-15T23:34:39.000Z","TabPFN-v2 🤯","0","BIN_TEXT_FINANCIAL_CONSUMER_COMPLAINT","0.9109829490735296","ft","7aa1eeec3fe4cc68f3850fd4d59d1f8525d755a6","8520","finished"
"tabpfnv2p5_BIN_TEXT_FINANCIAL_CONSUMER_COMPLAINT_0","2026-04-15T23:26:05.000Z","TabPFN-v2p5 🇩🇪","0","BIN_TEXT_FINANCIAL_CONSUMER_COMPLAINT","0.9141976160980382","text_only","7aa1eeec3fe4cc68f3850fd4d59d1f8525d755a6","502","finished"
"tabm_BIN_TEXT_FINANCIAL_CONSUMER_COMPLAINT_0","2026-04-15T23:18:35.000Z","TabM Ⓜ️","0","BIN_TEXT_FINANCIAL_CONSUMER_COMPLAINT","0.880942680547754","text_only","7aa1eeec3fe4cc68f3850fd4d59d1f8525d755a6","444","finished"
"cat_BIN_TEXT_FINANCIAL_CONSUMER_COMPLAINT_0","2026-04-15T23:10:48.000Z","CatBoost 😸","0","BIN_TEXT_FINANCIAL_CONSUMER_COMPLAINT","0.8844825654571447","text_only","7aa1eeec3fe4cc68f3850fd4d59d1f8525d755a6","460","finished"
"tabpfnv2_BIN_TEXT_FINANCIAL_CONSUMER_COMPLAINT_0","2026-04-15T23:09:40.000Z","TabPFN-v2 🤯","0","BIN_TEXT_FINANCIAL_CONSUMER_COMPLAINT","0.8628880771801954","no_text","7aa1eeec3fe4cc68f3850fd4d59d1f8525d755a6","58","finished"
"tabpfnv2_BIN_TEXT_FINANCIAL_CONSUMER_COMPLAINT_0","2026-04-15T23:00:34.000Z","TabPFN-v2 🤯","0","BIN_TEXT_FINANCIAL_CONSUMER_COMPLAINT","0.9010337701771632","text_only","7aa1eeec3fe4cc68f3850fd4d59d1f8525d755a6","542","finished"
"tabpfnv2_BIN_TEXT_FINANCIAL_CONSUMER_COMPLAINT_0","2026-04-15T22:50:40.000Z","TabPFN-v2 🤯","0","BIN_TEXT_FINANCIAL_CONSUMER_COMPLAINT","0.9091571800703212","all","7aa1eeec3fe4cc68f3850fd4d59d1f8525d755a6","580","finished"
"tabpfnv2p5_BIN_TEXT_FINANCIAL_CONSUMER_COMPLAINT_0","2026-04-15T22:48:18.000Z","TabPFN-v2p5 🇩🇪","0","BIN_TEXT_FINANCIAL_CONSUMER_COMPLAINT","0.8632183234856703","no_text","7aa1eeec3fe4cc68f3850fd4d59d1f8525d755a6","138","finished"
"tabpfnv2p5_BIN_TEXT_FINANCIAL_CONSUMER_COMPLAINT_0","2026-04-15T22:42:51.000Z","TabPFN-v2p5 🇩🇪","0","BIN_TEXT_FINANCIAL_CONSUMER_COMPLAINT","0.9214320173517913","ft","7aa1eeec3fe4cc68f3850fd4d59d1f8525d755a6","6306","finished"
"tabpfnv2p5_BIN_TEXT_FINANCIAL_CONSUMER_COMPLAINT_0","2026-04-15T22:39:20.000Z","TabPFN-v2p5 🇩🇪","0","BIN_TEXT_FINANCIAL_CONSUMER_COMPLAINT","0.9226751891128084","all","7aa1eeec3fe4cc68f3850fd4d59d1f8525d755a6","526","finished"
"tabm_BIN_TEXT_FINANCIAL_CONSUMER_COMPLAINT_0","2026-04-15T22:38:03.000Z","TabM Ⓜ️","0","BIN_TEXT_FINANCIAL_CONSUMER_COMPLAINT","0.8481912779874082","no_text","7aa1eeec3fe4cc68f3850fd4d59d1f8525d755a6","68","finished"
"tabm_BIN_TEXT_FINANCIAL_CONSUMER_COMPLAINT_0","2026-04-15T22:36:18.000Z","TabM Ⓜ️","0","BIN_TEXT_FINANCIAL_CONSUMER_COMPLAINT","0.9092094021845234","ft","7aa1eeec3fe4cc68f3850fd4d59d1f8525d755a6","4348","finished"
"tabm_BIN_TEXT_FINANCIAL_CONSUMER_COMPLAINT_0","2026-04-15T22:35:23.000Z","TabM Ⓜ️","0","BIN_TEXT_FINANCIAL_CONSUMER_COMPLAINT","0.9082643475678004","all","7aa1eeec3fe4cc68f3850fd4d59d1f8525d755a6","444","finished"
"cat_BIN_TEXT_FINANCIAL_CONSUMER_COMPLAINT_0","2026-04-15T22:34:47.000Z","CatBoost 😸","0","BIN_TEXT_FINANCIAL_CONSUMER_COMPLAINT","0.8604447190500164","no_text","7aa1eeec3fe4cc68f3850fd4d59d1f8525d755a6","85","finished"
"cat_BIN_TEXT_FINANCIAL_CONSUMER_COMPLAINT_0","2026-04-15T22:28:34.000Z","CatBoost 😸","0","BIN_TEXT_FINANCIAL_CONSUMER_COMPLAINT","0.910062551105352","ft","7aa1eeec3fe4cc68f3850fd4d59d1f8525d755a6","4391","finished"
"cat_BIN_TEXT_FINANCIAL_CONSUMER_COMPLAINT_0","2026-04-15T22:28:22.000Z","CatBoost 😸","0","BIN_TEXT_FINANCIAL_CONSUMER_COMPLAINT","0.906471638656008","all","7aa1eeec3fe4cc68f3850fd4d59d1f8525d755a6","574","finished"
"light_BIN_TEXT_FINANCIAL_CONSUMER_COMPLAINT_0","2026-04-15T22:27:40.000Z","LightGBM 💡","0","BIN_TEXT_FINANCIAL_CONSUMER_COMPLAINT","0.8302284154702263","no_text","7aa1eeec3fe4cc68f3850fd4d59d1f8525d755a6","47","finished"
"light_BIN_TEXT_FINANCIAL_CONSUMER_COMPLAINT_0","2026-04-15T22:27:33.000Z","LightGBM 💡","0","BIN_TEXT_FINANCIAL_CONSUMER_COMPLAINT","0.8693572914581391","text_only","7aa1eeec3fe4cc68f3850fd4d59d1f8525d755a6","455","finished"
"light_BIN_TEXT_FINANCIAL_CONSUMER_COMPLAINT_0","2026-04-15T22:27:29.000Z","LightGBM 💡","0","BIN_TEXT_FINANCIAL_CONSUMER_COMPLAINT","0.8991662583273694","ft","7aa1eeec3fe4cc68f3850fd4d59d1f8525d755a6","4313","finished"
"light_BIN_TEXT_FINANCIAL_CONSUMER_COMPLAINT_0","2026-04-15T22:26:47.000Z","LightGBM 💡","0","BIN_TEXT_FINANCIAL_CONSUMER_COMPLAINT","0.8820382159142731","all","7aa1eeec3fe4cc68f3850fd4d59d1f8525d755a6","470","finished"