model,state,dataset,test_score,fold
CatBoost,all,BIN_TEXT_FINANCIAL_CONSUMER_COMPLAINT,0.906471638656008,0
CatBoost,all,BIN_TEXT_FINANCIAL_CONSUMER_COMPLAINT,0.9001164187030883,1
CatBoost,all,BIN_TEXT_FINANCIAL_CONSUMER_COMPLAINT,0.910127600572182,2
CatBoost,all,BIN_TEXT_FINANCIAL_CONSUMER_COMPLAINT,0.8969616958850033,3
CatBoost,all,BIN_TEXT_FINANCIAL_CONSUMER_COMPLAINT,0.9123647206039948,4
CatBoost,ft,BIN_TEXT_FINANCIAL_CONSUMER_COMPLAINT,0.910062551105352,0
CatBoost,ft,BIN_TEXT_FINANCIAL_CONSUMER_COMPLAINT,0.8996377177361923,1
CatBoost,ft,BIN_TEXT_FINANCIAL_CONSUMER_COMPLAINT,0.9074636406152864,2
CatBoost,ft,BIN_TEXT_FINANCIAL_CONSUMER_COMPLAINT,0.90049106241517,3
CatBoost,ft,BIN_TEXT_FINANCIAL_CONSUMER_COMPLAINT,0.9102168495794556,4
CatBoost,no_text,BIN_TEXT_FINANCIAL_CONSUMER_COMPLAINT,0.8604447190500164,0
CatBoost,no_text,BIN_TEXT_FINANCIAL_CONSUMER_COMPLAINT,0.8527736924286,1
CatBoost,no_text,BIN_TEXT_FINANCIAL_CONSUMER_COMPLAINT,0.8532165885976825,2
CatBoost,no_text,BIN_TEXT_FINANCIAL_CONSUMER_COMPLAINT,0.8500381183574902,3
CatBoost,no_text,BIN_TEXT_FINANCIAL_CONSUMER_COMPLAINT,0.8640347653185237,4
CatBoost,text_only,BIN_TEXT_FINANCIAL_CONSUMER_COMPLAINT,0.8844825654571447,0
CatBoost,text_only,BIN_TEXT_FINANCIAL_CONSUMER_COMPLAINT,0.8691658262239466,1
CatBoost,text_only,BIN_TEXT_FINANCIAL_CONSUMER_COMPLAINT,0.8951673396752807,2
CatBoost,text_only,BIN_TEXT_FINANCIAL_CONSUMER_COMPLAINT,0.874305673303635,3
CatBoost,text_only,BIN_TEXT_FINANCIAL_CONSUMER_COMPLAINT,0.8885305139733715,4
LightGBM,all,BIN_TEXT_FINANCIAL_CONSUMER_COMPLAINT,0.8820382159142731,0
LightGBM,all,BIN_TEXT_FINANCIAL_CONSUMER_COMPLAINT,0.8955231956694454,1
LightGBM,all,BIN_TEXT_FINANCIAL_CONSUMER_COMPLAINT,0.8977865883399696,2
LightGBM,all,BIN_TEXT_FINANCIAL_CONSUMER_COMPLAINT,0.8876950188181876,3
LightGBM,all,BIN_TEXT_FINANCIAL_CONSUMER_COMPLAINT,0.8632382628842439,4
LightGBM,ft,BIN_TEXT_FINANCIAL_CONSUMER_COMPLAINT,0.8991662583273694,0
LightGBM,ft,BIN_TEXT_FINANCIAL_CONSUMER_COMPLAINT,0.8769628964523458,1
LightGBM,ft,BIN_TEXT_FINANCIAL_CONSUMER_COMPLAINT,0.895120469025021,2
LightGBM,ft,BIN_TEXT_FINANCIAL_CONSUMER_COMPLAINT,0.8776647163068436,3
LightGBM,ft,BIN_TEXT_FINANCIAL_CONSUMER_COMPLAINT,0.9055633534686958,4
LightGBM,no_text,BIN_TEXT_FINANCIAL_CONSUMER_COMPLAINT,0.8302284154702263,0
LightGBM,no_text,BIN_TEXT_FINANCIAL_CONSUMER_COMPLAINT,0.8274258324154388,1
LightGBM,no_text,BIN_TEXT_FINANCIAL_CONSUMER_COMPLAINT,0.8250915239627723,2
LightGBM,no_text,BIN_TEXT_FINANCIAL_CONSUMER_COMPLAINT,0.815521398489615,3
LightGBM,no_text,BIN_TEXT_FINANCIAL_CONSUMER_COMPLAINT,0.8410687518211587,4
LightGBM,text_only,BIN_TEXT_FINANCIAL_CONSUMER_COMPLAINT,0.8693572914581391,0
LightGBM,text_only,BIN_TEXT_FINANCIAL_CONSUMER_COMPLAINT,0.852717073556934,1
LightGBM,text_only,BIN_TEXT_FINANCIAL_CONSUMER_COMPLAINT,0.8885355525901223,2
LightGBM,text_only,BIN_TEXT_FINANCIAL_CONSUMER_COMPLAINT,0.8488537359194488,3
LightGBM,text_only,BIN_TEXT_FINANCIAL_CONSUMER_COMPLAINT,0.8468380432869155,4
RandomForest,all,BIN_TEXT_FINANCIAL_CONSUMER_COMPLAINT,0.8922192506331406,0
RandomForest,all,BIN_TEXT_FINANCIAL_CONSUMER_COMPLAINT,0.8644669953264599,1
RandomForest,all,BIN_TEXT_FINANCIAL_CONSUMER_COMPLAINT,0.8882440854705005,2
RandomForest,all,BIN_TEXT_FINANCIAL_CONSUMER_COMPLAINT,0.8823968167856182,3
RandomForest,all,BIN_TEXT_FINANCIAL_CONSUMER_COMPLAINT,0.8928674213228897,4
RandomForest,ft,BIN_TEXT_FINANCIAL_CONSUMER_COMPLAINT,0.8915181184000835,0
RandomForest,ft,BIN_TEXT_FINANCIAL_CONSUMER_COMPLAINT,0.8604382153116953,1
RandomForest,ft,BIN_TEXT_FINANCIAL_CONSUMER_COMPLAINT,0.8815694852243879,2
RandomForest,ft,BIN_TEXT_FINANCIAL_CONSUMER_COMPLAINT,0.8809843668127693,3
RandomForest,ft,BIN_TEXT_FINANCIAL_CONSUMER_COMPLAINT,0.8861992283245723,4
RandomForest,no_text,BIN_TEXT_FINANCIAL_CONSUMER_COMPLAINT,0.7613199796650416,0
RandomForest,no_text,BIN_TEXT_FINANCIAL_CONSUMER_COMPLAINT,0.734867965217182,1
RandomForest,no_text,BIN_TEXT_FINANCIAL_CONSUMER_COMPLAINT,0.7016864410810261,2
RandomForest,no_text,BIN_TEXT_FINANCIAL_CONSUMER_COMPLAINT,0.7117850011159241,3
RandomForest,no_text,BIN_TEXT_FINANCIAL_CONSUMER_COMPLAINT,0.7351428755663106,4
RandomForest,text_only,BIN_TEXT_FINANCIAL_CONSUMER_COMPLAINT,0.8621586707056381,0
RandomForest,text_only,BIN_TEXT_FINANCIAL_CONSUMER_COMPLAINT,0.8448209521416349,1
RandomForest,text_only,BIN_TEXT_FINANCIAL_CONSUMER_COMPLAINT,0.8806218983768168,2
RandomForest,text_only,BIN_TEXT_FINANCIAL_CONSUMER_COMPLAINT,0.8640804914247655,3
RandomForest,text_only,BIN_TEXT_FINANCIAL_CONSUMER_COMPLAINT,0.8589827304873416,4
RealMLP,all,BIN_TEXT_FINANCIAL_CONSUMER_COMPLAINT,0.8969324396240819,0
RealMLP,all,BIN_TEXT_FINANCIAL_CONSUMER_COMPLAINT,0.8944213658480241,1
RealMLP,all,BIN_TEXT_FINANCIAL_CONSUMER_COMPLAINT,0.9003024277200689,2
RealMLP,all,BIN_TEXT_FINANCIAL_CONSUMER_COMPLAINT,0.8883225184111623,3
RealMLP,all,BIN_TEXT_FINANCIAL_CONSUMER_COMPLAINT,0.9001674907314292,4
RealMLP,ft,BIN_TEXT_FINANCIAL_CONSUMER_COMPLAINT,0.8979112267079835,0
RealMLP,ft,BIN_TEXT_FINANCIAL_CONSUMER_COMPLAINT,0.8824174067461851,1
RealMLP,ft,BIN_TEXT_FINANCIAL_CONSUMER_COMPLAINT,0.8884198381389659,2
RealMLP,ft,BIN_TEXT_FINANCIAL_CONSUMER_COMPLAINT,0.888883126767332,3
RealMLP,ft,BIN_TEXT_FINANCIAL_CONSUMER_COMPLAINT,0.8915828530957202,4
RealMLP,no_text,BIN_TEXT_FINANCIAL_CONSUMER_COMPLAINT,0.8403656935038291,0
RealMLP,no_text,BIN_TEXT_FINANCIAL_CONSUMER_COMPLAINT,0.8550618801871347,1
RealMLP,no_text,BIN_TEXT_FINANCIAL_CONSUMER_COMPLAINT,0.8530281109141025,2
RealMLP,no_text,BIN_TEXT_FINANCIAL_CONSUMER_COMPLAINT,0.8361979716459997,3
RealMLP,no_text,BIN_TEXT_FINANCIAL_CONSUMER_COMPLAINT,0.8485169709937912,4
RealMLP,text_only,BIN_TEXT_FINANCIAL_CONSUMER_COMPLAINT,0.8578341463249599,0
RealMLP,text_only,BIN_TEXT_FINANCIAL_CONSUMER_COMPLAINT,0.8650273047813508,1
RealMLP,text_only,BIN_TEXT_FINANCIAL_CONSUMER_COMPLAINT,0.8840325720351049,2
RealMLP,text_only,BIN_TEXT_FINANCIAL_CONSUMER_COMPLAINT,0.8546008683871403,3
RealMLP,text_only,BIN_TEXT_FINANCIAL_CONSUMER_COMPLAINT,0.848370930697697,4
TabDPT,all,BIN_TEXT_FINANCIAL_CONSUMER_COMPLAINT,0.8789060466709648,0
TabDPT,all,BIN_TEXT_FINANCIAL_CONSUMER_COMPLAINT,0.8755912563005137,1
TabDPT,all,BIN_TEXT_FINANCIAL_CONSUMER_COMPLAINT,0.8728761033187672,2
TabDPT,all,BIN_TEXT_FINANCIAL_CONSUMER_COMPLAINT,0.8787417444377208,3
TabDPT,all,BIN_TEXT_FINANCIAL_CONSUMER_COMPLAINT,0.8878972121370249,4
TabDPT,ft,BIN_TEXT_FINANCIAL_CONSUMER_COMPLAINT,0.8696212396983678,0
TabDPT,ft,BIN_TEXT_FINANCIAL_CONSUMER_COMPLAINT,0.8769155037786008,1
TabDPT,ft,BIN_TEXT_FINANCIAL_CONSUMER_COMPLAINT,0.8721014352340343,2
TabDPT,ft,BIN_TEXT_FINANCIAL_CONSUMER_COMPLAINT,0.8778486482718524,3
TabDPT,ft,BIN_TEXT_FINANCIAL_CONSUMER_COMPLAINT,0.879871939276726,4
TabDPT,no_text,BIN_TEXT_FINANCIAL_CONSUMER_COMPLAINT,0.8537660279828991,0
TabDPT,no_text,BIN_TEXT_FINANCIAL_CONSUMER_COMPLAINT,0.8479147299968962,1
TabDPT,no_text,BIN_TEXT_FINANCIAL_CONSUMER_COMPLAINT,0.841284095347349,2
TabDPT,no_text,BIN_TEXT_FINANCIAL_CONSUMER_COMPLAINT,0.8358754653043823,3
TabDPT,no_text,BIN_TEXT_FINANCIAL_CONSUMER_COMPLAINT,0.8572172256330753,4
TabDPT,text_only,BIN_TEXT_FINANCIAL_CONSUMER_COMPLAINT,0.8327340107873189,0
TabDPT,text_only,BIN_TEXT_FINANCIAL_CONSUMER_COMPLAINT,0.8355000918644646,1
TabDPT,text_only,BIN_TEXT_FINANCIAL_CONSUMER_COMPLAINT,0.8563037262569093,2
TabDPT,text_only,BIN_TEXT_FINANCIAL_CONSUMER_COMPLAINT,0.841977821601178,3
TabDPT,text_only,BIN_TEXT_FINANCIAL_CONSUMER_COMPLAINT,0.8675566109301125,4
TabICLv2,all,BIN_TEXT_FINANCIAL_CONSUMER_COMPLAINT,0.9102986677307304,0
TabICLv2,all,BIN_TEXT_FINANCIAL_CONSUMER_COMPLAINT,0.903052906376672,1
TabICLv2,all,BIN_TEXT_FINANCIAL_CONSUMER_COMPLAINT,0.9115543416370911,2
TabICLv2,all,BIN_TEXT_FINANCIAL_CONSUMER_COMPLAINT,0.9030088328875442,3
TabICLv2,all,BIN_TEXT_FINANCIAL_CONSUMER_COMPLAINT,0.923347081812424,4
TabICLv2,ft,BIN_TEXT_FINANCIAL_CONSUMER_COMPLAINT,0.9147748560351154,0
TabICLv2,ft,BIN_TEXT_FINANCIAL_CONSUMER_COMPLAINT,0.9042826106338652,1
TabICLv2,ft,BIN_TEXT_FINANCIAL_CONSUMER_COMPLAINT,0.916317235164847,2
TabICLv2,ft,BIN_TEXT_FINANCIAL_CONSUMER_COMPLAINT,0.9063045646855128,3
TabICLv2,ft,BIN_TEXT_FINANCIAL_CONSUMER_COMPLAINT,0.917881146048115,4
TabICLv2,no_text,BIN_TEXT_FINANCIAL_CONSUMER_COMPLAINT,0.8689695564182451,0
TabICLv2,no_text,BIN_TEXT_FINANCIAL_CONSUMER_COMPLAINT,0.8572310649304763,1
TabICLv2,no_text,BIN_TEXT_FINANCIAL_CONSUMER_COMPLAINT,0.8624231888303682,2
TabICLv2,no_text,BIN_TEXT_FINANCIAL_CONSUMER_COMPLAINT,0.8551825219013475,3
TabICLv2,no_text,BIN_TEXT_FINANCIAL_CONSUMER_COMPLAINT,0.8682523023948804,4
TabICLv2,text_only,BIN_TEXT_FINANCIAL_CONSUMER_COMPLAINT,0.8877736057570365,0
TabICLv2,text_only,BIN_TEXT_FINANCIAL_CONSUMER_COMPLAINT,0.8711493717582345,1
TabICLv2,text_only,BIN_TEXT_FINANCIAL_CONSUMER_COMPLAINT,0.8986876996469972,2
TabICLv2,text_only,BIN_TEXT_FINANCIAL_CONSUMER_COMPLAINT,0.8807672688969529,3
TabICLv2,text_only,BIN_TEXT_FINANCIAL_CONSUMER_COMPLAINT,0.8992137386284356,4
TabM,all,BIN_TEXT_FINANCIAL_CONSUMER_COMPLAINT,0.9082643475678004,0
TabM,all,BIN_TEXT_FINANCIAL_CONSUMER_COMPLAINT,0.8860177332531455,1
TabM,all,BIN_TEXT_FINANCIAL_CONSUMER_COMPLAINT,0.8989056006462532,2
TabM,all,BIN_TEXT_FINANCIAL_CONSUMER_COMPLAINT,0.8795867016421393,3
TabM,all,BIN_TEXT_FINANCIAL_CONSUMER_COMPLAINT,0.9076497020884317,4
TabM,ft,BIN_TEXT_FINANCIAL_CONSUMER_COMPLAINT,0.9092094021845234,0
TabM,ft,BIN_TEXT_FINANCIAL_CONSUMER_COMPLAINT,0.8868752487376896,1
TabM,ft,BIN_TEXT_FINANCIAL_CONSUMER_COMPLAINT,0.9035254778280208,2
TabM,ft,BIN_TEXT_FINANCIAL_CONSUMER_COMPLAINT,0.8888398901656636,3
TabM,ft,BIN_TEXT_FINANCIAL_CONSUMER_COMPLAINT,0.9087391454472508,4
TabM,no_text,BIN_TEXT_FINANCIAL_CONSUMER_COMPLAINT,0.8481912779874082,0
TabM,no_text,BIN_TEXT_FINANCIAL_CONSUMER_COMPLAINT,0.8543437455117385,1
TabM,no_text,BIN_TEXT_FINANCIAL_CONSUMER_COMPLAINT,0.8468314334565963,2
TabM,no_text,BIN_TEXT_FINANCIAL_CONSUMER_COMPLAINT,0.816913845833473,3
TabM,no_text,BIN_TEXT_FINANCIAL_CONSUMER_COMPLAINT,0.7172307748703359,4
TabM,text_only,BIN_TEXT_FINANCIAL_CONSUMER_COMPLAINT,0.880942680547754,0
TabM,text_only,BIN_TEXT_FINANCIAL_CONSUMER_COMPLAINT,0.8517541447519215,1
TabM,text_only,BIN_TEXT_FINANCIAL_CONSUMER_COMPLAINT,0.8686841169583983,2
TabM,text_only,BIN_TEXT_FINANCIAL_CONSUMER_COMPLAINT,0.8701947849439124,3
TabM,text_only,BIN_TEXT_FINANCIAL_CONSUMER_COMPLAINT,0.8792994709038733,4
TabPFN-2.5,all,BIN_TEXT_FINANCIAL_CONSUMER_COMPLAINT,0.9226751891128084,0
TabPFN-2.5,all,BIN_TEXT_FINANCIAL_CONSUMER_COMPLAINT,0.9168366346254804,1
TabPFN-2.5,all,BIN_TEXT_FINANCIAL_CONSUMER_COMPLAINT,0.925883886012618,2
TabPFN-2.5,all,BIN_TEXT_FINANCIAL_CONSUMER_COMPLAINT,0.9151257366259148,3
TabPFN-2.5,all,BIN_TEXT_FINANCIAL_CONSUMER_COMPLAINT,0.9278222811638466,4
TabPFN-2.5,ft,BIN_TEXT_FINANCIAL_CONSUMER_COMPLAINT,0.9214320173517913,0
TabPFN-2.5,ft,BIN_TEXT_FINANCIAL_CONSUMER_COMPLAINT,0.9151891049111222,1
TabPFN-2.5,ft,BIN_TEXT_FINANCIAL_CONSUMER_COMPLAINT,0.9204113237275912,2
TabPFN-2.5,ft,BIN_TEXT_FINANCIAL_CONSUMER_COMPLAINT,0.910926310090406,3
TabPFN-2.5,ft,BIN_TEXT_FINANCIAL_CONSUMER_COMPLAINT,0.9251887904179086,4
TabPFN-2.5,no_text,BIN_TEXT_FINANCIAL_CONSUMER_COMPLAINT,0.8632183234856703,0
TabPFN-2.5,no_text,BIN_TEXT_FINANCIAL_CONSUMER_COMPLAINT,0.8573901241227027,1
TabPFN-2.5,no_text,BIN_TEXT_FINANCIAL_CONSUMER_COMPLAINT,0.8580567283552187,2
TabPFN-2.5,no_text,BIN_TEXT_FINANCIAL_CONSUMER_COMPLAINT,0.8523742626869516,3
TabPFN-2.5,no_text,BIN_TEXT_FINANCIAL_CONSUMER_COMPLAINT,0.8631921360743732,4
TabPFN-2.5,text_only,BIN_TEXT_FINANCIAL_CONSUMER_COMPLAINT,0.9141976160980382,0
TabPFN-2.5,text_only,BIN_TEXT_FINANCIAL_CONSUMER_COMPLAINT,0.9029460765068276,1
TabPFN-2.5,text_only,BIN_TEXT_FINANCIAL_CONSUMER_COMPLAINT,0.9198277330460822,2
TabPFN-2.5,text_only,BIN_TEXT_FINANCIAL_CONSUMER_COMPLAINT,0.9055910755203036,3
TabPFN-2.5,text_only,BIN_TEXT_FINANCIAL_CONSUMER_COMPLAINT,0.9186886694153246,4
TabPFNv2,all,BIN_TEXT_FINANCIAL_CONSUMER_COMPLAINT,0.9091571800703212,0
TabPFNv2,all,BIN_TEXT_FINANCIAL_CONSUMER_COMPLAINT,0.9047845863465768,1
TabPFNv2,all,BIN_TEXT_FINANCIAL_CONSUMER_COMPLAINT,0.9069434198716334,2
TabPFNv2,all,BIN_TEXT_FINANCIAL_CONSUMER_COMPLAINT,0.9006160818286839,3
TabPFNv2,all,BIN_TEXT_FINANCIAL_CONSUMER_COMPLAINT,0.9139929216210604,4
TabPFNv2,ft,BIN_TEXT_FINANCIAL_CONSUMER_COMPLAINT,0.9109829490735296,0
TabPFNv2,ft,BIN_TEXT_FINANCIAL_CONSUMER_COMPLAINT,0.9031483023613036,1
TabPFNv2,ft,BIN_TEXT_FINANCIAL_CONSUMER_COMPLAINT,0.9118429482234878,2
TabPFNv2,ft,BIN_TEXT_FINANCIAL_CONSUMER_COMPLAINT,0.904177151538014,3
TabPFNv2,ft,BIN_TEXT_FINANCIAL_CONSUMER_COMPLAINT,0.9117511772879968,4
TabPFNv2,no_text,BIN_TEXT_FINANCIAL_CONSUMER_COMPLAINT,0.8628880771801954,0
TabPFNv2,no_text,BIN_TEXT_FINANCIAL_CONSUMER_COMPLAINT,0.857867950456535,1
TabPFNv2,no_text,BIN_TEXT_FINANCIAL_CONSUMER_COMPLAINT,0.8569985468653715,2
TabPFNv2,no_text,BIN_TEXT_FINANCIAL_CONSUMER_COMPLAINT,0.848932356647922,3
TabPFNv2,no_text,BIN_TEXT_FINANCIAL_CONSUMER_COMPLAINT,0.865480054895311,4
TabPFNv2,text_only,BIN_TEXT_FINANCIAL_CONSUMER_COMPLAINT,0.9010337701771632,0
TabPFNv2,text_only,BIN_TEXT_FINANCIAL_CONSUMER_COMPLAINT,0.8889488501282642,1
TabPFNv2,text_only,BIN_TEXT_FINANCIAL_CONSUMER_COMPLAINT,0.9037608490652544,2
TabPFNv2,text_only,BIN_TEXT_FINANCIAL_CONSUMER_COMPLAINT,0.8960205673489101,3
TabPFNv2,text_only,BIN_TEXT_FINANCIAL_CONSUMER_COMPLAINT,0.8958788082866581,4
XGBoost,all,BIN_TEXT_FINANCIAL_CONSUMER_COMPLAINT,0.9033018488510564,0
XGBoost,all,BIN_TEXT_FINANCIAL_CONSUMER_COMPLAINT,0.8961321623657976,1
XGBoost,all,BIN_TEXT_FINANCIAL_CONSUMER_COMPLAINT,0.9075106326714092,2
XGBoost,all,BIN_TEXT_FINANCIAL_CONSUMER_COMPLAINT,0.8969532886508592,3
XGBoost,all,BIN_TEXT_FINANCIAL_CONSUMER_COMPLAINT,0.9113851000942336,4
XGBoost,ft,BIN_TEXT_FINANCIAL_CONSUMER_COMPLAINT,0.906689415188474,0
XGBoost,ft,BIN_TEXT_FINANCIAL_CONSUMER_COMPLAINT,0.8891598090664358,1
XGBoost,ft,BIN_TEXT_FINANCIAL_CONSUMER_COMPLAINT,0.8904616751429351,2
XGBoost,ft,BIN_TEXT_FINANCIAL_CONSUMER_COMPLAINT,0.8966138136836115,3
XGBoost,ft,BIN_TEXT_FINANCIAL_CONSUMER_COMPLAINT,0.911173123166764,4
XGBoost,no_text,BIN_TEXT_FINANCIAL_CONSUMER_COMPLAINT,0.8539093986675593,0
XGBoost,no_text,BIN_TEXT_FINANCIAL_CONSUMER_COMPLAINT,0.8441404987615002,1
XGBoost,no_text,BIN_TEXT_FINANCIAL_CONSUMER_COMPLAINT,0.8479671810809142,2
XGBoost,no_text,BIN_TEXT_FINANCIAL_CONSUMER_COMPLAINT,0.843721978383182,3
XGBoost,no_text,BIN_TEXT_FINANCIAL_CONSUMER_COMPLAINT,0.8612365934271791,4
XGBoost,text_only,BIN_TEXT_FINANCIAL_CONSUMER_COMPLAINT,0.8842138158141957,0
XGBoost,text_only,BIN_TEXT_FINANCIAL_CONSUMER_COMPLAINT,0.8643763437509375,1
XGBoost,text_only,BIN_TEXT_FINANCIAL_CONSUMER_COMPLAINT,0.8848709832602353,2
XGBoost,text_only,BIN_TEXT_FINANCIAL_CONSUMER_COMPLAINT,0.861924223290843,3
XGBoost,text_only,BIN_TEXT_FINANCIAL_CONSUMER_COMPLAINT,0.8816897578765761,4
CatBoost,all,BIN_TEXT_PROFESSIONAL_FAKE_JOB_POSTING,0.8926221804511278,0
CatBoost,all,BIN_TEXT_PROFESSIONAL_FAKE_JOB_POSTING,0.9000381813909775,1
CatBoost,all,BIN_TEXT_PROFESSIONAL_FAKE_JOB_POSTING,0.9168820488721804,2
CatBoost,all,BIN_TEXT_PROFESSIONAL_FAKE_JOB_POSTING,0.9289385573308272,3
CatBoost,all,BIN_TEXT_PROFESSIONAL_FAKE_JOB_POSTING,0.895735432330827,4
CatBoost,ft,BIN_TEXT_PROFESSIONAL_FAKE_JOB_POSTING,0.9335056390977444,0
CatBoost,ft,BIN_TEXT_PROFESSIONAL_FAKE_JOB_POSTING,0.8771587171052632,1
CatBoost,ft,BIN_TEXT_PROFESSIONAL_FAKE_JOB_POSTING,0.9203771146616542,2
CatBoost,ft,BIN_TEXT_PROFESSIONAL_FAKE_JOB_POSTING,0.9263833411654134,3
CatBoost,ft,BIN_TEXT_PROFESSIONAL_FAKE_JOB_POSTING,0.9104940084586466,4
CatBoost,no_text,BIN_TEXT_PROFESSIONAL_FAKE_JOB_POSTING,0.6949380286654135,0
CatBoost,no_text,BIN_TEXT_PROFESSIONAL_FAKE_JOB_POSTING,0.7067448895676691,1
CatBoost,no_text,BIN_TEXT_PROFESSIONAL_FAKE_JOB_POSTING,0.6594587053571429,2
CatBoost,no_text,BIN_TEXT_PROFESSIONAL_FAKE_JOB_POSTING,0.695084880169173,3
CatBoost,no_text,BIN_TEXT_PROFESSIONAL_FAKE_JOB_POSTING,0.6766476738721804,4
CatBoost,text_only,BIN_TEXT_PROFESSIONAL_FAKE_JOB_POSTING,0.8930333646616542,0
CatBoost,text_only,BIN_TEXT_PROFESSIONAL_FAKE_JOB_POSTING,0.8793614896616542,1
CatBoost,text_only,BIN_TEXT_PROFESSIONAL_FAKE_JOB_POSTING,0.916984844924812,2
CatBoost,text_only,BIN_TEXT_PROFESSIONAL_FAKE_JOB_POSTING,0.91265272556391,3
CatBoost,text_only,BIN_TEXT_PROFESSIONAL_FAKE_JOB_POSTING,0.8820195018796991,4
LightGBM,all,BIN_TEXT_PROFESSIONAL_FAKE_JOB_POSTING,0.9245917528195488,0
LightGBM,all,BIN_TEXT_PROFESSIONAL_FAKE_JOB_POSTING,0.8888480968045113,1
LightGBM,all,BIN_TEXT_PROFESSIONAL_FAKE_JOB_POSTING,0.9273085056390976,2
LightGBM,all,BIN_TEXT_PROFESSIONAL_FAKE_JOB_POSTING,0.9192023026315788,3
LightGBM,all,BIN_TEXT_PROFESSIONAL_FAKE_JOB_POSTING,0.8863222509398497,4
LightGBM,ft,BIN_TEXT_PROFESSIONAL_FAKE_JOB_POSTING,0.932125234962406,0
LightGBM,ft,BIN_TEXT_PROFESSIONAL_FAKE_JOB_POSTING,0.9071457941729324,1
LightGBM,ft,BIN_TEXT_PROFESSIONAL_FAKE_JOB_POSTING,0.920832354323308,2
LightGBM,ft,BIN_TEXT_PROFESSIONAL_FAKE_JOB_POSTING,0.9257078242481204,3
LightGBM,ft,BIN_TEXT_PROFESSIONAL_FAKE_JOB_POSTING,0.9222421287593984,4
LightGBM,no_text,BIN_TEXT_PROFESSIONAL_FAKE_JOB_POSTING,0.6947471217105263,0
LightGBM,no_text,BIN_TEXT_PROFESSIONAL_FAKE_JOB_POSTING,0.7223845747180451,1
LightGBM,no_text,BIN_TEXT_PROFESSIONAL_FAKE_JOB_POSTING,0.6575055803571429,2
LightGBM,no_text,BIN_TEXT_PROFESSIONAL_FAKE_JOB_POSTING,0.7031690554511277,3
LightGBM,no_text,BIN_TEXT_PROFESSIONAL_FAKE_JOB_POSTING,0.6665516329887219,4
LightGBM,text_only,BIN_TEXT_PROFESSIONAL_FAKE_JOB_POSTING,0.9075569783834588,0
LightGBM,text_only,BIN_TEXT_PROFESSIONAL_FAKE_JOB_POSTING,0.9156044407894736,1
LightGBM,text_only,BIN_TEXT_PROFESSIONAL_FAKE_JOB_POSTING,0.9304364426691728,2
LightGBM,text_only,BIN_TEXT_PROFESSIONAL_FAKE_JOB_POSTING,0.9093045112781954,3
LightGBM,text_only,BIN_TEXT_PROFESSIONAL_FAKE_JOB_POSTING,0.8780545112781954,4
RandomForest,all,BIN_TEXT_PROFESSIONAL_FAKE_JOB_POSTING,0.9334028430451128,0
RandomForest,all,BIN_TEXT_PROFESSIONAL_FAKE_JOB_POSTING,0.8656529017857143,1
RandomForest,all,BIN_TEXT_PROFESSIONAL_FAKE_JOB_POSTING,0.9005301339285714,2
RandomForest,all,BIN_TEXT_PROFESSIONAL_FAKE_JOB_POSTING,0.9085115131578948,3
RandomForest,all,BIN_TEXT_PROFESSIONAL_FAKE_JOB_POSTING,0.8553586113721805,4
RandomForest,ft,BIN_TEXT_PROFESSIONAL_FAKE_JOB_POSTING,0.92628788768797,0
RandomForest,ft,BIN_TEXT_PROFESSIONAL_FAKE_JOB_POSTING,0.8831429158834585,1
RandomForest,ft,BIN_TEXT_PROFESSIONAL_FAKE_JOB_POSTING,0.8891344572368421,2
RandomForest,ft,BIN_TEXT_PROFESSIONAL_FAKE_JOB_POSTING,0.9020059915413534,3
RandomForest,ft,BIN_TEXT_PROFESSIONAL_FAKE_JOB_POSTING,0.8910582119360901,4
RandomForest,no_text,BIN_TEXT_PROFESSIONAL_FAKE_JOB_POSTING,0.6939688087406015,0
RandomForest,no_text,BIN_TEXT_PROFESSIONAL_FAKE_JOB_POSTING,0.7112679158834587,1
RandomForest,no_text,BIN_TEXT_PROFESSIONAL_FAKE_JOB_POSTING,0.6551265859962405,2
RandomForest,no_text,BIN_TEXT_PROFESSIONAL_FAKE_JOB_POSTING,0.7052910596804511,3
RandomForest,no_text,BIN_TEXT_PROFESSIONAL_FAKE_JOB_POSTING,0.6367481203007518,4
RandomForest,text_only,BIN_TEXT_PROFESSIONAL_FAKE_JOB_POSTING,0.9221760455827068,0
RandomForest,text_only,BIN_TEXT_PROFESSIONAL_FAKE_JOB_POSTING,0.8713580827067668,1
RandomForest,text_only,BIN_TEXT_PROFESSIONAL_FAKE_JOB_POSTING,0.8941494360902256,2
RandomForest,text_only,BIN_TEXT_PROFESSIONAL_FAKE_JOB_POSTING,0.8998766447368421,3
RandomForest,text_only,BIN_TEXT_PROFESSIONAL_FAKE_JOB_POSTING,0.8615263745300753,4
RealMLP,all,BIN_TEXT_PROFESSIONAL_FAKE_JOB_POSTING,0.8842075892857144,0
RealMLP,all,BIN_TEXT_PROFESSIONAL_FAKE_JOB_POSTING,0.8643679511278195,1
RealMLP,all,BIN_TEXT_PROFESSIONAL_FAKE_JOB_POSTING,0.8901697603383458,2
RealMLP,all,BIN_TEXT_PROFESSIONAL_FAKE_JOB_POSTING,0.9225505169172932,3
RealMLP,all,BIN_TEXT_PROFESSIONAL_FAKE_JOB_POSTING,0.9021675281954886,4
RealMLP,ft,BIN_TEXT_PROFESSIONAL_FAKE_JOB_POSTING,0.917440084586466,0
RealMLP,ft,BIN_TEXT_PROFESSIONAL_FAKE_JOB_POSTING,0.8987752584586467,1
RealMLP,ft,BIN_TEXT_PROFESSIONAL_FAKE_JOB_POSTING,0.8883781719924813,2
RealMLP,ft,BIN_TEXT_PROFESSIONAL_FAKE_JOB_POSTING,0.9081590695488724,3
RealMLP,ft,BIN_TEXT_PROFESSIONAL_FAKE_JOB_POSTING,0.9196281719924811,4
RealMLP,no_text,BIN_TEXT_PROFESSIONAL_FAKE_JOB_POSTING,0.6959439614661654,0
RealMLP,no_text,BIN_TEXT_PROFESSIONAL_FAKE_JOB_POSTING,0.691398907424812,1
RealMLP,no_text,BIN_TEXT_PROFESSIONAL_FAKE_JOB_POSTING,0.660170935150376,2
RealMLP,no_text,BIN_TEXT_PROFESSIONAL_FAKE_JOB_POSTING,0.6778151433270676,3
RealMLP,no_text,BIN_TEXT_PROFESSIONAL_FAKE_JOB_POSTING,0.6465798284774437,4
RealMLP,text_only,BIN_TEXT_PROFESSIONAL_FAKE_JOB_POSTING,0.898422814849624,0
RealMLP,text_only,BIN_TEXT_PROFESSIONAL_FAKE_JOB_POSTING,0.856687617481203,1
RealMLP,text_only,BIN_TEXT_PROFESSIONAL_FAKE_JOB_POSTING,0.8832383693609023,2
RealMLP,text_only,BIN_TEXT_PROFESSIONAL_FAKE_JOB_POSTING,0.9030192669172932,3
RealMLP,text_only,BIN_TEXT_PROFESSIONAL_FAKE_JOB_POSTING,0.8558065084586465,4
TabDPT,all,BIN_TEXT_PROFESSIONAL_FAKE_JOB_POSTING,0.955092810150376,0
TabDPT,all,BIN_TEXT_PROFESSIONAL_FAKE_JOB_POSTING,0.9348860432330828,1
TabDPT,all,BIN_TEXT_PROFESSIONAL_FAKE_JOB_POSTING,0.94827890037594,2
TabDPT,all,BIN_TEXT_PROFESSIONAL_FAKE_JOB_POSTING,0.96632695018797,3
TabDPT,all,BIN_TEXT_PROFESSIONAL_FAKE_JOB_POSTING,0.922594572368421,4
TabDPT,ft,BIN_TEXT_PROFESSIONAL_FAKE_JOB_POSTING,0.959718632518797,0
TabDPT,ft,BIN_TEXT_PROFESSIONAL_FAKE_JOB_POSTING,0.9231966635338346,1
TabDPT,ft,BIN_TEXT_PROFESSIONAL_FAKE_JOB_POSTING,0.9482935855263158,2
TabDPT,ft,BIN_TEXT_PROFESSIONAL_FAKE_JOB_POSTING,0.9489103618421052,3
TabDPT,ft,BIN_TEXT_PROFESSIONAL_FAKE_JOB_POSTING,0.930671405075188,4
TabDPT,no_text,BIN_TEXT_PROFESSIONAL_FAKE_JOB_POSTING,0.7075525728383458,0
TabDPT,no_text,BIN_TEXT_PROFESSIONAL_FAKE_JOB_POSTING,0.7122224506578947,1
TabDPT,no_text,BIN_TEXT_PROFESSIONAL_FAKE_JOB_POSTING,0.6688718867481203,2
TabDPT,no_text,BIN_TEXT_PROFESSIONAL_FAKE_JOB_POSTING,0.7007606907894737,3
TabDPT,no_text,BIN_TEXT_PROFESSIONAL_FAKE_JOB_POSTING,0.6629978265977444,4
TabDPT,text_only,BIN_TEXT_PROFESSIONAL_FAKE_JOB_POSTING,0.9448572603383456,0
TabDPT,text_only,BIN_TEXT_PROFESSIONAL_FAKE_JOB_POSTING,0.9229763862781954,1
TabDPT,text_only,BIN_TEXT_PROFESSIONAL_FAKE_JOB_POSTING,0.943109727443609,2
TabDPT,text_only,BIN_TEXT_PROFESSIONAL_FAKE_JOB_POSTING,0.9575892857142856,3
TabDPT,text_only,BIN_TEXT_PROFESSIONAL_FAKE_JOB_POSTING,0.9156191259398496,4
TabICLv2,all,BIN_TEXT_PROFESSIONAL_FAKE_JOB_POSTING,0.9622738486842104,0
TabICLv2,all,BIN_TEXT_PROFESSIONAL_FAKE_JOB_POSTING,0.9442992246240602,1
TabICLv2,all,BIN_TEXT_PROFESSIONAL_FAKE_JOB_POSTING,0.9583162006578946,2
TabICLv2,all,BIN_TEXT_PROFESSIONAL_FAKE_JOB_POSTING,0.9529928336466166,3
TabICLv2,all,BIN_TEXT_PROFESSIONAL_FAKE_JOB_POSTING,0.9202669760338346,4
TabICLv2,ft,BIN_TEXT_PROFESSIONAL_FAKE_JOB_POSTING,0.9458338228383458,0
TabICLv2,ft,BIN_TEXT_PROFESSIONAL_FAKE_JOB_POSTING,0.9227487664473684,1
TabICLv2,ft,BIN_TEXT_PROFESSIONAL_FAKE_JOB_POSTING,0.948719454887218,2
TabICLv2,ft,BIN_TEXT_PROFESSIONAL_FAKE_JOB_POSTING,0.9429335056390976,3
TabICLv2,ft,BIN_TEXT_PROFESSIONAL_FAKE_JOB_POSTING,0.9260088698308272,4
TabICLv2,no_text,BIN_TEXT_PROFESSIONAL_FAKE_JOB_POSTING,0.7031176574248119,0
TabICLv2,no_text,BIN_TEXT_PROFESSIONAL_FAKE_JOB_POSTING,0.7046742833646616,1
TabICLv2,no_text,BIN_TEXT_PROFESSIONAL_FAKE_JOB_POSTING,0.6707075305451127,2
TabICLv2,no_text,BIN_TEXT_PROFESSIONAL_FAKE_JOB_POSTING,0.7076333411654134,3
TabICLv2,no_text,BIN_TEXT_PROFESSIONAL_FAKE_JOB_POSTING,0.6509560032894737,4
TabICLv2,text_only,BIN_TEXT_PROFESSIONAL_FAKE_JOB_POSTING,0.9561354558270676,0
TabICLv2,text_only,BIN_TEXT_PROFESSIONAL_FAKE_JOB_POSTING,0.9438880404135338,1
TabICLv2,text_only,BIN_TEXT_PROFESSIONAL_FAKE_JOB_POSTING,0.9531984257518796,2
TabICLv2,text_only,BIN_TEXT_PROFESSIONAL_FAKE_JOB_POSTING,0.9518327067669172,3
TabICLv2,text_only,BIN_TEXT_PROFESSIONAL_FAKE_JOB_POSTING,0.916265272556391,4
TabM,all,BIN_TEXT_PROFESSIONAL_FAKE_JOB_POSTING,0.9402314379699248,0
TabM,all,BIN_TEXT_PROFESSIONAL_FAKE_JOB_POSTING,0.9269707471804512,1
TabM,all,BIN_TEXT_PROFESSIONAL_FAKE_JOB_POSTING,0.9259574718045112,2
TabM,all,BIN_TEXT_PROFESSIONAL_FAKE_JOB_POSTING,0.9519942434210528,3
TabM,all,BIN_TEXT_PROFESSIONAL_FAKE_JOB_POSTING,0.9211847979323308,4
TabM,ft,BIN_TEXT_PROFESSIONAL_FAKE_JOB_POSTING,0.934093045112782,0
TabM,ft,BIN_TEXT_PROFESSIONAL_FAKE_JOB_POSTING,0.924092457706767,1
TabM,ft,BIN_TEXT_PROFESSIONAL_FAKE_JOB_POSTING,0.9264127114661656,2
TabM,ft,BIN_TEXT_PROFESSIONAL_FAKE_JOB_POSTING,0.943858670112782,3
TabM,ft,BIN_TEXT_PROFESSIONAL_FAKE_JOB_POSTING,0.9120065789473684,4
TabM,no_text,BIN_TEXT_PROFESSIONAL_FAKE_JOB_POSTING,0.6448322955827067,0
TabM,no_text,BIN_TEXT_PROFESSIONAL_FAKE_JOB_POSTING,0.7277593397556391,1
TabM,no_text,BIN_TEXT_PROFESSIONAL_FAKE_JOB_POSTING,0.624273085056391,2
TabM,no_text,BIN_TEXT_PROFESSIONAL_FAKE_JOB_POSTING,0.6324747415413534,3
TabM,no_text,BIN_TEXT_PROFESSIONAL_FAKE_JOB_POSTING,0.6291191846804511,4
TabM,text_only,BIN_TEXT_PROFESSIONAL_FAKE_JOB_POSTING,0.9162946428571428,0
TabM,text_only,BIN_TEXT_PROFESSIONAL_FAKE_JOB_POSTING,0.9065583881578948,1
TabM,text_only,BIN_TEXT_PROFESSIONAL_FAKE_JOB_POSTING,0.9151492011278196,2
TabM,text_only,BIN_TEXT_PROFESSIONAL_FAKE_JOB_POSTING,0.9391300516917294,3
TabM,text_only,BIN_TEXT_PROFESSIONAL_FAKE_JOB_POSTING,0.8986430921052632,4
TabPFN-2.5,all,BIN_TEXT_PROFESSIONAL_FAKE_JOB_POSTING,0.950415589755639,0
TabPFN-2.5,all,BIN_TEXT_PROFESSIONAL_FAKE_JOB_POSTING,0.9382709703947368,1
TabPFN-2.5,all,BIN_TEXT_PROFESSIONAL_FAKE_JOB_POSTING,0.959241365131579,2
TabPFN-2.5,all,BIN_TEXT_PROFESSIONAL_FAKE_JOB_POSTING,0.9500851738721804,3
TabPFN-2.5,all,BIN_TEXT_PROFESSIONAL_FAKE_JOB_POSTING,0.9271836818609024,4
TabPFN-2.5,ft,BIN_TEXT_PROFESSIONAL_FAKE_JOB_POSTING,0.9292910009398496,0
TabPFN-2.5,ft,BIN_TEXT_PROFESSIONAL_FAKE_JOB_POSTING,0.9148187852443608,1
TabPFN-2.5,ft,BIN_TEXT_PROFESSIONAL_FAKE_JOB_POSTING,0.94578242481203,2
TabPFN-2.5,ft,BIN_TEXT_PROFESSIONAL_FAKE_JOB_POSTING,0.940671992481203,3
TabPFN-2.5,ft,BIN_TEXT_PROFESSIONAL_FAKE_JOB_POSTING,0.9173152608082706,4
TabPFN-2.5,no_text,BIN_TEXT_PROFESSIONAL_FAKE_JOB_POSTING,0.7047770794172933,0
TabPFN-2.5,no_text,BIN_TEXT_PROFESSIONAL_FAKE_JOB_POSTING,0.6883150258458647,1
TabPFN-2.5,no_text,BIN_TEXT_PROFESSIONAL_FAKE_JOB_POSTING,0.6570356555451129,2
TabPFN-2.5,no_text,BIN_TEXT_PROFESSIONAL_FAKE_JOB_POSTING,0.7022145206766918,3
TabPFN-2.5,no_text,BIN_TEXT_PROFESSIONAL_FAKE_JOB_POSTING,0.6703697720864661,4
TabPFN-2.5,text_only,BIN_TEXT_PROFESSIONAL_FAKE_JOB_POSTING,0.9323895676691728,0
TabPFN-2.5,text_only,BIN_TEXT_PROFESSIONAL_FAKE_JOB_POSTING,0.9069842575187972,1
TabPFN-2.5,text_only,BIN_TEXT_PROFESSIONAL_FAKE_JOB_POSTING,0.9412593984962404,2
TabPFN-2.5,text_only,BIN_TEXT_PROFESSIONAL_FAKE_JOB_POSTING,0.9406352796052632,3
TabPFN-2.5,text_only,BIN_TEXT_PROFESSIONAL_FAKE_JOB_POSTING,0.9018003994360904,4
TabPFNv2,all,BIN_TEXT_PROFESSIONAL_FAKE_JOB_POSTING,0.9308990249060152,0
TabPFNv2,all,BIN_TEXT_PROFESSIONAL_FAKE_JOB_POSTING,0.9063895089285714,1
TabPFNv2,all,BIN_TEXT_PROFESSIONAL_FAKE_JOB_POSTING,0.9388069783834586,2
TabPFNv2,all,BIN_TEXT_PROFESSIONAL_FAKE_JOB_POSTING,0.9094146499060152,3
TabPFNv2,all,BIN_TEXT_PROFESSIONAL_FAKE_JOB_POSTING,0.8817992246240602,4
TabPFNv2,ft,BIN_TEXT_PROFESSIONAL_FAKE_JOB_POSTING,0.9273158482142856,0
TabPFNv2,ft,BIN_TEXT_PROFESSIONAL_FAKE_JOB_POSTING,0.8958235432330827,1
TabPFNv2,ft,BIN_TEXT_PROFESSIONAL_FAKE_JOB_POSTING,0.940951010338346,2
TabPFNv2,ft,BIN_TEXT_PROFESSIONAL_FAKE_JOB_POSTING,0.9192610432330828,3
TabPFNv2,ft,BIN_TEXT_PROFESSIONAL_FAKE_JOB_POSTING,0.9022923519736844,4
TabPFNv2,no_text,BIN_TEXT_PROFESSIONAL_FAKE_JOB_POSTING,0.6906499647556391,0
TabPFNv2,no_text,BIN_TEXT_PROFESSIONAL_FAKE_JOB_POSTING,0.7103280662593986,1
TabPFNv2,no_text,BIN_TEXT_PROFESSIONAL_FAKE_JOB_POSTING,0.6552440671992482,2
TabPFNv2,no_text,BIN_TEXT_PROFESSIONAL_FAKE_JOB_POSTING,0.691391564849624,3
TabPFNv2,no_text,BIN_TEXT_PROFESSIONAL_FAKE_JOB_POSTING,0.683850740131579,4
TabPFNv2,text_only,BIN_TEXT_PROFESSIONAL_FAKE_JOB_POSTING,0.9238868656015036,0
TabPFNv2,text_only,BIN_TEXT_PROFESSIONAL_FAKE_JOB_POSTING,0.8897438909774436,1
TabPFNv2,text_only,BIN_TEXT_PROFESSIONAL_FAKE_JOB_POSTING,0.929922462406015,2
TabPFNv2,text_only,BIN_TEXT_PROFESSIONAL_FAKE_JOB_POSTING,0.9051779840225564,3
TabPFNv2,text_only,BIN_TEXT_PROFESSIONAL_FAKE_JOB_POSTING,0.8704769736842105,4
XGBoost,all,BIN_TEXT_PROFESSIONAL_FAKE_JOB_POSTING,0.9066905545112784,0
XGBoost,all,BIN_TEXT_PROFESSIONAL_FAKE_JOB_POSTING,0.8866453242481203,1
XGBoost,all,BIN_TEXT_PROFESSIONAL_FAKE_JOB_POSTING,0.908628994360902,2
XGBoost,all,BIN_TEXT_PROFESSIONAL_FAKE_JOB_POSTING,0.913093280075188,3
XGBoost,all,BIN_TEXT_PROFESSIONAL_FAKE_JOB_POSTING,0.8907277960526316,4
XGBoost,ft,BIN_TEXT_PROFESSIONAL_FAKE_JOB_POSTING,0.9373531484962406,0
XGBoost,ft,BIN_TEXT_PROFESSIONAL_FAKE_JOB_POSTING,0.8595585643796992,1
XGBoost,ft,BIN_TEXT_PROFESSIONAL_FAKE_JOB_POSTING,0.9000381813909775,2
XGBoost,ft,BIN_TEXT_PROFESSIONAL_FAKE_JOB_POSTING,0.8927543468045114,3
XGBoost,ft,BIN_TEXT_PROFESSIONAL_FAKE_JOB_POSTING,0.9136733435150376,4
XGBoost,no_text,BIN_TEXT_PROFESSIONAL_FAKE_JOB_POSTING,0.689196134868421,0
XGBoost,no_text,BIN_TEXT_PROFESSIONAL_FAKE_JOB_POSTING,0.7242495888157894,1
XGBoost,no_text,BIN_TEXT_PROFESSIONAL_FAKE_JOB_POSTING,0.6549209938909775,2
XGBoost,no_text,BIN_TEXT_PROFESSIONAL_FAKE_JOB_POSTING,0.7049753289473684,3
XGBoost,no_text,BIN_TEXT_PROFESSIONAL_FAKE_JOB_POSTING,0.6736005051691729,4
XGBoost,text_only,BIN_TEXT_PROFESSIONAL_FAKE_JOB_POSTING,0.8836201832706766,0
XGBoost,text_only,BIN_TEXT_PROFESSIONAL_FAKE_JOB_POSTING,0.8854411419172933,1
XGBoost,text_only,BIN_TEXT_PROFESSIONAL_FAKE_JOB_POSTING,0.9036654135338346,2
XGBoost,text_only,BIN_TEXT_PROFESSIONAL_FAKE_JOB_POSTING,0.904311560150376,3
XGBoost,text_only,BIN_TEXT_PROFESSIONAL_FAKE_JOB_POSTING,0.8675399436090225,4
CatBoost,all,BIN_TEXT_PROFESSIONAL_KICKSTARTER_FUNDING,0.7367624080882353,0
CatBoost,all,BIN_TEXT_PROFESSIONAL_KICKSTARTER_FUNDING,0.7294140625000001,1
CatBoost,all,BIN_TEXT_PROFESSIONAL_KICKSTARTER_FUNDING,0.7514510569852941,2
CatBoost,all,BIN_TEXT_PROFESSIONAL_KICKSTARTER_FUNDING,0.7239223345588236,3
CatBoost,all,BIN_TEXT_PROFESSIONAL_KICKSTARTER_FUNDING,0.7200769761029412,4
CatBoost,ft,BIN_TEXT_PROFESSIONAL_KICKSTARTER_FUNDING,0.7491314338235294,0
CatBoost,ft,BIN_TEXT_PROFESSIONAL_KICKSTARTER_FUNDING,0.7343612132352941,1
CatBoost,ft,BIN_TEXT_PROFESSIONAL_KICKSTARTER_FUNDING,0.7576459099264705,2
CatBoost,ft,BIN_TEXT_PROFESSIONAL_KICKSTARTER_FUNDING,0.7515487132352942,3
CatBoost,ft,BIN_TEXT_PROFESSIONAL_KICKSTARTER_FUNDING,0.734694393382353,4
CatBoost,no_text,BIN_TEXT_PROFESSIONAL_KICKSTARTER_FUNDING,0.604416934742647,0
CatBoost,no_text,BIN_TEXT_PROFESSIONAL_KICKSTARTER_FUNDING,0.6065320542279411,1
CatBoost,no_text,BIN_TEXT_PROFESSIONAL_KICKSTARTER_FUNDING,0.6162321920955882,2
CatBoost,no_text,BIN_TEXT_PROFESSIONAL_KICKSTARTER_FUNDING,0.6248569623161766,3
CatBoost,no_text,BIN_TEXT_PROFESSIONAL_KICKSTARTER_FUNDING,0.6064918428308823,4
CatBoost,text_only,BIN_TEXT_PROFESSIONAL_KICKSTARTER_FUNDING,0.7095473345588235,0
CatBoost,text_only,BIN_TEXT_PROFESSIONAL_KICKSTARTER_FUNDING,0.6901022518382351,1
CatBoost,text_only,BIN_TEXT_PROFESSIONAL_KICKSTARTER_FUNDING,0.7210776654411765,2
CatBoost,text_only,BIN_TEXT_PROFESSIONAL_KICKSTARTER_FUNDING,0.6855066636029411,3
CatBoost,text_only,BIN_TEXT_PROFESSIONAL_KICKSTARTER_FUNDING,0.6964568014705882,4
LightGBM,all,BIN_TEXT_PROFESSIONAL_KICKSTARTER_FUNDING,0.7249080882352942,0
LightGBM,all,BIN_TEXT_PROFESSIONAL_KICKSTARTER_FUNDING,0.7249632352941177,1
LightGBM,all,BIN_TEXT_PROFESSIONAL_KICKSTARTER_FUNDING,0.7434478400735295,2
LightGBM,all,BIN_TEXT_PROFESSIONAL_KICKSTARTER_FUNDING,0.712903262867647,3
LightGBM,all,BIN_TEXT_PROFESSIONAL_KICKSTARTER_FUNDING,0.7185144761029412,4
LightGBM,ft,BIN_TEXT_PROFESSIONAL_KICKSTARTER_FUNDING,0.7481227022058823,0
LightGBM,ft,BIN_TEXT_PROFESSIONAL_KICKSTARTER_FUNDING,0.7309466911764706,1
LightGBM,ft,BIN_TEXT_PROFESSIONAL_KICKSTARTER_FUNDING,0.7549253216911764,2
LightGBM,ft,BIN_TEXT_PROFESSIONAL_KICKSTARTER_FUNDING,0.7471829044117647,3
LightGBM,ft,BIN_TEXT_PROFESSIONAL_KICKSTARTER_FUNDING,0.7263982077205883,4
LightGBM,no_text,BIN_TEXT_PROFESSIONAL_KICKSTARTER_FUNDING,0.5903170955882353,0
LightGBM,no_text,BIN_TEXT_PROFESSIONAL_KICKSTARTER_FUNDING,0.5983754595588235,1
LightGBM,no_text,BIN_TEXT_PROFESSIONAL_KICKSTARTER_FUNDING,0.5957203584558823,2
LightGBM,no_text,BIN_TEXT_PROFESSIONAL_KICKSTARTER_FUNDING,0.6031789981617647,3
LightGBM,no_text,BIN_TEXT_PROFESSIONAL_KICKSTARTER_FUNDING,0.5852786075367646,4
LightGBM,text_only,BIN_TEXT_PROFESSIONAL_KICKSTARTER_FUNDING,0.6967796415441176,0
LightGBM,text_only,BIN_TEXT_PROFESSIONAL_KICKSTARTER_FUNDING,0.6847564338235295,1
LightGBM,text_only,BIN_TEXT_PROFESSIONAL_KICKSTARTER_FUNDING,0.7123242187500001,2
LightGBM,text_only,BIN_TEXT_PROFESSIONAL_KICKSTARTER_FUNDING,0.680631893382353,3
LightGBM,text_only,BIN_TEXT_PROFESSIONAL_KICKSTARTER_FUNDING,0.6854813878676471,4
RandomForest,all,BIN_TEXT_PROFESSIONAL_KICKSTARTER_FUNDING,0.6930129825367646,0
RandomForest,all,BIN_TEXT_PROFESSIONAL_KICKSTARTER_FUNDING,0.6930531939338236,1
RandomForest,all,BIN_TEXT_PROFESSIONAL_KICKSTARTER_FUNDING,0.7156858915441177,2
RandomForest,all,BIN_TEXT_PROFESSIONAL_KICKSTARTER_FUNDING,0.6880474494485295,3
RandomForest,all,BIN_TEXT_PROFESSIONAL_KICKSTARTER_FUNDING,0.6944468060661766,4
RandomForest,ft,BIN_TEXT_PROFESSIONAL_KICKSTARTER_FUNDING,0.7299758731617647,0
RandomForest,ft,BIN_TEXT_PROFESSIONAL_KICKSTARTER_FUNDING,0.7164792049632352,1
RandomForest,ft,BIN_TEXT_PROFESSIONAL_KICKSTARTER_FUNDING,0.7481152343749999,2
RandomForest,ft,BIN_TEXT_PROFESSIONAL_KICKSTARTER_FUNDING,0.721872127757353,3
RandomForest,ft,BIN_TEXT_PROFESSIONAL_KICKSTARTER_FUNDING,0.7079417509191177,4
RandomForest,no_text,BIN_TEXT_PROFESSIONAL_KICKSTARTER_FUNDING,0.5696737132352941,0
RandomForest,no_text,BIN_TEXT_PROFESSIONAL_KICKSTARTER_FUNDING,0.5702659696691176,1
RandomForest,no_text,BIN_TEXT_PROFESSIONAL_KICKSTARTER_FUNDING,0.5773466222426471,2
RandomForest,no_text,BIN_TEXT_PROFESSIONAL_KICKSTARTER_FUNDING,0.5862764246323529,3
RandomForest,no_text,BIN_TEXT_PROFESSIONAL_KICKSTARTER_FUNDING,0.5743106617647058,4
RandomForest,text_only,BIN_TEXT_PROFESSIONAL_KICKSTARTER_FUNDING,0.6789217601102941,0
RandomForest,text_only,BIN_TEXT_PROFESSIONAL_KICKSTARTER_FUNDING,0.6607123161764705,1
RandomForest,text_only,BIN_TEXT_PROFESSIONAL_KICKSTARTER_FUNDING,0.692126034007353,2
RandomForest,text_only,BIN_TEXT_PROFESSIONAL_KICKSTARTER_FUNDING,0.6576487821691176,3
RandomForest,text_only,BIN_TEXT_PROFESSIONAL_KICKSTARTER_FUNDING,0.6646840533088235,4
RealMLP,all,BIN_TEXT_PROFESSIONAL_KICKSTARTER_FUNDING,0.7167520680147059,0
RealMLP,all,BIN_TEXT_PROFESSIONAL_KICKSTARTER_FUNDING,0.7051711856617646,1
RealMLP,all,BIN_TEXT_PROFESSIONAL_KICKSTARTER_FUNDING,0.7323477711397058,2
RealMLP,all,BIN_TEXT_PROFESSIONAL_KICKSTARTER_FUNDING,0.733366268382353,3
RealMLP,all,BIN_TEXT_PROFESSIONAL_KICKSTARTER_FUNDING,0.7218221507352941,4
RealMLP,ft,BIN_TEXT_PROFESSIONAL_KICKSTARTER_FUNDING,0.7449253216911764,0
RealMLP,ft,BIN_TEXT_PROFESSIONAL_KICKSTARTER_FUNDING,0.7275183823529411,1
RealMLP,ft,BIN_TEXT_PROFESSIONAL_KICKSTARTER_FUNDING,0.7489947150735294,2
RealMLP,ft,BIN_TEXT_PROFESSIONAL_KICKSTARTER_FUNDING,0.7314476102941176,3
RealMLP,ft,BIN_TEXT_PROFESSIONAL_KICKSTARTER_FUNDING,0.729967830882353,4
RealMLP,no_text,BIN_TEXT_PROFESSIONAL_KICKSTARTER_FUNDING,0.6072271369485295,0
RealMLP,no_text,BIN_TEXT_PROFESSIONAL_KICKSTARTER_FUNDING,0.6075965073529411,1
RealMLP,no_text,BIN_TEXT_PROFESSIONAL_KICKSTARTER_FUNDING,0.6144456571691177,2
RealMLP,no_text,BIN_TEXT_PROFESSIONAL_KICKSTARTER_FUNDING,0.6226177619485294,3
RealMLP,no_text,BIN_TEXT_PROFESSIONAL_KICKSTARTER_FUNDING,0.60486328125,4
RealMLP,text_only,BIN_TEXT_PROFESSIONAL_KICKSTARTER_FUNDING,0.7115280330882353,0
RealMLP,text_only,BIN_TEXT_PROFESSIONAL_KICKSTARTER_FUNDING,0.6782789522058823,1
RealMLP,text_only,BIN_TEXT_PROFESSIONAL_KICKSTARTER_FUNDING,0.701916934742647,2
RealMLP,text_only,BIN_TEXT_PROFESSIONAL_KICKSTARTER_FUNDING,0.6623127297794118,3
RealMLP,text_only,BIN_TEXT_PROFESSIONAL_KICKSTARTER_FUNDING,0.6802734375,4
TabDPT,all,BIN_TEXT_PROFESSIONAL_KICKSTARTER_FUNDING,0.7020588235294117,0
TabDPT,all,BIN_TEXT_PROFESSIONAL_KICKSTARTER_FUNDING,0.6819967830882354,1
TabDPT,all,BIN_TEXT_PROFESSIONAL_KICKSTARTER_FUNDING,0.7166819852941178,2
TabDPT,all,BIN_TEXT_PROFESSIONAL_KICKSTARTER_FUNDING,0.6938120404411764,3
TabDPT,all,BIN_TEXT_PROFESSIONAL_KICKSTARTER_FUNDING,0.6804526654411764,4
TabDPT,ft,BIN_TEXT_PROFESSIONAL_KICKSTARTER_FUNDING,0.7167865349264706,0
TabDPT,ft,BIN_TEXT_PROFESSIONAL_KICKSTARTER_FUNDING,0.6909030330882352,1
TabDPT,ft,BIN_TEXT_PROFESSIONAL_KICKSTARTER_FUNDING,0.71921875,2
TabDPT,ft,BIN_TEXT_PROFESSIONAL_KICKSTARTER_FUNDING,0.7104572610294119,3
TabDPT,ft,BIN_TEXT_PROFESSIONAL_KICKSTARTER_FUNDING,0.6904136029411764,4
TabDPT,no_text,BIN_TEXT_PROFESSIONAL_KICKSTARTER_FUNDING,0.6108794806985295,0
TabDPT,no_text,BIN_TEXT_PROFESSIONAL_KICKSTARTER_FUNDING,0.6051930147058823,1
TabDPT,no_text,BIN_TEXT_PROFESSIONAL_KICKSTARTER_FUNDING,0.618197380514706,2
TabDPT,no_text,BIN_TEXT_PROFESSIONAL_KICKSTARTER_FUNDING,0.6189326746323529,3
TabDPT,no_text,BIN_TEXT_PROFESSIONAL_KICKSTARTER_FUNDING,0.6040326286764706,4
TabDPT,text_only,BIN_TEXT_PROFESSIONAL_KICKSTARTER_FUNDING,0.6933628216911765,0
TabDPT,text_only,BIN_TEXT_PROFESSIONAL_KICKSTARTER_FUNDING,0.6891027113970588,1
TabDPT,text_only,BIN_TEXT_PROFESSIONAL_KICKSTARTER_FUNDING,0.7176378676470587,2
TabDPT,text_only,BIN_TEXT_PROFESSIONAL_KICKSTARTER_FUNDING,0.6842474724264705,3
TabDPT,text_only,BIN_TEXT_PROFESSIONAL_KICKSTARTER_FUNDING,0.6726332720588235,4
TabICLv2,all,BIN_TEXT_PROFESSIONAL_KICKSTARTER_FUNDING,0.7437775735294118,0
TabICLv2,all,BIN_TEXT_PROFESSIONAL_KICKSTARTER_FUNDING,0.737297794117647,1
TabICLv2,all,BIN_TEXT_PROFESSIONAL_KICKSTARTER_FUNDING,0.7593830422794117,2
TabICLv2,all,BIN_TEXT_PROFESSIONAL_KICKSTARTER_FUNDING,0.7404406020220589,3
TabICLv2,all,BIN_TEXT_PROFESSIONAL_KICKSTARTER_FUNDING,0.7357508042279413,4
TabICLv2,ft,BIN_TEXT_PROFESSIONAL_KICKSTARTER_FUNDING,0.7481939338235293,0
TabICLv2,ft,BIN_TEXT_PROFESSIONAL_KICKSTARTER_FUNDING,0.7460460707720588,1
TabICLv2,ft,BIN_TEXT_PROFESSIONAL_KICKSTARTER_FUNDING,0.770771484375,2
TabICLv2,ft,BIN_TEXT_PROFESSIONAL_KICKSTARTER_FUNDING,0.7519215303308824,3
TabICLv2,ft,BIN_TEXT_PROFESSIONAL_KICKSTARTER_FUNDING,0.7289993106617647,4
TabICLv2,no_text,BIN_TEXT_PROFESSIONAL_KICKSTARTER_FUNDING,0.5976062729779412,0
TabICLv2,no_text,BIN_TEXT_PROFESSIONAL_KICKSTARTER_FUNDING,0.6074161305147058,1
TabICLv2,no_text,BIN_TEXT_PROFESSIONAL_KICKSTARTER_FUNDING,0.6187930836397059,2
TabICLv2,no_text,BIN_TEXT_PROFESSIONAL_KICKSTARTER_FUNDING,0.6036115579044117,3
TabICLv2,no_text,BIN_TEXT_PROFESSIONAL_KICKSTARTER_FUNDING,0.5877987132352941,4
TabICLv2,text_only,BIN_TEXT_PROFESSIONAL_KICKSTARTER_FUNDING,0.722562614889706,0
TabICLv2,text_only,BIN_TEXT_PROFESSIONAL_KICKSTARTER_FUNDING,0.7011040900735295,1
TabICLv2,text_only,BIN_TEXT_PROFESSIONAL_KICKSTARTER_FUNDING,0.7368767233455882,2
TabICLv2,text_only,BIN_TEXT_PROFESSIONAL_KICKSTARTER_FUNDING,0.7056749770220588,3
TabICLv2,text_only,BIN_TEXT_PROFESSIONAL_KICKSTARTER_FUNDING,0.7065297564338235,4
TabM,all,BIN_TEXT_PROFESSIONAL_KICKSTARTER_FUNDING,0.749626034007353,0
TabM,all,BIN_TEXT_PROFESSIONAL_KICKSTARTER_FUNDING,0.7426815257352941,1
TabM,all,BIN_TEXT_PROFESSIONAL_KICKSTARTER_FUNDING,0.7567784926470588,2
TabM,all,BIN_TEXT_PROFESSIONAL_KICKSTARTER_FUNDING,0.7383185891544118,3
TabM,all,BIN_TEXT_PROFESSIONAL_KICKSTARTER_FUNDING,0.7317991727941177,4
TabM,ft,BIN_TEXT_PROFESSIONAL_KICKSTARTER_FUNDING,0.7362729779411765,0
TabM,ft,BIN_TEXT_PROFESSIONAL_KICKSTARTER_FUNDING,0.7400068933823529,1
TabM,ft,BIN_TEXT_PROFESSIONAL_KICKSTARTER_FUNDING,0.7641900275735295,2
TabM,ft,BIN_TEXT_PROFESSIONAL_KICKSTARTER_FUNDING,0.7486081112132352,3
TabM,ft,BIN_TEXT_PROFESSIONAL_KICKSTARTER_FUNDING,0.7371059283088235,4
TabM,no_text,BIN_TEXT_PROFESSIONAL_KICKSTARTER_FUNDING,0.6078693704044118,0
TabM,no_text,BIN_TEXT_PROFESSIONAL_KICKSTARTER_FUNDING,0.6074913832720588,1
TabM,no_text,BIN_TEXT_PROFESSIONAL_KICKSTARTER_FUNDING,0.6149057904411765,2
TabM,no_text,BIN_TEXT_PROFESSIONAL_KICKSTARTER_FUNDING,0.6257749310661764,3
TabM,no_text,BIN_TEXT_PROFESSIONAL_KICKSTARTER_FUNDING,0.6155824908088237,4
TabM,text_only,BIN_TEXT_PROFESSIONAL_KICKSTARTER_FUNDING,0.7175252757352941,0
TabM,text_only,BIN_TEXT_PROFESSIONAL_KICKSTARTER_FUNDING,0.7029136029411763,1
TabM,text_only,BIN_TEXT_PROFESSIONAL_KICKSTARTER_FUNDING,0.7275218290441178,2
TabM,text_only,BIN_TEXT_PROFESSIONAL_KICKSTARTER_FUNDING,0.6989958639705882,3
TabM,text_only,BIN_TEXT_PROFESSIONAL_KICKSTARTER_FUNDING,0.697610294117647,4
TabPFN-2.5,all,BIN_TEXT_PROFESSIONAL_KICKSTARTER_FUNDING,0.7425677849264707,0
TabPFN-2.5,all,BIN_TEXT_PROFESSIONAL_KICKSTARTER_FUNDING,0.7429268152573529,1
TabPFN-2.5,all,BIN_TEXT_PROFESSIONAL_KICKSTARTER_FUNDING,0.7563200827205883,2
TabPFN-2.5,all,BIN_TEXT_PROFESSIONAL_KICKSTARTER_FUNDING,0.7419795496323529,3
TabPFN-2.5,all,BIN_TEXT_PROFESSIONAL_KICKSTARTER_FUNDING,0.7306439568014705,4
TabPFN-2.5,ft,BIN_TEXT_PROFESSIONAL_KICKSTARTER_FUNDING,0.7576424632352942,0
TabPFN-2.5,ft,BIN_TEXT_PROFESSIONAL_KICKSTARTER_FUNDING,0.7469088924632352,1
TabPFN-2.5,ft,BIN_TEXT_PROFESSIONAL_KICKSTARTER_FUNDING,0.7654451976102942,2
TabPFN-2.5,ft,BIN_TEXT_PROFESSIONAL_KICKSTARTER_FUNDING,0.7550712316176471,3
TabPFN-2.5,ft,BIN_TEXT_PROFESSIONAL_KICKSTARTER_FUNDING,0.7284765625,4
TabPFN-2.5,no_text,BIN_TEXT_PROFESSIONAL_KICKSTARTER_FUNDING,0.60724609375,0
TabPFN-2.5,no_text,BIN_TEXT_PROFESSIONAL_KICKSTARTER_FUNDING,0.6086896829044117,1
TabPFN-2.5,no_text,BIN_TEXT_PROFESSIONAL_KICKSTARTER_FUNDING,0.6148345588235294,2
TabPFN-2.5,no_text,BIN_TEXT_PROFESSIONAL_KICKSTARTER_FUNDING,0.6260437729779411,3
TabPFN-2.5,no_text,BIN_TEXT_PROFESSIONAL_KICKSTARTER_FUNDING,0.6094100413602941,4
TabPFN-2.5,text_only,BIN_TEXT_PROFESSIONAL_KICKSTARTER_FUNDING,0.7199689797794118,0
TabPFN-2.5,text_only,BIN_TEXT_PROFESSIONAL_KICKSTARTER_FUNDING,0.7095938648897059,1
TabPFN-2.5,text_only,BIN_TEXT_PROFESSIONAL_KICKSTARTER_FUNDING,0.7293388097426471,2
TabPFN-2.5,text_only,BIN_TEXT_PROFESSIONAL_KICKSTARTER_FUNDING,0.7011827895220588,3
TabPFN-2.5,text_only,BIN_TEXT_PROFESSIONAL_KICKSTARTER_FUNDING,0.7027935431985294,4
TabPFNv2,all,BIN_TEXT_PROFESSIONAL_KICKSTARTER_FUNDING,0.7264252068014705,0
TabPFNv2,all,BIN_TEXT_PROFESSIONAL_KICKSTARTER_FUNDING,0.7307042738970588,1
TabPFNv2,all,BIN_TEXT_PROFESSIONAL_KICKSTARTER_FUNDING,0.7443629365808824,2
TabPFNv2,all,BIN_TEXT_PROFESSIONAL_KICKSTARTER_FUNDING,0.7287879136029412,3
TabPFNv2,all,BIN_TEXT_PROFESSIONAL_KICKSTARTER_FUNDING,0.72111328125,4
TabPFNv2,ft,BIN_TEXT_PROFESSIONAL_KICKSTARTER_FUNDING,0.7533829273897059,0
TabPFNv2,ft,BIN_TEXT_PROFESSIONAL_KICKSTARTER_FUNDING,0.7371897977941176,1
TabPFNv2,ft,BIN_TEXT_PROFESSIONAL_KICKSTARTER_FUNDING,0.7599350873161764,2
TabPFNv2,ft,BIN_TEXT_PROFESSIONAL_KICKSTARTER_FUNDING,0.7402855009191177,3
TabPFNv2,ft,BIN_TEXT_PROFESSIONAL_KICKSTARTER_FUNDING,0.725849609375,4
TabPFNv2,no_text,BIN_TEXT_PROFESSIONAL_KICKSTARTER_FUNDING,0.6072213924632353,0
TabPFNv2,no_text,BIN_TEXT_PROFESSIONAL_KICKSTARTER_FUNDING,0.6076229319852942,1
TabPFNv2,no_text,BIN_TEXT_PROFESSIONAL_KICKSTARTER_FUNDING,0.6115831801470588,2
TabPFNv2,no_text,BIN_TEXT_PROFESSIONAL_KICKSTARTER_FUNDING,0.6270973115808823,3
TabPFNv2,no_text,BIN_TEXT_PROFESSIONAL_KICKSTARTER_FUNDING,0.6086977251838235,4
TabPFNv2,text_only,BIN_TEXT_PROFESSIONAL_KICKSTARTER_FUNDING,0.7020410156249999,0
TabPFNv2,text_only,BIN_TEXT_PROFESSIONAL_KICKSTARTER_FUNDING,0.697806755514706,1
TabPFNv2,text_only,BIN_TEXT_PROFESSIONAL_KICKSTARTER_FUNDING,0.7202969898897058,2
TabPFNv2,text_only,BIN_TEXT_PROFESSIONAL_KICKSTARTER_FUNDING,0.6881422334558822,3
TabPFNv2,text_only,BIN_TEXT_PROFESSIONAL_KICKSTARTER_FUNDING,0.6881554457720589,4
XGBoost,all,BIN_TEXT_PROFESSIONAL_KICKSTARTER_FUNDING,0.680768612132353,0
XGBoost,all,BIN_TEXT_PROFESSIONAL_KICKSTARTER_FUNDING,0.6872644761029413,1
XGBoost,all,BIN_TEXT_PROFESSIONAL_KICKSTARTER_FUNDING,0.7094875919117647,2
XGBoost,all,BIN_TEXT_PROFESSIONAL_KICKSTARTER_FUNDING,0.6885592830882354,3
XGBoost,all,BIN_TEXT_PROFESSIONAL_KICKSTARTER_FUNDING,0.6882915900735294,4
XGBoost,ft,BIN_TEXT_PROFESSIONAL_KICKSTARTER_FUNDING,0.7296564797794118,0
XGBoost,ft,BIN_TEXT_PROFESSIONAL_KICKSTARTER_FUNDING,0.717992302389706,1
XGBoost,ft,BIN_TEXT_PROFESSIONAL_KICKSTARTER_FUNDING,0.7405170036764706,2
XGBoost,ft,BIN_TEXT_PROFESSIONAL_KICKSTARTER_FUNDING,0.7264401424632353,3
XGBoost,ft,BIN_TEXT_PROFESSIONAL_KICKSTARTER_FUNDING,0.7117279411764704,4
XGBoost,no_text,BIN_TEXT_PROFESSIONAL_KICKSTARTER_FUNDING,0.6038528262867646,0
XGBoost,no_text,BIN_TEXT_PROFESSIONAL_KICKSTARTER_FUNDING,0.6038051470588235,1
XGBoost,no_text,BIN_TEXT_PROFESSIONAL_KICKSTARTER_FUNDING,0.6087712545955882,2
XGBoost,no_text,BIN_TEXT_PROFESSIONAL_KICKSTARTER_FUNDING,0.6094335937500001,3
XGBoost,no_text,BIN_TEXT_PROFESSIONAL_KICKSTARTER_FUNDING,0.6015854779411764,4
XGBoost,text_only,BIN_TEXT_PROFESSIONAL_KICKSTARTER_FUNDING,0.6672449448529412,0
XGBoost,text_only,BIN_TEXT_PROFESSIONAL_KICKSTARTER_FUNDING,0.6664602481617647,1
XGBoost,text_only,BIN_TEXT_PROFESSIONAL_KICKSTARTER_FUNDING,0.6878561580882353,2
XGBoost,text_only,BIN_TEXT_PROFESSIONAL_KICKSTARTER_FUNDING,0.6350459558823529,3
XGBoost,text_only,BIN_TEXT_PROFESSIONAL_KICKSTARTER_FUNDING,0.6490877757352941,4
CatBoost,all,BIN_TEXT_SOCIAL_IMDB_GENRE_PREDICTION,0.8029761904761905,0
CatBoost,all,BIN_TEXT_SOCIAL_IMDB_GENRE_PREDICTION,0.843452380952381,1
CatBoost,all,BIN_TEXT_SOCIAL_IMDB_GENRE_PREDICTION,0.8148809523809524,2
CatBoost,all,BIN_TEXT_SOCIAL_IMDB_GENRE_PREDICTION,0.868452380952381,3
CatBoost,all,BIN_TEXT_SOCIAL_IMDB_GENRE_PREDICTION,0.8261904761904761,4
CatBoost,ft,BIN_TEXT_SOCIAL_IMDB_GENRE_PREDICTION,0.8178571428571428,0
CatBoost,ft,BIN_TEXT_SOCIAL_IMDB_GENRE_PREDICTION,0.819047619047619,1
CatBoost,ft,BIN_TEXT_SOCIAL_IMDB_GENRE_PREDICTION,0.8196428571428571,2
CatBoost,ft,BIN_TEXT_SOCIAL_IMDB_GENRE_PREDICTION,0.863095238095238,3
CatBoost,ft,BIN_TEXT_SOCIAL_IMDB_GENRE_PREDICTION,0.7708333333333334,4
CatBoost,no_text,BIN_TEXT_SOCIAL_IMDB_GENRE_PREDICTION,0.7636904761904763,0
CatBoost,no_text,BIN_TEXT_SOCIAL_IMDB_GENRE_PREDICTION,0.8732142857142857,1
CatBoost,no_text,BIN_TEXT_SOCIAL_IMDB_GENRE_PREDICTION,0.8,2
CatBoost,no_text,BIN_TEXT_SOCIAL_IMDB_GENRE_PREDICTION,0.8958333333333334,3
CatBoost,no_text,BIN_TEXT_SOCIAL_IMDB_GENRE_PREDICTION,0.830952380952381,4
CatBoost,text_only,BIN_TEXT_SOCIAL_IMDB_GENRE_PREDICTION,0.7440476190476191,0
CatBoost,text_only,BIN_TEXT_SOCIAL_IMDB_GENRE_PREDICTION,0.7416666666666666,1
CatBoost,text_only,BIN_TEXT_SOCIAL_IMDB_GENRE_PREDICTION,0.7226190476190476,2
CatBoost,text_only,BIN_TEXT_SOCIAL_IMDB_GENRE_PREDICTION,0.8029761904761905,3
CatBoost,text_only,BIN_TEXT_SOCIAL_IMDB_GENRE_PREDICTION,0.7279761904761904,4
LightGBM,all,BIN_TEXT_SOCIAL_IMDB_GENRE_PREDICTION,0.7791666666666667,0
LightGBM,all,BIN_TEXT_SOCIAL_IMDB_GENRE_PREDICTION,0.8398809523809523,1
LightGBM,all,BIN_TEXT_SOCIAL_IMDB_GENRE_PREDICTION,0.8053571428571429,2
LightGBM,all,BIN_TEXT_SOCIAL_IMDB_GENRE_PREDICTION,0.8428571428571429,3
LightGBM,all,BIN_TEXT_SOCIAL_IMDB_GENRE_PREDICTION,0.7803571428571429,4
LightGBM,ft,BIN_TEXT_SOCIAL_IMDB_GENRE_PREDICTION,0.7964285714285714,0
LightGBM,ft,BIN_TEXT_SOCIAL_IMDB_GENRE_PREDICTION,0.805952380952381,1
LightGBM,ft,BIN_TEXT_SOCIAL_IMDB_GENRE_PREDICTION,0.8297619047619047,2
LightGBM,ft,BIN_TEXT_SOCIAL_IMDB_GENRE_PREDICTION,0.8166666666666667,3
LightGBM,ft,BIN_TEXT_SOCIAL_IMDB_GENRE_PREDICTION,0.7458333333333333,4
LightGBM,no_text,BIN_TEXT_SOCIAL_IMDB_GENRE_PREDICTION,0.7327380952380953,0
LightGBM,no_text,BIN_TEXT_SOCIAL_IMDB_GENRE_PREDICTION,0.8648809523809524,1
LightGBM,no_text,BIN_TEXT_SOCIAL_IMDB_GENRE_PREDICTION,0.756547619047619,2
LightGBM,no_text,BIN_TEXT_SOCIAL_IMDB_GENRE_PREDICTION,0.8363095238095238,3
LightGBM,no_text,BIN_TEXT_SOCIAL_IMDB_GENRE_PREDICTION,0.7988095238095239,4
LightGBM,text_only,BIN_TEXT_SOCIAL_IMDB_GENRE_PREDICTION,0.7190476190476192,0
LightGBM,text_only,BIN_TEXT_SOCIAL_IMDB_GENRE_PREDICTION,0.6738095238095239,1
LightGBM,text_only,BIN_TEXT_SOCIAL_IMDB_GENRE_PREDICTION,0.7113095238095237,2
LightGBM,text_only,BIN_TEXT_SOCIAL_IMDB_GENRE_PREDICTION,0.8071428571428572,3
LightGBM,text_only,BIN_TEXT_SOCIAL_IMDB_GENRE_PREDICTION,0.7184523809523811,4
RandomForest,all,BIN_TEXT_SOCIAL_IMDB_GENRE_PREDICTION,0.8550595238095239,0
RandomForest,all,BIN_TEXT_SOCIAL_IMDB_GENRE_PREDICTION,0.8761904761904762,1
RandomForest,all,BIN_TEXT_SOCIAL_IMDB_GENRE_PREDICTION,0.8598214285714286,2
RandomForest,all,BIN_TEXT_SOCIAL_IMDB_GENRE_PREDICTION,0.8696428571428572,3
RandomForest,all,BIN_TEXT_SOCIAL_IMDB_GENRE_PREDICTION,0.7910714285714285,4
RandomForest,ft,BIN_TEXT_SOCIAL_IMDB_GENRE_PREDICTION,0.8220238095238096,0
RandomForest,ft,BIN_TEXT_SOCIAL_IMDB_GENRE_PREDICTION,0.8586309523809524,1
RandomForest,ft,BIN_TEXT_SOCIAL_IMDB_GENRE_PREDICTION,0.8071428571428572,2
RandomForest,ft,BIN_TEXT_SOCIAL_IMDB_GENRE_PREDICTION,0.8791666666666667,3
RandomForest,ft,BIN_TEXT_SOCIAL_IMDB_GENRE_PREDICTION,0.7934523809523809,4
RandomForest,no_text,BIN_TEXT_SOCIAL_IMDB_GENRE_PREDICTION,0.7327380952380952,0
RandomForest,no_text,BIN_TEXT_SOCIAL_IMDB_GENRE_PREDICTION,0.8467261904761905,1
RandomForest,no_text,BIN_TEXT_SOCIAL_IMDB_GENRE_PREDICTION,0.7895833333333334,2
RandomForest,no_text,BIN_TEXT_SOCIAL_IMDB_GENRE_PREDICTION,0.8425595238095238,3
RandomForest,no_text,BIN_TEXT_SOCIAL_IMDB_GENRE_PREDICTION,0.7964285714285714,4
RandomForest,text_only,BIN_TEXT_SOCIAL_IMDB_GENRE_PREDICTION,0.7208333333333333,0
RandomForest,text_only,BIN_TEXT_SOCIAL_IMDB_GENRE_PREDICTION,0.7511904761904762,1
RandomForest,text_only,BIN_TEXT_SOCIAL_IMDB_GENRE_PREDICTION,0.6928571428571428,2
RandomForest,text_only,BIN_TEXT_SOCIAL_IMDB_GENRE_PREDICTION,0.8181547619047619,3
RandomForest,text_only,BIN_TEXT_SOCIAL_IMDB_GENRE_PREDICTION,0.7377976190476191,4
RealMLP,all,BIN_TEXT_SOCIAL_IMDB_GENRE_PREDICTION,0.8136904761904762,0
RealMLP,all,BIN_TEXT_SOCIAL_IMDB_GENRE_PREDICTION,0.8565476190476191,1
RealMLP,all,BIN_TEXT_SOCIAL_IMDB_GENRE_PREDICTION,0.7851190476190476,2
RealMLP,all,BIN_TEXT_SOCIAL_IMDB_GENRE_PREDICTION,0.8113095238095238,3
RealMLP,all,BIN_TEXT_SOCIAL_IMDB_GENRE_PREDICTION,0.7732142857142857,4
RealMLP,ft,BIN_TEXT_SOCIAL_IMDB_GENRE_PREDICTION,0.7946428571428572,0
RealMLP,ft,BIN_TEXT_SOCIAL_IMDB_GENRE_PREDICTION,0.8369047619047619,1
RealMLP,ft,BIN_TEXT_SOCIAL_IMDB_GENRE_PREDICTION,0.8077380952380953,2
RealMLP,ft,BIN_TEXT_SOCIAL_IMDB_GENRE_PREDICTION,0.4833333333333333,3
RealMLP,ft,BIN_TEXT_SOCIAL_IMDB_GENRE_PREDICTION,0.7613095238095239,4
RealMLP,no_text,BIN_TEXT_SOCIAL_IMDB_GENRE_PREDICTION,0.781547619047619,0
RealMLP,no_text,BIN_TEXT_SOCIAL_IMDB_GENRE_PREDICTION,0.8815476190476191,1
RealMLP,no_text,BIN_TEXT_SOCIAL_IMDB_GENRE_PREDICTION,0.8095238095238095,2
RealMLP,no_text,BIN_TEXT_SOCIAL_IMDB_GENRE_PREDICTION,0.869642857142857,3
RealMLP,no_text,BIN_TEXT_SOCIAL_IMDB_GENRE_PREDICTION,0.8476190476190476,4
RealMLP,text_only,BIN_TEXT_SOCIAL_IMDB_GENRE_PREDICTION,0.6107142857142858,0
RealMLP,text_only,BIN_TEXT_SOCIAL_IMDB_GENRE_PREDICTION,0.7738095238095237,1
RealMLP,text_only,BIN_TEXT_SOCIAL_IMDB_GENRE_PREDICTION,0.7035714285714285,2
RealMLP,text_only,BIN_TEXT_SOCIAL_IMDB_GENRE_PREDICTION,0.7625000000000001,3
RealMLP,text_only,BIN_TEXT_SOCIAL_IMDB_GENRE_PREDICTION,0.7250000000000001,4
TabDPT,all,BIN_TEXT_SOCIAL_IMDB_GENRE_PREDICTION,0.8261904761904761,0
TabDPT,all,BIN_TEXT_SOCIAL_IMDB_GENRE_PREDICTION,0.838095238095238,1
TabDPT,all,BIN_TEXT_SOCIAL_IMDB_GENRE_PREDICTION,0.8583333333333334,2
TabDPT,all,BIN_TEXT_SOCIAL_IMDB_GENRE_PREDICTION,0.8392857142857144,3
TabDPT,all,BIN_TEXT_SOCIAL_IMDB_GENRE_PREDICTION,0.8238095238095238,4
TabDPT,ft,BIN_TEXT_SOCIAL_IMDB_GENRE_PREDICTION,0.8357142857142857,0
TabDPT,ft,BIN_TEXT_SOCIAL_IMDB_GENRE_PREDICTION,0.8571428571428572,1
TabDPT,ft,BIN_TEXT_SOCIAL_IMDB_GENRE_PREDICTION,0.7988095238095239,2
TabDPT,ft,BIN_TEXT_SOCIAL_IMDB_GENRE_PREDICTION,0.85,3
TabDPT,ft,BIN_TEXT_SOCIAL_IMDB_GENRE_PREDICTION,0.8107142857142857,4
TabDPT,no_text,BIN_TEXT_SOCIAL_IMDB_GENRE_PREDICTION,0.8041666666666667,0
TabDPT,no_text,BIN_TEXT_SOCIAL_IMDB_GENRE_PREDICTION,0.8863095238095237,1
TabDPT,no_text,BIN_TEXT_SOCIAL_IMDB_GENRE_PREDICTION,0.8148809523809524,2
TabDPT,no_text,BIN_TEXT_SOCIAL_IMDB_GENRE_PREDICTION,0.8845238095238096,3
TabDPT,no_text,BIN_TEXT_SOCIAL_IMDB_GENRE_PREDICTION,0.8505952380952381,4
TabDPT,text_only,BIN_TEXT_SOCIAL_IMDB_GENRE_PREDICTION,0.7785714285714286,0
TabDPT,text_only,BIN_TEXT_SOCIAL_IMDB_GENRE_PREDICTION,0.7916666666666667,1
TabDPT,text_only,BIN_TEXT_SOCIAL_IMDB_GENRE_PREDICTION,0.75,2
TabDPT,text_only,BIN_TEXT_SOCIAL_IMDB_GENRE_PREDICTION,0.8261904761904763,3
TabDPT,text_only,BIN_TEXT_SOCIAL_IMDB_GENRE_PREDICTION,0.7999999999999999,4
TabICLv2,all,BIN_TEXT_SOCIAL_IMDB_GENRE_PREDICTION,0.8696428571428572,0
TabICLv2,all,BIN_TEXT_SOCIAL_IMDB_GENRE_PREDICTION,0.8797619047619047,1
TabICLv2,all,BIN_TEXT_SOCIAL_IMDB_GENRE_PREDICTION,0.8488095238095238,2
TabICLv2,all,BIN_TEXT_SOCIAL_IMDB_GENRE_PREDICTION,0.8958333333333333,3
TabICLv2,all,BIN_TEXT_SOCIAL_IMDB_GENRE_PREDICTION,0.880952380952381,4
TabICLv2,ft,BIN_TEXT_SOCIAL_IMDB_GENRE_PREDICTION,0.8779761904761905,0
TabICLv2,ft,BIN_TEXT_SOCIAL_IMDB_GENRE_PREDICTION,0.8863095238095238,1
TabICLv2,ft,BIN_TEXT_SOCIAL_IMDB_GENRE_PREDICTION,0.819047619047619,2
TabICLv2,ft,BIN_TEXT_SOCIAL_IMDB_GENRE_PREDICTION,0.9023809523809524,3
TabICLv2,ft,BIN_TEXT_SOCIAL_IMDB_GENRE_PREDICTION,0.8610119047619047,4
TabICLv2,no_text,BIN_TEXT_SOCIAL_IMDB_GENRE_PREDICTION,0.799404761904762,0
TabICLv2,no_text,BIN_TEXT_SOCIAL_IMDB_GENRE_PREDICTION,0.8904761904761905,1
TabICLv2,no_text,BIN_TEXT_SOCIAL_IMDB_GENRE_PREDICTION,0.8125,2
TabICLv2,no_text,BIN_TEXT_SOCIAL_IMDB_GENRE_PREDICTION,0.8857142857142858,3
TabICLv2,no_text,BIN_TEXT_SOCIAL_IMDB_GENRE_PREDICTION,0.8690476190476191,4
TabICLv2,text_only,BIN_TEXT_SOCIAL_IMDB_GENRE_PREDICTION,0.8053571428571429,0
TabICLv2,text_only,BIN_TEXT_SOCIAL_IMDB_GENRE_PREDICTION,0.8095238095238095,1
TabICLv2,text_only,BIN_TEXT_SOCIAL_IMDB_GENRE_PREDICTION,0.769047619047619,2
TabICLv2,text_only,BIN_TEXT_SOCIAL_IMDB_GENRE_PREDICTION,0.8601190476190477,3
TabICLv2,text_only,BIN_TEXT_SOCIAL_IMDB_GENRE_PREDICTION,0.8386904761904763,4
TabM,all,BIN_TEXT_SOCIAL_IMDB_GENRE_PREDICTION,0.8101190476190476,0
TabM,all,BIN_TEXT_SOCIAL_IMDB_GENRE_PREDICTION,0.9148809523809524,1
TabM,all,BIN_TEXT_SOCIAL_IMDB_GENRE_PREDICTION,0.8113095238095238,2
TabM,all,BIN_TEXT_SOCIAL_IMDB_GENRE_PREDICTION,0.875595238095238,3
TabM,all,BIN_TEXT_SOCIAL_IMDB_GENRE_PREDICTION,0.8434523809523808,4
TabM,ft,BIN_TEXT_SOCIAL_IMDB_GENRE_PREDICTION,0.8380952380952381,0
TabM,ft,BIN_TEXT_SOCIAL_IMDB_GENRE_PREDICTION,0.8672619047619048,1
TabM,ft,BIN_TEXT_SOCIAL_IMDB_GENRE_PREDICTION,0.7785714285714286,2
TabM,ft,BIN_TEXT_SOCIAL_IMDB_GENRE_PREDICTION,0.850595238095238,3
TabM,ft,BIN_TEXT_SOCIAL_IMDB_GENRE_PREDICTION,0.7976190476190477,4
TabM,no_text,BIN_TEXT_SOCIAL_IMDB_GENRE_PREDICTION,0.7678571428571428,0
TabM,no_text,BIN_TEXT_SOCIAL_IMDB_GENRE_PREDICTION,0.8863095238095238,1
TabM,no_text,BIN_TEXT_SOCIAL_IMDB_GENRE_PREDICTION,0.8107142857142857,2
TabM,no_text,BIN_TEXT_SOCIAL_IMDB_GENRE_PREDICTION,0.8785714285714286,3
TabM,no_text,BIN_TEXT_SOCIAL_IMDB_GENRE_PREDICTION,0.8136904761904762,4
TabM,text_only,BIN_TEXT_SOCIAL_IMDB_GENRE_PREDICTION,0.743452380952381,0
TabM,text_only,BIN_TEXT_SOCIAL_IMDB_GENRE_PREDICTION,0.7886904761904763,1
TabM,text_only,BIN_TEXT_SOCIAL_IMDB_GENRE_PREDICTION,0.6952380952380953,2
TabM,text_only,BIN_TEXT_SOCIAL_IMDB_GENRE_PREDICTION,0.8273809523809523,3
TabM,text_only,BIN_TEXT_SOCIAL_IMDB_GENRE_PREDICTION,0.7821428571428571,4
TabPFN-2.5,all,BIN_TEXT_SOCIAL_IMDB_GENRE_PREDICTION,0.8380952380952381,0
TabPFN-2.5,all,BIN_TEXT_SOCIAL_IMDB_GENRE_PREDICTION,0.8970238095238094,1
TabPFN-2.5,all,BIN_TEXT_SOCIAL_IMDB_GENRE_PREDICTION,0.8309523809523809,2
TabPFN-2.5,all,BIN_TEXT_SOCIAL_IMDB_GENRE_PREDICTION,0.8940476190476191,3
TabPFN-2.5,all,BIN_TEXT_SOCIAL_IMDB_GENRE_PREDICTION,0.8669642857142857,4
TabPFN-2.5,ft,BIN_TEXT_SOCIAL_IMDB_GENRE_PREDICTION,0.8604166666666667,0
TabPFN-2.5,ft,BIN_TEXT_SOCIAL_IMDB_GENRE_PREDICTION,0.880952380952381,1
TabPFN-2.5,ft,BIN_TEXT_SOCIAL_IMDB_GENRE_PREDICTION,0.8154761904761905,2
TabPFN-2.5,ft,BIN_TEXT_SOCIAL_IMDB_GENRE_PREDICTION,0.9142857142857144,3
TabPFN-2.5,ft,BIN_TEXT_SOCIAL_IMDB_GENRE_PREDICTION,0.8535714285714286,4
TabPFN-2.5,no_text,BIN_TEXT_SOCIAL_IMDB_GENRE_PREDICTION,0.8047619047619048,0
TabPFN-2.5,no_text,BIN_TEXT_SOCIAL_IMDB_GENRE_PREDICTION,0.8886904761904761,1
TabPFN-2.5,no_text,BIN_TEXT_SOCIAL_IMDB_GENRE_PREDICTION,0.8226190476190476,2
TabPFN-2.5,no_text,BIN_TEXT_SOCIAL_IMDB_GENRE_PREDICTION,0.8928571428571429,3
TabPFN-2.5,no_text,BIN_TEXT_SOCIAL_IMDB_GENRE_PREDICTION,0.8589285714285715,4
TabPFN-2.5,text_only,BIN_TEXT_SOCIAL_IMDB_GENRE_PREDICTION,0.7479166666666667,0
TabPFN-2.5,text_only,BIN_TEXT_SOCIAL_IMDB_GENRE_PREDICTION,0.7827380952380953,1
TabPFN-2.5,text_only,BIN_TEXT_SOCIAL_IMDB_GENRE_PREDICTION,0.7327380952380953,2
TabPFN-2.5,text_only,BIN_TEXT_SOCIAL_IMDB_GENRE_PREDICTION,0.8354166666666666,3
TabPFN-2.5,text_only,BIN_TEXT_SOCIAL_IMDB_GENRE_PREDICTION,0.7958333333333334,4
TabPFNv2,all,BIN_TEXT_SOCIAL_IMDB_GENRE_PREDICTION,0.8291666666666666,0
TabPFNv2,all,BIN_TEXT_SOCIAL_IMDB_GENRE_PREDICTION,0.8907738095238096,1
TabPFNv2,all,BIN_TEXT_SOCIAL_IMDB_GENRE_PREDICTION,0.8291666666666666,2
TabPFNv2,all,BIN_TEXT_SOCIAL_IMDB_GENRE_PREDICTION,0.8824404761904762,3
TabPFNv2,all,BIN_TEXT_SOCIAL_IMDB_GENRE_PREDICTION,0.8654761904761905,4
TabPFNv2,ft,BIN_TEXT_SOCIAL_IMDB_GENRE_PREDICTION,0.8630952380952381,0
TabPFNv2,ft,BIN_TEXT_SOCIAL_IMDB_GENRE_PREDICTION,0.8845238095238095,1
TabPFNv2,ft,BIN_TEXT_SOCIAL_IMDB_GENRE_PREDICTION,0.8056547619047619,2
TabPFNv2,ft,BIN_TEXT_SOCIAL_IMDB_GENRE_PREDICTION,0.9035714285714286,3
TabPFNv2,ft,BIN_TEXT_SOCIAL_IMDB_GENRE_PREDICTION,0.8511904761904762,4
TabPFNv2,no_text,BIN_TEXT_SOCIAL_IMDB_GENRE_PREDICTION,0.7940476190476191,0
TabPFNv2,no_text,BIN_TEXT_SOCIAL_IMDB_GENRE_PREDICTION,0.8875000000000001,1
TabPFNv2,no_text,BIN_TEXT_SOCIAL_IMDB_GENRE_PREDICTION,0.8077380952380953,2
TabPFNv2,no_text,BIN_TEXT_SOCIAL_IMDB_GENRE_PREDICTION,0.8833333333333333,3
TabPFNv2,no_text,BIN_TEXT_SOCIAL_IMDB_GENRE_PREDICTION,0.8473214285714286,4
TabPFNv2,text_only,BIN_TEXT_SOCIAL_IMDB_GENRE_PREDICTION,0.7386904761904762,0
TabPFNv2,text_only,BIN_TEXT_SOCIAL_IMDB_GENRE_PREDICTION,0.7708333333333334,1
TabPFNv2,text_only,BIN_TEXT_SOCIAL_IMDB_GENRE_PREDICTION,0.718452380952381,2
TabPFNv2,text_only,BIN_TEXT_SOCIAL_IMDB_GENRE_PREDICTION,0.8214285714285715,3
TabPFNv2,text_only,BIN_TEXT_SOCIAL_IMDB_GENRE_PREDICTION,0.8047619047619048,4
XGBoost,all,BIN_TEXT_SOCIAL_IMDB_GENRE_PREDICTION,0.7821428571428571,0
XGBoost,all,BIN_TEXT_SOCIAL_IMDB_GENRE_PREDICTION,0.7767857142857143,1
XGBoost,all,BIN_TEXT_SOCIAL_IMDB_GENRE_PREDICTION,0.8720238095238095,2
XGBoost,all,BIN_TEXT_SOCIAL_IMDB_GENRE_PREDICTION,0.8464285714285714,3
XGBoost,all,BIN_TEXT_SOCIAL_IMDB_GENRE_PREDICTION,0.8148809523809524,4
XGBoost,ft,BIN_TEXT_SOCIAL_IMDB_GENRE_PREDICTION,0.7842261904761905,0
XGBoost,ft,BIN_TEXT_SOCIAL_IMDB_GENRE_PREDICTION,0.8172619047619047,1
XGBoost,ft,BIN_TEXT_SOCIAL_IMDB_GENRE_PREDICTION,0.7291666666666667,2
XGBoost,ft,BIN_TEXT_SOCIAL_IMDB_GENRE_PREDICTION,0.7032738095238095,3
XGBoost,ft,BIN_TEXT_SOCIAL_IMDB_GENRE_PREDICTION,0.7443452380952381,4
XGBoost,no_text,BIN_TEXT_SOCIAL_IMDB_GENRE_PREDICTION,0.7282738095238096,0
XGBoost,no_text,BIN_TEXT_SOCIAL_IMDB_GENRE_PREDICTION,0.8601190476190476,1
XGBoost,no_text,BIN_TEXT_SOCIAL_IMDB_GENRE_PREDICTION,0.7660714285714285,2
XGBoost,no_text,BIN_TEXT_SOCIAL_IMDB_GENRE_PREDICTION,0.8455357142857143,3
XGBoost,no_text,BIN_TEXT_SOCIAL_IMDB_GENRE_PREDICTION,0.7892857142857144,4
XGBoost,text_only,BIN_TEXT_SOCIAL_IMDB_GENRE_PREDICTION,0.693452380952381,0
XGBoost,text_only,BIN_TEXT_SOCIAL_IMDB_GENRE_PREDICTION,0.6464285714285715,1
XGBoost,text_only,BIN_TEXT_SOCIAL_IMDB_GENRE_PREDICTION,0.6571428571428573,2
XGBoost,text_only,BIN_TEXT_SOCIAL_IMDB_GENRE_PREDICTION,0.7333333333333333,3
XGBoost,text_only,BIN_TEXT_SOCIAL_IMDB_GENRE_PREDICTION,0.6880952380952381,4
CatBoost,all,BIN_TEXT_SOCIAL_JIGSAW_TOXICITY,0.7906431676530665,0
CatBoost,all,BIN_TEXT_SOCIAL_JIGSAW_TOXICITY,0.8168220464742751,1
CatBoost,all,BIN_TEXT_SOCIAL_JIGSAW_TOXICITY,0.8356596658461216,2
CatBoost,all,BIN_TEXT_SOCIAL_JIGSAW_TOXICITY,0.8142862130972958,3
CatBoost,all,BIN_TEXT_SOCIAL_JIGSAW_TOXICITY,0.8526161420415859,4
CatBoost,ft,BIN_TEXT_SOCIAL_JIGSAW_TOXICITY,0.8838274062047173,0
CatBoost,ft,BIN_TEXT_SOCIAL_JIGSAW_TOXICITY,0.9278313168875156,1
CatBoost,ft,BIN_TEXT_SOCIAL_JIGSAW_TOXICITY,0.9281106513731036,2
CatBoost,ft,BIN_TEXT_SOCIAL_JIGSAW_TOXICITY,0.9372850433841372,3
CatBoost,ft,BIN_TEXT_SOCIAL_JIGSAW_TOXICITY,0.9472232406292008,4
CatBoost,no_text,BIN_TEXT_SOCIAL_JIGSAW_TOXICITY,0.5709029487246635,0
CatBoost,no_text,BIN_TEXT_SOCIAL_JIGSAW_TOXICITY,0.5556595785540949,1
CatBoost,no_text,BIN_TEXT_SOCIAL_JIGSAW_TOXICITY,0.5733187555648668,2
CatBoost,no_text,BIN_TEXT_SOCIAL_JIGSAW_TOXICITY,0.5536431327362559,3
CatBoost,no_text,BIN_TEXT_SOCIAL_JIGSAW_TOXICITY,0.5622457619721014,4
CatBoost,text_only,BIN_TEXT_SOCIAL_JIGSAW_TOXICITY,0.7854274690549766,0
CatBoost,text_only,BIN_TEXT_SOCIAL_JIGSAW_TOXICITY,0.7842184744845406,1
CatBoost,text_only,BIN_TEXT_SOCIAL_JIGSAW_TOXICITY,0.8305443530787897,2
CatBoost,text_only,BIN_TEXT_SOCIAL_JIGSAW_TOXICITY,0.817738612755111,3
CatBoost,text_only,BIN_TEXT_SOCIAL_JIGSAW_TOXICITY,0.8502854449274603,4
LightGBM,all,BIN_TEXT_SOCIAL_JIGSAW_TOXICITY,0.7669084655807539,0
LightGBM,all,BIN_TEXT_SOCIAL_JIGSAW_TOXICITY,0.7934408771102847,1
LightGBM,all,BIN_TEXT_SOCIAL_JIGSAW_TOXICITY,0.8185766162118752,2
LightGBM,all,BIN_TEXT_SOCIAL_JIGSAW_TOXICITY,0.7926203320588698,3
LightGBM,all,BIN_TEXT_SOCIAL_JIGSAW_TOXICITY,0.8290996700361388,4
LightGBM,ft,BIN_TEXT_SOCIAL_JIGSAW_TOXICITY,0.8809031233087169,0
LightGBM,ft,BIN_TEXT_SOCIAL_JIGSAW_TOXICITY,0.9251863684771032,1
LightGBM,ft,BIN_TEXT_SOCIAL_JIGSAW_TOXICITY,0.9210574556120044,2
LightGBM,ft,BIN_TEXT_SOCIAL_JIGSAW_TOXICITY,0.9374770858429792,3
LightGBM,ft,BIN_TEXT_SOCIAL_JIGSAW_TOXICITY,0.9414488730599346,4
LightGBM,no_text,BIN_TEXT_SOCIAL_JIGSAW_TOXICITY,0.5463477016009357,0
LightGBM,no_text,BIN_TEXT_SOCIAL_JIGSAW_TOXICITY,0.5207711377642766,1
LightGBM,no_text,BIN_TEXT_SOCIAL_JIGSAW_TOXICITY,0.5614383107246983,2
LightGBM,no_text,BIN_TEXT_SOCIAL_JIGSAW_TOXICITY,0.5559280015363397,3
LightGBM,no_text,BIN_TEXT_SOCIAL_JIGSAW_TOXICITY,0.5655912288971525,4
LightGBM,text_only,BIN_TEXT_SOCIAL_JIGSAW_TOXICITY,0.7655510745648493,0
LightGBM,text_only,BIN_TEXT_SOCIAL_JIGSAW_TOXICITY,0.7686106601023063,1
LightGBM,text_only,BIN_TEXT_SOCIAL_JIGSAW_TOXICITY,0.8131863335602927,2
LightGBM,text_only,BIN_TEXT_SOCIAL_JIGSAW_TOXICITY,0.7891068279823321,3
LightGBM,text_only,BIN_TEXT_SOCIAL_JIGSAW_TOXICITY,0.844829693255818,4
RandomForest,all,BIN_TEXT_SOCIAL_JIGSAW_TOXICITY,0.6790534052619632,0
RandomForest,all,BIN_TEXT_SOCIAL_JIGSAW_TOXICITY,0.7561562701862812,1
RandomForest,all,BIN_TEXT_SOCIAL_JIGSAW_TOXICITY,0.7605732467396428,2
RandomForest,all,BIN_TEXT_SOCIAL_JIGSAW_TOXICITY,0.7547792384643587,3
RandomForest,all,BIN_TEXT_SOCIAL_JIGSAW_TOXICITY,0.7730145428516559,4
RandomForest,ft,BIN_TEXT_SOCIAL_JIGSAW_TOXICITY,0.8714974074268056,0
RandomForest,ft,BIN_TEXT_SOCIAL_JIGSAW_TOXICITY,0.9165335463258786,1
RandomForest,ft,BIN_TEXT_SOCIAL_JIGSAW_TOXICITY,0.9087667382461286,2
RandomForest,ft,BIN_TEXT_SOCIAL_JIGSAW_TOXICITY,0.9087536444421166,3
RandomForest,ft,BIN_TEXT_SOCIAL_JIGSAW_TOXICITY,0.9186394664711326,4
RandomForest,no_text,BIN_TEXT_SOCIAL_JIGSAW_TOXICITY,0.58124268929276,0
RandomForest,no_text,BIN_TEXT_SOCIAL_JIGSAW_TOXICITY,0.5143377153930759,1
RandomForest,no_text,BIN_TEXT_SOCIAL_JIGSAW_TOXICITY,0.5757345624050698,2
RandomForest,no_text,BIN_TEXT_SOCIAL_JIGSAW_TOXICITY,0.5442439637563505,3
RandomForest,no_text,BIN_TEXT_SOCIAL_JIGSAW_TOXICITY,0.5329767454040748,4
RandomForest,text_only,BIN_TEXT_SOCIAL_JIGSAW_TOXICITY,0.6665335463258786,0
RandomForest,text_only,BIN_TEXT_SOCIAL_JIGSAW_TOXICITY,0.7218330452696451,1
RandomForest,text_only,BIN_TEXT_SOCIAL_JIGSAW_TOXICITY,0.7724711499851603,2
RandomForest,text_only,BIN_TEXT_SOCIAL_JIGSAW_TOXICITY,0.7834022940344629,3
RandomForest,text_only,BIN_TEXT_SOCIAL_JIGSAW_TOXICITY,0.7552724384154751,4
RealMLP,all,BIN_TEXT_SOCIAL_JIGSAW_TOXICITY,0.7962604095741894,0
RealMLP,all,BIN_TEXT_SOCIAL_JIGSAW_TOXICITY,0.8202046125106932,1
RealMLP,all,BIN_TEXT_SOCIAL_JIGSAW_TOXICITY,0.8346470783358648,2
RealMLP,all,BIN_TEXT_SOCIAL_JIGSAW_TOXICITY,0.8365282215122471,3
RealMLP,all,BIN_TEXT_SOCIAL_JIGSAW_TOXICITY,0.8546544108661114,4
RealMLP,ft,BIN_TEXT_SOCIAL_JIGSAW_TOXICITY,0.907911276384015,0
RealMLP,ft,BIN_TEXT_SOCIAL_JIGSAW_TOXICITY,0.9204420468234432,1
RealMLP,ft,BIN_TEXT_SOCIAL_JIGSAW_TOXICITY,0.9296950016585486,2
RealMLP,ft,BIN_TEXT_SOCIAL_JIGSAW_TOXICITY,0.9333656313832296,3
RealMLP,ft,BIN_TEXT_SOCIAL_JIGSAW_TOXICITY,0.9455210461076484,4
RealMLP,no_text,BIN_TEXT_SOCIAL_JIGSAW_TOXICITY,0.558692976483528,0
RealMLP,no_text,BIN_TEXT_SOCIAL_JIGSAW_TOXICITY,0.5463607954049476,1
RealMLP,no_text,BIN_TEXT_SOCIAL_JIGSAW_TOXICITY,0.5777968365369507,2
RealMLP,no_text,BIN_TEXT_SOCIAL_JIGSAW_TOXICITY,0.568253635712914,3
RealMLP,no_text,BIN_TEXT_SOCIAL_JIGSAW_TOXICITY,0.532319872902809,4
RealMLP,text_only,BIN_TEXT_SOCIAL_JIGSAW_TOXICITY,0.7913240454616874,0
RealMLP,text_only,BIN_TEXT_SOCIAL_JIGSAW_TOXICITY,0.7923497267759563,1
RealMLP,text_only,BIN_TEXT_SOCIAL_JIGSAW_TOXICITY,0.8183583861450094,2
RealMLP,text_only,BIN_TEXT_SOCIAL_JIGSAW_TOXICITY,0.8153511758236004,3
RealMLP,text_only,BIN_TEXT_SOCIAL_JIGSAW_TOXICITY,0.8477801637598421,4
TabDPT,all,BIN_TEXT_SOCIAL_JIGSAW_TOXICITY,0.7692784441069154,0
TabDPT,all,BIN_TEXT_SOCIAL_JIGSAW_TOXICITY,0.7835245028719077,1
TabDPT,all,BIN_TEXT_SOCIAL_JIGSAW_TOXICITY,0.8099390701653311,2
TabDPT,all,BIN_TEXT_SOCIAL_JIGSAW_TOXICITY,0.8121737460500358,3
TabDPT,all,BIN_TEXT_SOCIAL_JIGSAW_TOXICITY,0.8313867211368914,4
TabDPT,ft,BIN_TEXT_SOCIAL_JIGSAW_TOXICITY,0.903057839696922,0
TabDPT,ft,BIN_TEXT_SOCIAL_JIGSAW_TOXICITY,0.9087972904554898,1
TabDPT,ft,BIN_TEXT_SOCIAL_JIGSAW_TOXICITY,0.9172209710365056,2
TabDPT,ft,BIN_TEXT_SOCIAL_JIGSAW_TOXICITY,0.9376778575044956,3
TabDPT,ft,BIN_TEXT_SOCIAL_JIGSAW_TOXICITY,0.9254438799560047,4
TabDPT,no_text,BIN_TEXT_SOCIAL_JIGSAW_TOXICITY,0.5451256132264879,0
TabDPT,no_text,BIN_TEXT_SOCIAL_JIGSAW_TOXICITY,0.5387292899666545,1
TabDPT,no_text,BIN_TEXT_SOCIAL_JIGSAW_TOXICITY,0.5654755669617136,2
TabDPT,no_text,BIN_TEXT_SOCIAL_JIGSAW_TOXICITY,0.5523162939297125,3
TabDPT,no_text,BIN_TEXT_SOCIAL_JIGSAW_TOXICITY,0.5413240454616874,4
TabDPT,text_only,BIN_TEXT_SOCIAL_JIGSAW_TOXICITY,0.7914113374884337,0
TabDPT,text_only,BIN_TEXT_SOCIAL_JIGSAW_TOXICITY,0.7819052357757642,1
TabDPT,text_only,BIN_TEXT_SOCIAL_JIGSAW_TOXICITY,0.8025061540878855,2
TabDPT,text_only,BIN_TEXT_SOCIAL_JIGSAW_TOXICITY,0.8066176085476352,3
TabDPT,text_only,BIN_TEXT_SOCIAL_JIGSAW_TOXICITY,0.8285497302676375,4
TabICLv2,all,BIN_TEXT_SOCIAL_JIGSAW_TOXICITY,0.8085140278286981,0
TabICLv2,all,BIN_TEXT_SOCIAL_JIGSAW_TOXICITY,0.8303064823059062,1
TabICLv2,all,BIN_TEXT_SOCIAL_JIGSAW_TOXICITY,0.837793955900068,2
TabICLv2,all,BIN_TEXT_SOCIAL_JIGSAW_TOXICITY,0.8384399168979906,3
TabICLv2,all,BIN_TEXT_SOCIAL_JIGSAW_TOXICITY,0.8623513853244644,4
TabICLv2,ft,BIN_TEXT_SOCIAL_JIGSAW_TOXICITY,0.9238158836571868,0
TabICLv2,ft,BIN_TEXT_SOCIAL_JIGSAW_TOXICITY,0.9282983292306082,1
TabICLv2,ft,BIN_TEXT_SOCIAL_JIGSAW_TOXICITY,0.9391487281551704,2
TabICLv2,ft,BIN_TEXT_SOCIAL_JIGSAW_TOXICITY,0.9427975348731646,3
TabICLv2,ft,BIN_TEXT_SOCIAL_JIGSAW_TOXICITY,0.9488556015293564,4
TabICLv2,no_text,BIN_TEXT_SOCIAL_JIGSAW_TOXICITY,0.5697005010562335,0
TabICLv2,no_text,BIN_TEXT_SOCIAL_JIGSAW_TOXICITY,0.5944739782468269,1
TabICLv2,no_text,BIN_TEXT_SOCIAL_JIGSAW_TOXICITY,0.5474563103406135,2
TabICLv2,no_text,BIN_TEXT_SOCIAL_JIGSAW_TOXICITY,0.5615452434574626,3
TabICLv2,no_text,BIN_TEXT_SOCIAL_JIGSAW_TOXICITY,0.5468365369507148,4
TabICLv2,text_only,BIN_TEXT_SOCIAL_JIGSAW_TOXICITY,0.8053060458457724,0
TabICLv2,text_only,BIN_TEXT_SOCIAL_JIGSAW_TOXICITY,0.8164597845632782,1
TabICLv2,text_only,BIN_TEXT_SOCIAL_JIGSAW_TOXICITY,0.8302279194818345,2
TabICLv2,text_only,BIN_TEXT_SOCIAL_JIGSAW_TOXICITY,0.8337610642643901,3
TabICLv2,text_only,BIN_TEXT_SOCIAL_JIGSAW_TOXICITY,0.8586436564884163,4
TabM,all,BIN_TEXT_SOCIAL_JIGSAW_TOXICITY,0.8057665112868592,0
TabM,all,BIN_TEXT_SOCIAL_JIGSAW_TOXICITY,0.8156436041132004,1
TabM,all,BIN_TEXT_SOCIAL_JIGSAW_TOXICITY,0.8416217112728923,2
TabM,all,BIN_TEXT_SOCIAL_JIGSAW_TOXICITY,0.831980306918766,3
TabM,all,BIN_TEXT_SOCIAL_JIGSAW_TOXICITY,0.853995356064177,4
TabM,ft,BIN_TEXT_SOCIAL_JIGSAW_TOXICITY,0.899038041865256,0
TabM,ft,BIN_TEXT_SOCIAL_JIGSAW_TOXICITY,0.9243090836083032,1
TabM,ft,BIN_TEXT_SOCIAL_JIGSAW_TOXICITY,0.9304893591019396,2
TabM,ft,BIN_TEXT_SOCIAL_JIGSAW_TOXICITY,0.9367132806089492,3
TabM,ft,BIN_TEXT_SOCIAL_JIGSAW_TOXICITY,0.9428804622985736,4
TabM,no_text,BIN_TEXT_SOCIAL_JIGSAW_TOXICITY,0.5692553117198276,0
TabM,no_text,BIN_TEXT_SOCIAL_JIGSAW_TOXICITY,0.5965275231760331,1
TabM,no_text,BIN_TEXT_SOCIAL_JIGSAW_TOXICITY,0.5370140016410901,2
TabM,no_text,BIN_TEXT_SOCIAL_JIGSAW_TOXICITY,0.5316477242968627,3
TabM,no_text,BIN_TEXT_SOCIAL_JIGSAW_TOXICITY,0.5243806630702352,4
TabM,text_only,BIN_TEXT_SOCIAL_JIGSAW_TOXICITY,0.8003413118245779,0
TabM,text_only,BIN_TEXT_SOCIAL_JIGSAW_TOXICITY,0.7988049721538435,1
TabM,text_only,BIN_TEXT_SOCIAL_JIGSAW_TOXICITY,0.8250886014071475,2
TabM,text_only,BIN_TEXT_SOCIAL_JIGSAW_TOXICITY,0.8321767139789453,3
TabM,text_only,BIN_TEXT_SOCIAL_JIGSAW_TOXICITY,0.8534454162956755,4
TabPFN-2.5,all,BIN_TEXT_SOCIAL_JIGSAW_TOXICITY,0.8044047556696172,0
TabPFN-2.5,all,BIN_TEXT_SOCIAL_JIGSAW_TOXICITY,0.8335712041062169,1
TabPFN-2.5,all,BIN_TEXT_SOCIAL_JIGSAW_TOXICITY,0.8443539517100508,2
TabPFN-2.5,all,BIN_TEXT_SOCIAL_JIGSAW_TOXICITY,0.8323272927250824,3
TabPFN-2.5,all,BIN_TEXT_SOCIAL_JIGSAW_TOXICITY,0.8622531817943748,4
TabPFN-2.5,ft,BIN_TEXT_SOCIAL_JIGSAW_TOXICITY,0.9155187765149532,0
TabPFN-2.5,ft,BIN_TEXT_SOCIAL_JIGSAW_TOXICITY,0.9321151731000892,1
TabPFN-2.5,ft,BIN_TEXT_SOCIAL_JIGSAW_TOXICITY,0.9328877075367936,2
TabPFN-2.5,ft,BIN_TEXT_SOCIAL_JIGSAW_TOXICITY,0.9400129192199584,3
TabPFN-2.5,ft,BIN_TEXT_SOCIAL_JIGSAW_TOXICITY,0.9483340316695472,4
TabPFN-2.5,no_text,BIN_TEXT_SOCIAL_JIGSAW_TOXICITY,0.5776877215035178,0
TabPFN-2.5,no_text,BIN_TEXT_SOCIAL_JIGSAW_TOXICITY,0.5865369507149216,1
TabPFN-2.5,no_text,BIN_TEXT_SOCIAL_JIGSAW_TOXICITY,0.5579597234588592,2
TabPFN-2.5,no_text,BIN_TEXT_SOCIAL_JIGSAW_TOXICITY,0.5642294732799107,3
TabPFN-2.5,no_text,BIN_TEXT_SOCIAL_JIGSAW_TOXICITY,0.5511924090853542,4
TabPFN-2.5,text_only,BIN_TEXT_SOCIAL_JIGSAW_TOXICITY,0.8023926744531154,0
TabPFN-2.5,text_only,BIN_TEXT_SOCIAL_JIGSAW_TOXICITY,0.8146943033223346,1
TabPFN-2.5,text_only,BIN_TEXT_SOCIAL_JIGSAW_TOXICITY,0.8296539744059779,2
TabPFN-2.5,text_only,BIN_TEXT_SOCIAL_JIGSAW_TOXICITY,0.8314783777649749,3
TabPFN-2.5,text_only,BIN_TEXT_SOCIAL_JIGSAW_TOXICITY,0.8644311178616946,4
TabPFNv2,all,BIN_TEXT_SOCIAL_JIGSAW_TOXICITY,0.7946738769880759,0
TabPFNv2,all,BIN_TEXT_SOCIAL_JIGSAW_TOXICITY,0.8139021281796122,1
TabPFNv2,all,BIN_TEXT_SOCIAL_JIGSAW_TOXICITY,0.8321898077829571,2
TabPFNv2,all,BIN_TEXT_SOCIAL_JIGSAW_TOXICITY,0.824080378498228,3
TabPFNv2,all,BIN_TEXT_SOCIAL_JIGSAW_TOXICITY,0.8600512404197,4
TabPFNv2,ft,BIN_TEXT_SOCIAL_JIGSAW_TOXICITY,0.9174042842926728,0
TabPFNv2,ft,BIN_TEXT_SOCIAL_JIGSAW_TOXICITY,0.9300878157789068,1
TabPFNv2,ft,BIN_TEXT_SOCIAL_JIGSAW_TOXICITY,0.933317620768519,2
TabPFNv2,ft,BIN_TEXT_SOCIAL_JIGSAW_TOXICITY,0.9411891792803646,3
TabPFNv2,ft,BIN_TEXT_SOCIAL_JIGSAW_TOXICITY,0.9486199130571414,4
TabPFNv2,no_text,BIN_TEXT_SOCIAL_JIGSAW_TOXICITY,0.5952312365788509,0
TabPFNv2,no_text,BIN_TEXT_SOCIAL_JIGSAW_TOXICITY,0.5952421480821942,1
TabPFNv2,no_text,BIN_TEXT_SOCIAL_JIGSAW_TOXICITY,0.5587147994902145,2
TabPFNv2,no_text,BIN_TEXT_SOCIAL_JIGSAW_TOXICITY,0.563177604357618,3
TabPFNv2,no_text,BIN_TEXT_SOCIAL_JIGSAW_TOXICITY,0.5590312330871698,4
TabPFNv2,text_only,BIN_TEXT_SOCIAL_JIGSAW_TOXICITY,0.7938904310480281,0
TabPFNv2,text_only,BIN_TEXT_SOCIAL_JIGSAW_TOXICITY,0.8074294243963758,1
TabPFNv2,text_only,BIN_TEXT_SOCIAL_JIGSAW_TOXICITY,0.8236504652665027,2
TabPFNv2,text_only,BIN_TEXT_SOCIAL_JIGSAW_TOXICITY,0.8242440510483773,3
TabPFNv2,text_only,BIN_TEXT_SOCIAL_JIGSAW_TOXICITY,0.8623950313378376,4
XGBoost,all,BIN_TEXT_SOCIAL_JIGSAW_TOXICITY,0.7258004678852634,0
XGBoost,all,BIN_TEXT_SOCIAL_JIGSAW_TOXICITY,0.7313064124722849,1
XGBoost,all,BIN_TEXT_SOCIAL_JIGSAW_TOXICITY,0.7992108800782137,2
XGBoost,all,BIN_TEXT_SOCIAL_JIGSAW_TOXICITY,0.7722594668203007,3
XGBoost,all,BIN_TEXT_SOCIAL_JIGSAW_TOXICITY,0.7692478918975542,4
XGBoost,ft,BIN_TEXT_SOCIAL_JIGSAW_TOXICITY,0.8891391260322283,0
XGBoost,ft,BIN_TEXT_SOCIAL_JIGSAW_TOXICITY,0.8957209448488975,1
XGBoost,ft,BIN_TEXT_SOCIAL_JIGSAW_TOXICITY,0.9212865971822134,2
XGBoost,ft,BIN_TEXT_SOCIAL_JIGSAW_TOXICITY,0.9376713106024896,3
XGBoost,ft,BIN_TEXT_SOCIAL_JIGSAW_TOXICITY,0.9282066726025244,4
XGBoost,no_text,BIN_TEXT_SOCIAL_JIGSAW_TOXICITY,0.5789556381920076,0
XGBoost,no_text,BIN_TEXT_SOCIAL_JIGSAW_TOXICITY,0.5693971612632902,1
XGBoost,no_text,BIN_TEXT_SOCIAL_JIGSAW_TOXICITY,0.5856858534541456,2
XGBoost,no_text,BIN_TEXT_SOCIAL_JIGSAW_TOXICITY,0.5613182841879223,3
XGBoost,no_text,BIN_TEXT_SOCIAL_JIGSAW_TOXICITY,0.5587388047975698,4
XGBoost,text_only,BIN_TEXT_SOCIAL_JIGSAW_TOXICITY,0.7341695909495626,0
XGBoost,text_only,BIN_TEXT_SOCIAL_JIGSAW_TOXICITY,0.7327423663122611,1
XGBoost,text_only,BIN_TEXT_SOCIAL_JIGSAW_TOXICITY,0.794265786763037,2
XGBoost,text_only,BIN_TEXT_SOCIAL_JIGSAW_TOXICITY,0.7533520138270569,3
XGBoost,text_only,BIN_TEXT_SOCIAL_JIGSAW_TOXICITY,0.7894407199846366,4
CatBoost,all,BIN_TEXT_TRANSPORTATION_OSHA_ACCIDENT_INJURY_DATA,0.5979168553573047,0
CatBoost,all,BIN_TEXT_TRANSPORTATION_OSHA_ACCIDENT_INJURY_DATA,0.584168100715515,1
CatBoost,all,BIN_TEXT_TRANSPORTATION_OSHA_ACCIDENT_INJURY_DATA,0.610741780635812,2
CatBoost,all,BIN_TEXT_TRANSPORTATION_OSHA_ACCIDENT_INJURY_DATA,0.5852006158862422,3
CatBoost,all,BIN_TEXT_TRANSPORTATION_OSHA_ACCIDENT_INJURY_DATA,0.6324427135223258,4
CatBoost,ft,BIN_TEXT_TRANSPORTATION_OSHA_ACCIDENT_INJURY_DATA,0.5841862150167557,0
CatBoost,ft,BIN_TEXT_TRANSPORTATION_OSHA_ACCIDENT_INJURY_DATA,0.5712344896295625,1
CatBoost,ft,BIN_TEXT_TRANSPORTATION_OSHA_ACCIDENT_INJURY_DATA,0.5956163390997193,2
CatBoost,ft,BIN_TEXT_TRANSPORTATION_OSHA_ACCIDENT_INJURY_DATA,0.5714880898469341,3
CatBoost,ft,BIN_TEXT_TRANSPORTATION_OSHA_ACCIDENT_INJURY_DATA,0.6298523684448873,4
CatBoost,no_text,BIN_TEXT_TRANSPORTATION_OSHA_ACCIDENT_INJURY_DATA,0.595543881894756,0
CatBoost,no_text,BIN_TEXT_TRANSPORTATION_OSHA_ACCIDENT_INJURY_DATA,0.5700932886513903,1
CatBoost,no_text,BIN_TEXT_TRANSPORTATION_OSHA_ACCIDENT_INJURY_DATA,0.6124082963499683,2
CatBoost,no_text,BIN_TEXT_TRANSPORTATION_OSHA_ACCIDENT_INJURY_DATA,0.5495607281949099,3
CatBoost,no_text,BIN_TEXT_TRANSPORTATION_OSHA_ACCIDENT_INJURY_DATA,0.6083597500226429,4
CatBoost,text_only,BIN_TEXT_TRANSPORTATION_OSHA_ACCIDENT_INJURY_DATA,0.5300787972103976,0
CatBoost,text_only,BIN_TEXT_TRANSPORTATION_OSHA_ACCIDENT_INJURY_DATA,0.5767050086042931,1
CatBoost,text_only,BIN_TEXT_TRANSPORTATION_OSHA_ACCIDENT_INJURY_DATA,0.5825921565075627,2
CatBoost,text_only,BIN_TEXT_TRANSPORTATION_OSHA_ACCIDENT_INJURY_DATA,0.5645684267729373,3
CatBoost,text_only,BIN_TEXT_TRANSPORTATION_OSHA_ACCIDENT_INJURY_DATA,0.5993478851553301,4
LightGBM,all,BIN_TEXT_TRANSPORTATION_OSHA_ACCIDENT_INJURY_DATA,0.5764876369894031,0
LightGBM,all,BIN_TEXT_TRANSPORTATION_OSHA_ACCIDENT_INJURY_DATA,0.558536364459741,1
LightGBM,all,BIN_TEXT_TRANSPORTATION_OSHA_ACCIDENT_INJURY_DATA,0.5622860248165927,2
LightGBM,all,BIN_TEXT_TRANSPORTATION_OSHA_ACCIDENT_INJURY_DATA,0.565220541617607,3
LightGBM,all,BIN_TEXT_TRANSPORTATION_OSHA_ACCIDENT_INJURY_DATA,0.590544334752287,4
LightGBM,ft,BIN_TEXT_TRANSPORTATION_OSHA_ACCIDENT_INJURY_DATA,0.5750747214926184,0
LightGBM,ft,BIN_TEXT_TRANSPORTATION_OSHA_ACCIDENT_INJURY_DATA,0.5910515351870302,1
LightGBM,ft,BIN_TEXT_TRANSPORTATION_OSHA_ACCIDENT_INJURY_DATA,0.5801829544425324,2
LightGBM,ft,BIN_TEXT_TRANSPORTATION_OSHA_ACCIDENT_INJURY_DATA,0.5725387193189022,3
LightGBM,ft,BIN_TEXT_TRANSPORTATION_OSHA_ACCIDENT_INJURY_DATA,0.6481115840956435,4
LightGBM,no_text,BIN_TEXT_TRANSPORTATION_OSHA_ACCIDENT_INJURY_DATA,0.569495516710443,0
LightGBM,no_text,BIN_TEXT_TRANSPORTATION_OSHA_ACCIDENT_INJURY_DATA,0.547314554841047,1
LightGBM,no_text,BIN_TEXT_TRANSPORTATION_OSHA_ACCIDENT_INJURY_DATA,0.577991123992392,2
LightGBM,no_text,BIN_TEXT_TRANSPORTATION_OSHA_ACCIDENT_INJURY_DATA,0.5549859614165384,3
LightGBM,no_text,BIN_TEXT_TRANSPORTATION_OSHA_ACCIDENT_INJURY_DATA,0.587247531926456,4
LightGBM,text_only,BIN_TEXT_TRANSPORTATION_OSHA_ACCIDENT_INJURY_DATA,0.5424508649578843,0
LightGBM,text_only,BIN_TEXT_TRANSPORTATION_OSHA_ACCIDENT_INJURY_DATA,0.5906711348609728,1
LightGBM,text_only,BIN_TEXT_TRANSPORTATION_OSHA_ACCIDENT_INJURY_DATA,0.5535187030160312,2
LightGBM,text_only,BIN_TEXT_TRANSPORTATION_OSHA_ACCIDENT_INJURY_DATA,0.5610542523322163,3
LightGBM,text_only,BIN_TEXT_TRANSPORTATION_OSHA_ACCIDENT_INJURY_DATA,0.5933882800470972,4
RandomForest,all,BIN_TEXT_TRANSPORTATION_OSHA_ACCIDENT_INJURY_DATA,0.6120188388732904,0
RandomForest,all,BIN_TEXT_TRANSPORTATION_OSHA_ACCIDENT_INJURY_DATA,0.6059414908069921,1
RandomForest,all,BIN_TEXT_TRANSPORTATION_OSHA_ACCIDENT_INJURY_DATA,0.6133230685626302,2
RandomForest,all,BIN_TEXT_TRANSPORTATION_OSHA_ACCIDENT_INJURY_DATA,0.5615614527669595,3
RandomForest,all,BIN_TEXT_TRANSPORTATION_OSHA_ACCIDENT_INJURY_DATA,0.6410107780092382,4
RandomForest,ft,BIN_TEXT_TRANSPORTATION_OSHA_ACCIDENT_INJURY_DATA,0.6128249252785073,0
RandomForest,ft,BIN_TEXT_TRANSPORTATION_OSHA_ACCIDENT_INJURY_DATA,0.5995290281677383,1
RandomForest,ft,BIN_TEXT_TRANSPORTATION_OSHA_ACCIDENT_INJURY_DATA,0.5703287745675211,2
RandomForest,ft,BIN_TEXT_TRANSPORTATION_OSHA_ACCIDENT_INJURY_DATA,0.5913775926093651,3
RandomForest,ft,BIN_TEXT_TRANSPORTATION_OSHA_ACCIDENT_INJURY_DATA,0.6415813784983244,4
RandomForest,no_text,BIN_TEXT_TRANSPORTATION_OSHA_ACCIDENT_INJURY_DATA,0.5402952631102256,0
RandomForest,no_text,BIN_TEXT_TRANSPORTATION_OSHA_ACCIDENT_INJURY_DATA,0.5233402771488089,1
RandomForest,no_text,BIN_TEXT_TRANSPORTATION_OSHA_ACCIDENT_INJURY_DATA,0.5702382030613169,2
RandomForest,no_text,BIN_TEXT_TRANSPORTATION_OSHA_ACCIDENT_INJURY_DATA,0.5763246082782356,3
RandomForest,no_text,BIN_TEXT_TRANSPORTATION_OSHA_ACCIDENT_INJURY_DATA,0.5120550674757721,4
RandomForest,text_only,BIN_TEXT_TRANSPORTATION_OSHA_ACCIDENT_INJURY_DATA,0.5653201702744315,0
RandomForest,text_only,BIN_TEXT_TRANSPORTATION_OSHA_ACCIDENT_INJURY_DATA,0.5432478942124808,1
RandomForest,text_only,BIN_TEXT_TRANSPORTATION_OSHA_ACCIDENT_INJURY_DATA,0.5392808622407391,2
RandomForest,text_only,BIN_TEXT_TRANSPORTATION_OSHA_ACCIDENT_INJURY_DATA,0.5827642423693505,3
RandomForest,text_only,BIN_TEXT_TRANSPORTATION_OSHA_ACCIDENT_INJURY_DATA,0.6052169187573588,4
RealMLP,all,BIN_TEXT_TRANSPORTATION_OSHA_ACCIDENT_INJURY_DATA,0.5833348428584367,0
RealMLP,all,BIN_TEXT_TRANSPORTATION_OSHA_ACCIDENT_INJURY_DATA,0.5928267367086315,1
RealMLP,all,BIN_TEXT_TRANSPORTATION_OSHA_ACCIDENT_INJURY_DATA,0.5701476315551127,2
RealMLP,all,BIN_TEXT_TRANSPORTATION_OSHA_ACCIDENT_INJURY_DATA,0.5709627751109502,3
RealMLP,all,BIN_TEXT_TRANSPORTATION_OSHA_ACCIDENT_INJURY_DATA,0.5879177610723667,4
RealMLP,ft,BIN_TEXT_TRANSPORTATION_OSHA_ACCIDENT_INJURY_DATA,0.5826464994112852,0
RealMLP,ft,BIN_TEXT_TRANSPORTATION_OSHA_ACCIDENT_INJURY_DATA,0.549497328140567,1
RealMLP,ft,BIN_TEXT_TRANSPORTATION_OSHA_ACCIDENT_INJURY_DATA,0.6098179512725297,2
RealMLP,ft,BIN_TEXT_TRANSPORTATION_OSHA_ACCIDENT_INJURY_DATA,0.576940494520424,3
RealMLP,ft,BIN_TEXT_TRANSPORTATION_OSHA_ACCIDENT_INJURY_DATA,0.6186577302780545,4
RealMLP,no_text,BIN_TEXT_TRANSPORTATION_OSHA_ACCIDENT_INJURY_DATA,0.5768499230142198,0
RealMLP,no_text,BIN_TEXT_TRANSPORTATION_OSHA_ACCIDENT_INJURY_DATA,0.5464994112852097,1
RealMLP,no_text,BIN_TEXT_TRANSPORTATION_OSHA_ACCIDENT_INJURY_DATA,0.5903994203423604,2
RealMLP,no_text,BIN_TEXT_TRANSPORTATION_OSHA_ACCIDENT_INJURY_DATA,0.5521691875735893,3
RealMLP,no_text,BIN_TEXT_TRANSPORTATION_OSHA_ACCIDENT_INJURY_DATA,0.6164115569241917,4
RealMLP,text_only,BIN_TEXT_TRANSPORTATION_OSHA_ACCIDENT_INJURY_DATA,0.5451861244452495,0
RealMLP,text_only,BIN_TEXT_TRANSPORTATION_OSHA_ACCIDENT_INJURY_DATA,0.5442079521782448,1
RealMLP,text_only,BIN_TEXT_TRANSPORTATION_OSHA_ACCIDENT_INJURY_DATA,0.5248618784530387,2
RealMLP,text_only,BIN_TEXT_TRANSPORTATION_OSHA_ACCIDENT_INJURY_DATA,0.558318992844851,3
RealMLP,text_only,BIN_TEXT_TRANSPORTATION_OSHA_ACCIDENT_INJURY_DATA,0.6193641880264469,4
TabDPT,all,BIN_TEXT_TRANSPORTATION_OSHA_ACCIDENT_INJURY_DATA,0.5951272529662168,0
TabDPT,all,BIN_TEXT_TRANSPORTATION_OSHA_ACCIDENT_INJURY_DATA,0.5825921565075627,1
TabDPT,all,BIN_TEXT_TRANSPORTATION_OSHA_ACCIDENT_INJURY_DATA,0.6101440086948646,2
TabDPT,all,BIN_TEXT_TRANSPORTATION_OSHA_ACCIDENT_INJURY_DATA,0.5792500679286297,3
TabDPT,all,BIN_TEXT_TRANSPORTATION_OSHA_ACCIDENT_INJURY_DATA,0.6350330585997646,4
TabDPT,ft,BIN_TEXT_TRANSPORTATION_OSHA_ACCIDENT_INJURY_DATA,0.5768046372611176,0
TabDPT,ft,BIN_TEXT_TRANSPORTATION_OSHA_ACCIDENT_INJURY_DATA,0.5934426229508196,1
TabDPT,ft,BIN_TEXT_TRANSPORTATION_OSHA_ACCIDENT_INJURY_DATA,0.6008332578570783,2
TabDPT,ft,BIN_TEXT_TRANSPORTATION_OSHA_ACCIDENT_INJURY_DATA,0.5929716511185581,3
TabDPT,ft,BIN_TEXT_TRANSPORTATION_OSHA_ACCIDENT_INJURY_DATA,0.6538357032877457,4
TabDPT,no_text,BIN_TEXT_TRANSPORTATION_OSHA_ACCIDENT_INJURY_DATA,0.5944026809165838,0
TabDPT,no_text,BIN_TEXT_TRANSPORTATION_OSHA_ACCIDENT_INJURY_DATA,0.5503305859976451,1
TabDPT,no_text,BIN_TEXT_TRANSPORTATION_OSHA_ACCIDENT_INJURY_DATA,0.627117108957522,2
TabDPT,no_text,BIN_TEXT_TRANSPORTATION_OSHA_ACCIDENT_INJURY_DATA,0.5838782718956617,3
TabDPT,no_text,BIN_TEXT_TRANSPORTATION_OSHA_ACCIDENT_INJURY_DATA,0.6194728738338918,4
TabDPT,text_only,BIN_TEXT_TRANSPORTATION_OSHA_ACCIDENT_INJURY_DATA,0.5341182863871027,0
TabDPT,text_only,BIN_TEXT_TRANSPORTATION_OSHA_ACCIDENT_INJURY_DATA,0.6158318992844851,1
TabDPT,text_only,BIN_TEXT_TRANSPORTATION_OSHA_ACCIDENT_INJURY_DATA,0.572882891042478,2
TabDPT,text_only,BIN_TEXT_TRANSPORTATION_OSHA_ACCIDENT_INJURY_DATA,0.5123086676931438,3
TabDPT,text_only,BIN_TEXT_TRANSPORTATION_OSHA_ACCIDENT_INJURY_DATA,0.6018838873290463,4
TabICLv2,all,BIN_TEXT_TRANSPORTATION_OSHA_ACCIDENT_INJURY_DATA,0.6211303323974278,0
TabICLv2,all,BIN_TEXT_TRANSPORTATION_OSHA_ACCIDENT_INJURY_DATA,0.6039670319717416,1
TabICLv2,all,BIN_TEXT_TRANSPORTATION_OSHA_ACCIDENT_INJURY_DATA,0.6101440086948646,2
TabICLv2,all,BIN_TEXT_TRANSPORTATION_OSHA_ACCIDENT_INJURY_DATA,0.5879630468254687,3
TabICLv2,all,BIN_TEXT_TRANSPORTATION_OSHA_ACCIDENT_INJURY_DATA,0.6535549316185129,4
TabICLv2,ft,BIN_TEXT_TRANSPORTATION_OSHA_ACCIDENT_INJURY_DATA,0.607336292002536,0
TabICLv2,ft,BIN_TEXT_TRANSPORTATION_OSHA_ACCIDENT_INJURY_DATA,0.5987501132143828,1
TabICLv2,ft,BIN_TEXT_TRANSPORTATION_OSHA_ACCIDENT_INJURY_DATA,0.6142740693777737,2
TabICLv2,ft,BIN_TEXT_TRANSPORTATION_OSHA_ACCIDENT_INJURY_DATA,0.5767774658092565,3
TabICLv2,ft,BIN_TEXT_TRANSPORTATION_OSHA_ACCIDENT_INJURY_DATA,0.6687256589077075,4
TabICLv2,no_text,BIN_TEXT_TRANSPORTATION_OSHA_ACCIDENT_INJURY_DATA,0.6060864052169188,0
TabICLv2,no_text,BIN_TEXT_TRANSPORTATION_OSHA_ACCIDENT_INJURY_DATA,0.5754732361199167,1
TabICLv2,no_text,BIN_TEXT_TRANSPORTATION_OSHA_ACCIDENT_INJURY_DATA,0.6033058599764515,2
TabICLv2,no_text,BIN_TEXT_TRANSPORTATION_OSHA_ACCIDENT_INJURY_DATA,0.5596866225885336,3
TabICLv2,no_text,BIN_TEXT_TRANSPORTATION_OSHA_ACCIDENT_INJURY_DATA,0.5747939498233856,4
TabICLv2,text_only,BIN_TEXT_TRANSPORTATION_OSHA_ACCIDENT_INJURY_DATA,0.5864957884249615,0
TabICLv2,text_only,BIN_TEXT_TRANSPORTATION_OSHA_ACCIDENT_INJURY_DATA,0.5901911058780908,1
TabICLv2,text_only,BIN_TEXT_TRANSPORTATION_OSHA_ACCIDENT_INJURY_DATA,0.5756181505298433,2
TabICLv2,text_only,BIN_TEXT_TRANSPORTATION_OSHA_ACCIDENT_INJURY_DATA,0.5907073634634544,3
TabICLv2,text_only,BIN_TEXT_TRANSPORTATION_OSHA_ACCIDENT_INJURY_DATA,0.6081061498052712,4
TabM,all,BIN_TEXT_TRANSPORTATION_OSHA_ACCIDENT_INJURY_DATA,0.5947287383389186,0
TabM,all,BIN_TEXT_TRANSPORTATION_OSHA_ACCIDENT_INJURY_DATA,0.5776650665700571,1
TabM,all,BIN_TEXT_TRANSPORTATION_OSHA_ACCIDENT_INJURY_DATA,0.5997645140838692,2
TabM,all,BIN_TEXT_TRANSPORTATION_OSHA_ACCIDENT_INJURY_DATA,0.5378679467439543,3
TabM,all,BIN_TEXT_TRANSPORTATION_OSHA_ACCIDENT_INJURY_DATA,0.6261027080880354,4
TabM,ft,BIN_TEXT_TRANSPORTATION_OSHA_ACCIDENT_INJURY_DATA,0.5854179875011322,0
TabM,ft,BIN_TEXT_TRANSPORTATION_OSHA_ACCIDENT_INJURY_DATA,0.6329680282583099,1
TabM,ft,BIN_TEXT_TRANSPORTATION_OSHA_ACCIDENT_INJURY_DATA,0.5962503396431482,2
TabM,ft,BIN_TEXT_TRANSPORTATION_OSHA_ACCIDENT_INJURY_DATA,0.5233765057512907,3
TabM,ft,BIN_TEXT_TRANSPORTATION_OSHA_ACCIDENT_INJURY_DATA,0.6468073544063038,4
TabM,no_text,BIN_TEXT_TRANSPORTATION_OSHA_ACCIDENT_INJURY_DATA,0.570872203604746,0
TabM,no_text,BIN_TEXT_TRANSPORTATION_OSHA_ACCIDENT_INJURY_DATA,0.5405579204782175,1
TabM,no_text,BIN_TEXT_TRANSPORTATION_OSHA_ACCIDENT_INJURY_DATA,0.5813603840231863,2
TabM,no_text,BIN_TEXT_TRANSPORTATION_OSHA_ACCIDENT_INJURY_DATA,0.508405035775745,3
TabM,no_text,BIN_TEXT_TRANSPORTATION_OSHA_ACCIDENT_INJURY_DATA,0.6032062313196268,4
TabM,text_only,BIN_TEXT_TRANSPORTATION_OSHA_ACCIDENT_INJURY_DATA,0.5687709446608097,0
TabM,text_only,BIN_TEXT_TRANSPORTATION_OSHA_ACCIDENT_INJURY_DATA,0.5789874105606376,1
TabM,text_only,BIN_TEXT_TRANSPORTATION_OSHA_ACCIDENT_INJURY_DATA,0.5684811158409564,2
TabM,text_only,BIN_TEXT_TRANSPORTATION_OSHA_ACCIDENT_INJURY_DATA,0.5616157956706821,3
TabM,text_only,BIN_TEXT_TRANSPORTATION_OSHA_ACCIDENT_INJURY_DATA,0.5864867312743411,4
TabPFN-2.5,all,BIN_TEXT_TRANSPORTATION_OSHA_ACCIDENT_INJURY_DATA,0.6091748935784802,0
TabPFN-2.5,all,BIN_TEXT_TRANSPORTATION_OSHA_ACCIDENT_INJURY_DATA,0.5917851643872837,1
TabPFN-2.5,all,BIN_TEXT_TRANSPORTATION_OSHA_ACCIDENT_INJURY_DATA,0.6161851281586812,2
TabPFN-2.5,all,BIN_TEXT_TRANSPORTATION_OSHA_ACCIDENT_INJURY_DATA,0.60021737161489,3
TabPFN-2.5,all,BIN_TEXT_TRANSPORTATION_OSHA_ACCIDENT_INJURY_DATA,0.6283217099900372,4
TabPFN-2.5,ft,BIN_TEXT_TRANSPORTATION_OSHA_ACCIDENT_INJURY_DATA,0.60196540168463,0
TabPFN-2.5,ft,BIN_TEXT_TRANSPORTATION_OSHA_ACCIDENT_INJURY_DATA,0.5887510189294447,1
TabPFN-2.5,ft,BIN_TEXT_TRANSPORTATION_OSHA_ACCIDENT_INJURY_DATA,0.6088397790055249,2
TabPFN-2.5,ft,BIN_TEXT_TRANSPORTATION_OSHA_ACCIDENT_INJURY_DATA,0.5800018114301242,3
TabPFN-2.5,ft,BIN_TEXT_TRANSPORTATION_OSHA_ACCIDENT_INJURY_DATA,0.6229598768227516,4
TabPFN-2.5,no_text,BIN_TEXT_TRANSPORTATION_OSHA_ACCIDENT_INJURY_DATA,0.6015759442079522,0
TabPFN-2.5,no_text,BIN_TEXT_TRANSPORTATION_OSHA_ACCIDENT_INJURY_DATA,0.5666787428674939,1
TabPFN-2.5,no_text,BIN_TEXT_TRANSPORTATION_OSHA_ACCIDENT_INJURY_DATA,0.6232949913957069,2
TabPFN-2.5,no_text,BIN_TEXT_TRANSPORTATION_OSHA_ACCIDENT_INJURY_DATA,0.5656190562449054,3
TabPFN-2.5,no_text,BIN_TEXT_TRANSPORTATION_OSHA_ACCIDENT_INJURY_DATA,0.5992391993478852,4
TabPFN-2.5,text_only,BIN_TEXT_TRANSPORTATION_OSHA_ACCIDENT_INJURY_DATA,0.5679648582555928,0
TabPFN-2.5,text_only,BIN_TEXT_TRANSPORTATION_OSHA_ACCIDENT_INJURY_DATA,0.5712073181777013,1
TabPFN-2.5,text_only,BIN_TEXT_TRANSPORTATION_OSHA_ACCIDENT_INJURY_DATA,0.5664975998550856,2
TabPFN-2.5,text_only,BIN_TEXT_TRANSPORTATION_OSHA_ACCIDENT_INJURY_DATA,0.5918576215922471,3
TabPFN-2.5,text_only,BIN_TEXT_TRANSPORTATION_OSHA_ACCIDENT_INJURY_DATA,0.5864867312743411,4
TabPFNv2,all,BIN_TEXT_TRANSPORTATION_OSHA_ACCIDENT_INJURY_DATA,0.5970835975002264,0
TabPFNv2,all,BIN_TEXT_TRANSPORTATION_OSHA_ACCIDENT_INJURY_DATA,0.5828366995743139,1
TabPFNv2,all,BIN_TEXT_TRANSPORTATION_OSHA_ACCIDENT_INJURY_DATA,0.5967303686260302,2
TabPFNv2,all,BIN_TEXT_TRANSPORTATION_OSHA_ACCIDENT_INJURY_DATA,0.5861516167013856,3
TabPFNv2,all,BIN_TEXT_TRANSPORTATION_OSHA_ACCIDENT_INJURY_DATA,0.6221447332669143,4
TabPFNv2,ft,BIN_TEXT_TRANSPORTATION_OSHA_ACCIDENT_INJURY_DATA,0.5985417987501133,0
TabPFNv2,ft,BIN_TEXT_TRANSPORTATION_OSHA_ACCIDENT_INJURY_DATA,0.5864323883706186,1
TabPFNv2,ft,BIN_TEXT_TRANSPORTATION_OSHA_ACCIDENT_INJURY_DATA,0.5992301421972648,2
TabPFNv2,ft,BIN_TEXT_TRANSPORTATION_OSHA_ACCIDENT_INJURY_DATA,0.5642967122543248,3
TabPFNv2,ft,BIN_TEXT_TRANSPORTATION_OSHA_ACCIDENT_INJURY_DATA,0.6182048727470338,4
TabPFNv2,no_text,BIN_TEXT_TRANSPORTATION_OSHA_ACCIDENT_INJURY_DATA,0.6042025178878725,0
TabPFNv2,no_text,BIN_TEXT_TRANSPORTATION_OSHA_ACCIDENT_INJURY_DATA,0.5537270174803007,1
TabPFNv2,no_text,BIN_TEXT_TRANSPORTATION_OSHA_ACCIDENT_INJURY_DATA,0.624082963499683,2
TabPFNv2,no_text,BIN_TEXT_TRANSPORTATION_OSHA_ACCIDENT_INJURY_DATA,0.5703650031700027,3
TabPFNv2,no_text,BIN_TEXT_TRANSPORTATION_OSHA_ACCIDENT_INJURY_DATA,0.6052440902092202,4
TabPFNv2,text_only,BIN_TEXT_TRANSPORTATION_OSHA_ACCIDENT_INJURY_DATA,0.572094918938502,0
TabPFNv2,text_only,BIN_TEXT_TRANSPORTATION_OSHA_ACCIDENT_INJURY_DATA,0.574848292727108,1
TabPFNv2,text_only,BIN_TEXT_TRANSPORTATION_OSHA_ACCIDENT_INJURY_DATA,0.5561724481478127,2
TabPFNv2,text_only,BIN_TEXT_TRANSPORTATION_OSHA_ACCIDENT_INJURY_DATA,0.5912507925006794,3
TabPFNv2,text_only,BIN_TEXT_TRANSPORTATION_OSHA_ACCIDENT_INJURY_DATA,0.5723213477040123,4
XGBoost,all,BIN_TEXT_TRANSPORTATION_OSHA_ACCIDENT_INJURY_DATA,0.5978262838511004,0
XGBoost,all,BIN_TEXT_TRANSPORTATION_OSHA_ACCIDENT_INJURY_DATA,0.6039398605198805,1
XGBoost,all,BIN_TEXT_TRANSPORTATION_OSHA_ACCIDENT_INJURY_DATA,0.5252785073815778,2
XGBoost,all,BIN_TEXT_TRANSPORTATION_OSHA_ACCIDENT_INJURY_DATA,0.577357123448963,3
XGBoost,all,BIN_TEXT_TRANSPORTATION_OSHA_ACCIDENT_INJURY_DATA,0.5735259487365275,4
XGBoost,ft,BIN_TEXT_TRANSPORTATION_OSHA_ACCIDENT_INJURY_DATA,0.5867131600398514,0
XGBoost,ft,BIN_TEXT_TRANSPORTATION_OSHA_ACCIDENT_INJURY_DATA,0.5683996014853728,1
XGBoost,ft,BIN_TEXT_TRANSPORTATION_OSHA_ACCIDENT_INJURY_DATA,0.6043474322977991,2
XGBoost,ft,BIN_TEXT_TRANSPORTATION_OSHA_ACCIDENT_INJURY_DATA,0.5574132777828095,3
XGBoost,ft,BIN_TEXT_TRANSPORTATION_OSHA_ACCIDENT_INJURY_DATA,0.55305678833439,4
XGBoost,no_text,BIN_TEXT_TRANSPORTATION_OSHA_ACCIDENT_INJURY_DATA,0.5739606919663074,0
XGBoost,no_text,BIN_TEXT_TRANSPORTATION_OSHA_ACCIDENT_INJURY_DATA,0.5592247079068925,1
XGBoost,no_text,BIN_TEXT_TRANSPORTATION_OSHA_ACCIDENT_INJURY_DATA,0.603559460193823,2
XGBoost,no_text,BIN_TEXT_TRANSPORTATION_OSHA_ACCIDENT_INJURY_DATA,0.5809890408477494,3
XGBoost,no_text,BIN_TEXT_TRANSPORTATION_OSHA_ACCIDENT_INJURY_DATA,0.5861244452495245,4
XGBoost,text_only,BIN_TEXT_TRANSPORTATION_OSHA_ACCIDENT_INJURY_DATA,0.4913866497599854,0
XGBoost,text_only,BIN_TEXT_TRANSPORTATION_OSHA_ACCIDENT_INJURY_DATA,0.5177882438184948,1
XGBoost,text_only,BIN_TEXT_TRANSPORTATION_OSHA_ACCIDENT_INJURY_DATA,0.5214563898197627,2
XGBoost,text_only,BIN_TEXT_TRANSPORTATION_OSHA_ACCIDENT_INJURY_DATA,0.5215650756272077,3
XGBoost,text_only,BIN_TEXT_TRANSPORTATION_OSHA_ACCIDENT_INJURY_DATA,0.531419255502219,4
CatBoost,all,MUL_TEXT_CONSUMER_PRODUCT_SENTIMENT,0.8826418787197658,0
CatBoost,all,MUL_TEXT_CONSUMER_PRODUCT_SENTIMENT,0.895891918195852,1
CatBoost,all,MUL_TEXT_CONSUMER_PRODUCT_SENTIMENT,0.9187652127467446,2
CatBoost,all,MUL_TEXT_CONSUMER_PRODUCT_SENTIMENT,0.9001052640937716,3
CatBoost,all,MUL_TEXT_CONSUMER_PRODUCT_SENTIMENT,0.9014415033768406,4
CatBoost,ft,MUL_TEXT_CONSUMER_PRODUCT_SENTIMENT,0.8740072176270559,0
CatBoost,ft,MUL_TEXT_CONSUMER_PRODUCT_SENTIMENT,0.9159557226967624,1
CatBoost,ft,MUL_TEXT_CONSUMER_PRODUCT_SENTIMENT,0.926487616663215,2
CatBoost,ft,MUL_TEXT_CONSUMER_PRODUCT_SENTIMENT,0.9323302626190962,3
CatBoost,ft,MUL_TEXT_CONSUMER_PRODUCT_SENTIMENT,0.919995931555325,4
CatBoost,no_text,MUL_TEXT_CONSUMER_PRODUCT_SENTIMENT,0.8344916001979384,0
CatBoost,no_text,MUL_TEXT_CONSUMER_PRODUCT_SENTIMENT,0.8169282360433049,1
CatBoost,no_text,MUL_TEXT_CONSUMER_PRODUCT_SENTIMENT,0.809756216133349,2
CatBoost,no_text,MUL_TEXT_CONSUMER_PRODUCT_SENTIMENT,0.8435699910305247,3
CatBoost,no_text,MUL_TEXT_CONSUMER_PRODUCT_SENTIMENT,0.8307296453832611,4
CatBoost,text_only,MUL_TEXT_CONSUMER_PRODUCT_SENTIMENT,0.7587144541904343,0
CatBoost,text_only,MUL_TEXT_CONSUMER_PRODUCT_SENTIMENT,0.7514027727080351,1
CatBoost,text_only,MUL_TEXT_CONSUMER_PRODUCT_SENTIMENT,0.7904685508397987,2
CatBoost,text_only,MUL_TEXT_CONSUMER_PRODUCT_SENTIMENT,0.76317941207881,3
CatBoost,text_only,MUL_TEXT_CONSUMER_PRODUCT_SENTIMENT,0.7872341407184089,4
LightGBM,all,MUL_TEXT_CONSUMER_PRODUCT_SENTIMENT,0.8383638975593984,0
LightGBM,all,MUL_TEXT_CONSUMER_PRODUCT_SENTIMENT,0.8832734264049811,1
LightGBM,all,MUL_TEXT_CONSUMER_PRODUCT_SENTIMENT,0.8977414712372032,2
LightGBM,all,MUL_TEXT_CONSUMER_PRODUCT_SENTIMENT,0.8665056789252554,3
LightGBM,all,MUL_TEXT_CONSUMER_PRODUCT_SENTIMENT,0.8723084199346527,4
LightGBM,ft,MUL_TEXT_CONSUMER_PRODUCT_SENTIMENT,0.8729877049821181,0
LightGBM,ft,MUL_TEXT_CONSUMER_PRODUCT_SENTIMENT,0.908040963309294,1
LightGBM,ft,MUL_TEXT_CONSUMER_PRODUCT_SENTIMENT,0.9082642210571856,2
LightGBM,ft,MUL_TEXT_CONSUMER_PRODUCT_SENTIMENT,0.9053637828370314,3
LightGBM,ft,MUL_TEXT_CONSUMER_PRODUCT_SENTIMENT,0.9000989691086764,4
LightGBM,no_text,MUL_TEXT_CONSUMER_PRODUCT_SENTIMENT,0.83454303717305,0
LightGBM,no_text,MUL_TEXT_CONSUMER_PRODUCT_SENTIMENT,0.8143176841487073,1
LightGBM,no_text,MUL_TEXT_CONSUMER_PRODUCT_SENTIMENT,0.8092344253160765,2
LightGBM,no_text,MUL_TEXT_CONSUMER_PRODUCT_SENTIMENT,0.84341142866266,3
LightGBM,no_text,MUL_TEXT_CONSUMER_PRODUCT_SENTIMENT,0.8307008642579329,4
LightGBM,text_only,MUL_TEXT_CONSUMER_PRODUCT_SENTIMENT,0.7348782877153349,0
LightGBM,text_only,MUL_TEXT_CONSUMER_PRODUCT_SENTIMENT,0.7499150399336204,1
LightGBM,text_only,MUL_TEXT_CONSUMER_PRODUCT_SENTIMENT,0.7887619813439712,2
LightGBM,text_only,MUL_TEXT_CONSUMER_PRODUCT_SENTIMENT,0.7395382600552041,3
LightGBM,text_only,MUL_TEXT_CONSUMER_PRODUCT_SENTIMENT,0.7724361142105409,4
RandomForest,all,MUL_TEXT_CONSUMER_PRODUCT_SENTIMENT,0.8589605332057393,0
RandomForest,all,MUL_TEXT_CONSUMER_PRODUCT_SENTIMENT,0.8530343785635605,1
RandomForest,all,MUL_TEXT_CONSUMER_PRODUCT_SENTIMENT,0.8779109747151037,2
RandomForest,all,MUL_TEXT_CONSUMER_PRODUCT_SENTIMENT,0.8919014371193132,3
RandomForest,all,MUL_TEXT_CONSUMER_PRODUCT_SENTIMENT,0.8694762568709209,4
RandomForest,ft,MUL_TEXT_CONSUMER_PRODUCT_SENTIMENT,0.8881498289390284,0
RandomForest,ft,MUL_TEXT_CONSUMER_PRODUCT_SENTIMENT,0.901779765763621,1
RandomForest,ft,MUL_TEXT_CONSUMER_PRODUCT_SENTIMENT,0.9026861145356904,2
RandomForest,ft,MUL_TEXT_CONSUMER_PRODUCT_SENTIMENT,0.9267043765420956,3
RandomForest,ft,MUL_TEXT_CONSUMER_PRODUCT_SENTIMENT,0.8890079692738608,4
RandomForest,no_text,MUL_TEXT_CONSUMER_PRODUCT_SENTIMENT,0.8345616844103019,0
RandomForest,no_text,MUL_TEXT_CONSUMER_PRODUCT_SENTIMENT,0.8143843905774832,1
RandomForest,no_text,MUL_TEXT_CONSUMER_PRODUCT_SENTIMENT,0.8096666098694618,2
RandomForest,no_text,MUL_TEXT_CONSUMER_PRODUCT_SENTIMENT,0.8434521836844784,3
RandomForest,no_text,MUL_TEXT_CONSUMER_PRODUCT_SENTIMENT,0.8307827797075876,4
RandomForest,text_only,MUL_TEXT_CONSUMER_PRODUCT_SENTIMENT,0.7424449816730512,0
RandomForest,text_only,MUL_TEXT_CONSUMER_PRODUCT_SENTIMENT,0.7086004080031679,1
RandomForest,text_only,MUL_TEXT_CONSUMER_PRODUCT_SENTIMENT,0.7641243721725499,2
RandomForest,text_only,MUL_TEXT_CONSUMER_PRODUCT_SENTIMENT,0.6898665936090308,3
RandomForest,text_only,MUL_TEXT_CONSUMER_PRODUCT_SENTIMENT,0.7646165586745204,4
RealMLP,all,MUL_TEXT_CONSUMER_PRODUCT_SENTIMENT,0.8996416300967007,0
RealMLP,all,MUL_TEXT_CONSUMER_PRODUCT_SENTIMENT,0.899849411633319,1
RealMLP,all,MUL_TEXT_CONSUMER_PRODUCT_SENTIMENT,0.9051840180524028,2
RealMLP,all,MUL_TEXT_CONSUMER_PRODUCT_SENTIMENT,0.9096802932929072,3
RealMLP,all,MUL_TEXT_CONSUMER_PRODUCT_SENTIMENT,0.887761796180313,4
RealMLP,ft,MUL_TEXT_CONSUMER_PRODUCT_SENTIMENT,0.8566331907850641,0
RealMLP,ft,MUL_TEXT_CONSUMER_PRODUCT_SENTIMENT,0.9031731891815336,1
RealMLP,ft,MUL_TEXT_CONSUMER_PRODUCT_SENTIMENT,0.9031273172677322,2
RealMLP,ft,MUL_TEXT_CONSUMER_PRODUCT_SENTIMENT,0.8874984847888637,3
RealMLP,ft,MUL_TEXT_CONSUMER_PRODUCT_SENTIMENT,0.8966415020264111,4
RealMLP,no_text,MUL_TEXT_CONSUMER_PRODUCT_SENTIMENT,0.8264522307525431,0
RealMLP,no_text,MUL_TEXT_CONSUMER_PRODUCT_SENTIMENT,0.815620874405441,1
RealMLP,no_text,MUL_TEXT_CONSUMER_PRODUCT_SENTIMENT,0.817585496935218,2
RealMLP,no_text,MUL_TEXT_CONSUMER_PRODUCT_SENTIMENT,0.8398578718252139,3
RealMLP,no_text,MUL_TEXT_CONSUMER_PRODUCT_SENTIMENT,0.8364823723889296,4
RealMLP,text_only,MUL_TEXT_CONSUMER_PRODUCT_SENTIMENT,0.7736656872760695,0
RealMLP,text_only,MUL_TEXT_CONSUMER_PRODUCT_SENTIMENT,0.7736569737347042,1
RealMLP,text_only,MUL_TEXT_CONSUMER_PRODUCT_SENTIMENT,0.724591078573003,2
RealMLP,text_only,MUL_TEXT_CONSUMER_PRODUCT_SENTIMENT,0.7442686622828137,3
RealMLP,text_only,MUL_TEXT_CONSUMER_PRODUCT_SENTIMENT,0.7124710270497608,4
TabDPT,all,MUL_TEXT_CONSUMER_PRODUCT_SENTIMENT,0.9127423306990828,0
TabDPT,all,MUL_TEXT_CONSUMER_PRODUCT_SENTIMENT,0.9121162107090992,1
TabDPT,all,MUL_TEXT_CONSUMER_PRODUCT_SENTIMENT,0.9261062007040792,2
TabDPT,all,MUL_TEXT_CONSUMER_PRODUCT_SENTIMENT,0.9174456062001723,3
TabDPT,all,MUL_TEXT_CONSUMER_PRODUCT_SENTIMENT,0.9187707152299648,4
TabDPT,ft,MUL_TEXT_CONSUMER_PRODUCT_SENTIMENT,0.9134332235559048,0
TabDPT,ft,MUL_TEXT_CONSUMER_PRODUCT_SENTIMENT,0.9223454945794526,1
TabDPT,ft,MUL_TEXT_CONSUMER_PRODUCT_SENTIMENT,0.9267245955645612,2
TabDPT,ft,MUL_TEXT_CONSUMER_PRODUCT_SENTIMENT,0.9245823873096354,3
TabDPT,ft,MUL_TEXT_CONSUMER_PRODUCT_SENTIMENT,0.9021309999315724,4
TabDPT,no_text,MUL_TEXT_CONSUMER_PRODUCT_SENTIMENT,0.8338934933544968,0
TabDPT,no_text,MUL_TEXT_CONSUMER_PRODUCT_SENTIMENT,0.7924514813478211,1
TabDPT,no_text,MUL_TEXT_CONSUMER_PRODUCT_SENTIMENT,0.8261971993962358,2
TabDPT,no_text,MUL_TEXT_CONSUMER_PRODUCT_SENTIMENT,0.8372343839139658,3
TabDPT,no_text,MUL_TEXT_CONSUMER_PRODUCT_SENTIMENT,0.8403876539492401,4
TabDPT,text_only,MUL_TEXT_CONSUMER_PRODUCT_SENTIMENT,0.8227388076007203,0
TabDPT,text_only,MUL_TEXT_CONSUMER_PRODUCT_SENTIMENT,0.8045804176658116,1
TabDPT,text_only,MUL_TEXT_CONSUMER_PRODUCT_SENTIMENT,0.8134987059193751,2
TabDPT,text_only,MUL_TEXT_CONSUMER_PRODUCT_SENTIMENT,0.7897920724654097,3
TabDPT,text_only,MUL_TEXT_CONSUMER_PRODUCT_SENTIMENT,0.8121637031363186,4
TabICLv2,all,MUL_TEXT_CONSUMER_PRODUCT_SENTIMENT,0.9155184169961664,0
TabICLv2,all,MUL_TEXT_CONSUMER_PRODUCT_SENTIMENT,0.9242640298420696,1
TabICLv2,all,MUL_TEXT_CONSUMER_PRODUCT_SENTIMENT,0.9237349490571568,2
TabICLv2,all,MUL_TEXT_CONSUMER_PRODUCT_SENTIMENT,0.9244937362631576,3
TabICLv2,all,MUL_TEXT_CONSUMER_PRODUCT_SENTIMENT,0.9252849251011656,4
TabICLv2,ft,MUL_TEXT_CONSUMER_PRODUCT_SENTIMENT,0.9193343576065468,0
TabICLv2,ft,MUL_TEXT_CONSUMER_PRODUCT_SENTIMENT,0.9305662752698778,1
TabICLv2,ft,MUL_TEXT_CONSUMER_PRODUCT_SENTIMENT,0.9244968728000929,2
TabICLv2,ft,MUL_TEXT_CONSUMER_PRODUCT_SENTIMENT,0.9343484095508886,3
TabICLv2,ft,MUL_TEXT_CONSUMER_PRODUCT_SENTIMENT,0.917135135757262,4
TabICLv2,no_text,MUL_TEXT_CONSUMER_PRODUCT_SENTIMENT,0.8346805956462313,0
TabICLv2,no_text,MUL_TEXT_CONSUMER_PRODUCT_SENTIMENT,0.8210724868562564,1
TabICLv2,no_text,MUL_TEXT_CONSUMER_PRODUCT_SENTIMENT,0.8113911773626431,2
TabICLv2,no_text,MUL_TEXT_CONSUMER_PRODUCT_SENTIMENT,0.8482958109761161,3
TabICLv2,no_text,MUL_TEXT_CONSUMER_PRODUCT_SENTIMENT,0.8264450331690272,4
TabICLv2,text_only,MUL_TEXT_CONSUMER_PRODUCT_SENTIMENT,0.8219778759560481,0
TabICLv2,text_only,MUL_TEXT_CONSUMER_PRODUCT_SENTIMENT,0.8328153742363035,1
TabICLv2,text_only,MUL_TEXT_CONSUMER_PRODUCT_SENTIMENT,0.8367754168002184,2
TabICLv2,text_only,MUL_TEXT_CONSUMER_PRODUCT_SENTIMENT,0.8015576340589404,3
TabICLv2,text_only,MUL_TEXT_CONSUMER_PRODUCT_SENTIMENT,0.8332413935972883,4
TabM,all,MUL_TEXT_CONSUMER_PRODUCT_SENTIMENT,0.9033117729551096,0
TabM,all,MUL_TEXT_CONSUMER_PRODUCT_SENTIMENT,0.8934976533469206,1
TabM,all,MUL_TEXT_CONSUMER_PRODUCT_SENTIMENT,0.9147747877012908,2
TabM,all,MUL_TEXT_CONSUMER_PRODUCT_SENTIMENT,0.895641359752387,3
TabM,all,MUL_TEXT_CONSUMER_PRODUCT_SENTIMENT,0.9019824316319068,4
TabM,ft,MUL_TEXT_CONSUMER_PRODUCT_SENTIMENT,0.8962497774712926,0
TabM,ft,MUL_TEXT_CONSUMER_PRODUCT_SENTIMENT,0.914847152596758,1
TabM,ft,MUL_TEXT_CONSUMER_PRODUCT_SENTIMENT,0.923449481765625,2
TabM,ft,MUL_TEXT_CONSUMER_PRODUCT_SENTIMENT,0.9362099145462356,3
TabM,ft,MUL_TEXT_CONSUMER_PRODUCT_SENTIMENT,0.9187075180569072,4
TabM,no_text,MUL_TEXT_CONSUMER_PRODUCT_SENTIMENT,0.8165759013944519,0
TabM,no_text,MUL_TEXT_CONSUMER_PRODUCT_SENTIMENT,0.8173090476444829,1
TabM,no_text,MUL_TEXT_CONSUMER_PRODUCT_SENTIMENT,0.8127945847343854,2
TabM,no_text,MUL_TEXT_CONSUMER_PRODUCT_SENTIMENT,0.828517516632171,3
TabM,no_text,MUL_TEXT_CONSUMER_PRODUCT_SENTIMENT,0.8293605693548841,4
TabM,text_only,MUL_TEXT_CONSUMER_PRODUCT_SENTIMENT,0.7487633492621802,0
TabM,text_only,MUL_TEXT_CONSUMER_PRODUCT_SENTIMENT,0.7881059732499868,1
TabM,text_only,MUL_TEXT_CONSUMER_PRODUCT_SENTIMENT,0.8170030239613795,2
TabM,text_only,MUL_TEXT_CONSUMER_PRODUCT_SENTIMENT,0.7635314363606095,3
TabM,text_only,MUL_TEXT_CONSUMER_PRODUCT_SENTIMENT,0.8026415069899925,4
TabPFN-2.5,all,MUL_TEXT_CONSUMER_PRODUCT_SENTIMENT,0.916556796873826,0
TabPFN-2.5,all,MUL_TEXT_CONSUMER_PRODUCT_SENTIMENT,0.9195879582662936,1
TabPFN-2.5,all,MUL_TEXT_CONSUMER_PRODUCT_SENTIMENT,0.91984383705106,2
TabPFN-2.5,all,MUL_TEXT_CONSUMER_PRODUCT_SENTIMENT,0.918412885677348,3
TabPFN-2.5,all,MUL_TEXT_CONSUMER_PRODUCT_SENTIMENT,0.9158099805252212,4
TabPFN-2.5,ft,MUL_TEXT_CONSUMER_PRODUCT_SENTIMENT,0.916363136720606,0
TabPFN-2.5,ft,MUL_TEXT_CONSUMER_PRODUCT_SENTIMENT,0.9335996019700096,1
TabPFN-2.5,ft,MUL_TEXT_CONSUMER_PRODUCT_SENTIMENT,0.9296616019810224,2
TabPFN-2.5,ft,MUL_TEXT_CONSUMER_PRODUCT_SENTIMENT,0.9336490846109242,3
TabPFN-2.5,ft,MUL_TEXT_CONSUMER_PRODUCT_SENTIMENT,0.9134798024582168,4
TabPFN-2.5,no_text,MUL_TEXT_CONSUMER_PRODUCT_SENTIMENT,0.8374355116707531,0
TabPFN-2.5,no_text,MUL_TEXT_CONSUMER_PRODUCT_SENTIMENT,0.8216954535357963,1
TabPFN-2.5,no_text,MUL_TEXT_CONSUMER_PRODUCT_SENTIMENT,0.818220719120879,2
TabPFN-2.5,no_text,MUL_TEXT_CONSUMER_PRODUCT_SENTIMENT,0.8399663728271445,3
TabPFN-2.5,no_text,MUL_TEXT_CONSUMER_PRODUCT_SENTIMENT,0.8298812191256808,4
TabPFN-2.5,text_only,MUL_TEXT_CONSUMER_PRODUCT_SENTIMENT,0.8123461686095129,0
TabPFN-2.5,text_only,MUL_TEXT_CONSUMER_PRODUCT_SENTIMENT,0.8116919228716704,1
TabPFN-2.5,text_only,MUL_TEXT_CONSUMER_PRODUCT_SENTIMENT,0.8265803158903047,2
TabPFN-2.5,text_only,MUL_TEXT_CONSUMER_PRODUCT_SENTIMENT,0.7951190750314888,3
TabPFN-2.5,text_only,MUL_TEXT_CONSUMER_PRODUCT_SENTIMENT,0.8164397364557234,4
TabPFNv2,all,MUL_TEXT_CONSUMER_PRODUCT_SENTIMENT,0.9123889045506028,0
TabPFNv2,all,MUL_TEXT_CONSUMER_PRODUCT_SENTIMENT,0.912157043598033,1
TabPFNv2,all,MUL_TEXT_CONSUMER_PRODUCT_SENTIMENT,0.9141508372491992,2
TabPFNv2,all,MUL_TEXT_CONSUMER_PRODUCT_SENTIMENT,0.9239962768285336,3
TabPFNv2,all,MUL_TEXT_CONSUMER_PRODUCT_SENTIMENT,0.910305198362244,4
TabPFNv2,ft,MUL_TEXT_CONSUMER_PRODUCT_SENTIMENT,0.917993790123654,0
TabPFNv2,ft,MUL_TEXT_CONSUMER_PRODUCT_SENTIMENT,0.9265624544565152,1
TabPFNv2,ft,MUL_TEXT_CONSUMER_PRODUCT_SENTIMENT,0.9178867938143096,2
TabPFNv2,ft,MUL_TEXT_CONSUMER_PRODUCT_SENTIMENT,0.9335089926589374,3
TabPFNv2,ft,MUL_TEXT_CONSUMER_PRODUCT_SENTIMENT,0.9167254576009054,4
TabPFNv2,no_text,MUL_TEXT_CONSUMER_PRODUCT_SENTIMENT,0.8334453417256058,0
TabPFNv2,no_text,MUL_TEXT_CONSUMER_PRODUCT_SENTIMENT,0.8214248084121688,1
TabPFNv2,no_text,MUL_TEXT_CONSUMER_PRODUCT_SENTIMENT,0.8160573905234871,2
TabPFNv2,no_text,MUL_TEXT_CONSUMER_PRODUCT_SENTIMENT,0.8404468663534018,3
TabPFNv2,no_text,MUL_TEXT_CONSUMER_PRODUCT_SENTIMENT,0.8289919411688911,4
TabPFNv2,text_only,MUL_TEXT_CONSUMER_PRODUCT_SENTIMENT,0.802423976791912,0
TabPFNv2,text_only,MUL_TEXT_CONSUMER_PRODUCT_SENTIMENT,0.8029569964481885,1
TabPFNv2,text_only,MUL_TEXT_CONSUMER_PRODUCT_SENTIMENT,0.8199475190399568,2
TabPFNv2,text_only,MUL_TEXT_CONSUMER_PRODUCT_SENTIMENT,0.7987147142827624,3
TabPFNv2,text_only,MUL_TEXT_CONSUMER_PRODUCT_SENTIMENT,0.8080981910780991,4
XGBoost,all,MUL_TEXT_CONSUMER_PRODUCT_SENTIMENT,0.865785116014598,0
XGBoost,all,MUL_TEXT_CONSUMER_PRODUCT_SENTIMENT,0.9034915309596936,1
XGBoost,all,MUL_TEXT_CONSUMER_PRODUCT_SENTIMENT,0.906821590277996,2
XGBoost,all,MUL_TEXT_CONSUMER_PRODUCT_SENTIMENT,0.8952089344251826,3
XGBoost,all,MUL_TEXT_CONSUMER_PRODUCT_SENTIMENT,0.9057465085711732,4
XGBoost,ft,MUL_TEXT_CONSUMER_PRODUCT_SENTIMENT,0.8764938263206319,0
XGBoost,ft,MUL_TEXT_CONSUMER_PRODUCT_SENTIMENT,0.9036855697275546,1
XGBoost,ft,MUL_TEXT_CONSUMER_PRODUCT_SENTIMENT,0.9134677527379472,2
XGBoost,ft,MUL_TEXT_CONSUMER_PRODUCT_SENTIMENT,0.9190719275263431,3
XGBoost,ft,MUL_TEXT_CONSUMER_PRODUCT_SENTIMENT,0.8944444696491898,4
XGBoost,no_text,MUL_TEXT_CONSUMER_PRODUCT_SENTIMENT,0.8375570474054994,0
XGBoost,no_text,MUL_TEXT_CONSUMER_PRODUCT_SENTIMENT,0.8139648717959087,1
XGBoost,no_text,MUL_TEXT_CONSUMER_PRODUCT_SENTIMENT,0.8130613676801852,2
XGBoost,no_text,MUL_TEXT_CONSUMER_PRODUCT_SENTIMENT,0.8435779892389259,3
XGBoost,no_text,MUL_TEXT_CONSUMER_PRODUCT_SENTIMENT,0.830778780603387,4
XGBoost,text_only,MUL_TEXT_CONSUMER_PRODUCT_SENTIMENT,0.7493764400727974,0
XGBoost,text_only,MUL_TEXT_CONSUMER_PRODUCT_SENTIMENT,0.7707694340940322,1
XGBoost,text_only,MUL_TEXT_CONSUMER_PRODUCT_SENTIMENT,0.7748170527561019,2
XGBoost,text_only,MUL_TEXT_CONSUMER_PRODUCT_SENTIMENT,0.721914524160248,3
XGBoost,text_only,MUL_TEXT_CONSUMER_PRODUCT_SENTIMENT,0.7724970385726107,4
CatBoost,all,MUL_TEXT_CONSUMER_WOMEN_ECOMMERCE_CLOTHING_REVIEW,0.9048007523264818,0
CatBoost,all,MUL_TEXT_CONSUMER_WOMEN_ECOMMERCE_CLOTHING_REVIEW,0.9012352931856312,1
CatBoost,all,MUL_TEXT_CONSUMER_WOMEN_ECOMMERCE_CLOTHING_REVIEW,0.9084081068081372,2
CatBoost,all,MUL_TEXT_CONSUMER_WOMEN_ECOMMERCE_CLOTHING_REVIEW,0.898971351535096,3
CatBoost,all,MUL_TEXT_CONSUMER_WOMEN_ECOMMERCE_CLOTHING_REVIEW,0.9009836279109956,4
CatBoost,ft,MUL_TEXT_CONSUMER_WOMEN_ECOMMERCE_CLOTHING_REVIEW,0.9131641629612756,0
CatBoost,ft,MUL_TEXT_CONSUMER_WOMEN_ECOMMERCE_CLOTHING_REVIEW,0.9099807047022062,1
CatBoost,ft,MUL_TEXT_CONSUMER_WOMEN_ECOMMERCE_CLOTHING_REVIEW,0.9131913324984222,2
CatBoost,ft,MUL_TEXT_CONSUMER_WOMEN_ECOMMERCE_CLOTHING_REVIEW,0.9042079517196566,3
CatBoost,ft,MUL_TEXT_CONSUMER_WOMEN_ECOMMERCE_CLOTHING_REVIEW,0.9076467918059088,4
CatBoost,no_text,MUL_TEXT_CONSUMER_WOMEN_ECOMMERCE_CLOTHING_REVIEW,0.7898930349933002,0
CatBoost,no_text,MUL_TEXT_CONSUMER_WOMEN_ECOMMERCE_CLOTHING_REVIEW,0.7748249868854581,1
CatBoost,no_text,MUL_TEXT_CONSUMER_WOMEN_ECOMMERCE_CLOTHING_REVIEW,0.781681759053801,2
CatBoost,no_text,MUL_TEXT_CONSUMER_WOMEN_ECOMMERCE_CLOTHING_REVIEW,0.7741624938628068,3
CatBoost,no_text,MUL_TEXT_CONSUMER_WOMEN_ECOMMERCE_CLOTHING_REVIEW,0.7788157151828876,4
CatBoost,text_only,MUL_TEXT_CONSUMER_WOMEN_ECOMMERCE_CLOTHING_REVIEW,0.8891781976557562,0
CatBoost,text_only,MUL_TEXT_CONSUMER_WOMEN_ECOMMERCE_CLOTHING_REVIEW,0.886973462909643,1
CatBoost,text_only,MUL_TEXT_CONSUMER_WOMEN_ECOMMERCE_CLOTHING_REVIEW,0.8914966906819529,2
CatBoost,text_only,MUL_TEXT_CONSUMER_WOMEN_ECOMMERCE_CLOTHING_REVIEW,0.8838257006006384,3
CatBoost,text_only,MUL_TEXT_CONSUMER_WOMEN_ECOMMERCE_CLOTHING_REVIEW,0.8821120065925097,4
LightGBM,all,MUL_TEXT_CONSUMER_WOMEN_ECOMMERCE_CLOTHING_REVIEW,0.899790994693301,0
LightGBM,all,MUL_TEXT_CONSUMER_WOMEN_ECOMMERCE_CLOTHING_REVIEW,0.89659533942711,1
LightGBM,all,MUL_TEXT_CONSUMER_WOMEN_ECOMMERCE_CLOTHING_REVIEW,0.899666995032085,2
LightGBM,all,MUL_TEXT_CONSUMER_WOMEN_ECOMMERCE_CLOTHING_REVIEW,0.8947022322872439,3
LightGBM,all,MUL_TEXT_CONSUMER_WOMEN_ECOMMERCE_CLOTHING_REVIEW,0.8931484938517078,4
LightGBM,ft,MUL_TEXT_CONSUMER_WOMEN_ECOMMERCE_CLOTHING_REVIEW,0.9094663349031272,0
LightGBM,ft,MUL_TEXT_CONSUMER_WOMEN_ECOMMERCE_CLOTHING_REVIEW,0.9005331075882866,1
LightGBM,ft,MUL_TEXT_CONSUMER_WOMEN_ECOMMERCE_CLOTHING_REVIEW,0.9081603302792796,2
LightGBM,ft,MUL_TEXT_CONSUMER_WOMEN_ECOMMERCE_CLOTHING_REVIEW,0.8944466424857925,3
LightGBM,ft,MUL_TEXT_CONSUMER_WOMEN_ECOMMERCE_CLOTHING_REVIEW,0.9007645693498778,4
LightGBM,no_text,MUL_TEXT_CONSUMER_WOMEN_ECOMMERCE_CLOTHING_REVIEW,0.785221404071993,0
LightGBM,no_text,MUL_TEXT_CONSUMER_WOMEN_ECOMMERCE_CLOTHING_REVIEW,0.7651166024999407,1
LightGBM,no_text,MUL_TEXT_CONSUMER_WOMEN_ECOMMERCE_CLOTHING_REVIEW,0.7795412411772942,2
LightGBM,no_text,MUL_TEXT_CONSUMER_WOMEN_ECOMMERCE_CLOTHING_REVIEW,0.7833521148819159,3
LightGBM,no_text,MUL_TEXT_CONSUMER_WOMEN_ECOMMERCE_CLOTHING_REVIEW,0.7849577604139856,4
LightGBM,text_only,MUL_TEXT_CONSUMER_WOMEN_ECOMMERCE_CLOTHING_REVIEW,0.875748802488312,0
LightGBM,text_only,MUL_TEXT_CONSUMER_WOMEN_ECOMMERCE_CLOTHING_REVIEW,0.8753528222055771,1
LightGBM,text_only,MUL_TEXT_CONSUMER_WOMEN_ECOMMERCE_CLOTHING_REVIEW,0.8785304510516532,2
LightGBM,text_only,MUL_TEXT_CONSUMER_WOMEN_ECOMMERCE_CLOTHING_REVIEW,0.8723379216175768,3
LightGBM,text_only,MUL_TEXT_CONSUMER_WOMEN_ECOMMERCE_CLOTHING_REVIEW,0.8729123966678133,4
RandomForest,all,MUL_TEXT_CONSUMER_WOMEN_ECOMMERCE_CLOTHING_REVIEW,0.8937723988665673,0
RandomForest,all,MUL_TEXT_CONSUMER_WOMEN_ECOMMERCE_CLOTHING_REVIEW,0.8933155531024235,1
RandomForest,all,MUL_TEXT_CONSUMER_WOMEN_ECOMMERCE_CLOTHING_REVIEW,0.8952710396036949,2
RandomForest,all,MUL_TEXT_CONSUMER_WOMEN_ECOMMERCE_CLOTHING_REVIEW,0.8896719873695824,3
RandomForest,all,MUL_TEXT_CONSUMER_WOMEN_ECOMMERCE_CLOTHING_REVIEW,0.8883876056208692,4
RandomForest,ft,MUL_TEXT_CONSUMER_WOMEN_ECOMMERCE_CLOTHING_REVIEW,0.9052122518961692,0
RandomForest,ft,MUL_TEXT_CONSUMER_WOMEN_ECOMMERCE_CLOTHING_REVIEW,0.9059554388221024,1
RandomForest,ft,MUL_TEXT_CONSUMER_WOMEN_ECOMMERCE_CLOTHING_REVIEW,0.911230327188898,2
RandomForest,ft,MUL_TEXT_CONSUMER_WOMEN_ECOMMERCE_CLOTHING_REVIEW,0.8978873122871764,3
RandomForest,ft,MUL_TEXT_CONSUMER_WOMEN_ECOMMERCE_CLOTHING_REVIEW,0.9022557050520372,4
RandomForest,no_text,MUL_TEXT_CONSUMER_WOMEN_ECOMMERCE_CLOTHING_REVIEW,0.7821219387437357,0
RandomForest,no_text,MUL_TEXT_CONSUMER_WOMEN_ECOMMERCE_CLOTHING_REVIEW,0.7623405136048488,1
RandomForest,no_text,MUL_TEXT_CONSUMER_WOMEN_ECOMMERCE_CLOTHING_REVIEW,0.7735014603016052,2
RandomForest,no_text,MUL_TEXT_CONSUMER_WOMEN_ECOMMERCE_CLOTHING_REVIEW,0.7761308325495555,3
RandomForest,no_text,MUL_TEXT_CONSUMER_WOMEN_ECOMMERCE_CLOTHING_REVIEW,0.7762266156361385,4
RandomForest,text_only,MUL_TEXT_CONSUMER_WOMEN_ECOMMERCE_CLOTHING_REVIEW,0.8764204220240753,0
RandomForest,text_only,MUL_TEXT_CONSUMER_WOMEN_ECOMMERCE_CLOTHING_REVIEW,0.8810146998322601,1
RandomForest,text_only,MUL_TEXT_CONSUMER_WOMEN_ECOMMERCE_CLOTHING_REVIEW,0.8764458408399483,2
RandomForest,text_only,MUL_TEXT_CONSUMER_WOMEN_ECOMMERCE_CLOTHING_REVIEW,0.8745131388496059,3
RandomForest,text_only,MUL_TEXT_CONSUMER_WOMEN_ECOMMERCE_CLOTHING_REVIEW,0.8650963872080958,4
RealMLP,all,MUL_TEXT_CONSUMER_WOMEN_ECOMMERCE_CLOTHING_REVIEW,0.9086295017568544,0
RealMLP,all,MUL_TEXT_CONSUMER_WOMEN_ECOMMERCE_CLOTHING_REVIEW,0.9030897827741272,1
RealMLP,all,MUL_TEXT_CONSUMER_WOMEN_ECOMMERCE_CLOTHING_REVIEW,0.9104336558516009,2
RealMLP,all,MUL_TEXT_CONSUMER_WOMEN_ECOMMERCE_CLOTHING_REVIEW,0.9050026912840318,3
RealMLP,all,MUL_TEXT_CONSUMER_WOMEN_ECOMMERCE_CLOTHING_REVIEW,0.9024869727032552,4
RealMLP,ft,MUL_TEXT_CONSUMER_WOMEN_ECOMMERCE_CLOTHING_REVIEW,0.9112975090617108,0
RealMLP,ft,MUL_TEXT_CONSUMER_WOMEN_ECOMMERCE_CLOTHING_REVIEW,0.9082411202120028,1
RealMLP,ft,MUL_TEXT_CONSUMER_WOMEN_ECOMMERCE_CLOTHING_REVIEW,0.9095269507220192,2
RealMLP,ft,MUL_TEXT_CONSUMER_WOMEN_ECOMMERCE_CLOTHING_REVIEW,0.903223320949663,3
RealMLP,ft,MUL_TEXT_CONSUMER_WOMEN_ECOMMERCE_CLOTHING_REVIEW,0.910024920191181,4
RealMLP,no_text,MUL_TEXT_CONSUMER_WOMEN_ECOMMERCE_CLOTHING_REVIEW,0.7841750611155531,0
RealMLP,no_text,MUL_TEXT_CONSUMER_WOMEN_ECOMMERCE_CLOTHING_REVIEW,0.7635756356948126,1
RealMLP,no_text,MUL_TEXT_CONSUMER_WOMEN_ECOMMERCE_CLOTHING_REVIEW,0.7861284365976493,2
RealMLP,no_text,MUL_TEXT_CONSUMER_WOMEN_ECOMMERCE_CLOTHING_REVIEW,0.7750333434646481,3
RealMLP,no_text,MUL_TEXT_CONSUMER_WOMEN_ECOMMERCE_CLOTHING_REVIEW,0.770826827991703,4
RealMLP,text_only,MUL_TEXT_CONSUMER_WOMEN_ECOMMERCE_CLOTHING_REVIEW,0.8917278294992557,0
RealMLP,text_only,MUL_TEXT_CONSUMER_WOMEN_ECOMMERCE_CLOTHING_REVIEW,0.8889339646447226,1
RealMLP,text_only,MUL_TEXT_CONSUMER_WOMEN_ECOMMERCE_CLOTHING_REVIEW,0.8927800489730462,2
RealMLP,text_only,MUL_TEXT_CONSUMER_WOMEN_ECOMMERCE_CLOTHING_REVIEW,0.8894647490566664,3
RealMLP,text_only,MUL_TEXT_CONSUMER_WOMEN_ECOMMERCE_CLOTHING_REVIEW,0.8877453280699875,4
TabDPT,all,MUL_TEXT_CONSUMER_WOMEN_ECOMMERCE_CLOTHING_REVIEW,0.9069028398621988,0
TabDPT,all,MUL_TEXT_CONSUMER_WOMEN_ECOMMERCE_CLOTHING_REVIEW,0.9028448341465,1
TabDPT,all,MUL_TEXT_CONSUMER_WOMEN_ECOMMERCE_CLOTHING_REVIEW,0.9082375226828748,2
TabDPT,all,MUL_TEXT_CONSUMER_WOMEN_ECOMMERCE_CLOTHING_REVIEW,0.8971396834003214,3
TabDPT,all,MUL_TEXT_CONSUMER_WOMEN_ECOMMERCE_CLOTHING_REVIEW,0.8994585583669604,4
TabDPT,ft,MUL_TEXT_CONSUMER_WOMEN_ECOMMERCE_CLOTHING_REVIEW,0.9105834391281612,0
TabDPT,ft,MUL_TEXT_CONSUMER_WOMEN_ECOMMERCE_CLOTHING_REVIEW,0.9047539501612168,1
TabDPT,ft,MUL_TEXT_CONSUMER_WOMEN_ECOMMERCE_CLOTHING_REVIEW,0.9157654982804964,2
TabDPT,ft,MUL_TEXT_CONSUMER_WOMEN_ECOMMERCE_CLOTHING_REVIEW,0.9019252249801714,3
TabDPT,ft,MUL_TEXT_CONSUMER_WOMEN_ECOMMERCE_CLOTHING_REVIEW,0.9045519542583208,4
TabDPT,no_text,MUL_TEXT_CONSUMER_WOMEN_ECOMMERCE_CLOTHING_REVIEW,0.7801451619784225,0
TabDPT,no_text,MUL_TEXT_CONSUMER_WOMEN_ECOMMERCE_CLOTHING_REVIEW,0.763302380791127,1
TabDPT,no_text,MUL_TEXT_CONSUMER_WOMEN_ECOMMERCE_CLOTHING_REVIEW,0.7766135636882161,2
TabDPT,no_text,MUL_TEXT_CONSUMER_WOMEN_ECOMMERCE_CLOTHING_REVIEW,0.7718075206463126,3
TabDPT,no_text,MUL_TEXT_CONSUMER_WOMEN_ECOMMERCE_CLOTHING_REVIEW,0.774762566328725,4
TabDPT,text_only,MUL_TEXT_CONSUMER_WOMEN_ECOMMERCE_CLOTHING_REVIEW,0.8873374541425199,0
TabDPT,text_only,MUL_TEXT_CONSUMER_WOMEN_ECOMMERCE_CLOTHING_REVIEW,0.8890700387193942,1
TabDPT,text_only,MUL_TEXT_CONSUMER_WOMEN_ECOMMERCE_CLOTHING_REVIEW,0.893386856029476,2
TabDPT,text_only,MUL_TEXT_CONSUMER_WOMEN_ECOMMERCE_CLOTHING_REVIEW,0.8824816087634192,3
TabDPT,text_only,MUL_TEXT_CONSUMER_WOMEN_ECOMMERCE_CLOTHING_REVIEW,0.8871081119426908,4
TabICLv2,all,MUL_TEXT_CONSUMER_WOMEN_ECOMMERCE_CLOTHING_REVIEW,0.9097744848715964,0
TabICLv2,all,MUL_TEXT_CONSUMER_WOMEN_ECOMMERCE_CLOTHING_REVIEW,0.9072627204605264,1
TabICLv2,all,MUL_TEXT_CONSUMER_WOMEN_ECOMMERCE_CLOTHING_REVIEW,0.9137596946195988,2
TabICLv2,all,MUL_TEXT_CONSUMER_WOMEN_ECOMMERCE_CLOTHING_REVIEW,0.9036435560674124,3
TabICLv2,all,MUL_TEXT_CONSUMER_WOMEN_ECOMMERCE_CLOTHING_REVIEW,0.9056645067016612,4
TabICLv2,ft,MUL_TEXT_CONSUMER_WOMEN_ECOMMERCE_CLOTHING_REVIEW,0.9144669885180674,0
TabICLv2,ft,MUL_TEXT_CONSUMER_WOMEN_ECOMMERCE_CLOTHING_REVIEW,0.9133279817081033,1
TabICLv2,ft,MUL_TEXT_CONSUMER_WOMEN_ECOMMERCE_CLOTHING_REVIEW,0.9188444441400196,2
TabICLv2,ft,MUL_TEXT_CONSUMER_WOMEN_ECOMMERCE_CLOTHING_REVIEW,0.9082126960074256,3
TabICLv2,ft,MUL_TEXT_CONSUMER_WOMEN_ECOMMERCE_CLOTHING_REVIEW,0.9107665054353355,4
TabICLv2,no_text,MUL_TEXT_CONSUMER_WOMEN_ECOMMERCE_CLOTHING_REVIEW,0.7888364326363806,0
TabICLv2,no_text,MUL_TEXT_CONSUMER_WOMEN_ECOMMERCE_CLOTHING_REVIEW,0.7791822068460329,1
TabICLv2,no_text,MUL_TEXT_CONSUMER_WOMEN_ECOMMERCE_CLOTHING_REVIEW,0.7860146672362324,2
TabICLv2,no_text,MUL_TEXT_CONSUMER_WOMEN_ECOMMERCE_CLOTHING_REVIEW,0.7754839207611302,3
TabICLv2,no_text,MUL_TEXT_CONSUMER_WOMEN_ECOMMERCE_CLOTHING_REVIEW,0.7767209060582332,4
TabICLv2,text_only,MUL_TEXT_CONSUMER_WOMEN_ECOMMERCE_CLOTHING_REVIEW,0.8942208160352211,0
TabICLv2,text_only,MUL_TEXT_CONSUMER_WOMEN_ECOMMERCE_CLOTHING_REVIEW,0.8942865194704168,1
TabICLv2,text_only,MUL_TEXT_CONSUMER_WOMEN_ECOMMERCE_CLOTHING_REVIEW,0.8987319425130483,2
TabICLv2,text_only,MUL_TEXT_CONSUMER_WOMEN_ECOMMERCE_CLOTHING_REVIEW,0.8905897840139602,3
TabICLv2,text_only,MUL_TEXT_CONSUMER_WOMEN_ECOMMERCE_CLOTHING_REVIEW,0.8920485365623974,4
TabM,all,MUL_TEXT_CONSUMER_WOMEN_ECOMMERCE_CLOTHING_REVIEW,0.9055783027292188,0
TabM,all,MUL_TEXT_CONSUMER_WOMEN_ECOMMERCE_CLOTHING_REVIEW,0.9068882187289498,1
TabM,all,MUL_TEXT_CONSUMER_WOMEN_ECOMMERCE_CLOTHING_REVIEW,0.9117601663537492,2
TabM,all,MUL_TEXT_CONSUMER_WOMEN_ECOMMERCE_CLOTHING_REVIEW,0.9063132789110748,3
TabM,all,MUL_TEXT_CONSUMER_WOMEN_ECOMMERCE_CLOTHING_REVIEW,0.9036579780422226,4
TabM,ft,MUL_TEXT_CONSUMER_WOMEN_ECOMMERCE_CLOTHING_REVIEW,0.9129229009765536,0
TabM,ft,MUL_TEXT_CONSUMER_WOMEN_ECOMMERCE_CLOTHING_REVIEW,0.910566627925433,1
TabM,ft,MUL_TEXT_CONSUMER_WOMEN_ECOMMERCE_CLOTHING_REVIEW,0.917110674956491,2
TabM,ft,MUL_TEXT_CONSUMER_WOMEN_ECOMMERCE_CLOTHING_REVIEW,0.9046854816040436,3
TabM,ft,MUL_TEXT_CONSUMER_WOMEN_ECOMMERCE_CLOTHING_REVIEW,0.9106329211932078,4
TabM,no_text,MUL_TEXT_CONSUMER_WOMEN_ECOMMERCE_CLOTHING_REVIEW,0.7872903187406993,0
TabM,no_text,MUL_TEXT_CONSUMER_WOMEN_ECOMMERCE_CLOTHING_REVIEW,0.7720301379557795,1
TabM,no_text,MUL_TEXT_CONSUMER_WOMEN_ECOMMERCE_CLOTHING_REVIEW,0.7852350668294138,2
TabM,no_text,MUL_TEXT_CONSUMER_WOMEN_ECOMMERCE_CLOTHING_REVIEW,0.7708092802061375,3
TabM,no_text,MUL_TEXT_CONSUMER_WOMEN_ECOMMERCE_CLOTHING_REVIEW,0.7792389969569249,4
TabM,text_only,MUL_TEXT_CONSUMER_WOMEN_ECOMMERCE_CLOTHING_REVIEW,0.8858825356244433,0
TabM,text_only,MUL_TEXT_CONSUMER_WOMEN_ECOMMERCE_CLOTHING_REVIEW,0.8932204591021234,1
TabM,text_only,MUL_TEXT_CONSUMER_WOMEN_ECOMMERCE_CLOTHING_REVIEW,0.8921518529117979,2
TabM,text_only,MUL_TEXT_CONSUMER_WOMEN_ECOMMERCE_CLOTHING_REVIEW,0.8830252754626364,3
TabM,text_only,MUL_TEXT_CONSUMER_WOMEN_ECOMMERCE_CLOTHING_REVIEW,0.8900594495630884,4
TabPFN-2.5,all,MUL_TEXT_CONSUMER_WOMEN_ECOMMERCE_CLOTHING_REVIEW,0.9105913676954523,0
TabPFN-2.5,all,MUL_TEXT_CONSUMER_WOMEN_ECOMMERCE_CLOTHING_REVIEW,0.9083176125878876,1
TabPFN-2.5,all,MUL_TEXT_CONSUMER_WOMEN_ECOMMERCE_CLOTHING_REVIEW,0.9146097371854084,2
TabPFN-2.5,all,MUL_TEXT_CONSUMER_WOMEN_ECOMMERCE_CLOTHING_REVIEW,0.9054452783918088,3
TabPFN-2.5,all,MUL_TEXT_CONSUMER_WOMEN_ECOMMERCE_CLOTHING_REVIEW,0.9069145664034892,4
TabPFN-2.5,ft,MUL_TEXT_CONSUMER_WOMEN_ECOMMERCE_CLOTHING_REVIEW,0.9137423857483552,0
TabPFN-2.5,ft,MUL_TEXT_CONSUMER_WOMEN_ECOMMERCE_CLOTHING_REVIEW,0.911406634784904,1
TabPFN-2.5,ft,MUL_TEXT_CONSUMER_WOMEN_ECOMMERCE_CLOTHING_REVIEW,0.9183789226540312,2
TabPFN-2.5,ft,MUL_TEXT_CONSUMER_WOMEN_ECOMMERCE_CLOTHING_REVIEW,0.9079470207672916,3
TabPFN-2.5,ft,MUL_TEXT_CONSUMER_WOMEN_ECOMMERCE_CLOTHING_REVIEW,0.91067855064624,4
TabPFN-2.5,no_text,MUL_TEXT_CONSUMER_WOMEN_ECOMMERCE_CLOTHING_REVIEW,0.7876971699966087,0
TabPFN-2.5,no_text,MUL_TEXT_CONSUMER_WOMEN_ECOMMERCE_CLOTHING_REVIEW,0.780167731719197,1
TabPFN-2.5,no_text,MUL_TEXT_CONSUMER_WOMEN_ECOMMERCE_CLOTHING_REVIEW,0.7862345494351407,2
TabPFN-2.5,no_text,MUL_TEXT_CONSUMER_WOMEN_ECOMMERCE_CLOTHING_REVIEW,0.7694728004971646,3
TabPFN-2.5,no_text,MUL_TEXT_CONSUMER_WOMEN_ECOMMERCE_CLOTHING_REVIEW,0.7795968021488647,4
TabPFN-2.5,text_only,MUL_TEXT_CONSUMER_WOMEN_ECOMMERCE_CLOTHING_REVIEW,0.8949202486057468,0
TabPFN-2.5,text_only,MUL_TEXT_CONSUMER_WOMEN_ECOMMERCE_CLOTHING_REVIEW,0.8962089180890345,1
TabPFN-2.5,text_only,MUL_TEXT_CONSUMER_WOMEN_ECOMMERCE_CLOTHING_REVIEW,0.8996927053880139,2
TabPFN-2.5,text_only,MUL_TEXT_CONSUMER_WOMEN_ECOMMERCE_CLOTHING_REVIEW,0.8915622990677223,3
TabPFN-2.5,text_only,MUL_TEXT_CONSUMER_WOMEN_ECOMMERCE_CLOTHING_REVIEW,0.8917199740048296,4
TabPFNv2,all,MUL_TEXT_CONSUMER_WOMEN_ECOMMERCE_CLOTHING_REVIEW,0.9094366072076232,0
TabPFNv2,all,MUL_TEXT_CONSUMER_WOMEN_ECOMMERCE_CLOTHING_REVIEW,0.9074067244257368,1
TabPFNv2,all,MUL_TEXT_CONSUMER_WOMEN_ECOMMERCE_CLOTHING_REVIEW,0.9130928274573364,2
TabPFNv2,all,MUL_TEXT_CONSUMER_WOMEN_ECOMMERCE_CLOTHING_REVIEW,0.9039864983484204,3
TabPFNv2,all,MUL_TEXT_CONSUMER_WOMEN_ECOMMERCE_CLOTHING_REVIEW,0.9063989901983946,4
TabPFNv2,ft,MUL_TEXT_CONSUMER_WOMEN_ECOMMERCE_CLOTHING_REVIEW,0.9136570286304402,0
TabPFNv2,ft,MUL_TEXT_CONSUMER_WOMEN_ECOMMERCE_CLOTHING_REVIEW,0.9127853569369372,1
TabPFNv2,ft,MUL_TEXT_CONSUMER_WOMEN_ECOMMERCE_CLOTHING_REVIEW,0.9186242008206849,2
TabPFNv2,ft,MUL_TEXT_CONSUMER_WOMEN_ECOMMERCE_CLOTHING_REVIEW,0.9076017487383004,3
TabPFNv2,ft,MUL_TEXT_CONSUMER_WOMEN_ECOMMERCE_CLOTHING_REVIEW,0.9109697983418992,4
TabPFNv2,no_text,MUL_TEXT_CONSUMER_WOMEN_ECOMMERCE_CLOTHING_REVIEW,0.7814598180428869,0
TabPFNv2,no_text,MUL_TEXT_CONSUMER_WOMEN_ECOMMERCE_CLOTHING_REVIEW,0.7784889812055763,1
TabPFNv2,no_text,MUL_TEXT_CONSUMER_WOMEN_ECOMMERCE_CLOTHING_REVIEW,0.7766880692852884,2
TabPFNv2,no_text,MUL_TEXT_CONSUMER_WOMEN_ECOMMERCE_CLOTHING_REVIEW,0.7714744717688202,3
TabPFNv2,no_text,MUL_TEXT_CONSUMER_WOMEN_ECOMMERCE_CLOTHING_REVIEW,0.7691011435487966,4
TabPFNv2,text_only,MUL_TEXT_CONSUMER_WOMEN_ECOMMERCE_CLOTHING_REVIEW,0.892374427717705,0
TabPFNv2,text_only,MUL_TEXT_CONSUMER_WOMEN_ECOMMERCE_CLOTHING_REVIEW,0.8950733768631673,1
TabPFNv2,text_only,MUL_TEXT_CONSUMER_WOMEN_ECOMMERCE_CLOTHING_REVIEW,0.8975723689822243,2
TabPFNv2,text_only,MUL_TEXT_CONSUMER_WOMEN_ECOMMERCE_CLOTHING_REVIEW,0.8894716857518782,3
TabPFNv2,text_only,MUL_TEXT_CONSUMER_WOMEN_ECOMMERCE_CLOTHING_REVIEW,0.8908592784418419,4
XGBoost,all,MUL_TEXT_CONSUMER_WOMEN_ECOMMERCE_CLOTHING_REVIEW,0.9002289593827179,0
XGBoost,all,MUL_TEXT_CONSUMER_WOMEN_ECOMMERCE_CLOTHING_REVIEW,0.8948183299869411,1
XGBoost,all,MUL_TEXT_CONSUMER_WOMEN_ECOMMERCE_CLOTHING_REVIEW,0.8966817230447676,2
XGBoost,all,MUL_TEXT_CONSUMER_WOMEN_ECOMMERCE_CLOTHING_REVIEW,0.8947920340580611,3
XGBoost,all,MUL_TEXT_CONSUMER_WOMEN_ECOMMERCE_CLOTHING_REVIEW,0.8928390412290735,4
XGBoost,ft,MUL_TEXT_CONSUMER_WOMEN_ECOMMERCE_CLOTHING_REVIEW,0.9070553177518696,0
XGBoost,ft,MUL_TEXT_CONSUMER_WOMEN_ECOMMERCE_CLOTHING_REVIEW,0.9028455007802988,1
XGBoost,ft,MUL_TEXT_CONSUMER_WOMEN_ECOMMERCE_CLOTHING_REVIEW,0.914588498120662,2
XGBoost,ft,MUL_TEXT_CONSUMER_WOMEN_ECOMMERCE_CLOTHING_REVIEW,0.8972977124684199,3
XGBoost,ft,MUL_TEXT_CONSUMER_WOMEN_ECOMMERCE_CLOTHING_REVIEW,0.9018992450598878,4
XGBoost,no_text,MUL_TEXT_CONSUMER_WOMEN_ECOMMERCE_CLOTHING_REVIEW,0.7888339873382394,0
XGBoost,no_text,MUL_TEXT_CONSUMER_WOMEN_ECOMMERCE_CLOTHING_REVIEW,0.7714979283271142,1
XGBoost,no_text,MUL_TEXT_CONSUMER_WOMEN_ECOMMERCE_CLOTHING_REVIEW,0.7902022245001036,2
XGBoost,no_text,MUL_TEXT_CONSUMER_WOMEN_ECOMMERCE_CLOTHING_REVIEW,0.7811981301997266,3
XGBoost,no_text,MUL_TEXT_CONSUMER_WOMEN_ECOMMERCE_CLOTHING_REVIEW,0.7833478193800761,4
XGBoost,text_only,MUL_TEXT_CONSUMER_WOMEN_ECOMMERCE_CLOTHING_REVIEW,0.8749000484849201,0
XGBoost,text_only,MUL_TEXT_CONSUMER_WOMEN_ECOMMERCE_CLOTHING_REVIEW,0.8753297378356386,1
XGBoost,text_only,MUL_TEXT_CONSUMER_WOMEN_ECOMMERCE_CLOTHING_REVIEW,0.8790048063005695,2
XGBoost,text_only,MUL_TEXT_CONSUMER_WOMEN_ECOMMERCE_CLOTHING_REVIEW,0.8760449600419925,3
XGBoost,text_only,MUL_TEXT_CONSUMER_WOMEN_ECOMMERCE_CLOTHING_REVIEW,0.8680661682391524,4
CatBoost,all,MUL_TEXT_FOOD_MICHELIN_GUIDE_RESTAURANTS,0.907294109532134,0
CatBoost,all,MUL_TEXT_FOOD_MICHELIN_GUIDE_RESTAURANTS,0.9034398493563118,1
CatBoost,all,MUL_TEXT_FOOD_MICHELIN_GUIDE_RESTAURANTS,0.908149007205249,2
CatBoost,all,MUL_TEXT_FOOD_MICHELIN_GUIDE_RESTAURANTS,0.9027109657646106,3
CatBoost,all,MUL_TEXT_FOOD_MICHELIN_GUIDE_RESTAURANTS,0.9026785542316892,4
CatBoost,ft,MUL_TEXT_FOOD_MICHELIN_GUIDE_RESTAURANTS,0.9192964211623748,0
CatBoost,ft,MUL_TEXT_FOOD_MICHELIN_GUIDE_RESTAURANTS,0.9135787126484785,1
CatBoost,ft,MUL_TEXT_FOOD_MICHELIN_GUIDE_RESTAURANTS,0.9195313081904783,2
CatBoost,ft,MUL_TEXT_FOOD_MICHELIN_GUIDE_RESTAURANTS,0.9144737362822049,3
CatBoost,ft,MUL_TEXT_FOOD_MICHELIN_GUIDE_RESTAURANTS,0.9147682036305068,4
CatBoost,no_text,MUL_TEXT_FOOD_MICHELIN_GUIDE_RESTAURANTS,0.878042405404688,0
CatBoost,no_text,MUL_TEXT_FOOD_MICHELIN_GUIDE_RESTAURANTS,0.8752873654682487,1
CatBoost,no_text,MUL_TEXT_FOOD_MICHELIN_GUIDE_RESTAURANTS,0.8789668369619197,2
CatBoost,no_text,MUL_TEXT_FOOD_MICHELIN_GUIDE_RESTAURANTS,0.864827649117664,3
CatBoost,no_text,MUL_TEXT_FOOD_MICHELIN_GUIDE_RESTAURANTS,0.8719339980308469,4
CatBoost,text_only,MUL_TEXT_FOOD_MICHELIN_GUIDE_RESTAURANTS,0.8656595845820284,0
CatBoost,text_only,MUL_TEXT_FOOD_MICHELIN_GUIDE_RESTAURANTS,0.8531262024123132,1
CatBoost,text_only,MUL_TEXT_FOOD_MICHELIN_GUIDE_RESTAURANTS,0.8656281426720455,2
CatBoost,text_only,MUL_TEXT_FOOD_MICHELIN_GUIDE_RESTAURANTS,0.8596777594136986,3
CatBoost,text_only,MUL_TEXT_FOOD_MICHELIN_GUIDE_RESTAURANTS,0.8596564905201252,4
LightGBM,all,MUL_TEXT_FOOD_MICHELIN_GUIDE_RESTAURANTS,0.8990736723346325,0
LightGBM,all,MUL_TEXT_FOOD_MICHELIN_GUIDE_RESTAURANTS,0.8955586874444125,1
LightGBM,all,MUL_TEXT_FOOD_MICHELIN_GUIDE_RESTAURANTS,0.9026544660091153,2
LightGBM,all,MUL_TEXT_FOOD_MICHELIN_GUIDE_RESTAURANTS,0.8969807052348289,3
LightGBM,all,MUL_TEXT_FOOD_MICHELIN_GUIDE_RESTAURANTS,0.8939560333621044,4
LightGBM,ft,MUL_TEXT_FOOD_MICHELIN_GUIDE_RESTAURANTS,0.9129798062205202,0
LightGBM,ft,MUL_TEXT_FOOD_MICHELIN_GUIDE_RESTAURANTS,0.8945271992691414,1
LightGBM,ft,MUL_TEXT_FOOD_MICHELIN_GUIDE_RESTAURANTS,0.9148646180767648,2
LightGBM,ft,MUL_TEXT_FOOD_MICHELIN_GUIDE_RESTAURANTS,0.9051629488871068,3
LightGBM,ft,MUL_TEXT_FOOD_MICHELIN_GUIDE_RESTAURANTS,0.8971118007019614,4
LightGBM,no_text,MUL_TEXT_FOOD_MICHELIN_GUIDE_RESTAURANTS,0.8509909017916572,0
LightGBM,no_text,MUL_TEXT_FOOD_MICHELIN_GUIDE_RESTAURANTS,0.8729037838936359,1
LightGBM,no_text,MUL_TEXT_FOOD_MICHELIN_GUIDE_RESTAURANTS,0.8667421435945689,2
LightGBM,no_text,MUL_TEXT_FOOD_MICHELIN_GUIDE_RESTAURANTS,0.8570676920453835,3
LightGBM,no_text,MUL_TEXT_FOOD_MICHELIN_GUIDE_RESTAURANTS,0.8406780839084853,4
LightGBM,text_only,MUL_TEXT_FOOD_MICHELIN_GUIDE_RESTAURANTS,0.8517229968458853,0
LightGBM,text_only,MUL_TEXT_FOOD_MICHELIN_GUIDE_RESTAURANTS,0.8417368929961034,1
LightGBM,text_only,MUL_TEXT_FOOD_MICHELIN_GUIDE_RESTAURANTS,0.8512388618648405,2
LightGBM,text_only,MUL_TEXT_FOOD_MICHELIN_GUIDE_RESTAURANTS,0.8453510522991934,3
LightGBM,text_only,MUL_TEXT_FOOD_MICHELIN_GUIDE_RESTAURANTS,0.8469224908499813,4
RandomForest,all,MUL_TEXT_FOOD_MICHELIN_GUIDE_RESTAURANTS,0.8752022433367065,0
RandomForest,all,MUL_TEXT_FOOD_MICHELIN_GUIDE_RESTAURANTS,0.8476205103456186,1
RandomForest,all,MUL_TEXT_FOOD_MICHELIN_GUIDE_RESTAURANTS,0.8494759756300688,2
RandomForest,all,MUL_TEXT_FOOD_MICHELIN_GUIDE_RESTAURANTS,0.858893423820313,3
RandomForest,all,MUL_TEXT_FOOD_MICHELIN_GUIDE_RESTAURANTS,0.8580079325395411,4
RandomForest,ft,MUL_TEXT_FOOD_MICHELIN_GUIDE_RESTAURANTS,0.8950677418311009,0
RandomForest,ft,MUL_TEXT_FOOD_MICHELIN_GUIDE_RESTAURANTS,0.8830495356672563,1
RandomForest,ft,MUL_TEXT_FOOD_MICHELIN_GUIDE_RESTAURANTS,0.8887045582623208,2
RandomForest,ft,MUL_TEXT_FOOD_MICHELIN_GUIDE_RESTAURANTS,0.8854103223518965,3
RandomForest,ft,MUL_TEXT_FOOD_MICHELIN_GUIDE_RESTAURANTS,0.879168697771392,4
RandomForest,no_text,MUL_TEXT_FOOD_MICHELIN_GUIDE_RESTAURANTS,0.809169241050469,0
RandomForest,no_text,MUL_TEXT_FOOD_MICHELIN_GUIDE_RESTAURANTS,0.816947300804328,1
RandomForest,no_text,MUL_TEXT_FOOD_MICHELIN_GUIDE_RESTAURANTS,0.8143283956005632,2
RandomForest,no_text,MUL_TEXT_FOOD_MICHELIN_GUIDE_RESTAURANTS,0.7998385323742321,3
RandomForest,no_text,MUL_TEXT_FOOD_MICHELIN_GUIDE_RESTAURANTS,0.7858994942543429,4
RandomForest,text_only,MUL_TEXT_FOOD_MICHELIN_GUIDE_RESTAURANTS,0.8416428948675183,0
RandomForest,text_only,MUL_TEXT_FOOD_MICHELIN_GUIDE_RESTAURANTS,0.8325850365301868,1
RandomForest,text_only,MUL_TEXT_FOOD_MICHELIN_GUIDE_RESTAURANTS,0.8247777129165014,2
RandomForest,text_only,MUL_TEXT_FOOD_MICHELIN_GUIDE_RESTAURANTS,0.8364375992571395,3
RandomForest,text_only,MUL_TEXT_FOOD_MICHELIN_GUIDE_RESTAURANTS,0.8243734528384415,4
RealMLP,all,MUL_TEXT_FOOD_MICHELIN_GUIDE_RESTAURANTS,0.9075416030731148,0
RealMLP,all,MUL_TEXT_FOOD_MICHELIN_GUIDE_RESTAURANTS,0.9048781227852776,1
RealMLP,all,MUL_TEXT_FOOD_MICHELIN_GUIDE_RESTAURANTS,0.9103495928396608,2
RealMLP,all,MUL_TEXT_FOOD_MICHELIN_GUIDE_RESTAURANTS,0.9029788817696752,3
RealMLP,all,MUL_TEXT_FOOD_MICHELIN_GUIDE_RESTAURANTS,0.9053102013787924,4
RealMLP,ft,MUL_TEXT_FOOD_MICHELIN_GUIDE_RESTAURANTS,0.9190475577073608,0
RealMLP,ft,MUL_TEXT_FOOD_MICHELIN_GUIDE_RESTAURANTS,0.9134333897089686,1
RealMLP,ft,MUL_TEXT_FOOD_MICHELIN_GUIDE_RESTAURANTS,0.916881175692434,2
RealMLP,ft,MUL_TEXT_FOOD_MICHELIN_GUIDE_RESTAURANTS,0.9118792845566348,3
RealMLP,ft,MUL_TEXT_FOOD_MICHELIN_GUIDE_RESTAURANTS,0.9153274085514728,4
RealMLP,no_text,MUL_TEXT_FOOD_MICHELIN_GUIDE_RESTAURANTS,0.8715578642001427,0
RealMLP,no_text,MUL_TEXT_FOOD_MICHELIN_GUIDE_RESTAURANTS,0.8677920274368806,1
RealMLP,no_text,MUL_TEXT_FOOD_MICHELIN_GUIDE_RESTAURANTS,0.879296507851679,2
RealMLP,no_text,MUL_TEXT_FOOD_MICHELIN_GUIDE_RESTAURANTS,0.8631900587387683,3
RealMLP,no_text,MUL_TEXT_FOOD_MICHELIN_GUIDE_RESTAURANTS,0.8708222203676721,4
RealMLP,text_only,MUL_TEXT_FOOD_MICHELIN_GUIDE_RESTAURANTS,0.8679036072902777,0
RealMLP,text_only,MUL_TEXT_FOOD_MICHELIN_GUIDE_RESTAURANTS,0.8621301458352206,1
RealMLP,text_only,MUL_TEXT_FOOD_MICHELIN_GUIDE_RESTAURANTS,0.8621445258563991,2
RealMLP,text_only,MUL_TEXT_FOOD_MICHELIN_GUIDE_RESTAURANTS,0.8621106695149676,3
RealMLP,text_only,MUL_TEXT_FOOD_MICHELIN_GUIDE_RESTAURANTS,0.8627066165796057,4
TabDPT,all,MUL_TEXT_FOOD_MICHELIN_GUIDE_RESTAURANTS,0.8605571712370802,0
TabDPT,all,MUL_TEXT_FOOD_MICHELIN_GUIDE_RESTAURANTS,0.8477664423397597,1
TabDPT,all,MUL_TEXT_FOOD_MICHELIN_GUIDE_RESTAURANTS,0.8591555307583615,2
TabDPT,all,MUL_TEXT_FOOD_MICHELIN_GUIDE_RESTAURANTS,0.8510432742112208,3
TabDPT,all,MUL_TEXT_FOOD_MICHELIN_GUIDE_RESTAURANTS,0.8498595018158586,4
TabDPT,ft,MUL_TEXT_FOOD_MICHELIN_GUIDE_RESTAURANTS,0.8829143121079095,0
TabDPT,ft,MUL_TEXT_FOOD_MICHELIN_GUIDE_RESTAURANTS,0.8712279159981108,1
TabDPT,ft,MUL_TEXT_FOOD_MICHELIN_GUIDE_RESTAURANTS,0.8814714790643834,2
TabDPT,ft,MUL_TEXT_FOOD_MICHELIN_GUIDE_RESTAURANTS,0.8685940789366284,3
TabDPT,ft,MUL_TEXT_FOOD_MICHELIN_GUIDE_RESTAURANTS,0.8708656110043747,4
TabDPT,no_text,MUL_TEXT_FOOD_MICHELIN_GUIDE_RESTAURANTS,0.8809092271529245,0
TabDPT,no_text,MUL_TEXT_FOOD_MICHELIN_GUIDE_RESTAURANTS,0.8763669884664459,1
TabDPT,no_text,MUL_TEXT_FOOD_MICHELIN_GUIDE_RESTAURANTS,0.8834751967290616,2
TabDPT,no_text,MUL_TEXT_FOOD_MICHELIN_GUIDE_RESTAURANTS,0.8688863979192607,3
TabDPT,no_text,MUL_TEXT_FOOD_MICHELIN_GUIDE_RESTAURANTS,0.8736798291653637,4
TabDPT,text_only,MUL_TEXT_FOOD_MICHELIN_GUIDE_RESTAURANTS,0.8576566608333742,0
TabDPT,text_only,MUL_TEXT_FOOD_MICHELIN_GUIDE_RESTAURANTS,0.8418416191703055,1
TabDPT,text_only,MUL_TEXT_FOOD_MICHELIN_GUIDE_RESTAURANTS,0.856206508254556,2
TabDPT,text_only,MUL_TEXT_FOOD_MICHELIN_GUIDE_RESTAURANTS,0.8436003027576223,3
TabDPT,text_only,MUL_TEXT_FOOD_MICHELIN_GUIDE_RESTAURANTS,0.8465496506774798,4
TabICLv2,all,MUL_TEXT_FOOD_MICHELIN_GUIDE_RESTAURANTS,0.9121397378503208,0
TabICLv2,all,MUL_TEXT_FOOD_MICHELIN_GUIDE_RESTAURANTS,0.912904272970604,1
TabICLv2,all,MUL_TEXT_FOOD_MICHELIN_GUIDE_RESTAURANTS,0.920353990515504,2
TabICLv2,all,MUL_TEXT_FOOD_MICHELIN_GUIDE_RESTAURANTS,0.9078696988104672,3
TabICLv2,all,MUL_TEXT_FOOD_MICHELIN_GUIDE_RESTAURANTS,0.9144350125365668,4
TabICLv2,ft,MUL_TEXT_FOOD_MICHELIN_GUIDE_RESTAURANTS,0.9230874963488536,0
TabICLv2,ft,MUL_TEXT_FOOD_MICHELIN_GUIDE_RESTAURANTS,0.9179425664245864,1
TabICLv2,ft,MUL_TEXT_FOOD_MICHELIN_GUIDE_RESTAURANTS,0.9279906469447976,2
TabICLv2,ft,MUL_TEXT_FOOD_MICHELIN_GUIDE_RESTAURANTS,0.9199514758718528,3
TabICLv2,ft,MUL_TEXT_FOOD_MICHELIN_GUIDE_RESTAURANTS,0.9216906425905158,4
TabICLv2,no_text,MUL_TEXT_FOOD_MICHELIN_GUIDE_RESTAURANTS,0.8802538830432687,0
TabICLv2,no_text,MUL_TEXT_FOOD_MICHELIN_GUIDE_RESTAURANTS,0.8757919222936094,1
TabICLv2,no_text,MUL_TEXT_FOOD_MICHELIN_GUIDE_RESTAURANTS,0.8832311354184252,2
TabICLv2,no_text,MUL_TEXT_FOOD_MICHELIN_GUIDE_RESTAURANTS,0.8724287703316493,3
TabICLv2,no_text,MUL_TEXT_FOOD_MICHELIN_GUIDE_RESTAURANTS,0.8793263279251178,4
TabICLv2,text_only,MUL_TEXT_FOOD_MICHELIN_GUIDE_RESTAURANTS,0.8742162669700437,0
TabICLv2,text_only,MUL_TEXT_FOOD_MICHELIN_GUIDE_RESTAURANTS,0.8734150663914295,1
TabICLv2,text_only,MUL_TEXT_FOOD_MICHELIN_GUIDE_RESTAURANTS,0.8804609127330139,2
TabICLv2,text_only,MUL_TEXT_FOOD_MICHELIN_GUIDE_RESTAURANTS,0.8740657691934339,3
TabICLv2,text_only,MUL_TEXT_FOOD_MICHELIN_GUIDE_RESTAURANTS,0.8768471197641347,4
TabM,all,MUL_TEXT_FOOD_MICHELIN_GUIDE_RESTAURANTS,0.9127047665545348,0
TabM,all,MUL_TEXT_FOOD_MICHELIN_GUIDE_RESTAURANTS,0.9087704078041344,1
TabM,all,MUL_TEXT_FOOD_MICHELIN_GUIDE_RESTAURANTS,0.9172485270265582,2
TabM,all,MUL_TEXT_FOOD_MICHELIN_GUIDE_RESTAURANTS,0.910472659453351,3
TabM,all,MUL_TEXT_FOOD_MICHELIN_GUIDE_RESTAURANTS,0.9100665401604296,4
TabM,ft,MUL_TEXT_FOOD_MICHELIN_GUIDE_RESTAURANTS,0.9216456060489542,0
TabM,ft,MUL_TEXT_FOOD_MICHELIN_GUIDE_RESTAURANTS,0.9155592274793796,1
TabM,ft,MUL_TEXT_FOOD_MICHELIN_GUIDE_RESTAURANTS,0.9261811790289156,2
TabM,ft,MUL_TEXT_FOOD_MICHELIN_GUIDE_RESTAURANTS,0.9177381034191484,3
TabM,ft,MUL_TEXT_FOOD_MICHELIN_GUIDE_RESTAURANTS,0.9214672654225324,4
TabM,no_text,MUL_TEXT_FOOD_MICHELIN_GUIDE_RESTAURANTS,0.8766240884354495,0
TabM,no_text,MUL_TEXT_FOOD_MICHELIN_GUIDE_RESTAURANTS,0.8689742563055823,1
TabM,no_text,MUL_TEXT_FOOD_MICHELIN_GUIDE_RESTAURANTS,0.8762458328260438,2
TabM,no_text,MUL_TEXT_FOOD_MICHELIN_GUIDE_RESTAURANTS,0.8616990994056716,3
TabM,no_text,MUL_TEXT_FOOD_MICHELIN_GUIDE_RESTAURANTS,0.8700701011250234,4
TabM,text_only,MUL_TEXT_FOOD_MICHELIN_GUIDE_RESTAURANTS,0.8752086161488337,0
TabM,text_only,MUL_TEXT_FOOD_MICHELIN_GUIDE_RESTAURANTS,0.8712556656435391,1
TabM,text_only,MUL_TEXT_FOOD_MICHELIN_GUIDE_RESTAURANTS,0.8758821241760986,2
TabM,text_only,MUL_TEXT_FOOD_MICHELIN_GUIDE_RESTAURANTS,0.870810503613473,3
TabM,text_only,MUL_TEXT_FOOD_MICHELIN_GUIDE_RESTAURANTS,0.8725107531564644,4
TabPFN-2.5,all,MUL_TEXT_FOOD_MICHELIN_GUIDE_RESTAURANTS,0.9144856900704144,0
TabPFN-2.5,all,MUL_TEXT_FOOD_MICHELIN_GUIDE_RESTAURANTS,0.9133493279825312,1
TabPFN-2.5,all,MUL_TEXT_FOOD_MICHELIN_GUIDE_RESTAURANTS,0.9223523177086654,2
TabPFN-2.5,all,MUL_TEXT_FOOD_MICHELIN_GUIDE_RESTAURANTS,0.910602464617848,3
TabPFN-2.5,all,MUL_TEXT_FOOD_MICHELIN_GUIDE_RESTAURANTS,0.9152076183359806,4
TabPFN-2.5,ft,MUL_TEXT_FOOD_MICHELIN_GUIDE_RESTAURANTS,0.9257456569415872,0
TabPFN-2.5,ft,MUL_TEXT_FOOD_MICHELIN_GUIDE_RESTAURANTS,0.922761656578538,1
TabPFN-2.5,ft,MUL_TEXT_FOOD_MICHELIN_GUIDE_RESTAURANTS,0.9304747053765812,2
TabPFN-2.5,ft,MUL_TEXT_FOOD_MICHELIN_GUIDE_RESTAURANTS,0.9205224752269996,3
TabPFN-2.5,ft,MUL_TEXT_FOOD_MICHELIN_GUIDE_RESTAURANTS,0.9247733123067802,4
TabPFN-2.5,no_text,MUL_TEXT_FOOD_MICHELIN_GUIDE_RESTAURANTS,0.8781170162884184,0
TabPFN-2.5,no_text,MUL_TEXT_FOOD_MICHELIN_GUIDE_RESTAURANTS,0.8766031461892132,1
TabPFN-2.5,no_text,MUL_TEXT_FOOD_MICHELIN_GUIDE_RESTAURANTS,0.880518657148549,2
TabPFN-2.5,no_text,MUL_TEXT_FOOD_MICHELIN_GUIDE_RESTAURANTS,0.8684824675493459,3
TabPFN-2.5,no_text,MUL_TEXT_FOOD_MICHELIN_GUIDE_RESTAURANTS,0.8769280759491835,4
TabPFN-2.5,text_only,MUL_TEXT_FOOD_MICHELIN_GUIDE_RESTAURANTS,0.8765012054961219,0
TabPFN-2.5,text_only,MUL_TEXT_FOOD_MICHELIN_GUIDE_RESTAURANTS,0.8698790340360671,1
TabPFN-2.5,text_only,MUL_TEXT_FOOD_MICHELIN_GUIDE_RESTAURANTS,0.8805452573614609,2
TabPFN-2.5,text_only,MUL_TEXT_FOOD_MICHELIN_GUIDE_RESTAURANTS,0.8722596181452932,3
TabPFN-2.5,text_only,MUL_TEXT_FOOD_MICHELIN_GUIDE_RESTAURANTS,0.8770624449914848,4
TabPFNv2,all,MUL_TEXT_FOOD_MICHELIN_GUIDE_RESTAURANTS,0.9063031108246552,0
TabPFNv2,all,MUL_TEXT_FOOD_MICHELIN_GUIDE_RESTAURANTS,0.9044206206905164,1
TabPFNv2,all,MUL_TEXT_FOOD_MICHELIN_GUIDE_RESTAURANTS,0.9168075560906268,2
TabPFNv2,all,MUL_TEXT_FOOD_MICHELIN_GUIDE_RESTAURANTS,0.9026791456678044,3
TabPFNv2,all,MUL_TEXT_FOOD_MICHELIN_GUIDE_RESTAURANTS,0.9081005954686754,4
TabPFNv2,ft,MUL_TEXT_FOOD_MICHELIN_GUIDE_RESTAURANTS,0.9199063586297416,0
TabPFNv2,ft,MUL_TEXT_FOOD_MICHELIN_GUIDE_RESTAURANTS,0.9142471040238742,1
TabPFNv2,ft,MUL_TEXT_FOOD_MICHELIN_GUIDE_RESTAURANTS,0.9261938819152796,2
TabPFNv2,ft,MUL_TEXT_FOOD_MICHELIN_GUIDE_RESTAURANTS,0.9163495901997486,3
TabPFNv2,ft,MUL_TEXT_FOOD_MICHELIN_GUIDE_RESTAURANTS,0.9195995688775432,4
TabPFNv2,no_text,MUL_TEXT_FOOD_MICHELIN_GUIDE_RESTAURANTS,0.8778138117430581,0
TabPFNv2,no_text,MUL_TEXT_FOOD_MICHELIN_GUIDE_RESTAURANTS,0.8745716477323103,1
TabPFNv2,no_text,MUL_TEXT_FOOD_MICHELIN_GUIDE_RESTAURANTS,0.881044679935416,2
TabPFNv2,no_text,MUL_TEXT_FOOD_MICHELIN_GUIDE_RESTAURANTS,0.8687179648351748,3
TabPFNv2,no_text,MUL_TEXT_FOOD_MICHELIN_GUIDE_RESTAURANTS,0.8766344653793746,4
TabPFNv2,text_only,MUL_TEXT_FOOD_MICHELIN_GUIDE_RESTAURANTS,0.8620411579604902,0
TabPFNv2,text_only,MUL_TEXT_FOOD_MICHELIN_GUIDE_RESTAURANTS,0.8583506397542461,1
TabPFNv2,text_only,MUL_TEXT_FOOD_MICHELIN_GUIDE_RESTAURANTS,0.8736156188951748,2
TabPFNv2,text_only,MUL_TEXT_FOOD_MICHELIN_GUIDE_RESTAURANTS,0.858149149090724,3
TabPFNv2,text_only,MUL_TEXT_FOOD_MICHELIN_GUIDE_RESTAURANTS,0.8664194267183951,4
XGBoost,all,MUL_TEXT_FOOD_MICHELIN_GUIDE_RESTAURANTS,0.8755547810880175,0
XGBoost,all,MUL_TEXT_FOOD_MICHELIN_GUIDE_RESTAURANTS,0.8716217489271259,1
XGBoost,all,MUL_TEXT_FOOD_MICHELIN_GUIDE_RESTAURANTS,0.8852593423830969,2
XGBoost,all,MUL_TEXT_FOOD_MICHELIN_GUIDE_RESTAURANTS,0.8823400111001998,3
XGBoost,all,MUL_TEXT_FOOD_MICHELIN_GUIDE_RESTAURANTS,0.8713510162420175,4
XGBoost,ft,MUL_TEXT_FOOD_MICHELIN_GUIDE_RESTAURANTS,0.8979226061499567,0
XGBoost,ft,MUL_TEXT_FOOD_MICHELIN_GUIDE_RESTAURANTS,0.9016292706039698,1
XGBoost,ft,MUL_TEXT_FOOD_MICHELIN_GUIDE_RESTAURANTS,0.9023172537742218,2
XGBoost,ft,MUL_TEXT_FOOD_MICHELIN_GUIDE_RESTAURANTS,0.8915584924159304,3
XGBoost,ft,MUL_TEXT_FOOD_MICHELIN_GUIDE_RESTAURANTS,0.8864214738962477,4
XGBoost,no_text,MUL_TEXT_FOOD_MICHELIN_GUIDE_RESTAURANTS,0.8671975392876476,0
XGBoost,no_text,MUL_TEXT_FOOD_MICHELIN_GUIDE_RESTAURANTS,0.8723384925462774,1
XGBoost,no_text,MUL_TEXT_FOOD_MICHELIN_GUIDE_RESTAURANTS,0.8753465397647517,2
XGBoost,no_text,MUL_TEXT_FOOD_MICHELIN_GUIDE_RESTAURANTS,0.8604779872168662,3
XGBoost,no_text,MUL_TEXT_FOOD_MICHELIN_GUIDE_RESTAURANTS,0.860765118093844,4
XGBoost,text_only,MUL_TEXT_FOOD_MICHELIN_GUIDE_RESTAURANTS,0.8285709586246867,0
XGBoost,text_only,MUL_TEXT_FOOD_MICHELIN_GUIDE_RESTAURANTS,0.8309733704666336,1
XGBoost,text_only,MUL_TEXT_FOOD_MICHELIN_GUIDE_RESTAURANTS,0.8275348565672742,2
XGBoost,text_only,MUL_TEXT_FOOD_MICHELIN_GUIDE_RESTAURANTS,0.843636117303572,3
XGBoost,text_only,MUL_TEXT_FOOD_MICHELIN_GUIDE_RESTAURANTS,0.8228063314692673,4
CatBoost,all,MUL_TEXT_FOOD_WINE_REVIEW,0.973164082411096,0
CatBoost,all,MUL_TEXT_FOOD_WINE_REVIEW,0.974256879502789,1
CatBoost,all,MUL_TEXT_FOOD_WINE_REVIEW,0.976299538474834,2
CatBoost,all,MUL_TEXT_FOOD_WINE_REVIEW,0.9739780145521624,3
CatBoost,all,MUL_TEXT_FOOD_WINE_REVIEW,0.9754405838394404,4
CatBoost,ft,MUL_TEXT_FOOD_WINE_REVIEW,0.9800370471049392,0
CatBoost,ft,MUL_TEXT_FOOD_WINE_REVIEW,0.9808372086998622,1
CatBoost,ft,MUL_TEXT_FOOD_WINE_REVIEW,0.9822065428556416,2
CatBoost,ft,MUL_TEXT_FOOD_WINE_REVIEW,0.9820413538206678,3
CatBoost,ft,MUL_TEXT_FOOD_WINE_REVIEW,0.9826700712936774,4
CatBoost,no_text,MUL_TEXT_FOOD_WINE_REVIEW,0.8550248750094295,0
CatBoost,no_text,MUL_TEXT_FOOD_WINE_REVIEW,0.8633380427541938,1
CatBoost,no_text,MUL_TEXT_FOOD_WINE_REVIEW,0.8550676459925367,2
CatBoost,no_text,MUL_TEXT_FOOD_WINE_REVIEW,0.8548362202887065,3
CatBoost,no_text,MUL_TEXT_FOOD_WINE_REVIEW,0.8602493676992368,4
CatBoost,text_only,MUL_TEXT_FOOD_WINE_REVIEW,0.9703767470339824,0
CatBoost,text_only,MUL_TEXT_FOOD_WINE_REVIEW,0.971420168675523,1
CatBoost,text_only,MUL_TEXT_FOOD_WINE_REVIEW,0.9731648771170136,2
CatBoost,text_only,MUL_TEXT_FOOD_WINE_REVIEW,0.9719155424826924,3
CatBoost,text_only,MUL_TEXT_FOOD_WINE_REVIEW,0.9741140571385266,4
LightGBM,all,MUL_TEXT_FOOD_WINE_REVIEW,0.9641964008861488,0
LightGBM,all,MUL_TEXT_FOOD_WINE_REVIEW,0.9653681021054896,1
LightGBM,all,MUL_TEXT_FOOD_WINE_REVIEW,0.963678116524292,2
LightGBM,all,MUL_TEXT_FOOD_WINE_REVIEW,0.9652708846420376,3
LightGBM,all,MUL_TEXT_FOOD_WINE_REVIEW,0.9672509023650744,4
LightGBM,ft,MUL_TEXT_FOOD_WINE_REVIEW,0.9702222409010112,0
LightGBM,ft,MUL_TEXT_FOOD_WINE_REVIEW,0.9738064459368316,1
LightGBM,ft,MUL_TEXT_FOOD_WINE_REVIEW,0.9740883590988954,2
LightGBM,ft,MUL_TEXT_FOOD_WINE_REVIEW,0.9759549072859462,3
LightGBM,ft,MUL_TEXT_FOOD_WINE_REVIEW,0.9789239145482108,4
LightGBM,no_text,MUL_TEXT_FOOD_WINE_REVIEW,0.8305485047492976,0
LightGBM,no_text,MUL_TEXT_FOOD_WINE_REVIEW,0.8338169683668476,1
LightGBM,no_text,MUL_TEXT_FOOD_WINE_REVIEW,0.8236153568331089,2
LightGBM,no_text,MUL_TEXT_FOOD_WINE_REVIEW,0.82593273436457,3
LightGBM,no_text,MUL_TEXT_FOOD_WINE_REVIEW,0.8299745755645825,4
LightGBM,text_only,MUL_TEXT_FOOD_WINE_REVIEW,0.9614038755653732,0
LightGBM,text_only,MUL_TEXT_FOOD_WINE_REVIEW,0.9641970467815176,1
LightGBM,text_only,MUL_TEXT_FOOD_WINE_REVIEW,0.962910749719014,2
LightGBM,text_only,MUL_TEXT_FOOD_WINE_REVIEW,0.9627461612119904,3
LightGBM,text_only,MUL_TEXT_FOOD_WINE_REVIEW,0.9647012894485736,4
RandomForest,all,MUL_TEXT_FOOD_WINE_REVIEW,0.9441110067345908,0
RandomForest,all,MUL_TEXT_FOOD_WINE_REVIEW,0.9511086632314592,1
RandomForest,all,MUL_TEXT_FOOD_WINE_REVIEW,0.9547524809762103,2
RandomForest,all,MUL_TEXT_FOOD_WINE_REVIEW,0.9572884597306924,3
RandomForest,all,MUL_TEXT_FOOD_WINE_REVIEW,0.9532348767593112,4
RandomForest,ft,MUL_TEXT_FOOD_WINE_REVIEW,0.9667233665187194,0
RandomForest,ft,MUL_TEXT_FOOD_WINE_REVIEW,0.9717572896310804,1
RandomForest,ft,MUL_TEXT_FOOD_WINE_REVIEW,0.9743075468278696,2
RandomForest,ft,MUL_TEXT_FOOD_WINE_REVIEW,0.974296561415074,3
RandomForest,ft,MUL_TEXT_FOOD_WINE_REVIEW,0.9735996945066128,4
RandomForest,no_text,MUL_TEXT_FOOD_WINE_REVIEW,0.7402489839863652,0
RandomForest,no_text,MUL_TEXT_FOOD_WINE_REVIEW,0.7490131890953786,1
RandomForest,no_text,MUL_TEXT_FOOD_WINE_REVIEW,0.7443204550601971,2
RandomForest,no_text,MUL_TEXT_FOOD_WINE_REVIEW,0.7448305665323903,3
RandomForest,no_text,MUL_TEXT_FOOD_WINE_REVIEW,0.7374664229263902,4
RandomForest,text_only,MUL_TEXT_FOOD_WINE_REVIEW,0.942270023774646,0
RandomForest,text_only,MUL_TEXT_FOOD_WINE_REVIEW,0.9486133570698444,1
RandomForest,text_only,MUL_TEXT_FOOD_WINE_REVIEW,0.9523322321698894,2
RandomForest,text_only,MUL_TEXT_FOOD_WINE_REVIEW,0.9504547670395233,3
RandomForest,text_only,MUL_TEXT_FOOD_WINE_REVIEW,0.9551972260456004,4
RealMLP,all,MUL_TEXT_FOOD_WINE_REVIEW,0.9760213320294024,0
RealMLP,all,MUL_TEXT_FOOD_WINE_REVIEW,0.976379481372764,1
RealMLP,all,MUL_TEXT_FOOD_WINE_REVIEW,0.9784823808310484,2
RealMLP,all,MUL_TEXT_FOOD_WINE_REVIEW,0.9753820978292002,3
RealMLP,all,MUL_TEXT_FOOD_WINE_REVIEW,0.9774333848067372,4
RealMLP,ft,MUL_TEXT_FOOD_WINE_REVIEW,0.980881857227748,0
RealMLP,ft,MUL_TEXT_FOOD_WINE_REVIEW,0.9819592335784884,1
RealMLP,ft,MUL_TEXT_FOOD_WINE_REVIEW,0.9831965423084577,2
RealMLP,ft,MUL_TEXT_FOOD_WINE_REVIEW,0.9830769163028586,3
RealMLP,ft,MUL_TEXT_FOOD_WINE_REVIEW,0.9828566392603576,4
RealMLP,no_text,MUL_TEXT_FOOD_WINE_REVIEW,0.8564807534089324,0
RealMLP,no_text,MUL_TEXT_FOOD_WINE_REVIEW,0.8581295993131164,1
RealMLP,no_text,MUL_TEXT_FOOD_WINE_REVIEW,0.8505113898514886,2
RealMLP,no_text,MUL_TEXT_FOOD_WINE_REVIEW,0.8552399150472051,3
RealMLP,no_text,MUL_TEXT_FOOD_WINE_REVIEW,0.8539991557875382,4
RealMLP,text_only,MUL_TEXT_FOOD_WINE_REVIEW,0.974338020882551,0
RealMLP,text_only,MUL_TEXT_FOOD_WINE_REVIEW,0.9713504502332212,1
RealMLP,text_only,MUL_TEXT_FOOD_WINE_REVIEW,0.9765681308847732,2
RealMLP,text_only,MUL_TEXT_FOOD_WINE_REVIEW,0.9747943409948032,3
RealMLP,text_only,MUL_TEXT_FOOD_WINE_REVIEW,0.9759460383354212,4
TabDPT,all,MUL_TEXT_FOOD_WINE_REVIEW,0.931295772876685,0
TabDPT,all,MUL_TEXT_FOOD_WINE_REVIEW,0.9426124116626728,1
TabDPT,all,MUL_TEXT_FOOD_WINE_REVIEW,0.9403877071294692,2
TabDPT,all,MUL_TEXT_FOOD_WINE_REVIEW,0.9412134517443806,3
TabDPT,all,MUL_TEXT_FOOD_WINE_REVIEW,0.94367944723844,4
TabDPT,ft,MUL_TEXT_FOOD_WINE_REVIEW,0.945516589504342,0
TabDPT,ft,MUL_TEXT_FOOD_WINE_REVIEW,0.9530503982202186,1
TabDPT,ft,MUL_TEXT_FOOD_WINE_REVIEW,0.9532003906139678,2
TabDPT,ft,MUL_TEXT_FOOD_WINE_REVIEW,0.9559479186811668,3
TabDPT,ft,MUL_TEXT_FOOD_WINE_REVIEW,0.9564861269561752,4
TabDPT,no_text,MUL_TEXT_FOOD_WINE_REVIEW,0.7792510134967204,0
TabDPT,no_text,MUL_TEXT_FOOD_WINE_REVIEW,0.782421077265796,1
TabDPT,no_text,MUL_TEXT_FOOD_WINE_REVIEW,0.7873907084025239,2
TabDPT,no_text,MUL_TEXT_FOOD_WINE_REVIEW,0.7901144365228944,3
TabDPT,no_text,MUL_TEXT_FOOD_WINE_REVIEW,0.7839008580628797,4
TabDPT,text_only,MUL_TEXT_FOOD_WINE_REVIEW,0.9260039513377905,0
TabDPT,text_only,MUL_TEXT_FOOD_WINE_REVIEW,0.9372134883388412,1
TabDPT,text_only,MUL_TEXT_FOOD_WINE_REVIEW,0.935849894848289,2
TabDPT,text_only,MUL_TEXT_FOOD_WINE_REVIEW,0.9413039653945188,3
TabDPT,text_only,MUL_TEXT_FOOD_WINE_REVIEW,0.9409017725984342,4
TabICLv2,all,MUL_TEXT_FOOD_WINE_REVIEW,0.9798740885454034,0
TabICLv2,all,MUL_TEXT_FOOD_WINE_REVIEW,0.9794982085757198,1
TabICLv2,all,MUL_TEXT_FOOD_WINE_REVIEW,0.9820927467483396,2
TabICLv2,all,MUL_TEXT_FOOD_WINE_REVIEW,0.9802375300837594,3
TabICLv2,all,MUL_TEXT_FOOD_WINE_REVIEW,0.9816401045131036,4
TabICLv2,ft,MUL_TEXT_FOOD_WINE_REVIEW,0.9828243135693356,0
TabICLv2,ft,MUL_TEXT_FOOD_WINE_REVIEW,0.9843992134970996,1
TabICLv2,ft,MUL_TEXT_FOOD_WINE_REVIEW,0.9848906027433814,2
TabICLv2,ft,MUL_TEXT_FOOD_WINE_REVIEW,0.9846220882679924,3
TabICLv2,ft,MUL_TEXT_FOOD_WINE_REVIEW,0.9841799352034112,4
TabICLv2,no_text,MUL_TEXT_FOOD_WINE_REVIEW,0.8576311481029714,0
TabICLv2,no_text,MUL_TEXT_FOOD_WINE_REVIEW,0.8637584480594548,1
TabICLv2,no_text,MUL_TEXT_FOOD_WINE_REVIEW,0.8602012281550758,2
TabICLv2,no_text,MUL_TEXT_FOOD_WINE_REVIEW,0.8586257286107255,3
TabICLv2,no_text,MUL_TEXT_FOOD_WINE_REVIEW,0.8646348334284991,4
TabICLv2,text_only,MUL_TEXT_FOOD_WINE_REVIEW,0.9779960754644574,0
TabICLv2,text_only,MUL_TEXT_FOOD_WINE_REVIEW,0.9794534696022348,1
TabICLv2,text_only,MUL_TEXT_FOOD_WINE_REVIEW,0.980730569661463,2
TabICLv2,text_only,MUL_TEXT_FOOD_WINE_REVIEW,0.9792787243906744,3
TabICLv2,text_only,MUL_TEXT_FOOD_WINE_REVIEW,0.9803221829389748,4
TabM,all,MUL_TEXT_FOOD_WINE_REVIEW,0.9768339912057944,0
TabM,all,MUL_TEXT_FOOD_WINE_REVIEW,0.9768070746316913,1
TabM,all,MUL_TEXT_FOOD_WINE_REVIEW,0.98035016159972,2
TabM,all,MUL_TEXT_FOOD_WINE_REVIEW,0.977036833068626,3
TabM,all,MUL_TEXT_FOOD_WINE_REVIEW,0.9793748921820786,4
TabM,ft,MUL_TEXT_FOOD_WINE_REVIEW,0.9819411043259624,0
TabM,ft,MUL_TEXT_FOOD_WINE_REVIEW,0.9817058131992138,1
TabM,ft,MUL_TEXT_FOOD_WINE_REVIEW,0.9836900786038568,2
TabM,ft,MUL_TEXT_FOOD_WINE_REVIEW,0.9824613908370916,3
TabM,ft,MUL_TEXT_FOOD_WINE_REVIEW,0.983838163984338,4
TabM,no_text,MUL_TEXT_FOOD_WINE_REVIEW,0.8534889091029142,0
TabM,no_text,MUL_TEXT_FOOD_WINE_REVIEW,0.8601090905680185,1
TabM,no_text,MUL_TEXT_FOOD_WINE_REVIEW,0.8528056632772993,2
TabM,no_text,MUL_TEXT_FOOD_WINE_REVIEW,0.8549171371112148,3
TabM,no_text,MUL_TEXT_FOOD_WINE_REVIEW,0.8566582641548997,4
TabM,text_only,MUL_TEXT_FOOD_WINE_REVIEW,0.9745866412351633,0
TabM,text_only,MUL_TEXT_FOOD_WINE_REVIEW,0.9761236509835388,1
TabM,text_only,MUL_TEXT_FOOD_WINE_REVIEW,0.977588716074736,2
TabM,text_only,MUL_TEXT_FOOD_WINE_REVIEW,0.9767444779969384,3
TabM,text_only,MUL_TEXT_FOOD_WINE_REVIEW,0.977773899712222,4
XGBoost,all,MUL_TEXT_FOOD_WINE_REVIEW,0.96291670959291,0
XGBoost,all,MUL_TEXT_FOOD_WINE_REVIEW,0.9633406703280896,1
XGBoost,all,MUL_TEXT_FOOD_WINE_REVIEW,0.9631289091471128,2
XGBoost,all,MUL_TEXT_FOOD_WINE_REVIEW,0.9648976402216362,3
XGBoost,all,MUL_TEXT_FOOD_WINE_REVIEW,0.964794324971533,4
XGBoost,ft,MUL_TEXT_FOOD_WINE_REVIEW,0.972892254659202,0
XGBoost,ft,MUL_TEXT_FOOD_WINE_REVIEW,0.9738992287165414,1
XGBoost,ft,MUL_TEXT_FOOD_WINE_REVIEW,0.9750106962803544,2
XGBoost,ft,MUL_TEXT_FOOD_WINE_REVIEW,0.9757512270641526,3
XGBoost,ft,MUL_TEXT_FOOD_WINE_REVIEW,0.9767498939417778,4
XGBoost,no_text,MUL_TEXT_FOOD_WINE_REVIEW,0.8458784157509739,0
XGBoost,no_text,MUL_TEXT_FOOD_WINE_REVIEW,0.8517458552898941,1
XGBoost,no_text,MUL_TEXT_FOOD_WINE_REVIEW,0.840920301446369,2
XGBoost,no_text,MUL_TEXT_FOOD_WINE_REVIEW,0.8438152820525372,3
XGBoost,no_text,MUL_TEXT_FOOD_WINE_REVIEW,0.8474895160790052,4
XGBoost,text_only,MUL_TEXT_FOOD_WINE_REVIEW,0.9594007669537532,0
XGBoost,text_only,MUL_TEXT_FOOD_WINE_REVIEW,0.960101508444217,1
XGBoost,text_only,MUL_TEXT_FOOD_WINE_REVIEW,0.9601707951429226,2
XGBoost,text_only,MUL_TEXT_FOOD_WINE_REVIEW,0.9640447702228252,3
XGBoost,text_only,MUL_TEXT_FOOD_WINE_REVIEW,0.961411164057926,4
CatBoost,all,MUL_TEXT_FOOD_YELP_REVIEWS,0.8555486369935087,0
CatBoost,all,MUL_TEXT_FOOD_YELP_REVIEWS,0.8644148130581686,1
CatBoost,all,MUL_TEXT_FOOD_YELP_REVIEWS,0.8644006004860078,2
CatBoost,all,MUL_TEXT_FOOD_YELP_REVIEWS,0.8675715952605432,3
CatBoost,all,MUL_TEXT_FOOD_YELP_REVIEWS,0.8648247993980034,4
CatBoost,ft,MUL_TEXT_FOOD_YELP_REVIEWS,0.894677458018929,0
CatBoost,ft,MUL_TEXT_FOOD_YELP_REVIEWS,0.8931516335795102,1
CatBoost,ft,MUL_TEXT_FOOD_YELP_REVIEWS,0.8955825024093403,2
CatBoost,ft,MUL_TEXT_FOOD_YELP_REVIEWS,0.8926437468698509,3
CatBoost,ft,MUL_TEXT_FOOD_YELP_REVIEWS,0.889955932206901,4
CatBoost,no_text,MUL_TEXT_FOOD_YELP_REVIEWS,0.5876701408456373,0
CatBoost,no_text,MUL_TEXT_FOOD_YELP_REVIEWS,0.5900744884160545,1
CatBoost,no_text,MUL_TEXT_FOOD_YELP_REVIEWS,0.586867486626337,2
CatBoost,no_text,MUL_TEXT_FOOD_YELP_REVIEWS,0.5604046317698969,3
CatBoost,no_text,MUL_TEXT_FOOD_YELP_REVIEWS,0.5825884509513596,4
CatBoost,text_only,MUL_TEXT_FOOD_YELP_REVIEWS,0.8565447419010923,0
CatBoost,text_only,MUL_TEXT_FOOD_YELP_REVIEWS,0.8691896909916416,1
CatBoost,text_only,MUL_TEXT_FOOD_YELP_REVIEWS,0.8656036286868956,2
CatBoost,text_only,MUL_TEXT_FOOD_YELP_REVIEWS,0.8648519542982204,3
CatBoost,text_only,MUL_TEXT_FOOD_YELP_REVIEWS,0.8631975686555536,4
LightGBM,all,MUL_TEXT_FOOD_YELP_REVIEWS,0.8464499307454307,0
LightGBM,all,MUL_TEXT_FOOD_YELP_REVIEWS,0.854013235894986,1
LightGBM,all,MUL_TEXT_FOOD_YELP_REVIEWS,0.8527552318090494,2
LightGBM,all,MUL_TEXT_FOOD_YELP_REVIEWS,0.8542346861550685,3
LightGBM,all,MUL_TEXT_FOOD_YELP_REVIEWS,0.850887984413913,4
LightGBM,ft,MUL_TEXT_FOOD_YELP_REVIEWS,0.8870172074080924,0
LightGBM,ft,MUL_TEXT_FOOD_YELP_REVIEWS,0.8850366045024444,1
LightGBM,ft,MUL_TEXT_FOOD_YELP_REVIEWS,0.8858662546272533,2
LightGBM,ft,MUL_TEXT_FOOD_YELP_REVIEWS,0.8840736390492054,3
LightGBM,ft,MUL_TEXT_FOOD_YELP_REVIEWS,0.8864270029093252,4
LightGBM,no_text,MUL_TEXT_FOOD_YELP_REVIEWS,0.5731637406828758,0
LightGBM,no_text,MUL_TEXT_FOOD_YELP_REVIEWS,0.5619606628824791,1
LightGBM,no_text,MUL_TEXT_FOOD_YELP_REVIEWS,0.5744207105395702,2
LightGBM,no_text,MUL_TEXT_FOOD_YELP_REVIEWS,0.5463689520930071,3
LightGBM,no_text,MUL_TEXT_FOOD_YELP_REVIEWS,0.5609401887044838,4
LightGBM,text_only,MUL_TEXT_FOOD_YELP_REVIEWS,0.8504370481002352,0
LightGBM,text_only,MUL_TEXT_FOOD_YELP_REVIEWS,0.8510948606214302,1
LightGBM,text_only,MUL_TEXT_FOOD_YELP_REVIEWS,0.8547288256811478,2
LightGBM,text_only,MUL_TEXT_FOOD_YELP_REVIEWS,0.8534247669902456,3
LightGBM,text_only,MUL_TEXT_FOOD_YELP_REVIEWS,0.8547110877369622,4
RandomForest,all,MUL_TEXT_FOOD_YELP_REVIEWS,0.8920508755527312,0
RandomForest,all,MUL_TEXT_FOOD_YELP_REVIEWS,0.8947902403287846,1
RandomForest,all,MUL_TEXT_FOOD_YELP_REVIEWS,0.8887988159276621,2
RandomForest,all,MUL_TEXT_FOOD_YELP_REVIEWS,0.8848922856166727,3
RandomForest,all,MUL_TEXT_FOOD_YELP_REVIEWS,0.8842528547636409,4
RandomForest,ft,MUL_TEXT_FOOD_YELP_REVIEWS,0.8867956885451793,0
RandomForest,ft,MUL_TEXT_FOOD_YELP_REVIEWS,0.8891693994487051,1
RandomForest,ft,MUL_TEXT_FOOD_YELP_REVIEWS,0.8932702013024173,2
RandomForest,ft,MUL_TEXT_FOOD_YELP_REVIEWS,0.8920442604339861,3
RandomForest,ft,MUL_TEXT_FOOD_YELP_REVIEWS,0.883246383942863,4
RandomForest,no_text,MUL_TEXT_FOOD_YELP_REVIEWS,0.5736195571582634,0
RandomForest,no_text,MUL_TEXT_FOOD_YELP_REVIEWS,0.5489019734915749,1
RandomForest,no_text,MUL_TEXT_FOOD_YELP_REVIEWS,0.5657729564761388,2
RandomForest,no_text,MUL_TEXT_FOOD_YELP_REVIEWS,0.546843833515631,3
RandomForest,no_text,MUL_TEXT_FOOD_YELP_REVIEWS,0.5547858041376857,4
RandomForest,text_only,MUL_TEXT_FOOD_YELP_REVIEWS,0.8421148668461956,0
RandomForest,text_only,MUL_TEXT_FOOD_YELP_REVIEWS,0.8340568749450373,1
RandomForest,text_only,MUL_TEXT_FOOD_YELP_REVIEWS,0.8326407485512768,2
RandomForest,text_only,MUL_TEXT_FOOD_YELP_REVIEWS,0.8394981464537417,3
RandomForest,text_only,MUL_TEXT_FOOD_YELP_REVIEWS,0.8354412625466605,4
RealMLP,all,MUL_TEXT_FOOD_YELP_REVIEWS,0.8691169535195566,0
RealMLP,all,MUL_TEXT_FOOD_YELP_REVIEWS,0.8693211185103003,1
RealMLP,all,MUL_TEXT_FOOD_YELP_REVIEWS,0.8780926886552809,2
RealMLP,all,MUL_TEXT_FOOD_YELP_REVIEWS,0.8758425047411713,3
RealMLP,all,MUL_TEXT_FOOD_YELP_REVIEWS,0.8765138930401776,4
RealMLP,ft,MUL_TEXT_FOOD_YELP_REVIEWS,0.8936457291077305,0
RealMLP,ft,MUL_TEXT_FOOD_YELP_REVIEWS,0.8946604577197139,1
RealMLP,ft,MUL_TEXT_FOOD_YELP_REVIEWS,0.8932359092735462,2
RealMLP,ft,MUL_TEXT_FOOD_YELP_REVIEWS,0.8913901829880988,3
RealMLP,ft,MUL_TEXT_FOOD_YELP_REVIEWS,0.8907721353276159,4
RealMLP,no_text,MUL_TEXT_FOOD_YELP_REVIEWS,0.5836920291676087,0
RealMLP,no_text,MUL_TEXT_FOOD_YELP_REVIEWS,0.577625139696895,1
RealMLP,no_text,MUL_TEXT_FOOD_YELP_REVIEWS,0.5812168312389988,2
RealMLP,no_text,MUL_TEXT_FOOD_YELP_REVIEWS,0.5734899605298602,3
RealMLP,no_text,MUL_TEXT_FOOD_YELP_REVIEWS,0.5705120680195199,4
RealMLP,text_only,MUL_TEXT_FOOD_YELP_REVIEWS,0.8670405391287128,0
RealMLP,text_only,MUL_TEXT_FOOD_YELP_REVIEWS,0.8719043595378014,1
RealMLP,text_only,MUL_TEXT_FOOD_YELP_REVIEWS,0.8788509663704452,2
RealMLP,text_only,MUL_TEXT_FOOD_YELP_REVIEWS,0.8765708849418548,3
RealMLP,text_only,MUL_TEXT_FOOD_YELP_REVIEWS,0.8757047896592406,4
TabDPT,all,MUL_TEXT_FOOD_YELP_REVIEWS,0.8668940591406546,0
TabDPT,all,MUL_TEXT_FOOD_YELP_REVIEWS,0.8650643223747286,1
TabDPT,all,MUL_TEXT_FOOD_YELP_REVIEWS,0.8730497250948265,2
TabDPT,all,MUL_TEXT_FOOD_YELP_REVIEWS,0.8694775549615776,3
TabDPT,all,MUL_TEXT_FOOD_YELP_REVIEWS,0.867663681348074,4
TabDPT,ft,MUL_TEXT_FOOD_YELP_REVIEWS,0.8951901541216394,0
TabDPT,ft,MUL_TEXT_FOOD_YELP_REVIEWS,0.8937728965481178,1
TabDPT,ft,MUL_TEXT_FOOD_YELP_REVIEWS,0.8964381197801126,2
TabDPT,ft,MUL_TEXT_FOOD_YELP_REVIEWS,0.8926741482644263,3
TabDPT,ft,MUL_TEXT_FOOD_YELP_REVIEWS,0.8938592844084472,4
TabDPT,no_text,MUL_TEXT_FOOD_YELP_REVIEWS,0.5857848161203305,0
TabDPT,no_text,MUL_TEXT_FOOD_YELP_REVIEWS,0.5866895948107504,1
TabDPT,no_text,MUL_TEXT_FOOD_YELP_REVIEWS,0.594161708637595,2
TabDPT,no_text,MUL_TEXT_FOOD_YELP_REVIEWS,0.5770358868687141,3
TabDPT,no_text,MUL_TEXT_FOOD_YELP_REVIEWS,0.5811762722151698,4
TabDPT,text_only,MUL_TEXT_FOOD_YELP_REVIEWS,0.8685834992434888,0
TabDPT,text_only,MUL_TEXT_FOOD_YELP_REVIEWS,0.8676678163053533,1
TabDPT,text_only,MUL_TEXT_FOOD_YELP_REVIEWS,0.8737283523629527,2
TabDPT,text_only,MUL_TEXT_FOOD_YELP_REVIEWS,0.8697279854395369,3
TabDPT,text_only,MUL_TEXT_FOOD_YELP_REVIEWS,0.8688114356863155,4
TabICLv2,all,MUL_TEXT_FOOD_YELP_REVIEWS,0.8724219315307515,0
TabICLv2,all,MUL_TEXT_FOOD_YELP_REVIEWS,0.8745700823622211,1
TabICLv2,all,MUL_TEXT_FOOD_YELP_REVIEWS,0.8810979753309219,2
TabICLv2,all,MUL_TEXT_FOOD_YELP_REVIEWS,0.8783941210646209,3
TabICLv2,all,MUL_TEXT_FOOD_YELP_REVIEWS,0.8766183139971938,4
TabICLv2,ft,MUL_TEXT_FOOD_YELP_REVIEWS,0.8963338012862596,0
TabICLv2,ft,MUL_TEXT_FOOD_YELP_REVIEWS,0.8982327638515454,1
TabICLv2,ft,MUL_TEXT_FOOD_YELP_REVIEWS,0.8991625668032995,2
TabICLv2,ft,MUL_TEXT_FOOD_YELP_REVIEWS,0.894964967794931,3
TabICLv2,ft,MUL_TEXT_FOOD_YELP_REVIEWS,0.8941038914236991,4
TabICLv2,no_text,MUL_TEXT_FOOD_YELP_REVIEWS,0.5856115286914372,0
TabICLv2,no_text,MUL_TEXT_FOOD_YELP_REVIEWS,0.592226174766004,1
TabICLv2,no_text,MUL_TEXT_FOOD_YELP_REVIEWS,0.5904979739136577,2
TabICLv2,no_text,MUL_TEXT_FOOD_YELP_REVIEWS,0.5696452264983141,3
TabICLv2,no_text,MUL_TEXT_FOOD_YELP_REVIEWS,0.5720444129503155,4
TabICLv2,text_only,MUL_TEXT_FOOD_YELP_REVIEWS,0.8725086860240369,0
TabICLv2,text_only,MUL_TEXT_FOOD_YELP_REVIEWS,0.8744330945111134,1
TabICLv2,text_only,MUL_TEXT_FOOD_YELP_REVIEWS,0.8805280125397065,2
TabICLv2,text_only,MUL_TEXT_FOOD_YELP_REVIEWS,0.8780835099857942,3
TabICLv2,text_only,MUL_TEXT_FOOD_YELP_REVIEWS,0.8762534799931962,4
TabM,all,MUL_TEXT_FOOD_YELP_REVIEWS,0.8665913360048746,0
TabM,all,MUL_TEXT_FOOD_YELP_REVIEWS,0.8743,1
TabM,all,MUL_TEXT_FOOD_YELP_REVIEWS,0.8758419289542246,2
TabM,all,MUL_TEXT_FOOD_YELP_REVIEWS,0.8748687942511764,3
TabM,all,MUL_TEXT_FOOD_YELP_REVIEWS,0.8722873449031875,4
TabM,ft,MUL_TEXT_FOOD_YELP_REVIEWS,0.8963179660993619,0
TabM,ft,MUL_TEXT_FOOD_YELP_REVIEWS,0.8963755823874158,1
TabM,ft,MUL_TEXT_FOOD_YELP_REVIEWS,0.8972783208897901,2
TabM,ft,MUL_TEXT_FOOD_YELP_REVIEWS,0.8937738334737194,3
TabM,ft,MUL_TEXT_FOOD_YELP_REVIEWS,0.8889015572276838,4
TabM,no_text,MUL_TEXT_FOOD_YELP_REVIEWS,0.5892262957786253,0
TabM,no_text,MUL_TEXT_FOOD_YELP_REVIEWS,0.5845882573796516,1
TabM,no_text,MUL_TEXT_FOOD_YELP_REVIEWS,0.5958969995565365,2
TabM,no_text,MUL_TEXT_FOOD_YELP_REVIEWS,0.5757141381766275,3
TabM,no_text,MUL_TEXT_FOOD_YELP_REVIEWS,0.5894858161177512,4
TabM,text_only,MUL_TEXT_FOOD_YELP_REVIEWS,0.8665047564437767,0
TabM,text_only,MUL_TEXT_FOOD_YELP_REVIEWS,0.8731423708668189,1
TabM,text_only,MUL_TEXT_FOOD_YELP_REVIEWS,0.8762644393045717,2
TabM,text_only,MUL_TEXT_FOOD_YELP_REVIEWS,0.8769008976294044,3
TabM,text_only,MUL_TEXT_FOOD_YELP_REVIEWS,0.8719130262897636,4
TabPFN-2.5,all,MUL_TEXT_FOOD_YELP_REVIEWS,0.8740904270205139,0
TabPFN-2.5,all,MUL_TEXT_FOOD_YELP_REVIEWS,0.8748694985061114,1
TabPFN-2.5,all,MUL_TEXT_FOOD_YELP_REVIEWS,0.8816581260614542,2
TabPFN-2.5,all,MUL_TEXT_FOOD_YELP_REVIEWS,0.8789932473124364,3
TabPFN-2.5,all,MUL_TEXT_FOOD_YELP_REVIEWS,0.8764547016352167,4
TabPFN-2.5,ft,MUL_TEXT_FOOD_YELP_REVIEWS,0.8966179993926617,0
TabPFN-2.5,ft,MUL_TEXT_FOOD_YELP_REVIEWS,0.8981503380214019,1
TabPFN-2.5,ft,MUL_TEXT_FOOD_YELP_REVIEWS,0.8995189391504066,2
TabPFN-2.5,ft,MUL_TEXT_FOOD_YELP_REVIEWS,0.8931602425775678,3
TabPFN-2.5,ft,MUL_TEXT_FOOD_YELP_REVIEWS,0.8951423933911403,4
TabPFN-2.5,no_text,MUL_TEXT_FOOD_YELP_REVIEWS,0.5916191301539102,0
TabPFN-2.5,no_text,MUL_TEXT_FOOD_YELP_REVIEWS,0.590982083316419,1
TabPFN-2.5,no_text,MUL_TEXT_FOOD_YELP_REVIEWS,0.5943805605777023,2
TabPFN-2.5,no_text,MUL_TEXT_FOOD_YELP_REVIEWS,0.5735699407112229,3
TabPFN-2.5,no_text,MUL_TEXT_FOOD_YELP_REVIEWS,0.5858754258166339,4
TabPFN-2.5,text_only,MUL_TEXT_FOOD_YELP_REVIEWS,0.8724489745239319,0
TabPFN-2.5,text_only,MUL_TEXT_FOOD_YELP_REVIEWS,0.8738509392907888,1
TabPFN-2.5,text_only,MUL_TEXT_FOOD_YELP_REVIEWS,0.8818759587837345,2
TabPFN-2.5,text_only,MUL_TEXT_FOOD_YELP_REVIEWS,0.8784169204619392,3
TabPFN-2.5,text_only,MUL_TEXT_FOOD_YELP_REVIEWS,0.8762795363474434,4
TabPFNv2,all,MUL_TEXT_FOOD_YELP_REVIEWS,0.8724816230992332,0
TabPFNv2,all,MUL_TEXT_FOOD_YELP_REVIEWS,0.8740662508266052,1
TabPFNv2,all,MUL_TEXT_FOOD_YELP_REVIEWS,0.8811014487387471,2
TabPFNv2,all,MUL_TEXT_FOOD_YELP_REVIEWS,0.8768233769398588,3
TabPFNv2,all,MUL_TEXT_FOOD_YELP_REVIEWS,0.8745559889771227,4
TabPFNv2,ft,MUL_TEXT_FOOD_YELP_REVIEWS,0.8958790920387972,0
TabPFNv2,ft,MUL_TEXT_FOOD_YELP_REVIEWS,0.8976163459742157,1
TabPFNv2,ft,MUL_TEXT_FOOD_YELP_REVIEWS,0.8991783961714193,2
TabPFNv2,ft,MUL_TEXT_FOOD_YELP_REVIEWS,0.8918287846729978,3
TabPFNv2,ft,MUL_TEXT_FOOD_YELP_REVIEWS,0.893258325831335,4
TabPFNv2,no_text,MUL_TEXT_FOOD_YELP_REVIEWS,0.5874326087114314,0
TabPFNv2,no_text,MUL_TEXT_FOOD_YELP_REVIEWS,0.5910241812883965,1
TabPFNv2,no_text,MUL_TEXT_FOOD_YELP_REVIEWS,0.5904755012917413,2
TabPFNv2,no_text,MUL_TEXT_FOOD_YELP_REVIEWS,0.5762689469436374,3
TabPFNv2,no_text,MUL_TEXT_FOOD_YELP_REVIEWS,0.5838876828153712,4
TabPFNv2,text_only,MUL_TEXT_FOOD_YELP_REVIEWS,0.8707342400235978,0
TabPFNv2,text_only,MUL_TEXT_FOOD_YELP_REVIEWS,0.8743385054762651,1
TabPFNv2,text_only,MUL_TEXT_FOOD_YELP_REVIEWS,0.8810054910675396,2
TabPFNv2,text_only,MUL_TEXT_FOOD_YELP_REVIEWS,0.8770327811248574,3
TabPFNv2,text_only,MUL_TEXT_FOOD_YELP_REVIEWS,0.8749749034438798,4
XGBoost,all,MUL_TEXT_FOOD_YELP_REVIEWS,0.8998472316293091,0
XGBoost,all,MUL_TEXT_FOOD_YELP_REVIEWS,0.8955469142787258,1
XGBoost,all,MUL_TEXT_FOOD_YELP_REVIEWS,0.8927468098223196,2
XGBoost,all,MUL_TEXT_FOOD_YELP_REVIEWS,0.8858345004873722,3
XGBoost,all,MUL_TEXT_FOOD_YELP_REVIEWS,0.8886277807794898,4
XGBoost,ft,MUL_TEXT_FOOD_YELP_REVIEWS,0.8888908540504049,0
XGBoost,ft,MUL_TEXT_FOOD_YELP_REVIEWS,0.8900211383060693,1
XGBoost,ft,MUL_TEXT_FOOD_YELP_REVIEWS,0.8893747832395773,2
XGBoost,ft,MUL_TEXT_FOOD_YELP_REVIEWS,0.8898270226819569,3
XGBoost,ft,MUL_TEXT_FOOD_YELP_REVIEWS,0.8852328390121083,4
XGBoost,no_text,MUL_TEXT_FOOD_YELP_REVIEWS,0.5862932126250143,0
XGBoost,no_text,MUL_TEXT_FOOD_YELP_REVIEWS,0.5753897390286287,1
XGBoost,no_text,MUL_TEXT_FOOD_YELP_REVIEWS,0.5776700329769975,2
XGBoost,no_text,MUL_TEXT_FOOD_YELP_REVIEWS,0.5522019897181252,3
XGBoost,no_text,MUL_TEXT_FOOD_YELP_REVIEWS,0.5634773293770703,4
XGBoost,text_only,MUL_TEXT_FOOD_YELP_REVIEWS,0.8405552633733947,0
XGBoost,text_only,MUL_TEXT_FOOD_YELP_REVIEWS,0.8513038726576847,1
XGBoost,text_only,MUL_TEXT_FOOD_YELP_REVIEWS,0.8513883461740457,2
XGBoost,text_only,MUL_TEXT_FOOD_YELP_REVIEWS,0.8433980180604355,3
XGBoost,text_only,MUL_TEXT_FOOD_YELP_REVIEWS,0.8427743907830605,4
CatBoost,all,MUL_TEXT_HOUSES_MELBOURNE_AIRBNB,0.8343962792340502,0
CatBoost,all,MUL_TEXT_HOUSES_MELBOURNE_AIRBNB,0.830985753811588,1
CatBoost,all,MUL_TEXT_HOUSES_MELBOURNE_AIRBNB,0.8295555466690239,2
CatBoost,all,MUL_TEXT_HOUSES_MELBOURNE_AIRBNB,0.8378984927192198,3
CatBoost,all,MUL_TEXT_HOUSES_MELBOURNE_AIRBNB,0.836928487166543,4
CatBoost,ft,MUL_TEXT_HOUSES_MELBOURNE_AIRBNB,0.8323652516985378,0
CatBoost,ft,MUL_TEXT_HOUSES_MELBOURNE_AIRBNB,0.8356102966856603,1
CatBoost,ft,MUL_TEXT_HOUSES_MELBOURNE_AIRBNB,0.8358786656211968,2
CatBoost,ft,MUL_TEXT_HOUSES_MELBOURNE_AIRBNB,0.8450181450878551,3
CatBoost,ft,MUL_TEXT_HOUSES_MELBOURNE_AIRBNB,0.8322181204531326,4
CatBoost,no_text,MUL_TEXT_HOUSES_MELBOURNE_AIRBNB,0.8374835727992368,0
CatBoost,no_text,MUL_TEXT_HOUSES_MELBOURNE_AIRBNB,0.8289490956641894,1
CatBoost,no_text,MUL_TEXT_HOUSES_MELBOURNE_AIRBNB,0.8320620987164002,2
CatBoost,no_text,MUL_TEXT_HOUSES_MELBOURNE_AIRBNB,0.8404591764867323,3
CatBoost,no_text,MUL_TEXT_HOUSES_MELBOURNE_AIRBNB,0.8316175439745621,4
CatBoost,text_only,MUL_TEXT_HOUSES_MELBOURNE_AIRBNB,0.777096161172194,0
CatBoost,text_only,MUL_TEXT_HOUSES_MELBOURNE_AIRBNB,0.7729172706667594,1
CatBoost,text_only,MUL_TEXT_HOUSES_MELBOURNE_AIRBNB,0.7768437836911211,2
CatBoost,text_only,MUL_TEXT_HOUSES_MELBOURNE_AIRBNB,0.7872520445598521,3
CatBoost,text_only,MUL_TEXT_HOUSES_MELBOURNE_AIRBNB,0.7738376661265093,4
LightGBM,all,MUL_TEXT_HOUSES_MELBOURNE_AIRBNB,0.8213970282376373,0
LightGBM,all,MUL_TEXT_HOUSES_MELBOURNE_AIRBNB,0.8172192005204838,1
LightGBM,all,MUL_TEXT_HOUSES_MELBOURNE_AIRBNB,0.8117509679304232,2
LightGBM,all,MUL_TEXT_HOUSES_MELBOURNE_AIRBNB,0.8289428668042372,3
LightGBM,all,MUL_TEXT_HOUSES_MELBOURNE_AIRBNB,0.8220060924109583,4
LightGBM,ft,MUL_TEXT_HOUSES_MELBOURNE_AIRBNB,0.8171725815756794,0
LightGBM,ft,MUL_TEXT_HOUSES_MELBOURNE_AIRBNB,0.8221690075911674,1
LightGBM,ft,MUL_TEXT_HOUSES_MELBOURNE_AIRBNB,0.8230186351654041,2
LightGBM,ft,MUL_TEXT_HOUSES_MELBOURNE_AIRBNB,0.8268444923319691,3
LightGBM,ft,MUL_TEXT_HOUSES_MELBOURNE_AIRBNB,0.817436936064319,4
LightGBM,no_text,MUL_TEXT_HOUSES_MELBOURNE_AIRBNB,0.8130791138347162,0
LightGBM,no_text,MUL_TEXT_HOUSES_MELBOURNE_AIRBNB,0.8203139088279727,1
LightGBM,no_text,MUL_TEXT_HOUSES_MELBOURNE_AIRBNB,0.8115621514820722,2
LightGBM,no_text,MUL_TEXT_HOUSES_MELBOURNE_AIRBNB,0.8244061907561246,3
LightGBM,no_text,MUL_TEXT_HOUSES_MELBOURNE_AIRBNB,0.8190362935222705,4
LightGBM,text_only,MUL_TEXT_HOUSES_MELBOURNE_AIRBNB,0.7584709714809268,0
LightGBM,text_only,MUL_TEXT_HOUSES_MELBOURNE_AIRBNB,0.7464313540865765,1
LightGBM,text_only,MUL_TEXT_HOUSES_MELBOURNE_AIRBNB,0.7590035619882952,2
LightGBM,text_only,MUL_TEXT_HOUSES_MELBOURNE_AIRBNB,0.7619854547883234,3
LightGBM,text_only,MUL_TEXT_HOUSES_MELBOURNE_AIRBNB,0.755723964892921,4
RandomForest,all,MUL_TEXT_HOUSES_MELBOURNE_AIRBNB,0.8056969701942718,0
RandomForest,all,MUL_TEXT_HOUSES_MELBOURNE_AIRBNB,0.7937247492029637,1
RandomForest,all,MUL_TEXT_HOUSES_MELBOURNE_AIRBNB,0.8055416377683164,2
RandomForest,all,MUL_TEXT_HOUSES_MELBOURNE_AIRBNB,0.8114671168586268,3
RandomForest,all,MUL_TEXT_HOUSES_MELBOURNE_AIRBNB,0.8014413360334615,4
RandomForest,ft,MUL_TEXT_HOUSES_MELBOURNE_AIRBNB,0.8149193563443312,0
RandomForest,ft,MUL_TEXT_HOUSES_MELBOURNE_AIRBNB,0.8144935866876584,1
RandomForest,ft,MUL_TEXT_HOUSES_MELBOURNE_AIRBNB,0.817002547759334,2
RandomForest,ft,MUL_TEXT_HOUSES_MELBOURNE_AIRBNB,0.8220808830697163,3
RandomForest,ft,MUL_TEXT_HOUSES_MELBOURNE_AIRBNB,0.8129012293517782,4
RandomForest,no_text,MUL_TEXT_HOUSES_MELBOURNE_AIRBNB,0.8221219691137154,0
RandomForest,no_text,MUL_TEXT_HOUSES_MELBOURNE_AIRBNB,0.8168419913758138,1
RandomForest,no_text,MUL_TEXT_HOUSES_MELBOURNE_AIRBNB,0.8155613568802739,2
RandomForest,no_text,MUL_TEXT_HOUSES_MELBOURNE_AIRBNB,0.8314221710070889,3
RandomForest,no_text,MUL_TEXT_HOUSES_MELBOURNE_AIRBNB,0.8212280061744908,4
RandomForest,text_only,MUL_TEXT_HOUSES_MELBOURNE_AIRBNB,0.7308577847975516,0
RandomForest,text_only,MUL_TEXT_HOUSES_MELBOURNE_AIRBNB,0.7133252653931208,1
RandomForest,text_only,MUL_TEXT_HOUSES_MELBOURNE_AIRBNB,0.7327928341748013,2
RandomForest,text_only,MUL_TEXT_HOUSES_MELBOURNE_AIRBNB,0.7374858702669707,3
RandomForest,text_only,MUL_TEXT_HOUSES_MELBOURNE_AIRBNB,0.717757884126528,4
RealMLP,all,MUL_TEXT_HOUSES_MELBOURNE_AIRBNB,0.8161962072867299,0
RealMLP,all,MUL_TEXT_HOUSES_MELBOURNE_AIRBNB,0.8199120453469101,1
RealMLP,all,MUL_TEXT_HOUSES_MELBOURNE_AIRBNB,0.8189639511691926,2
RealMLP,all,MUL_TEXT_HOUSES_MELBOURNE_AIRBNB,0.8279520795858932,3
RealMLP,all,MUL_TEXT_HOUSES_MELBOURNE_AIRBNB,0.8226414908066995,4
RealMLP,ft,MUL_TEXT_HOUSES_MELBOURNE_AIRBNB,0.8177227890061534,0
RealMLP,ft,MUL_TEXT_HOUSES_MELBOURNE_AIRBNB,0.8184913446701992,1
RealMLP,ft,MUL_TEXT_HOUSES_MELBOURNE_AIRBNB,0.8167678372793544,2
RealMLP,ft,MUL_TEXT_HOUSES_MELBOURNE_AIRBNB,0.8222343911242197,3
RealMLP,ft,MUL_TEXT_HOUSES_MELBOURNE_AIRBNB,0.8158613810795836,4
RealMLP,no_text,MUL_TEXT_HOUSES_MELBOURNE_AIRBNB,0.830394439074837,0
RealMLP,no_text,MUL_TEXT_HOUSES_MELBOURNE_AIRBNB,0.8259692639583756,1
RealMLP,no_text,MUL_TEXT_HOUSES_MELBOURNE_AIRBNB,0.8225773745311085,2
RealMLP,no_text,MUL_TEXT_HOUSES_MELBOURNE_AIRBNB,0.8385966896012249,3
RealMLP,no_text,MUL_TEXT_HOUSES_MELBOURNE_AIRBNB,0.8307985844370552,4
RealMLP,text_only,MUL_TEXT_HOUSES_MELBOURNE_AIRBNB,0.761319421661799,0
RealMLP,text_only,MUL_TEXT_HOUSES_MELBOURNE_AIRBNB,0.7516601412274199,1
RealMLP,text_only,MUL_TEXT_HOUSES_MELBOURNE_AIRBNB,0.7656708377807455,2
RealMLP,text_only,MUL_TEXT_HOUSES_MELBOURNE_AIRBNB,0.775247115890588,3
RealMLP,text_only,MUL_TEXT_HOUSES_MELBOURNE_AIRBNB,0.7643405187463477,4
TabDPT,all,MUL_TEXT_HOUSES_MELBOURNE_AIRBNB,0.8236727758369332,0
TabDPT,all,MUL_TEXT_HOUSES_MELBOURNE_AIRBNB,0.8184390878768328,1
TabDPT,all,MUL_TEXT_HOUSES_MELBOURNE_AIRBNB,0.8285573226976952,2
TabDPT,all,MUL_TEXT_HOUSES_MELBOURNE_AIRBNB,0.8283116504832565,3
TabDPT,all,MUL_TEXT_HOUSES_MELBOURNE_AIRBNB,0.8209548775667816,4
TabDPT,ft,MUL_TEXT_HOUSES_MELBOURNE_AIRBNB,0.8320082847360052,0
TabDPT,ft,MUL_TEXT_HOUSES_MELBOURNE_AIRBNB,0.8298923852959786,1
TabDPT,ft,MUL_TEXT_HOUSES_MELBOURNE_AIRBNB,0.8328881041049554,2
TabDPT,ft,MUL_TEXT_HOUSES_MELBOURNE_AIRBNB,0.8392702679833782,3
TabDPT,ft,MUL_TEXT_HOUSES_MELBOURNE_AIRBNB,0.8287091881675194,4
TabDPT,no_text,MUL_TEXT_HOUSES_MELBOURNE_AIRBNB,0.8394207664566895,0
TabDPT,no_text,MUL_TEXT_HOUSES_MELBOURNE_AIRBNB,0.8325732958624119,1
TabDPT,no_text,MUL_TEXT_HOUSES_MELBOURNE_AIRBNB,0.8328792750341503,2
TabDPT,no_text,MUL_TEXT_HOUSES_MELBOURNE_AIRBNB,0.85145199935766,3
TabDPT,no_text,MUL_TEXT_HOUSES_MELBOURNE_AIRBNB,0.8370146054583977,4
TabDPT,text_only,MUL_TEXT_HOUSES_MELBOURNE_AIRBNB,0.7841901764742779,0
TabDPT,text_only,MUL_TEXT_HOUSES_MELBOURNE_AIRBNB,0.7833425795510129,1
TabDPT,text_only,MUL_TEXT_HOUSES_MELBOURNE_AIRBNB,0.7886105274402179,2
TabDPT,text_only,MUL_TEXT_HOUSES_MELBOURNE_AIRBNB,0.790277011041573,3
TabDPT,text_only,MUL_TEXT_HOUSES_MELBOURNE_AIRBNB,0.7839441930955509,4
TabICLv2,all,MUL_TEXT_HOUSES_MELBOURNE_AIRBNB,0.8556282333180695,0
TabICLv2,all,MUL_TEXT_HOUSES_MELBOURNE_AIRBNB,0.8553434501014564,1
TabICLv2,all,MUL_TEXT_HOUSES_MELBOURNE_AIRBNB,0.8551680113633251,2
TabICLv2,all,MUL_TEXT_HOUSES_MELBOURNE_AIRBNB,0.8633236464472513,3
TabICLv2,all,MUL_TEXT_HOUSES_MELBOURNE_AIRBNB,0.8598927774010457,4
TabICLv2,ft,MUL_TEXT_HOUSES_MELBOURNE_AIRBNB,0.8530822883201747,0
TabICLv2,ft,MUL_TEXT_HOUSES_MELBOURNE_AIRBNB,0.8513549252745992,1
TabICLv2,ft,MUL_TEXT_HOUSES_MELBOURNE_AIRBNB,0.8512904959927272,2
TabICLv2,ft,MUL_TEXT_HOUSES_MELBOURNE_AIRBNB,0.8568321306791674,3
TabICLv2,ft,MUL_TEXT_HOUSES_MELBOURNE_AIRBNB,0.8529589666923826,4
TabICLv2,no_text,MUL_TEXT_HOUSES_MELBOURNE_AIRBNB,0.8574665869759908,0
TabICLv2,no_text,MUL_TEXT_HOUSES_MELBOURNE_AIRBNB,0.8512801181245766,1
TabICLv2,no_text,MUL_TEXT_HOUSES_MELBOURNE_AIRBNB,0.8540468632481755,2
TabICLv2,no_text,MUL_TEXT_HOUSES_MELBOURNE_AIRBNB,0.8658262030949079,3
TabICLv2,no_text,MUL_TEXT_HOUSES_MELBOURNE_AIRBNB,0.8544656772808515,4
TabICLv2,text_only,MUL_TEXT_HOUSES_MELBOURNE_AIRBNB,0.8082014885425224,0
TabICLv2,text_only,MUL_TEXT_HOUSES_MELBOURNE_AIRBNB,0.8042422639359547,1
TabICLv2,text_only,MUL_TEXT_HOUSES_MELBOURNE_AIRBNB,0.8115721444909566,2
TabICLv2,text_only,MUL_TEXT_HOUSES_MELBOURNE_AIRBNB,0.8153243887315986,3
TabICLv2,text_only,MUL_TEXT_HOUSES_MELBOURNE_AIRBNB,0.8121901710825238,4
TabM,all,MUL_TEXT_HOUSES_MELBOURNE_AIRBNB,0.8465425599846534,0
TabM,all,MUL_TEXT_HOUSES_MELBOURNE_AIRBNB,0.8462355649513189,1
TabM,all,MUL_TEXT_HOUSES_MELBOURNE_AIRBNB,0.8463650059736789,2
TabM,all,MUL_TEXT_HOUSES_MELBOURNE_AIRBNB,0.8569689595105459,3
TabM,all,MUL_TEXT_HOUSES_MELBOURNE_AIRBNB,0.8486180468131581,4
TabM,ft,MUL_TEXT_HOUSES_MELBOURNE_AIRBNB,0.845711491302587,0
TabM,ft,MUL_TEXT_HOUSES_MELBOURNE_AIRBNB,0.8416246246246761,1
TabM,ft,MUL_TEXT_HOUSES_MELBOURNE_AIRBNB,0.8394172749594793,2
TabM,ft,MUL_TEXT_HOUSES_MELBOURNE_AIRBNB,0.8562269665413064,3
TabM,ft,MUL_TEXT_HOUSES_MELBOURNE_AIRBNB,0.8455154250351875,4
TabM,no_text,MUL_TEXT_HOUSES_MELBOURNE_AIRBNB,0.8435485043526411,0
TabM,no_text,MUL_TEXT_HOUSES_MELBOURNE_AIRBNB,0.8390552740667877,1
TabM,no_text,MUL_TEXT_HOUSES_MELBOURNE_AIRBNB,0.833975573325245,2
TabM,no_text,MUL_TEXT_HOUSES_MELBOURNE_AIRBNB,0.8473273084935429,3
TabM,no_text,MUL_TEXT_HOUSES_MELBOURNE_AIRBNB,0.8404194252064912,4
TabM,text_only,MUL_TEXT_HOUSES_MELBOURNE_AIRBNB,0.8028241226042846,0
TabM,text_only,MUL_TEXT_HOUSES_MELBOURNE_AIRBNB,0.7921775422667412,1
TabM,text_only,MUL_TEXT_HOUSES_MELBOURNE_AIRBNB,0.7985412008399826,2
TabM,text_only,MUL_TEXT_HOUSES_MELBOURNE_AIRBNB,0.8089980458592654,3
TabM,text_only,MUL_TEXT_HOUSES_MELBOURNE_AIRBNB,0.7918816346388959,4
TabPFN-2.5,all,MUL_TEXT_HOUSES_MELBOURNE_AIRBNB,0.8249039647062387,0
TabPFN-2.5,all,MUL_TEXT_HOUSES_MELBOURNE_AIRBNB,0.8244237858442263,1
TabPFN-2.5,all,MUL_TEXT_HOUSES_MELBOURNE_AIRBNB,0.8296627266469349,2
TabPFN-2.5,all,MUL_TEXT_HOUSES_MELBOURNE_AIRBNB,0.8344811569517105,3
TabPFN-2.5,all,MUL_TEXT_HOUSES_MELBOURNE_AIRBNB,0.823383422902251,4
TabPFN-2.5,ft,MUL_TEXT_HOUSES_MELBOURNE_AIRBNB,0.826127050539939,0
TabPFN-2.5,ft,MUL_TEXT_HOUSES_MELBOURNE_AIRBNB,0.8177402469531065,1
TabPFN-2.5,ft,MUL_TEXT_HOUSES_MELBOURNE_AIRBNB,0.8310982400347899,2
TabPFN-2.5,ft,MUL_TEXT_HOUSES_MELBOURNE_AIRBNB,0.8451259588873331,3
TabPFN-2.5,ft,MUL_TEXT_HOUSES_MELBOURNE_AIRBNB,0.822143201182925,4
TabPFN-2.5,no_text,MUL_TEXT_HOUSES_MELBOURNE_AIRBNB,0.8561382084352495,0
TabPFN-2.5,no_text,MUL_TEXT_HOUSES_MELBOURNE_AIRBNB,0.8504943140156869,1
TabPFN-2.5,no_text,MUL_TEXT_HOUSES_MELBOURNE_AIRBNB,0.8514223923755759,2
TabPFN-2.5,no_text,MUL_TEXT_HOUSES_MELBOURNE_AIRBNB,0.8616858323516798,3
TabPFN-2.5,no_text,MUL_TEXT_HOUSES_MELBOURNE_AIRBNB,0.8539529922668336,4
TabPFN-2.5,text_only,MUL_TEXT_HOUSES_MELBOURNE_AIRBNB,0.7666510549139066,0
TabPFN-2.5,text_only,MUL_TEXT_HOUSES_MELBOURNE_AIRBNB,0.7562878240487592,1
TabPFN-2.5,text_only,MUL_TEXT_HOUSES_MELBOURNE_AIRBNB,0.7648872465505387,2
TabPFN-2.5,text_only,MUL_TEXT_HOUSES_MELBOURNE_AIRBNB,0.774696024836053,3
TabPFN-2.5,text_only,MUL_TEXT_HOUSES_MELBOURNE_AIRBNB,0.7625013727132685,4
TabPFNv2,all,MUL_TEXT_HOUSES_MELBOURNE_AIRBNB,0.8426317841827083,0
TabPFNv2,all,MUL_TEXT_HOUSES_MELBOURNE_AIRBNB,0.8376283525262451,1
TabPFNv2,all,MUL_TEXT_HOUSES_MELBOURNE_AIRBNB,0.8387083907996313,2
TabPFNv2,all,MUL_TEXT_HOUSES_MELBOURNE_AIRBNB,0.8547088916976702,3
TabPFNv2,all,MUL_TEXT_HOUSES_MELBOURNE_AIRBNB,0.8444782707305698,4
TabPFNv2,ft,MUL_TEXT_HOUSES_MELBOURNE_AIRBNB,0.8418823997047742,0
TabPFNv2,ft,MUL_TEXT_HOUSES_MELBOURNE_AIRBNB,0.8345803035033814,1
TabPFNv2,ft,MUL_TEXT_HOUSES_MELBOURNE_AIRBNB,0.8389827425482554,2
TabPFNv2,ft,MUL_TEXT_HOUSES_MELBOURNE_AIRBNB,0.8527745716500441,3
TabPFNv2,ft,MUL_TEXT_HOUSES_MELBOURNE_AIRBNB,0.8424170586291945,4
TabPFNv2,no_text,MUL_TEXT_HOUSES_MELBOURNE_AIRBNB,0.8400503710936631,0
TabPFNv2,no_text,MUL_TEXT_HOUSES_MELBOURNE_AIRBNB,0.8330773999658512,1
TabPFNv2,no_text,MUL_TEXT_HOUSES_MELBOURNE_AIRBNB,0.8395738270775507,2
TabPFNv2,no_text,MUL_TEXT_HOUSES_MELBOURNE_AIRBNB,0.8494865676227112,3
TabPFNv2,no_text,MUL_TEXT_HOUSES_MELBOURNE_AIRBNB,0.8374843116745817,4
TabPFNv2,text_only,MUL_TEXT_HOUSES_MELBOURNE_AIRBNB,0.7852170797364495,0
TabPFNv2,text_only,MUL_TEXT_HOUSES_MELBOURNE_AIRBNB,0.7773782227665962,1
TabPFNv2,text_only,MUL_TEXT_HOUSES_MELBOURNE_AIRBNB,0.7789562829447529,2
TabPFNv2,text_only,MUL_TEXT_HOUSES_MELBOURNE_AIRBNB,0.7889597816471151,3
TabPFNv2,text_only,MUL_TEXT_HOUSES_MELBOURNE_AIRBNB,0.7849737763202711,4
XGBoost,all,MUL_TEXT_HOUSES_MELBOURNE_AIRBNB,0.8138052993157828,0
XGBoost,all,MUL_TEXT_HOUSES_MELBOURNE_AIRBNB,0.8117388841935647,1
XGBoost,all,MUL_TEXT_HOUSES_MELBOURNE_AIRBNB,0.812407992885217,2
XGBoost,all,MUL_TEXT_HOUSES_MELBOURNE_AIRBNB,0.8207420737602471,3
XGBoost,all,MUL_TEXT_HOUSES_MELBOURNE_AIRBNB,0.8181321216736009,4
XGBoost,ft,MUL_TEXT_HOUSES_MELBOURNE_AIRBNB,0.8162735253097864,0
XGBoost,ft,MUL_TEXT_HOUSES_MELBOURNE_AIRBNB,0.8113940691723499,1
XGBoost,ft,MUL_TEXT_HOUSES_MELBOURNE_AIRBNB,0.8106629294295734,2
XGBoost,ft,MUL_TEXT_HOUSES_MELBOURNE_AIRBNB,0.8181921824189045,3
XGBoost,ft,MUL_TEXT_HOUSES_MELBOURNE_AIRBNB,0.8137335184457862,4
XGBoost,no_text,MUL_TEXT_HOUSES_MELBOURNE_AIRBNB,0.8225976000094546,0
XGBoost,no_text,MUL_TEXT_HOUSES_MELBOURNE_AIRBNB,0.8144328529845245,1
XGBoost,no_text,MUL_TEXT_HOUSES_MELBOURNE_AIRBNB,0.8258400257255094,2
XGBoost,no_text,MUL_TEXT_HOUSES_MELBOURNE_AIRBNB,0.8270886872360332,3
XGBoost,no_text,MUL_TEXT_HOUSES_MELBOURNE_AIRBNB,0.8197312225449321,4
XGBoost,text_only,MUL_TEXT_HOUSES_MELBOURNE_AIRBNB,0.7329900388730574,0
XGBoost,text_only,MUL_TEXT_HOUSES_MELBOURNE_AIRBNB,0.7380224690616728,1
XGBoost,text_only,MUL_TEXT_HOUSES_MELBOURNE_AIRBNB,0.7467944961430628,2
XGBoost,text_only,MUL_TEXT_HOUSES_MELBOURNE_AIRBNB,0.7497293449147133,3
XGBoost,text_only,MUL_TEXT_HOUSES_MELBOURNE_AIRBNB,0.742512722927038,4
CatBoost,all,MUL_TEXT_PROFESSIONAL_DATA_SCIENTIST_SALARY,0.8168462753356943,0
CatBoost,all,MUL_TEXT_PROFESSIONAL_DATA_SCIENTIST_SALARY,0.8189669512800014,1
CatBoost,all,MUL_TEXT_PROFESSIONAL_DATA_SCIENTIST_SALARY,0.8199022790780385,2
CatBoost,all,MUL_TEXT_PROFESSIONAL_DATA_SCIENTIST_SALARY,0.8184525079074488,3
CatBoost,all,MUL_TEXT_PROFESSIONAL_DATA_SCIENTIST_SALARY,0.8274907536021926,4
CatBoost,ft,MUL_TEXT_PROFESSIONAL_DATA_SCIENTIST_SALARY,0.8243097408435257,0
CatBoost,ft,MUL_TEXT_PROFESSIONAL_DATA_SCIENTIST_SALARY,0.8226317702036193,1
CatBoost,ft,MUL_TEXT_PROFESSIONAL_DATA_SCIENTIST_SALARY,0.8334917817023101,2
CatBoost,ft,MUL_TEXT_PROFESSIONAL_DATA_SCIENTIST_SALARY,0.8307531441276392,3
CatBoost,ft,MUL_TEXT_PROFESSIONAL_DATA_SCIENTIST_SALARY,0.831162652253604,4
CatBoost,no_text,MUL_TEXT_PROFESSIONAL_DATA_SCIENTIST_SALARY,0.5457368789588789,0
CatBoost,no_text,MUL_TEXT_PROFESSIONAL_DATA_SCIENTIST_SALARY,0.55590252769181,1
CatBoost,no_text,MUL_TEXT_PROFESSIONAL_DATA_SCIENTIST_SALARY,0.5484346303957249,2
CatBoost,no_text,MUL_TEXT_PROFESSIONAL_DATA_SCIENTIST_SALARY,0.5653230118830296,3
CatBoost,no_text,MUL_TEXT_PROFESSIONAL_DATA_SCIENTIST_SALARY,0.5536168943363838,4
CatBoost,text_only,MUL_TEXT_PROFESSIONAL_DATA_SCIENTIST_SALARY,0.8167889453526515,0
CatBoost,text_only,MUL_TEXT_PROFESSIONAL_DATA_SCIENTIST_SALARY,0.8171614187114399,1
CatBoost,text_only,MUL_TEXT_PROFESSIONAL_DATA_SCIENTIST_SALARY,0.8182592315158302,2
CatBoost,text_only,MUL_TEXT_PROFESSIONAL_DATA_SCIENTIST_SALARY,0.8182056725934924,3
CatBoost,text_only,MUL_TEXT_PROFESSIONAL_DATA_SCIENTIST_SALARY,0.8253345702878803,4
LightGBM,all,MUL_TEXT_PROFESSIONAL_DATA_SCIENTIST_SALARY,0.7960723846405071,0
LightGBM,all,MUL_TEXT_PROFESSIONAL_DATA_SCIENTIST_SALARY,0.8005063760047197,1
LightGBM,all,MUL_TEXT_PROFESSIONAL_DATA_SCIENTIST_SALARY,0.7979549480646769,2
LightGBM,all,MUL_TEXT_PROFESSIONAL_DATA_SCIENTIST_SALARY,0.7996421645128381,3
LightGBM,all,MUL_TEXT_PROFESSIONAL_DATA_SCIENTIST_SALARY,0.8033200272638082,4
LightGBM,ft,MUL_TEXT_PROFESSIONAL_DATA_SCIENTIST_SALARY,0.801244642204585,0
LightGBM,ft,MUL_TEXT_PROFESSIONAL_DATA_SCIENTIST_SALARY,0.809575279684715,1
LightGBM,ft,MUL_TEXT_PROFESSIONAL_DATA_SCIENTIST_SALARY,0.8126376624515858,2
LightGBM,ft,MUL_TEXT_PROFESSIONAL_DATA_SCIENTIST_SALARY,0.8072559985227153,3
LightGBM,ft,MUL_TEXT_PROFESSIONAL_DATA_SCIENTIST_SALARY,0.8068822737664111,4
LightGBM,no_text,MUL_TEXT_PROFESSIONAL_DATA_SCIENTIST_SALARY,0.5491360022352857,0
LightGBM,no_text,MUL_TEXT_PROFESSIONAL_DATA_SCIENTIST_SALARY,0.5583209583610755,1
LightGBM,no_text,MUL_TEXT_PROFESSIONAL_DATA_SCIENTIST_SALARY,0.5491689947001573,2
LightGBM,no_text,MUL_TEXT_PROFESSIONAL_DATA_SCIENTIST_SALARY,0.5621804725580867,3
LightGBM,no_text,MUL_TEXT_PROFESSIONAL_DATA_SCIENTIST_SALARY,0.553402404710511,4
LightGBM,text_only,MUL_TEXT_PROFESSIONAL_DATA_SCIENTIST_SALARY,0.7952965162235319,0
LightGBM,text_only,MUL_TEXT_PROFESSIONAL_DATA_SCIENTIST_SALARY,0.797564488649912,1
LightGBM,text_only,MUL_TEXT_PROFESSIONAL_DATA_SCIENTIST_SALARY,0.8009086207251723,2
LightGBM,text_only,MUL_TEXT_PROFESSIONAL_DATA_SCIENTIST_SALARY,0.7977425464076499,3
LightGBM,text_only,MUL_TEXT_PROFESSIONAL_DATA_SCIENTIST_SALARY,0.8039843606832685,4
RandomForest,all,MUL_TEXT_PROFESSIONAL_DATA_SCIENTIST_SALARY,0.7710743438231287,0
RandomForest,all,MUL_TEXT_PROFESSIONAL_DATA_SCIENTIST_SALARY,0.7757741022285369,1
RandomForest,all,MUL_TEXT_PROFESSIONAL_DATA_SCIENTIST_SALARY,0.7731029110088182,2
RandomForest,all,MUL_TEXT_PROFESSIONAL_DATA_SCIENTIST_SALARY,0.7720842180521365,3
RandomForest,all,MUL_TEXT_PROFESSIONAL_DATA_SCIENTIST_SALARY,0.7806553528796801,4
RandomForest,ft,MUL_TEXT_PROFESSIONAL_DATA_SCIENTIST_SALARY,0.776972788085574,0
RandomForest,ft,MUL_TEXT_PROFESSIONAL_DATA_SCIENTIST_SALARY,0.7859279282757581,1
RandomForest,ft,MUL_TEXT_PROFESSIONAL_DATA_SCIENTIST_SALARY,0.7877595766330372,2
RandomForest,ft,MUL_TEXT_PROFESSIONAL_DATA_SCIENTIST_SALARY,0.7870682762482512,3
RandomForest,ft,MUL_TEXT_PROFESSIONAL_DATA_SCIENTIST_SALARY,0.7891495842012154,4
RandomForest,no_text,MUL_TEXT_PROFESSIONAL_DATA_SCIENTIST_SALARY,0.549245726931216,0
RandomForest,no_text,MUL_TEXT_PROFESSIONAL_DATA_SCIENTIST_SALARY,0.5583693934883106,1
RandomForest,no_text,MUL_TEXT_PROFESSIONAL_DATA_SCIENTIST_SALARY,0.5467230334837063,2
RandomForest,no_text,MUL_TEXT_PROFESSIONAL_DATA_SCIENTIST_SALARY,0.562300431393994,3
RandomForest,no_text,MUL_TEXT_PROFESSIONAL_DATA_SCIENTIST_SALARY,0.5543610158186754,4
RandomForest,text_only,MUL_TEXT_PROFESSIONAL_DATA_SCIENTIST_SALARY,0.7695765852108978,0
RandomForest,text_only,MUL_TEXT_PROFESSIONAL_DATA_SCIENTIST_SALARY,0.7730887941372583,1
RandomForest,text_only,MUL_TEXT_PROFESSIONAL_DATA_SCIENTIST_SALARY,0.7741193816273082,2
RandomForest,text_only,MUL_TEXT_PROFESSIONAL_DATA_SCIENTIST_SALARY,0.7724377697690676,3
RandomForest,text_only,MUL_TEXT_PROFESSIONAL_DATA_SCIENTIST_SALARY,0.783131869976302,4
RealMLP,all,MUL_TEXT_PROFESSIONAL_DATA_SCIENTIST_SALARY,0.822992081552495,0
RealMLP,all,MUL_TEXT_PROFESSIONAL_DATA_SCIENTIST_SALARY,0.8252870474014325,1
RealMLP,all,MUL_TEXT_PROFESSIONAL_DATA_SCIENTIST_SALARY,0.8296659465395139,2
RealMLP,all,MUL_TEXT_PROFESSIONAL_DATA_SCIENTIST_SALARY,0.8285781680913166,3
RealMLP,all,MUL_TEXT_PROFESSIONAL_DATA_SCIENTIST_SALARY,0.8285153811583864,4
RealMLP,ft,MUL_TEXT_PROFESSIONAL_DATA_SCIENTIST_SALARY,0.8264866977767978,0
RealMLP,ft,MUL_TEXT_PROFESSIONAL_DATA_SCIENTIST_SALARY,0.8308272649760032,1
RealMLP,ft,MUL_TEXT_PROFESSIONAL_DATA_SCIENTIST_SALARY,0.8335720883958473,2
RealMLP,ft,MUL_TEXT_PROFESSIONAL_DATA_SCIENTIST_SALARY,0.8275352768453016,3
RealMLP,ft,MUL_TEXT_PROFESSIONAL_DATA_SCIENTIST_SALARY,0.8329711927262412,4
RealMLP,no_text,MUL_TEXT_PROFESSIONAL_DATA_SCIENTIST_SALARY,0.5480916401798618,0
RealMLP,no_text,MUL_TEXT_PROFESSIONAL_DATA_SCIENTIST_SALARY,0.5573543950847822,1
RealMLP,no_text,MUL_TEXT_PROFESSIONAL_DATA_SCIENTIST_SALARY,0.5438910134708291,2
RealMLP,no_text,MUL_TEXT_PROFESSIONAL_DATA_SCIENTIST_SALARY,0.5657279610683134,3
RealMLP,no_text,MUL_TEXT_PROFESSIONAL_DATA_SCIENTIST_SALARY,0.5533352839795806,4
RealMLP,text_only,MUL_TEXT_PROFESSIONAL_DATA_SCIENTIST_SALARY,0.8221734706065309,0
RealMLP,text_only,MUL_TEXT_PROFESSIONAL_DATA_SCIENTIST_SALARY,0.8230415905271798,1
RealMLP,text_only,MUL_TEXT_PROFESSIONAL_DATA_SCIENTIST_SALARY,0.8247020586693822,2
RealMLP,text_only,MUL_TEXT_PROFESSIONAL_DATA_SCIENTIST_SALARY,0.8256455452354574,3
RealMLP,text_only,MUL_TEXT_PROFESSIONAL_DATA_SCIENTIST_SALARY,0.8258257966013058,4
TabDPT,all,MUL_TEXT_PROFESSIONAL_DATA_SCIENTIST_SALARY,0.8462260793218839,0
TabDPT,all,MUL_TEXT_PROFESSIONAL_DATA_SCIENTIST_SALARY,0.8503514084931032,1
TabDPT,all,MUL_TEXT_PROFESSIONAL_DATA_SCIENTIST_SALARY,0.8543532161790844,2
TabDPT,all,MUL_TEXT_PROFESSIONAL_DATA_SCIENTIST_SALARY,0.8518458917118036,3
TabDPT,all,MUL_TEXT_PROFESSIONAL_DATA_SCIENTIST_SALARY,0.8593890949491133,4
TabDPT,ft,MUL_TEXT_PROFESSIONAL_DATA_SCIENTIST_SALARY,0.8489365671713359,0
TabDPT,ft,MUL_TEXT_PROFESSIONAL_DATA_SCIENTIST_SALARY,0.8524914466734104,1
TabDPT,ft,MUL_TEXT_PROFESSIONAL_DATA_SCIENTIST_SALARY,0.8590077277031348,2
TabDPT,ft,MUL_TEXT_PROFESSIONAL_DATA_SCIENTIST_SALARY,0.8563667135635727,3
TabDPT,ft,MUL_TEXT_PROFESSIONAL_DATA_SCIENTIST_SALARY,0.860048974539485,4
TabDPT,no_text,MUL_TEXT_PROFESSIONAL_DATA_SCIENTIST_SALARY,0.5440707754793049,0
TabDPT,no_text,MUL_TEXT_PROFESSIONAL_DATA_SCIENTIST_SALARY,0.5537526315311866,1
TabDPT,no_text,MUL_TEXT_PROFESSIONAL_DATA_SCIENTIST_SALARY,0.5517621572217054,2
TabDPT,no_text,MUL_TEXT_PROFESSIONAL_DATA_SCIENTIST_SALARY,0.5619332906465792,3
TabDPT,no_text,MUL_TEXT_PROFESSIONAL_DATA_SCIENTIST_SALARY,0.5529857489623121,4
TabDPT,text_only,MUL_TEXT_PROFESSIONAL_DATA_SCIENTIST_SALARY,0.8454734563889962,0
TabDPT,text_only,MUL_TEXT_PROFESSIONAL_DATA_SCIENTIST_SALARY,0.8469148124494893,1
TabDPT,text_only,MUL_TEXT_PROFESSIONAL_DATA_SCIENTIST_SALARY,0.856855962459032,2
TabDPT,text_only,MUL_TEXT_PROFESSIONAL_DATA_SCIENTIST_SALARY,0.8522903914309125,3
TabDPT,text_only,MUL_TEXT_PROFESSIONAL_DATA_SCIENTIST_SALARY,0.855022808836826,4
TabICLv2,all,MUL_TEXT_PROFESSIONAL_DATA_SCIENTIST_SALARY,0.8354274038954933,0
TabICLv2,all,MUL_TEXT_PROFESSIONAL_DATA_SCIENTIST_SALARY,0.8406816153575251,1
TabICLv2,all,MUL_TEXT_PROFESSIONAL_DATA_SCIENTIST_SALARY,0.8416500635587312,2
TabICLv2,all,MUL_TEXT_PROFESSIONAL_DATA_SCIENTIST_SALARY,0.8413948503510102,3
TabICLv2,all,MUL_TEXT_PROFESSIONAL_DATA_SCIENTIST_SALARY,0.8482882251830861,4
TabICLv2,ft,MUL_TEXT_PROFESSIONAL_DATA_SCIENTIST_SALARY,0.8389405034615921,0
TabICLv2,ft,MUL_TEXT_PROFESSIONAL_DATA_SCIENTIST_SALARY,0.8386769031240223,1
TabICLv2,ft,MUL_TEXT_PROFESSIONAL_DATA_SCIENTIST_SALARY,0.8438067502762306,2
TabICLv2,ft,MUL_TEXT_PROFESSIONAL_DATA_SCIENTIST_SALARY,0.8475998110019697,3
TabICLv2,ft,MUL_TEXT_PROFESSIONAL_DATA_SCIENTIST_SALARY,0.8507359913784347,4
TabICLv2,no_text,MUL_TEXT_PROFESSIONAL_DATA_SCIENTIST_SALARY,0.5468432836021321,0
TabICLv2,no_text,MUL_TEXT_PROFESSIONAL_DATA_SCIENTIST_SALARY,0.558407561665668,1
TabICLv2,no_text,MUL_TEXT_PROFESSIONAL_DATA_SCIENTIST_SALARY,0.5482191579909745,2
TabICLv2,no_text,MUL_TEXT_PROFESSIONAL_DATA_SCIENTIST_SALARY,0.5652777454228642,3
TabICLv2,no_text,MUL_TEXT_PROFESSIONAL_DATA_SCIENTIST_SALARY,0.5524008722466708,4
TabICLv2,text_only,MUL_TEXT_PROFESSIONAL_DATA_SCIENTIST_SALARY,0.8346595089038228,0
TabICLv2,text_only,MUL_TEXT_PROFESSIONAL_DATA_SCIENTIST_SALARY,0.8386211599118566,1
TabICLv2,text_only,MUL_TEXT_PROFESSIONAL_DATA_SCIENTIST_SALARY,0.8414085842759279,2
TabICLv2,text_only,MUL_TEXT_PROFESSIONAL_DATA_SCIENTIST_SALARY,0.8397778384902198,3
TabICLv2,text_only,MUL_TEXT_PROFESSIONAL_DATA_SCIENTIST_SALARY,0.847103872544401,4
TabM,all,MUL_TEXT_PROFESSIONAL_DATA_SCIENTIST_SALARY,0.8326852056851811,0
TabM,all,MUL_TEXT_PROFESSIONAL_DATA_SCIENTIST_SALARY,0.8317066942137724,1
TabM,all,MUL_TEXT_PROFESSIONAL_DATA_SCIENTIST_SALARY,0.8383923648241111,2
TabM,all,MUL_TEXT_PROFESSIONAL_DATA_SCIENTIST_SALARY,0.8358325182917402,3
TabM,all,MUL_TEXT_PROFESSIONAL_DATA_SCIENTIST_SALARY,0.8415018458292077,4
TabM,ft,MUL_TEXT_PROFESSIONAL_DATA_SCIENTIST_SALARY,0.8320356434284198,0
TabM,ft,MUL_TEXT_PROFESSIONAL_DATA_SCIENTIST_SALARY,0.8325162930021214,1
TabM,ft,MUL_TEXT_PROFESSIONAL_DATA_SCIENTIST_SALARY,0.8423657084485551,2
TabM,ft,MUL_TEXT_PROFESSIONAL_DATA_SCIENTIST_SALARY,0.8380914154134791,3
TabM,ft,MUL_TEXT_PROFESSIONAL_DATA_SCIENTIST_SALARY,0.8366459567737237,4
TabM,no_text,MUL_TEXT_PROFESSIONAL_DATA_SCIENTIST_SALARY,0.5488322919141256,0
TabM,no_text,MUL_TEXT_PROFESSIONAL_DATA_SCIENTIST_SALARY,0.5578410917626438,1
TabM,no_text,MUL_TEXT_PROFESSIONAL_DATA_SCIENTIST_SALARY,0.548771811199633,2
TabM,no_text,MUL_TEXT_PROFESSIONAL_DATA_SCIENTIST_SALARY,0.562600405161611,3
TabM,no_text,MUL_TEXT_PROFESSIONAL_DATA_SCIENTIST_SALARY,0.5530081316555503,4
TabM,text_only,MUL_TEXT_PROFESSIONAL_DATA_SCIENTIST_SALARY,0.8298591090598532,0
TabM,text_only,MUL_TEXT_PROFESSIONAL_DATA_SCIENTIST_SALARY,0.8301223960088944,1
TabM,text_only,MUL_TEXT_PROFESSIONAL_DATA_SCIENTIST_SALARY,0.8357801805602061,2
TabM,text_only,MUL_TEXT_PROFESSIONAL_DATA_SCIENTIST_SALARY,0.8327281833058179,3
TabM,text_only,MUL_TEXT_PROFESSIONAL_DATA_SCIENTIST_SALARY,0.8357226699242042,4
TabPFN-2.5,all,MUL_TEXT_PROFESSIONAL_DATA_SCIENTIST_SALARY,0.8331592072106865,0
TabPFN-2.5,all,MUL_TEXT_PROFESSIONAL_DATA_SCIENTIST_SALARY,0.8342027088034166,1
TabPFN-2.5,all,MUL_TEXT_PROFESSIONAL_DATA_SCIENTIST_SALARY,0.840503376203987,2
TabPFN-2.5,all,MUL_TEXT_PROFESSIONAL_DATA_SCIENTIST_SALARY,0.8338472833963024,3
TabPFN-2.5,all,MUL_TEXT_PROFESSIONAL_DATA_SCIENTIST_SALARY,0.8429840842197778,4
TabPFN-2.5,ft,MUL_TEXT_PROFESSIONAL_DATA_SCIENTIST_SALARY,0.8341165792845461,0
TabPFN-2.5,ft,MUL_TEXT_PROFESSIONAL_DATA_SCIENTIST_SALARY,0.8361152212635005,1
TabPFN-2.5,ft,MUL_TEXT_PROFESSIONAL_DATA_SCIENTIST_SALARY,0.8424210827240194,2
TabPFN-2.5,ft,MUL_TEXT_PROFESSIONAL_DATA_SCIENTIST_SALARY,0.8394180866157406,3
TabPFN-2.5,ft,MUL_TEXT_PROFESSIONAL_DATA_SCIENTIST_SALARY,0.8416724188559352,4
TabPFN-2.5,no_text,MUL_TEXT_PROFESSIONAL_DATA_SCIENTIST_SALARY,0.5465629757904752,0
TabPFN-2.5,no_text,MUL_TEXT_PROFESSIONAL_DATA_SCIENTIST_SALARY,0.5582628628611562,1
TabPFN-2.5,no_text,MUL_TEXT_PROFESSIONAL_DATA_SCIENTIST_SALARY,0.5491831160520647,2
TabPFN-2.5,no_text,MUL_TEXT_PROFESSIONAL_DATA_SCIENTIST_SALARY,0.5652930791837087,3
TabPFN-2.5,no_text,MUL_TEXT_PROFESSIONAL_DATA_SCIENTIST_SALARY,0.5523311741637933,4
TabPFN-2.5,text_only,MUL_TEXT_PROFESSIONAL_DATA_SCIENTIST_SALARY,0.8304416387061303,0
TabPFN-2.5,text_only,MUL_TEXT_PROFESSIONAL_DATA_SCIENTIST_SALARY,0.8316264470350516,1
TabPFN-2.5,text_only,MUL_TEXT_PROFESSIONAL_DATA_SCIENTIST_SALARY,0.837574164018161,2
TabPFN-2.5,text_only,MUL_TEXT_PROFESSIONAL_DATA_SCIENTIST_SALARY,0.8310276408921439,3
TabPFN-2.5,text_only,MUL_TEXT_PROFESSIONAL_DATA_SCIENTIST_SALARY,0.8405028879873354,4
TabPFNv2,all,MUL_TEXT_PROFESSIONAL_DATA_SCIENTIST_SALARY,0.8274412980517893,0
TabPFNv2,all,MUL_TEXT_PROFESSIONAL_DATA_SCIENTIST_SALARY,0.8249426127385154,1
TabPFNv2,all,MUL_TEXT_PROFESSIONAL_DATA_SCIENTIST_SALARY,0.8333489798735072,2
TabPFNv2,all,MUL_TEXT_PROFESSIONAL_DATA_SCIENTIST_SALARY,0.8271525134933904,3
TabPFNv2,all,MUL_TEXT_PROFESSIONAL_DATA_SCIENTIST_SALARY,0.8367228038060603,4
TabPFNv2,ft,MUL_TEXT_PROFESSIONAL_DATA_SCIENTIST_SALARY,0.8254446501895712,0
TabPFNv2,ft,MUL_TEXT_PROFESSIONAL_DATA_SCIENTIST_SALARY,0.8283820930904753,1
TabPFNv2,ft,MUL_TEXT_PROFESSIONAL_DATA_SCIENTIST_SALARY,0.8309327120160989,2
TabPFNv2,ft,MUL_TEXT_PROFESSIONAL_DATA_SCIENTIST_SALARY,0.8337849293045528,3
TabPFNv2,ft,MUL_TEXT_PROFESSIONAL_DATA_SCIENTIST_SALARY,0.8353410124249908,4
TabPFNv2,no_text,MUL_TEXT_PROFESSIONAL_DATA_SCIENTIST_SALARY,0.5466060100217497,0
TabPFNv2,no_text,MUL_TEXT_PROFESSIONAL_DATA_SCIENTIST_SALARY,0.5582862015026612,1
TabPFNv2,no_text,MUL_TEXT_PROFESSIONAL_DATA_SCIENTIST_SALARY,0.548849033220488,2
TabPFNv2,no_text,MUL_TEXT_PROFESSIONAL_DATA_SCIENTIST_SALARY,0.5652596307326713,3
TabPFNv2,no_text,MUL_TEXT_PROFESSIONAL_DATA_SCIENTIST_SALARY,0.5531022992580725,4
TabPFNv2,text_only,MUL_TEXT_PROFESSIONAL_DATA_SCIENTIST_SALARY,0.8250514918164248,0
TabPFNv2,text_only,MUL_TEXT_PROFESSIONAL_DATA_SCIENTIST_SALARY,0.8218091776705027,1
TabPFNv2,text_only,MUL_TEXT_PROFESSIONAL_DATA_SCIENTIST_SALARY,0.830659127079879,2
TabPFNv2,text_only,MUL_TEXT_PROFESSIONAL_DATA_SCIENTIST_SALARY,0.8211977337484518,3
TabPFNv2,text_only,MUL_TEXT_PROFESSIONAL_DATA_SCIENTIST_SALARY,0.8326755191434079,4
XGBoost,all,MUL_TEXT_PROFESSIONAL_DATA_SCIENTIST_SALARY,0.8001678688465642,0
XGBoost,all,MUL_TEXT_PROFESSIONAL_DATA_SCIENTIST_SALARY,0.8043228678357747,1
XGBoost,all,MUL_TEXT_PROFESSIONAL_DATA_SCIENTIST_SALARY,0.8056346262071375,2
XGBoost,all,MUL_TEXT_PROFESSIONAL_DATA_SCIENTIST_SALARY,0.8033598849425645,3
XGBoost,all,MUL_TEXT_PROFESSIONAL_DATA_SCIENTIST_SALARY,0.8161775543298958,4
XGBoost,ft,MUL_TEXT_PROFESSIONAL_DATA_SCIENTIST_SALARY,0.8079173945505843,0
XGBoost,ft,MUL_TEXT_PROFESSIONAL_DATA_SCIENTIST_SALARY,0.8171529712453113,1
XGBoost,ft,MUL_TEXT_PROFESSIONAL_DATA_SCIENTIST_SALARY,0.8230608018113341,2
XGBoost,ft,MUL_TEXT_PROFESSIONAL_DATA_SCIENTIST_SALARY,0.8153858474209396,3
XGBoost,ft,MUL_TEXT_PROFESSIONAL_DATA_SCIENTIST_SALARY,0.818532086979124,4
XGBoost,no_text,MUL_TEXT_PROFESSIONAL_DATA_SCIENTIST_SALARY,0.5493384337115744,0
XGBoost,no_text,MUL_TEXT_PROFESSIONAL_DATA_SCIENTIST_SALARY,0.5581136455920251,1
XGBoost,no_text,MUL_TEXT_PROFESSIONAL_DATA_SCIENTIST_SALARY,0.5485904924449201,2
XGBoost,no_text,MUL_TEXT_PROFESSIONAL_DATA_SCIENTIST_SALARY,0.562333257024246,3
XGBoost,no_text,MUL_TEXT_PROFESSIONAL_DATA_SCIENTIST_SALARY,0.554420117632295,4
XGBoost,text_only,MUL_TEXT_PROFESSIONAL_DATA_SCIENTIST_SALARY,0.7975351927867022,0
XGBoost,text_only,MUL_TEXT_PROFESSIONAL_DATA_SCIENTIST_SALARY,0.799549731216738,1
XGBoost,text_only,MUL_TEXT_PROFESSIONAL_DATA_SCIENTIST_SALARY,0.8058369757627668,2
XGBoost,text_only,MUL_TEXT_PROFESSIONAL_DATA_SCIENTIST_SALARY,0.801840535297933,3
XGBoost,text_only,MUL_TEXT_PROFESSIONAL_DATA_SCIENTIST_SALARY,0.8106511371294406,4
CatBoost,all,MUL_TEXT_SOCIAL_GOOGLE_QA_TYPE_REASON,0.8325375531675043,0
CatBoost,all,MUL_TEXT_SOCIAL_GOOGLE_QA_TYPE_REASON,0.810324946695399,1
CatBoost,all,MUL_TEXT_SOCIAL_GOOGLE_QA_TYPE_REASON,0.8102257728805797,2
CatBoost,all,MUL_TEXT_SOCIAL_GOOGLE_QA_TYPE_REASON,0.8390932986035977,3
CatBoost,all,MUL_TEXT_SOCIAL_GOOGLE_QA_TYPE_REASON,0.8248387280199678,4
CatBoost,ft,MUL_TEXT_SOCIAL_GOOGLE_QA_TYPE_REASON,0.8510080475449282,0
CatBoost,ft,MUL_TEXT_SOCIAL_GOOGLE_QA_TYPE_REASON,0.8312379567887316,1
CatBoost,ft,MUL_TEXT_SOCIAL_GOOGLE_QA_TYPE_REASON,0.815862520672429,2
CatBoost,ft,MUL_TEXT_SOCIAL_GOOGLE_QA_TYPE_REASON,0.8326122529947202,3
CatBoost,ft,MUL_TEXT_SOCIAL_GOOGLE_QA_TYPE_REASON,0.8564885700856276,4
CatBoost,no_text,MUL_TEXT_SOCIAL_GOOGLE_QA_TYPE_REASON,0.8554801386062845,0
CatBoost,no_text,MUL_TEXT_SOCIAL_GOOGLE_QA_TYPE_REASON,0.8628308501472015,1
CatBoost,no_text,MUL_TEXT_SOCIAL_GOOGLE_QA_TYPE_REASON,0.8451283468824842,2
CatBoost,no_text,MUL_TEXT_SOCIAL_GOOGLE_QA_TYPE_REASON,0.8672586364931618,3
CatBoost,no_text,MUL_TEXT_SOCIAL_GOOGLE_QA_TYPE_REASON,0.8551983713376646,4
CatBoost,text_only,MUL_TEXT_SOCIAL_GOOGLE_QA_TYPE_REASON,0.6812641096432044,0
CatBoost,text_only,MUL_TEXT_SOCIAL_GOOGLE_QA_TYPE_REASON,0.6827054951367868,1
CatBoost,text_only,MUL_TEXT_SOCIAL_GOOGLE_QA_TYPE_REASON,0.6732100133292697,2
CatBoost,text_only,MUL_TEXT_SOCIAL_GOOGLE_QA_TYPE_REASON,0.7015303230544389,3
CatBoost,text_only,MUL_TEXT_SOCIAL_GOOGLE_QA_TYPE_REASON,0.7090109023849455,4
LightGBM,all,MUL_TEXT_SOCIAL_GOOGLE_QA_TYPE_REASON,0.8332516707183485,0
LightGBM,all,MUL_TEXT_SOCIAL_GOOGLE_QA_TYPE_REASON,0.8113633210086795,1
LightGBM,all,MUL_TEXT_SOCIAL_GOOGLE_QA_TYPE_REASON,0.8038052997271363,2
LightGBM,all,MUL_TEXT_SOCIAL_GOOGLE_QA_TYPE_REASON,0.8647369375522599,3
LightGBM,all,MUL_TEXT_SOCIAL_GOOGLE_QA_TYPE_REASON,0.8177275517833266,4
LightGBM,ft,MUL_TEXT_SOCIAL_GOOGLE_QA_TYPE_REASON,0.8506038722465897,0
LightGBM,ft,MUL_TEXT_SOCIAL_GOOGLE_QA_TYPE_REASON,0.8388073595326648,1
LightGBM,ft,MUL_TEXT_SOCIAL_GOOGLE_QA_TYPE_REASON,0.8117852316378048,2
LightGBM,ft,MUL_TEXT_SOCIAL_GOOGLE_QA_TYPE_REASON,0.8521356490581005,3
LightGBM,ft,MUL_TEXT_SOCIAL_GOOGLE_QA_TYPE_REASON,0.8354598544421851,4
LightGBM,no_text,MUL_TEXT_SOCIAL_GOOGLE_QA_TYPE_REASON,0.8472570041995449,0
LightGBM,no_text,MUL_TEXT_SOCIAL_GOOGLE_QA_TYPE_REASON,0.8643945338909813,1
LightGBM,no_text,MUL_TEXT_SOCIAL_GOOGLE_QA_TYPE_REASON,0.8246737055700513,2
LightGBM,no_text,MUL_TEXT_SOCIAL_GOOGLE_QA_TYPE_REASON,0.8612786410843828,3
LightGBM,no_text,MUL_TEXT_SOCIAL_GOOGLE_QA_TYPE_REASON,0.8500936129419218,4
LightGBM,text_only,MUL_TEXT_SOCIAL_GOOGLE_QA_TYPE_REASON,0.6834374762652823,0
LightGBM,text_only,MUL_TEXT_SOCIAL_GOOGLE_QA_TYPE_REASON,0.662430272904643,1
LightGBM,text_only,MUL_TEXT_SOCIAL_GOOGLE_QA_TYPE_REASON,0.6933419156527776,2
LightGBM,text_only,MUL_TEXT_SOCIAL_GOOGLE_QA_TYPE_REASON,0.6625050823790539,3
LightGBM,text_only,MUL_TEXT_SOCIAL_GOOGLE_QA_TYPE_REASON,0.6925918182333601,4
RandomForest,all,MUL_TEXT_SOCIAL_GOOGLE_QA_TYPE_REASON,0.7695643466540982,0
RandomForest,all,MUL_TEXT_SOCIAL_GOOGLE_QA_TYPE_REASON,0.729220869309211,1
RandomForest,all,MUL_TEXT_SOCIAL_GOOGLE_QA_TYPE_REASON,0.7459574662482156,2
RandomForest,all,MUL_TEXT_SOCIAL_GOOGLE_QA_TYPE_REASON,0.7689736721494134,3
RandomForest,all,MUL_TEXT_SOCIAL_GOOGLE_QA_TYPE_REASON,0.7479991144861773,4
RandomForest,ft,MUL_TEXT_SOCIAL_GOOGLE_QA_TYPE_REASON,0.7892106403162384,0
RandomForest,ft,MUL_TEXT_SOCIAL_GOOGLE_QA_TYPE_REASON,0.7853594737710722,1
RandomForest,ft,MUL_TEXT_SOCIAL_GOOGLE_QA_TYPE_REASON,0.7614390280786791,2
RandomForest,ft,MUL_TEXT_SOCIAL_GOOGLE_QA_TYPE_REASON,0.7613659374996038,3
RandomForest,ft,MUL_TEXT_SOCIAL_GOOGLE_QA_TYPE_REASON,0.7625808788451488,4
RandomForest,no_text,MUL_TEXT_SOCIAL_GOOGLE_QA_TYPE_REASON,0.83187566715417,0
RandomForest,no_text,MUL_TEXT_SOCIAL_GOOGLE_QA_TYPE_REASON,0.8371519369882645,1
RandomForest,no_text,MUL_TEXT_SOCIAL_GOOGLE_QA_TYPE_REASON,0.8249299673386055,2
RandomForest,no_text,MUL_TEXT_SOCIAL_GOOGLE_QA_TYPE_REASON,0.8374008291016871,3
RandomForest,no_text,MUL_TEXT_SOCIAL_GOOGLE_QA_TYPE_REASON,0.836845236523571,4
RandomForest,text_only,MUL_TEXT_SOCIAL_GOOGLE_QA_TYPE_REASON,0.649783754470615,0
RandomForest,text_only,MUL_TEXT_SOCIAL_GOOGLE_QA_TYPE_REASON,0.6866959810693797,1
RandomForest,text_only,MUL_TEXT_SOCIAL_GOOGLE_QA_TYPE_REASON,0.646292883040303,2
RandomForest,text_only,MUL_TEXT_SOCIAL_GOOGLE_QA_TYPE_REASON,0.657576692642432,3
RandomForest,text_only,MUL_TEXT_SOCIAL_GOOGLE_QA_TYPE_REASON,0.6896250597883321,4
RealMLP,all,MUL_TEXT_SOCIAL_GOOGLE_QA_TYPE_REASON,0.7814073427184962,0
RealMLP,all,MUL_TEXT_SOCIAL_GOOGLE_QA_TYPE_REASON,0.7435669744602509,1
RealMLP,all,MUL_TEXT_SOCIAL_GOOGLE_QA_TYPE_REASON,0.7538653587913491,2
RealMLP,all,MUL_TEXT_SOCIAL_GOOGLE_QA_TYPE_REASON,0.7700376333630702,3
RealMLP,all,MUL_TEXT_SOCIAL_GOOGLE_QA_TYPE_REASON,0.7532168270538794,4
RealMLP,ft,MUL_TEXT_SOCIAL_GOOGLE_QA_TYPE_REASON,0.7585253020077137,0
RealMLP,ft,MUL_TEXT_SOCIAL_GOOGLE_QA_TYPE_REASON,0.7764615953872458,1
RealMLP,ft,MUL_TEXT_SOCIAL_GOOGLE_QA_TYPE_REASON,0.758031006070157,2
RealMLP,ft,MUL_TEXT_SOCIAL_GOOGLE_QA_TYPE_REASON,0.7626255026143425,3
RealMLP,ft,MUL_TEXT_SOCIAL_GOOGLE_QA_TYPE_REASON,0.8048024705560938,4
RealMLP,no_text,MUL_TEXT_SOCIAL_GOOGLE_QA_TYPE_REASON,0.7887715394551092,0
RealMLP,no_text,MUL_TEXT_SOCIAL_GOOGLE_QA_TYPE_REASON,0.8011557392383507,1
RealMLP,no_text,MUL_TEXT_SOCIAL_GOOGLE_QA_TYPE_REASON,0.7648209969858637,2
RealMLP,no_text,MUL_TEXT_SOCIAL_GOOGLE_QA_TYPE_REASON,0.7774860356796942,3
RealMLP,no_text,MUL_TEXT_SOCIAL_GOOGLE_QA_TYPE_REASON,0.8207174377651949,4
RealMLP,text_only,MUL_TEXT_SOCIAL_GOOGLE_QA_TYPE_REASON,0.6823411086954303,0
RealMLP,text_only,MUL_TEXT_SOCIAL_GOOGLE_QA_TYPE_REASON,0.6598562734749102,1
RealMLP,text_only,MUL_TEXT_SOCIAL_GOOGLE_QA_TYPE_REASON,0.663259316003001,2
RealMLP,text_only,MUL_TEXT_SOCIAL_GOOGLE_QA_TYPE_REASON,0.720154792188907,3
RealMLP,text_only,MUL_TEXT_SOCIAL_GOOGLE_QA_TYPE_REASON,0.630210047126676,4
TabDPT,all,MUL_TEXT_SOCIAL_GOOGLE_QA_TYPE_REASON,0.7577598496369564,0
TabDPT,all,MUL_TEXT_SOCIAL_GOOGLE_QA_TYPE_REASON,0.7148425670714755,1
TabDPT,all,MUL_TEXT_SOCIAL_GOOGLE_QA_TYPE_REASON,0.7372608432820715,2
TabDPT,all,MUL_TEXT_SOCIAL_GOOGLE_QA_TYPE_REASON,0.753658496996304,3
TabDPT,all,MUL_TEXT_SOCIAL_GOOGLE_QA_TYPE_REASON,0.7403768162943238,4
TabDPT,ft,MUL_TEXT_SOCIAL_GOOGLE_QA_TYPE_REASON,0.7584081759180376,0
TabDPT,ft,MUL_TEXT_SOCIAL_GOOGLE_QA_TYPE_REASON,0.7396725981707286,1
TabDPT,ft,MUL_TEXT_SOCIAL_GOOGLE_QA_TYPE_REASON,0.7364928150945605,2
TabDPT,ft,MUL_TEXT_SOCIAL_GOOGLE_QA_TYPE_REASON,0.748871105200477,3
TabDPT,ft,MUL_TEXT_SOCIAL_GOOGLE_QA_TYPE_REASON,0.7921506140476298,4
TabDPT,no_text,MUL_TEXT_SOCIAL_GOOGLE_QA_TYPE_REASON,0.8219467868168963,0
TabDPT,no_text,MUL_TEXT_SOCIAL_GOOGLE_QA_TYPE_REASON,0.8331922020858092,1
TabDPT,no_text,MUL_TEXT_SOCIAL_GOOGLE_QA_TYPE_REASON,0.809232293587001,2
TabDPT,no_text,MUL_TEXT_SOCIAL_GOOGLE_QA_TYPE_REASON,0.8152830080143774,3
TabDPT,no_text,MUL_TEXT_SOCIAL_GOOGLE_QA_TYPE_REASON,0.844666906505873,4
TabDPT,text_only,MUL_TEXT_SOCIAL_GOOGLE_QA_TYPE_REASON,0.701264897785595,0
TabDPT,text_only,MUL_TEXT_SOCIAL_GOOGLE_QA_TYPE_REASON,0.6529365023304833,1
TabDPT,text_only,MUL_TEXT_SOCIAL_GOOGLE_QA_TYPE_REASON,0.6903227291776283,2
TabDPT,text_only,MUL_TEXT_SOCIAL_GOOGLE_QA_TYPE_REASON,0.6978698017057573,3
TabDPT,text_only,MUL_TEXT_SOCIAL_GOOGLE_QA_TYPE_REASON,0.6893235107993831,4
TabICLv2,all,MUL_TEXT_SOCIAL_GOOGLE_QA_TYPE_REASON,0.8661510214597247,0
TabICLv2,all,MUL_TEXT_SOCIAL_GOOGLE_QA_TYPE_REASON,0.8821203723084953,1
TabICLv2,all,MUL_TEXT_SOCIAL_GOOGLE_QA_TYPE_REASON,0.842461113278509,2
TabICLv2,all,MUL_TEXT_SOCIAL_GOOGLE_QA_TYPE_REASON,0.888266991473772,3
TabICLv2,all,MUL_TEXT_SOCIAL_GOOGLE_QA_TYPE_REASON,0.8737501413974327,4
TabICLv2,ft,MUL_TEXT_SOCIAL_GOOGLE_QA_TYPE_REASON,0.8788284341074053,0
TabICLv2,ft,MUL_TEXT_SOCIAL_GOOGLE_QA_TYPE_REASON,0.8895863601261806,1
TabICLv2,ft,MUL_TEXT_SOCIAL_GOOGLE_QA_TYPE_REASON,0.8409206815301744,2
TabICLv2,ft,MUL_TEXT_SOCIAL_GOOGLE_QA_TYPE_REASON,0.8920209993703964,3
TabICLv2,ft,MUL_TEXT_SOCIAL_GOOGLE_QA_TYPE_REASON,0.8787944721588191,4
TabICLv2,no_text,MUL_TEXT_SOCIAL_GOOGLE_QA_TYPE_REASON,0.8683257092345643,0
TabICLv2,no_text,MUL_TEXT_SOCIAL_GOOGLE_QA_TYPE_REASON,0.8868575476903853,1
TabICLv2,no_text,MUL_TEXT_SOCIAL_GOOGLE_QA_TYPE_REASON,0.847819166088146,2
TabICLv2,no_text,MUL_TEXT_SOCIAL_GOOGLE_QA_TYPE_REASON,0.8851291426296785,3
TabICLv2,no_text,MUL_TEXT_SOCIAL_GOOGLE_QA_TYPE_REASON,0.8756507166561963,4
TabICLv2,text_only,MUL_TEXT_SOCIAL_GOOGLE_QA_TYPE_REASON,0.7212402968841439,0
TabICLv2,text_only,MUL_TEXT_SOCIAL_GOOGLE_QA_TYPE_REASON,0.6928512595225962,1
TabICLv2,text_only,MUL_TEXT_SOCIAL_GOOGLE_QA_TYPE_REASON,0.7187118775147789,2
TabICLv2,text_only,MUL_TEXT_SOCIAL_GOOGLE_QA_TYPE_REASON,0.7339040133273704,3
TabICLv2,text_only,MUL_TEXT_SOCIAL_GOOGLE_QA_TYPE_REASON,0.7213817920979925,4
TabM,all,MUL_TEXT_SOCIAL_GOOGLE_QA_TYPE_REASON,0.8065182561484541,0
TabM,all,MUL_TEXT_SOCIAL_GOOGLE_QA_TYPE_REASON,0.805792370912196,1
TabM,all,MUL_TEXT_SOCIAL_GOOGLE_QA_TYPE_REASON,0.7893162063189341,2
TabM,all,MUL_TEXT_SOCIAL_GOOGLE_QA_TYPE_REASON,0.8144382422607445,3
TabM,all,MUL_TEXT_SOCIAL_GOOGLE_QA_TYPE_REASON,0.8229289803994234,4
TabM,ft,MUL_TEXT_SOCIAL_GOOGLE_QA_TYPE_REASON,0.8219806129998686,0
TabM,ft,MUL_TEXT_SOCIAL_GOOGLE_QA_TYPE_REASON,0.8097176446862517,1
TabM,ft,MUL_TEXT_SOCIAL_GOOGLE_QA_TYPE_REASON,0.7907130642137561,2
TabM,ft,MUL_TEXT_SOCIAL_GOOGLE_QA_TYPE_REASON,0.8126331141892568,3
TabM,ft,MUL_TEXT_SOCIAL_GOOGLE_QA_TYPE_REASON,0.826578136714747,4
TabM,no_text,MUL_TEXT_SOCIAL_GOOGLE_QA_TYPE_REASON,0.818436577130765,0
TabM,no_text,MUL_TEXT_SOCIAL_GOOGLE_QA_TYPE_REASON,0.8302422720661216,1
TabM,no_text,MUL_TEXT_SOCIAL_GOOGLE_QA_TYPE_REASON,0.810007396570301,2
TabM,no_text,MUL_TEXT_SOCIAL_GOOGLE_QA_TYPE_REASON,0.8134572881022393,3
TabM,no_text,MUL_TEXT_SOCIAL_GOOGLE_QA_TYPE_REASON,0.8272718528612639,4
TabM,text_only,MUL_TEXT_SOCIAL_GOOGLE_QA_TYPE_REASON,0.6999109779803279,0
TabM,text_only,MUL_TEXT_SOCIAL_GOOGLE_QA_TYPE_REASON,0.693332529465714,1
TabM,text_only,MUL_TEXT_SOCIAL_GOOGLE_QA_TYPE_REASON,0.6779622650808702,2
TabM,text_only,MUL_TEXT_SOCIAL_GOOGLE_QA_TYPE_REASON,0.7148989551384303,3
TabM,text_only,MUL_TEXT_SOCIAL_GOOGLE_QA_TYPE_REASON,0.7295790066262253,4
TabPFN-2.5,all,MUL_TEXT_SOCIAL_GOOGLE_QA_TYPE_REASON,0.8753147276234243,0
TabPFN-2.5,all,MUL_TEXT_SOCIAL_GOOGLE_QA_TYPE_REASON,0.8978072553225698,1
TabPFN-2.5,all,MUL_TEXT_SOCIAL_GOOGLE_QA_TYPE_REASON,0.8695419799474504,2
TabPFN-2.5,all,MUL_TEXT_SOCIAL_GOOGLE_QA_TYPE_REASON,0.891223572207638,3
TabPFN-2.5,all,MUL_TEXT_SOCIAL_GOOGLE_QA_TYPE_REASON,0.8790613836110707,4
TabPFN-2.5,ft,MUL_TEXT_SOCIAL_GOOGLE_QA_TYPE_REASON,0.8929575254095161,0
TabPFN-2.5,ft,MUL_TEXT_SOCIAL_GOOGLE_QA_TYPE_REASON,0.9063905206971586,1
TabPFN-2.5,ft,MUL_TEXT_SOCIAL_GOOGLE_QA_TYPE_REASON,0.8750400913148502,2
TabPFN-2.5,ft,MUL_TEXT_SOCIAL_GOOGLE_QA_TYPE_REASON,0.8996693604719633,3
TabPFN-2.5,ft,MUL_TEXT_SOCIAL_GOOGLE_QA_TYPE_REASON,0.8951681478485582,4
TabPFN-2.5,no_text,MUL_TEXT_SOCIAL_GOOGLE_QA_TYPE_REASON,0.8729257653697722,0
TabPFN-2.5,no_text,MUL_TEXT_SOCIAL_GOOGLE_QA_TYPE_REASON,0.8907617128003494,1
TabPFN-2.5,no_text,MUL_TEXT_SOCIAL_GOOGLE_QA_TYPE_REASON,0.869471368761807,2
TabPFN-2.5,no_text,MUL_TEXT_SOCIAL_GOOGLE_QA_TYPE_REASON,0.8881114599280456,3
TabPFN-2.5,no_text,MUL_TEXT_SOCIAL_GOOGLE_QA_TYPE_REASON,0.880510850163142,4
TabPFN-2.5,text_only,MUL_TEXT_SOCIAL_GOOGLE_QA_TYPE_REASON,0.7032003676696534,0
TabPFN-2.5,text_only,MUL_TEXT_SOCIAL_GOOGLE_QA_TYPE_REASON,0.6867743979666915,1
TabPFN-2.5,text_only,MUL_TEXT_SOCIAL_GOOGLE_QA_TYPE_REASON,0.7189107667170642,2
TabPFN-2.5,text_only,MUL_TEXT_SOCIAL_GOOGLE_QA_TYPE_REASON,0.7240513698809286,3
TabPFN-2.5,text_only,MUL_TEXT_SOCIAL_GOOGLE_QA_TYPE_REASON,0.7330605489188967,4
TabPFNv2,all,MUL_TEXT_SOCIAL_GOOGLE_QA_TYPE_REASON,0.8678033618461767,0
TabPFNv2,all,MUL_TEXT_SOCIAL_GOOGLE_QA_TYPE_REASON,0.8924305525330762,1
TabPFNv2,all,MUL_TEXT_SOCIAL_GOOGLE_QA_TYPE_REASON,0.8595993933859962,2
TabPFNv2,all,MUL_TEXT_SOCIAL_GOOGLE_QA_TYPE_REASON,0.8884684237214575,3
TabPFNv2,all,MUL_TEXT_SOCIAL_GOOGLE_QA_TYPE_REASON,0.8705547599634631,4
TabPFNv2,ft,MUL_TEXT_SOCIAL_GOOGLE_QA_TYPE_REASON,0.889579899921794,0
TabPFNv2,ft,MUL_TEXT_SOCIAL_GOOGLE_QA_TYPE_REASON,0.9007812332111854,1
TabPFNv2,ft,MUL_TEXT_SOCIAL_GOOGLE_QA_TYPE_REASON,0.8717598515605138,2
TabPFNv2,ft,MUL_TEXT_SOCIAL_GOOGLE_QA_TYPE_REASON,0.8964735160794796,3
TabPFNv2,ft,MUL_TEXT_SOCIAL_GOOGLE_QA_TYPE_REASON,0.8815712014046231,4
TabPFNv2,no_text,MUL_TEXT_SOCIAL_GOOGLE_QA_TYPE_REASON,0.8715269647885961,0
TabPFNv2,no_text,MUL_TEXT_SOCIAL_GOOGLE_QA_TYPE_REASON,0.88419807501454,1
TabPFNv2,no_text,MUL_TEXT_SOCIAL_GOOGLE_QA_TYPE_REASON,0.8593072214056707,2
TabPFNv2,no_text,MUL_TEXT_SOCIAL_GOOGLE_QA_TYPE_REASON,0.8832320331391342,3
TabPFNv2,no_text,MUL_TEXT_SOCIAL_GOOGLE_QA_TYPE_REASON,0.8670788218337726,4
TabPFNv2,text_only,MUL_TEXT_SOCIAL_GOOGLE_QA_TYPE_REASON,0.683358495118893,0
TabPFNv2,text_only,MUL_TEXT_SOCIAL_GOOGLE_QA_TYPE_REASON,0.687277695555385,1
TabPFNv2,text_only,MUL_TEXT_SOCIAL_GOOGLE_QA_TYPE_REASON,0.6793526869694694,2
TabPFNv2,text_only,MUL_TEXT_SOCIAL_GOOGLE_QA_TYPE_REASON,0.7067257067416308,3
TabPFNv2,text_only,MUL_TEXT_SOCIAL_GOOGLE_QA_TYPE_REASON,0.7113280746698363,4
XGBoost,all,MUL_TEXT_SOCIAL_GOOGLE_QA_TYPE_REASON,0.8192080822202839,0
XGBoost,all,MUL_TEXT_SOCIAL_GOOGLE_QA_TYPE_REASON,0.822741401721547,1
XGBoost,all,MUL_TEXT_SOCIAL_GOOGLE_QA_TYPE_REASON,0.811690843201046,2
XGBoost,all,MUL_TEXT_SOCIAL_GOOGLE_QA_TYPE_REASON,0.855896996921709,3
XGBoost,all,MUL_TEXT_SOCIAL_GOOGLE_QA_TYPE_REASON,0.8269815354198993,4
XGBoost,ft,MUL_TEXT_SOCIAL_GOOGLE_QA_TYPE_REASON,0.8401304863147823,0
XGBoost,ft,MUL_TEXT_SOCIAL_GOOGLE_QA_TYPE_REASON,0.8213707540837474,1
XGBoost,ft,MUL_TEXT_SOCIAL_GOOGLE_QA_TYPE_REASON,0.8027506509787653,2
XGBoost,ft,MUL_TEXT_SOCIAL_GOOGLE_QA_TYPE_REASON,0.835987900735757,3
XGBoost,ft,MUL_TEXT_SOCIAL_GOOGLE_QA_TYPE_REASON,0.8370222295616886,4
XGBoost,no_text,MUL_TEXT_SOCIAL_GOOGLE_QA_TYPE_REASON,0.8498583541040551,0
XGBoost,no_text,MUL_TEXT_SOCIAL_GOOGLE_QA_TYPE_REASON,0.864526837597781,1
XGBoost,no_text,MUL_TEXT_SOCIAL_GOOGLE_QA_TYPE_REASON,0.8509043009473256,2
XGBoost,no_text,MUL_TEXT_SOCIAL_GOOGLE_QA_TYPE_REASON,0.864542956474228,3
XGBoost,no_text,MUL_TEXT_SOCIAL_GOOGLE_QA_TYPE_REASON,0.8414576260078362,4
XGBoost,text_only,MUL_TEXT_SOCIAL_GOOGLE_QA_TYPE_REASON,0.6784112267593638,0
XGBoost,text_only,MUL_TEXT_SOCIAL_GOOGLE_QA_TYPE_REASON,0.6330023094118782,1
XGBoost,text_only,MUL_TEXT_SOCIAL_GOOGLE_QA_TYPE_REASON,0.6706564010399334,2
XGBoost,text_only,MUL_TEXT_SOCIAL_GOOGLE_QA_TYPE_REASON,0.6916402924713575,3
XGBoost,text_only,MUL_TEXT_SOCIAL_GOOGLE_QA_TYPE_REASON,0.6453602417291304,4
CatBoost,all,MUL_TEXT_SOCIAL_HEARTHSTONE_CARD_GAME_WARCRAFT,0.8815028096476419,0
CatBoost,all,MUL_TEXT_SOCIAL_HEARTHSTONE_CARD_GAME_WARCRAFT,0.9158815840928046,1
CatBoost,all,MUL_TEXT_SOCIAL_HEARTHSTONE_CARD_GAME_WARCRAFT,0.8869336031946862,2
CatBoost,all,MUL_TEXT_SOCIAL_HEARTHSTONE_CARD_GAME_WARCRAFT,0.8946769629534097,3
CatBoost,all,MUL_TEXT_SOCIAL_HEARTHSTONE_CARD_GAME_WARCRAFT,0.9075689167268004,4
CatBoost,ft,MUL_TEXT_SOCIAL_HEARTHSTONE_CARD_GAME_WARCRAFT,0.9028529028923342,0
CatBoost,ft,MUL_TEXT_SOCIAL_HEARTHSTONE_CARD_GAME_WARCRAFT,0.9053007315454258,1
CatBoost,ft,MUL_TEXT_SOCIAL_HEARTHSTONE_CARD_GAME_WARCRAFT,0.880757989119858,2
CatBoost,ft,MUL_TEXT_SOCIAL_HEARTHSTONE_CARD_GAME_WARCRAFT,0.8947522943086176,3
CatBoost,ft,MUL_TEXT_SOCIAL_HEARTHSTONE_CARD_GAME_WARCRAFT,0.919545327025246,4
CatBoost,no_text,MUL_TEXT_SOCIAL_HEARTHSTONE_CARD_GAME_WARCRAFT,0.8030157894972767,0
CatBoost,no_text,MUL_TEXT_SOCIAL_HEARTHSTONE_CARD_GAME_WARCRAFT,0.792145133685219,1
CatBoost,no_text,MUL_TEXT_SOCIAL_HEARTHSTONE_CARD_GAME_WARCRAFT,0.775813539752277,2
CatBoost,no_text,MUL_TEXT_SOCIAL_HEARTHSTONE_CARD_GAME_WARCRAFT,0.8034934014352038,3
CatBoost,no_text,MUL_TEXT_SOCIAL_HEARTHSTONE_CARD_GAME_WARCRAFT,0.7810850024941828,4
CatBoost,text_only,MUL_TEXT_SOCIAL_HEARTHSTONE_CARD_GAME_WARCRAFT,0.8536510456149491,0
CatBoost,text_only,MUL_TEXT_SOCIAL_HEARTHSTONE_CARD_GAME_WARCRAFT,0.8822584659861648,1
CatBoost,text_only,MUL_TEXT_SOCIAL_HEARTHSTONE_CARD_GAME_WARCRAFT,0.8583899079400744,2
CatBoost,text_only,MUL_TEXT_SOCIAL_HEARTHSTONE_CARD_GAME_WARCRAFT,0.859381740224466,3
CatBoost,text_only,MUL_TEXT_SOCIAL_HEARTHSTONE_CARD_GAME_WARCRAFT,0.8849537005273135,4
LightGBM,all,MUL_TEXT_SOCIAL_HEARTHSTONE_CARD_GAME_WARCRAFT,0.8612462955361504,0
LightGBM,all,MUL_TEXT_SOCIAL_HEARTHSTONE_CARD_GAME_WARCRAFT,0.8913154996478081,1
LightGBM,all,MUL_TEXT_SOCIAL_HEARTHSTONE_CARD_GAME_WARCRAFT,0.8655311549413789,2
LightGBM,all,MUL_TEXT_SOCIAL_HEARTHSTONE_CARD_GAME_WARCRAFT,0.8707990346971124,3
LightGBM,all,MUL_TEXT_SOCIAL_HEARTHSTONE_CARD_GAME_WARCRAFT,0.8751852397517652,4
LightGBM,ft,MUL_TEXT_SOCIAL_HEARTHSTONE_CARD_GAME_WARCRAFT,0.8672842046937159,0
LightGBM,ft,MUL_TEXT_SOCIAL_HEARTHSTONE_CARD_GAME_WARCRAFT,0.8930497088159031,1
LightGBM,ft,MUL_TEXT_SOCIAL_HEARTHSTONE_CARD_GAME_WARCRAFT,0.8405419951922528,2
LightGBM,ft,MUL_TEXT_SOCIAL_HEARTHSTONE_CARD_GAME_WARCRAFT,0.8733797072112411,3
LightGBM,ft,MUL_TEXT_SOCIAL_HEARTHSTONE_CARD_GAME_WARCRAFT,0.9047003940426852,4
LightGBM,no_text,MUL_TEXT_SOCIAL_HEARTHSTONE_CARD_GAME_WARCRAFT,0.7236959110021983,0
LightGBM,no_text,MUL_TEXT_SOCIAL_HEARTHSTONE_CARD_GAME_WARCRAFT,0.730747064567513,1
LightGBM,no_text,MUL_TEXT_SOCIAL_HEARTHSTONE_CARD_GAME_WARCRAFT,0.7127042091112041,2
LightGBM,no_text,MUL_TEXT_SOCIAL_HEARTHSTONE_CARD_GAME_WARCRAFT,0.7116534186748871,3
LightGBM,no_text,MUL_TEXT_SOCIAL_HEARTHSTONE_CARD_GAME_WARCRAFT,0.7675066000763686,4
LightGBM,text_only,MUL_TEXT_SOCIAL_HEARTHSTONE_CARD_GAME_WARCRAFT,0.8439631948167096,0
LightGBM,text_only,MUL_TEXT_SOCIAL_HEARTHSTONE_CARD_GAME_WARCRAFT,0.8740769016747215,1
LightGBM,text_only,MUL_TEXT_SOCIAL_HEARTHSTONE_CARD_GAME_WARCRAFT,0.8491429964090141,2
LightGBM,text_only,MUL_TEXT_SOCIAL_HEARTHSTONE_CARD_GAME_WARCRAFT,0.8424235562519884,3
LightGBM,text_only,MUL_TEXT_SOCIAL_HEARTHSTONE_CARD_GAME_WARCRAFT,0.8724870306777458,4
RandomForest,all,MUL_TEXT_SOCIAL_HEARTHSTONE_CARD_GAME_WARCRAFT,0.813082226851894,0
RandomForest,all,MUL_TEXT_SOCIAL_HEARTHSTONE_CARD_GAME_WARCRAFT,0.8469332612835798,1
RandomForest,all,MUL_TEXT_SOCIAL_HEARTHSTONE_CARD_GAME_WARCRAFT,0.836228787741209,2
RandomForest,all,MUL_TEXT_SOCIAL_HEARTHSTONE_CARD_GAME_WARCRAFT,0.8036246745259013,3
RandomForest,all,MUL_TEXT_SOCIAL_HEARTHSTONE_CARD_GAME_WARCRAFT,0.8343796396518905,4
RandomForest,ft,MUL_TEXT_SOCIAL_HEARTHSTONE_CARD_GAME_WARCRAFT,0.8741534967667242,0
RandomForest,ft,MUL_TEXT_SOCIAL_HEARTHSTONE_CARD_GAME_WARCRAFT,0.8896460368119301,1
RandomForest,ft,MUL_TEXT_SOCIAL_HEARTHSTONE_CARD_GAME_WARCRAFT,0.8424521645732248,2
RandomForest,ft,MUL_TEXT_SOCIAL_HEARTHSTONE_CARD_GAME_WARCRAFT,0.8550434416531181,3
RandomForest,ft,MUL_TEXT_SOCIAL_HEARTHSTONE_CARD_GAME_WARCRAFT,0.8653094761819456,4
RandomForest,no_text,MUL_TEXT_SOCIAL_HEARTHSTONE_CARD_GAME_WARCRAFT,0.6649816267880734,0
RandomForest,no_text,MUL_TEXT_SOCIAL_HEARTHSTONE_CARD_GAME_WARCRAFT,0.6761569356065092,1
RandomForest,no_text,MUL_TEXT_SOCIAL_HEARTHSTONE_CARD_GAME_WARCRAFT,0.6519539461293711,2
RandomForest,no_text,MUL_TEXT_SOCIAL_HEARTHSTONE_CARD_GAME_WARCRAFT,0.6438939084966915,3
RandomForest,no_text,MUL_TEXT_SOCIAL_HEARTHSTONE_CARD_GAME_WARCRAFT,0.6730809761697973,4
RandomForest,text_only,MUL_TEXT_SOCIAL_HEARTHSTONE_CARD_GAME_WARCRAFT,0.7938478011956983,0
RandomForest,text_only,MUL_TEXT_SOCIAL_HEARTHSTONE_CARD_GAME_WARCRAFT,0.8072946322810095,1
RandomForest,text_only,MUL_TEXT_SOCIAL_HEARTHSTONE_CARD_GAME_WARCRAFT,0.8069978462047118,2
RandomForest,text_only,MUL_TEXT_SOCIAL_HEARTHSTONE_CARD_GAME_WARCRAFT,0.7681538741376224,3
RandomForest,text_only,MUL_TEXT_SOCIAL_HEARTHSTONE_CARD_GAME_WARCRAFT,0.7997424807730822,4
RealMLP,all,MUL_TEXT_SOCIAL_HEARTHSTONE_CARD_GAME_WARCRAFT,0.8659895655379817,0
RealMLP,all,MUL_TEXT_SOCIAL_HEARTHSTONE_CARD_GAME_WARCRAFT,0.8858639161488618,1
RealMLP,all,MUL_TEXT_SOCIAL_HEARTHSTONE_CARD_GAME_WARCRAFT,0.8688720186075191,2
RealMLP,all,MUL_TEXT_SOCIAL_HEARTHSTONE_CARD_GAME_WARCRAFT,0.8660951355143288,3
RealMLP,all,MUL_TEXT_SOCIAL_HEARTHSTONE_CARD_GAME_WARCRAFT,0.9122391311662726,4
RealMLP,ft,MUL_TEXT_SOCIAL_HEARTHSTONE_CARD_GAME_WARCRAFT,0.8942715817033676,0
RealMLP,ft,MUL_TEXT_SOCIAL_HEARTHSTONE_CARD_GAME_WARCRAFT,0.9154863315311494,1
RealMLP,ft,MUL_TEXT_SOCIAL_HEARTHSTONE_CARD_GAME_WARCRAFT,0.8933269776285995,2
RealMLP,ft,MUL_TEXT_SOCIAL_HEARTHSTONE_CARD_GAME_WARCRAFT,0.8711077327668283,3
RealMLP,ft,MUL_TEXT_SOCIAL_HEARTHSTONE_CARD_GAME_WARCRAFT,0.8878498059790438,4
RealMLP,no_text,MUL_TEXT_SOCIAL_HEARTHSTONE_CARD_GAME_WARCRAFT,0.7914892827354683,0
RealMLP,no_text,MUL_TEXT_SOCIAL_HEARTHSTONE_CARD_GAME_WARCRAFT,0.7773187561658543,1
RealMLP,no_text,MUL_TEXT_SOCIAL_HEARTHSTONE_CARD_GAME_WARCRAFT,0.7662855521435425,2
RealMLP,no_text,MUL_TEXT_SOCIAL_HEARTHSTONE_CARD_GAME_WARCRAFT,0.7526391453022127,3
RealMLP,no_text,MUL_TEXT_SOCIAL_HEARTHSTONE_CARD_GAME_WARCRAFT,0.7757555762097577,4
RealMLP,text_only,MUL_TEXT_SOCIAL_HEARTHSTONE_CARD_GAME_WARCRAFT,0.8460781544058218,0
RealMLP,text_only,MUL_TEXT_SOCIAL_HEARTHSTONE_CARD_GAME_WARCRAFT,0.8779889087520155,1
RealMLP,text_only,MUL_TEXT_SOCIAL_HEARTHSTONE_CARD_GAME_WARCRAFT,0.8563797393335495,2
RealMLP,text_only,MUL_TEXT_SOCIAL_HEARTHSTONE_CARD_GAME_WARCRAFT,0.8433597288258898,3
RealMLP,text_only,MUL_TEXT_SOCIAL_HEARTHSTONE_CARD_GAME_WARCRAFT,0.8983168736470791,4
TabDPT,all,MUL_TEXT_SOCIAL_HEARTHSTONE_CARD_GAME_WARCRAFT,0.8560417114672928,0
TabDPT,all,MUL_TEXT_SOCIAL_HEARTHSTONE_CARD_GAME_WARCRAFT,0.8747150500965629,1
TabDPT,all,MUL_TEXT_SOCIAL_HEARTHSTONE_CARD_GAME_WARCRAFT,0.8713714247171401,2
TabDPT,all,MUL_TEXT_SOCIAL_HEARTHSTONE_CARD_GAME_WARCRAFT,0.8175718625094289,3
TabDPT,all,MUL_TEXT_SOCIAL_HEARTHSTONE_CARD_GAME_WARCRAFT,0.8776973797489761,4
TabDPT,ft,MUL_TEXT_SOCIAL_HEARTHSTONE_CARD_GAME_WARCRAFT,0.9059310646218812,0
TabDPT,ft,MUL_TEXT_SOCIAL_HEARTHSTONE_CARD_GAME_WARCRAFT,0.9162420854323384,1
TabDPT,ft,MUL_TEXT_SOCIAL_HEARTHSTONE_CARD_GAME_WARCRAFT,0.8733801351573934,2
TabDPT,ft,MUL_TEXT_SOCIAL_HEARTHSTONE_CARD_GAME_WARCRAFT,0.8663172672312601,3
TabDPT,ft,MUL_TEXT_SOCIAL_HEARTHSTONE_CARD_GAME_WARCRAFT,0.8872438666258112,4
TabDPT,no_text,MUL_TEXT_SOCIAL_HEARTHSTONE_CARD_GAME_WARCRAFT,0.817269390400423,0
TabDPT,no_text,MUL_TEXT_SOCIAL_HEARTHSTONE_CARD_GAME_WARCRAFT,0.8293238674445866,1
TabDPT,no_text,MUL_TEXT_SOCIAL_HEARTHSTONE_CARD_GAME_WARCRAFT,0.8022222995536239,2
TabDPT,no_text,MUL_TEXT_SOCIAL_HEARTHSTONE_CARD_GAME_WARCRAFT,0.8095591158445143,3
TabDPT,no_text,MUL_TEXT_SOCIAL_HEARTHSTONE_CARD_GAME_WARCRAFT,0.8124608051792654,4
TabDPT,text_only,MUL_TEXT_SOCIAL_HEARTHSTONE_CARD_GAME_WARCRAFT,0.8544600549819465,0
TabDPT,text_only,MUL_TEXT_SOCIAL_HEARTHSTONE_CARD_GAME_WARCRAFT,0.8597787847884917,1
TabDPT,text_only,MUL_TEXT_SOCIAL_HEARTHSTONE_CARD_GAME_WARCRAFT,0.8682659206368182,2
TabDPT,text_only,MUL_TEXT_SOCIAL_HEARTHSTONE_CARD_GAME_WARCRAFT,0.828547245889087,3
TabDPT,text_only,MUL_TEXT_SOCIAL_HEARTHSTONE_CARD_GAME_WARCRAFT,0.8514346736783647,4
TabICLv2,all,MUL_TEXT_SOCIAL_HEARTHSTONE_CARD_GAME_WARCRAFT,0.928385303127045,0
TabICLv2,all,MUL_TEXT_SOCIAL_HEARTHSTONE_CARD_GAME_WARCRAFT,0.9354231984687956,1
TabICLv2,all,MUL_TEXT_SOCIAL_HEARTHSTONE_CARD_GAME_WARCRAFT,0.926324924903211,2
TabICLv2,all,MUL_TEXT_SOCIAL_HEARTHSTONE_CARD_GAME_WARCRAFT,0.9241101540184116,3
TabICLv2,all,MUL_TEXT_SOCIAL_HEARTHSTONE_CARD_GAME_WARCRAFT,0.9463746727471996,4
TabICLv2,ft,MUL_TEXT_SOCIAL_HEARTHSTONE_CARD_GAME_WARCRAFT,0.929052695002263,0
TabICLv2,ft,MUL_TEXT_SOCIAL_HEARTHSTONE_CARD_GAME_WARCRAFT,0.9358581606170542,1
TabICLv2,ft,MUL_TEXT_SOCIAL_HEARTHSTONE_CARD_GAME_WARCRAFT,0.9187160307223786,2
TabICLv2,ft,MUL_TEXT_SOCIAL_HEARTHSTONE_CARD_GAME_WARCRAFT,0.9209394705711562,3
TabICLv2,ft,MUL_TEXT_SOCIAL_HEARTHSTONE_CARD_GAME_WARCRAFT,0.9338569176404712,4
TabICLv2,no_text,MUL_TEXT_SOCIAL_HEARTHSTONE_CARD_GAME_WARCRAFT,0.8364940731332139,0
TabICLv2,no_text,MUL_TEXT_SOCIAL_HEARTHSTONE_CARD_GAME_WARCRAFT,0.8451566196077289,1
TabICLv2,no_text,MUL_TEXT_SOCIAL_HEARTHSTONE_CARD_GAME_WARCRAFT,0.8318430872043937,2
TabICLv2,no_text,MUL_TEXT_SOCIAL_HEARTHSTONE_CARD_GAME_WARCRAFT,0.8282667983925291,3
TabICLv2,no_text,MUL_TEXT_SOCIAL_HEARTHSTONE_CARD_GAME_WARCRAFT,0.82706976496918,4
TabICLv2,text_only,MUL_TEXT_SOCIAL_HEARTHSTONE_CARD_GAME_WARCRAFT,0.917134456126534,0
TabICLv2,text_only,MUL_TEXT_SOCIAL_HEARTHSTONE_CARD_GAME_WARCRAFT,0.930170304104776,1
TabICLv2,text_only,MUL_TEXT_SOCIAL_HEARTHSTONE_CARD_GAME_WARCRAFT,0.9162720395285152,2
TabICLv2,text_only,MUL_TEXT_SOCIAL_HEARTHSTONE_CARD_GAME_WARCRAFT,0.9078989754145156,3
TabICLv2,text_only,MUL_TEXT_SOCIAL_HEARTHSTONE_CARD_GAME_WARCRAFT,0.933246840901132,4
TabM,all,MUL_TEXT_SOCIAL_HEARTHSTONE_CARD_GAME_WARCRAFT,0.8893833277256504,0
TabM,all,MUL_TEXT_SOCIAL_HEARTHSTONE_CARD_GAME_WARCRAFT,0.9188204229036636,1
TabM,all,MUL_TEXT_SOCIAL_HEARTHSTONE_CARD_GAME_WARCRAFT,0.8971794761519363,2
TabM,all,MUL_TEXT_SOCIAL_HEARTHSTONE_CARD_GAME_WARCRAFT,0.8864222705062828,3
TabM,all,MUL_TEXT_SOCIAL_HEARTHSTONE_CARD_GAME_WARCRAFT,0.9241950601273532,4
TabM,ft,MUL_TEXT_SOCIAL_HEARTHSTONE_CARD_GAME_WARCRAFT,0.9051098255994616,0
TabM,ft,MUL_TEXT_SOCIAL_HEARTHSTONE_CARD_GAME_WARCRAFT,0.8947152868888827,1
TabM,ft,MUL_TEXT_SOCIAL_HEARTHSTONE_CARD_GAME_WARCRAFT,0.8894992547395688,2
TabM,ft,MUL_TEXT_SOCIAL_HEARTHSTONE_CARD_GAME_WARCRAFT,0.8964445181488367,3
TabM,ft,MUL_TEXT_SOCIAL_HEARTHSTONE_CARD_GAME_WARCRAFT,0.9283335803720691,4
TabM,no_text,MUL_TEXT_SOCIAL_HEARTHSTONE_CARD_GAME_WARCRAFT,0.8001696516910185,0
TabM,no_text,MUL_TEXT_SOCIAL_HEARTHSTONE_CARD_GAME_WARCRAFT,0.8261187244578748,1
TabM,no_text,MUL_TEXT_SOCIAL_HEARTHSTONE_CARD_GAME_WARCRAFT,0.7823227350395543,2
TabM,no_text,MUL_TEXT_SOCIAL_HEARTHSTONE_CARD_GAME_WARCRAFT,0.8078663187508409,3
TabM,no_text,MUL_TEXT_SOCIAL_HEARTHSTONE_CARD_GAME_WARCRAFT,0.796045441469132,4
TabM,text_only,MUL_TEXT_SOCIAL_HEARTHSTONE_CARD_GAME_WARCRAFT,0.8757183049450916,0
TabM,text_only,MUL_TEXT_SOCIAL_HEARTHSTONE_CARD_GAME_WARCRAFT,0.8725508547956821,1
TabM,text_only,MUL_TEXT_SOCIAL_HEARTHSTONE_CARD_GAME_WARCRAFT,0.8671682072657619,2
TabM,text_only,MUL_TEXT_SOCIAL_HEARTHSTONE_CARD_GAME_WARCRAFT,0.859088668448849,3
TabM,text_only,MUL_TEXT_SOCIAL_HEARTHSTONE_CARD_GAME_WARCRAFT,0.9005137274137788,4
TabPFN-2.5,all,MUL_TEXT_SOCIAL_HEARTHSTONE_CARD_GAME_WARCRAFT,0.8989215978506179,0
TabPFN-2.5,all,MUL_TEXT_SOCIAL_HEARTHSTONE_CARD_GAME_WARCRAFT,0.9132435973792076,1
TabPFN-2.5,all,MUL_TEXT_SOCIAL_HEARTHSTONE_CARD_GAME_WARCRAFT,0.8996931099219614,2
TabPFN-2.5,all,MUL_TEXT_SOCIAL_HEARTHSTONE_CARD_GAME_WARCRAFT,0.891850489888695,3
TabPFN-2.5,all,MUL_TEXT_SOCIAL_HEARTHSTONE_CARD_GAME_WARCRAFT,0.9144387535290636,4
TabPFN-2.5,ft,MUL_TEXT_SOCIAL_HEARTHSTONE_CARD_GAME_WARCRAFT,0.924928085973854,0
TabPFN-2.5,ft,MUL_TEXT_SOCIAL_HEARTHSTONE_CARD_GAME_WARCRAFT,0.9284358450069576,1
TabPFN-2.5,ft,MUL_TEXT_SOCIAL_HEARTHSTONE_CARD_GAME_WARCRAFT,0.907669095540238,2
TabPFN-2.5,ft,MUL_TEXT_SOCIAL_HEARTHSTONE_CARD_GAME_WARCRAFT,0.9110696830662232,3
TabPFN-2.5,ft,MUL_TEXT_SOCIAL_HEARTHSTONE_CARD_GAME_WARCRAFT,0.933990349348397,4
TabPFN-2.5,no_text,MUL_TEXT_SOCIAL_HEARTHSTONE_CARD_GAME_WARCRAFT,0.8260424753090027,0
TabPFN-2.5,no_text,MUL_TEXT_SOCIAL_HEARTHSTONE_CARD_GAME_WARCRAFT,0.8374014230018689,1
TabPFN-2.5,no_text,MUL_TEXT_SOCIAL_HEARTHSTONE_CARD_GAME_WARCRAFT,0.8130171353306966,2
TabPFN-2.5,no_text,MUL_TEXT_SOCIAL_HEARTHSTONE_CARD_GAME_WARCRAFT,0.8183558230938115,3
TabPFN-2.5,no_text,MUL_TEXT_SOCIAL_HEARTHSTONE_CARD_GAME_WARCRAFT,0.8169586640023443,4
TabPFN-2.5,text_only,MUL_TEXT_SOCIAL_HEARTHSTONE_CARD_GAME_WARCRAFT,0.8853377123808339,0
TabPFN-2.5,text_only,MUL_TEXT_SOCIAL_HEARTHSTONE_CARD_GAME_WARCRAFT,0.9010449140035788,1
TabPFN-2.5,text_only,MUL_TEXT_SOCIAL_HEARTHSTONE_CARD_GAME_WARCRAFT,0.8804815482493027,2
TabPFN-2.5,text_only,MUL_TEXT_SOCIAL_HEARTHSTONE_CARD_GAME_WARCRAFT,0.8643552609747298,3
TabPFN-2.5,text_only,MUL_TEXT_SOCIAL_HEARTHSTONE_CARD_GAME_WARCRAFT,0.8956412369425187,4
TabPFNv2,all,MUL_TEXT_SOCIAL_HEARTHSTONE_CARD_GAME_WARCRAFT,0.8904757361929947,0
TabPFNv2,all,MUL_TEXT_SOCIAL_HEARTHSTONE_CARD_GAME_WARCRAFT,0.9010250207880396,1
TabPFNv2,all,MUL_TEXT_SOCIAL_HEARTHSTONE_CARD_GAME_WARCRAFT,0.8774651834152299,2
TabPFNv2,all,MUL_TEXT_SOCIAL_HEARTHSTONE_CARD_GAME_WARCRAFT,0.8819389675624191,3
TabPFNv2,all,MUL_TEXT_SOCIAL_HEARTHSTONE_CARD_GAME_WARCRAFT,0.8852982512399981,4
TabPFNv2,ft,MUL_TEXT_SOCIAL_HEARTHSTONE_CARD_GAME_WARCRAFT,0.9119755138022688,0
TabPFNv2,ft,MUL_TEXT_SOCIAL_HEARTHSTONE_CARD_GAME_WARCRAFT,0.916104764541488,1
TabPFNv2,ft,MUL_TEXT_SOCIAL_HEARTHSTONE_CARD_GAME_WARCRAFT,0.8992635619404388,2
TabPFNv2,ft,MUL_TEXT_SOCIAL_HEARTHSTONE_CARD_GAME_WARCRAFT,0.8908429689185458,3
TabPFNv2,ft,MUL_TEXT_SOCIAL_HEARTHSTONE_CARD_GAME_WARCRAFT,0.9189693907047124,4
TabPFNv2,no_text,MUL_TEXT_SOCIAL_HEARTHSTONE_CARD_GAME_WARCRAFT,0.7536182458150904,0
TabPFNv2,no_text,MUL_TEXT_SOCIAL_HEARTHSTONE_CARD_GAME_WARCRAFT,0.7704087380172127,1
TabPFNv2,no_text,MUL_TEXT_SOCIAL_HEARTHSTONE_CARD_GAME_WARCRAFT,0.7333533831610252,2
TabPFNv2,no_text,MUL_TEXT_SOCIAL_HEARTHSTONE_CARD_GAME_WARCRAFT,0.7591667808480931,3
TabPFNv2,no_text,MUL_TEXT_SOCIAL_HEARTHSTONE_CARD_GAME_WARCRAFT,0.7407488881016533,4
TabPFNv2,text_only,MUL_TEXT_SOCIAL_HEARTHSTONE_CARD_GAME_WARCRAFT,0.8828763019812532,0
TabPFNv2,text_only,MUL_TEXT_SOCIAL_HEARTHSTONE_CARD_GAME_WARCRAFT,0.8959410029001695,1
TabPFNv2,text_only,MUL_TEXT_SOCIAL_HEARTHSTONE_CARD_GAME_WARCRAFT,0.8776449490056789,2
TabPFNv2,text_only,MUL_TEXT_SOCIAL_HEARTHSTONE_CARD_GAME_WARCRAFT,0.8729950046140551,3
TabPFNv2,text_only,MUL_TEXT_SOCIAL_HEARTHSTONE_CARD_GAME_WARCRAFT,0.887369890195717,4
XGBoost,all,MUL_TEXT_SOCIAL_HEARTHSTONE_CARD_GAME_WARCRAFT,0.8572690561977284,0
XGBoost,all,MUL_TEXT_SOCIAL_HEARTHSTONE_CARD_GAME_WARCRAFT,0.9075799002367242,1
XGBoost,all,MUL_TEXT_SOCIAL_HEARTHSTONE_CARD_GAME_WARCRAFT,0.8567313518415232,2
XGBoost,all,MUL_TEXT_SOCIAL_HEARTHSTONE_CARD_GAME_WARCRAFT,0.8702336518484076,3
XGBoost,all,MUL_TEXT_SOCIAL_HEARTHSTONE_CARD_GAME_WARCRAFT,0.8838023820116039,4
XGBoost,ft,MUL_TEXT_SOCIAL_HEARTHSTONE_CARD_GAME_WARCRAFT,0.8717082738494112,0
XGBoost,ft,MUL_TEXT_SOCIAL_HEARTHSTONE_CARD_GAME_WARCRAFT,0.8706329395209658,1
XGBoost,ft,MUL_TEXT_SOCIAL_HEARTHSTONE_CARD_GAME_WARCRAFT,0.8425813223746166,2
XGBoost,ft,MUL_TEXT_SOCIAL_HEARTHSTONE_CARD_GAME_WARCRAFT,0.8536001870494345,3
XGBoost,ft,MUL_TEXT_SOCIAL_HEARTHSTONE_CARD_GAME_WARCRAFT,0.8748382153475964,4
XGBoost,no_text,MUL_TEXT_SOCIAL_HEARTHSTONE_CARD_GAME_WARCRAFT,0.7746744102801609,0
XGBoost,no_text,MUL_TEXT_SOCIAL_HEARTHSTONE_CARD_GAME_WARCRAFT,0.7965558210094907,1
XGBoost,no_text,MUL_TEXT_SOCIAL_HEARTHSTONE_CARD_GAME_WARCRAFT,0.7683632503510633,2
XGBoost,no_text,MUL_TEXT_SOCIAL_HEARTHSTONE_CARD_GAME_WARCRAFT,0.7540764795202544,3
XGBoost,no_text,MUL_TEXT_SOCIAL_HEARTHSTONE_CARD_GAME_WARCRAFT,0.7913616410593676,4
XGBoost,text_only,MUL_TEXT_SOCIAL_HEARTHSTONE_CARD_GAME_WARCRAFT,0.7904940989273872,0
XGBoost,text_only,MUL_TEXT_SOCIAL_HEARTHSTONE_CARD_GAME_WARCRAFT,0.8432051683481114,1
XGBoost,text_only,MUL_TEXT_SOCIAL_HEARTHSTONE_CARD_GAME_WARCRAFT,0.8296122458207055,2
XGBoost,text_only,MUL_TEXT_SOCIAL_HEARTHSTONE_CARD_GAME_WARCRAFT,0.8167397207417343,3
XGBoost,text_only,MUL_TEXT_SOCIAL_HEARTHSTONE_CARD_GAME_WARCRAFT,0.8377266919911543,4
CatBoost,all,MUL_TEXT_SOCIAL_NEWS_CHANNEL_CATEGORY,0.7943752035788463,0
CatBoost,all,MUL_TEXT_SOCIAL_NEWS_CHANNEL_CATEGORY,0.8005816535456174,1
CatBoost,all,MUL_TEXT_SOCIAL_NEWS_CHANNEL_CATEGORY,0.7987044629274899,2
CatBoost,all,MUL_TEXT_SOCIAL_NEWS_CHANNEL_CATEGORY,0.805392307452898,3
CatBoost,all,MUL_TEXT_SOCIAL_NEWS_CHANNEL_CATEGORY,0.7932549611329504,4
CatBoost,ft,MUL_TEXT_SOCIAL_NEWS_CHANNEL_CATEGORY,0.7932434204842241,0
CatBoost,ft,MUL_TEXT_SOCIAL_NEWS_CHANNEL_CATEGORY,0.7965647918664822,1
CatBoost,ft,MUL_TEXT_SOCIAL_NEWS_CHANNEL_CATEGORY,0.8011676122065907,2
CatBoost,ft,MUL_TEXT_SOCIAL_NEWS_CHANNEL_CATEGORY,0.8068624746171338,3
CatBoost,ft,MUL_TEXT_SOCIAL_NEWS_CHANNEL_CATEGORY,0.7977698911490041,4
CatBoost,no_text,MUL_TEXT_SOCIAL_NEWS_CHANNEL_CATEGORY,0.7920276737943266,0
CatBoost,no_text,MUL_TEXT_SOCIAL_NEWS_CHANNEL_CATEGORY,0.7976746791222834,1
CatBoost,no_text,MUL_TEXT_SOCIAL_NEWS_CHANNEL_CATEGORY,0.7962190003084451,2
CatBoost,no_text,MUL_TEXT_SOCIAL_NEWS_CHANNEL_CATEGORY,0.8004400532220419,3
CatBoost,no_text,MUL_TEXT_SOCIAL_NEWS_CHANNEL_CATEGORY,0.7898834710749983,4
CatBoost,text_only,MUL_TEXT_SOCIAL_NEWS_CHANNEL_CATEGORY,0.6010067417873605,0
CatBoost,text_only,MUL_TEXT_SOCIAL_NEWS_CHANNEL_CATEGORY,0.6219368872689426,1
CatBoost,text_only,MUL_TEXT_SOCIAL_NEWS_CHANNEL_CATEGORY,0.6038279409316771,2
CatBoost,text_only,MUL_TEXT_SOCIAL_NEWS_CHANNEL_CATEGORY,0.6127367306978091,3
CatBoost,text_only,MUL_TEXT_SOCIAL_NEWS_CHANNEL_CATEGORY,0.6077090091638953,4
LightGBM,all,MUL_TEXT_SOCIAL_NEWS_CHANNEL_CATEGORY,0.7859858759381808,0
LightGBM,all,MUL_TEXT_SOCIAL_NEWS_CHANNEL_CATEGORY,0.7935712343310155,1
LightGBM,all,MUL_TEXT_SOCIAL_NEWS_CHANNEL_CATEGORY,0.7921282896578196,2
LightGBM,all,MUL_TEXT_SOCIAL_NEWS_CHANNEL_CATEGORY,0.7980801913697128,3
LightGBM,all,MUL_TEXT_SOCIAL_NEWS_CHANNEL_CATEGORY,0.7820121932172456,4
LightGBM,ft,MUL_TEXT_SOCIAL_NEWS_CHANNEL_CATEGORY,0.7879625525744102,0
LightGBM,ft,MUL_TEXT_SOCIAL_NEWS_CHANNEL_CATEGORY,0.7947956855684063,1
LightGBM,ft,MUL_TEXT_SOCIAL_NEWS_CHANNEL_CATEGORY,0.7954991775611884,2
LightGBM,ft,MUL_TEXT_SOCIAL_NEWS_CHANNEL_CATEGORY,0.8032350116619392,3
LightGBM,ft,MUL_TEXT_SOCIAL_NEWS_CHANNEL_CATEGORY,0.7905379639170348,4
LightGBM,no_text,MUL_TEXT_SOCIAL_NEWS_CHANNEL_CATEGORY,0.7854736383388846,0
LightGBM,no_text,MUL_TEXT_SOCIAL_NEWS_CHANNEL_CATEGORY,0.7855167999234491,1
LightGBM,no_text,MUL_TEXT_SOCIAL_NEWS_CHANNEL_CATEGORY,0.7832029287984555,2
LightGBM,no_text,MUL_TEXT_SOCIAL_NEWS_CHANNEL_CATEGORY,0.7906142441489039,3
LightGBM,no_text,MUL_TEXT_SOCIAL_NEWS_CHANNEL_CATEGORY,0.785044670179464,4
LightGBM,text_only,MUL_TEXT_SOCIAL_NEWS_CHANNEL_CATEGORY,0.5879563705348749,0
LightGBM,text_only,MUL_TEXT_SOCIAL_NEWS_CHANNEL_CATEGORY,0.5985284817323883,1
LightGBM,text_only,MUL_TEXT_SOCIAL_NEWS_CHANNEL_CATEGORY,0.584676586171216,2
LightGBM,text_only,MUL_TEXT_SOCIAL_NEWS_CHANNEL_CATEGORY,0.58493758548664,3
LightGBM,text_only,MUL_TEXT_SOCIAL_NEWS_CHANNEL_CATEGORY,0.5930933182891295,4
RandomForest,all,MUL_TEXT_SOCIAL_NEWS_CHANNEL_CATEGORY,0.750449524109367,0
RandomForest,all,MUL_TEXT_SOCIAL_NEWS_CHANNEL_CATEGORY,0.7753975910506314,1
RandomForest,all,MUL_TEXT_SOCIAL_NEWS_CHANNEL_CATEGORY,0.7654951433041045,2
RandomForest,all,MUL_TEXT_SOCIAL_NEWS_CHANNEL_CATEGORY,0.7620017352838412,3
RandomForest,all,MUL_TEXT_SOCIAL_NEWS_CHANNEL_CATEGORY,0.753129097587771,4
RandomForest,ft,MUL_TEXT_SOCIAL_NEWS_CHANNEL_CATEGORY,0.7551992420389917,0
RandomForest,ft,MUL_TEXT_SOCIAL_NEWS_CHANNEL_CATEGORY,0.7750691803336992,1
RandomForest,ft,MUL_TEXT_SOCIAL_NEWS_CHANNEL_CATEGORY,0.7760005226339719,2
RandomForest,ft,MUL_TEXT_SOCIAL_NEWS_CHANNEL_CATEGORY,0.7703852421458768,3
RandomForest,ft,MUL_TEXT_SOCIAL_NEWS_CHANNEL_CATEGORY,0.7551763280143268,4
RandomForest,no_text,MUL_TEXT_SOCIAL_NEWS_CHANNEL_CATEGORY,0.7558594736686218,0
RandomForest,no_text,MUL_TEXT_SOCIAL_NEWS_CHANNEL_CATEGORY,0.7648817569180544,1
RandomForest,no_text,MUL_TEXT_SOCIAL_NEWS_CHANNEL_CATEGORY,0.7672870772763543,2
RandomForest,no_text,MUL_TEXT_SOCIAL_NEWS_CHANNEL_CATEGORY,0.7654533257532877,3
RandomForest,no_text,MUL_TEXT_SOCIAL_NEWS_CHANNEL_CATEGORY,0.7612885803419198,4
RandomForest,text_only,MUL_TEXT_SOCIAL_NEWS_CHANNEL_CATEGORY,0.5861056171398062,0
RandomForest,text_only,MUL_TEXT_SOCIAL_NEWS_CHANNEL_CATEGORY,0.6023282922247553,1
RandomForest,text_only,MUL_TEXT_SOCIAL_NEWS_CHANNEL_CATEGORY,0.5886860582673942,2
RandomForest,text_only,MUL_TEXT_SOCIAL_NEWS_CHANNEL_CATEGORY,0.5876292264434113,3
RandomForest,text_only,MUL_TEXT_SOCIAL_NEWS_CHANNEL_CATEGORY,0.5765052762437859,4
RealMLP,all,MUL_TEXT_SOCIAL_NEWS_CHANNEL_CATEGORY,0.8010970555362927,0
RealMLP,all,MUL_TEXT_SOCIAL_NEWS_CHANNEL_CATEGORY,0.8059017189455476,1
RealMLP,all,MUL_TEXT_SOCIAL_NEWS_CHANNEL_CATEGORY,0.8060172761142329,2
RealMLP,all,MUL_TEXT_SOCIAL_NEWS_CHANNEL_CATEGORY,0.8079706150989076,3
RealMLP,all,MUL_TEXT_SOCIAL_NEWS_CHANNEL_CATEGORY,0.7991007521296204,4
RealMLP,ft,MUL_TEXT_SOCIAL_NEWS_CHANNEL_CATEGORY,0.7998114914503462,0
RealMLP,ft,MUL_TEXT_SOCIAL_NEWS_CHANNEL_CATEGORY,0.8077246393022133,1
RealMLP,ft,MUL_TEXT_SOCIAL_NEWS_CHANNEL_CATEGORY,0.806342592776183,2
RealMLP,ft,MUL_TEXT_SOCIAL_NEWS_CHANNEL_CATEGORY,0.8116192019896019,3
RealMLP,ft,MUL_TEXT_SOCIAL_NEWS_CHANNEL_CATEGORY,0.798760821414736,4
RealMLP,no_text,MUL_TEXT_SOCIAL_NEWS_CHANNEL_CATEGORY,0.7969320337343121,0
RealMLP,no_text,MUL_TEXT_SOCIAL_NEWS_CHANNEL_CATEGORY,0.795532836431835,1
RealMLP,no_text,MUL_TEXT_SOCIAL_NEWS_CHANNEL_CATEGORY,0.795676373378103,2
RealMLP,no_text,MUL_TEXT_SOCIAL_NEWS_CHANNEL_CATEGORY,0.7977903307956046,3
RealMLP,no_text,MUL_TEXT_SOCIAL_NEWS_CHANNEL_CATEGORY,0.7897380835113395,4
RealMLP,text_only,MUL_TEXT_SOCIAL_NEWS_CHANNEL_CATEGORY,0.5996205476766109,0
RealMLP,text_only,MUL_TEXT_SOCIAL_NEWS_CHANNEL_CATEGORY,0.6282278351854803,1
RealMLP,text_only,MUL_TEXT_SOCIAL_NEWS_CHANNEL_CATEGORY,0.6132042285930395,2
RealMLP,text_only,MUL_TEXT_SOCIAL_NEWS_CHANNEL_CATEGORY,0.6010939044607243,3
RealMLP,text_only,MUL_TEXT_SOCIAL_NEWS_CHANNEL_CATEGORY,0.6099883651545154,4
TabDPT,all,MUL_TEXT_SOCIAL_NEWS_CHANNEL_CATEGORY,0.7938072295508407,0
TabDPT,all,MUL_TEXT_SOCIAL_NEWS_CHANNEL_CATEGORY,0.7930994765051943,1
TabDPT,all,MUL_TEXT_SOCIAL_NEWS_CHANNEL_CATEGORY,0.792308469813494,2
TabDPT,all,MUL_TEXT_SOCIAL_NEWS_CHANNEL_CATEGORY,0.8064529003197548,3
TabDPT,all,MUL_TEXT_SOCIAL_NEWS_CHANNEL_CATEGORY,0.7879513294353143,4
TabDPT,ft,MUL_TEXT_SOCIAL_NEWS_CHANNEL_CATEGORY,0.7860814273509157,0
TabDPT,ft,MUL_TEXT_SOCIAL_NEWS_CHANNEL_CATEGORY,0.7962655916108298,1
TabDPT,ft,MUL_TEXT_SOCIAL_NEWS_CHANNEL_CATEGORY,0.7909002679464084,2
TabDPT,ft,MUL_TEXT_SOCIAL_NEWS_CHANNEL_CATEGORY,0.803551512186755,3
TabDPT,ft,MUL_TEXT_SOCIAL_NEWS_CHANNEL_CATEGORY,0.7877918018181308,4
TabDPT,no_text,MUL_TEXT_SOCIAL_NEWS_CHANNEL_CATEGORY,0.8010690786421666,0
TabDPT,no_text,MUL_TEXT_SOCIAL_NEWS_CHANNEL_CATEGORY,0.8057819928900666,1
TabDPT,no_text,MUL_TEXT_SOCIAL_NEWS_CHANNEL_CATEGORY,0.8063970998838831,2
TabDPT,no_text,MUL_TEXT_SOCIAL_NEWS_CHANNEL_CATEGORY,0.8080163058789652,3
TabDPT,no_text,MUL_TEXT_SOCIAL_NEWS_CHANNEL_CATEGORY,0.7997430108686592,4
TabDPT,text_only,MUL_TEXT_SOCIAL_NEWS_CHANNEL_CATEGORY,0.6100971716973732,0
TabDPT,text_only,MUL_TEXT_SOCIAL_NEWS_CHANNEL_CATEGORY,0.6087629374601653,1
TabDPT,text_only,MUL_TEXT_SOCIAL_NEWS_CHANNEL_CATEGORY,0.6122012573938687,2
TabDPT,text_only,MUL_TEXT_SOCIAL_NEWS_CHANNEL_CATEGORY,0.6196511674976192,3
TabDPT,text_only,MUL_TEXT_SOCIAL_NEWS_CHANNEL_CATEGORY,0.6020797633512337,4
TabICLv2,all,MUL_TEXT_SOCIAL_NEWS_CHANNEL_CATEGORY,0.8231171744699962,0
TabICLv2,all,MUL_TEXT_SOCIAL_NEWS_CHANNEL_CATEGORY,0.832192644185194,1
TabICLv2,all,MUL_TEXT_SOCIAL_NEWS_CHANNEL_CATEGORY,0.8324625407754485,2
TabICLv2,all,MUL_TEXT_SOCIAL_NEWS_CHANNEL_CATEGORY,0.832610383331628,3
TabICLv2,all,MUL_TEXT_SOCIAL_NEWS_CHANNEL_CATEGORY,0.821061880350403,4
TabICLv2,ft,MUL_TEXT_SOCIAL_NEWS_CHANNEL_CATEGORY,0.822527144103209,0
TabICLv2,ft,MUL_TEXT_SOCIAL_NEWS_CHANNEL_CATEGORY,0.833202761990902,1
TabICLv2,ft,MUL_TEXT_SOCIAL_NEWS_CHANNEL_CATEGORY,0.8281770871653361,2
TabICLv2,ft,MUL_TEXT_SOCIAL_NEWS_CHANNEL_CATEGORY,0.8330745342394245,3
TabICLv2,ft,MUL_TEXT_SOCIAL_NEWS_CHANNEL_CATEGORY,0.8197797851792541,4
TabICLv2,no_text,MUL_TEXT_SOCIAL_NEWS_CHANNEL_CATEGORY,0.8132591876254526,0
TabICLv2,no_text,MUL_TEXT_SOCIAL_NEWS_CHANNEL_CATEGORY,0.8163994066865025,1
TabICLv2,no_text,MUL_TEXT_SOCIAL_NEWS_CHANNEL_CATEGORY,0.8191559067369187,2
TabICLv2,no_text,MUL_TEXT_SOCIAL_NEWS_CHANNEL_CATEGORY,0.8173791724266711,3
TabICLv2,no_text,MUL_TEXT_SOCIAL_NEWS_CHANNEL_CATEGORY,0.8110086730946335,4
TabICLv2,text_only,MUL_TEXT_SOCIAL_NEWS_CHANNEL_CATEGORY,0.6198133588666354,0
TabICLv2,text_only,MUL_TEXT_SOCIAL_NEWS_CHANNEL_CATEGORY,0.6308191789816899,1
TabICLv2,text_only,MUL_TEXT_SOCIAL_NEWS_CHANNEL_CATEGORY,0.6215919085825623,2
TabICLv2,text_only,MUL_TEXT_SOCIAL_NEWS_CHANNEL_CATEGORY,0.6274665953187811,3
TabICLv2,text_only,MUL_TEXT_SOCIAL_NEWS_CHANNEL_CATEGORY,0.6179727654302093,4
TabM,all,MUL_TEXT_SOCIAL_NEWS_CHANNEL_CATEGORY,0.8130229600889106,0
TabM,all,MUL_TEXT_SOCIAL_NEWS_CHANNEL_CATEGORY,0.8060566781000523,1
TabM,all,MUL_TEXT_SOCIAL_NEWS_CHANNEL_CATEGORY,0.8130387437135601,2
TabM,all,MUL_TEXT_SOCIAL_NEWS_CHANNEL_CATEGORY,0.8139597784904834,3
TabM,all,MUL_TEXT_SOCIAL_NEWS_CHANNEL_CATEGORY,0.8050262938609869,4
TabM,ft,MUL_TEXT_SOCIAL_NEWS_CHANNEL_CATEGORY,0.8117213781995356,0
TabM,ft,MUL_TEXT_SOCIAL_NEWS_CHANNEL_CATEGORY,0.8122086234469279,1
TabM,ft,MUL_TEXT_SOCIAL_NEWS_CHANNEL_CATEGORY,0.8134494170140177,2
TabM,ft,MUL_TEXT_SOCIAL_NEWS_CHANNEL_CATEGORY,0.8141527758611034,3
TabM,ft,MUL_TEXT_SOCIAL_NEWS_CHANNEL_CATEGORY,0.8064430122722465,4
TabM,no_text,MUL_TEXT_SOCIAL_NEWS_CHANNEL_CATEGORY,0.8029729536387408,0
TabM,no_text,MUL_TEXT_SOCIAL_NEWS_CHANNEL_CATEGORY,0.8002722938225234,1
TabM,no_text,MUL_TEXT_SOCIAL_NEWS_CHANNEL_CATEGORY,0.8035674827893811,2
TabM,no_text,MUL_TEXT_SOCIAL_NEWS_CHANNEL_CATEGORY,0.8037909937386146,3
TabM,no_text,MUL_TEXT_SOCIAL_NEWS_CHANNEL_CATEGORY,0.7944959356694139,4
TabM,text_only,MUL_TEXT_SOCIAL_NEWS_CHANNEL_CATEGORY,0.6152524453598686,0
TabM,text_only,MUL_TEXT_SOCIAL_NEWS_CHANNEL_CATEGORY,0.6289815849440553,1
TabM,text_only,MUL_TEXT_SOCIAL_NEWS_CHANNEL_CATEGORY,0.6149323119555039,2
TabM,text_only,MUL_TEXT_SOCIAL_NEWS_CHANNEL_CATEGORY,0.6189971768967034,3
TabM,text_only,MUL_TEXT_SOCIAL_NEWS_CHANNEL_CATEGORY,0.6127581377784718,4
TabPFN-2.5,all,MUL_TEXT_SOCIAL_NEWS_CHANNEL_CATEGORY,0.8222284760529283,0
TabPFN-2.5,all,MUL_TEXT_SOCIAL_NEWS_CHANNEL_CATEGORY,0.8242404975708015,1
TabPFN-2.5,all,MUL_TEXT_SOCIAL_NEWS_CHANNEL_CATEGORY,0.8253486997159128,2
TabPFN-2.5,all,MUL_TEXT_SOCIAL_NEWS_CHANNEL_CATEGORY,0.828729205211737,3
TabPFN-2.5,all,MUL_TEXT_SOCIAL_NEWS_CHANNEL_CATEGORY,0.8207478833233193,4
TabPFN-2.5,ft,MUL_TEXT_SOCIAL_NEWS_CHANNEL_CATEGORY,0.8246771932638682,0
TabPFN-2.5,ft,MUL_TEXT_SOCIAL_NEWS_CHANNEL_CATEGORY,0.8276820130127979,1
TabPFN-2.5,ft,MUL_TEXT_SOCIAL_NEWS_CHANNEL_CATEGORY,0.8275378294429788,2
TabPFN-2.5,ft,MUL_TEXT_SOCIAL_NEWS_CHANNEL_CATEGORY,0.832421580222384,3
TabPFN-2.5,ft,MUL_TEXT_SOCIAL_NEWS_CHANNEL_CATEGORY,0.824398297658757,4
TabPFN-2.5,no_text,MUL_TEXT_SOCIAL_NEWS_CHANNEL_CATEGORY,0.8146813827653562,0
TabPFN-2.5,no_text,MUL_TEXT_SOCIAL_NEWS_CHANNEL_CATEGORY,0.8160770967729672,1
TabPFN-2.5,no_text,MUL_TEXT_SOCIAL_NEWS_CHANNEL_CATEGORY,0.8180731436523447,2
TabPFN-2.5,no_text,MUL_TEXT_SOCIAL_NEWS_CHANNEL_CATEGORY,0.8176304307556075,3
TabPFN-2.5,no_text,MUL_TEXT_SOCIAL_NEWS_CHANNEL_CATEGORY,0.8137026356371507,4
TabPFN-2.5,text_only,MUL_TEXT_SOCIAL_NEWS_CHANNEL_CATEGORY,0.6129254639632865,0
TabPFN-2.5,text_only,MUL_TEXT_SOCIAL_NEWS_CHANNEL_CATEGORY,0.626593322179754,1
TabPFN-2.5,text_only,MUL_TEXT_SOCIAL_NEWS_CHANNEL_CATEGORY,0.6133930799274379,2
TabPFN-2.5,text_only,MUL_TEXT_SOCIAL_NEWS_CHANNEL_CATEGORY,0.619497006025631,3
TabPFN-2.5,text_only,MUL_TEXT_SOCIAL_NEWS_CHANNEL_CATEGORY,0.6165854510719401,4
TabPFNv2,all,MUL_TEXT_SOCIAL_NEWS_CHANNEL_CATEGORY,0.813602630421174,0
TabPFNv2,all,MUL_TEXT_SOCIAL_NEWS_CHANNEL_CATEGORY,0.8204524348717105,1
TabPFNv2,all,MUL_TEXT_SOCIAL_NEWS_CHANNEL_CATEGORY,0.823119144471146,2
TabPFNv2,all,MUL_TEXT_SOCIAL_NEWS_CHANNEL_CATEGORY,0.8204796424205735,3
TabPFNv2,all,MUL_TEXT_SOCIAL_NEWS_CHANNEL_CATEGORY,0.8128540688935303,4
TabPFNv2,ft,MUL_TEXT_SOCIAL_NEWS_CHANNEL_CATEGORY,0.8175811601144997,0
TabPFNv2,ft,MUL_TEXT_SOCIAL_NEWS_CHANNEL_CATEGORY,0.8220775719994844,1
TabPFNv2,ft,MUL_TEXT_SOCIAL_NEWS_CHANNEL_CATEGORY,0.8254779928363821,2
TabPFNv2,ft,MUL_TEXT_SOCIAL_NEWS_CHANNEL_CATEGORY,0.8222726582415979,3
TabPFNv2,ft,MUL_TEXT_SOCIAL_NEWS_CHANNEL_CATEGORY,0.8176562045084538,4
TabPFNv2,no_text,MUL_TEXT_SOCIAL_NEWS_CHANNEL_CATEGORY,0.8125216465365109,0
TabPFNv2,no_text,MUL_TEXT_SOCIAL_NEWS_CHANNEL_CATEGORY,0.812403019066613,1
TabPFNv2,no_text,MUL_TEXT_SOCIAL_NEWS_CHANNEL_CATEGORY,0.8148359779631814,2
TabPFNv2,no_text,MUL_TEXT_SOCIAL_NEWS_CHANNEL_CATEGORY,0.8148932282161582,3
TabPFNv2,no_text,MUL_TEXT_SOCIAL_NEWS_CHANNEL_CATEGORY,0.8075120710420838,4
TabPFNv2,text_only,MUL_TEXT_SOCIAL_NEWS_CHANNEL_CATEGORY,0.5988917833532774,0
TabPFNv2,text_only,MUL_TEXT_SOCIAL_NEWS_CHANNEL_CATEGORY,0.6213777212109213,1
TabPFNv2,text_only,MUL_TEXT_SOCIAL_NEWS_CHANNEL_CATEGORY,0.6070422268776753,2
TabPFNv2,text_only,MUL_TEXT_SOCIAL_NEWS_CHANNEL_CATEGORY,0.6146140425384715,3
TabPFNv2,text_only,MUL_TEXT_SOCIAL_NEWS_CHANNEL_CATEGORY,0.6111315184380317,4
XGBoost,all,MUL_TEXT_SOCIAL_NEWS_CHANNEL_CATEGORY,0.7849518961020072,0
XGBoost,all,MUL_TEXT_SOCIAL_NEWS_CHANNEL_CATEGORY,0.7879128064038031,1
XGBoost,all,MUL_TEXT_SOCIAL_NEWS_CHANNEL_CATEGORY,0.7821324396583531,2
XGBoost,all,MUL_TEXT_SOCIAL_NEWS_CHANNEL_CATEGORY,0.780287105329769,3
XGBoost,all,MUL_TEXT_SOCIAL_NEWS_CHANNEL_CATEGORY,0.7817867685334444,4
XGBoost,ft,MUL_TEXT_SOCIAL_NEWS_CHANNEL_CATEGORY,0.7819881033157627,0
XGBoost,ft,MUL_TEXT_SOCIAL_NEWS_CHANNEL_CATEGORY,0.7880025959727884,1
XGBoost,ft,MUL_TEXT_SOCIAL_NEWS_CHANNEL_CATEGORY,0.7819109357209717,2
XGBoost,ft,MUL_TEXT_SOCIAL_NEWS_CHANNEL_CATEGORY,0.7915573805720052,3
XGBoost,ft,MUL_TEXT_SOCIAL_NEWS_CHANNEL_CATEGORY,0.7846631930045813,4
XGBoost,no_text,MUL_TEXT_SOCIAL_NEWS_CHANNEL_CATEGORY,0.78321857328678,0
XGBoost,no_text,MUL_TEXT_SOCIAL_NEWS_CHANNEL_CATEGORY,0.7822828878761103,1
XGBoost,no_text,MUL_TEXT_SOCIAL_NEWS_CHANNEL_CATEGORY,0.7860944119800384,2
XGBoost,no_text,MUL_TEXT_SOCIAL_NEWS_CHANNEL_CATEGORY,0.7895134642530698,3
XGBoost,no_text,MUL_TEXT_SOCIAL_NEWS_CHANNEL_CATEGORY,0.7829181587890187,4
XGBoost,text_only,MUL_TEXT_SOCIAL_NEWS_CHANNEL_CATEGORY,0.5866397066464281,0
XGBoost,text_only,MUL_TEXT_SOCIAL_NEWS_CHANNEL_CATEGORY,0.5889067012541646,1
XGBoost,text_only,MUL_TEXT_SOCIAL_NEWS_CHANNEL_CATEGORY,0.5841504683221489,2
XGBoost,text_only,MUL_TEXT_SOCIAL_NEWS_CHANNEL_CATEGORY,0.5991597392021316,3
XGBoost,text_only,MUL_TEXT_SOCIAL_NEWS_CHANNEL_CATEGORY,0.5817876562273566,4
CatBoost,all,MUL_TEXT_SOCIAL_SPOTIFY_GENRES,0.9612303646693776,0
CatBoost,all,MUL_TEXT_SOCIAL_SPOTIFY_GENRES,0.9572802831353272,1
CatBoost,all,MUL_TEXT_SOCIAL_SPOTIFY_GENRES,0.9599136226972744,2
CatBoost,all,MUL_TEXT_SOCIAL_SPOTIFY_GENRES,0.9607689358606414,3
CatBoost,all,MUL_TEXT_SOCIAL_SPOTIFY_GENRES,0.9609820977716144,4
CatBoost,ft,MUL_TEXT_SOCIAL_SPOTIFY_GENRES,0.9649895490937046,0
CatBoost,ft,MUL_TEXT_SOCIAL_SPOTIFY_GENRES,0.9610352284847036,1
CatBoost,ft,MUL_TEXT_SOCIAL_SPOTIFY_GENRES,0.9636580978001128,2
CatBoost,ft,MUL_TEXT_SOCIAL_SPOTIFY_GENRES,0.9644800267370816,3
CatBoost,ft,MUL_TEXT_SOCIAL_SPOTIFY_GENRES,0.966308996113442,4
CatBoost,no_text,MUL_TEXT_SOCIAL_SPOTIFY_GENRES,0.9247446904732498,0
CatBoost,no_text,MUL_TEXT_SOCIAL_SPOTIFY_GENRES,0.9187288211815604,1
CatBoost,no_text,MUL_TEXT_SOCIAL_SPOTIFY_GENRES,0.921759856168363,2
CatBoost,no_text,MUL_TEXT_SOCIAL_SPOTIFY_GENRES,0.9269537851777472,3
CatBoost,no_text,MUL_TEXT_SOCIAL_SPOTIFY_GENRES,0.9274326638904686,4
CatBoost,text_only,MUL_TEXT_SOCIAL_SPOTIFY_GENRES,0.9164203678510624,0
CatBoost,text_only,MUL_TEXT_SOCIAL_SPOTIFY_GENRES,0.9161181804866464,1
CatBoost,text_only,MUL_TEXT_SOCIAL_SPOTIFY_GENRES,0.9168819766972662,2
CatBoost,text_only,MUL_TEXT_SOCIAL_SPOTIFY_GENRES,0.9163061320757444,3
CatBoost,text_only,MUL_TEXT_SOCIAL_SPOTIFY_GENRES,0.9193151377235224,4
LightGBM,all,MUL_TEXT_SOCIAL_SPOTIFY_GENRES,0.8972368292737644,0
LightGBM,all,MUL_TEXT_SOCIAL_SPOTIFY_GENRES,0.8938534358105512,1
LightGBM,all,MUL_TEXT_SOCIAL_SPOTIFY_GENRES,0.8975831532128489,2
LightGBM,all,MUL_TEXT_SOCIAL_SPOTIFY_GENRES,0.8963043734580325,3
LightGBM,all,MUL_TEXT_SOCIAL_SPOTIFY_GENRES,0.9016764796937374,4
LightGBM,ft,MUL_TEXT_SOCIAL_SPOTIFY_GENRES,0.9013881569319916,0
LightGBM,ft,MUL_TEXT_SOCIAL_SPOTIFY_GENRES,0.8965479905840478,1
LightGBM,ft,MUL_TEXT_SOCIAL_SPOTIFY_GENRES,0.9013603266579752,2
LightGBM,ft,MUL_TEXT_SOCIAL_SPOTIFY_GENRES,0.901965726110272,3
LightGBM,ft,MUL_TEXT_SOCIAL_SPOTIFY_GENRES,0.9057082596617522,4
LightGBM,no_text,MUL_TEXT_SOCIAL_SPOTIFY_GENRES,0.8630742128098788,0
LightGBM,no_text,MUL_TEXT_SOCIAL_SPOTIFY_GENRES,0.8582416714797456,1
LightGBM,no_text,MUL_TEXT_SOCIAL_SPOTIFY_GENRES,0.8581138768678694,2
LightGBM,no_text,MUL_TEXT_SOCIAL_SPOTIFY_GENRES,0.8669319530764643,3
LightGBM,no_text,MUL_TEXT_SOCIAL_SPOTIFY_GENRES,0.8643943478471311,4
LightGBM,text_only,MUL_TEXT_SOCIAL_SPOTIFY_GENRES,0.8554447598590597,0
LightGBM,text_only,MUL_TEXT_SOCIAL_SPOTIFY_GENRES,0.8533490408614893,1
LightGBM,text_only,MUL_TEXT_SOCIAL_SPOTIFY_GENRES,0.8606350625510581,2
LightGBM,text_only,MUL_TEXT_SOCIAL_SPOTIFY_GENRES,0.8522393465502845,3
LightGBM,text_only,MUL_TEXT_SOCIAL_SPOTIFY_GENRES,0.8532437916318604,4
RandomForest,all,MUL_TEXT_SOCIAL_SPOTIFY_GENRES,0.9185694406611414,0
RandomForest,all,MUL_TEXT_SOCIAL_SPOTIFY_GENRES,0.9202207573114384,1
RandomForest,all,MUL_TEXT_SOCIAL_SPOTIFY_GENRES,0.9096631627011508,2
RandomForest,all,MUL_TEXT_SOCIAL_SPOTIFY_GENRES,0.9193681647203266,3
RandomForest,all,MUL_TEXT_SOCIAL_SPOTIFY_GENRES,0.9208962515115868,4
RandomForest,ft,MUL_TEXT_SOCIAL_SPOTIFY_GENRES,0.9302179777110502,0
RandomForest,ft,MUL_TEXT_SOCIAL_SPOTIFY_GENRES,0.9276363802564864,1
RandomForest,ft,MUL_TEXT_SOCIAL_SPOTIFY_GENRES,0.9232870473344886,2
RandomForest,ft,MUL_TEXT_SOCIAL_SPOTIFY_GENRES,0.9251268587058749,3
RandomForest,ft,MUL_TEXT_SOCIAL_SPOTIFY_GENRES,0.9314295218193428,4
RandomForest,no_text,MUL_TEXT_SOCIAL_SPOTIFY_GENRES,0.8694619651358885,0
RandomForest,no_text,MUL_TEXT_SOCIAL_SPOTIFY_GENRES,0.8606411562219834,1
RandomForest,no_text,MUL_TEXT_SOCIAL_SPOTIFY_GENRES,0.8661490354667022,2
RandomForest,no_text,MUL_TEXT_SOCIAL_SPOTIFY_GENRES,0.8681830248396403,3
RandomForest,no_text,MUL_TEXT_SOCIAL_SPOTIFY_GENRES,0.8732653754096611,4
RandomForest,text_only,MUL_TEXT_SOCIAL_SPOTIFY_GENRES,0.8677630184444712,0
RandomForest,text_only,MUL_TEXT_SOCIAL_SPOTIFY_GENRES,0.8656710633415328,1
RandomForest,text_only,MUL_TEXT_SOCIAL_SPOTIFY_GENRES,0.8590121711102084,2
RandomForest,text_only,MUL_TEXT_SOCIAL_SPOTIFY_GENRES,0.864202181427311,3
RandomForest,text_only,MUL_TEXT_SOCIAL_SPOTIFY_GENRES,0.865766414667847,4
RealMLP,all,MUL_TEXT_SOCIAL_SPOTIFY_GENRES,0.9575669879011396,0
RealMLP,all,MUL_TEXT_SOCIAL_SPOTIFY_GENRES,0.9571212196388328,1
RealMLP,all,MUL_TEXT_SOCIAL_SPOTIFY_GENRES,0.9584389245860124,2
RealMLP,all,MUL_TEXT_SOCIAL_SPOTIFY_GENRES,0.9585563786623508,3
RealMLP,all,MUL_TEXT_SOCIAL_SPOTIFY_GENRES,0.9588042417777356,4
RealMLP,ft,MUL_TEXT_SOCIAL_SPOTIFY_GENRES,0.9614899661379388,0
RealMLP,ft,MUL_TEXT_SOCIAL_SPOTIFY_GENRES,0.9591802336070988,1
RealMLP,ft,MUL_TEXT_SOCIAL_SPOTIFY_GENRES,0.9584872361131472,2
RealMLP,ft,MUL_TEXT_SOCIAL_SPOTIFY_GENRES,0.9615047569117212,3
RealMLP,ft,MUL_TEXT_SOCIAL_SPOTIFY_GENRES,0.9617360231895687,4
RealMLP,no_text,MUL_TEXT_SOCIAL_SPOTIFY_GENRES,0.9266111226861112,0
RealMLP,no_text,MUL_TEXT_SOCIAL_SPOTIFY_GENRES,0.9222972243564452,1
RealMLP,no_text,MUL_TEXT_SOCIAL_SPOTIFY_GENRES,0.9209053037989592,2
RealMLP,no_text,MUL_TEXT_SOCIAL_SPOTIFY_GENRES,0.9262785530581492,3
RealMLP,no_text,MUL_TEXT_SOCIAL_SPOTIFY_GENRES,0.9277399850906676,4
RealMLP,text_only,MUL_TEXT_SOCIAL_SPOTIFY_GENRES,0.9064952172396424,0
RealMLP,text_only,MUL_TEXT_SOCIAL_SPOTIFY_GENRES,0.9047141164737396,1
RealMLP,text_only,MUL_TEXT_SOCIAL_SPOTIFY_GENRES,0.9071398120280282,2
RealMLP,text_only,MUL_TEXT_SOCIAL_SPOTIFY_GENRES,0.9070532506787848,3
RealMLP,text_only,MUL_TEXT_SOCIAL_SPOTIFY_GENRES,0.9063351461416228,4
TabDPT,all,MUL_TEXT_SOCIAL_SPOTIFY_GENRES,0.8578411350492098,0
TabDPT,all,MUL_TEXT_SOCIAL_SPOTIFY_GENRES,0.8551844584259178,1
TabDPT,all,MUL_TEXT_SOCIAL_SPOTIFY_GENRES,0.8647134981522557,2
TabDPT,all,MUL_TEXT_SOCIAL_SPOTIFY_GENRES,0.8603358688346865,3
TabDPT,all,MUL_TEXT_SOCIAL_SPOTIFY_GENRES,0.8675476425846641,4
TabDPT,ft,MUL_TEXT_SOCIAL_SPOTIFY_GENRES,0.873719250828279,0
TabDPT,ft,MUL_TEXT_SOCIAL_SPOTIFY_GENRES,0.8691594893570506,1
TabDPT,ft,MUL_TEXT_SOCIAL_SPOTIFY_GENRES,0.8726058451041957,2
TabDPT,ft,MUL_TEXT_SOCIAL_SPOTIFY_GENRES,0.8783464070651927,3
TabDPT,ft,MUL_TEXT_SOCIAL_SPOTIFY_GENRES,0.8775318150488887,4
TabDPT,no_text,MUL_TEXT_SOCIAL_SPOTIFY_GENRES,0.8105214735999471,0
TabDPT,no_text,MUL_TEXT_SOCIAL_SPOTIFY_GENRES,0.810094907598287,1
TabDPT,no_text,MUL_TEXT_SOCIAL_SPOTIFY_GENRES,0.8038634695432518,2
TabDPT,no_text,MUL_TEXT_SOCIAL_SPOTIFY_GENRES,0.8159100854400563,3
TabDPT,no_text,MUL_TEXT_SOCIAL_SPOTIFY_GENRES,0.8168023699691463,4
TabDPT,text_only,MUL_TEXT_SOCIAL_SPOTIFY_GENRES,0.8166399429797725,0
TabDPT,text_only,MUL_TEXT_SOCIAL_SPOTIFY_GENRES,0.8182463020884876,1
TabDPT,text_only,MUL_TEXT_SOCIAL_SPOTIFY_GENRES,0.8200240354229181,2
TabDPT,text_only,MUL_TEXT_SOCIAL_SPOTIFY_GENRES,0.8214582160999057,3
TabDPT,text_only,MUL_TEXT_SOCIAL_SPOTIFY_GENRES,0.8322715785382028,4
TabICLv2,all,MUL_TEXT_SOCIAL_SPOTIFY_GENRES,0.9753609716259672,0
TabICLv2,all,MUL_TEXT_SOCIAL_SPOTIFY_GENRES,0.9728668961982108,1
TabICLv2,all,MUL_TEXT_SOCIAL_SPOTIFY_GENRES,0.971962713201194,2
TabICLv2,all,MUL_TEXT_SOCIAL_SPOTIFY_GENRES,0.9730077826279662,3
TabICLv2,all,MUL_TEXT_SOCIAL_SPOTIFY_GENRES,0.976050243506224,4
TabICLv2,ft,MUL_TEXT_SOCIAL_SPOTIFY_GENRES,0.9733023343841328,0
TabICLv2,ft,MUL_TEXT_SOCIAL_SPOTIFY_GENRES,0.9693039188729669,1
TabICLv2,ft,MUL_TEXT_SOCIAL_SPOTIFY_GENRES,0.9703924178531804,2
TabICLv2,ft,MUL_TEXT_SOCIAL_SPOTIFY_GENRES,0.9713084757522084,3
TabICLv2,ft,MUL_TEXT_SOCIAL_SPOTIFY_GENRES,0.9730524607044851,4
TabICLv2,no_text,MUL_TEXT_SOCIAL_SPOTIFY_GENRES,0.9369697529961444,0
TabICLv2,no_text,MUL_TEXT_SOCIAL_SPOTIFY_GENRES,0.936333778431466,1
TabICLv2,no_text,MUL_TEXT_SOCIAL_SPOTIFY_GENRES,0.9348203113149388,2
TabICLv2,no_text,MUL_TEXT_SOCIAL_SPOTIFY_GENRES,0.9400358443828152,3
TabICLv2,no_text,MUL_TEXT_SOCIAL_SPOTIFY_GENRES,0.9414376521765928,4
TabICLv2,text_only,MUL_TEXT_SOCIAL_SPOTIFY_GENRES,0.9496958038962032,0
TabICLv2,text_only,MUL_TEXT_SOCIAL_SPOTIFY_GENRES,0.9490794423327312,1
TabICLv2,text_only,MUL_TEXT_SOCIAL_SPOTIFY_GENRES,0.9481028073070604,2
TabICLv2,text_only,MUL_TEXT_SOCIAL_SPOTIFY_GENRES,0.9479000540692863,3
TabICLv2,text_only,MUL_TEXT_SOCIAL_SPOTIFY_GENRES,0.9488131895650428,4
TabM,all,MUL_TEXT_SOCIAL_SPOTIFY_GENRES,0.9597419051028228,0
TabM,all,MUL_TEXT_SOCIAL_SPOTIFY_GENRES,0.9561021577270632,1
TabM,all,MUL_TEXT_SOCIAL_SPOTIFY_GENRES,0.9587911882189126,2
TabM,all,MUL_TEXT_SOCIAL_SPOTIFY_GENRES,0.960388871504114,3
TabM,all,MUL_TEXT_SOCIAL_SPOTIFY_GENRES,0.961102499009658,4
TabM,ft,MUL_TEXT_SOCIAL_SPOTIFY_GENRES,0.9636959663226456,0
TabM,ft,MUL_TEXT_SOCIAL_SPOTIFY_GENRES,0.9602157195943948,1
TabM,ft,MUL_TEXT_SOCIAL_SPOTIFY_GENRES,0.9624345804562676,2
TabM,ft,MUL_TEXT_SOCIAL_SPOTIFY_GENRES,0.96238272589111,3
TabM,ft,MUL_TEXT_SOCIAL_SPOTIFY_GENRES,0.962992066846707,4
TabM,no_text,MUL_TEXT_SOCIAL_SPOTIFY_GENRES,0.9211260598863704,0
TabM,no_text,MUL_TEXT_SOCIAL_SPOTIFY_GENRES,0.9181119479401396,1
TabM,no_text,MUL_TEXT_SOCIAL_SPOTIFY_GENRES,0.9206204757290052,2
TabM,no_text,MUL_TEXT_SOCIAL_SPOTIFY_GENRES,0.9239854584137396,3
TabM,no_text,MUL_TEXT_SOCIAL_SPOTIFY_GENRES,0.9200975464451728,4
TabM,text_only,MUL_TEXT_SOCIAL_SPOTIFY_GENRES,0.9188798685688886,0
TabM,text_only,MUL_TEXT_SOCIAL_SPOTIFY_GENRES,0.916822413266027,1
TabM,text_only,MUL_TEXT_SOCIAL_SPOTIFY_GENRES,0.9171056156379096,2
TabM,text_only,MUL_TEXT_SOCIAL_SPOTIFY_GENRES,0.919711880304238,3
TabM,text_only,MUL_TEXT_SOCIAL_SPOTIFY_GENRES,0.922465960217096,4
XGBoost,all,MUL_TEXT_SOCIAL_SPOTIFY_GENRES,0.9294002701581848,0
XGBoost,all,MUL_TEXT_SOCIAL_SPOTIFY_GENRES,0.9300567233502528,1
XGBoost,all,MUL_TEXT_SOCIAL_SPOTIFY_GENRES,0.9328124997355126,2
XGBoost,all,MUL_TEXT_SOCIAL_SPOTIFY_GENRES,0.9290520555521768,3
XGBoost,all,MUL_TEXT_SOCIAL_SPOTIFY_GENRES,0.9319409726533832,4
XGBoost,ft,MUL_TEXT_SOCIAL_SPOTIFY_GENRES,0.9361178674043782,0
XGBoost,ft,MUL_TEXT_SOCIAL_SPOTIFY_GENRES,0.9339908767761148,1
XGBoost,ft,MUL_TEXT_SOCIAL_SPOTIFY_GENRES,0.9360002074709066,2
XGBoost,ft,MUL_TEXT_SOCIAL_SPOTIFY_GENRES,0.9366142736770124,3
XGBoost,ft,MUL_TEXT_SOCIAL_SPOTIFY_GENRES,0.9367080985906234,4
XGBoost,no_text,MUL_TEXT_SOCIAL_SPOTIFY_GENRES,0.9015079028209622,0
XGBoost,no_text,MUL_TEXT_SOCIAL_SPOTIFY_GENRES,0.8945707077619501,1
XGBoost,no_text,MUL_TEXT_SOCIAL_SPOTIFY_GENRES,0.9028798703125476,2
XGBoost,no_text,MUL_TEXT_SOCIAL_SPOTIFY_GENRES,0.9038485428376802,3
XGBoost,no_text,MUL_TEXT_SOCIAL_SPOTIFY_GENRES,0.9081554433267276,4
XGBoost,text_only,MUL_TEXT_SOCIAL_SPOTIFY_GENRES,0.8745834883841475,0
XGBoost,text_only,MUL_TEXT_SOCIAL_SPOTIFY_GENRES,0.8800409886576201,1
XGBoost,text_only,MUL_TEXT_SOCIAL_SPOTIFY_GENRES,0.8795129696721288,2
XGBoost,text_only,MUL_TEXT_SOCIAL_SPOTIFY_GENRES,0.8826331933014163,3
XGBoost,text_only,MUL_TEXT_SOCIAL_SPOTIFY_GENRES,0.8800598344646493,4
CatBoost,all,MUL_TEXT_TRANSPORTATION_US_ACCIDENTS_MARCH23,0.9724220567615828,0
CatBoost,all,MUL_TEXT_TRANSPORTATION_US_ACCIDENTS_MARCH23,0.9780215712087516,1
CatBoost,all,MUL_TEXT_TRANSPORTATION_US_ACCIDENTS_MARCH23,0.9492936648873268,2
CatBoost,all,MUL_TEXT_TRANSPORTATION_US_ACCIDENTS_MARCH23,0.973694719790576,3
CatBoost,all,MUL_TEXT_TRANSPORTATION_US_ACCIDENTS_MARCH23,0.9689628983331426,4
CatBoost,ft,MUL_TEXT_TRANSPORTATION_US_ACCIDENTS_MARCH23,0.9772835014241126,0
CatBoost,ft,MUL_TEXT_TRANSPORTATION_US_ACCIDENTS_MARCH23,0.9784425131602784,1
CatBoost,ft,MUL_TEXT_TRANSPORTATION_US_ACCIDENTS_MARCH23,0.9675233533371732,2
CatBoost,ft,MUL_TEXT_TRANSPORTATION_US_ACCIDENTS_MARCH23,0.9797120715172544,3
CatBoost,ft,MUL_TEXT_TRANSPORTATION_US_ACCIDENTS_MARCH23,0.9732496778634594,4
CatBoost,no_text,MUL_TEXT_TRANSPORTATION_US_ACCIDENTS_MARCH23,0.8542136305219069,0
CatBoost,no_text,MUL_TEXT_TRANSPORTATION_US_ACCIDENTS_MARCH23,0.8733625978477576,1
CatBoost,no_text,MUL_TEXT_TRANSPORTATION_US_ACCIDENTS_MARCH23,0.85045964845131,2
CatBoost,no_text,MUL_TEXT_TRANSPORTATION_US_ACCIDENTS_MARCH23,0.8740589016961622,3
CatBoost,no_text,MUL_TEXT_TRANSPORTATION_US_ACCIDENTS_MARCH23,0.8736663863815757,4
CatBoost,text_only,MUL_TEXT_TRANSPORTATION_US_ACCIDENTS_MARCH23,0.9587994919857776,0
CatBoost,text_only,MUL_TEXT_TRANSPORTATION_US_ACCIDENTS_MARCH23,0.9698353030807884,1
CatBoost,text_only,MUL_TEXT_TRANSPORTATION_US_ACCIDENTS_MARCH23,0.9492356539666612,2
CatBoost,text_only,MUL_TEXT_TRANSPORTATION_US_ACCIDENTS_MARCH23,0.95945505786034,3
CatBoost,text_only,MUL_TEXT_TRANSPORTATION_US_ACCIDENTS_MARCH23,0.9536603503582042,4
LightGBM,all,MUL_TEXT_TRANSPORTATION_US_ACCIDENTS_MARCH23,0.9728580090524296,0
LightGBM,all,MUL_TEXT_TRANSPORTATION_US_ACCIDENTS_MARCH23,0.9768346259729156,1
LightGBM,all,MUL_TEXT_TRANSPORTATION_US_ACCIDENTS_MARCH23,0.959696388151126,2
LightGBM,all,MUL_TEXT_TRANSPORTATION_US_ACCIDENTS_MARCH23,0.9707115783994752,3
LightGBM,all,MUL_TEXT_TRANSPORTATION_US_ACCIDENTS_MARCH23,0.9728948334778232,4
LightGBM,ft,MUL_TEXT_TRANSPORTATION_US_ACCIDENTS_MARCH23,0.975702989475874,0
LightGBM,ft,MUL_TEXT_TRANSPORTATION_US_ACCIDENTS_MARCH23,0.9831334151276638,1
LightGBM,ft,MUL_TEXT_TRANSPORTATION_US_ACCIDENTS_MARCH23,0.9694332734981448,2
LightGBM,ft,MUL_TEXT_TRANSPORTATION_US_ACCIDENTS_MARCH23,0.9810374702902598,3
LightGBM,ft,MUL_TEXT_TRANSPORTATION_US_ACCIDENTS_MARCH23,0.9783413151966746,4
LightGBM,no_text,MUL_TEXT_TRANSPORTATION_US_ACCIDENTS_MARCH23,0.8528801113538056,0
LightGBM,no_text,MUL_TEXT_TRANSPORTATION_US_ACCIDENTS_MARCH23,0.8525979687077331,1
LightGBM,no_text,MUL_TEXT_TRANSPORTATION_US_ACCIDENTS_MARCH23,0.8525025129538464,2
LightGBM,no_text,MUL_TEXT_TRANSPORTATION_US_ACCIDENTS_MARCH23,0.8721202929461651,3
LightGBM,no_text,MUL_TEXT_TRANSPORTATION_US_ACCIDENTS_MARCH23,0.8565249662405394,4
LightGBM,text_only,MUL_TEXT_TRANSPORTATION_US_ACCIDENTS_MARCH23,0.96339329736103,0
LightGBM,text_only,MUL_TEXT_TRANSPORTATION_US_ACCIDENTS_MARCH23,0.97046881733215,1
LightGBM,text_only,MUL_TEXT_TRANSPORTATION_US_ACCIDENTS_MARCH23,0.9547863780213844,2
LightGBM,text_only,MUL_TEXT_TRANSPORTATION_US_ACCIDENTS_MARCH23,0.9652842624560456,3
LightGBM,text_only,MUL_TEXT_TRANSPORTATION_US_ACCIDENTS_MARCH23,0.9606270150935357,4
RandomForest,all,MUL_TEXT_TRANSPORTATION_US_ACCIDENTS_MARCH23,0.9476564890449046,0
RandomForest,all,MUL_TEXT_TRANSPORTATION_US_ACCIDENTS_MARCH23,0.950132650264206,1
RandomForest,all,MUL_TEXT_TRANSPORTATION_US_ACCIDENTS_MARCH23,0.9624096495685472,2
RandomForest,all,MUL_TEXT_TRANSPORTATION_US_ACCIDENTS_MARCH23,0.9275828840245048,3
RandomForest,all,MUL_TEXT_TRANSPORTATION_US_ACCIDENTS_MARCH23,0.9601393898816576,4
RandomForest,ft,MUL_TEXT_TRANSPORTATION_US_ACCIDENTS_MARCH23,0.9684960958656555,0
RandomForest,ft,MUL_TEXT_TRANSPORTATION_US_ACCIDENTS_MARCH23,0.973089958602484,1
RandomForest,ft,MUL_TEXT_TRANSPORTATION_US_ACCIDENTS_MARCH23,0.9698295404850682,2
RandomForest,ft,MUL_TEXT_TRANSPORTATION_US_ACCIDENTS_MARCH23,0.969754870501523,3
RandomForest,ft,MUL_TEXT_TRANSPORTATION_US_ACCIDENTS_MARCH23,0.983198806005015,4
RandomForest,no_text,MUL_TEXT_TRANSPORTATION_US_ACCIDENTS_MARCH23,0.830451995227171,0
RandomForest,no_text,MUL_TEXT_TRANSPORTATION_US_ACCIDENTS_MARCH23,0.8334388156083521,1
RandomForest,no_text,MUL_TEXT_TRANSPORTATION_US_ACCIDENTS_MARCH23,0.847283970580492,2
RandomForest,no_text,MUL_TEXT_TRANSPORTATION_US_ACCIDENTS_MARCH23,0.8361417327310918,3
RandomForest,no_text,MUL_TEXT_TRANSPORTATION_US_ACCIDENTS_MARCH23,0.8263454280369118,4
RandomForest,text_only,MUL_TEXT_TRANSPORTATION_US_ACCIDENTS_MARCH23,0.9307396398347574,0
RandomForest,text_only,MUL_TEXT_TRANSPORTATION_US_ACCIDENTS_MARCH23,0.9400865586382544,1
RandomForest,text_only,MUL_TEXT_TRANSPORTATION_US_ACCIDENTS_MARCH23,0.938503226532516,2
RandomForest,text_only,MUL_TEXT_TRANSPORTATION_US_ACCIDENTS_MARCH23,0.925068895519057,3
RandomForest,text_only,MUL_TEXT_TRANSPORTATION_US_ACCIDENTS_MARCH23,0.9520123700903084,4
RealMLP,all,MUL_TEXT_TRANSPORTATION_US_ACCIDENTS_MARCH23,0.970578708116068,0
RealMLP,all,MUL_TEXT_TRANSPORTATION_US_ACCIDENTS_MARCH23,0.9647354538554418,1
RealMLP,all,MUL_TEXT_TRANSPORTATION_US_ACCIDENTS_MARCH23,0.9608411405911466,2
RealMLP,all,MUL_TEXT_TRANSPORTATION_US_ACCIDENTS_MARCH23,0.9485554445251324,3
RealMLP,all,MUL_TEXT_TRANSPORTATION_US_ACCIDENTS_MARCH23,0.9742000674565628,4
RealMLP,ft,MUL_TEXT_TRANSPORTATION_US_ACCIDENTS_MARCH23,0.9726991129911045,0
RealMLP,ft,MUL_TEXT_TRANSPORTATION_US_ACCIDENTS_MARCH23,0.9780346912116128,1
RealMLP,ft,MUL_TEXT_TRANSPORTATION_US_ACCIDENTS_MARCH23,0.971542248493573,2
RealMLP,ft,MUL_TEXT_TRANSPORTATION_US_ACCIDENTS_MARCH23,0.9595852155988908,3
RealMLP,ft,MUL_TEXT_TRANSPORTATION_US_ACCIDENTS_MARCH23,0.9821744384044128,4
RealMLP,no_text,MUL_TEXT_TRANSPORTATION_US_ACCIDENTS_MARCH23,0.8474879936656612,0
RealMLP,no_text,MUL_TEXT_TRANSPORTATION_US_ACCIDENTS_MARCH23,0.8521165955979224,1
RealMLP,no_text,MUL_TEXT_TRANSPORTATION_US_ACCIDENTS_MARCH23,0.8670240733174099,2
RealMLP,no_text,MUL_TEXT_TRANSPORTATION_US_ACCIDENTS_MARCH23,0.8178097186434334,3
RealMLP,no_text,MUL_TEXT_TRANSPORTATION_US_ACCIDENTS_MARCH23,0.851642842431103,4
RealMLP,text_only,MUL_TEXT_TRANSPORTATION_US_ACCIDENTS_MARCH23,0.968229905726266,0
RealMLP,text_only,MUL_TEXT_TRANSPORTATION_US_ACCIDENTS_MARCH23,0.9630599912547694,1
RealMLP,text_only,MUL_TEXT_TRANSPORTATION_US_ACCIDENTS_MARCH23,0.9502026289118888,2
RealMLP,text_only,MUL_TEXT_TRANSPORTATION_US_ACCIDENTS_MARCH23,0.9544422367604888,3
RealMLP,text_only,MUL_TEXT_TRANSPORTATION_US_ACCIDENTS_MARCH23,0.9593439494016568,4
TabDPT,all,MUL_TEXT_TRANSPORTATION_US_ACCIDENTS_MARCH23,0.9250631622067886,0
TabDPT,all,MUL_TEXT_TRANSPORTATION_US_ACCIDENTS_MARCH23,0.9358818267500938,1
TabDPT,all,MUL_TEXT_TRANSPORTATION_US_ACCIDENTS_MARCH23,0.926775460750592,2
TabDPT,all,MUL_TEXT_TRANSPORTATION_US_ACCIDENTS_MARCH23,0.9273053482605264,3
TabDPT,all,MUL_TEXT_TRANSPORTATION_US_ACCIDENTS_MARCH23,0.9395449587528092,4
TabDPT,ft,MUL_TEXT_TRANSPORTATION_US_ACCIDENTS_MARCH23,0.9559096927517255,0
TabDPT,ft,MUL_TEXT_TRANSPORTATION_US_ACCIDENTS_MARCH23,0.957137952110093,1
TabDPT,ft,MUL_TEXT_TRANSPORTATION_US_ACCIDENTS_MARCH23,0.950885229510822,2
TabDPT,ft,MUL_TEXT_TRANSPORTATION_US_ACCIDENTS_MARCH23,0.94381820788752,3
TabDPT,ft,MUL_TEXT_TRANSPORTATION_US_ACCIDENTS_MARCH23,0.9619381934330188,4
TabDPT,no_text,MUL_TEXT_TRANSPORTATION_US_ACCIDENTS_MARCH23,0.8512812103010813,0
TabDPT,no_text,MUL_TEXT_TRANSPORTATION_US_ACCIDENTS_MARCH23,0.8538405888690395,1
TabDPT,no_text,MUL_TEXT_TRANSPORTATION_US_ACCIDENTS_MARCH23,0.8686200169696199,2
TabDPT,no_text,MUL_TEXT_TRANSPORTATION_US_ACCIDENTS_MARCH23,0.830295270078162,3
TabDPT,no_text,MUL_TEXT_TRANSPORTATION_US_ACCIDENTS_MARCH23,0.8301324870265021,4
TabDPT,text_only,MUL_TEXT_TRANSPORTATION_US_ACCIDENTS_MARCH23,0.9058478787358142,0
TabDPT,text_only,MUL_TEXT_TRANSPORTATION_US_ACCIDENTS_MARCH23,0.9001851592777428,1
TabDPT,text_only,MUL_TEXT_TRANSPORTATION_US_ACCIDENTS_MARCH23,0.9069746293865376,2
TabDPT,text_only,MUL_TEXT_TRANSPORTATION_US_ACCIDENTS_MARCH23,0.9112177411835304,3
TabDPT,text_only,MUL_TEXT_TRANSPORTATION_US_ACCIDENTS_MARCH23,0.9131345970438868,4
TabICLv2,all,MUL_TEXT_TRANSPORTATION_US_ACCIDENTS_MARCH23,0.9818008245058656,0
TabICLv2,all,MUL_TEXT_TRANSPORTATION_US_ACCIDENTS_MARCH23,0.97580698223781,1
TabICLv2,all,MUL_TEXT_TRANSPORTATION_US_ACCIDENTS_MARCH23,0.9764224558498504,2
TabICLv2,all,MUL_TEXT_TRANSPORTATION_US_ACCIDENTS_MARCH23,0.979262916930362,3
TabICLv2,all,MUL_TEXT_TRANSPORTATION_US_ACCIDENTS_MARCH23,0.9836216916296064,4
TabICLv2,ft,MUL_TEXT_TRANSPORTATION_US_ACCIDENTS_MARCH23,0.9822632103645168,0
TabICLv2,ft,MUL_TEXT_TRANSPORTATION_US_ACCIDENTS_MARCH23,0.980296729356226,1
TabICLv2,ft,MUL_TEXT_TRANSPORTATION_US_ACCIDENTS_MARCH23,0.978302854852634,2
TabICLv2,ft,MUL_TEXT_TRANSPORTATION_US_ACCIDENTS_MARCH23,0.9814357338553408,3
TabICLv2,ft,MUL_TEXT_TRANSPORTATION_US_ACCIDENTS_MARCH23,0.9894871241035182,4
TabICLv2,no_text,MUL_TEXT_TRANSPORTATION_US_ACCIDENTS_MARCH23,0.8818327584893274,0
TabICLv2,no_text,MUL_TEXT_TRANSPORTATION_US_ACCIDENTS_MARCH23,0.8807315936982749,1
TabICLv2,no_text,MUL_TEXT_TRANSPORTATION_US_ACCIDENTS_MARCH23,0.8960765288691483,2
TabICLv2,no_text,MUL_TEXT_TRANSPORTATION_US_ACCIDENTS_MARCH23,0.8561469328405807,3
TabICLv2,no_text,MUL_TEXT_TRANSPORTATION_US_ACCIDENTS_MARCH23,0.8656320040037271,4
TabICLv2,text_only,MUL_TEXT_TRANSPORTATION_US_ACCIDENTS_MARCH23,0.9812580784195116,0
TabICLv2,text_only,MUL_TEXT_TRANSPORTATION_US_ACCIDENTS_MARCH23,0.9722416832673124,1
TabICLv2,text_only,MUL_TEXT_TRANSPORTATION_US_ACCIDENTS_MARCH23,0.972654711808386,2
TabICLv2,text_only,MUL_TEXT_TRANSPORTATION_US_ACCIDENTS_MARCH23,0.9754858616117322,3
TabICLv2,text_only,MUL_TEXT_TRANSPORTATION_US_ACCIDENTS_MARCH23,0.9809694790120644,4
TabM,all,MUL_TEXT_TRANSPORTATION_US_ACCIDENTS_MARCH23,0.9707636204423864,0
TabM,all,MUL_TEXT_TRANSPORTATION_US_ACCIDENTS_MARCH23,0.9762933167512746,1
TabM,all,MUL_TEXT_TRANSPORTATION_US_ACCIDENTS_MARCH23,0.9482021843367828,2
TabM,all,MUL_TEXT_TRANSPORTATION_US_ACCIDENTS_MARCH23,0.971334979708481,3
TabM,all,MUL_TEXT_TRANSPORTATION_US_ACCIDENTS_MARCH23,0.9632983455588396,4
TabM,ft,MUL_TEXT_TRANSPORTATION_US_ACCIDENTS_MARCH23,0.9642255815346108,0
TabM,ft,MUL_TEXT_TRANSPORTATION_US_ACCIDENTS_MARCH23,0.9741310821371516,1
TabM,ft,MUL_TEXT_TRANSPORTATION_US_ACCIDENTS_MARCH23,0.9582572500193012,2
TabM,ft,MUL_TEXT_TRANSPORTATION_US_ACCIDENTS_MARCH23,0.8876743728079782,3
TabM,ft,MUL_TEXT_TRANSPORTATION_US_ACCIDENTS_MARCH23,0.96355265704876,4
TabM,no_text,MUL_TEXT_TRANSPORTATION_US_ACCIDENTS_MARCH23,0.8294336679113208,0
TabM,no_text,MUL_TEXT_TRANSPORTATION_US_ACCIDENTS_MARCH23,0.8661407198226146,1
TabM,no_text,MUL_TEXT_TRANSPORTATION_US_ACCIDENTS_MARCH23,0.8306888693089072,2
TabM,no_text,MUL_TEXT_TRANSPORTATION_US_ACCIDENTS_MARCH23,0.790554135072691,3
TabM,no_text,MUL_TEXT_TRANSPORTATION_US_ACCIDENTS_MARCH23,0.850723431396486,4
TabM,text_only,MUL_TEXT_TRANSPORTATION_US_ACCIDENTS_MARCH23,0.963267338820914,0
TabM,text_only,MUL_TEXT_TRANSPORTATION_US_ACCIDENTS_MARCH23,0.9646845636748316,1
TabM,text_only,MUL_TEXT_TRANSPORTATION_US_ACCIDENTS_MARCH23,0.9482219820491192,2
TabM,text_only,MUL_TEXT_TRANSPORTATION_US_ACCIDENTS_MARCH23,0.9620949757090403,3
TabM,text_only,MUL_TEXT_TRANSPORTATION_US_ACCIDENTS_MARCH23,0.9556744675742954,4
TabPFN-2.5,all,MUL_TEXT_TRANSPORTATION_US_ACCIDENTS_MARCH23,0.9811359007082032,0
TabPFN-2.5,all,MUL_TEXT_TRANSPORTATION_US_ACCIDENTS_MARCH23,0.987067983394894,1
TabPFN-2.5,all,MUL_TEXT_TRANSPORTATION_US_ACCIDENTS_MARCH23,0.9686849587857564,2
TabPFN-2.5,all,MUL_TEXT_TRANSPORTATION_US_ACCIDENTS_MARCH23,0.9832592604458248,3
TabPFN-2.5,all,MUL_TEXT_TRANSPORTATION_US_ACCIDENTS_MARCH23,0.9802932222902276,4
TabPFN-2.5,ft,MUL_TEXT_TRANSPORTATION_US_ACCIDENTS_MARCH23,0.9837170688464856,0
TabPFN-2.5,ft,MUL_TEXT_TRANSPORTATION_US_ACCIDENTS_MARCH23,0.9898608245401884,1
TabPFN-2.5,ft,MUL_TEXT_TRANSPORTATION_US_ACCIDENTS_MARCH23,0.9733681520780308,2
TabPFN-2.5,ft,MUL_TEXT_TRANSPORTATION_US_ACCIDENTS_MARCH23,0.986316204105846,3
TabPFN-2.5,ft,MUL_TEXT_TRANSPORTATION_US_ACCIDENTS_MARCH23,0.9828962195743828,4
TabPFN-2.5,no_text,MUL_TEXT_TRANSPORTATION_US_ACCIDENTS_MARCH23,0.8492284460397375,0
TabPFN-2.5,no_text,MUL_TEXT_TRANSPORTATION_US_ACCIDENTS_MARCH23,0.8789073458864779,1
TabPFN-2.5,no_text,MUL_TEXT_TRANSPORTATION_US_ACCIDENTS_MARCH23,0.8430339625378224,2
TabPFN-2.5,no_text,MUL_TEXT_TRANSPORTATION_US_ACCIDENTS_MARCH23,0.8858476760328312,3
TabPFN-2.5,no_text,MUL_TEXT_TRANSPORTATION_US_ACCIDENTS_MARCH23,0.8715105959676908,4
TabPFN-2.5,text_only,MUL_TEXT_TRANSPORTATION_US_ACCIDENTS_MARCH23,0.9772478765129404,0
TabPFN-2.5,text_only,MUL_TEXT_TRANSPORTATION_US_ACCIDENTS_MARCH23,0.9827418875756884,1
TabPFN-2.5,text_only,MUL_TEXT_TRANSPORTATION_US_ACCIDENTS_MARCH23,0.9677747840772292,2
TabPFN-2.5,text_only,MUL_TEXT_TRANSPORTATION_US_ACCIDENTS_MARCH23,0.9757685273510738,3
TabPFN-2.5,text_only,MUL_TEXT_TRANSPORTATION_US_ACCIDENTS_MARCH23,0.971319470644515,4
TabPFNv2,all,MUL_TEXT_TRANSPORTATION_US_ACCIDENTS_MARCH23,0.9767280738052688,0
TabPFNv2,all,MUL_TEXT_TRANSPORTATION_US_ACCIDENTS_MARCH23,0.9832817430422092,1
TabPFNv2,all,MUL_TEXT_TRANSPORTATION_US_ACCIDENTS_MARCH23,0.9631296329926264,2
TabPFNv2,all,MUL_TEXT_TRANSPORTATION_US_ACCIDENTS_MARCH23,0.9790132793754897,3
TabPFNv2,all,MUL_TEXT_TRANSPORTATION_US_ACCIDENTS_MARCH23,0.9746932067191862,4
TabPFNv2,ft,MUL_TEXT_TRANSPORTATION_US_ACCIDENTS_MARCH23,0.9769803382396508,0
TabPFNv2,ft,MUL_TEXT_TRANSPORTATION_US_ACCIDENTS_MARCH23,0.9853754371934306,1
TabPFNv2,ft,MUL_TEXT_TRANSPORTATION_US_ACCIDENTS_MARCH23,0.9733706185190522,2
TabPFNv2,ft,MUL_TEXT_TRANSPORTATION_US_ACCIDENTS_MARCH23,0.984189982420347,3
TabPFNv2,ft,MUL_TEXT_TRANSPORTATION_US_ACCIDENTS_MARCH23,0.979257689729973,4
TabPFNv2,no_text,MUL_TEXT_TRANSPORTATION_US_ACCIDENTS_MARCH23,0.8418640878175252,0
TabPFNv2,no_text,MUL_TEXT_TRANSPORTATION_US_ACCIDENTS_MARCH23,0.8619060594094463,1
TabPFNv2,no_text,MUL_TEXT_TRANSPORTATION_US_ACCIDENTS_MARCH23,0.8378178326793119,2
TabPFNv2,no_text,MUL_TEXT_TRANSPORTATION_US_ACCIDENTS_MARCH23,0.8681427647824022,3
TabPFNv2,no_text,MUL_TEXT_TRANSPORTATION_US_ACCIDENTS_MARCH23,0.862546178868101,4
TabPFNv2,text_only,MUL_TEXT_TRANSPORTATION_US_ACCIDENTS_MARCH23,0.9704869761487456,0
TabPFNv2,text_only,MUL_TEXT_TRANSPORTATION_US_ACCIDENTS_MARCH23,0.9737366107828735,1
TabPFNv2,text_only,MUL_TEXT_TRANSPORTATION_US_ACCIDENTS_MARCH23,0.9619913228667676,2
TabPFNv2,text_only,MUL_TEXT_TRANSPORTATION_US_ACCIDENTS_MARCH23,0.9671060960184809,3
TabPFNv2,text_only,MUL_TEXT_TRANSPORTATION_US_ACCIDENTS_MARCH23,0.9642765979145675,4
XGBoost,all,MUL_TEXT_TRANSPORTATION_US_ACCIDENTS_MARCH23,0.9690878687466228,0
XGBoost,all,MUL_TEXT_TRANSPORTATION_US_ACCIDENTS_MARCH23,0.9669932642967816,1
XGBoost,all,MUL_TEXT_TRANSPORTATION_US_ACCIDENTS_MARCH23,0.9695583566844228,2
XGBoost,all,MUL_TEXT_TRANSPORTATION_US_ACCIDENTS_MARCH23,0.962856031839562,3
XGBoost,all,MUL_TEXT_TRANSPORTATION_US_ACCIDENTS_MARCH23,0.9728997474577792,4
XGBoost,ft,MUL_TEXT_TRANSPORTATION_US_ACCIDENTS_MARCH23,0.9708158528067548,0
XGBoost,ft,MUL_TEXT_TRANSPORTATION_US_ACCIDENTS_MARCH23,0.9640750960415048,1
XGBoost,ft,MUL_TEXT_TRANSPORTATION_US_ACCIDENTS_MARCH23,0.974168522118648,2
XGBoost,ft,MUL_TEXT_TRANSPORTATION_US_ACCIDENTS_MARCH23,0.9643131722112308,3
XGBoost,ft,MUL_TEXT_TRANSPORTATION_US_ACCIDENTS_MARCH23,0.9814588541357736,4
XGBoost,no_text,MUL_TEXT_TRANSPORTATION_US_ACCIDENTS_MARCH23,0.8582985114298078,0
XGBoost,no_text,MUL_TEXT_TRANSPORTATION_US_ACCIDENTS_MARCH23,0.8775150872166043,1
XGBoost,no_text,MUL_TEXT_TRANSPORTATION_US_ACCIDENTS_MARCH23,0.8790937115847587,2
XGBoost,no_text,MUL_TEXT_TRANSPORTATION_US_ACCIDENTS_MARCH23,0.8476477632945427,3
XGBoost,no_text,MUL_TEXT_TRANSPORTATION_US_ACCIDENTS_MARCH23,0.8511001953794091,4
XGBoost,text_only,MUL_TEXT_TRANSPORTATION_US_ACCIDENTS_MARCH23,0.9667401601875992,0
XGBoost,text_only,MUL_TEXT_TRANSPORTATION_US_ACCIDENTS_MARCH23,0.9593371038069052,1
XGBoost,text_only,MUL_TEXT_TRANSPORTATION_US_ACCIDENTS_MARCH23,0.9603941271734588,2
XGBoost,text_only,MUL_TEXT_TRANSPORTATION_US_ACCIDENTS_MARCH23,0.9588807317410374,3
XGBoost,text_only,MUL_TEXT_TRANSPORTATION_US_ACCIDENTS_MARCH23,0.9687559819798416,4
CatBoost,all,REG_TEXT_CONSUMER_AMERICAN_EAGLE_PRICES,0.9716563647040056,0
CatBoost,all,REG_TEXT_CONSUMER_AMERICAN_EAGLE_PRICES,0.9673629903988404,1
CatBoost,all,REG_TEXT_CONSUMER_AMERICAN_EAGLE_PRICES,0.970642381871338,2
CatBoost,all,REG_TEXT_CONSUMER_AMERICAN_EAGLE_PRICES,0.9690197055388448,3
CatBoost,all,REG_TEXT_CONSUMER_AMERICAN_EAGLE_PRICES,0.9685812925221368,4
CatBoost,ft,REG_TEXT_CONSUMER_AMERICAN_EAGLE_PRICES,0.9712317561140178,0
CatBoost,ft,REG_TEXT_CONSUMER_AMERICAN_EAGLE_PRICES,0.9686659716633604,1
CatBoost,ft,REG_TEXT_CONSUMER_AMERICAN_EAGLE_PRICES,0.9712769354516564,2
CatBoost,ft,REG_TEXT_CONSUMER_AMERICAN_EAGLE_PRICES,0.9695812527171768,3
CatBoost,ft,REG_TEXT_CONSUMER_AMERICAN_EAGLE_PRICES,0.9677229267782448,4
CatBoost,no_text,REG_TEXT_CONSUMER_AMERICAN_EAGLE_PRICES,0.9611465784050172,0
CatBoost,no_text,REG_TEXT_CONSUMER_AMERICAN_EAGLE_PRICES,0.962558092467041,1
CatBoost,no_text,REG_TEXT_CONSUMER_AMERICAN_EAGLE_PRICES,0.9605996308982706,2
CatBoost,no_text,REG_TEXT_CONSUMER_AMERICAN_EAGLE_PRICES,0.961381454975597,3
CatBoost,no_text,REG_TEXT_CONSUMER_AMERICAN_EAGLE_PRICES,0.9582885600450513,4
CatBoost,text_only,REG_TEXT_CONSUMER_AMERICAN_EAGLE_PRICES,0.9594299261039796,0
CatBoost,text_only,REG_TEXT_CONSUMER_AMERICAN_EAGLE_PRICES,0.9542182980720534,1
CatBoost,text_only,REG_TEXT_CONSUMER_AMERICAN_EAGLE_PRICES,0.9588427663777136,2
CatBoost,text_only,REG_TEXT_CONSUMER_AMERICAN_EAGLE_PRICES,0.9592050849888224,3
CatBoost,text_only,REG_TEXT_CONSUMER_AMERICAN_EAGLE_PRICES,0.958318585225177,4
LightGBM,all,REG_TEXT_CONSUMER_AMERICAN_EAGLE_PRICES,0.9684736186561648,0
LightGBM,all,REG_TEXT_CONSUMER_AMERICAN_EAGLE_PRICES,0.9658090181147876,1
LightGBM,all,REG_TEXT_CONSUMER_AMERICAN_EAGLE_PRICES,0.967454839641532,2
LightGBM,all,REG_TEXT_CONSUMER_AMERICAN_EAGLE_PRICES,0.9669948609728064,3
LightGBM,all,REG_TEXT_CONSUMER_AMERICAN_EAGLE_PRICES,0.9662209335981806,4
LightGBM,ft,REG_TEXT_CONSUMER_AMERICAN_EAGLE_PRICES,0.968257641405617,0
LightGBM,ft,REG_TEXT_CONSUMER_AMERICAN_EAGLE_PRICES,0.9669506872935342,1
LightGBM,ft,REG_TEXT_CONSUMER_AMERICAN_EAGLE_PRICES,0.9675566774004888,2
LightGBM,ft,REG_TEXT_CONSUMER_AMERICAN_EAGLE_PRICES,0.9681527672023384,3
LightGBM,ft,REG_TEXT_CONSUMER_AMERICAN_EAGLE_PRICES,0.965685409064183,4
LightGBM,no_text,REG_TEXT_CONSUMER_AMERICAN_EAGLE_PRICES,0.959339458029103,0
LightGBM,no_text,REG_TEXT_CONSUMER_AMERICAN_EAGLE_PRICES,0.9623731395590464,1
LightGBM,no_text,REG_TEXT_CONSUMER_AMERICAN_EAGLE_PRICES,0.9617254787095112,2
LightGBM,no_text,REG_TEXT_CONSUMER_AMERICAN_EAGLE_PRICES,0.9609714195553276,3
LightGBM,no_text,REG_TEXT_CONSUMER_AMERICAN_EAGLE_PRICES,0.9569655808902494,4
LightGBM,text_only,REG_TEXT_CONSUMER_AMERICAN_EAGLE_PRICES,0.959586500498463,0
LightGBM,text_only,REG_TEXT_CONSUMER_AMERICAN_EAGLE_PRICES,0.95523209918007,1
LightGBM,text_only,REG_TEXT_CONSUMER_AMERICAN_EAGLE_PRICES,0.9580060022438178,2
LightGBM,text_only,REG_TEXT_CONSUMER_AMERICAN_EAGLE_PRICES,0.9583691774705958,3
LightGBM,text_only,REG_TEXT_CONSUMER_AMERICAN_EAGLE_PRICES,0.9567958987075214,4
RandomForest,all,REG_TEXT_CONSUMER_AMERICAN_EAGLE_PRICES,0.9656239636465724,0
RandomForest,all,REG_TEXT_CONSUMER_AMERICAN_EAGLE_PRICES,0.963436604281392,1
RandomForest,all,REG_TEXT_CONSUMER_AMERICAN_EAGLE_PRICES,0.9672515601319024,2
RandomForest,all,REG_TEXT_CONSUMER_AMERICAN_EAGLE_PRICES,0.9652509358352798,3
RandomForest,all,REG_TEXT_CONSUMER_AMERICAN_EAGLE_PRICES,0.9639046853837796,4
RandomForest,ft,REG_TEXT_CONSUMER_AMERICAN_EAGLE_PRICES,0.9664971042371948,0
RandomForest,ft,REG_TEXT_CONSUMER_AMERICAN_EAGLE_PRICES,0.9636857715886986,1
RandomForest,ft,REG_TEXT_CONSUMER_AMERICAN_EAGLE_PRICES,0.967531920692846,2
RandomForest,ft,REG_TEXT_CONSUMER_AMERICAN_EAGLE_PRICES,0.9646222657972476,3
RandomForest,ft,REG_TEXT_CONSUMER_AMERICAN_EAGLE_PRICES,0.9639143696806544,4
RandomForest,no_text,REG_TEXT_CONSUMER_AMERICAN_EAGLE_PRICES,0.9553725176821708,0
RandomForest,no_text,REG_TEXT_CONSUMER_AMERICAN_EAGLE_PRICES,0.9603896731653454,1
RandomForest,no_text,REG_TEXT_CONSUMER_AMERICAN_EAGLE_PRICES,0.9580456779769554,2
RandomForest,no_text,REG_TEXT_CONSUMER_AMERICAN_EAGLE_PRICES,0.960623654824404,3
RandomForest,no_text,REG_TEXT_CONSUMER_AMERICAN_EAGLE_PRICES,0.9574701903902334,4
RandomForest,text_only,REG_TEXT_CONSUMER_AMERICAN_EAGLE_PRICES,0.9564628268562184,0
RandomForest,text_only,REG_TEXT_CONSUMER_AMERICAN_EAGLE_PRICES,0.9504497760263784,1
RandomForest,text_only,REG_TEXT_CONSUMER_AMERICAN_EAGLE_PRICES,0.9562711644819982,2
RandomForest,text_only,REG_TEXT_CONSUMER_AMERICAN_EAGLE_PRICES,0.9532970739951988,3
RandomForest,text_only,REG_TEXT_CONSUMER_AMERICAN_EAGLE_PRICES,0.9531237495616722,4
RealMLP,all,REG_TEXT_CONSUMER_AMERICAN_EAGLE_PRICES,0.9666043605147332,0
RealMLP,all,REG_TEXT_CONSUMER_AMERICAN_EAGLE_PRICES,0.962833538611806,1
RealMLP,all,REG_TEXT_CONSUMER_AMERICAN_EAGLE_PRICES,0.9646271249142052,2
RealMLP,all,REG_TEXT_CONSUMER_AMERICAN_EAGLE_PRICES,0.9628815417941904,3
RealMLP,all,REG_TEXT_CONSUMER_AMERICAN_EAGLE_PRICES,0.964174773560709,4
RealMLP,ft,REG_TEXT_CONSUMER_AMERICAN_EAGLE_PRICES,0.9650336912049527,0
RealMLP,ft,REG_TEXT_CONSUMER_AMERICAN_EAGLE_PRICES,0.9672576748480598,1
RealMLP,ft,REG_TEXT_CONSUMER_AMERICAN_EAGLE_PRICES,0.9670209802914752,2
RealMLP,ft,REG_TEXT_CONSUMER_AMERICAN_EAGLE_PRICES,0.9664851476831564,3
RealMLP,ft,REG_TEXT_CONSUMER_AMERICAN_EAGLE_PRICES,0.9649121517555596,4
RealMLP,no_text,REG_TEXT_CONSUMER_AMERICAN_EAGLE_PRICES,0.9591463405547436,0
RealMLP,no_text,REG_TEXT_CONSUMER_AMERICAN_EAGLE_PRICES,0.9631059317380052,1
RealMLP,no_text,REG_TEXT_CONSUMER_AMERICAN_EAGLE_PRICES,0.9618523252883532,2
RealMLP,no_text,REG_TEXT_CONSUMER_AMERICAN_EAGLE_PRICES,0.9645746993833536,3
RealMLP,no_text,REG_TEXT_CONSUMER_AMERICAN_EAGLE_PRICES,0.9613367603486792,4
RealMLP,text_only,REG_TEXT_CONSUMER_AMERICAN_EAGLE_PRICES,0.9570304226577192,0
RealMLP,text_only,REG_TEXT_CONSUMER_AMERICAN_EAGLE_PRICES,0.9537882481582206,1
RealMLP,text_only,REG_TEXT_CONSUMER_AMERICAN_EAGLE_PRICES,0.9564296312672752,2
RealMLP,text_only,REG_TEXT_CONSUMER_AMERICAN_EAGLE_PRICES,0.9580688637083576,3
RealMLP,text_only,REG_TEXT_CONSUMER_AMERICAN_EAGLE_PRICES,0.9529284108061392,4
TabDPT,all,REG_TEXT_CONSUMER_AMERICAN_EAGLE_PRICES,0.9131673512084147,0
TabDPT,all,REG_TEXT_CONSUMER_AMERICAN_EAGLE_PRICES,0.9179341903452328,1
TabDPT,all,REG_TEXT_CONSUMER_AMERICAN_EAGLE_PRICES,0.9029474686427496,2
TabDPT,all,REG_TEXT_CONSUMER_AMERICAN_EAGLE_PRICES,0.8791480139471047,3
TabDPT,all,REG_TEXT_CONSUMER_AMERICAN_EAGLE_PRICES,0.9068458163041532,4
TabDPT,ft,REG_TEXT_CONSUMER_AMERICAN_EAGLE_PRICES,0.9670423148901311,0
TabDPT,ft,REG_TEXT_CONSUMER_AMERICAN_EAGLE_PRICES,0.9635942865539844,1
TabDPT,ft,REG_TEXT_CONSUMER_AMERICAN_EAGLE_PRICES,0.9682064734527244,2
TabDPT,ft,REG_TEXT_CONSUMER_AMERICAN_EAGLE_PRICES,0.9519833841200482,3
TabDPT,ft,REG_TEXT_CONSUMER_AMERICAN_EAGLE_PRICES,0.9645046914227324,4
TabDPT,no_text,REG_TEXT_CONSUMER_AMERICAN_EAGLE_PRICES,0.9623537580270486,0
TabDPT,no_text,REG_TEXT_CONSUMER_AMERICAN_EAGLE_PRICES,0.9645503084791744,1
TabDPT,no_text,REG_TEXT_CONSUMER_AMERICAN_EAGLE_PRICES,0.964337505982782,2
TabDPT,no_text,REG_TEXT_CONSUMER_AMERICAN_EAGLE_PRICES,0.960935917520851,3
TabDPT,no_text,REG_TEXT_CONSUMER_AMERICAN_EAGLE_PRICES,0.9638854111269752,4
TabDPT,text_only,REG_TEXT_CONSUMER_AMERICAN_EAGLE_PRICES,0.9054116770870858,0
TabDPT,text_only,REG_TEXT_CONSUMER_AMERICAN_EAGLE_PRICES,0.906414521175442,1
TabDPT,text_only,REG_TEXT_CONSUMER_AMERICAN_EAGLE_PRICES,0.8913408183908456,2
TabDPT,text_only,REG_TEXT_CONSUMER_AMERICAN_EAGLE_PRICES,0.871731410568869,3
TabDPT,text_only,REG_TEXT_CONSUMER_AMERICAN_EAGLE_PRICES,0.8968929259157192,4
TabICLv2,all,REG_TEXT_CONSUMER_AMERICAN_EAGLE_PRICES,0.962177932188892,0
TabICLv2,all,REG_TEXT_CONSUMER_AMERICAN_EAGLE_PRICES,0.9629746904007476,1
TabICLv2,all,REG_TEXT_CONSUMER_AMERICAN_EAGLE_PRICES,0.96488399106131,2
TabICLv2,all,REG_TEXT_CONSUMER_AMERICAN_EAGLE_PRICES,0.965848273403278,3
TabICLv2,all,REG_TEXT_CONSUMER_AMERICAN_EAGLE_PRICES,0.9638889135694708,4
TabICLv2,ft,REG_TEXT_CONSUMER_AMERICAN_EAGLE_PRICES,0.9636807360416648,0
TabICLv2,ft,REG_TEXT_CONSUMER_AMERICAN_EAGLE_PRICES,0.9628108440140696,1
TabICLv2,ft,REG_TEXT_CONSUMER_AMERICAN_EAGLE_PRICES,0.9653790390118204,2
TabICLv2,ft,REG_TEXT_CONSUMER_AMERICAN_EAGLE_PRICES,0.9662137215674,3
TabICLv2,ft,REG_TEXT_CONSUMER_AMERICAN_EAGLE_PRICES,0.9645688157539024,4
TabICLv2,no_text,REG_TEXT_CONSUMER_AMERICAN_EAGLE_PRICES,0.964520399774707,0
TabICLv2,no_text,REG_TEXT_CONSUMER_AMERICAN_EAGLE_PRICES,0.9646666421971648,1
TabICLv2,no_text,REG_TEXT_CONSUMER_AMERICAN_EAGLE_PRICES,0.9660133479621248,2
TabICLv2,no_text,REG_TEXT_CONSUMER_AMERICAN_EAGLE_PRICES,0.9679600289380068,3
TabICLv2,no_text,REG_TEXT_CONSUMER_AMERICAN_EAGLE_PRICES,0.9643932011933406,4
TabICLv2,text_only,REG_TEXT_CONSUMER_AMERICAN_EAGLE_PRICES,0.9580425774481346,0
TabICLv2,text_only,REG_TEXT_CONSUMER_AMERICAN_EAGLE_PRICES,0.956954365058258,1
TabICLv2,text_only,REG_TEXT_CONSUMER_AMERICAN_EAGLE_PRICES,0.959453057150161,2
TabICLv2,text_only,REG_TEXT_CONSUMER_AMERICAN_EAGLE_PRICES,0.9609863391115074,3
TabICLv2,text_only,REG_TEXT_CONSUMER_AMERICAN_EAGLE_PRICES,0.957940362920089,4
TabM,all,REG_TEXT_CONSUMER_AMERICAN_EAGLE_PRICES,0.9627679138734913,0
TabM,all,REG_TEXT_CONSUMER_AMERICAN_EAGLE_PRICES,0.9612394120434956,1
TabM,all,REG_TEXT_CONSUMER_AMERICAN_EAGLE_PRICES,0.9625868926231844,2
TabM,all,REG_TEXT_CONSUMER_AMERICAN_EAGLE_PRICES,0.9630613142069944,3
TabM,all,REG_TEXT_CONSUMER_AMERICAN_EAGLE_PRICES,0.9619950391478888,4
TabM,ft,REG_TEXT_CONSUMER_AMERICAN_EAGLE_PRICES,0.9640784693696712,0
TabM,ft,REG_TEXT_CONSUMER_AMERICAN_EAGLE_PRICES,0.9626115196596136,1
TabM,ft,REG_TEXT_CONSUMER_AMERICAN_EAGLE_PRICES,0.9646186357960618,2
TabM,ft,REG_TEXT_CONSUMER_AMERICAN_EAGLE_PRICES,0.9646311059058784,3
TabM,ft,REG_TEXT_CONSUMER_AMERICAN_EAGLE_PRICES,0.9623843031348908,4
TabM,no_text,REG_TEXT_CONSUMER_AMERICAN_EAGLE_PRICES,0.9565389330698392,0
TabM,no_text,REG_TEXT_CONSUMER_AMERICAN_EAGLE_PRICES,0.958398836235357,1
TabM,no_text,REG_TEXT_CONSUMER_AMERICAN_EAGLE_PRICES,0.9578874174260654,2
TabM,no_text,REG_TEXT_CONSUMER_AMERICAN_EAGLE_PRICES,0.9598712265282892,3
TabM,no_text,REG_TEXT_CONSUMER_AMERICAN_EAGLE_PRICES,0.956497892150278,4
TabM,text_only,REG_TEXT_CONSUMER_AMERICAN_EAGLE_PRICES,0.9551753333237248,0
TabM,text_only,REG_TEXT_CONSUMER_AMERICAN_EAGLE_PRICES,0.9515061359906776,1
TabM,text_only,REG_TEXT_CONSUMER_AMERICAN_EAGLE_PRICES,0.9557049026365546,2
TabM,text_only,REG_TEXT_CONSUMER_AMERICAN_EAGLE_PRICES,0.9575865280392172,3
TabM,text_only,REG_TEXT_CONSUMER_AMERICAN_EAGLE_PRICES,0.954519154480974,4
TabPFN-2.5,all,REG_TEXT_CONSUMER_AMERICAN_EAGLE_PRICES,0.9710020069332504,0
TabPFN-2.5,all,REG_TEXT_CONSUMER_AMERICAN_EAGLE_PRICES,0.9703326174653354,1
TabPFN-2.5,all,REG_TEXT_CONSUMER_AMERICAN_EAGLE_PRICES,0.9722579254213336,2
TabPFN-2.5,all,REG_TEXT_CONSUMER_AMERICAN_EAGLE_PRICES,0.9708349380139764,3
TabPFN-2.5,all,REG_TEXT_CONSUMER_AMERICAN_EAGLE_PRICES,0.96968290858891,4
TabPFN-2.5,ft,REG_TEXT_CONSUMER_AMERICAN_EAGLE_PRICES,0.9708841810474388,0
TabPFN-2.5,ft,REG_TEXT_CONSUMER_AMERICAN_EAGLE_PRICES,0.9699895868573104,1
TabPFN-2.5,ft,REG_TEXT_CONSUMER_AMERICAN_EAGLE_PRICES,0.9735209792953906,2
TabPFN-2.5,ft,REG_TEXT_CONSUMER_AMERICAN_EAGLE_PRICES,0.9706983455449484,3
TabPFN-2.5,ft,REG_TEXT_CONSUMER_AMERICAN_EAGLE_PRICES,0.9680334706662888,4
TabPFN-2.5,no_text,REG_TEXT_CONSUMER_AMERICAN_EAGLE_PRICES,0.962077861590414,0
TabPFN-2.5,no_text,REG_TEXT_CONSUMER_AMERICAN_EAGLE_PRICES,0.964846978653453,1
TabPFN-2.5,no_text,REG_TEXT_CONSUMER_AMERICAN_EAGLE_PRICES,0.9639234989502404,2
TabPFN-2.5,no_text,REG_TEXT_CONSUMER_AMERICAN_EAGLE_PRICES,0.9659751279470862,3
TabPFN-2.5,no_text,REG_TEXT_CONSUMER_AMERICAN_EAGLE_PRICES,0.9627187889222306,4
TabPFN-2.5,text_only,REG_TEXT_CONSUMER_AMERICAN_EAGLE_PRICES,0.9571002599033668,0
TabPFN-2.5,text_only,REG_TEXT_CONSUMER_AMERICAN_EAGLE_PRICES,0.9569680037399726,1
TabPFN-2.5,text_only,REG_TEXT_CONSUMER_AMERICAN_EAGLE_PRICES,0.9581848453676052,2
TabPFN-2.5,text_only,REG_TEXT_CONSUMER_AMERICAN_EAGLE_PRICES,0.959967004822706,3
TabPFN-2.5,text_only,REG_TEXT_CONSUMER_AMERICAN_EAGLE_PRICES,0.9559457918340192,4
TabPFNv2,all,REG_TEXT_CONSUMER_AMERICAN_EAGLE_PRICES,0.9558596854423002,0
TabPFNv2,all,REG_TEXT_CONSUMER_AMERICAN_EAGLE_PRICES,0.9535671887442873,1
TabPFNv2,all,REG_TEXT_CONSUMER_AMERICAN_EAGLE_PRICES,0.9542991703990564,2
TabPFNv2,all,REG_TEXT_CONSUMER_AMERICAN_EAGLE_PRICES,0.958516431449108,3
TabPFNv2,all,REG_TEXT_CONSUMER_AMERICAN_EAGLE_PRICES,0.9579396133334024,4
TabPFNv2,ft,REG_TEXT_CONSUMER_AMERICAN_EAGLE_PRICES,0.952690046688668,0
TabPFNv2,ft,REG_TEXT_CONSUMER_AMERICAN_EAGLE_PRICES,0.955854549799637,1
TabPFNv2,ft,REG_TEXT_CONSUMER_AMERICAN_EAGLE_PRICES,0.9556558381398764,2
TabPFNv2,ft,REG_TEXT_CONSUMER_AMERICAN_EAGLE_PRICES,0.9577710293410509,3
TabPFNv2,ft,REG_TEXT_CONSUMER_AMERICAN_EAGLE_PRICES,0.956111459741165,4
TabPFNv2,no_text,REG_TEXT_CONSUMER_AMERICAN_EAGLE_PRICES,0.9535169035630446,0
TabPFNv2,no_text,REG_TEXT_CONSUMER_AMERICAN_EAGLE_PRICES,0.9562957574175974,1
TabPFNv2,no_text,REG_TEXT_CONSUMER_AMERICAN_EAGLE_PRICES,0.9558495684505656,2
TabPFNv2,no_text,REG_TEXT_CONSUMER_AMERICAN_EAGLE_PRICES,0.953122484236827,3
TabPFNv2,no_text,REG_TEXT_CONSUMER_AMERICAN_EAGLE_PRICES,0.9536555304563246,4
TabPFNv2,text_only,REG_TEXT_CONSUMER_AMERICAN_EAGLE_PRICES,0.9489874750348106,0
TabPFNv2,text_only,REG_TEXT_CONSUMER_AMERICAN_EAGLE_PRICES,0.9494178650313392,1
TabPFNv2,text_only,REG_TEXT_CONSUMER_AMERICAN_EAGLE_PRICES,0.9497468871431318,2
TabPFNv2,text_only,REG_TEXT_CONSUMER_AMERICAN_EAGLE_PRICES,0.953107279547254,3
TabPFNv2,text_only,REG_TEXT_CONSUMER_AMERICAN_EAGLE_PRICES,0.9529098146691016,4
XGBoost,all,REG_TEXT_CONSUMER_AMERICAN_EAGLE_PRICES,0.9684208541367916,0
XGBoost,all,REG_TEXT_CONSUMER_AMERICAN_EAGLE_PRICES,0.966229898633616,1
XGBoost,all,REG_TEXT_CONSUMER_AMERICAN_EAGLE_PRICES,0.9701746334436688,2
XGBoost,all,REG_TEXT_CONSUMER_AMERICAN_EAGLE_PRICES,0.9664673233337214,3
XGBoost,all,REG_TEXT_CONSUMER_AMERICAN_EAGLE_PRICES,0.967194686440956,4
XGBoost,ft,REG_TEXT_CONSUMER_AMERICAN_EAGLE_PRICES,0.9699392168318184,0
XGBoost,ft,REG_TEXT_CONSUMER_AMERICAN_EAGLE_PRICES,0.9672987928632656,1
XGBoost,ft,REG_TEXT_CONSUMER_AMERICAN_EAGLE_PRICES,0.9709605430331216,2
XGBoost,ft,REG_TEXT_CONSUMER_AMERICAN_EAGLE_PRICES,0.9682341014282884,3
XGBoost,ft,REG_TEXT_CONSUMER_AMERICAN_EAGLE_PRICES,0.9666930036667376,4
XGBoost,no_text,REG_TEXT_CONSUMER_AMERICAN_EAGLE_PRICES,0.9619005531695644,0
XGBoost,no_text,REG_TEXT_CONSUMER_AMERICAN_EAGLE_PRICES,0.9623053825579364,1
XGBoost,no_text,REG_TEXT_CONSUMER_AMERICAN_EAGLE_PRICES,0.9630609375187436,2
XGBoost,no_text,REG_TEXT_CONSUMER_AMERICAN_EAGLE_PRICES,0.9648682734624128,3
XGBoost,no_text,REG_TEXT_CONSUMER_AMERICAN_EAGLE_PRICES,0.9614043118636012,4
XGBoost,text_only,REG_TEXT_CONSUMER_AMERICAN_EAGLE_PRICES,0.959894817255892,0
XGBoost,text_only,REG_TEXT_CONSUMER_AMERICAN_EAGLE_PRICES,0.9553889821333584,1
XGBoost,text_only,REG_TEXT_CONSUMER_AMERICAN_EAGLE_PRICES,0.9574567066634924,2
XGBoost,text_only,REG_TEXT_CONSUMER_AMERICAN_EAGLE_PRICES,0.9588947212960008,3
XGBoost,text_only,REG_TEXT_CONSUMER_AMERICAN_EAGLE_PRICES,0.9563094851577588,4
CatBoost,all,REG_TEXT_CONSUMER_BABIES_R_US_PRICES,0.8790328890770237,0
CatBoost,all,REG_TEXT_CONSUMER_BABIES_R_US_PRICES,0.9133264565083082,1
CatBoost,all,REG_TEXT_CONSUMER_BABIES_R_US_PRICES,0.8562041504146669,2
CatBoost,all,REG_TEXT_CONSUMER_BABIES_R_US_PRICES,0.8779770584900957,3
CatBoost,all,REG_TEXT_CONSUMER_BABIES_R_US_PRICES,0.8319699081523556,4
CatBoost,ft,REG_TEXT_CONSUMER_BABIES_R_US_PRICES,0.9019729624891084,0
CatBoost,ft,REG_TEXT_CONSUMER_BABIES_R_US_PRICES,0.9329061372139644,1
CatBoost,ft,REG_TEXT_CONSUMER_BABIES_R_US_PRICES,0.9026802862310068,2
CatBoost,ft,REG_TEXT_CONSUMER_BABIES_R_US_PRICES,0.8856376045364648,3
CatBoost,ft,REG_TEXT_CONSUMER_BABIES_R_US_PRICES,0.8677668184220173,4
CatBoost,no_text,REG_TEXT_CONSUMER_BABIES_R_US_PRICES,0.3861176906738195,0
CatBoost,no_text,REG_TEXT_CONSUMER_BABIES_R_US_PRICES,0.5235360735970463,1
CatBoost,no_text,REG_TEXT_CONSUMER_BABIES_R_US_PRICES,0.3157911335234162,2
CatBoost,no_text,REG_TEXT_CONSUMER_BABIES_R_US_PRICES,0.3901707358609085,3
CatBoost,no_text,REG_TEXT_CONSUMER_BABIES_R_US_PRICES,0.3464486319712149,4
CatBoost,text_only,REG_TEXT_CONSUMER_BABIES_R_US_PRICES,0.849521981727264,0
CatBoost,text_only,REG_TEXT_CONSUMER_BABIES_R_US_PRICES,0.880393101417593,1
CatBoost,text_only,REG_TEXT_CONSUMER_BABIES_R_US_PRICES,0.831376409223664,2
CatBoost,text_only,REG_TEXT_CONSUMER_BABIES_R_US_PRICES,0.8383634898137101,3
CatBoost,text_only,REG_TEXT_CONSUMER_BABIES_R_US_PRICES,0.7982301872409494,4
LightGBM,all,REG_TEXT_CONSUMER_BABIES_R_US_PRICES,0.8664817034958381,0
LightGBM,all,REG_TEXT_CONSUMER_BABIES_R_US_PRICES,0.898023910120968,1
LightGBM,all,REG_TEXT_CONSUMER_BABIES_R_US_PRICES,0.8313336737738153,2
LightGBM,all,REG_TEXT_CONSUMER_BABIES_R_US_PRICES,0.8439720194153977,3
LightGBM,all,REG_TEXT_CONSUMER_BABIES_R_US_PRICES,0.7905067731440908,4
LightGBM,ft,REG_TEXT_CONSUMER_BABIES_R_US_PRICES,0.8712542351245819,0
LightGBM,ft,REG_TEXT_CONSUMER_BABIES_R_US_PRICES,0.9267495765264652,1
LightGBM,ft,REG_TEXT_CONSUMER_BABIES_R_US_PRICES,0.8921230863812863,2
LightGBM,ft,REG_TEXT_CONSUMER_BABIES_R_US_PRICES,0.8698778524522857,3
LightGBM,ft,REG_TEXT_CONSUMER_BABIES_R_US_PRICES,0.8424599949704339,4
LightGBM,no_text,REG_TEXT_CONSUMER_BABIES_R_US_PRICES,0.3681352595832683,0
LightGBM,no_text,REG_TEXT_CONSUMER_BABIES_R_US_PRICES,0.4925796007068309,1
LightGBM,no_text,REG_TEXT_CONSUMER_BABIES_R_US_PRICES,0.2989851304941124,2
LightGBM,no_text,REG_TEXT_CONSUMER_BABIES_R_US_PRICES,0.3944868684822997,3
LightGBM,no_text,REG_TEXT_CONSUMER_BABIES_R_US_PRICES,0.3261062594728954,4
LightGBM,text_only,REG_TEXT_CONSUMER_BABIES_R_US_PRICES,0.8230329916208241,0
LightGBM,text_only,REG_TEXT_CONSUMER_BABIES_R_US_PRICES,0.8468110703379551,1
LightGBM,text_only,REG_TEXT_CONSUMER_BABIES_R_US_PRICES,0.7833948110919459,2
LightGBM,text_only,REG_TEXT_CONSUMER_BABIES_R_US_PRICES,0.7892138263264317,3
LightGBM,text_only,REG_TEXT_CONSUMER_BABIES_R_US_PRICES,0.7751468969934225,4
RandomForest,all,REG_TEXT_CONSUMER_BABIES_R_US_PRICES,0.8338724195925156,0
RandomForest,all,REG_TEXT_CONSUMER_BABIES_R_US_PRICES,0.9047439265265896,1
RandomForest,all,REG_TEXT_CONSUMER_BABIES_R_US_PRICES,0.7852374906294128,2
RandomForest,all,REG_TEXT_CONSUMER_BABIES_R_US_PRICES,0.8033330792663936,3
RandomForest,all,REG_TEXT_CONSUMER_BABIES_R_US_PRICES,0.7841686060903499,4
RandomForest,ft,REG_TEXT_CONSUMER_BABIES_R_US_PRICES,0.8566235862883269,0
RandomForest,ft,REG_TEXT_CONSUMER_BABIES_R_US_PRICES,0.9154260282304456,1
RandomForest,ft,REG_TEXT_CONSUMER_BABIES_R_US_PRICES,0.8811481542259083,2
RandomForest,ft,REG_TEXT_CONSUMER_BABIES_R_US_PRICES,0.8086814560536197,3
RandomForest,ft,REG_TEXT_CONSUMER_BABIES_R_US_PRICES,0.819929247340712,4
RandomForest,no_text,REG_TEXT_CONSUMER_BABIES_R_US_PRICES,0.403451600661696,0
RandomForest,no_text,REG_TEXT_CONSUMER_BABIES_R_US_PRICES,0.5210756699826903,1
RandomForest,no_text,REG_TEXT_CONSUMER_BABIES_R_US_PRICES,0.3417118826412425,2
RandomForest,no_text,REG_TEXT_CONSUMER_BABIES_R_US_PRICES,0.4307513695821565,3
RandomForest,no_text,REG_TEXT_CONSUMER_BABIES_R_US_PRICES,0.3535511956102662,4
RandomForest,text_only,REG_TEXT_CONSUMER_BABIES_R_US_PRICES,0.8119680575009453,0
RandomForest,text_only,REG_TEXT_CONSUMER_BABIES_R_US_PRICES,0.8497173989311585,1
RandomForest,text_only,REG_TEXT_CONSUMER_BABIES_R_US_PRICES,0.7479443415650902,2
RandomForest,text_only,REG_TEXT_CONSUMER_BABIES_R_US_PRICES,0.7753187862162387,3
RandomForest,text_only,REG_TEXT_CONSUMER_BABIES_R_US_PRICES,0.7481778308038345,4
RealMLP,all,REG_TEXT_CONSUMER_BABIES_R_US_PRICES,0.8507886604584811,0
RealMLP,all,REG_TEXT_CONSUMER_BABIES_R_US_PRICES,0.914001616921796,1
RealMLP,all,REG_TEXT_CONSUMER_BABIES_R_US_PRICES,0.8634207576647774,2
RealMLP,all,REG_TEXT_CONSUMER_BABIES_R_US_PRICES,0.873231829431397,3
RealMLP,all,REG_TEXT_CONSUMER_BABIES_R_US_PRICES,0.7773245806970994,4
RealMLP,ft,REG_TEXT_CONSUMER_BABIES_R_US_PRICES,0.9172020477774112,0
RealMLP,ft,REG_TEXT_CONSUMER_BABIES_R_US_PRICES,0.8802605694143405,1
RealMLP,ft,REG_TEXT_CONSUMER_BABIES_R_US_PRICES,0.8828092170021475,2
RealMLP,ft,REG_TEXT_CONSUMER_BABIES_R_US_PRICES,0.8855153528956157,3
RealMLP,ft,REG_TEXT_CONSUMER_BABIES_R_US_PRICES,0.881610695472394,4
RealMLP,no_text,REG_TEXT_CONSUMER_BABIES_R_US_PRICES,0.3920209382626876,0
RealMLP,no_text,REG_TEXT_CONSUMER_BABIES_R_US_PRICES,0.5334386957457375,1
RealMLP,no_text,REG_TEXT_CONSUMER_BABIES_R_US_PRICES,0.3363425335465516,2
RealMLP,no_text,REG_TEXT_CONSUMER_BABIES_R_US_PRICES,0.4391254492473994,3
RealMLP,no_text,REG_TEXT_CONSUMER_BABIES_R_US_PRICES,0.3193973744952074,4
RealMLP,text_only,REG_TEXT_CONSUMER_BABIES_R_US_PRICES,0.8535262067492739,0
RealMLP,text_only,REG_TEXT_CONSUMER_BABIES_R_US_PRICES,0.9199747874673871,1
RealMLP,text_only,REG_TEXT_CONSUMER_BABIES_R_US_PRICES,0.8299347588118529,2
RealMLP,text_only,REG_TEXT_CONSUMER_BABIES_R_US_PRICES,0.843224394894099,3
RealMLP,text_only,REG_TEXT_CONSUMER_BABIES_R_US_PRICES,0.8295691090450743,4
TabDPT,all,REG_TEXT_CONSUMER_BABIES_R_US_PRICES,0.8477296499084759,0
TabDPT,all,REG_TEXT_CONSUMER_BABIES_R_US_PRICES,0.895679005337926,1
TabDPT,all,REG_TEXT_CONSUMER_BABIES_R_US_PRICES,0.8506924010048287,2
TabDPT,all,REG_TEXT_CONSUMER_BABIES_R_US_PRICES,0.845203264324157,3
TabDPT,all,REG_TEXT_CONSUMER_BABIES_R_US_PRICES,0.8482876870010179,4
TabDPT,ft,REG_TEXT_CONSUMER_BABIES_R_US_PRICES,0.90496205457879,0
TabDPT,ft,REG_TEXT_CONSUMER_BABIES_R_US_PRICES,0.9298935813313588,1
TabDPT,ft,REG_TEXT_CONSUMER_BABIES_R_US_PRICES,0.8958088717226833,2
TabDPT,ft,REG_TEXT_CONSUMER_BABIES_R_US_PRICES,0.882934418754925,3
TabDPT,ft,REG_TEXT_CONSUMER_BABIES_R_US_PRICES,0.8657961182867115,4
TabDPT,no_text,REG_TEXT_CONSUMER_BABIES_R_US_PRICES,0.3832294931311449,0
TabDPT,no_text,REG_TEXT_CONSUMER_BABIES_R_US_PRICES,0.4977880519365042,1
TabDPT,no_text,REG_TEXT_CONSUMER_BABIES_R_US_PRICES,0.3417264543035265,2
TabDPT,no_text,REG_TEXT_CONSUMER_BABIES_R_US_PRICES,0.4189059805624006,3
TabDPT,no_text,REG_TEXT_CONSUMER_BABIES_R_US_PRICES,0.3448055454070895,4
TabDPT,text_only,REG_TEXT_CONSUMER_BABIES_R_US_PRICES,0.832918739722579,0
TabDPT,text_only,REG_TEXT_CONSUMER_BABIES_R_US_PRICES,0.8921331458724423,1
TabDPT,text_only,REG_TEXT_CONSUMER_BABIES_R_US_PRICES,0.8427273640216452,2
TabDPT,text_only,REG_TEXT_CONSUMER_BABIES_R_US_PRICES,0.8285949422375661,3
TabDPT,text_only,REG_TEXT_CONSUMER_BABIES_R_US_PRICES,0.8303450781312116,4
TabICLv2,all,REG_TEXT_CONSUMER_BABIES_R_US_PRICES,0.9351133556103892,0
TabICLv2,all,REG_TEXT_CONSUMER_BABIES_R_US_PRICES,0.9638221306163478,1
TabICLv2,all,REG_TEXT_CONSUMER_BABIES_R_US_PRICES,0.9225153755371498,2
TabICLv2,all,REG_TEXT_CONSUMER_BABIES_R_US_PRICES,0.9205525597771644,3
TabICLv2,all,REG_TEXT_CONSUMER_BABIES_R_US_PRICES,0.9195741837232578,4
TabICLv2,ft,REG_TEXT_CONSUMER_BABIES_R_US_PRICES,0.9426814104411062,0
TabICLv2,ft,REG_TEXT_CONSUMER_BABIES_R_US_PRICES,0.9614137102792408,1
TabICLv2,ft,REG_TEXT_CONSUMER_BABIES_R_US_PRICES,0.9366773207096144,2
TabICLv2,ft,REG_TEXT_CONSUMER_BABIES_R_US_PRICES,0.9244490262062904,3
TabICLv2,ft,REG_TEXT_CONSUMER_BABIES_R_US_PRICES,0.9180861082875714,4
TabICLv2,no_text,REG_TEXT_CONSUMER_BABIES_R_US_PRICES,0.3972341133806788,0
TabICLv2,no_text,REG_TEXT_CONSUMER_BABIES_R_US_PRICES,0.5224281668337194,1
TabICLv2,no_text,REG_TEXT_CONSUMER_BABIES_R_US_PRICES,0.327756496392546,2
TabICLv2,no_text,REG_TEXT_CONSUMER_BABIES_R_US_PRICES,0.4338442206371606,3
TabICLv2,no_text,REG_TEXT_CONSUMER_BABIES_R_US_PRICES,0.3625644381486556,4
TabICLv2,text_only,REG_TEXT_CONSUMER_BABIES_R_US_PRICES,0.9122924871798552,0
TabICLv2,text_only,REG_TEXT_CONSUMER_BABIES_R_US_PRICES,0.9524758832102184,1
TabICLv2,text_only,REG_TEXT_CONSUMER_BABIES_R_US_PRICES,0.8996515356830931,2
TabICLv2,text_only,REG_TEXT_CONSUMER_BABIES_R_US_PRICES,0.8987510601009258,3
TabICLv2,text_only,REG_TEXT_CONSUMER_BABIES_R_US_PRICES,0.9097888866859952,4
TabM,all,REG_TEXT_CONSUMER_BABIES_R_US_PRICES,0.8881788940470504,0
TabM,all,REG_TEXT_CONSUMER_BABIES_R_US_PRICES,0.9376460313438744,1
TabM,all,REG_TEXT_CONSUMER_BABIES_R_US_PRICES,0.8985167984212272,2
TabM,all,REG_TEXT_CONSUMER_BABIES_R_US_PRICES,0.9136556274385425,3
TabM,all,REG_TEXT_CONSUMER_BABIES_R_US_PRICES,0.8582575759642247,4
TabM,ft,REG_TEXT_CONSUMER_BABIES_R_US_PRICES,0.9174604573106084,0
TabM,ft,REG_TEXT_CONSUMER_BABIES_R_US_PRICES,0.9539278649792398,1
TabM,ft,REG_TEXT_CONSUMER_BABIES_R_US_PRICES,0.9131841777484384,2
TabM,ft,REG_TEXT_CONSUMER_BABIES_R_US_PRICES,0.9094610449401908,3
TabM,ft,REG_TEXT_CONSUMER_BABIES_R_US_PRICES,0.8650687576736534,4
TabM,no_text,REG_TEXT_CONSUMER_BABIES_R_US_PRICES,0.4158199679004373,0
TabM,no_text,REG_TEXT_CONSUMER_BABIES_R_US_PRICES,0.5242468112327932,1
TabM,no_text,REG_TEXT_CONSUMER_BABIES_R_US_PRICES,0.3374695535309924,2
TabM,no_text,REG_TEXT_CONSUMER_BABIES_R_US_PRICES,0.4475194502886424,3
TabM,no_text,REG_TEXT_CONSUMER_BABIES_R_US_PRICES,0.3494913066607754,4
TabM,text_only,REG_TEXT_CONSUMER_BABIES_R_US_PRICES,0.8604862276173111,0
TabM,text_only,REG_TEXT_CONSUMER_BABIES_R_US_PRICES,0.9163536199835918,1
TabM,text_only,REG_TEXT_CONSUMER_BABIES_R_US_PRICES,0.8666059173621699,2
TabM,text_only,REG_TEXT_CONSUMER_BABIES_R_US_PRICES,0.891498732422757,3
TabM,text_only,REG_TEXT_CONSUMER_BABIES_R_US_PRICES,0.8613470421191393,4
TabPFN-2.5,all,REG_TEXT_CONSUMER_BABIES_R_US_PRICES,0.9123956162893684,0
TabPFN-2.5,all,REG_TEXT_CONSUMER_BABIES_R_US_PRICES,0.9471821368068548,1
TabPFN-2.5,all,REG_TEXT_CONSUMER_BABIES_R_US_PRICES,0.9140259195384354,2
TabPFN-2.5,all,REG_TEXT_CONSUMER_BABIES_R_US_PRICES,0.8965753460879182,3
TabPFN-2.5,all,REG_TEXT_CONSUMER_BABIES_R_US_PRICES,0.9048747126347206,4
TabPFN-2.5,ft,REG_TEXT_CONSUMER_BABIES_R_US_PRICES,0.9319787467862846,0
TabPFN-2.5,ft,REG_TEXT_CONSUMER_BABIES_R_US_PRICES,0.9609134613172576,1
TabPFN-2.5,ft,REG_TEXT_CONSUMER_BABIES_R_US_PRICES,0.9191623641939074,2
TabPFN-2.5,ft,REG_TEXT_CONSUMER_BABIES_R_US_PRICES,0.935656792898104,3
TabPFN-2.5,ft,REG_TEXT_CONSUMER_BABIES_R_US_PRICES,0.9073047756238992,4
TabPFN-2.5,no_text,REG_TEXT_CONSUMER_BABIES_R_US_PRICES,0.3856011976680098,0
TabPFN-2.5,no_text,REG_TEXT_CONSUMER_BABIES_R_US_PRICES,0.5195691182017694,1
TabPFN-2.5,no_text,REG_TEXT_CONSUMER_BABIES_R_US_PRICES,0.3145268318142742,2
TabPFN-2.5,no_text,REG_TEXT_CONSUMER_BABIES_R_US_PRICES,0.4134425503348196,3
TabPFN-2.5,no_text,REG_TEXT_CONSUMER_BABIES_R_US_PRICES,0.3623070172823344,4
TabPFN-2.5,text_only,REG_TEXT_CONSUMER_BABIES_R_US_PRICES,0.8881474813261976,0
TabPFN-2.5,text_only,REG_TEXT_CONSUMER_BABIES_R_US_PRICES,0.9255480597749984,1
TabPFN-2.5,text_only,REG_TEXT_CONSUMER_BABIES_R_US_PRICES,0.8865626643576962,2
TabPFN-2.5,text_only,REG_TEXT_CONSUMER_BABIES_R_US_PRICES,0.8903769492297329,3
TabPFN-2.5,text_only,REG_TEXT_CONSUMER_BABIES_R_US_PRICES,0.8983181768038485,4
TabPFNv2,all,REG_TEXT_CONSUMER_BABIES_R_US_PRICES,0.9041977060095202,0
TabPFNv2,all,REG_TEXT_CONSUMER_BABIES_R_US_PRICES,0.9352735342938986,1
TabPFNv2,all,REG_TEXT_CONSUMER_BABIES_R_US_PRICES,0.9132393428917548,2
TabPFNv2,all,REG_TEXT_CONSUMER_BABIES_R_US_PRICES,0.8774898334007535,3
TabPFNv2,all,REG_TEXT_CONSUMER_BABIES_R_US_PRICES,0.8994412552350377,4
TabPFNv2,ft,REG_TEXT_CONSUMER_BABIES_R_US_PRICES,0.918685867557747,0
TabPFNv2,ft,REG_TEXT_CONSUMER_BABIES_R_US_PRICES,0.944754321236132,1
TabPFNv2,ft,REG_TEXT_CONSUMER_BABIES_R_US_PRICES,0.9123624167829476,2
TabPFNv2,ft,REG_TEXT_CONSUMER_BABIES_R_US_PRICES,0.8992215663298468,3
TabPFNv2,ft,REG_TEXT_CONSUMER_BABIES_R_US_PRICES,0.8870814996426888,4
TabPFNv2,no_text,REG_TEXT_CONSUMER_BABIES_R_US_PRICES,0.3777499450043354,0
TabPFNv2,no_text,REG_TEXT_CONSUMER_BABIES_R_US_PRICES,0.5127646535703057,1
TabPFNv2,no_text,REG_TEXT_CONSUMER_BABIES_R_US_PRICES,0.3241167659911107,2
TabPFNv2,no_text,REG_TEXT_CONSUMER_BABIES_R_US_PRICES,0.4091314953770619,3
TabPFNv2,no_text,REG_TEXT_CONSUMER_BABIES_R_US_PRICES,0.3591170000188036,4
TabPFNv2,text_only,REG_TEXT_CONSUMER_BABIES_R_US_PRICES,0.8721987515889844,0
TabPFNv2,text_only,REG_TEXT_CONSUMER_BABIES_R_US_PRICES,0.899104988294559,1
TabPFNv2,text_only,REG_TEXT_CONSUMER_BABIES_R_US_PRICES,0.8873949652371281,2
TabPFNv2,text_only,REG_TEXT_CONSUMER_BABIES_R_US_PRICES,0.8581135791706983,3
TabPFNv2,text_only,REG_TEXT_CONSUMER_BABIES_R_US_PRICES,0.8925630662574829,4
XGBoost,all,REG_TEXT_CONSUMER_BABIES_R_US_PRICES,0.8724509246408476,0
XGBoost,all,REG_TEXT_CONSUMER_BABIES_R_US_PRICES,0.8929379834961675,1
XGBoost,all,REG_TEXT_CONSUMER_BABIES_R_US_PRICES,0.7822148854226516,2
XGBoost,all,REG_TEXT_CONSUMER_BABIES_R_US_PRICES,0.825322387267992,3
XGBoost,all,REG_TEXT_CONSUMER_BABIES_R_US_PRICES,0.8067611903137232,4
XGBoost,ft,REG_TEXT_CONSUMER_BABIES_R_US_PRICES,0.864468353638403,0
XGBoost,ft,REG_TEXT_CONSUMER_BABIES_R_US_PRICES,0.9027724014953248,1
XGBoost,ft,REG_TEXT_CONSUMER_BABIES_R_US_PRICES,0.88918618235175,2
XGBoost,ft,REG_TEXT_CONSUMER_BABIES_R_US_PRICES,0.8669216410670564,3
XGBoost,ft,REG_TEXT_CONSUMER_BABIES_R_US_PRICES,0.8263540108142422,4
XGBoost,no_text,REG_TEXT_CONSUMER_BABIES_R_US_PRICES,0.391313469566761,0
XGBoost,no_text,REG_TEXT_CONSUMER_BABIES_R_US_PRICES,0.5193956816486496,1
XGBoost,no_text,REG_TEXT_CONSUMER_BABIES_R_US_PRICES,0.3296017663910917,2
XGBoost,no_text,REG_TEXT_CONSUMER_BABIES_R_US_PRICES,0.4411371744202569,3
XGBoost,no_text,REG_TEXT_CONSUMER_BABIES_R_US_PRICES,0.3522881567644474,4
XGBoost,text_only,REG_TEXT_CONSUMER_BABIES_R_US_PRICES,0.8361349080759437,0
XGBoost,text_only,REG_TEXT_CONSUMER_BABIES_R_US_PRICES,0.857948213839915,1
XGBoost,text_only,REG_TEXT_CONSUMER_BABIES_R_US_PRICES,0.7342420061786104,2
XGBoost,text_only,REG_TEXT_CONSUMER_BABIES_R_US_PRICES,0.752929568052283,3
XGBoost,text_only,REG_TEXT_CONSUMER_BABIES_R_US_PRICES,0.7602006932705897,4
CatBoost,all,REG_TEXT_CONSUMER_BIKE_PRICE_BIKEWALE,0.5743279356789249,0
CatBoost,all,REG_TEXT_CONSUMER_BIKE_PRICE_BIKEWALE,0.6786324246650146,1
CatBoost,all,REG_TEXT_CONSUMER_BIKE_PRICE_BIKEWALE,0.402492655191452,2
CatBoost,all,REG_TEXT_CONSUMER_BIKE_PRICE_BIKEWALE,0.7801505529764032,3
CatBoost,all,REG_TEXT_CONSUMER_BIKE_PRICE_BIKEWALE,0.5457024713784071,4
CatBoost,ft,REG_TEXT_CONSUMER_BIKE_PRICE_BIKEWALE,0.5368203825367371,0
CatBoost,ft,REG_TEXT_CONSUMER_BIKE_PRICE_BIKEWALE,0.674142002569144,1
CatBoost,ft,REG_TEXT_CONSUMER_BIKE_PRICE_BIKEWALE,0.5486566115942648,2
CatBoost,ft,REG_TEXT_CONSUMER_BIKE_PRICE_BIKEWALE,0.800337362526597,3
CatBoost,ft,REG_TEXT_CONSUMER_BIKE_PRICE_BIKEWALE,0.7054986576006033,4
CatBoost,no_text,REG_TEXT_CONSUMER_BIKE_PRICE_BIKEWALE,0.0922830193774079,0
CatBoost,no_text,REG_TEXT_CONSUMER_BIKE_PRICE_BIKEWALE,0.0797888863207875,1
CatBoost,no_text,REG_TEXT_CONSUMER_BIKE_PRICE_BIKEWALE,0.0989740583753685,2
CatBoost,no_text,REG_TEXT_CONSUMER_BIKE_PRICE_BIKEWALE,0.1337027952380992,3
CatBoost,no_text,REG_TEXT_CONSUMER_BIKE_PRICE_BIKEWALE,0.0863390797868658,4
CatBoost,text_only,REG_TEXT_CONSUMER_BIKE_PRICE_BIKEWALE,0.5422182520413648,0
CatBoost,text_only,REG_TEXT_CONSUMER_BIKE_PRICE_BIKEWALE,0.6596201027905599,1
CatBoost,text_only,REG_TEXT_CONSUMER_BIKE_PRICE_BIKEWALE,0.5379828155461329,2
CatBoost,text_only,REG_TEXT_CONSUMER_BIKE_PRICE_BIKEWALE,0.7371202260690934,3
CatBoost,text_only,REG_TEXT_CONSUMER_BIKE_PRICE_BIKEWALE,0.7828183233435949,4
LightGBM,all,REG_TEXT_CONSUMER_BIKE_PRICE_BIKEWALE,0.5738331640419863,0
LightGBM,all,REG_TEXT_CONSUMER_BIKE_PRICE_BIKEWALE,0.6199041911997871,1
LightGBM,all,REG_TEXT_CONSUMER_BIKE_PRICE_BIKEWALE,0.4746299187581576,2
LightGBM,all,REG_TEXT_CONSUMER_BIKE_PRICE_BIKEWALE,0.6794522253765464,3
LightGBM,all,REG_TEXT_CONSUMER_BIKE_PRICE_BIKEWALE,0.4333246006650202,4
LightGBM,ft,REG_TEXT_CONSUMER_BIKE_PRICE_BIKEWALE,0.585165513581984,0
LightGBM,ft,REG_TEXT_CONSUMER_BIKE_PRICE_BIKEWALE,0.5678673042272607,1
LightGBM,ft,REG_TEXT_CONSUMER_BIKE_PRICE_BIKEWALE,0.6034630634267599,2
LightGBM,ft,REG_TEXT_CONSUMER_BIKE_PRICE_BIKEWALE,0.7746285509119284,3
LightGBM,ft,REG_TEXT_CONSUMER_BIKE_PRICE_BIKEWALE,0.6629146248750615,4
LightGBM,no_text,REG_TEXT_CONSUMER_BIKE_PRICE_BIKEWALE,0.0694738812263184,0
LightGBM,no_text,REG_TEXT_CONSUMER_BIKE_PRICE_BIKEWALE,0.0360081302228914,1
LightGBM,no_text,REG_TEXT_CONSUMER_BIKE_PRICE_BIKEWALE,0.0436890539397846,2
LightGBM,no_text,REG_TEXT_CONSUMER_BIKE_PRICE_BIKEWALE,0.146194565698962,3
LightGBM,no_text,REG_TEXT_CONSUMER_BIKE_PRICE_BIKEWALE,-0.0655033078629874,4
LightGBM,text_only,REG_TEXT_CONSUMER_BIKE_PRICE_BIKEWALE,0.5727274266896587,0
LightGBM,text_only,REG_TEXT_CONSUMER_BIKE_PRICE_BIKEWALE,0.6313258811744014,1
LightGBM,text_only,REG_TEXT_CONSUMER_BIKE_PRICE_BIKEWALE,0.5084938312578076,2
LightGBM,text_only,REG_TEXT_CONSUMER_BIKE_PRICE_BIKEWALE,0.7242544410526914,3
LightGBM,text_only,REG_TEXT_CONSUMER_BIKE_PRICE_BIKEWALE,0.7633345843760448,4
RandomForest,all,REG_TEXT_CONSUMER_BIKE_PRICE_BIKEWALE,0.5064417156315306,0
RandomForest,all,REG_TEXT_CONSUMER_BIKE_PRICE_BIKEWALE,0.5506804860580149,1
RandomForest,all,REG_TEXT_CONSUMER_BIKE_PRICE_BIKEWALE,0.5174005501778639,2
RandomForest,all,REG_TEXT_CONSUMER_BIKE_PRICE_BIKEWALE,0.4600536294596422,3
RandomForest,all,REG_TEXT_CONSUMER_BIKE_PRICE_BIKEWALE,0.4508073344810523,4
RandomForest,ft,REG_TEXT_CONSUMER_BIKE_PRICE_BIKEWALE,0.6536963974744792,0
RandomForest,ft,REG_TEXT_CONSUMER_BIKE_PRICE_BIKEWALE,0.6537849235289536,1
RandomForest,ft,REG_TEXT_CONSUMER_BIKE_PRICE_BIKEWALE,0.4596514707933224,2
RandomForest,ft,REG_TEXT_CONSUMER_BIKE_PRICE_BIKEWALE,0.7566910278764363,3
RandomForest,ft,REG_TEXT_CONSUMER_BIKE_PRICE_BIKEWALE,0.4409594856358084,4
RandomForest,no_text,REG_TEXT_CONSUMER_BIKE_PRICE_BIKEWALE,-0.054609520142993,0
RandomForest,no_text,REG_TEXT_CONSUMER_BIKE_PRICE_BIKEWALE,-0.0735757434064263,1
RandomForest,no_text,REG_TEXT_CONSUMER_BIKE_PRICE_BIKEWALE,-0.0641255185653795,2
RandomForest,no_text,REG_TEXT_CONSUMER_BIKE_PRICE_BIKEWALE,0.0173213132564551,3
RandomForest,no_text,REG_TEXT_CONSUMER_BIKE_PRICE_BIKEWALE,-0.3851343932501538,4
RandomForest,text_only,REG_TEXT_CONSUMER_BIKE_PRICE_BIKEWALE,0.5906227734224452,0
RandomForest,text_only,REG_TEXT_CONSUMER_BIKE_PRICE_BIKEWALE,0.6756529097559965,1
RandomForest,text_only,REG_TEXT_CONSUMER_BIKE_PRICE_BIKEWALE,0.5477743515834009,2
RandomForest,text_only,REG_TEXT_CONSUMER_BIKE_PRICE_BIKEWALE,0.7197205181505955,3
RandomForest,text_only,REG_TEXT_CONSUMER_BIKE_PRICE_BIKEWALE,0.7803485195532325,4
RealMLP,all,REG_TEXT_CONSUMER_BIKE_PRICE_BIKEWALE,0.6466255784034729,0
RealMLP,all,REG_TEXT_CONSUMER_BIKE_PRICE_BIKEWALE,0.6871967911720276,1
RealMLP,all,REG_TEXT_CONSUMER_BIKE_PRICE_BIKEWALE,0.49948251247406,2
RealMLP,all,REG_TEXT_CONSUMER_BIKE_PRICE_BIKEWALE,0.7377005815505981,3
RealMLP,all,REG_TEXT_CONSUMER_BIKE_PRICE_BIKEWALE,0.3529748320579529,4
RealMLP,ft,REG_TEXT_CONSUMER_BIKE_PRICE_BIKEWALE,0.5540010929107666,0
RealMLP,ft,REG_TEXT_CONSUMER_BIKE_PRICE_BIKEWALE,0.6722304821014404,1
RealMLP,ft,REG_TEXT_CONSUMER_BIKE_PRICE_BIKEWALE,0.4960196614265442,2
RealMLP,ft,REG_TEXT_CONSUMER_BIKE_PRICE_BIKEWALE,0.7255661487579346,3
RealMLP,ft,REG_TEXT_CONSUMER_BIKE_PRICE_BIKEWALE,0.1556293964385986,4
RealMLP,no_text,REG_TEXT_CONSUMER_BIKE_PRICE_BIKEWALE,0.121110200881958,0
RealMLP,no_text,REG_TEXT_CONSUMER_BIKE_PRICE_BIKEWALE,0.0771356225013732,1
RealMLP,no_text,REG_TEXT_CONSUMER_BIKE_PRICE_BIKEWALE,0.1243250370025634,2
RealMLP,no_text,REG_TEXT_CONSUMER_BIKE_PRICE_BIKEWALE,0.1532124876976013,3
RealMLP,no_text,REG_TEXT_CONSUMER_BIKE_PRICE_BIKEWALE,0.1042386889457702,4
RealMLP,text_only,REG_TEXT_CONSUMER_BIKE_PRICE_BIKEWALE,0.3472038507461548,0
RealMLP,text_only,REG_TEXT_CONSUMER_BIKE_PRICE_BIKEWALE,0.5209789276123047,1
RealMLP,text_only,REG_TEXT_CONSUMER_BIKE_PRICE_BIKEWALE,0.4816274046897888,2
RealMLP,text_only,REG_TEXT_CONSUMER_BIKE_PRICE_BIKEWALE,0.3786810636520386,3
RealMLP,text_only,REG_TEXT_CONSUMER_BIKE_PRICE_BIKEWALE,0.7851834297180176,4
TabDPT,all,REG_TEXT_CONSUMER_BIKE_PRICE_BIKEWALE,0.2771961688995361,0
TabDPT,all,REG_TEXT_CONSUMER_BIKE_PRICE_BIKEWALE,0.3438299894332886,1
TabDPT,all,REG_TEXT_CONSUMER_BIKE_PRICE_BIKEWALE,0.2596716284751892,2
TabDPT,all,REG_TEXT_CONSUMER_BIKE_PRICE_BIKEWALE,0.4743527173995971,3
TabDPT,all,REG_TEXT_CONSUMER_BIKE_PRICE_BIKEWALE,0.5667406320571899,4
TabDPT,ft,REG_TEXT_CONSUMER_BIKE_PRICE_BIKEWALE,0.3969531059265136,0
TabDPT,ft,REG_TEXT_CONSUMER_BIKE_PRICE_BIKEWALE,0.4784461259841919,1
TabDPT,ft,REG_TEXT_CONSUMER_BIKE_PRICE_BIKEWALE,0.3481833338737488,2
TabDPT,ft,REG_TEXT_CONSUMER_BIKE_PRICE_BIKEWALE,0.599328875541687,3
TabDPT,ft,REG_TEXT_CONSUMER_BIKE_PRICE_BIKEWALE,0.6442803740501404,4
TabDPT,no_text,REG_TEXT_CONSUMER_BIKE_PRICE_BIKEWALE,0.0981283783912658,0
TabDPT,no_text,REG_TEXT_CONSUMER_BIKE_PRICE_BIKEWALE,0.0831393599510192,1
TabDPT,no_text,REG_TEXT_CONSUMER_BIKE_PRICE_BIKEWALE,0.1062191724777221,2
TabDPT,no_text,REG_TEXT_CONSUMER_BIKE_PRICE_BIKEWALE,0.1531546711921692,3
TabDPT,no_text,REG_TEXT_CONSUMER_BIKE_PRICE_BIKEWALE,0.0732648372650146,4
TabDPT,text_only,REG_TEXT_CONSUMER_BIKE_PRICE_BIKEWALE,0.2506848573684692,0
TabDPT,text_only,REG_TEXT_CONSUMER_BIKE_PRICE_BIKEWALE,0.3199081420898437,1
TabDPT,text_only,REG_TEXT_CONSUMER_BIKE_PRICE_BIKEWALE,0.2168080806732177,2
TabDPT,text_only,REG_TEXT_CONSUMER_BIKE_PRICE_BIKEWALE,0.4650582075119018,3
TabDPT,text_only,REG_TEXT_CONSUMER_BIKE_PRICE_BIKEWALE,0.5317971706390381,4
TabICLv2,all,REG_TEXT_CONSUMER_BIKE_PRICE_BIKEWALE,0.6243466138839722,0
TabICLv2,all,REG_TEXT_CONSUMER_BIKE_PRICE_BIKEWALE,0.7241054177284241,1
TabICLv2,all,REG_TEXT_CONSUMER_BIKE_PRICE_BIKEWALE,0.6344611048698425,2
TabICLv2,all,REG_TEXT_CONSUMER_BIKE_PRICE_BIKEWALE,0.7670341730117798,3
TabICLv2,all,REG_TEXT_CONSUMER_BIKE_PRICE_BIKEWALE,0.7715925574302673,4
TabICLv2,ft,REG_TEXT_CONSUMER_BIKE_PRICE_BIKEWALE,0.7124717235565186,0
TabICLv2,ft,REG_TEXT_CONSUMER_BIKE_PRICE_BIKEWALE,0.7358490228652954,1
TabICLv2,ft,REG_TEXT_CONSUMER_BIKE_PRICE_BIKEWALE,0.7005335688591003,2
TabICLv2,ft,REG_TEXT_CONSUMER_BIKE_PRICE_BIKEWALE,0.8172507882118225,3
TabICLv2,ft,REG_TEXT_CONSUMER_BIKE_PRICE_BIKEWALE,0.6959134340286255,4
TabICLv2,no_text,REG_TEXT_CONSUMER_BIKE_PRICE_BIKEWALE,0.1140384674072265,0
TabICLv2,no_text,REG_TEXT_CONSUMER_BIKE_PRICE_BIKEWALE,0.0788871645927429,1
TabICLv2,no_text,REG_TEXT_CONSUMER_BIKE_PRICE_BIKEWALE,0.1387717723846435,2
TabICLv2,no_text,REG_TEXT_CONSUMER_BIKE_PRICE_BIKEWALE,0.1669697165489196,3
TabICLv2,no_text,REG_TEXT_CONSUMER_BIKE_PRICE_BIKEWALE,0.0567352771759033,4
TabICLv2,text_only,REG_TEXT_CONSUMER_BIKE_PRICE_BIKEWALE,0.5943088531494141,0
TabICLv2,text_only,REG_TEXT_CONSUMER_BIKE_PRICE_BIKEWALE,0.6715673208236694,1
TabICLv2,text_only,REG_TEXT_CONSUMER_BIKE_PRICE_BIKEWALE,0.5843048691749573,2
TabICLv2,text_only,REG_TEXT_CONSUMER_BIKE_PRICE_BIKEWALE,0.7072751522064209,3
TabICLv2,text_only,REG_TEXT_CONSUMER_BIKE_PRICE_BIKEWALE,0.593157947063446,4
TabM,all,REG_TEXT_CONSUMER_BIKE_PRICE_BIKEWALE,0.5209581851959229,0
TabM,all,REG_TEXT_CONSUMER_BIKE_PRICE_BIKEWALE,0.5835418701171875,1
TabM,all,REG_TEXT_CONSUMER_BIKE_PRICE_BIKEWALE,0.4675049781799317,2
TabM,all,REG_TEXT_CONSUMER_BIKE_PRICE_BIKEWALE,0.488012969493866,3
TabM,all,REG_TEXT_CONSUMER_BIKE_PRICE_BIKEWALE,0.3598621487617492,4
TabM,ft,REG_TEXT_CONSUMER_BIKE_PRICE_BIKEWALE,0.4486211538314819,0
TabM,ft,REG_TEXT_CONSUMER_BIKE_PRICE_BIKEWALE,0.643959641456604,1
TabM,ft,REG_TEXT_CONSUMER_BIKE_PRICE_BIKEWALE,0.544914960861206,2
TabM,ft,REG_TEXT_CONSUMER_BIKE_PRICE_BIKEWALE,0.649886965751648,3
TabM,ft,REG_TEXT_CONSUMER_BIKE_PRICE_BIKEWALE,0.4681850671768189,4
TabM,no_text,REG_TEXT_CONSUMER_BIKE_PRICE_BIKEWALE,0.125282347202301,0
TabM,no_text,REG_TEXT_CONSUMER_BIKE_PRICE_BIKEWALE,0.0948125123977661,1
TabM,no_text,REG_TEXT_CONSUMER_BIKE_PRICE_BIKEWALE,0.1334357857704162,2
TabM,no_text,REG_TEXT_CONSUMER_BIKE_PRICE_BIKEWALE,0.1586455106735229,3
TabM,no_text,REG_TEXT_CONSUMER_BIKE_PRICE_BIKEWALE,0.0753885507583618,4
TabM,text_only,REG_TEXT_CONSUMER_BIKE_PRICE_BIKEWALE,0.2169203758239746,0
TabM,text_only,REG_TEXT_CONSUMER_BIKE_PRICE_BIKEWALE,0.6418091058731079,1
TabM,text_only,REG_TEXT_CONSUMER_BIKE_PRICE_BIKEWALE,0.4524900913238525,2
TabM,text_only,REG_TEXT_CONSUMER_BIKE_PRICE_BIKEWALE,0.6713595390319824,3
TabM,text_only,REG_TEXT_CONSUMER_BIKE_PRICE_BIKEWALE,0.6686826944351196,4
TabPFN-2.5,all,REG_TEXT_CONSUMER_BIKE_PRICE_BIKEWALE,0.617148756980896,0
TabPFN-2.5,all,REG_TEXT_CONSUMER_BIKE_PRICE_BIKEWALE,0.7261990904808044,1
TabPFN-2.5,all,REG_TEXT_CONSUMER_BIKE_PRICE_BIKEWALE,0.6999216079711914,2
TabPFN-2.5,all,REG_TEXT_CONSUMER_BIKE_PRICE_BIKEWALE,0.6209765672683716,3
TabPFN-2.5,all,REG_TEXT_CONSUMER_BIKE_PRICE_BIKEWALE,0.0058084726333618,4
TabPFN-2.5,ft,REG_TEXT_CONSUMER_BIKE_PRICE_BIKEWALE,0.7104630470275879,0
TabPFN-2.5,ft,REG_TEXT_CONSUMER_BIKE_PRICE_BIKEWALE,0.7684077620506287,1
TabPFN-2.5,ft,REG_TEXT_CONSUMER_BIKE_PRICE_BIKEWALE,0.643220067024231,2
TabPFN-2.5,ft,REG_TEXT_CONSUMER_BIKE_PRICE_BIKEWALE,0.7893883585929871,3
TabPFN-2.5,ft,REG_TEXT_CONSUMER_BIKE_PRICE_BIKEWALE,-0.0643497705459594,4
TabPFN-2.5,no_text,REG_TEXT_CONSUMER_BIKE_PRICE_BIKEWALE,0.1018269062042236,0
TabPFN-2.5,no_text,REG_TEXT_CONSUMER_BIKE_PRICE_BIKEWALE,0.0751018524169921,1
TabPFN-2.5,no_text,REG_TEXT_CONSUMER_BIKE_PRICE_BIKEWALE,0.1206445693969726,2
TabPFN-2.5,no_text,REG_TEXT_CONSUMER_BIKE_PRICE_BIKEWALE,0.1541343331336975,3
TabPFN-2.5,no_text,REG_TEXT_CONSUMER_BIKE_PRICE_BIKEWALE,0.0786845684051513,4
TabPFN-2.5,text_only,REG_TEXT_CONSUMER_BIKE_PRICE_BIKEWALE,0.6186811923980713,0
TabPFN-2.5,text_only,REG_TEXT_CONSUMER_BIKE_PRICE_BIKEWALE,0.6860823631286621,1
TabPFN-2.5,text_only,REG_TEXT_CONSUMER_BIKE_PRICE_BIKEWALE,0.4856934547424317,2
TabPFN-2.5,text_only,REG_TEXT_CONSUMER_BIKE_PRICE_BIKEWALE,0.6499303579330444,3
TabPFN-2.5,text_only,REG_TEXT_CONSUMER_BIKE_PRICE_BIKEWALE,0.4078397154808045,4
TabPFNv2,all,REG_TEXT_CONSUMER_BIKE_PRICE_BIKEWALE,0.5191629528999329,0
TabPFNv2,all,REG_TEXT_CONSUMER_BIKE_PRICE_BIKEWALE,0.5945310592651367,1
TabPFNv2,all,REG_TEXT_CONSUMER_BIKE_PRICE_BIKEWALE,0.5191904306411743,2
TabPFNv2,all,REG_TEXT_CONSUMER_BIKE_PRICE_BIKEWALE,0.6925628185272217,3
TabPFNv2,all,REG_TEXT_CONSUMER_BIKE_PRICE_BIKEWALE,0.7456088066101074,4
TabPFNv2,ft,REG_TEXT_CONSUMER_BIKE_PRICE_BIKEWALE,0.5844941735267639,0
TabPFNv2,ft,REG_TEXT_CONSUMER_BIKE_PRICE_BIKEWALE,0.6655627489089966,1
TabPFNv2,ft,REG_TEXT_CONSUMER_BIKE_PRICE_BIKEWALE,0.5502923727035522,2
TabPFNv2,ft,REG_TEXT_CONSUMER_BIKE_PRICE_BIKEWALE,0.7513426542282104,3
TabPFNv2,ft,REG_TEXT_CONSUMER_BIKE_PRICE_BIKEWALE,0.8044619560241699,4
TabPFNv2,no_text,REG_TEXT_CONSUMER_BIKE_PRICE_BIKEWALE,0.0841190218925476,0
TabPFNv2,no_text,REG_TEXT_CONSUMER_BIKE_PRICE_BIKEWALE,0.0825781226158142,1
TabPFNv2,no_text,REG_TEXT_CONSUMER_BIKE_PRICE_BIKEWALE,0.0963640809059143,2
TabPFNv2,no_text,REG_TEXT_CONSUMER_BIKE_PRICE_BIKEWALE,0.1373004913330078,3
TabPFNv2,no_text,REG_TEXT_CONSUMER_BIKE_PRICE_BIKEWALE,0.1221428513526916,4
TabPFNv2,text_only,REG_TEXT_CONSUMER_BIKE_PRICE_BIKEWALE,0.4303714036941528,0
TabPFNv2,text_only,REG_TEXT_CONSUMER_BIKE_PRICE_BIKEWALE,0.5163239240646362,1
TabPFNv2,text_only,REG_TEXT_CONSUMER_BIKE_PRICE_BIKEWALE,0.3841239809989929,2
TabPFNv2,text_only,REG_TEXT_CONSUMER_BIKE_PRICE_BIKEWALE,0.675011157989502,3
TabPFNv2,text_only,REG_TEXT_CONSUMER_BIKE_PRICE_BIKEWALE,0.7051450610160828,4
XGBoost,all,REG_TEXT_CONSUMER_BIKE_PRICE_BIKEWALE,0.515584409236908,0
XGBoost,all,REG_TEXT_CONSUMER_BIKE_PRICE_BIKEWALE,0.5532355904579163,1
XGBoost,all,REG_TEXT_CONSUMER_BIKE_PRICE_BIKEWALE,0.4495210647583008,2
XGBoost,all,REG_TEXT_CONSUMER_BIKE_PRICE_BIKEWALE,0.5198309421539307,3
XGBoost,all,REG_TEXT_CONSUMER_BIKE_PRICE_BIKEWALE,0.0042571425437927,4
XGBoost,ft,REG_TEXT_CONSUMER_BIKE_PRICE_BIKEWALE,0.6328861713409424,0
XGBoost,ft,REG_TEXT_CONSUMER_BIKE_PRICE_BIKEWALE,0.6155868768692017,1
XGBoost,ft,REG_TEXT_CONSUMER_BIKE_PRICE_BIKEWALE,0.4132263660430908,2
XGBoost,ft,REG_TEXT_CONSUMER_BIKE_PRICE_BIKEWALE,0.7776015996932983,3
XGBoost,ft,REG_TEXT_CONSUMER_BIKE_PRICE_BIKEWALE,0.2532335519790649,4
XGBoost,no_text,REG_TEXT_CONSUMER_BIKE_PRICE_BIKEWALE,0.0835239291191101,0
XGBoost,no_text,REG_TEXT_CONSUMER_BIKE_PRICE_BIKEWALE,0.0870113968849182,1
XGBoost,no_text,REG_TEXT_CONSUMER_BIKE_PRICE_BIKEWALE,0.0667378306388855,2
XGBoost,no_text,REG_TEXT_CONSUMER_BIKE_PRICE_BIKEWALE,0.135759174823761,3
XGBoost,no_text,REG_TEXT_CONSUMER_BIKE_PRICE_BIKEWALE,0.0962610244750976,4
XGBoost,text_only,REG_TEXT_CONSUMER_BIKE_PRICE_BIKEWALE,0.545693039894104,0
XGBoost,text_only,REG_TEXT_CONSUMER_BIKE_PRICE_BIKEWALE,0.6613063812255859,1
XGBoost,text_only,REG_TEXT_CONSUMER_BIKE_PRICE_BIKEWALE,0.4945191740989685,2
XGBoost,text_only,REG_TEXT_CONSUMER_BIKE_PRICE_BIKEWALE,0.7312397360801697,3
XGBoost,text_only,REG_TEXT_CONSUMER_BIKE_PRICE_BIKEWALE,0.7671099901199341,4
CatBoost,all,REG_TEXT_CONSUMER_BOOK_PRICE_PREDICTION,0.5550532693888099,0
CatBoost,all,REG_TEXT_CONSUMER_BOOK_PRICE_PREDICTION,0.5796265495618038,1
CatBoost,all,REG_TEXT_CONSUMER_BOOK_PRICE_PREDICTION,0.5350050182155878,2
CatBoost,all,REG_TEXT_CONSUMER_BOOK_PRICE_PREDICTION,0.516893433454283,3
CatBoost,all,REG_TEXT_CONSUMER_BOOK_PRICE_PREDICTION,0.5300672784011509,4
CatBoost,ft,REG_TEXT_CONSUMER_BOOK_PRICE_PREDICTION,0.5978082075394302,0
CatBoost,ft,REG_TEXT_CONSUMER_BOOK_PRICE_PREDICTION,0.5665462366787793,1
CatBoost,ft,REG_TEXT_CONSUMER_BOOK_PRICE_PREDICTION,0.5311128539760004,2
CatBoost,ft,REG_TEXT_CONSUMER_BOOK_PRICE_PREDICTION,0.566016285305948,3
CatBoost,ft,REG_TEXT_CONSUMER_BOOK_PRICE_PREDICTION,0.5097358322245592,4
CatBoost,no_text,REG_TEXT_CONSUMER_BOOK_PRICE_PREDICTION,0.2609995191884119,0
CatBoost,no_text,REG_TEXT_CONSUMER_BOOK_PRICE_PREDICTION,0.1985946254287753,1
CatBoost,no_text,REG_TEXT_CONSUMER_BOOK_PRICE_PREDICTION,0.2113499066931911,2
CatBoost,no_text,REG_TEXT_CONSUMER_BOOK_PRICE_PREDICTION,0.159499946899003,3
CatBoost,no_text,REG_TEXT_CONSUMER_BOOK_PRICE_PREDICTION,0.1830514377812738,4
CatBoost,text_only,REG_TEXT_CONSUMER_BOOK_PRICE_PREDICTION,0.5427559097071428,0
CatBoost,text_only,REG_TEXT_CONSUMER_BOOK_PRICE_PREDICTION,0.5672037331896533,1
CatBoost,text_only,REG_TEXT_CONSUMER_BOOK_PRICE_PREDICTION,0.5340089465696832,2
CatBoost,text_only,REG_TEXT_CONSUMER_BOOK_PRICE_PREDICTION,0.5051652218435672,3
CatBoost,text_only,REG_TEXT_CONSUMER_BOOK_PRICE_PREDICTION,0.4750818018690643,4
LightGBM,all,REG_TEXT_CONSUMER_BOOK_PRICE_PREDICTION,0.5098945450261501,0
LightGBM,all,REG_TEXT_CONSUMER_BOOK_PRICE_PREDICTION,0.5370128258453188,1
LightGBM,all,REG_TEXT_CONSUMER_BOOK_PRICE_PREDICTION,0.532525105238161,2
LightGBM,all,REG_TEXT_CONSUMER_BOOK_PRICE_PREDICTION,0.4763947578458924,3
LightGBM,all,REG_TEXT_CONSUMER_BOOK_PRICE_PREDICTION,0.4728011861999209,4
LightGBM,ft,REG_TEXT_CONSUMER_BOOK_PRICE_PREDICTION,0.5822992265431071,0
LightGBM,ft,REG_TEXT_CONSUMER_BOOK_PRICE_PREDICTION,0.5342806510811626,1
LightGBM,ft,REG_TEXT_CONSUMER_BOOK_PRICE_PREDICTION,0.5498322862970402,2
LightGBM,ft,REG_TEXT_CONSUMER_BOOK_PRICE_PREDICTION,0.5376965043884523,3
LightGBM,ft,REG_TEXT_CONSUMER_BOOK_PRICE_PREDICTION,0.4694848322016767,4
LightGBM,no_text,REG_TEXT_CONSUMER_BOOK_PRICE_PREDICTION,0.2059418594091141,0
LightGBM,no_text,REG_TEXT_CONSUMER_BOOK_PRICE_PREDICTION,0.1732187221147825,1
LightGBM,no_text,REG_TEXT_CONSUMER_BOOK_PRICE_PREDICTION,0.1616884865192426,2
LightGBM,no_text,REG_TEXT_CONSUMER_BOOK_PRICE_PREDICTION,0.1390448086401293,3
LightGBM,no_text,REG_TEXT_CONSUMER_BOOK_PRICE_PREDICTION,0.133487155003342,4
LightGBM,text_only,REG_TEXT_CONSUMER_BOOK_PRICE_PREDICTION,0.4832492811812291,0
LightGBM,text_only,REG_TEXT_CONSUMER_BOOK_PRICE_PREDICTION,0.5288159667815292,1
LightGBM,text_only,REG_TEXT_CONSUMER_BOOK_PRICE_PREDICTION,0.4906792311791581,2
LightGBM,text_only,REG_TEXT_CONSUMER_BOOK_PRICE_PREDICTION,0.4729901039845213,3
LightGBM,text_only,REG_TEXT_CONSUMER_BOOK_PRICE_PREDICTION,0.4571486044989584,4
RandomForest,all,REG_TEXT_CONSUMER_BOOK_PRICE_PREDICTION,0.4824847469701803,0
RandomForest,all,REG_TEXT_CONSUMER_BOOK_PRICE_PREDICTION,0.5271518346769419,1
RandomForest,all,REG_TEXT_CONSUMER_BOOK_PRICE_PREDICTION,0.489162419548965,2
RandomForest,all,REG_TEXT_CONSUMER_BOOK_PRICE_PREDICTION,0.4547611523819776,3
RandomForest,all,REG_TEXT_CONSUMER_BOOK_PRICE_PREDICTION,0.448349068143387,4
RandomForest,ft,REG_TEXT_CONSUMER_BOOK_PRICE_PREDICTION,0.5385952385700391,0
RandomForest,ft,REG_TEXT_CONSUMER_BOOK_PRICE_PREDICTION,0.5436218637172692,1
RandomForest,ft,REG_TEXT_CONSUMER_BOOK_PRICE_PREDICTION,0.528927291780412,2
RandomForest,ft,REG_TEXT_CONSUMER_BOOK_PRICE_PREDICTION,0.5237648175470967,3
RandomForest,ft,REG_TEXT_CONSUMER_BOOK_PRICE_PREDICTION,0.5153564281840175,4
RandomForest,no_text,REG_TEXT_CONSUMER_BOOK_PRICE_PREDICTION,0.0983052233220982,0
RandomForest,no_text,REG_TEXT_CONSUMER_BOOK_PRICE_PREDICTION,0.0352038614637257,1
RandomForest,no_text,REG_TEXT_CONSUMER_BOOK_PRICE_PREDICTION,0.069675886526372,2
RandomForest,no_text,REG_TEXT_CONSUMER_BOOK_PRICE_PREDICTION,0.0556811719043078,3
RandomForest,no_text,REG_TEXT_CONSUMER_BOOK_PRICE_PREDICTION,0.0250159976808636,4
RandomForest,text_only,REG_TEXT_CONSUMER_BOOK_PRICE_PREDICTION,0.4625355606335327,0
RandomForest,text_only,REG_TEXT_CONSUMER_BOOK_PRICE_PREDICTION,0.5191151531948184,1
RandomForest,text_only,REG_TEXT_CONSUMER_BOOK_PRICE_PREDICTION,0.4830636955179295,2
RandomForest,text_only,REG_TEXT_CONSUMER_BOOK_PRICE_PREDICTION,0.4414557134818073,3
RandomForest,text_only,REG_TEXT_CONSUMER_BOOK_PRICE_PREDICTION,0.4259581452649402,4
RealMLP,all,REG_TEXT_CONSUMER_BOOK_PRICE_PREDICTION,0.5368143346995837,0
RealMLP,all,REG_TEXT_CONSUMER_BOOK_PRICE_PREDICTION,0.5682076541794118,1
RealMLP,all,REG_TEXT_CONSUMER_BOOK_PRICE_PREDICTION,0.5312258943237178,2
RealMLP,all,REG_TEXT_CONSUMER_BOOK_PRICE_PREDICTION,0.5341107139290475,3
RealMLP,all,REG_TEXT_CONSUMER_BOOK_PRICE_PREDICTION,0.4922250480142209,4
RealMLP,ft,REG_TEXT_CONSUMER_BOOK_PRICE_PREDICTION,0.557023684038388,0
RealMLP,ft,REG_TEXT_CONSUMER_BOOK_PRICE_PREDICTION,0.5239534677801363,1
RealMLP,ft,REG_TEXT_CONSUMER_BOOK_PRICE_PREDICTION,0.4981284394884883,2
RealMLP,ft,REG_TEXT_CONSUMER_BOOK_PRICE_PREDICTION,0.5255318102491744,3
RealMLP,ft,REG_TEXT_CONSUMER_BOOK_PRICE_PREDICTION,0.5177492260181872,4
RealMLP,no_text,REG_TEXT_CONSUMER_BOOK_PRICE_PREDICTION,0.2356685818321005,0
RealMLP,no_text,REG_TEXT_CONSUMER_BOOK_PRICE_PREDICTION,0.182325099966684,1
RealMLP,no_text,REG_TEXT_CONSUMER_BOOK_PRICE_PREDICTION,0.2204209111819706,2
RealMLP,no_text,REG_TEXT_CONSUMER_BOOK_PRICE_PREDICTION,0.150655436666509,3
RealMLP,no_text,REG_TEXT_CONSUMER_BOOK_PRICE_PREDICTION,0.1834018699743318,4
RealMLP,text_only,REG_TEXT_CONSUMER_BOOK_PRICE_PREDICTION,0.5090288965327882,0
RealMLP,text_only,REG_TEXT_CONSUMER_BOOK_PRICE_PREDICTION,0.5346121224240576,1
RealMLP,text_only,REG_TEXT_CONSUMER_BOOK_PRICE_PREDICTION,0.481466054011708,2
RealMLP,text_only,REG_TEXT_CONSUMER_BOOK_PRICE_PREDICTION,0.4917383754214997,3
RealMLP,text_only,REG_TEXT_CONSUMER_BOOK_PRICE_PREDICTION,0.5068842993869782,4
TabDPT,all,REG_TEXT_CONSUMER_BOOK_PRICE_PREDICTION,0.5671615401492369,0
TabDPT,all,REG_TEXT_CONSUMER_BOOK_PRICE_PREDICTION,0.575775344706535,1
TabDPT,all,REG_TEXT_CONSUMER_BOOK_PRICE_PREDICTION,0.5638729843946682,2
TabDPT,all,REG_TEXT_CONSUMER_BOOK_PRICE_PREDICTION,0.5423847751321286,3
TabDPT,all,REG_TEXT_CONSUMER_BOOK_PRICE_PREDICTION,0.4935206332323293,4
TabDPT,ft,REG_TEXT_CONSUMER_BOOK_PRICE_PREDICTION,0.5628392690234332,0
TabDPT,ft,REG_TEXT_CONSUMER_BOOK_PRICE_PREDICTION,0.5983386908000323,1
TabDPT,ft,REG_TEXT_CONSUMER_BOOK_PRICE_PREDICTION,0.5633539607864626,2
TabDPT,ft,REG_TEXT_CONSUMER_BOOK_PRICE_PREDICTION,0.5632853437910343,3
TabDPT,ft,REG_TEXT_CONSUMER_BOOK_PRICE_PREDICTION,0.5430616090014242,4
TabDPT,no_text,REG_TEXT_CONSUMER_BOOK_PRICE_PREDICTION,0.2602141811579531,0
TabDPT,no_text,REG_TEXT_CONSUMER_BOOK_PRICE_PREDICTION,0.2053708091527605,1
TabDPT,no_text,REG_TEXT_CONSUMER_BOOK_PRICE_PREDICTION,0.2127227112116082,2
TabDPT,no_text,REG_TEXT_CONSUMER_BOOK_PRICE_PREDICTION,0.1619913947613462,3
TabDPT,no_text,REG_TEXT_CONSUMER_BOOK_PRICE_PREDICTION,0.2049280373522631,4
TabDPT,text_only,REG_TEXT_CONSUMER_BOOK_PRICE_PREDICTION,0.5507697157675285,0
TabDPT,text_only,REG_TEXT_CONSUMER_BOOK_PRICE_PREDICTION,0.5634031085404059,1
TabDPT,text_only,REG_TEXT_CONSUMER_BOOK_PRICE_PREDICTION,0.5551411778506379,2
TabDPT,text_only,REG_TEXT_CONSUMER_BOOK_PRICE_PREDICTION,0.5234643326001374,3
TabDPT,text_only,REG_TEXT_CONSUMER_BOOK_PRICE_PREDICTION,0.4977809440553141,4
TabICLv2,all,REG_TEXT_CONSUMER_BOOK_PRICE_PREDICTION,0.6285028127066228,0
TabICLv2,all,REG_TEXT_CONSUMER_BOOK_PRICE_PREDICTION,0.6084683476388015,1
TabICLv2,all,REG_TEXT_CONSUMER_BOOK_PRICE_PREDICTION,0.6175594636340487,2
TabICLv2,all,REG_TEXT_CONSUMER_BOOK_PRICE_PREDICTION,0.5476882191902281,3
TabICLv2,all,REG_TEXT_CONSUMER_BOOK_PRICE_PREDICTION,0.5597134930486154,4
TabICLv2,ft,REG_TEXT_CONSUMER_BOOK_PRICE_PREDICTION,0.597042736383837,0
TabICLv2,ft,REG_TEXT_CONSUMER_BOOK_PRICE_PREDICTION,0.5775058855392546,1
TabICLv2,ft,REG_TEXT_CONSUMER_BOOK_PRICE_PREDICTION,0.5976988388927422,2
TabICLv2,ft,REG_TEXT_CONSUMER_BOOK_PRICE_PREDICTION,0.5936519515933789,3
TabICLv2,ft,REG_TEXT_CONSUMER_BOOK_PRICE_PREDICTION,0.5583552004513173,4
TabICLv2,no_text,REG_TEXT_CONSUMER_BOOK_PRICE_PREDICTION,0.2698883681690606,0
TabICLv2,no_text,REG_TEXT_CONSUMER_BOOK_PRICE_PREDICTION,0.2109303123418627,1
TabICLv2,no_text,REG_TEXT_CONSUMER_BOOK_PRICE_PREDICTION,0.21782856081063,2
TabICLv2,no_text,REG_TEXT_CONSUMER_BOOK_PRICE_PREDICTION,0.1660926283024715,3
TabICLv2,no_text,REG_TEXT_CONSUMER_BOOK_PRICE_PREDICTION,0.2012421348375531,4
TabICLv2,text_only,REG_TEXT_CONSUMER_BOOK_PRICE_PREDICTION,0.6041571854720718,0
TabICLv2,text_only,REG_TEXT_CONSUMER_BOOK_PRICE_PREDICTION,0.604093100745023,1
TabICLv2,text_only,REG_TEXT_CONSUMER_BOOK_PRICE_PREDICTION,0.5925675127958083,2
TabICLv2,text_only,REG_TEXT_CONSUMER_BOOK_PRICE_PREDICTION,0.5391905486782971,3
TabICLv2,text_only,REG_TEXT_CONSUMER_BOOK_PRICE_PREDICTION,0.5429448579423644,4
TabM,all,REG_TEXT_CONSUMER_BOOK_PRICE_PREDICTION,0.5839493239729019,0
TabM,all,REG_TEXT_CONSUMER_BOOK_PRICE_PREDICTION,0.5798619222496256,1
TabM,all,REG_TEXT_CONSUMER_BOOK_PRICE_PREDICTION,0.5607380188263659,2
TabM,all,REG_TEXT_CONSUMER_BOOK_PRICE_PREDICTION,0.550677553192937,3
TabM,all,REG_TEXT_CONSUMER_BOOK_PRICE_PREDICTION,0.524832512536545,4
TabM,ft,REG_TEXT_CONSUMER_BOOK_PRICE_PREDICTION,0.5929941530166762,0
TabM,ft,REG_TEXT_CONSUMER_BOOK_PRICE_PREDICTION,0.5849231801760715,1
TabM,ft,REG_TEXT_CONSUMER_BOOK_PRICE_PREDICTION,0.5600500811982692,2
TabM,ft,REG_TEXT_CONSUMER_BOOK_PRICE_PREDICTION,0.5672451498399624,3
TabM,ft,REG_TEXT_CONSUMER_BOOK_PRICE_PREDICTION,0.5240730603525473,4
TabM,no_text,REG_TEXT_CONSUMER_BOOK_PRICE_PREDICTION,0.2592366446872848,0
TabM,no_text,REG_TEXT_CONSUMER_BOOK_PRICE_PREDICTION,0.2149037473083888,1
TabM,no_text,REG_TEXT_CONSUMER_BOOK_PRICE_PREDICTION,0.1942368950255123,2
TabM,no_text,REG_TEXT_CONSUMER_BOOK_PRICE_PREDICTION,0.1556228462042275,3
TabM,no_text,REG_TEXT_CONSUMER_BOOK_PRICE_PREDICTION,0.1939499290737146,4
TabM,text_only,REG_TEXT_CONSUMER_BOOK_PRICE_PREDICTION,0.5602150475510397,0
TabM,text_only,REG_TEXT_CONSUMER_BOOK_PRICE_PREDICTION,0.5784158600521252,1
TabM,text_only,REG_TEXT_CONSUMER_BOOK_PRICE_PREDICTION,0.5411448171415542,2
TabM,text_only,REG_TEXT_CONSUMER_BOOK_PRICE_PREDICTION,0.5292849588385347,3
TabM,text_only,REG_TEXT_CONSUMER_BOOK_PRICE_PREDICTION,0.5069036826785225,4
TabPFN-2.5,all,REG_TEXT_CONSUMER_BOOK_PRICE_PREDICTION,0.6199794966167431,0
TabPFN-2.5,all,REG_TEXT_CONSUMER_BOOK_PRICE_PREDICTION,0.5758102084205341,1
TabPFN-2.5,all,REG_TEXT_CONSUMER_BOOK_PRICE_PREDICTION,0.5712831393920554,2
TabPFN-2.5,all,REG_TEXT_CONSUMER_BOOK_PRICE_PREDICTION,0.5374772903804163,3
TabPFN-2.5,all,REG_TEXT_CONSUMER_BOOK_PRICE_PREDICTION,0.5436932857034593,4
TabPFN-2.5,ft,REG_TEXT_CONSUMER_BOOK_PRICE_PREDICTION,0.5771250997195676,0
TabPFN-2.5,ft,REG_TEXT_CONSUMER_BOOK_PRICE_PREDICTION,0.5662214616899355,1
TabPFN-2.5,ft,REG_TEXT_CONSUMER_BOOK_PRICE_PREDICTION,0.5743578667917202,2
TabPFN-2.5,ft,REG_TEXT_CONSUMER_BOOK_PRICE_PREDICTION,0.5414140915315602,3
TabPFN-2.5,ft,REG_TEXT_CONSUMER_BOOK_PRICE_PREDICTION,0.5202642410912076,4
TabPFN-2.5,no_text,REG_TEXT_CONSUMER_BOOK_PRICE_PREDICTION,0.2672954821885259,0
TabPFN-2.5,no_text,REG_TEXT_CONSUMER_BOOK_PRICE_PREDICTION,0.2235127596527505,1
TabPFN-2.5,no_text,REG_TEXT_CONSUMER_BOOK_PRICE_PREDICTION,0.2120352387570425,2
TabPFN-2.5,no_text,REG_TEXT_CONSUMER_BOOK_PRICE_PREDICTION,0.1652700185472478,3
TabPFN-2.5,no_text,REG_TEXT_CONSUMER_BOOK_PRICE_PREDICTION,0.2016447970181872,4
TabPFN-2.5,text_only,REG_TEXT_CONSUMER_BOOK_PRICE_PREDICTION,0.5997716059274227,0
TabPFN-2.5,text_only,REG_TEXT_CONSUMER_BOOK_PRICE_PREDICTION,0.577627924323088,1
TabPFN-2.5,text_only,REG_TEXT_CONSUMER_BOOK_PRICE_PREDICTION,0.5701125730935006,2
TabPFN-2.5,text_only,REG_TEXT_CONSUMER_BOOK_PRICE_PREDICTION,0.5292584320231315,3
TabPFN-2.5,text_only,REG_TEXT_CONSUMER_BOOK_PRICE_PREDICTION,0.5292297146515696,4
TabPFNv2,all,REG_TEXT_CONSUMER_BOOK_PRICE_PREDICTION,0.5581469927896094,0
TabPFNv2,all,REG_TEXT_CONSUMER_BOOK_PRICE_PREDICTION,0.5025281441269316,1
TabPFNv2,all,REG_TEXT_CONSUMER_BOOK_PRICE_PREDICTION,0.5315265730256966,2
TabPFNv2,all,REG_TEXT_CONSUMER_BOOK_PRICE_PREDICTION,0.4780891423808149,3
TabPFNv2,all,REG_TEXT_CONSUMER_BOOK_PRICE_PREDICTION,0.4798630407896989,4
TabPFNv2,ft,REG_TEXT_CONSUMER_BOOK_PRICE_PREDICTION,0.539516382671835,0
TabPFNv2,ft,REG_TEXT_CONSUMER_BOOK_PRICE_PREDICTION,0.5177909157968009,1
TabPFNv2,ft,REG_TEXT_CONSUMER_BOOK_PRICE_PREDICTION,0.5334189901490592,2
TabPFNv2,ft,REG_TEXT_CONSUMER_BOOK_PRICE_PREDICTION,0.5137014992652494,3
TabPFNv2,ft,REG_TEXT_CONSUMER_BOOK_PRICE_PREDICTION,0.4796644283146644,4
TabPFNv2,no_text,REG_TEXT_CONSUMER_BOOK_PRICE_PREDICTION,0.259037341769631,0
TabPFNv2,no_text,REG_TEXT_CONSUMER_BOOK_PRICE_PREDICTION,0.2184292550944775,1
TabPFNv2,no_text,REG_TEXT_CONSUMER_BOOK_PRICE_PREDICTION,0.2126087177578961,2
TabPFNv2,no_text,REG_TEXT_CONSUMER_BOOK_PRICE_PREDICTION,0.1637604164809916,3
TabPFNv2,no_text,REG_TEXT_CONSUMER_BOOK_PRICE_PREDICTION,0.1942309744811438,4
TabPFNv2,text_only,REG_TEXT_CONSUMER_BOOK_PRICE_PREDICTION,0.5555795684937006,0
TabPFNv2,text_only,REG_TEXT_CONSUMER_BOOK_PRICE_PREDICTION,0.4940508516206541,1
TabPFNv2,text_only,REG_TEXT_CONSUMER_BOOK_PRICE_PREDICTION,0.5187066270300644,2
TabPFNv2,text_only,REG_TEXT_CONSUMER_BOOK_PRICE_PREDICTION,0.4813982106323844,3
TabPFNv2,text_only,REG_TEXT_CONSUMER_BOOK_PRICE_PREDICTION,0.4629830645807097,4
XGBoost,all,REG_TEXT_CONSUMER_BOOK_PRICE_PREDICTION,0.460923263924098,0
XGBoost,all,REG_TEXT_CONSUMER_BOOK_PRICE_PREDICTION,0.4881718379152059,1
XGBoost,all,REG_TEXT_CONSUMER_BOOK_PRICE_PREDICTION,0.429823701212337,2
XGBoost,all,REG_TEXT_CONSUMER_BOOK_PRICE_PREDICTION,0.4468185933293504,3
XGBoost,all,REG_TEXT_CONSUMER_BOOK_PRICE_PREDICTION,0.4440586780609039,4
XGBoost,ft,REG_TEXT_CONSUMER_BOOK_PRICE_PREDICTION,0.5347744717628604,0
XGBoost,ft,REG_TEXT_CONSUMER_BOOK_PRICE_PREDICTION,0.4939029713438986,1
XGBoost,ft,REG_TEXT_CONSUMER_BOOK_PRICE_PREDICTION,0.4940011280090925,2
XGBoost,ft,REG_TEXT_CONSUMER_BOOK_PRICE_PREDICTION,0.517682484452115,3
XGBoost,ft,REG_TEXT_CONSUMER_BOOK_PRICE_PREDICTION,0.4503521955065288,4
XGBoost,no_text,REG_TEXT_CONSUMER_BOOK_PRICE_PREDICTION,0.2200919395334664,0
XGBoost,no_text,REG_TEXT_CONSUMER_BOOK_PRICE_PREDICTION,0.1912766658948463,1
XGBoost,no_text,REG_TEXT_CONSUMER_BOOK_PRICE_PREDICTION,0.1762641498484356,2
XGBoost,no_text,REG_TEXT_CONSUMER_BOOK_PRICE_PREDICTION,0.1415045180764339,3
XGBoost,no_text,REG_TEXT_CONSUMER_BOOK_PRICE_PREDICTION,0.1651642275244051,4
XGBoost,text_only,REG_TEXT_CONSUMER_BOOK_PRICE_PREDICTION,0.4771814507950946,0
XGBoost,text_only,REG_TEXT_CONSUMER_BOOK_PRICE_PREDICTION,0.468957641093632,1
XGBoost,text_only,REG_TEXT_CONSUMER_BOOK_PRICE_PREDICTION,0.4513380149031598,2
XGBoost,text_only,REG_TEXT_CONSUMER_BOOK_PRICE_PREDICTION,0.466516809451613,3
XGBoost,text_only,REG_TEXT_CONSUMER_BOOK_PRICE_PREDICTION,0.3703235507834712,4
CatBoost,all,REG_TEXT_CONSUMER_CAR_PRICE_CARDEKHO,0.8435927888137822,0
CatBoost,all,REG_TEXT_CONSUMER_CAR_PRICE_CARDEKHO,0.4106227062613129,1
CatBoost,all,REG_TEXT_CONSUMER_CAR_PRICE_CARDEKHO,0.752965706051618,2
CatBoost,all,REG_TEXT_CONSUMER_CAR_PRICE_CARDEKHO,0.9889578887939762,3
CatBoost,all,REG_TEXT_CONSUMER_CAR_PRICE_CARDEKHO,0.899267904779016,4
CatBoost,ft,REG_TEXT_CONSUMER_CAR_PRICE_CARDEKHO,0.8410532124731324,0
CatBoost,ft,REG_TEXT_CONSUMER_CAR_PRICE_CARDEKHO,0.7598321165983473,1
CatBoost,ft,REG_TEXT_CONSUMER_CAR_PRICE_CARDEKHO,-1.8524924747933544,2
CatBoost,ft,REG_TEXT_CONSUMER_CAR_PRICE_CARDEKHO,0.9980622676990286,3
CatBoost,ft,REG_TEXT_CONSUMER_CAR_PRICE_CARDEKHO,0.3030334630538241,4
CatBoost,no_text,REG_TEXT_CONSUMER_CAR_PRICE_CARDEKHO,0.8852243187886443,0
CatBoost,no_text,REG_TEXT_CONSUMER_CAR_PRICE_CARDEKHO,0.6266473309769695,1
CatBoost,no_text,REG_TEXT_CONSUMER_CAR_PRICE_CARDEKHO,0.8541206456433544,2
CatBoost,no_text,REG_TEXT_CONSUMER_CAR_PRICE_CARDEKHO,0.985036974881672,3
CatBoost,no_text,REG_TEXT_CONSUMER_CAR_PRICE_CARDEKHO,0.5652303132081313,4
CatBoost,text_only,REG_TEXT_CONSUMER_CAR_PRICE_CARDEKHO,0.6337327756158979,0
CatBoost,text_only,REG_TEXT_CONSUMER_CAR_PRICE_CARDEKHO,0.4243506434707567,1
CatBoost,text_only,REG_TEXT_CONSUMER_CAR_PRICE_CARDEKHO,0.087863971294374,2
CatBoost,text_only,REG_TEXT_CONSUMER_CAR_PRICE_CARDEKHO,0.9073718704815344,3
CatBoost,text_only,REG_TEXT_CONSUMER_CAR_PRICE_CARDEKHO,0.0017933454699021,4
LightGBM,all,REG_TEXT_CONSUMER_CAR_PRICE_CARDEKHO,0.8683010664251055,0
LightGBM,all,REG_TEXT_CONSUMER_CAR_PRICE_CARDEKHO,0.6812630498102588,1
LightGBM,all,REG_TEXT_CONSUMER_CAR_PRICE_CARDEKHO,0.1806700249837727,2
LightGBM,all,REG_TEXT_CONSUMER_CAR_PRICE_CARDEKHO,0.9819838609555736,3
LightGBM,all,REG_TEXT_CONSUMER_CAR_PRICE_CARDEKHO,-0.7093607400966291,4
LightGBM,ft,REG_TEXT_CONSUMER_CAR_PRICE_CARDEKHO,0.8541057608275278,0
LightGBM,ft,REG_TEXT_CONSUMER_CAR_PRICE_CARDEKHO,0.6829574929987021,1
LightGBM,ft,REG_TEXT_CONSUMER_CAR_PRICE_CARDEKHO,0.6669141836611943,2
LightGBM,ft,REG_TEXT_CONSUMER_CAR_PRICE_CARDEKHO,0.985969656354742,3
LightGBM,ft,REG_TEXT_CONSUMER_CAR_PRICE_CARDEKHO,0.3708374167297585,4
LightGBM,no_text,REG_TEXT_CONSUMER_CAR_PRICE_CARDEKHO,0.883692713735605,0
LightGBM,no_text,REG_TEXT_CONSUMER_CAR_PRICE_CARDEKHO,0.130271661625942,1
LightGBM,no_text,REG_TEXT_CONSUMER_CAR_PRICE_CARDEKHO,0.3368844036389111,2
LightGBM,no_text,REG_TEXT_CONSUMER_CAR_PRICE_CARDEKHO,0.9761612643772016,3
LightGBM,no_text,REG_TEXT_CONSUMER_CAR_PRICE_CARDEKHO,0.1832606457248717,4
LightGBM,text_only,REG_TEXT_CONSUMER_CAR_PRICE_CARDEKHO,0.6393891856150782,0
LightGBM,text_only,REG_TEXT_CONSUMER_CAR_PRICE_CARDEKHO,0.4925055714816199,1
LightGBM,text_only,REG_TEXT_CONSUMER_CAR_PRICE_CARDEKHO,-0.4768569093597388,2
LightGBM,text_only,REG_TEXT_CONSUMER_CAR_PRICE_CARDEKHO,0.8880517165136568,3
LightGBM,text_only,REG_TEXT_CONSUMER_CAR_PRICE_CARDEKHO,-1.4109121906086233,4
RandomForest,all,REG_TEXT_CONSUMER_CAR_PRICE_CARDEKHO,0.9092577232833674,0
RandomForest,all,REG_TEXT_CONSUMER_CAR_PRICE_CARDEKHO,0.9654557833465272,1
RandomForest,all,REG_TEXT_CONSUMER_CAR_PRICE_CARDEKHO,0.9961693709021308,2
RandomForest,all,REG_TEXT_CONSUMER_CAR_PRICE_CARDEKHO,0.9976000962314714,3
RandomForest,all,REG_TEXT_CONSUMER_CAR_PRICE_CARDEKHO,0.9984396158591892,4
RandomForest,ft,REG_TEXT_CONSUMER_CAR_PRICE_CARDEKHO,0.920730911065798,0
RandomForest,ft,REG_TEXT_CONSUMER_CAR_PRICE_CARDEKHO,0.8643560488460609,1
RandomForest,ft,REG_TEXT_CONSUMER_CAR_PRICE_CARDEKHO,0.9598773559918816,2
RandomForest,ft,REG_TEXT_CONSUMER_CAR_PRICE_CARDEKHO,0.9972109790395672,3
RandomForest,ft,REG_TEXT_CONSUMER_CAR_PRICE_CARDEKHO,-3.686269973232029,4
RandomForest,no_text,REG_TEXT_CONSUMER_CAR_PRICE_CARDEKHO,0.940265144554604,0
RandomForest,no_text,REG_TEXT_CONSUMER_CAR_PRICE_CARDEKHO,0.9766237516569078,1
RandomForest,no_text,REG_TEXT_CONSUMER_CAR_PRICE_CARDEKHO,0.9984171349474,2
RandomForest,no_text,REG_TEXT_CONSUMER_CAR_PRICE_CARDEKHO,0.9997503172105168,3
RandomForest,no_text,REG_TEXT_CONSUMER_CAR_PRICE_CARDEKHO,0.9998116556107476,4
RandomForest,text_only,REG_TEXT_CONSUMER_CAR_PRICE_CARDEKHO,0.6064390354577244,0
RandomForest,text_only,REG_TEXT_CONSUMER_CAR_PRICE_CARDEKHO,-1.257304447664206,1
RandomForest,text_only,REG_TEXT_CONSUMER_CAR_PRICE_CARDEKHO,-11.756642840013894,2
RandomForest,text_only,REG_TEXT_CONSUMER_CAR_PRICE_CARDEKHO,0.9036901009387924,3
RandomForest,text_only,REG_TEXT_CONSUMER_CAR_PRICE_CARDEKHO,-2.4647704361655567,4
RealMLP,all,REG_TEXT_CONSUMER_CAR_PRICE_CARDEKHO,0.8198652908154803,0
RealMLP,all,REG_TEXT_CONSUMER_CAR_PRICE_CARDEKHO,0.228086089867872,1
RealMLP,all,REG_TEXT_CONSUMER_CAR_PRICE_CARDEKHO,0.6503008048725046,2
RealMLP,all,REG_TEXT_CONSUMER_CAR_PRICE_CARDEKHO,0.9798801772222706,3
RealMLP,all,REG_TEXT_CONSUMER_CAR_PRICE_CARDEKHO,-1.088010513158407,4
RealMLP,ft,REG_TEXT_CONSUMER_CAR_PRICE_CARDEKHO,0.84861981257798,0
RealMLP,ft,REG_TEXT_CONSUMER_CAR_PRICE_CARDEKHO,0.8103144731703503,1
RealMLP,ft,REG_TEXT_CONSUMER_CAR_PRICE_CARDEKHO,-0.1070179186638859,2
RealMLP,ft,REG_TEXT_CONSUMER_CAR_PRICE_CARDEKHO,0.9895397880434372,3
RealMLP,ft,REG_TEXT_CONSUMER_CAR_PRICE_CARDEKHO,0.9479031183473644,4
RealMLP,no_text,REG_TEXT_CONSUMER_CAR_PRICE_CARDEKHO,0.915761382349226,0
RealMLP,no_text,REG_TEXT_CONSUMER_CAR_PRICE_CARDEKHO,0.9163242659183524,1
RealMLP,no_text,REG_TEXT_CONSUMER_CAR_PRICE_CARDEKHO,0.5039955120017994,2
RealMLP,no_text,REG_TEXT_CONSUMER_CAR_PRICE_CARDEKHO,0.9932779511356892,3
RealMLP,no_text,REG_TEXT_CONSUMER_CAR_PRICE_CARDEKHO,0.691305893415674,4
RealMLP,text_only,REG_TEXT_CONSUMER_CAR_PRICE_CARDEKHO,0.6781345296996182,0
RealMLP,text_only,REG_TEXT_CONSUMER_CAR_PRICE_CARDEKHO,0.7463326829361162,1
RealMLP,text_only,REG_TEXT_CONSUMER_CAR_PRICE_CARDEKHO,0.4051193495173057,2
RealMLP,text_only,REG_TEXT_CONSUMER_CAR_PRICE_CARDEKHO,0.9106080147387776,3
RealMLP,text_only,REG_TEXT_CONSUMER_CAR_PRICE_CARDEKHO,0.8175454990848405,4
TabDPT,all,REG_TEXT_CONSUMER_CAR_PRICE_CARDEKHO,0.7163095048587491,0
TabDPT,all,REG_TEXT_CONSUMER_CAR_PRICE_CARDEKHO,0.7125053436968835,1
TabDPT,all,REG_TEXT_CONSUMER_CAR_PRICE_CARDEKHO,0.8441170695049917,2
TabDPT,all,REG_TEXT_CONSUMER_CAR_PRICE_CARDEKHO,0.8655105797435217,3
TabDPT,all,REG_TEXT_CONSUMER_CAR_PRICE_CARDEKHO,0.9173392314325568,4
TabDPT,ft,REG_TEXT_CONSUMER_CAR_PRICE_CARDEKHO,0.739900201264478,0
TabDPT,ft,REG_TEXT_CONSUMER_CAR_PRICE_CARDEKHO,0.7400963425684784,1
TabDPT,ft,REG_TEXT_CONSUMER_CAR_PRICE_CARDEKHO,0.8831537134205747,2
TabDPT,ft,REG_TEXT_CONSUMER_CAR_PRICE_CARDEKHO,0.8893325309869765,3
TabDPT,ft,REG_TEXT_CONSUMER_CAR_PRICE_CARDEKHO,0.9430681840203476,4
TabDPT,no_text,REG_TEXT_CONSUMER_CAR_PRICE_CARDEKHO,0.7793602215706781,0
TabDPT,no_text,REG_TEXT_CONSUMER_CAR_PRICE_CARDEKHO,0.8033277166933018,1
TabDPT,no_text,REG_TEXT_CONSUMER_CAR_PRICE_CARDEKHO,0.9333338518000066,2
TabDPT,no_text,REG_TEXT_CONSUMER_CAR_PRICE_CARDEKHO,0.9252031803304478,3
TabDPT,no_text,REG_TEXT_CONSUMER_CAR_PRICE_CARDEKHO,0.9885249663722986,4
TabDPT,text_only,REG_TEXT_CONSUMER_CAR_PRICE_CARDEKHO,0.5973197150607055,0
TabDPT,text_only,REG_TEXT_CONSUMER_CAR_PRICE_CARDEKHO,0.6318826980518983,1
TabDPT,text_only,REG_TEXT_CONSUMER_CAR_PRICE_CARDEKHO,0.7494694234808003,2
TabDPT,text_only,REG_TEXT_CONSUMER_CAR_PRICE_CARDEKHO,0.8055706543148556,3
TabDPT,text_only,REG_TEXT_CONSUMER_CAR_PRICE_CARDEKHO,0.8209935125445335,4
TabICLv2,all,REG_TEXT_CONSUMER_CAR_PRICE_CARDEKHO,0.8931403804968646,0
TabICLv2,all,REG_TEXT_CONSUMER_CAR_PRICE_CARDEKHO,0.9845782231977884,1
TabICLv2,all,REG_TEXT_CONSUMER_CAR_PRICE_CARDEKHO,0.978697463933316,2
TabICLv2,all,REG_TEXT_CONSUMER_CAR_PRICE_CARDEKHO,0.9867506622150088,3
TabICLv2,all,REG_TEXT_CONSUMER_CAR_PRICE_CARDEKHO,0.998092145452139,4
TabICLv2,ft,REG_TEXT_CONSUMER_CAR_PRICE_CARDEKHO,0.8904078626493899,0
TabICLv2,ft,REG_TEXT_CONSUMER_CAR_PRICE_CARDEKHO,0.9789309055233936,1
TabICLv2,ft,REG_TEXT_CONSUMER_CAR_PRICE_CARDEKHO,0.976192725989798,2
TabICLv2,ft,REG_TEXT_CONSUMER_CAR_PRICE_CARDEKHO,0.9840418172686486,3
TabICLv2,ft,REG_TEXT_CONSUMER_CAR_PRICE_CARDEKHO,0.9984964567242386,4
TabICLv2,no_text,REG_TEXT_CONSUMER_CAR_PRICE_CARDEKHO,0.9083579591190752,0
TabICLv2,no_text,REG_TEXT_CONSUMER_CAR_PRICE_CARDEKHO,0.99393819750649,1
TabICLv2,no_text,REG_TEXT_CONSUMER_CAR_PRICE_CARDEKHO,0.9756433470371616,2
TabICLv2,no_text,REG_TEXT_CONSUMER_CAR_PRICE_CARDEKHO,0.991912400880294,3
TabICLv2,no_text,REG_TEXT_CONSUMER_CAR_PRICE_CARDEKHO,0.9996383164596938,4
TabICLv2,text_only,REG_TEXT_CONSUMER_CAR_PRICE_CARDEKHO,0.7002816943093697,0
TabICLv2,text_only,REG_TEXT_CONSUMER_CAR_PRICE_CARDEKHO,0.8646851190529836,1
TabICLv2,text_only,REG_TEXT_CONSUMER_CAR_PRICE_CARDEKHO,0.8782949512554592,2
TabICLv2,text_only,REG_TEXT_CONSUMER_CAR_PRICE_CARDEKHO,0.91244487990934,3
TabICLv2,text_only,REG_TEXT_CONSUMER_CAR_PRICE_CARDEKHO,0.933901997327272,4
TabM,all,REG_TEXT_CONSUMER_CAR_PRICE_CARDEKHO,0.9092160021214548,0
TabM,all,REG_TEXT_CONSUMER_CAR_PRICE_CARDEKHO,0.8202093081560012,1
TabM,all,REG_TEXT_CONSUMER_CAR_PRICE_CARDEKHO,0.787341117180406,2
TabM,all,REG_TEXT_CONSUMER_CAR_PRICE_CARDEKHO,0.9727693886050996,3
TabM,all,REG_TEXT_CONSUMER_CAR_PRICE_CARDEKHO,0.9199526887401858,4
TabM,ft,REG_TEXT_CONSUMER_CAR_PRICE_CARDEKHO,0.8933815224628434,0
TabM,ft,REG_TEXT_CONSUMER_CAR_PRICE_CARDEKHO,0.5853486351180599,1
TabM,ft,REG_TEXT_CONSUMER_CAR_PRICE_CARDEKHO,0.4264090637456498,2
TabM,ft,REG_TEXT_CONSUMER_CAR_PRICE_CARDEKHO,0.9800845191101466,3
TabM,ft,REG_TEXT_CONSUMER_CAR_PRICE_CARDEKHO,0.9181591672197144,4
TabM,no_text,REG_TEXT_CONSUMER_CAR_PRICE_CARDEKHO,0.948405471910557,0
TabM,no_text,REG_TEXT_CONSUMER_CAR_PRICE_CARDEKHO,0.8670356056153993,1
TabM,no_text,REG_TEXT_CONSUMER_CAR_PRICE_CARDEKHO,0.8920328143576054,2
TabM,no_text,REG_TEXT_CONSUMER_CAR_PRICE_CARDEKHO,0.9851688763038928,3
TabM,no_text,REG_TEXT_CONSUMER_CAR_PRICE_CARDEKHO,0.9722571142748156,4
TabM,text_only,REG_TEXT_CONSUMER_CAR_PRICE_CARDEKHO,0.7594657842228925,0
TabM,text_only,REG_TEXT_CONSUMER_CAR_PRICE_CARDEKHO,0.7405014856397671,1
TabM,text_only,REG_TEXT_CONSUMER_CAR_PRICE_CARDEKHO,0.6683305528365764,2
TabM,text_only,REG_TEXT_CONSUMER_CAR_PRICE_CARDEKHO,0.9095182703451332,3
TabM,text_only,REG_TEXT_CONSUMER_CAR_PRICE_CARDEKHO,0.8436083423900873,4
TabPFN-2.5,all,REG_TEXT_CONSUMER_CAR_PRICE_CARDEKHO,0.99226577293289,0
TabPFN-2.5,all,REG_TEXT_CONSUMER_CAR_PRICE_CARDEKHO,0.9399494514436714,1
TabPFN-2.5,all,REG_TEXT_CONSUMER_CAR_PRICE_CARDEKHO,0.978985890393964,2
TabPFN-2.5,all,REG_TEXT_CONSUMER_CAR_PRICE_CARDEKHO,0.9977334663014192,3
TabPFN-2.5,all,REG_TEXT_CONSUMER_CAR_PRICE_CARDEKHO,0.9969653090758624,4
TabPFN-2.5,ft,REG_TEXT_CONSUMER_CAR_PRICE_CARDEKHO,0.9704027512708514,0
TabPFN-2.5,ft,REG_TEXT_CONSUMER_CAR_PRICE_CARDEKHO,0.9672839167220642,1
TabPFN-2.5,ft,REG_TEXT_CONSUMER_CAR_PRICE_CARDEKHO,0.985237989010084,2
TabPFN-2.5,ft,REG_TEXT_CONSUMER_CAR_PRICE_CARDEKHO,0.9582431197763124,3
TabPFN-2.5,ft,REG_TEXT_CONSUMER_CAR_PRICE_CARDEKHO,0.9981530548911578,4
TabPFN-2.5,no_text,REG_TEXT_CONSUMER_CAR_PRICE_CARDEKHO,0.7926074789478688,0
TabPFN-2.5,no_text,REG_TEXT_CONSUMER_CAR_PRICE_CARDEKHO,0.9631930551669858,1
TabPFN-2.5,no_text,REG_TEXT_CONSUMER_CAR_PRICE_CARDEKHO,0.9882185399251264,2
TabPFN-2.5,no_text,REG_TEXT_CONSUMER_CAR_PRICE_CARDEKHO,0.9996578420706188,3
TabPFN-2.5,no_text,REG_TEXT_CONSUMER_CAR_PRICE_CARDEKHO,0.999147939989064,4
TabPFN-2.5,text_only,REG_TEXT_CONSUMER_CAR_PRICE_CARDEKHO,0.7642601808858522,0
TabPFN-2.5,text_only,REG_TEXT_CONSUMER_CAR_PRICE_CARDEKHO,0.8476330881396905,1
TabPFN-2.5,text_only,REG_TEXT_CONSUMER_CAR_PRICE_CARDEKHO,0.8801311722806677,2
TabPFN-2.5,text_only,REG_TEXT_CONSUMER_CAR_PRICE_CARDEKHO,0.8906631515455884,3
TabPFN-2.5,text_only,REG_TEXT_CONSUMER_CAR_PRICE_CARDEKHO,0.9485933409093936,4
TabPFNv2,all,REG_TEXT_CONSUMER_CAR_PRICE_CARDEKHO,0.911064385388421,0
TabPFNv2,all,REG_TEXT_CONSUMER_CAR_PRICE_CARDEKHO,0.9458586033436912,1
TabPFNv2,all,REG_TEXT_CONSUMER_CAR_PRICE_CARDEKHO,0.9844789758002148,2
TabPFNv2,all,REG_TEXT_CONSUMER_CAR_PRICE_CARDEKHO,0.9239112128280412,3
TabPFNv2,all,REG_TEXT_CONSUMER_CAR_PRICE_CARDEKHO,0.9990401522867683,4
TabPFNv2,ft,REG_TEXT_CONSUMER_CAR_PRICE_CARDEKHO,0.9189163506911862,0
TabPFNv2,ft,REG_TEXT_CONSUMER_CAR_PRICE_CARDEKHO,0.9468431519376844,1
TabPFNv2,ft,REG_TEXT_CONSUMER_CAR_PRICE_CARDEKHO,0.98465536198089,2
TabPFNv2,ft,REG_TEXT_CONSUMER_CAR_PRICE_CARDEKHO,0.9259161698032198,3
TabPFNv2,no_text,REG_TEXT_CONSUMER_CAR_PRICE_CARDEKHO,0.9030638140372252,0
TabPFNv2,no_text,REG_TEXT_CONSUMER_CAR_PRICE_CARDEKHO,0.953069868509522,1
TabPFNv2,no_text,REG_TEXT_CONSUMER_CAR_PRICE_CARDEKHO,0.988835289687154,2
TabPFNv2,no_text,REG_TEXT_CONSUMER_CAR_PRICE_CARDEKHO,0.9437907903545656,3
TabPFNv2,no_text,REG_TEXT_CONSUMER_CAR_PRICE_CARDEKHO,0.9991411309144368,4
TabPFNv2,text_only,REG_TEXT_CONSUMER_CAR_PRICE_CARDEKHO,0.6330870825148555,0
TabPFNv2,text_only,REG_TEXT_CONSUMER_CAR_PRICE_CARDEKHO,0.8220782447660704,1
TabPFNv2,text_only,REG_TEXT_CONSUMER_CAR_PRICE_CARDEKHO,0.8645490544496452,2
TabPFNv2,text_only,REG_TEXT_CONSUMER_CAR_PRICE_CARDEKHO,0.9384929343882364,3
TabPFNv2,text_only,REG_TEXT_CONSUMER_CAR_PRICE_CARDEKHO,0.9350814347118934,4
XGBoost,all,REG_TEXT_CONSUMER_CAR_PRICE_CARDEKHO,0.9232783579108772,0
XGBoost,all,REG_TEXT_CONSUMER_CAR_PRICE_CARDEKHO,0.9454442846485356,1
XGBoost,all,REG_TEXT_CONSUMER_CAR_PRICE_CARDEKHO,0.9599252701912808,2
XGBoost,all,REG_TEXT_CONSUMER_CAR_PRICE_CARDEKHO,0.974939724577227,3
XGBoost,all,REG_TEXT_CONSUMER_CAR_PRICE_CARDEKHO,0.9842581759785992,4
XGBoost,ft,REG_TEXT_CONSUMER_CAR_PRICE_CARDEKHO,0.9370684511245222,0
XGBoost,ft,REG_TEXT_CONSUMER_CAR_PRICE_CARDEKHO,0.921665939474864,1
XGBoost,ft,REG_TEXT_CONSUMER_CAR_PRICE_CARDEKHO,0.9769975935785404,2
XGBoost,ft,REG_TEXT_CONSUMER_CAR_PRICE_CARDEKHO,0.983114536146731,3
XGBoost,ft,REG_TEXT_CONSUMER_CAR_PRICE_CARDEKHO,0.9969430129703772,4
XGBoost,no_text,REG_TEXT_CONSUMER_CAR_PRICE_CARDEKHO,0.8820297441850293,0
XGBoost,no_text,REG_TEXT_CONSUMER_CAR_PRICE_CARDEKHO,0.9362840051799296,1
XGBoost,no_text,REG_TEXT_CONSUMER_CAR_PRICE_CARDEKHO,0.88758320874817,2
XGBoost,no_text,REG_TEXT_CONSUMER_CAR_PRICE_CARDEKHO,0.9957708265906188,3
XGBoost,no_text,REG_TEXT_CONSUMER_CAR_PRICE_CARDEKHO,0.9939152125773444,4
XGBoost,text_only,REG_TEXT_CONSUMER_CAR_PRICE_CARDEKHO,0.6516456719858691,0
XGBoost,text_only,REG_TEXT_CONSUMER_CAR_PRICE_CARDEKHO,-109.67286418475553,1
XGBoost,text_only,REG_TEXT_CONSUMER_CAR_PRICE_CARDEKHO,0.3451509302671208,2
XGBoost,text_only,REG_TEXT_CONSUMER_CAR_PRICE_CARDEKHO,0.9155311890938544,3
XGBoost,text_only,REG_TEXT_CONSUMER_CAR_PRICE_CARDEKHO,0.9099412314315576,4
CatBoost,all,REG_TEXT_CONSUMER_JC_PENNEY_PRODUCT_PRICE,0.7321038492977235,0
CatBoost,all,REG_TEXT_CONSUMER_JC_PENNEY_PRODUCT_PRICE,0.6797154415895077,1
CatBoost,all,REG_TEXT_CONSUMER_JC_PENNEY_PRODUCT_PRICE,0.487791484351558,2
CatBoost,all,REG_TEXT_CONSUMER_JC_PENNEY_PRODUCT_PRICE,0.5966302074973913,3
CatBoost,all,REG_TEXT_CONSUMER_JC_PENNEY_PRODUCT_PRICE,0.6835660946569002,4
CatBoost,ft,REG_TEXT_CONSUMER_JC_PENNEY_PRODUCT_PRICE,0.7197477043879322,0
CatBoost,ft,REG_TEXT_CONSUMER_JC_PENNEY_PRODUCT_PRICE,0.8116235817712829,1
CatBoost,ft,REG_TEXT_CONSUMER_JC_PENNEY_PRODUCT_PRICE,0.4693481955641804,2
CatBoost,ft,REG_TEXT_CONSUMER_JC_PENNEY_PRODUCT_PRICE,0.6585587775339166,3
CatBoost,ft,REG_TEXT_CONSUMER_JC_PENNEY_PRODUCT_PRICE,0.8192658408830196,4
CatBoost,no_text,REG_TEXT_CONSUMER_JC_PENNEY_PRODUCT_PRICE,0.0053646357094631,0
CatBoost,no_text,REG_TEXT_CONSUMER_JC_PENNEY_PRODUCT_PRICE,0.0033017474090991,1
CatBoost,no_text,REG_TEXT_CONSUMER_JC_PENNEY_PRODUCT_PRICE,0.0013738941834547,2
CatBoost,no_text,REG_TEXT_CONSUMER_JC_PENNEY_PRODUCT_PRICE,0.0050600500394042,3
CatBoost,no_text,REG_TEXT_CONSUMER_JC_PENNEY_PRODUCT_PRICE,0.0030826098771538,4
CatBoost,text_only,REG_TEXT_CONSUMER_JC_PENNEY_PRODUCT_PRICE,0.7417061685289917,0
CatBoost,text_only,REG_TEXT_CONSUMER_JC_PENNEY_PRODUCT_PRICE,0.6562830458187963,1
CatBoost,text_only,REG_TEXT_CONSUMER_JC_PENNEY_PRODUCT_PRICE,0.4945380790571162,2
CatBoost,text_only,REG_TEXT_CONSUMER_JC_PENNEY_PRODUCT_PRICE,0.6018224118927609,3
CatBoost,text_only,REG_TEXT_CONSUMER_JC_PENNEY_PRODUCT_PRICE,0.7055291969825523,4
LightGBM,all,REG_TEXT_CONSUMER_JC_PENNEY_PRODUCT_PRICE,0.6491441148339272,0
LightGBM,all,REG_TEXT_CONSUMER_JC_PENNEY_PRODUCT_PRICE,0.7236716232061065,1
LightGBM,all,REG_TEXT_CONSUMER_JC_PENNEY_PRODUCT_PRICE,0.4972182546421922,2
LightGBM,all,REG_TEXT_CONSUMER_JC_PENNEY_PRODUCT_PRICE,0.5307895049132605,3
LightGBM,all,REG_TEXT_CONSUMER_JC_PENNEY_PRODUCT_PRICE,0.6235399424002375,4
LightGBM,ft,REG_TEXT_CONSUMER_JC_PENNEY_PRODUCT_PRICE,0.7188756907419735,0
LightGBM,ft,REG_TEXT_CONSUMER_JC_PENNEY_PRODUCT_PRICE,0.7689171108811468,1
LightGBM,ft,REG_TEXT_CONSUMER_JC_PENNEY_PRODUCT_PRICE,0.3962673797378108,2
LightGBM,ft,REG_TEXT_CONSUMER_JC_PENNEY_PRODUCT_PRICE,0.6646662020203389,3
LightGBM,ft,REG_TEXT_CONSUMER_JC_PENNEY_PRODUCT_PRICE,0.8460090124388435,4
LightGBM,no_text,REG_TEXT_CONSUMER_JC_PENNEY_PRODUCT_PRICE,-0.0032988047446369,0
LightGBM,no_text,REG_TEXT_CONSUMER_JC_PENNEY_PRODUCT_PRICE,-0.0053581641588391,1
LightGBM,no_text,REG_TEXT_CONSUMER_JC_PENNEY_PRODUCT_PRICE,-0.0184622407094869,2
LightGBM,no_text,REG_TEXT_CONSUMER_JC_PENNEY_PRODUCT_PRICE,-0.0003319134630004,3
LightGBM,no_text,REG_TEXT_CONSUMER_JC_PENNEY_PRODUCT_PRICE,-0.0076746869365793,4
LightGBM,text_only,REG_TEXT_CONSUMER_JC_PENNEY_PRODUCT_PRICE,0.644075147323476,0
LightGBM,text_only,REG_TEXT_CONSUMER_JC_PENNEY_PRODUCT_PRICE,0.7017355933852532,1
LightGBM,text_only,REG_TEXT_CONSUMER_JC_PENNEY_PRODUCT_PRICE,0.4890817133535234,2
LightGBM,text_only,REG_TEXT_CONSUMER_JC_PENNEY_PRODUCT_PRICE,0.5519029149764574,3
LightGBM,text_only,REG_TEXT_CONSUMER_JC_PENNEY_PRODUCT_PRICE,0.6169722110573073,4
RandomForest,all,REG_TEXT_CONSUMER_JC_PENNEY_PRODUCT_PRICE,0.7046443916548075,0
RandomForest,all,REG_TEXT_CONSUMER_JC_PENNEY_PRODUCT_PRICE,0.7063568939845831,1
RandomForest,all,REG_TEXT_CONSUMER_JC_PENNEY_PRODUCT_PRICE,0.507004512478512,2
RandomForest,all,REG_TEXT_CONSUMER_JC_PENNEY_PRODUCT_PRICE,0.656970473874247,3
RandomForest,all,REG_TEXT_CONSUMER_JC_PENNEY_PRODUCT_PRICE,0.771881305149424,4
RandomForest,ft,REG_TEXT_CONSUMER_JC_PENNEY_PRODUCT_PRICE,0.6677685266223666,0
RandomForest,ft,REG_TEXT_CONSUMER_JC_PENNEY_PRODUCT_PRICE,0.7131950357302803,1
RandomForest,ft,REG_TEXT_CONSUMER_JC_PENNEY_PRODUCT_PRICE,0.5521078760874559,2
RandomForest,ft,REG_TEXT_CONSUMER_JC_PENNEY_PRODUCT_PRICE,0.6600599282029327,3
RandomForest,ft,REG_TEXT_CONSUMER_JC_PENNEY_PRODUCT_PRICE,0.7432672944531655,4
RandomForest,no_text,REG_TEXT_CONSUMER_JC_PENNEY_PRODUCT_PRICE,-0.0194285364678854,0
RandomForest,no_text,REG_TEXT_CONSUMER_JC_PENNEY_PRODUCT_PRICE,-0.0186882584688501,1
RandomForest,no_text,REG_TEXT_CONSUMER_JC_PENNEY_PRODUCT_PRICE,-0.0563268241634915,2
RandomForest,no_text,REG_TEXT_CONSUMER_JC_PENNEY_PRODUCT_PRICE,-0.0034705834538981,3
RandomForest,no_text,REG_TEXT_CONSUMER_JC_PENNEY_PRODUCT_PRICE,-0.0113994548824127,4
RandomForest,text_only,REG_TEXT_CONSUMER_JC_PENNEY_PRODUCT_PRICE,0.5552761108591754,0
RandomForest,text_only,REG_TEXT_CONSUMER_JC_PENNEY_PRODUCT_PRICE,0.5420407340421659,1
RandomForest,text_only,REG_TEXT_CONSUMER_JC_PENNEY_PRODUCT_PRICE,0.3951641766535016,2
RandomForest,text_only,REG_TEXT_CONSUMER_JC_PENNEY_PRODUCT_PRICE,0.6105266437063833,3
RandomForest,text_only,REG_TEXT_CONSUMER_JC_PENNEY_PRODUCT_PRICE,0.6181382429642834,4
RealMLP,all,REG_TEXT_CONSUMER_JC_PENNEY_PRODUCT_PRICE,0.4590061373166934,0
RealMLP,all,REG_TEXT_CONSUMER_JC_PENNEY_PRODUCT_PRICE,0.7719111965431366,1
RealMLP,all,REG_TEXT_CONSUMER_JC_PENNEY_PRODUCT_PRICE,0.369387927627068,2
RealMLP,all,REG_TEXT_CONSUMER_JC_PENNEY_PRODUCT_PRICE,0.6749142921305524,3
RealMLP,all,REG_TEXT_CONSUMER_JC_PENNEY_PRODUCT_PRICE,0.5852492651374175,4
RealMLP,ft,REG_TEXT_CONSUMER_JC_PENNEY_PRODUCT_PRICE,0.6755549044060642,0
RealMLP,ft,REG_TEXT_CONSUMER_JC_PENNEY_PRODUCT_PRICE,0.6917225810457781,1
RealMLP,ft,REG_TEXT_CONSUMER_JC_PENNEY_PRODUCT_PRICE,0.3776834741401603,2
RealMLP,ft,REG_TEXT_CONSUMER_JC_PENNEY_PRODUCT_PRICE,0.6778865379295012,3
RealMLP,ft,REG_TEXT_CONSUMER_JC_PENNEY_PRODUCT_PRICE,0.7421202077526576,4
RealMLP,no_text,REG_TEXT_CONSUMER_JC_PENNEY_PRODUCT_PRICE,0.0042250182022207,0
RealMLP,no_text,REG_TEXT_CONSUMER_JC_PENNEY_PRODUCT_PRICE,-0.0026428086004397,1
RealMLP,no_text,REG_TEXT_CONSUMER_JC_PENNEY_PRODUCT_PRICE,-0.0120046090673677,2
RealMLP,no_text,REG_TEXT_CONSUMER_JC_PENNEY_PRODUCT_PRICE,0.0073785200034248,3
RealMLP,no_text,REG_TEXT_CONSUMER_JC_PENNEY_PRODUCT_PRICE,-0.0054157436638868,4
RealMLP,text_only,REG_TEXT_CONSUMER_JC_PENNEY_PRODUCT_PRICE,0.7488186872044138,0
RealMLP,text_only,REG_TEXT_CONSUMER_JC_PENNEY_PRODUCT_PRICE,0.731288400786446,1
RealMLP,text_only,REG_TEXT_CONSUMER_JC_PENNEY_PRODUCT_PRICE,0.4078320791580543,2
RealMLP,text_only,REG_TEXT_CONSUMER_JC_PENNEY_PRODUCT_PRICE,0.5542130187860115,3
RealMLP,text_only,REG_TEXT_CONSUMER_JC_PENNEY_PRODUCT_PRICE,0.6822138899029815,4
TabDPT,all,REG_TEXT_CONSUMER_JC_PENNEY_PRODUCT_PRICE,0.4946367454076334,0
TabDPT,all,REG_TEXT_CONSUMER_JC_PENNEY_PRODUCT_PRICE,0.4519264660071608,1
TabDPT,all,REG_TEXT_CONSUMER_JC_PENNEY_PRODUCT_PRICE,0.4198577427332601,2
TabDPT,all,REG_TEXT_CONSUMER_JC_PENNEY_PRODUCT_PRICE,0.374244794683472,3
TabDPT,all,REG_TEXT_CONSUMER_JC_PENNEY_PRODUCT_PRICE,0.507339474864813,4
TabDPT,ft,REG_TEXT_CONSUMER_JC_PENNEY_PRODUCT_PRICE,0.7046200126963562,0
TabDPT,ft,REG_TEXT_CONSUMER_JC_PENNEY_PRODUCT_PRICE,0.7145305854366928,1
TabDPT,ft,REG_TEXT_CONSUMER_JC_PENNEY_PRODUCT_PRICE,0.5771451942790622,2
TabDPT,ft,REG_TEXT_CONSUMER_JC_PENNEY_PRODUCT_PRICE,0.4979677854800746,3
TabDPT,ft,REG_TEXT_CONSUMER_JC_PENNEY_PRODUCT_PRICE,0.7522727467861106,4
TabDPT,no_text,REG_TEXT_CONSUMER_JC_PENNEY_PRODUCT_PRICE,-0.0052777647366435,0
TabDPT,no_text,REG_TEXT_CONSUMER_JC_PENNEY_PRODUCT_PRICE,-0.0063612107350135,1
TabDPT,no_text,REG_TEXT_CONSUMER_JC_PENNEY_PRODUCT_PRICE,-0.0029046629059585,2
TabDPT,no_text,REG_TEXT_CONSUMER_JC_PENNEY_PRODUCT_PRICE,-0.0037927416787761,3
TabDPT,no_text,REG_TEXT_CONSUMER_JC_PENNEY_PRODUCT_PRICE,-0.0048321560336588,4
TabDPT,text_only,REG_TEXT_CONSUMER_JC_PENNEY_PRODUCT_PRICE,0.4984109829750508,0
TabDPT,text_only,REG_TEXT_CONSUMER_JC_PENNEY_PRODUCT_PRICE,0.4571596582699821,1
TabDPT,text_only,REG_TEXT_CONSUMER_JC_PENNEY_PRODUCT_PRICE,0.4114973884787992,2
TabDPT,text_only,REG_TEXT_CONSUMER_JC_PENNEY_PRODUCT_PRICE,0.3719124619372957,3
TabDPT,text_only,REG_TEXT_CONSUMER_JC_PENNEY_PRODUCT_PRICE,0.5076571760163057,4
TabICLv2,all,REG_TEXT_CONSUMER_JC_PENNEY_PRODUCT_PRICE,0.7413244557993943,0
TabICLv2,all,REG_TEXT_CONSUMER_JC_PENNEY_PRODUCT_PRICE,0.7605542773145342,1
TabICLv2,all,REG_TEXT_CONSUMER_JC_PENNEY_PRODUCT_PRICE,0.5623589613191404,2
TabICLv2,all,REG_TEXT_CONSUMER_JC_PENNEY_PRODUCT_PRICE,0.4743599967564181,3
TabICLv2,all,REG_TEXT_CONSUMER_JC_PENNEY_PRODUCT_PRICE,0.8282966657439121,4
TabICLv2,ft,REG_TEXT_CONSUMER_JC_PENNEY_PRODUCT_PRICE,0.7507394653710358,0
TabICLv2,ft,REG_TEXT_CONSUMER_JC_PENNEY_PRODUCT_PRICE,0.7808398761100289,1
TabICLv2,ft,REG_TEXT_CONSUMER_JC_PENNEY_PRODUCT_PRICE,0.5936731522591312,2
TabICLv2,ft,REG_TEXT_CONSUMER_JC_PENNEY_PRODUCT_PRICE,0.4499014443233204,3
TabICLv2,ft,REG_TEXT_CONSUMER_JC_PENNEY_PRODUCT_PRICE,0.8360108409090644,4
TabICLv2,no_text,REG_TEXT_CONSUMER_JC_PENNEY_PRODUCT_PRICE,0.0086687833968203,0
TabICLv2,no_text,REG_TEXT_CONSUMER_JC_PENNEY_PRODUCT_PRICE,0.0018903362000858,1
TabICLv2,no_text,REG_TEXT_CONSUMER_JC_PENNEY_PRODUCT_PRICE,-0.0070938042121193,2
TabICLv2,no_text,REG_TEXT_CONSUMER_JC_PENNEY_PRODUCT_PRICE,-0.0067215605924415,3
TabICLv2,no_text,REG_TEXT_CONSUMER_JC_PENNEY_PRODUCT_PRICE,0.0041028595153916,4
TabICLv2,text_only,REG_TEXT_CONSUMER_JC_PENNEY_PRODUCT_PRICE,0.7322655243963888,0
TabICLv2,text_only,REG_TEXT_CONSUMER_JC_PENNEY_PRODUCT_PRICE,0.7615820925893622,1
TabICLv2,text_only,REG_TEXT_CONSUMER_JC_PENNEY_PRODUCT_PRICE,0.5633775351538488,2
TabICLv2,text_only,REG_TEXT_CONSUMER_JC_PENNEY_PRODUCT_PRICE,0.4765726327509354,3
TabICLv2,text_only,REG_TEXT_CONSUMER_JC_PENNEY_PRODUCT_PRICE,0.8363790180426623,4
TabM,all,REG_TEXT_CONSUMER_JC_PENNEY_PRODUCT_PRICE,0.762734620768412,0
TabM,all,REG_TEXT_CONSUMER_JC_PENNEY_PRODUCT_PRICE,0.7878648114344944,1
TabM,all,REG_TEXT_CONSUMER_JC_PENNEY_PRODUCT_PRICE,0.4226480703173907,2
TabM,all,REG_TEXT_CONSUMER_JC_PENNEY_PRODUCT_PRICE,0.630742715107196,3
TabM,all,REG_TEXT_CONSUMER_JC_PENNEY_PRODUCT_PRICE,0.7257021560282305,4
TabM,ft,REG_TEXT_CONSUMER_JC_PENNEY_PRODUCT_PRICE,0.798251916041355,0
TabM,ft,REG_TEXT_CONSUMER_JC_PENNEY_PRODUCT_PRICE,0.8212234406118473,1
TabM,ft,REG_TEXT_CONSUMER_JC_PENNEY_PRODUCT_PRICE,0.4343941435615909,2
TabM,ft,REG_TEXT_CONSUMER_JC_PENNEY_PRODUCT_PRICE,0.6692212553035938,3
TabM,ft,REG_TEXT_CONSUMER_JC_PENNEY_PRODUCT_PRICE,0.7635054932692386,4
TabM,no_text,REG_TEXT_CONSUMER_JC_PENNEY_PRODUCT_PRICE,0.0059457434859188,0
TabM,no_text,REG_TEXT_CONSUMER_JC_PENNEY_PRODUCT_PRICE,0.001148223838548,1
TabM,no_text,REG_TEXT_CONSUMER_JC_PENNEY_PRODUCT_PRICE,-0.0009234500949499,2
TabM,no_text,REG_TEXT_CONSUMER_JC_PENNEY_PRODUCT_PRICE,0.0069323564078056,3
TabM,no_text,REG_TEXT_CONSUMER_JC_PENNEY_PRODUCT_PRICE,0.0022133309055922,4
TabM,text_only,REG_TEXT_CONSUMER_JC_PENNEY_PRODUCT_PRICE,0.7881889164408806,0
TabM,text_only,REG_TEXT_CONSUMER_JC_PENNEY_PRODUCT_PRICE,0.7766832544023625,1
TabM,text_only,REG_TEXT_CONSUMER_JC_PENNEY_PRODUCT_PRICE,0.4389449117553125,2
TabM,text_only,REG_TEXT_CONSUMER_JC_PENNEY_PRODUCT_PRICE,0.666030443463443,3
TabM,text_only,REG_TEXT_CONSUMER_JC_PENNEY_PRODUCT_PRICE,0.6953429181624349,4
TabPFN-2.5,all,REG_TEXT_CONSUMER_JC_PENNEY_PRODUCT_PRICE,0.6572398623226959,0
TabPFN-2.5,all,REG_TEXT_CONSUMER_JC_PENNEY_PRODUCT_PRICE,0.6388434925405067,1
TabPFN-2.5,all,REG_TEXT_CONSUMER_JC_PENNEY_PRODUCT_PRICE,0.482527240540474,2
TabPFN-2.5,all,REG_TEXT_CONSUMER_JC_PENNEY_PRODUCT_PRICE,0.5564266519373653,3
TabPFN-2.5,all,REG_TEXT_CONSUMER_JC_PENNEY_PRODUCT_PRICE,0.6582814043414408,4
TabPFN-2.5,ft,REG_TEXT_CONSUMER_JC_PENNEY_PRODUCT_PRICE,0.6745303356903625,0
TabPFN-2.5,ft,REG_TEXT_CONSUMER_JC_PENNEY_PRODUCT_PRICE,0.664937474707373,1
TabPFN-2.5,ft,REG_TEXT_CONSUMER_JC_PENNEY_PRODUCT_PRICE,0.4548276177264078,2
TabPFN-2.5,ft,REG_TEXT_CONSUMER_JC_PENNEY_PRODUCT_PRICE,0.5009284808514158,3
TabPFN-2.5,ft,REG_TEXT_CONSUMER_JC_PENNEY_PRODUCT_PRICE,0.6333632779860844,4
TabPFN-2.5,no_text,REG_TEXT_CONSUMER_JC_PENNEY_PRODUCT_PRICE,-0.0099017321436591,0
TabPFN-2.5,no_text,REG_TEXT_CONSUMER_JC_PENNEY_PRODUCT_PRICE,-0.0105815477222255,1
TabPFN-2.5,no_text,REG_TEXT_CONSUMER_JC_PENNEY_PRODUCT_PRICE,-0.0029487719966487,2
TabPFN-2.5,no_text,REG_TEXT_CONSUMER_JC_PENNEY_PRODUCT_PRICE,-0.0108844043215987,3
TabPFN-2.5,no_text,REG_TEXT_CONSUMER_JC_PENNEY_PRODUCT_PRICE,-0.0124484526524111,4
TabPFN-2.5,text_only,REG_TEXT_CONSUMER_JC_PENNEY_PRODUCT_PRICE,0.6604304860143215,0
TabPFN-2.5,text_only,REG_TEXT_CONSUMER_JC_PENNEY_PRODUCT_PRICE,0.650045664178835,1
TabPFN-2.5,text_only,REG_TEXT_CONSUMER_JC_PENNEY_PRODUCT_PRICE,0.4862045328942168,2
TabPFN-2.5,text_only,REG_TEXT_CONSUMER_JC_PENNEY_PRODUCT_PRICE,0.5502926002751678,3
TabPFN-2.5,text_only,REG_TEXT_CONSUMER_JC_PENNEY_PRODUCT_PRICE,0.6508367653214758,4
TabPFNv2,all,REG_TEXT_CONSUMER_JC_PENNEY_PRODUCT_PRICE,0.2741261573708443,0
TabPFNv2,all,REG_TEXT_CONSUMER_JC_PENNEY_PRODUCT_PRICE,0.2505430218837128,1
TabPFNv2,all,REG_TEXT_CONSUMER_JC_PENNEY_PRODUCT_PRICE,0.2323466713637713,2
TabPFNv2,all,REG_TEXT_CONSUMER_JC_PENNEY_PRODUCT_PRICE,0.2011566491593659,3
TabPFNv2,all,REG_TEXT_CONSUMER_JC_PENNEY_PRODUCT_PRICE,0.2999334801701675,4
TabPFNv2,ft,REG_TEXT_CONSUMER_JC_PENNEY_PRODUCT_PRICE,0.2798851308470326,0
TabPFNv2,ft,REG_TEXT_CONSUMER_JC_PENNEY_PRODUCT_PRICE,0.2482041942504462,1
TabPFNv2,ft,REG_TEXT_CONSUMER_JC_PENNEY_PRODUCT_PRICE,0.2644767750007644,2
TabPFNv2,ft,REG_TEXT_CONSUMER_JC_PENNEY_PRODUCT_PRICE,0.2045478412758958,3
TabPFNv2,ft,REG_TEXT_CONSUMER_JC_PENNEY_PRODUCT_PRICE,0.3243834073662662,4
TabPFNv2,no_text,REG_TEXT_CONSUMER_JC_PENNEY_PRODUCT_PRICE,-0.0161872454056168,0
TabPFNv2,no_text,REG_TEXT_CONSUMER_JC_PENNEY_PRODUCT_PRICE,-0.0164707493897875,1
TabPFNv2,no_text,REG_TEXT_CONSUMER_JC_PENNEY_PRODUCT_PRICE,-0.0097521533710611,2
TabPFNv2,no_text,REG_TEXT_CONSUMER_JC_PENNEY_PRODUCT_PRICE,-0.0153149666108225,3
TabPFNv2,no_text,REG_TEXT_CONSUMER_JC_PENNEY_PRODUCT_PRICE,-0.0190018455746103,4
TabPFNv2,text_only,REG_TEXT_CONSUMER_JC_PENNEY_PRODUCT_PRICE,0.2743289848377835,0
TabPFNv2,text_only,REG_TEXT_CONSUMER_JC_PENNEY_PRODUCT_PRICE,0.2576496475191661,1
TabPFNv2,text_only,REG_TEXT_CONSUMER_JC_PENNEY_PRODUCT_PRICE,0.221970343821796,2
TabPFNv2,text_only,REG_TEXT_CONSUMER_JC_PENNEY_PRODUCT_PRICE,0.2014007289868113,3
TabPFNv2,text_only,REG_TEXT_CONSUMER_JC_PENNEY_PRODUCT_PRICE,0.3018319279567927,4
XGBoost,all,REG_TEXT_CONSUMER_JC_PENNEY_PRODUCT_PRICE,0.6002352850880774,0
XGBoost,all,REG_TEXT_CONSUMER_JC_PENNEY_PRODUCT_PRICE,0.6208269868840525,1
XGBoost,all,REG_TEXT_CONSUMER_JC_PENNEY_PRODUCT_PRICE,0.46407092167321,2
XGBoost,all,REG_TEXT_CONSUMER_JC_PENNEY_PRODUCT_PRICE,0.6134294402205107,3
XGBoost,all,REG_TEXT_CONSUMER_JC_PENNEY_PRODUCT_PRICE,0.5665148446912535,4
XGBoost,ft,REG_TEXT_CONSUMER_JC_PENNEY_PRODUCT_PRICE,0.5640756879664081,0
XGBoost,ft,REG_TEXT_CONSUMER_JC_PENNEY_PRODUCT_PRICE,0.4073553832251345,1
XGBoost,ft,REG_TEXT_CONSUMER_JC_PENNEY_PRODUCT_PRICE,0.5382456355206013,2
XGBoost,ft,REG_TEXT_CONSUMER_JC_PENNEY_PRODUCT_PRICE,0.6688450295800525,3
XGBoost,ft,REG_TEXT_CONSUMER_JC_PENNEY_PRODUCT_PRICE,0.679939342435051,4
XGBoost,no_text,REG_TEXT_CONSUMER_JC_PENNEY_PRODUCT_PRICE,-0.0106020827721231,0
XGBoost,no_text,REG_TEXT_CONSUMER_JC_PENNEY_PRODUCT_PRICE,0.0020176289644823,1
XGBoost,no_text,REG_TEXT_CONSUMER_JC_PENNEY_PRODUCT_PRICE,-0.0067088885325219,2
XGBoost,no_text,REG_TEXT_CONSUMER_JC_PENNEY_PRODUCT_PRICE,0.0021100464866629,3
XGBoost,no_text,REG_TEXT_CONSUMER_JC_PENNEY_PRODUCT_PRICE,0.0011167889062421,4
XGBoost,text_only,REG_TEXT_CONSUMER_JC_PENNEY_PRODUCT_PRICE,0.5908196742201264,0
XGBoost,text_only,REG_TEXT_CONSUMER_JC_PENNEY_PRODUCT_PRICE,0.6263753366482105,1
XGBoost,text_only,REG_TEXT_CONSUMER_JC_PENNEY_PRODUCT_PRICE,0.4624798978900026,2
XGBoost,text_only,REG_TEXT_CONSUMER_JC_PENNEY_PRODUCT_PRICE,0.5995339204431742,3
XGBoost,text_only,REG_TEXT_CONSUMER_JC_PENNEY_PRODUCT_PRICE,0.5631732980442294,4
CatBoost,all,REG_TEXT_CONSUMER_LAPTOP_INDIAN_PRICES,0.8850359181596228,0
CatBoost,all,REG_TEXT_CONSUMER_LAPTOP_INDIAN_PRICES,0.9133417222755076,1
CatBoost,all,REG_TEXT_CONSUMER_LAPTOP_INDIAN_PRICES,0.7934572131735029,2
CatBoost,all,REG_TEXT_CONSUMER_LAPTOP_INDIAN_PRICES,0.9435801036485632,3
CatBoost,all,REG_TEXT_CONSUMER_LAPTOP_INDIAN_PRICES,0.95062461085842,4
CatBoost,ft,REG_TEXT_CONSUMER_LAPTOP_INDIAN_PRICES,0.8687706852574205,0
CatBoost,ft,REG_TEXT_CONSUMER_LAPTOP_INDIAN_PRICES,0.910946716785916,1
CatBoost,ft,REG_TEXT_CONSUMER_LAPTOP_INDIAN_PRICES,0.8033437946321524,2
CatBoost,ft,REG_TEXT_CONSUMER_LAPTOP_INDIAN_PRICES,0.9304394923712898,3
CatBoost,ft,REG_TEXT_CONSUMER_LAPTOP_INDIAN_PRICES,0.9541884216574094,4
CatBoost,no_text,REG_TEXT_CONSUMER_LAPTOP_INDIAN_PRICES,0.8945633535238476,0
CatBoost,no_text,REG_TEXT_CONSUMER_LAPTOP_INDIAN_PRICES,0.8744297961781106,1
CatBoost,no_text,REG_TEXT_CONSUMER_LAPTOP_INDIAN_PRICES,0.8372375572065641,2
CatBoost,no_text,REG_TEXT_CONSUMER_LAPTOP_INDIAN_PRICES,0.9292166933063704,3
CatBoost,no_text,REG_TEXT_CONSUMER_LAPTOP_INDIAN_PRICES,0.9390681869563872,4
CatBoost,text_only,REG_TEXT_CONSUMER_LAPTOP_INDIAN_PRICES,0.826266081221186,0
CatBoost,text_only,REG_TEXT_CONSUMER_LAPTOP_INDIAN_PRICES,0.8434691115220039,1
CatBoost,text_only,REG_TEXT_CONSUMER_LAPTOP_INDIAN_PRICES,0.7693341790739452,2
CatBoost,text_only,REG_TEXT_CONSUMER_LAPTOP_INDIAN_PRICES,0.9128947831507844,3
CatBoost,text_only,REG_TEXT_CONSUMER_LAPTOP_INDIAN_PRICES,0.9136067018370836,4
LightGBM,all,REG_TEXT_CONSUMER_LAPTOP_INDIAN_PRICES,0.8621812805198156,0
LightGBM,all,REG_TEXT_CONSUMER_LAPTOP_INDIAN_PRICES,0.8893707302679517,1
LightGBM,all,REG_TEXT_CONSUMER_LAPTOP_INDIAN_PRICES,0.8235179182296015,2
LightGBM,all,REG_TEXT_CONSUMER_LAPTOP_INDIAN_PRICES,0.9102908228273044,3
LightGBM,all,REG_TEXT_CONSUMER_LAPTOP_INDIAN_PRICES,0.9277786520787646,4
LightGBM,ft,REG_TEXT_CONSUMER_LAPTOP_INDIAN_PRICES,0.843494208834727,0
LightGBM,ft,REG_TEXT_CONSUMER_LAPTOP_INDIAN_PRICES,0.8469277786815581,1
LightGBM,ft,REG_TEXT_CONSUMER_LAPTOP_INDIAN_PRICES,0.8132947415212086,2
LightGBM,ft,REG_TEXT_CONSUMER_LAPTOP_INDIAN_PRICES,0.8788365260055366,3
LightGBM,ft,REG_TEXT_CONSUMER_LAPTOP_INDIAN_PRICES,0.933461413991392,4
LightGBM,no_text,REG_TEXT_CONSUMER_LAPTOP_INDIAN_PRICES,0.8618051180596032,0
LightGBM,no_text,REG_TEXT_CONSUMER_LAPTOP_INDIAN_PRICES,0.8229353647970125,1
LightGBM,no_text,REG_TEXT_CONSUMER_LAPTOP_INDIAN_PRICES,0.7743874396252459,2
LightGBM,no_text,REG_TEXT_CONSUMER_LAPTOP_INDIAN_PRICES,0.8420318256690443,3
LightGBM,no_text,REG_TEXT_CONSUMER_LAPTOP_INDIAN_PRICES,0.8306476985804957,4
LightGBM,text_only,REG_TEXT_CONSUMER_LAPTOP_INDIAN_PRICES,0.8107319474996746,0
LightGBM,text_only,REG_TEXT_CONSUMER_LAPTOP_INDIAN_PRICES,0.7886221605524678,1
LightGBM,text_only,REG_TEXT_CONSUMER_LAPTOP_INDIAN_PRICES,0.7605349292429207,2
LightGBM,text_only,REG_TEXT_CONSUMER_LAPTOP_INDIAN_PRICES,0.8816115766417183,3
LightGBM,text_only,REG_TEXT_CONSUMER_LAPTOP_INDIAN_PRICES,0.9104369314147064,4
RandomForest,all,REG_TEXT_CONSUMER_LAPTOP_INDIAN_PRICES,0.7604311460777218,0
RandomForest,all,REG_TEXT_CONSUMER_LAPTOP_INDIAN_PRICES,0.8425005419441375,1
RandomForest,all,REG_TEXT_CONSUMER_LAPTOP_INDIAN_PRICES,0.7832276382578676,2
RandomForest,all,REG_TEXT_CONSUMER_LAPTOP_INDIAN_PRICES,0.8823475167405114,3
RandomForest,all,REG_TEXT_CONSUMER_LAPTOP_INDIAN_PRICES,0.8913543175687609,4
RandomForest,ft,REG_TEXT_CONSUMER_LAPTOP_INDIAN_PRICES,0.788716370808729,0
RandomForest,ft,REG_TEXT_CONSUMER_LAPTOP_INDIAN_PRICES,0.872620586966728,1
RandomForest,ft,REG_TEXT_CONSUMER_LAPTOP_INDIAN_PRICES,0.7026030252188726,2
RandomForest,ft,REG_TEXT_CONSUMER_LAPTOP_INDIAN_PRICES,0.9203701263046672,3
RandomForest,ft,REG_TEXT_CONSUMER_LAPTOP_INDIAN_PRICES,0.8901819906348647,4
RandomForest,no_text,REG_TEXT_CONSUMER_LAPTOP_INDIAN_PRICES,0.8128433264892823,0
RandomForest,no_text,REG_TEXT_CONSUMER_LAPTOP_INDIAN_PRICES,0.8460101428473237,1
RandomForest,no_text,REG_TEXT_CONSUMER_LAPTOP_INDIAN_PRICES,0.7994930885369448,2
RandomForest,no_text,REG_TEXT_CONSUMER_LAPTOP_INDIAN_PRICES,0.8971995703125932,3
RandomForest,no_text,REG_TEXT_CONSUMER_LAPTOP_INDIAN_PRICES,0.8634369382428606,4
RandomForest,text_only,REG_TEXT_CONSUMER_LAPTOP_INDIAN_PRICES,0.6901057089803684,0
RandomForest,text_only,REG_TEXT_CONSUMER_LAPTOP_INDIAN_PRICES,0.7774757065203377,1
RandomForest,text_only,REG_TEXT_CONSUMER_LAPTOP_INDIAN_PRICES,0.7746225905618628,2
RandomForest,text_only,REG_TEXT_CONSUMER_LAPTOP_INDIAN_PRICES,0.9032949481957484,3
RandomForest,text_only,REG_TEXT_CONSUMER_LAPTOP_INDIAN_PRICES,0.8923695779997916,4
RealMLP,all,REG_TEXT_CONSUMER_LAPTOP_INDIAN_PRICES,0.9319113712435142,0
RealMLP,all,REG_TEXT_CONSUMER_LAPTOP_INDIAN_PRICES,0.9290368256904906,1
RealMLP,all,REG_TEXT_CONSUMER_LAPTOP_INDIAN_PRICES,0.8502179927065474,2
RealMLP,all,REG_TEXT_CONSUMER_LAPTOP_INDIAN_PRICES,0.9210836130531842,3
RealMLP,all,REG_TEXT_CONSUMER_LAPTOP_INDIAN_PRICES,0.9322086249237064,4
RealMLP,ft,REG_TEXT_CONSUMER_LAPTOP_INDIAN_PRICES,0.927475892793738,0
RealMLP,ft,REG_TEXT_CONSUMER_LAPTOP_INDIAN_PRICES,0.9016433517387108,1
RealMLP,ft,REG_TEXT_CONSUMER_LAPTOP_INDIAN_PRICES,0.8040583896983564,2
RealMLP,ft,REG_TEXT_CONSUMER_LAPTOP_INDIAN_PRICES,0.9413051184293486,3
RealMLP,ft,REG_TEXT_CONSUMER_LAPTOP_INDIAN_PRICES,0.8474330410240142,4
RealMLP,no_text,REG_TEXT_CONSUMER_LAPTOP_INDIAN_PRICES,0.9443154410991697,0
RealMLP,no_text,REG_TEXT_CONSUMER_LAPTOP_INDIAN_PRICES,0.9099596058758332,1
RealMLP,no_text,REG_TEXT_CONSUMER_LAPTOP_INDIAN_PRICES,0.8405885047058234,2
RealMLP,no_text,REG_TEXT_CONSUMER_LAPTOP_INDIAN_PRICES,0.9202651358517888,3
RealMLP,no_text,REG_TEXT_CONSUMER_LAPTOP_INDIAN_PRICES,0.9063230644988453,4
RealMLP,text_only,REG_TEXT_CONSUMER_LAPTOP_INDIAN_PRICES,0.9129078200349822,0
RealMLP,text_only,REG_TEXT_CONSUMER_LAPTOP_INDIAN_PRICES,0.8517785805434404,1
RealMLP,text_only,REG_TEXT_CONSUMER_LAPTOP_INDIAN_PRICES,0.7973011613099865,2
RealMLP,text_only,REG_TEXT_CONSUMER_LAPTOP_INDIAN_PRICES,0.9159241911444376,3
RealMLP,text_only,REG_TEXT_CONSUMER_LAPTOP_INDIAN_PRICES,0.8907769284778414,4
TabDPT,all,REG_TEXT_CONSUMER_LAPTOP_INDIAN_PRICES,0.8752669490965281,0
TabDPT,all,REG_TEXT_CONSUMER_LAPTOP_INDIAN_PRICES,0.8559529990367236,1
TabDPT,all,REG_TEXT_CONSUMER_LAPTOP_INDIAN_PRICES,0.7896836787837057,2
TabDPT,all,REG_TEXT_CONSUMER_LAPTOP_INDIAN_PRICES,0.9026685030555474,3
TabDPT,all,REG_TEXT_CONSUMER_LAPTOP_INDIAN_PRICES,0.913574489451854,4
TabDPT,ft,REG_TEXT_CONSUMER_LAPTOP_INDIAN_PRICES,0.8627679608507435,0
TabDPT,ft,REG_TEXT_CONSUMER_LAPTOP_INDIAN_PRICES,0.8845278011686483,1
TabDPT,ft,REG_TEXT_CONSUMER_LAPTOP_INDIAN_PRICES,0.7702918520475435,2
TabDPT,ft,REG_TEXT_CONSUMER_LAPTOP_INDIAN_PRICES,0.9096701831508408,3
TabDPT,ft,REG_TEXT_CONSUMER_LAPTOP_INDIAN_PRICES,0.917220626296916,4
TabDPT,no_text,REG_TEXT_CONSUMER_LAPTOP_INDIAN_PRICES,0.8128392915015837,0
TabDPT,no_text,REG_TEXT_CONSUMER_LAPTOP_INDIAN_PRICES,0.9136259779331112,1
TabDPT,no_text,REG_TEXT_CONSUMER_LAPTOP_INDIAN_PRICES,0.7830614794289292,2
TabDPT,no_text,REG_TEXT_CONSUMER_LAPTOP_INDIAN_PRICES,0.9021031913294864,3
TabDPT,no_text,REG_TEXT_CONSUMER_LAPTOP_INDIAN_PRICES,0.8533497705736112,4
TabDPT,text_only,REG_TEXT_CONSUMER_LAPTOP_INDIAN_PRICES,0.8158322353535488,0
TabDPT,text_only,REG_TEXT_CONSUMER_LAPTOP_INDIAN_PRICES,0.8252105464219446,1
TabDPT,text_only,REG_TEXT_CONSUMER_LAPTOP_INDIAN_PRICES,0.7738067992272373,2
TabDPT,text_only,REG_TEXT_CONSUMER_LAPTOP_INDIAN_PRICES,0.8768388236248199,3
TabDPT,text_only,REG_TEXT_CONSUMER_LAPTOP_INDIAN_PRICES,0.8888649827465828,4
TabICLv2,all,REG_TEXT_CONSUMER_LAPTOP_INDIAN_PRICES,0.9285863000654044,0
TabICLv2,all,REG_TEXT_CONSUMER_LAPTOP_INDIAN_PRICES,0.9181714741830552,1
TabICLv2,all,REG_TEXT_CONSUMER_LAPTOP_INDIAN_PRICES,0.8772983875907997,2
TabICLv2,all,REG_TEXT_CONSUMER_LAPTOP_INDIAN_PRICES,0.9528868404177429,3
TabICLv2,all,REG_TEXT_CONSUMER_LAPTOP_INDIAN_PRICES,0.9527271776968907,4
TabICLv2,ft,REG_TEXT_CONSUMER_LAPTOP_INDIAN_PRICES,0.9058995701033258,0
TabICLv2,ft,REG_TEXT_CONSUMER_LAPTOP_INDIAN_PRICES,0.8820975460798473,1
TabICLv2,ft,REG_TEXT_CONSUMER_LAPTOP_INDIAN_PRICES,0.8091299045928322,2
TabICLv2,ft,REG_TEXT_CONSUMER_LAPTOP_INDIAN_PRICES,0.9338753736225897,3
TabICLv2,ft,REG_TEXT_CONSUMER_LAPTOP_INDIAN_PRICES,0.9608541361184382,4
TabICLv2,no_text,REG_TEXT_CONSUMER_LAPTOP_INDIAN_PRICES,0.922703871671349,0
TabICLv2,no_text,REG_TEXT_CONSUMER_LAPTOP_INDIAN_PRICES,0.9330041710544454,1
TabICLv2,no_text,REG_TEXT_CONSUMER_LAPTOP_INDIAN_PRICES,0.8835638040813073,2
TabICLv2,no_text,REG_TEXT_CONSUMER_LAPTOP_INDIAN_PRICES,0.9395253833381892,3
TabICLv2,no_text,REG_TEXT_CONSUMER_LAPTOP_INDIAN_PRICES,0.9366087078318464,4
TabICLv2,text_only,REG_TEXT_CONSUMER_LAPTOP_INDIAN_PRICES,0.9160542557120288,0
TabICLv2,text_only,REG_TEXT_CONSUMER_LAPTOP_INDIAN_PRICES,0.8916189983491356,1
TabICLv2,text_only,REG_TEXT_CONSUMER_LAPTOP_INDIAN_PRICES,0.880502574949322,2
TabICLv2,text_only,REG_TEXT_CONSUMER_LAPTOP_INDIAN_PRICES,0.9513000301495986,3
TabICLv2,text_only,REG_TEXT_CONSUMER_LAPTOP_INDIAN_PRICES,0.9298749934492944,4
TabM,all,REG_TEXT_CONSUMER_LAPTOP_INDIAN_PRICES,0.9156390330231928,0
TabM,all,REG_TEXT_CONSUMER_LAPTOP_INDIAN_PRICES,0.8950742262121208,1
TabM,all,REG_TEXT_CONSUMER_LAPTOP_INDIAN_PRICES,0.8384615549195653,2
TabM,all,REG_TEXT_CONSUMER_LAPTOP_INDIAN_PRICES,0.9143518428559706,3
TabM,all,REG_TEXT_CONSUMER_LAPTOP_INDIAN_PRICES,0.9308832171498516,4
TabM,ft,REG_TEXT_CONSUMER_LAPTOP_INDIAN_PRICES,0.8927033734474401,0
TabM,ft,REG_TEXT_CONSUMER_LAPTOP_INDIAN_PRICES,0.8673020828159729,1
TabM,ft,REG_TEXT_CONSUMER_LAPTOP_INDIAN_PRICES,0.8396070149475796,2
TabM,ft,REG_TEXT_CONSUMER_LAPTOP_INDIAN_PRICES,0.9170553031040845,3
TabM,ft,REG_TEXT_CONSUMER_LAPTOP_INDIAN_PRICES,0.9501763180745704,4
TabM,no_text,REG_TEXT_CONSUMER_LAPTOP_INDIAN_PRICES,0.9231053978670016,0
TabM,no_text,REG_TEXT_CONSUMER_LAPTOP_INDIAN_PRICES,0.902064678226061,1
TabM,no_text,REG_TEXT_CONSUMER_LAPTOP_INDIAN_PRICES,0.8434325974991599,2
TabM,no_text,REG_TEXT_CONSUMER_LAPTOP_INDIAN_PRICES,0.9188612615447672,3
TabM,no_text,REG_TEXT_CONSUMER_LAPTOP_INDIAN_PRICES,0.9353353126624726,4
TabM,text_only,REG_TEXT_CONSUMER_LAPTOP_INDIAN_PRICES,0.903446151435604,0
TabM,text_only,REG_TEXT_CONSUMER_LAPTOP_INDIAN_PRICES,0.8448541813851131,1
TabM,text_only,REG_TEXT_CONSUMER_LAPTOP_INDIAN_PRICES,0.8105330818586617,2
TabM,text_only,REG_TEXT_CONSUMER_LAPTOP_INDIAN_PRICES,0.893065649686634,3
TabM,text_only,REG_TEXT_CONSUMER_LAPTOP_INDIAN_PRICES,0.9126897278796208,4
TabPFN-2.5,all,REG_TEXT_CONSUMER_LAPTOP_INDIAN_PRICES,0.9561627493683964,0
TabPFN-2.5,all,REG_TEXT_CONSUMER_LAPTOP_INDIAN_PRICES,0.9672510710787752,1
TabPFN-2.5,all,REG_TEXT_CONSUMER_LAPTOP_INDIAN_PRICES,0.8825274058180044,2
TabPFN-2.5,all,REG_TEXT_CONSUMER_LAPTOP_INDIAN_PRICES,0.955496565774917,3
TabPFN-2.5,all,REG_TEXT_CONSUMER_LAPTOP_INDIAN_PRICES,0.9526660357660434,4
TabPFN-2.5,ft,REG_TEXT_CONSUMER_LAPTOP_INDIAN_PRICES,0.9368744550813856,0
TabPFN-2.5,ft,REG_TEXT_CONSUMER_LAPTOP_INDIAN_PRICES,0.9471058849634296,1
TabPFN-2.5,ft,REG_TEXT_CONSUMER_LAPTOP_INDIAN_PRICES,0.821373808498792,2
TabPFN-2.5,ft,REG_TEXT_CONSUMER_LAPTOP_INDIAN_PRICES,0.9340964214156888,3
TabPFN-2.5,ft,REG_TEXT_CONSUMER_LAPTOP_INDIAN_PRICES,0.9551544856895902,4
TabPFN-2.5,no_text,REG_TEXT_CONSUMER_LAPTOP_INDIAN_PRICES,0.9551591133713616,0
TabPFN-2.5,no_text,REG_TEXT_CONSUMER_LAPTOP_INDIAN_PRICES,0.941067020827586,1
TabPFN-2.5,no_text,REG_TEXT_CONSUMER_LAPTOP_INDIAN_PRICES,0.8594488446391484,2
TabPFN-2.5,no_text,REG_TEXT_CONSUMER_LAPTOP_INDIAN_PRICES,0.9522080223991466,3
TabPFN-2.5,no_text,REG_TEXT_CONSUMER_LAPTOP_INDIAN_PRICES,0.9006039674005605,4
TabPFN-2.5,text_only,REG_TEXT_CONSUMER_LAPTOP_INDIAN_PRICES,0.9455852021266684,0
TabPFN-2.5,text_only,REG_TEXT_CONSUMER_LAPTOP_INDIAN_PRICES,0.9007856406670344,1
TabPFN-2.5,text_only,REG_TEXT_CONSUMER_LAPTOP_INDIAN_PRICES,0.8783144231599916,2
TabPFN-2.5,text_only,REG_TEXT_CONSUMER_LAPTOP_INDIAN_PRICES,0.9275071802412024,3
TabPFN-2.5,text_only,REG_TEXT_CONSUMER_LAPTOP_INDIAN_PRICES,0.9338780592959356,4
TabPFNv2,all,REG_TEXT_CONSUMER_LAPTOP_INDIAN_PRICES,0.9162736376690818,0
TabPFNv2,all,REG_TEXT_CONSUMER_LAPTOP_INDIAN_PRICES,0.9620401660649136,1
TabPFNv2,all,REG_TEXT_CONSUMER_LAPTOP_INDIAN_PRICES,0.8581740538441291,2
TabPFNv2,all,REG_TEXT_CONSUMER_LAPTOP_INDIAN_PRICES,0.9568614298460476,3
TabPFNv2,all,REG_TEXT_CONSUMER_LAPTOP_INDIAN_PRICES,0.9558127493654932,4
TabPFNv2,ft,REG_TEXT_CONSUMER_LAPTOP_INDIAN_PRICES,0.9244315864581708,0
TabPFNv2,ft,REG_TEXT_CONSUMER_LAPTOP_INDIAN_PRICES,0.9485340755955798,1
TabPFNv2,ft,REG_TEXT_CONSUMER_LAPTOP_INDIAN_PRICES,0.8014840417453687,2
TabPFNv2,ft,REG_TEXT_CONSUMER_LAPTOP_INDIAN_PRICES,0.946381096016102,3
TabPFNv2,ft,REG_TEXT_CONSUMER_LAPTOP_INDIAN_PRICES,0.9538504791627876,4
TabPFNv2,no_text,REG_TEXT_CONSUMER_LAPTOP_INDIAN_PRICES,0.8999444975145741,0
TabPFNv2,no_text,REG_TEXT_CONSUMER_LAPTOP_INDIAN_PRICES,0.9374640706009746,1
TabPFNv2,no_text,REG_TEXT_CONSUMER_LAPTOP_INDIAN_PRICES,0.8573755308241723,2
TabPFNv2,no_text,REG_TEXT_CONSUMER_LAPTOP_INDIAN_PRICES,0.9546540638653768,3
TabPFNv2,no_text,REG_TEXT_CONSUMER_LAPTOP_INDIAN_PRICES,0.9257793750216832,4
TabPFNv2,text_only,REG_TEXT_CONSUMER_LAPTOP_INDIAN_PRICES,0.8871489749480405,0
TabPFNv2,text_only,REG_TEXT_CONSUMER_LAPTOP_INDIAN_PRICES,0.8857810340776907,1
TabPFNv2,text_only,REG_TEXT_CONSUMER_LAPTOP_INDIAN_PRICES,0.8670461406792834,2
TabPFNv2,text_only,REG_TEXT_CONSUMER_LAPTOP_INDIAN_PRICES,0.9389547642612476,3
TabPFNv2,text_only,REG_TEXT_CONSUMER_LAPTOP_INDIAN_PRICES,0.9369840292528938,4
XGBoost,all,REG_TEXT_CONSUMER_LAPTOP_INDIAN_PRICES,0.7578934469027829,0
XGBoost,all,REG_TEXT_CONSUMER_LAPTOP_INDIAN_PRICES,0.8586263006202322,1
XGBoost,all,REG_TEXT_CONSUMER_LAPTOP_INDIAN_PRICES,0.7651351288848872,2
XGBoost,all,REG_TEXT_CONSUMER_LAPTOP_INDIAN_PRICES,0.9116641943474956,3
XGBoost,all,REG_TEXT_CONSUMER_LAPTOP_INDIAN_PRICES,0.85879456120123,4
XGBoost,ft,REG_TEXT_CONSUMER_LAPTOP_INDIAN_PRICES,0.7790931445824566,0
XGBoost,ft,REG_TEXT_CONSUMER_LAPTOP_INDIAN_PRICES,0.8904584754678717,1
XGBoost,ft,REG_TEXT_CONSUMER_LAPTOP_INDIAN_PRICES,0.7194066009967401,2
XGBoost,ft,REG_TEXT_CONSUMER_LAPTOP_INDIAN_PRICES,0.9314482073074964,3
XGBoost,ft,REG_TEXT_CONSUMER_LAPTOP_INDIAN_PRICES,0.8704447532294686,4
XGBoost,no_text,REG_TEXT_CONSUMER_LAPTOP_INDIAN_PRICES,0.8183869638358751,0
XGBoost,no_text,REG_TEXT_CONSUMER_LAPTOP_INDIAN_PRICES,0.9170603015389012,1
XGBoost,no_text,REG_TEXT_CONSUMER_LAPTOP_INDIAN_PRICES,0.8076243823182503,2
XGBoost,no_text,REG_TEXT_CONSUMER_LAPTOP_INDIAN_PRICES,0.9133077793810224,3
XGBoost,no_text,REG_TEXT_CONSUMER_LAPTOP_INDIAN_PRICES,0.8959838027147369,4
XGBoost,text_only,REG_TEXT_CONSUMER_LAPTOP_INDIAN_PRICES,0.7420900562895238,0
XGBoost,text_only,REG_TEXT_CONSUMER_LAPTOP_INDIAN_PRICES,0.7880370296341459,1
XGBoost,text_only,REG_TEXT_CONSUMER_LAPTOP_INDIAN_PRICES,0.7107529051025727,2
XGBoost,text_only,REG_TEXT_CONSUMER_LAPTOP_INDIAN_PRICES,0.8827273200791262,3
XGBoost,text_only,REG_TEXT_CONSUMER_LAPTOP_INDIAN_PRICES,0.84226716003453,4
CatBoost,all,REG_TEXT_CONSUMER_MERCARI_ONLINE_MARKETPLACE,0.4382207232143295,0
CatBoost,all,REG_TEXT_CONSUMER_MERCARI_ONLINE_MARKETPLACE,0.4116059748370106,1
CatBoost,all,REG_TEXT_CONSUMER_MERCARI_ONLINE_MARKETPLACE,0.4674362776138221,2
CatBoost,all,REG_TEXT_CONSUMER_MERCARI_ONLINE_MARKETPLACE,0.4134085714415412,3
CatBoost,all,REG_TEXT_CONSUMER_MERCARI_ONLINE_MARKETPLACE,0.4496277283299182,4
CatBoost,ft,REG_TEXT_CONSUMER_MERCARI_ONLINE_MARKETPLACE,0.446355787222582,0
CatBoost,ft,REG_TEXT_CONSUMER_MERCARI_ONLINE_MARKETPLACE,0.4104610386517803,1
CatBoost,ft,REG_TEXT_CONSUMER_MERCARI_ONLINE_MARKETPLACE,0.481031568092264,2
CatBoost,ft,REG_TEXT_CONSUMER_MERCARI_ONLINE_MARKETPLACE,0.4251511229920055,3
CatBoost,ft,REG_TEXT_CONSUMER_MERCARI_ONLINE_MARKETPLACE,0.46164522548636,4
CatBoost,no_text,REG_TEXT_CONSUMER_MERCARI_ONLINE_MARKETPLACE,0.1087059457300434,0
CatBoost,no_text,REG_TEXT_CONSUMER_MERCARI_ONLINE_MARKETPLACE,0.0841432323372064,1
CatBoost,no_text,REG_TEXT_CONSUMER_MERCARI_ONLINE_MARKETPLACE,0.1068834192375989,2
CatBoost,no_text,REG_TEXT_CONSUMER_MERCARI_ONLINE_MARKETPLACE,0.0905805513237524,3
CatBoost,no_text,REG_TEXT_CONSUMER_MERCARI_ONLINE_MARKETPLACE,0.1116422296382327,4
CatBoost,text_only,REG_TEXT_CONSUMER_MERCARI_ONLINE_MARKETPLACE,0.3899073589889037,0
CatBoost,text_only,REG_TEXT_CONSUMER_MERCARI_ONLINE_MARKETPLACE,0.3740276259874689,1
CatBoost,text_only,REG_TEXT_CONSUMER_MERCARI_ONLINE_MARKETPLACE,0.4205007008402496,2
CatBoost,text_only,REG_TEXT_CONSUMER_MERCARI_ONLINE_MARKETPLACE,0.3709615421231425,3
CatBoost,text_only,REG_TEXT_CONSUMER_MERCARI_ONLINE_MARKETPLACE,0.4134998656874908,4
LightGBM,all,REG_TEXT_CONSUMER_MERCARI_ONLINE_MARKETPLACE,0.4023408105750048,0
LightGBM,all,REG_TEXT_CONSUMER_MERCARI_ONLINE_MARKETPLACE,0.384517161176158,1
LightGBM,all,REG_TEXT_CONSUMER_MERCARI_ONLINE_MARKETPLACE,0.4380971746803238,2
LightGBM,all,REG_TEXT_CONSUMER_MERCARI_ONLINE_MARKETPLACE,0.3870533276948609,3
LightGBM,all,REG_TEXT_CONSUMER_MERCARI_ONLINE_MARKETPLACE,0.4352046273260258,4
LightGBM,ft,REG_TEXT_CONSUMER_MERCARI_ONLINE_MARKETPLACE,0.4243248817437673,0
LightGBM,ft,REG_TEXT_CONSUMER_MERCARI_ONLINE_MARKETPLACE,0.3832921192762554,1
LightGBM,ft,REG_TEXT_CONSUMER_MERCARI_ONLINE_MARKETPLACE,0.4705675286168729,2
LightGBM,ft,REG_TEXT_CONSUMER_MERCARI_ONLINE_MARKETPLACE,0.4165601238597527,3
LightGBM,ft,REG_TEXT_CONSUMER_MERCARI_ONLINE_MARKETPLACE,0.4466448409883801,4
LightGBM,no_text,REG_TEXT_CONSUMER_MERCARI_ONLINE_MARKETPLACE,0.1066188093508746,0
LightGBM,no_text,REG_TEXT_CONSUMER_MERCARI_ONLINE_MARKETPLACE,0.0812071560376583,1
LightGBM,no_text,REG_TEXT_CONSUMER_MERCARI_ONLINE_MARKETPLACE,0.1116926975448395,2
LightGBM,no_text,REG_TEXT_CONSUMER_MERCARI_ONLINE_MARKETPLACE,0.0767584341326589,3
LightGBM,no_text,REG_TEXT_CONSUMER_MERCARI_ONLINE_MARKETPLACE,0.1140903130890972,4
LightGBM,text_only,REG_TEXT_CONSUMER_MERCARI_ONLINE_MARKETPLACE,0.364729464253556,0
LightGBM,text_only,REG_TEXT_CONSUMER_MERCARI_ONLINE_MARKETPLACE,0.3456527123899117,1
LightGBM,text_only,REG_TEXT_CONSUMER_MERCARI_ONLINE_MARKETPLACE,0.3970998305040338,2
LightGBM,text_only,REG_TEXT_CONSUMER_MERCARI_ONLINE_MARKETPLACE,0.3543448981236743,3
LightGBM,text_only,REG_TEXT_CONSUMER_MERCARI_ONLINE_MARKETPLACE,0.3947291840265409,4
RandomForest,all,REG_TEXT_CONSUMER_MERCARI_ONLINE_MARKETPLACE,0.3612508229429609,0
RandomForest,all,REG_TEXT_CONSUMER_MERCARI_ONLINE_MARKETPLACE,0.3390398520537586,1
RandomForest,all,REG_TEXT_CONSUMER_MERCARI_ONLINE_MARKETPLACE,0.3895373855480195,2
RandomForest,all,REG_TEXT_CONSUMER_MERCARI_ONLINE_MARKETPLACE,0.3388755958531448,3
RandomForest,all,REG_TEXT_CONSUMER_MERCARI_ONLINE_MARKETPLACE,0.3840200255404487,4
RandomForest,ft,REG_TEXT_CONSUMER_MERCARI_ONLINE_MARKETPLACE,0.3906636156431757,0
RandomForest,ft,REG_TEXT_CONSUMER_MERCARI_ONLINE_MARKETPLACE,0.3639888876562838,1
RandomForest,ft,REG_TEXT_CONSUMER_MERCARI_ONLINE_MARKETPLACE,0.414888193991754,2
RandomForest,ft,REG_TEXT_CONSUMER_MERCARI_ONLINE_MARKETPLACE,0.3983704676958123,3
RandomForest,ft,REG_TEXT_CONSUMER_MERCARI_ONLINE_MARKETPLACE,0.4064806537548496,4
RandomForest,no_text,REG_TEXT_CONSUMER_MERCARI_ONLINE_MARKETPLACE,0.1068806128375576,0
RandomForest,no_text,REG_TEXT_CONSUMER_MERCARI_ONLINE_MARKETPLACE,0.0778675255247757,1
RandomForest,no_text,REG_TEXT_CONSUMER_MERCARI_ONLINE_MARKETPLACE,0.1117998959894139,2
RandomForest,no_text,REG_TEXT_CONSUMER_MERCARI_ONLINE_MARKETPLACE,0.07390133362458,3
RandomForest,no_text,REG_TEXT_CONSUMER_MERCARI_ONLINE_MARKETPLACE,0.1135143098919501,4
RandomForest,text_only,REG_TEXT_CONSUMER_MERCARI_ONLINE_MARKETPLACE,0.349127087214595,0
RandomForest,text_only,REG_TEXT_CONSUMER_MERCARI_ONLINE_MARKETPLACE,0.3311624229114291,1
RandomForest,text_only,REG_TEXT_CONSUMER_MERCARI_ONLINE_MARKETPLACE,0.3742043620963918,2
RandomForest,text_only,REG_TEXT_CONSUMER_MERCARI_ONLINE_MARKETPLACE,0.3298659218874989,3
RandomForest,text_only,REG_TEXT_CONSUMER_MERCARI_ONLINE_MARKETPLACE,0.3846521814509822,4
RealMLP,all,REG_TEXT_CONSUMER_MERCARI_ONLINE_MARKETPLACE,0.4139663982334122,0
RealMLP,all,REG_TEXT_CONSUMER_MERCARI_ONLINE_MARKETPLACE,0.3202760887100758,1
RealMLP,all,REG_TEXT_CONSUMER_MERCARI_ONLINE_MARKETPLACE,0.3962629119346922,2
RealMLP,all,REG_TEXT_CONSUMER_MERCARI_ONLINE_MARKETPLACE,0.3544049060937696,3
RealMLP,all,REG_TEXT_CONSUMER_MERCARI_ONLINE_MARKETPLACE,0.3532386733605152,4
RealMLP,ft,REG_TEXT_CONSUMER_MERCARI_ONLINE_MARKETPLACE,0.4246587498230297,0
RealMLP,ft,REG_TEXT_CONSUMER_MERCARI_ONLINE_MARKETPLACE,0.3756582271558798,1
RealMLP,ft,REG_TEXT_CONSUMER_MERCARI_ONLINE_MARKETPLACE,0.4407137623654001,2
RealMLP,ft,REG_TEXT_CONSUMER_MERCARI_ONLINE_MARKETPLACE,0.3887906295277504,3
RealMLP,ft,REG_TEXT_CONSUMER_MERCARI_ONLINE_MARKETPLACE,0.4357225677767639,4
RealMLP,no_text,REG_TEXT_CONSUMER_MERCARI_ONLINE_MARKETPLACE,0.1120234540590999,0
RealMLP,no_text,REG_TEXT_CONSUMER_MERCARI_ONLINE_MARKETPLACE,0.0790340646385412,1
RealMLP,no_text,REG_TEXT_CONSUMER_MERCARI_ONLINE_MARKETPLACE,0.1001686554219434,2
RealMLP,no_text,REG_TEXT_CONSUMER_MERCARI_ONLINE_MARKETPLACE,0.0855736639505343,3
RealMLP,no_text,REG_TEXT_CONSUMER_MERCARI_ONLINE_MARKETPLACE,0.1110081083069992,4
RealMLP,text_only,REG_TEXT_CONSUMER_MERCARI_ONLINE_MARKETPLACE,0.3390562202923914,0
RealMLP,text_only,REG_TEXT_CONSUMER_MERCARI_ONLINE_MARKETPLACE,0.3123028040435979,1
RealMLP,text_only,REG_TEXT_CONSUMER_MERCARI_ONLINE_MARKETPLACE,0.3766178004188106,2
RealMLP,text_only,REG_TEXT_CONSUMER_MERCARI_ONLINE_MARKETPLACE,0.2861459139578637,3
RealMLP,text_only,REG_TEXT_CONSUMER_MERCARI_ONLINE_MARKETPLACE,0.3477769525411243,4
TabDPT,all,REG_TEXT_CONSUMER_MERCARI_ONLINE_MARKETPLACE,0.4434377964327071,0
TabDPT,all,REG_TEXT_CONSUMER_MERCARI_ONLINE_MARKETPLACE,0.4290729083220914,1
TabDPT,all,REG_TEXT_CONSUMER_MERCARI_ONLINE_MARKETPLACE,0.470204099427494,2
TabDPT,all,REG_TEXT_CONSUMER_MERCARI_ONLINE_MARKETPLACE,0.4265085665295156,3
TabDPT,all,REG_TEXT_CONSUMER_MERCARI_ONLINE_MARKETPLACE,0.4754912701349142,4
TabDPT,ft,REG_TEXT_CONSUMER_MERCARI_ONLINE_MARKETPLACE,0.4617073246360322,0
TabDPT,ft,REG_TEXT_CONSUMER_MERCARI_ONLINE_MARKETPLACE,0.4384242148670509,1
TabDPT,ft,REG_TEXT_CONSUMER_MERCARI_ONLINE_MARKETPLACE,0.5000349909382226,2
TabDPT,ft,REG_TEXT_CONSUMER_MERCARI_ONLINE_MARKETPLACE,0.4424828535610495,3
TabDPT,ft,REG_TEXT_CONSUMER_MERCARI_ONLINE_MARKETPLACE,0.4726579684140013,4
TabDPT,no_text,REG_TEXT_CONSUMER_MERCARI_ONLINE_MARKETPLACE,0.1061087647133898,0
TabDPT,no_text,REG_TEXT_CONSUMER_MERCARI_ONLINE_MARKETPLACE,0.0866258882588767,1
TabDPT,no_text,REG_TEXT_CONSUMER_MERCARI_ONLINE_MARKETPLACE,0.1056797092870119,2
TabDPT,no_text,REG_TEXT_CONSUMER_MERCARI_ONLINE_MARKETPLACE,0.0864760109812066,3
TabDPT,no_text,REG_TEXT_CONSUMER_MERCARI_ONLINE_MARKETPLACE,0.1158574667974566,4
TabDPT,text_only,REG_TEXT_CONSUMER_MERCARI_ONLINE_MARKETPLACE,0.4030572541699974,0
TabDPT,text_only,REG_TEXT_CONSUMER_MERCARI_ONLINE_MARKETPLACE,0.4008693472993461,1
TabDPT,text_only,REG_TEXT_CONSUMER_MERCARI_ONLINE_MARKETPLACE,0.4439597978128511,2
TabDPT,text_only,REG_TEXT_CONSUMER_MERCARI_ONLINE_MARKETPLACE,0.3985307629766508,3
TabDPT,text_only,REG_TEXT_CONSUMER_MERCARI_ONLINE_MARKETPLACE,0.4457312298057669,4
TabICLv2,all,REG_TEXT_CONSUMER_MERCARI_ONLINE_MARKETPLACE,0.4444723980907055,0
TabICLv2,all,REG_TEXT_CONSUMER_MERCARI_ONLINE_MARKETPLACE,0.4100953446663127,1
TabICLv2,all,REG_TEXT_CONSUMER_MERCARI_ONLINE_MARKETPLACE,0.4699054006433598,2
TabICLv2,all,REG_TEXT_CONSUMER_MERCARI_ONLINE_MARKETPLACE,0.408041916971365,3
TabICLv2,all,REG_TEXT_CONSUMER_MERCARI_ONLINE_MARKETPLACE,0.4738224203436716,4
TabICLv2,ft,REG_TEXT_CONSUMER_MERCARI_ONLINE_MARKETPLACE,0.4538620994060369,0
TabICLv2,ft,REG_TEXT_CONSUMER_MERCARI_ONLINE_MARKETPLACE,0.4217947406414024,1
TabICLv2,ft,REG_TEXT_CONSUMER_MERCARI_ONLINE_MARKETPLACE,0.4814152405137231,2
TabICLv2,ft,REG_TEXT_CONSUMER_MERCARI_ONLINE_MARKETPLACE,0.4434029608486094,3
TabICLv2,ft,REG_TEXT_CONSUMER_MERCARI_ONLINE_MARKETPLACE,0.4640401033312032,4
TabICLv2,no_text,REG_TEXT_CONSUMER_MERCARI_ONLINE_MARKETPLACE,0.1106395383835604,0
TabICLv2,no_text,REG_TEXT_CONSUMER_MERCARI_ONLINE_MARKETPLACE,0.0822800244433397,1
TabICLv2,no_text,REG_TEXT_CONSUMER_MERCARI_ONLINE_MARKETPLACE,0.1061893149030366,2
TabICLv2,no_text,REG_TEXT_CONSUMER_MERCARI_ONLINE_MARKETPLACE,0.0883773771035877,3
TabICLv2,no_text,REG_TEXT_CONSUMER_MERCARI_ONLINE_MARKETPLACE,0.1157339555985327,4
TabICLv2,text_only,REG_TEXT_CONSUMER_MERCARI_ONLINE_MARKETPLACE,0.4200912203500941,0
TabICLv2,text_only,REG_TEXT_CONSUMER_MERCARI_ONLINE_MARKETPLACE,0.3975548661301242,1
TabICLv2,text_only,REG_TEXT_CONSUMER_MERCARI_ONLINE_MARKETPLACE,0.4515653798451778,2
TabICLv2,text_only,REG_TEXT_CONSUMER_MERCARI_ONLINE_MARKETPLACE,0.3904406966698993,3
TabICLv2,text_only,REG_TEXT_CONSUMER_MERCARI_ONLINE_MARKETPLACE,0.452963080249951,4
TabM,all,REG_TEXT_CONSUMER_MERCARI_ONLINE_MARKETPLACE,0.4592026770529883,0
TabM,all,REG_TEXT_CONSUMER_MERCARI_ONLINE_MARKETPLACE,0.4335390045921868,1
TabM,all,REG_TEXT_CONSUMER_MERCARI_ONLINE_MARKETPLACE,0.4856986958384417,2
TabM,all,REG_TEXT_CONSUMER_MERCARI_ONLINE_MARKETPLACE,0.4162594457703045,3
TabM,all,REG_TEXT_CONSUMER_MERCARI_ONLINE_MARKETPLACE,0.472882633965496,4
TabM,ft,REG_TEXT_CONSUMER_MERCARI_ONLINE_MARKETPLACE,0.4634565143089432,0
TabM,ft,REG_TEXT_CONSUMER_MERCARI_ONLINE_MARKETPLACE,0.4353958640242313,1
TabM,ft,REG_TEXT_CONSUMER_MERCARI_ONLINE_MARKETPLACE,0.5041131349492776,2
TabM,ft,REG_TEXT_CONSUMER_MERCARI_ONLINE_MARKETPLACE,0.4465217503944555,3
TabM,ft,REG_TEXT_CONSUMER_MERCARI_ONLINE_MARKETPLACE,0.4826635180685378,4
TabM,no_text,REG_TEXT_CONSUMER_MERCARI_ONLINE_MARKETPLACE,0.1093087031144456,0
TabM,no_text,REG_TEXT_CONSUMER_MERCARI_ONLINE_MARKETPLACE,0.0819983132594794,1
TabM,no_text,REG_TEXT_CONSUMER_MERCARI_ONLINE_MARKETPLACE,0.1090752156808295,2
TabM,no_text,REG_TEXT_CONSUMER_MERCARI_ONLINE_MARKETPLACE,0.0863704349055639,3
TabM,no_text,REG_TEXT_CONSUMER_MERCARI_ONLINE_MARKETPLACE,0.115065561450854,4
TabM,text_only,REG_TEXT_CONSUMER_MERCARI_ONLINE_MARKETPLACE,0.4123194770453188,0
TabM,text_only,REG_TEXT_CONSUMER_MERCARI_ONLINE_MARKETPLACE,0.3987020605807357,1
TabM,text_only,REG_TEXT_CONSUMER_MERCARI_ONLINE_MARKETPLACE,0.4436811507018687,2
TabM,text_only,REG_TEXT_CONSUMER_MERCARI_ONLINE_MARKETPLACE,0.3825181373629146,3
TabM,text_only,REG_TEXT_CONSUMER_MERCARI_ONLINE_MARKETPLACE,0.4382316933547163,4
TabPFN-2.5,all,REG_TEXT_CONSUMER_MERCARI_ONLINE_MARKETPLACE,0.469627211642922,0
TabPFN-2.5,all,REG_TEXT_CONSUMER_MERCARI_ONLINE_MARKETPLACE,0.4469033147838559,1
TabPFN-2.5,all,REG_TEXT_CONSUMER_MERCARI_ONLINE_MARKETPLACE,0.5101520207327637,2
TabPFN-2.5,all,REG_TEXT_CONSUMER_MERCARI_ONLINE_MARKETPLACE,0.4456657199699146,3
TabPFN-2.5,all,REG_TEXT_CONSUMER_MERCARI_ONLINE_MARKETPLACE,0.4941608510161213,4
TabPFN-2.5,ft,REG_TEXT_CONSUMER_MERCARI_ONLINE_MARKETPLACE,0.4626469587585406,0
TabPFN-2.5,ft,REG_TEXT_CONSUMER_MERCARI_ONLINE_MARKETPLACE,0.4369757794314343,1
TabPFN-2.5,ft,REG_TEXT_CONSUMER_MERCARI_ONLINE_MARKETPLACE,0.4993791753835648,2
TabPFN-2.5,ft,REG_TEXT_CONSUMER_MERCARI_ONLINE_MARKETPLACE,0.4491654511546336,3
TabPFN-2.5,ft,REG_TEXT_CONSUMER_MERCARI_ONLINE_MARKETPLACE,0.4851869846401855,4
TabPFN-2.5,no_text,REG_TEXT_CONSUMER_MERCARI_ONLINE_MARKETPLACE,0.1068492185381601,0
TabPFN-2.5,no_text,REG_TEXT_CONSUMER_MERCARI_ONLINE_MARKETPLACE,0.0821417252825273,1
TabPFN-2.5,no_text,REG_TEXT_CONSUMER_MERCARI_ONLINE_MARKETPLACE,0.1046257521187489,2
TabPFN-2.5,no_text,REG_TEXT_CONSUMER_MERCARI_ONLINE_MARKETPLACE,0.0857935696499838,3
TabPFN-2.5,no_text,REG_TEXT_CONSUMER_MERCARI_ONLINE_MARKETPLACE,0.1167917893380087,4
TabPFN-2.5,text_only,REG_TEXT_CONSUMER_MERCARI_ONLINE_MARKETPLACE,0.4312023533229164,0
TabPFN-2.5,text_only,REG_TEXT_CONSUMER_MERCARI_ONLINE_MARKETPLACE,0.4138156136322512,1
TabPFN-2.5,text_only,REG_TEXT_CONSUMER_MERCARI_ONLINE_MARKETPLACE,0.4739342214552317,2
TabPFN-2.5,text_only,REG_TEXT_CONSUMER_MERCARI_ONLINE_MARKETPLACE,0.4116341696629393,3
TabPFN-2.5,text_only,REG_TEXT_CONSUMER_MERCARI_ONLINE_MARKETPLACE,0.4607867749704016,4
TabPFNv2,all,REG_TEXT_CONSUMER_MERCARI_ONLINE_MARKETPLACE,0.4149817581689403,0
TabPFNv2,all,REG_TEXT_CONSUMER_MERCARI_ONLINE_MARKETPLACE,0.3996489300329873,1
TabPFNv2,all,REG_TEXT_CONSUMER_MERCARI_ONLINE_MARKETPLACE,0.4429176595566086,2
TabPFNv2,all,REG_TEXT_CONSUMER_MERCARI_ONLINE_MARKETPLACE,0.3899607605228264,3
TabPFNv2,all,REG_TEXT_CONSUMER_MERCARI_ONLINE_MARKETPLACE,0.4432215041820235,4
TabPFNv2,ft,REG_TEXT_CONSUMER_MERCARI_ONLINE_MARKETPLACE,0.4324785860810134,0
TabPFNv2,ft,REG_TEXT_CONSUMER_MERCARI_ONLINE_MARKETPLACE,0.4089491893803529,1
TabPFNv2,ft,REG_TEXT_CONSUMER_MERCARI_ONLINE_MARKETPLACE,0.4784286955957271,2
TabPFNv2,ft,REG_TEXT_CONSUMER_MERCARI_ONLINE_MARKETPLACE,0.416091826614235,3
TabPFNv2,ft,REG_TEXT_CONSUMER_MERCARI_ONLINE_MARKETPLACE,0.4538741592967826,4
TabPFNv2,no_text,REG_TEXT_CONSUMER_MERCARI_ONLINE_MARKETPLACE,0.1074084886865046,0
TabPFNv2,no_text,REG_TEXT_CONSUMER_MERCARI_ONLINE_MARKETPLACE,0.08453159286353,1
TabPFNv2,no_text,REG_TEXT_CONSUMER_MERCARI_ONLINE_MARKETPLACE,0.100209256083784,2
TabPFNv2,no_text,REG_TEXT_CONSUMER_MERCARI_ONLINE_MARKETPLACE,0.0887622612681747,3
TabPFNv2,no_text,REG_TEXT_CONSUMER_MERCARI_ONLINE_MARKETPLACE,0.1141020295473795,4
TabPFNv2,text_only,REG_TEXT_CONSUMER_MERCARI_ONLINE_MARKETPLACE,0.3850712537093602,0
TabPFNv2,text_only,REG_TEXT_CONSUMER_MERCARI_ONLINE_MARKETPLACE,0.3850787519433269,1
TabPFNv2,text_only,REG_TEXT_CONSUMER_MERCARI_ONLINE_MARKETPLACE,0.4174137668970815,2
TabPFNv2,text_only,REG_TEXT_CONSUMER_MERCARI_ONLINE_MARKETPLACE,0.37784704783321,3
TabPFNv2,text_only,REG_TEXT_CONSUMER_MERCARI_ONLINE_MARKETPLACE,0.4253062341086049,4
XGBoost,all,REG_TEXT_CONSUMER_MERCARI_ONLINE_MARKETPLACE,0.3395458761366563,0
XGBoost,all,REG_TEXT_CONSUMER_MERCARI_ONLINE_MARKETPLACE,0.3419726616068034,1
XGBoost,all,REG_TEXT_CONSUMER_MERCARI_ONLINE_MARKETPLACE,0.3772447047068447,2
XGBoost,all,REG_TEXT_CONSUMER_MERCARI_ONLINE_MARKETPLACE,0.3398510498460354,3
XGBoost,all,REG_TEXT_CONSUMER_MERCARI_ONLINE_MARKETPLACE,0.3735609540262632,4
XGBoost,ft,REG_TEXT_CONSUMER_MERCARI_ONLINE_MARKETPLACE,0.4162308715890834,0
XGBoost,ft,REG_TEXT_CONSUMER_MERCARI_ONLINE_MARKETPLACE,0.3692243218706096,1
XGBoost,ft,REG_TEXT_CONSUMER_MERCARI_ONLINE_MARKETPLACE,0.4207342201212098,2
XGBoost,ft,REG_TEXT_CONSUMER_MERCARI_ONLINE_MARKETPLACE,0.3969676673050785,3
XGBoost,ft,REG_TEXT_CONSUMER_MERCARI_ONLINE_MARKETPLACE,0.4107623093179723,4
XGBoost,no_text,REG_TEXT_CONSUMER_MERCARI_ONLINE_MARKETPLACE,0.1086203695570691,0
XGBoost,no_text,REG_TEXT_CONSUMER_MERCARI_ONLINE_MARKETPLACE,0.0774858571636158,1
XGBoost,no_text,REG_TEXT_CONSUMER_MERCARI_ONLINE_MARKETPLACE,0.1118443570929232,2
XGBoost,no_text,REG_TEXT_CONSUMER_MERCARI_ONLINE_MARKETPLACE,0.0834721994940258,3
XGBoost,no_text,REG_TEXT_CONSUMER_MERCARI_ONLINE_MARKETPLACE,0.1121071982688738,4
XGBoost,text_only,REG_TEXT_CONSUMER_MERCARI_ONLINE_MARKETPLACE,0.319304256200296,0
XGBoost,text_only,REG_TEXT_CONSUMER_MERCARI_ONLINE_MARKETPLACE,0.3150506308145612,1
XGBoost,text_only,REG_TEXT_CONSUMER_MERCARI_ONLINE_MARKETPLACE,0.3435445111706192,2
XGBoost,text_only,REG_TEXT_CONSUMER_MERCARI_ONLINE_MARKETPLACE,0.3038291110584158,3
XGBoost,text_only,REG_TEXT_CONSUMER_MERCARI_ONLINE_MARKETPLACE,0.3500141672068336,4
CatBoost,all,REG_TEXT_FOOD_ALCOHOL_WIKILIQ_PRICES,0.4585472791306872,0
CatBoost,all,REG_TEXT_FOOD_ALCOHOL_WIKILIQ_PRICES,0.2527358759145083,1
CatBoost,all,REG_TEXT_FOOD_ALCOHOL_WIKILIQ_PRICES,0.2048427150251937,2
CatBoost,all,REG_TEXT_FOOD_ALCOHOL_WIKILIQ_PRICES,0.3930367595392892,3
CatBoost,all,REG_TEXT_FOOD_ALCOHOL_WIKILIQ_PRICES,0.1023978607205386,4
CatBoost,ft,REG_TEXT_FOOD_ALCOHOL_WIKILIQ_PRICES,0.3303533520334425,0
CatBoost,ft,REG_TEXT_FOOD_ALCOHOL_WIKILIQ_PRICES,-0.4225590732011814,1
CatBoost,ft,REG_TEXT_FOOD_ALCOHOL_WIKILIQ_PRICES,0.0800167949417761,2
CatBoost,ft,REG_TEXT_FOOD_ALCOHOL_WIKILIQ_PRICES,0.1715142723021986,3
CatBoost,ft,REG_TEXT_FOOD_ALCOHOL_WIKILIQ_PRICES,0.1140061591310626,4
CatBoost,no_text,REG_TEXT_FOOD_ALCOHOL_WIKILIQ_PRICES,0.0014615172260823,0
CatBoost,no_text,REG_TEXT_FOOD_ALCOHOL_WIKILIQ_PRICES,-2.321850355648938,1
CatBoost,no_text,REG_TEXT_FOOD_ALCOHOL_WIKILIQ_PRICES,-0.0122149641528781,2
CatBoost,no_text,REG_TEXT_FOOD_ALCOHOL_WIKILIQ_PRICES,0.2808954724944689,3
CatBoost,no_text,REG_TEXT_FOOD_ALCOHOL_WIKILIQ_PRICES,0.151336397547975,4
CatBoost,text_only,REG_TEXT_FOOD_ALCOHOL_WIKILIQ_PRICES,0.4083074733077884,0
CatBoost,text_only,REG_TEXT_FOOD_ALCOHOL_WIKILIQ_PRICES,0.2902140267933072,1
CatBoost,text_only,REG_TEXT_FOOD_ALCOHOL_WIKILIQ_PRICES,0.2166154128799042,2
CatBoost,text_only,REG_TEXT_FOOD_ALCOHOL_WIKILIQ_PRICES,0.085335942550816,3
CatBoost,text_only,REG_TEXT_FOOD_ALCOHOL_WIKILIQ_PRICES,0.2176806055447284,4
LightGBM,all,REG_TEXT_FOOD_ALCOHOL_WIKILIQ_PRICES,0.4312584291401762,0
LightGBM,all,REG_TEXT_FOOD_ALCOHOL_WIKILIQ_PRICES,0.1478624190197285,1
LightGBM,all,REG_TEXT_FOOD_ALCOHOL_WIKILIQ_PRICES,0.1091832010046103,2
LightGBM,all,REG_TEXT_FOOD_ALCOHOL_WIKILIQ_PRICES,0.3973387950183648,3
LightGBM,all,REG_TEXT_FOOD_ALCOHOL_WIKILIQ_PRICES,-0.0604452302400271,4
LightGBM,ft,REG_TEXT_FOOD_ALCOHOL_WIKILIQ_PRICES,0.3333990364034441,0
LightGBM,ft,REG_TEXT_FOOD_ALCOHOL_WIKILIQ_PRICES,-0.0994633954131911,1
LightGBM,ft,REG_TEXT_FOOD_ALCOHOL_WIKILIQ_PRICES,0.1344870667233565,2
LightGBM,ft,REG_TEXT_FOOD_ALCOHOL_WIKILIQ_PRICES,0.3904192082668817,3
LightGBM,ft,REG_TEXT_FOOD_ALCOHOL_WIKILIQ_PRICES,-0.2762013872070006,4
LightGBM,no_text,REG_TEXT_FOOD_ALCOHOL_WIKILIQ_PRICES,-0.0056682455993075,0
LightGBM,no_text,REG_TEXT_FOOD_ALCOHOL_WIKILIQ_PRICES,0.1116544519007476,1
LightGBM,no_text,REG_TEXT_FOOD_ALCOHOL_WIKILIQ_PRICES,-0.024889916268298,2
LightGBM,no_text,REG_TEXT_FOOD_ALCOHOL_WIKILIQ_PRICES,0.1696407975511508,3
LightGBM,no_text,REG_TEXT_FOOD_ALCOHOL_WIKILIQ_PRICES,0.0788393040706437,4
LightGBM,text_only,REG_TEXT_FOOD_ALCOHOL_WIKILIQ_PRICES,0.3879594176338926,0
LightGBM,text_only,REG_TEXT_FOOD_ALCOHOL_WIKILIQ_PRICES,0.0139222110107863,1
LightGBM,text_only,REG_TEXT_FOOD_ALCOHOL_WIKILIQ_PRICES,0.0179183013936756,2
LightGBM,text_only,REG_TEXT_FOOD_ALCOHOL_WIKILIQ_PRICES,0.0732063118454202,3
LightGBM,text_only,REG_TEXT_FOOD_ALCOHOL_WIKILIQ_PRICES,-0.1983385363020013,4
RandomForest,all,REG_TEXT_FOOD_ALCOHOL_WIKILIQ_PRICES,0.2718179762542798,0
RandomForest,all,REG_TEXT_FOOD_ALCOHOL_WIKILIQ_PRICES,-0.3463163747855953,1
RandomForest,all,REG_TEXT_FOOD_ALCOHOL_WIKILIQ_PRICES,0.195440088925472,2
RandomForest,all,REG_TEXT_FOOD_ALCOHOL_WIKILIQ_PRICES,0.3418035553498689,3
RandomForest,all,REG_TEXT_FOOD_ALCOHOL_WIKILIQ_PRICES,-0.1573925144025347,4
RandomForest,ft,REG_TEXT_FOOD_ALCOHOL_WIKILIQ_PRICES,0.2514268858224137,0
RandomForest,ft,REG_TEXT_FOOD_ALCOHOL_WIKILIQ_PRICES,-0.5532562189401309,1
RandomForest,ft,REG_TEXT_FOOD_ALCOHOL_WIKILIQ_PRICES,0.0737350359374154,2
RandomForest,ft,REG_TEXT_FOOD_ALCOHOL_WIKILIQ_PRICES,0.4251238720373441,3
RandomForest,ft,REG_TEXT_FOOD_ALCOHOL_WIKILIQ_PRICES,-0.145034621965014,4
RandomForest,no_text,REG_TEXT_FOOD_ALCOHOL_WIKILIQ_PRICES,-0.0178811306049873,0
RandomForest,no_text,REG_TEXT_FOOD_ALCOHOL_WIKILIQ_PRICES,-0.5094948563149175,1
RandomForest,no_text,REG_TEXT_FOOD_ALCOHOL_WIKILIQ_PRICES,-0.025046589979496,2
RandomForest,no_text,REG_TEXT_FOOD_ALCOHOL_WIKILIQ_PRICES,0.3290508651744821,3
RandomForest,no_text,REG_TEXT_FOOD_ALCOHOL_WIKILIQ_PRICES,-0.2109240653737472,4
RandomForest,text_only,REG_TEXT_FOOD_ALCOHOL_WIKILIQ_PRICES,0.29498773007358,0
RandomForest,text_only,REG_TEXT_FOOD_ALCOHOL_WIKILIQ_PRICES,-0.1003855033550254,1
RandomForest,text_only,REG_TEXT_FOOD_ALCOHOL_WIKILIQ_PRICES,0.1323899122633797,2
RandomForest,text_only,REG_TEXT_FOOD_ALCOHOL_WIKILIQ_PRICES,0.1406153627118414,3
RandomForest,text_only,REG_TEXT_FOOD_ALCOHOL_WIKILIQ_PRICES,0.0905998923773432,4
RealMLP,all,REG_TEXT_FOOD_ALCOHOL_WIKILIQ_PRICES,0.6399211737515234,0
RealMLP,all,REG_TEXT_FOOD_ALCOHOL_WIKILIQ_PRICES,-1.9757472227730908,1
RealMLP,all,REG_TEXT_FOOD_ALCOHOL_WIKILIQ_PRICES,-0.197383387968264,2
RealMLP,all,REG_TEXT_FOOD_ALCOHOL_WIKILIQ_PRICES,0.1166585528405302,3
RealMLP,all,REG_TEXT_FOOD_ALCOHOL_WIKILIQ_PRICES,0.0607186539057948,4
RealMLP,ft,REG_TEXT_FOOD_ALCOHOL_WIKILIQ_PRICES,0.2702286314827745,0
RealMLP,ft,REG_TEXT_FOOD_ALCOHOL_WIKILIQ_PRICES,0.1488233080246362,1
RealMLP,ft,REG_TEXT_FOOD_ALCOHOL_WIKILIQ_PRICES,0.0636295069257353,2
RealMLP,ft,REG_TEXT_FOOD_ALCOHOL_WIKILIQ_PRICES,0.2754111260599797,3
RealMLP,ft,REG_TEXT_FOOD_ALCOHOL_WIKILIQ_PRICES,-0.1105620135656693,4
RealMLP,no_text,REG_TEXT_FOOD_ALCOHOL_WIKILIQ_PRICES,0.002817302551037,0
RealMLP,no_text,REG_TEXT_FOOD_ALCOHOL_WIKILIQ_PRICES,0.0707499407026777,1
RealMLP,no_text,REG_TEXT_FOOD_ALCOHOL_WIKILIQ_PRICES,0.0076676623552796,2
RealMLP,no_text,REG_TEXT_FOOD_ALCOHOL_WIKILIQ_PRICES,0.2599313133723023,3
RealMLP,no_text,REG_TEXT_FOOD_ALCOHOL_WIKILIQ_PRICES,0.1310299319194224,4
RealMLP,text_only,REG_TEXT_FOOD_ALCOHOL_WIKILIQ_PRICES,0.3227501733035791,0
RealMLP,text_only,REG_TEXT_FOOD_ALCOHOL_WIKILIQ_PRICES,0.1561103747430839,1
RealMLP,text_only,REG_TEXT_FOOD_ALCOHOL_WIKILIQ_PRICES,-0.1636769009746463,2
RealMLP,text_only,REG_TEXT_FOOD_ALCOHOL_WIKILIQ_PRICES,-0.0759432022171848,3
RealMLP,text_only,REG_TEXT_FOOD_ALCOHOL_WIKILIQ_PRICES,0.2285107772687349,4
TabDPT,all,REG_TEXT_FOOD_ALCOHOL_WIKILIQ_PRICES,0.1212240970358962,0
TabDPT,all,REG_TEXT_FOOD_ALCOHOL_WIKILIQ_PRICES,0.276356310593248,1
TabDPT,all,REG_TEXT_FOOD_ALCOHOL_WIKILIQ_PRICES,0.1425871065117357,2
TabDPT,all,REG_TEXT_FOOD_ALCOHOL_WIKILIQ_PRICES,0.1975245710398394,3
TabDPT,all,REG_TEXT_FOOD_ALCOHOL_WIKILIQ_PRICES,0.2433440177053162,4
TabDPT,ft,REG_TEXT_FOOD_ALCOHOL_WIKILIQ_PRICES,0.1120118901623226,0
TabDPT,ft,REG_TEXT_FOOD_ALCOHOL_WIKILIQ_PRICES,0.2586556887421348,1
TabDPT,ft,REG_TEXT_FOOD_ALCOHOL_WIKILIQ_PRICES,0.2003429425310999,2
TabDPT,ft,REG_TEXT_FOOD_ALCOHOL_WIKILIQ_PRICES,0.308269926441403,3
TabDPT,ft,REG_TEXT_FOOD_ALCOHOL_WIKILIQ_PRICES,0.2325825333446347,4
TabDPT,no_text,REG_TEXT_FOOD_ALCOHOL_WIKILIQ_PRICES,-0.0155978570112593,0
TabDPT,no_text,REG_TEXT_FOOD_ALCOHOL_WIKILIQ_PRICES,0.1432981390022593,1
TabDPT,no_text,REG_TEXT_FOOD_ALCOHOL_WIKILIQ_PRICES,-0.0143628258691388,2
TabDPT,no_text,REG_TEXT_FOOD_ALCOHOL_WIKILIQ_PRICES,0.1635368570882007,3
TabDPT,no_text,REG_TEXT_FOOD_ALCOHOL_WIKILIQ_PRICES,0.0753298920061766,4
TabDPT,text_only,REG_TEXT_FOOD_ALCOHOL_WIKILIQ_PRICES,0.1236788165787993,0
TabDPT,text_only,REG_TEXT_FOOD_ALCOHOL_WIKILIQ_PRICES,0.2415174399878538,1
TabDPT,text_only,REG_TEXT_FOOD_ALCOHOL_WIKILIQ_PRICES,0.1295306664464625,2
TabDPT,text_only,REG_TEXT_FOOD_ALCOHOL_WIKILIQ_PRICES,0.1318927250591467,3
TabDPT,text_only,REG_TEXT_FOOD_ALCOHOL_WIKILIQ_PRICES,0.1913441527423586,4
TabICLv2,all,REG_TEXT_FOOD_ALCOHOL_WIKILIQ_PRICES,0.3030193019706771,0
TabICLv2,all,REG_TEXT_FOOD_ALCOHOL_WIKILIQ_PRICES,0.4173809154172891,1
TabICLv2,all,REG_TEXT_FOOD_ALCOHOL_WIKILIQ_PRICES,0.4317362938906615,2
TabICLv2,all,REG_TEXT_FOOD_ALCOHOL_WIKILIQ_PRICES,0.3518569743843311,3
TabICLv2,all,REG_TEXT_FOOD_ALCOHOL_WIKILIQ_PRICES,0.2302158943169605,4
TabICLv2,ft,REG_TEXT_FOOD_ALCOHOL_WIKILIQ_PRICES,0.2615306242013743,0
TabICLv2,ft,REG_TEXT_FOOD_ALCOHOL_WIKILIQ_PRICES,0.444766708212532,1
TabICLv2,ft,REG_TEXT_FOOD_ALCOHOL_WIKILIQ_PRICES,0.2547101212448808,2
TabICLv2,ft,REG_TEXT_FOOD_ALCOHOL_WIKILIQ_PRICES,0.3157123184924895,3
TabICLv2,ft,REG_TEXT_FOOD_ALCOHOL_WIKILIQ_PRICES,0.3676284136239071,4
TabICLv2,no_text,REG_TEXT_FOOD_ALCOHOL_WIKILIQ_PRICES,-0.0147419429235857,0
TabICLv2,no_text,REG_TEXT_FOOD_ALCOHOL_WIKILIQ_PRICES,0.0691890374686077,1
TabICLv2,no_text,REG_TEXT_FOOD_ALCOHOL_WIKILIQ_PRICES,-0.0287147122767497,2
TabICLv2,no_text,REG_TEXT_FOOD_ALCOHOL_WIKILIQ_PRICES,0.2029166699102942,3
TabICLv2,no_text,REG_TEXT_FOOD_ALCOHOL_WIKILIQ_PRICES,0.1159730786716275,4
TabICLv2,text_only,REG_TEXT_FOOD_ALCOHOL_WIKILIQ_PRICES,0.2839600987867308,0
TabICLv2,text_only,REG_TEXT_FOOD_ALCOHOL_WIKILIQ_PRICES,-0.0325231475049758,1
TabICLv2,text_only,REG_TEXT_FOOD_ALCOHOL_WIKILIQ_PRICES,0.2895653932361253,2
TabICLv2,text_only,REG_TEXT_FOOD_ALCOHOL_WIKILIQ_PRICES,0.160608944162191,3
TabICLv2,text_only,REG_TEXT_FOOD_ALCOHOL_WIKILIQ_PRICES,0.1337200504164377,4
TabM,all,REG_TEXT_FOOD_ALCOHOL_WIKILIQ_PRICES,0.3537258303689841,0
TabM,all,REG_TEXT_FOOD_ALCOHOL_WIKILIQ_PRICES,0.1874809853167809,1
TabM,all,REG_TEXT_FOOD_ALCOHOL_WIKILIQ_PRICES,0.1431880522751308,2
TabM,all,REG_TEXT_FOOD_ALCOHOL_WIKILIQ_PRICES,0.2689509070367119,3
TabM,all,REG_TEXT_FOOD_ALCOHOL_WIKILIQ_PRICES,0.1066956881179208,4
TabM,ft,REG_TEXT_FOOD_ALCOHOL_WIKILIQ_PRICES,0.2772971560941301,0
TabM,ft,REG_TEXT_FOOD_ALCOHOL_WIKILIQ_PRICES,0.3594054620319616,1
TabM,ft,REG_TEXT_FOOD_ALCOHOL_WIKILIQ_PRICES,0.1911777015629644,2
TabM,ft,REG_TEXT_FOOD_ALCOHOL_WIKILIQ_PRICES,0.2357405281290463,3
TabM,ft,REG_TEXT_FOOD_ALCOHOL_WIKILIQ_PRICES,0.1104680113158861,4
TabM,no_text,REG_TEXT_FOOD_ALCOHOL_WIKILIQ_PRICES,0.0036488052466354,0
TabM,no_text,REG_TEXT_FOOD_ALCOHOL_WIKILIQ_PRICES,0.1919290719726167,1
TabM,no_text,REG_TEXT_FOOD_ALCOHOL_WIKILIQ_PRICES,-0.0032366600828266,2
TabM,no_text,REG_TEXT_FOOD_ALCOHOL_WIKILIQ_PRICES,0.3153660105528915,3
TabM,no_text,REG_TEXT_FOOD_ALCOHOL_WIKILIQ_PRICES,0.1787601652109746,4
TabM,text_only,REG_TEXT_FOOD_ALCOHOL_WIKILIQ_PRICES,0.2714244668045059,0
TabM,text_only,REG_TEXT_FOOD_ALCOHOL_WIKILIQ_PRICES,-0.0510994127007848,1
TabM,text_only,REG_TEXT_FOOD_ALCOHOL_WIKILIQ_PRICES,0.0936241524690221,2
TabM,text_only,REG_TEXT_FOOD_ALCOHOL_WIKILIQ_PRICES,0.3031485656340681,3
TabM,text_only,REG_TEXT_FOOD_ALCOHOL_WIKILIQ_PRICES,0.141389738535007,4
TabPFN-2.5,all,REG_TEXT_FOOD_ALCOHOL_WIKILIQ_PRICES,0.3892,0
TabPFN-2.5,all,REG_TEXT_FOOD_ALCOHOL_WIKILIQ_PRICES,0.5400722481800689,1
TabPFN-2.5,all,REG_TEXT_FOOD_ALCOHOL_WIKILIQ_PRICES,0.2919473999721049,2
TabPFN-2.5,all,REG_TEXT_FOOD_ALCOHOL_WIKILIQ_PRICES,0.3088875140784802,3
TabPFN-2.5,all,REG_TEXT_FOOD_ALCOHOL_WIKILIQ_PRICES,0.3622844833218201,4
TabPFN-2.5,ft,REG_TEXT_FOOD_ALCOHOL_WIKILIQ_PRICES,0.3116330786532536,0
TabPFN-2.5,ft,REG_TEXT_FOOD_ALCOHOL_WIKILIQ_PRICES,0.4659890639399625,1
TabPFN-2.5,ft,REG_TEXT_FOOD_ALCOHOL_WIKILIQ_PRICES,0.1286863358308777,2
TabPFN-2.5,ft,REG_TEXT_FOOD_ALCOHOL_WIKILIQ_PRICES,0.3612154360191462,3
TabPFN-2.5,ft,REG_TEXT_FOOD_ALCOHOL_WIKILIQ_PRICES,0.333811910688905,4
TabPFN-2.5,no_text,REG_TEXT_FOOD_ALCOHOL_WIKILIQ_PRICES,0.0026984412747687,0
TabPFN-2.5,no_text,REG_TEXT_FOOD_ALCOHOL_WIKILIQ_PRICES,0.2440275825193493,1
TabPFN-2.5,no_text,REG_TEXT_FOOD_ALCOHOL_WIKILIQ_PRICES,0.0081587016228156,2
TabPFN-2.5,no_text,REG_TEXT_FOOD_ALCOHOL_WIKILIQ_PRICES,0.2485917789785017,3
TabPFN-2.5,no_text,REG_TEXT_FOOD_ALCOHOL_WIKILIQ_PRICES,0.1308988289313096,4
TabPFN-2.5,text_only,REG_TEXT_FOOD_ALCOHOL_WIKILIQ_PRICES,0.3554530655893104,0
TabPFN-2.5,text_only,REG_TEXT_FOOD_ALCOHOL_WIKILIQ_PRICES,0.3946527013584235,1
TabPFN-2.5,text_only,REG_TEXT_FOOD_ALCOHOL_WIKILIQ_PRICES,0.2406116005058522,2
TabPFN-2.5,text_only,REG_TEXT_FOOD_ALCOHOL_WIKILIQ_PRICES,0.1521596868746785,3
TabPFN-2.5,text_only,REG_TEXT_FOOD_ALCOHOL_WIKILIQ_PRICES,0.2955563722181999,4
TabPFNv2,all,REG_TEXT_FOOD_ALCOHOL_WIKILIQ_PRICES,0.0226650278685902,0
TabPFNv2,all,REG_TEXT_FOOD_ALCOHOL_WIKILIQ_PRICES,0.1338277062375169,1
TabPFNv2,all,REG_TEXT_FOOD_ALCOHOL_WIKILIQ_PRICES,0.0332468693603655,2
TabPFNv2,all,REG_TEXT_FOOD_ALCOHOL_WIKILIQ_PRICES,0.0931883302455691,3
TabPFNv2,all,REG_TEXT_FOOD_ALCOHOL_WIKILIQ_PRICES,0.1067561273324332,4
TabPFNv2,ft,REG_TEXT_FOOD_ALCOHOL_WIKILIQ_PRICES,0.0419577444931003,0
TabPFNv2,ft,REG_TEXT_FOOD_ALCOHOL_WIKILIQ_PRICES,0.1470080270908618,1
TabPFNv2,ft,REG_TEXT_FOOD_ALCOHOL_WIKILIQ_PRICES,0.0731214648202946,2
TabPFNv2,ft,REG_TEXT_FOOD_ALCOHOL_WIKILIQ_PRICES,0.1220812611967828,3
TabPFNv2,ft,REG_TEXT_FOOD_ALCOHOL_WIKILIQ_PRICES,0.1109913261249979,4
TabPFNv2,no_text,REG_TEXT_FOOD_ALCOHOL_WIKILIQ_PRICES,0.0005238973109543,0
TabPFNv2,no_text,REG_TEXT_FOOD_ALCOHOL_WIKILIQ_PRICES,0.1058219893911006,1
TabPFNv2,no_text,REG_TEXT_FOOD_ALCOHOL_WIKILIQ_PRICES,0.0075997289443523,2
TabPFNv2,no_text,REG_TEXT_FOOD_ALCOHOL_WIKILIQ_PRICES,0.0777020583272994,3
TabPFNv2,no_text,REG_TEXT_FOOD_ALCOHOL_WIKILIQ_PRICES,0.0713442272014559,4
TabPFNv2,text_only,REG_TEXT_FOOD_ALCOHOL_WIKILIQ_PRICES,0.0189820008245309,0
TabPFNv2,text_only,REG_TEXT_FOOD_ALCOHOL_WIKILIQ_PRICES,0.0658368863265667,1
TabPFNv2,text_only,REG_TEXT_FOOD_ALCOHOL_WIKILIQ_PRICES,0.0288839148059518,2
TabPFNv2,text_only,REG_TEXT_FOOD_ALCOHOL_WIKILIQ_PRICES,0.0398820702363864,3
TabPFNv2,text_only,REG_TEXT_FOOD_ALCOHOL_WIKILIQ_PRICES,0.0598891138718984,4
XGBoost,all,REG_TEXT_FOOD_ALCOHOL_WIKILIQ_PRICES,0.4167944141363956,0
XGBoost,all,REG_TEXT_FOOD_ALCOHOL_WIKILIQ_PRICES,-0.4526015060329567,1
XGBoost,all,REG_TEXT_FOOD_ALCOHOL_WIKILIQ_PRICES,0.0747508632107698,2
XGBoost,all,REG_TEXT_FOOD_ALCOHOL_WIKILIQ_PRICES,0.4390423114617263,3
XGBoost,all,REG_TEXT_FOOD_ALCOHOL_WIKILIQ_PRICES,-0.3187718955823619,4
XGBoost,ft,REG_TEXT_FOOD_ALCOHOL_WIKILIQ_PRICES,0.3955338916640846,0
XGBoost,ft,REG_TEXT_FOOD_ALCOHOL_WIKILIQ_PRICES,-0.1073278671905146,1
XGBoost,ft,REG_TEXT_FOOD_ALCOHOL_WIKILIQ_PRICES,-0.0785616109388931,2
XGBoost,ft,REG_TEXT_FOOD_ALCOHOL_WIKILIQ_PRICES,0.2088466382042706,3
XGBoost,ft,REG_TEXT_FOOD_ALCOHOL_WIKILIQ_PRICES,0.2366633556189097,4
XGBoost,no_text,REG_TEXT_FOOD_ALCOHOL_WIKILIQ_PRICES,0.0029132790665122,0
XGBoost,no_text,REG_TEXT_FOOD_ALCOHOL_WIKILIQ_PRICES,-1.0121872541732215,1
XGBoost,no_text,REG_TEXT_FOOD_ALCOHOL_WIKILIQ_PRICES,-0.0054299626574392,2
XGBoost,no_text,REG_TEXT_FOOD_ALCOHOL_WIKILIQ_PRICES,0.1520248204936888,3
XGBoost,no_text,REG_TEXT_FOOD_ALCOHOL_WIKILIQ_PRICES,0.0901682005756715,4
XGBoost,text_only,REG_TEXT_FOOD_ALCOHOL_WIKILIQ_PRICES,0.449409512001887,0
XGBoost,text_only,REG_TEXT_FOOD_ALCOHOL_WIKILIQ_PRICES,-0.3830171753736102,1
XGBoost,text_only,REG_TEXT_FOOD_ALCOHOL_WIKILIQ_PRICES,-0.3364152032104375,2
XGBoost,text_only,REG_TEXT_FOOD_ALCOHOL_WIKILIQ_PRICES,0.0552644794694239,3
XGBoost,text_only,REG_TEXT_FOOD_ALCOHOL_WIKILIQ_PRICES,0.0148172245873623,4
CatBoost,all,REG_TEXT_FOOD_BEER_RATINGS,0.8988813362183268,0
CatBoost,all,REG_TEXT_FOOD_BEER_RATINGS,0.9416274470845964,1
CatBoost,all,REG_TEXT_FOOD_BEER_RATINGS,0.9450502030567368,2
CatBoost,all,REG_TEXT_FOOD_BEER_RATINGS,0.9022251336775362,3
CatBoost,all,REG_TEXT_FOOD_BEER_RATINGS,0.9262304137682612,4
CatBoost,ft,REG_TEXT_FOOD_BEER_RATINGS,0.898102281239978,0
CatBoost,ft,REG_TEXT_FOOD_BEER_RATINGS,0.9433235049503156,1
CatBoost,ft,REG_TEXT_FOOD_BEER_RATINGS,0.9431902312818652,2
CatBoost,ft,REG_TEXT_FOOD_BEER_RATINGS,0.9059451928069518,3
CatBoost,ft,REG_TEXT_FOOD_BEER_RATINGS,0.927638230663894,4
CatBoost,no_text,REG_TEXT_FOOD_BEER_RATINGS,0.8973713601318585,0
CatBoost,no_text,REG_TEXT_FOOD_BEER_RATINGS,0.937713278794593,1
CatBoost,no_text,REG_TEXT_FOOD_BEER_RATINGS,0.9431327562652264,2
CatBoost,no_text,REG_TEXT_FOOD_BEER_RATINGS,0.913522790960259,3
CatBoost,no_text,REG_TEXT_FOOD_BEER_RATINGS,0.931476735955926,4
CatBoost,text_only,REG_TEXT_FOOD_BEER_RATINGS,0.4886125049142659,0
CatBoost,text_only,REG_TEXT_FOOD_BEER_RATINGS,0.5538842101552753,1
CatBoost,text_only,REG_TEXT_FOOD_BEER_RATINGS,0.5068082810911793,2
CatBoost,text_only,REG_TEXT_FOOD_BEER_RATINGS,0.5443355491415014,3
CatBoost,text_only,REG_TEXT_FOOD_BEER_RATINGS,0.5634089556199362,4
LightGBM,all,REG_TEXT_FOOD_BEER_RATINGS,0.8997149560137977,0
LightGBM,all,REG_TEXT_FOOD_BEER_RATINGS,0.9416767531500644,1
LightGBM,all,REG_TEXT_FOOD_BEER_RATINGS,0.9345822663475264,2
LightGBM,all,REG_TEXT_FOOD_BEER_RATINGS,0.8986885735816723,3
LightGBM,all,REG_TEXT_FOOD_BEER_RATINGS,0.9260792331113696,4
LightGBM,ft,REG_TEXT_FOOD_BEER_RATINGS,0.9013554234610897,0
LightGBM,ft,REG_TEXT_FOOD_BEER_RATINGS,0.9414971711451884,1
LightGBM,ft,REG_TEXT_FOOD_BEER_RATINGS,0.9325583572633004,2
LightGBM,ft,REG_TEXT_FOOD_BEER_RATINGS,0.901929663482938,3
LightGBM,ft,REG_TEXT_FOOD_BEER_RATINGS,0.92684758490254,4
LightGBM,no_text,REG_TEXT_FOOD_BEER_RATINGS,0.904544487673986,0
LightGBM,no_text,REG_TEXT_FOOD_BEER_RATINGS,0.9435916370817192,1
LightGBM,no_text,REG_TEXT_FOOD_BEER_RATINGS,0.9365946284619814,2
LightGBM,no_text,REG_TEXT_FOOD_BEER_RATINGS,0.9070095693514566,3
LightGBM,no_text,REG_TEXT_FOOD_BEER_RATINGS,0.9277737502261032,4
LightGBM,text_only,REG_TEXT_FOOD_BEER_RATINGS,0.4788269227658805,0
LightGBM,text_only,REG_TEXT_FOOD_BEER_RATINGS,0.5396349880573788,1
LightGBM,text_only,REG_TEXT_FOOD_BEER_RATINGS,0.4958658655024467,2
LightGBM,text_only,REG_TEXT_FOOD_BEER_RATINGS,0.5423171058527227,3
LightGBM,text_only,REG_TEXT_FOOD_BEER_RATINGS,0.5459325467798823,4
RandomForest,all,REG_TEXT_FOOD_BEER_RATINGS,0.8888333173769059,0
RandomForest,all,REG_TEXT_FOOD_BEER_RATINGS,0.9441646192155222,1
RandomForest,all,REG_TEXT_FOOD_BEER_RATINGS,0.9301860739250274,2
RandomForest,all,REG_TEXT_FOOD_BEER_RATINGS,0.8939535365836332,3
RandomForest,all,REG_TEXT_FOOD_BEER_RATINGS,0.920566823667318,4
RandomForest,ft,REG_TEXT_FOOD_BEER_RATINGS,0.8889796823067687,0
RandomForest,ft,REG_TEXT_FOOD_BEER_RATINGS,0.942854707947702,1
RandomForest,ft,REG_TEXT_FOOD_BEER_RATINGS,0.9307446399743766,2
RandomForest,ft,REG_TEXT_FOOD_BEER_RATINGS,0.8952323871365069,3
RandomForest,ft,REG_TEXT_FOOD_BEER_RATINGS,0.9188808736403586,4
RandomForest,no_text,REG_TEXT_FOOD_BEER_RATINGS,0.8999848851132294,0
RandomForest,no_text,REG_TEXT_FOOD_BEER_RATINGS,0.9429494288854864,1
RandomForest,no_text,REG_TEXT_FOOD_BEER_RATINGS,0.9370640567465524,2
RandomForest,no_text,REG_TEXT_FOOD_BEER_RATINGS,0.8993587837431557,3
RandomForest,no_text,REG_TEXT_FOOD_BEER_RATINGS,0.9250075205106504,4
RandomForest,text_only,REG_TEXT_FOOD_BEER_RATINGS,0.4578866069519318,0
RandomForest,text_only,REG_TEXT_FOOD_BEER_RATINGS,0.534621353097874,1
RandomForest,text_only,REG_TEXT_FOOD_BEER_RATINGS,0.4902998557925912,2
RandomForest,text_only,REG_TEXT_FOOD_BEER_RATINGS,0.5483993274966659,3
RandomForest,text_only,REG_TEXT_FOOD_BEER_RATINGS,0.5021933068538582,4
RealMLP,all,REG_TEXT_FOOD_BEER_RATINGS,0.906236639758151,0
RealMLP,all,REG_TEXT_FOOD_BEER_RATINGS,0.9305940184115756,1
RealMLP,all,REG_TEXT_FOOD_BEER_RATINGS,0.9399189129515986,2
RealMLP,all,REG_TEXT_FOOD_BEER_RATINGS,0.8886509186003522,3
RealMLP,all,REG_TEXT_FOOD_BEER_RATINGS,0.9127533330126624,4
RealMLP,ft,REG_TEXT_FOOD_BEER_RATINGS,0.903480064324448,0
RealMLP,ft,REG_TEXT_FOOD_BEER_RATINGS,0.94457515721352,1
RealMLP,ft,REG_TEXT_FOOD_BEER_RATINGS,0.9329808048878164,2
RealMLP,ft,REG_TEXT_FOOD_BEER_RATINGS,0.8990085665461098,3
RealMLP,ft,REG_TEXT_FOOD_BEER_RATINGS,0.9238319084112228,4
RealMLP,no_text,REG_TEXT_FOOD_BEER_RATINGS,0.90707034543942,0
RealMLP,no_text,REG_TEXT_FOOD_BEER_RATINGS,0.942231954664698,1
RealMLP,no_text,REG_TEXT_FOOD_BEER_RATINGS,0.9295412286387044,2
RealMLP,no_text,REG_TEXT_FOOD_BEER_RATINGS,0.9065639702212394,3
RealMLP,no_text,REG_TEXT_FOOD_BEER_RATINGS,0.9229596055628344,4
RealMLP,text_only,REG_TEXT_FOOD_BEER_RATINGS,0.4145687541176769,0
RealMLP,text_only,REG_TEXT_FOOD_BEER_RATINGS,0.4726321497617919,1
RealMLP,text_only,REG_TEXT_FOOD_BEER_RATINGS,0.2771567032233653,2
RealMLP,text_only,REG_TEXT_FOOD_BEER_RATINGS,0.4723193790340261,3
RealMLP,text_only,REG_TEXT_FOOD_BEER_RATINGS,0.4693705995589701,4
TabDPT,all,REG_TEXT_FOOD_BEER_RATINGS,0.8625251038703767,0
TabDPT,all,REG_TEXT_FOOD_BEER_RATINGS,0.9084167236879696,1
TabDPT,all,REG_TEXT_FOOD_BEER_RATINGS,0.8877744743617503,2
TabDPT,all,REG_TEXT_FOOD_BEER_RATINGS,0.8588886584410074,3
TabDPT,all,REG_TEXT_FOOD_BEER_RATINGS,0.8809174382011463,4
TabDPT,ft,REG_TEXT_FOOD_BEER_RATINGS,0.8460401423733139,0
TabDPT,ft,REG_TEXT_FOOD_BEER_RATINGS,0.9116829103865404,1
TabDPT,ft,REG_TEXT_FOOD_BEER_RATINGS,0.858839193516026,2
TabDPT,ft,REG_TEXT_FOOD_BEER_RATINGS,0.8660676120161627,3
TabDPT,ft,REG_TEXT_FOOD_BEER_RATINGS,0.8676913221665916,4
TabDPT,no_text,REG_TEXT_FOOD_BEER_RATINGS,0.9173597518226134,0
TabDPT,no_text,REG_TEXT_FOOD_BEER_RATINGS,0.9457816408308456,1
TabDPT,no_text,REG_TEXT_FOOD_BEER_RATINGS,0.944601092814196,2
TabDPT,no_text,REG_TEXT_FOOD_BEER_RATINGS,0.905598218974266,3
TabDPT,no_text,REG_TEXT_FOOD_BEER_RATINGS,0.9339525758905688,4
TabDPT,text_only,REG_TEXT_FOOD_BEER_RATINGS,0.4759537464285166,0
TabDPT,text_only,REG_TEXT_FOOD_BEER_RATINGS,0.5251103625918616,1
TabDPT,text_only,REG_TEXT_FOOD_BEER_RATINGS,0.4811490487323525,2
TabDPT,text_only,REG_TEXT_FOOD_BEER_RATINGS,0.5476204659906987,3
TabDPT,text_only,REG_TEXT_FOOD_BEER_RATINGS,0.5818513137957215,4
TabICLv2,all,REG_TEXT_FOOD_BEER_RATINGS,0.9160236859296048,0
TabICLv2,all,REG_TEXT_FOOD_BEER_RATINGS,0.952715229968956,1
TabICLv2,all,REG_TEXT_FOOD_BEER_RATINGS,0.9491633864580374,2
TabICLv2,all,REG_TEXT_FOOD_BEER_RATINGS,0.911278765297668,3
TabICLv2,all,REG_TEXT_FOOD_BEER_RATINGS,0.9350427159320588,4
TabICLv2,ft,REG_TEXT_FOOD_BEER_RATINGS,0.9109755069753344,0
TabICLv2,ft,REG_TEXT_FOOD_BEER_RATINGS,0.9509729858619432,1
TabICLv2,ft,REG_TEXT_FOOD_BEER_RATINGS,0.945220030290364,2
TabICLv2,ft,REG_TEXT_FOOD_BEER_RATINGS,0.910702006733119,3
TabICLv2,ft,REG_TEXT_FOOD_BEER_RATINGS,0.9322574363245512,4
TabICLv2,no_text,REG_TEXT_FOOD_BEER_RATINGS,0.915973475874752,0
TabICLv2,no_text,REG_TEXT_FOOD_BEER_RATINGS,0.9530826355946316,1
TabICLv2,no_text,REG_TEXT_FOOD_BEER_RATINGS,0.9522173726782734,2
TabICLv2,no_text,REG_TEXT_FOOD_BEER_RATINGS,0.9175814094177714,3
TabICLv2,no_text,REG_TEXT_FOOD_BEER_RATINGS,0.937931376359633,4
TabICLv2,text_only,REG_TEXT_FOOD_BEER_RATINGS,0.5046022544262465,0
TabICLv2,text_only,REG_TEXT_FOOD_BEER_RATINGS,0.5670536726654783,1
TabICLv2,text_only,REG_TEXT_FOOD_BEER_RATINGS,0.5241973314904471,2
TabICLv2,text_only,REG_TEXT_FOOD_BEER_RATINGS,0.5714845597217539,3
TabICLv2,text_only,REG_TEXT_FOOD_BEER_RATINGS,0.5787343780963812,4
TabM,all,REG_TEXT_FOOD_BEER_RATINGS,0.9054636465334576,0
TabM,all,REG_TEXT_FOOD_BEER_RATINGS,0.9351797554303208,1
TabM,all,REG_TEXT_FOOD_BEER_RATINGS,0.937586618374182,2
TabM,all,REG_TEXT_FOOD_BEER_RATINGS,0.8999302790323775,3
TabM,all,REG_TEXT_FOOD_BEER_RATINGS,0.9246810168015396,4
TabM,ft,REG_TEXT_FOOD_BEER_RATINGS,0.9039277324791316,0
TabM,ft,REG_TEXT_FOOD_BEER_RATINGS,0.9366841354506518,1
TabM,ft,REG_TEXT_FOOD_BEER_RATINGS,0.9362901188331322,2
TabM,ft,REG_TEXT_FOOD_BEER_RATINGS,0.9082504468395672,3
TabM,ft,REG_TEXT_FOOD_BEER_RATINGS,0.929799185676516,4
TabM,no_text,REG_TEXT_FOOD_BEER_RATINGS,0.9163390224860488,0
TabM,no_text,REG_TEXT_FOOD_BEER_RATINGS,0.909304142797946,1
TabM,no_text,REG_TEXT_FOOD_BEER_RATINGS,0.9474797638092608,2
TabM,no_text,REG_TEXT_FOOD_BEER_RATINGS,0.9194882237255988,3
TabM,no_text,REG_TEXT_FOOD_BEER_RATINGS,0.931361217663229,4
TabM,text_only,REG_TEXT_FOOD_BEER_RATINGS,0.4352917268690565,0
TabM,text_only,REG_TEXT_FOOD_BEER_RATINGS,0.5130753719614085,1
TabM,text_only,REG_TEXT_FOOD_BEER_RATINGS,0.44857080853836,2
TabM,text_only,REG_TEXT_FOOD_BEER_RATINGS,0.5116950814189265,3
TabM,text_only,REG_TEXT_FOOD_BEER_RATINGS,0.5524450078892503,4
TabPFN-2.5,all,REG_TEXT_FOOD_BEER_RATINGS,0.9226382926433876,0
TabPFN-2.5,all,REG_TEXT_FOOD_BEER_RATINGS,0.9540508032688496,1
TabPFN-2.5,all,REG_TEXT_FOOD_BEER_RATINGS,0.9506858399661664,2
TabPFN-2.5,all,REG_TEXT_FOOD_BEER_RATINGS,0.9181444576508764,3
TabPFN-2.5,all,REG_TEXT_FOOD_BEER_RATINGS,0.9282208433451996,4
TabPFN-2.5,ft,REG_TEXT_FOOD_BEER_RATINGS,0.9205130216521172,0
TabPFN-2.5,ft,REG_TEXT_FOOD_BEER_RATINGS,0.953968613780871,1
TabPFN-2.5,ft,REG_TEXT_FOOD_BEER_RATINGS,0.9496174761419696,2
TabPFN-2.5,ft,REG_TEXT_FOOD_BEER_RATINGS,0.9202101704122284,3
TabPFN-2.5,ft,REG_TEXT_FOOD_BEER_RATINGS,0.9308889299312156,4
TabPFN-2.5,no_text,REG_TEXT_FOOD_BEER_RATINGS,0.9195808415800631,0
TabPFN-2.5,no_text,REG_TEXT_FOOD_BEER_RATINGS,0.9540476191918388,1
TabPFN-2.5,no_text,REG_TEXT_FOOD_BEER_RATINGS,0.9534672118903073,2
TabPFN-2.5,no_text,REG_TEXT_FOOD_BEER_RATINGS,0.9178313461521902,3
TabPFN-2.5,no_text,REG_TEXT_FOOD_BEER_RATINGS,0.927042700439251,4
TabPFN-2.5,text_only,REG_TEXT_FOOD_BEER_RATINGS,0.4858561688142268,0
TabPFN-2.5,text_only,REG_TEXT_FOOD_BEER_RATINGS,0.5623922375885515,1
TabPFN-2.5,text_only,REG_TEXT_FOOD_BEER_RATINGS,0.500134488577935,2
TabPFN-2.5,text_only,REG_TEXT_FOOD_BEER_RATINGS,0.5725989158782017,3
TabPFN-2.5,text_only,REG_TEXT_FOOD_BEER_RATINGS,0.5712467884442658,4
TabPFNv2,all,REG_TEXT_FOOD_BEER_RATINGS,0.9149933833492208,0
TabPFNv2,all,REG_TEXT_FOOD_BEER_RATINGS,0.954895241108807,1
TabPFNv2,all,REG_TEXT_FOOD_BEER_RATINGS,0.9524550765723422,2
TabPFNv2,all,REG_TEXT_FOOD_BEER_RATINGS,0.9127292582522222,3
TabPFNv2,all,REG_TEXT_FOOD_BEER_RATINGS,0.9338047112747444,4
TabPFNv2,ft,REG_TEXT_FOOD_BEER_RATINGS,0.912629068614914,0
TabPFNv2,ft,REG_TEXT_FOOD_BEER_RATINGS,0.9554580413037792,1
TabPFNv2,ft,REG_TEXT_FOOD_BEER_RATINGS,0.9521534778820078,2
TabPFNv2,ft,REG_TEXT_FOOD_BEER_RATINGS,0.912598157728854,3
TabPFNv2,ft,REG_TEXT_FOOD_BEER_RATINGS,0.9362825059661904,4
TabPFNv2,no_text,REG_TEXT_FOOD_BEER_RATINGS,0.9156593979786504,0
TabPFNv2,no_text,REG_TEXT_FOOD_BEER_RATINGS,0.9543263318987022,1
TabPFNv2,no_text,REG_TEXT_FOOD_BEER_RATINGS,0.9551499965408397,2
TabPFNv2,no_text,REG_TEXT_FOOD_BEER_RATINGS,0.9212113869667716,3
TabPFNv2,no_text,REG_TEXT_FOOD_BEER_RATINGS,0.9366493011639858,4
TabPFNv2,text_only,REG_TEXT_FOOD_BEER_RATINGS,0.4710717470165921,0
TabPFNv2,text_only,REG_TEXT_FOOD_BEER_RATINGS,0.5609759948724469,1
TabPFNv2,text_only,REG_TEXT_FOOD_BEER_RATINGS,0.4811616190863089,2
TabPFNv2,text_only,REG_TEXT_FOOD_BEER_RATINGS,0.5552030750582534,3
TabPFNv2,text_only,REG_TEXT_FOOD_BEER_RATINGS,0.5631588531989531,4
XGBoost,all,REG_TEXT_FOOD_BEER_RATINGS,0.891342435185697,0
XGBoost,all,REG_TEXT_FOOD_BEER_RATINGS,0.9335821286472546,1
XGBoost,all,REG_TEXT_FOOD_BEER_RATINGS,0.9324891272203696,2
XGBoost,all,REG_TEXT_FOOD_BEER_RATINGS,0.8838089947540273,3
XGBoost,all,REG_TEXT_FOOD_BEER_RATINGS,0.9147493935573372,4
XGBoost,ft,REG_TEXT_FOOD_BEER_RATINGS,0.8957698157499071,0
XGBoost,ft,REG_TEXT_FOOD_BEER_RATINGS,0.943282992920214,1
XGBoost,ft,REG_TEXT_FOOD_BEER_RATINGS,0.9214611749007308,2
XGBoost,ft,REG_TEXT_FOOD_BEER_RATINGS,0.88928455029321,3
XGBoost,ft,REG_TEXT_FOOD_BEER_RATINGS,0.9272947418655058,4
XGBoost,no_text,REG_TEXT_FOOD_BEER_RATINGS,0.9021866190359444,0
XGBoost,no_text,REG_TEXT_FOOD_BEER_RATINGS,0.9338962642375114,1
XGBoost,no_text,REG_TEXT_FOOD_BEER_RATINGS,0.9342366309932846,2
XGBoost,no_text,REG_TEXT_FOOD_BEER_RATINGS,0.8938782492372386,3
XGBoost,no_text,REG_TEXT_FOOD_BEER_RATINGS,0.9203487629961896,4
XGBoost,text_only,REG_TEXT_FOOD_BEER_RATINGS,0.4539654299165264,0
XGBoost,text_only,REG_TEXT_FOOD_BEER_RATINGS,0.4389249912910622,1
XGBoost,text_only,REG_TEXT_FOOD_BEER_RATINGS,0.4402340639110855,2
XGBoost,text_only,REG_TEXT_FOOD_BEER_RATINGS,0.528768491595524,3
XGBoost,text_only,REG_TEXT_FOOD_BEER_RATINGS,0.491019932167352,4
CatBoost,all,REG_TEXT_FOOD_CHOCOLATE_BAR_RATINGS,0.2255043147595321,0
CatBoost,all,REG_TEXT_FOOD_CHOCOLATE_BAR_RATINGS,0.2885708071616478,1
CatBoost,all,REG_TEXT_FOOD_CHOCOLATE_BAR_RATINGS,0.1988297524880173,2
CatBoost,all,REG_TEXT_FOOD_CHOCOLATE_BAR_RATINGS,0.219741352879193,3
CatBoost,all,REG_TEXT_FOOD_CHOCOLATE_BAR_RATINGS,0.3300782548750121,4
CatBoost,ft,REG_TEXT_FOOD_CHOCOLATE_BAR_RATINGS,0.2873081392625211,0
CatBoost,ft,REG_TEXT_FOOD_CHOCOLATE_BAR_RATINGS,0.2924843543429918,1
CatBoost,ft,REG_TEXT_FOOD_CHOCOLATE_BAR_RATINGS,0.1972954440413853,2
CatBoost,ft,REG_TEXT_FOOD_CHOCOLATE_BAR_RATINGS,0.2202133938614455,3
CatBoost,ft,REG_TEXT_FOOD_CHOCOLATE_BAR_RATINGS,0.2806718889204829,4
CatBoost,no_text,REG_TEXT_FOOD_CHOCOLATE_BAR_RATINGS,0.113531534403776,0
CatBoost,no_text,REG_TEXT_FOOD_CHOCOLATE_BAR_RATINGS,0.1842660425428426,1
CatBoost,no_text,REG_TEXT_FOOD_CHOCOLATE_BAR_RATINGS,0.1006803185186728,2
CatBoost,no_text,REG_TEXT_FOOD_CHOCOLATE_BAR_RATINGS,0.1460265809111083,3
CatBoost,no_text,REG_TEXT_FOOD_CHOCOLATE_BAR_RATINGS,0.191889879309245,4
CatBoost,text_only,REG_TEXT_FOOD_CHOCOLATE_BAR_RATINGS,0.1532820149274814,0
CatBoost,text_only,REG_TEXT_FOOD_CHOCOLATE_BAR_RATINGS,0.110235382951928,1
CatBoost,text_only,REG_TEXT_FOOD_CHOCOLATE_BAR_RATINGS,0.1349843816114768,2
CatBoost,text_only,REG_TEXT_FOOD_CHOCOLATE_BAR_RATINGS,0.1092960539419279,3
CatBoost,text_only,REG_TEXT_FOOD_CHOCOLATE_BAR_RATINGS,0.1243076234995641,4
LightGBM,all,REG_TEXT_FOOD_CHOCOLATE_BAR_RATINGS,0.2648727467928709,0
LightGBM,all,REG_TEXT_FOOD_CHOCOLATE_BAR_RATINGS,0.2217912640844896,1
LightGBM,all,REG_TEXT_FOOD_CHOCOLATE_BAR_RATINGS,0.1073260764302332,2
LightGBM,all,REG_TEXT_FOOD_CHOCOLATE_BAR_RATINGS,0.1890701744701163,3
LightGBM,all,REG_TEXT_FOOD_CHOCOLATE_BAR_RATINGS,0.2480918705360747,4
LightGBM,ft,REG_TEXT_FOOD_CHOCOLATE_BAR_RATINGS,0.2582455698491858,0
LightGBM,ft,REG_TEXT_FOOD_CHOCOLATE_BAR_RATINGS,0.2610865140799341,1
LightGBM,ft,REG_TEXT_FOOD_CHOCOLATE_BAR_RATINGS,0.1363806529483523,2
LightGBM,ft,REG_TEXT_FOOD_CHOCOLATE_BAR_RATINGS,0.1060830916432328,3
LightGBM,ft,REG_TEXT_FOOD_CHOCOLATE_BAR_RATINGS,0.269557297960547,4
LightGBM,no_text,REG_TEXT_FOOD_CHOCOLATE_BAR_RATINGS,0.2189434609286615,0
LightGBM,no_text,REG_TEXT_FOOD_CHOCOLATE_BAR_RATINGS,0.2375532221251571,1
LightGBM,no_text,REG_TEXT_FOOD_CHOCOLATE_BAR_RATINGS,0.0950504882885843,2
LightGBM,no_text,REG_TEXT_FOOD_CHOCOLATE_BAR_RATINGS,0.1044146252636859,3
LightGBM,no_text,REG_TEXT_FOOD_CHOCOLATE_BAR_RATINGS,0.2372814476731631,4
LightGBM,text_only,REG_TEXT_FOOD_CHOCOLATE_BAR_RATINGS,0.1561592138154831,0
LightGBM,text_only,REG_TEXT_FOOD_CHOCOLATE_BAR_RATINGS,0.0877027004134777,1
LightGBM,text_only,REG_TEXT_FOOD_CHOCOLATE_BAR_RATINGS,0.0332659912451864,2
LightGBM,text_only,REG_TEXT_FOOD_CHOCOLATE_BAR_RATINGS,0.0596125066743992,3
LightGBM,text_only,REG_TEXT_FOOD_CHOCOLATE_BAR_RATINGS,0.1374694957150123,4
RandomForest,all,REG_TEXT_FOOD_CHOCOLATE_BAR_RATINGS,0.2163976378143135,0
RandomForest,all,REG_TEXT_FOOD_CHOCOLATE_BAR_RATINGS,0.2369692623839137,1
RandomForest,all,REG_TEXT_FOOD_CHOCOLATE_BAR_RATINGS,0.1713576742669638,2
RandomForest,all,REG_TEXT_FOOD_CHOCOLATE_BAR_RATINGS,0.2098306487734588,3
RandomForest,all,REG_TEXT_FOOD_CHOCOLATE_BAR_RATINGS,0.3396084727564104,4
RandomForest,ft,REG_TEXT_FOOD_CHOCOLATE_BAR_RATINGS,0.194755343326886,0
RandomForest,ft,REG_TEXT_FOOD_CHOCOLATE_BAR_RATINGS,0.3134635068442902,1
RandomForest,ft,REG_TEXT_FOOD_CHOCOLATE_BAR_RATINGS,0.1505065952210676,2
RandomForest,ft,REG_TEXT_FOOD_CHOCOLATE_BAR_RATINGS,0.2124010876547281,3
RandomForest,ft,REG_TEXT_FOOD_CHOCOLATE_BAR_RATINGS,0.3126550600961538,4
RandomForest,no_text,REG_TEXT_FOOD_CHOCOLATE_BAR_RATINGS,0.2116469689479259,0
RandomForest,no_text,REG_TEXT_FOOD_CHOCOLATE_BAR_RATINGS,0.1423554407485766,1
RandomForest,no_text,REG_TEXT_FOOD_CHOCOLATE_BAR_RATINGS,-0.0164569084277224,2
RandomForest,no_text,REG_TEXT_FOOD_CHOCOLATE_BAR_RATINGS,0.1545023426453209,3
RandomForest,no_text,REG_TEXT_FOOD_CHOCOLATE_BAR_RATINGS,0.1869055979495778,4
RandomForest,text_only,REG_TEXT_FOOD_CHOCOLATE_BAR_RATINGS,0.1694337272636424,0
RandomForest,text_only,REG_TEXT_FOOD_CHOCOLATE_BAR_RATINGS,0.1200819201812764,1
RandomForest,text_only,REG_TEXT_FOOD_CHOCOLATE_BAR_RATINGS,0.1199483085377904,2
RandomForest,text_only,REG_TEXT_FOOD_CHOCOLATE_BAR_RATINGS,0.0710939283308873,3
RandomForest,text_only,REG_TEXT_FOOD_CHOCOLATE_BAR_RATINGS,0.1795586489411322,4
RealMLP,all,REG_TEXT_FOOD_CHOCOLATE_BAR_RATINGS,0.2601544706812717,0
RealMLP,all,REG_TEXT_FOOD_CHOCOLATE_BAR_RATINGS,0.1457311747431686,1
RealMLP,all,REG_TEXT_FOOD_CHOCOLATE_BAR_RATINGS,0.1272817475200872,2
RealMLP,all,REG_TEXT_FOOD_CHOCOLATE_BAR_RATINGS,0.102665525535571,3
RealMLP,all,REG_TEXT_FOOD_CHOCOLATE_BAR_RATINGS,0.0875342315116071,4
RealMLP,ft,REG_TEXT_FOOD_CHOCOLATE_BAR_RATINGS,0.120758797305887,0
RealMLP,ft,REG_TEXT_FOOD_CHOCOLATE_BAR_RATINGS,0.1294169218511656,1
RealMLP,ft,REG_TEXT_FOOD_CHOCOLATE_BAR_RATINGS,-0.0659690042768947,2
RealMLP,ft,REG_TEXT_FOOD_CHOCOLATE_BAR_RATINGS,0.1438283356861938,3
RealMLP,ft,REG_TEXT_FOOD_CHOCOLATE_BAR_RATINGS,0.2139709052226831,4
RealMLP,no_text,REG_TEXT_FOOD_CHOCOLATE_BAR_RATINGS,0.1920216702964338,0
RealMLP,no_text,REG_TEXT_FOOD_CHOCOLATE_BAR_RATINGS,0.2099633353133349,1
RealMLP,no_text,REG_TEXT_FOOD_CHOCOLATE_BAR_RATINGS,0.096474052067644,2
RealMLP,no_text,REG_TEXT_FOOD_CHOCOLATE_BAR_RATINGS,0.1745661723004006,3
RealMLP,no_text,REG_TEXT_FOOD_CHOCOLATE_BAR_RATINGS,0.1759987183632286,4
RealMLP,text_only,REG_TEXT_FOOD_CHOCOLATE_BAR_RATINGS,0.1359365736365743,0
RealMLP,text_only,REG_TEXT_FOOD_CHOCOLATE_BAR_RATINGS,0.1299118884990625,1
RealMLP,text_only,REG_TEXT_FOOD_CHOCOLATE_BAR_RATINGS,-0.2186529628240301,2
RealMLP,text_only,REG_TEXT_FOOD_CHOCOLATE_BAR_RATINGS,-0.0083750121324268,3
RealMLP,text_only,REG_TEXT_FOOD_CHOCOLATE_BAR_RATINGS,0.0551449484778077,4
TabDPT,all,REG_TEXT_FOOD_CHOCOLATE_BAR_RATINGS,0.2762450219892055,0
TabDPT,all,REG_TEXT_FOOD_CHOCOLATE_BAR_RATINGS,0.3089766020822329,1
TabDPT,all,REG_TEXT_FOOD_CHOCOLATE_BAR_RATINGS,0.2505054542570851,2
TabDPT,all,REG_TEXT_FOOD_CHOCOLATE_BAR_RATINGS,0.2061541440964321,3
TabDPT,all,REG_TEXT_FOOD_CHOCOLATE_BAR_RATINGS,0.2688215013010491,4
TabDPT,ft,REG_TEXT_FOOD_CHOCOLATE_BAR_RATINGS,0.2727629837101941,0
TabDPT,ft,REG_TEXT_FOOD_CHOCOLATE_BAR_RATINGS,0.2899360602814225,1
TabDPT,ft,REG_TEXT_FOOD_CHOCOLATE_BAR_RATINGS,0.2454885985159364,2
TabDPT,ft,REG_TEXT_FOOD_CHOCOLATE_BAR_RATINGS,0.2109220133436694,3
TabDPT,ft,REG_TEXT_FOOD_CHOCOLATE_BAR_RATINGS,0.2720908145451679,4
TabDPT,no_text,REG_TEXT_FOOD_CHOCOLATE_BAR_RATINGS,0.2092369740495357,0
TabDPT,no_text,REG_TEXT_FOOD_CHOCOLATE_BAR_RATINGS,0.2551344646430943,1
TabDPT,no_text,REG_TEXT_FOOD_CHOCOLATE_BAR_RATINGS,0.1301629466213408,2
TabDPT,no_text,REG_TEXT_FOOD_CHOCOLATE_BAR_RATINGS,0.2312590967378625,3
TabDPT,no_text,REG_TEXT_FOOD_CHOCOLATE_BAR_RATINGS,0.2108135353461153,4
TabDPT,text_only,REG_TEXT_FOOD_CHOCOLATE_BAR_RATINGS,0.1985365000033833,0
TabDPT,text_only,REG_TEXT_FOOD_CHOCOLATE_BAR_RATINGS,0.1667276239257548,1
TabDPT,text_only,REG_TEXT_FOOD_CHOCOLATE_BAR_RATINGS,0.1712482400479908,2
TabDPT,text_only,REG_TEXT_FOOD_CHOCOLATE_BAR_RATINGS,0.0979788921508265,3
TabDPT,text_only,REG_TEXT_FOOD_CHOCOLATE_BAR_RATINGS,0.121434626652862,4
TabICLv2,all,REG_TEXT_FOOD_CHOCOLATE_BAR_RATINGS,0.325110241046131,0
TabICLv2,all,REG_TEXT_FOOD_CHOCOLATE_BAR_RATINGS,0.3709890987910892,1
TabICLv2,all,REG_TEXT_FOOD_CHOCOLATE_BAR_RATINGS,0.2925655101132712,2
TabICLv2,all,REG_TEXT_FOOD_CHOCOLATE_BAR_RATINGS,0.2988639580360063,3
TabICLv2,all,REG_TEXT_FOOD_CHOCOLATE_BAR_RATINGS,0.3740216759756525,4
TabICLv2,ft,REG_TEXT_FOOD_CHOCOLATE_BAR_RATINGS,0.3331991034658862,0
TabICLv2,ft,REG_TEXT_FOOD_CHOCOLATE_BAR_RATINGS,0.3438743037686093,1
TabICLv2,ft,REG_TEXT_FOOD_CHOCOLATE_BAR_RATINGS,0.2772531535521022,2
TabICLv2,ft,REG_TEXT_FOOD_CHOCOLATE_BAR_RATINGS,0.2870481003574405,3
TabICLv2,ft,REG_TEXT_FOOD_CHOCOLATE_BAR_RATINGS,0.3567979204087085,4
TabICLv2,no_text,REG_TEXT_FOOD_CHOCOLATE_BAR_RATINGS,0.2162597210566638,0
TabICLv2,no_text,REG_TEXT_FOOD_CHOCOLATE_BAR_RATINGS,0.2494832257332687,1
TabICLv2,no_text,REG_TEXT_FOOD_CHOCOLATE_BAR_RATINGS,0.1241834278336251,2
TabICLv2,no_text,REG_TEXT_FOOD_CHOCOLATE_BAR_RATINGS,0.2170132838010493,3
TabICLv2,no_text,REG_TEXT_FOOD_CHOCOLATE_BAR_RATINGS,0.2469519123186826,4
TabICLv2,text_only,REG_TEXT_FOOD_CHOCOLATE_BAR_RATINGS,0.2168869099175119,0
TabICLv2,text_only,REG_TEXT_FOOD_CHOCOLATE_BAR_RATINGS,0.2005274987972929,1
TabICLv2,text_only,REG_TEXT_FOOD_CHOCOLATE_BAR_RATINGS,0.2148647161220683,2
TabICLv2,text_only,REG_TEXT_FOOD_CHOCOLATE_BAR_RATINGS,0.1064567363843095,3
TabICLv2,text_only,REG_TEXT_FOOD_CHOCOLATE_BAR_RATINGS,0.1626031694955907,4
TabM,all,REG_TEXT_FOOD_CHOCOLATE_BAR_RATINGS,0.2639227694174018,0
TabM,all,REG_TEXT_FOOD_CHOCOLATE_BAR_RATINGS,0.2966126609837243,1
TabM,all,REG_TEXT_FOOD_CHOCOLATE_BAR_RATINGS,0.1896718695477424,2
TabM,all,REG_TEXT_FOOD_CHOCOLATE_BAR_RATINGS,0.1755478070232036,3
TabM,all,REG_TEXT_FOOD_CHOCOLATE_BAR_RATINGS,0.246084332017258,4
TabM,ft,REG_TEXT_FOOD_CHOCOLATE_BAR_RATINGS,0.2677545030571034,0
TabM,ft,REG_TEXT_FOOD_CHOCOLATE_BAR_RATINGS,0.3059748626478817,1
TabM,ft,REG_TEXT_FOOD_CHOCOLATE_BAR_RATINGS,0.1977249548189076,2
TabM,ft,REG_TEXT_FOOD_CHOCOLATE_BAR_RATINGS,0.1678565316453055,3
TabM,ft,REG_TEXT_FOOD_CHOCOLATE_BAR_RATINGS,0.2522276924759454,4
TabM,no_text,REG_TEXT_FOOD_CHOCOLATE_BAR_RATINGS,0.2498210274034464,0
TabM,no_text,REG_TEXT_FOOD_CHOCOLATE_BAR_RATINGS,0.2942932994724077,1
TabM,no_text,REG_TEXT_FOOD_CHOCOLATE_BAR_RATINGS,0.1000024340143852,2
TabM,no_text,REG_TEXT_FOOD_CHOCOLATE_BAR_RATINGS,0.1086278442806666,3
TabM,no_text,REG_TEXT_FOOD_CHOCOLATE_BAR_RATINGS,0.2371517328029961,4
TabM,text_only,REG_TEXT_FOOD_CHOCOLATE_BAR_RATINGS,0.209238493604882,0
TabM,text_only,REG_TEXT_FOOD_CHOCOLATE_BAR_RATINGS,0.1415564002037417,1
TabM,text_only,REG_TEXT_FOOD_CHOCOLATE_BAR_RATINGS,0.1102422817683669,2
TabM,text_only,REG_TEXT_FOOD_CHOCOLATE_BAR_RATINGS,0.045659856834569,3
TabM,text_only,REG_TEXT_FOOD_CHOCOLATE_BAR_RATINGS,0.0895598450018957,4
TabPFN-2.5,all,REG_TEXT_FOOD_CHOCOLATE_BAR_RATINGS,0.3250901713345917,0
TabPFN-2.5,all,REG_TEXT_FOOD_CHOCOLATE_BAR_RATINGS,0.3640656861281649,1
TabPFN-2.5,all,REG_TEXT_FOOD_CHOCOLATE_BAR_RATINGS,0.257111137529048,2
TabPFN-2.5,all,REG_TEXT_FOOD_CHOCOLATE_BAR_RATINGS,0.2627787792019775,3
TabPFN-2.5,all,REG_TEXT_FOOD_CHOCOLATE_BAR_RATINGS,0.3672110815196816,4
TabPFN-2.5,ft,REG_TEXT_FOOD_CHOCOLATE_BAR_RATINGS,0.3282028361186623,0
TabPFN-2.5,ft,REG_TEXT_FOOD_CHOCOLATE_BAR_RATINGS,0.3633553517201187,1
TabPFN-2.5,ft,REG_TEXT_FOOD_CHOCOLATE_BAR_RATINGS,0.2270061993099724,2
TabPFN-2.5,ft,REG_TEXT_FOOD_CHOCOLATE_BAR_RATINGS,0.2650946290390606,3
TabPFN-2.5,ft,REG_TEXT_FOOD_CHOCOLATE_BAR_RATINGS,0.3725347188834282,4
TabPFN-2.5,no_text,REG_TEXT_FOOD_CHOCOLATE_BAR_RATINGS,0.1802261023817172,0
TabPFN-2.5,no_text,REG_TEXT_FOOD_CHOCOLATE_BAR_RATINGS,0.2024745116547455,1
TabPFN-2.5,no_text,REG_TEXT_FOOD_CHOCOLATE_BAR_RATINGS,0.0498792532145879,2
TabPFN-2.5,no_text,REG_TEXT_FOOD_CHOCOLATE_BAR_RATINGS,0.2006081628922366,3
TabPFN-2.5,no_text,REG_TEXT_FOOD_CHOCOLATE_BAR_RATINGS,0.2278186760720145,4
TabPFN-2.5,text_only,REG_TEXT_FOOD_CHOCOLATE_BAR_RATINGS,0.2059443826176487,0
TabPFN-2.5,text_only,REG_TEXT_FOOD_CHOCOLATE_BAR_RATINGS,0.2064430779075184,1
TabPFN-2.5,text_only,REG_TEXT_FOOD_CHOCOLATE_BAR_RATINGS,0.1914873346638664,2
TabPFN-2.5,text_only,REG_TEXT_FOOD_CHOCOLATE_BAR_RATINGS,0.0998601025325141,3
TabPFN-2.5,text_only,REG_TEXT_FOOD_CHOCOLATE_BAR_RATINGS,0.15280772872453,4
TabPFNv2,all,REG_TEXT_FOOD_CHOCOLATE_BAR_RATINGS,0.259654387475048,0
TabPFNv2,all,REG_TEXT_FOOD_CHOCOLATE_BAR_RATINGS,0.3250493020287633,1
TabPFNv2,all,REG_TEXT_FOOD_CHOCOLATE_BAR_RATINGS,0.2870550177897002,2
TabPFNv2,all,REG_TEXT_FOOD_CHOCOLATE_BAR_RATINGS,0.2504609673222397,3
TabPFNv2,all,REG_TEXT_FOOD_CHOCOLATE_BAR_RATINGS,0.3426522270066917,4
TabPFNv2,ft,REG_TEXT_FOOD_CHOCOLATE_BAR_RATINGS,0.2638765997340221,0
TabPFNv2,ft,REG_TEXT_FOOD_CHOCOLATE_BAR_RATINGS,0.299354032315719,1
TabPFNv2,ft,REG_TEXT_FOOD_CHOCOLATE_BAR_RATINGS,0.2411540348373313,2
TabPFNv2,ft,REG_TEXT_FOOD_CHOCOLATE_BAR_RATINGS,0.2159173867127519,3
TabPFNv2,ft,REG_TEXT_FOOD_CHOCOLATE_BAR_RATINGS,0.2748000257646749,4
TabPFNv2,no_text,REG_TEXT_FOOD_CHOCOLATE_BAR_RATINGS,0.1257274924021385,0
TabPFNv2,no_text,REG_TEXT_FOOD_CHOCOLATE_BAR_RATINGS,0.1864857672534372,1
TabPFNv2,no_text,REG_TEXT_FOOD_CHOCOLATE_BAR_RATINGS,0.004188935170974,2
TabPFNv2,no_text,REG_TEXT_FOOD_CHOCOLATE_BAR_RATINGS,0.1791274667569251,3
TabPFNv2,no_text,REG_TEXT_FOOD_CHOCOLATE_BAR_RATINGS,0.1731423232852148,4
TabPFNv2,text_only,REG_TEXT_FOOD_CHOCOLATE_BAR_RATINGS,0.1681734485464731,0
TabPFNv2,text_only,REG_TEXT_FOOD_CHOCOLATE_BAR_RATINGS,0.1756352218931683,1
TabPFNv2,text_only,REG_TEXT_FOOD_CHOCOLATE_BAR_RATINGS,0.1876172123500525,2
TabPFNv2,text_only,REG_TEXT_FOOD_CHOCOLATE_BAR_RATINGS,0.0862881505342707,3
TabPFNv2,text_only,REG_TEXT_FOOD_CHOCOLATE_BAR_RATINGS,0.1481999417152625,4
XGBoost,all,REG_TEXT_FOOD_CHOCOLATE_BAR_RATINGS,0.2491051339514491,0
XGBoost,all,REG_TEXT_FOOD_CHOCOLATE_BAR_RATINGS,0.2103625210788112,1
XGBoost,all,REG_TEXT_FOOD_CHOCOLATE_BAR_RATINGS,0.1249867227604589,2
XGBoost,all,REG_TEXT_FOOD_CHOCOLATE_BAR_RATINGS,0.1520326427408098,3
XGBoost,all,REG_TEXT_FOOD_CHOCOLATE_BAR_RATINGS,0.2740947495770758,4
XGBoost,ft,REG_TEXT_FOOD_CHOCOLATE_BAR_RATINGS,0.1444452906620573,0
XGBoost,ft,REG_TEXT_FOOD_CHOCOLATE_BAR_RATINGS,0.3021493387449155,1
XGBoost,ft,REG_TEXT_FOOD_CHOCOLATE_BAR_RATINGS,0.1585275625093796,2
XGBoost,ft,REG_TEXT_FOOD_CHOCOLATE_BAR_RATINGS,0.2005519297310805,3
XGBoost,ft,REG_TEXT_FOOD_CHOCOLATE_BAR_RATINGS,0.2195158484368088,4
XGBoost,no_text,REG_TEXT_FOOD_CHOCOLATE_BAR_RATINGS,0.253998327335613,0
XGBoost,no_text,REG_TEXT_FOOD_CHOCOLATE_BAR_RATINGS,0.2012514370784003,1
XGBoost,no_text,REG_TEXT_FOOD_CHOCOLATE_BAR_RATINGS,0.1218582325487706,2
XGBoost,no_text,REG_TEXT_FOOD_CHOCOLATE_BAR_RATINGS,0.2111636137450947,3
XGBoost,no_text,REG_TEXT_FOOD_CHOCOLATE_BAR_RATINGS,0.1349202240274452,4
XGBoost,text_only,REG_TEXT_FOOD_CHOCOLATE_BAR_RATINGS,0.1672465600827593,0
XGBoost,text_only,REG_TEXT_FOOD_CHOCOLATE_BAR_RATINGS,0.0624652464976508,1
XGBoost,text_only,REG_TEXT_FOOD_CHOCOLATE_BAR_RATINGS,0.0825729398709496,2
XGBoost,text_only,REG_TEXT_FOOD_CHOCOLATE_BAR_RATINGS,-0.0317815832689298,3
XGBoost,text_only,REG_TEXT_FOOD_CHOCOLATE_BAR_RATINGS,0.1171056019110555,4
CatBoost,all,REG_TEXT_FOOD_COFFEE_REVIEW,0.9875684566657364,0
CatBoost,all,REG_TEXT_FOOD_COFFEE_REVIEW,0.9881456402173272,1
CatBoost,all,REG_TEXT_FOOD_COFFEE_REVIEW,0.9926481986473368,2
CatBoost,all,REG_TEXT_FOOD_COFFEE_REVIEW,0.9987010542357292,3
CatBoost,all,REG_TEXT_FOOD_COFFEE_REVIEW,0.9818407496251472,4
CatBoost,ft,REG_TEXT_FOOD_COFFEE_REVIEW,0.990326552483364,0
CatBoost,ft,REG_TEXT_FOOD_COFFEE_REVIEW,0.9725106864548818,1
CatBoost,ft,REG_TEXT_FOOD_COFFEE_REVIEW,0.9694680071738132,2
CatBoost,ft,REG_TEXT_FOOD_COFFEE_REVIEW,0.989257171056476,3
CatBoost,ft,REG_TEXT_FOOD_COFFEE_REVIEW,0.9744229138093864,4
CatBoost,no_text,REG_TEXT_FOOD_COFFEE_REVIEW,0.988630038648642,0
CatBoost,no_text,REG_TEXT_FOOD_COFFEE_REVIEW,0.9943158167672402,1
CatBoost,no_text,REG_TEXT_FOOD_COFFEE_REVIEW,0.9981049900999944,2
CatBoost,no_text,REG_TEXT_FOOD_COFFEE_REVIEW,0.9988715689028308,3
CatBoost,no_text,REG_TEXT_FOOD_COFFEE_REVIEW,0.9908906032756424,4
CatBoost,text_only,REG_TEXT_FOOD_COFFEE_REVIEW,0.5569888777713834,0
CatBoost,text_only,REG_TEXT_FOOD_COFFEE_REVIEW,0.5579286282948517,1
CatBoost,text_only,REG_TEXT_FOOD_COFFEE_REVIEW,0.5390493028540257,2
CatBoost,text_only,REG_TEXT_FOOD_COFFEE_REVIEW,0.6101308828149763,3
CatBoost,text_only,REG_TEXT_FOOD_COFFEE_REVIEW,0.5545765591082266,4
LightGBM,all,REG_TEXT_FOOD_COFFEE_REVIEW,0.975533496671134,0
LightGBM,all,REG_TEXT_FOOD_COFFEE_REVIEW,0.9764761138090852,1
LightGBM,all,REG_TEXT_FOOD_COFFEE_REVIEW,0.9751757857999924,2
LightGBM,all,REG_TEXT_FOOD_COFFEE_REVIEW,0.99110373882752,3
LightGBM,all,REG_TEXT_FOOD_COFFEE_REVIEW,0.9392500457816938,4
LightGBM,ft,REG_TEXT_FOOD_COFFEE_REVIEW,0.970010871965884,0
LightGBM,ft,REG_TEXT_FOOD_COFFEE_REVIEW,0.9898587380468272,1
LightGBM,ft,REG_TEXT_FOOD_COFFEE_REVIEW,0.9623975622289714,2
LightGBM,ft,REG_TEXT_FOOD_COFFEE_REVIEW,0.9782896171782508,3
LightGBM,ft,REG_TEXT_FOOD_COFFEE_REVIEW,0.8868474635868224,4
LightGBM,no_text,REG_TEXT_FOOD_COFFEE_REVIEW,0.9804162597159922,0
LightGBM,no_text,REG_TEXT_FOOD_COFFEE_REVIEW,0.9828613268138734,1
LightGBM,no_text,REG_TEXT_FOOD_COFFEE_REVIEW,0.9895565585228028,2
LightGBM,no_text,REG_TEXT_FOOD_COFFEE_REVIEW,0.9957386398191724,3
LightGBM,no_text,REG_TEXT_FOOD_COFFEE_REVIEW,0.9639300921317788,4
LightGBM,text_only,REG_TEXT_FOOD_COFFEE_REVIEW,0.4906162480184012,0
LightGBM,text_only,REG_TEXT_FOOD_COFFEE_REVIEW,0.4991060143348088,1
LightGBM,text_only,REG_TEXT_FOOD_COFFEE_REVIEW,0.5277932385735224,2
LightGBM,text_only,REG_TEXT_FOOD_COFFEE_REVIEW,0.5579803005817368,3
LightGBM,text_only,REG_TEXT_FOOD_COFFEE_REVIEW,0.5299253009078966,4
RandomForest,all,REG_TEXT_FOOD_COFFEE_REVIEW,0.968021102429697,0
RandomForest,all,REG_TEXT_FOOD_COFFEE_REVIEW,0.9591708688932196,1
RandomForest,all,REG_TEXT_FOOD_COFFEE_REVIEW,0.9855645451595826,2
RandomForest,all,REG_TEXT_FOOD_COFFEE_REVIEW,0.9814110739161396,3
RandomForest,all,REG_TEXT_FOOD_COFFEE_REVIEW,0.9569318968020832,4
RandomForest,ft,REG_TEXT_FOOD_COFFEE_REVIEW,0.9981679688787788,0
RandomForest,ft,REG_TEXT_FOOD_COFFEE_REVIEW,0.9852255739981632,1
RandomForest,ft,REG_TEXT_FOOD_COFFEE_REVIEW,0.9582124114141292,2
RandomForest,ft,REG_TEXT_FOOD_COFFEE_REVIEW,0.9969770353334042,3
RandomForest,ft,REG_TEXT_FOOD_COFFEE_REVIEW,0.9751893507519888,4
RandomForest,no_text,REG_TEXT_FOOD_COFFEE_REVIEW,0.9884743627930318,0
RandomForest,no_text,REG_TEXT_FOOD_COFFEE_REVIEW,0.9779077746319002,1
RandomForest,no_text,REG_TEXT_FOOD_COFFEE_REVIEW,0.9942334585355964,2
RandomForest,no_text,REG_TEXT_FOOD_COFFEE_REVIEW,0.9892430001585244,3
RandomForest,no_text,REG_TEXT_FOOD_COFFEE_REVIEW,0.9806342240431168,4
RandomForest,text_only,REG_TEXT_FOOD_COFFEE_REVIEW,0.4258525071704085,0
RandomForest,text_only,REG_TEXT_FOOD_COFFEE_REVIEW,0.4415073762963959,1
RandomForest,text_only,REG_TEXT_FOOD_COFFEE_REVIEW,0.4330046927030855,2
RandomForest,text_only,REG_TEXT_FOOD_COFFEE_REVIEW,0.450946178966926,3
RandomForest,text_only,REG_TEXT_FOOD_COFFEE_REVIEW,0.4223125779007154,4
RealMLP,all,REG_TEXT_FOOD_COFFEE_REVIEW,0.9888224005699158,0
RealMLP,all,REG_TEXT_FOOD_COFFEE_REVIEW,0.992508828639984,1
RealMLP,all,REG_TEXT_FOOD_COFFEE_REVIEW,0.9947793483734132,2
RealMLP,all,REG_TEXT_FOOD_COFFEE_REVIEW,0.9982153177261353,3
RealMLP,all,REG_TEXT_FOOD_COFFEE_REVIEW,0.9926082491874696,4
RealMLP,ft,REG_TEXT_FOOD_COFFEE_REVIEW,0.9988174438476562,0
RealMLP,ft,REG_TEXT_FOOD_COFFEE_REVIEW,0.9972801804542542,1
RealMLP,ft,REG_TEXT_FOOD_COFFEE_REVIEW,0.9948329925537108,2
RealMLP,ft,REG_TEXT_FOOD_COFFEE_REVIEW,0.999704897403717,3
RealMLP,ft,REG_TEXT_FOOD_COFFEE_REVIEW,0.9945243000984192,4
RealMLP,no_text,REG_TEXT_FOOD_COFFEE_REVIEW,0.989211916923523,0
RealMLP,no_text,REG_TEXT_FOOD_COFFEE_REVIEW,0.9966397285461426,1
RealMLP,no_text,REG_TEXT_FOOD_COFFEE_REVIEW,0.9983356595039368,2
RealMLP,no_text,REG_TEXT_FOOD_COFFEE_REVIEW,0.9995236396789552,3
RealMLP,no_text,REG_TEXT_FOOD_COFFEE_REVIEW,0.995671272277832,4
RealMLP,text_only,REG_TEXT_FOOD_COFFEE_REVIEW,0.5902319550514221,0
RealMLP,text_only,REG_TEXT_FOOD_COFFEE_REVIEW,0.6219862699508667,1
RealMLP,text_only,REG_TEXT_FOOD_COFFEE_REVIEW,0.6360805034637451,2
RealMLP,text_only,REG_TEXT_FOOD_COFFEE_REVIEW,0.64007568359375,3
RealMLP,text_only,REG_TEXT_FOOD_COFFEE_REVIEW,0.6798470616340637,4
TabDPT,all,REG_TEXT_FOOD_COFFEE_REVIEW,0.8875573873519897,0
TabDPT,all,REG_TEXT_FOOD_COFFEE_REVIEW,0.8912768363952637,1
TabDPT,all,REG_TEXT_FOOD_COFFEE_REVIEW,0.9051365852355956,2
TabDPT,all,REG_TEXT_FOOD_COFFEE_REVIEW,0.8862153887748718,3
TabDPT,all,REG_TEXT_FOOD_COFFEE_REVIEW,0.8925472497940063,4
TabDPT,ft,REG_TEXT_FOOD_COFFEE_REVIEW,0.9543155431747437,0
TabDPT,ft,REG_TEXT_FOOD_COFFEE_REVIEW,0.9377156496047974,1
TabDPT,ft,REG_TEXT_FOOD_COFFEE_REVIEW,0.9330883026123048,2
TabDPT,ft,REG_TEXT_FOOD_COFFEE_REVIEW,0.9687936902046204,3
TabDPT,ft,REG_TEXT_FOOD_COFFEE_REVIEW,0.9307478070259094,4
TabDPT,no_text,REG_TEXT_FOOD_COFFEE_REVIEW,0.9912182688713074,0
TabDPT,no_text,REG_TEXT_FOOD_COFFEE_REVIEW,0.9668918251991272,1
TabDPT,no_text,REG_TEXT_FOOD_COFFEE_REVIEW,0.957169234752655,2
TabDPT,no_text,REG_TEXT_FOOD_COFFEE_REVIEW,0.9991742968559264,3
TabDPT,no_text,REG_TEXT_FOOD_COFFEE_REVIEW,0.948491632938385,4
TabDPT,text_only,REG_TEXT_FOOD_COFFEE_REVIEW,0.5238837003707886,0
TabDPT,text_only,REG_TEXT_FOOD_COFFEE_REVIEW,0.5514914989471436,1
TabDPT,text_only,REG_TEXT_FOOD_COFFEE_REVIEW,0.573386013507843,2
TabDPT,text_only,REG_TEXT_FOOD_COFFEE_REVIEW,0.6018368005752563,3
TabDPT,text_only,REG_TEXT_FOOD_COFFEE_REVIEW,0.6169975996017456,4
TabICLv2,all,REG_TEXT_FOOD_COFFEE_REVIEW,0.9896699786186218,0
TabICLv2,all,REG_TEXT_FOOD_COFFEE_REVIEW,0.9949743747711182,1
TabICLv2,all,REG_TEXT_FOOD_COFFEE_REVIEW,0.9938356280326844,2
TabICLv2,all,REG_TEXT_FOOD_COFFEE_REVIEW,0.999349057674408,3
TabICLv2,all,REG_TEXT_FOOD_COFFEE_REVIEW,0.9958860874176024,4
TabICLv2,ft,REG_TEXT_FOOD_COFFEE_REVIEW,0.9998450875282288,0
TabICLv2,ft,REG_TEXT_FOOD_COFFEE_REVIEW,0.9995386004447936,1
TabICLv2,ft,REG_TEXT_FOOD_COFFEE_REVIEW,0.9976717233657836,2
TabICLv2,ft,REG_TEXT_FOOD_COFFEE_REVIEW,0.9999862909317015,3
TabICLv2,ft,REG_TEXT_FOOD_COFFEE_REVIEW,0.9942296743392944,4
TabICLv2,no_text,REG_TEXT_FOOD_COFFEE_REVIEW,0.9902953505516052,0
TabICLv2,no_text,REG_TEXT_FOOD_COFFEE_REVIEW,0.9965071082115172,1
TabICLv2,no_text,REG_TEXT_FOOD_COFFEE_REVIEW,0.995259404182434,2
TabICLv2,no_text,REG_TEXT_FOOD_COFFEE_REVIEW,0.9997398853302002,3
TabICLv2,no_text,REG_TEXT_FOOD_COFFEE_REVIEW,0.9968918561935424,4
TabICLv2,text_only,REG_TEXT_FOOD_COFFEE_REVIEW,0.6150326728820801,0
TabICLv2,text_only,REG_TEXT_FOOD_COFFEE_REVIEW,0.6167571544647217,1
TabICLv2,text_only,REG_TEXT_FOOD_COFFEE_REVIEW,0.6490415334701538,2
TabICLv2,text_only,REG_TEXT_FOOD_COFFEE_REVIEW,0.6658532619476318,3
TabICLv2,text_only,REG_TEXT_FOOD_COFFEE_REVIEW,0.6465107202529907,4
TabM,all,REG_TEXT_FOOD_COFFEE_REVIEW,0.986571192741394,0
TabM,all,REG_TEXT_FOOD_COFFEE_REVIEW,0.992826759815216,1
TabM,all,REG_TEXT_FOOD_COFFEE_REVIEW,0.9935166239738464,2
TabM,all,REG_TEXT_FOOD_COFFEE_REVIEW,0.9971147179603576,3
TabM,all,REG_TEXT_FOOD_COFFEE_REVIEW,0.992738664150238,4
TabM,ft,REG_TEXT_FOOD_COFFEE_REVIEW,0.9923610091209412,0
TabM,ft,REG_TEXT_FOOD_COFFEE_REVIEW,0.9915571808815002,1
TabM,ft,REG_TEXT_FOOD_COFFEE_REVIEW,0.9946441054344176,2
TabM,ft,REG_TEXT_FOOD_COFFEE_REVIEW,0.9969049692153932,3
TabM,ft,REG_TEXT_FOOD_COFFEE_REVIEW,0.9925582408905028,4
TabM,no_text,REG_TEXT_FOOD_COFFEE_REVIEW,0.9881700277328492,0
TabM,no_text,REG_TEXT_FOOD_COFFEE_REVIEW,0.9945208430290222,1
TabM,no_text,REG_TEXT_FOOD_COFFEE_REVIEW,0.9957472681999208,2
TabM,no_text,REG_TEXT_FOOD_COFFEE_REVIEW,0.9991765022277832,3
TabM,no_text,REG_TEXT_FOOD_COFFEE_REVIEW,0.9939352869987488,4
TabM,text_only,REG_TEXT_FOOD_COFFEE_REVIEW,0.6030338406562805,0
TabM,text_only,REG_TEXT_FOOD_COFFEE_REVIEW,0.6278830766677856,1
TabM,text_only,REG_TEXT_FOOD_COFFEE_REVIEW,0.6556192636489868,2
TabM,text_only,REG_TEXT_FOOD_COFFEE_REVIEW,0.6595916748046875,3
TabM,text_only,REG_TEXT_FOOD_COFFEE_REVIEW,0.6980934143066406,4
TabPFN-2.5,all,REG_TEXT_FOOD_COFFEE_REVIEW,0.9910320043563844,0
TabPFN-2.5,all,REG_TEXT_FOOD_COFFEE_REVIEW,0.9967126250267028,1
TabPFN-2.5,all,REG_TEXT_FOOD_COFFEE_REVIEW,0.9985406398773192,2
TabPFN-2.5,all,REG_TEXT_FOOD_COFFEE_REVIEW,0.9996508955955504,3
TabPFN-2.5,all,REG_TEXT_FOOD_COFFEE_REVIEW,0.9955832362174988,4
TabPFN-2.5,ft,REG_TEXT_FOOD_COFFEE_REVIEW,0.9979450702667236,0
TabPFN-2.5,ft,REG_TEXT_FOOD_COFFEE_REVIEW,0.9982640147209167,1
TabPFN-2.5,ft,REG_TEXT_FOOD_COFFEE_REVIEW,0.99738210439682,2
TabPFN-2.5,ft,REG_TEXT_FOOD_COFFEE_REVIEW,0.9999077916145324,3
TabPFN-2.5,ft,REG_TEXT_FOOD_COFFEE_REVIEW,0.9994461536407472,4
TabPFN-2.5,no_text,REG_TEXT_FOOD_COFFEE_REVIEW,0.9908925890922546,0
TabPFN-2.5,no_text,REG_TEXT_FOOD_COFFEE_REVIEW,0.9967436790466307,1
TabPFN-2.5,no_text,REG_TEXT_FOOD_COFFEE_REVIEW,0.9987099766731262,2
TabPFN-2.5,no_text,REG_TEXT_FOOD_COFFEE_REVIEW,0.9994574189186096,3
TabPFN-2.5,no_text,REG_TEXT_FOOD_COFFEE_REVIEW,0.9971771240234376,4
TabPFN-2.5,text_only,REG_TEXT_FOOD_COFFEE_REVIEW,0.6129279136657715,0
TabPFN-2.5,text_only,REG_TEXT_FOOD_COFFEE_REVIEW,0.6027590036392212,1
TabPFN-2.5,text_only,REG_TEXT_FOOD_COFFEE_REVIEW,0.6458429098129272,2
TabPFN-2.5,text_only,REG_TEXT_FOOD_COFFEE_REVIEW,0.6673488616943359,3
TabPFN-2.5,text_only,REG_TEXT_FOOD_COFFEE_REVIEW,0.6485068798065186,4
TabPFNv2,all,REG_TEXT_FOOD_COFFEE_REVIEW,0.990958333015442,0
TabPFNv2,all,REG_TEXT_FOOD_COFFEE_REVIEW,0.9831278324127196,1
TabPFNv2,all,REG_TEXT_FOOD_COFFEE_REVIEW,0.9750751256942748,2
TabPFNv2,all,REG_TEXT_FOOD_COFFEE_REVIEW,0.9987744092941284,3
TabPFNv2,all,REG_TEXT_FOOD_COFFEE_REVIEW,0.9590374827384948,4
TabPFNv2,ft,REG_TEXT_FOOD_COFFEE_REVIEW,0.998730719089508,0
TabPFNv2,ft,REG_TEXT_FOOD_COFFEE_REVIEW,0.9836356043815612,1
TabPFNv2,ft,REG_TEXT_FOOD_COFFEE_REVIEW,0.9625678062438964,2
TabPFNv2,ft,REG_TEXT_FOOD_COFFEE_REVIEW,0.9999482035636902,3
TabPFNv2,ft,REG_TEXT_FOOD_COFFEE_REVIEW,0.9585578441619872,4
TabPFNv2,no_text,REG_TEXT_FOOD_COFFEE_REVIEW,0.9926968812942504,0
TabPFNv2,no_text,REG_TEXT_FOOD_COFFEE_REVIEW,0.9823295474052428,1
TabPFNv2,no_text,REG_TEXT_FOOD_COFFEE_REVIEW,0.975061535835266,2
TabPFNv2,no_text,REG_TEXT_FOOD_COFFEE_REVIEW,0.9986098408699036,3
TabPFNv2,no_text,REG_TEXT_FOOD_COFFEE_REVIEW,0.956501603126526,4
TabPFNv2,text_only,REG_TEXT_FOOD_COFFEE_REVIEW,0.5838937759399414,0
TabPFNv2,text_only,REG_TEXT_FOOD_COFFEE_REVIEW,0.5572562217712402,1
TabPFNv2,text_only,REG_TEXT_FOOD_COFFEE_REVIEW,0.5496881008148193,2
TabPFNv2,text_only,REG_TEXT_FOOD_COFFEE_REVIEW,0.6384849548339844,3
TabPFNv2,text_only,REG_TEXT_FOOD_COFFEE_REVIEW,0.5750372409820557,4
XGBoost,all,REG_TEXT_FOOD_COFFEE_REVIEW,0.9827020168304444,0
XGBoost,all,REG_TEXT_FOOD_COFFEE_REVIEW,0.9784722924232484,1
XGBoost,all,REG_TEXT_FOOD_COFFEE_REVIEW,0.9913156628608704,2
XGBoost,all,REG_TEXT_FOOD_COFFEE_REVIEW,0.9865983128547668,3
XGBoost,all,REG_TEXT_FOOD_COFFEE_REVIEW,0.9809049367904664,4
XGBoost,ft,REG_TEXT_FOOD_COFFEE_REVIEW,0.9954835176467896,0
XGBoost,ft,REG_TEXT_FOOD_COFFEE_REVIEW,0.985755443572998,1
XGBoost,ft,REG_TEXT_FOOD_COFFEE_REVIEW,0.9826907515525818,2
XGBoost,ft,REG_TEXT_FOOD_COFFEE_REVIEW,0.9970610737800598,3
XGBoost,ft,REG_TEXT_FOOD_COFFEE_REVIEW,0.9749994277954102,4
XGBoost,no_text,REG_TEXT_FOOD_COFFEE_REVIEW,0.9892343878746032,0
XGBoost,no_text,REG_TEXT_FOOD_COFFEE_REVIEW,0.9835098385810852,1
XGBoost,no_text,REG_TEXT_FOOD_COFFEE_REVIEW,0.9961548447608948,2
XGBoost,no_text,REG_TEXT_FOOD_COFFEE_REVIEW,0.9927645325660706,3
XGBoost,no_text,REG_TEXT_FOOD_COFFEE_REVIEW,0.9937281608581544,4
XGBoost,text_only,REG_TEXT_FOOD_COFFEE_REVIEW,0.4239300489425659,0
XGBoost,text_only,REG_TEXT_FOOD_COFFEE_REVIEW,0.4597929120063782,1
XGBoost,text_only,REG_TEXT_FOOD_COFFEE_REVIEW,0.4754799604415893,2
XGBoost,text_only,REG_TEXT_FOOD_COFFEE_REVIEW,0.4195806384086609,3
XGBoost,text_only,REG_TEXT_FOOD_COFFEE_REVIEW,0.4389255046844482,4
CatBoost,all,REG_TEXT_FOOD_RAMEN_RATINGS_2022,0.1000807057085882,0
CatBoost,all,REG_TEXT_FOOD_RAMEN_RATINGS_2022,0.2271612554195745,1
CatBoost,all,REG_TEXT_FOOD_RAMEN_RATINGS_2022,0.1096956792846592,2
CatBoost,all,REG_TEXT_FOOD_RAMEN_RATINGS_2022,0.1928827693921109,3
CatBoost,all,REG_TEXT_FOOD_RAMEN_RATINGS_2022,0.2389064049309899,4
CatBoost,ft,REG_TEXT_FOOD_RAMEN_RATINGS_2022,0.0929630485896384,0
CatBoost,ft,REG_TEXT_FOOD_RAMEN_RATINGS_2022,0.2116098960123278,1
CatBoost,ft,REG_TEXT_FOOD_RAMEN_RATINGS_2022,0.1431451836799393,2
CatBoost,ft,REG_TEXT_FOOD_RAMEN_RATINGS_2022,0.1540813557875066,3
CatBoost,ft,REG_TEXT_FOOD_RAMEN_RATINGS_2022,0.2426778269373418,4
CatBoost,no_text,REG_TEXT_FOOD_RAMEN_RATINGS_2022,0.0530677952592061,0
CatBoost,no_text,REG_TEXT_FOOD_RAMEN_RATINGS_2022,0.1442015702199407,1
CatBoost,no_text,REG_TEXT_FOOD_RAMEN_RATINGS_2022,0.0785593000702337,2
CatBoost,no_text,REG_TEXT_FOOD_RAMEN_RATINGS_2022,0.0634688705900481,3
CatBoost,no_text,REG_TEXT_FOOD_RAMEN_RATINGS_2022,0.1068379124264502,4
CatBoost,text_only,REG_TEXT_FOOD_RAMEN_RATINGS_2022,0.0959688338438027,0
CatBoost,text_only,REG_TEXT_FOOD_RAMEN_RATINGS_2022,0.2024552881126538,1
CatBoost,text_only,REG_TEXT_FOOD_RAMEN_RATINGS_2022,0.0978556635700431,2
CatBoost,text_only,REG_TEXT_FOOD_RAMEN_RATINGS_2022,0.1418174252935612,3
CatBoost,text_only,REG_TEXT_FOOD_RAMEN_RATINGS_2022,0.2122101384847122,4
LightGBM,all,REG_TEXT_FOOD_RAMEN_RATINGS_2022,0.122131633382541,0
LightGBM,all,REG_TEXT_FOOD_RAMEN_RATINGS_2022,0.2139190313149314,1
LightGBM,all,REG_TEXT_FOOD_RAMEN_RATINGS_2022,0.1091295221121071,2
LightGBM,all,REG_TEXT_FOOD_RAMEN_RATINGS_2022,0.182933304021801,3
LightGBM,all,REG_TEXT_FOOD_RAMEN_RATINGS_2022,0.2137268429552425,4
LightGBM,ft,REG_TEXT_FOOD_RAMEN_RATINGS_2022,0.0552524484123236,0
LightGBM,ft,REG_TEXT_FOOD_RAMEN_RATINGS_2022,0.1879860057778334,1
LightGBM,ft,REG_TEXT_FOOD_RAMEN_RATINGS_2022,0.0888251514106593,2
LightGBM,ft,REG_TEXT_FOOD_RAMEN_RATINGS_2022,0.1607433123823507,3
LightGBM,ft,REG_TEXT_FOOD_RAMEN_RATINGS_2022,0.2311410170100857,4
LightGBM,no_text,REG_TEXT_FOOD_RAMEN_RATINGS_2022,0.0600234823261569,0
LightGBM,no_text,REG_TEXT_FOOD_RAMEN_RATINGS_2022,0.1494810392209954,1
LightGBM,no_text,REG_TEXT_FOOD_RAMEN_RATINGS_2022,0.0748795830982174,2
LightGBM,no_text,REG_TEXT_FOOD_RAMEN_RATINGS_2022,0.0451948358428808,3
LightGBM,no_text,REG_TEXT_FOOD_RAMEN_RATINGS_2022,0.1032686384751847,4
LightGBM,text_only,REG_TEXT_FOOD_RAMEN_RATINGS_2022,0.0922286379429079,0
LightGBM,text_only,REG_TEXT_FOOD_RAMEN_RATINGS_2022,0.1822959428995338,1
LightGBM,text_only,REG_TEXT_FOOD_RAMEN_RATINGS_2022,0.0864920036341417,2
LightGBM,text_only,REG_TEXT_FOOD_RAMEN_RATINGS_2022,0.1519485091426404,3
LightGBM,text_only,REG_TEXT_FOOD_RAMEN_RATINGS_2022,0.1665052539957394,4
RandomForest,all,REG_TEXT_FOOD_RAMEN_RATINGS_2022,0.1484249654528741,0
RandomForest,all,REG_TEXT_FOOD_RAMEN_RATINGS_2022,0.2159841262176931,1
RandomForest,all,REG_TEXT_FOOD_RAMEN_RATINGS_2022,0.1316088657401573,2
RandomForest,all,REG_TEXT_FOOD_RAMEN_RATINGS_2022,0.1980311327099713,3
RandomForest,all,REG_TEXT_FOOD_RAMEN_RATINGS_2022,0.2610756586511601,4
RandomForest,ft,REG_TEXT_FOOD_RAMEN_RATINGS_2022,0.1362653899358559,0
RandomForest,ft,REG_TEXT_FOOD_RAMEN_RATINGS_2022,0.2014839359323688,1
RandomForest,ft,REG_TEXT_FOOD_RAMEN_RATINGS_2022,0.1341404740642708,2
RandomForest,ft,REG_TEXT_FOOD_RAMEN_RATINGS_2022,0.1437371682285614,3
RandomForest,ft,REG_TEXT_FOOD_RAMEN_RATINGS_2022,0.202699732710101,4
RandomForest,no_text,REG_TEXT_FOOD_RAMEN_RATINGS_2022,0.0717576988906332,0
RandomForest,no_text,REG_TEXT_FOOD_RAMEN_RATINGS_2022,0.1636218448680292,1
RandomForest,no_text,REG_TEXT_FOOD_RAMEN_RATINGS_2022,0.0698777539812497,2
RandomForest,no_text,REG_TEXT_FOOD_RAMEN_RATINGS_2022,0.0676795992475364,3
RandomForest,no_text,REG_TEXT_FOOD_RAMEN_RATINGS_2022,0.1090890359063738,4
RandomForest,text_only,REG_TEXT_FOOD_RAMEN_RATINGS_2022,0.1307363594026781,0
RandomForest,text_only,REG_TEXT_FOOD_RAMEN_RATINGS_2022,0.205100627388026,1
RandomForest,text_only,REG_TEXT_FOOD_RAMEN_RATINGS_2022,0.1271527914590953,2
RandomForest,text_only,REG_TEXT_FOOD_RAMEN_RATINGS_2022,0.1857592580827074,3
RandomForest,text_only,REG_TEXT_FOOD_RAMEN_RATINGS_2022,0.1853939266805493,4
RealMLP,all,REG_TEXT_FOOD_RAMEN_RATINGS_2022,0.0211985691319021,0
RealMLP,all,REG_TEXT_FOOD_RAMEN_RATINGS_2022,0.1297805673592877,1
RealMLP,all,REG_TEXT_FOOD_RAMEN_RATINGS_2022,0.0637904396272344,2
RealMLP,all,REG_TEXT_FOOD_RAMEN_RATINGS_2022,0.1793937468197965,3
RealMLP,all,REG_TEXT_FOOD_RAMEN_RATINGS_2022,0.0723402363963883,4
RealMLP,ft,REG_TEXT_FOOD_RAMEN_RATINGS_2022,0.0461082457725668,0
RealMLP,ft,REG_TEXT_FOOD_RAMEN_RATINGS_2022,0.1226117898079597,1
RealMLP,ft,REG_TEXT_FOOD_RAMEN_RATINGS_2022,0.0814372133270115,2
RealMLP,ft,REG_TEXT_FOOD_RAMEN_RATINGS_2022,0.0438079681079842,3
RealMLP,ft,REG_TEXT_FOOD_RAMEN_RATINGS_2022,0.0811963548227537,4
RealMLP,no_text,REG_TEXT_FOOD_RAMEN_RATINGS_2022,0.0372264089533527,0
RealMLP,no_text,REG_TEXT_FOOD_RAMEN_RATINGS_2022,0.1269814609223786,1
RealMLP,no_text,REG_TEXT_FOOD_RAMEN_RATINGS_2022,0.0619641369325383,2
RealMLP,no_text,REG_TEXT_FOOD_RAMEN_RATINGS_2022,0.0783080323892322,3
RealMLP,no_text,REG_TEXT_FOOD_RAMEN_RATINGS_2022,0.1360408259674613,4
RealMLP,text_only,REG_TEXT_FOOD_RAMEN_RATINGS_2022,0.0455375968900479,0
RealMLP,text_only,REG_TEXT_FOOD_RAMEN_RATINGS_2022,0.0955419109914858,1
RealMLP,text_only,REG_TEXT_FOOD_RAMEN_RATINGS_2022,0.0015717607707371,2
RealMLP,text_only,REG_TEXT_FOOD_RAMEN_RATINGS_2022,0.1444355903577591,3
RealMLP,text_only,REG_TEXT_FOOD_RAMEN_RATINGS_2022,0.146893218991107,4
TabDPT,all,REG_TEXT_FOOD_RAMEN_RATINGS_2022,0.19903274669806,0
TabDPT,all,REG_TEXT_FOOD_RAMEN_RATINGS_2022,0.2734093836619103,1
TabDPT,all,REG_TEXT_FOOD_RAMEN_RATINGS_2022,0.1658873939887976,2
TabDPT,all,REG_TEXT_FOOD_RAMEN_RATINGS_2022,0.2097383703626748,3
TabDPT,all,REG_TEXT_FOOD_RAMEN_RATINGS_2022,0.2763350229366601,4
TabDPT,ft,REG_TEXT_FOOD_RAMEN_RATINGS_2022,0.1726621907776153,0
TabDPT,ft,REG_TEXT_FOOD_RAMEN_RATINGS_2022,0.2684053029500469,1
TabDPT,ft,REG_TEXT_FOOD_RAMEN_RATINGS_2022,0.1511565854333578,2
TabDPT,ft,REG_TEXT_FOOD_RAMEN_RATINGS_2022,0.1919827217499988,3
TabDPT,ft,REG_TEXT_FOOD_RAMEN_RATINGS_2022,0.2685126549911982,4
TabDPT,no_text,REG_TEXT_FOOD_RAMEN_RATINGS_2022,0.0587320617989319,0
TabDPT,no_text,REG_TEXT_FOOD_RAMEN_RATINGS_2022,0.1501421658720998,1
TabDPT,no_text,REG_TEXT_FOOD_RAMEN_RATINGS_2022,0.0640233086481599,2
TabDPT,no_text,REG_TEXT_FOOD_RAMEN_RATINGS_2022,0.0668539002817875,3
TabDPT,no_text,REG_TEXT_FOOD_RAMEN_RATINGS_2022,0.1218703588563086,4
TabDPT,text_only,REG_TEXT_FOOD_RAMEN_RATINGS_2022,0.2039347707770522,0
TabDPT,text_only,REG_TEXT_FOOD_RAMEN_RATINGS_2022,0.2648110410155133,1
TabDPT,text_only,REG_TEXT_FOOD_RAMEN_RATINGS_2022,0.159517016610337,2
TabDPT,text_only,REG_TEXT_FOOD_RAMEN_RATINGS_2022,0.2103827100696801,3
TabDPT,text_only,REG_TEXT_FOOD_RAMEN_RATINGS_2022,0.2663137264790461,4
TabICLv2,all,REG_TEXT_FOOD_RAMEN_RATINGS_2022,0.1519996166426015,0
TabICLv2,all,REG_TEXT_FOOD_RAMEN_RATINGS_2022,0.2721952276918334,1
TabICLv2,all,REG_TEXT_FOOD_RAMEN_RATINGS_2022,0.1435599993496763,2
TabICLv2,all,REG_TEXT_FOOD_RAMEN_RATINGS_2022,0.2483370963793065,3
TabICLv2,all,REG_TEXT_FOOD_RAMEN_RATINGS_2022,0.2933377607186892,4
TabICLv2,ft,REG_TEXT_FOOD_RAMEN_RATINGS_2022,0.1645406858056062,0
TabICLv2,ft,REG_TEXT_FOOD_RAMEN_RATINGS_2022,0.2487928833572267,1
TabICLv2,ft,REG_TEXT_FOOD_RAMEN_RATINGS_2022,0.1616949915112201,2
TabICLv2,ft,REG_TEXT_FOOD_RAMEN_RATINGS_2022,0.1979082450345031,3
TabICLv2,ft,REG_TEXT_FOOD_RAMEN_RATINGS_2022,0.278379602107431,4
TabICLv2,no_text,REG_TEXT_FOOD_RAMEN_RATINGS_2022,0.0595875363604803,0
TabICLv2,no_text,REG_TEXT_FOOD_RAMEN_RATINGS_2022,0.1471773523201414,1
TabICLv2,no_text,REG_TEXT_FOOD_RAMEN_RATINGS_2022,0.0642580754728179,2
TabICLv2,no_text,REG_TEXT_FOOD_RAMEN_RATINGS_2022,0.0557788926022879,3
TabICLv2,no_text,REG_TEXT_FOOD_RAMEN_RATINGS_2022,0.117640863708543,4
TabICLv2,text_only,REG_TEXT_FOOD_RAMEN_RATINGS_2022,0.1774899713354029,0
TabICLv2,text_only,REG_TEXT_FOOD_RAMEN_RATINGS_2022,0.2658971787383074,1
TabICLv2,text_only,REG_TEXT_FOOD_RAMEN_RATINGS_2022,0.1329412488246509,2
TabICLv2,text_only,REG_TEXT_FOOD_RAMEN_RATINGS_2022,0.2256899458206134,3
TabICLv2,text_only,REG_TEXT_FOOD_RAMEN_RATINGS_2022,0.2686855182362627,4
TabM,all,REG_TEXT_FOOD_RAMEN_RATINGS_2022,0.1027391548838837,0
TabM,all,REG_TEXT_FOOD_RAMEN_RATINGS_2022,0.2439788738534971,1
TabM,all,REG_TEXT_FOOD_RAMEN_RATINGS_2022,0.1144016689392805,2
TabM,all,REG_TEXT_FOOD_RAMEN_RATINGS_2022,0.2155089525918415,3
TabM,all,REG_TEXT_FOOD_RAMEN_RATINGS_2022,0.2567708988766815,4
TabM,ft,REG_TEXT_FOOD_RAMEN_RATINGS_2022,0.0989346098555001,0
TabM,ft,REG_TEXT_FOOD_RAMEN_RATINGS_2022,0.2296235071105178,1
TabM,ft,REG_TEXT_FOOD_RAMEN_RATINGS_2022,0.1216461843227296,2
TabM,ft,REG_TEXT_FOOD_RAMEN_RATINGS_2022,0.1910337230447303,3
TabM,ft,REG_TEXT_FOOD_RAMEN_RATINGS_2022,0.25727031662672,4
TabM,no_text,REG_TEXT_FOOD_RAMEN_RATINGS_2022,0.0656997756354176,0
TabM,no_text,REG_TEXT_FOOD_RAMEN_RATINGS_2022,0.1485968450166717,1
TabM,no_text,REG_TEXT_FOOD_RAMEN_RATINGS_2022,0.0668448428728789,2
TabM,no_text,REG_TEXT_FOOD_RAMEN_RATINGS_2022,0.078594227959774,3
TabM,no_text,REG_TEXT_FOOD_RAMEN_RATINGS_2022,0.1111820781535679,4
TabM,text_only,REG_TEXT_FOOD_RAMEN_RATINGS_2022,0.1406103288263037,0
TabM,text_only,REG_TEXT_FOOD_RAMEN_RATINGS_2022,0.2114734756676221,1
TabM,text_only,REG_TEXT_FOOD_RAMEN_RATINGS_2022,0.0875627231801129,2
TabM,text_only,REG_TEXT_FOOD_RAMEN_RATINGS_2022,0.1669771687368615,3
TabM,text_only,REG_TEXT_FOOD_RAMEN_RATINGS_2022,0.2158527687393111,4
TabPFN-2.5,all,REG_TEXT_FOOD_RAMEN_RATINGS_2022,0.1779540855904835,0
TabPFN-2.5,all,REG_TEXT_FOOD_RAMEN_RATINGS_2022,0.2625680464828921,1
TabPFN-2.5,all,REG_TEXT_FOOD_RAMEN_RATINGS_2022,0.1673122706121536,2
TabPFN-2.5,all,REG_TEXT_FOOD_RAMEN_RATINGS_2022,0.1928812934301188,3
TabPFN-2.5,all,REG_TEXT_FOOD_RAMEN_RATINGS_2022,0.3036403958873294,4
TabPFN-2.5,ft,REG_TEXT_FOOD_RAMEN_RATINGS_2022,0.1262818763870687,0
TabPFN-2.5,ft,REG_TEXT_FOOD_RAMEN_RATINGS_2022,0.2623757629460899,1
TabPFN-2.5,ft,REG_TEXT_FOOD_RAMEN_RATINGS_2022,0.1688568835397478,2
TabPFN-2.5,ft,REG_TEXT_FOOD_RAMEN_RATINGS_2022,0.187517922083306,3
TabPFN-2.5,ft,REG_TEXT_FOOD_RAMEN_RATINGS_2022,0.2956581078897707,4
TabPFN-2.5,no_text,REG_TEXT_FOOD_RAMEN_RATINGS_2022,0.0513695501161475,0
TabPFN-2.5,no_text,REG_TEXT_FOOD_RAMEN_RATINGS_2022,0.1334897288179063,1
TabPFN-2.5,no_text,REG_TEXT_FOOD_RAMEN_RATINGS_2022,0.0638005307259302,2
TabPFN-2.5,no_text,REG_TEXT_FOOD_RAMEN_RATINGS_2022,0.0682561784652034,3
TabPFN-2.5,no_text,REG_TEXT_FOOD_RAMEN_RATINGS_2022,0.1319372259371328,4
TabPFN-2.5,text_only,REG_TEXT_FOOD_RAMEN_RATINGS_2022,0.1833324099793118,0
TabPFN-2.5,text_only,REG_TEXT_FOOD_RAMEN_RATINGS_2022,0.2536578160302583,1
TabPFN-2.5,text_only,REG_TEXT_FOOD_RAMEN_RATINGS_2022,0.1465934112962678,2
TabPFN-2.5,text_only,REG_TEXT_FOOD_RAMEN_RATINGS_2022,0.1795840558310439,3
TabPFN-2.5,text_only,REG_TEXT_FOOD_RAMEN_RATINGS_2022,0.2610953868350382,4
TabPFNv2,all,REG_TEXT_FOOD_RAMEN_RATINGS_2022,0.1165372811379774,0
TabPFNv2,all,REG_TEXT_FOOD_RAMEN_RATINGS_2022,0.1600023522909697,1
TabPFNv2,all,REG_TEXT_FOOD_RAMEN_RATINGS_2022,0.1040715609148018,2
TabPFNv2,all,REG_TEXT_FOOD_RAMEN_RATINGS_2022,0.1390655945664028,3
TabPFNv2,all,REG_TEXT_FOOD_RAMEN_RATINGS_2022,0.2329895076848317,4
TabPFNv2,ft,REG_TEXT_FOOD_RAMEN_RATINGS_2022,0.1040180017673743,0
TabPFNv2,ft,REG_TEXT_FOOD_RAMEN_RATINGS_2022,0.138372807690394,1
TabPFNv2,ft,REG_TEXT_FOOD_RAMEN_RATINGS_2022,0.1204013276362282,2
TabPFNv2,ft,REG_TEXT_FOOD_RAMEN_RATINGS_2022,0.1238287776502476,3
TabPFNv2,ft,REG_TEXT_FOOD_RAMEN_RATINGS_2022,0.2138397624286736,4
TabPFNv2,no_text,REG_TEXT_FOOD_RAMEN_RATINGS_2022,0.0492826755497933,0
TabPFNv2,no_text,REG_TEXT_FOOD_RAMEN_RATINGS_2022,0.0948882439243856,1
TabPFNv2,no_text,REG_TEXT_FOOD_RAMEN_RATINGS_2022,0.0554166843815298,2
TabPFNv2,no_text,REG_TEXT_FOOD_RAMEN_RATINGS_2022,0.0705087734220432,3
TabPFNv2,no_text,REG_TEXT_FOOD_RAMEN_RATINGS_2022,0.1111008741670498,4
TabPFNv2,text_only,REG_TEXT_FOOD_RAMEN_RATINGS_2022,0.0880255322665871,0
TabPFNv2,text_only,REG_TEXT_FOOD_RAMEN_RATINGS_2022,0.1208654242144724,1
TabPFNv2,text_only,REG_TEXT_FOOD_RAMEN_RATINGS_2022,0.0898903140759561,2
TabPFNv2,text_only,REG_TEXT_FOOD_RAMEN_RATINGS_2022,0.1228298440715178,3
TabPFNv2,text_only,REG_TEXT_FOOD_RAMEN_RATINGS_2022,0.1682625420217387,4
XGBoost,all,REG_TEXT_FOOD_RAMEN_RATINGS_2022,-0.0443741421311623,0
XGBoost,all,REG_TEXT_FOOD_RAMEN_RATINGS_2022,0.1932550609458347,1
XGBoost,all,REG_TEXT_FOOD_RAMEN_RATINGS_2022,0.0449264997900565,2
XGBoost,all,REG_TEXT_FOOD_RAMEN_RATINGS_2022,0.070745139371111,3
XGBoost,all,REG_TEXT_FOOD_RAMEN_RATINGS_2022,0.1903446982479028,4
XGBoost,ft,REG_TEXT_FOOD_RAMEN_RATINGS_2022,0.0672597633363049,0
XGBoost,ft,REG_TEXT_FOOD_RAMEN_RATINGS_2022,0.1547181761800984,1
XGBoost,ft,REG_TEXT_FOOD_RAMEN_RATINGS_2022,0.0917343912468858,2
XGBoost,ft,REG_TEXT_FOOD_RAMEN_RATINGS_2022,0.0668614518210443,3
XGBoost,ft,REG_TEXT_FOOD_RAMEN_RATINGS_2022,0.1490344994462182,4
XGBoost,no_text,REG_TEXT_FOOD_RAMEN_RATINGS_2022,0.0683995743293719,0
XGBoost,no_text,REG_TEXT_FOOD_RAMEN_RATINGS_2022,0.1668772513133741,1
XGBoost,no_text,REG_TEXT_FOOD_RAMEN_RATINGS_2022,0.0695352183820898,2
XGBoost,no_text,REG_TEXT_FOOD_RAMEN_RATINGS_2022,0.0633191752449422,3
XGBoost,no_text,REG_TEXT_FOOD_RAMEN_RATINGS_2022,0.1076999879569718,4
XGBoost,text_only,REG_TEXT_FOOD_RAMEN_RATINGS_2022,0.0637150784029083,0
XGBoost,text_only,REG_TEXT_FOOD_RAMEN_RATINGS_2022,0.133479639244702,1
XGBoost,text_only,REG_TEXT_FOOD_RAMEN_RATINGS_2022,0.0391637487972116,2
XGBoost,text_only,REG_TEXT_FOOD_RAMEN_RATINGS_2022,0.0775172028216492,3
XGBoost,text_only,REG_TEXT_FOOD_RAMEN_RATINGS_2022,0.136613600198923,4
CatBoost,all,REG_TEXT_FOOD_WINE_POLISH_MARKET_PRICES,0.4816407641331055,0
CatBoost,all,REG_TEXT_FOOD_WINE_POLISH_MARKET_PRICES,0.6389793408166378,1
CatBoost,all,REG_TEXT_FOOD_WINE_POLISH_MARKET_PRICES,0.688971034522028,2
CatBoost,all,REG_TEXT_FOOD_WINE_POLISH_MARKET_PRICES,0.4076368602122635,3
CatBoost,all,REG_TEXT_FOOD_WINE_POLISH_MARKET_PRICES,0.3746229732395709,4
CatBoost,ft,REG_TEXT_FOOD_WINE_POLISH_MARKET_PRICES,0.5216262555979536,0
CatBoost,ft,REG_TEXT_FOOD_WINE_POLISH_MARKET_PRICES,0.6050105393880485,1
CatBoost,ft,REG_TEXT_FOOD_WINE_POLISH_MARKET_PRICES,0.7629910324232934,2
CatBoost,ft,REG_TEXT_FOOD_WINE_POLISH_MARKET_PRICES,0.3857315579006364,3
CatBoost,ft,REG_TEXT_FOOD_WINE_POLISH_MARKET_PRICES,0.3662755742686171,4
CatBoost,no_text,REG_TEXT_FOOD_WINE_POLISH_MARKET_PRICES,0.5044185714044729,0
CatBoost,no_text,REG_TEXT_FOOD_WINE_POLISH_MARKET_PRICES,0.6019279565431084,1
CatBoost,no_text,REG_TEXT_FOOD_WINE_POLISH_MARKET_PRICES,0.219141500554293,2
CatBoost,no_text,REG_TEXT_FOOD_WINE_POLISH_MARKET_PRICES,0.2589115874373588,3
CatBoost,no_text,REG_TEXT_FOOD_WINE_POLISH_MARKET_PRICES,0.4694981444603163,4
CatBoost,text_only,REG_TEXT_FOOD_WINE_POLISH_MARKET_PRICES,0.1129875167159774,0
CatBoost,text_only,REG_TEXT_FOOD_WINE_POLISH_MARKET_PRICES,0.1826143307571793,1
CatBoost,text_only,REG_TEXT_FOOD_WINE_POLISH_MARKET_PRICES,-0.0440673577341215,2
CatBoost,text_only,REG_TEXT_FOOD_WINE_POLISH_MARKET_PRICES,-0.420400760013955,3
CatBoost,text_only,REG_TEXT_FOOD_WINE_POLISH_MARKET_PRICES,0.1160243516424297,4
LightGBM,all,REG_TEXT_FOOD_WINE_POLISH_MARKET_PRICES,0.4186191149806414,0
LightGBM,all,REG_TEXT_FOOD_WINE_POLISH_MARKET_PRICES,0.5815586804216375,1
LightGBM,all,REG_TEXT_FOOD_WINE_POLISH_MARKET_PRICES,0.8071555425161165,2
LightGBM,all,REG_TEXT_FOOD_WINE_POLISH_MARKET_PRICES,0.4205611323377087,3
LightGBM,all,REG_TEXT_FOOD_WINE_POLISH_MARKET_PRICES,0.1768253177804005,4
LightGBM,ft,REG_TEXT_FOOD_WINE_POLISH_MARKET_PRICES,0.389339558920136,0
LightGBM,ft,REG_TEXT_FOOD_WINE_POLISH_MARKET_PRICES,0.4937846963389679,1
LightGBM,ft,REG_TEXT_FOOD_WINE_POLISH_MARKET_PRICES,0.6088565271881614,2
LightGBM,ft,REG_TEXT_FOOD_WINE_POLISH_MARKET_PRICES,0.409829086996606,3
LightGBM,ft,REG_TEXT_FOOD_WINE_POLISH_MARKET_PRICES,0.1936421060541906,4
LightGBM,no_text,REG_TEXT_FOOD_WINE_POLISH_MARKET_PRICES,0.4302633233389781,0
LightGBM,no_text,REG_TEXT_FOOD_WINE_POLISH_MARKET_PRICES,0.1383102925207791,1
LightGBM,no_text,REG_TEXT_FOOD_WINE_POLISH_MARKET_PRICES,0.7109789939662581,2
LightGBM,no_text,REG_TEXT_FOOD_WINE_POLISH_MARKET_PRICES,0.264949983178814,3
LightGBM,no_text,REG_TEXT_FOOD_WINE_POLISH_MARKET_PRICES,0.2752634182054306,4
LightGBM,text_only,REG_TEXT_FOOD_WINE_POLISH_MARKET_PRICES,0.0553392183078028,0
LightGBM,text_only,REG_TEXT_FOOD_WINE_POLISH_MARKET_PRICES,-0.103840374093451,1
LightGBM,text_only,REG_TEXT_FOOD_WINE_POLISH_MARKET_PRICES,0.0654468505334687,2
LightGBM,text_only,REG_TEXT_FOOD_WINE_POLISH_MARKET_PRICES,0.2258328485917808,3
LightGBM,text_only,REG_TEXT_FOOD_WINE_POLISH_MARKET_PRICES,0.146695802209387,4
RandomForest,all,REG_TEXT_FOOD_WINE_POLISH_MARKET_PRICES,0.5359218419181817,0
RandomForest,all,REG_TEXT_FOOD_WINE_POLISH_MARKET_PRICES,0.5579896258581483,1
RandomForest,all,REG_TEXT_FOOD_WINE_POLISH_MARKET_PRICES,0.657634302368095,2
RandomForest,all,REG_TEXT_FOOD_WINE_POLISH_MARKET_PRICES,0.3186201258938834,3
RandomForest,all,REG_TEXT_FOOD_WINE_POLISH_MARKET_PRICES,0.2452386715466961,4
RandomForest,ft,REG_TEXT_FOOD_WINE_POLISH_MARKET_PRICES,0.5651779176628486,0
RandomForest,ft,REG_TEXT_FOOD_WINE_POLISH_MARKET_PRICES,0.6616860573817249,1
RandomForest,ft,REG_TEXT_FOOD_WINE_POLISH_MARKET_PRICES,0.584566173520963,2
RandomForest,ft,REG_TEXT_FOOD_WINE_POLISH_MARKET_PRICES,0.3322075177710744,3
RandomForest,ft,REG_TEXT_FOOD_WINE_POLISH_MARKET_PRICES,0.3283865766566984,4
RandomForest,no_text,REG_TEXT_FOOD_WINE_POLISH_MARKET_PRICES,0.5624361996310524,0
RandomForest,no_text,REG_TEXT_FOOD_WINE_POLISH_MARKET_PRICES,-0.3647878207351998,1
RandomForest,no_text,REG_TEXT_FOOD_WINE_POLISH_MARKET_PRICES,0.4306810497426321,2
RandomForest,no_text,REG_TEXT_FOOD_WINE_POLISH_MARKET_PRICES,0.2721961783361685,3
RandomForest,no_text,REG_TEXT_FOOD_WINE_POLISH_MARKET_PRICES,0.3695795634506061,4
RandomForest,text_only,REG_TEXT_FOOD_WINE_POLISH_MARKET_PRICES,0.0821343208775017,0
RandomForest,text_only,REG_TEXT_FOOD_WINE_POLISH_MARKET_PRICES,0.0418267095378609,1
RandomForest,text_only,REG_TEXT_FOOD_WINE_POLISH_MARKET_PRICES,-0.0569236487082278,2
RandomForest,text_only,REG_TEXT_FOOD_WINE_POLISH_MARKET_PRICES,-0.63766519441224,3
RandomForest,text_only,REG_TEXT_FOOD_WINE_POLISH_MARKET_PRICES,0.2314909278598914,4
RealMLP,all,REG_TEXT_FOOD_WINE_POLISH_MARKET_PRICES,0.3086956030424019,0
RealMLP,all,REG_TEXT_FOOD_WINE_POLISH_MARKET_PRICES,0.6718413630800022,1
RealMLP,all,REG_TEXT_FOOD_WINE_POLISH_MARKET_PRICES,0.739071569141134,2
RealMLP,all,REG_TEXT_FOOD_WINE_POLISH_MARKET_PRICES,0.6617614090865279,3
RealMLP,all,REG_TEXT_FOOD_WINE_POLISH_MARKET_PRICES,0.2554731214429491,4
RealMLP,ft,REG_TEXT_FOOD_WINE_POLISH_MARKET_PRICES,0.4576664808172859,0
RealMLP,ft,REG_TEXT_FOOD_WINE_POLISH_MARKET_PRICES,0.5130114804452826,1
RealMLP,ft,REG_TEXT_FOOD_WINE_POLISH_MARKET_PRICES,0.6154241961818533,2
RealMLP,ft,REG_TEXT_FOOD_WINE_POLISH_MARKET_PRICES,0.6494371497933481,3
RealMLP,ft,REG_TEXT_FOOD_WINE_POLISH_MARKET_PRICES,0.2131391510952088,4
RealMLP,no_text,REG_TEXT_FOOD_WINE_POLISH_MARKET_PRICES,0.7673111131561585,0
RealMLP,no_text,REG_TEXT_FOOD_WINE_POLISH_MARKET_PRICES,0.5300806430593124,1
RealMLP,no_text,REG_TEXT_FOOD_WINE_POLISH_MARKET_PRICES,0.4143992649619407,2
RealMLP,no_text,REG_TEXT_FOOD_WINE_POLISH_MARKET_PRICES,0.4888139722398459,3
RealMLP,no_text,REG_TEXT_FOOD_WINE_POLISH_MARKET_PRICES,0.3651028028766132,4
RealMLP,text_only,REG_TEXT_FOOD_WINE_POLISH_MARKET_PRICES,0.0369407664137362,0
RealMLP,text_only,REG_TEXT_FOOD_WINE_POLISH_MARKET_PRICES,0.3339788819563836,1
RealMLP,text_only,REG_TEXT_FOOD_WINE_POLISH_MARKET_PRICES,0.1804527460198446,2
RealMLP,text_only,REG_TEXT_FOOD_WINE_POLISH_MARKET_PRICES,-0.3285855341706045,3
RealMLP,text_only,REG_TEXT_FOOD_WINE_POLISH_MARKET_PRICES,0.067938483232481,4
TabDPT,all,REG_TEXT_FOOD_WINE_POLISH_MARKET_PRICES,0.200055081176885,0
TabDPT,all,REG_TEXT_FOOD_WINE_POLISH_MARKET_PRICES,0.559492552890708,1
TabDPT,all,REG_TEXT_FOOD_WINE_POLISH_MARKET_PRICES,0.3632235790451723,2
TabDPT,all,REG_TEXT_FOOD_WINE_POLISH_MARKET_PRICES,0.3493585229965319,3
TabDPT,all,REG_TEXT_FOOD_WINE_POLISH_MARKET_PRICES,0.33786712072497,4
TabDPT,ft,REG_TEXT_FOOD_WINE_POLISH_MARKET_PRICES,0.2023383504950976,0
TabDPT,ft,REG_TEXT_FOOD_WINE_POLISH_MARKET_PRICES,0.5745631585380961,1
TabDPT,ft,REG_TEXT_FOOD_WINE_POLISH_MARKET_PRICES,0.3540651265932166,2
TabDPT,ft,REG_TEXT_FOOD_WINE_POLISH_MARKET_PRICES,0.3729904734314094,3
TabDPT,ft,REG_TEXT_FOOD_WINE_POLISH_MARKET_PRICES,0.3342545463021359,4
TabDPT,no_text,REG_TEXT_FOOD_WINE_POLISH_MARKET_PRICES,0.1887159874974058,0
TabDPT,no_text,REG_TEXT_FOOD_WINE_POLISH_MARKET_PRICES,0.5255871589954235,1
TabDPT,no_text,REG_TEXT_FOOD_WINE_POLISH_MARKET_PRICES,0.3297803840054398,2
TabDPT,no_text,REG_TEXT_FOOD_WINE_POLISH_MARKET_PRICES,0.2999816619262671,3
TabDPT,no_text,REG_TEXT_FOOD_WINE_POLISH_MARKET_PRICES,0.3344019776206839,4
TabDPT,text_only,REG_TEXT_FOOD_WINE_POLISH_MARKET_PRICES,0.1120304149082901,0
TabDPT,text_only,REG_TEXT_FOOD_WINE_POLISH_MARKET_PRICES,0.3800333306494158,1
TabDPT,text_only,REG_TEXT_FOOD_WINE_POLISH_MARKET_PRICES,0.2100428768764776,2
TabDPT,text_only,REG_TEXT_FOOD_WINE_POLISH_MARKET_PRICES,0.2921064621438272,3
TabDPT,text_only,REG_TEXT_FOOD_WINE_POLISH_MARKET_PRICES,0.2327165422934434,4
TabICLv2,all,REG_TEXT_FOOD_WINE_POLISH_MARKET_PRICES,0.4756310208460519,0
TabICLv2,all,REG_TEXT_FOOD_WINE_POLISH_MARKET_PRICES,0.5924326115290888,1
TabICLv2,all,REG_TEXT_FOOD_WINE_POLISH_MARKET_PRICES,0.8651568019163139,2
TabICLv2,all,REG_TEXT_FOOD_WINE_POLISH_MARKET_PRICES,0.8353513032319276,3
TabICLv2,all,REG_TEXT_FOOD_WINE_POLISH_MARKET_PRICES,0.6719788902390845,4
TabICLv2,ft,REG_TEXT_FOOD_WINE_POLISH_MARKET_PRICES,0.4681229706739501,0
TabICLv2,ft,REG_TEXT_FOOD_WINE_POLISH_MARKET_PRICES,0.5590691813690234,1
TabICLv2,ft,REG_TEXT_FOOD_WINE_POLISH_MARKET_PRICES,0.8529805532408321,2
TabICLv2,ft,REG_TEXT_FOOD_WINE_POLISH_MARKET_PRICES,0.7936619454351161,3
TabICLv2,ft,REG_TEXT_FOOD_WINE_POLISH_MARKET_PRICES,0.6596837797609976,4
TabICLv2,no_text,REG_TEXT_FOOD_WINE_POLISH_MARKET_PRICES,0.5819877937244058,0
TabICLv2,no_text,REG_TEXT_FOOD_WINE_POLISH_MARKET_PRICES,0.1106447889684978,1
TabICLv2,no_text,REG_TEXT_FOOD_WINE_POLISH_MARKET_PRICES,0.6841257589949835,2
TabICLv2,no_text,REG_TEXT_FOOD_WINE_POLISH_MARKET_PRICES,0.3931619748258061,3
TabICLv2,no_text,REG_TEXT_FOOD_WINE_POLISH_MARKET_PRICES,0.5831592439378004,4
TabICLv2,text_only,REG_TEXT_FOOD_WINE_POLISH_MARKET_PRICES,0.1200167524182972,0
TabICLv2,text_only,REG_TEXT_FOOD_WINE_POLISH_MARKET_PRICES,0.2485799767263339,1
TabICLv2,text_only,REG_TEXT_FOOD_WINE_POLISH_MARKET_PRICES,0.2149300948246304,2
TabICLv2,text_only,REG_TEXT_FOOD_WINE_POLISH_MARKET_PRICES,0.6601413366531876,3
TabICLv2,text_only,REG_TEXT_FOOD_WINE_POLISH_MARKET_PRICES,0.3683614158567919,4
TabM,all,REG_TEXT_FOOD_WINE_POLISH_MARKET_PRICES,0.7327657317365641,0
TabM,all,REG_TEXT_FOOD_WINE_POLISH_MARKET_PRICES,0.5988545288893922,1
TabM,all,REG_TEXT_FOOD_WINE_POLISH_MARKET_PRICES,0.6359393269082068,2
TabM,all,REG_TEXT_FOOD_WINE_POLISH_MARKET_PRICES,0.3360603982861158,3
TabM,all,REG_TEXT_FOOD_WINE_POLISH_MARKET_PRICES,0.1827957610558827,4
TabM,ft,REG_TEXT_FOOD_WINE_POLISH_MARKET_PRICES,0.7724260433439982,0
TabM,ft,REG_TEXT_FOOD_WINE_POLISH_MARKET_PRICES,0.2983263545067007,1
TabM,ft,REG_TEXT_FOOD_WINE_POLISH_MARKET_PRICES,0.4928084383918372,2
TabM,ft,REG_TEXT_FOOD_WINE_POLISH_MARKET_PRICES,0.244437956859024,3
TabM,ft,REG_TEXT_FOOD_WINE_POLISH_MARKET_PRICES,0.2168297556296125,4
TabM,no_text,REG_TEXT_FOOD_WINE_POLISH_MARKET_PRICES,0.6630606108643696,0
TabM,no_text,REG_TEXT_FOOD_WINE_POLISH_MARKET_PRICES,0.6358361293206554,1
TabM,no_text,REG_TEXT_FOOD_WINE_POLISH_MARKET_PRICES,-0.2579245433633772,2
TabM,no_text,REG_TEXT_FOOD_WINE_POLISH_MARKET_PRICES,0.6188888284844425,3
TabM,no_text,REG_TEXT_FOOD_WINE_POLISH_MARKET_PRICES,0.4190090275228897,4
TabM,text_only,REG_TEXT_FOOD_WINE_POLISH_MARKET_PRICES,0.0748288275596785,0
TabM,text_only,REG_TEXT_FOOD_WINE_POLISH_MARKET_PRICES,0.4287671724037933,1
TabM,text_only,REG_TEXT_FOOD_WINE_POLISH_MARKET_PRICES,0.0890279459275191,2
TabM,text_only,REG_TEXT_FOOD_WINE_POLISH_MARKET_PRICES,0.3349500347822933,3
TabM,text_only,REG_TEXT_FOOD_WINE_POLISH_MARKET_PRICES,0.1310040499978805,4
TabPFN-2.5,all,REG_TEXT_FOOD_WINE_POLISH_MARKET_PRICES,0.5750830489341301,0
TabPFN-2.5,all,REG_TEXT_FOOD_WINE_POLISH_MARKET_PRICES,0.6933264106685983,1
TabPFN-2.5,all,REG_TEXT_FOOD_WINE_POLISH_MARKET_PRICES,0.8284124762933842,2
TabPFN-2.5,all,REG_TEXT_FOOD_WINE_POLISH_MARKET_PRICES,0.6566358913455769,3
TabPFN-2.5,all,REG_TEXT_FOOD_WINE_POLISH_MARKET_PRICES,0.52131015049418,4
TabPFN-2.5,ft,REG_TEXT_FOOD_WINE_POLISH_MARKET_PRICES,0.5675838008846446,0
TabPFN-2.5,ft,REG_TEXT_FOOD_WINE_POLISH_MARKET_PRICES,0.5742927983427797,1
TabPFN-2.5,ft,REG_TEXT_FOOD_WINE_POLISH_MARKET_PRICES,0.8431408171770305,2
TabPFN-2.5,ft,REG_TEXT_FOOD_WINE_POLISH_MARKET_PRICES,0.5514898933323299,3
TabPFN-2.5,ft,REG_TEXT_FOOD_WINE_POLISH_MARKET_PRICES,0.5075596853536166,4
TabPFN-2.5,no_text,REG_TEXT_FOOD_WINE_POLISH_MARKET_PRICES,0.5907889985315946,0
TabPFN-2.5,no_text,REG_TEXT_FOOD_WINE_POLISH_MARKET_PRICES,0.6094102945674339,1
TabPFN-2.5,no_text,REG_TEXT_FOOD_WINE_POLISH_MARKET_PRICES,0.657927072454755,2
TabPFN-2.5,no_text,REG_TEXT_FOOD_WINE_POLISH_MARKET_PRICES,0.4666775676489982,3
TabPFN-2.5,no_text,REG_TEXT_FOOD_WINE_POLISH_MARKET_PRICES,0.4901029522309116,4
TabPFN-2.5,text_only,REG_TEXT_FOOD_WINE_POLISH_MARKET_PRICES,0.1214845636821652,0
TabPFN-2.5,text_only,REG_TEXT_FOOD_WINE_POLISH_MARKET_PRICES,0.4497835605512571,1
TabPFN-2.5,text_only,REG_TEXT_FOOD_WINE_POLISH_MARKET_PRICES,0.2892521866302608,2
TabPFN-2.5,text_only,REG_TEXT_FOOD_WINE_POLISH_MARKET_PRICES,0.4972619948387101,3
TabPFN-2.5,text_only,REG_TEXT_FOOD_WINE_POLISH_MARKET_PRICES,0.2308230385391977,4
TabPFNv2,all,REG_TEXT_FOOD_WINE_POLISH_MARKET_PRICES,0.3927217619029414,0
TabPFNv2,all,REG_TEXT_FOOD_WINE_POLISH_MARKET_PRICES,0.7560733946366592,1
TabPFNv2,all,REG_TEXT_FOOD_WINE_POLISH_MARKET_PRICES,0.4747451451286334,2
TabPFNv2,all,REG_TEXT_FOOD_WINE_POLISH_MARKET_PRICES,0.4409556406329264,3
TabPFNv2,all,REG_TEXT_FOOD_WINE_POLISH_MARKET_PRICES,0.4012460332978519,4
TabPFNv2,ft,REG_TEXT_FOOD_WINE_POLISH_MARKET_PRICES,0.3677541473254079,0
TabPFNv2,ft,REG_TEXT_FOOD_WINE_POLISH_MARKET_PRICES,0.732276780791081,1
TabPFNv2,ft,REG_TEXT_FOOD_WINE_POLISH_MARKET_PRICES,0.4006614040051303,2
TabPFNv2,ft,REG_TEXT_FOOD_WINE_POLISH_MARKET_PRICES,0.3999384937879526,3
TabPFNv2,ft,REG_TEXT_FOOD_WINE_POLISH_MARKET_PRICES,0.3911551070344766,4
TabPFNv2,no_text,REG_TEXT_FOOD_WINE_POLISH_MARKET_PRICES,0.5601582184587351,0
TabPFNv2,no_text,REG_TEXT_FOOD_WINE_POLISH_MARKET_PRICES,0.6707609847071918,1
TabPFNv2,no_text,REG_TEXT_FOOD_WINE_POLISH_MARKET_PRICES,0.5018341013303557,2
TabPFNv2,no_text,REG_TEXT_FOOD_WINE_POLISH_MARKET_PRICES,0.3408408546317778,3
TabPFNv2,no_text,REG_TEXT_FOOD_WINE_POLISH_MARKET_PRICES,0.3885808158153981,4
TabPFNv2,text_only,REG_TEXT_FOOD_WINE_POLISH_MARKET_PRICES,0.098287604945329,0
TabPFNv2,text_only,REG_TEXT_FOOD_WINE_POLISH_MARKET_PRICES,0.5192446706856321,1
TabPFNv2,text_only,REG_TEXT_FOOD_WINE_POLISH_MARKET_PRICES,0.170268043059377,2
TabPFNv2,text_only,REG_TEXT_FOOD_WINE_POLISH_MARKET_PRICES,0.3112830680602578,3
TabPFNv2,text_only,REG_TEXT_FOOD_WINE_POLISH_MARKET_PRICES,0.2049166771945659,4
XGBoost,all,REG_TEXT_FOOD_WINE_POLISH_MARKET_PRICES,0.4144752687595135,0
XGBoost,all,REG_TEXT_FOOD_WINE_POLISH_MARKET_PRICES,0.4897433262786789,1
XGBoost,all,REG_TEXT_FOOD_WINE_POLISH_MARKET_PRICES,0.3239873254628143,2
XGBoost,all,REG_TEXT_FOOD_WINE_POLISH_MARKET_PRICES,0.4616805973016489,3
XGBoost,all,REG_TEXT_FOOD_WINE_POLISH_MARKET_PRICES,0.4248985174428046,4
XGBoost,ft,REG_TEXT_FOOD_WINE_POLISH_MARKET_PRICES,0.4309550934743008,0
XGBoost,ft,REG_TEXT_FOOD_WINE_POLISH_MARKET_PRICES,0.6024338281376009,1
XGBoost,ft,REG_TEXT_FOOD_WINE_POLISH_MARKET_PRICES,-0.2450919183183999,2
XGBoost,ft,REG_TEXT_FOOD_WINE_POLISH_MARKET_PRICES,0.3662649677409451,3
XGBoost,ft,REG_TEXT_FOOD_WINE_POLISH_MARKET_PRICES,0.2775186185271016,4
XGBoost,no_text,REG_TEXT_FOOD_WINE_POLISH_MARKET_PRICES,0.5927487970294432,0
XGBoost,no_text,REG_TEXT_FOOD_WINE_POLISH_MARKET_PRICES,0.4140980021982964,1
XGBoost,no_text,REG_TEXT_FOOD_WINE_POLISH_MARKET_PRICES,0.0509848352865858,2
XGBoost,no_text,REG_TEXT_FOOD_WINE_POLISH_MARKET_PRICES,0.2822178284654505,3
XGBoost,no_text,REG_TEXT_FOOD_WINE_POLISH_MARKET_PRICES,0.2558556583534468,4
XGBoost,text_only,REG_TEXT_FOOD_WINE_POLISH_MARKET_PRICES,0.1077871934421603,0
XGBoost,text_only,REG_TEXT_FOOD_WINE_POLISH_MARKET_PRICES,0.0830153380137953,1
XGBoost,text_only,REG_TEXT_FOOD_WINE_POLISH_MARKET_PRICES,-1.0767334038225354,2
XGBoost,text_only,REG_TEXT_FOOD_WINE_POLISH_MARKET_PRICES,-0.5774016652929215,3
XGBoost,text_only,REG_TEXT_FOOD_WINE_POLISH_MARKET_PRICES,0.0483798552049963,4
CatBoost,all,REG_TEXT_FOOD_WINE_VIVINO_SPAIN,0.8517921106786907,0
CatBoost,all,REG_TEXT_FOOD_WINE_VIVINO_SPAIN,0.8147904562827688,1
CatBoost,all,REG_TEXT_FOOD_WINE_VIVINO_SPAIN,0.8381884197071204,2
CatBoost,all,REG_TEXT_FOOD_WINE_VIVINO_SPAIN,0.8184416326592748,3
CatBoost,all,REG_TEXT_FOOD_WINE_VIVINO_SPAIN,0.8635727575368961,4
CatBoost,ft,REG_TEXT_FOOD_WINE_VIVINO_SPAIN,0.8526839677406682,0
CatBoost,ft,REG_TEXT_FOOD_WINE_VIVINO_SPAIN,0.8067303118040086,1
CatBoost,ft,REG_TEXT_FOOD_WINE_VIVINO_SPAIN,0.8218585581507458,2
CatBoost,ft,REG_TEXT_FOOD_WINE_VIVINO_SPAIN,0.8134297568317761,3
CatBoost,ft,REG_TEXT_FOOD_WINE_VIVINO_SPAIN,0.8482703667140379,4
CatBoost,no_text,REG_TEXT_FOOD_WINE_VIVINO_SPAIN,0.843517778868498,0
CatBoost,no_text,REG_TEXT_FOOD_WINE_VIVINO_SPAIN,0.7790566028444968,1
CatBoost,no_text,REG_TEXT_FOOD_WINE_VIVINO_SPAIN,0.8149512164672483,2
CatBoost,no_text,REG_TEXT_FOOD_WINE_VIVINO_SPAIN,0.8038282995077703,3
CatBoost,no_text,REG_TEXT_FOOD_WINE_VIVINO_SPAIN,0.8348807260047312,4
CatBoost,text_only,REG_TEXT_FOOD_WINE_VIVINO_SPAIN,0.7954701983329695,0
CatBoost,text_only,REG_TEXT_FOOD_WINE_VIVINO_SPAIN,0.7621577650009909,1
CatBoost,text_only,REG_TEXT_FOOD_WINE_VIVINO_SPAIN,0.7628757317768069,2
CatBoost,text_only,REG_TEXT_FOOD_WINE_VIVINO_SPAIN,0.7743924508620023,3
CatBoost,text_only,REG_TEXT_FOOD_WINE_VIVINO_SPAIN,0.7987967841109929,4
LightGBM,all,REG_TEXT_FOOD_WINE_VIVINO_SPAIN,0.8405294890762176,0
LightGBM,all,REG_TEXT_FOOD_WINE_VIVINO_SPAIN,0.8021924086183114,1
LightGBM,all,REG_TEXT_FOOD_WINE_VIVINO_SPAIN,0.8214631835505796,2
LightGBM,all,REG_TEXT_FOOD_WINE_VIVINO_SPAIN,0.8099385632668232,3
LightGBM,all,REG_TEXT_FOOD_WINE_VIVINO_SPAIN,0.8335721940857171,4
LightGBM,ft,REG_TEXT_FOOD_WINE_VIVINO_SPAIN,0.8484268856300263,0
LightGBM,ft,REG_TEXT_FOOD_WINE_VIVINO_SPAIN,0.7990599897537534,1
LightGBM,ft,REG_TEXT_FOOD_WINE_VIVINO_SPAIN,0.8264400896601565,2
LightGBM,ft,REG_TEXT_FOOD_WINE_VIVINO_SPAIN,0.8155282306520424,3
LightGBM,ft,REG_TEXT_FOOD_WINE_VIVINO_SPAIN,0.8365997669186349,4
LightGBM,no_text,REG_TEXT_FOOD_WINE_VIVINO_SPAIN,0.8471305770416664,0
LightGBM,no_text,REG_TEXT_FOOD_WINE_VIVINO_SPAIN,0.7876261810126118,1
LightGBM,no_text,REG_TEXT_FOOD_WINE_VIVINO_SPAIN,0.815133116329704,2
LightGBM,no_text,REG_TEXT_FOOD_WINE_VIVINO_SPAIN,0.7956871096336993,3
LightGBM,no_text,REG_TEXT_FOOD_WINE_VIVINO_SPAIN,0.810389025633061,4
LightGBM,text_only,REG_TEXT_FOOD_WINE_VIVINO_SPAIN,0.781192826720109,0
LightGBM,text_only,REG_TEXT_FOOD_WINE_VIVINO_SPAIN,0.7467595133844322,1
LightGBM,text_only,REG_TEXT_FOOD_WINE_VIVINO_SPAIN,0.7585350307294564,2
LightGBM,text_only,REG_TEXT_FOOD_WINE_VIVINO_SPAIN,0.7645181125813256,3
LightGBM,text_only,REG_TEXT_FOOD_WINE_VIVINO_SPAIN,0.7997202441992121,4
RandomForest,all,REG_TEXT_FOOD_WINE_VIVINO_SPAIN,0.8476167182514907,0
RandomForest,all,REG_TEXT_FOOD_WINE_VIVINO_SPAIN,0.8018271873430833,1
RandomForest,all,REG_TEXT_FOOD_WINE_VIVINO_SPAIN,0.8241234045625097,2
RandomForest,all,REG_TEXT_FOOD_WINE_VIVINO_SPAIN,0.8139991113640562,3
RandomForest,all,REG_TEXT_FOOD_WINE_VIVINO_SPAIN,0.8521087618883839,4
RandomForest,ft,REG_TEXT_FOOD_WINE_VIVINO_SPAIN,0.8381970477682221,0
RandomForest,ft,REG_TEXT_FOOD_WINE_VIVINO_SPAIN,0.814542318392139,1
RandomForest,ft,REG_TEXT_FOOD_WINE_VIVINO_SPAIN,0.8235968781538547,2
RandomForest,ft,REG_TEXT_FOOD_WINE_VIVINO_SPAIN,0.8173915374899535,3
RandomForest,ft,REG_TEXT_FOOD_WINE_VIVINO_SPAIN,0.8517638242961683,4
RandomForest,no_text,REG_TEXT_FOOD_WINE_VIVINO_SPAIN,0.8446137251516239,0
RandomForest,no_text,REG_TEXT_FOOD_WINE_VIVINO_SPAIN,0.7857929978384094,1
RandomForest,no_text,REG_TEXT_FOOD_WINE_VIVINO_SPAIN,0.8157466403617633,2
RandomForest,no_text,REG_TEXT_FOOD_WINE_VIVINO_SPAIN,0.7899303423463736,3
RandomForest,no_text,REG_TEXT_FOOD_WINE_VIVINO_SPAIN,0.8136264461707942,4
RandomForest,text_only,REG_TEXT_FOOD_WINE_VIVINO_SPAIN,0.7945954344540387,0
RandomForest,text_only,REG_TEXT_FOOD_WINE_VIVINO_SPAIN,0.7590739156100701,1
RandomForest,text_only,REG_TEXT_FOOD_WINE_VIVINO_SPAIN,0.7500662520190363,2
RandomForest,text_only,REG_TEXT_FOOD_WINE_VIVINO_SPAIN,0.7607171245887563,3
RandomForest,text_only,REG_TEXT_FOOD_WINE_VIVINO_SPAIN,0.7939997666561989,4
RealMLP,all,REG_TEXT_FOOD_WINE_VIVINO_SPAIN,0.8140873320791612,0
RealMLP,all,REG_TEXT_FOOD_WINE_VIVINO_SPAIN,0.7964738336253379,1
RealMLP,all,REG_TEXT_FOOD_WINE_VIVINO_SPAIN,0.8089393759812021,2
RealMLP,all,REG_TEXT_FOOD_WINE_VIVINO_SPAIN,0.7858674479149972,3
RealMLP,all,REG_TEXT_FOOD_WINE_VIVINO_SPAIN,0.8194844294509255,4
RealMLP,ft,REG_TEXT_FOOD_WINE_VIVINO_SPAIN,0.831847029241419,0
RealMLP,ft,REG_TEXT_FOOD_WINE_VIVINO_SPAIN,0.7842594667423537,1
RealMLP,ft,REG_TEXT_FOOD_WINE_VIVINO_SPAIN,0.8133403809667277,2
RealMLP,ft,REG_TEXT_FOOD_WINE_VIVINO_SPAIN,0.7893486819643156,3
RealMLP,ft,REG_TEXT_FOOD_WINE_VIVINO_SPAIN,0.8221165072583344,4
RealMLP,no_text,REG_TEXT_FOOD_WINE_VIVINO_SPAIN,0.829127989744587,0
RealMLP,no_text,REG_TEXT_FOOD_WINE_VIVINO_SPAIN,0.7470590515878142,1
RealMLP,no_text,REG_TEXT_FOOD_WINE_VIVINO_SPAIN,0.8064943861786341,2
RealMLP,no_text,REG_TEXT_FOOD_WINE_VIVINO_SPAIN,0.7807546891296381,3
RealMLP,no_text,REG_TEXT_FOOD_WINE_VIVINO_SPAIN,0.8419795610419009,4
RealMLP,text_only,REG_TEXT_FOOD_WINE_VIVINO_SPAIN,0.7841337464158005,0
RealMLP,text_only,REG_TEXT_FOOD_WINE_VIVINO_SPAIN,0.7419493318096853,1
RealMLP,text_only,REG_TEXT_FOOD_WINE_VIVINO_SPAIN,0.7133095193253727,2
RealMLP,text_only,REG_TEXT_FOOD_WINE_VIVINO_SPAIN,0.7331695564875438,3
RealMLP,text_only,REG_TEXT_FOOD_WINE_VIVINO_SPAIN,0.7875556075272685,4
TabDPT,all,REG_TEXT_FOOD_WINE_VIVINO_SPAIN,0.8537339452394487,0
TabDPT,all,REG_TEXT_FOOD_WINE_VIVINO_SPAIN,0.8099825567704266,1
TabDPT,all,REG_TEXT_FOOD_WINE_VIVINO_SPAIN,0.8272385508442228,2
TabDPT,all,REG_TEXT_FOOD_WINE_VIVINO_SPAIN,0.8110404706164005,3
TabDPT,all,REG_TEXT_FOOD_WINE_VIVINO_SPAIN,0.8488830669426174,4
TabDPT,ft,REG_TEXT_FOOD_WINE_VIVINO_SPAIN,0.8548000755109899,0
TabDPT,ft,REG_TEXT_FOOD_WINE_VIVINO_SPAIN,0.8170176711293666,1
TabDPT,ft,REG_TEXT_FOOD_WINE_VIVINO_SPAIN,0.8269056426043723,2
TabDPT,ft,REG_TEXT_FOOD_WINE_VIVINO_SPAIN,0.8179620929888226,3
TabDPT,ft,REG_TEXT_FOOD_WINE_VIVINO_SPAIN,0.8614255177736495,4
TabDPT,no_text,REG_TEXT_FOOD_WINE_VIVINO_SPAIN,0.8600637991297391,0
TabDPT,no_text,REG_TEXT_FOOD_WINE_VIVINO_SPAIN,0.7909751737338291,1
TabDPT,no_text,REG_TEXT_FOOD_WINE_VIVINO_SPAIN,0.8203304837898826,2
TabDPT,no_text,REG_TEXT_FOOD_WINE_VIVINO_SPAIN,0.8112996408144263,3
TabDPT,no_text,REG_TEXT_FOOD_WINE_VIVINO_SPAIN,0.8547625180385318,4
TabDPT,text_only,REG_TEXT_FOOD_WINE_VIVINO_SPAIN,0.7993367730486854,0
TabDPT,text_only,REG_TEXT_FOOD_WINE_VIVINO_SPAIN,0.7721783723030723,1
TabDPT,text_only,REG_TEXT_FOOD_WINE_VIVINO_SPAIN,0.7532952497508423,2
TabDPT,text_only,REG_TEXT_FOOD_WINE_VIVINO_SPAIN,0.7746837952779548,3
TabDPT,text_only,REG_TEXT_FOOD_WINE_VIVINO_SPAIN,0.8052701909964248,4
TabICLv2,all,REG_TEXT_FOOD_WINE_VIVINO_SPAIN,0.8563029620470077,0
TabICLv2,all,REG_TEXT_FOOD_WINE_VIVINO_SPAIN,0.8148248321170726,1
TabICLv2,all,REG_TEXT_FOOD_WINE_VIVINO_SPAIN,0.8277305403741191,2
TabICLv2,all,REG_TEXT_FOOD_WINE_VIVINO_SPAIN,0.8276510876919927,3
TabICLv2,all,REG_TEXT_FOOD_WINE_VIVINO_SPAIN,0.8494340108658844,4
TabICLv2,ft,REG_TEXT_FOOD_WINE_VIVINO_SPAIN,0.8598788733298034,0
TabICLv2,ft,REG_TEXT_FOOD_WINE_VIVINO_SPAIN,0.81067391720417,1
TabICLv2,ft,REG_TEXT_FOOD_WINE_VIVINO_SPAIN,0.8255751296335536,2
TabICLv2,ft,REG_TEXT_FOOD_WINE_VIVINO_SPAIN,0.8269795604951246,3
TabICLv2,ft,REG_TEXT_FOOD_WINE_VIVINO_SPAIN,0.8505880193529304,4
TabICLv2,no_text,REG_TEXT_FOOD_WINE_VIVINO_SPAIN,0.8518101744066066,0
TabICLv2,no_text,REG_TEXT_FOOD_WINE_VIVINO_SPAIN,0.794575904254274,1
TabICLv2,no_text,REG_TEXT_FOOD_WINE_VIVINO_SPAIN,0.82170272984658,2
TabICLv2,no_text,REG_TEXT_FOOD_WINE_VIVINO_SPAIN,0.8052093188087922,3
TabICLv2,no_text,REG_TEXT_FOOD_WINE_VIVINO_SPAIN,0.8603445732851918,4
TabICLv2,text_only,REG_TEXT_FOOD_WINE_VIVINO_SPAIN,0.8156534523602572,0
TabICLv2,text_only,REG_TEXT_FOOD_WINE_VIVINO_SPAIN,0.7780119488507795,1
TabICLv2,text_only,REG_TEXT_FOOD_WINE_VIVINO_SPAIN,0.7753026502158249,2
TabICLv2,text_only,REG_TEXT_FOOD_WINE_VIVINO_SPAIN,0.7785346994045491,3
TabICLv2,text_only,REG_TEXT_FOOD_WINE_VIVINO_SPAIN,0.8167457645481009,4
TabM,all,REG_TEXT_FOOD_WINE_VIVINO_SPAIN,0.8445305932346068,0
TabM,all,REG_TEXT_FOOD_WINE_VIVINO_SPAIN,0.7916043088290474,1
TabM,all,REG_TEXT_FOOD_WINE_VIVINO_SPAIN,0.8295740183829813,2
TabM,all,REG_TEXT_FOOD_WINE_VIVINO_SPAIN,0.8017291555262419,3
TabM,all,REG_TEXT_FOOD_WINE_VIVINO_SPAIN,0.8523188275718133,4
TabM,ft,REG_TEXT_FOOD_WINE_VIVINO_SPAIN,0.8545632106440241,0
TabM,ft,REG_TEXT_FOOD_WINE_VIVINO_SPAIN,0.8013963100426307,1
TabM,ft,REG_TEXT_FOOD_WINE_VIVINO_SPAIN,0.8259681783733265,2
TabM,ft,REG_TEXT_FOOD_WINE_VIVINO_SPAIN,0.8044025067207606,3
TabM,ft,REG_TEXT_FOOD_WINE_VIVINO_SPAIN,0.8567153208566367,4
TabM,no_text,REG_TEXT_FOOD_WINE_VIVINO_SPAIN,0.8487577401317825,0
TabM,no_text,REG_TEXT_FOOD_WINE_VIVINO_SPAIN,0.7845178248404303,1
TabM,no_text,REG_TEXT_FOOD_WINE_VIVINO_SPAIN,0.8244789145397406,2
TabM,no_text,REG_TEXT_FOOD_WINE_VIVINO_SPAIN,0.7950758234178796,3
TabM,no_text,REG_TEXT_FOOD_WINE_VIVINO_SPAIN,0.8443821880520322,4
TabM,text_only,REG_TEXT_FOOD_WINE_VIVINO_SPAIN,0.7850963245091707,0
TabM,text_only,REG_TEXT_FOOD_WINE_VIVINO_SPAIN,0.7553083272786951,1
TabM,text_only,REG_TEXT_FOOD_WINE_VIVINO_SPAIN,0.757695457076939,2
TabM,text_only,REG_TEXT_FOOD_WINE_VIVINO_SPAIN,0.7708013999061369,3
TabM,text_only,REG_TEXT_FOOD_WINE_VIVINO_SPAIN,0.7854533950115433,4
TabPFN-2.5,all,REG_TEXT_FOOD_WINE_VIVINO_SPAIN,0.8535953906660629,0
TabPFN-2.5,all,REG_TEXT_FOOD_WINE_VIVINO_SPAIN,0.8100721973991796,1
TabPFN-2.5,all,REG_TEXT_FOOD_WINE_VIVINO_SPAIN,0.8284117163854166,2
TabPFN-2.5,all,REG_TEXT_FOOD_WINE_VIVINO_SPAIN,0.8141432678446814,3
TabPFN-2.5,all,REG_TEXT_FOOD_WINE_VIVINO_SPAIN,0.8663606923818712,4
TabPFN-2.5,ft,REG_TEXT_FOOD_WINE_VIVINO_SPAIN,0.8565447699265514,0
TabPFN-2.5,ft,REG_TEXT_FOOD_WINE_VIVINO_SPAIN,0.8112418707979607,1
TabPFN-2.5,ft,REG_TEXT_FOOD_WINE_VIVINO_SPAIN,0.8146903567172603,2
TabPFN-2.5,ft,REG_TEXT_FOOD_WINE_VIVINO_SPAIN,0.8222579093018292,3
TabPFN-2.5,ft,REG_TEXT_FOOD_WINE_VIVINO_SPAIN,0.8565749282703714,4
TabPFN-2.5,no_text,REG_TEXT_FOOD_WINE_VIVINO_SPAIN,0.8462693627316636,0
TabPFN-2.5,no_text,REG_TEXT_FOOD_WINE_VIVINO_SPAIN,0.7909297704727646,1
TabPFN-2.5,no_text,REG_TEXT_FOOD_WINE_VIVINO_SPAIN,0.8143876954453855,2
TabPFN-2.5,no_text,REG_TEXT_FOOD_WINE_VIVINO_SPAIN,0.8011869152175057,3
TabPFN-2.5,no_text,REG_TEXT_FOOD_WINE_VIVINO_SPAIN,0.856433695943094,4
TabPFN-2.5,text_only,REG_TEXT_FOOD_WINE_VIVINO_SPAIN,0.797663286815337,0
TabPFN-2.5,text_only,REG_TEXT_FOOD_WINE_VIVINO_SPAIN,0.7643691313535723,1
TabPFN-2.5,text_only,REG_TEXT_FOOD_WINE_VIVINO_SPAIN,0.7602068117180429,2
TabPFN-2.5,text_only,REG_TEXT_FOOD_WINE_VIVINO_SPAIN,0.7634678111341326,3
TabPFN-2.5,text_only,REG_TEXT_FOOD_WINE_VIVINO_SPAIN,0.8041758935976167,4
TabPFNv2,all,REG_TEXT_FOOD_WINE_VIVINO_SPAIN,0.8327023375136217,0
TabPFNv2,all,REG_TEXT_FOOD_WINE_VIVINO_SPAIN,0.7997049949420578,1
TabPFNv2,all,REG_TEXT_FOOD_WINE_VIVINO_SPAIN,0.8111275275229324,2
TabPFNv2,all,REG_TEXT_FOOD_WINE_VIVINO_SPAIN,0.8012364764676949,3
TabPFNv2,all,REG_TEXT_FOOD_WINE_VIVINO_SPAIN,0.8657873276573902,4
TabPFNv2,ft,REG_TEXT_FOOD_WINE_VIVINO_SPAIN,0.8389203099571583,0
TabPFNv2,ft,REG_TEXT_FOOD_WINE_VIVINO_SPAIN,0.8046504372746586,1
TabPFNv2,ft,REG_TEXT_FOOD_WINE_VIVINO_SPAIN,0.8051031832432,2
TabPFNv2,ft,REG_TEXT_FOOD_WINE_VIVINO_SPAIN,0.8103924905974784,3
TabPFNv2,ft,REG_TEXT_FOOD_WINE_VIVINO_SPAIN,0.8452909994317278,4
TabPFNv2,no_text,REG_TEXT_FOOD_WINE_VIVINO_SPAIN,0.8320005763612507,0
TabPFNv2,no_text,REG_TEXT_FOOD_WINE_VIVINO_SPAIN,0.7897123214705415,1
TabPFNv2,no_text,REG_TEXT_FOOD_WINE_VIVINO_SPAIN,0.7954072184647989,2
TabPFNv2,no_text,REG_TEXT_FOOD_WINE_VIVINO_SPAIN,0.7923737500079895,3
TabPFNv2,no_text,REG_TEXT_FOOD_WINE_VIVINO_SPAIN,0.8486709815668863,4
TabPFNv2,text_only,REG_TEXT_FOOD_WINE_VIVINO_SPAIN,0.7702551337810234,0
TabPFNv2,text_only,REG_TEXT_FOOD_WINE_VIVINO_SPAIN,0.7449797638177506,1
TabPFNv2,text_only,REG_TEXT_FOOD_WINE_VIVINO_SPAIN,0.746296923269616,2
TabPFNv2,text_only,REG_TEXT_FOOD_WINE_VIVINO_SPAIN,0.743581941158661,3
TabPFNv2,text_only,REG_TEXT_FOOD_WINE_VIVINO_SPAIN,0.8105022783601459,4
XGBoost,all,REG_TEXT_FOOD_WINE_VIVINO_SPAIN,0.8420212368970752,0
XGBoost,all,REG_TEXT_FOOD_WINE_VIVINO_SPAIN,0.7740243158096529,1
XGBoost,all,REG_TEXT_FOOD_WINE_VIVINO_SPAIN,0.823790962189671,2
XGBoost,all,REG_TEXT_FOOD_WINE_VIVINO_SPAIN,0.8302353535702757,3
XGBoost,all,REG_TEXT_FOOD_WINE_VIVINO_SPAIN,0.8183681377007013,4
XGBoost,ft,REG_TEXT_FOOD_WINE_VIVINO_SPAIN,0.8390122828144975,0
XGBoost,ft,REG_TEXT_FOOD_WINE_VIVINO_SPAIN,0.7954489685484607,1
XGBoost,ft,REG_TEXT_FOOD_WINE_VIVINO_SPAIN,0.8070564793092236,2
XGBoost,ft,REG_TEXT_FOOD_WINE_VIVINO_SPAIN,0.8047686546483026,3
XGBoost,ft,REG_TEXT_FOOD_WINE_VIVINO_SPAIN,0.8245489644706185,4
XGBoost,no_text,REG_TEXT_FOOD_WINE_VIVINO_SPAIN,0.8386228521327193,0
XGBoost,no_text,REG_TEXT_FOOD_WINE_VIVINO_SPAIN,0.7824229003374448,1
XGBoost,no_text,REG_TEXT_FOOD_WINE_VIVINO_SPAIN,0.8196146234884469,2
XGBoost,no_text,REG_TEXT_FOOD_WINE_VIVINO_SPAIN,0.8049686474358475,3
XGBoost,no_text,REG_TEXT_FOOD_WINE_VIVINO_SPAIN,0.8347434046042334,4
XGBoost,text_only,REG_TEXT_FOOD_WINE_VIVINO_SPAIN,0.7924655877978152,0
XGBoost,text_only,REG_TEXT_FOOD_WINE_VIVINO_SPAIN,0.7468897959684553,1
XGBoost,text_only,REG_TEXT_FOOD_WINE_VIVINO_SPAIN,0.7343203502547261,2
XGBoost,text_only,REG_TEXT_FOOD_WINE_VIVINO_SPAIN,0.7567333981307162,3
XGBoost,text_only,REG_TEXT_FOOD_WINE_VIVINO_SPAIN,0.774051727763652,4
CatBoost,all,REG_TEXT_FOOD_ZOMATO_RESTAURANTS,0.818909584764638,0
CatBoost,all,REG_TEXT_FOOD_ZOMATO_RESTAURANTS,0.8240804859765006,1
CatBoost,all,REG_TEXT_FOOD_ZOMATO_RESTAURANTS,0.8282011781617783,2
CatBoost,all,REG_TEXT_FOOD_ZOMATO_RESTAURANTS,0.827531384749283,3
CatBoost,all,REG_TEXT_FOOD_ZOMATO_RESTAURANTS,0.8261186729316076,4
CatBoost,ft,REG_TEXT_FOOD_ZOMATO_RESTAURANTS,0.831271089722373,0
CatBoost,ft,REG_TEXT_FOOD_ZOMATO_RESTAURANTS,0.846130234109878,1
CatBoost,ft,REG_TEXT_FOOD_ZOMATO_RESTAURANTS,0.8326883745241845,2
CatBoost,ft,REG_TEXT_FOOD_ZOMATO_RESTAURANTS,0.8380387967207952,3
CatBoost,ft,REG_TEXT_FOOD_ZOMATO_RESTAURANTS,0.8423322863077101,4
CatBoost,no_text,REG_TEXT_FOOD_ZOMATO_RESTAURANTS,0.5750196112814945,0
CatBoost,no_text,REG_TEXT_FOOD_ZOMATO_RESTAURANTS,0.5807531223564543,1
CatBoost,no_text,REG_TEXT_FOOD_ZOMATO_RESTAURANTS,0.5881380023741138,2
CatBoost,no_text,REG_TEXT_FOOD_ZOMATO_RESTAURANTS,0.5926217992735753,3
CatBoost,no_text,REG_TEXT_FOOD_ZOMATO_RESTAURANTS,0.561849190046746,4
CatBoost,text_only,REG_TEXT_FOOD_ZOMATO_RESTAURANTS,0.800977247464922,0
CatBoost,text_only,REG_TEXT_FOOD_ZOMATO_RESTAURANTS,0.8033585110692191,1
CatBoost,text_only,REG_TEXT_FOOD_ZOMATO_RESTAURANTS,0.8024283063572369,2
CatBoost,text_only,REG_TEXT_FOOD_ZOMATO_RESTAURANTS,0.8083916056995967,3
CatBoost,text_only,REG_TEXT_FOOD_ZOMATO_RESTAURANTS,0.7969605640716668,4
LightGBM,all,REG_TEXT_FOOD_ZOMATO_RESTAURANTS,0.7816504357047218,0
LightGBM,all,REG_TEXT_FOOD_ZOMATO_RESTAURANTS,0.7841231949429687,1
LightGBM,all,REG_TEXT_FOOD_ZOMATO_RESTAURANTS,0.7750622602608991,2
LightGBM,all,REG_TEXT_FOOD_ZOMATO_RESTAURANTS,0.7796888914955376,3
LightGBM,all,REG_TEXT_FOOD_ZOMATO_RESTAURANTS,0.7761182238889177,4
LightGBM,ft,REG_TEXT_FOOD_ZOMATO_RESTAURANTS,0.7979091409370976,0
LightGBM,ft,REG_TEXT_FOOD_ZOMATO_RESTAURANTS,0.8055485588130677,1
LightGBM,ft,REG_TEXT_FOOD_ZOMATO_RESTAURANTS,0.7987975958610928,2
LightGBM,ft,REG_TEXT_FOOD_ZOMATO_RESTAURANTS,0.809857214013805,3
LightGBM,ft,REG_TEXT_FOOD_ZOMATO_RESTAURANTS,0.8098117977934324,4
LightGBM,no_text,REG_TEXT_FOOD_ZOMATO_RESTAURANTS,0.5950194079603413,0
LightGBM,no_text,REG_TEXT_FOOD_ZOMATO_RESTAURANTS,0.5983741318985295,1
LightGBM,no_text,REG_TEXT_FOOD_ZOMATO_RESTAURANTS,0.6130168275608575,2
LightGBM,no_text,REG_TEXT_FOOD_ZOMATO_RESTAURANTS,0.6040780890982778,3
LightGBM,no_text,REG_TEXT_FOOD_ZOMATO_RESTAURANTS,0.579290480217981,4
LightGBM,text_only,REG_TEXT_FOOD_ZOMATO_RESTAURANTS,0.7295125760812657,0
LightGBM,text_only,REG_TEXT_FOOD_ZOMATO_RESTAURANTS,0.7340103059825174,1
LightGBM,text_only,REG_TEXT_FOOD_ZOMATO_RESTAURANTS,0.7374509405001141,2
LightGBM,text_only,REG_TEXT_FOOD_ZOMATO_RESTAURANTS,0.745905575332114,3
LightGBM,text_only,REG_TEXT_FOOD_ZOMATO_RESTAURANTS,0.7266949408320732,4
RandomForest,all,REG_TEXT_FOOD_ZOMATO_RESTAURANTS,0.7755867939499339,0
RandomForest,all,REG_TEXT_FOOD_ZOMATO_RESTAURANTS,0.7962712375651224,1
RandomForest,all,REG_TEXT_FOOD_ZOMATO_RESTAURANTS,0.7886651802077038,2
RandomForest,all,REG_TEXT_FOOD_ZOMATO_RESTAURANTS,0.7763013528016185,3
RandomForest,all,REG_TEXT_FOOD_ZOMATO_RESTAURANTS,0.7792207133490286,4
RandomForest,ft,REG_TEXT_FOOD_ZOMATO_RESTAURANTS,0.806747396993811,0
RandomForest,ft,REG_TEXT_FOOD_ZOMATO_RESTAURANTS,0.8149649255217669,1
RandomForest,ft,REG_TEXT_FOOD_ZOMATO_RESTAURANTS,0.8099111175491385,2
RandomForest,ft,REG_TEXT_FOOD_ZOMATO_RESTAURANTS,0.8047568733986165,3
RandomForest,ft,REG_TEXT_FOOD_ZOMATO_RESTAURANTS,0.8067462776442719,4
RandomForest,no_text,REG_TEXT_FOOD_ZOMATO_RESTAURANTS,0.6475180418488815,0
RandomForest,no_text,REG_TEXT_FOOD_ZOMATO_RESTAURANTS,0.6522263691985132,1
RandomForest,no_text,REG_TEXT_FOOD_ZOMATO_RESTAURANTS,0.6414653030832926,2
RandomForest,no_text,REG_TEXT_FOOD_ZOMATO_RESTAURANTS,0.6368961695611386,3
RandomForest,no_text,REG_TEXT_FOOD_ZOMATO_RESTAURANTS,0.6462363378208933,4
RandomForest,text_only,REG_TEXT_FOOD_ZOMATO_RESTAURANTS,0.7454836724805072,0
RandomForest,text_only,REG_TEXT_FOOD_ZOMATO_RESTAURANTS,0.7629316007862886,1
RandomForest,text_only,REG_TEXT_FOOD_ZOMATO_RESTAURANTS,0.7606232235165078,2
RandomForest,text_only,REG_TEXT_FOOD_ZOMATO_RESTAURANTS,0.7544500241476357,3
RandomForest,text_only,REG_TEXT_FOOD_ZOMATO_RESTAURANTS,0.7404349530579493,4
RealMLP,all,REG_TEXT_FOOD_ZOMATO_RESTAURANTS,0.8355419953021154,0
RealMLP,all,REG_TEXT_FOOD_ZOMATO_RESTAURANTS,0.8508417200317321,1
RealMLP,all,REG_TEXT_FOOD_ZOMATO_RESTAURANTS,0.8344271904193834,2
RealMLP,all,REG_TEXT_FOOD_ZOMATO_RESTAURANTS,0.8415494056801758,3
RealMLP,all,REG_TEXT_FOOD_ZOMATO_RESTAURANTS,0.8456873425025548,4
RealMLP,ft,REG_TEXT_FOOD_ZOMATO_RESTAURANTS,0.858541784551418,0
RealMLP,ft,REG_TEXT_FOOD_ZOMATO_RESTAURANTS,0.8413414336740465,1
RealMLP,ft,REG_TEXT_FOOD_ZOMATO_RESTAURANTS,0.8395415008030453,2
RealMLP,ft,REG_TEXT_FOOD_ZOMATO_RESTAURANTS,0.8492689810911488,3
RealMLP,ft,REG_TEXT_FOOD_ZOMATO_RESTAURANTS,0.8508315833734159,4
RealMLP,no_text,REG_TEXT_FOOD_ZOMATO_RESTAURANTS,0.6128337205460297,0
RealMLP,no_text,REG_TEXT_FOOD_ZOMATO_RESTAURANTS,0.6148596255242837,1
RealMLP,no_text,REG_TEXT_FOOD_ZOMATO_RESTAURANTS,0.6328412006079605,2
RealMLP,no_text,REG_TEXT_FOOD_ZOMATO_RESTAURANTS,0.626596397839977,3
RealMLP,no_text,REG_TEXT_FOOD_ZOMATO_RESTAURANTS,0.6196212643936406,4
RealMLP,text_only,REG_TEXT_FOOD_ZOMATO_RESTAURANTS,0.8104410906195469,0
RealMLP,text_only,REG_TEXT_FOOD_ZOMATO_RESTAURANTS,0.8312324741887824,1
RealMLP,text_only,REG_TEXT_FOOD_ZOMATO_RESTAURANTS,0.819342211679005,2
RealMLP,text_only,REG_TEXT_FOOD_ZOMATO_RESTAURANTS,0.8283534061956696,3
RealMLP,text_only,REG_TEXT_FOOD_ZOMATO_RESTAURANTS,0.8182687352173069,4
TabDPT,all,REG_TEXT_FOOD_ZOMATO_RESTAURANTS,0.8150014243481933,0
TabDPT,all,REG_TEXT_FOOD_ZOMATO_RESTAURANTS,0.8301519166241313,1
TabDPT,all,REG_TEXT_FOOD_ZOMATO_RESTAURANTS,0.8354021078347194,2
TabDPT,all,REG_TEXT_FOOD_ZOMATO_RESTAURANTS,0.8337051028457549,3
TabDPT,all,REG_TEXT_FOOD_ZOMATO_RESTAURANTS,0.8254212956275794,4
TabDPT,ft,REG_TEXT_FOOD_ZOMATO_RESTAURANTS,0.8314727735130998,0
TabDPT,ft,REG_TEXT_FOOD_ZOMATO_RESTAURANTS,0.833967822211636,1
TabDPT,ft,REG_TEXT_FOOD_ZOMATO_RESTAURANTS,0.8277601590865928,2
TabDPT,ft,REG_TEXT_FOOD_ZOMATO_RESTAURANTS,0.8411095725151607,3
TabDPT,ft,REG_TEXT_FOOD_ZOMATO_RESTAURANTS,0.8300667098340406,4
TabDPT,no_text,REG_TEXT_FOOD_ZOMATO_RESTAURANTS,0.677190714356366,0
TabDPT,no_text,REG_TEXT_FOOD_ZOMATO_RESTAURANTS,0.6805087294978291,1
TabDPT,no_text,REG_TEXT_FOOD_ZOMATO_RESTAURANTS,0.6677686142492578,2
TabDPT,no_text,REG_TEXT_FOOD_ZOMATO_RESTAURANTS,0.6987761368396564,3
TabDPT,no_text,REG_TEXT_FOOD_ZOMATO_RESTAURANTS,0.6612674386590721,4
TabDPT,text_only,REG_TEXT_FOOD_ZOMATO_RESTAURANTS,0.8094963118565364,0
TabDPT,text_only,REG_TEXT_FOOD_ZOMATO_RESTAURANTS,0.8250469072355956,1
TabDPT,text_only,REG_TEXT_FOOD_ZOMATO_RESTAURANTS,0.8110193981304623,2
TabDPT,text_only,REG_TEXT_FOOD_ZOMATO_RESTAURANTS,0.8173000228514922,3
TabDPT,text_only,REG_TEXT_FOOD_ZOMATO_RESTAURANTS,0.8155680750226246,4
TabICLv2,all,REG_TEXT_FOOD_ZOMATO_RESTAURANTS,0.8710301041782205,0
TabICLv2,all,REG_TEXT_FOOD_ZOMATO_RESTAURANTS,0.8722339058579986,1
TabICLv2,all,REG_TEXT_FOOD_ZOMATO_RESTAURANTS,0.8726675996236005,2
TabICLv2,all,REG_TEXT_FOOD_ZOMATO_RESTAURANTS,0.873131785024706,3
TabICLv2,all,REG_TEXT_FOOD_ZOMATO_RESTAURANTS,0.872353215295699,4
TabICLv2,ft,REG_TEXT_FOOD_ZOMATO_RESTAURANTS,0.8785193267125275,0
TabICLv2,ft,REG_TEXT_FOOD_ZOMATO_RESTAURANTS,0.8749599300320128,1
TabICLv2,ft,REG_TEXT_FOOD_ZOMATO_RESTAURANTS,0.8647072507762016,2
TabICLv2,ft,REG_TEXT_FOOD_ZOMATO_RESTAURANTS,0.8739525073088099,3
TabICLv2,ft,REG_TEXT_FOOD_ZOMATO_RESTAURANTS,0.8774744613289951,4
TabICLv2,no_text,REG_TEXT_FOOD_ZOMATO_RESTAURANTS,0.7561315898020814,0
TabICLv2,no_text,REG_TEXT_FOOD_ZOMATO_RESTAURANTS,0.7691188536590865,1
TabICLv2,no_text,REG_TEXT_FOOD_ZOMATO_RESTAURANTS,0.7315303224660736,2
TabICLv2,no_text,REG_TEXT_FOOD_ZOMATO_RESTAURANTS,0.7598829055262781,3
TabICLv2,no_text,REG_TEXT_FOOD_ZOMATO_RESTAURANTS,0.7297211121479923,4
TabICLv2,text_only,REG_TEXT_FOOD_ZOMATO_RESTAURANTS,0.8515037655226443,0
TabICLv2,text_only,REG_TEXT_FOOD_ZOMATO_RESTAURANTS,0.858176317614995,1
TabICLv2,text_only,REG_TEXT_FOOD_ZOMATO_RESTAURANTS,0.8502990102130039,2
TabICLv2,text_only,REG_TEXT_FOOD_ZOMATO_RESTAURANTS,0.8569420015852864,3
TabICLv2,text_only,REG_TEXT_FOOD_ZOMATO_RESTAURANTS,0.8605474468860741,4
TabM,all,REG_TEXT_FOOD_ZOMATO_RESTAURANTS,0.8418678700178504,0
TabM,all,REG_TEXT_FOOD_ZOMATO_RESTAURANTS,0.8491354023580469,1
TabM,all,REG_TEXT_FOOD_ZOMATO_RESTAURANTS,0.8378171770008633,2
TabM,all,REG_TEXT_FOOD_ZOMATO_RESTAURANTS,0.8503801520040002,3
TabM,all,REG_TEXT_FOOD_ZOMATO_RESTAURANTS,0.8437609708163125,4
TabM,ft,REG_TEXT_FOOD_ZOMATO_RESTAURANTS,0.8493293395895714,0
TabM,ft,REG_TEXT_FOOD_ZOMATO_RESTAURANTS,0.8500553719499373,1
TabM,ft,REG_TEXT_FOOD_ZOMATO_RESTAURANTS,0.8452279634920531,2
TabM,ft,REG_TEXT_FOOD_ZOMATO_RESTAURANTS,0.8544694127550309,3
TabM,ft,REG_TEXT_FOOD_ZOMATO_RESTAURANTS,0.8531989459872209,4
TabM,no_text,REG_TEXT_FOOD_ZOMATO_RESTAURANTS,0.6323441053818635,0
TabM,no_text,REG_TEXT_FOOD_ZOMATO_RESTAURANTS,0.6616814662715346,1
TabM,no_text,REG_TEXT_FOOD_ZOMATO_RESTAURANTS,0.648261053812798,2
TabM,no_text,REG_TEXT_FOOD_ZOMATO_RESTAURANTS,0.6626503696572614,3
TabM,no_text,REG_TEXT_FOOD_ZOMATO_RESTAURANTS,0.6474662056449008,4
TabM,text_only,REG_TEXT_FOOD_ZOMATO_RESTAURANTS,0.8109724498763704,0
TabM,text_only,REG_TEXT_FOOD_ZOMATO_RESTAURANTS,0.824782052961361,1
TabM,text_only,REG_TEXT_FOOD_ZOMATO_RESTAURANTS,0.8200439812176742,2
TabM,text_only,REG_TEXT_FOOD_ZOMATO_RESTAURANTS,0.8285227397861302,3
TabM,text_only,REG_TEXT_FOOD_ZOMATO_RESTAURANTS,0.8219646389635649,4
TabPFN-2.5,all,REG_TEXT_FOOD_ZOMATO_RESTAURANTS,0.8593890501234929,0
TabPFN-2.5,all,REG_TEXT_FOOD_ZOMATO_RESTAURANTS,0.8700785562679874,1
TabPFN-2.5,all,REG_TEXT_FOOD_ZOMATO_RESTAURANTS,0.8581248546842613,2
TabPFN-2.5,all,REG_TEXT_FOOD_ZOMATO_RESTAURANTS,0.8689938950609163,3
TabPFN-2.5,all,REG_TEXT_FOOD_ZOMATO_RESTAURANTS,0.8707053417199868,4
TabPFN-2.5,ft,REG_TEXT_FOOD_ZOMATO_RESTAURANTS,0.8641612138534631,0
TabPFN-2.5,ft,REG_TEXT_FOOD_ZOMATO_RESTAURANTS,0.867306951350476,1
TabPFN-2.5,ft,REG_TEXT_FOOD_ZOMATO_RESTAURANTS,0.8501185817531993,2
TabPFN-2.5,ft,REG_TEXT_FOOD_ZOMATO_RESTAURANTS,0.865817387600133,3
TabPFN-2.5,ft,REG_TEXT_FOOD_ZOMATO_RESTAURANTS,0.8717207706752812,4
TabPFN-2.5,no_text,REG_TEXT_FOOD_ZOMATO_RESTAURANTS,0.6250265378519746,0
TabPFN-2.5,no_text,REG_TEXT_FOOD_ZOMATO_RESTAURANTS,0.6397636416361563,1
TabPFN-2.5,no_text,REG_TEXT_FOOD_ZOMATO_RESTAURANTS,0.6449326233369383,2
TabPFN-2.5,no_text,REG_TEXT_FOOD_ZOMATO_RESTAURANTS,0.6341622752631063,3
TabPFN-2.5,no_text,REG_TEXT_FOOD_ZOMATO_RESTAURANTS,0.6040952462049884,4
TabPFN-2.5,text_only,REG_TEXT_FOOD_ZOMATO_RESTAURANTS,0.8375850427050431,0
TabPFN-2.5,text_only,REG_TEXT_FOOD_ZOMATO_RESTAURANTS,0.8481008460672473,1
TabPFN-2.5,text_only,REG_TEXT_FOOD_ZOMATO_RESTAURANTS,0.8389670364275706,2
TabPFN-2.5,text_only,REG_TEXT_FOOD_ZOMATO_RESTAURANTS,0.8465603255154741,3
TabPFN-2.5,text_only,REG_TEXT_FOOD_ZOMATO_RESTAURANTS,0.8447210211096272,4
TabPFNv2,all,REG_TEXT_FOOD_ZOMATO_RESTAURANTS,0.7259078968556854,0
TabPFNv2,all,REG_TEXT_FOOD_ZOMATO_RESTAURANTS,0.7132563788514159,1
TabPFNv2,all,REG_TEXT_FOOD_ZOMATO_RESTAURANTS,0.7136564499286909,2
TabPFNv2,all,REG_TEXT_FOOD_ZOMATO_RESTAURANTS,0.7261659928349398,3
TabPFNv2,all,REG_TEXT_FOOD_ZOMATO_RESTAURANTS,0.700870110708772,4
TabPFNv2,ft,REG_TEXT_FOOD_ZOMATO_RESTAURANTS,0.7516663514329809,0
TabPFNv2,ft,REG_TEXT_FOOD_ZOMATO_RESTAURANTS,0.756549881572964,1
TabPFNv2,ft,REG_TEXT_FOOD_ZOMATO_RESTAURANTS,0.7429540139371982,2
TabPFNv2,ft,REG_TEXT_FOOD_ZOMATO_RESTAURANTS,0.7600353783041363,3
TabPFNv2,ft,REG_TEXT_FOOD_ZOMATO_RESTAURANTS,0.7280954356688514,4
TabPFNv2,no_text,REG_TEXT_FOOD_ZOMATO_RESTAURANTS,0.5609,0
TabPFNv2,no_text,REG_TEXT_FOOD_ZOMATO_RESTAURANTS,0.5672510918308221,1
TabPFNv2,no_text,REG_TEXT_FOOD_ZOMATO_RESTAURANTS,0.5711578270599932,2
TabPFNv2,no_text,REG_TEXT_FOOD_ZOMATO_RESTAURANTS,0.5605312930525086,3
TabPFNv2,no_text,REG_TEXT_FOOD_ZOMATO_RESTAURANTS,0.5228966232647563,4
TabPFNv2,text_only,REG_TEXT_FOOD_ZOMATO_RESTAURANTS,0.6941440097613998,0
TabPFNv2,text_only,REG_TEXT_FOOD_ZOMATO_RESTAURANTS,0.6852131699776091,1
TabPFNv2,text_only,REG_TEXT_FOOD_ZOMATO_RESTAURANTS,0.6840779953288996,2
TabPFNv2,text_only,REG_TEXT_FOOD_ZOMATO_RESTAURANTS,0.6802997811629399,3
TabPFNv2,text_only,REG_TEXT_FOOD_ZOMATO_RESTAURANTS,0.6607076803158358,4
XGBoost,all,REG_TEXT_FOOD_ZOMATO_RESTAURANTS,0.8169805899011873,0
XGBoost,all,REG_TEXT_FOOD_ZOMATO_RESTAURANTS,0.7960787621931812,1
XGBoost,all,REG_TEXT_FOOD_ZOMATO_RESTAURANTS,0.8086240112207473,2
XGBoost,all,REG_TEXT_FOOD_ZOMATO_RESTAURANTS,0.8115270513662718,3
XGBoost,all,REG_TEXT_FOOD_ZOMATO_RESTAURANTS,0.8014219638938329,4
XGBoost,ft,REG_TEXT_FOOD_ZOMATO_RESTAURANTS,0.8278097969950265,0
XGBoost,ft,REG_TEXT_FOOD_ZOMATO_RESTAURANTS,0.8312687036076363,1
XGBoost,ft,REG_TEXT_FOOD_ZOMATO_RESTAURANTS,0.8284260845686459,2
XGBoost,ft,REG_TEXT_FOOD_ZOMATO_RESTAURANTS,0.8414406282028243,3
XGBoost,ft,REG_TEXT_FOOD_ZOMATO_RESTAURANTS,0.8363495711525779,4
XGBoost,no_text,REG_TEXT_FOOD_ZOMATO_RESTAURANTS,0.6110839392950048,0
XGBoost,no_text,REG_TEXT_FOOD_ZOMATO_RESTAURANTS,0.6185896107618805,1
XGBoost,no_text,REG_TEXT_FOOD_ZOMATO_RESTAURANTS,0.601539510549858,2
XGBoost,no_text,REG_TEXT_FOOD_ZOMATO_RESTAURANTS,0.6168796604718094,3
XGBoost,no_text,REG_TEXT_FOOD_ZOMATO_RESTAURANTS,0.6336794841079139,4
XGBoost,text_only,REG_TEXT_FOOD_ZOMATO_RESTAURANTS,0.7853284042054688,0
XGBoost,text_only,REG_TEXT_FOOD_ZOMATO_RESTAURANTS,0.7936757402729508,1
XGBoost,text_only,REG_TEXT_FOOD_ZOMATO_RESTAURANTS,0.7935559558876187,2
XGBoost,text_only,REG_TEXT_FOOD_ZOMATO_RESTAURANTS,0.7995411333562047,3
XGBoost,text_only,REG_TEXT_FOOD_ZOMATO_RESTAURANTS,0.7849423580183642,4
CatBoost,all,REG_TEXT_HOUSES_AIRBNB_SEATTLE,0.7234598446211334,0
CatBoost,all,REG_TEXT_HOUSES_AIRBNB_SEATTLE,0.6931841227852383,1
CatBoost,all,REG_TEXT_HOUSES_AIRBNB_SEATTLE,0.6130910758959844,2
CatBoost,all,REG_TEXT_HOUSES_AIRBNB_SEATTLE,0.7038145404187874,3
CatBoost,all,REG_TEXT_HOUSES_AIRBNB_SEATTLE,0.5593346935660295,4
CatBoost,ft,REG_TEXT_HOUSES_AIRBNB_SEATTLE,0.7160119139135709,0
CatBoost,ft,REG_TEXT_HOUSES_AIRBNB_SEATTLE,0.6833737216514228,1
CatBoost,ft,REG_TEXT_HOUSES_AIRBNB_SEATTLE,0.6413066812632955,2
CatBoost,ft,REG_TEXT_HOUSES_AIRBNB_SEATTLE,0.6981629177608404,3
CatBoost,ft,REG_TEXT_HOUSES_AIRBNB_SEATTLE,0.5410908096963407,4
CatBoost,no_text,REG_TEXT_HOUSES_AIRBNB_SEATTLE,0.680180900315002,0
CatBoost,no_text,REG_TEXT_HOUSES_AIRBNB_SEATTLE,0.6820792961342117,1
CatBoost,no_text,REG_TEXT_HOUSES_AIRBNB_SEATTLE,0.6434837173545858,2
CatBoost,no_text,REG_TEXT_HOUSES_AIRBNB_SEATTLE,0.6871654728739311,3
CatBoost,no_text,REG_TEXT_HOUSES_AIRBNB_SEATTLE,0.5355346986121894,4
CatBoost,text_only,REG_TEXT_HOUSES_AIRBNB_SEATTLE,0.4666876289928933,0
CatBoost,text_only,REG_TEXT_HOUSES_AIRBNB_SEATTLE,0.3677490948486165,1
CatBoost,text_only,REG_TEXT_HOUSES_AIRBNB_SEATTLE,0.4836478377878512,2
CatBoost,text_only,REG_TEXT_HOUSES_AIRBNB_SEATTLE,0.4678817720941803,3
CatBoost,text_only,REG_TEXT_HOUSES_AIRBNB_SEATTLE,0.3469794080142773,4
LightGBM,all,REG_TEXT_HOUSES_AIRBNB_SEATTLE,0.6921391408674413,0
LightGBM,all,REG_TEXT_HOUSES_AIRBNB_SEATTLE,0.6713587748165525,1
LightGBM,all,REG_TEXT_HOUSES_AIRBNB_SEATTLE,0.6384772532932801,2
LightGBM,all,REG_TEXT_HOUSES_AIRBNB_SEATTLE,0.6505565005942322,3
LightGBM,all,REG_TEXT_HOUSES_AIRBNB_SEATTLE,0.5532443049349705,4
LightGBM,ft,REG_TEXT_HOUSES_AIRBNB_SEATTLE,0.7030157679025373,0
LightGBM,ft,REG_TEXT_HOUSES_AIRBNB_SEATTLE,0.6618952335273314,1
LightGBM,ft,REG_TEXT_HOUSES_AIRBNB_SEATTLE,0.6322188923549081,2
LightGBM,ft,REG_TEXT_HOUSES_AIRBNB_SEATTLE,0.6499216676038391,3
LightGBM,ft,REG_TEXT_HOUSES_AIRBNB_SEATTLE,0.5221335646299552,4
LightGBM,no_text,REG_TEXT_HOUSES_AIRBNB_SEATTLE,0.6796990963686855,0
LightGBM,no_text,REG_TEXT_HOUSES_AIRBNB_SEATTLE,0.6684059798181521,1
LightGBM,no_text,REG_TEXT_HOUSES_AIRBNB_SEATTLE,0.631609610964708,2
LightGBM,no_text,REG_TEXT_HOUSES_AIRBNB_SEATTLE,0.6426196329767693,3
LightGBM,no_text,REG_TEXT_HOUSES_AIRBNB_SEATTLE,0.568214398379528,4
LightGBM,text_only,REG_TEXT_HOUSES_AIRBNB_SEATTLE,0.3864153139593664,0
LightGBM,text_only,REG_TEXT_HOUSES_AIRBNB_SEATTLE,0.3769242236050024,1
LightGBM,text_only,REG_TEXT_HOUSES_AIRBNB_SEATTLE,0.4411055115989795,2
LightGBM,text_only,REG_TEXT_HOUSES_AIRBNB_SEATTLE,0.4569709561589701,3
LightGBM,text_only,REG_TEXT_HOUSES_AIRBNB_SEATTLE,0.3503699047404575,4
RandomForest,all,REG_TEXT_HOUSES_AIRBNB_SEATTLE,0.6463820206790121,0
RandomForest,all,REG_TEXT_HOUSES_AIRBNB_SEATTLE,0.5801923733380605,1
RandomForest,all,REG_TEXT_HOUSES_AIRBNB_SEATTLE,0.5454663461763913,2
RandomForest,all,REG_TEXT_HOUSES_AIRBNB_SEATTLE,0.6344107734827907,3
RandomForest,all,REG_TEXT_HOUSES_AIRBNB_SEATTLE,0.4771786126838441,4
RandomForest,ft,REG_TEXT_HOUSES_AIRBNB_SEATTLE,0.6262992596673367,0
RandomForest,ft,REG_TEXT_HOUSES_AIRBNB_SEATTLE,0.5943626684724483,1
RandomForest,ft,REG_TEXT_HOUSES_AIRBNB_SEATTLE,0.5503345424621935,2
RandomForest,ft,REG_TEXT_HOUSES_AIRBNB_SEATTLE,0.6418167318478154,3
RandomForest,ft,REG_TEXT_HOUSES_AIRBNB_SEATTLE,0.4949237848823911,4
RandomForest,no_text,REG_TEXT_HOUSES_AIRBNB_SEATTLE,0.6528714482053097,0
RandomForest,no_text,REG_TEXT_HOUSES_AIRBNB_SEATTLE,0.5883459808999691,1
RandomForest,no_text,REG_TEXT_HOUSES_AIRBNB_SEATTLE,0.5866566562878741,2
RandomForest,no_text,REG_TEXT_HOUSES_AIRBNB_SEATTLE,0.652321714457148,3
RandomForest,no_text,REG_TEXT_HOUSES_AIRBNB_SEATTLE,0.504241068696463,4
RandomForest,text_only,REG_TEXT_HOUSES_AIRBNB_SEATTLE,0.3485974842743329,0
RandomForest,text_only,REG_TEXT_HOUSES_AIRBNB_SEATTLE,0.2593192811263305,1
RandomForest,text_only,REG_TEXT_HOUSES_AIRBNB_SEATTLE,0.3720075947939073,2
RandomForest,text_only,REG_TEXT_HOUSES_AIRBNB_SEATTLE,0.341998403279249,3
RandomForest,text_only,REG_TEXT_HOUSES_AIRBNB_SEATTLE,0.2432361775552161,4
RealMLP,all,REG_TEXT_HOUSES_AIRBNB_SEATTLE,0.7411047091150864,0
RealMLP,all,REG_TEXT_HOUSES_AIRBNB_SEATTLE,0.6914996933244183,1
RealMLP,all,REG_TEXT_HOUSES_AIRBNB_SEATTLE,0.580760614623437,2
RealMLP,all,REG_TEXT_HOUSES_AIRBNB_SEATTLE,0.6227753996445917,3
RealMLP,all,REG_TEXT_HOUSES_AIRBNB_SEATTLE,0.5173472914466521,4
RealMLP,ft,REG_TEXT_HOUSES_AIRBNB_SEATTLE,0.7470505903860383,0
RealMLP,ft,REG_TEXT_HOUSES_AIRBNB_SEATTLE,0.641994823476681,1
RealMLP,ft,REG_TEXT_HOUSES_AIRBNB_SEATTLE,0.6008003286791945,2
RealMLP,ft,REG_TEXT_HOUSES_AIRBNB_SEATTLE,0.6606232307168918,3
RealMLP,ft,REG_TEXT_HOUSES_AIRBNB_SEATTLE,0.5291128715758516,4
RealMLP,no_text,REG_TEXT_HOUSES_AIRBNB_SEATTLE,0.4655314234211224,0
RealMLP,no_text,REG_TEXT_HOUSES_AIRBNB_SEATTLE,0.5772267626403912,1
RealMLP,no_text,REG_TEXT_HOUSES_AIRBNB_SEATTLE,0.5801583517301976,2
RealMLP,no_text,REG_TEXT_HOUSES_AIRBNB_SEATTLE,0.6631692088549213,3
RealMLP,no_text,REG_TEXT_HOUSES_AIRBNB_SEATTLE,0.4741154664986872,4
RealMLP,text_only,REG_TEXT_HOUSES_AIRBNB_SEATTLE,0.4640497726964084,0
RealMLP,text_only,REG_TEXT_HOUSES_AIRBNB_SEATTLE,0.4222480250419298,1
RealMLP,text_only,REG_TEXT_HOUSES_AIRBNB_SEATTLE,0.4479161495209734,2
RealMLP,text_only,REG_TEXT_HOUSES_AIRBNB_SEATTLE,0.5292342089596588,3
RealMLP,text_only,REG_TEXT_HOUSES_AIRBNB_SEATTLE,0.4083659226246041,4
TabDPT,all,REG_TEXT_HOUSES_AIRBNB_SEATTLE,0.700271959521682,0
TabDPT,all,REG_TEXT_HOUSES_AIRBNB_SEATTLE,0.6549318225243508,1
TabDPT,all,REG_TEXT_HOUSES_AIRBNB_SEATTLE,0.6478989365020396,2
TabDPT,all,REG_TEXT_HOUSES_AIRBNB_SEATTLE,0.6580602131940241,3
TabDPT,all,REG_TEXT_HOUSES_AIRBNB_SEATTLE,0.5267717558752836,4
TabDPT,ft,REG_TEXT_HOUSES_AIRBNB_SEATTLE,0.7021063989755278,0
TabDPT,ft,REG_TEXT_HOUSES_AIRBNB_SEATTLE,0.6649255986111565,1
TabDPT,ft,REG_TEXT_HOUSES_AIRBNB_SEATTLE,0.670015689230511,2
TabDPT,ft,REG_TEXT_HOUSES_AIRBNB_SEATTLE,0.6547913669087044,3
TabDPT,ft,REG_TEXT_HOUSES_AIRBNB_SEATTLE,0.5194822133097956,4
TabDPT,no_text,REG_TEXT_HOUSES_AIRBNB_SEATTLE,0.7059028226137474,0
TabDPT,no_text,REG_TEXT_HOUSES_AIRBNB_SEATTLE,0.6601813296320511,1
TabDPT,no_text,REG_TEXT_HOUSES_AIRBNB_SEATTLE,0.6443375778552929,2
TabDPT,no_text,REG_TEXT_HOUSES_AIRBNB_SEATTLE,0.6722545376387702,3
TabDPT,no_text,REG_TEXT_HOUSES_AIRBNB_SEATTLE,0.5534571350380181,4
TabDPT,text_only,REG_TEXT_HOUSES_AIRBNB_SEATTLE,0.5031210798388281,0
TabDPT,text_only,REG_TEXT_HOUSES_AIRBNB_SEATTLE,0.4611105676734309,1
TabDPT,text_only,REG_TEXT_HOUSES_AIRBNB_SEATTLE,0.5272426566775367,2
TabDPT,text_only,REG_TEXT_HOUSES_AIRBNB_SEATTLE,0.5139583692654249,3
TabDPT,text_only,REG_TEXT_HOUSES_AIRBNB_SEATTLE,0.404464172982908,4
TabICLv2,all,REG_TEXT_HOUSES_AIRBNB_SEATTLE,0.7356282898473523,0
TabICLv2,all,REG_TEXT_HOUSES_AIRBNB_SEATTLE,0.6888399419849675,1
TabICLv2,all,REG_TEXT_HOUSES_AIRBNB_SEATTLE,0.6376293271692812,2
TabICLv2,all,REG_TEXT_HOUSES_AIRBNB_SEATTLE,0.7377620523212383,3
TabICLv2,all,REG_TEXT_HOUSES_AIRBNB_SEATTLE,0.5492385536575317,4
TabICLv2,ft,REG_TEXT_HOUSES_AIRBNB_SEATTLE,0.7022944943321239,0
TabICLv2,ft,REG_TEXT_HOUSES_AIRBNB_SEATTLE,0.6586757385361223,1
TabICLv2,ft,REG_TEXT_HOUSES_AIRBNB_SEATTLE,0.6464623311649685,2
TabICLv2,ft,REG_TEXT_HOUSES_AIRBNB_SEATTLE,0.7083033559475581,3
TabICLv2,ft,REG_TEXT_HOUSES_AIRBNB_SEATTLE,0.5603635861117355,4
TabICLv2,no_text,REG_TEXT_HOUSES_AIRBNB_SEATTLE,0.7431159741838593,0
TabICLv2,no_text,REG_TEXT_HOUSES_AIRBNB_SEATTLE,0.6868693584940355,1
TabICLv2,no_text,REG_TEXT_HOUSES_AIRBNB_SEATTLE,0.635418459070459,2
TabICLv2,no_text,REG_TEXT_HOUSES_AIRBNB_SEATTLE,0.7022024914621372,3
TabICLv2,no_text,REG_TEXT_HOUSES_AIRBNB_SEATTLE,0.5694656825232718,4
TabICLv2,text_only,REG_TEXT_HOUSES_AIRBNB_SEATTLE,0.547200433435944,0
TabICLv2,text_only,REG_TEXT_HOUSES_AIRBNB_SEATTLE,0.4627142678343073,1
TabICLv2,text_only,REG_TEXT_HOUSES_AIRBNB_SEATTLE,0.5272632292663835,2
TabICLv2,text_only,REG_TEXT_HOUSES_AIRBNB_SEATTLE,0.5851121788826441,3
TabICLv2,text_only,REG_TEXT_HOUSES_AIRBNB_SEATTLE,0.3740116386117825,4
TabM,all,REG_TEXT_HOUSES_AIRBNB_SEATTLE,0.7284611484494381,0
TabM,all,REG_TEXT_HOUSES_AIRBNB_SEATTLE,0.6722552521719982,1
TabM,all,REG_TEXT_HOUSES_AIRBNB_SEATTLE,0.6253364753046619,2
TabM,all,REG_TEXT_HOUSES_AIRBNB_SEATTLE,0.7103462635982494,3
TabM,all,REG_TEXT_HOUSES_AIRBNB_SEATTLE,0.5733089235638145,4
TabM,ft,REG_TEXT_HOUSES_AIRBNB_SEATTLE,0.7050501053929403,0
TabM,ft,REG_TEXT_HOUSES_AIRBNB_SEATTLE,0.6468015037352502,1
TabM,ft,REG_TEXT_HOUSES_AIRBNB_SEATTLE,0.6304324737488609,2
TabM,ft,REG_TEXT_HOUSES_AIRBNB_SEATTLE,0.7028910449585486,3
TabM,ft,REG_TEXT_HOUSES_AIRBNB_SEATTLE,0.5789837550906751,4
TabM,no_text,REG_TEXT_HOUSES_AIRBNB_SEATTLE,0.6606541663663771,0
TabM,no_text,REG_TEXT_HOUSES_AIRBNB_SEATTLE,0.6876721425164645,1
TabM,no_text,REG_TEXT_HOUSES_AIRBNB_SEATTLE,0.6360973643273349,2
TabM,no_text,REG_TEXT_HOUSES_AIRBNB_SEATTLE,0.6331632692122393,3
TabM,no_text,REG_TEXT_HOUSES_AIRBNB_SEATTLE,0.5335430807272824,4
TabM,text_only,REG_TEXT_HOUSES_AIRBNB_SEATTLE,0.5676011805955572,0
TabM,text_only,REG_TEXT_HOUSES_AIRBNB_SEATTLE,0.4398901785751585,1
TabM,text_only,REG_TEXT_HOUSES_AIRBNB_SEATTLE,0.5072522818087253,2
TabM,text_only,REG_TEXT_HOUSES_AIRBNB_SEATTLE,0.5595306229338081,3
TabM,text_only,REG_TEXT_HOUSES_AIRBNB_SEATTLE,0.3969915532847559,4
TabPFN-2.5,all,REG_TEXT_HOUSES_AIRBNB_SEATTLE,0.7350947975310053,0
TabPFN-2.5,all,REG_TEXT_HOUSES_AIRBNB_SEATTLE,0.7376344667194217,1
TabPFN-2.5,all,REG_TEXT_HOUSES_AIRBNB_SEATTLE,0.6135622271848206,2
TabPFN-2.5,all,REG_TEXT_HOUSES_AIRBNB_SEATTLE,0.7749724131233192,3
TabPFN-2.5,all,REG_TEXT_HOUSES_AIRBNB_SEATTLE,0.5584207781794401,4
TabPFN-2.5,ft,REG_TEXT_HOUSES_AIRBNB_SEATTLE,0.7481258756120465,0
TabPFN-2.5,ft,REG_TEXT_HOUSES_AIRBNB_SEATTLE,0.7137415387808954,1
TabPFN-2.5,ft,REG_TEXT_HOUSES_AIRBNB_SEATTLE,0.6282620867288373,2
TabPFN-2.5,ft,REG_TEXT_HOUSES_AIRBNB_SEATTLE,0.7665149637931913,3
TabPFN-2.5,ft,REG_TEXT_HOUSES_AIRBNB_SEATTLE,0.5434147752789654,4
TabPFN-2.5,no_text,REG_TEXT_HOUSES_AIRBNB_SEATTLE,0.7256352153724261,0
TabPFN-2.5,no_text,REG_TEXT_HOUSES_AIRBNB_SEATTLE,0.6961977153920573,1
TabPFN-2.5,no_text,REG_TEXT_HOUSES_AIRBNB_SEATTLE,0.63253248693281,2
TabPFN-2.5,no_text,REG_TEXT_HOUSES_AIRBNB_SEATTLE,0.7580976657763568,3
TabPFN-2.5,no_text,REG_TEXT_HOUSES_AIRBNB_SEATTLE,0.5629438791978616,4
TabPFN-2.5,text_only,REG_TEXT_HOUSES_AIRBNB_SEATTLE,0.5685074982727736,0
TabPFN-2.5,text_only,REG_TEXT_HOUSES_AIRBNB_SEATTLE,0.4641187483047185,1
TabPFN-2.5,text_only,REG_TEXT_HOUSES_AIRBNB_SEATTLE,0.5083913156047328,2
TabPFN-2.5,text_only,REG_TEXT_HOUSES_AIRBNB_SEATTLE,0.5648059364889539,3
TabPFN-2.5,text_only,REG_TEXT_HOUSES_AIRBNB_SEATTLE,0.3705789820388966,4
TabPFNv2,all,REG_TEXT_HOUSES_AIRBNB_SEATTLE,0.7177137552265669,0
TabPFNv2,all,REG_TEXT_HOUSES_AIRBNB_SEATTLE,0.6975688464861387,1
TabPFNv2,all,REG_TEXT_HOUSES_AIRBNB_SEATTLE,0.6496318510317045,2
TabPFNv2,all,REG_TEXT_HOUSES_AIRBNB_SEATTLE,0.7234975366045271,3
TabPFNv2,all,REG_TEXT_HOUSES_AIRBNB_SEATTLE,0.5284857359472938,4
TabPFNv2,ft,REG_TEXT_HOUSES_AIRBNB_SEATTLE,0.7354207831358728,0
TabPFNv2,ft,REG_TEXT_HOUSES_AIRBNB_SEATTLE,0.688973614979322,1
TabPFNv2,ft,REG_TEXT_HOUSES_AIRBNB_SEATTLE,0.6554766952809435,2
TabPFNv2,ft,REG_TEXT_HOUSES_AIRBNB_SEATTLE,0.7171736207684442,3
TabPFNv2,ft,REG_TEXT_HOUSES_AIRBNB_SEATTLE,0.5148541279448415,4
TabPFNv2,no_text,REG_TEXT_HOUSES_AIRBNB_SEATTLE,0.7161980056689836,0
TabPFNv2,no_text,REG_TEXT_HOUSES_AIRBNB_SEATTLE,0.67108286692289,1
TabPFNv2,no_text,REG_TEXT_HOUSES_AIRBNB_SEATTLE,0.6623366115441117,2
TabPFNv2,no_text,REG_TEXT_HOUSES_AIRBNB_SEATTLE,0.6986501668475913,3
TabPFNv2,no_text,REG_TEXT_HOUSES_AIRBNB_SEATTLE,0.5457837476283502,4
TabPFNv2,text_only,REG_TEXT_HOUSES_AIRBNB_SEATTLE,0.5198440110876401,0
TabPFNv2,text_only,REG_TEXT_HOUSES_AIRBNB_SEATTLE,0.4132085803991816,1
TabPFNv2,text_only,REG_TEXT_HOUSES_AIRBNB_SEATTLE,0.4902374475444955,2
TabPFNv2,text_only,REG_TEXT_HOUSES_AIRBNB_SEATTLE,0.5127577901841656,3
TabPFNv2,text_only,REG_TEXT_HOUSES_AIRBNB_SEATTLE,0.3494061949666217,4
XGBoost,all,REG_TEXT_HOUSES_AIRBNB_SEATTLE,0.6744971819632714,0
XGBoost,all,REG_TEXT_HOUSES_AIRBNB_SEATTLE,0.5652299204461766,1
XGBoost,all,REG_TEXT_HOUSES_AIRBNB_SEATTLE,0.5295420099603111,2
XGBoost,all,REG_TEXT_HOUSES_AIRBNB_SEATTLE,0.6671373493351538,3
XGBoost,all,REG_TEXT_HOUSES_AIRBNB_SEATTLE,0.4427416432374786,4
XGBoost,ft,REG_TEXT_HOUSES_AIRBNB_SEATTLE,0.6223829649932812,0
XGBoost,ft,REG_TEXT_HOUSES_AIRBNB_SEATTLE,0.6096907627348271,1
XGBoost,ft,REG_TEXT_HOUSES_AIRBNB_SEATTLE,0.507333973913564,2
XGBoost,ft,REG_TEXT_HOUSES_AIRBNB_SEATTLE,0.6316184760426864,3
XGBoost,ft,REG_TEXT_HOUSES_AIRBNB_SEATTLE,0.444693043360826,4
XGBoost,no_text,REG_TEXT_HOUSES_AIRBNB_SEATTLE,0.6193022602842164,0
XGBoost,no_text,REG_TEXT_HOUSES_AIRBNB_SEATTLE,0.6579771030882289,1
XGBoost,no_text,REG_TEXT_HOUSES_AIRBNB_SEATTLE,0.6026962114616299,2
XGBoost,no_text,REG_TEXT_HOUSES_AIRBNB_SEATTLE,0.6256279465551513,3
XGBoost,no_text,REG_TEXT_HOUSES_AIRBNB_SEATTLE,0.5111905519933286,4
XGBoost,text_only,REG_TEXT_HOUSES_AIRBNB_SEATTLE,0.4065145713562768,0
XGBoost,text_only,REG_TEXT_HOUSES_AIRBNB_SEATTLE,0.2175792052190839,1
XGBoost,text_only,REG_TEXT_HOUSES_AIRBNB_SEATTLE,0.3438064813464234,2
XGBoost,text_only,REG_TEXT_HOUSES_AIRBNB_SEATTLE,0.3908586083230058,3
XGBoost,text_only,REG_TEXT_HOUSES_AIRBNB_SEATTLE,0.3103533248808218,4
CatBoost,all,REG_TEXT_HOUSES_CALIFORNIA_PRICES_2020,0.9369407818430732,0
CatBoost,all,REG_TEXT_HOUSES_CALIFORNIA_PRICES_2020,0.9347136508551332,1
CatBoost,all,REG_TEXT_HOUSES_CALIFORNIA_PRICES_2020,0.939970056706578,2
CatBoost,all,REG_TEXT_HOUSES_CALIFORNIA_PRICES_2020,0.9168041045570784,3
CatBoost,all,REG_TEXT_HOUSES_CALIFORNIA_PRICES_2020,0.9500521390656876,4
CatBoost,ft,REG_TEXT_HOUSES_CALIFORNIA_PRICES_2020,0.9350294067827952,0
CatBoost,ft,REG_TEXT_HOUSES_CALIFORNIA_PRICES_2020,0.9363921751467806,1
CatBoost,ft,REG_TEXT_HOUSES_CALIFORNIA_PRICES_2020,0.9418054312430324,2
CatBoost,ft,REG_TEXT_HOUSES_CALIFORNIA_PRICES_2020,0.9193402811830184,3
CatBoost,ft,REG_TEXT_HOUSES_CALIFORNIA_PRICES_2020,0.9509129549985698,4
CatBoost,no_text,REG_TEXT_HOUSES_CALIFORNIA_PRICES_2020,0.9296409981174788,0
CatBoost,no_text,REG_TEXT_HOUSES_CALIFORNIA_PRICES_2020,0.9316062836346812,1
CatBoost,no_text,REG_TEXT_HOUSES_CALIFORNIA_PRICES_2020,0.9310685526203611,2
CatBoost,no_text,REG_TEXT_HOUSES_CALIFORNIA_PRICES_2020,0.9148868182628376,3
CatBoost,no_text,REG_TEXT_HOUSES_CALIFORNIA_PRICES_2020,0.9467354440211238,4
CatBoost,text_only,REG_TEXT_HOUSES_CALIFORNIA_PRICES_2020,0.7873716286746878,0
CatBoost,text_only,REG_TEXT_HOUSES_CALIFORNIA_PRICES_2020,0.7786723846551478,1
CatBoost,text_only,REG_TEXT_HOUSES_CALIFORNIA_PRICES_2020,0.7767107704833192,2
CatBoost,text_only,REG_TEXT_HOUSES_CALIFORNIA_PRICES_2020,0.7602151270108094,3
CatBoost,text_only,REG_TEXT_HOUSES_CALIFORNIA_PRICES_2020,0.7973738034334426,4
LightGBM,all,REG_TEXT_HOUSES_CALIFORNIA_PRICES_2020,0.9349825676816912,0
LightGBM,all,REG_TEXT_HOUSES_CALIFORNIA_PRICES_2020,0.9361650436448884,1
LightGBM,all,REG_TEXT_HOUSES_CALIFORNIA_PRICES_2020,0.933326821476217,2
LightGBM,all,REG_TEXT_HOUSES_CALIFORNIA_PRICES_2020,0.9165313542418388,3
LightGBM,all,REG_TEXT_HOUSES_CALIFORNIA_PRICES_2020,0.950293495899342,4
LightGBM,ft,REG_TEXT_HOUSES_CALIFORNIA_PRICES_2020,0.9356896970726312,0
LightGBM,ft,REG_TEXT_HOUSES_CALIFORNIA_PRICES_2020,0.9368927710649052,1
LightGBM,ft,REG_TEXT_HOUSES_CALIFORNIA_PRICES_2020,0.935819829754755,2
LightGBM,ft,REG_TEXT_HOUSES_CALIFORNIA_PRICES_2020,0.914981475684468,3
LightGBM,ft,REG_TEXT_HOUSES_CALIFORNIA_PRICES_2020,0.9501258480462238,4
LightGBM,no_text,REG_TEXT_HOUSES_CALIFORNIA_PRICES_2020,0.93030805827774,0
LightGBM,no_text,REG_TEXT_HOUSES_CALIFORNIA_PRICES_2020,0.9301386001598846,1
LightGBM,no_text,REG_TEXT_HOUSES_CALIFORNIA_PRICES_2020,0.9257458579993793,2
LightGBM,no_text,REG_TEXT_HOUSES_CALIFORNIA_PRICES_2020,0.911019576994134,3
LightGBM,no_text,REG_TEXT_HOUSES_CALIFORNIA_PRICES_2020,0.945214453019408,4
LightGBM,text_only,REG_TEXT_HOUSES_CALIFORNIA_PRICES_2020,0.7605003546238731,0
LightGBM,text_only,REG_TEXT_HOUSES_CALIFORNIA_PRICES_2020,0.7502555706558007,1
LightGBM,text_only,REG_TEXT_HOUSES_CALIFORNIA_PRICES_2020,0.7534182286201403,2
LightGBM,text_only,REG_TEXT_HOUSES_CALIFORNIA_PRICES_2020,0.7322234519903931,3
LightGBM,text_only,REG_TEXT_HOUSES_CALIFORNIA_PRICES_2020,0.7786633157300972,4
RandomForest,all,REG_TEXT_HOUSES_CALIFORNIA_PRICES_2020,0.922234602982247,0
RandomForest,all,REG_TEXT_HOUSES_CALIFORNIA_PRICES_2020,0.9204085556077402,1
RandomForest,all,REG_TEXT_HOUSES_CALIFORNIA_PRICES_2020,0.9248714258108692,2
RandomForest,all,REG_TEXT_HOUSES_CALIFORNIA_PRICES_2020,0.9016911218202794,3
RandomForest,all,REG_TEXT_HOUSES_CALIFORNIA_PRICES_2020,0.9427574467286008,4
RandomForest,ft,REG_TEXT_HOUSES_CALIFORNIA_PRICES_2020,0.9265769938213144,0
RandomForest,ft,REG_TEXT_HOUSES_CALIFORNIA_PRICES_2020,0.9162609923512816,1
RandomForest,ft,REG_TEXT_HOUSES_CALIFORNIA_PRICES_2020,0.9244296678099,2
RandomForest,ft,REG_TEXT_HOUSES_CALIFORNIA_PRICES_2020,0.9042050566329604,3
RandomForest,ft,REG_TEXT_HOUSES_CALIFORNIA_PRICES_2020,0.9384461734742482,4
RandomForest,no_text,REG_TEXT_HOUSES_CALIFORNIA_PRICES_2020,0.9274611997481764,0
RandomForest,no_text,REG_TEXT_HOUSES_CALIFORNIA_PRICES_2020,0.9236381207910552,1
RandomForest,no_text,REG_TEXT_HOUSES_CALIFORNIA_PRICES_2020,0.9201529696414554,2
RandomForest,no_text,REG_TEXT_HOUSES_CALIFORNIA_PRICES_2020,0.9017820633409316,3
RandomForest,no_text,REG_TEXT_HOUSES_CALIFORNIA_PRICES_2020,0.934207767882054,4
RandomForest,text_only,REG_TEXT_HOUSES_CALIFORNIA_PRICES_2020,0.7053314940504933,0
RandomForest,text_only,REG_TEXT_HOUSES_CALIFORNIA_PRICES_2020,0.6816689971158183,1
RandomForest,text_only,REG_TEXT_HOUSES_CALIFORNIA_PRICES_2020,0.6832161167286132,2
RandomForest,text_only,REG_TEXT_HOUSES_CALIFORNIA_PRICES_2020,0.6717633659157115,3
RandomForest,text_only,REG_TEXT_HOUSES_CALIFORNIA_PRICES_2020,0.7231114487372912,4
RealMLP,all,REG_TEXT_HOUSES_CALIFORNIA_PRICES_2020,0.931371741746461,0
RealMLP,all,REG_TEXT_HOUSES_CALIFORNIA_PRICES_2020,0.928188226891986,1
RealMLP,all,REG_TEXT_HOUSES_CALIFORNIA_PRICES_2020,0.9357427247426324,2
RealMLP,all,REG_TEXT_HOUSES_CALIFORNIA_PRICES_2020,0.897254560711603,3
RealMLP,all,REG_TEXT_HOUSES_CALIFORNIA_PRICES_2020,0.94868970519075,4
RealMLP,ft,REG_TEXT_HOUSES_CALIFORNIA_PRICES_2020,0.9291041810409958,0
RealMLP,ft,REG_TEXT_HOUSES_CALIFORNIA_PRICES_2020,0.9336418728252514,1
RealMLP,ft,REG_TEXT_HOUSES_CALIFORNIA_PRICES_2020,0.935600822323238,2
RealMLP,ft,REG_TEXT_HOUSES_CALIFORNIA_PRICES_2020,0.9150550438029168,3
RealMLP,ft,REG_TEXT_HOUSES_CALIFORNIA_PRICES_2020,0.9506884815622952,4
RealMLP,no_text,REG_TEXT_HOUSES_CALIFORNIA_PRICES_2020,0.9239542168568236,0
RealMLP,no_text,REG_TEXT_HOUSES_CALIFORNIA_PRICES_2020,0.916963765384279,1
RealMLP,no_text,REG_TEXT_HOUSES_CALIFORNIA_PRICES_2020,0.9291750164065328,2
RealMLP,no_text,REG_TEXT_HOUSES_CALIFORNIA_PRICES_2020,0.9085228701714247,3
RealMLP,no_text,REG_TEXT_HOUSES_CALIFORNIA_PRICES_2020,0.939508509924164,4
RealMLP,text_only,REG_TEXT_HOUSES_CALIFORNIA_PRICES_2020,0.7937681555991871,0
RealMLP,text_only,REG_TEXT_HOUSES_CALIFORNIA_PRICES_2020,0.7783633332134857,1
RealMLP,text_only,REG_TEXT_HOUSES_CALIFORNIA_PRICES_2020,0.7814373990048289,2
RealMLP,text_only,REG_TEXT_HOUSES_CALIFORNIA_PRICES_2020,0.7524812668597536,3
RealMLP,text_only,REG_TEXT_HOUSES_CALIFORNIA_PRICES_2020,0.7868638973096498,4
TabDPT,all,REG_TEXT_HOUSES_CALIFORNIA_PRICES_2020,0.8236963034661406,0
TabDPT,all,REG_TEXT_HOUSES_CALIFORNIA_PRICES_2020,0.8060262535771114,1
TabDPT,all,REG_TEXT_HOUSES_CALIFORNIA_PRICES_2020,0.8105054434776174,2
TabDPT,all,REG_TEXT_HOUSES_CALIFORNIA_PRICES_2020,0.7989776614528422,3
TabDPT,all,REG_TEXT_HOUSES_CALIFORNIA_PRICES_2020,0.8363548785078139,4
TabDPT,ft,REG_TEXT_HOUSES_CALIFORNIA_PRICES_2020,0.8389246128221821,0
TabDPT,ft,REG_TEXT_HOUSES_CALIFORNIA_PRICES_2020,0.8205714936498317,1
TabDPT,ft,REG_TEXT_HOUSES_CALIFORNIA_PRICES_2020,0.8216798877847719,2
TabDPT,ft,REG_TEXT_HOUSES_CALIFORNIA_PRICES_2020,0.8218412328137409,3
TabDPT,ft,REG_TEXT_HOUSES_CALIFORNIA_PRICES_2020,0.8535311018928098,4
TabDPT,no_text,REG_TEXT_HOUSES_CALIFORNIA_PRICES_2020,0.9342582625929294,0
TabDPT,no_text,REG_TEXT_HOUSES_CALIFORNIA_PRICES_2020,0.9352117483059624,1
TabDPT,no_text,REG_TEXT_HOUSES_CALIFORNIA_PRICES_2020,0.9332119962080944,2
TabDPT,no_text,REG_TEXT_HOUSES_CALIFORNIA_PRICES_2020,0.9175514067960336,3
TabDPT,no_text,REG_TEXT_HOUSES_CALIFORNIA_PRICES_2020,0.9442081451437124,4
TabDPT,text_only,REG_TEXT_HOUSES_CALIFORNIA_PRICES_2020,0.7520657442779306,0
TabDPT,text_only,REG_TEXT_HOUSES_CALIFORNIA_PRICES_2020,0.7231920628488062,1
TabDPT,text_only,REG_TEXT_HOUSES_CALIFORNIA_PRICES_2020,0.7249199662913193,2
TabDPT,text_only,REG_TEXT_HOUSES_CALIFORNIA_PRICES_2020,0.7174438984861977,3
TabDPT,text_only,REG_TEXT_HOUSES_CALIFORNIA_PRICES_2020,0.7573472400875938,4
TabICLv2,all,REG_TEXT_HOUSES_CALIFORNIA_PRICES_2020,0.9364976929484752,0
TabICLv2,all,REG_TEXT_HOUSES_CALIFORNIA_PRICES_2020,0.939318188210218,1
TabICLv2,all,REG_TEXT_HOUSES_CALIFORNIA_PRICES_2020,0.9375159647881028,2
TabICLv2,all,REG_TEXT_HOUSES_CALIFORNIA_PRICES_2020,0.9217905540919656,3
TabICLv2,all,REG_TEXT_HOUSES_CALIFORNIA_PRICES_2020,0.9522348173108612,4
TabICLv2,ft,REG_TEXT_HOUSES_CALIFORNIA_PRICES_2020,0.9389885183764944,0
TabICLv2,ft,REG_TEXT_HOUSES_CALIFORNIA_PRICES_2020,0.9355335466127516,1
TabICLv2,ft,REG_TEXT_HOUSES_CALIFORNIA_PRICES_2020,0.9361589067971838,2
TabICLv2,ft,REG_TEXT_HOUSES_CALIFORNIA_PRICES_2020,0.9152714535095172,3
TabICLv2,ft,REG_TEXT_HOUSES_CALIFORNIA_PRICES_2020,0.9497403718060442,4
TabICLv2,no_text,REG_TEXT_HOUSES_CALIFORNIA_PRICES_2020,0.9367580384519464,0
TabICLv2,no_text,REG_TEXT_HOUSES_CALIFORNIA_PRICES_2020,0.9378064676352948,1
TabICLv2,no_text,REG_TEXT_HOUSES_CALIFORNIA_PRICES_2020,0.9348310653594064,2
TabICLv2,no_text,REG_TEXT_HOUSES_CALIFORNIA_PRICES_2020,0.9186461111559596,3
TabICLv2,no_text,REG_TEXT_HOUSES_CALIFORNIA_PRICES_2020,0.9515852832302936,4
TabICLv2,text_only,REG_TEXT_HOUSES_CALIFORNIA_PRICES_2020,0.7983837346359529,0
TabICLv2,text_only,REG_TEXT_HOUSES_CALIFORNIA_PRICES_2020,0.7918180964730802,1
TabICLv2,text_only,REG_TEXT_HOUSES_CALIFORNIA_PRICES_2020,0.7817009087066761,2
TabICLv2,text_only,REG_TEXT_HOUSES_CALIFORNIA_PRICES_2020,0.7570876967589231,3
TabICLv2,text_only,REG_TEXT_HOUSES_CALIFORNIA_PRICES_2020,0.7995230543491996,4
TabM,all,REG_TEXT_HOUSES_CALIFORNIA_PRICES_2020,0.9343298666387304,0
TabM,all,REG_TEXT_HOUSES_CALIFORNIA_PRICES_2020,0.9279279780648496,1
TabM,all,REG_TEXT_HOUSES_CALIFORNIA_PRICES_2020,0.9361903835603224,2
TabM,all,REG_TEXT_HOUSES_CALIFORNIA_PRICES_2020,0.9167830402373572,3
TabM,all,REG_TEXT_HOUSES_CALIFORNIA_PRICES_2020,0.94866893704616,4
TabM,ft,REG_TEXT_HOUSES_CALIFORNIA_PRICES_2020,0.9375801336190082,0
TabM,ft,REG_TEXT_HOUSES_CALIFORNIA_PRICES_2020,0.9288654525052192,1
TabM,ft,REG_TEXT_HOUSES_CALIFORNIA_PRICES_2020,0.9384706932112886,2
TabM,ft,REG_TEXT_HOUSES_CALIFORNIA_PRICES_2020,0.9133663189063504,3
TabM,ft,REG_TEXT_HOUSES_CALIFORNIA_PRICES_2020,0.9475406500595348,4
TabM,no_text,REG_TEXT_HOUSES_CALIFORNIA_PRICES_2020,0.9210375255416838,0
TabM,no_text,REG_TEXT_HOUSES_CALIFORNIA_PRICES_2020,0.9286416701188156,1
TabM,no_text,REG_TEXT_HOUSES_CALIFORNIA_PRICES_2020,0.9282138211711188,2
TabM,no_text,REG_TEXT_HOUSES_CALIFORNIA_PRICES_2020,0.9070033698692952,3
TabM,no_text,REG_TEXT_HOUSES_CALIFORNIA_PRICES_2020,0.9393623601762816,4
TabM,text_only,REG_TEXT_HOUSES_CALIFORNIA_PRICES_2020,0.8010029731142707,0
TabM,text_only,REG_TEXT_HOUSES_CALIFORNIA_PRICES_2020,0.7872194256473726,1
TabM,text_only,REG_TEXT_HOUSES_CALIFORNIA_PRICES_2020,0.7811649855926679,2
TabM,text_only,REG_TEXT_HOUSES_CALIFORNIA_PRICES_2020,0.7557211020628541,3
TabM,text_only,REG_TEXT_HOUSES_CALIFORNIA_PRICES_2020,0.8013540672292356,4
TabPFN-2.5,all,REG_TEXT_HOUSES_CALIFORNIA_PRICES_2020,0.940668255360202,0
TabPFN-2.5,all,REG_TEXT_HOUSES_CALIFORNIA_PRICES_2020,0.9404624433396122,1
TabPFN-2.5,all,REG_TEXT_HOUSES_CALIFORNIA_PRICES_2020,0.9413181337732116,2
TabPFN-2.5,all,REG_TEXT_HOUSES_CALIFORNIA_PRICES_2020,0.915548231965446,3
TabPFN-2.5,all,REG_TEXT_HOUSES_CALIFORNIA_PRICES_2020,0.952899431836346,4
TabPFN-2.5,ft,REG_TEXT_HOUSES_CALIFORNIA_PRICES_2020,0.9385900219281312,0
TabPFN-2.5,ft,REG_TEXT_HOUSES_CALIFORNIA_PRICES_2020,0.938263772222321,1
TabPFN-2.5,ft,REG_TEXT_HOUSES_CALIFORNIA_PRICES_2020,0.9443198896299352,2
TabPFN-2.5,ft,REG_TEXT_HOUSES_CALIFORNIA_PRICES_2020,0.9131968720736496,3
TabPFN-2.5,ft,REG_TEXT_HOUSES_CALIFORNIA_PRICES_2020,0.9523077734194452,4
TabPFN-2.5,no_text,REG_TEXT_HOUSES_CALIFORNIA_PRICES_2020,0.933744171812698,0
TabPFN-2.5,no_text,REG_TEXT_HOUSES_CALIFORNIA_PRICES_2020,0.9388648074489788,1
TabPFN-2.5,no_text,REG_TEXT_HOUSES_CALIFORNIA_PRICES_2020,0.9351542340026424,2
TabPFN-2.5,no_text,REG_TEXT_HOUSES_CALIFORNIA_PRICES_2020,0.9188429412059796,3
TabPFN-2.5,no_text,REG_TEXT_HOUSES_CALIFORNIA_PRICES_2020,0.9475310374726132,4
TabPFN-2.5,text_only,REG_TEXT_HOUSES_CALIFORNIA_PRICES_2020,0.8262197695618322,0
TabPFN-2.5,text_only,REG_TEXT_HOUSES_CALIFORNIA_PRICES_2020,0.8198943405843102,1
TabPFN-2.5,text_only,REG_TEXT_HOUSES_CALIFORNIA_PRICES_2020,0.807284755903373,2
TabPFN-2.5,text_only,REG_TEXT_HOUSES_CALIFORNIA_PRICES_2020,0.7898734412806034,3
TabPFN-2.5,text_only,REG_TEXT_HOUSES_CALIFORNIA_PRICES_2020,0.8333463947994785,4
TabPFNv2,all,REG_TEXT_HOUSES_CALIFORNIA_PRICES_2020,0.9356743885906516,0
TabPFNv2,all,REG_TEXT_HOUSES_CALIFORNIA_PRICES_2020,0.938184520394592,1
TabPFNv2,all,REG_TEXT_HOUSES_CALIFORNIA_PRICES_2020,0.9391528853686332,2
TabPFNv2,all,REG_TEXT_HOUSES_CALIFORNIA_PRICES_2020,0.91608063605157,3
TabPFNv2,all,REG_TEXT_HOUSES_CALIFORNIA_PRICES_2020,0.9511846809608686,4
TabPFNv2,ft,REG_TEXT_HOUSES_CALIFORNIA_PRICES_2020,0.93502436862885,0
TabPFNv2,ft,REG_TEXT_HOUSES_CALIFORNIA_PRICES_2020,0.9385468354869112,1
TabPFNv2,ft,REG_TEXT_HOUSES_CALIFORNIA_PRICES_2020,0.940039645693961,2
TabPFNv2,ft,REG_TEXT_HOUSES_CALIFORNIA_PRICES_2020,0.9111056311813176,3
TabPFNv2,ft,REG_TEXT_HOUSES_CALIFORNIA_PRICES_2020,0.9515696588250236,4
TabPFNv2,no_text,REG_TEXT_HOUSES_CALIFORNIA_PRICES_2020,0.9328031645181062,0
TabPFNv2,no_text,REG_TEXT_HOUSES_CALIFORNIA_PRICES_2020,0.9353318773872272,1
TabPFNv2,no_text,REG_TEXT_HOUSES_CALIFORNIA_PRICES_2020,0.9326453960722112,2
TabPFNv2,no_text,REG_TEXT_HOUSES_CALIFORNIA_PRICES_2020,0.9171212081268052,3
TabPFNv2,no_text,REG_TEXT_HOUSES_CALIFORNIA_PRICES_2020,0.9453128408948211,4
TabPFNv2,text_only,REG_TEXT_HOUSES_CALIFORNIA_PRICES_2020,0.8023495427799007,0
TabPFNv2,text_only,REG_TEXT_HOUSES_CALIFORNIA_PRICES_2020,0.8006733204176048,1
TabPFNv2,text_only,REG_TEXT_HOUSES_CALIFORNIA_PRICES_2020,0.7888179937766537,2
TabPFNv2,text_only,REG_TEXT_HOUSES_CALIFORNIA_PRICES_2020,0.7688922961255431,3
TabPFNv2,text_only,REG_TEXT_HOUSES_CALIFORNIA_PRICES_2020,0.8155356771520716,4
XGBoost,all,REG_TEXT_HOUSES_CALIFORNIA_PRICES_2020,0.9277809124077074,0
XGBoost,all,REG_TEXT_HOUSES_CALIFORNIA_PRICES_2020,0.9262549319891036,1
XGBoost,all,REG_TEXT_HOUSES_CALIFORNIA_PRICES_2020,0.9325269371807036,2
XGBoost,all,REG_TEXT_HOUSES_CALIFORNIA_PRICES_2020,0.9145211494048534,3
XGBoost,all,REG_TEXT_HOUSES_CALIFORNIA_PRICES_2020,0.9420295970341696,4
XGBoost,ft,REG_TEXT_HOUSES_CALIFORNIA_PRICES_2020,0.927836504193098,0
XGBoost,ft,REG_TEXT_HOUSES_CALIFORNIA_PRICES_2020,0.918130970405178,1
XGBoost,ft,REG_TEXT_HOUSES_CALIFORNIA_PRICES_2020,0.9246840835265292,2
XGBoost,ft,REG_TEXT_HOUSES_CALIFORNIA_PRICES_2020,0.9154637733892982,3
XGBoost,ft,REG_TEXT_HOUSES_CALIFORNIA_PRICES_2020,0.9330318010047792,4
XGBoost,no_text,REG_TEXT_HOUSES_CALIFORNIA_PRICES_2020,0.9274576834734732,0
XGBoost,no_text,REG_TEXT_HOUSES_CALIFORNIA_PRICES_2020,0.9243496182569262,1
XGBoost,no_text,REG_TEXT_HOUSES_CALIFORNIA_PRICES_2020,0.917824368019704,2
XGBoost,no_text,REG_TEXT_HOUSES_CALIFORNIA_PRICES_2020,0.9089753807897172,3
XGBoost,no_text,REG_TEXT_HOUSES_CALIFORNIA_PRICES_2020,0.9394279218900792,4
XGBoost,text_only,REG_TEXT_HOUSES_CALIFORNIA_PRICES_2020,0.7321914720447089,0
XGBoost,text_only,REG_TEXT_HOUSES_CALIFORNIA_PRICES_2020,0.711874544153696,1
XGBoost,text_only,REG_TEXT_HOUSES_CALIFORNIA_PRICES_2020,0.726201519293922,2
XGBoost,text_only,REG_TEXT_HOUSES_CALIFORNIA_PRICES_2020,0.6942966248027189,3
XGBoost,text_only,REG_TEXT_HOUSES_CALIFORNIA_PRICES_2020,0.744913501491085,4
CatBoost,all,REG_TEXT_HOUSES_SAN_FRANCISCO_PERMITS_APPLICATIONS,0.5562680799898552,0
CatBoost,all,REG_TEXT_HOUSES_SAN_FRANCISCO_PERMITS_APPLICATIONS,0.5620681270208988,1
CatBoost,all,REG_TEXT_HOUSES_SAN_FRANCISCO_PERMITS_APPLICATIONS,0.5472638824878191,2
CatBoost,all,REG_TEXT_HOUSES_SAN_FRANCISCO_PERMITS_APPLICATIONS,0.5143479520460139,3
CatBoost,all,REG_TEXT_HOUSES_SAN_FRANCISCO_PERMITS_APPLICATIONS,0.5168224939906599,4
CatBoost,ft,REG_TEXT_HOUSES_SAN_FRANCISCO_PERMITS_APPLICATIONS,0.5720557473169674,0
CatBoost,ft,REG_TEXT_HOUSES_SAN_FRANCISCO_PERMITS_APPLICATIONS,0.5595748481243005,1
CatBoost,ft,REG_TEXT_HOUSES_SAN_FRANCISCO_PERMITS_APPLICATIONS,0.5339775372540521,2
CatBoost,ft,REG_TEXT_HOUSES_SAN_FRANCISCO_PERMITS_APPLICATIONS,0.5284714850851795,3
CatBoost,ft,REG_TEXT_HOUSES_SAN_FRANCISCO_PERMITS_APPLICATIONS,0.5589085152630349,4
CatBoost,no_text,REG_TEXT_HOUSES_SAN_FRANCISCO_PERMITS_APPLICATIONS,0.5693590318826846,0
CatBoost,no_text,REG_TEXT_HOUSES_SAN_FRANCISCO_PERMITS_APPLICATIONS,0.5728459487910775,1
CatBoost,no_text,REG_TEXT_HOUSES_SAN_FRANCISCO_PERMITS_APPLICATIONS,0.5595826283396019,2
CatBoost,no_text,REG_TEXT_HOUSES_SAN_FRANCISCO_PERMITS_APPLICATIONS,0.515119034122859,3
CatBoost,no_text,REG_TEXT_HOUSES_SAN_FRANCISCO_PERMITS_APPLICATIONS,0.5102105756854486,4
CatBoost,text_only,REG_TEXT_HOUSES_SAN_FRANCISCO_PERMITS_APPLICATIONS,0.2082381870986568,0
CatBoost,text_only,REG_TEXT_HOUSES_SAN_FRANCISCO_PERMITS_APPLICATIONS,0.2137152859786036,1
CatBoost,text_only,REG_TEXT_HOUSES_SAN_FRANCISCO_PERMITS_APPLICATIONS,0.2944507824467851,2
CatBoost,text_only,REG_TEXT_HOUSES_SAN_FRANCISCO_PERMITS_APPLICATIONS,0.251265743178647,3
CatBoost,text_only,REG_TEXT_HOUSES_SAN_FRANCISCO_PERMITS_APPLICATIONS,0.3039305567069524,4
LightGBM,all,REG_TEXT_HOUSES_SAN_FRANCISCO_PERMITS_APPLICATIONS,0.5559204088805638,0
LightGBM,all,REG_TEXT_HOUSES_SAN_FRANCISCO_PERMITS_APPLICATIONS,0.5526401351859054,1
LightGBM,all,REG_TEXT_HOUSES_SAN_FRANCISCO_PERMITS_APPLICATIONS,0.5362204975729709,2
LightGBM,all,REG_TEXT_HOUSES_SAN_FRANCISCO_PERMITS_APPLICATIONS,0.4920228313685403,3
LightGBM,all,REG_TEXT_HOUSES_SAN_FRANCISCO_PERMITS_APPLICATIONS,0.5207472779029678,4
LightGBM,ft,REG_TEXT_HOUSES_SAN_FRANCISCO_PERMITS_APPLICATIONS,0.5356280907456173,0
LightGBM,ft,REG_TEXT_HOUSES_SAN_FRANCISCO_PERMITS_APPLICATIONS,0.5386983893596935,1
LightGBM,ft,REG_TEXT_HOUSES_SAN_FRANCISCO_PERMITS_APPLICATIONS,0.5622149158259742,2
LightGBM,ft,REG_TEXT_HOUSES_SAN_FRANCISCO_PERMITS_APPLICATIONS,0.4960456584765131,3
LightGBM,ft,REG_TEXT_HOUSES_SAN_FRANCISCO_PERMITS_APPLICATIONS,0.5353371055957457,4
LightGBM,no_text,REG_TEXT_HOUSES_SAN_FRANCISCO_PERMITS_APPLICATIONS,0.552033821515727,0
LightGBM,no_text,REG_TEXT_HOUSES_SAN_FRANCISCO_PERMITS_APPLICATIONS,0.5935884518761363,1
LightGBM,no_text,REG_TEXT_HOUSES_SAN_FRANCISCO_PERMITS_APPLICATIONS,0.5153987546361581,2
LightGBM,no_text,REG_TEXT_HOUSES_SAN_FRANCISCO_PERMITS_APPLICATIONS,0.4788553108886578,3
LightGBM,no_text,REG_TEXT_HOUSES_SAN_FRANCISCO_PERMITS_APPLICATIONS,0.5256842549206304,4
LightGBM,text_only,REG_TEXT_HOUSES_SAN_FRANCISCO_PERMITS_APPLICATIONS,0.1941001140060329,0
LightGBM,text_only,REG_TEXT_HOUSES_SAN_FRANCISCO_PERMITS_APPLICATIONS,0.2176779041777333,1
LightGBM,text_only,REG_TEXT_HOUSES_SAN_FRANCISCO_PERMITS_APPLICATIONS,0.2716199933474988,2
LightGBM,text_only,REG_TEXT_HOUSES_SAN_FRANCISCO_PERMITS_APPLICATIONS,0.2799211031795906,3
LightGBM,text_only,REG_TEXT_HOUSES_SAN_FRANCISCO_PERMITS_APPLICATIONS,0.2884657757576666,4
RandomForest,all,REG_TEXT_HOUSES_SAN_FRANCISCO_PERMITS_APPLICATIONS,0.5429490781681192,0
RandomForest,all,REG_TEXT_HOUSES_SAN_FRANCISCO_PERMITS_APPLICATIONS,0.5643114128011739,1
RandomForest,all,REG_TEXT_HOUSES_SAN_FRANCISCO_PERMITS_APPLICATIONS,0.5463182176052156,2
RandomForest,all,REG_TEXT_HOUSES_SAN_FRANCISCO_PERMITS_APPLICATIONS,0.4383418464932169,3
RandomForest,all,REG_TEXT_HOUSES_SAN_FRANCISCO_PERMITS_APPLICATIONS,0.4804283607408806,4
RandomForest,ft,REG_TEXT_HOUSES_SAN_FRANCISCO_PERMITS_APPLICATIONS,0.5237102340562034,0
RandomForest,ft,REG_TEXT_HOUSES_SAN_FRANCISCO_PERMITS_APPLICATIONS,0.5489303524415643,1
RandomForest,ft,REG_TEXT_HOUSES_SAN_FRANCISCO_PERMITS_APPLICATIONS,0.5690096986450843,2
RandomForest,ft,REG_TEXT_HOUSES_SAN_FRANCISCO_PERMITS_APPLICATIONS,0.4455712390829717,3
RandomForest,ft,REG_TEXT_HOUSES_SAN_FRANCISCO_PERMITS_APPLICATIONS,0.5083085684392497,4
RandomForest,no_text,REG_TEXT_HOUSES_SAN_FRANCISCO_PERMITS_APPLICATIONS,0.5405763962588581,0
RandomForest,no_text,REG_TEXT_HOUSES_SAN_FRANCISCO_PERMITS_APPLICATIONS,0.5672541445733985,1
RandomForest,no_text,REG_TEXT_HOUSES_SAN_FRANCISCO_PERMITS_APPLICATIONS,0.5195673066890333,2
RandomForest,no_text,REG_TEXT_HOUSES_SAN_FRANCISCO_PERMITS_APPLICATIONS,0.4653523891248304,3
RandomForest,no_text,REG_TEXT_HOUSES_SAN_FRANCISCO_PERMITS_APPLICATIONS,0.4781088792189455,4
RandomForest,text_only,REG_TEXT_HOUSES_SAN_FRANCISCO_PERMITS_APPLICATIONS,0.182326903585131,0
RandomForest,text_only,REG_TEXT_HOUSES_SAN_FRANCISCO_PERMITS_APPLICATIONS,0.1563904258421103,1
RandomForest,text_only,REG_TEXT_HOUSES_SAN_FRANCISCO_PERMITS_APPLICATIONS,0.2167459886682722,2
RandomForest,text_only,REG_TEXT_HOUSES_SAN_FRANCISCO_PERMITS_APPLICATIONS,0.1686903560518774,3
RandomForest,text_only,REG_TEXT_HOUSES_SAN_FRANCISCO_PERMITS_APPLICATIONS,0.1814905533136272,4
RealMLP,all,REG_TEXT_HOUSES_SAN_FRANCISCO_PERMITS_APPLICATIONS,0.4985823198037628,0
RealMLP,all,REG_TEXT_HOUSES_SAN_FRANCISCO_PERMITS_APPLICATIONS,0.527004608999619,1
RealMLP,all,REG_TEXT_HOUSES_SAN_FRANCISCO_PERMITS_APPLICATIONS,0.5408530428242249,2
RealMLP,all,REG_TEXT_HOUSES_SAN_FRANCISCO_PERMITS_APPLICATIONS,0.4472051265255545,3
RealMLP,all,REG_TEXT_HOUSES_SAN_FRANCISCO_PERMITS_APPLICATIONS,0.4535157308022174,4
RealMLP,ft,REG_TEXT_HOUSES_SAN_FRANCISCO_PERMITS_APPLICATIONS,0.5089621290332832,0
RealMLP,ft,REG_TEXT_HOUSES_SAN_FRANCISCO_PERMITS_APPLICATIONS,0.5162266022129213,1
RealMLP,ft,REG_TEXT_HOUSES_SAN_FRANCISCO_PERMITS_APPLICATIONS,0.4230955388678336,2
RealMLP,ft,REG_TEXT_HOUSES_SAN_FRANCISCO_PERMITS_APPLICATIONS,0.4225381626485746,3
RealMLP,ft,REG_TEXT_HOUSES_SAN_FRANCISCO_PERMITS_APPLICATIONS,0.4743969788224024,4
RealMLP,no_text,REG_TEXT_HOUSES_SAN_FRANCISCO_PERMITS_APPLICATIONS,0.5545649659812639,0
RealMLP,no_text,REG_TEXT_HOUSES_SAN_FRANCISCO_PERMITS_APPLICATIONS,0.5102313344238381,1
RealMLP,no_text,REG_TEXT_HOUSES_SAN_FRANCISCO_PERMITS_APPLICATIONS,0.4804465431782873,2
RealMLP,no_text,REG_TEXT_HOUSES_SAN_FRANCISCO_PERMITS_APPLICATIONS,0.465058147925363,3
RealMLP,no_text,REG_TEXT_HOUSES_SAN_FRANCISCO_PERMITS_APPLICATIONS,0.4651615251720482,4
RealMLP,text_only,REG_TEXT_HOUSES_SAN_FRANCISCO_PERMITS_APPLICATIONS,0.17563778067357,0
RealMLP,text_only,REG_TEXT_HOUSES_SAN_FRANCISCO_PERMITS_APPLICATIONS,0.1750140188728083,1
RealMLP,text_only,REG_TEXT_HOUSES_SAN_FRANCISCO_PERMITS_APPLICATIONS,0.1882348886191985,2
RealMLP,text_only,REG_TEXT_HOUSES_SAN_FRANCISCO_PERMITS_APPLICATIONS,0.1958489635259694,3
RealMLP,text_only,REG_TEXT_HOUSES_SAN_FRANCISCO_PERMITS_APPLICATIONS,0.243869945122913,4
TabDPT,all,REG_TEXT_HOUSES_SAN_FRANCISCO_PERMITS_APPLICATIONS,0.576450675379753,0
TabDPT,all,REG_TEXT_HOUSES_SAN_FRANCISCO_PERMITS_APPLICATIONS,0.5500005687304577,1
TabDPT,all,REG_TEXT_HOUSES_SAN_FRANCISCO_PERMITS_APPLICATIONS,0.5619745130735505,2
TabDPT,all,REG_TEXT_HOUSES_SAN_FRANCISCO_PERMITS_APPLICATIONS,0.5294629614327419,3
TabDPT,all,REG_TEXT_HOUSES_SAN_FRANCISCO_PERMITS_APPLICATIONS,0.5387980422897543,4
TabDPT,ft,REG_TEXT_HOUSES_SAN_FRANCISCO_PERMITS_APPLICATIONS,0.554003453003671,0
TabDPT,ft,REG_TEXT_HOUSES_SAN_FRANCISCO_PERMITS_APPLICATIONS,0.5478787917552397,1
TabDPT,ft,REG_TEXT_HOUSES_SAN_FRANCISCO_PERMITS_APPLICATIONS,0.5673145704793205,2
TabDPT,ft,REG_TEXT_HOUSES_SAN_FRANCISCO_PERMITS_APPLICATIONS,0.5320065445022539,3
TabDPT,ft,REG_TEXT_HOUSES_SAN_FRANCISCO_PERMITS_APPLICATIONS,0.5553870157537506,4
TabDPT,no_text,REG_TEXT_HOUSES_SAN_FRANCISCO_PERMITS_APPLICATIONS,0.5898221453474082,0
TabDPT,no_text,REG_TEXT_HOUSES_SAN_FRANCISCO_PERMITS_APPLICATIONS,0.5677970062520359,1
TabDPT,no_text,REG_TEXT_HOUSES_SAN_FRANCISCO_PERMITS_APPLICATIONS,0.579019973600112,2
TabDPT,no_text,REG_TEXT_HOUSES_SAN_FRANCISCO_PERMITS_APPLICATIONS,0.5323588731219767,3
TabDPT,no_text,REG_TEXT_HOUSES_SAN_FRANCISCO_PERMITS_APPLICATIONS,0.5207707441267857,4
TabDPT,text_only,REG_TEXT_HOUSES_SAN_FRANCISCO_PERMITS_APPLICATIONS,0.2256586224457764,0
TabDPT,text_only,REG_TEXT_HOUSES_SAN_FRANCISCO_PERMITS_APPLICATIONS,0.2175689037121896,1
TabDPT,text_only,REG_TEXT_HOUSES_SAN_FRANCISCO_PERMITS_APPLICATIONS,0.2932348011979316,2
TabDPT,text_only,REG_TEXT_HOUSES_SAN_FRANCISCO_PERMITS_APPLICATIONS,0.2830901781831475,3
TabDPT,text_only,REG_TEXT_HOUSES_SAN_FRANCISCO_PERMITS_APPLICATIONS,0.2714336865212897,4
TabICLv2,all,REG_TEXT_HOUSES_SAN_FRANCISCO_PERMITS_APPLICATIONS,0.5992026301364253,0
TabICLv2,all,REG_TEXT_HOUSES_SAN_FRANCISCO_PERMITS_APPLICATIONS,0.5666842198776635,1
TabICLv2,all,REG_TEXT_HOUSES_SAN_FRANCISCO_PERMITS_APPLICATIONS,0.5849437617295536,2
TabICLv2,all,REG_TEXT_HOUSES_SAN_FRANCISCO_PERMITS_APPLICATIONS,0.5816095012986723,3
TabICLv2,all,REG_TEXT_HOUSES_SAN_FRANCISCO_PERMITS_APPLICATIONS,0.5862978243943566,4
TabICLv2,ft,REG_TEXT_HOUSES_SAN_FRANCISCO_PERMITS_APPLICATIONS,0.5849651089194386,0
TabICLv2,ft,REG_TEXT_HOUSES_SAN_FRANCISCO_PERMITS_APPLICATIONS,0.555327336336501,1
TabICLv2,ft,REG_TEXT_HOUSES_SAN_FRANCISCO_PERMITS_APPLICATIONS,0.5991741655048112,2
TabICLv2,ft,REG_TEXT_HOUSES_SAN_FRANCISCO_PERMITS_APPLICATIONS,0.5914124090618083,3
TabICLv2,ft,REG_TEXT_HOUSES_SAN_FRANCISCO_PERMITS_APPLICATIONS,0.6088730770251087,4
TabICLv2,no_text,REG_TEXT_HOUSES_SAN_FRANCISCO_PERMITS_APPLICATIONS,0.5877661133780547,0
TabICLv2,no_text,REG_TEXT_HOUSES_SAN_FRANCISCO_PERMITS_APPLICATIONS,0.56392139139312,1
TabICLv2,no_text,REG_TEXT_HOUSES_SAN_FRANCISCO_PERMITS_APPLICATIONS,0.5529315862283588,2
TabICLv2,no_text,REG_TEXT_HOUSES_SAN_FRANCISCO_PERMITS_APPLICATIONS,0.5565262066699018,3
TabICLv2,no_text,REG_TEXT_HOUSES_SAN_FRANCISCO_PERMITS_APPLICATIONS,0.5447226788720996,4
TabICLv2,text_only,REG_TEXT_HOUSES_SAN_FRANCISCO_PERMITS_APPLICATIONS,0.3755685868758955,0
TabICLv2,text_only,REG_TEXT_HOUSES_SAN_FRANCISCO_PERMITS_APPLICATIONS,0.3359363222259844,1
TabICLv2,text_only,REG_TEXT_HOUSES_SAN_FRANCISCO_PERMITS_APPLICATIONS,0.3920619037352472,2
TabICLv2,text_only,REG_TEXT_HOUSES_SAN_FRANCISCO_PERMITS_APPLICATIONS,0.3912158436633349,3
TabICLv2,text_only,REG_TEXT_HOUSES_SAN_FRANCISCO_PERMITS_APPLICATIONS,0.4601305636937123,4
TabM,all,REG_TEXT_HOUSES_SAN_FRANCISCO_PERMITS_APPLICATIONS,0.5542453611544261,0
TabM,all,REG_TEXT_HOUSES_SAN_FRANCISCO_PERMITS_APPLICATIONS,0.5524241702801679,1
TabM,all,REG_TEXT_HOUSES_SAN_FRANCISCO_PERMITS_APPLICATIONS,0.5276808833424829,2
TabM,all,REG_TEXT_HOUSES_SAN_FRANCISCO_PERMITS_APPLICATIONS,0.5440294428885212,3
TabM,all,REG_TEXT_HOUSES_SAN_FRANCISCO_PERMITS_APPLICATIONS,0.4962426207284197,4
TabM,ft,REG_TEXT_HOUSES_SAN_FRANCISCO_PERMITS_APPLICATIONS,0.5544836011515881,0
TabM,ft,REG_TEXT_HOUSES_SAN_FRANCISCO_PERMITS_APPLICATIONS,0.5462101627419592,1
TabM,ft,REG_TEXT_HOUSES_SAN_FRANCISCO_PERMITS_APPLICATIONS,0.5459134657717977,2
TabM,ft,REG_TEXT_HOUSES_SAN_FRANCISCO_PERMITS_APPLICATIONS,0.5509286723659907,3
TabM,ft,REG_TEXT_HOUSES_SAN_FRANCISCO_PERMITS_APPLICATIONS,0.5144301260887686,4
TabM,no_text,REG_TEXT_HOUSES_SAN_FRANCISCO_PERMITS_APPLICATIONS,0.5735134231446893,0
TabM,no_text,REG_TEXT_HOUSES_SAN_FRANCISCO_PERMITS_APPLICATIONS,0.568009005873124,1
TabM,no_text,REG_TEXT_HOUSES_SAN_FRANCISCO_PERMITS_APPLICATIONS,0.530954783971959,2
TabM,no_text,REG_TEXT_HOUSES_SAN_FRANCISCO_PERMITS_APPLICATIONS,0.5018837735812559,3
TabM,no_text,REG_TEXT_HOUSES_SAN_FRANCISCO_PERMITS_APPLICATIONS,0.4660093354714638,4
TabM,text_only,REG_TEXT_HOUSES_SAN_FRANCISCO_PERMITS_APPLICATIONS,0.2493055428571289,0
TabM,text_only,REG_TEXT_HOUSES_SAN_FRANCISCO_PERMITS_APPLICATIONS,0.2424787894594204,1
TabM,text_only,REG_TEXT_HOUSES_SAN_FRANCISCO_PERMITS_APPLICATIONS,0.3556039723845693,2
TabM,text_only,REG_TEXT_HOUSES_SAN_FRANCISCO_PERMITS_APPLICATIONS,0.3433654067480436,3
TabM,text_only,REG_TEXT_HOUSES_SAN_FRANCISCO_PERMITS_APPLICATIONS,0.3515504747074435,4
TabPFN-2.5,all,REG_TEXT_HOUSES_SAN_FRANCISCO_PERMITS_APPLICATIONS,0.5424672946870075,0
TabPFN-2.5,all,REG_TEXT_HOUSES_SAN_FRANCISCO_PERMITS_APPLICATIONS,0.5127861167291938,1
TabPFN-2.5,all,REG_TEXT_HOUSES_SAN_FRANCISCO_PERMITS_APPLICATIONS,0.5500061407644773,2
TabPFN-2.5,all,REG_TEXT_HOUSES_SAN_FRANCISCO_PERMITS_APPLICATIONS,0.5694562085986017,3
TabPFN-2.5,all,REG_TEXT_HOUSES_SAN_FRANCISCO_PERMITS_APPLICATIONS,0.5472500233816138,4
TabPFN-2.5,ft,REG_TEXT_HOUSES_SAN_FRANCISCO_PERMITS_APPLICATIONS,0.5524548624318733,0
TabPFN-2.5,ft,REG_TEXT_HOUSES_SAN_FRANCISCO_PERMITS_APPLICATIONS,0.5068894050816766,1
TabPFN-2.5,ft,REG_TEXT_HOUSES_SAN_FRANCISCO_PERMITS_APPLICATIONS,0.5433984274432527,2
TabPFN-2.5,ft,REG_TEXT_HOUSES_SAN_FRANCISCO_PERMITS_APPLICATIONS,0.555672836282301,3
TabPFN-2.5,ft,REG_TEXT_HOUSES_SAN_FRANCISCO_PERMITS_APPLICATIONS,0.5547312783009597,4
TabPFN-2.5,no_text,REG_TEXT_HOUSES_SAN_FRANCISCO_PERMITS_APPLICATIONS,0.542201311117446,0
TabPFN-2.5,no_text,REG_TEXT_HOUSES_SAN_FRANCISCO_PERMITS_APPLICATIONS,0.5073267887243609,1
TabPFN-2.5,no_text,REG_TEXT_HOUSES_SAN_FRANCISCO_PERMITS_APPLICATIONS,0.5330759175135815,2
TabPFN-2.5,no_text,REG_TEXT_HOUSES_SAN_FRANCISCO_PERMITS_APPLICATIONS,0.5371554537294752,3
TabPFN-2.5,no_text,REG_TEXT_HOUSES_SAN_FRANCISCO_PERMITS_APPLICATIONS,0.5221731266060265,4
TabPFN-2.5,text_only,REG_TEXT_HOUSES_SAN_FRANCISCO_PERMITS_APPLICATIONS,0.3041984494088745,0
TabPFN-2.5,text_only,REG_TEXT_HOUSES_SAN_FRANCISCO_PERMITS_APPLICATIONS,0.269830447379585,1
TabPFN-2.5,text_only,REG_TEXT_HOUSES_SAN_FRANCISCO_PERMITS_APPLICATIONS,0.351247919641983,2
TabPFN-2.5,text_only,REG_TEXT_HOUSES_SAN_FRANCISCO_PERMITS_APPLICATIONS,0.3607542539863868,3
TabPFN-2.5,text_only,REG_TEXT_HOUSES_SAN_FRANCISCO_PERMITS_APPLICATIONS,0.4017634001257034,4
TabPFNv2,all,REG_TEXT_HOUSES_SAN_FRANCISCO_PERMITS_APPLICATIONS,0.455260584661378,0
TabPFNv2,all,REG_TEXT_HOUSES_SAN_FRANCISCO_PERMITS_APPLICATIONS,0.4516082809614211,1
TabPFNv2,all,REG_TEXT_HOUSES_SAN_FRANCISCO_PERMITS_APPLICATIONS,0.4737370290008519,2
TabPFNv2,all,REG_TEXT_HOUSES_SAN_FRANCISCO_PERMITS_APPLICATIONS,0.4711823093246912,3
TabPFNv2,all,REG_TEXT_HOUSES_SAN_FRANCISCO_PERMITS_APPLICATIONS,0.4840269907973811,4
TabPFNv2,ft,REG_TEXT_HOUSES_SAN_FRANCISCO_PERMITS_APPLICATIONS,0.4585345217297721,0
TabPFNv2,ft,REG_TEXT_HOUSES_SAN_FRANCISCO_PERMITS_APPLICATIONS,0.4499973188237767,1
TabPFNv2,ft,REG_TEXT_HOUSES_SAN_FRANCISCO_PERMITS_APPLICATIONS,0.4765513051863345,2
TabPFNv2,ft,REG_TEXT_HOUSES_SAN_FRANCISCO_PERMITS_APPLICATIONS,0.4734170112018433,3
TabPFNv2,ft,REG_TEXT_HOUSES_SAN_FRANCISCO_PERMITS_APPLICATIONS,0.4993341447978311,4
TabPFNv2,no_text,REG_TEXT_HOUSES_SAN_FRANCISCO_PERMITS_APPLICATIONS,0.4503653171430455,0
TabPFNv2,no_text,REG_TEXT_HOUSES_SAN_FRANCISCO_PERMITS_APPLICATIONS,0.4460546300255253,1
TabPFNv2,no_text,REG_TEXT_HOUSES_SAN_FRANCISCO_PERMITS_APPLICATIONS,0.4719632433932562,2
TabPFNv2,no_text,REG_TEXT_HOUSES_SAN_FRANCISCO_PERMITS_APPLICATIONS,0.467022707834075,3
TabPFNv2,no_text,REG_TEXT_HOUSES_SAN_FRANCISCO_PERMITS_APPLICATIONS,0.482179102087879,4
TabPFNv2,text_only,REG_TEXT_HOUSES_SAN_FRANCISCO_PERMITS_APPLICATIONS,0.1307717138399045,0
TabPFNv2,text_only,REG_TEXT_HOUSES_SAN_FRANCISCO_PERMITS_APPLICATIONS,0.0914494630551897,1
TabPFNv2,text_only,REG_TEXT_HOUSES_SAN_FRANCISCO_PERMITS_APPLICATIONS,0.1567007587493802,2
TabPFNv2,text_only,REG_TEXT_HOUSES_SAN_FRANCISCO_PERMITS_APPLICATIONS,0.1884432859867376,3
TabPFNv2,text_only,REG_TEXT_HOUSES_SAN_FRANCISCO_PERMITS_APPLICATIONS,0.2102464192627513,4
XGBoost,all,REG_TEXT_HOUSES_SAN_FRANCISCO_PERMITS_APPLICATIONS,0.4801318593871728,0
XGBoost,all,REG_TEXT_HOUSES_SAN_FRANCISCO_PERMITS_APPLICATIONS,0.5445242973526285,1
XGBoost,all,REG_TEXT_HOUSES_SAN_FRANCISCO_PERMITS_APPLICATIONS,0.5102737011971479,2
XGBoost,all,REG_TEXT_HOUSES_SAN_FRANCISCO_PERMITS_APPLICATIONS,0.47449637103711,3
XGBoost,all,REG_TEXT_HOUSES_SAN_FRANCISCO_PERMITS_APPLICATIONS,0.4823803567967925,4
XGBoost,ft,REG_TEXT_HOUSES_SAN_FRANCISCO_PERMITS_APPLICATIONS,0.4999635569994359,0
XGBoost,ft,REG_TEXT_HOUSES_SAN_FRANCISCO_PERMITS_APPLICATIONS,0.5421784239404518,1
XGBoost,ft,REG_TEXT_HOUSES_SAN_FRANCISCO_PERMITS_APPLICATIONS,0.5312016665513314,2
XGBoost,ft,REG_TEXT_HOUSES_SAN_FRANCISCO_PERMITS_APPLICATIONS,0.4942055080812444,3
XGBoost,ft,REG_TEXT_HOUSES_SAN_FRANCISCO_PERMITS_APPLICATIONS,0.4901097805372155,4
XGBoost,no_text,REG_TEXT_HOUSES_SAN_FRANCISCO_PERMITS_APPLICATIONS,0.5270919518028132,0
XGBoost,no_text,REG_TEXT_HOUSES_SAN_FRANCISCO_PERMITS_APPLICATIONS,0.5670328406011264,1
XGBoost,no_text,REG_TEXT_HOUSES_SAN_FRANCISCO_PERMITS_APPLICATIONS,0.52514154163178,2
XGBoost,no_text,REG_TEXT_HOUSES_SAN_FRANCISCO_PERMITS_APPLICATIONS,0.5313332472101004,3
XGBoost,no_text,REG_TEXT_HOUSES_SAN_FRANCISCO_PERMITS_APPLICATIONS,0.5254350612530989,4
XGBoost,text_only,REG_TEXT_HOUSES_SAN_FRANCISCO_PERMITS_APPLICATIONS,0.1471086289174161,0
XGBoost,text_only,REG_TEXT_HOUSES_SAN_FRANCISCO_PERMITS_APPLICATIONS,0.1460026922566709,1
XGBoost,text_only,REG_TEXT_HOUSES_SAN_FRANCISCO_PERMITS_APPLICATIONS,0.2582512948112183,2
XGBoost,text_only,REG_TEXT_HOUSES_SAN_FRANCISCO_PERMITS_APPLICATIONS,0.2036375918371105,3
XGBoost,text_only,REG_TEXT_HOUSES_SAN_FRANCISCO_PERMITS_APPLICATIONS,0.1259222457037,4
CatBoost,all,REG_TEXT_PROFESSIONAL_COMPANY_EMPLOYEES_SIZE,-0.0005619459315373,0
CatBoost,all,REG_TEXT_PROFESSIONAL_COMPANY_EMPLOYEES_SIZE,-4.52385174638e-05,1
CatBoost,all,REG_TEXT_PROFESSIONAL_COMPANY_EMPLOYEES_SIZE,-0.0009946914124676,2
CatBoost,all,REG_TEXT_PROFESSIONAL_COMPANY_EMPLOYEES_SIZE,-0.0485678730335861,3
CatBoost,all,REG_TEXT_PROFESSIONAL_COMPANY_EMPLOYEES_SIZE,-0.7895484230912826,4
CatBoost,ft,REG_TEXT_PROFESSIONAL_COMPANY_EMPLOYEES_SIZE,-0.057320828889493,0
CatBoost,ft,REG_TEXT_PROFESSIONAL_COMPANY_EMPLOYEES_SIZE,-0.0001185073796488,1
CatBoost,ft,REG_TEXT_PROFESSIONAL_COMPANY_EMPLOYEES_SIZE,-0.0007584435743874,2
CatBoost,ft,REG_TEXT_PROFESSIONAL_COMPANY_EMPLOYEES_SIZE,-5.58967621524e-05,3
CatBoost,ft,REG_TEXT_PROFESSIONAL_COMPANY_EMPLOYEES_SIZE,-0.0021546928744213,4
CatBoost,no_text,REG_TEXT_PROFESSIONAL_COMPANY_EMPLOYEES_SIZE,0.0021151130266041,0
CatBoost,no_text,REG_TEXT_PROFESSIONAL_COMPANY_EMPLOYEES_SIZE,-0.1644587432479733,1
CatBoost,no_text,REG_TEXT_PROFESSIONAL_COMPANY_EMPLOYEES_SIZE,-0.0012135712066032,2
CatBoost,no_text,REG_TEXT_PROFESSIONAL_COMPANY_EMPLOYEES_SIZE,0.0024828734443205,3
CatBoost,no_text,REG_TEXT_PROFESSIONAL_COMPANY_EMPLOYEES_SIZE,-0.0081512679331299,4
CatBoost,text_only,REG_TEXT_PROFESSIONAL_COMPANY_EMPLOYEES_SIZE,-0.0004768889560504,0
CatBoost,text_only,REG_TEXT_PROFESSIONAL_COMPANY_EMPLOYEES_SIZE,-0.0003028138204219,1
CatBoost,text_only,REG_TEXT_PROFESSIONAL_COMPANY_EMPLOYEES_SIZE,2.5043134555e-05,2
CatBoost,text_only,REG_TEXT_PROFESSIONAL_COMPANY_EMPLOYEES_SIZE,-0.0181842036863941,3
CatBoost,text_only,REG_TEXT_PROFESSIONAL_COMPANY_EMPLOYEES_SIZE,-0.1244938828067112,4
LightGBM,all,REG_TEXT_PROFESSIONAL_COMPANY_EMPLOYEES_SIZE,-0.0531085710639716,0
LightGBM,all,REG_TEXT_PROFESSIONAL_COMPANY_EMPLOYEES_SIZE,0.0940056786725408,1
LightGBM,all,REG_TEXT_PROFESSIONAL_COMPANY_EMPLOYEES_SIZE,-0.2988670607293762,2
LightGBM,all,REG_TEXT_PROFESSIONAL_COMPANY_EMPLOYEES_SIZE,-0.0633202645909432,3
LightGBM,all,REG_TEXT_PROFESSIONAL_COMPANY_EMPLOYEES_SIZE,-0.1830941878609377,4
LightGBM,ft,REG_TEXT_PROFESSIONAL_COMPANY_EMPLOYEES_SIZE,-0.0410324649468674,0
LightGBM,ft,REG_TEXT_PROFESSIONAL_COMPANY_EMPLOYEES_SIZE,-0.0482770546676778,1
LightGBM,ft,REG_TEXT_PROFESSIONAL_COMPANY_EMPLOYEES_SIZE,-0.2476934749849579,2
LightGBM,ft,REG_TEXT_PROFESSIONAL_COMPANY_EMPLOYEES_SIZE,-0.0395345238350564,3
LightGBM,ft,REG_TEXT_PROFESSIONAL_COMPANY_EMPLOYEES_SIZE,-0.1999488778591516,4
LightGBM,no_text,REG_TEXT_PROFESSIONAL_COMPANY_EMPLOYEES_SIZE,-0.0915277432660741,0
LightGBM,no_text,REG_TEXT_PROFESSIONAL_COMPANY_EMPLOYEES_SIZE,-0.0196898765714155,1
LightGBM,no_text,REG_TEXT_PROFESSIONAL_COMPANY_EMPLOYEES_SIZE,-0.1391635485372553,2
LightGBM,no_text,REG_TEXT_PROFESSIONAL_COMPANY_EMPLOYEES_SIZE,-0.0155038083450802,3
LightGBM,no_text,REG_TEXT_PROFESSIONAL_COMPANY_EMPLOYEES_SIZE,-0.0621094453134305,4
LightGBM,text_only,REG_TEXT_PROFESSIONAL_COMPANY_EMPLOYEES_SIZE,-0.0620424682541995,0
LightGBM,text_only,REG_TEXT_PROFESSIONAL_COMPANY_EMPLOYEES_SIZE,0.0227089885207596,1
LightGBM,text_only,REG_TEXT_PROFESSIONAL_COMPANY_EMPLOYEES_SIZE,-0.0724868266186586,2
LightGBM,text_only,REG_TEXT_PROFESSIONAL_COMPANY_EMPLOYEES_SIZE,-0.0639702535322244,3
LightGBM,text_only,REG_TEXT_PROFESSIONAL_COMPANY_EMPLOYEES_SIZE,-0.1747776403943906,4
RandomForest,all,REG_TEXT_PROFESSIONAL_COMPANY_EMPLOYEES_SIZE,-0.0305620309615015,0
RandomForest,all,REG_TEXT_PROFESSIONAL_COMPANY_EMPLOYEES_SIZE,0.0013608447849765,1
RandomForest,all,REG_TEXT_PROFESSIONAL_COMPANY_EMPLOYEES_SIZE,-0.1305984397063184,2
RandomForest,all,REG_TEXT_PROFESSIONAL_COMPANY_EMPLOYEES_SIZE,-0.1513001452250715,3
RandomForest,all,REG_TEXT_PROFESSIONAL_COMPANY_EMPLOYEES_SIZE,-0.4301493492721757,4
RandomForest,ft,REG_TEXT_PROFESSIONAL_COMPANY_EMPLOYEES_SIZE,-0.5899261174968107,0
RandomForest,ft,REG_TEXT_PROFESSIONAL_COMPANY_EMPLOYEES_SIZE,-0.0556028417014442,1
RandomForest,ft,REG_TEXT_PROFESSIONAL_COMPANY_EMPLOYEES_SIZE,-0.7195786918193361,2
RandomForest,ft,REG_TEXT_PROFESSIONAL_COMPANY_EMPLOYEES_SIZE,-0.1848543424535376,3
RandomForest,ft,REG_TEXT_PROFESSIONAL_COMPANY_EMPLOYEES_SIZE,-0.1310723851050816,4
RandomForest,no_text,REG_TEXT_PROFESSIONAL_COMPANY_EMPLOYEES_SIZE,-0.0792324447112688,0
RandomForest,no_text,REG_TEXT_PROFESSIONAL_COMPANY_EMPLOYEES_SIZE,-0.1803354582881426,1
RandomForest,no_text,REG_TEXT_PROFESSIONAL_COMPANY_EMPLOYEES_SIZE,-0.7234824827467656,2
RandomForest,no_text,REG_TEXT_PROFESSIONAL_COMPANY_EMPLOYEES_SIZE,-0.0699417800429733,3
RandomForest,no_text,REG_TEXT_PROFESSIONAL_COMPANY_EMPLOYEES_SIZE,-0.1155406985725235,4
RandomForest,text_only,REG_TEXT_PROFESSIONAL_COMPANY_EMPLOYEES_SIZE,-0.0715024852841441,0
RandomForest,text_only,REG_TEXT_PROFESSIONAL_COMPANY_EMPLOYEES_SIZE,0.0597279207721272,1
RandomForest,text_only,REG_TEXT_PROFESSIONAL_COMPANY_EMPLOYEES_SIZE,-0.1042490113348626,2
RandomForest,text_only,REG_TEXT_PROFESSIONAL_COMPANY_EMPLOYEES_SIZE,-0.1997045723465558,3
RandomForest,text_only,REG_TEXT_PROFESSIONAL_COMPANY_EMPLOYEES_SIZE,-1.5782022010725618,4
RealMLP,all,REG_TEXT_PROFESSIONAL_COMPANY_EMPLOYEES_SIZE,-0.0149301290512084,0
RealMLP,all,REG_TEXT_PROFESSIONAL_COMPANY_EMPLOYEES_SIZE,-0.0019284486770629,1
RealMLP,all,REG_TEXT_PROFESSIONAL_COMPANY_EMPLOYEES_SIZE,-0.0022475719451904,2
RealMLP,all,REG_TEXT_PROFESSIONAL_COMPANY_EMPLOYEES_SIZE,-0.0386090278625488,3
RealMLP,all,REG_TEXT_PROFESSIONAL_COMPANY_EMPLOYEES_SIZE,-0.0034091472625732,4
RealMLP,ft,REG_TEXT_PROFESSIONAL_COMPANY_EMPLOYEES_SIZE,-0.001190185546875,0
RealMLP,ft,REG_TEXT_PROFESSIONAL_COMPANY_EMPLOYEES_SIZE,-0.0011028051376342,1
RealMLP,ft,REG_TEXT_PROFESSIONAL_COMPANY_EMPLOYEES_SIZE,-0.0096652507781982,2
RealMLP,ft,REG_TEXT_PROFESSIONAL_COMPANY_EMPLOYEES_SIZE,-0.0373569726943969,3
RealMLP,ft,REG_TEXT_PROFESSIONAL_COMPANY_EMPLOYEES_SIZE,6.973743438720703e-06,4
RealMLP,no_text,REG_TEXT_PROFESSIONAL_COMPANY_EMPLOYEES_SIZE,0.0001390576362609,0
RealMLP,no_text,REG_TEXT_PROFESSIONAL_COMPANY_EMPLOYEES_SIZE,0.0017967224121093,1
RealMLP,no_text,REG_TEXT_PROFESSIONAL_COMPANY_EMPLOYEES_SIZE,-0.0154181718826293,2
RealMLP,no_text,REG_TEXT_PROFESSIONAL_COMPANY_EMPLOYEES_SIZE,0.0022076368331909,3
RealMLP,no_text,REG_TEXT_PROFESSIONAL_COMPANY_EMPLOYEES_SIZE,0.0122209787368774,4
RealMLP,text_only,REG_TEXT_PROFESSIONAL_COMPANY_EMPLOYEES_SIZE,-3.7670135498e-05,0
RealMLP,text_only,REG_TEXT_PROFESSIONAL_COMPANY_EMPLOYEES_SIZE,0.000182569026947,1
RealMLP,text_only,REG_TEXT_PROFESSIONAL_COMPANY_EMPLOYEES_SIZE,-0.015291690826416,2
RealMLP,text_only,REG_TEXT_PROFESSIONAL_COMPANY_EMPLOYEES_SIZE,-0.0146799087524414,3
RealMLP,text_only,REG_TEXT_PROFESSIONAL_COMPANY_EMPLOYEES_SIZE,-0.0249545574188232,4
TabDPT,all,REG_TEXT_PROFESSIONAL_COMPANY_EMPLOYEES_SIZE,-0.014565110206604,0
TabDPT,all,REG_TEXT_PROFESSIONAL_COMPANY_EMPLOYEES_SIZE,0.0065427422523498,1
TabDPT,all,REG_TEXT_PROFESSIONAL_COMPANY_EMPLOYEES_SIZE,-0.0004256963729858,2
TabDPT,all,REG_TEXT_PROFESSIONAL_COMPANY_EMPLOYEES_SIZE,-0.0037317276000976,3
TabDPT,all,REG_TEXT_PROFESSIONAL_COMPANY_EMPLOYEES_SIZE,-0.0027403831481933,4
TabDPT,ft,REG_TEXT_PROFESSIONAL_COMPANY_EMPLOYEES_SIZE,-0.0408920049667358,0
TabDPT,ft,REG_TEXT_PROFESSIONAL_COMPANY_EMPLOYEES_SIZE,0.0043640732765197,1
TabDPT,ft,REG_TEXT_PROFESSIONAL_COMPANY_EMPLOYEES_SIZE,-0.0003386735916137,2
TabDPT,ft,REG_TEXT_PROFESSIONAL_COMPANY_EMPLOYEES_SIZE,-0.0103933811187744,3
TabDPT,ft,REG_TEXT_PROFESSIONAL_COMPANY_EMPLOYEES_SIZE,0.001912772655487,4
TabDPT,no_text,REG_TEXT_PROFESSIONAL_COMPANY_EMPLOYEES_SIZE,-0.0358585119247436,0
TabDPT,no_text,REG_TEXT_PROFESSIONAL_COMPANY_EMPLOYEES_SIZE,-0.0089788436889648,1
TabDPT,no_text,REG_TEXT_PROFESSIONAL_COMPANY_EMPLOYEES_SIZE,-0.0002286434173583,2
TabDPT,no_text,REG_TEXT_PROFESSIONAL_COMPANY_EMPLOYEES_SIZE,-0.010398507118225,3
TabDPT,no_text,REG_TEXT_PROFESSIONAL_COMPANY_EMPLOYEES_SIZE,0.0011375546455383,4
TabDPT,text_only,REG_TEXT_PROFESSIONAL_COMPANY_EMPLOYEES_SIZE,-0.0142505168914794,0
TabDPT,text_only,REG_TEXT_PROFESSIONAL_COMPANY_EMPLOYEES_SIZE,0.0051279067993164,1
TabDPT,text_only,REG_TEXT_PROFESSIONAL_COMPANY_EMPLOYEES_SIZE,0.0002991557121276,2
TabDPT,text_only,REG_TEXT_PROFESSIONAL_COMPANY_EMPLOYEES_SIZE,-0.0112773180007934,3
TabDPT,text_only,REG_TEXT_PROFESSIONAL_COMPANY_EMPLOYEES_SIZE,-0.0057795047760009,4
TabICLv2,all,REG_TEXT_PROFESSIONAL_COMPANY_EMPLOYEES_SIZE,-0.0115027427673339,0
TabICLv2,all,REG_TEXT_PROFESSIONAL_COMPANY_EMPLOYEES_SIZE,0.0126678347587585,1
TabICLv2,all,REG_TEXT_PROFESSIONAL_COMPANY_EMPLOYEES_SIZE,-0.0453507900238037,2
TabICLv2,all,REG_TEXT_PROFESSIONAL_COMPANY_EMPLOYEES_SIZE,-0.0060832500457763,3
TabICLv2,all,REG_TEXT_PROFESSIONAL_COMPANY_EMPLOYEES_SIZE,-0.059840440750122,4
TabICLv2,ft,REG_TEXT_PROFESSIONAL_COMPANY_EMPLOYEES_SIZE,0.0051073431968688,0
TabICLv2,ft,REG_TEXT_PROFESSIONAL_COMPANY_EMPLOYEES_SIZE,0.0136609673500061,1
TabICLv2,ft,REG_TEXT_PROFESSIONAL_COMPANY_EMPLOYEES_SIZE,-0.0268527269363403,2
TabICLv2,ft,REG_TEXT_PROFESSIONAL_COMPANY_EMPLOYEES_SIZE,-0.0412442684173584,3
TabICLv2,ft,REG_TEXT_PROFESSIONAL_COMPANY_EMPLOYEES_SIZE,-0.0740754604339599,4
TabICLv2,no_text,REG_TEXT_PROFESSIONAL_COMPANY_EMPLOYEES_SIZE,-0.0036321878433227,0
TabICLv2,no_text,REG_TEXT_PROFESSIONAL_COMPANY_EMPLOYEES_SIZE,0.0046530961990356,1
TabICLv2,no_text,REG_TEXT_PROFESSIONAL_COMPANY_EMPLOYEES_SIZE,-0.0299314260482788,2
TabICLv2,no_text,REG_TEXT_PROFESSIONAL_COMPANY_EMPLOYEES_SIZE,0.0051974654197692,3
TabICLv2,no_text,REG_TEXT_PROFESSIONAL_COMPANY_EMPLOYEES_SIZE,-0.0706795454025268,4
TabICLv2,text_only,REG_TEXT_PROFESSIONAL_COMPANY_EMPLOYEES_SIZE,0.0009207129478454,0
TabICLv2,text_only,REG_TEXT_PROFESSIONAL_COMPANY_EMPLOYEES_SIZE,-0.0017169713973999,1
TabICLv2,text_only,REG_TEXT_PROFESSIONAL_COMPANY_EMPLOYEES_SIZE,-0.0015550851821899,2
TabICLv2,text_only,REG_TEXT_PROFESSIONAL_COMPANY_EMPLOYEES_SIZE,-0.0182307958602905,3
TabICLv2,text_only,REG_TEXT_PROFESSIONAL_COMPANY_EMPLOYEES_SIZE,-0.0185455083847045,4
TabM,all,REG_TEXT_PROFESSIONAL_COMPANY_EMPLOYEES_SIZE,-0.0013861656188964,0
TabM,all,REG_TEXT_PROFESSIONAL_COMPANY_EMPLOYEES_SIZE,0.0033957362174987,1
TabM,all,REG_TEXT_PROFESSIONAL_COMPANY_EMPLOYEES_SIZE,0.0006921887397766,2
TabM,all,REG_TEXT_PROFESSIONAL_COMPANY_EMPLOYEES_SIZE,-0.0161621570587158,3
TabM,all,REG_TEXT_PROFESSIONAL_COMPANY_EMPLOYEES_SIZE,0.0220980644226074,4
TabM,ft,REG_TEXT_PROFESSIONAL_COMPANY_EMPLOYEES_SIZE,0.0012563467025756,0
TabM,ft,REG_TEXT_PROFESSIONAL_COMPANY_EMPLOYEES_SIZE,0.0012668967247009,1
TabM,ft,REG_TEXT_PROFESSIONAL_COMPANY_EMPLOYEES_SIZE,0.0012833476066589,2
TabM,ft,REG_TEXT_PROFESSIONAL_COMPANY_EMPLOYEES_SIZE,-0.0349369049072265,3
TabM,ft,REG_TEXT_PROFESSIONAL_COMPANY_EMPLOYEES_SIZE,-0.0313334465026855,4
TabM,no_text,REG_TEXT_PROFESSIONAL_COMPANY_EMPLOYEES_SIZE,0.0049484372138977,0
TabM,no_text,REG_TEXT_PROFESSIONAL_COMPANY_EMPLOYEES_SIZE,0.0098206996917724,1
TabM,no_text,REG_TEXT_PROFESSIONAL_COMPANY_EMPLOYEES_SIZE,-0.0149333477020263,2
TabM,no_text,REG_TEXT_PROFESSIONAL_COMPANY_EMPLOYEES_SIZE,0.0061779022216796,3
TabM,no_text,REG_TEXT_PROFESSIONAL_COMPANY_EMPLOYEES_SIZE,0.0266504883766174,4
TabM,text_only,REG_TEXT_PROFESSIONAL_COMPANY_EMPLOYEES_SIZE,-0.0010851621627807,0
TabM,text_only,REG_TEXT_PROFESSIONAL_COMPANY_EMPLOYEES_SIZE,0.000605285167694,1
TabM,text_only,REG_TEXT_PROFESSIONAL_COMPANY_EMPLOYEES_SIZE,0.000204861164093,2
TabM,text_only,REG_TEXT_PROFESSIONAL_COMPANY_EMPLOYEES_SIZE,-0.0055844783782958,3
TabM,text_only,REG_TEXT_PROFESSIONAL_COMPANY_EMPLOYEES_SIZE,-0.0016146898269653,4
TabPFN-2.5,all,REG_TEXT_PROFESSIONAL_COMPANY_EMPLOYEES_SIZE,0.0057718753814697,0
TabPFN-2.5,all,REG_TEXT_PROFESSIONAL_COMPANY_EMPLOYEES_SIZE,0.0308378338813781,1
TabPFN-2.5,all,REG_TEXT_PROFESSIONAL_COMPANY_EMPLOYEES_SIZE,-0.0035243034362792,2
TabPFN-2.5,all,REG_TEXT_PROFESSIONAL_COMPANY_EMPLOYEES_SIZE,0.0109659433364868,3
TabPFN-2.5,all,REG_TEXT_PROFESSIONAL_COMPANY_EMPLOYEES_SIZE,0.0040876269340515,4
TabPFN-2.5,ft,REG_TEXT_PROFESSIONAL_COMPANY_EMPLOYEES_SIZE,0.0034507513046264,0
TabPFN-2.5,ft,REG_TEXT_PROFESSIONAL_COMPANY_EMPLOYEES_SIZE,0.0070053935050964,1
TabPFN-2.5,ft,REG_TEXT_PROFESSIONAL_COMPANY_EMPLOYEES_SIZE,-0.0008066892623901,2
TabPFN-2.5,ft,REG_TEXT_PROFESSIONAL_COMPANY_EMPLOYEES_SIZE,0.0002844929695129,3
TabPFN-2.5,ft,REG_TEXT_PROFESSIONAL_COMPANY_EMPLOYEES_SIZE,0.0076422095298767,4
TabPFN-2.5,no_text,REG_TEXT_PROFESSIONAL_COMPANY_EMPLOYEES_SIZE,0.0009849667549133,0
TabPFN-2.5,no_text,REG_TEXT_PROFESSIONAL_COMPANY_EMPLOYEES_SIZE,0.004413902759552,1
TabPFN-2.5,no_text,REG_TEXT_PROFESSIONAL_COMPANY_EMPLOYEES_SIZE,-0.0006829500198364,2
TabPFN-2.5,no_text,REG_TEXT_PROFESSIONAL_COMPANY_EMPLOYEES_SIZE,0.0066959857940673,3
TabPFN-2.5,no_text,REG_TEXT_PROFESSIONAL_COMPANY_EMPLOYEES_SIZE,0.0239214301109313,4
TabPFN-2.5,text_only,REG_TEXT_PROFESSIONAL_COMPANY_EMPLOYEES_SIZE,-0.0004091262817382,0
TabPFN-2.5,text_only,REG_TEXT_PROFESSIONAL_COMPANY_EMPLOYEES_SIZE,0.001651644706726,1
TabPFN-2.5,text_only,REG_TEXT_PROFESSIONAL_COMPANY_EMPLOYEES_SIZE,-0.0006159543991088,2
TabPFN-2.5,text_only,REG_TEXT_PROFESSIONAL_COMPANY_EMPLOYEES_SIZE,-0.0046883821487426,3
TabPFN-2.5,text_only,REG_TEXT_PROFESSIONAL_COMPANY_EMPLOYEES_SIZE,-0.0008070468902587,4
TabPFNv2,all,REG_TEXT_PROFESSIONAL_COMPANY_EMPLOYEES_SIZE,0.0026752352714538,0
TabPFNv2,all,REG_TEXT_PROFESSIONAL_COMPANY_EMPLOYEES_SIZE,0.0069205164909362,1
TabPFNv2,all,REG_TEXT_PROFESSIONAL_COMPANY_EMPLOYEES_SIZE,0.0012686252593994,2
TabPFNv2,all,REG_TEXT_PROFESSIONAL_COMPANY_EMPLOYEES_SIZE,0.0029383301734924,3
TabPFNv2,all,REG_TEXT_PROFESSIONAL_COMPANY_EMPLOYEES_SIZE,0.0044320821762084,4
TabPFNv2,ft,REG_TEXT_PROFESSIONAL_COMPANY_EMPLOYEES_SIZE,0.0038978457450866,0
TabPFNv2,ft,REG_TEXT_PROFESSIONAL_COMPANY_EMPLOYEES_SIZE,0.0025922060012817,1
TabPFNv2,ft,REG_TEXT_PROFESSIONAL_COMPANY_EMPLOYEES_SIZE,0.0022729635238647,2
TabPFNv2,ft,REG_TEXT_PROFESSIONAL_COMPANY_EMPLOYEES_SIZE,-0.0002105236053466,3
TabPFNv2,ft,REG_TEXT_PROFESSIONAL_COMPANY_EMPLOYEES_SIZE,0.0064047574996948,4
TabPFNv2,no_text,REG_TEXT_PROFESSIONAL_COMPANY_EMPLOYEES_SIZE,0.0011810064315795,0
TabPFNv2,no_text,REG_TEXT_PROFESSIONAL_COMPANY_EMPLOYEES_SIZE,0.0015602707862854,1
TabPFNv2,no_text,REG_TEXT_PROFESSIONAL_COMPANY_EMPLOYEES_SIZE,0.0012513399124145,2
TabPFNv2,no_text,REG_TEXT_PROFESSIONAL_COMPANY_EMPLOYEES_SIZE,0.0016614198684692,3
TabPFNv2,no_text,REG_TEXT_PROFESSIONAL_COMPANY_EMPLOYEES_SIZE,0.0120450258255004,4
TabPFNv2,text_only,REG_TEXT_PROFESSIONAL_COMPANY_EMPLOYEES_SIZE,-0.0001845359802246,0
TabPFNv2,text_only,REG_TEXT_PROFESSIONAL_COMPANY_EMPLOYEES_SIZE,0.0012169480323791,1
TabPFNv2,text_only,REG_TEXT_PROFESSIONAL_COMPANY_EMPLOYEES_SIZE,-0.0003833770751953,2
TabPFNv2,text_only,REG_TEXT_PROFESSIONAL_COMPANY_EMPLOYEES_SIZE,-0.0037980079650878,3
TabPFNv2,text_only,REG_TEXT_PROFESSIONAL_COMPANY_EMPLOYEES_SIZE,-0.0020660161972045,4
XGBoost,all,REG_TEXT_PROFESSIONAL_COMPANY_EMPLOYEES_SIZE,0.0007757544517517,0
XGBoost,all,REG_TEXT_PROFESSIONAL_COMPANY_EMPLOYEES_SIZE,0.0019195079803466,1
XGBoost,all,REG_TEXT_PROFESSIONAL_COMPANY_EMPLOYEES_SIZE,-0.0087383985519409,2
XGBoost,all,REG_TEXT_PROFESSIONAL_COMPANY_EMPLOYEES_SIZE,-0.018821358680725,3
XGBoost,all,REG_TEXT_PROFESSIONAL_COMPANY_EMPLOYEES_SIZE,-0.0089285373687744,4
XGBoost,ft,REG_TEXT_PROFESSIONAL_COMPANY_EMPLOYEES_SIZE,-0.1795923709869384,0
XGBoost,ft,REG_TEXT_PROFESSIONAL_COMPANY_EMPLOYEES_SIZE,-0.0152556896209716,1
XGBoost,ft,REG_TEXT_PROFESSIONAL_COMPANY_EMPLOYEES_SIZE,-0.008288025856018,2
XGBoost,ft,REG_TEXT_PROFESSIONAL_COMPANY_EMPLOYEES_SIZE,-0.5343559980392456,3
XGBoost,ft,REG_TEXT_PROFESSIONAL_COMPANY_EMPLOYEES_SIZE,-0.0196623802185058,4
XGBoost,no_text,REG_TEXT_PROFESSIONAL_COMPANY_EMPLOYEES_SIZE,-0.0035376548767089,0
XGBoost,no_text,REG_TEXT_PROFESSIONAL_COMPANY_EMPLOYEES_SIZE,-0.0397349596023559,1
XGBoost,no_text,REG_TEXT_PROFESSIONAL_COMPANY_EMPLOYEES_SIZE,-0.026913046836853,2
XGBoost,no_text,REG_TEXT_PROFESSIONAL_COMPANY_EMPLOYEES_SIZE,-0.0002946853637695,3
XGBoost,no_text,REG_TEXT_PROFESSIONAL_COMPANY_EMPLOYEES_SIZE,0.0066861510276794,4
XGBoost,text_only,REG_TEXT_PROFESSIONAL_COMPANY_EMPLOYEES_SIZE,-0.0110054016113281,0
XGBoost,text_only,REG_TEXT_PROFESSIONAL_COMPANY_EMPLOYEES_SIZE,-0.0250844955444335,1
XGBoost,text_only,REG_TEXT_PROFESSIONAL_COMPANY_EMPLOYEES_SIZE,-0.0426205396652221,2
XGBoost,text_only,REG_TEXT_PROFESSIONAL_COMPANY_EMPLOYEES_SIZE,-0.0221495628356933,3
XGBoost,text_only,REG_TEXT_PROFESSIONAL_COMPANY_EMPLOYEES_SIZE,-0.4521317481994629,4
CatBoost,all,REG_TEXT_PROFESSIONAL_EMPLOYEE_RENUMERATION_VANCOUBER,0.785138046706261,0
CatBoost,all,REG_TEXT_PROFESSIONAL_EMPLOYEE_RENUMERATION_VANCOUBER,0.7497283488837618,1
CatBoost,all,REG_TEXT_PROFESSIONAL_EMPLOYEE_RENUMERATION_VANCOUBER,0.7357038194130365,2
CatBoost,all,REG_TEXT_PROFESSIONAL_EMPLOYEE_RENUMERATION_VANCOUBER,0.7703527630771544,3
CatBoost,all,REG_TEXT_PROFESSIONAL_EMPLOYEE_RENUMERATION_VANCOUBER,0.7799673815845569,4
CatBoost,ft,REG_TEXT_PROFESSIONAL_EMPLOYEE_RENUMERATION_VANCOUBER,0.7971667631503504,0
CatBoost,ft,REG_TEXT_PROFESSIONAL_EMPLOYEE_RENUMERATION_VANCOUBER,0.7750365916784048,1
CatBoost,ft,REG_TEXT_PROFESSIONAL_EMPLOYEE_RENUMERATION_VANCOUBER,0.7566569970581872,2
CatBoost,ft,REG_TEXT_PROFESSIONAL_EMPLOYEE_RENUMERATION_VANCOUBER,0.7882916748744276,3
CatBoost,ft,REG_TEXT_PROFESSIONAL_EMPLOYEE_RENUMERATION_VANCOUBER,0.8087909864929382,4
CatBoost,no_text,REG_TEXT_PROFESSIONAL_EMPLOYEE_RENUMERATION_VANCOUBER,0.3631206573796622,0
CatBoost,no_text,REG_TEXT_PROFESSIONAL_EMPLOYEE_RENUMERATION_VANCOUBER,0.2576021708160749,1
CatBoost,no_text,REG_TEXT_PROFESSIONAL_EMPLOYEE_RENUMERATION_VANCOUBER,0.3197334047138075,2
CatBoost,no_text,REG_TEXT_PROFESSIONAL_EMPLOYEE_RENUMERATION_VANCOUBER,0.3349827520183843,3
CatBoost,no_text,REG_TEXT_PROFESSIONAL_EMPLOYEE_RENUMERATION_VANCOUBER,0.2905947292679486,4
CatBoost,text_only,REG_TEXT_PROFESSIONAL_EMPLOYEE_RENUMERATION_VANCOUBER,0.6067654611766281,0
CatBoost,text_only,REG_TEXT_PROFESSIONAL_EMPLOYEE_RENUMERATION_VANCOUBER,0.5897833397805329,1
CatBoost,text_only,REG_TEXT_PROFESSIONAL_EMPLOYEE_RENUMERATION_VANCOUBER,0.563748525559321,2
CatBoost,text_only,REG_TEXT_PROFESSIONAL_EMPLOYEE_RENUMERATION_VANCOUBER,0.5757730189542534,3
CatBoost,text_only,REG_TEXT_PROFESSIONAL_EMPLOYEE_RENUMERATION_VANCOUBER,0.597990030594422,4
LightGBM,all,REG_TEXT_PROFESSIONAL_EMPLOYEE_RENUMERATION_VANCOUBER,0.7523879550617134,0
LightGBM,all,REG_TEXT_PROFESSIONAL_EMPLOYEE_RENUMERATION_VANCOUBER,0.725961571815537,1
LightGBM,all,REG_TEXT_PROFESSIONAL_EMPLOYEE_RENUMERATION_VANCOUBER,0.7159660578201654,2
LightGBM,all,REG_TEXT_PROFESSIONAL_EMPLOYEE_RENUMERATION_VANCOUBER,0.7520895677191656,3
LightGBM,all,REG_TEXT_PROFESSIONAL_EMPLOYEE_RENUMERATION_VANCOUBER,0.7590402085646692,4
LightGBM,ft,REG_TEXT_PROFESSIONAL_EMPLOYEE_RENUMERATION_VANCOUBER,0.7792723286461867,0
LightGBM,ft,REG_TEXT_PROFESSIONAL_EMPLOYEE_RENUMERATION_VANCOUBER,0.7611735371475458,1
LightGBM,ft,REG_TEXT_PROFESSIONAL_EMPLOYEE_RENUMERATION_VANCOUBER,0.7306921014754276,2
LightGBM,ft,REG_TEXT_PROFESSIONAL_EMPLOYEE_RENUMERATION_VANCOUBER,0.7699855112691392,3
LightGBM,ft,REG_TEXT_PROFESSIONAL_EMPLOYEE_RENUMERATION_VANCOUBER,0.7974622691406195,4
LightGBM,no_text,REG_TEXT_PROFESSIONAL_EMPLOYEE_RENUMERATION_VANCOUBER,0.3471182134507538,0
LightGBM,no_text,REG_TEXT_PROFESSIONAL_EMPLOYEE_RENUMERATION_VANCOUBER,0.259354636470489,1
LightGBM,no_text,REG_TEXT_PROFESSIONAL_EMPLOYEE_RENUMERATION_VANCOUBER,0.3195868809688069,2
LightGBM,no_text,REG_TEXT_PROFESSIONAL_EMPLOYEE_RENUMERATION_VANCOUBER,0.3055017467477778,3
LightGBM,no_text,REG_TEXT_PROFESSIONAL_EMPLOYEE_RENUMERATION_VANCOUBER,0.2823845579684517,4
LightGBM,text_only,REG_TEXT_PROFESSIONAL_EMPLOYEE_RENUMERATION_VANCOUBER,0.5942069714657597,0
LightGBM,text_only,REG_TEXT_PROFESSIONAL_EMPLOYEE_RENUMERATION_VANCOUBER,0.5729259810724426,1
LightGBM,text_only,REG_TEXT_PROFESSIONAL_EMPLOYEE_RENUMERATION_VANCOUBER,0.5530397876015056,2
LightGBM,text_only,REG_TEXT_PROFESSIONAL_EMPLOYEE_RENUMERATION_VANCOUBER,0.5798711484746937,3
LightGBM,text_only,REG_TEXT_PROFESSIONAL_EMPLOYEE_RENUMERATION_VANCOUBER,0.5993198375852985,4
RandomForest,all,REG_TEXT_PROFESSIONAL_EMPLOYEE_RENUMERATION_VANCOUBER,0.7380593439870589,0
RandomForest,all,REG_TEXT_PROFESSIONAL_EMPLOYEE_RENUMERATION_VANCOUBER,0.6915092427575552,1
RandomForest,all,REG_TEXT_PROFESSIONAL_EMPLOYEE_RENUMERATION_VANCOUBER,0.6895387482057409,2
RandomForest,all,REG_TEXT_PROFESSIONAL_EMPLOYEE_RENUMERATION_VANCOUBER,0.7244053056768587,3
RandomForest,all,REG_TEXT_PROFESSIONAL_EMPLOYEE_RENUMERATION_VANCOUBER,0.7400753827902353,4
RandomForest,ft,REG_TEXT_PROFESSIONAL_EMPLOYEE_RENUMERATION_VANCOUBER,0.7855788997384232,0
RandomForest,ft,REG_TEXT_PROFESSIONAL_EMPLOYEE_RENUMERATION_VANCOUBER,0.7558336481288614,1
RandomForest,ft,REG_TEXT_PROFESSIONAL_EMPLOYEE_RENUMERATION_VANCOUBER,0.7495680349563061,2
RandomForest,ft,REG_TEXT_PROFESSIONAL_EMPLOYEE_RENUMERATION_VANCOUBER,0.7731708215787392,3
RandomForest,ft,REG_TEXT_PROFESSIONAL_EMPLOYEE_RENUMERATION_VANCOUBER,0.7943701539223423,4
RandomForest,no_text,REG_TEXT_PROFESSIONAL_EMPLOYEE_RENUMERATION_VANCOUBER,0.3176911789670001,0
RandomForest,no_text,REG_TEXT_PROFESSIONAL_EMPLOYEE_RENUMERATION_VANCOUBER,0.190291528998889,1
RandomForest,no_text,REG_TEXT_PROFESSIONAL_EMPLOYEE_RENUMERATION_VANCOUBER,0.2706601233243525,2
RandomForest,no_text,REG_TEXT_PROFESSIONAL_EMPLOYEE_RENUMERATION_VANCOUBER,0.2598381766157863,3
RandomForest,no_text,REG_TEXT_PROFESSIONAL_EMPLOYEE_RENUMERATION_VANCOUBER,0.2401078089383169,4
RandomForest,text_only,REG_TEXT_PROFESSIONAL_EMPLOYEE_RENUMERATION_VANCOUBER,0.577506468262509,0
RandomForest,text_only,REG_TEXT_PROFESSIONAL_EMPLOYEE_RENUMERATION_VANCOUBER,0.5672907047881224,1
RandomForest,text_only,REG_TEXT_PROFESSIONAL_EMPLOYEE_RENUMERATION_VANCOUBER,0.5378259507246574,2
RandomForest,text_only,REG_TEXT_PROFESSIONAL_EMPLOYEE_RENUMERATION_VANCOUBER,0.5468685004164946,3
RandomForest,text_only,REG_TEXT_PROFESSIONAL_EMPLOYEE_RENUMERATION_VANCOUBER,0.5767942503852046,4
RealMLP,all,REG_TEXT_PROFESSIONAL_EMPLOYEE_RENUMERATION_VANCOUBER,0.7535360551644112,0
RealMLP,all,REG_TEXT_PROFESSIONAL_EMPLOYEE_RENUMERATION_VANCOUBER,0.7094782089376167,1
RealMLP,all,REG_TEXT_PROFESSIONAL_EMPLOYEE_RENUMERATION_VANCOUBER,0.710186155578303,2
RealMLP,all,REG_TEXT_PROFESSIONAL_EMPLOYEE_RENUMERATION_VANCOUBER,0.7547748802110359,3
RealMLP,all,REG_TEXT_PROFESSIONAL_EMPLOYEE_RENUMERATION_VANCOUBER,0.7474490039811702,4
RealMLP,ft,REG_TEXT_PROFESSIONAL_EMPLOYEE_RENUMERATION_VANCOUBER,0.7546836467315169,0
RealMLP,ft,REG_TEXT_PROFESSIONAL_EMPLOYEE_RENUMERATION_VANCOUBER,0.7561625579615558,1
RealMLP,ft,REG_TEXT_PROFESSIONAL_EMPLOYEE_RENUMERATION_VANCOUBER,0.7343135281037874,2
RealMLP,ft,REG_TEXT_PROFESSIONAL_EMPLOYEE_RENUMERATION_VANCOUBER,0.7554004602367945,3
RealMLP,ft,REG_TEXT_PROFESSIONAL_EMPLOYEE_RENUMERATION_VANCOUBER,0.755415280937931,4
RealMLP,no_text,REG_TEXT_PROFESSIONAL_EMPLOYEE_RENUMERATION_VANCOUBER,0.3461529967925003,0
RealMLP,no_text,REG_TEXT_PROFESSIONAL_EMPLOYEE_RENUMERATION_VANCOUBER,0.2760040162216423,1
RealMLP,no_text,REG_TEXT_PROFESSIONAL_EMPLOYEE_RENUMERATION_VANCOUBER,0.3106734532267717,2
RealMLP,no_text,REG_TEXT_PROFESSIONAL_EMPLOYEE_RENUMERATION_VANCOUBER,0.2856351831020298,3
RealMLP,no_text,REG_TEXT_PROFESSIONAL_EMPLOYEE_RENUMERATION_VANCOUBER,0.251441802449027,4
RealMLP,text_only,REG_TEXT_PROFESSIONAL_EMPLOYEE_RENUMERATION_VANCOUBER,0.5033197905226898,0
RealMLP,text_only,REG_TEXT_PROFESSIONAL_EMPLOYEE_RENUMERATION_VANCOUBER,0.5673325854779041,1
RealMLP,text_only,REG_TEXT_PROFESSIONAL_EMPLOYEE_RENUMERATION_VANCOUBER,0.5390288509975973,2
RealMLP,text_only,REG_TEXT_PROFESSIONAL_EMPLOYEE_RENUMERATION_VANCOUBER,0.5608177678474355,3
RealMLP,text_only,REG_TEXT_PROFESSIONAL_EMPLOYEE_RENUMERATION_VANCOUBER,0.5965887786190309,4
TabDPT,all,REG_TEXT_PROFESSIONAL_EMPLOYEE_RENUMERATION_VANCOUBER,0.7841224236115203,0
TabDPT,all,REG_TEXT_PROFESSIONAL_EMPLOYEE_RENUMERATION_VANCOUBER,0.7459368732934106,1
TabDPT,all,REG_TEXT_PROFESSIONAL_EMPLOYEE_RENUMERATION_VANCOUBER,0.758627633885084,2
TabDPT,all,REG_TEXT_PROFESSIONAL_EMPLOYEE_RENUMERATION_VANCOUBER,0.7785418595568722,3
TabDPT,all,REG_TEXT_PROFESSIONAL_EMPLOYEE_RENUMERATION_VANCOUBER,0.7764133547531942,4
TabDPT,ft,REG_TEXT_PROFESSIONAL_EMPLOYEE_RENUMERATION_VANCOUBER,0.8084455499382999,0
TabDPT,ft,REG_TEXT_PROFESSIONAL_EMPLOYEE_RENUMERATION_VANCOUBER,0.7793245307776963,1
TabDPT,ft,REG_TEXT_PROFESSIONAL_EMPLOYEE_RENUMERATION_VANCOUBER,0.7671239046657992,2
TabDPT,ft,REG_TEXT_PROFESSIONAL_EMPLOYEE_RENUMERATION_VANCOUBER,0.7938458839323019,3
TabDPT,ft,REG_TEXT_PROFESSIONAL_EMPLOYEE_RENUMERATION_VANCOUBER,0.8037640620718928,4
TabDPT,no_text,REG_TEXT_PROFESSIONAL_EMPLOYEE_RENUMERATION_VANCOUBER,0.3821161268492786,0
TabDPT,no_text,REG_TEXT_PROFESSIONAL_EMPLOYEE_RENUMERATION_VANCOUBER,0.2816925925232543,1
TabDPT,no_text,REG_TEXT_PROFESSIONAL_EMPLOYEE_RENUMERATION_VANCOUBER,0.3358073361331545,2
TabDPT,no_text,REG_TEXT_PROFESSIONAL_EMPLOYEE_RENUMERATION_VANCOUBER,0.3488845028545022,3
TabDPT,no_text,REG_TEXT_PROFESSIONAL_EMPLOYEE_RENUMERATION_VANCOUBER,0.3043485123667206,4
TabDPT,text_only,REG_TEXT_PROFESSIONAL_EMPLOYEE_RENUMERATION_VANCOUBER,0.6154463710696276,0
TabDPT,text_only,REG_TEXT_PROFESSIONAL_EMPLOYEE_RENUMERATION_VANCOUBER,0.5789136427067376,1
TabDPT,text_only,REG_TEXT_PROFESSIONAL_EMPLOYEE_RENUMERATION_VANCOUBER,0.572313592969643,2
TabDPT,text_only,REG_TEXT_PROFESSIONAL_EMPLOYEE_RENUMERATION_VANCOUBER,0.5919459999189963,3
TabDPT,text_only,REG_TEXT_PROFESSIONAL_EMPLOYEE_RENUMERATION_VANCOUBER,0.6027482363185079,4
TabICLv2,all,REG_TEXT_PROFESSIONAL_EMPLOYEE_RENUMERATION_VANCOUBER,0.798005760530222,0
TabICLv2,all,REG_TEXT_PROFESSIONAL_EMPLOYEE_RENUMERATION_VANCOUBER,0.7755396460333903,1
TabICLv2,all,REG_TEXT_PROFESSIONAL_EMPLOYEE_RENUMERATION_VANCOUBER,0.7713075172885187,2
TabICLv2,all,REG_TEXT_PROFESSIONAL_EMPLOYEE_RENUMERATION_VANCOUBER,0.7820105672930252,3
TabICLv2,all,REG_TEXT_PROFESSIONAL_EMPLOYEE_RENUMERATION_VANCOUBER,0.8021512656304205,4
TabICLv2,ft,REG_TEXT_PROFESSIONAL_EMPLOYEE_RENUMERATION_VANCOUBER,0.8060118227295451,0
TabICLv2,ft,REG_TEXT_PROFESSIONAL_EMPLOYEE_RENUMERATION_VANCOUBER,0.7851978562923694,1
TabICLv2,ft,REG_TEXT_PROFESSIONAL_EMPLOYEE_RENUMERATION_VANCOUBER,0.7692123012591106,2
TabICLv2,ft,REG_TEXT_PROFESSIONAL_EMPLOYEE_RENUMERATION_VANCOUBER,0.7885431082291385,3
TabICLv2,ft,REG_TEXT_PROFESSIONAL_EMPLOYEE_RENUMERATION_VANCOUBER,0.8143997889577632,4
TabICLv2,no_text,REG_TEXT_PROFESSIONAL_EMPLOYEE_RENUMERATION_VANCOUBER,0.3779456980845185,0
TabICLv2,no_text,REG_TEXT_PROFESSIONAL_EMPLOYEE_RENUMERATION_VANCOUBER,0.2855705790475116,1
TabICLv2,no_text,REG_TEXT_PROFESSIONAL_EMPLOYEE_RENUMERATION_VANCOUBER,0.3366841320447726,2
TabICLv2,no_text,REG_TEXT_PROFESSIONAL_EMPLOYEE_RENUMERATION_VANCOUBER,0.3332697500445514,3
TabICLv2,no_text,REG_TEXT_PROFESSIONAL_EMPLOYEE_RENUMERATION_VANCOUBER,0.3065742835497412,4
TabICLv2,text_only,REG_TEXT_PROFESSIONAL_EMPLOYEE_RENUMERATION_VANCOUBER,0.6206150438672515,0
TabICLv2,text_only,REG_TEXT_PROFESSIONAL_EMPLOYEE_RENUMERATION_VANCOUBER,0.5850908240381547,1
TabICLv2,text_only,REG_TEXT_PROFESSIONAL_EMPLOYEE_RENUMERATION_VANCOUBER,0.590130340581915,2
TabICLv2,text_only,REG_TEXT_PROFESSIONAL_EMPLOYEE_RENUMERATION_VANCOUBER,0.6201611387168064,3
TabICLv2,text_only,REG_TEXT_PROFESSIONAL_EMPLOYEE_RENUMERATION_VANCOUBER,0.6316337904688041,4
TabM,all,REG_TEXT_PROFESSIONAL_EMPLOYEE_RENUMERATION_VANCOUBER,0.7763763012102297,0
TabM,all,REG_TEXT_PROFESSIONAL_EMPLOYEE_RENUMERATION_VANCOUBER,0.7566825516906635,1
TabM,all,REG_TEXT_PROFESSIONAL_EMPLOYEE_RENUMERATION_VANCOUBER,0.7469598348187115,2
TabM,all,REG_TEXT_PROFESSIONAL_EMPLOYEE_RENUMERATION_VANCOUBER,0.7706594625968683,3
TabM,all,REG_TEXT_PROFESSIONAL_EMPLOYEE_RENUMERATION_VANCOUBER,0.7781413258177071,4
TabM,ft,REG_TEXT_PROFESSIONAL_EMPLOYEE_RENUMERATION_VANCOUBER,0.7901933565579252,0
TabM,ft,REG_TEXT_PROFESSIONAL_EMPLOYEE_RENUMERATION_VANCOUBER,0.778352663921597,1
TabM,ft,REG_TEXT_PROFESSIONAL_EMPLOYEE_RENUMERATION_VANCOUBER,0.7480292858542557,2
TabM,ft,REG_TEXT_PROFESSIONAL_EMPLOYEE_RENUMERATION_VANCOUBER,0.7857810638847336,3
TabM,ft,REG_TEXT_PROFESSIONAL_EMPLOYEE_RENUMERATION_VANCOUBER,0.7887429194540021,4
TabM,no_text,REG_TEXT_PROFESSIONAL_EMPLOYEE_RENUMERATION_VANCOUBER,0.3632480662045174,0
TabM,no_text,REG_TEXT_PROFESSIONAL_EMPLOYEE_RENUMERATION_VANCOUBER,0.2796528269129785,1
TabM,no_text,REG_TEXT_PROFESSIONAL_EMPLOYEE_RENUMERATION_VANCOUBER,0.3187301378568924,2
TabM,no_text,REG_TEXT_PROFESSIONAL_EMPLOYEE_RENUMERATION_VANCOUBER,0.290858457347419,3
TabM,no_text,REG_TEXT_PROFESSIONAL_EMPLOYEE_RENUMERATION_VANCOUBER,0.2599366959165244,4
TabM,text_only,REG_TEXT_PROFESSIONAL_EMPLOYEE_RENUMERATION_VANCOUBER,0.5975800217280615,0
TabM,text_only,REG_TEXT_PROFESSIONAL_EMPLOYEE_RENUMERATION_VANCOUBER,0.5849126878574493,1
TabM,text_only,REG_TEXT_PROFESSIONAL_EMPLOYEE_RENUMERATION_VANCOUBER,0.5727558410852198,2
TabM,text_only,REG_TEXT_PROFESSIONAL_EMPLOYEE_RENUMERATION_VANCOUBER,0.5639736291356912,3
TabM,text_only,REG_TEXT_PROFESSIONAL_EMPLOYEE_RENUMERATION_VANCOUBER,0.6096860419788641,4
TabPFN-2.5,all,REG_TEXT_PROFESSIONAL_EMPLOYEE_RENUMERATION_VANCOUBER,0.8051551460174036,0
TabPFN-2.5,all,REG_TEXT_PROFESSIONAL_EMPLOYEE_RENUMERATION_VANCOUBER,0.7775963037460546,1
TabPFN-2.5,all,REG_TEXT_PROFESSIONAL_EMPLOYEE_RENUMERATION_VANCOUBER,0.7693000555576311,2
TabPFN-2.5,all,REG_TEXT_PROFESSIONAL_EMPLOYEE_RENUMERATION_VANCOUBER,0.7999167102962065,3
TabPFN-2.5,all,REG_TEXT_PROFESSIONAL_EMPLOYEE_RENUMERATION_VANCOUBER,0.8101070190476496,4
TabPFN-2.5,ft,REG_TEXT_PROFESSIONAL_EMPLOYEE_RENUMERATION_VANCOUBER,0.806059881530376,0
TabPFN-2.5,ft,REG_TEXT_PROFESSIONAL_EMPLOYEE_RENUMERATION_VANCOUBER,0.789150387218153,1
TabPFN-2.5,ft,REG_TEXT_PROFESSIONAL_EMPLOYEE_RENUMERATION_VANCOUBER,0.7688834078991665,2
TabPFN-2.5,ft,REG_TEXT_PROFESSIONAL_EMPLOYEE_RENUMERATION_VANCOUBER,0.7922441101237871,3
TabPFN-2.5,ft,REG_TEXT_PROFESSIONAL_EMPLOYEE_RENUMERATION_VANCOUBER,0.8173077334951351,4
TabPFN-2.5,no_text,REG_TEXT_PROFESSIONAL_EMPLOYEE_RENUMERATION_VANCOUBER,0.3703772677630307,0
TabPFN-2.5,no_text,REG_TEXT_PROFESSIONAL_EMPLOYEE_RENUMERATION_VANCOUBER,0.2744416240883539,1
TabPFN-2.5,no_text,REG_TEXT_PROFESSIONAL_EMPLOYEE_RENUMERATION_VANCOUBER,0.3262934228041044,2
TabPFN-2.5,no_text,REG_TEXT_PROFESSIONAL_EMPLOYEE_RENUMERATION_VANCOUBER,0.3342722509728016,3
TabPFN-2.5,no_text,REG_TEXT_PROFESSIONAL_EMPLOYEE_RENUMERATION_VANCOUBER,0.2993072626104213,4
TabPFN-2.5,text_only,REG_TEXT_PROFESSIONAL_EMPLOYEE_RENUMERATION_VANCOUBER,0.6368732363644889,0
TabPFN-2.5,text_only,REG_TEXT_PROFESSIONAL_EMPLOYEE_RENUMERATION_VANCOUBER,0.6182994136622006,1
TabPFN-2.5,text_only,REG_TEXT_PROFESSIONAL_EMPLOYEE_RENUMERATION_VANCOUBER,0.6077967614147314,2
TabPFN-2.5,text_only,REG_TEXT_PROFESSIONAL_EMPLOYEE_RENUMERATION_VANCOUBER,0.6154564947197871,3
TabPFN-2.5,text_only,REG_TEXT_PROFESSIONAL_EMPLOYEE_RENUMERATION_VANCOUBER,0.6438046575802897,4
TabPFNv2,all,REG_TEXT_PROFESSIONAL_EMPLOYEE_RENUMERATION_VANCOUBER,0.7719769197086663,0
TabPFNv2,all,REG_TEXT_PROFESSIONAL_EMPLOYEE_RENUMERATION_VANCOUBER,0.726013398839449,1
TabPFNv2,all,REG_TEXT_PROFESSIONAL_EMPLOYEE_RENUMERATION_VANCOUBER,0.7519985513258527,2
TabPFNv2,all,REG_TEXT_PROFESSIONAL_EMPLOYEE_RENUMERATION_VANCOUBER,0.7540889515004642,3
TabPFNv2,all,REG_TEXT_PROFESSIONAL_EMPLOYEE_RENUMERATION_VANCOUBER,0.7747772450378994,4
TabPFNv2,ft,REG_TEXT_PROFESSIONAL_EMPLOYEE_RENUMERATION_VANCOUBER,0.7778962182345072,0
TabPFNv2,ft,REG_TEXT_PROFESSIONAL_EMPLOYEE_RENUMERATION_VANCOUBER,0.7523415507490048,1
TabPFNv2,ft,REG_TEXT_PROFESSIONAL_EMPLOYEE_RENUMERATION_VANCOUBER,0.7500455244802016,2
TabPFNv2,ft,REG_TEXT_PROFESSIONAL_EMPLOYEE_RENUMERATION_VANCOUBER,0.7631439988334322,3
TabPFNv2,ft,REG_TEXT_PROFESSIONAL_EMPLOYEE_RENUMERATION_VANCOUBER,0.7792919595048476,4
TabPFNv2,no_text,REG_TEXT_PROFESSIONAL_EMPLOYEE_RENUMERATION_VANCOUBER,0.3721835325327305,0
TabPFNv2,no_text,REG_TEXT_PROFESSIONAL_EMPLOYEE_RENUMERATION_VANCOUBER,0.2848195574057512,1
TabPFNv2,no_text,REG_TEXT_PROFESSIONAL_EMPLOYEE_RENUMERATION_VANCOUBER,0.3358096858352107,2
TabPFNv2,no_text,REG_TEXT_PROFESSIONAL_EMPLOYEE_RENUMERATION_VANCOUBER,0.3338937665251973,3
TabPFNv2,no_text,REG_TEXT_PROFESSIONAL_EMPLOYEE_RENUMERATION_VANCOUBER,0.3070842033795664,4
TabPFNv2,text_only,REG_TEXT_PROFESSIONAL_EMPLOYEE_RENUMERATION_VANCOUBER,0.6007897452005018,0
TabPFNv2,text_only,REG_TEXT_PROFESSIONAL_EMPLOYEE_RENUMERATION_VANCOUBER,0.5669072128518838,1
TabPFNv2,text_only,REG_TEXT_PROFESSIONAL_EMPLOYEE_RENUMERATION_VANCOUBER,0.5858809161561649,2
TabPFNv2,text_only,REG_TEXT_PROFESSIONAL_EMPLOYEE_RENUMERATION_VANCOUBER,0.58689026977889,3
TabPFNv2,text_only,REG_TEXT_PROFESSIONAL_EMPLOYEE_RENUMERATION_VANCOUBER,0.601968459662431,4
XGBoost,all,REG_TEXT_PROFESSIONAL_EMPLOYEE_RENUMERATION_VANCOUBER,0.7439583255069948,0
XGBoost,all,REG_TEXT_PROFESSIONAL_EMPLOYEE_RENUMERATION_VANCOUBER,0.7185418183338721,1
XGBoost,all,REG_TEXT_PROFESSIONAL_EMPLOYEE_RENUMERATION_VANCOUBER,0.6903827573168005,2
XGBoost,all,REG_TEXT_PROFESSIONAL_EMPLOYEE_RENUMERATION_VANCOUBER,0.7249967969437252,3
XGBoost,all,REG_TEXT_PROFESSIONAL_EMPLOYEE_RENUMERATION_VANCOUBER,0.7461077307147419,4
XGBoost,ft,REG_TEXT_PROFESSIONAL_EMPLOYEE_RENUMERATION_VANCOUBER,0.7862724229784037,0
XGBoost,ft,REG_TEXT_PROFESSIONAL_EMPLOYEE_RENUMERATION_VANCOUBER,0.7429443755046643,1
XGBoost,ft,REG_TEXT_PROFESSIONAL_EMPLOYEE_RENUMERATION_VANCOUBER,0.7371856274968549,2
XGBoost,ft,REG_TEXT_PROFESSIONAL_EMPLOYEE_RENUMERATION_VANCOUBER,0.7685379233726575,3
XGBoost,ft,REG_TEXT_PROFESSIONAL_EMPLOYEE_RENUMERATION_VANCOUBER,0.787195415422524,4
XGBoost,no_text,REG_TEXT_PROFESSIONAL_EMPLOYEE_RENUMERATION_VANCOUBER,0.3473904968665489,0
XGBoost,no_text,REG_TEXT_PROFESSIONAL_EMPLOYEE_RENUMERATION_VANCOUBER,0.2028753556449288,1
XGBoost,no_text,REG_TEXT_PROFESSIONAL_EMPLOYEE_RENUMERATION_VANCOUBER,0.3017018818317298,2
XGBoost,no_text,REG_TEXT_PROFESSIONAL_EMPLOYEE_RENUMERATION_VANCOUBER,0.2976024468324865,3
XGBoost,no_text,REG_TEXT_PROFESSIONAL_EMPLOYEE_RENUMERATION_VANCOUBER,0.2964441923387878,4
XGBoost,text_only,REG_TEXT_PROFESSIONAL_EMPLOYEE_RENUMERATION_VANCOUBER,0.578959768651655,0
XGBoost,text_only,REG_TEXT_PROFESSIONAL_EMPLOYEE_RENUMERATION_VANCOUBER,0.5624886578058637,1
XGBoost,text_only,REG_TEXT_PROFESSIONAL_EMPLOYEE_RENUMERATION_VANCOUBER,0.5566076281995522,2
XGBoost,text_only,REG_TEXT_PROFESSIONAL_EMPLOYEE_RENUMERATION_VANCOUBER,0.5461114109077316,3
XGBoost,text_only,REG_TEXT_PROFESSIONAL_EMPLOYEE_RENUMERATION_VANCOUBER,0.5630797671031896,4
CatBoost,all,REG_TEXT_PROFESSIONAL_EMPLOYEE_SALARY_MONTGOMERY,0.9858452956266626,0
CatBoost,all,REG_TEXT_PROFESSIONAL_EMPLOYEE_SALARY_MONTGOMERY,0.96791980056876,1
CatBoost,all,REG_TEXT_PROFESSIONAL_EMPLOYEE_SALARY_MONTGOMERY,0.9768904312067191,2
CatBoost,all,REG_TEXT_PROFESSIONAL_EMPLOYEE_SALARY_MONTGOMERY,0.9803727417939492,3
CatBoost,all,REG_TEXT_PROFESSIONAL_EMPLOYEE_SALARY_MONTGOMERY,0.9762929519610396,4
CatBoost,ft,REG_TEXT_PROFESSIONAL_EMPLOYEE_SALARY_MONTGOMERY,0.9855479158162362,0
CatBoost,ft,REG_TEXT_PROFESSIONAL_EMPLOYEE_SALARY_MONTGOMERY,0.964266253354488,1
CatBoost,ft,REG_TEXT_PROFESSIONAL_EMPLOYEE_SALARY_MONTGOMERY,0.9733803969920048,2
CatBoost,ft,REG_TEXT_PROFESSIONAL_EMPLOYEE_SALARY_MONTGOMERY,0.9846384898801116,3
CatBoost,ft,REG_TEXT_PROFESSIONAL_EMPLOYEE_SALARY_MONTGOMERY,0.9733682313515544,4
CatBoost,no_text,REG_TEXT_PROFESSIONAL_EMPLOYEE_SALARY_MONTGOMERY,0.9653214908621384,0
CatBoost,no_text,REG_TEXT_PROFESSIONAL_EMPLOYEE_SALARY_MONTGOMERY,0.9334939713851448,1
CatBoost,no_text,REG_TEXT_PROFESSIONAL_EMPLOYEE_SALARY_MONTGOMERY,0.9669655143757468,2
CatBoost,no_text,REG_TEXT_PROFESSIONAL_EMPLOYEE_SALARY_MONTGOMERY,0.9636295732633292,3
CatBoost,no_text,REG_TEXT_PROFESSIONAL_EMPLOYEE_SALARY_MONTGOMERY,0.9500178966741476,4
CatBoost,text_only,REG_TEXT_PROFESSIONAL_EMPLOYEE_SALARY_MONTGOMERY,0.8865651525200661,0
CatBoost,text_only,REG_TEXT_PROFESSIONAL_EMPLOYEE_SALARY_MONTGOMERY,0.8536577253742289,1
CatBoost,text_only,REG_TEXT_PROFESSIONAL_EMPLOYEE_SALARY_MONTGOMERY,0.8654200502132916,2
CatBoost,text_only,REG_TEXT_PROFESSIONAL_EMPLOYEE_SALARY_MONTGOMERY,0.8885027847941629,3
CatBoost,text_only,REG_TEXT_PROFESSIONAL_EMPLOYEE_SALARY_MONTGOMERY,0.8862140012916742,4
LightGBM,all,REG_TEXT_PROFESSIONAL_EMPLOYEE_SALARY_MONTGOMERY,0.9844250630206796,0
LightGBM,all,REG_TEXT_PROFESSIONAL_EMPLOYEE_SALARY_MONTGOMERY,0.955859160845447,1
LightGBM,all,REG_TEXT_PROFESSIONAL_EMPLOYEE_SALARY_MONTGOMERY,0.9728091820872016,2
LightGBM,all,REG_TEXT_PROFESSIONAL_EMPLOYEE_SALARY_MONTGOMERY,0.9789400690567016,3
LightGBM,all,REG_TEXT_PROFESSIONAL_EMPLOYEE_SALARY_MONTGOMERY,0.9719983791071516,4
LightGBM,ft,REG_TEXT_PROFESSIONAL_EMPLOYEE_SALARY_MONTGOMERY,0.980641645080798,0
LightGBM,ft,REG_TEXT_PROFESSIONAL_EMPLOYEE_SALARY_MONTGOMERY,0.961950935045415,1
LightGBM,ft,REG_TEXT_PROFESSIONAL_EMPLOYEE_SALARY_MONTGOMERY,0.9696531216850544,2
LightGBM,ft,REG_TEXT_PROFESSIONAL_EMPLOYEE_SALARY_MONTGOMERY,0.9811820936787502,3
LightGBM,ft,REG_TEXT_PROFESSIONAL_EMPLOYEE_SALARY_MONTGOMERY,0.9696365007300348,4
LightGBM,no_text,REG_TEXT_PROFESSIONAL_EMPLOYEE_SALARY_MONTGOMERY,0.9681027792435878,0
LightGBM,no_text,REG_TEXT_PROFESSIONAL_EMPLOYEE_SALARY_MONTGOMERY,0.9327199078116064,1
LightGBM,no_text,REG_TEXT_PROFESSIONAL_EMPLOYEE_SALARY_MONTGOMERY,0.9665550104508948,2
LightGBM,no_text,REG_TEXT_PROFESSIONAL_EMPLOYEE_SALARY_MONTGOMERY,0.9629726580139124,3
LightGBM,no_text,REG_TEXT_PROFESSIONAL_EMPLOYEE_SALARY_MONTGOMERY,0.9479088571639,4
LightGBM,text_only,REG_TEXT_PROFESSIONAL_EMPLOYEE_SALARY_MONTGOMERY,0.8850744310246801,0
LightGBM,text_only,REG_TEXT_PROFESSIONAL_EMPLOYEE_SALARY_MONTGOMERY,0.8402469532176768,1
LightGBM,text_only,REG_TEXT_PROFESSIONAL_EMPLOYEE_SALARY_MONTGOMERY,0.8593315962911384,2
LightGBM,text_only,REG_TEXT_PROFESSIONAL_EMPLOYEE_SALARY_MONTGOMERY,0.8754606069513098,3
LightGBM,text_only,REG_TEXT_PROFESSIONAL_EMPLOYEE_SALARY_MONTGOMERY,0.8852922617640042,4
RandomForest,all,REG_TEXT_PROFESSIONAL_EMPLOYEE_SALARY_MONTGOMERY,0.9762319762893872,0
RandomForest,all,REG_TEXT_PROFESSIONAL_EMPLOYEE_SALARY_MONTGOMERY,0.9436968141921004,1
RandomForest,all,REG_TEXT_PROFESSIONAL_EMPLOYEE_SALARY_MONTGOMERY,0.9746850633933528,2
RandomForest,all,REG_TEXT_PROFESSIONAL_EMPLOYEE_SALARY_MONTGOMERY,0.9733099816028388,3
RandomForest,all,REG_TEXT_PROFESSIONAL_EMPLOYEE_SALARY_MONTGOMERY,0.9603548916260308,4
RandomForest,ft,REG_TEXT_PROFESSIONAL_EMPLOYEE_SALARY_MONTGOMERY,0.9733176780558132,0
RandomForest,ft,REG_TEXT_PROFESSIONAL_EMPLOYEE_SALARY_MONTGOMERY,0.9494978319269136,1
RandomForest,ft,REG_TEXT_PROFESSIONAL_EMPLOYEE_SALARY_MONTGOMERY,0.961550054723691,2
RandomForest,ft,REG_TEXT_PROFESSIONAL_EMPLOYEE_SALARY_MONTGOMERY,0.972036701566734,3
RandomForest,ft,REG_TEXT_PROFESSIONAL_EMPLOYEE_SALARY_MONTGOMERY,0.9567449290507564,4
RandomForest,no_text,REG_TEXT_PROFESSIONAL_EMPLOYEE_SALARY_MONTGOMERY,0.9652728552762618,0
RandomForest,no_text,REG_TEXT_PROFESSIONAL_EMPLOYEE_SALARY_MONTGOMERY,0.9270812755124932,1
RandomForest,no_text,REG_TEXT_PROFESSIONAL_EMPLOYEE_SALARY_MONTGOMERY,0.9653087072099736,2
RandomForest,no_text,REG_TEXT_PROFESSIONAL_EMPLOYEE_SALARY_MONTGOMERY,0.9612474086404664,3
RandomForest,no_text,REG_TEXT_PROFESSIONAL_EMPLOYEE_SALARY_MONTGOMERY,0.9461521794717302,4
RandomForest,text_only,REG_TEXT_PROFESSIONAL_EMPLOYEE_SALARY_MONTGOMERY,0.8588675181978978,0
RandomForest,text_only,REG_TEXT_PROFESSIONAL_EMPLOYEE_SALARY_MONTGOMERY,0.8071146325248121,1
RandomForest,text_only,REG_TEXT_PROFESSIONAL_EMPLOYEE_SALARY_MONTGOMERY,0.8304345266833639,2
RandomForest,text_only,REG_TEXT_PROFESSIONAL_EMPLOYEE_SALARY_MONTGOMERY,0.8628285114940026,3
RandomForest,text_only,REG_TEXT_PROFESSIONAL_EMPLOYEE_SALARY_MONTGOMERY,0.849315188809025,4
RealMLP,all,REG_TEXT_PROFESSIONAL_EMPLOYEE_SALARY_MONTGOMERY,0.9808697047791796,0
RealMLP,all,REG_TEXT_PROFESSIONAL_EMPLOYEE_SALARY_MONTGOMERY,0.9488750452325904,1
RealMLP,all,REG_TEXT_PROFESSIONAL_EMPLOYEE_SALARY_MONTGOMERY,0.9769888660497056,2
RealMLP,all,REG_TEXT_PROFESSIONAL_EMPLOYEE_SALARY_MONTGOMERY,0.9784530274244068,3
RealMLP,all,REG_TEXT_PROFESSIONAL_EMPLOYEE_SALARY_MONTGOMERY,0.9677293085215254,4
RealMLP,ft,REG_TEXT_PROFESSIONAL_EMPLOYEE_SALARY_MONTGOMERY,0.985665219051647,0
RealMLP,ft,REG_TEXT_PROFESSIONAL_EMPLOYEE_SALARY_MONTGOMERY,0.9658757712053544,1
RealMLP,ft,REG_TEXT_PROFESSIONAL_EMPLOYEE_SALARY_MONTGOMERY,0.97541732025395,2
RealMLP,ft,REG_TEXT_PROFESSIONAL_EMPLOYEE_SALARY_MONTGOMERY,0.9824699505379916,3
RealMLP,ft,REG_TEXT_PROFESSIONAL_EMPLOYEE_SALARY_MONTGOMERY,0.9719345446440496,4
RealMLP,no_text,REG_TEXT_PROFESSIONAL_EMPLOYEE_SALARY_MONTGOMERY,0.962419801988011,0
RealMLP,no_text,REG_TEXT_PROFESSIONAL_EMPLOYEE_SALARY_MONTGOMERY,0.9308101728113212,1
RealMLP,no_text,REG_TEXT_PROFESSIONAL_EMPLOYEE_SALARY_MONTGOMERY,0.9662374741856202,2
RealMLP,no_text,REG_TEXT_PROFESSIONAL_EMPLOYEE_SALARY_MONTGOMERY,0.960566999673444,3
RealMLP,no_text,REG_TEXT_PROFESSIONAL_EMPLOYEE_SALARY_MONTGOMERY,0.9372841480937368,4
RealMLP,text_only,REG_TEXT_PROFESSIONAL_EMPLOYEE_SALARY_MONTGOMERY,0.8861358695842353,0
RealMLP,text_only,REG_TEXT_PROFESSIONAL_EMPLOYEE_SALARY_MONTGOMERY,0.8509209947749669,1
RealMLP,text_only,REG_TEXT_PROFESSIONAL_EMPLOYEE_SALARY_MONTGOMERY,0.866460047919182,2
RealMLP,text_only,REG_TEXT_PROFESSIONAL_EMPLOYEE_SALARY_MONTGOMERY,0.880516655723365,3
RealMLP,text_only,REG_TEXT_PROFESSIONAL_EMPLOYEE_SALARY_MONTGOMERY,0.8639497748939198,4
TabDPT,all,REG_TEXT_PROFESSIONAL_EMPLOYEE_SALARY_MONTGOMERY,0.9403608719016614,0
TabDPT,all,REG_TEXT_PROFESSIONAL_EMPLOYEE_SALARY_MONTGOMERY,0.9117035929816149,1
TabDPT,all,REG_TEXT_PROFESSIONAL_EMPLOYEE_SALARY_MONTGOMERY,0.9265742763782566,2
TabDPT,all,REG_TEXT_PROFESSIONAL_EMPLOYEE_SALARY_MONTGOMERY,0.9442680313855312,3
TabDPT,all,REG_TEXT_PROFESSIONAL_EMPLOYEE_SALARY_MONTGOMERY,0.9280525889485398,4
TabDPT,ft,REG_TEXT_PROFESSIONAL_EMPLOYEE_SALARY_MONTGOMERY,0.940524758454035,0
TabDPT,ft,REG_TEXT_PROFESSIONAL_EMPLOYEE_SALARY_MONTGOMERY,0.940595133306262,1
TabDPT,ft,REG_TEXT_PROFESSIONAL_EMPLOYEE_SALARY_MONTGOMERY,0.938758382458354,2
TabDPT,ft,REG_TEXT_PROFESSIONAL_EMPLOYEE_SALARY_MONTGOMERY,0.942371556202808,3
TabDPT,ft,REG_TEXT_PROFESSIONAL_EMPLOYEE_SALARY_MONTGOMERY,0.9303723433582372,4
TabDPT,no_text,REG_TEXT_PROFESSIONAL_EMPLOYEE_SALARY_MONTGOMERY,0.9657112273621848,0
TabDPT,no_text,REG_TEXT_PROFESSIONAL_EMPLOYEE_SALARY_MONTGOMERY,0.929876605518573,1
TabDPT,no_text,REG_TEXT_PROFESSIONAL_EMPLOYEE_SALARY_MONTGOMERY,0.9716962432793824,2
TabDPT,no_text,REG_TEXT_PROFESSIONAL_EMPLOYEE_SALARY_MONTGOMERY,0.964562205803282,3
TabDPT,no_text,REG_TEXT_PROFESSIONAL_EMPLOYEE_SALARY_MONTGOMERY,0.948189861383657,4
TabDPT,text_only,REG_TEXT_PROFESSIONAL_EMPLOYEE_SALARY_MONTGOMERY,0.8704682804935279,0
TabDPT,text_only,REG_TEXT_PROFESSIONAL_EMPLOYEE_SALARY_MONTGOMERY,0.8398666301634677,1
TabDPT,text_only,REG_TEXT_PROFESSIONAL_EMPLOYEE_SALARY_MONTGOMERY,0.844834900747514,2
TabDPT,text_only,REG_TEXT_PROFESSIONAL_EMPLOYEE_SALARY_MONTGOMERY,0.8775940144764671,3
TabDPT,text_only,REG_TEXT_PROFESSIONAL_EMPLOYEE_SALARY_MONTGOMERY,0.8729415715431985,4
TabICLv2,all,REG_TEXT_PROFESSIONAL_EMPLOYEE_SALARY_MONTGOMERY,0.9868247772839234,0
TabICLv2,all,REG_TEXT_PROFESSIONAL_EMPLOYEE_SALARY_MONTGOMERY,0.9646639351473396,1
TabICLv2,all,REG_TEXT_PROFESSIONAL_EMPLOYEE_SALARY_MONTGOMERY,0.9796409522711924,2
TabICLv2,all,REG_TEXT_PROFESSIONAL_EMPLOYEE_SALARY_MONTGOMERY,0.9849762241959854,3
TabICLv2,all,REG_TEXT_PROFESSIONAL_EMPLOYEE_SALARY_MONTGOMERY,0.9712077857941508,4
TabICLv2,ft,REG_TEXT_PROFESSIONAL_EMPLOYEE_SALARY_MONTGOMERY,0.9891221622243735,0
TabICLv2,ft,REG_TEXT_PROFESSIONAL_EMPLOYEE_SALARY_MONTGOMERY,0.9709739849079172,1
TabICLv2,ft,REG_TEXT_PROFESSIONAL_EMPLOYEE_SALARY_MONTGOMERY,0.9824816957961215,2
TabICLv2,ft,REG_TEXT_PROFESSIONAL_EMPLOYEE_SALARY_MONTGOMERY,0.9863044566663112,3
TabICLv2,ft,REG_TEXT_PROFESSIONAL_EMPLOYEE_SALARY_MONTGOMERY,0.9791562001992692,4
TabICLv2,no_text,REG_TEXT_PROFESSIONAL_EMPLOYEE_SALARY_MONTGOMERY,0.9673464690219472,0
TabICLv2,no_text,REG_TEXT_PROFESSIONAL_EMPLOYEE_SALARY_MONTGOMERY,0.93680912023379,1
TabICLv2,no_text,REG_TEXT_PROFESSIONAL_EMPLOYEE_SALARY_MONTGOMERY,0.9743237624511224,2
TabICLv2,no_text,REG_TEXT_PROFESSIONAL_EMPLOYEE_SALARY_MONTGOMERY,0.967050975132232,3
TabICLv2,no_text,REG_TEXT_PROFESSIONAL_EMPLOYEE_SALARY_MONTGOMERY,0.9516940964278132,4
TabICLv2,text_only,REG_TEXT_PROFESSIONAL_EMPLOYEE_SALARY_MONTGOMERY,0.9257535573760924,0
TabICLv2,text_only,REG_TEXT_PROFESSIONAL_EMPLOYEE_SALARY_MONTGOMERY,0.8979375653997737,1
TabICLv2,text_only,REG_TEXT_PROFESSIONAL_EMPLOYEE_SALARY_MONTGOMERY,0.9134977446454652,2
TabICLv2,text_only,REG_TEXT_PROFESSIONAL_EMPLOYEE_SALARY_MONTGOMERY,0.9041828676805954,3
TabICLv2,text_only,REG_TEXT_PROFESSIONAL_EMPLOYEE_SALARY_MONTGOMERY,0.9141092732459676,4
TabM,all,REG_TEXT_PROFESSIONAL_EMPLOYEE_SALARY_MONTGOMERY,0.9833914805496272,0
TabM,all,REG_TEXT_PROFESSIONAL_EMPLOYEE_SALARY_MONTGOMERY,0.9538289983714252,1
TabM,all,REG_TEXT_PROFESSIONAL_EMPLOYEE_SALARY_MONTGOMERY,0.9862027523223406,2
TabM,all,REG_TEXT_PROFESSIONAL_EMPLOYEE_SALARY_MONTGOMERY,0.9813812906223328,3
TabM,all,REG_TEXT_PROFESSIONAL_EMPLOYEE_SALARY_MONTGOMERY,0.9675173115906796,4
TabM,ft,REG_TEXT_PROFESSIONAL_EMPLOYEE_SALARY_MONTGOMERY,0.9858691055351392,0
TabM,ft,REG_TEXT_PROFESSIONAL_EMPLOYEE_SALARY_MONTGOMERY,0.9665040857845152,1
TabM,ft,REG_TEXT_PROFESSIONAL_EMPLOYEE_SALARY_MONTGOMERY,0.9872548126452556,2
TabM,ft,REG_TEXT_PROFESSIONAL_EMPLOYEE_SALARY_MONTGOMERY,0.98457429707994,3
TabM,ft,REG_TEXT_PROFESSIONAL_EMPLOYEE_SALARY_MONTGOMERY,0.9735586003273168,4
TabM,no_text,REG_TEXT_PROFESSIONAL_EMPLOYEE_SALARY_MONTGOMERY,0.9673805897688768,0
TabM,no_text,REG_TEXT_PROFESSIONAL_EMPLOYEE_SALARY_MONTGOMERY,0.9285070894099496,1
TabM,no_text,REG_TEXT_PROFESSIONAL_EMPLOYEE_SALARY_MONTGOMERY,0.9785458864983226,2
TabM,no_text,REG_TEXT_PROFESSIONAL_EMPLOYEE_SALARY_MONTGOMERY,0.9608404569294402,3
TabM,no_text,REG_TEXT_PROFESSIONAL_EMPLOYEE_SALARY_MONTGOMERY,0.9447943411726872,4
TabM,text_only,REG_TEXT_PROFESSIONAL_EMPLOYEE_SALARY_MONTGOMERY,0.8991767827461586,0
TabM,text_only,REG_TEXT_PROFESSIONAL_EMPLOYEE_SALARY_MONTGOMERY,0.8535425753200542,1
TabM,text_only,REG_TEXT_PROFESSIONAL_EMPLOYEE_SALARY_MONTGOMERY,0.8723239098469804,2
TabM,text_only,REG_TEXT_PROFESSIONAL_EMPLOYEE_SALARY_MONTGOMERY,0.8903841116968925,3
TabM,text_only,REG_TEXT_PROFESSIONAL_EMPLOYEE_SALARY_MONTGOMERY,0.8857011826164474,4
TabPFN-2.5,all,REG_TEXT_PROFESSIONAL_EMPLOYEE_SALARY_MONTGOMERY,0.9900081416223232,0
TabPFN-2.5,all,REG_TEXT_PROFESSIONAL_EMPLOYEE_SALARY_MONTGOMERY,0.9693186526211292,1
TabPFN-2.5,all,REG_TEXT_PROFESSIONAL_EMPLOYEE_SALARY_MONTGOMERY,0.9904978710442912,2
TabPFN-2.5,all,REG_TEXT_PROFESSIONAL_EMPLOYEE_SALARY_MONTGOMERY,0.9883297519037472,3
TabPFN-2.5,all,REG_TEXT_PROFESSIONAL_EMPLOYEE_SALARY_MONTGOMERY,0.9813043030387636,4
TabPFN-2.5,ft,REG_TEXT_PROFESSIONAL_EMPLOYEE_SALARY_MONTGOMERY,0.9903829864168144,0
TabPFN-2.5,ft,REG_TEXT_PROFESSIONAL_EMPLOYEE_SALARY_MONTGOMERY,0.9779789925250728,1
TabPFN-2.5,ft,REG_TEXT_PROFESSIONAL_EMPLOYEE_SALARY_MONTGOMERY,0.9903091476723118,2
TabPFN-2.5,ft,REG_TEXT_PROFESSIONAL_EMPLOYEE_SALARY_MONTGOMERY,0.989160053691697,3
TabPFN-2.5,ft,REG_TEXT_PROFESSIONAL_EMPLOYEE_SALARY_MONTGOMERY,0.9801663638482536,4
TabPFN-2.5,no_text,REG_TEXT_PROFESSIONAL_EMPLOYEE_SALARY_MONTGOMERY,0.9669715070623468,0
TabPFN-2.5,no_text,REG_TEXT_PROFESSIONAL_EMPLOYEE_SALARY_MONTGOMERY,0.9350984731951104,1
TabPFN-2.5,no_text,REG_TEXT_PROFESSIONAL_EMPLOYEE_SALARY_MONTGOMERY,0.9811719104211232,2
TabPFN-2.5,no_text,REG_TEXT_PROFESSIONAL_EMPLOYEE_SALARY_MONTGOMERY,0.9670647247365,3
TabPFN-2.5,no_text,REG_TEXT_PROFESSIONAL_EMPLOYEE_SALARY_MONTGOMERY,0.9507073237598942,4
TabPFN-2.5,text_only,REG_TEXT_PROFESSIONAL_EMPLOYEE_SALARY_MONTGOMERY,0.9149616030695674,0
TabPFN-2.5,text_only,REG_TEXT_PROFESSIONAL_EMPLOYEE_SALARY_MONTGOMERY,0.8692320552861806,1
TabPFN-2.5,text_only,REG_TEXT_PROFESSIONAL_EMPLOYEE_SALARY_MONTGOMERY,0.9077607202325336,2
TabPFN-2.5,text_only,REG_TEXT_PROFESSIONAL_EMPLOYEE_SALARY_MONTGOMERY,0.9035310332321446,3
TabPFN-2.5,text_only,REG_TEXT_PROFESSIONAL_EMPLOYEE_SALARY_MONTGOMERY,0.9026683354452008,4
TabPFNv2,all,REG_TEXT_PROFESSIONAL_EMPLOYEE_SALARY_MONTGOMERY,0.9871835565510172,0
TabPFNv2,all,REG_TEXT_PROFESSIONAL_EMPLOYEE_SALARY_MONTGOMERY,0.970418932540872,1
TabPFNv2,all,REG_TEXT_PROFESSIONAL_EMPLOYEE_SALARY_MONTGOMERY,0.9713653502625506,2
TabPFNv2,all,REG_TEXT_PROFESSIONAL_EMPLOYEE_SALARY_MONTGOMERY,0.9875919709715476,3
TabPFNv2,all,REG_TEXT_PROFESSIONAL_EMPLOYEE_SALARY_MONTGOMERY,0.980769178455434,4
TabPFNv2,ft,REG_TEXT_PROFESSIONAL_EMPLOYEE_SALARY_MONTGOMERY,0.9875999756648912,0
TabPFNv2,ft,REG_TEXT_PROFESSIONAL_EMPLOYEE_SALARY_MONTGOMERY,0.9754890107847513,1
TabPFNv2,ft,REG_TEXT_PROFESSIONAL_EMPLOYEE_SALARY_MONTGOMERY,0.9718570574179646,2
TabPFNv2,ft,REG_TEXT_PROFESSIONAL_EMPLOYEE_SALARY_MONTGOMERY,0.989766105202553,3
TabPFNv2,ft,REG_TEXT_PROFESSIONAL_EMPLOYEE_SALARY_MONTGOMERY,0.9818582568816134,4
TabPFNv2,no_text,REG_TEXT_PROFESSIONAL_EMPLOYEE_SALARY_MONTGOMERY,0.9672224485825291,0
TabPFNv2,no_text,REG_TEXT_PROFESSIONAL_EMPLOYEE_SALARY_MONTGOMERY,0.9323529181709084,1
TabPFNv2,no_text,REG_TEXT_PROFESSIONAL_EMPLOYEE_SALARY_MONTGOMERY,0.964724411358142,2
TabPFNv2,no_text,REG_TEXT_PROFESSIONAL_EMPLOYEE_SALARY_MONTGOMERY,0.967476044917763,3
TabPFNv2,no_text,REG_TEXT_PROFESSIONAL_EMPLOYEE_SALARY_MONTGOMERY,0.9472476290528992,4
TabPFNv2,text_only,REG_TEXT_PROFESSIONAL_EMPLOYEE_SALARY_MONTGOMERY,0.8977434336432505,0
TabPFNv2,text_only,REG_TEXT_PROFESSIONAL_EMPLOYEE_SALARY_MONTGOMERY,0.860330609743772,1
TabPFNv2,text_only,REG_TEXT_PROFESSIONAL_EMPLOYEE_SALARY_MONTGOMERY,0.8961963064662978,2
TabPFNv2,text_only,REG_TEXT_PROFESSIONAL_EMPLOYEE_SALARY_MONTGOMERY,0.9066736374756232,3
TabPFNv2,text_only,REG_TEXT_PROFESSIONAL_EMPLOYEE_SALARY_MONTGOMERY,0.8971440066032822,4
XGBoost,all,REG_TEXT_PROFESSIONAL_EMPLOYEE_SALARY_MONTGOMERY,0.96663962098548,0
XGBoost,all,REG_TEXT_PROFESSIONAL_EMPLOYEE_SALARY_MONTGOMERY,0.940238179967996,1
XGBoost,all,REG_TEXT_PROFESSIONAL_EMPLOYEE_SALARY_MONTGOMERY,0.971463576283462,2
XGBoost,all,REG_TEXT_PROFESSIONAL_EMPLOYEE_SALARY_MONTGOMERY,0.9744060239825448,3
XGBoost,all,REG_TEXT_PROFESSIONAL_EMPLOYEE_SALARY_MONTGOMERY,0.9620190446525791,4
XGBoost,ft,REG_TEXT_PROFESSIONAL_EMPLOYEE_SALARY_MONTGOMERY,0.9766633898138328,0
XGBoost,ft,REG_TEXT_PROFESSIONAL_EMPLOYEE_SALARY_MONTGOMERY,0.9544960972452088,1
XGBoost,ft,REG_TEXT_PROFESSIONAL_EMPLOYEE_SALARY_MONTGOMERY,0.9654537193516488,2
XGBoost,ft,REG_TEXT_PROFESSIONAL_EMPLOYEE_SALARY_MONTGOMERY,0.9786198091320496,3
XGBoost,ft,REG_TEXT_PROFESSIONAL_EMPLOYEE_SALARY_MONTGOMERY,0.961096231628472,4
XGBoost,no_text,REG_TEXT_PROFESSIONAL_EMPLOYEE_SALARY_MONTGOMERY,0.959563716535894,0
XGBoost,no_text,REG_TEXT_PROFESSIONAL_EMPLOYEE_SALARY_MONTGOMERY,0.9269830031593476,1
XGBoost,no_text,REG_TEXT_PROFESSIONAL_EMPLOYEE_SALARY_MONTGOMERY,0.9656068217525372,2
XGBoost,no_text,REG_TEXT_PROFESSIONAL_EMPLOYEE_SALARY_MONTGOMERY,0.9620142423736784,3
XGBoost,no_text,REG_TEXT_PROFESSIONAL_EMPLOYEE_SALARY_MONTGOMERY,0.9504939273232812,4
XGBoost,text_only,REG_TEXT_PROFESSIONAL_EMPLOYEE_SALARY_MONTGOMERY,0.8485162941115032,0
XGBoost,text_only,REG_TEXT_PROFESSIONAL_EMPLOYEE_SALARY_MONTGOMERY,0.8333234120112787,1
XGBoost,text_only,REG_TEXT_PROFESSIONAL_EMPLOYEE_SALARY_MONTGOMERY,0.8425651651936514,2
XGBoost,text_only,REG_TEXT_PROFESSIONAL_EMPLOYEE_SALARY_MONTGOMERY,0.8604916630223676,3
XGBoost,text_only,REG_TEXT_PROFESSIONAL_EMPLOYEE_SALARY_MONTGOMERY,0.8515027589977185,4
CatBoost,all,REG_TEXT_PROFESSIONAL_ML_DS_AI_JOBS_SALARIES,0.1014155959217938,0
CatBoost,all,REG_TEXT_PROFESSIONAL_ML_DS_AI_JOBS_SALARIES,-0.441279112697194,1
CatBoost,all,REG_TEXT_PROFESSIONAL_ML_DS_AI_JOBS_SALARIES,0.4366824335753917,2
CatBoost,all,REG_TEXT_PROFESSIONAL_ML_DS_AI_JOBS_SALARIES,0.268154945013319,3
CatBoost,all,REG_TEXT_PROFESSIONAL_ML_DS_AI_JOBS_SALARIES,0.281514926498037,4
CatBoost,ft,REG_TEXT_PROFESSIONAL_ML_DS_AI_JOBS_SALARIES,0.0789567195234474,0
CatBoost,ft,REG_TEXT_PROFESSIONAL_ML_DS_AI_JOBS_SALARIES,-0.282933899528996,1
CatBoost,ft,REG_TEXT_PROFESSIONAL_ML_DS_AI_JOBS_SALARIES,0.3799076145927466,2
CatBoost,ft,REG_TEXT_PROFESSIONAL_ML_DS_AI_JOBS_SALARIES,0.2951659470960485,3
CatBoost,ft,REG_TEXT_PROFESSIONAL_ML_DS_AI_JOBS_SALARIES,0.2958739966752097,4
CatBoost,no_text,REG_TEXT_PROFESSIONAL_ML_DS_AI_JOBS_SALARIES,0.0827280079100962,0
CatBoost,no_text,REG_TEXT_PROFESSIONAL_ML_DS_AI_JOBS_SALARIES,-0.4077772752890538,1
CatBoost,no_text,REG_TEXT_PROFESSIONAL_ML_DS_AI_JOBS_SALARIES,0.2187883095993745,2
CatBoost,no_text,REG_TEXT_PROFESSIONAL_ML_DS_AI_JOBS_SALARIES,0.1696740884887828,3
CatBoost,no_text,REG_TEXT_PROFESSIONAL_ML_DS_AI_JOBS_SALARIES,0.211729927792216,4
CatBoost,text_only,REG_TEXT_PROFESSIONAL_ML_DS_AI_JOBS_SALARIES,0.0038095887993518,0
CatBoost,text_only,REG_TEXT_PROFESSIONAL_ML_DS_AI_JOBS_SALARIES,-2.1322580364731927,1
CatBoost,text_only,REG_TEXT_PROFESSIONAL_ML_DS_AI_JOBS_SALARIES,-0.3005462967018024,2
CatBoost,text_only,REG_TEXT_PROFESSIONAL_ML_DS_AI_JOBS_SALARIES,0.1812385359494258,3
CatBoost,text_only,REG_TEXT_PROFESSIONAL_ML_DS_AI_JOBS_SALARIES,0.0297466010207113,4
LightGBM,all,REG_TEXT_PROFESSIONAL_ML_DS_AI_JOBS_SALARIES,0.0526023978373302,0
LightGBM,all,REG_TEXT_PROFESSIONAL_ML_DS_AI_JOBS_SALARIES,-0.1974139892256214,1
LightGBM,all,REG_TEXT_PROFESSIONAL_ML_DS_AI_JOBS_SALARIES,0.1233719538847204,2
LightGBM,all,REG_TEXT_PROFESSIONAL_ML_DS_AI_JOBS_SALARIES,0.288284179452703,3
LightGBM,all,REG_TEXT_PROFESSIONAL_ML_DS_AI_JOBS_SALARIES,0.1475419108969449,4
LightGBM,ft,REG_TEXT_PROFESSIONAL_ML_DS_AI_JOBS_SALARIES,0.0258536786388199,0
LightGBM,ft,REG_TEXT_PROFESSIONAL_ML_DS_AI_JOBS_SALARIES,-0.1847561021125969,1
LightGBM,ft,REG_TEXT_PROFESSIONAL_ML_DS_AI_JOBS_SALARIES,-0.0735602625719789,2
LightGBM,ft,REG_TEXT_PROFESSIONAL_ML_DS_AI_JOBS_SALARIES,0.2421359341503545,3
LightGBM,ft,REG_TEXT_PROFESSIONAL_ML_DS_AI_JOBS_SALARIES,0.1840262584885168,4
LightGBM,no_text,REG_TEXT_PROFESSIONAL_ML_DS_AI_JOBS_SALARIES,0.0476607858866765,0
LightGBM,no_text,REG_TEXT_PROFESSIONAL_ML_DS_AI_JOBS_SALARIES,-0.0512583901340177,1
LightGBM,no_text,REG_TEXT_PROFESSIONAL_ML_DS_AI_JOBS_SALARIES,0.1317473023993147,2
LightGBM,no_text,REG_TEXT_PROFESSIONAL_ML_DS_AI_JOBS_SALARIES,0.1144506489166969,3
LightGBM,no_text,REG_TEXT_PROFESSIONAL_ML_DS_AI_JOBS_SALARIES,0.2769707351338782,4
LightGBM,text_only,REG_TEXT_PROFESSIONAL_ML_DS_AI_JOBS_SALARIES,-0.0047289928241953,0
LightGBM,text_only,REG_TEXT_PROFESSIONAL_ML_DS_AI_JOBS_SALARIES,-0.2678983215725643,1
LightGBM,text_only,REG_TEXT_PROFESSIONAL_ML_DS_AI_JOBS_SALARIES,-0.1508699781114364,2
LightGBM,text_only,REG_TEXT_PROFESSIONAL_ML_DS_AI_JOBS_SALARIES,0.1996226882995115,3
LightGBM,text_only,REG_TEXT_PROFESSIONAL_ML_DS_AI_JOBS_SALARIES,0.0882418355885902,4
RandomForest,all,REG_TEXT_PROFESSIONAL_ML_DS_AI_JOBS_SALARIES,0.0332781576798223,0
RandomForest,all,REG_TEXT_PROFESSIONAL_ML_DS_AI_JOBS_SALARIES,-0.5194263013152167,1
RandomForest,all,REG_TEXT_PROFESSIONAL_ML_DS_AI_JOBS_SALARIES,0.5559133627049817,2
RandomForest,all,REG_TEXT_PROFESSIONAL_ML_DS_AI_JOBS_SALARIES,0.258633930901748,3
RandomForest,all,REG_TEXT_PROFESSIONAL_ML_DS_AI_JOBS_SALARIES,0.1776399286235116,4
RandomForest,ft,REG_TEXT_PROFESSIONAL_ML_DS_AI_JOBS_SALARIES,0.0318522605495895,0
RandomForest,ft,REG_TEXT_PROFESSIONAL_ML_DS_AI_JOBS_SALARIES,-0.2551389793654062,1
RandomForest,ft,REG_TEXT_PROFESSIONAL_ML_DS_AI_JOBS_SALARIES,0.5977247058736022,2
RandomForest,ft,REG_TEXT_PROFESSIONAL_ML_DS_AI_JOBS_SALARIES,0.1594174692215293,3
RandomForest,ft,REG_TEXT_PROFESSIONAL_ML_DS_AI_JOBS_SALARIES,0.0686127121226439,4
RandomForest,no_text,REG_TEXT_PROFESSIONAL_ML_DS_AI_JOBS_SALARIES,0.0161644583711179,0
RandomForest,no_text,REG_TEXT_PROFESSIONAL_ML_DS_AI_JOBS_SALARIES,0.0870419481391635,1
RandomForest,no_text,REG_TEXT_PROFESSIONAL_ML_DS_AI_JOBS_SALARIES,0.5988500480350593,2
RandomForest,no_text,REG_TEXT_PROFESSIONAL_ML_DS_AI_JOBS_SALARIES,0.2110225393381799,3
RandomForest,no_text,REG_TEXT_PROFESSIONAL_ML_DS_AI_JOBS_SALARIES,0.1258297119789144,4
RandomForest,text_only,REG_TEXT_PROFESSIONAL_ML_DS_AI_JOBS_SALARIES,-1.660904259058793,0
RandomForest,text_only,REG_TEXT_PROFESSIONAL_ML_DS_AI_JOBS_SALARIES,-2.2396378112412405,1
RandomForest,text_only,REG_TEXT_PROFESSIONAL_ML_DS_AI_JOBS_SALARIES,-0.1084255126033015,2
RandomForest,text_only,REG_TEXT_PROFESSIONAL_ML_DS_AI_JOBS_SALARIES,0.132215586940111,3
RandomForest,text_only,REG_TEXT_PROFESSIONAL_ML_DS_AI_JOBS_SALARIES,-0.2200958547905953,4
RealMLP,all,REG_TEXT_PROFESSIONAL_ML_DS_AI_JOBS_SALARIES,0.4656884670257568,0
RealMLP,all,REG_TEXT_PROFESSIONAL_ML_DS_AI_JOBS_SALARIES,0.2340398430824279,1
RealMLP,all,REG_TEXT_PROFESSIONAL_ML_DS_AI_JOBS_SALARIES,0.600695788860321,2
RealMLP,all,REG_TEXT_PROFESSIONAL_ML_DS_AI_JOBS_SALARIES,0.3731789588928222,3
RealMLP,all,REG_TEXT_PROFESSIONAL_ML_DS_AI_JOBS_SALARIES,0.4246324300765991,4
RealMLP,ft,REG_TEXT_PROFESSIONAL_ML_DS_AI_JOBS_SALARIES,0.5625826120376587,0
RealMLP,ft,REG_TEXT_PROFESSIONAL_ML_DS_AI_JOBS_SALARIES,-0.5705044269561768,1
RealMLP,ft,REG_TEXT_PROFESSIONAL_ML_DS_AI_JOBS_SALARIES,0.6328165531158447,2
RealMLP,ft,REG_TEXT_PROFESSIONAL_ML_DS_AI_JOBS_SALARIES,0.3678104281425476,3
RealMLP,ft,REG_TEXT_PROFESSIONAL_ML_DS_AI_JOBS_SALARIES,0.2754736542701721,4
RealMLP,no_text,REG_TEXT_PROFESSIONAL_ML_DS_AI_JOBS_SALARIES,0.5124404430389404,0
RealMLP,no_text,REG_TEXT_PROFESSIONAL_ML_DS_AI_JOBS_SALARIES,0.0277080535888671,1
RealMLP,no_text,REG_TEXT_PROFESSIONAL_ML_DS_AI_JOBS_SALARIES,0.2448830008506775,2
RealMLP,no_text,REG_TEXT_PROFESSIONAL_ML_DS_AI_JOBS_SALARIES,0.2163193821907043,3
RealMLP,no_text,REG_TEXT_PROFESSIONAL_ML_DS_AI_JOBS_SALARIES,0.2365191578865051,4
RealMLP,text_only,REG_TEXT_PROFESSIONAL_ML_DS_AI_JOBS_SALARIES,0.0409319996833801,0
RealMLP,text_only,REG_TEXT_PROFESSIONAL_ML_DS_AI_JOBS_SALARIES,-5.870385646820068,1
RealMLP,text_only,REG_TEXT_PROFESSIONAL_ML_DS_AI_JOBS_SALARIES,-0.3114722967147827,2
RealMLP,text_only,REG_TEXT_PROFESSIONAL_ML_DS_AI_JOBS_SALARIES,0.1872400641441345,3
RealMLP,text_only,REG_TEXT_PROFESSIONAL_ML_DS_AI_JOBS_SALARIES,-0.3664214611053467,4
TabDPT,all,REG_TEXT_PROFESSIONAL_ML_DS_AI_JOBS_SALARIES,0.0283711552619934,0
TabDPT,all,REG_TEXT_PROFESSIONAL_ML_DS_AI_JOBS_SALARIES,0.2081676721572876,1
TabDPT,all,REG_TEXT_PROFESSIONAL_ML_DS_AI_JOBS_SALARIES,0.0970371961593627,2
TabDPT,all,REG_TEXT_PROFESSIONAL_ML_DS_AI_JOBS_SALARIES,0.2480831146240234,3
TabDPT,all,REG_TEXT_PROFESSIONAL_ML_DS_AI_JOBS_SALARIES,0.1622362732887268,4
TabDPT,ft,REG_TEXT_PROFESSIONAL_ML_DS_AI_JOBS_SALARIES,0.0284658074378967,0
TabDPT,ft,REG_TEXT_PROFESSIONAL_ML_DS_AI_JOBS_SALARIES,0.2027108073234558,1
TabDPT,ft,REG_TEXT_PROFESSIONAL_ML_DS_AI_JOBS_SALARIES,0.1090711951255798,2
TabDPT,ft,REG_TEXT_PROFESSIONAL_ML_DS_AI_JOBS_SALARIES,0.2535936832427978,3
TabDPT,ft,REG_TEXT_PROFESSIONAL_ML_DS_AI_JOBS_SALARIES,0.1567434072494506,4
TabDPT,no_text,REG_TEXT_PROFESSIONAL_ML_DS_AI_JOBS_SALARIES,0.0125622153282165,0
TabDPT,no_text,REG_TEXT_PROFESSIONAL_ML_DS_AI_JOBS_SALARIES,0.114976942539215,1
TabDPT,no_text,REG_TEXT_PROFESSIONAL_ML_DS_AI_JOBS_SALARIES,0.1795789003372192,2
TabDPT,no_text,REG_TEXT_PROFESSIONAL_ML_DS_AI_JOBS_SALARIES,0.1850543022155761,3
TabDPT,no_text,REG_TEXT_PROFESSIONAL_ML_DS_AI_JOBS_SALARIES,0.1121430397033691,4
TabDPT,text_only,REG_TEXT_PROFESSIONAL_ML_DS_AI_JOBS_SALARIES,0.0158178806304931,0
TabDPT,text_only,REG_TEXT_PROFESSIONAL_ML_DS_AI_JOBS_SALARIES,0.1019350290298462,1
TabDPT,text_only,REG_TEXT_PROFESSIONAL_ML_DS_AI_JOBS_SALARIES,0.0892890691757202,2
TabDPT,text_only,REG_TEXT_PROFESSIONAL_ML_DS_AI_JOBS_SALARIES,0.1774179935455322,3
TabDPT,text_only,REG_TEXT_PROFESSIONAL_ML_DS_AI_JOBS_SALARIES,0.1231051683425903,4
TabICLv2,all,REG_TEXT_PROFESSIONAL_ML_DS_AI_JOBS_SALARIES,0.0330424904823303,0
TabICLv2,all,REG_TEXT_PROFESSIONAL_ML_DS_AI_JOBS_SALARIES,0.1799232959747314,1
TabICLv2,all,REG_TEXT_PROFESSIONAL_ML_DS_AI_JOBS_SALARIES,0.3682672381401062,2
TabICLv2,all,REG_TEXT_PROFESSIONAL_ML_DS_AI_JOBS_SALARIES,0.3253650665283203,3
TabICLv2,all,REG_TEXT_PROFESSIONAL_ML_DS_AI_JOBS_SALARIES,0.1578633785247802,4
TabICLv2,ft,REG_TEXT_PROFESSIONAL_ML_DS_AI_JOBS_SALARIES,0.0340903997421264,0
TabICLv2,ft,REG_TEXT_PROFESSIONAL_ML_DS_AI_JOBS_SALARIES,0.1575775742530822,1
TabICLv2,ft,REG_TEXT_PROFESSIONAL_ML_DS_AI_JOBS_SALARIES,0.3556589484214782,2
TabICLv2,ft,REG_TEXT_PROFESSIONAL_ML_DS_AI_JOBS_SALARIES,0.3251336812973022,3
TabICLv2,ft,REG_TEXT_PROFESSIONAL_ML_DS_AI_JOBS_SALARIES,0.1471622586250305,4
TabICLv2,no_text,REG_TEXT_PROFESSIONAL_ML_DS_AI_JOBS_SALARIES,0.0357195734977722,0
TabICLv2,no_text,REG_TEXT_PROFESSIONAL_ML_DS_AI_JOBS_SALARIES,0.0003172159194946,1
TabICLv2,no_text,REG_TEXT_PROFESSIONAL_ML_DS_AI_JOBS_SALARIES,0.3524949550628662,2
TabICLv2,no_text,REG_TEXT_PROFESSIONAL_ML_DS_AI_JOBS_SALARIES,0.2465282678604126,3
TabICLv2,no_text,REG_TEXT_PROFESSIONAL_ML_DS_AI_JOBS_SALARIES,0.1927972435951233,4
TabICLv2,text_only,REG_TEXT_PROFESSIONAL_ML_DS_AI_JOBS_SALARIES,0.0009064674377441,0
TabICLv2,text_only,REG_TEXT_PROFESSIONAL_ML_DS_AI_JOBS_SALARIES,-0.0428876876831054,1
TabICLv2,text_only,REG_TEXT_PROFESSIONAL_ML_DS_AI_JOBS_SALARIES,0.0819773077964782,2
TabICLv2,text_only,REG_TEXT_PROFESSIONAL_ML_DS_AI_JOBS_SALARIES,0.2012674808502197,3
TabICLv2,text_only,REG_TEXT_PROFESSIONAL_ML_DS_AI_JOBS_SALARIES,0.02388596534729,4
TabM,all,REG_TEXT_PROFESSIONAL_ML_DS_AI_JOBS_SALARIES,0.1321157217025756,0
TabM,all,REG_TEXT_PROFESSIONAL_ML_DS_AI_JOBS_SALARIES,0.2912925481796264,1
TabM,all,REG_TEXT_PROFESSIONAL_ML_DS_AI_JOBS_SALARIES,0.6751009225845337,2
TabM,all,REG_TEXT_PROFESSIONAL_ML_DS_AI_JOBS_SALARIES,0.3930754661560058,3
TabM,all,REG_TEXT_PROFESSIONAL_ML_DS_AI_JOBS_SALARIES,0.2671151161193847,4
TabM,ft,REG_TEXT_PROFESSIONAL_ML_DS_AI_JOBS_SALARIES,0.1754260659217834,0
TabM,ft,REG_TEXT_PROFESSIONAL_ML_DS_AI_JOBS_SALARIES,0.2770640850067138,1
TabM,ft,REG_TEXT_PROFESSIONAL_ML_DS_AI_JOBS_SALARIES,0.680372953414917,2
TabM,ft,REG_TEXT_PROFESSIONAL_ML_DS_AI_JOBS_SALARIES,0.3919678926467895,3
TabM,ft,REG_TEXT_PROFESSIONAL_ML_DS_AI_JOBS_SALARIES,0.2785816788673401,4
TabM,no_text,REG_TEXT_PROFESSIONAL_ML_DS_AI_JOBS_SALARIES,0.1246876120567321,0
TabM,no_text,REG_TEXT_PROFESSIONAL_ML_DS_AI_JOBS_SALARIES,0.169846773147583,1
TabM,no_text,REG_TEXT_PROFESSIONAL_ML_DS_AI_JOBS_SALARIES,0.604637861251831,2
TabM,no_text,REG_TEXT_PROFESSIONAL_ML_DS_AI_JOBS_SALARIES,0.2974157929420471,3
TabM,no_text,REG_TEXT_PROFESSIONAL_ML_DS_AI_JOBS_SALARIES,0.1969983577728271,4
TabM,text_only,REG_TEXT_PROFESSIONAL_ML_DS_AI_JOBS_SALARIES,0.0324562788009643,0
TabM,text_only,REG_TEXT_PROFESSIONAL_ML_DS_AI_JOBS_SALARIES,-3.2536234855651855,1
TabM,text_only,REG_TEXT_PROFESSIONAL_ML_DS_AI_JOBS_SALARIES,0.3609626889228821,2
TabM,text_only,REG_TEXT_PROFESSIONAL_ML_DS_AI_JOBS_SALARIES,0.196810245513916,3
TabM,text_only,REG_TEXT_PROFESSIONAL_ML_DS_AI_JOBS_SALARIES,-0.178770899772644,4
TabPFN-2.5,all,REG_TEXT_PROFESSIONAL_ML_DS_AI_JOBS_SALARIES,0.0648431181907653,0
TabPFN-2.5,all,REG_TEXT_PROFESSIONAL_ML_DS_AI_JOBS_SALARIES,0.1938373446464538,1
TabPFN-2.5,all,REG_TEXT_PROFESSIONAL_ML_DS_AI_JOBS_SALARIES,0.2962363958358764,2
TabPFN-2.5,all,REG_TEXT_PROFESSIONAL_ML_DS_AI_JOBS_SALARIES,0.4014146327972412,3
TabPFN-2.5,all,REG_TEXT_PROFESSIONAL_ML_DS_AI_JOBS_SALARIES,0.1824995875358581,4
TabPFN-2.5,ft,REG_TEXT_PROFESSIONAL_ML_DS_AI_JOBS_SALARIES,0.0644918084144592,0
TabPFN-2.5,ft,REG_TEXT_PROFESSIONAL_ML_DS_AI_JOBS_SALARIES,0.1561664938926696,1
TabPFN-2.5,ft,REG_TEXT_PROFESSIONAL_ML_DS_AI_JOBS_SALARIES,0.1139723658561706,2
TabPFN-2.5,ft,REG_TEXT_PROFESSIONAL_ML_DS_AI_JOBS_SALARIES,0.4012192487716675,3
TabPFN-2.5,ft,REG_TEXT_PROFESSIONAL_ML_DS_AI_JOBS_SALARIES,0.1822694540023803,4
TabPFN-2.5,no_text,REG_TEXT_PROFESSIONAL_ML_DS_AI_JOBS_SALARIES,0.0489450097084045,0
TabPFN-2.5,no_text,REG_TEXT_PROFESSIONAL_ML_DS_AI_JOBS_SALARIES,-0.3261317014694214,1
TabPFN-2.5,no_text,REG_TEXT_PROFESSIONAL_ML_DS_AI_JOBS_SALARIES,0.4146120548248291,2
TabPFN-2.5,no_text,REG_TEXT_PROFESSIONAL_ML_DS_AI_JOBS_SALARIES,0.2940198183059692,3
TabPFN-2.5,no_text,REG_TEXT_PROFESSIONAL_ML_DS_AI_JOBS_SALARIES,0.2049540281295776,4
TabPFN-2.5,text_only,REG_TEXT_PROFESSIONAL_ML_DS_AI_JOBS_SALARIES,-0.2415817975997924,0
TabPFN-2.5,text_only,REG_TEXT_PROFESSIONAL_ML_DS_AI_JOBS_SALARIES,-6.424280643463135,1
TabPFN-2.5,text_only,REG_TEXT_PROFESSIONAL_ML_DS_AI_JOBS_SALARIES,0.2765990495681762,2
TabPFN-2.5,text_only,REG_TEXT_PROFESSIONAL_ML_DS_AI_JOBS_SALARIES,0.1987856030464172,3
TabPFN-2.5,text_only,REG_TEXT_PROFESSIONAL_ML_DS_AI_JOBS_SALARIES,-0.6582221984863281,4
TabPFNv2,all,REG_TEXT_PROFESSIONAL_ML_DS_AI_JOBS_SALARIES,0.045473039150238,0
TabPFNv2,all,REG_TEXT_PROFESSIONAL_ML_DS_AI_JOBS_SALARIES,0.2344157695770263,1
TabPFNv2,all,REG_TEXT_PROFESSIONAL_ML_DS_AI_JOBS_SALARIES,0.477271020412445,2
TabPFNv2,all,REG_TEXT_PROFESSIONAL_ML_DS_AI_JOBS_SALARIES,0.352992832660675,3
TabPFNv2,all,REG_TEXT_PROFESSIONAL_ML_DS_AI_JOBS_SALARIES,0.2576270699501037,4
TabPFNv2,ft,REG_TEXT_PROFESSIONAL_ML_DS_AI_JOBS_SALARIES,0.0416972041130065,0
TabPFNv2,ft,REG_TEXT_PROFESSIONAL_ML_DS_AI_JOBS_SALARIES,0.2172480821609497,1
TabPFNv2,ft,REG_TEXT_PROFESSIONAL_ML_DS_AI_JOBS_SALARIES,0.4794254899024963,2
TabPFNv2,ft,REG_TEXT_PROFESSIONAL_ML_DS_AI_JOBS_SALARIES,0.3490453958511352,3
TabPFNv2,ft,REG_TEXT_PROFESSIONAL_ML_DS_AI_JOBS_SALARIES,0.2543602585792541,4
TabPFNv2,no_text,REG_TEXT_PROFESSIONAL_ML_DS_AI_JOBS_SALARIES,0.0279146432876586,0
TabPFNv2,no_text,REG_TEXT_PROFESSIONAL_ML_DS_AI_JOBS_SALARIES,0.0878896117210388,1
TabPFNv2,no_text,REG_TEXT_PROFESSIONAL_ML_DS_AI_JOBS_SALARIES,0.5210261344909668,2
TabPFNv2,no_text,REG_TEXT_PROFESSIONAL_ML_DS_AI_JOBS_SALARIES,0.2719723582267761,3
TabPFNv2,no_text,REG_TEXT_PROFESSIONAL_ML_DS_AI_JOBS_SALARIES,0.1843752861022949,4
TabPFNv2,text_only,REG_TEXT_PROFESSIONAL_ML_DS_AI_JOBS_SALARIES,0.0051982402801513,0
TabPFNv2,text_only,REG_TEXT_PROFESSIONAL_ML_DS_AI_JOBS_SALARIES,0.0823667049407959,1
TabPFNv2,text_only,REG_TEXT_PROFESSIONAL_ML_DS_AI_JOBS_SALARIES,0.1293628811836242,2
TabPFNv2,text_only,REG_TEXT_PROFESSIONAL_ML_DS_AI_JOBS_SALARIES,0.2019972205162048,3
TabPFNv2,text_only,REG_TEXT_PROFESSIONAL_ML_DS_AI_JOBS_SALARIES,0.1161370277404785,4
XGBoost,all,REG_TEXT_PROFESSIONAL_ML_DS_AI_JOBS_SALARIES,0.007791519165039,0
XGBoost,all,REG_TEXT_PROFESSIONAL_ML_DS_AI_JOBS_SALARIES,-1.2440464496612549,1
XGBoost,all,REG_TEXT_PROFESSIONAL_ML_DS_AI_JOBS_SALARIES,0.3193884491920471,2
XGBoost,all,REG_TEXT_PROFESSIONAL_ML_DS_AI_JOBS_SALARIES,0.3783957958221435,3
XGBoost,all,REG_TEXT_PROFESSIONAL_ML_DS_AI_JOBS_SALARIES,0.1409564614295959,4
XGBoost,ft,REG_TEXT_PROFESSIONAL_ML_DS_AI_JOBS_SALARIES,0.0382594466209411,0
XGBoost,ft,REG_TEXT_PROFESSIONAL_ML_DS_AI_JOBS_SALARIES,0.0929557681083679,1
XGBoost,ft,REG_TEXT_PROFESSIONAL_ML_DS_AI_JOBS_SALARIES,0.5342930555343628,2
XGBoost,ft,REG_TEXT_PROFESSIONAL_ML_DS_AI_JOBS_SALARIES,0.1988440155982971,3
XGBoost,ft,REG_TEXT_PROFESSIONAL_ML_DS_AI_JOBS_SALARIES,0.0791495442390441,4
XGBoost,no_text,REG_TEXT_PROFESSIONAL_ML_DS_AI_JOBS_SALARIES,0.0193569660186767,0
XGBoost,no_text,REG_TEXT_PROFESSIONAL_ML_DS_AI_JOBS_SALARIES,0.0292894840240478,1
XGBoost,no_text,REG_TEXT_PROFESSIONAL_ML_DS_AI_JOBS_SALARIES,0.6128061413764954,2
XGBoost,no_text,REG_TEXT_PROFESSIONAL_ML_DS_AI_JOBS_SALARIES,0.2793234586715698,3
XGBoost,no_text,REG_TEXT_PROFESSIONAL_ML_DS_AI_JOBS_SALARIES,-0.1066750288009643,4
XGBoost,text_only,REG_TEXT_PROFESSIONAL_ML_DS_AI_JOBS_SALARIES,-1.5218281745910645,0
XGBoost,text_only,REG_TEXT_PROFESSIONAL_ML_DS_AI_JOBS_SALARIES,-1.82166051864624,1
XGBoost,text_only,REG_TEXT_PROFESSIONAL_ML_DS_AI_JOBS_SALARIES,-0.7197161912918091,2
XGBoost,text_only,REG_TEXT_PROFESSIONAL_ML_DS_AI_JOBS_SALARIES,0.2102193832397461,3
XGBoost,text_only,REG_TEXT_PROFESSIONAL_ML_DS_AI_JOBS_SALARIES,-0.2910916805267334,4
CatBoost,all,REG_TEXT_PROFESSIONAL_SCIMAGOJR_ACADEMIC_IMPACT,0.8845929885909122,0
CatBoost,all,REG_TEXT_PROFESSIONAL_SCIMAGOJR_ACADEMIC_IMPACT,0.8727106567243459,1
CatBoost,all,REG_TEXT_PROFESSIONAL_SCIMAGOJR_ACADEMIC_IMPACT,0.859670863806135,2
CatBoost,all,REG_TEXT_PROFESSIONAL_SCIMAGOJR_ACADEMIC_IMPACT,0.8549633090020756,3
CatBoost,all,REG_TEXT_PROFESSIONAL_SCIMAGOJR_ACADEMIC_IMPACT,0.8698424548661965,4
CatBoost,ft,REG_TEXT_PROFESSIONAL_SCIMAGOJR_ACADEMIC_IMPACT,0.8903180596412733,0
CatBoost,ft,REG_TEXT_PROFESSIONAL_SCIMAGOJR_ACADEMIC_IMPACT,0.8876146949246576,1
CatBoost,ft,REG_TEXT_PROFESSIONAL_SCIMAGOJR_ACADEMIC_IMPACT,0.868610177329674,2
CatBoost,ft,REG_TEXT_PROFESSIONAL_SCIMAGOJR_ACADEMIC_IMPACT,0.8643843599938835,3
CatBoost,ft,REG_TEXT_PROFESSIONAL_SCIMAGOJR_ACADEMIC_IMPACT,0.8735266421163832,4
CatBoost,no_text,REG_TEXT_PROFESSIONAL_SCIMAGOJR_ACADEMIC_IMPACT,0.7492186198525468,0
CatBoost,no_text,REG_TEXT_PROFESSIONAL_SCIMAGOJR_ACADEMIC_IMPACT,0.7821970460559335,1
CatBoost,no_text,REG_TEXT_PROFESSIONAL_SCIMAGOJR_ACADEMIC_IMPACT,0.7707391065038487,2
CatBoost,no_text,REG_TEXT_PROFESSIONAL_SCIMAGOJR_ACADEMIC_IMPACT,0.7164454392321431,3
CatBoost,no_text,REG_TEXT_PROFESSIONAL_SCIMAGOJR_ACADEMIC_IMPACT,0.7146817568780777,4
CatBoost,text_only,REG_TEXT_PROFESSIONAL_SCIMAGOJR_ACADEMIC_IMPACT,0.7946860498845318,0
CatBoost,text_only,REG_TEXT_PROFESSIONAL_SCIMAGOJR_ACADEMIC_IMPACT,0.7473901216264887,1
CatBoost,text_only,REG_TEXT_PROFESSIONAL_SCIMAGOJR_ACADEMIC_IMPACT,0.7213918596263205,2
CatBoost,text_only,REG_TEXT_PROFESSIONAL_SCIMAGOJR_ACADEMIC_IMPACT,0.7599527309315495,3
CatBoost,text_only,REG_TEXT_PROFESSIONAL_SCIMAGOJR_ACADEMIC_IMPACT,0.7783997653548255,4
LightGBM,all,REG_TEXT_PROFESSIONAL_SCIMAGOJR_ACADEMIC_IMPACT,0.8738286471337704,0
LightGBM,all,REG_TEXT_PROFESSIONAL_SCIMAGOJR_ACADEMIC_IMPACT,0.8656001121408988,1
LightGBM,all,REG_TEXT_PROFESSIONAL_SCIMAGOJR_ACADEMIC_IMPACT,0.8469586324022635,2
LightGBM,all,REG_TEXT_PROFESSIONAL_SCIMAGOJR_ACADEMIC_IMPACT,0.8496250062268041,3
LightGBM,all,REG_TEXT_PROFESSIONAL_SCIMAGOJR_ACADEMIC_IMPACT,0.8650887251115866,4
LightGBM,ft,REG_TEXT_PROFESSIONAL_SCIMAGOJR_ACADEMIC_IMPACT,0.8798357501443017,0
LightGBM,ft,REG_TEXT_PROFESSIONAL_SCIMAGOJR_ACADEMIC_IMPACT,0.8780201966521051,1
LightGBM,ft,REG_TEXT_PROFESSIONAL_SCIMAGOJR_ACADEMIC_IMPACT,0.863047959984017,2
LightGBM,ft,REG_TEXT_PROFESSIONAL_SCIMAGOJR_ACADEMIC_IMPACT,0.8564708512582914,3
LightGBM,ft,REG_TEXT_PROFESSIONAL_SCIMAGOJR_ACADEMIC_IMPACT,0.8752601371826221,4
LightGBM,no_text,REG_TEXT_PROFESSIONAL_SCIMAGOJR_ACADEMIC_IMPACT,0.7391444653563342,0
LightGBM,no_text,REG_TEXT_PROFESSIONAL_SCIMAGOJR_ACADEMIC_IMPACT,0.7730440976262922,1
LightGBM,no_text,REG_TEXT_PROFESSIONAL_SCIMAGOJR_ACADEMIC_IMPACT,0.766116894547404,2
LightGBM,no_text,REG_TEXT_PROFESSIONAL_SCIMAGOJR_ACADEMIC_IMPACT,0.7064060600601711,3
LightGBM,no_text,REG_TEXT_PROFESSIONAL_SCIMAGOJR_ACADEMIC_IMPACT,0.7231463197426382,4
LightGBM,text_only,REG_TEXT_PROFESSIONAL_SCIMAGOJR_ACADEMIC_IMPACT,0.7850334560722885,0
LightGBM,text_only,REG_TEXT_PROFESSIONAL_SCIMAGOJR_ACADEMIC_IMPACT,0.738536959726634,1
LightGBM,text_only,REG_TEXT_PROFESSIONAL_SCIMAGOJR_ACADEMIC_IMPACT,0.7124798525139028,2
LightGBM,text_only,REG_TEXT_PROFESSIONAL_SCIMAGOJR_ACADEMIC_IMPACT,0.7254308833291031,3
LightGBM,text_only,REG_TEXT_PROFESSIONAL_SCIMAGOJR_ACADEMIC_IMPACT,0.7584165268800246,4
RandomForest,all,REG_TEXT_PROFESSIONAL_SCIMAGOJR_ACADEMIC_IMPACT,0.8521889926186681,0
RandomForest,all,REG_TEXT_PROFESSIONAL_SCIMAGOJR_ACADEMIC_IMPACT,0.8359996847784222,1
RandomForest,all,REG_TEXT_PROFESSIONAL_SCIMAGOJR_ACADEMIC_IMPACT,0.8044840000874678,2
RandomForest,all,REG_TEXT_PROFESSIONAL_SCIMAGOJR_ACADEMIC_IMPACT,0.8236512426088796,3
RandomForest,all,REG_TEXT_PROFESSIONAL_SCIMAGOJR_ACADEMIC_IMPACT,0.8361757762820007,4
RandomForest,ft,REG_TEXT_PROFESSIONAL_SCIMAGOJR_ACADEMIC_IMPACT,0.8704863696354767,0
RandomForest,ft,REG_TEXT_PROFESSIONAL_SCIMAGOJR_ACADEMIC_IMPACT,0.8535070117685883,1
RandomForest,ft,REG_TEXT_PROFESSIONAL_SCIMAGOJR_ACADEMIC_IMPACT,0.8274736085433578,2
RandomForest,ft,REG_TEXT_PROFESSIONAL_SCIMAGOJR_ACADEMIC_IMPACT,0.8228921686629764,3
RandomForest,ft,REG_TEXT_PROFESSIONAL_SCIMAGOJR_ACADEMIC_IMPACT,0.8456357714313665,4
RandomForest,no_text,REG_TEXT_PROFESSIONAL_SCIMAGOJR_ACADEMIC_IMPACT,0.7363670824379871,0
RandomForest,no_text,REG_TEXT_PROFESSIONAL_SCIMAGOJR_ACADEMIC_IMPACT,0.7698326219412709,1
RandomForest,no_text,REG_TEXT_PROFESSIONAL_SCIMAGOJR_ACADEMIC_IMPACT,0.750678920308751,2
RandomForest,no_text,REG_TEXT_PROFESSIONAL_SCIMAGOJR_ACADEMIC_IMPACT,0.72481568359493,3
RandomForest,no_text,REG_TEXT_PROFESSIONAL_SCIMAGOJR_ACADEMIC_IMPACT,0.728388074264531,4
RandomForest,text_only,REG_TEXT_PROFESSIONAL_SCIMAGOJR_ACADEMIC_IMPACT,0.7478151931492362,0
RandomForest,text_only,REG_TEXT_PROFESSIONAL_SCIMAGOJR_ACADEMIC_IMPACT,0.6851258195439474,1
RandomForest,text_only,REG_TEXT_PROFESSIONAL_SCIMAGOJR_ACADEMIC_IMPACT,0.6610210915268251,2
RandomForest,text_only,REG_TEXT_PROFESSIONAL_SCIMAGOJR_ACADEMIC_IMPACT,0.699368862294306,3
RandomForest,text_only,REG_TEXT_PROFESSIONAL_SCIMAGOJR_ACADEMIC_IMPACT,0.7018837746978013,4
RealMLP,all,REG_TEXT_PROFESSIONAL_SCIMAGOJR_ACADEMIC_IMPACT,0.8174389600753784,0
RealMLP,all,REG_TEXT_PROFESSIONAL_SCIMAGOJR_ACADEMIC_IMPACT,0.8645373582839966,1
RealMLP,all,REG_TEXT_PROFESSIONAL_SCIMAGOJR_ACADEMIC_IMPACT,0.8289498090744019,2
RealMLP,all,REG_TEXT_PROFESSIONAL_SCIMAGOJR_ACADEMIC_IMPACT,0.840057373046875,3
RealMLP,all,REG_TEXT_PROFESSIONAL_SCIMAGOJR_ACADEMIC_IMPACT,0.8443741202354431,4
RealMLP,ft,REG_TEXT_PROFESSIONAL_SCIMAGOJR_ACADEMIC_IMPACT,0.8628193736076355,0
RealMLP,ft,REG_TEXT_PROFESSIONAL_SCIMAGOJR_ACADEMIC_IMPACT,0.8843114376068115,1
RealMLP,ft,REG_TEXT_PROFESSIONAL_SCIMAGOJR_ACADEMIC_IMPACT,0.8330802917480469,2
RealMLP,ft,REG_TEXT_PROFESSIONAL_SCIMAGOJR_ACADEMIC_IMPACT,0.7727614641189575,3
RealMLP,ft,REG_TEXT_PROFESSIONAL_SCIMAGOJR_ACADEMIC_IMPACT,0.8545237183570862,4
RealMLP,no_text,REG_TEXT_PROFESSIONAL_SCIMAGOJR_ACADEMIC_IMPACT,0.7361800670623779,0
RealMLP,no_text,REG_TEXT_PROFESSIONAL_SCIMAGOJR_ACADEMIC_IMPACT,0.7319309711456299,1
RealMLP,no_text,REG_TEXT_PROFESSIONAL_SCIMAGOJR_ACADEMIC_IMPACT,0.7425752878189087,2
RealMLP,no_text,REG_TEXT_PROFESSIONAL_SCIMAGOJR_ACADEMIC_IMPACT,0.6890661716461182,3
RealMLP,no_text,REG_TEXT_PROFESSIONAL_SCIMAGOJR_ACADEMIC_IMPACT,0.690483808517456,4
RealMLP,text_only,REG_TEXT_PROFESSIONAL_SCIMAGOJR_ACADEMIC_IMPACT,0.7320646643638611,0
RealMLP,text_only,REG_TEXT_PROFESSIONAL_SCIMAGOJR_ACADEMIC_IMPACT,0.7558286190032959,1
RealMLP,text_only,REG_TEXT_PROFESSIONAL_SCIMAGOJR_ACADEMIC_IMPACT,0.7500303983688354,2
RealMLP,text_only,REG_TEXT_PROFESSIONAL_SCIMAGOJR_ACADEMIC_IMPACT,0.7528852224349976,3
RealMLP,text_only,REG_TEXT_PROFESSIONAL_SCIMAGOJR_ACADEMIC_IMPACT,0.7907801866531372,4
TabDPT,all,REG_TEXT_PROFESSIONAL_SCIMAGOJR_ACADEMIC_IMPACT,0.8218505382537842,0
TabDPT,all,REG_TEXT_PROFESSIONAL_SCIMAGOJR_ACADEMIC_IMPACT,0.7690790891647339,1
TabDPT,all,REG_TEXT_PROFESSIONAL_SCIMAGOJR_ACADEMIC_IMPACT,0.7720526456832886,2
TabDPT,all,REG_TEXT_PROFESSIONAL_SCIMAGOJR_ACADEMIC_IMPACT,0.7926271557807922,3
TabDPT,all,REG_TEXT_PROFESSIONAL_SCIMAGOJR_ACADEMIC_IMPACT,0.7946698069572449,4
TabDPT,ft,REG_TEXT_PROFESSIONAL_SCIMAGOJR_ACADEMIC_IMPACT,0.8467787504196167,0
TabDPT,ft,REG_TEXT_PROFESSIONAL_SCIMAGOJR_ACADEMIC_IMPACT,0.8326374292373657,1
TabDPT,ft,REG_TEXT_PROFESSIONAL_SCIMAGOJR_ACADEMIC_IMPACT,0.8037911653518677,2
TabDPT,ft,REG_TEXT_PROFESSIONAL_SCIMAGOJR_ACADEMIC_IMPACT,0.8141937851905823,3
TabDPT,ft,REG_TEXT_PROFESSIONAL_SCIMAGOJR_ACADEMIC_IMPACT,0.8300503492355347,4
TabDPT,no_text,REG_TEXT_PROFESSIONAL_SCIMAGOJR_ACADEMIC_IMPACT,0.7659230828285217,0
TabDPT,no_text,REG_TEXT_PROFESSIONAL_SCIMAGOJR_ACADEMIC_IMPACT,0.7832218408584595,1
TabDPT,no_text,REG_TEXT_PROFESSIONAL_SCIMAGOJR_ACADEMIC_IMPACT,0.775111734867096,2
TabDPT,no_text,REG_TEXT_PROFESSIONAL_SCIMAGOJR_ACADEMIC_IMPACT,0.7577738165855408,3
TabDPT,no_text,REG_TEXT_PROFESSIONAL_SCIMAGOJR_ACADEMIC_IMPACT,0.7319767475128174,4
TabDPT,text_only,REG_TEXT_PROFESSIONAL_SCIMAGOJR_ACADEMIC_IMPACT,0.7549549341201782,0
TabDPT,text_only,REG_TEXT_PROFESSIONAL_SCIMAGOJR_ACADEMIC_IMPACT,0.6916338801383972,1
TabDPT,text_only,REG_TEXT_PROFESSIONAL_SCIMAGOJR_ACADEMIC_IMPACT,0.6780127286911011,2
TabDPT,text_only,REG_TEXT_PROFESSIONAL_SCIMAGOJR_ACADEMIC_IMPACT,0.7147555351257324,3
TabDPT,text_only,REG_TEXT_PROFESSIONAL_SCIMAGOJR_ACADEMIC_IMPACT,0.7431573271751404,4
TabICLv2,all,REG_TEXT_PROFESSIONAL_SCIMAGOJR_ACADEMIC_IMPACT,0.8798606991767883,0
TabICLv2,all,REG_TEXT_PROFESSIONAL_SCIMAGOJR_ACADEMIC_IMPACT,0.8764349222183228,1
TabICLv2,all,REG_TEXT_PROFESSIONAL_SCIMAGOJR_ACADEMIC_IMPACT,0.8706445693969727,2
TabICLv2,all,REG_TEXT_PROFESSIONAL_SCIMAGOJR_ACADEMIC_IMPACT,0.8642850518226624,3
TabICLv2,all,REG_TEXT_PROFESSIONAL_SCIMAGOJR_ACADEMIC_IMPACT,0.8529258370399475,4
TabICLv2,ft,REG_TEXT_PROFESSIONAL_SCIMAGOJR_ACADEMIC_IMPACT,0.8908699750900269,0
TabICLv2,ft,REG_TEXT_PROFESSIONAL_SCIMAGOJR_ACADEMIC_IMPACT,0.8889269828796387,1
TabICLv2,ft,REG_TEXT_PROFESSIONAL_SCIMAGOJR_ACADEMIC_IMPACT,0.8684192299842834,2
TabICLv2,ft,REG_TEXT_PROFESSIONAL_SCIMAGOJR_ACADEMIC_IMPACT,0.8715118169784546,3
TabICLv2,ft,REG_TEXT_PROFESSIONAL_SCIMAGOJR_ACADEMIC_IMPACT,0.8627334237098694,4
TabICLv2,no_text,REG_TEXT_PROFESSIONAL_SCIMAGOJR_ACADEMIC_IMPACT,0.7796077728271484,0
TabICLv2,no_text,REG_TEXT_PROFESSIONAL_SCIMAGOJR_ACADEMIC_IMPACT,0.8041828870773315,1
TabICLv2,no_text,REG_TEXT_PROFESSIONAL_SCIMAGOJR_ACADEMIC_IMPACT,0.7945142984390259,2
TabICLv2,no_text,REG_TEXT_PROFESSIONAL_SCIMAGOJR_ACADEMIC_IMPACT,0.7710057497024536,3
TabICLv2,no_text,REG_TEXT_PROFESSIONAL_SCIMAGOJR_ACADEMIC_IMPACT,0.7386077642440796,4
TabICLv2,text_only,REG_TEXT_PROFESSIONAL_SCIMAGOJR_ACADEMIC_IMPACT,0.7923095226287842,0
TabICLv2,text_only,REG_TEXT_PROFESSIONAL_SCIMAGOJR_ACADEMIC_IMPACT,0.748924970626831,1
TabICLv2,text_only,REG_TEXT_PROFESSIONAL_SCIMAGOJR_ACADEMIC_IMPACT,0.750220775604248,2
TabICLv2,text_only,REG_TEXT_PROFESSIONAL_SCIMAGOJR_ACADEMIC_IMPACT,0.7533466815948486,3
TabICLv2,text_only,REG_TEXT_PROFESSIONAL_SCIMAGOJR_ACADEMIC_IMPACT,0.7728506922721863,4
TabM,all,REG_TEXT_PROFESSIONAL_SCIMAGOJR_ACADEMIC_IMPACT,0.892996072769165,0
TabM,all,REG_TEXT_PROFESSIONAL_SCIMAGOJR_ACADEMIC_IMPACT,0.8854573965072632,1
TabM,all,REG_TEXT_PROFESSIONAL_SCIMAGOJR_ACADEMIC_IMPACT,0.8759537935256958,2
TabM,all,REG_TEXT_PROFESSIONAL_SCIMAGOJR_ACADEMIC_IMPACT,0.8644300699234009,3
TabM,all,REG_TEXT_PROFESSIONAL_SCIMAGOJR_ACADEMIC_IMPACT,0.8807348608970642,4
TabM,ft,REG_TEXT_PROFESSIONAL_SCIMAGOJR_ACADEMIC_IMPACT,0.8955624103546143,0
TabM,ft,REG_TEXT_PROFESSIONAL_SCIMAGOJR_ACADEMIC_IMPACT,0.88975989818573,1
TabM,ft,REG_TEXT_PROFESSIONAL_SCIMAGOJR_ACADEMIC_IMPACT,0.876074492931366,2
TabM,ft,REG_TEXT_PROFESSIONAL_SCIMAGOJR_ACADEMIC_IMPACT,0.880990743637085,3
TabM,ft,REG_TEXT_PROFESSIONAL_SCIMAGOJR_ACADEMIC_IMPACT,0.8829176425933838,4
TabM,no_text,REG_TEXT_PROFESSIONAL_SCIMAGOJR_ACADEMIC_IMPACT,0.7661569714546204,0
TabM,no_text,REG_TEXT_PROFESSIONAL_SCIMAGOJR_ACADEMIC_IMPACT,0.7517741322517395,1
TabM,no_text,REG_TEXT_PROFESSIONAL_SCIMAGOJR_ACADEMIC_IMPACT,0.7602121233940125,2
TabM,no_text,REG_TEXT_PROFESSIONAL_SCIMAGOJR_ACADEMIC_IMPACT,0.7448074221611023,3
TabM,no_text,REG_TEXT_PROFESSIONAL_SCIMAGOJR_ACADEMIC_IMPACT,0.7352206707000732,4
TabM,text_only,REG_TEXT_PROFESSIONAL_SCIMAGOJR_ACADEMIC_IMPACT,0.8129218816757202,0
TabM,text_only,REG_TEXT_PROFESSIONAL_SCIMAGOJR_ACADEMIC_IMPACT,0.7810236215591431,1
TabM,text_only,REG_TEXT_PROFESSIONAL_SCIMAGOJR_ACADEMIC_IMPACT,0.7546072602272034,2
TabM,text_only,REG_TEXT_PROFESSIONAL_SCIMAGOJR_ACADEMIC_IMPACT,0.7579270005226135,3
TabM,text_only,REG_TEXT_PROFESSIONAL_SCIMAGOJR_ACADEMIC_IMPACT,0.7942020893096924,4
TabPFN-2.5,all,REG_TEXT_PROFESSIONAL_SCIMAGOJR_ACADEMIC_IMPACT,0.8951468467712402,0
TabPFN-2.5,all,REG_TEXT_PROFESSIONAL_SCIMAGOJR_ACADEMIC_IMPACT,0.9052921533584596,1
TabPFN-2.5,all,REG_TEXT_PROFESSIONAL_SCIMAGOJR_ACADEMIC_IMPACT,0.8830306529998779,2
TabPFN-2.5,all,REG_TEXT_PROFESSIONAL_SCIMAGOJR_ACADEMIC_IMPACT,0.8186516165733337,3
TabPFN-2.5,all,REG_TEXT_PROFESSIONAL_SCIMAGOJR_ACADEMIC_IMPACT,0.8909726738929749,4
TabPFN-2.5,ft,REG_TEXT_PROFESSIONAL_SCIMAGOJR_ACADEMIC_IMPACT,0.9018827080726624,0
TabPFN-2.5,ft,REG_TEXT_PROFESSIONAL_SCIMAGOJR_ACADEMIC_IMPACT,0.9054014682769777,1
TabPFN-2.5,ft,REG_TEXT_PROFESSIONAL_SCIMAGOJR_ACADEMIC_IMPACT,0.8850245475769043,2
TabPFN-2.5,ft,REG_TEXT_PROFESSIONAL_SCIMAGOJR_ACADEMIC_IMPACT,0.8607472777366638,3
TabPFN-2.5,ft,REG_TEXT_PROFESSIONAL_SCIMAGOJR_ACADEMIC_IMPACT,0.8904518485069275,4
TabPFN-2.5,no_text,REG_TEXT_PROFESSIONAL_SCIMAGOJR_ACADEMIC_IMPACT,0.7728853225708008,0
TabPFN-2.5,no_text,REG_TEXT_PROFESSIONAL_SCIMAGOJR_ACADEMIC_IMPACT,0.8041862845420837,1
TabPFN-2.5,no_text,REG_TEXT_PROFESSIONAL_SCIMAGOJR_ACADEMIC_IMPACT,0.7668926119804382,2
TabPFN-2.5,no_text,REG_TEXT_PROFESSIONAL_SCIMAGOJR_ACADEMIC_IMPACT,0.6577551364898682,3
TabPFN-2.5,no_text,REG_TEXT_PROFESSIONAL_SCIMAGOJR_ACADEMIC_IMPACT,0.7445188760757446,4
TabPFN-2.5,text_only,REG_TEXT_PROFESSIONAL_SCIMAGOJR_ACADEMIC_IMPACT,0.810329794883728,0
TabPFN-2.5,text_only,REG_TEXT_PROFESSIONAL_SCIMAGOJR_ACADEMIC_IMPACT,0.8144534826278687,1
TabPFN-2.5,text_only,REG_TEXT_PROFESSIONAL_SCIMAGOJR_ACADEMIC_IMPACT,0.7739533185958862,2
TabPFN-2.5,text_only,REG_TEXT_PROFESSIONAL_SCIMAGOJR_ACADEMIC_IMPACT,0.7928062677383423,3
TabPFN-2.5,text_only,REG_TEXT_PROFESSIONAL_SCIMAGOJR_ACADEMIC_IMPACT,0.802687406539917,4
TabPFNv2,all,REG_TEXT_PROFESSIONAL_SCIMAGOJR_ACADEMIC_IMPACT,0.8960999846458435,0
TabPFNv2,all,REG_TEXT_PROFESSIONAL_SCIMAGOJR_ACADEMIC_IMPACT,0.8744851350784302,1
TabPFNv2,all,REG_TEXT_PROFESSIONAL_SCIMAGOJR_ACADEMIC_IMPACT,0.874548077583313,2
TabPFNv2,all,REG_TEXT_PROFESSIONAL_SCIMAGOJR_ACADEMIC_IMPACT,0.8764578700065613,3
TabPFNv2,all,REG_TEXT_PROFESSIONAL_SCIMAGOJR_ACADEMIC_IMPACT,0.8681476712226868,4
TabPFNv2,ft,REG_TEXT_PROFESSIONAL_SCIMAGOJR_ACADEMIC_IMPACT,0.9025190472602844,0
TabPFNv2,ft,REG_TEXT_PROFESSIONAL_SCIMAGOJR_ACADEMIC_IMPACT,0.8750834465026855,1
TabPFNv2,ft,REG_TEXT_PROFESSIONAL_SCIMAGOJR_ACADEMIC_IMPACT,0.8734604716300964,2
TabPFNv2,ft,REG_TEXT_PROFESSIONAL_SCIMAGOJR_ACADEMIC_IMPACT,0.879040002822876,3
TabPFNv2,ft,REG_TEXT_PROFESSIONAL_SCIMAGOJR_ACADEMIC_IMPACT,0.8715565800666809,4
TabPFNv2,no_text,REG_TEXT_PROFESSIONAL_SCIMAGOJR_ACADEMIC_IMPACT,0.7682002186775208,0
TabPFNv2,no_text,REG_TEXT_PROFESSIONAL_SCIMAGOJR_ACADEMIC_IMPACT,0.7800219058990479,1
TabPFNv2,no_text,REG_TEXT_PROFESSIONAL_SCIMAGOJR_ACADEMIC_IMPACT,0.7881515026092529,2
TabPFNv2,no_text,REG_TEXT_PROFESSIONAL_SCIMAGOJR_ACADEMIC_IMPACT,0.7691507339477539,3
TabPFNv2,no_text,REG_TEXT_PROFESSIONAL_SCIMAGOJR_ACADEMIC_IMPACT,0.7355526685714722,4
TabPFNv2,text_only,REG_TEXT_PROFESSIONAL_SCIMAGOJR_ACADEMIC_IMPACT,0.8090322613716125,0
TabPFNv2,text_only,REG_TEXT_PROFESSIONAL_SCIMAGOJR_ACADEMIC_IMPACT,0.7705935835838318,1
TabPFNv2,text_only,REG_TEXT_PROFESSIONAL_SCIMAGOJR_ACADEMIC_IMPACT,0.745311975479126,2
TabPFNv2,text_only,REG_TEXT_PROFESSIONAL_SCIMAGOJR_ACADEMIC_IMPACT,0.7615143060684204,3
TabPFNv2,text_only,REG_TEXT_PROFESSIONAL_SCIMAGOJR_ACADEMIC_IMPACT,0.7783025503158569,4
XGBoost,all,REG_TEXT_PROFESSIONAL_SCIMAGOJR_ACADEMIC_IMPACT,0.8552256226539612,0
XGBoost,all,REG_TEXT_PROFESSIONAL_SCIMAGOJR_ACADEMIC_IMPACT,0.8268419504165649,1
XGBoost,all,REG_TEXT_PROFESSIONAL_SCIMAGOJR_ACADEMIC_IMPACT,0.8152815103530884,2
XGBoost,all,REG_TEXT_PROFESSIONAL_SCIMAGOJR_ACADEMIC_IMPACT,0.8381743431091309,3
XGBoost,all,REG_TEXT_PROFESSIONAL_SCIMAGOJR_ACADEMIC_IMPACT,0.8316373229026794,4
XGBoost,ft,REG_TEXT_PROFESSIONAL_SCIMAGOJR_ACADEMIC_IMPACT,0.8672501444816589,0
XGBoost,ft,REG_TEXT_PROFESSIONAL_SCIMAGOJR_ACADEMIC_IMPACT,0.8379709124565125,1
XGBoost,ft,REG_TEXT_PROFESSIONAL_SCIMAGOJR_ACADEMIC_IMPACT,0.8423828482627869,2
XGBoost,ft,REG_TEXT_PROFESSIONAL_SCIMAGOJR_ACADEMIC_IMPACT,0.8512135744094849,3
XGBoost,ft,REG_TEXT_PROFESSIONAL_SCIMAGOJR_ACADEMIC_IMPACT,0.8401250839233398,4
XGBoost,no_text,REG_TEXT_PROFESSIONAL_SCIMAGOJR_ACADEMIC_IMPACT,0.7108690142631531,0
XGBoost,no_text,REG_TEXT_PROFESSIONAL_SCIMAGOJR_ACADEMIC_IMPACT,0.7558031678199768,1
XGBoost,no_text,REG_TEXT_PROFESSIONAL_SCIMAGOJR_ACADEMIC_IMPACT,0.7474836111068726,2
XGBoost,no_text,REG_TEXT_PROFESSIONAL_SCIMAGOJR_ACADEMIC_IMPACT,0.6882574558258057,3
XGBoost,no_text,REG_TEXT_PROFESSIONAL_SCIMAGOJR_ACADEMIC_IMPACT,0.7078280448913574,4
XGBoost,text_only,REG_TEXT_PROFESSIONAL_SCIMAGOJR_ACADEMIC_IMPACT,0.7453912496566772,0
XGBoost,text_only,REG_TEXT_PROFESSIONAL_SCIMAGOJR_ACADEMIC_IMPACT,0.6628457307815552,1
XGBoost,text_only,REG_TEXT_PROFESSIONAL_SCIMAGOJR_ACADEMIC_IMPACT,0.6677019000053406,2
XGBoost,text_only,REG_TEXT_PROFESSIONAL_SCIMAGOJR_ACADEMIC_IMPACT,0.71563720703125,3
XGBoost,text_only,REG_TEXT_PROFESSIONAL_SCIMAGOJR_ACADEMIC_IMPACT,0.7096205949783325,4
CatBoost,all,REG_TEXT_SOCIAL_ANIME_PLANET_RATING,0.7261508167067539,0
CatBoost,all,REG_TEXT_SOCIAL_ANIME_PLANET_RATING,0.7460636655994684,1
CatBoost,all,REG_TEXT_SOCIAL_ANIME_PLANET_RATING,0.746230389491357,2
CatBoost,all,REG_TEXT_SOCIAL_ANIME_PLANET_RATING,0.7502867952137583,3
CatBoost,all,REG_TEXT_SOCIAL_ANIME_PLANET_RATING,0.7398398973447016,4
CatBoost,ft,REG_TEXT_SOCIAL_ANIME_PLANET_RATING,0.7013921086665207,0
CatBoost,ft,REG_TEXT_SOCIAL_ANIME_PLANET_RATING,0.7258997415597791,1
CatBoost,ft,REG_TEXT_SOCIAL_ANIME_PLANET_RATING,0.7240959234333539,2
CatBoost,ft,REG_TEXT_SOCIAL_ANIME_PLANET_RATING,0.7352156766674106,3
CatBoost,ft,REG_TEXT_SOCIAL_ANIME_PLANET_RATING,0.7323248553713436,4
CatBoost,no_text,REG_TEXT_SOCIAL_ANIME_PLANET_RATING,0.6370528630606952,0
CatBoost,no_text,REG_TEXT_SOCIAL_ANIME_PLANET_RATING,0.651882140982744,1
CatBoost,no_text,REG_TEXT_SOCIAL_ANIME_PLANET_RATING,0.6816337492301201,2
CatBoost,no_text,REG_TEXT_SOCIAL_ANIME_PLANET_RATING,0.6557725104947971,3
CatBoost,no_text,REG_TEXT_SOCIAL_ANIME_PLANET_RATING,0.6736777256013604,4
CatBoost,text_only,REG_TEXT_SOCIAL_ANIME_PLANET_RATING,0.6090594518143584,0
CatBoost,text_only,REG_TEXT_SOCIAL_ANIME_PLANET_RATING,0.6215844838942006,1
CatBoost,text_only,REG_TEXT_SOCIAL_ANIME_PLANET_RATING,0.6193989079467344,2
CatBoost,text_only,REG_TEXT_SOCIAL_ANIME_PLANET_RATING,0.6239161779873617,3
CatBoost,text_only,REG_TEXT_SOCIAL_ANIME_PLANET_RATING,0.6028199909501417,4
LightGBM,all,REG_TEXT_SOCIAL_ANIME_PLANET_RATING,0.7036043998967227,0
LightGBM,all,REG_TEXT_SOCIAL_ANIME_PLANET_RATING,0.7301473002556654,1
LightGBM,all,REG_TEXT_SOCIAL_ANIME_PLANET_RATING,0.7293018046319282,2
LightGBM,all,REG_TEXT_SOCIAL_ANIME_PLANET_RATING,0.7352848473858404,3
LightGBM,all,REG_TEXT_SOCIAL_ANIME_PLANET_RATING,0.7235419515895698,4
LightGBM,ft,REG_TEXT_SOCIAL_ANIME_PLANET_RATING,0.6925434700183906,0
LightGBM,ft,REG_TEXT_SOCIAL_ANIME_PLANET_RATING,0.7131843191421389,1
LightGBM,ft,REG_TEXT_SOCIAL_ANIME_PLANET_RATING,0.7194444204325049,2
LightGBM,ft,REG_TEXT_SOCIAL_ANIME_PLANET_RATING,0.715284017910406,3
LightGBM,ft,REG_TEXT_SOCIAL_ANIME_PLANET_RATING,0.7129881811809944,4
LightGBM,no_text,REG_TEXT_SOCIAL_ANIME_PLANET_RATING,0.6368285025373921,0
LightGBM,no_text,REG_TEXT_SOCIAL_ANIME_PLANET_RATING,0.65043005047588,1
LightGBM,no_text,REG_TEXT_SOCIAL_ANIME_PLANET_RATING,0.6775728671226892,2
LightGBM,no_text,REG_TEXT_SOCIAL_ANIME_PLANET_RATING,0.6490334073940363,3
LightGBM,no_text,REG_TEXT_SOCIAL_ANIME_PLANET_RATING,0.6682902119145365,4
LightGBM,text_only,REG_TEXT_SOCIAL_ANIME_PLANET_RATING,0.5944162238733587,0
LightGBM,text_only,REG_TEXT_SOCIAL_ANIME_PLANET_RATING,0.5875142645552447,1
LightGBM,text_only,REG_TEXT_SOCIAL_ANIME_PLANET_RATING,0.5927473999146113,2
LightGBM,text_only,REG_TEXT_SOCIAL_ANIME_PLANET_RATING,0.5915594956571734,3
LightGBM,text_only,REG_TEXT_SOCIAL_ANIME_PLANET_RATING,0.5807380756064451,4
RandomForest,all,REG_TEXT_SOCIAL_ANIME_PLANET_RATING,0.6732109183490691,0
RandomForest,all,REG_TEXT_SOCIAL_ANIME_PLANET_RATING,0.6847099825256415,1
RandomForest,all,REG_TEXT_SOCIAL_ANIME_PLANET_RATING,0.6899276897491753,2
RandomForest,all,REG_TEXT_SOCIAL_ANIME_PLANET_RATING,0.687345173607614,3
RandomForest,all,REG_TEXT_SOCIAL_ANIME_PLANET_RATING,0.6914032408120231,4
RandomForest,ft,REG_TEXT_SOCIAL_ANIME_PLANET_RATING,0.6711672933651336,0
RandomForest,ft,REG_TEXT_SOCIAL_ANIME_PLANET_RATING,0.6648264959705426,1
RandomForest,ft,REG_TEXT_SOCIAL_ANIME_PLANET_RATING,0.6684491113739219,2
RandomForest,ft,REG_TEXT_SOCIAL_ANIME_PLANET_RATING,0.6786151529743222,3
RandomForest,ft,REG_TEXT_SOCIAL_ANIME_PLANET_RATING,0.6790813042730164,4
RandomForest,no_text,REG_TEXT_SOCIAL_ANIME_PLANET_RATING,0.5978907505211316,0
RandomForest,no_text,REG_TEXT_SOCIAL_ANIME_PLANET_RATING,0.6110122609682728,1
RandomForest,no_text,REG_TEXT_SOCIAL_ANIME_PLANET_RATING,0.6424567328006949,2
RandomForest,no_text,REG_TEXT_SOCIAL_ANIME_PLANET_RATING,0.5872145338430648,3
RandomForest,no_text,REG_TEXT_SOCIAL_ANIME_PLANET_RATING,0.6285395743190052,4
RandomForest,text_only,REG_TEXT_SOCIAL_ANIME_PLANET_RATING,0.5662048467038248,0
RandomForest,text_only,REG_TEXT_SOCIAL_ANIME_PLANET_RATING,0.5754746084753324,1
RandomForest,text_only,REG_TEXT_SOCIAL_ANIME_PLANET_RATING,0.5745522279306081,2
RandomForest,text_only,REG_TEXT_SOCIAL_ANIME_PLANET_RATING,0.566577292556879,3
RandomForest,text_only,REG_TEXT_SOCIAL_ANIME_PLANET_RATING,0.5492220360717002,4
RealMLP,all,REG_TEXT_SOCIAL_ANIME_PLANET_RATING,0.6951344093983276,0
RealMLP,all,REG_TEXT_SOCIAL_ANIME_PLANET_RATING,0.7031259401736698,1
RealMLP,all,REG_TEXT_SOCIAL_ANIME_PLANET_RATING,0.6922329169155274,2
RealMLP,all,REG_TEXT_SOCIAL_ANIME_PLANET_RATING,0.7186404722893394,3
RealMLP,all,REG_TEXT_SOCIAL_ANIME_PLANET_RATING,0.7127431420768111,4
RealMLP,ft,REG_TEXT_SOCIAL_ANIME_PLANET_RATING,0.675139208884117,0
RealMLP,ft,REG_TEXT_SOCIAL_ANIME_PLANET_RATING,0.6733458291772472,1
RealMLP,ft,REG_TEXT_SOCIAL_ANIME_PLANET_RATING,0.6732278756907928,2
RealMLP,ft,REG_TEXT_SOCIAL_ANIME_PLANET_RATING,0.6864012061458149,3
RealMLP,ft,REG_TEXT_SOCIAL_ANIME_PLANET_RATING,0.6992957146520413,4
RealMLP,no_text,REG_TEXT_SOCIAL_ANIME_PLANET_RATING,0.6292840503263943,0
RealMLP,no_text,REG_TEXT_SOCIAL_ANIME_PLANET_RATING,0.6465003818603696,1
RealMLP,no_text,REG_TEXT_SOCIAL_ANIME_PLANET_RATING,0.6670162024006041,2
RealMLP,no_text,REG_TEXT_SOCIAL_ANIME_PLANET_RATING,0.6423652417690917,3
RealMLP,no_text,REG_TEXT_SOCIAL_ANIME_PLANET_RATING,0.6658706819992868,4
RealMLP,text_only,REG_TEXT_SOCIAL_ANIME_PLANET_RATING,0.5714509638365388,0
RealMLP,text_only,REG_TEXT_SOCIAL_ANIME_PLANET_RATING,0.5908507584900811,1
RealMLP,text_only,REG_TEXT_SOCIAL_ANIME_PLANET_RATING,0.5499558576712084,2
RealMLP,text_only,REG_TEXT_SOCIAL_ANIME_PLANET_RATING,0.5828251627582611,3
RealMLP,text_only,REG_TEXT_SOCIAL_ANIME_PLANET_RATING,0.5622565872089451,4
TabDPT,all,REG_TEXT_SOCIAL_ANIME_PLANET_RATING,0.5928795765781191,0
TabDPT,all,REG_TEXT_SOCIAL_ANIME_PLANET_RATING,0.5997941704973255,1
TabDPT,all,REG_TEXT_SOCIAL_ANIME_PLANET_RATING,0.6018418718887413,2
TabDPT,all,REG_TEXT_SOCIAL_ANIME_PLANET_RATING,0.6142241269220025,3
TabDPT,all,REG_TEXT_SOCIAL_ANIME_PLANET_RATING,0.6025245773823196,4
TabDPT,ft,REG_TEXT_SOCIAL_ANIME_PLANET_RATING,0.612582366093354,0
TabDPT,ft,REG_TEXT_SOCIAL_ANIME_PLANET_RATING,0.6260350345672754,1
TabDPT,ft,REG_TEXT_SOCIAL_ANIME_PLANET_RATING,0.6150316988258215,2
TabDPT,ft,REG_TEXT_SOCIAL_ANIME_PLANET_RATING,0.6233141681582783,3
TabDPT,ft,REG_TEXT_SOCIAL_ANIME_PLANET_RATING,0.6130846600938202,4
TabDPT,no_text,REG_TEXT_SOCIAL_ANIME_PLANET_RATING,0.6472990361530357,0
TabDPT,no_text,REG_TEXT_SOCIAL_ANIME_PLANET_RATING,0.6611758786354185,1
TabDPT,no_text,REG_TEXT_SOCIAL_ANIME_PLANET_RATING,0.684023405336458,2
TabDPT,no_text,REG_TEXT_SOCIAL_ANIME_PLANET_RATING,0.6603117654120987,3
TabDPT,no_text,REG_TEXT_SOCIAL_ANIME_PLANET_RATING,0.6803061820005549,4
TabDPT,text_only,REG_TEXT_SOCIAL_ANIME_PLANET_RATING,0.560747717790824,0
TabDPT,text_only,REG_TEXT_SOCIAL_ANIME_PLANET_RATING,0.5786540599914012,1
TabDPT,text_only,REG_TEXT_SOCIAL_ANIME_PLANET_RATING,0.5613672099742031,2
TabDPT,text_only,REG_TEXT_SOCIAL_ANIME_PLANET_RATING,0.5948812206975422,3
TabDPT,text_only,REG_TEXT_SOCIAL_ANIME_PLANET_RATING,0.56919218163455,4
TabICLv2,all,REG_TEXT_SOCIAL_ANIME_PLANET_RATING,0.7494796738618169,0
TabICLv2,all,REG_TEXT_SOCIAL_ANIME_PLANET_RATING,0.7845692738572605,1
TabICLv2,all,REG_TEXT_SOCIAL_ANIME_PLANET_RATING,0.7672285702815785,2
TabICLv2,all,REG_TEXT_SOCIAL_ANIME_PLANET_RATING,0.7855151787132778,3
TabICLv2,all,REG_TEXT_SOCIAL_ANIME_PLANET_RATING,0.7679389684001244,4
TabICLv2,ft,REG_TEXT_SOCIAL_ANIME_PLANET_RATING,0.7317250249372838,0
TabICLv2,ft,REG_TEXT_SOCIAL_ANIME_PLANET_RATING,0.744927114453116,1
TabICLv2,ft,REG_TEXT_SOCIAL_ANIME_PLANET_RATING,0.7312834196546536,2
TabICLv2,ft,REG_TEXT_SOCIAL_ANIME_PLANET_RATING,0.7556185467055156,3
TabICLv2,ft,REG_TEXT_SOCIAL_ANIME_PLANET_RATING,0.7482721688662839,4
TabICLv2,no_text,REG_TEXT_SOCIAL_ANIME_PLANET_RATING,0.6482729143847901,0
TabICLv2,no_text,REG_TEXT_SOCIAL_ANIME_PLANET_RATING,0.6614309081200008,1
TabICLv2,no_text,REG_TEXT_SOCIAL_ANIME_PLANET_RATING,0.6866100831324694,2
TabICLv2,no_text,REG_TEXT_SOCIAL_ANIME_PLANET_RATING,0.6675227025183402,3
TabICLv2,no_text,REG_TEXT_SOCIAL_ANIME_PLANET_RATING,0.6821405536380107,4
TabICLv2,text_only,REG_TEXT_SOCIAL_ANIME_PLANET_RATING,0.6458313551759385,0
TabICLv2,text_only,REG_TEXT_SOCIAL_ANIME_PLANET_RATING,0.667779510875237,1
TabICLv2,text_only,REG_TEXT_SOCIAL_ANIME_PLANET_RATING,0.6564504499457803,2
TabICLv2,text_only,REG_TEXT_SOCIAL_ANIME_PLANET_RATING,0.6660786353985721,3
TabICLv2,text_only,REG_TEXT_SOCIAL_ANIME_PLANET_RATING,0.6404618856735996,4
TabM,all,REG_TEXT_SOCIAL_ANIME_PLANET_RATING,0.7401990688417164,0
TabM,all,REG_TEXT_SOCIAL_ANIME_PLANET_RATING,0.7606362320001836,1
TabM,all,REG_TEXT_SOCIAL_ANIME_PLANET_RATING,0.7586505702235882,2
TabM,all,REG_TEXT_SOCIAL_ANIME_PLANET_RATING,0.7741308367568871,3
TabM,all,REG_TEXT_SOCIAL_ANIME_PLANET_RATING,0.7658906655900224,4
TabM,ft,REG_TEXT_SOCIAL_ANIME_PLANET_RATING,0.7280515697364462,0
TabM,ft,REG_TEXT_SOCIAL_ANIME_PLANET_RATING,0.7416213221756293,1
TabM,ft,REG_TEXT_SOCIAL_ANIME_PLANET_RATING,0.7466644709322656,2
TabM,ft,REG_TEXT_SOCIAL_ANIME_PLANET_RATING,0.7503937648533419,3
TabM,ft,REG_TEXT_SOCIAL_ANIME_PLANET_RATING,0.7502960110196564,4
TabM,no_text,REG_TEXT_SOCIAL_ANIME_PLANET_RATING,0.6349598840505559,0
TabM,no_text,REG_TEXT_SOCIAL_ANIME_PLANET_RATING,0.6476430622983462,1
TabM,no_text,REG_TEXT_SOCIAL_ANIME_PLANET_RATING,0.6740404518082902,2
TabM,no_text,REG_TEXT_SOCIAL_ANIME_PLANET_RATING,0.6521068756372036,3
TabM,no_text,REG_TEXT_SOCIAL_ANIME_PLANET_RATING,0.6697477052510947,4
TabM,text_only,REG_TEXT_SOCIAL_ANIME_PLANET_RATING,0.6217352022502397,0
TabM,text_only,REG_TEXT_SOCIAL_ANIME_PLANET_RATING,0.629018775559307,1
TabM,text_only,REG_TEXT_SOCIAL_ANIME_PLANET_RATING,0.6268973558114239,2
TabM,text_only,REG_TEXT_SOCIAL_ANIME_PLANET_RATING,0.6401066017387651,3
TabM,text_only,REG_TEXT_SOCIAL_ANIME_PLANET_RATING,0.6242275530285437,4
TabPFN-2.5,all,REG_TEXT_SOCIAL_ANIME_PLANET_RATING,0.7476492241828834,0
TabPFN-2.5,all,REG_TEXT_SOCIAL_ANIME_PLANET_RATING,0.7706950927686508,1
TabPFN-2.5,all,REG_TEXT_SOCIAL_ANIME_PLANET_RATING,0.7747265068620991,2
TabPFN-2.5,all,REG_TEXT_SOCIAL_ANIME_PLANET_RATING,0.7844875943647935,3
TabPFN-2.5,all,REG_TEXT_SOCIAL_ANIME_PLANET_RATING,0.7747511490797797,4
TabPFN-2.5,ft,REG_TEXT_SOCIAL_ANIME_PLANET_RATING,0.7368110056716806,0
TabPFN-2.5,ft,REG_TEXT_SOCIAL_ANIME_PLANET_RATING,0.7642222500968554,1
TabPFN-2.5,ft,REG_TEXT_SOCIAL_ANIME_PLANET_RATING,0.7703664257688035,2
TabPFN-2.5,ft,REG_TEXT_SOCIAL_ANIME_PLANET_RATING,0.7649404984147122,3
TabPFN-2.5,ft,REG_TEXT_SOCIAL_ANIME_PLANET_RATING,0.7578061326832601,4
TabPFN-2.5,no_text,REG_TEXT_SOCIAL_ANIME_PLANET_RATING,0.6476003683386315,0
TabPFN-2.5,no_text,REG_TEXT_SOCIAL_ANIME_PLANET_RATING,0.6576765073055824,1
TabPFN-2.5,no_text,REG_TEXT_SOCIAL_ANIME_PLANET_RATING,0.6860260240948345,2
TabPFN-2.5,no_text,REG_TEXT_SOCIAL_ANIME_PLANET_RATING,0.6629077109225193,3
TabPFN-2.5,no_text,REG_TEXT_SOCIAL_ANIME_PLANET_RATING,0.6791386196089233,4
TabPFN-2.5,text_only,REG_TEXT_SOCIAL_ANIME_PLANET_RATING,0.6361810928410202,0
TabPFN-2.5,text_only,REG_TEXT_SOCIAL_ANIME_PLANET_RATING,0.6544606394537018,1
TabPFN-2.5,text_only,REG_TEXT_SOCIAL_ANIME_PLANET_RATING,0.6504341889492359,2
TabPFN-2.5,text_only,REG_TEXT_SOCIAL_ANIME_PLANET_RATING,0.6432476853268027,3
TabPFN-2.5,text_only,REG_TEXT_SOCIAL_ANIME_PLANET_RATING,0.6266786291479249,4
TabPFNv2,all,REG_TEXT_SOCIAL_ANIME_PLANET_RATING,0.7243185401948937,0
TabPFNv2,all,REG_TEXT_SOCIAL_ANIME_PLANET_RATING,0.7479169924116074,1
TabPFNv2,all,REG_TEXT_SOCIAL_ANIME_PLANET_RATING,0.7557740187605795,2
TabPFNv2,all,REG_TEXT_SOCIAL_ANIME_PLANET_RATING,0.7623710697035028,3
TabPFNv2,all,REG_TEXT_SOCIAL_ANIME_PLANET_RATING,0.7612753767268085,4
TabPFNv2,ft,REG_TEXT_SOCIAL_ANIME_PLANET_RATING,0.7185561366437181,0
TabPFNv2,ft,REG_TEXT_SOCIAL_ANIME_PLANET_RATING,0.740688732000227,1
TabPFNv2,ft,REG_TEXT_SOCIAL_ANIME_PLANET_RATING,0.744612644415529,2
TabPFNv2,ft,REG_TEXT_SOCIAL_ANIME_PLANET_RATING,0.7401265536525395,3
TabPFNv2,ft,REG_TEXT_SOCIAL_ANIME_PLANET_RATING,0.7436970372606632,4
TabPFNv2,no_text,REG_TEXT_SOCIAL_ANIME_PLANET_RATING,0.6449127450585391,0
TabPFNv2,no_text,REG_TEXT_SOCIAL_ANIME_PLANET_RATING,0.6578098745733947,1
TabPFNv2,no_text,REG_TEXT_SOCIAL_ANIME_PLANET_RATING,0.6869557103282,2
TabPFNv2,no_text,REG_TEXT_SOCIAL_ANIME_PLANET_RATING,0.6590037597616618,3
TabPFNv2,no_text,REG_TEXT_SOCIAL_ANIME_PLANET_RATING,0.6785444669104534,4
TabPFNv2,text_only,REG_TEXT_SOCIAL_ANIME_PLANET_RATING,0.5973119644501997,0
TabPFNv2,text_only,REG_TEXT_SOCIAL_ANIME_PLANET_RATING,0.6175347509217897,1
TabPFNv2,text_only,REG_TEXT_SOCIAL_ANIME_PLANET_RATING,0.6102572182672049,2
TabPFNv2,text_only,REG_TEXT_SOCIAL_ANIME_PLANET_RATING,0.6081278383998705,3
TabPFNv2,text_only,REG_TEXT_SOCIAL_ANIME_PLANET_RATING,0.5907089709169354,4
XGBoost,all,REG_TEXT_SOCIAL_ANIME_PLANET_RATING,0.677425814091409,0
XGBoost,all,REG_TEXT_SOCIAL_ANIME_PLANET_RATING,0.7025039110021641,1
XGBoost,all,REG_TEXT_SOCIAL_ANIME_PLANET_RATING,0.698558353264805,2
XGBoost,all,REG_TEXT_SOCIAL_ANIME_PLANET_RATING,0.6995528747541704,3
XGBoost,all,REG_TEXT_SOCIAL_ANIME_PLANET_RATING,0.6985760480048466,4
XGBoost,ft,REG_TEXT_SOCIAL_ANIME_PLANET_RATING,0.6564669836580593,0
XGBoost,ft,REG_TEXT_SOCIAL_ANIME_PLANET_RATING,0.692298595405065,1
XGBoost,ft,REG_TEXT_SOCIAL_ANIME_PLANET_RATING,0.6786203875913925,2
XGBoost,ft,REG_TEXT_SOCIAL_ANIME_PLANET_RATING,0.6879428332547691,3
XGBoost,ft,REG_TEXT_SOCIAL_ANIME_PLANET_RATING,0.6912123686836993,4
XGBoost,no_text,REG_TEXT_SOCIAL_ANIME_PLANET_RATING,0.627755455461686,0
XGBoost,no_text,REG_TEXT_SOCIAL_ANIME_PLANET_RATING,0.640614378694822,1
XGBoost,no_text,REG_TEXT_SOCIAL_ANIME_PLANET_RATING,0.668401564242703,2
XGBoost,no_text,REG_TEXT_SOCIAL_ANIME_PLANET_RATING,0.6383256895719507,3
XGBoost,no_text,REG_TEXT_SOCIAL_ANIME_PLANET_RATING,0.6573076676789428,4
XGBoost,text_only,REG_TEXT_SOCIAL_ANIME_PLANET_RATING,0.5654781125425612,0
XGBoost,text_only,REG_TEXT_SOCIAL_ANIME_PLANET_RATING,0.5717401468649321,1
XGBoost,text_only,REG_TEXT_SOCIAL_ANIME_PLANET_RATING,0.5530569015773127,2
XGBoost,text_only,REG_TEXT_SOCIAL_ANIME_PLANET_RATING,0.5493433612401195,3
XGBoost,text_only,REG_TEXT_SOCIAL_ANIME_PLANET_RATING,0.5504497006711904,4
CatBoost,all,REG_TEXT_SOCIAL_BOOKS_GOODREADS,0.8490769414696806,0
CatBoost,all,REG_TEXT_SOCIAL_BOOKS_GOODREADS,0.8578502670238348,1
CatBoost,all,REG_TEXT_SOCIAL_BOOKS_GOODREADS,0.8099742278291616,2
CatBoost,all,REG_TEXT_SOCIAL_BOOKS_GOODREADS,0.8383092567957295,3
CatBoost,all,REG_TEXT_SOCIAL_BOOKS_GOODREADS,0.8921335779574003,4
CatBoost,ft,REG_TEXT_SOCIAL_BOOKS_GOODREADS,0.8510600545380264,0
CatBoost,ft,REG_TEXT_SOCIAL_BOOKS_GOODREADS,0.8647150860921565,1
CatBoost,ft,REG_TEXT_SOCIAL_BOOKS_GOODREADS,0.8063277165801124,2
CatBoost,ft,REG_TEXT_SOCIAL_BOOKS_GOODREADS,0.836553739938547,3
CatBoost,ft,REG_TEXT_SOCIAL_BOOKS_GOODREADS,0.8898655219945055,4
CatBoost,no_text,REG_TEXT_SOCIAL_BOOKS_GOODREADS,0.827590303721536,0
CatBoost,no_text,REG_TEXT_SOCIAL_BOOKS_GOODREADS,0.8336600815362482,1
CatBoost,no_text,REG_TEXT_SOCIAL_BOOKS_GOODREADS,0.7736714311777355,2
CatBoost,no_text,REG_TEXT_SOCIAL_BOOKS_GOODREADS,0.8045231352754671,3
CatBoost,no_text,REG_TEXT_SOCIAL_BOOKS_GOODREADS,0.8650921642532361,4
CatBoost,text_only,REG_TEXT_SOCIAL_BOOKS_GOODREADS,0.3851651732358898,0
CatBoost,text_only,REG_TEXT_SOCIAL_BOOKS_GOODREADS,0.3766433954168508,1
CatBoost,text_only,REG_TEXT_SOCIAL_BOOKS_GOODREADS,0.3902113187170454,2
CatBoost,text_only,REG_TEXT_SOCIAL_BOOKS_GOODREADS,0.237685555814362,3
CatBoost,text_only,REG_TEXT_SOCIAL_BOOKS_GOODREADS,0.4401431715127498,4
LightGBM,all,REG_TEXT_SOCIAL_BOOKS_GOODREADS,0.8548461995020189,0
LightGBM,all,REG_TEXT_SOCIAL_BOOKS_GOODREADS,0.8611103536974389,1
LightGBM,all,REG_TEXT_SOCIAL_BOOKS_GOODREADS,0.8046934773289757,2
LightGBM,all,REG_TEXT_SOCIAL_BOOKS_GOODREADS,0.8326144526237111,3
LightGBM,all,REG_TEXT_SOCIAL_BOOKS_GOODREADS,0.8870973906208274,4
LightGBM,ft,REG_TEXT_SOCIAL_BOOKS_GOODREADS,0.8475974455073024,0
LightGBM,ft,REG_TEXT_SOCIAL_BOOKS_GOODREADS,0.8586690019036513,1
LightGBM,ft,REG_TEXT_SOCIAL_BOOKS_GOODREADS,0.8059070343028951,2
LightGBM,ft,REG_TEXT_SOCIAL_BOOKS_GOODREADS,0.83473237637966,3
LightGBM,ft,REG_TEXT_SOCIAL_BOOKS_GOODREADS,0.8900856846418017,4
LightGBM,no_text,REG_TEXT_SOCIAL_BOOKS_GOODREADS,0.8269217597291534,0
LightGBM,no_text,REG_TEXT_SOCIAL_BOOKS_GOODREADS,0.8405621070281732,1
LightGBM,no_text,REG_TEXT_SOCIAL_BOOKS_GOODREADS,0.7694184410355295,2
LightGBM,no_text,REG_TEXT_SOCIAL_BOOKS_GOODREADS,0.807885570927184,3
LightGBM,no_text,REG_TEXT_SOCIAL_BOOKS_GOODREADS,0.8619325570303098,4
LightGBM,text_only,REG_TEXT_SOCIAL_BOOKS_GOODREADS,0.3212620896839658,0
LightGBM,text_only,REG_TEXT_SOCIAL_BOOKS_GOODREADS,0.3823046887434375,1
LightGBM,text_only,REG_TEXT_SOCIAL_BOOKS_GOODREADS,0.3871273425717357,2
LightGBM,text_only,REG_TEXT_SOCIAL_BOOKS_GOODREADS,0.220905834234107,3
LightGBM,text_only,REG_TEXT_SOCIAL_BOOKS_GOODREADS,0.4066953223940696,4
RandomForest,all,REG_TEXT_SOCIAL_BOOKS_GOODREADS,0.8508591540774413,0
RandomForest,all,REG_TEXT_SOCIAL_BOOKS_GOODREADS,0.8630401889233087,1
RandomForest,all,REG_TEXT_SOCIAL_BOOKS_GOODREADS,0.8130346986788601,2
RandomForest,all,REG_TEXT_SOCIAL_BOOKS_GOODREADS,0.8437407665334883,3
RandomForest,all,REG_TEXT_SOCIAL_BOOKS_GOODREADS,0.8952846390862633,4
RandomForest,ft,REG_TEXT_SOCIAL_BOOKS_GOODREADS,0.8475643324268676,0
RandomForest,ft,REG_TEXT_SOCIAL_BOOKS_GOODREADS,0.8620351957912049,1
RandomForest,ft,REG_TEXT_SOCIAL_BOOKS_GOODREADS,0.8138317260867187,2
RandomForest,ft,REG_TEXT_SOCIAL_BOOKS_GOODREADS,0.8466760827771359,3
RandomForest,ft,REG_TEXT_SOCIAL_BOOKS_GOODREADS,0.8898225599441144,4
RandomForest,no_text,REG_TEXT_SOCIAL_BOOKS_GOODREADS,0.8244964417120125,0
RandomForest,no_text,REG_TEXT_SOCIAL_BOOKS_GOODREADS,0.8425248174011919,1
RandomForest,no_text,REG_TEXT_SOCIAL_BOOKS_GOODREADS,0.7773269234052653,2
RandomForest,no_text,REG_TEXT_SOCIAL_BOOKS_GOODREADS,0.8228728859412604,3
RandomForest,no_text,REG_TEXT_SOCIAL_BOOKS_GOODREADS,0.872010963370206,4
RandomForest,text_only,REG_TEXT_SOCIAL_BOOKS_GOODREADS,0.3323874555114845,0
RandomForest,text_only,REG_TEXT_SOCIAL_BOOKS_GOODREADS,0.3559950257710771,1
RandomForest,text_only,REG_TEXT_SOCIAL_BOOKS_GOODREADS,0.4190713570916057,2
RandomForest,text_only,REG_TEXT_SOCIAL_BOOKS_GOODREADS,0.2845869210936137,3
RandomForest,text_only,REG_TEXT_SOCIAL_BOOKS_GOODREADS,0.4610262197607749,4
RealMLP,all,REG_TEXT_SOCIAL_BOOKS_GOODREADS,0.8288937742781153,0
RealMLP,all,REG_TEXT_SOCIAL_BOOKS_GOODREADS,0.8228545226855175,1
RealMLP,all,REG_TEXT_SOCIAL_BOOKS_GOODREADS,0.7981699534277222,2
RealMLP,all,REG_TEXT_SOCIAL_BOOKS_GOODREADS,0.8399064388221026,3
RealMLP,all,REG_TEXT_SOCIAL_BOOKS_GOODREADS,0.8686350232818388,4
RealMLP,ft,REG_TEXT_SOCIAL_BOOKS_GOODREADS,0.8256290653024934,0
RealMLP,ft,REG_TEXT_SOCIAL_BOOKS_GOODREADS,0.8436462294699307,1
RealMLP,ft,REG_TEXT_SOCIAL_BOOKS_GOODREADS,0.7969146131318212,2
RealMLP,ft,REG_TEXT_SOCIAL_BOOKS_GOODREADS,0.8410057056242156,3
RealMLP,ft,REG_TEXT_SOCIAL_BOOKS_GOODREADS,0.8752118149872807,4
RealMLP,no_text,REG_TEXT_SOCIAL_BOOKS_GOODREADS,0.8257562684054747,0
RealMLP,no_text,REG_TEXT_SOCIAL_BOOKS_GOODREADS,0.8325082429265759,1
RealMLP,no_text,REG_TEXT_SOCIAL_BOOKS_GOODREADS,0.7706103667381687,2
RealMLP,no_text,REG_TEXT_SOCIAL_BOOKS_GOODREADS,0.8096484321479236,3
RealMLP,no_text,REG_TEXT_SOCIAL_BOOKS_GOODREADS,0.8547015642818229,4
RealMLP,text_only,REG_TEXT_SOCIAL_BOOKS_GOODREADS,0.208304215009624,0
RealMLP,text_only,REG_TEXT_SOCIAL_BOOKS_GOODREADS,0.2507711571874769,1
RealMLP,text_only,REG_TEXT_SOCIAL_BOOKS_GOODREADS,0.2627712972036873,2
RealMLP,text_only,REG_TEXT_SOCIAL_BOOKS_GOODREADS,0.0078061783494693,3
RealMLP,text_only,REG_TEXT_SOCIAL_BOOKS_GOODREADS,0.1762738111869867,4
TabDPT,all,REG_TEXT_SOCIAL_BOOKS_GOODREADS,0.3820542362330215,0
TabDPT,all,REG_TEXT_SOCIAL_BOOKS_GOODREADS,0.3436010393543763,1
TabDPT,all,REG_TEXT_SOCIAL_BOOKS_GOODREADS,0.3958810810931209,2
TabDPT,all,REG_TEXT_SOCIAL_BOOKS_GOODREADS,0.2545368234749736,3
TabDPT,all,REG_TEXT_SOCIAL_BOOKS_GOODREADS,0.3671221340960953,4
TabDPT,ft,REG_TEXT_SOCIAL_BOOKS_GOODREADS,0.3304833539233317,0
TabDPT,ft,REG_TEXT_SOCIAL_BOOKS_GOODREADS,0.3535775406167818,1
TabDPT,ft,REG_TEXT_SOCIAL_BOOKS_GOODREADS,0.379659868902604,2
TabDPT,ft,REG_TEXT_SOCIAL_BOOKS_GOODREADS,0.2763740065494849,3
TabDPT,ft,REG_TEXT_SOCIAL_BOOKS_GOODREADS,0.3926908102579223,4
TabDPT,no_text,REG_TEXT_SOCIAL_BOOKS_GOODREADS,0.8250342574752287,0
TabDPT,no_text,REG_TEXT_SOCIAL_BOOKS_GOODREADS,0.8285018860817535,1
TabDPT,no_text,REG_TEXT_SOCIAL_BOOKS_GOODREADS,0.7842990617717229,2
TabDPT,no_text,REG_TEXT_SOCIAL_BOOKS_GOODREADS,0.7916416916317356,3
TabDPT,no_text,REG_TEXT_SOCIAL_BOOKS_GOODREADS,0.8582887848367844,4
TabDPT,text_only,REG_TEXT_SOCIAL_BOOKS_GOODREADS,0.3931815340585539,0
TabDPT,text_only,REG_TEXT_SOCIAL_BOOKS_GOODREADS,0.35044742535604,1
TabDPT,text_only,REG_TEXT_SOCIAL_BOOKS_GOODREADS,0.4195407487870012,2
TabDPT,text_only,REG_TEXT_SOCIAL_BOOKS_GOODREADS,0.2582233094160886,3
TabDPT,text_only,REG_TEXT_SOCIAL_BOOKS_GOODREADS,0.3760537027774765,4
TabICLv2,all,REG_TEXT_SOCIAL_BOOKS_GOODREADS,0.7787007811833508,0
TabICLv2,all,REG_TEXT_SOCIAL_BOOKS_GOODREADS,0.8057570176257041,1
TabICLv2,all,REG_TEXT_SOCIAL_BOOKS_GOODREADS,0.7668254217785067,2
TabICLv2,all,REG_TEXT_SOCIAL_BOOKS_GOODREADS,0.7552774521744259,3
TabICLv2,all,REG_TEXT_SOCIAL_BOOKS_GOODREADS,0.8534924001630182,4
TabICLv2,ft,REG_TEXT_SOCIAL_BOOKS_GOODREADS,0.7677961080863644,0
TabICLv2,ft,REG_TEXT_SOCIAL_BOOKS_GOODREADS,0.7883983852939342,1
TabICLv2,ft,REG_TEXT_SOCIAL_BOOKS_GOODREADS,0.7582359992540721,2
TabICLv2,ft,REG_TEXT_SOCIAL_BOOKS_GOODREADS,0.7681696130382759,3
TabICLv2,ft,REG_TEXT_SOCIAL_BOOKS_GOODREADS,0.8473058196161996,4
TabICLv2,no_text,REG_TEXT_SOCIAL_BOOKS_GOODREADS,0.8037367739594523,0
TabICLv2,no_text,REG_TEXT_SOCIAL_BOOKS_GOODREADS,0.7699464831969125,1
TabICLv2,no_text,REG_TEXT_SOCIAL_BOOKS_GOODREADS,0.7273974203020246,2
TabICLv2,no_text,REG_TEXT_SOCIAL_BOOKS_GOODREADS,0.7802060154648254,3
TabICLv2,no_text,REG_TEXT_SOCIAL_BOOKS_GOODREADS,0.8375838438718651,4
TabICLv2,text_only,REG_TEXT_SOCIAL_BOOKS_GOODREADS,0.3541043736440747,0
TabICLv2,text_only,REG_TEXT_SOCIAL_BOOKS_GOODREADS,0.4055158736635468,1
TabICLv2,text_only,REG_TEXT_SOCIAL_BOOKS_GOODREADS,0.4072825132815274,2
TabICLv2,text_only,REG_TEXT_SOCIAL_BOOKS_GOODREADS,0.2728387566953445,3
TabICLv2,text_only,REG_TEXT_SOCIAL_BOOKS_GOODREADS,0.4562296214853314,4
TabM,all,REG_TEXT_SOCIAL_BOOKS_GOODREADS,0.8446994677847295,0
TabM,all,REG_TEXT_SOCIAL_BOOKS_GOODREADS,0.8549470737627051,1
TabM,all,REG_TEXT_SOCIAL_BOOKS_GOODREADS,0.7993292857914458,2
TabM,all,REG_TEXT_SOCIAL_BOOKS_GOODREADS,0.8337944959184005,3
TabM,all,REG_TEXT_SOCIAL_BOOKS_GOODREADS,0.8908545555034798,4
TabM,ft,REG_TEXT_SOCIAL_BOOKS_GOODREADS,0.8367402046435137,0
TabM,ft,REG_TEXT_SOCIAL_BOOKS_GOODREADS,0.8533921372684754,1
TabM,ft,REG_TEXT_SOCIAL_BOOKS_GOODREADS,0.8004607475693137,2
TabM,ft,REG_TEXT_SOCIAL_BOOKS_GOODREADS,0.835064472102169,3
TabM,ft,REG_TEXT_SOCIAL_BOOKS_GOODREADS,0.8890442299900684,4
TabM,no_text,REG_TEXT_SOCIAL_BOOKS_GOODREADS,0.8212047558893188,0
TabM,no_text,REG_TEXT_SOCIAL_BOOKS_GOODREADS,0.8376382333403015,1
TabM,no_text,REG_TEXT_SOCIAL_BOOKS_GOODREADS,0.7762199368153957,2
TabM,no_text,REG_TEXT_SOCIAL_BOOKS_GOODREADS,0.8148447387252085,3
TabM,no_text,REG_TEXT_SOCIAL_BOOKS_GOODREADS,0.8594596119079998,4
TabM,text_only,REG_TEXT_SOCIAL_BOOKS_GOODREADS,0.3438942052763055,0
TabM,text_only,REG_TEXT_SOCIAL_BOOKS_GOODREADS,0.3766798349578534,1
TabM,text_only,REG_TEXT_SOCIAL_BOOKS_GOODREADS,0.3836885498313515,2
TabM,text_only,REG_TEXT_SOCIAL_BOOKS_GOODREADS,0.2631633598953139,3
TabM,text_only,REG_TEXT_SOCIAL_BOOKS_GOODREADS,0.3914314786091845,4
TabPFN-2.5,all,REG_TEXT_SOCIAL_BOOKS_GOODREADS,0.6894617552757608,0
TabPFN-2.5,all,REG_TEXT_SOCIAL_BOOKS_GOODREADS,0.7197928000318381,1
TabPFN-2.5,all,REG_TEXT_SOCIAL_BOOKS_GOODREADS,0.6651322637110453,2
TabPFN-2.5,all,REG_TEXT_SOCIAL_BOOKS_GOODREADS,0.6782577887210999,3
TabPFN-2.5,all,REG_TEXT_SOCIAL_BOOKS_GOODREADS,0.7465846165718785,4
TabPFN-2.5,ft,REG_TEXT_SOCIAL_BOOKS_GOODREADS,0.6884400349291281,0
TabPFN-2.5,ft,REG_TEXT_SOCIAL_BOOKS_GOODREADS,0.7181954457468942,1
TabPFN-2.5,ft,REG_TEXT_SOCIAL_BOOKS_GOODREADS,0.650249504230614,2
TabPFN-2.5,ft,REG_TEXT_SOCIAL_BOOKS_GOODREADS,0.6829345032307816,3
TabPFN-2.5,ft,REG_TEXT_SOCIAL_BOOKS_GOODREADS,0.7510293191492178,4
TabPFN-2.5,no_text,REG_TEXT_SOCIAL_BOOKS_GOODREADS,0.6376863559776469,0
TabPFN-2.5,no_text,REG_TEXT_SOCIAL_BOOKS_GOODREADS,0.6351716713256315,1
TabPFN-2.5,no_text,REG_TEXT_SOCIAL_BOOKS_GOODREADS,0.5894048503034215,2
TabPFN-2.5,no_text,REG_TEXT_SOCIAL_BOOKS_GOODREADS,0.6274415111354559,3
TabPFN-2.5,no_text,REG_TEXT_SOCIAL_BOOKS_GOODREADS,0.6664203218146567,4
TabPFN-2.5,text_only,REG_TEXT_SOCIAL_BOOKS_GOODREADS,0.2465184547142568,0
TabPFN-2.5,text_only,REG_TEXT_SOCIAL_BOOKS_GOODREADS,0.301004774790541,1
TabPFN-2.5,text_only,REG_TEXT_SOCIAL_BOOKS_GOODREADS,0.2688882965728285,2
TabPFN-2.5,text_only,REG_TEXT_SOCIAL_BOOKS_GOODREADS,0.1978370416775937,3
TabPFN-2.5,text_only,REG_TEXT_SOCIAL_BOOKS_GOODREADS,0.3483410182764358,4
TabPFNv2,all,REG_TEXT_SOCIAL_BOOKS_GOODREADS,0.1701994362153289,0
TabPFNv2,all,REG_TEXT_SOCIAL_BOOKS_GOODREADS,0.221258436110968,1
TabPFNv2,all,REG_TEXT_SOCIAL_BOOKS_GOODREADS,0.1749110430163588,2
TabPFNv2,all,REG_TEXT_SOCIAL_BOOKS_GOODREADS,0.0363919254266497,3
TabPFNv2,all,REG_TEXT_SOCIAL_BOOKS_GOODREADS,0.3655565373743671,4
TabPFNv2,ft,REG_TEXT_SOCIAL_BOOKS_GOODREADS,0.142107029551755,0
TabPFNv2,ft,REG_TEXT_SOCIAL_BOOKS_GOODREADS,0.1769540882954027,1
TabPFNv2,ft,REG_TEXT_SOCIAL_BOOKS_GOODREADS,0.1227324147816324,2
TabPFNv2,ft,REG_TEXT_SOCIAL_BOOKS_GOODREADS,0.0389993850885112,3
TabPFNv2,ft,REG_TEXT_SOCIAL_BOOKS_GOODREADS,0.3327461201078746,4
TabPFNv2,no_text,REG_TEXT_SOCIAL_BOOKS_GOODREADS,0.1184857777147585,0
TabPFNv2,no_text,REG_TEXT_SOCIAL_BOOKS_GOODREADS,0.0767028524931,1
TabPFNv2,no_text,REG_TEXT_SOCIAL_BOOKS_GOODREADS,0.0881597621946697,2
TabPFNv2,no_text,REG_TEXT_SOCIAL_BOOKS_GOODREADS,0.0890069811785816,3
TabPFNv2,no_text,REG_TEXT_SOCIAL_BOOKS_GOODREADS,0.1869930045472348,4
TabPFNv2,text_only,REG_TEXT_SOCIAL_BOOKS_GOODREADS,0.1610166445102664,0
TabPFNv2,text_only,REG_TEXT_SOCIAL_BOOKS_GOODREADS,0.1981755387949567,1
TabPFNv2,text_only,REG_TEXT_SOCIAL_BOOKS_GOODREADS,0.1627675995835394,2
TabPFNv2,text_only,REG_TEXT_SOCIAL_BOOKS_GOODREADS,0.0444279778572942,3
TabPFNv2,text_only,REG_TEXT_SOCIAL_BOOKS_GOODREADS,0.357527803610015,4
XGBoost,all,REG_TEXT_SOCIAL_BOOKS_GOODREADS,0.8330747099471242,0
XGBoost,all,REG_TEXT_SOCIAL_BOOKS_GOODREADS,0.8392000720692172,1
XGBoost,all,REG_TEXT_SOCIAL_BOOKS_GOODREADS,0.7962239774151265,2
XGBoost,all,REG_TEXT_SOCIAL_BOOKS_GOODREADS,0.8246035319690584,3
XGBoost,all,REG_TEXT_SOCIAL_BOOKS_GOODREADS,0.8764805053481071,4
XGBoost,ft,REG_TEXT_SOCIAL_BOOKS_GOODREADS,0.8383801859972984,0
XGBoost,ft,REG_TEXT_SOCIAL_BOOKS_GOODREADS,0.8486681498388337,1
XGBoost,ft,REG_TEXT_SOCIAL_BOOKS_GOODREADS,0.7857524546930369,2
XGBoost,ft,REG_TEXT_SOCIAL_BOOKS_GOODREADS,0.834584771648155,3
XGBoost,ft,REG_TEXT_SOCIAL_BOOKS_GOODREADS,0.864952878374486,4
XGBoost,no_text,REG_TEXT_SOCIAL_BOOKS_GOODREADS,0.8218761793801477,0
XGBoost,no_text,REG_TEXT_SOCIAL_BOOKS_GOODREADS,0.832220459659268,1
XGBoost,no_text,REG_TEXT_SOCIAL_BOOKS_GOODREADS,0.7738258925418796,2
XGBoost,no_text,REG_TEXT_SOCIAL_BOOKS_GOODREADS,0.8025303059894499,3
XGBoost,no_text,REG_TEXT_SOCIAL_BOOKS_GOODREADS,0.8611481351112017,4
XGBoost,text_only,REG_TEXT_SOCIAL_BOOKS_GOODREADS,0.195243566582471,0
XGBoost,text_only,REG_TEXT_SOCIAL_BOOKS_GOODREADS,0.2725473037621155,1
XGBoost,text_only,REG_TEXT_SOCIAL_BOOKS_GOODREADS,0.3574422839826483,2
XGBoost,text_only,REG_TEXT_SOCIAL_BOOKS_GOODREADS,0.1231049811368221,3
XGBoost,text_only,REG_TEXT_SOCIAL_BOOKS_GOODREADS,0.3614992977876048,4
CatBoost,all,REG_TEXT_SOCIAL_BOOK_READABILITY_CLEAR,0.7815840442456523,0
CatBoost,all,REG_TEXT_SOCIAL_BOOK_READABILITY_CLEAR,0.8105162947990179,1
CatBoost,all,REG_TEXT_SOCIAL_BOOK_READABILITY_CLEAR,0.8398999010276287,2
CatBoost,all,REG_TEXT_SOCIAL_BOOK_READABILITY_CLEAR,0.8152577763636183,3
CatBoost,all,REG_TEXT_SOCIAL_BOOK_READABILITY_CLEAR,0.8409454062291742,4
CatBoost,ft,REG_TEXT_SOCIAL_BOOK_READABILITY_CLEAR,0.7888607048884649,0
CatBoost,ft,REG_TEXT_SOCIAL_BOOK_READABILITY_CLEAR,0.804974708139652,1
CatBoost,ft,REG_TEXT_SOCIAL_BOOK_READABILITY_CLEAR,0.8441507430116932,2
CatBoost,ft,REG_TEXT_SOCIAL_BOOK_READABILITY_CLEAR,0.8408800545452002,3
CatBoost,ft,REG_TEXT_SOCIAL_BOOK_READABILITY_CLEAR,0.8577067274777133,4
CatBoost,no_text,REG_TEXT_SOCIAL_BOOK_READABILITY_CLEAR,0.7607564821249356,0
CatBoost,no_text,REG_TEXT_SOCIAL_BOOK_READABILITY_CLEAR,0.7662543070505751,1
CatBoost,no_text,REG_TEXT_SOCIAL_BOOK_READABILITY_CLEAR,0.8057072089453969,2
CatBoost,no_text,REG_TEXT_SOCIAL_BOOK_READABILITY_CLEAR,0.7855074052760567,3
CatBoost,no_text,REG_TEXT_SOCIAL_BOOK_READABILITY_CLEAR,0.8314830271254057,4
CatBoost,text_only,REG_TEXT_SOCIAL_BOOK_READABILITY_CLEAR,0.6784386836296094,0
CatBoost,text_only,REG_TEXT_SOCIAL_BOOK_READABILITY_CLEAR,0.6972576268795436,1
CatBoost,text_only,REG_TEXT_SOCIAL_BOOK_READABILITY_CLEAR,0.7372773085976956,2
CatBoost,text_only,REG_TEXT_SOCIAL_BOOK_READABILITY_CLEAR,0.7156250596497776,3
CatBoost,text_only,REG_TEXT_SOCIAL_BOOK_READABILITY_CLEAR,0.7160241956387308,4
LightGBM,all,REG_TEXT_SOCIAL_BOOK_READABILITY_CLEAR,0.7780282551849658,0
LightGBM,all,REG_TEXT_SOCIAL_BOOK_READABILITY_CLEAR,0.8076957662375965,1
LightGBM,all,REG_TEXT_SOCIAL_BOOK_READABILITY_CLEAR,0.8301110636373057,2
LightGBM,all,REG_TEXT_SOCIAL_BOOK_READABILITY_CLEAR,0.8081711237202648,3
LightGBM,all,REG_TEXT_SOCIAL_BOOK_READABILITY_CLEAR,0.8283014074417511,4
LightGBM,ft,REG_TEXT_SOCIAL_BOOK_READABILITY_CLEAR,0.7686726057134536,0
LightGBM,ft,REG_TEXT_SOCIAL_BOOK_READABILITY_CLEAR,0.7973697484989839,1
LightGBM,ft,REG_TEXT_SOCIAL_BOOK_READABILITY_CLEAR,0.8343338223382877,2
LightGBM,ft,REG_TEXT_SOCIAL_BOOK_READABILITY_CLEAR,0.8329243203892325,3
LightGBM,ft,REG_TEXT_SOCIAL_BOOK_READABILITY_CLEAR,0.8578077683405068,4
LightGBM,no_text,REG_TEXT_SOCIAL_BOOK_READABILITY_CLEAR,0.7301933441061352,0
LightGBM,no_text,REG_TEXT_SOCIAL_BOOK_READABILITY_CLEAR,0.7830021471732735,1
LightGBM,no_text,REG_TEXT_SOCIAL_BOOK_READABILITY_CLEAR,0.7916699299159855,2
LightGBM,no_text,REG_TEXT_SOCIAL_BOOK_READABILITY_CLEAR,0.7824655390313215,3
LightGBM,no_text,REG_TEXT_SOCIAL_BOOK_READABILITY_CLEAR,0.8094308391270283,4
LightGBM,text_only,REG_TEXT_SOCIAL_BOOK_READABILITY_CLEAR,0.6743165662876689,0
LightGBM,text_only,REG_TEXT_SOCIAL_BOOK_READABILITY_CLEAR,0.6932813957401842,1
LightGBM,text_only,REG_TEXT_SOCIAL_BOOK_READABILITY_CLEAR,0.6993293055672373,2
LightGBM,text_only,REG_TEXT_SOCIAL_BOOK_READABILITY_CLEAR,0.7142428300308659,3
LightGBM,text_only,REG_TEXT_SOCIAL_BOOK_READABILITY_CLEAR,0.6923372509855886,4
RandomForest,all,REG_TEXT_SOCIAL_BOOK_READABILITY_CLEAR,0.7611136270760253,0
RandomForest,all,REG_TEXT_SOCIAL_BOOK_READABILITY_CLEAR,0.7756696783914299,1
RandomForest,all,REG_TEXT_SOCIAL_BOOK_READABILITY_CLEAR,0.8079292236901732,2
RandomForest,all,REG_TEXT_SOCIAL_BOOK_READABILITY_CLEAR,0.7787724614141827,3
RandomForest,all,REG_TEXT_SOCIAL_BOOK_READABILITY_CLEAR,0.8183929507441855,4
RandomForest,ft,REG_TEXT_SOCIAL_BOOK_READABILITY_CLEAR,0.8022524598585397,0
RandomForest,ft,REG_TEXT_SOCIAL_BOOK_READABILITY_CLEAR,0.7800374531244116,1
RandomForest,ft,REG_TEXT_SOCIAL_BOOK_READABILITY_CLEAR,0.8385924571118986,2
RandomForest,ft,REG_TEXT_SOCIAL_BOOK_READABILITY_CLEAR,0.8034095089685228,3
RandomForest,ft,REG_TEXT_SOCIAL_BOOK_READABILITY_CLEAR,0.8295369192444892,4
RandomForest,no_text,REG_TEXT_SOCIAL_BOOK_READABILITY_CLEAR,0.7375908611342767,0
RandomForest,no_text,REG_TEXT_SOCIAL_BOOK_READABILITY_CLEAR,0.7595880190164515,1
RandomForest,no_text,REG_TEXT_SOCIAL_BOOK_READABILITY_CLEAR,0.7981214741679467,2
RandomForest,no_text,REG_TEXT_SOCIAL_BOOK_READABILITY_CLEAR,0.7689640828127994,3
RandomForest,no_text,REG_TEXT_SOCIAL_BOOK_READABILITY_CLEAR,0.8146570522755726,4
RandomForest,text_only,REG_TEXT_SOCIAL_BOOK_READABILITY_CLEAR,0.6597368646938673,0
RandomForest,text_only,REG_TEXT_SOCIAL_BOOK_READABILITY_CLEAR,0.6547372781466689,1
RandomForest,text_only,REG_TEXT_SOCIAL_BOOK_READABILITY_CLEAR,0.679072857353799,2
RandomForest,text_only,REG_TEXT_SOCIAL_BOOK_READABILITY_CLEAR,0.6764568531341584,3
RandomForest,text_only,REG_TEXT_SOCIAL_BOOK_READABILITY_CLEAR,0.6851300759759633,4
RealMLP,all,REG_TEXT_SOCIAL_BOOK_READABILITY_CLEAR,0.7640490597669808,0
RealMLP,all,REG_TEXT_SOCIAL_BOOK_READABILITY_CLEAR,0.805217095457916,1
RealMLP,all,REG_TEXT_SOCIAL_BOOK_READABILITY_CLEAR,0.8162980871544138,2
RealMLP,all,REG_TEXT_SOCIAL_BOOK_READABILITY_CLEAR,0.8010016289437634,3
RealMLP,all,REG_TEXT_SOCIAL_BOOK_READABILITY_CLEAR,0.8222580236757031,4
RealMLP,ft,REG_TEXT_SOCIAL_BOOK_READABILITY_CLEAR,0.7836775720873117,0
RealMLP,ft,REG_TEXT_SOCIAL_BOOK_READABILITY_CLEAR,0.7598359195618072,1
RealMLP,ft,REG_TEXT_SOCIAL_BOOK_READABILITY_CLEAR,0.8463648980497529,2
RealMLP,ft,REG_TEXT_SOCIAL_BOOK_READABILITY_CLEAR,0.8253584727449563,3
RealMLP,ft,REG_TEXT_SOCIAL_BOOK_READABILITY_CLEAR,0.8404845712669778,4
RealMLP,no_text,REG_TEXT_SOCIAL_BOOK_READABILITY_CLEAR,0.7061115222137836,0
RealMLP,no_text,REG_TEXT_SOCIAL_BOOK_READABILITY_CLEAR,0.7994650579722394,1
RealMLP,no_text,REG_TEXT_SOCIAL_BOOK_READABILITY_CLEAR,0.7745088792923023,2
RealMLP,no_text,REG_TEXT_SOCIAL_BOOK_READABILITY_CLEAR,0.7839586627560774,3
RealMLP,no_text,REG_TEXT_SOCIAL_BOOK_READABILITY_CLEAR,0.7851921596724123,4
RealMLP,text_only,REG_TEXT_SOCIAL_BOOK_READABILITY_CLEAR,0.6521898497729309,0
RealMLP,text_only,REG_TEXT_SOCIAL_BOOK_READABILITY_CLEAR,0.6868372255003021,1
RealMLP,text_only,REG_TEXT_SOCIAL_BOOK_READABILITY_CLEAR,0.700387927951512,2
RealMLP,text_only,REG_TEXT_SOCIAL_BOOK_READABILITY_CLEAR,0.6951598541630573,3
RealMLP,text_only,REG_TEXT_SOCIAL_BOOK_READABILITY_CLEAR,0.6716497900013103,4
TabDPT,all,REG_TEXT_SOCIAL_BOOK_READABILITY_CLEAR,0.7643294666082987,0
TabDPT,all,REG_TEXT_SOCIAL_BOOK_READABILITY_CLEAR,0.788404435783433,1
TabDPT,all,REG_TEXT_SOCIAL_BOOK_READABILITY_CLEAR,0.8116512904111021,2
TabDPT,all,REG_TEXT_SOCIAL_BOOK_READABILITY_CLEAR,0.7925428493609462,3
TabDPT,all,REG_TEXT_SOCIAL_BOOK_READABILITY_CLEAR,0.8051193638269772,4
TabDPT,ft,REG_TEXT_SOCIAL_BOOK_READABILITY_CLEAR,0.7854720820982715,0
TabDPT,ft,REG_TEXT_SOCIAL_BOOK_READABILITY_CLEAR,0.7629579301202557,1
TabDPT,ft,REG_TEXT_SOCIAL_BOOK_READABILITY_CLEAR,0.8127006489533857,2
TabDPT,ft,REG_TEXT_SOCIAL_BOOK_READABILITY_CLEAR,0.791726184503365,3
TabDPT,ft,REG_TEXT_SOCIAL_BOOK_READABILITY_CLEAR,0.7959594721920236,4
TabDPT,no_text,REG_TEXT_SOCIAL_BOOK_READABILITY_CLEAR,0.7693003565768538,0
TabDPT,no_text,REG_TEXT_SOCIAL_BOOK_READABILITY_CLEAR,0.8096634667491545,1
TabDPT,no_text,REG_TEXT_SOCIAL_BOOK_READABILITY_CLEAR,0.8195587577614311,2
TabDPT,no_text,REG_TEXT_SOCIAL_BOOK_READABILITY_CLEAR,0.7966438071397808,3
TabDPT,no_text,REG_TEXT_SOCIAL_BOOK_READABILITY_CLEAR,0.8266675546722612,4
TabDPT,text_only,REG_TEXT_SOCIAL_BOOK_READABILITY_CLEAR,0.6232892718797172,0
TabDPT,text_only,REG_TEXT_SOCIAL_BOOK_READABILITY_CLEAR,0.6493710480260233,1
TabDPT,text_only,REG_TEXT_SOCIAL_BOOK_READABILITY_CLEAR,0.6806380452613535,2
TabDPT,text_only,REG_TEXT_SOCIAL_BOOK_READABILITY_CLEAR,0.6547691800786026,3
TabDPT,text_only,REG_TEXT_SOCIAL_BOOK_READABILITY_CLEAR,0.6641829605367956,4
TabICLv2,all,REG_TEXT_SOCIAL_BOOK_READABILITY_CLEAR,0.8039665297154939,0
TabICLv2,all,REG_TEXT_SOCIAL_BOOK_READABILITY_CLEAR,0.8264365607172457,1
TabICLv2,all,REG_TEXT_SOCIAL_BOOK_READABILITY_CLEAR,0.8519363839294612,2
TabICLv2,all,REG_TEXT_SOCIAL_BOOK_READABILITY_CLEAR,0.823438208878922,3
TabICLv2,all,REG_TEXT_SOCIAL_BOOK_READABILITY_CLEAR,0.8423560884489087,4
TabICLv2,ft,REG_TEXT_SOCIAL_BOOK_READABILITY_CLEAR,0.8345834879455917,0
TabICLv2,ft,REG_TEXT_SOCIAL_BOOK_READABILITY_CLEAR,0.8330470828163249,1
TabICLv2,ft,REG_TEXT_SOCIAL_BOOK_READABILITY_CLEAR,0.8613654213508993,2
TabICLv2,ft,REG_TEXT_SOCIAL_BOOK_READABILITY_CLEAR,0.8302750873806573,3
TabICLv2,ft,REG_TEXT_SOCIAL_BOOK_READABILITY_CLEAR,0.8534772350219311,4
TabICLv2,no_text,REG_TEXT_SOCIAL_BOOK_READABILITY_CLEAR,0.7687004755138492,0
TabICLv2,no_text,REG_TEXT_SOCIAL_BOOK_READABILITY_CLEAR,0.8063298047672747,1
TabICLv2,no_text,REG_TEXT_SOCIAL_BOOK_READABILITY_CLEAR,0.8239254362802747,2
TabICLv2,no_text,REG_TEXT_SOCIAL_BOOK_READABILITY_CLEAR,0.7930143142968588,3
TabICLv2,no_text,REG_TEXT_SOCIAL_BOOK_READABILITY_CLEAR,0.8331437894920223,4
TabICLv2,text_only,REG_TEXT_SOCIAL_BOOK_READABILITY_CLEAR,0.7035260114326478,0
TabICLv2,text_only,REG_TEXT_SOCIAL_BOOK_READABILITY_CLEAR,0.7188932848153531,1
TabICLv2,text_only,REG_TEXT_SOCIAL_BOOK_READABILITY_CLEAR,0.7529838927459035,2
TabICLv2,text_only,REG_TEXT_SOCIAL_BOOK_READABILITY_CLEAR,0.7510500064042982,3
TabICLv2,text_only,REG_TEXT_SOCIAL_BOOK_READABILITY_CLEAR,0.743215361356001,4
TabM,all,REG_TEXT_SOCIAL_BOOK_READABILITY_CLEAR,0.7841406688663213,0
TabM,all,REG_TEXT_SOCIAL_BOOK_READABILITY_CLEAR,0.816496365548432,1
TabM,all,REG_TEXT_SOCIAL_BOOK_READABILITY_CLEAR,0.8228523069323822,2
TabM,all,REG_TEXT_SOCIAL_BOOK_READABILITY_CLEAR,0.8251668141072751,3
TabM,all,REG_TEXT_SOCIAL_BOOK_READABILITY_CLEAR,0.8331997962486832,4
TabM,ft,REG_TEXT_SOCIAL_BOOK_READABILITY_CLEAR,0.7962094273177728,0
TabM,ft,REG_TEXT_SOCIAL_BOOK_READABILITY_CLEAR,0.8011758544383596,1
TabM,ft,REG_TEXT_SOCIAL_BOOK_READABILITY_CLEAR,0.8310706132611468,2
TabM,ft,REG_TEXT_SOCIAL_BOOK_READABILITY_CLEAR,0.8415684100768648,3
TabM,ft,REG_TEXT_SOCIAL_BOOK_READABILITY_CLEAR,0.8440746400816778,4
TabM,no_text,REG_TEXT_SOCIAL_BOOK_READABILITY_CLEAR,0.7702495616386889,0
TabM,no_text,REG_TEXT_SOCIAL_BOOK_READABILITY_CLEAR,0.7969717871348407,1
TabM,no_text,REG_TEXT_SOCIAL_BOOK_READABILITY_CLEAR,0.787169923767106,2
TabM,no_text,REG_TEXT_SOCIAL_BOOK_READABILITY_CLEAR,0.7977822989922801,3
TabM,no_text,REG_TEXT_SOCIAL_BOOK_READABILITY_CLEAR,0.8277434987172468,4
TabM,text_only,REG_TEXT_SOCIAL_BOOK_READABILITY_CLEAR,0.6954027683953039,0
TabM,text_only,REG_TEXT_SOCIAL_BOOK_READABILITY_CLEAR,0.7091387431479872,1
TabM,text_only,REG_TEXT_SOCIAL_BOOK_READABILITY_CLEAR,0.7425828734009623,2
TabM,text_only,REG_TEXT_SOCIAL_BOOK_READABILITY_CLEAR,0.7304516194371895,3
TabM,text_only,REG_TEXT_SOCIAL_BOOK_READABILITY_CLEAR,0.7292393963449242,4
TabPFN-2.5,all,REG_TEXT_SOCIAL_BOOK_READABILITY_CLEAR,0.8093854007005645,0
TabPFN-2.5,all,REG_TEXT_SOCIAL_BOOK_READABILITY_CLEAR,0.8393921491422935,1
TabPFN-2.5,all,REG_TEXT_SOCIAL_BOOK_READABILITY_CLEAR,0.8543824796150183,2
TabPFN-2.5,all,REG_TEXT_SOCIAL_BOOK_READABILITY_CLEAR,0.8270255797537046,3
TabPFN-2.5,all,REG_TEXT_SOCIAL_BOOK_READABILITY_CLEAR,0.8299116776425518,4
TabPFN-2.5,ft,REG_TEXT_SOCIAL_BOOK_READABILITY_CLEAR,0.8378583886982868,0
TabPFN-2.5,ft,REG_TEXT_SOCIAL_BOOK_READABILITY_CLEAR,0.8338675752041154,1
TabPFN-2.5,ft,REG_TEXT_SOCIAL_BOOK_READABILITY_CLEAR,0.8726796088038099,2
TabPFN-2.5,ft,REG_TEXT_SOCIAL_BOOK_READABILITY_CLEAR,0.8481668726533449,3
TabPFN-2.5,ft,REG_TEXT_SOCIAL_BOOK_READABILITY_CLEAR,0.8539040578661192,4
TabPFN-2.5,no_text,REG_TEXT_SOCIAL_BOOK_READABILITY_CLEAR,0.7748051119738916,0
TabPFN-2.5,no_text,REG_TEXT_SOCIAL_BOOK_READABILITY_CLEAR,0.8158780848234625,1
TabPFN-2.5,no_text,REG_TEXT_SOCIAL_BOOK_READABILITY_CLEAR,0.8289734162597757,2
TabPFN-2.5,no_text,REG_TEXT_SOCIAL_BOOK_READABILITY_CLEAR,0.7925936010411931,3
TabPFN-2.5,no_text,REG_TEXT_SOCIAL_BOOK_READABILITY_CLEAR,0.8319175562761731,4
TabPFN-2.5,text_only,REG_TEXT_SOCIAL_BOOK_READABILITY_CLEAR,0.7182608359612512,0
TabPFN-2.5,text_only,REG_TEXT_SOCIAL_BOOK_READABILITY_CLEAR,0.7319104682300456,1
TabPFN-2.5,text_only,REG_TEXT_SOCIAL_BOOK_READABILITY_CLEAR,0.7537091667452528,2
TabPFN-2.5,text_only,REG_TEXT_SOCIAL_BOOK_READABILITY_CLEAR,0.7475506757152055,3
TabPFN-2.5,text_only,REG_TEXT_SOCIAL_BOOK_READABILITY_CLEAR,0.7332207373615468,4
TabPFNv2,all,REG_TEXT_SOCIAL_BOOK_READABILITY_CLEAR,0.8040462260558023,0
TabPFNv2,all,REG_TEXT_SOCIAL_BOOK_READABILITY_CLEAR,0.8327661957336073,1
TabPFNv2,all,REG_TEXT_SOCIAL_BOOK_READABILITY_CLEAR,0.8428314574969895,2
TabPFNv2,all,REG_TEXT_SOCIAL_BOOK_READABILITY_CLEAR,0.8211470204466963,3
TabPFNv2,all,REG_TEXT_SOCIAL_BOOK_READABILITY_CLEAR,0.8338727621684334,4
TabPFNv2,ft,REG_TEXT_SOCIAL_BOOK_READABILITY_CLEAR,0.8315687360811619,0
TabPFNv2,ft,REG_TEXT_SOCIAL_BOOK_READABILITY_CLEAR,0.8379874449580325,1
TabPFNv2,ft,REG_TEXT_SOCIAL_BOOK_READABILITY_CLEAR,0.8640768897215448,2
TabPFNv2,ft,REG_TEXT_SOCIAL_BOOK_READABILITY_CLEAR,0.8359135475476114,3
TabPFNv2,ft,REG_TEXT_SOCIAL_BOOK_READABILITY_CLEAR,0.8522061572593183,4
TabPFNv2,no_text,REG_TEXT_SOCIAL_BOOK_READABILITY_CLEAR,0.7718928174567601,0
TabPFNv2,no_text,REG_TEXT_SOCIAL_BOOK_READABILITY_CLEAR,0.8129728954351492,1
TabPFNv2,no_text,REG_TEXT_SOCIAL_BOOK_READABILITY_CLEAR,0.8258614652373676,2
TabPFNv2,no_text,REG_TEXT_SOCIAL_BOOK_READABILITY_CLEAR,0.7922603252476617,3
TabPFNv2,no_text,REG_TEXT_SOCIAL_BOOK_READABILITY_CLEAR,0.8299214864229854,4
TabPFNv2,text_only,REG_TEXT_SOCIAL_BOOK_READABILITY_CLEAR,0.6973281223672052,0
TabPFNv2,text_only,REG_TEXT_SOCIAL_BOOK_READABILITY_CLEAR,0.7136321198759945,1
TabPFNv2,text_only,REG_TEXT_SOCIAL_BOOK_READABILITY_CLEAR,0.7418790120053271,2
TabPFNv2,text_only,REG_TEXT_SOCIAL_BOOK_READABILITY_CLEAR,0.7360456452645131,3
TabPFNv2,text_only,REG_TEXT_SOCIAL_BOOK_READABILITY_CLEAR,0.7256070521209557,4
XGBoost,all,REG_TEXT_SOCIAL_BOOK_READABILITY_CLEAR,0.7461749424962988,0
XGBoost,all,REG_TEXT_SOCIAL_BOOK_READABILITY_CLEAR,0.7679912119360082,1
XGBoost,all,REG_TEXT_SOCIAL_BOOK_READABILITY_CLEAR,0.7872712839630243,2
XGBoost,all,REG_TEXT_SOCIAL_BOOK_READABILITY_CLEAR,0.7918865921373033,3
XGBoost,all,REG_TEXT_SOCIAL_BOOK_READABILITY_CLEAR,0.8249335659292303,4
XGBoost,ft,REG_TEXT_SOCIAL_BOOK_READABILITY_CLEAR,0.7829414789923619,0
XGBoost,ft,REG_TEXT_SOCIAL_BOOK_READABILITY_CLEAR,0.7655763186064664,1
XGBoost,ft,REG_TEXT_SOCIAL_BOOK_READABILITY_CLEAR,0.8403732202821209,2
XGBoost,ft,REG_TEXT_SOCIAL_BOOK_READABILITY_CLEAR,0.8038535562668727,3
XGBoost,ft,REG_TEXT_SOCIAL_BOOK_READABILITY_CLEAR,0.827893025835325,4
XGBoost,no_text,REG_TEXT_SOCIAL_BOOK_READABILITY_CLEAR,0.7311933571112883,0
XGBoost,no_text,REG_TEXT_SOCIAL_BOOK_READABILITY_CLEAR,0.7475121464324459,1
XGBoost,no_text,REG_TEXT_SOCIAL_BOOK_READABILITY_CLEAR,0.7912550168385876,2
XGBoost,no_text,REG_TEXT_SOCIAL_BOOK_READABILITY_CLEAR,0.770712838632402,3
XGBoost,no_text,REG_TEXT_SOCIAL_BOOK_READABILITY_CLEAR,0.8016837760479134,4
XGBoost,text_only,REG_TEXT_SOCIAL_BOOK_READABILITY_CLEAR,0.648522678355463,0
XGBoost,text_only,REG_TEXT_SOCIAL_BOOK_READABILITY_CLEAR,0.6608940061635562,1
XGBoost,text_only,REG_TEXT_SOCIAL_BOOK_READABILITY_CLEAR,0.6837104072843381,2
XGBoost,text_only,REG_TEXT_SOCIAL_BOOK_READABILITY_CLEAR,0.6847868572189686,3
XGBoost,text_only,REG_TEXT_SOCIAL_BOOK_READABILITY_CLEAR,0.6565080227370732,4
CatBoost,all,REG_TEXT_SOCIAL_FILMTV_MOVIE_RATING_ITALY,0.9868800167011306,0
CatBoost,all,REG_TEXT_SOCIAL_FILMTV_MOVIE_RATING_ITALY,0.9856719446297768,1
CatBoost,all,REG_TEXT_SOCIAL_FILMTV_MOVIE_RATING_ITALY,0.986493000048003,2
CatBoost,all,REG_TEXT_SOCIAL_FILMTV_MOVIE_RATING_ITALY,0.9873913946748156,3
CatBoost,all,REG_TEXT_SOCIAL_FILMTV_MOVIE_RATING_ITALY,0.9865123178212544,4
CatBoost,ft,REG_TEXT_SOCIAL_FILMTV_MOVIE_RATING_ITALY,0.9869572490736476,0
CatBoost,ft,REG_TEXT_SOCIAL_FILMTV_MOVIE_RATING_ITALY,0.9855884455174196,1
CatBoost,ft,REG_TEXT_SOCIAL_FILMTV_MOVIE_RATING_ITALY,0.9863044997864128,2
CatBoost,ft,REG_TEXT_SOCIAL_FILMTV_MOVIE_RATING_ITALY,0.9870882131970898,3
CatBoost,ft,REG_TEXT_SOCIAL_FILMTV_MOVIE_RATING_ITALY,0.9866329228787458,4
CatBoost,no_text,REG_TEXT_SOCIAL_FILMTV_MOVIE_RATING_ITALY,0.9877597414723386,0
CatBoost,no_text,REG_TEXT_SOCIAL_FILMTV_MOVIE_RATING_ITALY,0.9866064663756192,1
CatBoost,no_text,REG_TEXT_SOCIAL_FILMTV_MOVIE_RATING_ITALY,0.9873606599104652,2
CatBoost,no_text,REG_TEXT_SOCIAL_FILMTV_MOVIE_RATING_ITALY,0.988238640501444,3
CatBoost,no_text,REG_TEXT_SOCIAL_FILMTV_MOVIE_RATING_ITALY,0.9877642096769372,4
CatBoost,text_only,REG_TEXT_SOCIAL_FILMTV_MOVIE_RATING_ITALY,0.3912975251977549,0
CatBoost,text_only,REG_TEXT_SOCIAL_FILMTV_MOVIE_RATING_ITALY,0.4098377841864621,1
CatBoost,text_only,REG_TEXT_SOCIAL_FILMTV_MOVIE_RATING_ITALY,0.3697540969140696,2
CatBoost,text_only,REG_TEXT_SOCIAL_FILMTV_MOVIE_RATING_ITALY,0.3833578318920335,3
CatBoost,text_only,REG_TEXT_SOCIAL_FILMTV_MOVIE_RATING_ITALY,0.324138553863324,4
LightGBM,all,REG_TEXT_SOCIAL_FILMTV_MOVIE_RATING_ITALY,0.9874039136381518,0
LightGBM,all,REG_TEXT_SOCIAL_FILMTV_MOVIE_RATING_ITALY,0.9864037585291322,1
LightGBM,all,REG_TEXT_SOCIAL_FILMTV_MOVIE_RATING_ITALY,0.986677153784224,2
LightGBM,all,REG_TEXT_SOCIAL_FILMTV_MOVIE_RATING_ITALY,0.987088418637708,3
LightGBM,all,REG_TEXT_SOCIAL_FILMTV_MOVIE_RATING_ITALY,0.9870726115833688,4
LightGBM,ft,REG_TEXT_SOCIAL_FILMTV_MOVIE_RATING_ITALY,0.9872439991189788,0
LightGBM,ft,REG_TEXT_SOCIAL_FILMTV_MOVIE_RATING_ITALY,0.9861428476600816,1
LightGBM,ft,REG_TEXT_SOCIAL_FILMTV_MOVIE_RATING_ITALY,0.98648591355709,2
LightGBM,ft,REG_TEXT_SOCIAL_FILMTV_MOVIE_RATING_ITALY,0.987086655317676,3
LightGBM,ft,REG_TEXT_SOCIAL_FILMTV_MOVIE_RATING_ITALY,0.9870176813528018,4
LightGBM,no_text,REG_TEXT_SOCIAL_FILMTV_MOVIE_RATING_ITALY,0.9877726038038313,0
LightGBM,no_text,REG_TEXT_SOCIAL_FILMTV_MOVIE_RATING_ITALY,0.9865462332832864,1
LightGBM,no_text,REG_TEXT_SOCIAL_FILMTV_MOVIE_RATING_ITALY,0.9870398197095748,2
LightGBM,no_text,REG_TEXT_SOCIAL_FILMTV_MOVIE_RATING_ITALY,0.9876404997944712,3
LightGBM,no_text,REG_TEXT_SOCIAL_FILMTV_MOVIE_RATING_ITALY,0.987471873237414,4
LightGBM,text_only,REG_TEXT_SOCIAL_FILMTV_MOVIE_RATING_ITALY,0.3558062693970051,0
LightGBM,text_only,REG_TEXT_SOCIAL_FILMTV_MOVIE_RATING_ITALY,0.3689767511729733,1
LightGBM,text_only,REG_TEXT_SOCIAL_FILMTV_MOVIE_RATING_ITALY,0.3504980532916182,2
LightGBM,text_only,REG_TEXT_SOCIAL_FILMTV_MOVIE_RATING_ITALY,0.3451837739519175,3
LightGBM,text_only,REG_TEXT_SOCIAL_FILMTV_MOVIE_RATING_ITALY,0.2871779183950265,4
RandomForest,all,REG_TEXT_SOCIAL_FILMTV_MOVIE_RATING_ITALY,0.9786040316779075,0
RandomForest,all,REG_TEXT_SOCIAL_FILMTV_MOVIE_RATING_ITALY,0.9765165063494652,1
RandomForest,all,REG_TEXT_SOCIAL_FILMTV_MOVIE_RATING_ITALY,0.975490316954894,2
RandomForest,all,REG_TEXT_SOCIAL_FILMTV_MOVIE_RATING_ITALY,0.9784633891254452,3
RandomForest,all,REG_TEXT_SOCIAL_FILMTV_MOVIE_RATING_ITALY,0.9773662574434944,4
RandomForest,ft,REG_TEXT_SOCIAL_FILMTV_MOVIE_RATING_ITALY,0.9790015970229358,0
RandomForest,ft,REG_TEXT_SOCIAL_FILMTV_MOVIE_RATING_ITALY,0.9759853606606566,1
RandomForest,ft,REG_TEXT_SOCIAL_FILMTV_MOVIE_RATING_ITALY,0.9747894756382306,2
RandomForest,ft,REG_TEXT_SOCIAL_FILMTV_MOVIE_RATING_ITALY,0.9784443737101716,3
RandomForest,ft,REG_TEXT_SOCIAL_FILMTV_MOVIE_RATING_ITALY,0.9769799766912232,4
RandomForest,no_text,REG_TEXT_SOCIAL_FILMTV_MOVIE_RATING_ITALY,0.9793364576647644,0
RandomForest,no_text,REG_TEXT_SOCIAL_FILMTV_MOVIE_RATING_ITALY,0.97723726180779,1
RandomForest,no_text,REG_TEXT_SOCIAL_FILMTV_MOVIE_RATING_ITALY,0.9768982460193584,2
RandomForest,no_text,REG_TEXT_SOCIAL_FILMTV_MOVIE_RATING_ITALY,0.9791517991022322,3
RandomForest,no_text,REG_TEXT_SOCIAL_FILMTV_MOVIE_RATING_ITALY,0.9780944627876244,4
RandomForest,text_only,REG_TEXT_SOCIAL_FILMTV_MOVIE_RATING_ITALY,0.3152816618563167,0
RandomForest,text_only,REG_TEXT_SOCIAL_FILMTV_MOVIE_RATING_ITALY,0.3251767040871215,1
RandomForest,text_only,REG_TEXT_SOCIAL_FILMTV_MOVIE_RATING_ITALY,0.3221580247371979,2
RandomForest,text_only,REG_TEXT_SOCIAL_FILMTV_MOVIE_RATING_ITALY,0.3086117497400377,3
RandomForest,text_only,REG_TEXT_SOCIAL_FILMTV_MOVIE_RATING_ITALY,0.264627976595422,4
RealMLP,all,REG_TEXT_SOCIAL_FILMTV_MOVIE_RATING_ITALY,0.9757030176063972,0
RealMLP,all,REG_TEXT_SOCIAL_FILMTV_MOVIE_RATING_ITALY,0.9771293429755036,1
RealMLP,all,REG_TEXT_SOCIAL_FILMTV_MOVIE_RATING_ITALY,0.9743575165412666,2
RealMLP,all,REG_TEXT_SOCIAL_FILMTV_MOVIE_RATING_ITALY,0.9755812974808594,3
RealMLP,all,REG_TEXT_SOCIAL_FILMTV_MOVIE_RATING_ITALY,0.970842276555396,4
RealMLP,ft,REG_TEXT_SOCIAL_FILMTV_MOVIE_RATING_ITALY,0.979155271366602,0
RealMLP,ft,REG_TEXT_SOCIAL_FILMTV_MOVIE_RATING_ITALY,0.977712154357472,1
RealMLP,ft,REG_TEXT_SOCIAL_FILMTV_MOVIE_RATING_ITALY,0.9748845210247128,2
RealMLP,ft,REG_TEXT_SOCIAL_FILMTV_MOVIE_RATING_ITALY,0.9756862109751838,3
RealMLP,ft,REG_TEXT_SOCIAL_FILMTV_MOVIE_RATING_ITALY,0.9740691875957772,4
RealMLP,no_text,REG_TEXT_SOCIAL_FILMTV_MOVIE_RATING_ITALY,0.9820126716475592,0
RealMLP,no_text,REG_TEXT_SOCIAL_FILMTV_MOVIE_RATING_ITALY,0.979653846282035,1
RealMLP,no_text,REG_TEXT_SOCIAL_FILMTV_MOVIE_RATING_ITALY,0.9781676216952172,2
RealMLP,no_text,REG_TEXT_SOCIAL_FILMTV_MOVIE_RATING_ITALY,0.9801684628834654,3
RealMLP,no_text,REG_TEXT_SOCIAL_FILMTV_MOVIE_RATING_ITALY,0.9794887437597452,4
RealMLP,text_only,REG_TEXT_SOCIAL_FILMTV_MOVIE_RATING_ITALY,0.3393488925703638,0
RealMLP,text_only,REG_TEXT_SOCIAL_FILMTV_MOVIE_RATING_ITALY,0.3148236707202335,1
RealMLP,text_only,REG_TEXT_SOCIAL_FILMTV_MOVIE_RATING_ITALY,0.2528995073212531,2
RealMLP,text_only,REG_TEXT_SOCIAL_FILMTV_MOVIE_RATING_ITALY,0.3260490225322526,3
RealMLP,text_only,REG_TEXT_SOCIAL_FILMTV_MOVIE_RATING_ITALY,0.2427368485806341,4
TabDPT,all,REG_TEXT_SOCIAL_FILMTV_MOVIE_RATING_ITALY,0.8260646514478349,0
TabDPT,all,REG_TEXT_SOCIAL_FILMTV_MOVIE_RATING_ITALY,0.8390403753800852,1
TabDPT,all,REG_TEXT_SOCIAL_FILMTV_MOVIE_RATING_ITALY,0.7965898361501301,2
TabDPT,all,REG_TEXT_SOCIAL_FILMTV_MOVIE_RATING_ITALY,0.8248049813706907,3
TabDPT,all,REG_TEXT_SOCIAL_FILMTV_MOVIE_RATING_ITALY,0.8135711711179187,4
TabDPT,ft,REG_TEXT_SOCIAL_FILMTV_MOVIE_RATING_ITALY,0.7597876159923076,0
TabDPT,ft,REG_TEXT_SOCIAL_FILMTV_MOVIE_RATING_ITALY,0.8047079815345555,1
TabDPT,ft,REG_TEXT_SOCIAL_FILMTV_MOVIE_RATING_ITALY,0.7888723960467738,2
TabDPT,ft,REG_TEXT_SOCIAL_FILMTV_MOVIE_RATING_ITALY,0.802854386497718,3
TabDPT,ft,REG_TEXT_SOCIAL_FILMTV_MOVIE_RATING_ITALY,0.7748292862478294,4
TabDPT,no_text,REG_TEXT_SOCIAL_FILMTV_MOVIE_RATING_ITALY,0.9874966691941612,0
TabDPT,no_text,REG_TEXT_SOCIAL_FILMTV_MOVIE_RATING_ITALY,0.9853002727056392,1
TabDPT,no_text,REG_TEXT_SOCIAL_FILMTV_MOVIE_RATING_ITALY,0.9855377123982872,2
TabDPT,no_text,REG_TEXT_SOCIAL_FILMTV_MOVIE_RATING_ITALY,0.9860240021000128,3
TabDPT,no_text,REG_TEXT_SOCIAL_FILMTV_MOVIE_RATING_ITALY,0.9865352897984486,4
TabDPT,text_only,REG_TEXT_SOCIAL_FILMTV_MOVIE_RATING_ITALY,0.3402764968511166,0
TabDPT,text_only,REG_TEXT_SOCIAL_FILMTV_MOVIE_RATING_ITALY,0.3668316820398136,1
TabDPT,text_only,REG_TEXT_SOCIAL_FILMTV_MOVIE_RATING_ITALY,0.3260234180939722,2
TabDPT,text_only,REG_TEXT_SOCIAL_FILMTV_MOVIE_RATING_ITALY,0.352150766231984,3
TabDPT,text_only,REG_TEXT_SOCIAL_FILMTV_MOVIE_RATING_ITALY,0.2720224619785905,4
TabICLv2,all,REG_TEXT_SOCIAL_FILMTV_MOVIE_RATING_ITALY,0.9886523907592472,0
TabICLv2,all,REG_TEXT_SOCIAL_FILMTV_MOVIE_RATING_ITALY,0.9873319004986107,1
TabICLv2,all,REG_TEXT_SOCIAL_FILMTV_MOVIE_RATING_ITALY,0.9862606243992708,2
TabICLv2,all,REG_TEXT_SOCIAL_FILMTV_MOVIE_RATING_ITALY,0.987509962772366,3
TabICLv2,all,REG_TEXT_SOCIAL_FILMTV_MOVIE_RATING_ITALY,0.9875228017311244,4
TabICLv2,ft,REG_TEXT_SOCIAL_FILMTV_MOVIE_RATING_ITALY,0.9886627901448056,0
TabICLv2,ft,REG_TEXT_SOCIAL_FILMTV_MOVIE_RATING_ITALY,0.9874785701699976,1
TabICLv2,ft,REG_TEXT_SOCIAL_FILMTV_MOVIE_RATING_ITALY,0.9866246111528538,2
TabICLv2,ft,REG_TEXT_SOCIAL_FILMTV_MOVIE_RATING_ITALY,0.9878209498420372,3
TabICLv2,ft,REG_TEXT_SOCIAL_FILMTV_MOVIE_RATING_ITALY,0.9875648512783332,4
TabICLv2,no_text,REG_TEXT_SOCIAL_FILMTV_MOVIE_RATING_ITALY,0.9887100948666157,0
TabICLv2,no_text,REG_TEXT_SOCIAL_FILMTV_MOVIE_RATING_ITALY,0.9876622367294516,1
TabICLv2,no_text,REG_TEXT_SOCIAL_FILMTV_MOVIE_RATING_ITALY,0.9876700037371324,2
TabICLv2,no_text,REG_TEXT_SOCIAL_FILMTV_MOVIE_RATING_ITALY,0.9885813164972724,3
TabICLv2,no_text,REG_TEXT_SOCIAL_FILMTV_MOVIE_RATING_ITALY,0.9882771283314432,4
TabICLv2,text_only,REG_TEXT_SOCIAL_FILMTV_MOVIE_RATING_ITALY,0.3902713710466058,0
TabICLv2,text_only,REG_TEXT_SOCIAL_FILMTV_MOVIE_RATING_ITALY,0.3991433506252928,1
TabICLv2,text_only,REG_TEXT_SOCIAL_FILMTV_MOVIE_RATING_ITALY,0.3804544969436733,2
TabICLv2,text_only,REG_TEXT_SOCIAL_FILMTV_MOVIE_RATING_ITALY,0.3886051256216195,3
TabICLv2,text_only,REG_TEXT_SOCIAL_FILMTV_MOVIE_RATING_ITALY,0.3339838264323275,4
TabM,all,REG_TEXT_SOCIAL_FILMTV_MOVIE_RATING_ITALY,0.9820981206440612,0
TabM,all,REG_TEXT_SOCIAL_FILMTV_MOVIE_RATING_ITALY,0.9786906506210516,1
TabM,all,REG_TEXT_SOCIAL_FILMTV_MOVIE_RATING_ITALY,0.9773809206040448,2
TabM,all,REG_TEXT_SOCIAL_FILMTV_MOVIE_RATING_ITALY,0.9797063131773476,3
TabM,all,REG_TEXT_SOCIAL_FILMTV_MOVIE_RATING_ITALY,0.9776184657153016,4
TabM,ft,REG_TEXT_SOCIAL_FILMTV_MOVIE_RATING_ITALY,0.9824802275536546,0
TabM,ft,REG_TEXT_SOCIAL_FILMTV_MOVIE_RATING_ITALY,0.9789243460594286,1
TabM,ft,REG_TEXT_SOCIAL_FILMTV_MOVIE_RATING_ITALY,0.976429781503918,2
TabM,ft,REG_TEXT_SOCIAL_FILMTV_MOVIE_RATING_ITALY,0.9796008176307922,3
TabM,ft,REG_TEXT_SOCIAL_FILMTV_MOVIE_RATING_ITALY,0.9774356998078536,4
TabM,no_text,REG_TEXT_SOCIAL_FILMTV_MOVIE_RATING_ITALY,0.9822687290372746,0
TabM,no_text,REG_TEXT_SOCIAL_FILMTV_MOVIE_RATING_ITALY,0.9798982167429506,1
TabM,no_text,REG_TEXT_SOCIAL_FILMTV_MOVIE_RATING_ITALY,0.9786249753220028,2
TabM,no_text,REG_TEXT_SOCIAL_FILMTV_MOVIE_RATING_ITALY,0.9807996641618804,3
TabM,no_text,REG_TEXT_SOCIAL_FILMTV_MOVIE_RATING_ITALY,0.979269008466408,4
TabM,text_only,REG_TEXT_SOCIAL_FILMTV_MOVIE_RATING_ITALY,0.399329635871595,0
TabM,text_only,REG_TEXT_SOCIAL_FILMTV_MOVIE_RATING_ITALY,0.4065003578178391,1
TabM,text_only,REG_TEXT_SOCIAL_FILMTV_MOVIE_RATING_ITALY,0.3892948314806302,2
TabM,text_only,REG_TEXT_SOCIAL_FILMTV_MOVIE_RATING_ITALY,0.4048547691769814,3
TabM,text_only,REG_TEXT_SOCIAL_FILMTV_MOVIE_RATING_ITALY,0.329835095340654,4
TabPFN-2.5,all,REG_TEXT_SOCIAL_FILMTV_MOVIE_RATING_ITALY,0.9887533475932184,0
TabPFN-2.5,all,REG_TEXT_SOCIAL_FILMTV_MOVIE_RATING_ITALY,0.9879599193624709,1
TabPFN-2.5,all,REG_TEXT_SOCIAL_FILMTV_MOVIE_RATING_ITALY,0.9879409041772692,2
TabPFN-2.5,all,REG_TEXT_SOCIAL_FILMTV_MOVIE_RATING_ITALY,0.9887804799306376,3
TabPFN-2.5,all,REG_TEXT_SOCIAL_FILMTV_MOVIE_RATING_ITALY,0.9881470810967756,4
TabPFN-2.5,ft,REG_TEXT_SOCIAL_FILMTV_MOVIE_RATING_ITALY,0.9888148365346368,0
TabPFN-2.5,ft,REG_TEXT_SOCIAL_FILMTV_MOVIE_RATING_ITALY,0.988036339598314,1
TabPFN-2.5,ft,REG_TEXT_SOCIAL_FILMTV_MOVIE_RATING_ITALY,0.9879384525394438,2
TabPFN-2.5,ft,REG_TEXT_SOCIAL_FILMTV_MOVIE_RATING_ITALY,0.9888100324100926,3
TabPFN-2.5,ft,REG_TEXT_SOCIAL_FILMTV_MOVIE_RATING_ITALY,0.988180216245924,4
TabPFN-2.5,no_text,REG_TEXT_SOCIAL_FILMTV_MOVIE_RATING_ITALY,0.9886594895888184,0
TabPFN-2.5,no_text,REG_TEXT_SOCIAL_FILMTV_MOVIE_RATING_ITALY,0.9877992039232092,1
TabPFN-2.5,no_text,REG_TEXT_SOCIAL_FILMTV_MOVIE_RATING_ITALY,0.9879518760425696,2
TabPFN-2.5,no_text,REG_TEXT_SOCIAL_FILMTV_MOVIE_RATING_ITALY,0.9887300437526444,3
TabPFN-2.5,no_text,REG_TEXT_SOCIAL_FILMTV_MOVIE_RATING_ITALY,0.9881344716816332,4
TabPFN-2.5,text_only,REG_TEXT_SOCIAL_FILMTV_MOVIE_RATING_ITALY,0.4022730397810833,0
TabPFN-2.5,text_only,REG_TEXT_SOCIAL_FILMTV_MOVIE_RATING_ITALY,0.402163540017178,1
TabPFN-2.5,text_only,REG_TEXT_SOCIAL_FILMTV_MOVIE_RATING_ITALY,0.38334680678977,2
TabPFN-2.5,text_only,REG_TEXT_SOCIAL_FILMTV_MOVIE_RATING_ITALY,0.3979596400419646,3
TabPFN-2.5,text_only,REG_TEXT_SOCIAL_FILMTV_MOVIE_RATING_ITALY,0.3428395820639314,4
TabPFNv2,all,REG_TEXT_SOCIAL_FILMTV_MOVIE_RATING_ITALY,0.988488786909183,0
TabPFNv2,all,REG_TEXT_SOCIAL_FILMTV_MOVIE_RATING_ITALY,0.9867913925979742,1
TabPFNv2,all,REG_TEXT_SOCIAL_FILMTV_MOVIE_RATING_ITALY,0.9873653417984284,2
TabPFNv2,all,REG_TEXT_SOCIAL_FILMTV_MOVIE_RATING_ITALY,0.9878623712281216,3
TabPFNv2,all,REG_TEXT_SOCIAL_FILMTV_MOVIE_RATING_ITALY,0.9877304430274662,4
TabPFNv2,ft,REG_TEXT_SOCIAL_FILMTV_MOVIE_RATING_ITALY,0.9885532792557752,0
TabPFNv2,ft,REG_TEXT_SOCIAL_FILMTV_MOVIE_RATING_ITALY,0.986913114177065,1
TabPFNv2,ft,REG_TEXT_SOCIAL_FILMTV_MOVIE_RATING_ITALY,0.9873825350857656,2
TabPFNv2,ft,REG_TEXT_SOCIAL_FILMTV_MOVIE_RATING_ITALY,0.987899118184544,3
TabPFNv2,ft,REG_TEXT_SOCIAL_FILMTV_MOVIE_RATING_ITALY,0.987726820708266,4
TabPFNv2,no_text,REG_TEXT_SOCIAL_FILMTV_MOVIE_RATING_ITALY,0.988477697548694,0
TabPFNv2,no_text,REG_TEXT_SOCIAL_FILMTV_MOVIE_RATING_ITALY,0.9871014921041448,1
TabPFNv2,no_text,REG_TEXT_SOCIAL_FILMTV_MOVIE_RATING_ITALY,0.9874325833104544,2
TabPFNv2,no_text,REG_TEXT_SOCIAL_FILMTV_MOVIE_RATING_ITALY,0.9880194046258556,3
TabPFNv2,no_text,REG_TEXT_SOCIAL_FILMTV_MOVIE_RATING_ITALY,0.987739446338605,4
TabPFNv2,text_only,REG_TEXT_SOCIAL_FILMTV_MOVIE_RATING_ITALY,0.3777384224227013,0
TabPFNv2,text_only,REG_TEXT_SOCIAL_FILMTV_MOVIE_RATING_ITALY,0.3931183605378493,1
TabPFNv2,text_only,REG_TEXT_SOCIAL_FILMTV_MOVIE_RATING_ITALY,0.353476125869987,2
TabPFNv2,text_only,REG_TEXT_SOCIAL_FILMTV_MOVIE_RATING_ITALY,0.3839803958697541,3
TabPFNv2,text_only,REG_TEXT_SOCIAL_FILMTV_MOVIE_RATING_ITALY,0.3255955377988192,4
XGBoost,all,REG_TEXT_SOCIAL_FILMTV_MOVIE_RATING_ITALY,0.9775667410494708,0
XGBoost,all,REG_TEXT_SOCIAL_FILMTV_MOVIE_RATING_ITALY,0.9770288215405428,1
XGBoost,all,REG_TEXT_SOCIAL_FILMTV_MOVIE_RATING_ITALY,0.9762973939919478,2
XGBoost,all,REG_TEXT_SOCIAL_FILMTV_MOVIE_RATING_ITALY,0.9775191689067732,3
XGBoost,all,REG_TEXT_SOCIAL_FILMTV_MOVIE_RATING_ITALY,0.9760885141314084,4
XGBoost,ft,REG_TEXT_SOCIAL_FILMTV_MOVIE_RATING_ITALY,0.9773472259824468,0
XGBoost,ft,REG_TEXT_SOCIAL_FILMTV_MOVIE_RATING_ITALY,0.976074761475106,1
XGBoost,ft,REG_TEXT_SOCIAL_FILMTV_MOVIE_RATING_ITALY,0.9767055142385732,2
XGBoost,ft,REG_TEXT_SOCIAL_FILMTV_MOVIE_RATING_ITALY,0.9776250696498064,3
XGBoost,ft,REG_TEXT_SOCIAL_FILMTV_MOVIE_RATING_ITALY,0.977368203165677,4
XGBoost,no_text,REG_TEXT_SOCIAL_FILMTV_MOVIE_RATING_ITALY,0.9809190985989202,0
XGBoost,no_text,REG_TEXT_SOCIAL_FILMTV_MOVIE_RATING_ITALY,0.9785416860616282,1
XGBoost,no_text,REG_TEXT_SOCIAL_FILMTV_MOVIE_RATING_ITALY,0.978059036802513,2
XGBoost,no_text,REG_TEXT_SOCIAL_FILMTV_MOVIE_RATING_ITALY,0.9793776276941992,3
XGBoost,no_text,REG_TEXT_SOCIAL_FILMTV_MOVIE_RATING_ITALY,0.9787293275040492,4
XGBoost,text_only,REG_TEXT_SOCIAL_FILMTV_MOVIE_RATING_ITALY,0.2990667185037716,0
XGBoost,text_only,REG_TEXT_SOCIAL_FILMTV_MOVIE_RATING_ITALY,0.3162406820692665,1
XGBoost,text_only,REG_TEXT_SOCIAL_FILMTV_MOVIE_RATING_ITALY,0.3052133402054618,2
XGBoost,text_only,REG_TEXT_SOCIAL_FILMTV_MOVIE_RATING_ITALY,0.278918741886161,3
XGBoost,text_only,REG_TEXT_SOCIAL_FILMTV_MOVIE_RATING_ITALY,0.244125431591813,4
CatBoost,all,REG_TEXT_SOCIAL_KOREAN_DRAMA,0.4105890229076669,0
CatBoost,all,REG_TEXT_SOCIAL_KOREAN_DRAMA,0.3163774962775939,1
CatBoost,all,REG_TEXT_SOCIAL_KOREAN_DRAMA,0.5394791840700419,2
CatBoost,all,REG_TEXT_SOCIAL_KOREAN_DRAMA,0.4788192314292051,3
CatBoost,all,REG_TEXT_SOCIAL_KOREAN_DRAMA,0.5201178738547564,4
CatBoost,ft,REG_TEXT_SOCIAL_KOREAN_DRAMA,0.4638572449462593,0
CatBoost,ft,REG_TEXT_SOCIAL_KOREAN_DRAMA,0.3520022622036581,1
CatBoost,ft,REG_TEXT_SOCIAL_KOREAN_DRAMA,0.4980263610857476,2
CatBoost,ft,REG_TEXT_SOCIAL_KOREAN_DRAMA,0.4758045033778083,3
CatBoost,ft,REG_TEXT_SOCIAL_KOREAN_DRAMA,0.4730851214126415,4
CatBoost,no_text,REG_TEXT_SOCIAL_KOREAN_DRAMA,0.202089275576266,0
CatBoost,no_text,REG_TEXT_SOCIAL_KOREAN_DRAMA,0.200392017844652,1
CatBoost,no_text,REG_TEXT_SOCIAL_KOREAN_DRAMA,0.2843086787481044,2
CatBoost,no_text,REG_TEXT_SOCIAL_KOREAN_DRAMA,0.328143656763765,3
CatBoost,no_text,REG_TEXT_SOCIAL_KOREAN_DRAMA,0.3098871586794707,4
CatBoost,text_only,REG_TEXT_SOCIAL_KOREAN_DRAMA,0.3363431279926355,0
CatBoost,text_only,REG_TEXT_SOCIAL_KOREAN_DRAMA,0.3119353445262935,1
CatBoost,text_only,REG_TEXT_SOCIAL_KOREAN_DRAMA,0.4804808979852137,2
CatBoost,text_only,REG_TEXT_SOCIAL_KOREAN_DRAMA,0.3988200279924827,3
CatBoost,text_only,REG_TEXT_SOCIAL_KOREAN_DRAMA,0.4574458901919152,4
LightGBM,all,REG_TEXT_SOCIAL_KOREAN_DRAMA,0.3727027977453737,0
LightGBM,all,REG_TEXT_SOCIAL_KOREAN_DRAMA,0.3126480014046124,1
LightGBM,all,REG_TEXT_SOCIAL_KOREAN_DRAMA,0.4739717197790044,2
LightGBM,all,REG_TEXT_SOCIAL_KOREAN_DRAMA,0.4741870407232078,3
LightGBM,all,REG_TEXT_SOCIAL_KOREAN_DRAMA,0.4640129060804152,4
LightGBM,ft,REG_TEXT_SOCIAL_KOREAN_DRAMA,0.4238128434535265,0
LightGBM,ft,REG_TEXT_SOCIAL_KOREAN_DRAMA,0.3763079679688201,1
LightGBM,ft,REG_TEXT_SOCIAL_KOREAN_DRAMA,0.4702599888557942,2
LightGBM,ft,REG_TEXT_SOCIAL_KOREAN_DRAMA,0.4556413695602856,3
LightGBM,ft,REG_TEXT_SOCIAL_KOREAN_DRAMA,0.4791073951014746,4
LightGBM,no_text,REG_TEXT_SOCIAL_KOREAN_DRAMA,0.1875122084883933,0
LightGBM,no_text,REG_TEXT_SOCIAL_KOREAN_DRAMA,0.1183796896900281,1
LightGBM,no_text,REG_TEXT_SOCIAL_KOREAN_DRAMA,0.271530548714163,2
LightGBM,no_text,REG_TEXT_SOCIAL_KOREAN_DRAMA,0.3454912922674533,3
LightGBM,no_text,REG_TEXT_SOCIAL_KOREAN_DRAMA,0.3082040532982854,4
LightGBM,text_only,REG_TEXT_SOCIAL_KOREAN_DRAMA,0.3630175368702979,0
LightGBM,text_only,REG_TEXT_SOCIAL_KOREAN_DRAMA,0.3121389143818193,1
LightGBM,text_only,REG_TEXT_SOCIAL_KOREAN_DRAMA,0.4647287683297116,2
LightGBM,text_only,REG_TEXT_SOCIAL_KOREAN_DRAMA,0.3487842224501974,3
LightGBM,text_only,REG_TEXT_SOCIAL_KOREAN_DRAMA,0.4227633646755165,4
RandomForest,all,REG_TEXT_SOCIAL_KOREAN_DRAMA,0.4241420684810875,0
RandomForest,all,REG_TEXT_SOCIAL_KOREAN_DRAMA,0.2482737730757155,1
RandomForest,all,REG_TEXT_SOCIAL_KOREAN_DRAMA,0.4897177003720772,2
RandomForest,all,REG_TEXT_SOCIAL_KOREAN_DRAMA,0.4213044673925733,3
RandomForest,all,REG_TEXT_SOCIAL_KOREAN_DRAMA,0.4249235735223832,4
RandomForest,ft,REG_TEXT_SOCIAL_KOREAN_DRAMA,0.4253021174470512,0
RandomForest,ft,REG_TEXT_SOCIAL_KOREAN_DRAMA,0.3401569922179434,1
RandomForest,ft,REG_TEXT_SOCIAL_KOREAN_DRAMA,0.4753330756977153,2
RandomForest,ft,REG_TEXT_SOCIAL_KOREAN_DRAMA,0.4495518498506544,3
RandomForest,ft,REG_TEXT_SOCIAL_KOREAN_DRAMA,0.4406954627538497,4
RandomForest,no_text,REG_TEXT_SOCIAL_KOREAN_DRAMA,0.1150316461853181,0
RandomForest,no_text,REG_TEXT_SOCIAL_KOREAN_DRAMA,-0.0167751420740704,1
RandomForest,no_text,REG_TEXT_SOCIAL_KOREAN_DRAMA,0.2511537578157072,2
RandomForest,no_text,REG_TEXT_SOCIAL_KOREAN_DRAMA,0.2890742792714078,3
RandomForest,no_text,REG_TEXT_SOCIAL_KOREAN_DRAMA,0.2054014876149081,4
RandomForest,text_only,REG_TEXT_SOCIAL_KOREAN_DRAMA,0.3336049077943426,0
RandomForest,text_only,REG_TEXT_SOCIAL_KOREAN_DRAMA,0.2732209999185726,1
RandomForest,text_only,REG_TEXT_SOCIAL_KOREAN_DRAMA,0.457087699624473,2
RandomForest,text_only,REG_TEXT_SOCIAL_KOREAN_DRAMA,0.3134047271799888,3
RandomForest,text_only,REG_TEXT_SOCIAL_KOREAN_DRAMA,0.3971132526533147,4
RealMLP,all,REG_TEXT_SOCIAL_KOREAN_DRAMA,0.4032858816070208,0
RealMLP,all,REG_TEXT_SOCIAL_KOREAN_DRAMA,0.3522403755253608,1
RealMLP,all,REG_TEXT_SOCIAL_KOREAN_DRAMA,0.3879240482023415,2
RealMLP,all,REG_TEXT_SOCIAL_KOREAN_DRAMA,0.4814539082171578,3
RealMLP,all,REG_TEXT_SOCIAL_KOREAN_DRAMA,0.4800190625384123,4
RealMLP,ft,REG_TEXT_SOCIAL_KOREAN_DRAMA,0.3958050316380231,0
RealMLP,ft,REG_TEXT_SOCIAL_KOREAN_DRAMA,0.3733043109540734,1
RealMLP,ft,REG_TEXT_SOCIAL_KOREAN_DRAMA,0.339327313181214,2
RealMLP,ft,REG_TEXT_SOCIAL_KOREAN_DRAMA,0.4113997287728268,3
RealMLP,ft,REG_TEXT_SOCIAL_KOREAN_DRAMA,0.5032429339687734,4
RealMLP,no_text,REG_TEXT_SOCIAL_KOREAN_DRAMA,0.1791099111311721,0
RealMLP,no_text,REG_TEXT_SOCIAL_KOREAN_DRAMA,0.1537985233455823,1
RealMLP,no_text,REG_TEXT_SOCIAL_KOREAN_DRAMA,0.326812928560806,2
RealMLP,no_text,REG_TEXT_SOCIAL_KOREAN_DRAMA,0.3629300188853527,3
RealMLP,no_text,REG_TEXT_SOCIAL_KOREAN_DRAMA,0.3000889900910531,4
RealMLP,text_only,REG_TEXT_SOCIAL_KOREAN_DRAMA,0.3288423125067813,0
RealMLP,text_only,REG_TEXT_SOCIAL_KOREAN_DRAMA,0.3151430419731897,1
RealMLP,text_only,REG_TEXT_SOCIAL_KOREAN_DRAMA,0.3238759718515179,2
RealMLP,text_only,REG_TEXT_SOCIAL_KOREAN_DRAMA,0.3732300084723521,3
RealMLP,text_only,REG_TEXT_SOCIAL_KOREAN_DRAMA,0.5074099706782758,4
TabDPT,all,REG_TEXT_SOCIAL_KOREAN_DRAMA,0.4319591984696422,0
TabDPT,all,REG_TEXT_SOCIAL_KOREAN_DRAMA,0.4222515695173531,1
TabDPT,all,REG_TEXT_SOCIAL_KOREAN_DRAMA,0.5269148459274757,2
TabDPT,all,REG_TEXT_SOCIAL_KOREAN_DRAMA,0.4695054455669935,3
TabDPT,all,REG_TEXT_SOCIAL_KOREAN_DRAMA,0.5333752106610872,4
TabDPT,ft,REG_TEXT_SOCIAL_KOREAN_DRAMA,0.468543198506546,0
TabDPT,ft,REG_TEXT_SOCIAL_KOREAN_DRAMA,0.3401724944386196,1
TabDPT,ft,REG_TEXT_SOCIAL_KOREAN_DRAMA,0.4959247526082243,2
TabDPT,ft,REG_TEXT_SOCIAL_KOREAN_DRAMA,0.4638254201896231,3
TabDPT,ft,REG_TEXT_SOCIAL_KOREAN_DRAMA,0.5469027253352031,4
TabDPT,no_text,REG_TEXT_SOCIAL_KOREAN_DRAMA,0.2363484537834088,0
TabDPT,no_text,REG_TEXT_SOCIAL_KOREAN_DRAMA,0.1869690904225731,1
TabDPT,no_text,REG_TEXT_SOCIAL_KOREAN_DRAMA,0.3291548019215153,2
TabDPT,no_text,REG_TEXT_SOCIAL_KOREAN_DRAMA,0.3579325230491524,3
TabDPT,no_text,REG_TEXT_SOCIAL_KOREAN_DRAMA,0.3056125643012047,4
TabDPT,text_only,REG_TEXT_SOCIAL_KOREAN_DRAMA,0.3929226569162781,0
TabDPT,text_only,REG_TEXT_SOCIAL_KOREAN_DRAMA,0.3943372906072275,1
TabDPT,text_only,REG_TEXT_SOCIAL_KOREAN_DRAMA,0.4982442575621951,2
TabDPT,text_only,REG_TEXT_SOCIAL_KOREAN_DRAMA,0.3900185683887048,3
TabDPT,text_only,REG_TEXT_SOCIAL_KOREAN_DRAMA,0.4942287616346605,4
TabICLv2,all,REG_TEXT_SOCIAL_KOREAN_DRAMA,0.4879350797801113,0
TabICLv2,all,REG_TEXT_SOCIAL_KOREAN_DRAMA,0.3791543543198586,1
TabICLv2,all,REG_TEXT_SOCIAL_KOREAN_DRAMA,0.562176617932479,2
TabICLv2,all,REG_TEXT_SOCIAL_KOREAN_DRAMA,0.535913066799121,3
TabICLv2,all,REG_TEXT_SOCIAL_KOREAN_DRAMA,0.5635243858324861,4
TabICLv2,ft,REG_TEXT_SOCIAL_KOREAN_DRAMA,0.4807941326094688,0
TabICLv2,ft,REG_TEXT_SOCIAL_KOREAN_DRAMA,0.3783092095375524,1
TabICLv2,ft,REG_TEXT_SOCIAL_KOREAN_DRAMA,0.5324099048906143,2
TabICLv2,ft,REG_TEXT_SOCIAL_KOREAN_DRAMA,0.5290928975746502,3
TabICLv2,ft,REG_TEXT_SOCIAL_KOREAN_DRAMA,0.5463529572501515,4
TabICLv2,no_text,REG_TEXT_SOCIAL_KOREAN_DRAMA,0.2370532534873214,0
TabICLv2,no_text,REG_TEXT_SOCIAL_KOREAN_DRAMA,0.207522392666035,1
TabICLv2,no_text,REG_TEXT_SOCIAL_KOREAN_DRAMA,0.3365222483735812,2
TabICLv2,no_text,REG_TEXT_SOCIAL_KOREAN_DRAMA,0.3597417170804604,3
TabICLv2,no_text,REG_TEXT_SOCIAL_KOREAN_DRAMA,0.2954457340180937,4
TabICLv2,text_only,REG_TEXT_SOCIAL_KOREAN_DRAMA,0.4113470052746976,0
TabICLv2,text_only,REG_TEXT_SOCIAL_KOREAN_DRAMA,0.3604787553058349,1
TabICLv2,text_only,REG_TEXT_SOCIAL_KOREAN_DRAMA,0.5272151859761596,2
TabICLv2,text_only,REG_TEXT_SOCIAL_KOREAN_DRAMA,0.4865178316749229,3
TabICLv2,text_only,REG_TEXT_SOCIAL_KOREAN_DRAMA,0.5442957502115444,4
TabM,all,REG_TEXT_SOCIAL_KOREAN_DRAMA,0.503952829728822,0
TabM,all,REG_TEXT_SOCIAL_KOREAN_DRAMA,0.4195405137798066,1
TabM,all,REG_TEXT_SOCIAL_KOREAN_DRAMA,0.5019787896449124,2
TabM,all,REG_TEXT_SOCIAL_KOREAN_DRAMA,0.5133833697514758,3
TabM,all,REG_TEXT_SOCIAL_KOREAN_DRAMA,0.5310358505956585,4
TabM,ft,REG_TEXT_SOCIAL_KOREAN_DRAMA,0.4867150175702794,0
TabM,ft,REG_TEXT_SOCIAL_KOREAN_DRAMA,0.3883103449804573,1
TabM,ft,REG_TEXT_SOCIAL_KOREAN_DRAMA,0.4677139351284786,2
TabM,ft,REG_TEXT_SOCIAL_KOREAN_DRAMA,0.4771863716852196,3
TabM,ft,REG_TEXT_SOCIAL_KOREAN_DRAMA,0.4676111072918407,4
TabM,no_text,REG_TEXT_SOCIAL_KOREAN_DRAMA,0.222118937154729,0
TabM,no_text,REG_TEXT_SOCIAL_KOREAN_DRAMA,0.1800791211805723,1
TabM,no_text,REG_TEXT_SOCIAL_KOREAN_DRAMA,0.3182019288030266,2
TabM,no_text,REG_TEXT_SOCIAL_KOREAN_DRAMA,0.3411782500842975,3
TabM,no_text,REG_TEXT_SOCIAL_KOREAN_DRAMA,0.1801746776591285,4
TabM,text_only,REG_TEXT_SOCIAL_KOREAN_DRAMA,0.4532886812452513,0
TabM,text_only,REG_TEXT_SOCIAL_KOREAN_DRAMA,0.3624426784249341,1
TabM,text_only,REG_TEXT_SOCIAL_KOREAN_DRAMA,0.4700793557010813,2
TabM,text_only,REG_TEXT_SOCIAL_KOREAN_DRAMA,0.4386076608531933,3
TabM,text_only,REG_TEXT_SOCIAL_KOREAN_DRAMA,0.5071328040070376,4
TabPFN-2.5,all,REG_TEXT_SOCIAL_KOREAN_DRAMA,0.4654824586055065,0
TabPFN-2.5,all,REG_TEXT_SOCIAL_KOREAN_DRAMA,0.4027601540219414,1
TabPFN-2.5,all,REG_TEXT_SOCIAL_KOREAN_DRAMA,0.5474557184726577,2
TabPFN-2.5,all,REG_TEXT_SOCIAL_KOREAN_DRAMA,0.5359318296864963,3
TabPFN-2.5,all,REG_TEXT_SOCIAL_KOREAN_DRAMA,0.5859723222161298,4
TabPFN-2.5,ft,REG_TEXT_SOCIAL_KOREAN_DRAMA,0.4695456966872585,0
TabPFN-2.5,ft,REG_TEXT_SOCIAL_KOREAN_DRAMA,0.3909733831088449,1
TabPFN-2.5,ft,REG_TEXT_SOCIAL_KOREAN_DRAMA,0.5145198640544949,2
TabPFN-2.5,ft,REG_TEXT_SOCIAL_KOREAN_DRAMA,0.5461232725604366,3
TabPFN-2.5,ft,REG_TEXT_SOCIAL_KOREAN_DRAMA,0.5326092403832134,4
TabPFN-2.5,no_text,REG_TEXT_SOCIAL_KOREAN_DRAMA,0.2256663793925656,0
TabPFN-2.5,no_text,REG_TEXT_SOCIAL_KOREAN_DRAMA,0.1978535842735187,1
TabPFN-2.5,no_text,REG_TEXT_SOCIAL_KOREAN_DRAMA,0.3401405457090101,2
TabPFN-2.5,no_text,REG_TEXT_SOCIAL_KOREAN_DRAMA,0.3690286172921736,3
TabPFN-2.5,no_text,REG_TEXT_SOCIAL_KOREAN_DRAMA,0.3079741271203073,4
TabPFN-2.5,text_only,REG_TEXT_SOCIAL_KOREAN_DRAMA,0.4111608054044695,0
TabPFN-2.5,text_only,REG_TEXT_SOCIAL_KOREAN_DRAMA,0.3932672549855144,1
TabPFN-2.5,text_only,REG_TEXT_SOCIAL_KOREAN_DRAMA,0.4731317830450832,2
TabPFN-2.5,text_only,REG_TEXT_SOCIAL_KOREAN_DRAMA,0.4715805840015366,3
TabPFN-2.5,text_only,REG_TEXT_SOCIAL_KOREAN_DRAMA,0.5073471391592088,4
TabPFNv2,all,REG_TEXT_SOCIAL_KOREAN_DRAMA,0.4381394403978548,0
TabPFNv2,all,REG_TEXT_SOCIAL_KOREAN_DRAMA,0.3536337337459579,1
TabPFNv2,all,REG_TEXT_SOCIAL_KOREAN_DRAMA,0.494919039483802,2
TabPFNv2,all,REG_TEXT_SOCIAL_KOREAN_DRAMA,0.5293596340514882,3
TabPFNv2,all,REG_TEXT_SOCIAL_KOREAN_DRAMA,0.5426634429413427,4
TabPFNv2,ft,REG_TEXT_SOCIAL_KOREAN_DRAMA,0.4443100553420206,0
TabPFNv2,ft,REG_TEXT_SOCIAL_KOREAN_DRAMA,0.3424406281990351,1
TabPFNv2,ft,REG_TEXT_SOCIAL_KOREAN_DRAMA,0.4801390912688891,2
TabPFNv2,ft,REG_TEXT_SOCIAL_KOREAN_DRAMA,0.5384980972737966,3
TabPFNv2,ft,REG_TEXT_SOCIAL_KOREAN_DRAMA,0.4959161679034856,4
TabPFNv2,no_text,REG_TEXT_SOCIAL_KOREAN_DRAMA,0.222597740966968,0
TabPFNv2,no_text,REG_TEXT_SOCIAL_KOREAN_DRAMA,0.1500943909093886,1
TabPFNv2,no_text,REG_TEXT_SOCIAL_KOREAN_DRAMA,0.3346314088808949,2
TabPFNv2,no_text,REG_TEXT_SOCIAL_KOREAN_DRAMA,0.3807067554085764,3
TabPFNv2,no_text,REG_TEXT_SOCIAL_KOREAN_DRAMA,0.3013852983505707,4
TabPFNv2,text_only,REG_TEXT_SOCIAL_KOREAN_DRAMA,0.3766157943321662,0
TabPFNv2,text_only,REG_TEXT_SOCIAL_KOREAN_DRAMA,0.353340175683165,1
TabPFNv2,text_only,REG_TEXT_SOCIAL_KOREAN_DRAMA,0.4383715490486904,2
TabPFNv2,text_only,REG_TEXT_SOCIAL_KOREAN_DRAMA,0.4816835939599098,3
TabPFNv2,text_only,REG_TEXT_SOCIAL_KOREAN_DRAMA,0.4821377445745612,4
XGBoost,all,REG_TEXT_SOCIAL_KOREAN_DRAMA,0.3286901536709804,0
XGBoost,all,REG_TEXT_SOCIAL_KOREAN_DRAMA,0.1814508409011969,1
XGBoost,all,REG_TEXT_SOCIAL_KOREAN_DRAMA,0.4370004141902949,2
XGBoost,all,REG_TEXT_SOCIAL_KOREAN_DRAMA,0.3525369976789112,3
XGBoost,all,REG_TEXT_SOCIAL_KOREAN_DRAMA,0.3798192018888222,4
XGBoost,ft,REG_TEXT_SOCIAL_KOREAN_DRAMA,0.3585621368738727,0
XGBoost,ft,REG_TEXT_SOCIAL_KOREAN_DRAMA,0.3385015769398216,1
XGBoost,ft,REG_TEXT_SOCIAL_KOREAN_DRAMA,0.4178866070661713,2
XGBoost,ft,REG_TEXT_SOCIAL_KOREAN_DRAMA,0.4387948900325314,3
XGBoost,ft,REG_TEXT_SOCIAL_KOREAN_DRAMA,0.4399649006065949,4
XGBoost,no_text,REG_TEXT_SOCIAL_KOREAN_DRAMA,0.1508069562264125,0
XGBoost,no_text,REG_TEXT_SOCIAL_KOREAN_DRAMA,0.1568018575773796,1
XGBoost,no_text,REG_TEXT_SOCIAL_KOREAN_DRAMA,0.3135145183522677,2
XGBoost,no_text,REG_TEXT_SOCIAL_KOREAN_DRAMA,0.2896932543421603,3
XGBoost,no_text,REG_TEXT_SOCIAL_KOREAN_DRAMA,0.2962801888140232,4
XGBoost,text_only,REG_TEXT_SOCIAL_KOREAN_DRAMA,0.2083171406305729,0
XGBoost,text_only,REG_TEXT_SOCIAL_KOREAN_DRAMA,0.2337740487417541,1
XGBoost,text_only,REG_TEXT_SOCIAL_KOREAN_DRAMA,0.2480416101619484,2
XGBoost,text_only,REG_TEXT_SOCIAL_KOREAN_DRAMA,0.246002185190232,3
XGBoost,text_only,REG_TEXT_SOCIAL_KOREAN_DRAMA,0.3539208875814867,4
CatBoost,all,REG_TEXT_SOCIAL_MOVIES_DATASET_REVENUE,0.8046824619497389,0
CatBoost,all,REG_TEXT_SOCIAL_MOVIES_DATASET_REVENUE,0.8329848966664383,1
CatBoost,all,REG_TEXT_SOCIAL_MOVIES_DATASET_REVENUE,0.7916503183521234,2
CatBoost,all,REG_TEXT_SOCIAL_MOVIES_DATASET_REVENUE,0.8364713921957776,3
CatBoost,all,REG_TEXT_SOCIAL_MOVIES_DATASET_REVENUE,0.7745982874484459,4
CatBoost,ft,REG_TEXT_SOCIAL_MOVIES_DATASET_REVENUE,0.7884335260579789,0
CatBoost,ft,REG_TEXT_SOCIAL_MOVIES_DATASET_REVENUE,0.8360500057017419,1
CatBoost,ft,REG_TEXT_SOCIAL_MOVIES_DATASET_REVENUE,0.7927682537063216,2
CatBoost,ft,REG_TEXT_SOCIAL_MOVIES_DATASET_REVENUE,0.8217863218555911,3
CatBoost,ft,REG_TEXT_SOCIAL_MOVIES_DATASET_REVENUE,0.7616897341024906,4
CatBoost,no_text,REG_TEXT_SOCIAL_MOVIES_DATASET_REVENUE,0.6416382081185354,0
CatBoost,no_text,REG_TEXT_SOCIAL_MOVIES_DATASET_REVENUE,0.798876362102984,1
CatBoost,no_text,REG_TEXT_SOCIAL_MOVIES_DATASET_REVENUE,0.7270105921360737,2
CatBoost,no_text,REG_TEXT_SOCIAL_MOVIES_DATASET_REVENUE,0.7931272633697175,3
CatBoost,no_text,REG_TEXT_SOCIAL_MOVIES_DATASET_REVENUE,0.7355543136897502,4
CatBoost,text_only,REG_TEXT_SOCIAL_MOVIES_DATASET_REVENUE,0.4733723924957418,0
CatBoost,text_only,REG_TEXT_SOCIAL_MOVIES_DATASET_REVENUE,0.4918799065832804,1
CatBoost,text_only,REG_TEXT_SOCIAL_MOVIES_DATASET_REVENUE,0.5354747719569328,2
CatBoost,text_only,REG_TEXT_SOCIAL_MOVIES_DATASET_REVENUE,0.3986515076894179,3
CatBoost,text_only,REG_TEXT_SOCIAL_MOVIES_DATASET_REVENUE,0.4390820687499011,4
LightGBM,all,REG_TEXT_SOCIAL_MOVIES_DATASET_REVENUE,0.783845333702729,0
LightGBM,all,REG_TEXT_SOCIAL_MOVIES_DATASET_REVENUE,0.8340865705120439,1
LightGBM,all,REG_TEXT_SOCIAL_MOVIES_DATASET_REVENUE,0.8234686494060015,2
LightGBM,all,REG_TEXT_SOCIAL_MOVIES_DATASET_REVENUE,0.8139235640477394,3
LightGBM,all,REG_TEXT_SOCIAL_MOVIES_DATASET_REVENUE,0.7542526642365682,4
LightGBM,ft,REG_TEXT_SOCIAL_MOVIES_DATASET_REVENUE,0.7634565036723954,0
LightGBM,ft,REG_TEXT_SOCIAL_MOVIES_DATASET_REVENUE,0.8550175090099885,1
LightGBM,ft,REG_TEXT_SOCIAL_MOVIES_DATASET_REVENUE,0.8288085505472663,2
LightGBM,ft,REG_TEXT_SOCIAL_MOVIES_DATASET_REVENUE,0.8004956752065994,3
LightGBM,ft,REG_TEXT_SOCIAL_MOVIES_DATASET_REVENUE,0.7156909436123957,4
LightGBM,no_text,REG_TEXT_SOCIAL_MOVIES_DATASET_REVENUE,0.6834673896510124,0
LightGBM,no_text,REG_TEXT_SOCIAL_MOVIES_DATASET_REVENUE,0.7795916981818332,1
LightGBM,no_text,REG_TEXT_SOCIAL_MOVIES_DATASET_REVENUE,0.751045882160841,2
LightGBM,no_text,REG_TEXT_SOCIAL_MOVIES_DATASET_REVENUE,0.7785791440841032,3
LightGBM,no_text,REG_TEXT_SOCIAL_MOVIES_DATASET_REVENUE,0.6776942208275412,4
LightGBM,text_only,REG_TEXT_SOCIAL_MOVIES_DATASET_REVENUE,0.4694106860836767,0
LightGBM,text_only,REG_TEXT_SOCIAL_MOVIES_DATASET_REVENUE,0.4303942885637088,1
LightGBM,text_only,REG_TEXT_SOCIAL_MOVIES_DATASET_REVENUE,0.535167177254003,2
LightGBM,text_only,REG_TEXT_SOCIAL_MOVIES_DATASET_REVENUE,0.4387871676777792,3
LightGBM,text_only,REG_TEXT_SOCIAL_MOVIES_DATASET_REVENUE,0.3789729825310785,4
RandomForest,all,REG_TEXT_SOCIAL_MOVIES_DATASET_REVENUE,0.7822366834579817,0
RandomForest,all,REG_TEXT_SOCIAL_MOVIES_DATASET_REVENUE,0.8298490057920671,1
RandomForest,all,REG_TEXT_SOCIAL_MOVIES_DATASET_REVENUE,0.7925012840251145,2
RandomForest,all,REG_TEXT_SOCIAL_MOVIES_DATASET_REVENUE,0.821458454227085,3
RandomForest,all,REG_TEXT_SOCIAL_MOVIES_DATASET_REVENUE,0.7652350338733843,4
RandomForest,ft,REG_TEXT_SOCIAL_MOVIES_DATASET_REVENUE,0.7806483752333362,0
RandomForest,ft,REG_TEXT_SOCIAL_MOVIES_DATASET_REVENUE,0.8355180363508926,1
RandomForest,ft,REG_TEXT_SOCIAL_MOVIES_DATASET_REVENUE,0.7812941795444055,2
RandomForest,ft,REG_TEXT_SOCIAL_MOVIES_DATASET_REVENUE,0.8101129468513455,3
RandomForest,ft,REG_TEXT_SOCIAL_MOVIES_DATASET_REVENUE,0.7604756557606218,4
RandomForest,no_text,REG_TEXT_SOCIAL_MOVIES_DATASET_REVENUE,0.6641360485690554,0
RandomForest,no_text,REG_TEXT_SOCIAL_MOVIES_DATASET_REVENUE,0.7960934815453924,1
RandomForest,no_text,REG_TEXT_SOCIAL_MOVIES_DATASET_REVENUE,0.7270517055046334,2
RandomForest,no_text,REG_TEXT_SOCIAL_MOVIES_DATASET_REVENUE,0.8058909436763717,3
RandomForest,no_text,REG_TEXT_SOCIAL_MOVIES_DATASET_REVENUE,0.7285424604250854,4
RandomForest,text_only,REG_TEXT_SOCIAL_MOVIES_DATASET_REVENUE,0.3302048592751758,0
RandomForest,text_only,REG_TEXT_SOCIAL_MOVIES_DATASET_REVENUE,0.3204122294329615,1
RandomForest,text_only,REG_TEXT_SOCIAL_MOVIES_DATASET_REVENUE,0.3997177693141327,2
RandomForest,text_only,REG_TEXT_SOCIAL_MOVIES_DATASET_REVENUE,0.3022597025148069,3
RandomForest,text_only,REG_TEXT_SOCIAL_MOVIES_DATASET_REVENUE,0.3895572479626378,4
RealMLP,all,REG_TEXT_SOCIAL_MOVIES_DATASET_REVENUE,0.6759500846044673,0
RealMLP,all,REG_TEXT_SOCIAL_MOVIES_DATASET_REVENUE,0.7961631217182171,1
RealMLP,all,REG_TEXT_SOCIAL_MOVIES_DATASET_REVENUE,0.736235800430411,2
RealMLP,all,REG_TEXT_SOCIAL_MOVIES_DATASET_REVENUE,0.7531303300031211,3
RealMLP,all,REG_TEXT_SOCIAL_MOVIES_DATASET_REVENUE,0.6210993511034113,4
RealMLP,ft,REG_TEXT_SOCIAL_MOVIES_DATASET_REVENUE,0.5680178645267732,0
RealMLP,ft,REG_TEXT_SOCIAL_MOVIES_DATASET_REVENUE,0.7563117463577562,1
RealMLP,ft,REG_TEXT_SOCIAL_MOVIES_DATASET_REVENUE,0.6224755421152296,2
RealMLP,ft,REG_TEXT_SOCIAL_MOVIES_DATASET_REVENUE,0.7781936007128787,3
RealMLP,ft,REG_TEXT_SOCIAL_MOVIES_DATASET_REVENUE,0.6848565697057274,4
RealMLP,no_text,REG_TEXT_SOCIAL_MOVIES_DATASET_REVENUE,0.6894405197448747,0
RealMLP,no_text,REG_TEXT_SOCIAL_MOVIES_DATASET_REVENUE,0.6868048179388276,1
RealMLP,no_text,REG_TEXT_SOCIAL_MOVIES_DATASET_REVENUE,0.6601661014866858,2
RealMLP,no_text,REG_TEXT_SOCIAL_MOVIES_DATASET_REVENUE,0.7284415698370107,3
RealMLP,no_text,REG_TEXT_SOCIAL_MOVIES_DATASET_REVENUE,0.6637062833160855,4
RealMLP,text_only,REG_TEXT_SOCIAL_MOVIES_DATASET_REVENUE,0.4899668913753899,0
RealMLP,text_only,REG_TEXT_SOCIAL_MOVIES_DATASET_REVENUE,0.5142720285522284,1
RealMLP,text_only,REG_TEXT_SOCIAL_MOVIES_DATASET_REVENUE,0.6696761372118871,2
RealMLP,text_only,REG_TEXT_SOCIAL_MOVIES_DATASET_REVENUE,0.5630369179040725,3
RealMLP,text_only,REG_TEXT_SOCIAL_MOVIES_DATASET_REVENUE,0.4245280550125598,4
TabDPT,all,REG_TEXT_SOCIAL_MOVIES_DATASET_REVENUE,0.4866409026026751,0
TabDPT,all,REG_TEXT_SOCIAL_MOVIES_DATASET_REVENUE,0.4809194700997179,1
TabDPT,all,REG_TEXT_SOCIAL_MOVIES_DATASET_REVENUE,0.4457066352122305,2
TabDPT,all,REG_TEXT_SOCIAL_MOVIES_DATASET_REVENUE,0.5089393165825671,3
TabDPT,all,REG_TEXT_SOCIAL_MOVIES_DATASET_REVENUE,0.4354345377047242,4
TabDPT,ft,REG_TEXT_SOCIAL_MOVIES_DATASET_REVENUE,0.4155793477703953,0
TabDPT,ft,REG_TEXT_SOCIAL_MOVIES_DATASET_REVENUE,0.4375487829229766,1
TabDPT,ft,REG_TEXT_SOCIAL_MOVIES_DATASET_REVENUE,0.385264022079078,2
TabDPT,ft,REG_TEXT_SOCIAL_MOVIES_DATASET_REVENUE,0.3744937143483036,3
TabDPT,ft,REG_TEXT_SOCIAL_MOVIES_DATASET_REVENUE,0.3957094878261994,4
TabDPT,no_text,REG_TEXT_SOCIAL_MOVIES_DATASET_REVENUE,0.689788000437092,0
TabDPT,no_text,REG_TEXT_SOCIAL_MOVIES_DATASET_REVENUE,0.6681713616761813,1
TabDPT,no_text,REG_TEXT_SOCIAL_MOVIES_DATASET_REVENUE,0.6192770167516848,2
TabDPT,no_text,REG_TEXT_SOCIAL_MOVIES_DATASET_REVENUE,0.7110771700888021,3
TabDPT,no_text,REG_TEXT_SOCIAL_MOVIES_DATASET_REVENUE,0.6878852832275312,4
TabDPT,text_only,REG_TEXT_SOCIAL_MOVIES_DATASET_REVENUE,0.2982882077509662,0
TabDPT,text_only,REG_TEXT_SOCIAL_MOVIES_DATASET_REVENUE,0.2176901412449677,1
TabDPT,text_only,REG_TEXT_SOCIAL_MOVIES_DATASET_REVENUE,0.2251264459064385,2
TabDPT,text_only,REG_TEXT_SOCIAL_MOVIES_DATASET_REVENUE,0.2467882325815843,3
TabDPT,text_only,REG_TEXT_SOCIAL_MOVIES_DATASET_REVENUE,0.2470425845641684,4
TabICLv2,all,REG_TEXT_SOCIAL_MOVIES_DATASET_REVENUE,0.7875015522555118,0
TabICLv2,all,REG_TEXT_SOCIAL_MOVIES_DATASET_REVENUE,0.8133242885552826,1
TabICLv2,all,REG_TEXT_SOCIAL_MOVIES_DATASET_REVENUE,0.7934541279071273,2
TabICLv2,all,REG_TEXT_SOCIAL_MOVIES_DATASET_REVENUE,0.8467089598080066,3
TabICLv2,all,REG_TEXT_SOCIAL_MOVIES_DATASET_REVENUE,0.7435038841384123,4
TabICLv2,ft,REG_TEXT_SOCIAL_MOVIES_DATASET_REVENUE,0.755337308968886,0
TabICLv2,ft,REG_TEXT_SOCIAL_MOVIES_DATASET_REVENUE,0.8115298163190727,1
TabICLv2,ft,REG_TEXT_SOCIAL_MOVIES_DATASET_REVENUE,0.8053953248501272,2
TabICLv2,ft,REG_TEXT_SOCIAL_MOVIES_DATASET_REVENUE,0.7770413495700272,3
TabICLv2,ft,REG_TEXT_SOCIAL_MOVIES_DATASET_REVENUE,0.7283232298385969,4
TabICLv2,no_text,REG_TEXT_SOCIAL_MOVIES_DATASET_REVENUE,0.686450974899961,0
TabICLv2,no_text,REG_TEXT_SOCIAL_MOVIES_DATASET_REVENUE,0.7250594911680243,1
TabICLv2,no_text,REG_TEXT_SOCIAL_MOVIES_DATASET_REVENUE,0.6586038412501936,2
TabICLv2,no_text,REG_TEXT_SOCIAL_MOVIES_DATASET_REVENUE,0.7558423690847049,3
TabICLv2,no_text,REG_TEXT_SOCIAL_MOVIES_DATASET_REVENUE,0.6839961254059255,4
TabICLv2,text_only,REG_TEXT_SOCIAL_MOVIES_DATASET_REVENUE,0.6197395609989784,0
TabICLv2,text_only,REG_TEXT_SOCIAL_MOVIES_DATASET_REVENUE,0.5714953812037178,1
TabICLv2,text_only,REG_TEXT_SOCIAL_MOVIES_DATASET_REVENUE,0.6158449208003534,2
TabICLv2,text_only,REG_TEXT_SOCIAL_MOVIES_DATASET_REVENUE,0.5620684431837302,3
TabICLv2,text_only,REG_TEXT_SOCIAL_MOVIES_DATASET_REVENUE,0.5012202787063023,4
TabM,all,REG_TEXT_SOCIAL_MOVIES_DATASET_REVENUE,0.7232186677409007,0
TabM,all,REG_TEXT_SOCIAL_MOVIES_DATASET_REVENUE,0.8601311092058747,1
TabM,all,REG_TEXT_SOCIAL_MOVIES_DATASET_REVENUE,0.8012503159355394,2
TabM,all,REG_TEXT_SOCIAL_MOVIES_DATASET_REVENUE,0.8510146808298946,3
TabM,all,REG_TEXT_SOCIAL_MOVIES_DATASET_REVENUE,0.7478037045864316,4
TabM,ft,REG_TEXT_SOCIAL_MOVIES_DATASET_REVENUE,0.7371152448127787,0
TabM,ft,REG_TEXT_SOCIAL_MOVIES_DATASET_REVENUE,0.8251176903259373,1
TabM,ft,REG_TEXT_SOCIAL_MOVIES_DATASET_REVENUE,0.8086361515170857,2
TabM,ft,REG_TEXT_SOCIAL_MOVIES_DATASET_REVENUE,0.8090376169105102,3
TabM,ft,REG_TEXT_SOCIAL_MOVIES_DATASET_REVENUE,0.6828855570846046,4
TabM,no_text,REG_TEXT_SOCIAL_MOVIES_DATASET_REVENUE,0.7135998123372727,0
TabM,no_text,REG_TEXT_SOCIAL_MOVIES_DATASET_REVENUE,0.784649965976226,1
TabM,no_text,REG_TEXT_SOCIAL_MOVIES_DATASET_REVENUE,0.7600168538267063,2
TabM,no_text,REG_TEXT_SOCIAL_MOVIES_DATASET_REVENUE,0.8246819875119572,3
TabM,no_text,REG_TEXT_SOCIAL_MOVIES_DATASET_REVENUE,0.7736169346332522,4
TabM,text_only,REG_TEXT_SOCIAL_MOVIES_DATASET_REVENUE,0.4393334100239352,0
TabM,text_only,REG_TEXT_SOCIAL_MOVIES_DATASET_REVENUE,0.6586565810762601,1
TabM,text_only,REG_TEXT_SOCIAL_MOVIES_DATASET_REVENUE,0.6781481394919089,2
TabM,text_only,REG_TEXT_SOCIAL_MOVIES_DATASET_REVENUE,0.5200622419543092,3
TabM,text_only,REG_TEXT_SOCIAL_MOVIES_DATASET_REVENUE,0.5118200691237653,4
TabPFN-2.5,all,REG_TEXT_SOCIAL_MOVIES_DATASET_REVENUE,0.6933249361782116,0
TabPFN-2.5,all,REG_TEXT_SOCIAL_MOVIES_DATASET_REVENUE,0.6604161327446552,1
TabPFN-2.5,all,REG_TEXT_SOCIAL_MOVIES_DATASET_REVENUE,0.5699838788156955,2
TabPFN-2.5,all,REG_TEXT_SOCIAL_MOVIES_DATASET_REVENUE,0.6785572474820386,3
TabPFN-2.5,all,REG_TEXT_SOCIAL_MOVIES_DATASET_REVENUE,0.5870412942523701,4
TabPFN-2.5,ft,REG_TEXT_SOCIAL_MOVIES_DATASET_REVENUE,0.6940708029147464,0
TabPFN-2.5,ft,REG_TEXT_SOCIAL_MOVIES_DATASET_REVENUE,0.65032990649823,1
TabPFN-2.5,ft,REG_TEXT_SOCIAL_MOVIES_DATASET_REVENUE,0.5856787024912986,2
TabPFN-2.5,ft,REG_TEXT_SOCIAL_MOVIES_DATASET_REVENUE,0.6418060894877872,3
TabPFN-2.5,ft,REG_TEXT_SOCIAL_MOVIES_DATASET_REVENUE,0.5563688112386338,4
TabPFN-2.5,no_text,REG_TEXT_SOCIAL_MOVIES_DATASET_REVENUE,0.657001877279416,0
TabPFN-2.5,no_text,REG_TEXT_SOCIAL_MOVIES_DATASET_REVENUE,0.6300208091194186,1
TabPFN-2.5,no_text,REG_TEXT_SOCIAL_MOVIES_DATASET_REVENUE,0.5771013338522583,2
TabPFN-2.5,no_text,REG_TEXT_SOCIAL_MOVIES_DATASET_REVENUE,0.658391779936661,3
TabPFN-2.5,no_text,REG_TEXT_SOCIAL_MOVIES_DATASET_REVENUE,0.5919646809303334,4
TabPFN-2.5,text_only,REG_TEXT_SOCIAL_MOVIES_DATASET_REVENUE,0.4899189289606132,0
TabPFN-2.5,text_only,REG_TEXT_SOCIAL_MOVIES_DATASET_REVENUE,0.4675792252773907,1
TabPFN-2.5,text_only,REG_TEXT_SOCIAL_MOVIES_DATASET_REVENUE,0.4809270725409934,2
TabPFN-2.5,text_only,REG_TEXT_SOCIAL_MOVIES_DATASET_REVENUE,0.4249380317073294,3
TabPFN-2.5,text_only,REG_TEXT_SOCIAL_MOVIES_DATASET_REVENUE,0.4112161795859863,4
TabPFNv2,all,REG_TEXT_SOCIAL_MOVIES_DATASET_REVENUE,0.3729868312939031,0
TabPFNv2,all,REG_TEXT_SOCIAL_MOVIES_DATASET_REVENUE,0.2369911763509694,1
TabPFNv2,all,REG_TEXT_SOCIAL_MOVIES_DATASET_REVENUE,0.215108091078189,2
TabPFNv2,all,REG_TEXT_SOCIAL_MOVIES_DATASET_REVENUE,0.2665201290371185,3
TabPFNv2,all,REG_TEXT_SOCIAL_MOVIES_DATASET_REVENUE,0.3431447308468663,4
TabPFNv2,ft,REG_TEXT_SOCIAL_MOVIES_DATASET_REVENUE,0.376305059437523,0
TabPFNv2,ft,REG_TEXT_SOCIAL_MOVIES_DATASET_REVENUE,0.2357123342976713,1
TabPFNv2,ft,REG_TEXT_SOCIAL_MOVIES_DATASET_REVENUE,0.2097179417622907,2
TabPFNv2,ft,REG_TEXT_SOCIAL_MOVIES_DATASET_REVENUE,0.2554175379976784,3
TabPFNv2,ft,REG_TEXT_SOCIAL_MOVIES_DATASET_REVENUE,0.3352632275763973,4
TabPFNv2,no_text,REG_TEXT_SOCIAL_MOVIES_DATASET_REVENUE,0.3675448775208842,0
TabPFNv2,no_text,REG_TEXT_SOCIAL_MOVIES_DATASET_REVENUE,0.2600834216671173,1
TabPFNv2,no_text,REG_TEXT_SOCIAL_MOVIES_DATASET_REVENUE,0.2171249156701685,2
TabPFNv2,no_text,REG_TEXT_SOCIAL_MOVIES_DATASET_REVENUE,0.2536247773601322,3
TabPFNv2,no_text,REG_TEXT_SOCIAL_MOVIES_DATASET_REVENUE,0.3384202888216425,4
TabPFNv2,text_only,REG_TEXT_SOCIAL_MOVIES_DATASET_REVENUE,0.2439372705205431,0
TabPFNv2,text_only,REG_TEXT_SOCIAL_MOVIES_DATASET_REVENUE,0.1002136545350771,1
TabPFNv2,text_only,REG_TEXT_SOCIAL_MOVIES_DATASET_REVENUE,0.1231714355599693,2
TabPFNv2,text_only,REG_TEXT_SOCIAL_MOVIES_DATASET_REVENUE,0.1436436969100133,3
TabPFNv2,text_only,REG_TEXT_SOCIAL_MOVIES_DATASET_REVENUE,0.1871599646544179,4
XGBoost,all,REG_TEXT_SOCIAL_MOVIES_DATASET_REVENUE,0.7466502950787702,0
XGBoost,all,REG_TEXT_SOCIAL_MOVIES_DATASET_REVENUE,0.7689242496878599,1
XGBoost,all,REG_TEXT_SOCIAL_MOVIES_DATASET_REVENUE,0.6797904346372381,2
XGBoost,all,REG_TEXT_SOCIAL_MOVIES_DATASET_REVENUE,0.769509704814041,3
XGBoost,all,REG_TEXT_SOCIAL_MOVIES_DATASET_REVENUE,0.7328671355026546,4
XGBoost,ft,REG_TEXT_SOCIAL_MOVIES_DATASET_REVENUE,0.7584237481405893,0
XGBoost,ft,REG_TEXT_SOCIAL_MOVIES_DATASET_REVENUE,0.7960225287628007,1
XGBoost,ft,REG_TEXT_SOCIAL_MOVIES_DATASET_REVENUE,0.7505470573172919,2
XGBoost,ft,REG_TEXT_SOCIAL_MOVIES_DATASET_REVENUE,0.8280955525122365,3
XGBoost,ft,REG_TEXT_SOCIAL_MOVIES_DATASET_REVENUE,0.7616584517252587,4
XGBoost,no_text,REG_TEXT_SOCIAL_MOVIES_DATASET_REVENUE,0.6326167379834418,0
XGBoost,no_text,REG_TEXT_SOCIAL_MOVIES_DATASET_REVENUE,0.7774451794701196,1
XGBoost,no_text,REG_TEXT_SOCIAL_MOVIES_DATASET_REVENUE,0.6431817211675679,2
XGBoost,no_text,REG_TEXT_SOCIAL_MOVIES_DATASET_REVENUE,0.7811311957936539,3
XGBoost,no_text,REG_TEXT_SOCIAL_MOVIES_DATASET_REVENUE,0.7142613809539395,4
XGBoost,text_only,REG_TEXT_SOCIAL_MOVIES_DATASET_REVENUE,0.4419785502173047,0
XGBoost,text_only,REG_TEXT_SOCIAL_MOVIES_DATASET_REVENUE,0.327324865873923,1
XGBoost,text_only,REG_TEXT_SOCIAL_MOVIES_DATASET_REVENUE,0.536376304796337,2
XGBoost,text_only,REG_TEXT_SOCIAL_MOVIES_DATASET_REVENUE,0.4387166949370294,3
XGBoost,text_only,REG_TEXT_SOCIAL_MOVIES_DATASET_REVENUE,0.3177877454085471,4
CatBoost,all,REG_TEXT_SOCIAL_MOVIES_ROTTEN_TOMATOES,0.5177779673592546,0
CatBoost,all,REG_TEXT_SOCIAL_MOVIES_ROTTEN_TOMATOES,0.560818438947507,1
CatBoost,all,REG_TEXT_SOCIAL_MOVIES_ROTTEN_TOMATOES,0.4986097738008574,2
CatBoost,all,REG_TEXT_SOCIAL_MOVIES_ROTTEN_TOMATOES,0.5048879616738908,3
CatBoost,all,REG_TEXT_SOCIAL_MOVIES_ROTTEN_TOMATOES,0.4525374474253286,4
CatBoost,ft,REG_TEXT_SOCIAL_MOVIES_ROTTEN_TOMATOES,0.5385011660895782,0
CatBoost,ft,REG_TEXT_SOCIAL_MOVIES_ROTTEN_TOMATOES,0.5711833760274767,1
CatBoost,ft,REG_TEXT_SOCIAL_MOVIES_ROTTEN_TOMATOES,0.5019144807844486,2
CatBoost,ft,REG_TEXT_SOCIAL_MOVIES_ROTTEN_TOMATOES,0.5140696022073108,3
CatBoost,ft,REG_TEXT_SOCIAL_MOVIES_ROTTEN_TOMATOES,0.4787052500366318,4
CatBoost,no_text,REG_TEXT_SOCIAL_MOVIES_ROTTEN_TOMATOES,0.2077100540475661,0
CatBoost,no_text,REG_TEXT_SOCIAL_MOVIES_ROTTEN_TOMATOES,0.1896213122159966,1
CatBoost,no_text,REG_TEXT_SOCIAL_MOVIES_ROTTEN_TOMATOES,0.1864862684059575,2
CatBoost,no_text,REG_TEXT_SOCIAL_MOVIES_ROTTEN_TOMATOES,0.1769612993330063,3
CatBoost,no_text,REG_TEXT_SOCIAL_MOVIES_ROTTEN_TOMATOES,0.1871925934992131,4
CatBoost,text_only,REG_TEXT_SOCIAL_MOVIES_ROTTEN_TOMATOES,0.4789122199092769,0
CatBoost,text_only,REG_TEXT_SOCIAL_MOVIES_ROTTEN_TOMATOES,0.5420960783834372,1
CatBoost,text_only,REG_TEXT_SOCIAL_MOVIES_ROTTEN_TOMATOES,0.4835948342325201,2
CatBoost,text_only,REG_TEXT_SOCIAL_MOVIES_ROTTEN_TOMATOES,0.4911629392134078,3
CatBoost,text_only,REG_TEXT_SOCIAL_MOVIES_ROTTEN_TOMATOES,0.4530015411724756,4
LightGBM,all,REG_TEXT_SOCIAL_MOVIES_ROTTEN_TOMATOES,0.5008822390088339,0
LightGBM,all,REG_TEXT_SOCIAL_MOVIES_ROTTEN_TOMATOES,0.52372594740011,1
LightGBM,all,REG_TEXT_SOCIAL_MOVIES_ROTTEN_TOMATOES,0.4556556449653528,2
LightGBM,all,REG_TEXT_SOCIAL_MOVIES_ROTTEN_TOMATOES,0.4794609427488325,3
LightGBM,all,REG_TEXT_SOCIAL_MOVIES_ROTTEN_TOMATOES,0.4339268096427079,4
LightGBM,ft,REG_TEXT_SOCIAL_MOVIES_ROTTEN_TOMATOES,0.5207988062481683,0
LightGBM,ft,REG_TEXT_SOCIAL_MOVIES_ROTTEN_TOMATOES,0.563513327565407,1
LightGBM,ft,REG_TEXT_SOCIAL_MOVIES_ROTTEN_TOMATOES,0.4906792842176316,2
LightGBM,ft,REG_TEXT_SOCIAL_MOVIES_ROTTEN_TOMATOES,0.479515347136265,3
LightGBM,ft,REG_TEXT_SOCIAL_MOVIES_ROTTEN_TOMATOES,0.4533836989471654,4
LightGBM,no_text,REG_TEXT_SOCIAL_MOVIES_ROTTEN_TOMATOES,0.1849923244075169,0
LightGBM,no_text,REG_TEXT_SOCIAL_MOVIES_ROTTEN_TOMATOES,0.1762963337674376,1
LightGBM,no_text,REG_TEXT_SOCIAL_MOVIES_ROTTEN_TOMATOES,0.1617066146661666,2
LightGBM,no_text,REG_TEXT_SOCIAL_MOVIES_ROTTEN_TOMATOES,0.1357106410552028,3
LightGBM,no_text,REG_TEXT_SOCIAL_MOVIES_ROTTEN_TOMATOES,0.1570477030714514,4
LightGBM,text_only,REG_TEXT_SOCIAL_MOVIES_ROTTEN_TOMATOES,0.4582347085768717,0
LightGBM,text_only,REG_TEXT_SOCIAL_MOVIES_ROTTEN_TOMATOES,0.5003790903631056,1
LightGBM,text_only,REG_TEXT_SOCIAL_MOVIES_ROTTEN_TOMATOES,0.4685232331654398,2
LightGBM,text_only,REG_TEXT_SOCIAL_MOVIES_ROTTEN_TOMATOES,0.4708477158282678,3
LightGBM,text_only,REG_TEXT_SOCIAL_MOVIES_ROTTEN_TOMATOES,0.4304781123720428,4
RandomForest,all,REG_TEXT_SOCIAL_MOVIES_ROTTEN_TOMATOES,0.455750983420753,0
RandomForest,all,REG_TEXT_SOCIAL_MOVIES_ROTTEN_TOMATOES,0.4696732512890305,1
RandomForest,all,REG_TEXT_SOCIAL_MOVIES_ROTTEN_TOMATOES,0.4432075851076702,2
RandomForest,all,REG_TEXT_SOCIAL_MOVIES_ROTTEN_TOMATOES,0.4350920293622628,3
RandomForest,all,REG_TEXT_SOCIAL_MOVIES_ROTTEN_TOMATOES,0.3791275513772404,4
RandomForest,ft,REG_TEXT_SOCIAL_MOVIES_ROTTEN_TOMATOES,0.4527766405565724,0
RandomForest,ft,REG_TEXT_SOCIAL_MOVIES_ROTTEN_TOMATOES,0.50293401077962,1
RandomForest,ft,REG_TEXT_SOCIAL_MOVIES_ROTTEN_TOMATOES,0.4711004874931484,2
RandomForest,ft,REG_TEXT_SOCIAL_MOVIES_ROTTEN_TOMATOES,0.4655587304167473,3
RandomForest,ft,REG_TEXT_SOCIAL_MOVIES_ROTTEN_TOMATOES,0.4393257039733981,4
RandomForest,no_text,REG_TEXT_SOCIAL_MOVIES_ROTTEN_TOMATOES,0.0352603096485929,0
RandomForest,no_text,REG_TEXT_SOCIAL_MOVIES_ROTTEN_TOMATOES,-0.040945512110986,1
RandomForest,no_text,REG_TEXT_SOCIAL_MOVIES_ROTTEN_TOMATOES,0.0156641291085269,2
RandomForest,no_text,REG_TEXT_SOCIAL_MOVIES_ROTTEN_TOMATOES,-0.001648096424222,3
RandomForest,no_text,REG_TEXT_SOCIAL_MOVIES_ROTTEN_TOMATOES,-0.0146738297763848,4
RandomForest,text_only,REG_TEXT_SOCIAL_MOVIES_ROTTEN_TOMATOES,0.3939697967203385,0
RandomForest,text_only,REG_TEXT_SOCIAL_MOVIES_ROTTEN_TOMATOES,0.4598410896426668,1
RandomForest,text_only,REG_TEXT_SOCIAL_MOVIES_ROTTEN_TOMATOES,0.4323477992926949,2
RandomForest,text_only,REG_TEXT_SOCIAL_MOVIES_ROTTEN_TOMATOES,0.4211096486006763,3
RandomForest,text_only,REG_TEXT_SOCIAL_MOVIES_ROTTEN_TOMATOES,0.3854874428590443,4
RealMLP,all,REG_TEXT_SOCIAL_MOVIES_ROTTEN_TOMATOES,0.5150134981227596,0
RealMLP,all,REG_TEXT_SOCIAL_MOVIES_ROTTEN_TOMATOES,0.5452196732468707,1
RealMLP,all,REG_TEXT_SOCIAL_MOVIES_ROTTEN_TOMATOES,0.5114524823718527,2
RealMLP,all,REG_TEXT_SOCIAL_MOVIES_ROTTEN_TOMATOES,0.4896385480173684,3
RealMLP,all,REG_TEXT_SOCIAL_MOVIES_ROTTEN_TOMATOES,0.409095570660639,4
RealMLP,ft,REG_TEXT_SOCIAL_MOVIES_ROTTEN_TOMATOES,0.5132009561353352,0
RealMLP,ft,REG_TEXT_SOCIAL_MOVIES_ROTTEN_TOMATOES,0.5550055563050375,1
RealMLP,ft,REG_TEXT_SOCIAL_MOVIES_ROTTEN_TOMATOES,0.4964308877652101,2
RealMLP,ft,REG_TEXT_SOCIAL_MOVIES_ROTTEN_TOMATOES,0.4944623321822481,3
RealMLP,ft,REG_TEXT_SOCIAL_MOVIES_ROTTEN_TOMATOES,0.4684943759338638,4
RealMLP,no_text,REG_TEXT_SOCIAL_MOVIES_ROTTEN_TOMATOES,0.1832473325892009,0
RealMLP,no_text,REG_TEXT_SOCIAL_MOVIES_ROTTEN_TOMATOES,0.1847886589014444,1
RealMLP,no_text,REG_TEXT_SOCIAL_MOVIES_ROTTEN_TOMATOES,0.1856437942708658,2
RealMLP,no_text,REG_TEXT_SOCIAL_MOVIES_ROTTEN_TOMATOES,0.1743013106534546,3
RealMLP,no_text,REG_TEXT_SOCIAL_MOVIES_ROTTEN_TOMATOES,0.1867347688619369,4
RealMLP,text_only,REG_TEXT_SOCIAL_MOVIES_ROTTEN_TOMATOES,0.4636909595553981,0
RealMLP,text_only,REG_TEXT_SOCIAL_MOVIES_ROTTEN_TOMATOES,0.5419372113889964,1
RealMLP,text_only,REG_TEXT_SOCIAL_MOVIES_ROTTEN_TOMATOES,0.4853753457870485,2
RealMLP,text_only,REG_TEXT_SOCIAL_MOVIES_ROTTEN_TOMATOES,0.4290788443023122,3
RealMLP,text_only,REG_TEXT_SOCIAL_MOVIES_ROTTEN_TOMATOES,0.4527964358484856,4
TabDPT,all,REG_TEXT_SOCIAL_MOVIES_ROTTEN_TOMATOES,0.4224197778938307,0
TabDPT,all,REG_TEXT_SOCIAL_MOVIES_ROTTEN_TOMATOES,0.4399753863853158,1
TabDPT,all,REG_TEXT_SOCIAL_MOVIES_ROTTEN_TOMATOES,0.4163216992810831,2
TabDPT,all,REG_TEXT_SOCIAL_MOVIES_ROTTEN_TOMATOES,0.413287216042644,3
TabDPT,all,REG_TEXT_SOCIAL_MOVIES_ROTTEN_TOMATOES,0.3787071241986888,4
TabDPT,ft,REG_TEXT_SOCIAL_MOVIES_ROTTEN_TOMATOES,0.4154526217945721,0
TabDPT,ft,REG_TEXT_SOCIAL_MOVIES_ROTTEN_TOMATOES,0.4823261830126188,1
TabDPT,ft,REG_TEXT_SOCIAL_MOVIES_ROTTEN_TOMATOES,0.4615728367805811,2
TabDPT,ft,REG_TEXT_SOCIAL_MOVIES_ROTTEN_TOMATOES,0.431537759369069,3
TabDPT,ft,REG_TEXT_SOCIAL_MOVIES_ROTTEN_TOMATOES,0.3654332078315628,4
TabDPT,no_text,REG_TEXT_SOCIAL_MOVIES_ROTTEN_TOMATOES,0.2051032716775392,0
TabDPT,no_text,REG_TEXT_SOCIAL_MOVIES_ROTTEN_TOMATOES,0.1886794247464086,1
TabDPT,no_text,REG_TEXT_SOCIAL_MOVIES_ROTTEN_TOMATOES,0.1831813003685591,2
TabDPT,no_text,REG_TEXT_SOCIAL_MOVIES_ROTTEN_TOMATOES,0.1751942087222701,3
TabDPT,no_text,REG_TEXT_SOCIAL_MOVIES_ROTTEN_TOMATOES,0.1906405863482611,4
TabDPT,text_only,REG_TEXT_SOCIAL_MOVIES_ROTTEN_TOMATOES,0.4104020540846996,0
TabDPT,text_only,REG_TEXT_SOCIAL_MOVIES_ROTTEN_TOMATOES,0.4375174590078937,1
TabDPT,text_only,REG_TEXT_SOCIAL_MOVIES_ROTTEN_TOMATOES,0.4224834499679837,2
TabDPT,text_only,REG_TEXT_SOCIAL_MOVIES_ROTTEN_TOMATOES,0.3912716433640159,3
TabDPT,text_only,REG_TEXT_SOCIAL_MOVIES_ROTTEN_TOMATOES,0.3731119318091811,4
TabICLv2,all,REG_TEXT_SOCIAL_MOVIES_ROTTEN_TOMATOES,0.5295480533985819,0
TabICLv2,all,REG_TEXT_SOCIAL_MOVIES_ROTTEN_TOMATOES,0.5696105947769212,1
TabICLv2,all,REG_TEXT_SOCIAL_MOVIES_ROTTEN_TOMATOES,0.508334167948958,2
TabICLv2,all,REG_TEXT_SOCIAL_MOVIES_ROTTEN_TOMATOES,0.4989424577417982,3
TabICLv2,all,REG_TEXT_SOCIAL_MOVIES_ROTTEN_TOMATOES,0.4687195498055284,4
TabICLv2,ft,REG_TEXT_SOCIAL_MOVIES_ROTTEN_TOMATOES,0.5426831896246017,0
TabICLv2,ft,REG_TEXT_SOCIAL_MOVIES_ROTTEN_TOMATOES,0.5833590456458999,1
TabICLv2,ft,REG_TEXT_SOCIAL_MOVIES_ROTTEN_TOMATOES,0.5590659850098769,2
TabICLv2,ft,REG_TEXT_SOCIAL_MOVIES_ROTTEN_TOMATOES,0.5156559365326885,3
TabICLv2,ft,REG_TEXT_SOCIAL_MOVIES_ROTTEN_TOMATOES,0.5008974466176734,4
TabICLv2,no_text,REG_TEXT_SOCIAL_MOVIES_ROTTEN_TOMATOES,0.2107913135532305,0
TabICLv2,no_text,REG_TEXT_SOCIAL_MOVIES_ROTTEN_TOMATOES,0.188675712424175,1
TabICLv2,no_text,REG_TEXT_SOCIAL_MOVIES_ROTTEN_TOMATOES,0.1834777692865887,2
TabICLv2,no_text,REG_TEXT_SOCIAL_MOVIES_ROTTEN_TOMATOES,0.1847183522933059,3
TabICLv2,no_text,REG_TEXT_SOCIAL_MOVIES_ROTTEN_TOMATOES,0.1907784224173403,4
TabICLv2,text_only,REG_TEXT_SOCIAL_MOVIES_ROTTEN_TOMATOES,0.4849785843160508,0
TabICLv2,text_only,REG_TEXT_SOCIAL_MOVIES_ROTTEN_TOMATOES,0.5492755031855303,1
TabICLv2,text_only,REG_TEXT_SOCIAL_MOVIES_ROTTEN_TOMATOES,0.4729880370536893,2
TabICLv2,text_only,REG_TEXT_SOCIAL_MOVIES_ROTTEN_TOMATOES,0.4794333619471219,3
TabICLv2,text_only,REG_TEXT_SOCIAL_MOVIES_ROTTEN_TOMATOES,0.4411365336002275,4
TabM,all,REG_TEXT_SOCIAL_MOVIES_ROTTEN_TOMATOES,0.5333299036628044,0
TabM,all,REG_TEXT_SOCIAL_MOVIES_ROTTEN_TOMATOES,0.5929092399389077,1
TabM,all,REG_TEXT_SOCIAL_MOVIES_ROTTEN_TOMATOES,0.5391473107868652,2
TabM,all,REG_TEXT_SOCIAL_MOVIES_ROTTEN_TOMATOES,0.5111519832581187,3
TabM,all,REG_TEXT_SOCIAL_MOVIES_ROTTEN_TOMATOES,0.4866791550840672,4
TabM,ft,REG_TEXT_SOCIAL_MOVIES_ROTTEN_TOMATOES,0.5125653717645184,0
TabM,ft,REG_TEXT_SOCIAL_MOVIES_ROTTEN_TOMATOES,0.6037695824934939,1
TabM,ft,REG_TEXT_SOCIAL_MOVIES_ROTTEN_TOMATOES,0.5197099814803972,2
TabM,ft,REG_TEXT_SOCIAL_MOVIES_ROTTEN_TOMATOES,0.5126565462503638,3
TabM,ft,REG_TEXT_SOCIAL_MOVIES_ROTTEN_TOMATOES,0.4753413735885219,4
TabM,no_text,REG_TEXT_SOCIAL_MOVIES_ROTTEN_TOMATOES,0.1949747454679002,0
TabM,no_text,REG_TEXT_SOCIAL_MOVIES_ROTTEN_TOMATOES,0.1890116724051974,1
TabM,no_text,REG_TEXT_SOCIAL_MOVIES_ROTTEN_TOMATOES,0.1826094933152053,2
TabM,no_text,REG_TEXT_SOCIAL_MOVIES_ROTTEN_TOMATOES,0.1765548347924804,3
TabM,no_text,REG_TEXT_SOCIAL_MOVIES_ROTTEN_TOMATOES,0.1947978796304184,4
TabM,text_only,REG_TEXT_SOCIAL_MOVIES_ROTTEN_TOMATOES,0.5190682932875221,0
TabM,text_only,REG_TEXT_SOCIAL_MOVIES_ROTTEN_TOMATOES,0.5685524370407619,1
TabM,text_only,REG_TEXT_SOCIAL_MOVIES_ROTTEN_TOMATOES,0.5411661008648139,2
TabM,text_only,REG_TEXT_SOCIAL_MOVIES_ROTTEN_TOMATOES,0.5008877767475608,3
TabM,text_only,REG_TEXT_SOCIAL_MOVIES_ROTTEN_TOMATOES,0.4785414928303921,4
TabPFN-2.5,all,REG_TEXT_SOCIAL_MOVIES_ROTTEN_TOMATOES,0.5579760128568851,0
TabPFN-2.5,all,REG_TEXT_SOCIAL_MOVIES_ROTTEN_TOMATOES,0.6173319683166199,1
TabPFN-2.5,all,REG_TEXT_SOCIAL_MOVIES_ROTTEN_TOMATOES,0.5621416764897117,2
TabPFN-2.5,all,REG_TEXT_SOCIAL_MOVIES_ROTTEN_TOMATOES,0.5426230889783019,3
TabPFN-2.5,all,REG_TEXT_SOCIAL_MOVIES_ROTTEN_TOMATOES,0.5068270129055544,4
TabPFN-2.5,ft,REG_TEXT_SOCIAL_MOVIES_ROTTEN_TOMATOES,0.5726209825454098,0
TabPFN-2.5,ft,REG_TEXT_SOCIAL_MOVIES_ROTTEN_TOMATOES,0.6262399647849543,1
TabPFN-2.5,ft,REG_TEXT_SOCIAL_MOVIES_ROTTEN_TOMATOES,0.5975199378794016,2
TabPFN-2.5,ft,REG_TEXT_SOCIAL_MOVIES_ROTTEN_TOMATOES,0.5670851633825239,3
TabPFN-2.5,ft,REG_TEXT_SOCIAL_MOVIES_ROTTEN_TOMATOES,0.5145628744215431,4
TabPFN-2.5,no_text,REG_TEXT_SOCIAL_MOVIES_ROTTEN_TOMATOES,0.2035973893890594,0
TabPFN-2.5,no_text,REG_TEXT_SOCIAL_MOVIES_ROTTEN_TOMATOES,0.1914901260900731,1
TabPFN-2.5,no_text,REG_TEXT_SOCIAL_MOVIES_ROTTEN_TOMATOES,0.1857636069410748,2
TabPFN-2.5,no_text,REG_TEXT_SOCIAL_MOVIES_ROTTEN_TOMATOES,0.1798098952249031,3
TabPFN-2.5,no_text,REG_TEXT_SOCIAL_MOVIES_ROTTEN_TOMATOES,0.1903507020764956,4
TabPFN-2.5,text_only,REG_TEXT_SOCIAL_MOVIES_ROTTEN_TOMATOES,0.5385302048224343,0
TabPFN-2.5,text_only,REG_TEXT_SOCIAL_MOVIES_ROTTEN_TOMATOES,0.5886172120547897,1
TabPFN-2.5,text_only,REG_TEXT_SOCIAL_MOVIES_ROTTEN_TOMATOES,0.5477347452746364,2
TabPFN-2.5,text_only,REG_TEXT_SOCIAL_MOVIES_ROTTEN_TOMATOES,0.5198641605795241,3
TabPFN-2.5,text_only,REG_TEXT_SOCIAL_MOVIES_ROTTEN_TOMATOES,0.4753927319796973,4
TabPFNv2,all,REG_TEXT_SOCIAL_MOVIES_ROTTEN_TOMATOES,0.5463209949622515,0
TabPFNv2,all,REG_TEXT_SOCIAL_MOVIES_ROTTEN_TOMATOES,0.5869432061247566,1
TabPFNv2,all,REG_TEXT_SOCIAL_MOVIES_ROTTEN_TOMATOES,0.5353599048089387,2
TabPFNv2,all,REG_TEXT_SOCIAL_MOVIES_ROTTEN_TOMATOES,0.5227613298400808,3
TabPFNv2,all,REG_TEXT_SOCIAL_MOVIES_ROTTEN_TOMATOES,0.490725592705597,4
TabPFNv2,ft,REG_TEXT_SOCIAL_MOVIES_ROTTEN_TOMATOES,0.5635561011864002,0
TabPFNv2,ft,REG_TEXT_SOCIAL_MOVIES_ROTTEN_TOMATOES,0.6064593244218491,1
TabPFNv2,ft,REG_TEXT_SOCIAL_MOVIES_ROTTEN_TOMATOES,0.5685963644824572,2
TabPFNv2,ft,REG_TEXT_SOCIAL_MOVIES_ROTTEN_TOMATOES,0.5479047894379571,3
TabPFNv2,ft,REG_TEXT_SOCIAL_MOVIES_ROTTEN_TOMATOES,0.4897657112853767,4
TabPFNv2,no_text,REG_TEXT_SOCIAL_MOVIES_ROTTEN_TOMATOES,0.1968376619469439,0
TabPFNv2,no_text,REG_TEXT_SOCIAL_MOVIES_ROTTEN_TOMATOES,0.1925545434244105,1
TabPFNv2,no_text,REG_TEXT_SOCIAL_MOVIES_ROTTEN_TOMATOES,0.1837623813768965,2
TabPFNv2,no_text,REG_TEXT_SOCIAL_MOVIES_ROTTEN_TOMATOES,0.1765492501179221,3
TabPFNv2,no_text,REG_TEXT_SOCIAL_MOVIES_ROTTEN_TOMATOES,0.1862705383396263,4
TabPFNv2,text_only,REG_TEXT_SOCIAL_MOVIES_ROTTEN_TOMATOES,0.5155959555994092,0
TabPFNv2,text_only,REG_TEXT_SOCIAL_MOVIES_ROTTEN_TOMATOES,0.5604588663171199,1
TabPFNv2,text_only,REG_TEXT_SOCIAL_MOVIES_ROTTEN_TOMATOES,0.515047235231581,2
TabPFNv2,text_only,REG_TEXT_SOCIAL_MOVIES_ROTTEN_TOMATOES,0.4984196607906226,3
TabPFNv2,text_only,REG_TEXT_SOCIAL_MOVIES_ROTTEN_TOMATOES,0.4612533184172401,4
XGBoost,all,REG_TEXT_SOCIAL_MOVIES_ROTTEN_TOMATOES,0.434983553477703,0
XGBoost,all,REG_TEXT_SOCIAL_MOVIES_ROTTEN_TOMATOES,0.4734657537278916,1
XGBoost,all,REG_TEXT_SOCIAL_MOVIES_ROTTEN_TOMATOES,0.3757184896843886,2
XGBoost,all,REG_TEXT_SOCIAL_MOVIES_ROTTEN_TOMATOES,0.4529480884146758,3
XGBoost,all,REG_TEXT_SOCIAL_MOVIES_ROTTEN_TOMATOES,0.3935431770488302,4
XGBoost,ft,REG_TEXT_SOCIAL_MOVIES_ROTTEN_TOMATOES,0.4453117547112234,0
XGBoost,ft,REG_TEXT_SOCIAL_MOVIES_ROTTEN_TOMATOES,0.5120305827332465,1
XGBoost,ft,REG_TEXT_SOCIAL_MOVIES_ROTTEN_TOMATOES,0.4774034524581104,2
XGBoost,ft,REG_TEXT_SOCIAL_MOVIES_ROTTEN_TOMATOES,0.4690105225375441,3
XGBoost,ft,REG_TEXT_SOCIAL_MOVIES_ROTTEN_TOMATOES,0.407523737265653,4
XGBoost,no_text,REG_TEXT_SOCIAL_MOVIES_ROTTEN_TOMATOES,0.2015223004781644,0
XGBoost,no_text,REG_TEXT_SOCIAL_MOVIES_ROTTEN_TOMATOES,0.1891744920157644,1
XGBoost,no_text,REG_TEXT_SOCIAL_MOVIES_ROTTEN_TOMATOES,0.1838341451429079,2
XGBoost,no_text,REG_TEXT_SOCIAL_MOVIES_ROTTEN_TOMATOES,0.1619702606855866,3
XGBoost,no_text,REG_TEXT_SOCIAL_MOVIES_ROTTEN_TOMATOES,0.1662157058344028,4
XGBoost,text_only,REG_TEXT_SOCIAL_MOVIES_ROTTEN_TOMATOES,0.3796528849743884,0
XGBoost,text_only,REG_TEXT_SOCIAL_MOVIES_ROTTEN_TOMATOES,0.4482509102475996,1
XGBoost,text_only,REG_TEXT_SOCIAL_MOVIES_ROTTEN_TOMATOES,0.4021203505090092,2
XGBoost,text_only,REG_TEXT_SOCIAL_MOVIES_ROTTEN_TOMATOES,0.445592890394011,3
XGBoost,text_only,REG_TEXT_SOCIAL_MOVIES_ROTTEN_TOMATOES,0.3669339136607731,4
CatBoost,all,REG_TEXT_SOCIAL_MUSEUMS_US_REVENUES,0.884818385774334,0
CatBoost,all,REG_TEXT_SOCIAL_MUSEUMS_US_REVENUES,0.8788712473829894,1
CatBoost,all,REG_TEXT_SOCIAL_MUSEUMS_US_REVENUES,0.4835718980921251,2
CatBoost,all,REG_TEXT_SOCIAL_MUSEUMS_US_REVENUES,0.8446390141893725,3
CatBoost,all,REG_TEXT_SOCIAL_MUSEUMS_US_REVENUES,0.9455228264470515,4
CatBoost,ft,REG_TEXT_SOCIAL_MUSEUMS_US_REVENUES,0.9092279955258468,0
CatBoost,ft,REG_TEXT_SOCIAL_MUSEUMS_US_REVENUES,0.9035565303840724,1
CatBoost,ft,REG_TEXT_SOCIAL_MUSEUMS_US_REVENUES,0.5110506218640376,2
CatBoost,ft,REG_TEXT_SOCIAL_MUSEUMS_US_REVENUES,0.8597811040584498,3
CatBoost,ft,REG_TEXT_SOCIAL_MUSEUMS_US_REVENUES,0.9450945427257056,4
CatBoost,no_text,REG_TEXT_SOCIAL_MUSEUMS_US_REVENUES,0.5742377521640187,0
CatBoost,no_text,REG_TEXT_SOCIAL_MUSEUMS_US_REVENUES,0.4381303280598172,1
CatBoost,no_text,REG_TEXT_SOCIAL_MUSEUMS_US_REVENUES,0.0461607423792083,2
CatBoost,no_text,REG_TEXT_SOCIAL_MUSEUMS_US_REVENUES,0.6699698062512881,3
CatBoost,no_text,REG_TEXT_SOCIAL_MUSEUMS_US_REVENUES,0.6899044456077306,4
CatBoost,text_only,REG_TEXT_SOCIAL_MUSEUMS_US_REVENUES,0.8833619243536204,0
CatBoost,text_only,REG_TEXT_SOCIAL_MUSEUMS_US_REVENUES,0.875491593847421,1
CatBoost,text_only,REG_TEXT_SOCIAL_MUSEUMS_US_REVENUES,0.5031119279053623,2
CatBoost,text_only,REG_TEXT_SOCIAL_MUSEUMS_US_REVENUES,0.8438826805467474,3
CatBoost,text_only,REG_TEXT_SOCIAL_MUSEUMS_US_REVENUES,0.9445479873899096,4
LightGBM,all,REG_TEXT_SOCIAL_MUSEUMS_US_REVENUES,0.813487151706278,0
LightGBM,all,REG_TEXT_SOCIAL_MUSEUMS_US_REVENUES,0.8666359341971281,1
LightGBM,all,REG_TEXT_SOCIAL_MUSEUMS_US_REVENUES,0.8780937250209243,2
LightGBM,all,REG_TEXT_SOCIAL_MUSEUMS_US_REVENUES,0.7975272037453973,3
LightGBM,all,REG_TEXT_SOCIAL_MUSEUMS_US_REVENUES,0.9152457718311507,4
LightGBM,ft,REG_TEXT_SOCIAL_MUSEUMS_US_REVENUES,0.8943823881588374,0
LightGBM,ft,REG_TEXT_SOCIAL_MUSEUMS_US_REVENUES,0.9298750886266004,1
LightGBM,ft,REG_TEXT_SOCIAL_MUSEUMS_US_REVENUES,0.9375724323445608,2
LightGBM,ft,REG_TEXT_SOCIAL_MUSEUMS_US_REVENUES,0.7929489784849413,3
LightGBM,ft,REG_TEXT_SOCIAL_MUSEUMS_US_REVENUES,0.9294203702614412,4
LightGBM,no_text,REG_TEXT_SOCIAL_MUSEUMS_US_REVENUES,0.6674166620106714,0
LightGBM,no_text,REG_TEXT_SOCIAL_MUSEUMS_US_REVENUES,0.4699564061389844,1
LightGBM,no_text,REG_TEXT_SOCIAL_MUSEUMS_US_REVENUES,0.4030413316556487,2
LightGBM,no_text,REG_TEXT_SOCIAL_MUSEUMS_US_REVENUES,0.6308794841960061,3
LightGBM,no_text,REG_TEXT_SOCIAL_MUSEUMS_US_REVENUES,0.580477848753904,4
LightGBM,text_only,REG_TEXT_SOCIAL_MUSEUMS_US_REVENUES,0.7909265472372665,0
LightGBM,text_only,REG_TEXT_SOCIAL_MUSEUMS_US_REVENUES,0.8618816228346026,1
LightGBM,text_only,REG_TEXT_SOCIAL_MUSEUMS_US_REVENUES,0.8688890802989065,2
LightGBM,text_only,REG_TEXT_SOCIAL_MUSEUMS_US_REVENUES,0.8069701751421843,3
LightGBM,text_only,REG_TEXT_SOCIAL_MUSEUMS_US_REVENUES,0.9177216067291534,4
RandomForest,all,REG_TEXT_SOCIAL_MUSEUMS_US_REVENUES,0.8317407637609971,0
RandomForest,all,REG_TEXT_SOCIAL_MUSEUMS_US_REVENUES,0.6003380710596442,1
RandomForest,all,REG_TEXT_SOCIAL_MUSEUMS_US_REVENUES,0.8330093175314572,2
RandomForest,all,REG_TEXT_SOCIAL_MUSEUMS_US_REVENUES,0.8192103509448517,3
RandomForest,all,REG_TEXT_SOCIAL_MUSEUMS_US_REVENUES,0.9500519671224767,4
RandomForest,ft,REG_TEXT_SOCIAL_MUSEUMS_US_REVENUES,0.8813284413751332,0
RandomForest,ft,REG_TEXT_SOCIAL_MUSEUMS_US_REVENUES,0.7658580013151843,1
RandomForest,ft,REG_TEXT_SOCIAL_MUSEUMS_US_REVENUES,0.8723713860806875,2
RandomForest,ft,REG_TEXT_SOCIAL_MUSEUMS_US_REVENUES,0.8251090103796321,3
RandomForest,ft,REG_TEXT_SOCIAL_MUSEUMS_US_REVENUES,0.9362721351573466,4
RandomForest,no_text,REG_TEXT_SOCIAL_MUSEUMS_US_REVENUES,0.6111965004777501,0
RandomForest,no_text,REG_TEXT_SOCIAL_MUSEUMS_US_REVENUES,0.6437235301707759,1
RandomForest,no_text,REG_TEXT_SOCIAL_MUSEUMS_US_REVENUES,0.6782695983598754,2
RandomForest,no_text,REG_TEXT_SOCIAL_MUSEUMS_US_REVENUES,0.5712182598183174,3
RandomForest,no_text,REG_TEXT_SOCIAL_MUSEUMS_US_REVENUES,0.812902120488963,4
RandomForest,text_only,REG_TEXT_SOCIAL_MUSEUMS_US_REVENUES,0.8421042556701941,0
RandomForest,text_only,REG_TEXT_SOCIAL_MUSEUMS_US_REVENUES,0.5925394469890406,1
RandomForest,text_only,REG_TEXT_SOCIAL_MUSEUMS_US_REVENUES,0.8191195425791717,2
RandomForest,text_only,REG_TEXT_SOCIAL_MUSEUMS_US_REVENUES,0.8199648274083999,3
RandomForest,text_only,REG_TEXT_SOCIAL_MUSEUMS_US_REVENUES,0.9471670346964391,4
RealMLP,all,REG_TEXT_SOCIAL_MUSEUMS_US_REVENUES,0.922916411949669,0
RealMLP,all,REG_TEXT_SOCIAL_MUSEUMS_US_REVENUES,0.8393324139559089,1
RealMLP,all,REG_TEXT_SOCIAL_MUSEUMS_US_REVENUES,0.8796261992455002,2
RealMLP,all,REG_TEXT_SOCIAL_MUSEUMS_US_REVENUES,0.833061291048899,3
RealMLP,all,REG_TEXT_SOCIAL_MUSEUMS_US_REVENUES,0.9170516276360192,4
RealMLP,ft,REG_TEXT_SOCIAL_MUSEUMS_US_REVENUES,0.8444775266647269,0
RealMLP,ft,REG_TEXT_SOCIAL_MUSEUMS_US_REVENUES,0.7821302540189503,1
RealMLP,ft,REG_TEXT_SOCIAL_MUSEUMS_US_REVENUES,0.9597160132161164,2
RealMLP,ft,REG_TEXT_SOCIAL_MUSEUMS_US_REVENUES,0.8200382019189925,3
RealMLP,ft,REG_TEXT_SOCIAL_MUSEUMS_US_REVENUES,0.9775656764821248,4
RealMLP,no_text,REG_TEXT_SOCIAL_MUSEUMS_US_REVENUES,0.3579072034605357,0
RealMLP,no_text,REG_TEXT_SOCIAL_MUSEUMS_US_REVENUES,0.2832821471808328,1
RealMLP,no_text,REG_TEXT_SOCIAL_MUSEUMS_US_REVENUES,0.0286160941547581,2
RealMLP,no_text,REG_TEXT_SOCIAL_MUSEUMS_US_REVENUES,0.7252693654788523,3
RealMLP,no_text,REG_TEXT_SOCIAL_MUSEUMS_US_REVENUES,0.1828221742565841,4
RealMLP,text_only,REG_TEXT_SOCIAL_MUSEUMS_US_REVENUES,0.8906922301775076,0
RealMLP,text_only,REG_TEXT_SOCIAL_MUSEUMS_US_REVENUES,0.9181791345366044,1
RealMLP,text_only,REG_TEXT_SOCIAL_MUSEUMS_US_REVENUES,0.9153783112469897,2
RealMLP,text_only,REG_TEXT_SOCIAL_MUSEUMS_US_REVENUES,0.8389568977287707,3
RealMLP,text_only,REG_TEXT_SOCIAL_MUSEUMS_US_REVENUES,0.8990811894993977,4
TabDPT,all,REG_TEXT_SOCIAL_MUSEUMS_US_REVENUES,0.042282231556563,0
TabDPT,all,REG_TEXT_SOCIAL_MUSEUMS_US_REVENUES,0.021267348953411,1
TabDPT,all,REG_TEXT_SOCIAL_MUSEUMS_US_REVENUES,0.0304173810998087,2
TabDPT,all,REG_TEXT_SOCIAL_MUSEUMS_US_REVENUES,0.0345141331718834,3
TabDPT,all,REG_TEXT_SOCIAL_MUSEUMS_US_REVENUES,0.0285655260437662,4
TabDPT,ft,REG_TEXT_SOCIAL_MUSEUMS_US_REVENUES,0.0463397392529583,0
TabDPT,ft,REG_TEXT_SOCIAL_MUSEUMS_US_REVENUES,0.0236338522100106,1
TabDPT,ft,REG_TEXT_SOCIAL_MUSEUMS_US_REVENUES,0.0415290694048287,2
TabDPT,ft,REG_TEXT_SOCIAL_MUSEUMS_US_REVENUES,0.0307079273804565,3
TabDPT,ft,REG_TEXT_SOCIAL_MUSEUMS_US_REVENUES,0.0361747696276771,4
TabDPT,no_text,REG_TEXT_SOCIAL_MUSEUMS_US_REVENUES,0.0612005770359774,0
TabDPT,no_text,REG_TEXT_SOCIAL_MUSEUMS_US_REVENUES,0.0564233595146619,1
TabDPT,no_text,REG_TEXT_SOCIAL_MUSEUMS_US_REVENUES,0.0683991067490246,2
TabDPT,no_text,REG_TEXT_SOCIAL_MUSEUMS_US_REVENUES,0.0776616728351902,3
TabDPT,no_text,REG_TEXT_SOCIAL_MUSEUMS_US_REVENUES,0.0962108206383527,4
TabDPT,text_only,REG_TEXT_SOCIAL_MUSEUMS_US_REVENUES,0.038069852086821,0
TabDPT,text_only,REG_TEXT_SOCIAL_MUSEUMS_US_REVENUES,0.0191400814057177,1
TabDPT,text_only,REG_TEXT_SOCIAL_MUSEUMS_US_REVENUES,0.0319988338473847,2
TabDPT,text_only,REG_TEXT_SOCIAL_MUSEUMS_US_REVENUES,0.0278973483827228,3
TabDPT,text_only,REG_TEXT_SOCIAL_MUSEUMS_US_REVENUES,0.0268254346037818,4
TabICLv2,all,REG_TEXT_SOCIAL_MUSEUMS_US_REVENUES,0.7136867316850427,0
TabICLv2,all,REG_TEXT_SOCIAL_MUSEUMS_US_REVENUES,0.5647518266901032,1
TabICLv2,all,REG_TEXT_SOCIAL_MUSEUMS_US_REVENUES,0.690308804594815,2
TabICLv2,all,REG_TEXT_SOCIAL_MUSEUMS_US_REVENUES,0.5546480584123552,3
TabICLv2,all,REG_TEXT_SOCIAL_MUSEUMS_US_REVENUES,0.804229050863927,4
TabICLv2,ft,REG_TEXT_SOCIAL_MUSEUMS_US_REVENUES,0.7027662052552097,0
TabICLv2,ft,REG_TEXT_SOCIAL_MUSEUMS_US_REVENUES,0.715584164526679,1
TabICLv2,ft,REG_TEXT_SOCIAL_MUSEUMS_US_REVENUES,0.7200445262343698,2
TabICLv2,ft,REG_TEXT_SOCIAL_MUSEUMS_US_REVENUES,0.64488714534368,3
TabICLv2,ft,REG_TEXT_SOCIAL_MUSEUMS_US_REVENUES,0.763191832666917,4
TabICLv2,no_text,REG_TEXT_SOCIAL_MUSEUMS_US_REVENUES,0.1526965224576496,0
TabICLv2,no_text,REG_TEXT_SOCIAL_MUSEUMS_US_REVENUES,0.0746554324129123,1
TabICLv2,no_text,REG_TEXT_SOCIAL_MUSEUMS_US_REVENUES,0.0924751981227116,2
TabICLv2,no_text,REG_TEXT_SOCIAL_MUSEUMS_US_REVENUES,0.0783798595256138,3
TabICLv2,no_text,REG_TEXT_SOCIAL_MUSEUMS_US_REVENUES,0.1183384067636694,4
TabICLv2,text_only,REG_TEXT_SOCIAL_MUSEUMS_US_REVENUES,0.6572150949352373,0
TabICLv2,text_only,REG_TEXT_SOCIAL_MUSEUMS_US_REVENUES,0.5578555204162806,1
TabICLv2,text_only,REG_TEXT_SOCIAL_MUSEUMS_US_REVENUES,0.7360471130389148,2
TabICLv2,text_only,REG_TEXT_SOCIAL_MUSEUMS_US_REVENUES,0.5818091684710893,3
TabICLv2,text_only,REG_TEXT_SOCIAL_MUSEUMS_US_REVENUES,0.8078839282417443,4
TabM,all,REG_TEXT_SOCIAL_MUSEUMS_US_REVENUES,0.8966306029142639,0
TabM,all,REG_TEXT_SOCIAL_MUSEUMS_US_REVENUES,0.8115435293020087,1
TabM,all,REG_TEXT_SOCIAL_MUSEUMS_US_REVENUES,0.869221069802331,2
TabM,all,REG_TEXT_SOCIAL_MUSEUMS_US_REVENUES,0.7873950799482904,3
TabM,all,REG_TEXT_SOCIAL_MUSEUMS_US_REVENUES,0.9528801453727171,4
TabM,ft,REG_TEXT_SOCIAL_MUSEUMS_US_REVENUES,0.8912932772057303,0
TabM,ft,REG_TEXT_SOCIAL_MUSEUMS_US_REVENUES,0.7569331250004089,1
TabM,ft,REG_TEXT_SOCIAL_MUSEUMS_US_REVENUES,0.7155368959323278,2
TabM,ft,REG_TEXT_SOCIAL_MUSEUMS_US_REVENUES,0.7579074218110542,3
TabM,ft,REG_TEXT_SOCIAL_MUSEUMS_US_REVENUES,0.9288497315637444,4
TabM,no_text,REG_TEXT_SOCIAL_MUSEUMS_US_REVENUES,0.4725328284881139,0
TabM,no_text,REG_TEXT_SOCIAL_MUSEUMS_US_REVENUES,0.1660654481537434,1
TabM,no_text,REG_TEXT_SOCIAL_MUSEUMS_US_REVENUES,0.0910250776890122,2
TabM,no_text,REG_TEXT_SOCIAL_MUSEUMS_US_REVENUES,0.4892343248938033,3
TabM,no_text,REG_TEXT_SOCIAL_MUSEUMS_US_REVENUES,0.1543233247817961,4
TabM,text_only,REG_TEXT_SOCIAL_MUSEUMS_US_REVENUES,0.8978482064817883,0
TabM,text_only,REG_TEXT_SOCIAL_MUSEUMS_US_REVENUES,0.7989524284043481,1
TabM,text_only,REG_TEXT_SOCIAL_MUSEUMS_US_REVENUES,0.8776428420675808,2
TabM,text_only,REG_TEXT_SOCIAL_MUSEUMS_US_REVENUES,0.7635012468036989,3
TabM,text_only,REG_TEXT_SOCIAL_MUSEUMS_US_REVENUES,0.9555659122559128,4
TabPFN-2.5,all,REG_TEXT_SOCIAL_MUSEUMS_US_REVENUES,0.7279472836306852,0
TabPFN-2.5,all,REG_TEXT_SOCIAL_MUSEUMS_US_REVENUES,0.7047984214161301,1
TabPFN-2.5,all,REG_TEXT_SOCIAL_MUSEUMS_US_REVENUES,0.7515805128310237,2
TabPFN-2.5,all,REG_TEXT_SOCIAL_MUSEUMS_US_REVENUES,0.7441859493027596,3
TabPFN-2.5,all,REG_TEXT_SOCIAL_MUSEUMS_US_REVENUES,0.7580273830937811,4
TabPFN-2.5,ft,REG_TEXT_SOCIAL_MUSEUMS_US_REVENUES,0.7354267338513414,0
TabPFN-2.5,ft,REG_TEXT_SOCIAL_MUSEUMS_US_REVENUES,0.6987642743969161,1
TabPFN-2.5,ft,REG_TEXT_SOCIAL_MUSEUMS_US_REVENUES,0.765138927386952,2
TabPFN-2.5,ft,REG_TEXT_SOCIAL_MUSEUMS_US_REVENUES,0.7391404617072818,3
TabPFN-2.5,ft,REG_TEXT_SOCIAL_MUSEUMS_US_REVENUES,0.7406560381269337,4
TabPFN-2.5,no_text,REG_TEXT_SOCIAL_MUSEUMS_US_REVENUES,0.207893205154596,0
TabPFN-2.5,no_text,REG_TEXT_SOCIAL_MUSEUMS_US_REVENUES,0.1635526831569927,1
TabPFN-2.5,no_text,REG_TEXT_SOCIAL_MUSEUMS_US_REVENUES,0.1408420573956584,2
TabPFN-2.5,no_text,REG_TEXT_SOCIAL_MUSEUMS_US_REVENUES,0.1503613174147353,3
TabPFN-2.5,no_text,REG_TEXT_SOCIAL_MUSEUMS_US_REVENUES,0.1645253553809954,4
TabPFN-2.5,text_only,REG_TEXT_SOCIAL_MUSEUMS_US_REVENUES,0.7304097274996023,0
TabPFN-2.5,text_only,REG_TEXT_SOCIAL_MUSEUMS_US_REVENUES,0.6971766482585473,1
TabPFN-2.5,text_only,REG_TEXT_SOCIAL_MUSEUMS_US_REVENUES,0.7521531238855662,2
TabPFN-2.5,text_only,REG_TEXT_SOCIAL_MUSEUMS_US_REVENUES,0.7335806475466531,3
TabPFN-2.5,text_only,REG_TEXT_SOCIAL_MUSEUMS_US_REVENUES,0.7527823002225413,4
TabPFNv2,all,REG_TEXT_SOCIAL_MUSEUMS_US_REVENUES,0.2839083064244694,0
TabPFNv2,all,REG_TEXT_SOCIAL_MUSEUMS_US_REVENUES,0.1195299716940276,1
TabPFNv2,all,REG_TEXT_SOCIAL_MUSEUMS_US_REVENUES,0.1317741090616915,2
TabPFNv2,all,REG_TEXT_SOCIAL_MUSEUMS_US_REVENUES,0.1888279659048541,3
TabPFNv2,all,REG_TEXT_SOCIAL_MUSEUMS_US_REVENUES,0.1929176433949163,4
TabPFNv2,ft,REG_TEXT_SOCIAL_MUSEUMS_US_REVENUES,0.0470728498432172,0
TabPFNv2,ft,REG_TEXT_SOCIAL_MUSEUMS_US_REVENUES,0.0376834864713103,1
TabPFNv2,ft,REG_TEXT_SOCIAL_MUSEUMS_US_REVENUES,0.1891773763104869,2
TabPFNv2,ft,REG_TEXT_SOCIAL_MUSEUMS_US_REVENUES,0.158907260891535,3
TabPFNv2,ft,REG_TEXT_SOCIAL_MUSEUMS_US_REVENUES,0.026668470471747,4
TabPFNv2,no_text,REG_TEXT_SOCIAL_MUSEUMS_US_REVENUES,0.0243699508896814,0
TabPFNv2,no_text,REG_TEXT_SOCIAL_MUSEUMS_US_REVENUES,0.0195722209577011,1
TabPFNv2,no_text,REG_TEXT_SOCIAL_MUSEUMS_US_REVENUES,0.0179840988648085,2
TabPFNv2,no_text,REG_TEXT_SOCIAL_MUSEUMS_US_REVENUES,0.0223153249596895,3
TabPFNv2,no_text,REG_TEXT_SOCIAL_MUSEUMS_US_REVENUES,0.0256163356097238,4
TabPFNv2,text_only,REG_TEXT_SOCIAL_MUSEUMS_US_REVENUES,0.3132431897992556,0
TabPFNv2,text_only,REG_TEXT_SOCIAL_MUSEUMS_US_REVENUES,0.1125544215919981,1
TabPFNv2,text_only,REG_TEXT_SOCIAL_MUSEUMS_US_REVENUES,0.1391389319986865,2
TabPFNv2,text_only,REG_TEXT_SOCIAL_MUSEUMS_US_REVENUES,0.1727641834725731,3
TabPFNv2,text_only,REG_TEXT_SOCIAL_MUSEUMS_US_REVENUES,0.2540364344794238,4
XGBoost,all,REG_TEXT_SOCIAL_MUSEUMS_US_REVENUES,0.9077025582380316,0
XGBoost,all,REG_TEXT_SOCIAL_MUSEUMS_US_REVENUES,0.6176619430547969,1
XGBoost,all,REG_TEXT_SOCIAL_MUSEUMS_US_REVENUES,0.3745912738298378,2
XGBoost,all,REG_TEXT_SOCIAL_MUSEUMS_US_REVENUES,0.8116543194347886,3
XGBoost,all,REG_TEXT_SOCIAL_MUSEUMS_US_REVENUES,0.8712049607728178,4
XGBoost,ft,REG_TEXT_SOCIAL_MUSEUMS_US_REVENUES,0.7913853284851575,0
XGBoost,ft,REG_TEXT_SOCIAL_MUSEUMS_US_REVENUES,0.8753634877655423,1
XGBoost,ft,REG_TEXT_SOCIAL_MUSEUMS_US_REVENUES,0.8492780315204866,2
XGBoost,ft,REG_TEXT_SOCIAL_MUSEUMS_US_REVENUES,0.6255738887828135,3
XGBoost,ft,REG_TEXT_SOCIAL_MUSEUMS_US_REVENUES,0.9016735679083436,4
XGBoost,no_text,REG_TEXT_SOCIAL_MUSEUMS_US_REVENUES,0.5110153685364647,0
XGBoost,no_text,REG_TEXT_SOCIAL_MUSEUMS_US_REVENUES,0.656047128363069,1
XGBoost,no_text,REG_TEXT_SOCIAL_MUSEUMS_US_REVENUES,0.3656558145507007,2
XGBoost,no_text,REG_TEXT_SOCIAL_MUSEUMS_US_REVENUES,0.47768379434738,3
XGBoost,no_text,REG_TEXT_SOCIAL_MUSEUMS_US_REVENUES,0.5830849624518892,4
XGBoost,text_only,REG_TEXT_SOCIAL_MUSEUMS_US_REVENUES,0.6317912170381739,0
XGBoost,text_only,REG_TEXT_SOCIAL_MUSEUMS_US_REVENUES,0.6463023487811246,1
XGBoost,text_only,REG_TEXT_SOCIAL_MUSEUMS_US_REVENUES,0.3685972198530642,2
XGBoost,text_only,REG_TEXT_SOCIAL_MUSEUMS_US_REVENUES,0.7509588093836976,3
XGBoost,text_only,REG_TEXT_SOCIAL_MUSEUMS_US_REVENUES,0.829236850571747,4
CatBoost,all,REG_TEXT_SOCIAL_VIDEO_GAMES_SALES,0.4089695328701918,0
CatBoost,all,REG_TEXT_SOCIAL_VIDEO_GAMES_SALES,0.4282000455266329,1
CatBoost,all,REG_TEXT_SOCIAL_VIDEO_GAMES_SALES,0.4033441092370324,2
CatBoost,all,REG_TEXT_SOCIAL_VIDEO_GAMES_SALES,0.3612602165332936,3
CatBoost,all,REG_TEXT_SOCIAL_VIDEO_GAMES_SALES,0.0767464449682782,4
CatBoost,ft,REG_TEXT_SOCIAL_VIDEO_GAMES_SALES,0.4988443273711704,0
CatBoost,ft,REG_TEXT_SOCIAL_VIDEO_GAMES_SALES,0.4963026121493803,1
CatBoost,ft,REG_TEXT_SOCIAL_VIDEO_GAMES_SALES,0.4582555018862829,2
CatBoost,ft,REG_TEXT_SOCIAL_VIDEO_GAMES_SALES,0.42304042305659,3
CatBoost,ft,REG_TEXT_SOCIAL_VIDEO_GAMES_SALES,0.1956456330259954,4
CatBoost,no_text,REG_TEXT_SOCIAL_VIDEO_GAMES_SALES,-0.0097855861952249,0
CatBoost,no_text,REG_TEXT_SOCIAL_VIDEO_GAMES_SALES,0.0469133342518319,1
CatBoost,no_text,REG_TEXT_SOCIAL_VIDEO_GAMES_SALES,0.0462046810059085,2
CatBoost,no_text,REG_TEXT_SOCIAL_VIDEO_GAMES_SALES,0.0176326873467865,3
CatBoost,no_text,REG_TEXT_SOCIAL_VIDEO_GAMES_SALES,0.0275314645895898,4
CatBoost,text_only,REG_TEXT_SOCIAL_VIDEO_GAMES_SALES,0.4011096276441611,0
CatBoost,text_only,REG_TEXT_SOCIAL_VIDEO_GAMES_SALES,0.2966903671122575,1
CatBoost,text_only,REG_TEXT_SOCIAL_VIDEO_GAMES_SALES,0.2884363579570564,2
CatBoost,text_only,REG_TEXT_SOCIAL_VIDEO_GAMES_SALES,0.2282011898569458,3
CatBoost,text_only,REG_TEXT_SOCIAL_VIDEO_GAMES_SALES,0.100285019696247,4
LightGBM,all,REG_TEXT_SOCIAL_VIDEO_GAMES_SALES,0.4536141927582885,0
LightGBM,all,REG_TEXT_SOCIAL_VIDEO_GAMES_SALES,0.4121290941850002,1
LightGBM,all,REG_TEXT_SOCIAL_VIDEO_GAMES_SALES,0.3649038779137087,2
LightGBM,all,REG_TEXT_SOCIAL_VIDEO_GAMES_SALES,0.4049368687415138,3
LightGBM,all,REG_TEXT_SOCIAL_VIDEO_GAMES_SALES,0.1250243592553394,4
LightGBM,ft,REG_TEXT_SOCIAL_VIDEO_GAMES_SALES,0.482776271509642,0
LightGBM,ft,REG_TEXT_SOCIAL_VIDEO_GAMES_SALES,0.4475286571443764,1
LightGBM,ft,REG_TEXT_SOCIAL_VIDEO_GAMES_SALES,0.4418314466488704,2
LightGBM,ft,REG_TEXT_SOCIAL_VIDEO_GAMES_SALES,0.3923406081248269,3
LightGBM,ft,REG_TEXT_SOCIAL_VIDEO_GAMES_SALES,0.2573981449172861,4
LightGBM,no_text,REG_TEXT_SOCIAL_VIDEO_GAMES_SALES,-0.0383147859593004,0
LightGBM,no_text,REG_TEXT_SOCIAL_VIDEO_GAMES_SALES,0.0013974216093594,1
LightGBM,no_text,REG_TEXT_SOCIAL_VIDEO_GAMES_SALES,-0.0045936715802092,2
LightGBM,no_text,REG_TEXT_SOCIAL_VIDEO_GAMES_SALES,-0.0226880953441122,3
LightGBM,no_text,REG_TEXT_SOCIAL_VIDEO_GAMES_SALES,0.0932447456882204,4
LightGBM,text_only,REG_TEXT_SOCIAL_VIDEO_GAMES_SALES,0.3820909620005487,0
LightGBM,text_only,REG_TEXT_SOCIAL_VIDEO_GAMES_SALES,0.268892677668583,1
LightGBM,text_only,REG_TEXT_SOCIAL_VIDEO_GAMES_SALES,0.3419099281149884,2
LightGBM,text_only,REG_TEXT_SOCIAL_VIDEO_GAMES_SALES,0.2381538877759659,3
LightGBM,text_only,REG_TEXT_SOCIAL_VIDEO_GAMES_SALES,0.1016196335138854,4
RandomForest,all,REG_TEXT_SOCIAL_VIDEO_GAMES_SALES,0.3061987660251904,0
RandomForest,all,REG_TEXT_SOCIAL_VIDEO_GAMES_SALES,0.3054111124890073,1
RandomForest,all,REG_TEXT_SOCIAL_VIDEO_GAMES_SALES,0.246258328455908,2
RandomForest,all,REG_TEXT_SOCIAL_VIDEO_GAMES_SALES,0.3181816182046511,3
RandomForest,all,REG_TEXT_SOCIAL_VIDEO_GAMES_SALES,0.1111245031662634,4
RandomForest,ft,REG_TEXT_SOCIAL_VIDEO_GAMES_SALES,0.4140429720805723,0
RandomForest,ft,REG_TEXT_SOCIAL_VIDEO_GAMES_SALES,0.1900063592938503,1
RandomForest,ft,REG_TEXT_SOCIAL_VIDEO_GAMES_SALES,0.4299326026914164,2
RandomForest,ft,REG_TEXT_SOCIAL_VIDEO_GAMES_SALES,0.4136354223018373,3
RandomForest,ft,REG_TEXT_SOCIAL_VIDEO_GAMES_SALES,0.2231315313694601,4
RandomForest,no_text,REG_TEXT_SOCIAL_VIDEO_GAMES_SALES,-0.3386216511713076,0
RandomForest,no_text,REG_TEXT_SOCIAL_VIDEO_GAMES_SALES,-0.2840488353709127,1
RandomForest,no_text,REG_TEXT_SOCIAL_VIDEO_GAMES_SALES,-0.4658798635548917,2
RandomForest,no_text,REG_TEXT_SOCIAL_VIDEO_GAMES_SALES,-0.0981106383766301,3
RandomForest,no_text,REG_TEXT_SOCIAL_VIDEO_GAMES_SALES,-0.0671110106753736,4
RandomForest,text_only,REG_TEXT_SOCIAL_VIDEO_GAMES_SALES,0.2479391799180605,0
RandomForest,text_only,REG_TEXT_SOCIAL_VIDEO_GAMES_SALES,0.2578653638920236,1
RandomForest,text_only,REG_TEXT_SOCIAL_VIDEO_GAMES_SALES,0.2298333786811555,2
RandomForest,text_only,REG_TEXT_SOCIAL_VIDEO_GAMES_SALES,0.2594111708715156,3
RandomForest,text_only,REG_TEXT_SOCIAL_VIDEO_GAMES_SALES,0.0566538659484717,4
RealMLP,all,REG_TEXT_SOCIAL_VIDEO_GAMES_SALES,0.4723898323277616,0
RealMLP,all,REG_TEXT_SOCIAL_VIDEO_GAMES_SALES,0.3309987958838345,1
RealMLP,all,REG_TEXT_SOCIAL_VIDEO_GAMES_SALES,0.2930583247457462,2
RealMLP,all,REG_TEXT_SOCIAL_VIDEO_GAMES_SALES,0.4994242049143409,3
RealMLP,all,REG_TEXT_SOCIAL_VIDEO_GAMES_SALES,0.1717885018824771,4
RealMLP,ft,REG_TEXT_SOCIAL_VIDEO_GAMES_SALES,0.3960522673436185,0
RealMLP,ft,REG_TEXT_SOCIAL_VIDEO_GAMES_SALES,0.0455657851916588,1
RealMLP,ft,REG_TEXT_SOCIAL_VIDEO_GAMES_SALES,0.6769161372797871,2
RealMLP,ft,REG_TEXT_SOCIAL_VIDEO_GAMES_SALES,0.329932870245663,3
RealMLP,ft,REG_TEXT_SOCIAL_VIDEO_GAMES_SALES,0.2730488622750401,4
RealMLP,no_text,REG_TEXT_SOCIAL_VIDEO_GAMES_SALES,0.0304694465950882,0
RealMLP,no_text,REG_TEXT_SOCIAL_VIDEO_GAMES_SALES,0.0354785777520524,1
RealMLP,no_text,REG_TEXT_SOCIAL_VIDEO_GAMES_SALES,0.0302692875824109,2
RealMLP,no_text,REG_TEXT_SOCIAL_VIDEO_GAMES_SALES,0.013793987080472,3
RealMLP,no_text,REG_TEXT_SOCIAL_VIDEO_GAMES_SALES,0.0435122651715035,4
RealMLP,text_only,REG_TEXT_SOCIAL_VIDEO_GAMES_SALES,0.2088125771756819,0
RealMLP,text_only,REG_TEXT_SOCIAL_VIDEO_GAMES_SALES,0.1802564811318413,1
RealMLP,text_only,REG_TEXT_SOCIAL_VIDEO_GAMES_SALES,0.1669673388422062,2
RealMLP,text_only,REG_TEXT_SOCIAL_VIDEO_GAMES_SALES,0.2068595590052018,3
RealMLP,text_only,REG_TEXT_SOCIAL_VIDEO_GAMES_SALES,-0.0822436952442775,4
TabDPT,all,REG_TEXT_SOCIAL_VIDEO_GAMES_SALES,0.4096293438509493,0
TabDPT,all,REG_TEXT_SOCIAL_VIDEO_GAMES_SALES,0.394143551569327,1
TabDPT,all,REG_TEXT_SOCIAL_VIDEO_GAMES_SALES,0.288267070423615,2
TabDPT,all,REG_TEXT_SOCIAL_VIDEO_GAMES_SALES,0.3414757772580469,3
TabDPT,all,REG_TEXT_SOCIAL_VIDEO_GAMES_SALES,0.2489545449074066,4
TabDPT,ft,REG_TEXT_SOCIAL_VIDEO_GAMES_SALES,0.432656480436673,0
TabDPT,ft,REG_TEXT_SOCIAL_VIDEO_GAMES_SALES,0.4245311332304287,1
TabDPT,ft,REG_TEXT_SOCIAL_VIDEO_GAMES_SALES,0.3196007299979062,2
TabDPT,ft,REG_TEXT_SOCIAL_VIDEO_GAMES_SALES,0.3465682155482009,3
TabDPT,ft,REG_TEXT_SOCIAL_VIDEO_GAMES_SALES,0.2777329326366324,4
TabDPT,no_text,REG_TEXT_SOCIAL_VIDEO_GAMES_SALES,0.0500657447304735,0
TabDPT,no_text,REG_TEXT_SOCIAL_VIDEO_GAMES_SALES,0.0741147880226744,1
TabDPT,no_text,REG_TEXT_SOCIAL_VIDEO_GAMES_SALES,0.0476728779259434,2
TabDPT,no_text,REG_TEXT_SOCIAL_VIDEO_GAMES_SALES,0.0451535101238393,3
TabDPT,no_text,REG_TEXT_SOCIAL_VIDEO_GAMES_SALES,0.0889585623843375,4
TabDPT,text_only,REG_TEXT_SOCIAL_VIDEO_GAMES_SALES,0.3833049803760343,0
TabDPT,text_only,REG_TEXT_SOCIAL_VIDEO_GAMES_SALES,0.3574838060072846,1
TabDPT,text_only,REG_TEXT_SOCIAL_VIDEO_GAMES_SALES,0.2573048587986959,2
TabDPT,text_only,REG_TEXT_SOCIAL_VIDEO_GAMES_SALES,0.3101101846298307,3
TabDPT,text_only,REG_TEXT_SOCIAL_VIDEO_GAMES_SALES,0.2272342484605744,4
TabICLv2,all,REG_TEXT_SOCIAL_VIDEO_GAMES_SALES,0.5301743699436159,0
TabICLv2,all,REG_TEXT_SOCIAL_VIDEO_GAMES_SALES,0.5468214698593388,1
TabICLv2,all,REG_TEXT_SOCIAL_VIDEO_GAMES_SALES,0.367066924605101,2
TabICLv2,all,REG_TEXT_SOCIAL_VIDEO_GAMES_SALES,0.4232682881392202,3
TabICLv2,all,REG_TEXT_SOCIAL_VIDEO_GAMES_SALES,0.3493960788279082,4
TabICLv2,ft,REG_TEXT_SOCIAL_VIDEO_GAMES_SALES,0.4760250296485822,0
TabICLv2,ft,REG_TEXT_SOCIAL_VIDEO_GAMES_SALES,0.5151352694122446,1
TabICLv2,ft,REG_TEXT_SOCIAL_VIDEO_GAMES_SALES,0.3433079580935536,2
TabICLv2,ft,REG_TEXT_SOCIAL_VIDEO_GAMES_SALES,0.442078863188096,3
TabICLv2,ft,REG_TEXT_SOCIAL_VIDEO_GAMES_SALES,0.3652683660709773,4
TabICLv2,no_text,REG_TEXT_SOCIAL_VIDEO_GAMES_SALES,0.0455300740545664,0
TabICLv2,no_text,REG_TEXT_SOCIAL_VIDEO_GAMES_SALES,0.0527364552842618,1
TabICLv2,no_text,REG_TEXT_SOCIAL_VIDEO_GAMES_SALES,0.0432615215753486,2
TabICLv2,no_text,REG_TEXT_SOCIAL_VIDEO_GAMES_SALES,0.0396469498344103,3
TabICLv2,no_text,REG_TEXT_SOCIAL_VIDEO_GAMES_SALES,0.0818251023368642,4
TabICLv2,text_only,REG_TEXT_SOCIAL_VIDEO_GAMES_SALES,0.4671200698958357,0
TabICLv2,text_only,REG_TEXT_SOCIAL_VIDEO_GAMES_SALES,0.4470493833940668,1
TabICLv2,text_only,REG_TEXT_SOCIAL_VIDEO_GAMES_SALES,0.3074279434938987,2
TabICLv2,text_only,REG_TEXT_SOCIAL_VIDEO_GAMES_SALES,0.3464330423175737,3
TabICLv2,text_only,REG_TEXT_SOCIAL_VIDEO_GAMES_SALES,0.2087607127140803,4
TabM,all,REG_TEXT_SOCIAL_VIDEO_GAMES_SALES,0.5824447795782799,0
TabM,all,REG_TEXT_SOCIAL_VIDEO_GAMES_SALES,0.591400510907077,1
TabM,all,REG_TEXT_SOCIAL_VIDEO_GAMES_SALES,0.5931691629626157,2
TabM,all,REG_TEXT_SOCIAL_VIDEO_GAMES_SALES,0.3427625681571634,3
TabM,all,REG_TEXT_SOCIAL_VIDEO_GAMES_SALES,0.2714884480627142,4
TabM,ft,REG_TEXT_SOCIAL_VIDEO_GAMES_SALES,0.522193262410259,0
TabM,ft,REG_TEXT_SOCIAL_VIDEO_GAMES_SALES,0.6395441114669224,1
TabM,ft,REG_TEXT_SOCIAL_VIDEO_GAMES_SALES,0.5381576812509214,2
TabM,ft,REG_TEXT_SOCIAL_VIDEO_GAMES_SALES,0.3888162499188391,3
TabM,ft,REG_TEXT_SOCIAL_VIDEO_GAMES_SALES,0.4339536974880311,4
TabM,no_text,REG_TEXT_SOCIAL_VIDEO_GAMES_SALES,0.0068959273298873,0
TabM,no_text,REG_TEXT_SOCIAL_VIDEO_GAMES_SALES,0.0554797824917927,1
TabM,no_text,REG_TEXT_SOCIAL_VIDEO_GAMES_SALES,0.0557275729917902,2
TabM,no_text,REG_TEXT_SOCIAL_VIDEO_GAMES_SALES,0.0273941457281974,3
TabM,no_text,REG_TEXT_SOCIAL_VIDEO_GAMES_SALES,0.0795930481048009,4
TabM,text_only,REG_TEXT_SOCIAL_VIDEO_GAMES_SALES,0.4680111959141602,0
TabM,text_only,REG_TEXT_SOCIAL_VIDEO_GAMES_SALES,0.2979340573962812,1
TabM,text_only,REG_TEXT_SOCIAL_VIDEO_GAMES_SALES,0.3492910996801308,2
TabM,text_only,REG_TEXT_SOCIAL_VIDEO_GAMES_SALES,0.230070977226811,3
TabM,text_only,REG_TEXT_SOCIAL_VIDEO_GAMES_SALES,0.1866100376983577,4
TabPFN-2.5,all,REG_TEXT_SOCIAL_VIDEO_GAMES_SALES,0.4474860582123852,0
TabPFN-2.5,all,REG_TEXT_SOCIAL_VIDEO_GAMES_SALES,0.4715081447225001,1
TabPFN-2.5,all,REG_TEXT_SOCIAL_VIDEO_GAMES_SALES,0.3520084177299071,2
TabPFN-2.5,all,REG_TEXT_SOCIAL_VIDEO_GAMES_SALES,0.441227690550841,3
TabPFN-2.5,all,REG_TEXT_SOCIAL_VIDEO_GAMES_SALES,0.3176631481950779,4
TabPFN-2.5,ft,REG_TEXT_SOCIAL_VIDEO_GAMES_SALES,0.4633192131213552,0
TabPFN-2.5,ft,REG_TEXT_SOCIAL_VIDEO_GAMES_SALES,0.494511075547313,1
TabPFN-2.5,ft,REG_TEXT_SOCIAL_VIDEO_GAMES_SALES,0.3680203489411089,2
TabPFN-2.5,ft,REG_TEXT_SOCIAL_VIDEO_GAMES_SALES,0.5164037238790185,3
TabPFN-2.5,ft,REG_TEXT_SOCIAL_VIDEO_GAMES_SALES,0.3792713071903505,4
TabPFN-2.5,no_text,REG_TEXT_SOCIAL_VIDEO_GAMES_SALES,0.0432709578958108,0
TabPFN-2.5,no_text,REG_TEXT_SOCIAL_VIDEO_GAMES_SALES,0.0616163103995408,1
TabPFN-2.5,no_text,REG_TEXT_SOCIAL_VIDEO_GAMES_SALES,0.0482462923248548,2
TabPFN-2.5,no_text,REG_TEXT_SOCIAL_VIDEO_GAMES_SALES,0.0459489669385299,3
TabPFN-2.5,no_text,REG_TEXT_SOCIAL_VIDEO_GAMES_SALES,0.06969334155445,4
TabPFN-2.5,text_only,REG_TEXT_SOCIAL_VIDEO_GAMES_SALES,0.38353579910625,0
TabPFN-2.5,text_only,REG_TEXT_SOCIAL_VIDEO_GAMES_SALES,0.3432345656076893,1
TabPFN-2.5,text_only,REG_TEXT_SOCIAL_VIDEO_GAMES_SALES,0.2757155814489437,2
TabPFN-2.5,text_only,REG_TEXT_SOCIAL_VIDEO_GAMES_SALES,0.3209245414345232,3
TabPFN-2.5,text_only,REG_TEXT_SOCIAL_VIDEO_GAMES_SALES,0.2286220802780705,4
TabPFNv2,all,REG_TEXT_SOCIAL_VIDEO_GAMES_SALES,0.3353197010227947,0
TabPFNv2,all,REG_TEXT_SOCIAL_VIDEO_GAMES_SALES,0.3340710606360003,1
TabPFNv2,all,REG_TEXT_SOCIAL_VIDEO_GAMES_SALES,0.2220963205307858,2
TabPFNv2,all,REG_TEXT_SOCIAL_VIDEO_GAMES_SALES,0.3193146769107652,3
TabPFNv2,all,REG_TEXT_SOCIAL_VIDEO_GAMES_SALES,0.2361190665986609,4
TabPFNv2,ft,REG_TEXT_SOCIAL_VIDEO_GAMES_SALES,0.3368108796860866,0
TabPFNv2,ft,REG_TEXT_SOCIAL_VIDEO_GAMES_SALES,0.3438102911859549,1
TabPFNv2,ft,REG_TEXT_SOCIAL_VIDEO_GAMES_SALES,0.2385250192204726,2
TabPFNv2,ft,REG_TEXT_SOCIAL_VIDEO_GAMES_SALES,0.3197498250298795,3
TabPFNv2,ft,REG_TEXT_SOCIAL_VIDEO_GAMES_SALES,0.2522631305731898,4
TabPFNv2,no_text,REG_TEXT_SOCIAL_VIDEO_GAMES_SALES,0.0326624788456249,0
TabPFNv2,no_text,REG_TEXT_SOCIAL_VIDEO_GAMES_SALES,0.0533207440056595,1
TabPFNv2,no_text,REG_TEXT_SOCIAL_VIDEO_GAMES_SALES,0.0426016392330054,2
TabPFNv2,no_text,REG_TEXT_SOCIAL_VIDEO_GAMES_SALES,0.0379349756963705,3
TabPFNv2,no_text,REG_TEXT_SOCIAL_VIDEO_GAMES_SALES,0.0494504914025226,4
TabPFNv2,text_only,REG_TEXT_SOCIAL_VIDEO_GAMES_SALES,0.2594416606859721,0
TabPFNv2,text_only,REG_TEXT_SOCIAL_VIDEO_GAMES_SALES,0.2464708575190184,1
TabPFNv2,text_only,REG_TEXT_SOCIAL_VIDEO_GAMES_SALES,0.1884612747211355,2
TabPFNv2,text_only,REG_TEXT_SOCIAL_VIDEO_GAMES_SALES,0.2458031441354008,3
TabPFNv2,text_only,REG_TEXT_SOCIAL_VIDEO_GAMES_SALES,0.1630369513666731,4
XGBoost,all,REG_TEXT_SOCIAL_VIDEO_GAMES_SALES,0.3741803196591263,0
XGBoost,all,REG_TEXT_SOCIAL_VIDEO_GAMES_SALES,0.2118585181238598,1
XGBoost,all,REG_TEXT_SOCIAL_VIDEO_GAMES_SALES,0.2778243381797355,2
XGBoost,all,REG_TEXT_SOCIAL_VIDEO_GAMES_SALES,0.2492749191278005,3
XGBoost,all,REG_TEXT_SOCIAL_VIDEO_GAMES_SALES,0.0035634028596033,4
XGBoost,ft,REG_TEXT_SOCIAL_VIDEO_GAMES_SALES,0.5223482862230817,0
XGBoost,ft,REG_TEXT_SOCIAL_VIDEO_GAMES_SALES,0.3135307396699632,1
XGBoost,ft,REG_TEXT_SOCIAL_VIDEO_GAMES_SALES,0.4931062176942009,2
XGBoost,ft,REG_TEXT_SOCIAL_VIDEO_GAMES_SALES,0.2460075884495377,3
XGBoost,ft,REG_TEXT_SOCIAL_VIDEO_GAMES_SALES,0.1882792959704277,4
XGBoost,no_text,REG_TEXT_SOCIAL_VIDEO_GAMES_SALES,-0.3041421338697687,0
XGBoost,no_text,REG_TEXT_SOCIAL_VIDEO_GAMES_SALES,-0.0537196880522532,1
XGBoost,no_text,REG_TEXT_SOCIAL_VIDEO_GAMES_SALES,0.00968735948331,2
XGBoost,no_text,REG_TEXT_SOCIAL_VIDEO_GAMES_SALES,-0.0021654939208741,3
XGBoost,no_text,REG_TEXT_SOCIAL_VIDEO_GAMES_SALES,0.0267309994797307,4
XGBoost,text_only,REG_TEXT_SOCIAL_VIDEO_GAMES_SALES,0.198208579431238,0
XGBoost,text_only,REG_TEXT_SOCIAL_VIDEO_GAMES_SALES,0.1684381042292275,1
XGBoost,text_only,REG_TEXT_SOCIAL_VIDEO_GAMES_SALES,0.2422163210431077,2
XGBoost,text_only,REG_TEXT_SOCIAL_VIDEO_GAMES_SALES,0.1042331986740379,3
XGBoost,text_only,REG_TEXT_SOCIAL_VIDEO_GAMES_SALES,0.0815641055955503,4
CatBoost,all,REG_TEXT_SPORTS_FIFA22_WAGES,0.8021062767304389,0
CatBoost,all,REG_TEXT_SPORTS_FIFA22_WAGES,0.7175343869427891,1
CatBoost,all,REG_TEXT_SPORTS_FIFA22_WAGES,0.7735576892407304,2
CatBoost,all,REG_TEXT_SPORTS_FIFA22_WAGES,0.7959535279482479,3
CatBoost,all,REG_TEXT_SPORTS_FIFA22_WAGES,0.7891758967957367,4
CatBoost,ft,REG_TEXT_SPORTS_FIFA22_WAGES,0.7972398301248748,0
CatBoost,ft,REG_TEXT_SPORTS_FIFA22_WAGES,0.7272400621546024,1
CatBoost,ft,REG_TEXT_SPORTS_FIFA22_WAGES,0.7550159469792923,2
CatBoost,ft,REG_TEXT_SPORTS_FIFA22_WAGES,0.7968764397731356,3
CatBoost,ft,REG_TEXT_SPORTS_FIFA22_WAGES,0.7956708670833748,4
CatBoost,no_text,REG_TEXT_SPORTS_FIFA22_WAGES,0.7785089136128377,0
CatBoost,no_text,REG_TEXT_SPORTS_FIFA22_WAGES,0.7426802307558171,1
CatBoost,no_text,REG_TEXT_SPORTS_FIFA22_WAGES,0.7533171340116628,2
CatBoost,no_text,REG_TEXT_SPORTS_FIFA22_WAGES,0.7944455749293127,3
CatBoost,no_text,REG_TEXT_SPORTS_FIFA22_WAGES,0.7679121413949341,4
CatBoost,text_only,REG_TEXT_SPORTS_FIFA22_WAGES,0.050734598533605,0
CatBoost,text_only,REG_TEXT_SPORTS_FIFA22_WAGES,0.0369542563692352,1
CatBoost,text_only,REG_TEXT_SPORTS_FIFA22_WAGES,0.0437907325256975,2
CatBoost,text_only,REG_TEXT_SPORTS_FIFA22_WAGES,0.0596415809230409,3
CatBoost,text_only,REG_TEXT_SPORTS_FIFA22_WAGES,0.0476402954766999,4
LightGBM,all,REG_TEXT_SPORTS_FIFA22_WAGES,0.8057678123649863,0
LightGBM,all,REG_TEXT_SPORTS_FIFA22_WAGES,0.7087858413744657,1
LightGBM,all,REG_TEXT_SPORTS_FIFA22_WAGES,0.7638165950486105,2
LightGBM,all,REG_TEXT_SPORTS_FIFA22_WAGES,0.7845898794342661,3
LightGBM,all,REG_TEXT_SPORTS_FIFA22_WAGES,0.7867054052665058,4
LightGBM,ft,REG_TEXT_SPORTS_FIFA22_WAGES,0.7964959569255103,0
LightGBM,ft,REG_TEXT_SPORTS_FIFA22_WAGES,0.7244533131287797,1
LightGBM,ft,REG_TEXT_SPORTS_FIFA22_WAGES,0.7654382719964208,2
LightGBM,ft,REG_TEXT_SPORTS_FIFA22_WAGES,0.7863267619336688,3
LightGBM,ft,REG_TEXT_SPORTS_FIFA22_WAGES,0.7864514825223758,4
LightGBM,no_text,REG_TEXT_SPORTS_FIFA22_WAGES,0.7740545117095728,0
LightGBM,no_text,REG_TEXT_SPORTS_FIFA22_WAGES,0.7176390764302902,1
LightGBM,no_text,REG_TEXT_SPORTS_FIFA22_WAGES,0.75053433131645,2
LightGBM,no_text,REG_TEXT_SPORTS_FIFA22_WAGES,0.7628284480536516,3
LightGBM,no_text,REG_TEXT_SPORTS_FIFA22_WAGES,0.7770058572186063,4
LightGBM,text_only,REG_TEXT_SPORTS_FIFA22_WAGES,0.0401487998141018,0
LightGBM,text_only,REG_TEXT_SPORTS_FIFA22_WAGES,0.0414124130256067,1
LightGBM,text_only,REG_TEXT_SPORTS_FIFA22_WAGES,0.0386054134871337,2
LightGBM,text_only,REG_TEXT_SPORTS_FIFA22_WAGES,0.0471375962158613,3
LightGBM,text_only,REG_TEXT_SPORTS_FIFA22_WAGES,0.0461473371357837,4
RandomForest,all,REG_TEXT_SPORTS_FIFA22_WAGES,0.7668682565299897,0
RandomForest,all,REG_TEXT_SPORTS_FIFA22_WAGES,0.7407880974860119,1
RandomForest,all,REG_TEXT_SPORTS_FIFA22_WAGES,0.758185139417799,2
RandomForest,all,REG_TEXT_SPORTS_FIFA22_WAGES,0.7910958130092985,3
RandomForest,all,REG_TEXT_SPORTS_FIFA22_WAGES,0.7984097418707691,4
RandomForest,ft,REG_TEXT_SPORTS_FIFA22_WAGES,0.7701872262834946,0
RandomForest,ft,REG_TEXT_SPORTS_FIFA22_WAGES,0.7368340707889955,1
RandomForest,ft,REG_TEXT_SPORTS_FIFA22_WAGES,0.7526276453643898,2
RandomForest,ft,REG_TEXT_SPORTS_FIFA22_WAGES,0.7936358438921398,3
RandomForest,ft,REG_TEXT_SPORTS_FIFA22_WAGES,0.7966569943064715,4
RandomForest,no_text,REG_TEXT_SPORTS_FIFA22_WAGES,0.7427380594187263,0
RandomForest,no_text,REG_TEXT_SPORTS_FIFA22_WAGES,0.7439269455795279,1
RandomForest,no_text,REG_TEXT_SPORTS_FIFA22_WAGES,0.7327494916439268,2
RandomForest,no_text,REG_TEXT_SPORTS_FIFA22_WAGES,0.7845543422362611,3
RandomForest,no_text,REG_TEXT_SPORTS_FIFA22_WAGES,0.7807345092865967,4
RandomForest,text_only,REG_TEXT_SPORTS_FIFA22_WAGES,0.0260458191003455,0
RandomForest,text_only,REG_TEXT_SPORTS_FIFA22_WAGES,0.0253082601005302,1
RandomForest,text_only,REG_TEXT_SPORTS_FIFA22_WAGES,0.037350513643328,2
RandomForest,text_only,REG_TEXT_SPORTS_FIFA22_WAGES,0.0296166540802614,3
RandomForest,text_only,REG_TEXT_SPORTS_FIFA22_WAGES,0.0439124267814532,4
RealMLP,all,REG_TEXT_SPORTS_FIFA22_WAGES,0.7791778272762011,0
RealMLP,all,REG_TEXT_SPORTS_FIFA22_WAGES,0.7216513805128248,1
RealMLP,all,REG_TEXT_SPORTS_FIFA22_WAGES,0.7734735372225308,2
RealMLP,all,REG_TEXT_SPORTS_FIFA22_WAGES,0.8028689411699299,3
RealMLP,all,REG_TEXT_SPORTS_FIFA22_WAGES,0.7887970673494128,4
RealMLP,ft,REG_TEXT_SPORTS_FIFA22_WAGES,0.7607462652450867,0
RealMLP,ft,REG_TEXT_SPORTS_FIFA22_WAGES,0.7489258118647735,1
RealMLP,ft,REG_TEXT_SPORTS_FIFA22_WAGES,0.7786707725171533,2
RealMLP,ft,REG_TEXT_SPORTS_FIFA22_WAGES,0.8099677250283198,3
RealMLP,ft,REG_TEXT_SPORTS_FIFA22_WAGES,0.7669347995556658,4
RealMLP,no_text,REG_TEXT_SPORTS_FIFA22_WAGES,0.7579286528621411,0
RealMLP,no_text,REG_TEXT_SPORTS_FIFA22_WAGES,0.750463718517399,1
RealMLP,no_text,REG_TEXT_SPORTS_FIFA22_WAGES,0.7589731254997325,2
RealMLP,no_text,REG_TEXT_SPORTS_FIFA22_WAGES,0.7935660434680447,3
RealMLP,no_text,REG_TEXT_SPORTS_FIFA22_WAGES,0.8046301572773372,4
RealMLP,text_only,REG_TEXT_SPORTS_FIFA22_WAGES,0.0534581922071037,0
RealMLP,text_only,REG_TEXT_SPORTS_FIFA22_WAGES,0.036729179342983,1
RealMLP,text_only,REG_TEXT_SPORTS_FIFA22_WAGES,0.0401589327731526,2
RealMLP,text_only,REG_TEXT_SPORTS_FIFA22_WAGES,0.0484631832014342,3
RealMLP,text_only,REG_TEXT_SPORTS_FIFA22_WAGES,0.0412465384935684,4
TabDPT,all,REG_TEXT_SPORTS_FIFA22_WAGES,0.7354038731889132,0
TabDPT,all,REG_TEXT_SPORTS_FIFA22_WAGES,0.6728030976098079,1
TabDPT,all,REG_TEXT_SPORTS_FIFA22_WAGES,0.6883879088011997,2
TabDPT,all,REG_TEXT_SPORTS_FIFA22_WAGES,0.72209358302043,3
TabDPT,all,REG_TEXT_SPORTS_FIFA22_WAGES,0.7069457341187446,4
TabDPT,ft,REG_TEXT_SPORTS_FIFA22_WAGES,0.7373599568754852,0
TabDPT,ft,REG_TEXT_SPORTS_FIFA22_WAGES,0.6746946154100504,1
TabDPT,ft,REG_TEXT_SPORTS_FIFA22_WAGES,0.6889349943436907,2
TabDPT,ft,REG_TEXT_SPORTS_FIFA22_WAGES,0.7266685067230481,3
TabDPT,ft,REG_TEXT_SPORTS_FIFA22_WAGES,0.7069642464171131,4
TabDPT,no_text,REG_TEXT_SPORTS_FIFA22_WAGES,0.725988406602936,0
TabDPT,no_text,REG_TEXT_SPORTS_FIFA22_WAGES,0.669703400390797,1
TabDPT,no_text,REG_TEXT_SPORTS_FIFA22_WAGES,0.6759570531869878,2
TabDPT,no_text,REG_TEXT_SPORTS_FIFA22_WAGES,0.7092399949523085,3
TabDPT,no_text,REG_TEXT_SPORTS_FIFA22_WAGES,0.7096470825201676,4
TabDPT,text_only,REG_TEXT_SPORTS_FIFA22_WAGES,0.0508182214574141,0
TabDPT,text_only,REG_TEXT_SPORTS_FIFA22_WAGES,0.0453168589056912,1
TabDPT,text_only,REG_TEXT_SPORTS_FIFA22_WAGES,0.0377375139578379,2
TabDPT,text_only,REG_TEXT_SPORTS_FIFA22_WAGES,0.0690807319555579,3
TabDPT,text_only,REG_TEXT_SPORTS_FIFA22_WAGES,0.0506709116601429,4
TabICLv2,all,REG_TEXT_SPORTS_FIFA22_WAGES,0.795506005335381,0
TabICLv2,all,REG_TEXT_SPORTS_FIFA22_WAGES,0.744551150565621,1
TabICLv2,all,REG_TEXT_SPORTS_FIFA22_WAGES,0.7850325018483932,2
TabICLv2,all,REG_TEXT_SPORTS_FIFA22_WAGES,0.8224548904366037,3
TabICLv2,all,REG_TEXT_SPORTS_FIFA22_WAGES,0.7859898187793237,4
TabICLv2,ft,REG_TEXT_SPORTS_FIFA22_WAGES,0.7992265125361399,0
TabICLv2,ft,REG_TEXT_SPORTS_FIFA22_WAGES,0.7431047291078754,1
TabICLv2,ft,REG_TEXT_SPORTS_FIFA22_WAGES,0.7862825343387936,2
TabICLv2,ft,REG_TEXT_SPORTS_FIFA22_WAGES,0.8260212271540945,3
TabICLv2,ft,REG_TEXT_SPORTS_FIFA22_WAGES,0.7896129782385317,4
TabICLv2,no_text,REG_TEXT_SPORTS_FIFA22_WAGES,0.78635718247129,0
TabICLv2,no_text,REG_TEXT_SPORTS_FIFA22_WAGES,0.7348432048486133,1
TabICLv2,no_text,REG_TEXT_SPORTS_FIFA22_WAGES,0.7645784395166596,2
TabICLv2,no_text,REG_TEXT_SPORTS_FIFA22_WAGES,0.8157952193264312,3
TabICLv2,no_text,REG_TEXT_SPORTS_FIFA22_WAGES,0.7771319017711851,4
TabICLv2,text_only,REG_TEXT_SPORTS_FIFA22_WAGES,0.0497307315247924,0
TabICLv2,text_only,REG_TEXT_SPORTS_FIFA22_WAGES,0.0455853873824827,1
TabICLv2,text_only,REG_TEXT_SPORTS_FIFA22_WAGES,0.0357855735092957,2
TabICLv2,text_only,REG_TEXT_SPORTS_FIFA22_WAGES,0.0601453922082353,3
TabICLv2,text_only,REG_TEXT_SPORTS_FIFA22_WAGES,0.0440286617076509,4
TabM,all,REG_TEXT_SPORTS_FIFA22_WAGES,0.7907566543060038,0
TabM,all,REG_TEXT_SPORTS_FIFA22_WAGES,0.7505028823277194,1
TabM,all,REG_TEXT_SPORTS_FIFA22_WAGES,0.7551740541842246,2
TabM,all,REG_TEXT_SPORTS_FIFA22_WAGES,0.8092372931682185,3
TabM,all,REG_TEXT_SPORTS_FIFA22_WAGES,0.7782416052022766,4
TabM,ft,REG_TEXT_SPORTS_FIFA22_WAGES,0.786812449232303,0
TabM,ft,REG_TEXT_SPORTS_FIFA22_WAGES,0.7412431119721752,1
TabM,ft,REG_TEXT_SPORTS_FIFA22_WAGES,0.7739739595540642,2
TabM,ft,REG_TEXT_SPORTS_FIFA22_WAGES,0.7987369835399709,3
TabM,ft,REG_TEXT_SPORTS_FIFA22_WAGES,0.7692589458046113,4
TabM,no_text,REG_TEXT_SPORTS_FIFA22_WAGES,0.7631437568022543,0
TabM,no_text,REG_TEXT_SPORTS_FIFA22_WAGES,0.7536542571573057,1
TabM,no_text,REG_TEXT_SPORTS_FIFA22_WAGES,0.7708742839398895,2
TabM,no_text,REG_TEXT_SPORTS_FIFA22_WAGES,0.7817351044554508,3
TabM,no_text,REG_TEXT_SPORTS_FIFA22_WAGES,0.7615347088250138,4
TabM,text_only,REG_TEXT_SPORTS_FIFA22_WAGES,0.0524772209728989,0
TabM,text_only,REG_TEXT_SPORTS_FIFA22_WAGES,0.0429926212054616,1
TabM,text_only,REG_TEXT_SPORTS_FIFA22_WAGES,0.0422702136836877,2
TabM,text_only,REG_TEXT_SPORTS_FIFA22_WAGES,0.0625695239233237,3
TabM,text_only,REG_TEXT_SPORTS_FIFA22_WAGES,0.0489507660488989,4
TabPFN-2.5,all,REG_TEXT_SPORTS_FIFA22_WAGES,0.8190903623114926,0
TabPFN-2.5,all,REG_TEXT_SPORTS_FIFA22_WAGES,0.7715837721767407,1
TabPFN-2.5,all,REG_TEXT_SPORTS_FIFA22_WAGES,0.8013599950918094,2
TabPFN-2.5,all,REG_TEXT_SPORTS_FIFA22_WAGES,0.8233656401954098,3
TabPFN-2.5,all,REG_TEXT_SPORTS_FIFA22_WAGES,0.8204255171591357,4
TabPFN-2.5,ft,REG_TEXT_SPORTS_FIFA22_WAGES,0.8080970844388844,0
TabPFN-2.5,ft,REG_TEXT_SPORTS_FIFA22_WAGES,0.7748573217218685,1
TabPFN-2.5,ft,REG_TEXT_SPORTS_FIFA22_WAGES,0.8032865913530116,2
TabPFN-2.5,ft,REG_TEXT_SPORTS_FIFA22_WAGES,0.8284418396356202,3
TabPFN-2.5,ft,REG_TEXT_SPORTS_FIFA22_WAGES,0.8179915680734279,4
TabPFN-2.5,no_text,REG_TEXT_SPORTS_FIFA22_WAGES,0.7992220589207282,0
TabPFN-2.5,no_text,REG_TEXT_SPORTS_FIFA22_WAGES,0.7703100666509155,1
TabPFN-2.5,no_text,REG_TEXT_SPORTS_FIFA22_WAGES,0.7843346985664283,2
TabPFN-2.5,no_text,REG_TEXT_SPORTS_FIFA22_WAGES,0.8121546097172344,3
TabPFN-2.5,no_text,REG_TEXT_SPORTS_FIFA22_WAGES,0.8010704697140911,4
TabPFN-2.5,text_only,REG_TEXT_SPORTS_FIFA22_WAGES,0.0491992768051933,0
TabPFN-2.5,text_only,REG_TEXT_SPORTS_FIFA22_WAGES,0.0347183997050687,1
TabPFN-2.5,text_only,REG_TEXT_SPORTS_FIFA22_WAGES,0.0462824820142139,2
TabPFN-2.5,text_only,REG_TEXT_SPORTS_FIFA22_WAGES,0.0631204032284544,3
TabPFN-2.5,text_only,REG_TEXT_SPORTS_FIFA22_WAGES,0.0408609684977642,4
TabPFNv2,all,REG_TEXT_SPORTS_FIFA22_WAGES,0.7769567043141394,0
TabPFNv2,all,REG_TEXT_SPORTS_FIFA22_WAGES,0.7237532056959497,1
TabPFNv2,all,REG_TEXT_SPORTS_FIFA22_WAGES,0.7132892537058639,2
TabPFNv2,all,REG_TEXT_SPORTS_FIFA22_WAGES,0.7446227779606287,3
TabPFNv2,all,REG_TEXT_SPORTS_FIFA22_WAGES,0.7167494562392462,4
TabPFNv2,ft,REG_TEXT_SPORTS_FIFA22_WAGES,0.7700415982668452,0
TabPFNv2,ft,REG_TEXT_SPORTS_FIFA22_WAGES,0.7279983891306858,1
TabPFNv2,ft,REG_TEXT_SPORTS_FIFA22_WAGES,0.7169320512535935,2
TabPFNv2,ft,REG_TEXT_SPORTS_FIFA22_WAGES,0.7492705557070928,3
TabPFNv2,ft,REG_TEXT_SPORTS_FIFA22_WAGES,0.7149384476079796,4
TabPFNv2,no_text,REG_TEXT_SPORTS_FIFA22_WAGES,0.7500731790445738,0
TabPFNv2,no_text,REG_TEXT_SPORTS_FIFA22_WAGES,0.7117579517103505,1
TabPFNv2,no_text,REG_TEXT_SPORTS_FIFA22_WAGES,0.7018789227193043,2
TabPFNv2,no_text,REG_TEXT_SPORTS_FIFA22_WAGES,0.7199560456174716,3
TabPFNv2,no_text,REG_TEXT_SPORTS_FIFA22_WAGES,0.6930118478173943,4
TabPFNv2,text_only,REG_TEXT_SPORTS_FIFA22_WAGES,0.0265890289810876,0
TabPFNv2,text_only,REG_TEXT_SPORTS_FIFA22_WAGES,0.0150883276009649,1
TabPFNv2,text_only,REG_TEXT_SPORTS_FIFA22_WAGES,0.0294055206124074,2
TabPFNv2,text_only,REG_TEXT_SPORTS_FIFA22_WAGES,0.0393040294778922,3
TabPFNv2,text_only,REG_TEXT_SPORTS_FIFA22_WAGES,0.0163478948297572,4
XGBoost,all,REG_TEXT_SPORTS_FIFA22_WAGES,0.7503057706702121,0
XGBoost,all,REG_TEXT_SPORTS_FIFA22_WAGES,0.6827804644070354,1
XGBoost,all,REG_TEXT_SPORTS_FIFA22_WAGES,0.7117545313805607,2
XGBoost,all,REG_TEXT_SPORTS_FIFA22_WAGES,0.7793218209672949,3
XGBoost,all,REG_TEXT_SPORTS_FIFA22_WAGES,0.7537449696101017,4
XGBoost,ft,REG_TEXT_SPORTS_FIFA22_WAGES,0.7743143345324246,0
XGBoost,ft,REG_TEXT_SPORTS_FIFA22_WAGES,0.6936116138016437,1
XGBoost,ft,REG_TEXT_SPORTS_FIFA22_WAGES,0.7206031505894221,2
XGBoost,ft,REG_TEXT_SPORTS_FIFA22_WAGES,0.7854281872546136,3
XGBoost,ft,REG_TEXT_SPORTS_FIFA22_WAGES,0.7643228427636746,4
XGBoost,no_text,REG_TEXT_SPORTS_FIFA22_WAGES,0.7084837530867197,0
XGBoost,no_text,REG_TEXT_SPORTS_FIFA22_WAGES,0.699918102921602,1
XGBoost,no_text,REG_TEXT_SPORTS_FIFA22_WAGES,0.7463166666425769,2
XGBoost,no_text,REG_TEXT_SPORTS_FIFA22_WAGES,0.712474467363793,3
XGBoost,no_text,REG_TEXT_SPORTS_FIFA22_WAGES,0.7548392739893075,4
XGBoost,text_only,REG_TEXT_SPORTS_FIFA22_WAGES,0.0446757615055365,0
XGBoost,text_only,REG_TEXT_SPORTS_FIFA22_WAGES,0.0356123537297221,1
XGBoost,text_only,REG_TEXT_SPORTS_FIFA22_WAGES,0.0429163113817258,2
XGBoost,text_only,REG_TEXT_SPORTS_FIFA22_WAGES,0.0502985005110596,3
XGBoost,text_only,REG_TEXT_SPORTS_FIFA22_WAGES,0.0456657250973565,4
CatBoost,all,REG_TEXT_SPORTS_NBA_DRAFT_VALUE_OVER_REPLACEMENT,0.9946328365280744,0
CatBoost,all,REG_TEXT_SPORTS_NBA_DRAFT_VALUE_OVER_REPLACEMENT,0.9437345497601828,1
CatBoost,all,REG_TEXT_SPORTS_NBA_DRAFT_VALUE_OVER_REPLACEMENT,0.8701799499963327,2
CatBoost,all,REG_TEXT_SPORTS_NBA_DRAFT_VALUE_OVER_REPLACEMENT,0.969071448035869,3
CatBoost,all,REG_TEXT_SPORTS_NBA_DRAFT_VALUE_OVER_REPLACEMENT,0.9763529931894104,4
CatBoost,ft,REG_TEXT_SPORTS_NBA_DRAFT_VALUE_OVER_REPLACEMENT,0.9903503673931624,0
CatBoost,ft,REG_TEXT_SPORTS_NBA_DRAFT_VALUE_OVER_REPLACEMENT,0.9565906987321084,1
CatBoost,ft,REG_TEXT_SPORTS_NBA_DRAFT_VALUE_OVER_REPLACEMENT,0.8842917595502139,2
CatBoost,ft,REG_TEXT_SPORTS_NBA_DRAFT_VALUE_OVER_REPLACEMENT,0.9783264045228164,3
CatBoost,ft,REG_TEXT_SPORTS_NBA_DRAFT_VALUE_OVER_REPLACEMENT,0.9797126505292192,4
CatBoost,no_text,REG_TEXT_SPORTS_NBA_DRAFT_VALUE_OVER_REPLACEMENT,0.9954679989621916,0
CatBoost,no_text,REG_TEXT_SPORTS_NBA_DRAFT_VALUE_OVER_REPLACEMENT,0.9770442754511032,1
CatBoost,no_text,REG_TEXT_SPORTS_NBA_DRAFT_VALUE_OVER_REPLACEMENT,0.8981282510397549,2
CatBoost,no_text,REG_TEXT_SPORTS_NBA_DRAFT_VALUE_OVER_REPLACEMENT,0.9884926441660234,3
CatBoost,no_text,REG_TEXT_SPORTS_NBA_DRAFT_VALUE_OVER_REPLACEMENT,0.98910435340754,4
CatBoost,text_only,REG_TEXT_SPORTS_NBA_DRAFT_VALUE_OVER_REPLACEMENT,0.2461311056952624,0
CatBoost,text_only,REG_TEXT_SPORTS_NBA_DRAFT_VALUE_OVER_REPLACEMENT,0.4406678679507744,1
CatBoost,text_only,REG_TEXT_SPORTS_NBA_DRAFT_VALUE_OVER_REPLACEMENT,0.3369723224876587,2
CatBoost,text_only,REG_TEXT_SPORTS_NBA_DRAFT_VALUE_OVER_REPLACEMENT,0.3295835278253002,3
CatBoost,text_only,REG_TEXT_SPORTS_NBA_DRAFT_VALUE_OVER_REPLACEMENT,0.1940636898186555,4
LightGBM,all,REG_TEXT_SPORTS_NBA_DRAFT_VALUE_OVER_REPLACEMENT,0.9894400077894224,0
LightGBM,all,REG_TEXT_SPORTS_NBA_DRAFT_VALUE_OVER_REPLACEMENT,0.9313515986929116,1
LightGBM,all,REG_TEXT_SPORTS_NBA_DRAFT_VALUE_OVER_REPLACEMENT,0.8426815298559681,2
LightGBM,all,REG_TEXT_SPORTS_NBA_DRAFT_VALUE_OVER_REPLACEMENT,0.9734353339613318,3
LightGBM,all,REG_TEXT_SPORTS_NBA_DRAFT_VALUE_OVER_REPLACEMENT,0.9741782425015008,4
LightGBM,ft,REG_TEXT_SPORTS_NBA_DRAFT_VALUE_OVER_REPLACEMENT,0.9885579708969784,0
LightGBM,ft,REG_TEXT_SPORTS_NBA_DRAFT_VALUE_OVER_REPLACEMENT,0.9369586028435176,1
LightGBM,ft,REG_TEXT_SPORTS_NBA_DRAFT_VALUE_OVER_REPLACEMENT,0.8586565898912569,2
LightGBM,ft,REG_TEXT_SPORTS_NBA_DRAFT_VALUE_OVER_REPLACEMENT,0.9755942798930652,3
LightGBM,ft,REG_TEXT_SPORTS_NBA_DRAFT_VALUE_OVER_REPLACEMENT,0.9729482082193892,4
LightGBM,no_text,REG_TEXT_SPORTS_NBA_DRAFT_VALUE_OVER_REPLACEMENT,0.9902589097544034,0
LightGBM,no_text,REG_TEXT_SPORTS_NBA_DRAFT_VALUE_OVER_REPLACEMENT,0.9340651469263986,1
LightGBM,no_text,REG_TEXT_SPORTS_NBA_DRAFT_VALUE_OVER_REPLACEMENT,0.858966916595767,2
LightGBM,no_text,REG_TEXT_SPORTS_NBA_DRAFT_VALUE_OVER_REPLACEMENT,0.9746491884161794,3
LightGBM,no_text,REG_TEXT_SPORTS_NBA_DRAFT_VALUE_OVER_REPLACEMENT,0.97365071139065,4
LightGBM,text_only,REG_TEXT_SPORTS_NBA_DRAFT_VALUE_OVER_REPLACEMENT,0.2644309452920058,0
LightGBM,text_only,REG_TEXT_SPORTS_NBA_DRAFT_VALUE_OVER_REPLACEMENT,0.3774493921241966,1
LightGBM,text_only,REG_TEXT_SPORTS_NBA_DRAFT_VALUE_OVER_REPLACEMENT,0.3184574877325981,2
LightGBM,text_only,REG_TEXT_SPORTS_NBA_DRAFT_VALUE_OVER_REPLACEMENT,0.3948514063158925,3
LightGBM,text_only,REG_TEXT_SPORTS_NBA_DRAFT_VALUE_OVER_REPLACEMENT,0.1868188552950803,4
RandomForest,all,REG_TEXT_SPORTS_NBA_DRAFT_VALUE_OVER_REPLACEMENT,0.9915533061827366,0
RandomForest,all,REG_TEXT_SPORTS_NBA_DRAFT_VALUE_OVER_REPLACEMENT,0.978399612189766,1
RandomForest,all,REG_TEXT_SPORTS_NBA_DRAFT_VALUE_OVER_REPLACEMENT,0.8939383182700494,2
RandomForest,all,REG_TEXT_SPORTS_NBA_DRAFT_VALUE_OVER_REPLACEMENT,0.9857434334997472,3
RandomForest,all,REG_TEXT_SPORTS_NBA_DRAFT_VALUE_OVER_REPLACEMENT,0.980858658925734,4
RandomForest,ft,REG_TEXT_SPORTS_NBA_DRAFT_VALUE_OVER_REPLACEMENT,0.9892355924165912,0
RandomForest,ft,REG_TEXT_SPORTS_NBA_DRAFT_VALUE_OVER_REPLACEMENT,0.980026308174594,1
RandomForest,ft,REG_TEXT_SPORTS_NBA_DRAFT_VALUE_OVER_REPLACEMENT,0.8808520657009958,2
RandomForest,ft,REG_TEXT_SPORTS_NBA_DRAFT_VALUE_OVER_REPLACEMENT,0.9851748603519576,3
RandomForest,ft,REG_TEXT_SPORTS_NBA_DRAFT_VALUE_OVER_REPLACEMENT,0.9821852463839096,4
RandomForest,no_text,REG_TEXT_SPORTS_NBA_DRAFT_VALUE_OVER_REPLACEMENT,0.9940143642621184,0
RandomForest,no_text,REG_TEXT_SPORTS_NBA_DRAFT_VALUE_OVER_REPLACEMENT,0.9829717725435102,1
RandomForest,no_text,REG_TEXT_SPORTS_NBA_DRAFT_VALUE_OVER_REPLACEMENT,0.9034048293378832,2
RandomForest,no_text,REG_TEXT_SPORTS_NBA_DRAFT_VALUE_OVER_REPLACEMENT,0.9859038364670766,3
RandomForest,no_text,REG_TEXT_SPORTS_NBA_DRAFT_VALUE_OVER_REPLACEMENT,0.9857948060048624,4
RandomForest,text_only,REG_TEXT_SPORTS_NBA_DRAFT_VALUE_OVER_REPLACEMENT,0.2287986582659793,0
RandomForest,text_only,REG_TEXT_SPORTS_NBA_DRAFT_VALUE_OVER_REPLACEMENT,0.3695738083233908,1
RandomForest,text_only,REG_TEXT_SPORTS_NBA_DRAFT_VALUE_OVER_REPLACEMENT,0.3316784808730355,2
RandomForest,text_only,REG_TEXT_SPORTS_NBA_DRAFT_VALUE_OVER_REPLACEMENT,0.4534859211533864,3
RandomForest,text_only,REG_TEXT_SPORTS_NBA_DRAFT_VALUE_OVER_REPLACEMENT,0.1688109870249521,4
RealMLP,all,REG_TEXT_SPORTS_NBA_DRAFT_VALUE_OVER_REPLACEMENT,0.9902058334772234,0
RealMLP,all,REG_TEXT_SPORTS_NBA_DRAFT_VALUE_OVER_REPLACEMENT,0.9924496563111,1
RealMLP,all,REG_TEXT_SPORTS_NBA_DRAFT_VALUE_OVER_REPLACEMENT,0.9434840794379008,2
RealMLP,all,REG_TEXT_SPORTS_NBA_DRAFT_VALUE_OVER_REPLACEMENT,0.988901746808892,3
RealMLP,all,REG_TEXT_SPORTS_NBA_DRAFT_VALUE_OVER_REPLACEMENT,0.930832435982097,4
RealMLP,ft,REG_TEXT_SPORTS_NBA_DRAFT_VALUE_OVER_REPLACEMENT,0.990068119625376,0
RealMLP,ft,REG_TEXT_SPORTS_NBA_DRAFT_VALUE_OVER_REPLACEMENT,0.9835142139318632,1
RealMLP,ft,REG_TEXT_SPORTS_NBA_DRAFT_VALUE_OVER_REPLACEMENT,0.9364627980080292,2
RealMLP,ft,REG_TEXT_SPORTS_NBA_DRAFT_VALUE_OVER_REPLACEMENT,0.981852891450019,3
RealMLP,ft,REG_TEXT_SPORTS_NBA_DRAFT_VALUE_OVER_REPLACEMENT,0.9911035433563068,4
RealMLP,no_text,REG_TEXT_SPORTS_NBA_DRAFT_VALUE_OVER_REPLACEMENT,0.9917855986625878,0
RealMLP,no_text,REG_TEXT_SPORTS_NBA_DRAFT_VALUE_OVER_REPLACEMENT,0.9940299640481824,1
RealMLP,no_text,REG_TEXT_SPORTS_NBA_DRAFT_VALUE_OVER_REPLACEMENT,0.956402702474835,2
RealMLP,no_text,REG_TEXT_SPORTS_NBA_DRAFT_VALUE_OVER_REPLACEMENT,0.9921436559789072,3
RealMLP,no_text,REG_TEXT_SPORTS_NBA_DRAFT_VALUE_OVER_REPLACEMENT,0.994390895938814,4
RealMLP,text_only,REG_TEXT_SPORTS_NBA_DRAFT_VALUE_OVER_REPLACEMENT,0.2194905940924787,0
RealMLP,text_only,REG_TEXT_SPORTS_NBA_DRAFT_VALUE_OVER_REPLACEMENT,0.422234789892302,1
RealMLP,text_only,REG_TEXT_SPORTS_NBA_DRAFT_VALUE_OVER_REPLACEMENT,0.3863551196583953,2
RealMLP,text_only,REG_TEXT_SPORTS_NBA_DRAFT_VALUE_OVER_REPLACEMENT,0.2879872298867276,3
RealMLP,text_only,REG_TEXT_SPORTS_NBA_DRAFT_VALUE_OVER_REPLACEMENT,0.0067169992863824,4
TabDPT,all,REG_TEXT_SPORTS_NBA_DRAFT_VALUE_OVER_REPLACEMENT,0.8746856685151743,0
TabDPT,all,REG_TEXT_SPORTS_NBA_DRAFT_VALUE_OVER_REPLACEMENT,0.7357965100100529,1
TabDPT,all,REG_TEXT_SPORTS_NBA_DRAFT_VALUE_OVER_REPLACEMENT,0.6082018186112131,2
TabDPT,all,REG_TEXT_SPORTS_NBA_DRAFT_VALUE_OVER_REPLACEMENT,0.8006354725654043,3
TabDPT,all,REG_TEXT_SPORTS_NBA_DRAFT_VALUE_OVER_REPLACEMENT,0.9014886960646804,4
TabDPT,ft,REG_TEXT_SPORTS_NBA_DRAFT_VALUE_OVER_REPLACEMENT,0.8755606950324578,0
TabDPT,ft,REG_TEXT_SPORTS_NBA_DRAFT_VALUE_OVER_REPLACEMENT,0.738482618939312,1
TabDPT,ft,REG_TEXT_SPORTS_NBA_DRAFT_VALUE_OVER_REPLACEMENT,0.6115521948528807,2
TabDPT,ft,REG_TEXT_SPORTS_NBA_DRAFT_VALUE_OVER_REPLACEMENT,0.8015409688064005,3
TabDPT,ft,REG_TEXT_SPORTS_NBA_DRAFT_VALUE_OVER_REPLACEMENT,0.8982879377569903,4
TabDPT,no_text,REG_TEXT_SPORTS_NBA_DRAFT_VALUE_OVER_REPLACEMENT,0.8798009761670508,0
TabDPT,no_text,REG_TEXT_SPORTS_NBA_DRAFT_VALUE_OVER_REPLACEMENT,0.73704405497331,1
TabDPT,no_text,REG_TEXT_SPORTS_NBA_DRAFT_VALUE_OVER_REPLACEMENT,0.6235842743311721,2
TabDPT,no_text,REG_TEXT_SPORTS_NBA_DRAFT_VALUE_OVER_REPLACEMENT,0.8093505128641929,3
TabDPT,no_text,REG_TEXT_SPORTS_NBA_DRAFT_VALUE_OVER_REPLACEMENT,0.9086584525597208,4
TabDPT,text_only,REG_TEXT_SPORTS_NBA_DRAFT_VALUE_OVER_REPLACEMENT,0.2293135578677068,0
TabDPT,text_only,REG_TEXT_SPORTS_NBA_DRAFT_VALUE_OVER_REPLACEMENT,0.3696209218974807,1
TabDPT,text_only,REG_TEXT_SPORTS_NBA_DRAFT_VALUE_OVER_REPLACEMENT,0.3192219058151593,2
TabDPT,text_only,REG_TEXT_SPORTS_NBA_DRAFT_VALUE_OVER_REPLACEMENT,0.3086566128223225,3
TabDPT,text_only,REG_TEXT_SPORTS_NBA_DRAFT_VALUE_OVER_REPLACEMENT,0.2075173649469851,4
TabICLv2,all,REG_TEXT_SPORTS_NBA_DRAFT_VALUE_OVER_REPLACEMENT,0.9993823887562124,0
TabICLv2,all,REG_TEXT_SPORTS_NBA_DRAFT_VALUE_OVER_REPLACEMENT,0.9972639147294502,1
TabICLv2,all,REG_TEXT_SPORTS_NBA_DRAFT_VALUE_OVER_REPLACEMENT,0.9596448314897722,2
TabICLv2,all,REG_TEXT_SPORTS_NBA_DRAFT_VALUE_OVER_REPLACEMENT,0.9982982088293004,3
TabICLv2,all,REG_TEXT_SPORTS_NBA_DRAFT_VALUE_OVER_REPLACEMENT,0.9994045978345536,4
TabICLv2,ft,REG_TEXT_SPORTS_NBA_DRAFT_VALUE_OVER_REPLACEMENT,0.9990912116860792,0
TabICLv2,ft,REG_TEXT_SPORTS_NBA_DRAFT_VALUE_OVER_REPLACEMENT,0.9962242272284768,1
TabICLv2,ft,REG_TEXT_SPORTS_NBA_DRAFT_VALUE_OVER_REPLACEMENT,0.9593846715020165,2
TabICLv2,ft,REG_TEXT_SPORTS_NBA_DRAFT_VALUE_OVER_REPLACEMENT,0.9988275867423596,3
TabICLv2,ft,REG_TEXT_SPORTS_NBA_DRAFT_VALUE_OVER_REPLACEMENT,0.9993638018345032,4
TabICLv2,no_text,REG_TEXT_SPORTS_NBA_DRAFT_VALUE_OVER_REPLACEMENT,0.9996162983891506,0
TabICLv2,no_text,REG_TEXT_SPORTS_NBA_DRAFT_VALUE_OVER_REPLACEMENT,0.999086482400179,1
TabICLv2,no_text,REG_TEXT_SPORTS_NBA_DRAFT_VALUE_OVER_REPLACEMENT,0.9597318779951106,2
TabICLv2,no_text,REG_TEXT_SPORTS_NBA_DRAFT_VALUE_OVER_REPLACEMENT,0.9994402926687126,3
TabICLv2,no_text,REG_TEXT_SPORTS_NBA_DRAFT_VALUE_OVER_REPLACEMENT,0.9994467321907388,4
TabICLv2,text_only,REG_TEXT_SPORTS_NBA_DRAFT_VALUE_OVER_REPLACEMENT,0.2311538722101699,0
TabICLv2,text_only,REG_TEXT_SPORTS_NBA_DRAFT_VALUE_OVER_REPLACEMENT,0.4905407478654506,1
TabICLv2,text_only,REG_TEXT_SPORTS_NBA_DRAFT_VALUE_OVER_REPLACEMENT,0.3877996855541631,2
TabICLv2,text_only,REG_TEXT_SPORTS_NBA_DRAFT_VALUE_OVER_REPLACEMENT,0.4230573665125501,3
TabICLv2,text_only,REG_TEXT_SPORTS_NBA_DRAFT_VALUE_OVER_REPLACEMENT,0.2565630068081502,4
TabM,all,REG_TEXT_SPORTS_NBA_DRAFT_VALUE_OVER_REPLACEMENT,0.9758334863465504,0
TabM,all,REG_TEXT_SPORTS_NBA_DRAFT_VALUE_OVER_REPLACEMENT,0.9267041037100344,1
TabM,all,REG_TEXT_SPORTS_NBA_DRAFT_VALUE_OVER_REPLACEMENT,0.9651318909892548,2
TabM,all,REG_TEXT_SPORTS_NBA_DRAFT_VALUE_OVER_REPLACEMENT,0.9382765364375056,3
TabM,all,REG_TEXT_SPORTS_NBA_DRAFT_VALUE_OVER_REPLACEMENT,0.9491534323801868,4
TabM,ft,REG_TEXT_SPORTS_NBA_DRAFT_VALUE_OVER_REPLACEMENT,0.971484473090372,0
TabM,ft,REG_TEXT_SPORTS_NBA_DRAFT_VALUE_OVER_REPLACEMENT,0.9159443827727016,1
TabM,ft,REG_TEXT_SPORTS_NBA_DRAFT_VALUE_OVER_REPLACEMENT,0.9667299707359168,2
TabM,ft,REG_TEXT_SPORTS_NBA_DRAFT_VALUE_OVER_REPLACEMENT,0.9443081611742572,3
TabM,ft,REG_TEXT_SPORTS_NBA_DRAFT_VALUE_OVER_REPLACEMENT,0.943879212389946,4
TabM,no_text,REG_TEXT_SPORTS_NBA_DRAFT_VALUE_OVER_REPLACEMENT,0.9728219967069688,0
TabM,no_text,REG_TEXT_SPORTS_NBA_DRAFT_VALUE_OVER_REPLACEMENT,0.9397680371588129,1
TabM,no_text,REG_TEXT_SPORTS_NBA_DRAFT_VALUE_OVER_REPLACEMENT,0.9614539568167764,2
TabM,no_text,REG_TEXT_SPORTS_NBA_DRAFT_VALUE_OVER_REPLACEMENT,0.9495317432837036,3
TabM,no_text,REG_TEXT_SPORTS_NBA_DRAFT_VALUE_OVER_REPLACEMENT,0.9701842028323692,4
TabM,text_only,REG_TEXT_SPORTS_NBA_DRAFT_VALUE_OVER_REPLACEMENT,0.1858341443798489,0
TabM,text_only,REG_TEXT_SPORTS_NBA_DRAFT_VALUE_OVER_REPLACEMENT,0.4965425111683925,1
TabM,text_only,REG_TEXT_SPORTS_NBA_DRAFT_VALUE_OVER_REPLACEMENT,0.4075617167721544,2
TabM,text_only,REG_TEXT_SPORTS_NBA_DRAFT_VALUE_OVER_REPLACEMENT,0.2883832623071296,3
TabM,text_only,REG_TEXT_SPORTS_NBA_DRAFT_VALUE_OVER_REPLACEMENT,0.243056131451439,4
TabPFN-2.5,all,REG_TEXT_SPORTS_NBA_DRAFT_VALUE_OVER_REPLACEMENT,0.9995579086851905,0
TabPFN-2.5,all,REG_TEXT_SPORTS_NBA_DRAFT_VALUE_OVER_REPLACEMENT,0.9994166273322616,1
TabPFN-2.5,all,REG_TEXT_SPORTS_NBA_DRAFT_VALUE_OVER_REPLACEMENT,0.8139920690755694,2
TabPFN-2.5,all,REG_TEXT_SPORTS_NBA_DRAFT_VALUE_OVER_REPLACEMENT,0.9996349196676032,3
TabPFN-2.5,all,REG_TEXT_SPORTS_NBA_DRAFT_VALUE_OVER_REPLACEMENT,0.9995973058165764,4
TabPFN-2.5,ft,REG_TEXT_SPORTS_NBA_DRAFT_VALUE_OVER_REPLACEMENT,0.9996001049171088,0
TabPFN-2.5,ft,REG_TEXT_SPORTS_NBA_DRAFT_VALUE_OVER_REPLACEMENT,0.9992324719165322,1
TabPFN-2.5,ft,REG_TEXT_SPORTS_NBA_DRAFT_VALUE_OVER_REPLACEMENT,0.8323607520862955,2
TabPFN-2.5,ft,REG_TEXT_SPORTS_NBA_DRAFT_VALUE_OVER_REPLACEMENT,0.9994080625911884,3
TabPFN-2.5,ft,REG_TEXT_SPORTS_NBA_DRAFT_VALUE_OVER_REPLACEMENT,0.9996979054256055,4
TabPFN-2.5,no_text,REG_TEXT_SPORTS_NBA_DRAFT_VALUE_OVER_REPLACEMENT,0.9995325142863308,0
TabPFN-2.5,no_text,REG_TEXT_SPORTS_NBA_DRAFT_VALUE_OVER_REPLACEMENT,0.999107607791148,1
TabPFN-2.5,no_text,REG_TEXT_SPORTS_NBA_DRAFT_VALUE_OVER_REPLACEMENT,0.9342988521294155,2
TabPFN-2.5,no_text,REG_TEXT_SPORTS_NBA_DRAFT_VALUE_OVER_REPLACEMENT,0.9991659202758753,3
TabPFN-2.5,no_text,REG_TEXT_SPORTS_NBA_DRAFT_VALUE_OVER_REPLACEMENT,0.9997360258152228,4
TabPFN-2.5,text_only,REG_TEXT_SPORTS_NBA_DRAFT_VALUE_OVER_REPLACEMENT,0.2115392450629871,0
TabPFN-2.5,text_only,REG_TEXT_SPORTS_NBA_DRAFT_VALUE_OVER_REPLACEMENT,0.5302452306830968,1
TabPFN-2.5,text_only,REG_TEXT_SPORTS_NBA_DRAFT_VALUE_OVER_REPLACEMENT,0.4404013481931836,2
TabPFN-2.5,text_only,REG_TEXT_SPORTS_NBA_DRAFT_VALUE_OVER_REPLACEMENT,0.4868086998534626,3
TabPFN-2.5,text_only,REG_TEXT_SPORTS_NBA_DRAFT_VALUE_OVER_REPLACEMENT,0.2442632116389023,4
TabPFNv2,all,REG_TEXT_SPORTS_NBA_DRAFT_VALUE_OVER_REPLACEMENT,0.9577502770234936,0
TabPFNv2,all,REG_TEXT_SPORTS_NBA_DRAFT_VALUE_OVER_REPLACEMENT,0.882557581786747,1
TabPFNv2,all,REG_TEXT_SPORTS_NBA_DRAFT_VALUE_OVER_REPLACEMENT,0.8862379165534978,2
TabPFNv2,all,REG_TEXT_SPORTS_NBA_DRAFT_VALUE_OVER_REPLACEMENT,0.9208909976028352,3
TabPFNv2,all,REG_TEXT_SPORTS_NBA_DRAFT_VALUE_OVER_REPLACEMENT,0.9712050469261384,4
TabPFNv2,ft,REG_TEXT_SPORTS_NBA_DRAFT_VALUE_OVER_REPLACEMENT,0.9574073040849544,0
TabPFNv2,ft,REG_TEXT_SPORTS_NBA_DRAFT_VALUE_OVER_REPLACEMENT,0.8796225058940206,1
TabPFNv2,ft,REG_TEXT_SPORTS_NBA_DRAFT_VALUE_OVER_REPLACEMENT,0.8728013819846362,2
TabPFNv2,ft,REG_TEXT_SPORTS_NBA_DRAFT_VALUE_OVER_REPLACEMENT,0.918942693364618,3
TabPFNv2,ft,REG_TEXT_SPORTS_NBA_DRAFT_VALUE_OVER_REPLACEMENT,0.9707151445873882,4
TabPFNv2,no_text,REG_TEXT_SPORTS_NBA_DRAFT_VALUE_OVER_REPLACEMENT,0.958614593670132,0
TabPFNv2,no_text,REG_TEXT_SPORTS_NBA_DRAFT_VALUE_OVER_REPLACEMENT,0.8726887869843012,1
TabPFNv2,no_text,REG_TEXT_SPORTS_NBA_DRAFT_VALUE_OVER_REPLACEMENT,0.8982920187892844,2
TabPFNv2,no_text,REG_TEXT_SPORTS_NBA_DRAFT_VALUE_OVER_REPLACEMENT,0.9177541686007594,3
TabPFNv2,no_text,REG_TEXT_SPORTS_NBA_DRAFT_VALUE_OVER_REPLACEMENT,0.9766995089539636,4
TabPFNv2,text_only,REG_TEXT_SPORTS_NBA_DRAFT_VALUE_OVER_REPLACEMENT,0.2254047606870117,0
TabPFNv2,text_only,REG_TEXT_SPORTS_NBA_DRAFT_VALUE_OVER_REPLACEMENT,0.4322329032680868,1
TabPFNv2,text_only,REG_TEXT_SPORTS_NBA_DRAFT_VALUE_OVER_REPLACEMENT,0.3679613641025013,2
TabPFNv2,text_only,REG_TEXT_SPORTS_NBA_DRAFT_VALUE_OVER_REPLACEMENT,0.400427554933346,3
TabPFNv2,text_only,REG_TEXT_SPORTS_NBA_DRAFT_VALUE_OVER_REPLACEMENT,0.2310210836426864,4
XGBoost,all,REG_TEXT_SPORTS_NBA_DRAFT_VALUE_OVER_REPLACEMENT,0.9920444914805524,0
XGBoost,all,REG_TEXT_SPORTS_NBA_DRAFT_VALUE_OVER_REPLACEMENT,0.965877934072214,1
XGBoost,all,REG_TEXT_SPORTS_NBA_DRAFT_VALUE_OVER_REPLACEMENT,0.9490109812725464,2
XGBoost,all,REG_TEXT_SPORTS_NBA_DRAFT_VALUE_OVER_REPLACEMENT,0.9789996190045324,3
XGBoost,all,REG_TEXT_SPORTS_NBA_DRAFT_VALUE_OVER_REPLACEMENT,0.982120571939011,4
XGBoost,ft,REG_TEXT_SPORTS_NBA_DRAFT_VALUE_OVER_REPLACEMENT,0.9834439845125088,0
XGBoost,ft,REG_TEXT_SPORTS_NBA_DRAFT_VALUE_OVER_REPLACEMENT,0.9641728533695983,1
XGBoost,ft,REG_TEXT_SPORTS_NBA_DRAFT_VALUE_OVER_REPLACEMENT,0.94642747650633,2
XGBoost,ft,REG_TEXT_SPORTS_NBA_DRAFT_VALUE_OVER_REPLACEMENT,0.9844989836009388,3
XGBoost,ft,REG_TEXT_SPORTS_NBA_DRAFT_VALUE_OVER_REPLACEMENT,0.9867616925701244,4
XGBoost,no_text,REG_TEXT_SPORTS_NBA_DRAFT_VALUE_OVER_REPLACEMENT,0.987345479695462,0
XGBoost,no_text,REG_TEXT_SPORTS_NBA_DRAFT_VALUE_OVER_REPLACEMENT,0.9777167043621996,1
XGBoost,no_text,REG_TEXT_SPORTS_NBA_DRAFT_VALUE_OVER_REPLACEMENT,0.9480542008227396,2
XGBoost,no_text,REG_TEXT_SPORTS_NBA_DRAFT_VALUE_OVER_REPLACEMENT,0.9863466586203616,3
XGBoost,no_text,REG_TEXT_SPORTS_NBA_DRAFT_VALUE_OVER_REPLACEMENT,0.9795031899064268,4
XGBoost,text_only,REG_TEXT_SPORTS_NBA_DRAFT_VALUE_OVER_REPLACEMENT,0.2146195808798764,0
XGBoost,text_only,REG_TEXT_SPORTS_NBA_DRAFT_VALUE_OVER_REPLACEMENT,0.4144552534944448,1
XGBoost,text_only,REG_TEXT_SPORTS_NBA_DRAFT_VALUE_OVER_REPLACEMENT,0.345647837668693,2
XGBoost,text_only,REG_TEXT_SPORTS_NBA_DRAFT_VALUE_OVER_REPLACEMENT,0.1386595937925573,3
XGBoost,text_only,REG_TEXT_SPORTS_NBA_DRAFT_VALUE_OVER_REPLACEMENT,0.0344033926117305,4
CatBoost,all,REG_TEXT_TRANSPORTATION_USED_CAR_MERCEDES_BENZ_ITALY,-4.94997486140176,0
CatBoost,all,REG_TEXT_TRANSPORTATION_USED_CAR_MERCEDES_BENZ_ITALY,0.937347121850088,1
CatBoost,all,REG_TEXT_TRANSPORTATION_USED_CAR_MERCEDES_BENZ_ITALY,-2.4660647168600547,2
CatBoost,all,REG_TEXT_TRANSPORTATION_USED_CAR_MERCEDES_BENZ_ITALY,0.2620344921869034,3
CatBoost,all,REG_TEXT_TRANSPORTATION_USED_CAR_MERCEDES_BENZ_ITALY,0.91827676921558,4
CatBoost,ft,REG_TEXT_TRANSPORTATION_USED_CAR_MERCEDES_BENZ_ITALY,0.9045864835898074,0
CatBoost,ft,REG_TEXT_TRANSPORTATION_USED_CAR_MERCEDES_BENZ_ITALY,0.9372296425939152,1
CatBoost,ft,REG_TEXT_TRANSPORTATION_USED_CAR_MERCEDES_BENZ_ITALY,0.8146316070316038,2
CatBoost,ft,REG_TEXT_TRANSPORTATION_USED_CAR_MERCEDES_BENZ_ITALY,0.1880483231744038,3
CatBoost,ft,REG_TEXT_TRANSPORTATION_USED_CAR_MERCEDES_BENZ_ITALY,0.9209109540102306,4
CatBoost,no_text,REG_TEXT_TRANSPORTATION_USED_CAR_MERCEDES_BENZ_ITALY,-3.931259654322212,0
CatBoost,no_text,REG_TEXT_TRANSPORTATION_USED_CAR_MERCEDES_BENZ_ITALY,0.858086717647279,1
CatBoost,no_text,REG_TEXT_TRANSPORTATION_USED_CAR_MERCEDES_BENZ_ITALY,-4.006057514610009,2
CatBoost,no_text,REG_TEXT_TRANSPORTATION_USED_CAR_MERCEDES_BENZ_ITALY,-4.1112986525505235,3
CatBoost,no_text,REG_TEXT_TRANSPORTATION_USED_CAR_MERCEDES_BENZ_ITALY,0.8512618563918929,4
CatBoost,text_only,REG_TEXT_TRANSPORTATION_USED_CAR_MERCEDES_BENZ_ITALY,0.8769317967376911,0
CatBoost,text_only,REG_TEXT_TRANSPORTATION_USED_CAR_MERCEDES_BENZ_ITALY,0.9034681369841312,1
CatBoost,text_only,REG_TEXT_TRANSPORTATION_USED_CAR_MERCEDES_BENZ_ITALY,0.8463296543355289,2
CatBoost,text_only,REG_TEXT_TRANSPORTATION_USED_CAR_MERCEDES_BENZ_ITALY,0.8431052415052156,3
CatBoost,text_only,REG_TEXT_TRANSPORTATION_USED_CAR_MERCEDES_BENZ_ITALY,0.8941174656548998,4
LightGBM,all,REG_TEXT_TRANSPORTATION_USED_CAR_MERCEDES_BENZ_ITALY,-212.0763257754753,0
LightGBM,all,REG_TEXT_TRANSPORTATION_USED_CAR_MERCEDES_BENZ_ITALY,0.9353072695760531,1
LightGBM,all,REG_TEXT_TRANSPORTATION_USED_CAR_MERCEDES_BENZ_ITALY,-922.8843393309328,2
LightGBM,all,REG_TEXT_TRANSPORTATION_USED_CAR_MERCEDES_BENZ_ITALY,-1885.0420079985563,3
LightGBM,all,REG_TEXT_TRANSPORTATION_USED_CAR_MERCEDES_BENZ_ITALY,0.9300653563753633,4
LightGBM,ft,REG_TEXT_TRANSPORTATION_USED_CAR_MERCEDES_BENZ_ITALY,-79.8631322321497,0
LightGBM,ft,REG_TEXT_TRANSPORTATION_USED_CAR_MERCEDES_BENZ_ITALY,0.9375037347110012,1
LightGBM,ft,REG_TEXT_TRANSPORTATION_USED_CAR_MERCEDES_BENZ_ITALY,-923.464210200647,2
LightGBM,ft,REG_TEXT_TRANSPORTATION_USED_CAR_MERCEDES_BENZ_ITALY,-1629.6090053666487,3
LightGBM,ft,REG_TEXT_TRANSPORTATION_USED_CAR_MERCEDES_BENZ_ITALY,0.9298167749935098,4
LightGBM,no_text,REG_TEXT_TRANSPORTATION_USED_CAR_MERCEDES_BENZ_ITALY,-868.0000989099893,0
LightGBM,no_text,REG_TEXT_TRANSPORTATION_USED_CAR_MERCEDES_BENZ_ITALY,0.8520737089913989,1
LightGBM,no_text,REG_TEXT_TRANSPORTATION_USED_CAR_MERCEDES_BENZ_ITALY,-723.0378810092155,2
LightGBM,no_text,REG_TEXT_TRANSPORTATION_USED_CAR_MERCEDES_BENZ_ITALY,-1250.5133832926,3
LightGBM,no_text,REG_TEXT_TRANSPORTATION_USED_CAR_MERCEDES_BENZ_ITALY,0.8364729559181235,4
LightGBM,text_only,REG_TEXT_TRANSPORTATION_USED_CAR_MERCEDES_BENZ_ITALY,-114.287158662133,0
LightGBM,text_only,REG_TEXT_TRANSPORTATION_USED_CAR_MERCEDES_BENZ_ITALY,0.8915441675569024,1
LightGBM,text_only,REG_TEXT_TRANSPORTATION_USED_CAR_MERCEDES_BENZ_ITALY,-177.32885023186418,2
LightGBM,text_only,REG_TEXT_TRANSPORTATION_USED_CAR_MERCEDES_BENZ_ITALY,-663.9837354029007,3
LightGBM,text_only,REG_TEXT_TRANSPORTATION_USED_CAR_MERCEDES_BENZ_ITALY,0.8821655999272066,4
RandomForest,all,REG_TEXT_TRANSPORTATION_USED_CAR_MERCEDES_BENZ_ITALY,-105.80384046541828,0
RandomForest,all,REG_TEXT_TRANSPORTATION_USED_CAR_MERCEDES_BENZ_ITALY,0.9276265301646122,1
RandomForest,all,REG_TEXT_TRANSPORTATION_USED_CAR_MERCEDES_BENZ_ITALY,0.8911673484935189,2
RandomForest,all,REG_TEXT_TRANSPORTATION_USED_CAR_MERCEDES_BENZ_ITALY,-1411.3803110157207,3
RandomForest,all,REG_TEXT_TRANSPORTATION_USED_CAR_MERCEDES_BENZ_ITALY,0.92171116909794,4
RandomForest,ft,REG_TEXT_TRANSPORTATION_USED_CAR_MERCEDES_BENZ_ITALY,0.9215403740875576,0
RandomForest,ft,REG_TEXT_TRANSPORTATION_USED_CAR_MERCEDES_BENZ_ITALY,0.934524287098937,1
RandomForest,ft,REG_TEXT_TRANSPORTATION_USED_CAR_MERCEDES_BENZ_ITALY,-10610.509116634788,2
RandomForest,ft,REG_TEXT_TRANSPORTATION_USED_CAR_MERCEDES_BENZ_ITALY,-87.40513413204059,3
RandomForest,ft,REG_TEXT_TRANSPORTATION_USED_CAR_MERCEDES_BENZ_ITALY,0.9249618119106858,4
RandomForest,no_text,REG_TEXT_TRANSPORTATION_USED_CAR_MERCEDES_BENZ_ITALY,-4.577869787486238,0
RandomForest,no_text,REG_TEXT_TRANSPORTATION_USED_CAR_MERCEDES_BENZ_ITALY,0.8392794677992939,1
RandomForest,no_text,REG_TEXT_TRANSPORTATION_USED_CAR_MERCEDES_BENZ_ITALY,0.7629043958680226,2
RandomForest,no_text,REG_TEXT_TRANSPORTATION_USED_CAR_MERCEDES_BENZ_ITALY,-66.64597572841308,3
RandomForest,no_text,REG_TEXT_TRANSPORTATION_USED_CAR_MERCEDES_BENZ_ITALY,0.8249072017886614,4
RandomForest,text_only,REG_TEXT_TRANSPORTATION_USED_CAR_MERCEDES_BENZ_ITALY,0.8240777499611104,0
RandomForest,text_only,REG_TEXT_TRANSPORTATION_USED_CAR_MERCEDES_BENZ_ITALY,0.8621732097008542,1
RandomForest,text_only,REG_TEXT_TRANSPORTATION_USED_CAR_MERCEDES_BENZ_ITALY,0.8466215892909371,2
RandomForest,text_only,REG_TEXT_TRANSPORTATION_USED_CAR_MERCEDES_BENZ_ITALY,-5007.864257736793,3
RandomForest,text_only,REG_TEXT_TRANSPORTATION_USED_CAR_MERCEDES_BENZ_ITALY,0.8800524244448075,4
RealMLP,all,REG_TEXT_TRANSPORTATION_USED_CAR_MERCEDES_BENZ_ITALY,0.1813415288925171,0
RealMLP,all,REG_TEXT_TRANSPORTATION_USED_CAR_MERCEDES_BENZ_ITALY,0.9204232692718506,1
RealMLP,all,REG_TEXT_TRANSPORTATION_USED_CAR_MERCEDES_BENZ_ITALY,0.0999155044555664,2
RealMLP,all,REG_TEXT_TRANSPORTATION_USED_CAR_MERCEDES_BENZ_ITALY,-1419.8675537109375,3
RealMLP,all,REG_TEXT_TRANSPORTATION_USED_CAR_MERCEDES_BENZ_ITALY,0.9132532477378844,4
RealMLP,ft,REG_TEXT_TRANSPORTATION_USED_CAR_MERCEDES_BENZ_ITALY,-0.0778999328613281,0
RealMLP,ft,REG_TEXT_TRANSPORTATION_USED_CAR_MERCEDES_BENZ_ITALY,0.9224697351455688,1
RealMLP,ft,REG_TEXT_TRANSPORTATION_USED_CAR_MERCEDES_BENZ_ITALY,-1.4873130321502686,2
RealMLP,ft,REG_TEXT_TRANSPORTATION_USED_CAR_MERCEDES_BENZ_ITALY,-0.0062967538833618,3
RealMLP,ft,REG_TEXT_TRANSPORTATION_USED_CAR_MERCEDES_BENZ_ITALY,0.9238319396972656,4
RealMLP,no_text,REG_TEXT_TRANSPORTATION_USED_CAR_MERCEDES_BENZ_ITALY,0.3110585212707519,0
RealMLP,no_text,REG_TEXT_TRANSPORTATION_USED_CAR_MERCEDES_BENZ_ITALY,0.8249597549438477,1
RealMLP,no_text,REG_TEXT_TRANSPORTATION_USED_CAR_MERCEDES_BENZ_ITALY,0.0232405662536621,2
RealMLP,no_text,REG_TEXT_TRANSPORTATION_USED_CAR_MERCEDES_BENZ_ITALY,0.2119913101196289,3
RealMLP,no_text,REG_TEXT_TRANSPORTATION_USED_CAR_MERCEDES_BENZ_ITALY,0.8156511783599854,4
RealMLP,text_only,REG_TEXT_TRANSPORTATION_USED_CAR_MERCEDES_BENZ_ITALY,-0.2726647853851318,0
RealMLP,text_only,REG_TEXT_TRANSPORTATION_USED_CAR_MERCEDES_BENZ_ITALY,0.9008200764656068,1
RealMLP,text_only,REG_TEXT_TRANSPORTATION_USED_CAR_MERCEDES_BENZ_ITALY,-0.5998824834823608,2
RealMLP,text_only,REG_TEXT_TRANSPORTATION_USED_CAR_MERCEDES_BENZ_ITALY,0.4690943360328674,3
RealMLP,text_only,REG_TEXT_TRANSPORTATION_USED_CAR_MERCEDES_BENZ_ITALY,0.8941091895103455,4
TabDPT,all,REG_TEXT_TRANSPORTATION_USED_CAR_MERCEDES_BENZ_ITALY,-85.05154418945312,0
TabDPT,all,REG_TEXT_TRANSPORTATION_USED_CAR_MERCEDES_BENZ_ITALY,0.7810547351837158,1
TabDPT,all,REG_TEXT_TRANSPORTATION_USED_CAR_MERCEDES_BENZ_ITALY,-58.20086288452149,2
TabDPT,all,REG_TEXT_TRANSPORTATION_USED_CAR_MERCEDES_BENZ_ITALY,-162.34075927734375,3
TabDPT,all,REG_TEXT_TRANSPORTATION_USED_CAR_MERCEDES_BENZ_ITALY,0.7736490368843079,4
TabDPT,ft,REG_TEXT_TRANSPORTATION_USED_CAR_MERCEDES_BENZ_ITALY,-50.48455810546875,0
TabDPT,ft,REG_TEXT_TRANSPORTATION_USED_CAR_MERCEDES_BENZ_ITALY,0.8949168920516968,1
TabDPT,ft,REG_TEXT_TRANSPORTATION_USED_CAR_MERCEDES_BENZ_ITALY,-36.83944320678711,2
TabDPT,ft,REG_TEXT_TRANSPORTATION_USED_CAR_MERCEDES_BENZ_ITALY,-47.51227569580078,3
TabDPT,ft,REG_TEXT_TRANSPORTATION_USED_CAR_MERCEDES_BENZ_ITALY,0.9033763408660888,4
TabDPT,no_text,REG_TEXT_TRANSPORTATION_USED_CAR_MERCEDES_BENZ_ITALY,-399.064697265625,0
TabDPT,no_text,REG_TEXT_TRANSPORTATION_USED_CAR_MERCEDES_BENZ_ITALY,0.8525112867355347,1
TabDPT,no_text,REG_TEXT_TRANSPORTATION_USED_CAR_MERCEDES_BENZ_ITALY,-403.7567138671875,2
TabDPT,no_text,REG_TEXT_TRANSPORTATION_USED_CAR_MERCEDES_BENZ_ITALY,-394.1924133300781,3
TabDPT,no_text,REG_TEXT_TRANSPORTATION_USED_CAR_MERCEDES_BENZ_ITALY,0.8476988077163696,4
TabDPT,text_only,REG_TEXT_TRANSPORTATION_USED_CAR_MERCEDES_BENZ_ITALY,-116.3813247680664,0
TabDPT,text_only,REG_TEXT_TRANSPORTATION_USED_CAR_MERCEDES_BENZ_ITALY,0.7545666098594666,1
TabDPT,text_only,REG_TEXT_TRANSPORTATION_USED_CAR_MERCEDES_BENZ_ITALY,-80.77693176269531,2
TabDPT,text_only,REG_TEXT_TRANSPORTATION_USED_CAR_MERCEDES_BENZ_ITALY,-186.57652282714844,3
TabDPT,text_only,REG_TEXT_TRANSPORTATION_USED_CAR_MERCEDES_BENZ_ITALY,0.7316451072692871,4
TabICLv2,all,REG_TEXT_TRANSPORTATION_USED_CAR_MERCEDES_BENZ_ITALY,0.9127413034439088,0
TabICLv2,all,REG_TEXT_TRANSPORTATION_USED_CAR_MERCEDES_BENZ_ITALY,0.9429216384887696,1
TabICLv2,all,REG_TEXT_TRANSPORTATION_USED_CAR_MERCEDES_BENZ_ITALY,0.9044020175933838,2
TabICLv2,all,REG_TEXT_TRANSPORTATION_USED_CAR_MERCEDES_BENZ_ITALY,0.8773564696311951,3
TabICLv2,all,REG_TEXT_TRANSPORTATION_USED_CAR_MERCEDES_BENZ_ITALY,0.9429886341094972,4
TabICLv2,ft,REG_TEXT_TRANSPORTATION_USED_CAR_MERCEDES_BENZ_ITALY,0.9133976101875304,0
TabICLv2,ft,REG_TEXT_TRANSPORTATION_USED_CAR_MERCEDES_BENZ_ITALY,0.9432711005210876,1
TabICLv2,ft,REG_TEXT_TRANSPORTATION_USED_CAR_MERCEDES_BENZ_ITALY,0.909293532371521,2
TabICLv2,ft,REG_TEXT_TRANSPORTATION_USED_CAR_MERCEDES_BENZ_ITALY,0.8779675960540771,3
TabICLv2,ft,REG_TEXT_TRANSPORTATION_USED_CAR_MERCEDES_BENZ_ITALY,0.9432939887046814,4
TabICLv2,no_text,REG_TEXT_TRANSPORTATION_USED_CAR_MERCEDES_BENZ_ITALY,0.7618280649185181,0
TabICLv2,no_text,REG_TEXT_TRANSPORTATION_USED_CAR_MERCEDES_BENZ_ITALY,0.8723224997520447,1
TabICLv2,no_text,REG_TEXT_TRANSPORTATION_USED_CAR_MERCEDES_BENZ_ITALY,0.7807035446166992,2
TabICLv2,no_text,REG_TEXT_TRANSPORTATION_USED_CAR_MERCEDES_BENZ_ITALY,0.7786238193511963,3
TabICLv2,no_text,REG_TEXT_TRANSPORTATION_USED_CAR_MERCEDES_BENZ_ITALY,0.8615480661392212,4
TabICLv2,text_only,REG_TEXT_TRANSPORTATION_USED_CAR_MERCEDES_BENZ_ITALY,0.8974154591560364,0
TabICLv2,text_only,REG_TEXT_TRANSPORTATION_USED_CAR_MERCEDES_BENZ_ITALY,0.9169716835021972,1
TabICLv2,text_only,REG_TEXT_TRANSPORTATION_USED_CAR_MERCEDES_BENZ_ITALY,0.8704331517219543,2
TabICLv2,text_only,REG_TEXT_TRANSPORTATION_USED_CAR_MERCEDES_BENZ_ITALY,0.8577324151992798,3
TabICLv2,text_only,REG_TEXT_TRANSPORTATION_USED_CAR_MERCEDES_BENZ_ITALY,0.9088000655174256,4
TabM,all,REG_TEXT_TRANSPORTATION_USED_CAR_MERCEDES_BENZ_ITALY,-0.0616952180862426,0
TabM,all,REG_TEXT_TRANSPORTATION_USED_CAR_MERCEDES_BENZ_ITALY,0.9297415614128112,1
TabM,all,REG_TEXT_TRANSPORTATION_USED_CAR_MERCEDES_BENZ_ITALY,-0.4831392765045166,2
TabM,all,REG_TEXT_TRANSPORTATION_USED_CAR_MERCEDES_BENZ_ITALY,-74815.5,3
TabM,all,REG_TEXT_TRANSPORTATION_USED_CAR_MERCEDES_BENZ_ITALY,0.9326624274253844,4
TabM,ft,REG_TEXT_TRANSPORTATION_USED_CAR_MERCEDES_BENZ_ITALY,-0.0219885110855102,0
TabM,ft,REG_TEXT_TRANSPORTATION_USED_CAR_MERCEDES_BENZ_ITALY,0.9273345470428468,1
TabM,ft,REG_TEXT_TRANSPORTATION_USED_CAR_MERCEDES_BENZ_ITALY,-15.885578155517578,2
TabM,ft,REG_TEXT_TRANSPORTATION_USED_CAR_MERCEDES_BENZ_ITALY,-67689.515625,3
TabM,ft,REG_TEXT_TRANSPORTATION_USED_CAR_MERCEDES_BENZ_ITALY,0.9255197048187256,4
TabM,no_text,REG_TEXT_TRANSPORTATION_USED_CAR_MERCEDES_BENZ_ITALY,-0.1844748258590698,0
TabM,no_text,REG_TEXT_TRANSPORTATION_USED_CAR_MERCEDES_BENZ_ITALY,0.8525049686431885,1
TabM,no_text,REG_TEXT_TRANSPORTATION_USED_CAR_MERCEDES_BENZ_ITALY,-1.7211384773254397,2
TabM,no_text,REG_TEXT_TRANSPORTATION_USED_CAR_MERCEDES_BENZ_ITALY,-1.1253604888916016,3
TabM,no_text,REG_TEXT_TRANSPORTATION_USED_CAR_MERCEDES_BENZ_ITALY,0.8171142339706421,4
TabM,text_only,REG_TEXT_TRANSPORTATION_USED_CAR_MERCEDES_BENZ_ITALY,0.1216976642608642,0
TabM,text_only,REG_TEXT_TRANSPORTATION_USED_CAR_MERCEDES_BENZ_ITALY,0.8994321823120117,1
TabM,text_only,REG_TEXT_TRANSPORTATION_USED_CAR_MERCEDES_BENZ_ITALY,0.0843819379806518,2
TabM,text_only,REG_TEXT_TRANSPORTATION_USED_CAR_MERCEDES_BENZ_ITALY,-41871.72265625,3
TabM,text_only,REG_TEXT_TRANSPORTATION_USED_CAR_MERCEDES_BENZ_ITALY,0.9029094576835632,4
TabPFN-2.5,all,REG_TEXT_TRANSPORTATION_USED_CAR_MERCEDES_BENZ_ITALY,0.9115721583366394,0
TabPFN-2.5,all,REG_TEXT_TRANSPORTATION_USED_CAR_MERCEDES_BENZ_ITALY,0.9453516602516174,1
TabPFN-2.5,all,REG_TEXT_TRANSPORTATION_USED_CAR_MERCEDES_BENZ_ITALY,0.902642786502838,2
TabPFN-2.5,all,REG_TEXT_TRANSPORTATION_USED_CAR_MERCEDES_BENZ_ITALY,0.8892604112625122,3
TabPFN-2.5,all,REG_TEXT_TRANSPORTATION_USED_CAR_MERCEDES_BENZ_ITALY,0.9398258924484252,4
TabPFN-2.5,ft,REG_TEXT_TRANSPORTATION_USED_CAR_MERCEDES_BENZ_ITALY,0.9044546484947203,0
TabPFN-2.5,ft,REG_TEXT_TRANSPORTATION_USED_CAR_MERCEDES_BENZ_ITALY,0.9417582154273988,1
TabPFN-2.5,ft,REG_TEXT_TRANSPORTATION_USED_CAR_MERCEDES_BENZ_ITALY,0.9054388403892516,2
TabPFN-2.5,ft,REG_TEXT_TRANSPORTATION_USED_CAR_MERCEDES_BENZ_ITALY,0.888397753238678,3
TabPFN-2.5,ft,REG_TEXT_TRANSPORTATION_USED_CAR_MERCEDES_BENZ_ITALY,0.9391400814056396,4
TabPFN-2.5,no_text,REG_TEXT_TRANSPORTATION_USED_CAR_MERCEDES_BENZ_ITALY,0.776938796043396,0
TabPFN-2.5,no_text,REG_TEXT_TRANSPORTATION_USED_CAR_MERCEDES_BENZ_ITALY,0.8501027226448059,1
TabPFN-2.5,no_text,REG_TEXT_TRANSPORTATION_USED_CAR_MERCEDES_BENZ_ITALY,0.7949446439743042,2
TabPFN-2.5,no_text,REG_TEXT_TRANSPORTATION_USED_CAR_MERCEDES_BENZ_ITALY,0.7760021686553955,3
TabPFN-2.5,no_text,REG_TEXT_TRANSPORTATION_USED_CAR_MERCEDES_BENZ_ITALY,0.8519314527511597,4
TabPFN-2.5,text_only,REG_TEXT_TRANSPORTATION_USED_CAR_MERCEDES_BENZ_ITALY,0.8881278038024902,0
TabPFN-2.5,text_only,REG_TEXT_TRANSPORTATION_USED_CAR_MERCEDES_BENZ_ITALY,0.9021295309066772,1
TabPFN-2.5,text_only,REG_TEXT_TRANSPORTATION_USED_CAR_MERCEDES_BENZ_ITALY,0.8701117038726807,2
TabPFN-2.5,text_only,REG_TEXT_TRANSPORTATION_USED_CAR_MERCEDES_BENZ_ITALY,0.8647686243057251,3
TabPFN-2.5,text_only,REG_TEXT_TRANSPORTATION_USED_CAR_MERCEDES_BENZ_ITALY,0.9019463062286376,4
TabPFNv2,all,REG_TEXT_TRANSPORTATION_USED_CAR_MERCEDES_BENZ_ITALY,0.9064923524856568,0
TabPFNv2,all,REG_TEXT_TRANSPORTATION_USED_CAR_MERCEDES_BENZ_ITALY,0.87603360414505,1
TabPFNv2,all,REG_TEXT_TRANSPORTATION_USED_CAR_MERCEDES_BENZ_ITALY,0.898185133934021,2
TabPFNv2,all,REG_TEXT_TRANSPORTATION_USED_CAR_MERCEDES_BENZ_ITALY,0.8673427104949951,3
TabPFNv2,all,REG_TEXT_TRANSPORTATION_USED_CAR_MERCEDES_BENZ_ITALY,0.8758841156959534,4
TabPFNv2,ft,REG_TEXT_TRANSPORTATION_USED_CAR_MERCEDES_BENZ_ITALY,0.9042648673057556,0
TabPFNv2,ft,REG_TEXT_TRANSPORTATION_USED_CAR_MERCEDES_BENZ_ITALY,0.8742555975914001,1
TabPFNv2,ft,REG_TEXT_TRANSPORTATION_USED_CAR_MERCEDES_BENZ_ITALY,0.8975380063056946,2
TabPFNv2,ft,REG_TEXT_TRANSPORTATION_USED_CAR_MERCEDES_BENZ_ITALY,0.8646641969680786,3
TabPFNv2,ft,REG_TEXT_TRANSPORTATION_USED_CAR_MERCEDES_BENZ_ITALY,0.8764867186546326,4
TabPFNv2,no_text,REG_TEXT_TRANSPORTATION_USED_CAR_MERCEDES_BENZ_ITALY,0.7768261432647705,0
TabPFNv2,no_text,REG_TEXT_TRANSPORTATION_USED_CAR_MERCEDES_BENZ_ITALY,0.8147369623184204,1
TabPFNv2,no_text,REG_TEXT_TRANSPORTATION_USED_CAR_MERCEDES_BENZ_ITALY,0.7924811244010925,2
TabPFNv2,no_text,REG_TEXT_TRANSPORTATION_USED_CAR_MERCEDES_BENZ_ITALY,0.7600364685058594,3
TabPFNv2,no_text,REG_TEXT_TRANSPORTATION_USED_CAR_MERCEDES_BENZ_ITALY,0.8045133352279663,4
TabPFNv2,text_only,REG_TEXT_TRANSPORTATION_USED_CAR_MERCEDES_BENZ_ITALY,0.8793820142745972,0
TabPFNv2,text_only,REG_TEXT_TRANSPORTATION_USED_CAR_MERCEDES_BENZ_ITALY,0.8537764549255371,1
TabPFNv2,text_only,REG_TEXT_TRANSPORTATION_USED_CAR_MERCEDES_BENZ_ITALY,0.8517786264419556,2
TabPFNv2,text_only,REG_TEXT_TRANSPORTATION_USED_CAR_MERCEDES_BENZ_ITALY,0.8365880846977234,3
TabPFNv2,text_only,REG_TEXT_TRANSPORTATION_USED_CAR_MERCEDES_BENZ_ITALY,0.849179744720459,4
XGBoost,all,REG_TEXT_TRANSPORTATION_USED_CAR_MERCEDES_BENZ_ITALY,0.8404079675674438,0
XGBoost,all,REG_TEXT_TRANSPORTATION_USED_CAR_MERCEDES_BENZ_ITALY,0.9305059313774108,1
XGBoost,all,REG_TEXT_TRANSPORTATION_USED_CAR_MERCEDES_BENZ_ITALY,0.8722963333129883,2
XGBoost,all,REG_TEXT_TRANSPORTATION_USED_CAR_MERCEDES_BENZ_ITALY,0.8750624060630798,3
XGBoost,all,REG_TEXT_TRANSPORTATION_USED_CAR_MERCEDES_BENZ_ITALY,0.9253895878791808,4
XGBoost,ft,REG_TEXT_TRANSPORTATION_USED_CAR_MERCEDES_BENZ_ITALY,0.8507977724075317,0
XGBoost,ft,REG_TEXT_TRANSPORTATION_USED_CAR_MERCEDES_BENZ_ITALY,0.9302570223808287,1
XGBoost,ft,REG_TEXT_TRANSPORTATION_USED_CAR_MERCEDES_BENZ_ITALY,0.9001588821411133,2
XGBoost,ft,REG_TEXT_TRANSPORTATION_USED_CAR_MERCEDES_BENZ_ITALY,0.885374128818512,3
XGBoost,ft,REG_TEXT_TRANSPORTATION_USED_CAR_MERCEDES_BENZ_ITALY,0.925991415977478,4
XGBoost,no_text,REG_TEXT_TRANSPORTATION_USED_CAR_MERCEDES_BENZ_ITALY,-53410.89453125,0
XGBoost,no_text,REG_TEXT_TRANSPORTATION_USED_CAR_MERCEDES_BENZ_ITALY,0.8500590920448303,1
XGBoost,no_text,REG_TEXT_TRANSPORTATION_USED_CAR_MERCEDES_BENZ_ITALY,0.7265164256095886,2
XGBoost,no_text,REG_TEXT_TRANSPORTATION_USED_CAR_MERCEDES_BENZ_ITALY,0.7824224233627319,3
XGBoost,no_text,REG_TEXT_TRANSPORTATION_USED_CAR_MERCEDES_BENZ_ITALY,0.8402819633483887,4
XGBoost,text_only,REG_TEXT_TRANSPORTATION_USED_CAR_MERCEDES_BENZ_ITALY,0.8809540867805481,0
XGBoost,text_only,REG_TEXT_TRANSPORTATION_USED_CAR_MERCEDES_BENZ_ITALY,0.8637048006057739,1
XGBoost,text_only,REG_TEXT_TRANSPORTATION_USED_CAR_MERCEDES_BENZ_ITALY,0.8378822207450867,2
XGBoost,text_only,REG_TEXT_TRANSPORTATION_USED_CAR_MERCEDES_BENZ_ITALY,0.8551306128501892,3
XGBoost,text_only,REG_TEXT_TRANSPORTATION_USED_CAR_MERCEDES_BENZ_ITALY,0.8711484670639038,4
CatBoost,all,REG_TEXT_TRANSPORTATION_USED_CAR_PAKISTAN,0.8557172203327341,0
CatBoost,all,REG_TEXT_TRANSPORTATION_USED_CAR_PAKISTAN,0.9737722383490102,1
CatBoost,all,REG_TEXT_TRANSPORTATION_USED_CAR_PAKISTAN,0.9519759143797272,2
CatBoost,all,REG_TEXT_TRANSPORTATION_USED_CAR_PAKISTAN,0.9483230743665196,3
CatBoost,all,REG_TEXT_TRANSPORTATION_USED_CAR_PAKISTAN,0.9491180965850592,4
CatBoost,ft,REG_TEXT_TRANSPORTATION_USED_CAR_PAKISTAN,0.8481916571152804,0
CatBoost,ft,REG_TEXT_TRANSPORTATION_USED_CAR_PAKISTAN,0.9751859387149296,1
CatBoost,ft,REG_TEXT_TRANSPORTATION_USED_CAR_PAKISTAN,0.9503183052989136,2
CatBoost,ft,REG_TEXT_TRANSPORTATION_USED_CAR_PAKISTAN,0.9443901370921524,3
CatBoost,ft,REG_TEXT_TRANSPORTATION_USED_CAR_PAKISTAN,0.951798430494622,4
CatBoost,no_text,REG_TEXT_TRANSPORTATION_USED_CAR_PAKISTAN,0.8173613998502016,0
CatBoost,no_text,REG_TEXT_TRANSPORTATION_USED_CAR_PAKISTAN,0.9458606016251996,1
CatBoost,no_text,REG_TEXT_TRANSPORTATION_USED_CAR_PAKISTAN,0.8329362195252362,2
CatBoost,no_text,REG_TEXT_TRANSPORTATION_USED_CAR_PAKISTAN,0.8885887531395387,3
CatBoost,no_text,REG_TEXT_TRANSPORTATION_USED_CAR_PAKISTAN,0.8780149059434961,4
CatBoost,text_only,REG_TEXT_TRANSPORTATION_USED_CAR_PAKISTAN,0.7515983434358626,0
CatBoost,text_only,REG_TEXT_TRANSPORTATION_USED_CAR_PAKISTAN,0.9170772324941596,1
CatBoost,text_only,REG_TEXT_TRANSPORTATION_USED_CAR_PAKISTAN,0.8394916215088171,2
CatBoost,text_only,REG_TEXT_TRANSPORTATION_USED_CAR_PAKISTAN,0.8965147269169298,3
CatBoost,text_only,REG_TEXT_TRANSPORTATION_USED_CAR_PAKISTAN,0.7922437695184279,4
LightGBM,all,REG_TEXT_TRANSPORTATION_USED_CAR_PAKISTAN,0.8275370315005566,0
LightGBM,all,REG_TEXT_TRANSPORTATION_USED_CAR_PAKISTAN,0.9633087964050746,1
LightGBM,all,REG_TEXT_TRANSPORTATION_USED_CAR_PAKISTAN,0.9340095149516404,2
LightGBM,all,REG_TEXT_TRANSPORTATION_USED_CAR_PAKISTAN,0.9218531914098628,3
LightGBM,all,REG_TEXT_TRANSPORTATION_USED_CAR_PAKISTAN,0.9428900748618484,4
LightGBM,ft,REG_TEXT_TRANSPORTATION_USED_CAR_PAKISTAN,0.8233246497696437,0
LightGBM,ft,REG_TEXT_TRANSPORTATION_USED_CAR_PAKISTAN,0.9613703207552592,1
LightGBM,ft,REG_TEXT_TRANSPORTATION_USED_CAR_PAKISTAN,0.934705856924008,2
LightGBM,ft,REG_TEXT_TRANSPORTATION_USED_CAR_PAKISTAN,0.9374937466517976,3
LightGBM,ft,REG_TEXT_TRANSPORTATION_USED_CAR_PAKISTAN,0.9371489795599344,4
LightGBM,no_text,REG_TEXT_TRANSPORTATION_USED_CAR_PAKISTAN,0.8117673285194891,0
LightGBM,no_text,REG_TEXT_TRANSPORTATION_USED_CAR_PAKISTAN,0.9167645452671216,1
LightGBM,no_text,REG_TEXT_TRANSPORTATION_USED_CAR_PAKISTAN,0.8927709205892166,2
LightGBM,no_text,REG_TEXT_TRANSPORTATION_USED_CAR_PAKISTAN,0.8458386402191886,3
LightGBM,no_text,REG_TEXT_TRANSPORTATION_USED_CAR_PAKISTAN,0.8990045354278164,4
LightGBM,text_only,REG_TEXT_TRANSPORTATION_USED_CAR_PAKISTAN,0.7473459261326554,0
LightGBM,text_only,REG_TEXT_TRANSPORTATION_USED_CAR_PAKISTAN,0.9155602010575908,1
LightGBM,text_only,REG_TEXT_TRANSPORTATION_USED_CAR_PAKISTAN,0.818037281966904,2
LightGBM,text_only,REG_TEXT_TRANSPORTATION_USED_CAR_PAKISTAN,0.8710733421015955,3
LightGBM,text_only,REG_TEXT_TRANSPORTATION_USED_CAR_PAKISTAN,0.812389574974989,4
RandomForest,all,REG_TEXT_TRANSPORTATION_USED_CAR_PAKISTAN,0.8674473346898541,0
RandomForest,all,REG_TEXT_TRANSPORTATION_USED_CAR_PAKISTAN,0.9617848317604571,1
RandomForest,all,REG_TEXT_TRANSPORTATION_USED_CAR_PAKISTAN,0.91967718711876,2
RandomForest,all,REG_TEXT_TRANSPORTATION_USED_CAR_PAKISTAN,0.8996868953347998,3
RandomForest,all,REG_TEXT_TRANSPORTATION_USED_CAR_PAKISTAN,0.9409829636887111,4
RandomForest,ft,REG_TEXT_TRANSPORTATION_USED_CAR_PAKISTAN,0.8126793754744025,0
RandomForest,ft,REG_TEXT_TRANSPORTATION_USED_CAR_PAKISTAN,0.9608825574863676,1
RandomForest,ft,REG_TEXT_TRANSPORTATION_USED_CAR_PAKISTAN,0.9460607817596716,2
RandomForest,ft,REG_TEXT_TRANSPORTATION_USED_CAR_PAKISTAN,0.9255272332310324,3
RandomForest,ft,REG_TEXT_TRANSPORTATION_USED_CAR_PAKISTAN,0.9333582100197058,4
RandomForest,no_text,REG_TEXT_TRANSPORTATION_USED_CAR_PAKISTAN,0.8290166412143598,0
RandomForest,no_text,REG_TEXT_TRANSPORTATION_USED_CAR_PAKISTAN,0.9357890979062552,1
RandomForest,no_text,REG_TEXT_TRANSPORTATION_USED_CAR_PAKISTAN,0.8640231259353112,2
RandomForest,no_text,REG_TEXT_TRANSPORTATION_USED_CAR_PAKISTAN,0.8255666789468614,3
RandomForest,no_text,REG_TEXT_TRANSPORTATION_USED_CAR_PAKISTAN,0.912198898009516,4
RandomForest,text_only,REG_TEXT_TRANSPORTATION_USED_CAR_PAKISTAN,0.7368465066587709,0
RandomForest,text_only,REG_TEXT_TRANSPORTATION_USED_CAR_PAKISTAN,0.9030506072306782,1
RandomForest,text_only,REG_TEXT_TRANSPORTATION_USED_CAR_PAKISTAN,0.8676135449295503,2
RandomForest,text_only,REG_TEXT_TRANSPORTATION_USED_CAR_PAKISTAN,0.8874323803002038,3
RandomForest,text_only,REG_TEXT_TRANSPORTATION_USED_CAR_PAKISTAN,0.8646887856147727,4
RealMLP,all,REG_TEXT_TRANSPORTATION_USED_CAR_PAKISTAN,0.902239455679041,0
RealMLP,all,REG_TEXT_TRANSPORTATION_USED_CAR_PAKISTAN,0.9713370106212128,1
RealMLP,all,REG_TEXT_TRANSPORTATION_USED_CAR_PAKISTAN,0.9676284025845304,2
RealMLP,all,REG_TEXT_TRANSPORTATION_USED_CAR_PAKISTAN,0.9621563660093372,3
RealMLP,all,REG_TEXT_TRANSPORTATION_USED_CAR_PAKISTAN,0.9537691658030688,4
RealMLP,ft,REG_TEXT_TRANSPORTATION_USED_CAR_PAKISTAN,0.9132011860897886,0
RealMLP,ft,REG_TEXT_TRANSPORTATION_USED_CAR_PAKISTAN,0.9694519921335192,1
RealMLP,ft,REG_TEXT_TRANSPORTATION_USED_CAR_PAKISTAN,0.9639609505718498,2
RealMLP,ft,REG_TEXT_TRANSPORTATION_USED_CAR_PAKISTAN,0.9720832780532782,3
RealMLP,ft,REG_TEXT_TRANSPORTATION_USED_CAR_PAKISTAN,0.9567637724164498,4
RealMLP,no_text,REG_TEXT_TRANSPORTATION_USED_CAR_PAKISTAN,0.8894507516936945,0
RealMLP,no_text,REG_TEXT_TRANSPORTATION_USED_CAR_PAKISTAN,0.909793402736318,1
RealMLP,no_text,REG_TEXT_TRANSPORTATION_USED_CAR_PAKISTAN,0.9158886852239808,2
RealMLP,no_text,REG_TEXT_TRANSPORTATION_USED_CAR_PAKISTAN,0.9349156570030166,3
RealMLP,no_text,REG_TEXT_TRANSPORTATION_USED_CAR_PAKISTAN,0.9095095790781436,4
RealMLP,text_only,REG_TEXT_TRANSPORTATION_USED_CAR_PAKISTAN,0.7899413315108053,0
RealMLP,text_only,REG_TEXT_TRANSPORTATION_USED_CAR_PAKISTAN,0.9099405220011848,1
RealMLP,text_only,REG_TEXT_TRANSPORTATION_USED_CAR_PAKISTAN,0.7758077064572058,2
RealMLP,text_only,REG_TEXT_TRANSPORTATION_USED_CAR_PAKISTAN,0.8809630502648768,3
RealMLP,text_only,REG_TEXT_TRANSPORTATION_USED_CAR_PAKISTAN,0.7903428558386826,4
TabDPT,all,REG_TEXT_TRANSPORTATION_USED_CAR_PAKISTAN,0.5822367639717819,0
TabDPT,all,REG_TEXT_TRANSPORTATION_USED_CAR_PAKISTAN,0.6718912908878822,1
TabDPT,all,REG_TEXT_TRANSPORTATION_USED_CAR_PAKISTAN,0.6200618802797406,2
TabDPT,all,REG_TEXT_TRANSPORTATION_USED_CAR_PAKISTAN,0.6568346795033729,3
TabDPT,all,REG_TEXT_TRANSPORTATION_USED_CAR_PAKISTAN,0.6482986643847126,4
TabDPT,ft,REG_TEXT_TRANSPORTATION_USED_CAR_PAKISTAN,0.6282939915463754,0
TabDPT,ft,REG_TEXT_TRANSPORTATION_USED_CAR_PAKISTAN,0.7825759765529986,1
TabDPT,ft,REG_TEXT_TRANSPORTATION_USED_CAR_PAKISTAN,0.6746509253053219,2
TabDPT,ft,REG_TEXT_TRANSPORTATION_USED_CAR_PAKISTAN,0.6798268380855411,3
TabDPT,ft,REG_TEXT_TRANSPORTATION_USED_CAR_PAKISTAN,0.7623090469955305,4
TabDPT,no_text,REG_TEXT_TRANSPORTATION_USED_CAR_PAKISTAN,0.782876222080008,0
TabDPT,no_text,REG_TEXT_TRANSPORTATION_USED_CAR_PAKISTAN,0.8468354708902767,1
TabDPT,no_text,REG_TEXT_TRANSPORTATION_USED_CAR_PAKISTAN,0.7753274997980045,2
TabDPT,no_text,REG_TEXT_TRANSPORTATION_USED_CAR_PAKISTAN,0.8047746063929464,3
TabDPT,no_text,REG_TEXT_TRANSPORTATION_USED_CAR_PAKISTAN,0.8020687234056967,4
TabDPT,text_only,REG_TEXT_TRANSPORTATION_USED_CAR_PAKISTAN,0.5098236345144658,0
TabDPT,text_only,REG_TEXT_TRANSPORTATION_USED_CAR_PAKISTAN,0.6020280466769395,1
TabDPT,text_only,REG_TEXT_TRANSPORTATION_USED_CAR_PAKISTAN,0.5560745390534068,2
TabDPT,text_only,REG_TEXT_TRANSPORTATION_USED_CAR_PAKISTAN,0.5512055251782051,3
TabDPT,text_only,REG_TEXT_TRANSPORTATION_USED_CAR_PAKISTAN,0.5572115035294445,4
TabICLv2,all,REG_TEXT_TRANSPORTATION_USED_CAR_PAKISTAN,0.8540662512840489,0
TabICLv2,all,REG_TEXT_TRANSPORTATION_USED_CAR_PAKISTAN,0.9534337846836648,1
TabICLv2,all,REG_TEXT_TRANSPORTATION_USED_CAR_PAKISTAN,0.9409025258153364,2
TabICLv2,all,REG_TEXT_TRANSPORTATION_USED_CAR_PAKISTAN,0.956989122556244,3
TabICLv2,all,REG_TEXT_TRANSPORTATION_USED_CAR_PAKISTAN,0.940391224051672,4
TabICLv2,ft,REG_TEXT_TRANSPORTATION_USED_CAR_PAKISTAN,0.8553932172257374,0
TabICLv2,ft,REG_TEXT_TRANSPORTATION_USED_CAR_PAKISTAN,0.9573882753779126,1
TabICLv2,ft,REG_TEXT_TRANSPORTATION_USED_CAR_PAKISTAN,0.946072735823204,2
TabICLv2,ft,REG_TEXT_TRANSPORTATION_USED_CAR_PAKISTAN,0.9590724596982702,3
TabICLv2,ft,REG_TEXT_TRANSPORTATION_USED_CAR_PAKISTAN,0.944583128033872,4
TabICLv2,no_text,REG_TEXT_TRANSPORTATION_USED_CAR_PAKISTAN,0.8929510520050323,0
TabICLv2,no_text,REG_TEXT_TRANSPORTATION_USED_CAR_PAKISTAN,0.9269165966441548,1
TabICLv2,no_text,REG_TEXT_TRANSPORTATION_USED_CAR_PAKISTAN,0.8413169347017917,2
TabICLv2,no_text,REG_TEXT_TRANSPORTATION_USED_CAR_PAKISTAN,0.918133272885302,3
TabICLv2,no_text,REG_TEXT_TRANSPORTATION_USED_CAR_PAKISTAN,0.9155027558501434,4
TabICLv2,text_only,REG_TEXT_TRANSPORTATION_USED_CAR_PAKISTAN,0.7329484646891931,0
TabICLv2,text_only,REG_TEXT_TRANSPORTATION_USED_CAR_PAKISTAN,0.8727029641758839,1
TabICLv2,text_only,REG_TEXT_TRANSPORTATION_USED_CAR_PAKISTAN,0.8667811967808888,2
TabICLv2,text_only,REG_TEXT_TRANSPORTATION_USED_CAR_PAKISTAN,0.8929125317472952,3
TabICLv2,text_only,REG_TEXT_TRANSPORTATION_USED_CAR_PAKISTAN,0.7615097886492354,4
TabM,all,REG_TEXT_TRANSPORTATION_USED_CAR_PAKISTAN,0.8882775798451096,0
TabM,all,REG_TEXT_TRANSPORTATION_USED_CAR_PAKISTAN,0.972612920393964,1
TabM,all,REG_TEXT_TRANSPORTATION_USED_CAR_PAKISTAN,0.9657912306052154,2
TabM,all,REG_TEXT_TRANSPORTATION_USED_CAR_PAKISTAN,0.963833205343068,3
TabM,all,REG_TEXT_TRANSPORTATION_USED_CAR_PAKISTAN,0.9544266732011192,4
TabM,ft,REG_TEXT_TRANSPORTATION_USED_CAR_PAKISTAN,0.8528309634048633,0
TabM,ft,REG_TEXT_TRANSPORTATION_USED_CAR_PAKISTAN,0.9731991075132566,1
TabM,ft,REG_TEXT_TRANSPORTATION_USED_CAR_PAKISTAN,0.9685341316078436,2
TabM,ft,REG_TEXT_TRANSPORTATION_USED_CAR_PAKISTAN,0.9644085836929868,3
TabM,ft,REG_TEXT_TRANSPORTATION_USED_CAR_PAKISTAN,0.9517795807913058,4
TabM,no_text,REG_TEXT_TRANSPORTATION_USED_CAR_PAKISTAN,0.8502502326191126,0
TabM,no_text,REG_TEXT_TRANSPORTATION_USED_CAR_PAKISTAN,0.9376927863215164,1
TabM,no_text,REG_TEXT_TRANSPORTATION_USED_CAR_PAKISTAN,0.9229478598806136,2
TabM,no_text,REG_TEXT_TRANSPORTATION_USED_CAR_PAKISTAN,0.925297398229714,3
TabM,no_text,REG_TEXT_TRANSPORTATION_USED_CAR_PAKISTAN,0.917610260455194,4
TabM,text_only,REG_TEXT_TRANSPORTATION_USED_CAR_PAKISTAN,0.7889052423640024,0
TabM,text_only,REG_TEXT_TRANSPORTATION_USED_CAR_PAKISTAN,0.906517704069446,1
TabM,text_only,REG_TEXT_TRANSPORTATION_USED_CAR_PAKISTAN,0.772349307694526,2
TabM,text_only,REG_TEXT_TRANSPORTATION_USED_CAR_PAKISTAN,0.8764604200602493,3
TabM,text_only,REG_TEXT_TRANSPORTATION_USED_CAR_PAKISTAN,0.7644932789266625,4
TabPFN-2.5,all,REG_TEXT_TRANSPORTATION_USED_CAR_PAKISTAN,0.8395405404614561,0
TabPFN-2.5,all,REG_TEXT_TRANSPORTATION_USED_CAR_PAKISTAN,0.9198423115738072,1
TabPFN-2.5,all,REG_TEXT_TRANSPORTATION_USED_CAR_PAKISTAN,0.929754007409984,2
TabPFN-2.5,all,REG_TEXT_TRANSPORTATION_USED_CAR_PAKISTAN,0.9003820576365399,3
TabPFN-2.5,all,REG_TEXT_TRANSPORTATION_USED_CAR_PAKISTAN,0.9524101578076168,4
TabPFN-2.5,ft,REG_TEXT_TRANSPORTATION_USED_CAR_PAKISTAN,0.8067072315063071,0
TabPFN-2.5,ft,REG_TEXT_TRANSPORTATION_USED_CAR_PAKISTAN,0.9159804153060268,1
TabPFN-2.5,ft,REG_TEXT_TRANSPORTATION_USED_CAR_PAKISTAN,0.95414290223132,2
TabPFN-2.5,ft,REG_TEXT_TRANSPORTATION_USED_CAR_PAKISTAN,0.8769370176346318,3
TabPFN-2.5,ft,REG_TEXT_TRANSPORTATION_USED_CAR_PAKISTAN,0.9601271360156498,4
TabPFN-2.5,no_text,REG_TEXT_TRANSPORTATION_USED_CAR_PAKISTAN,0.8866962782547003,0
TabPFN-2.5,no_text,REG_TEXT_TRANSPORTATION_USED_CAR_PAKISTAN,0.9224237707090118,1
TabPFN-2.5,no_text,REG_TEXT_TRANSPORTATION_USED_CAR_PAKISTAN,0.8448187691684218,2
TabPFN-2.5,no_text,REG_TEXT_TRANSPORTATION_USED_CAR_PAKISTAN,0.6915016464973105,3
TabPFN-2.5,no_text,REG_TEXT_TRANSPORTATION_USED_CAR_PAKISTAN,0.9059733172766729,4
TabPFN-2.5,text_only,REG_TEXT_TRANSPORTATION_USED_CAR_PAKISTAN,0.7587607158005018,0
TabPFN-2.5,text_only,REG_TEXT_TRANSPORTATION_USED_CAR_PAKISTAN,0.9361921304701613,1
TabPFN-2.5,text_only,REG_TEXT_TRANSPORTATION_USED_CAR_PAKISTAN,0.8132221045220893,2
TabPFN-2.5,text_only,REG_TEXT_TRANSPORTATION_USED_CAR_PAKISTAN,0.893905575359812,3
TabPFN-2.5,text_only,REG_TEXT_TRANSPORTATION_USED_CAR_PAKISTAN,0.7820321907906893,4
TabPFNv2,all,REG_TEXT_TRANSPORTATION_USED_CAR_PAKISTAN,0.803265640438563,0
TabPFNv2,all,REG_TEXT_TRANSPORTATION_USED_CAR_PAKISTAN,0.8924607084901774,1
TabPFNv2,all,REG_TEXT_TRANSPORTATION_USED_CAR_PAKISTAN,0.8422421586338702,2
TabPFNv2,all,REG_TEXT_TRANSPORTATION_USED_CAR_PAKISTAN,0.8447125769250811,3
TabPFNv2,all,REG_TEXT_TRANSPORTATION_USED_CAR_PAKISTAN,0.8931302270528918,4
TabPFNv2,ft,REG_TEXT_TRANSPORTATION_USED_CAR_PAKISTAN,0.7639255785834386,0
TabPFNv2,ft,REG_TEXT_TRANSPORTATION_USED_CAR_PAKISTAN,0.8809321817858535,1
TabPFNv2,ft,REG_TEXT_TRANSPORTATION_USED_CAR_PAKISTAN,0.8488316874648488,2
TabPFNv2,ft,REG_TEXT_TRANSPORTATION_USED_CAR_PAKISTAN,0.8286641941060116,3
TabPFNv2,ft,REG_TEXT_TRANSPORTATION_USED_CAR_PAKISTAN,0.8971504266913642,4
TabPFNv2,no_text,REG_TEXT_TRANSPORTATION_USED_CAR_PAKISTAN,0.8118925428941721,0
TabPFNv2,no_text,REG_TEXT_TRANSPORTATION_USED_CAR_PAKISTAN,0.8341002039558431,1
TabPFNv2,no_text,REG_TEXT_TRANSPORTATION_USED_CAR_PAKISTAN,0.791062695791257,2
TabPFNv2,no_text,REG_TEXT_TRANSPORTATION_USED_CAR_PAKISTAN,0.8354683591170068,3
TabPFNv2,no_text,REG_TEXT_TRANSPORTATION_USED_CAR_PAKISTAN,0.8533966289297014,4
TabPFNv2,text_only,REG_TEXT_TRANSPORTATION_USED_CAR_PAKISTAN,0.682475067719952,0
TabPFNv2,text_only,REG_TEXT_TRANSPORTATION_USED_CAR_PAKISTAN,0.8278189251457286,1
TabPFNv2,text_only,REG_TEXT_TRANSPORTATION_USED_CAR_PAKISTAN,0.7701177933142394,2
TabPFNv2,text_only,REG_TEXT_TRANSPORTATION_USED_CAR_PAKISTAN,0.7707732571066135,3
TabPFNv2,text_only,REG_TEXT_TRANSPORTATION_USED_CAR_PAKISTAN,0.7337647340084295,4
XGBoost,all,REG_TEXT_TRANSPORTATION_USED_CAR_PAKISTAN,0.8551492119001243,0
XGBoost,all,REG_TEXT_TRANSPORTATION_USED_CAR_PAKISTAN,0.9726074251249636,1
XGBoost,all,REG_TEXT_TRANSPORTATION_USED_CAR_PAKISTAN,0.9357372813306584,2
XGBoost,all,REG_TEXT_TRANSPORTATION_USED_CAR_PAKISTAN,0.9346060534159876,3
XGBoost,all,REG_TEXT_TRANSPORTATION_USED_CAR_PAKISTAN,0.9510931628195002,4
XGBoost,ft,REG_TEXT_TRANSPORTATION_USED_CAR_PAKISTAN,0.8185081281912283,0
XGBoost,ft,REG_TEXT_TRANSPORTATION_USED_CAR_PAKISTAN,0.9672250198949054,1
XGBoost,ft,REG_TEXT_TRANSPORTATION_USED_CAR_PAKISTAN,0.958813463041966,2
XGBoost,ft,REG_TEXT_TRANSPORTATION_USED_CAR_PAKISTAN,0.8890243394538239,3
XGBoost,ft,REG_TEXT_TRANSPORTATION_USED_CAR_PAKISTAN,0.9416719861537668,4
XGBoost,no_text,REG_TEXT_TRANSPORTATION_USED_CAR_PAKISTAN,0.7949778362162899,0
XGBoost,no_text,REG_TEXT_TRANSPORTATION_USED_CAR_PAKISTAN,0.9420152492048646,1
XGBoost,no_text,REG_TEXT_TRANSPORTATION_USED_CAR_PAKISTAN,0.8808287237970412,2
XGBoost,no_text,REG_TEXT_TRANSPORTATION_USED_CAR_PAKISTAN,0.9172987363126756,3
XGBoost,no_text,REG_TEXT_TRANSPORTATION_USED_CAR_PAKISTAN,0.927106147774873,4
XGBoost,text_only,REG_TEXT_TRANSPORTATION_USED_CAR_PAKISTAN,0.7555845166234997,0
XGBoost,text_only,REG_TEXT_TRANSPORTATION_USED_CAR_PAKISTAN,0.9300557992202622,1
XGBoost,text_only,REG_TEXT_TRANSPORTATION_USED_CAR_PAKISTAN,0.8350055789014046,2
XGBoost,text_only,REG_TEXT_TRANSPORTATION_USED_CAR_PAKISTAN,0.8956044832261805,3
XGBoost,text_only,REG_TEXT_TRANSPORTATION_USED_CAR_PAKISTAN,0.8112710803265752,4
CatBoost,all,REG_TEXT_TRANSPORTATION_USED_CAR_SAUDI_ARABIA,0.8893615581745872,0
CatBoost,all,REG_TEXT_TRANSPORTATION_USED_CAR_SAUDI_ARABIA,0.934577286004805,1
CatBoost,all,REG_TEXT_TRANSPORTATION_USED_CAR_SAUDI_ARABIA,0.9124974550616956,2
CatBoost,all,REG_TEXT_TRANSPORTATION_USED_CAR_SAUDI_ARABIA,0.8725613703286574,3
CatBoost,all,REG_TEXT_TRANSPORTATION_USED_CAR_SAUDI_ARABIA,0.8828770282385272,4
CatBoost,ft,REG_TEXT_TRANSPORTATION_USED_CAR_SAUDI_ARABIA,0.8902979246988189,0
CatBoost,ft,REG_TEXT_TRANSPORTATION_USED_CAR_SAUDI_ARABIA,0.9304980425603327,1
CatBoost,ft,REG_TEXT_TRANSPORTATION_USED_CAR_SAUDI_ARABIA,0.913614785484547,2
CatBoost,ft,REG_TEXT_TRANSPORTATION_USED_CAR_SAUDI_ARABIA,0.8598458098750137,3
CatBoost,ft,REG_TEXT_TRANSPORTATION_USED_CAR_SAUDI_ARABIA,0.8704883531117158,4
CatBoost,no_text,REG_TEXT_TRANSPORTATION_USED_CAR_SAUDI_ARABIA,0.8255250820650208,0
CatBoost,no_text,REG_TEXT_TRANSPORTATION_USED_CAR_SAUDI_ARABIA,0.8288875703278604,1
CatBoost,no_text,REG_TEXT_TRANSPORTATION_USED_CAR_SAUDI_ARABIA,0.8847660925295467,2
CatBoost,no_text,REG_TEXT_TRANSPORTATION_USED_CAR_SAUDI_ARABIA,0.8488671567285149,3
CatBoost,no_text,REG_TEXT_TRANSPORTATION_USED_CAR_SAUDI_ARABIA,0.8636451271625601,4
CatBoost,text_only,REG_TEXT_TRANSPORTATION_USED_CAR_SAUDI_ARABIA,0.2809640882812396,0
CatBoost,text_only,REG_TEXT_TRANSPORTATION_USED_CAR_SAUDI_ARABIA,0.1944642319516771,1
CatBoost,text_only,REG_TEXT_TRANSPORTATION_USED_CAR_SAUDI_ARABIA,0.2322072507437005,2
CatBoost,text_only,REG_TEXT_TRANSPORTATION_USED_CAR_SAUDI_ARABIA,0.0558531179936034,3
CatBoost,text_only,REG_TEXT_TRANSPORTATION_USED_CAR_SAUDI_ARABIA,0.1696608592401081,4
LightGBM,all,REG_TEXT_TRANSPORTATION_USED_CAR_SAUDI_ARABIA,0.8786508723286963,0
LightGBM,all,REG_TEXT_TRANSPORTATION_USED_CAR_SAUDI_ARABIA,0.9170390874771506,1
LightGBM,all,REG_TEXT_TRANSPORTATION_USED_CAR_SAUDI_ARABIA,0.9201060654125536,2
LightGBM,all,REG_TEXT_TRANSPORTATION_USED_CAR_SAUDI_ARABIA,0.8401123346724324,3
LightGBM,all,REG_TEXT_TRANSPORTATION_USED_CAR_SAUDI_ARABIA,0.8886264747004069,4
LightGBM,ft,REG_TEXT_TRANSPORTATION_USED_CAR_SAUDI_ARABIA,0.8621494009609165,0
LightGBM,ft,REG_TEXT_TRANSPORTATION_USED_CAR_SAUDI_ARABIA,0.9207883263429304,1
LightGBM,ft,REG_TEXT_TRANSPORTATION_USED_CAR_SAUDI_ARABIA,0.8909165627091444,2
LightGBM,ft,REG_TEXT_TRANSPORTATION_USED_CAR_SAUDI_ARABIA,0.8363322437693759,3
LightGBM,ft,REG_TEXT_TRANSPORTATION_USED_CAR_SAUDI_ARABIA,0.8785180646784592,4
LightGBM,no_text,REG_TEXT_TRANSPORTATION_USED_CAR_SAUDI_ARABIA,0.8550064464512881,0
LightGBM,no_text,REG_TEXT_TRANSPORTATION_USED_CAR_SAUDI_ARABIA,0.8448270980501769,1
LightGBM,no_text,REG_TEXT_TRANSPORTATION_USED_CAR_SAUDI_ARABIA,0.8945780559925017,2
LightGBM,no_text,REG_TEXT_TRANSPORTATION_USED_CAR_SAUDI_ARABIA,0.8691618578690632,3
LightGBM,no_text,REG_TEXT_TRANSPORTATION_USED_CAR_SAUDI_ARABIA,0.8825566144501327,4
LightGBM,text_only,REG_TEXT_TRANSPORTATION_USED_CAR_SAUDI_ARABIA,0.2582590811791673,0
LightGBM,text_only,REG_TEXT_TRANSPORTATION_USED_CAR_SAUDI_ARABIA,0.2165401266239561,1
LightGBM,text_only,REG_TEXT_TRANSPORTATION_USED_CAR_SAUDI_ARABIA,0.2142881472161786,2
LightGBM,text_only,REG_TEXT_TRANSPORTATION_USED_CAR_SAUDI_ARABIA,0.0619255940825242,3
LightGBM,text_only,REG_TEXT_TRANSPORTATION_USED_CAR_SAUDI_ARABIA,0.1649910843486802,4
RandomForest,all,REG_TEXT_TRANSPORTATION_USED_CAR_SAUDI_ARABIA,0.8309390116729906,0
RandomForest,all,REG_TEXT_TRANSPORTATION_USED_CAR_SAUDI_ARABIA,0.9107504801098634,1
RandomForest,all,REG_TEXT_TRANSPORTATION_USED_CAR_SAUDI_ARABIA,0.8667013007327716,2
RandomForest,all,REG_TEXT_TRANSPORTATION_USED_CAR_SAUDI_ARABIA,0.7280993837870124,3
RandomForest,all,REG_TEXT_TRANSPORTATION_USED_CAR_SAUDI_ARABIA,0.82946110201868,4
RandomForest,ft,REG_TEXT_TRANSPORTATION_USED_CAR_SAUDI_ARABIA,0.8469731433426078,0
RandomForest,ft,REG_TEXT_TRANSPORTATION_USED_CAR_SAUDI_ARABIA,0.9092714245305394,1
RandomForest,ft,REG_TEXT_TRANSPORTATION_USED_CAR_SAUDI_ARABIA,0.855989372379197,2
RandomForest,ft,REG_TEXT_TRANSPORTATION_USED_CAR_SAUDI_ARABIA,0.7698391853368443,3
RandomForest,ft,REG_TEXT_TRANSPORTATION_USED_CAR_SAUDI_ARABIA,0.8375753205034364,4
RandomForest,no_text,REG_TEXT_TRANSPORTATION_USED_CAR_SAUDI_ARABIA,0.752842414389639,0
RandomForest,no_text,REG_TEXT_TRANSPORTATION_USED_CAR_SAUDI_ARABIA,0.7992781932870139,1
RandomForest,no_text,REG_TEXT_TRANSPORTATION_USED_CAR_SAUDI_ARABIA,0.8129242900897812,2
RandomForest,no_text,REG_TEXT_TRANSPORTATION_USED_CAR_SAUDI_ARABIA,0.7636962981453441,3
RandomForest,no_text,REG_TEXT_TRANSPORTATION_USED_CAR_SAUDI_ARABIA,0.7982817607342335,4
RandomForest,text_only,REG_TEXT_TRANSPORTATION_USED_CAR_SAUDI_ARABIA,0.2480620732910375,0
RandomForest,text_only,REG_TEXT_TRANSPORTATION_USED_CAR_SAUDI_ARABIA,0.1949334752903188,1
RandomForest,text_only,REG_TEXT_TRANSPORTATION_USED_CAR_SAUDI_ARABIA,0.2323873887599881,2
RandomForest,text_only,REG_TEXT_TRANSPORTATION_USED_CAR_SAUDI_ARABIA,0.0750585036667224,3
RandomForest,text_only,REG_TEXT_TRANSPORTATION_USED_CAR_SAUDI_ARABIA,0.1585540590084326,4
RealMLP,all,REG_TEXT_TRANSPORTATION_USED_CAR_SAUDI_ARABIA,0.8438648581504822,0
RealMLP,all,REG_TEXT_TRANSPORTATION_USED_CAR_SAUDI_ARABIA,0.9145212769508362,1
RealMLP,all,REG_TEXT_TRANSPORTATION_USED_CAR_SAUDI_ARABIA,0.9108427166938782,2
RealMLP,all,REG_TEXT_TRANSPORTATION_USED_CAR_SAUDI_ARABIA,0.8981247544288635,3
RealMLP,all,REG_TEXT_TRANSPORTATION_USED_CAR_SAUDI_ARABIA,0.9113126397132874,4
RealMLP,ft,REG_TEXT_TRANSPORTATION_USED_CAR_SAUDI_ARABIA,0.882846474647522,0
RealMLP,ft,REG_TEXT_TRANSPORTATION_USED_CAR_SAUDI_ARABIA,0.8775937557220459,1
RealMLP,ft,REG_TEXT_TRANSPORTATION_USED_CAR_SAUDI_ARABIA,0.903045117855072,2
RealMLP,ft,REG_TEXT_TRANSPORTATION_USED_CAR_SAUDI_ARABIA,0.90876567363739,3
RealMLP,ft,REG_TEXT_TRANSPORTATION_USED_CAR_SAUDI_ARABIA,0.9063041806221008,4
RealMLP,no_text,REG_TEXT_TRANSPORTATION_USED_CAR_SAUDI_ARABIA,0.8397126197814941,0
RealMLP,no_text,REG_TEXT_TRANSPORTATION_USED_CAR_SAUDI_ARABIA,0.8278912901878357,1
RealMLP,no_text,REG_TEXT_TRANSPORTATION_USED_CAR_SAUDI_ARABIA,0.8888190984725952,2
RealMLP,no_text,REG_TEXT_TRANSPORTATION_USED_CAR_SAUDI_ARABIA,0.8708721399307251,3
RealMLP,no_text,REG_TEXT_TRANSPORTATION_USED_CAR_SAUDI_ARABIA,0.8799341917037964,4
RealMLP,text_only,REG_TEXT_TRANSPORTATION_USED_CAR_SAUDI_ARABIA,0.266663908958435,0
RealMLP,text_only,REG_TEXT_TRANSPORTATION_USED_CAR_SAUDI_ARABIA,0.133945345878601,1
RealMLP,text_only,REG_TEXT_TRANSPORTATION_USED_CAR_SAUDI_ARABIA,0.2071481347084045,2
RealMLP,text_only,REG_TEXT_TRANSPORTATION_USED_CAR_SAUDI_ARABIA,0.0696633458137512,3
RealMLP,text_only,REG_TEXT_TRANSPORTATION_USED_CAR_SAUDI_ARABIA,0.1376437544822693,4
TabDPT,all,REG_TEXT_TRANSPORTATION_USED_CAR_SAUDI_ARABIA,0.8178679943084717,0
TabDPT,all,REG_TEXT_TRANSPORTATION_USED_CAR_SAUDI_ARABIA,0.8703468441963196,1
TabDPT,all,REG_TEXT_TRANSPORTATION_USED_CAR_SAUDI_ARABIA,0.9026358723640442,2
TabDPT,all,REG_TEXT_TRANSPORTATION_USED_CAR_SAUDI_ARABIA,0.8302139043807983,3
TabDPT,all,REG_TEXT_TRANSPORTATION_USED_CAR_SAUDI_ARABIA,0.8419340252876282,4
TabDPT,ft,REG_TEXT_TRANSPORTATION_USED_CAR_SAUDI_ARABIA,0.8306366801261902,0
TabDPT,ft,REG_TEXT_TRANSPORTATION_USED_CAR_SAUDI_ARABIA,0.8813653588294983,1
TabDPT,ft,REG_TEXT_TRANSPORTATION_USED_CAR_SAUDI_ARABIA,0.8797318935394287,2
TabDPT,ft,REG_TEXT_TRANSPORTATION_USED_CAR_SAUDI_ARABIA,0.8624776601791382,3
TabDPT,ft,REG_TEXT_TRANSPORTATION_USED_CAR_SAUDI_ARABIA,0.8406738042831421,4
TabDPT,no_text,REG_TEXT_TRANSPORTATION_USED_CAR_SAUDI_ARABIA,0.7801675796508789,0
TabDPT,no_text,REG_TEXT_TRANSPORTATION_USED_CAR_SAUDI_ARABIA,0.8238683342933655,1
TabDPT,no_text,REG_TEXT_TRANSPORTATION_USED_CAR_SAUDI_ARABIA,0.8686128854751587,2
TabDPT,no_text,REG_TEXT_TRANSPORTATION_USED_CAR_SAUDI_ARABIA,0.8141165971755981,3
TabDPT,no_text,REG_TEXT_TRANSPORTATION_USED_CAR_SAUDI_ARABIA,0.8550468683242798,4
TabDPT,text_only,REG_TEXT_TRANSPORTATION_USED_CAR_SAUDI_ARABIA,0.2464237809181213,0
TabDPT,text_only,REG_TEXT_TRANSPORTATION_USED_CAR_SAUDI_ARABIA,0.1486963629722595,1
TabDPT,text_only,REG_TEXT_TRANSPORTATION_USED_CAR_SAUDI_ARABIA,0.2254327535629272,2
TabDPT,text_only,REG_TEXT_TRANSPORTATION_USED_CAR_SAUDI_ARABIA,0.0851714015007019,3
TabDPT,text_only,REG_TEXT_TRANSPORTATION_USED_CAR_SAUDI_ARABIA,0.1575350165367126,4
TabICLv2,all,REG_TEXT_TRANSPORTATION_USED_CAR_SAUDI_ARABIA,0.8746252655982971,0
TabICLv2,all,REG_TEXT_TRANSPORTATION_USED_CAR_SAUDI_ARABIA,0.9005922675132751,1
TabICLv2,all,REG_TEXT_TRANSPORTATION_USED_CAR_SAUDI_ARABIA,0.9166245460510254,2
TabICLv2,all,REG_TEXT_TRANSPORTATION_USED_CAR_SAUDI_ARABIA,0.8772686123847961,3
TabICLv2,all,REG_TEXT_TRANSPORTATION_USED_CAR_SAUDI_ARABIA,0.8890532851219177,4
TabICLv2,ft,REG_TEXT_TRANSPORTATION_USED_CAR_SAUDI_ARABIA,0.8676532506942749,0
TabICLv2,ft,REG_TEXT_TRANSPORTATION_USED_CAR_SAUDI_ARABIA,0.8946183323860168,1
TabICLv2,ft,REG_TEXT_TRANSPORTATION_USED_CAR_SAUDI_ARABIA,0.900763750076294,2
TabICLv2,ft,REG_TEXT_TRANSPORTATION_USED_CAR_SAUDI_ARABIA,0.9081733226776124,3
TabICLv2,ft,REG_TEXT_TRANSPORTATION_USED_CAR_SAUDI_ARABIA,0.8688539266586304,4
TabICLv2,no_text,REG_TEXT_TRANSPORTATION_USED_CAR_SAUDI_ARABIA,0.8361594080924988,0
TabICLv2,no_text,REG_TEXT_TRANSPORTATION_USED_CAR_SAUDI_ARABIA,0.8260476589202881,1
TabICLv2,no_text,REG_TEXT_TRANSPORTATION_USED_CAR_SAUDI_ARABIA,0.9036558270454408,2
TabICLv2,no_text,REG_TEXT_TRANSPORTATION_USED_CAR_SAUDI_ARABIA,0.8604670763015747,3
TabICLv2,no_text,REG_TEXT_TRANSPORTATION_USED_CAR_SAUDI_ARABIA,0.8563770055770874,4
TabICLv2,text_only,REG_TEXT_TRANSPORTATION_USED_CAR_SAUDI_ARABIA,0.2537538409233093,0
TabICLv2,text_only,REG_TEXT_TRANSPORTATION_USED_CAR_SAUDI_ARABIA,0.1479799747467041,1
TabICLv2,text_only,REG_TEXT_TRANSPORTATION_USED_CAR_SAUDI_ARABIA,0.2467211484909057,2
TabICLv2,text_only,REG_TEXT_TRANSPORTATION_USED_CAR_SAUDI_ARABIA,0.1013607382774353,3
TabICLv2,text_only,REG_TEXT_TRANSPORTATION_USED_CAR_SAUDI_ARABIA,0.1630055904388427,4
TabM,all,REG_TEXT_TRANSPORTATION_USED_CAR_SAUDI_ARABIA,0.9125742316246032,0
TabM,all,REG_TEXT_TRANSPORTATION_USED_CAR_SAUDI_ARABIA,0.9107966423034668,1
TabM,all,REG_TEXT_TRANSPORTATION_USED_CAR_SAUDI_ARABIA,0.9112166166305542,2
TabM,all,REG_TEXT_TRANSPORTATION_USED_CAR_SAUDI_ARABIA,0.9417591094970704,3
TabM,all,REG_TEXT_TRANSPORTATION_USED_CAR_SAUDI_ARABIA,0.9025651812553406,4
TabM,ft,REG_TEXT_TRANSPORTATION_USED_CAR_SAUDI_ARABIA,0.9128013849258424,0
TabM,ft,REG_TEXT_TRANSPORTATION_USED_CAR_SAUDI_ARABIA,0.9155458211898804,1
TabM,ft,REG_TEXT_TRANSPORTATION_USED_CAR_SAUDI_ARABIA,0.9074140191078186,2
TabM,ft,REG_TEXT_TRANSPORTATION_USED_CAR_SAUDI_ARABIA,0.9340095520019532,3
TabM,ft,REG_TEXT_TRANSPORTATION_USED_CAR_SAUDI_ARABIA,0.8975151777267456,4
TabM,no_text,REG_TEXT_TRANSPORTATION_USED_CAR_SAUDI_ARABIA,0.8870123624801636,0
TabM,no_text,REG_TEXT_TRANSPORTATION_USED_CAR_SAUDI_ARABIA,0.8466804027557373,1
TabM,no_text,REG_TEXT_TRANSPORTATION_USED_CAR_SAUDI_ARABIA,0.9058931469917296,2
TabM,no_text,REG_TEXT_TRANSPORTATION_USED_CAR_SAUDI_ARABIA,0.9049553275108336,3
TabM,no_text,REG_TEXT_TRANSPORTATION_USED_CAR_SAUDI_ARABIA,0.8808457255363464,4
TabM,text_only,REG_TEXT_TRANSPORTATION_USED_CAR_SAUDI_ARABIA,0.2512105703353882,0
TabM,text_only,REG_TEXT_TRANSPORTATION_USED_CAR_SAUDI_ARABIA,0.1889694929122924,1
TabM,text_only,REG_TEXT_TRANSPORTATION_USED_CAR_SAUDI_ARABIA,0.2363060116767883,2
TabM,text_only,REG_TEXT_TRANSPORTATION_USED_CAR_SAUDI_ARABIA,0.0820863842964172,3
TabM,text_only,REG_TEXT_TRANSPORTATION_USED_CAR_SAUDI_ARABIA,0.1629866957664489,4
TabPFN-2.5,all,REG_TEXT_TRANSPORTATION_USED_CAR_SAUDI_ARABIA,0.9270186424255372,0
TabPFN-2.5,all,REG_TEXT_TRANSPORTATION_USED_CAR_SAUDI_ARABIA,0.9029123783111572,1
TabPFN-2.5,all,REG_TEXT_TRANSPORTATION_USED_CAR_SAUDI_ARABIA,0.92166930437088,2
TabPFN-2.5,all,REG_TEXT_TRANSPORTATION_USED_CAR_SAUDI_ARABIA,0.8762882947921753,3
TabPFN-2.5,all,REG_TEXT_TRANSPORTATION_USED_CAR_SAUDI_ARABIA,0.8751669526100159,4
TabPFN-2.5,ft,REG_TEXT_TRANSPORTATION_USED_CAR_SAUDI_ARABIA,0.9254063963890076,0
TabPFN-2.5,ft,REG_TEXT_TRANSPORTATION_USED_CAR_SAUDI_ARABIA,0.91723895072937,1
TabPFN-2.5,ft,REG_TEXT_TRANSPORTATION_USED_CAR_SAUDI_ARABIA,0.9197402000427246,2
TabPFN-2.5,ft,REG_TEXT_TRANSPORTATION_USED_CAR_SAUDI_ARABIA,0.8931722044944763,3
TabPFN-2.5,ft,REG_TEXT_TRANSPORTATION_USED_CAR_SAUDI_ARABIA,0.8958913087844849,4
TabPFN-2.5,no_text,REG_TEXT_TRANSPORTATION_USED_CAR_SAUDI_ARABIA,0.8707329630851746,0
TabPFN-2.5,no_text,REG_TEXT_TRANSPORTATION_USED_CAR_SAUDI_ARABIA,0.8406261205673218,1
TabPFN-2.5,no_text,REG_TEXT_TRANSPORTATION_USED_CAR_SAUDI_ARABIA,0.9194268584251404,2
TabPFN-2.5,no_text,REG_TEXT_TRANSPORTATION_USED_CAR_SAUDI_ARABIA,0.853162944316864,3
TabPFN-2.5,no_text,REG_TEXT_TRANSPORTATION_USED_CAR_SAUDI_ARABIA,0.8848734498023987,4
TabPFN-2.5,text_only,REG_TEXT_TRANSPORTATION_USED_CAR_SAUDI_ARABIA,0.2096639275550842,0
TabPFN-2.5,text_only,REG_TEXT_TRANSPORTATION_USED_CAR_SAUDI_ARABIA,0.1633276343345642,1
TabPFN-2.5,text_only,REG_TEXT_TRANSPORTATION_USED_CAR_SAUDI_ARABIA,0.2186977863311767,2
TabPFN-2.5,text_only,REG_TEXT_TRANSPORTATION_USED_CAR_SAUDI_ARABIA,0.107520580291748,3
TabPFN-2.5,text_only,REG_TEXT_TRANSPORTATION_USED_CAR_SAUDI_ARABIA,0.1483865976333618,4
TabPFNv2,all,REG_TEXT_TRANSPORTATION_USED_CAR_SAUDI_ARABIA,0.8269719481468201,0
TabPFNv2,all,REG_TEXT_TRANSPORTATION_USED_CAR_SAUDI_ARABIA,0.8585774898529053,1
TabPFNv2,all,REG_TEXT_TRANSPORTATION_USED_CAR_SAUDI_ARABIA,0.9108314514160156,2
TabPFNv2,all,REG_TEXT_TRANSPORTATION_USED_CAR_SAUDI_ARABIA,0.8681093454360962,3
TabPFNv2,all,REG_TEXT_TRANSPORTATION_USED_CAR_SAUDI_ARABIA,0.881434977054596,4
TabPFNv2,ft,REG_TEXT_TRANSPORTATION_USED_CAR_SAUDI_ARABIA,0.8212857842445374,0
TabPFNv2,ft,REG_TEXT_TRANSPORTATION_USED_CAR_SAUDI_ARABIA,0.8591133952140808,1
TabPFNv2,ft,REG_TEXT_TRANSPORTATION_USED_CAR_SAUDI_ARABIA,0.8984535932540894,2
TabPFNv2,ft,REG_TEXT_TRANSPORTATION_USED_CAR_SAUDI_ARABIA,0.8492319583892822,3
TabPFNv2,ft,REG_TEXT_TRANSPORTATION_USED_CAR_SAUDI_ARABIA,0.8883153796195984,4
TabPFNv2,no_text,REG_TEXT_TRANSPORTATION_USED_CAR_SAUDI_ARABIA,0.8227657079696655,0
TabPFNv2,no_text,REG_TEXT_TRANSPORTATION_USED_CAR_SAUDI_ARABIA,0.8467675447463989,1
TabPFNv2,no_text,REG_TEXT_TRANSPORTATION_USED_CAR_SAUDI_ARABIA,0.9066202044487,2
TabPFNv2,no_text,REG_TEXT_TRANSPORTATION_USED_CAR_SAUDI_ARABIA,0.8403682708740234,3
TabPFNv2,no_text,REG_TEXT_TRANSPORTATION_USED_CAR_SAUDI_ARABIA,0.865359902381897,4
TabPFNv2,text_only,REG_TEXT_TRANSPORTATION_USED_CAR_SAUDI_ARABIA,0.1540431380271911,0
TabPFNv2,text_only,REG_TEXT_TRANSPORTATION_USED_CAR_SAUDI_ARABIA,0.1371728777885437,1
TabPFNv2,text_only,REG_TEXT_TRANSPORTATION_USED_CAR_SAUDI_ARABIA,0.1929054260253906,2
TabPFNv2,text_only,REG_TEXT_TRANSPORTATION_USED_CAR_SAUDI_ARABIA,0.1194847226142883,3
TabPFNv2,text_only,REG_TEXT_TRANSPORTATION_USED_CAR_SAUDI_ARABIA,0.1323617696762085,4
XGBoost,all,REG_TEXT_TRANSPORTATION_USED_CAR_SAUDI_ARABIA,0.8740483522415161,0
XGBoost,all,REG_TEXT_TRANSPORTATION_USED_CAR_SAUDI_ARABIA,0.904080092906952,1
XGBoost,all,REG_TEXT_TRANSPORTATION_USED_CAR_SAUDI_ARABIA,0.8847843408584595,2
XGBoost,all,REG_TEXT_TRANSPORTATION_USED_CAR_SAUDI_ARABIA,0.8070495128631592,3
XGBoost,all,REG_TEXT_TRANSPORTATION_USED_CAR_SAUDI_ARABIA,0.8840251564979553,4
XGBoost,ft,REG_TEXT_TRANSPORTATION_USED_CAR_SAUDI_ARABIA,0.8835846781730652,0
XGBoost,ft,REG_TEXT_TRANSPORTATION_USED_CAR_SAUDI_ARABIA,0.9252406358718872,1
XGBoost,ft,REG_TEXT_TRANSPORTATION_USED_CAR_SAUDI_ARABIA,0.8889142870903015,2
XGBoost,ft,REG_TEXT_TRANSPORTATION_USED_CAR_SAUDI_ARABIA,0.7904449105262756,3
XGBoost,ft,REG_TEXT_TRANSPORTATION_USED_CAR_SAUDI_ARABIA,0.8730474710464478,4
XGBoost,no_text,REG_TEXT_TRANSPORTATION_USED_CAR_SAUDI_ARABIA,0.8110039234161377,0
XGBoost,no_text,REG_TEXT_TRANSPORTATION_USED_CAR_SAUDI_ARABIA,0.7941513061523438,1
XGBoost,no_text,REG_TEXT_TRANSPORTATION_USED_CAR_SAUDI_ARABIA,0.8593602776527405,2
XGBoost,no_text,REG_TEXT_TRANSPORTATION_USED_CAR_SAUDI_ARABIA,0.8097707033157349,3
XGBoost,no_text,REG_TEXT_TRANSPORTATION_USED_CAR_SAUDI_ARABIA,0.8276705145835876,4
XGBoost,text_only,REG_TEXT_TRANSPORTATION_USED_CAR_SAUDI_ARABIA,0.2719471454620361,0
XGBoost,text_only,REG_TEXT_TRANSPORTATION_USED_CAR_SAUDI_ARABIA,0.1923444867134094,1
XGBoost,text_only,REG_TEXT_TRANSPORTATION_USED_CAR_SAUDI_ARABIA,0.2283063530921936,2
XGBoost,text_only,REG_TEXT_TRANSPORTATION_USED_CAR_SAUDI_ARABIA,0.0759189128875732,3
XGBoost,text_only,REG_TEXT_TRANSPORTATION_USED_CAR_SAUDI_ARABIA,0.1575677394866943,4
